/Users/edias/Library/Python/3.9/lib/python/site-packages/urllib3/__init__.py:35: NotOpenSSLWarning: urllib3 v2 only supports OpenSSL 1.1.1+, currently the 'ssl' module is compiled with 'LibreSSL 2.8.3'. See: https://github.com/urllib3/urllib3/issues/3020
  warnings.warn(
[2026-05-20 22:36:41,083] Mac/WARNING/locust.main: Python 3.9 support is deprecated and will be removed soon
Type     Name                                                                          # reqs      # fails |    Avg     Min     Max    Med |   req/s  failures/s
--------|----------------------------------------------------------------------------|-------|-------------|-------|-------|-------|-------|--------|-----------
--------|----------------------------------------------------------------------------|-------|-------------|-------|-------|-------|-------|--------|-----------
         Aggregated                                                                         0     0(0.00%) |      0       0       0      0 |    0.00        0.00

Type     Name                                                                          # reqs      # fails |    Avg     Min     Max    Med |   req/s  failures/s
--------|----------------------------------------------------------------------------|-------|-------------|-------|-------|-------|-------|--------|-----------
GET      /                                                                                  1     0(0.00%) |     13      13      13     13 |    0.00        0.00
GET      /cart                                                                              1     0(0.00%) |     16      16      16     16 |    0.00        0.00
POST     /cart [add]                                                                        4     0(0.00%) |     15      10      25     13 |    0.00        0.00
POST     /cart/checkout                                                                     1     0(0.00%) |     17      17      17     17 |    0.00        0.00
GET      /product/[id]                                                                     13     0(0.00%) |     16       8      38     13 |    0.00        0.00
POST     /setCurrency                                                                       2     0(0.00%) |     34      26      42     26 |    0.00        0.00
--------|----------------------------------------------------------------------------|-------|-------------|-------|-------|-------|-------|--------|-----------
         Aggregated                                                                        22     0(0.00%) |     17       8      42     14 |    0.00        0.00

Type     Name                                                                          # reqs      # fails |    Avg     Min     Max    Med |   req/s  failures/s
--------|----------------------------------------------------------------------------|-------|-------------|-------|-------|-------|-------|--------|-----------
GET      /                                                                                  3     0(0.00%) |    156      13     436     18 |    0.00        0.00
GET      /cart                                                                              8     0(0.00%) |    146       9     696     14 |    0.00        0.00
POST     /cart [add]                                                                        5     0(0.00%) |     16      10      25     15 |    1.00        0.00
POST     /cart/checkout                                                                     2     0(0.00%) |     17      17      17     17 |    0.00        0.00
GET      /product/[id]                                                                     28     0(0.00%) |     31       8     428     13 |    6.00        0.00
POST     /setCurrency                                                                       4     0(0.00%) |    174      14     613     26 |    2.00        0.00
--------|----------------------------------------------------------------------------|-------|-------------|-------|-------|-------|-------|--------|-----------
         Aggregated                                                                        50     0(0.00%) |     67       8     696     15 |    9.00        0.00

Type     Name                                                                          # reqs      # fails |    Avg     Min     Max    Med |   req/s  failures/s
--------|----------------------------------------------------------------------------|-------|-------------|-------|-------|-------|-------|--------|-----------
GET      /                                                                                  5     0(0.00%) |    203      11     536     18 |    0.75        0.00
GET      /cart                                                                             17     0(0.00%) |    120       7     798     13 |    2.00        0.00
POST     /cart [add]                                                                       19     0(0.00%) |     63       9     689     13 |    1.25        0.00
POST     /cart/checkout                                                                     7     0(0.00%) |     14      10      17     17 |    0.50        0.00
GET      /product/[id]                                                                     76     0(0.00%) |     61       6     731     11 |    7.00        0.00
POST     /setCurrency                                                                       6     0(0.00%) |    121      13     613     19 |    1.00        0.00
--------|----------------------------------------------------------------------------|-------|-------------|-------|-------|-------|-------|--------|-----------
         Aggregated                                                                       130     0(0.00%) |     75       6     798     12 |   12.50        0.00

Type     Name                                                                          # reqs      # fails |    Avg     Min     Max    Med |   req/s  failures/s
--------|----------------------------------------------------------------------------|-------|-------------|-------|-------|-------|-------|--------|-----------
GET      /                                                                                  8     0(0.00%) |    132      11     536     15 |    0.80        0.00
GET      /cart                                                                             28     0(0.00%) |     78       7     798     10 |    2.00        0.00
POST     /cart [add]                                                                       42     0(0.00%) |     36       9     689     12 |    2.00        0.00
POST     /cart/checkout                                                                    15     0(0.00%) |     19       8      84     15 |    0.60        0.00
GET      /product/[id]                                                                    126     0(0.00%) |     44       5     731     10 |    9.20        0.00
POST     /setCurrency                                                                      12     0(0.00%) |     73      12     613     16 |    0.80        0.00
--------|----------------------------------------------------------------------------|-------|-------------|-------|-------|-------|-------|--------|-----------
         Aggregated                                                                       231     0(0.00%) |     49       5     798     12 |   15.40        0.00

Type     Name                                                                          # reqs      # fails |    Avg     Min     Max    Med |   req/s  failures/s
--------|----------------------------------------------------------------------------|-------|-------------|-------|-------|-------|-------|--------|-----------
GET      /                                                                                 13     0(0.00%) |    183      11     560     17 |    1.00        0.00
GET      /cart                                                                             35     0(0.00%) |     78       6     798     10 |    3.50        0.00
POST     /cart [add]                                                                       51     0(0.00%) |     68       7     698     12 |    5.25        0.00
POST     /cart/checkout                                                                    17     0(0.00%) |     18       8      84     15 |    1.88        0.00
GET      /product/[id]                                                                    166     0(0.00%) |     99       5     731     11 |   15.75        0.00
POST     /setCurrency                                                                      24     0(0.00%) |    181      11     661     18 |    1.50        0.00
--------|----------------------------------------------------------------------------|-------|-------------|-------|-------|-------|-------|--------|-----------
         Aggregated                                                                       306     0(0.00%) |     97       5     798     12 |   28.88        0.00

Type     Name                                                                          # reqs      # fails |    Avg     Min     Max    Med |   req/s  failures/s
--------|----------------------------------------------------------------------------|-------|-------------|-------|-------|-------|-------|--------|-----------
GET      /                                                                                 19     0(0.00%) |    129      10     560     15 |    1.20        0.00
GET      /cart                                                                             57     0(0.00%) |     51       6     798      9 |    3.40        0.00
POST     /cart [add]                                                                       89     0(0.00%) |     44       7     698     11 |    4.80        0.00
POST     /cart/checkout                                                                    30     0(0.00%) |     15       8      84     13 |    1.70        0.00
GET      /product/[id]                                                                    246     0(0.00%) |     69       4     731      9 |   16.20        0.00
POST     /setCurrency                                                                      41     0(0.00%) |    111      10     661     15 |    2.30        0.00
--------|----------------------------------------------------------------------------|-------|-------------|-------|-------|-------|-------|--------|-----------
         Aggregated                                                                       482     0(0.00%) |     65       4     798     11 |   29.60        0.00

Type     Name                                                                          # reqs      # fails |    Avg     Min     Max    Med |   req/s  failures/s
--------|----------------------------------------------------------------------------|-------|-------------|-------|-------|-------|-------|--------|-----------
GET      /                                                                                 26     0(0.00%) |     97       9     560     13 |    1.80        0.00
GET      /cart                                                                             77     0(0.00%) |     40       5     798      9 |    5.50        0.00
POST     /cart [add]                                                                      140     0(0.00%) |     32       6     698     11 |    8.30        0.00
POST     /cart/checkout                                                                    49     0(0.00%) |     13       8      84     12 |    2.70        0.00
GET      /product/[id]                                                                    334     0(0.00%) |     53       4     731      8 |   22.90        0.00
POST     /setCurrency                                                                      63     0(0.00%) |     77       9     661     14 |    3.80        0.00
--------|----------------------------------------------------------------------------|-------|-------------|-------|-------|-------|-------|--------|-----------
         Aggregated                                                                       689     0(0.00%) |     48       4     798     10 |   45.00        0.00

Type     Name                                                                          # reqs      # fails |    Avg     Min     Max    Med |   req/s  failures/s
--------|----------------------------------------------------------------------------|-------|-------------|-------|-------|-------|-------|--------|-----------
GET      /                                                                                 33     0(0.00%) |     79       9     560     13 |    2.30        0.00
GET      /cart                                                                            108     0(0.00%) |     31       5     798      8 |    6.60        0.00
POST     /cart [add]                                                                      177     0(0.00%) |     28       6     698     11 |   13.30        0.00
POST     /cart/checkout                                                                    61     0(0.00%) |     13       8      84     12 |    4.50        0.00
GET      /product/[id]                                                                    452     0(0.00%) |     42       4     731      8 |   30.20        0.00
POST     /setCurrency                                                                      83     0(0.00%) |     61       9     661     13 |    5.90        0.00
--------|----------------------------------------------------------------------------|-------|-------------|-------|-------|-------|-------|--------|-----------
         Aggregated                                                                       914     0(0.00%) |     39       4     798     10 |   62.80        0.00

Type     Name                                                                          # reqs      # fails |    Avg     Min     Max    Med |   req/s  failures/s
--------|----------------------------------------------------------------------------|-------|-------------|-------|-------|-------|-------|--------|-----------
GET      /                                                                                 42     0(0.00%) |     65       9     560     12 |    2.80        0.00
GET      /cart                                                                            145     0(0.00%) |     26       5     798      8 |    8.90        0.00
POST     /cart [add]                                                                      219     0(0.00%) |     25       6     698     11 |   15.70        0.00
POST     /cart/checkout                                                                    82     0(0.00%) |     14       8      84     12 |    5.30        0.00
GET      /product/[id]                                                                    575     0(0.00%) |     35       4     731      8 |   37.30        0.00
POST     /setCurrency                                                                     111     0(0.00%) |     49       9     661     13 |    7.50        0.00
--------|----------------------------------------------------------------------------|-------|-------------|-------|-------|-------|-------|--------|-----------
         Aggregated                                                                      1174     0(0.00%) |     33       4     798     10 |   77.50        0.00

Type     Name                                                                          # reqs      # fails |    Avg     Min     Max    Med |   req/s  failures/s
--------|----------------------------------------------------------------------------|-------|-------------|-------|-------|-------|-------|--------|-----------
GET      /                                                                                 49     0(0.00%) |     57       9     560     12 |    3.30        0.00
GET      /cart                                                                            185     0(0.00%) |     27       5     798      9 |   11.40        0.00
POST     /cart [add]                                                                      261     0(0.00%) |     27       6     698     11 |   17.60        0.00
POST     /cart/checkout                                                                    98     0(0.00%) |     21       8     168     12 |    6.70        0.00
GET      /product/[id]                                                                    704     0(0.00%) |     35       4     731      9 |   44.40        0.00
POST     /setCurrency                                                                     143     0(0.00%) |     42       9     661     13 |    9.60        0.00
--------|----------------------------------------------------------------------------|-------|-------------|-------|-------|-------|-------|--------|-----------
         Aggregated                                                                      1440     0(0.00%) |     33       4     798     10 |   93.00        0.00

Type     Name                                                                          # reqs      # fails |    Avg     Min     Max    Med |   req/s  failures/s
--------|----------------------------------------------------------------------------|-------|-------------|-------|-------|-------|-------|--------|-----------
GET      /                                                                                 60     0(0.00%) |     49       9     560     12 |    3.60        0.00
GET      /cart                                                                            224     0(0.00%) |     32       5     798      9 |   14.90        0.00
POST     /cart [add]                                                                      306     0(0.00%) |     33       6     698     12 |   21.20        0.00
POST     /cart/checkout                                                                   122     0(0.00%) |     30       8     201     13 |    8.10        0.00
GET      /product/[id]                                                                    840     0(0.00%) |     39       4     731      9 |   53.40        0.00
POST     /setCurrency                                                                     160     0(0.00%) |     39       9     661     13 |   11.90        0.00
--------|----------------------------------------------------------------------------|-------|-------------|-------|-------|-------|-------|--------|-----------
         Aggregated                                                                      1712     0(0.00%) |     37       4     798     11 |  113.10        0.00

Type     Name                                                                          # reqs      # fails |    Avg     Min     Max    Med |   req/s  failures/s
--------|----------------------------------------------------------------------------|-------|-------------|-------|-------|-------|-------|--------|-----------
GET      /                                                                                 69     0(0.00%) |     44       7     560     12 |    3.70        0.00
GET      /cart                                                                            267     0(0.00%) |     41       5     798     10 |   16.50        0.00
POST     /cart [add]                                                                      357     0(0.00%) |     40       6     698     13 |   21.80        0.00
POST     /cart/checkout                                                                   140     0(0.00%) |     36       8     201     14 |    9.20        0.00
GET      /product/[id]                                                                    962     0(0.00%) |     46       4     731     11 |   59.00        0.00
POST     /setCurrency                                                                     183     0(0.00%) |     36       9     661     13 |   11.90        0.00
--------|----------------------------------------------------------------------------|-------|-------------|-------|-------|-------|-------|--------|-----------
         Aggregated                                                                      1978     0(0.00%) |     42       4     798     12 |  122.10        0.00

Type     Name                                                                          # reqs      # fails |    Avg     Min     Max    Med |   req/s  failures/s
--------|----------------------------------------------------------------------------|-------|-------------|-------|-------|-------|-------|--------|-----------
GET      /                                                                                 78     0(0.00%) |     40       7     560     12 |    4.30        0.00
GET      /cart                                                                            297     0(0.00%) |     48       5     798     13 |   19.00        0.00
POST     /cart [add]                                                                      398     0(0.00%) |     48       6     698     14 |   21.70        0.00
POST     /cart/checkout                                                                   154     0(0.00%) |     44       8     201     16 |    9.30        0.00
GET      /product/[id]                                                                   1111     0(0.00%) |     55       4     731     14 |   62.30        0.00
POST     /setCurrency                                                                     208     0(0.00%) |     33       9     661     13 |   11.90        0.00
--------|----------------------------------------------------------------------------|-------|-------------|-------|-------|-------|-------|--------|-----------
         Aggregated                                                                      2246     0(0.00%) |     49       4     798     14 |  128.50        0.00

Type     Name                                                                          # reqs      # fails |    Avg     Min     Max    Med |   req/s  failures/s
--------|----------------------------------------------------------------------------|-------|-------------|-------|-------|-------|-------|--------|-----------
GET      /                                                                                 92     0(0.00%) |     36       7     560     12 |    4.40        0.00
GET      /cart                                                                            335     0(0.00%) |     56       5     798     17 |   19.10        0.00
POST     /cart [add]                                                                      445     0(0.00%) |     55       6     698     18 |   22.00        0.00
POST     /cart/checkout                                                                   174     0(0.00%) |     55       8     201     17 |    9.30        0.00
GET      /product/[id]                                                                   1249     0(0.00%) |     62       4     731     24 |   65.10        0.00
POST     /setCurrency                                                                     232     0(0.00%) |     37       9     661     13 |   12.40        0.00
--------|----------------------------------------------------------------------------|-------|-------------|-------|-------|-------|-------|--------|-----------
         Aggregated                                                                      2527     0(0.00%) |     56       4     798     15 |  132.30        0.00

Type     Name                                                                          # reqs      # fails |    Avg     Min     Max    Med |   req/s  failures/s
--------|----------------------------------------------------------------------------|-------|-------------|-------|-------|-------|-------|--------|-----------
GET      /                                                                                 98     0(0.00%) |     35       7     560     12 |    5.00        0.00
GET      /cart                                                                            359     0(0.00%) |     66       5     798     27 |   19.00        0.00
POST     /cart [add]                                                                      480     0(0.00%) |     66       6     698     24 |   22.60        0.00
POST     /cart/checkout                                                                   183     0(0.00%) |     63       8     288     22 |    8.90        0.00
GET      /product/[id]                                                                   1387     0(0.00%) |     75       4     731     38 |   67.00        0.00
POST     /setCurrency                                                                     266     0(0.00%) |     37       8     661     14 |   12.40        0.00
--------|----------------------------------------------------------------------------|-------|-------------|-------|-------|-------|-------|--------|-----------
         Aggregated                                                                      2773     0(0.00%) |     66       4     798     19 |  134.90        0.00

Type     Name                                                                          # reqs      # fails |    Avg     Min     Max    Med |   req/s  failures/s
--------|----------------------------------------------------------------------------|-------|-------------|-------|-------|-------|-------|--------|-----------
GET      /                                                                                109     0(0.00%) |     44       7     699     12 |    5.00        0.00
GET      /cart                                                                            393     0(0.00%) |     81       5     798     44 |   17.60        0.00
POST     /cart [add]                                                                      514     0(0.00%) |     88       6     981     33 |   22.00        0.00
POST     /cart/checkout                                                                   192     0(0.00%) |     79       8     907     26 |    8.50        0.00
GET      /product/[id]                                                                   1483     0(0.00%) |     91       4     781     48 |   68.20        0.00
POST     /setCurrency                                                                     292     0(0.00%) |     44       8     661     14 |   12.20        0.00
--------|----------------------------------------------------------------------------|-------|-------------|-------|-------|-------|-------|--------|-----------
         Aggregated                                                                      2983     0(0.00%) |     82       4     981     25 |  133.50        0.00

Type     Name                                                                          # reqs      # fails |    Avg     Min     Max    Med |   req/s  failures/s
--------|----------------------------------------------------------------------------|-------|-------------|-------|-------|-------|-------|--------|-----------
GET      /                                                                                111     0(0.00%) |     43       7     699     12 |    5.10        0.00
GET      /cart                                                                            414     0(0.00%) |     90       5     798     54 |   17.80        0.00
POST     /cart [add]                                                                      544     0(0.00%) |     97       6     981     41 |   20.70        0.00
POST     /cart/checkout                                                                   203     0(0.00%) |     87       8     907     35 |    7.60        0.00
GET      /product/[id]                                                                   1570     0(0.00%) |     99       4     781     57 |   65.50        0.00
POST     /setCurrency                                                                     300     0(0.00%) |     44       8     661     14 |   12.20        0.00
--------|----------------------------------------------------------------------------|-------|-------------|-------|-------|-------|-------|--------|-----------
         Aggregated                                                                      3142     0(0.00%) |     90       4     981     32 |  128.90        0.00

Type     Name                                                                          # reqs      # fails |    Avg     Min     Max    Med |   req/s  failures/s
--------|----------------------------------------------------------------------------|-------|-------------|-------|-------|-------|-------|--------|-----------
GET      /                                                                                124     0(0.00%) |     78       7    1041     12 |    4.70        0.00
GET      /cart                                                                            434     0(0.00%) |    109       5    1038     60 |   16.60        0.00
POST     /cart [add]                                                                      577     0(0.00%) |    117       6    1322     57 |   19.90        0.00
POST     /cart/checkout                                                                   220     0(0.00%) |    129       8    1697     72 |    7.20        0.00
GET      /product/[id]                                                                   1684     0(0.00%) |    129       4    1468     71 |   65.20        0.00
POST     /setCurrency                                                                     318     0(0.00%) |     53       8    1004     14 |   12.50        0.00
--------|----------------------------------------------------------------------------|-------|-------------|-------|-------|-------|-------|--------|-----------
         Aggregated                                                                      3357     0(0.00%) |    115       4    1697     44 |  126.10        0.00

Type     Name                                                                          # reqs      # fails |    Avg     Min     Max    Med |   req/s  failures/s
--------|----------------------------------------------------------------------------|-------|-------------|-------|-------|-------|-------|--------|-----------
GET      /                                                                                129     0(0.00%) |     88       7    1041     13 |    4.70        0.00
GET      /cart                                                                            461     0(0.00%) |    127       5    1101     66 |   13.70        0.00
POST     /cart [add]                                                                      598     0(0.00%) |    127       6    1322     62 |   18.10        0.00
POST     /cart/checkout                                                                   231     0(0.00%) |    160       8    1697     89 |    6.70        0.00
GET      /product/[id]                                                                   1793     0(0.00%) |    154       4    1468     85 |   58.80        0.00
POST     /setCurrency                                                                     345     0(0.00%) |     79       8    1004     14 |   11.30        0.00
--------|----------------------------------------------------------------------------|-------|-------------|-------|-------|-------|-------|--------|-----------
         Aggregated                                                                      3557     0(0.00%) |    137       4    1697     54 |  113.30        0.00

Type     Name                                                                          # reqs      # fails |    Avg     Min     Max    Med |   req/s  failures/s
--------|----------------------------------------------------------------------------|-------|-------------|-------|-------|-------|-------|--------|-----------
GET      /                                                                                140     0(0.00%) |     83       7    1041     13 |    3.80        0.00
GET      /cart                                                                            493     0(0.00%) |    140       5    1101     81 |   12.80        0.00
POST     /cart [add]                                                                      650     0(0.00%) |    145       6    1322     78 |   15.10        0.00
POST     /cart/checkout                                                                   244     0(0.00%) |    170       8    1697     95 |    6.00        0.00
GET      /product/[id]                                                                   1930     0(0.00%) |    166       4    1468    100 |   55.10        0.00
POST     /setCurrency                                                                     370     0(0.00%) |     75       8    1004     14 |   11.30        0.00
--------|----------------------------------------------------------------------------|-------|-------------|-------|-------|-------|-------|--------|-----------
         Aggregated                                                                      3827     0(0.00%) |    148       4    1697     64 |  104.10        0.00

Type     Name                                                                          # reqs      # fails |    Avg     Min     Max    Med |   req/s  failures/s
--------|----------------------------------------------------------------------------|-------|-------------|-------|-------|-------|-------|--------|-----------
GET      /                                                                                150     0(0.00%) |     78       7    1041     13 |    4.20        0.00
GET      /cart                                                                            516     0(0.00%) |    148       5    1101     89 |   13.30        0.00
POST     /cart [add]                                                                      706     0(0.00%) |    159       6    1322     93 |   16.70        0.00
POST     /cart/checkout                                                                   270     0(0.00%) |    187       8    1697     98 |    5.80        0.00
GET      /product/[id]                                                                   2059     0(0.00%) |    176       4    1468    110 |   54.40        0.00
POST     /setCurrency                                                                     395     0(0.00%) |     71       8    1004     14 |   10.20        0.00
--------|----------------------------------------------------------------------------|-------|-------------|-------|-------|-------|-------|--------|-----------
         Aggregated                                                                      4096     0(0.00%) |    157       4    1697     79 |  104.60        0.00

Type     Name                                                                          # reqs      # fails |    Avg     Min     Max    Med |   req/s  failures/s
--------|----------------------------------------------------------------------------|-------|-------------|-------|-------|-------|-------|--------|-----------
GET      /                                                                                158     0(0.00%) |     75       7    1041     13 |    4.10        0.00
GET      /cart                                                                            552     0(0.00%) |    162       5    1101    110 |   12.20        0.00
POST     /cart [add]                                                                      743     0(0.00%) |    169       6    1322    110 |   19.60        0.00
POST     /cart/checkout                                                                   288     0(0.00%) |    199       8    1697    100 |    7.70        0.00
GET      /product/[id]                                                                   2210     0(0.00%) |    187       4    1468    130 |   57.90        0.00
POST     /setCurrency                                                                     429     0(0.00%) |     67       8    1004     14 |   10.40        0.00
--------|----------------------------------------------------------------------------|-------|-------------|-------|-------|-------|-------|--------|-----------
         Aggregated                                                                      4380     0(0.00%) |    166       4    1697     92 |  111.90        0.00

Type     Name                                                                          # reqs      # fails |    Avg     Min     Max    Med |   req/s  failures/s
--------|----------------------------------------------------------------------------|-------|-------------|-------|-------|-------|-------|--------|-----------
GET      /                                                                                166     0(0.00%) |     73       7    1041     13 |    4.70        0.00
GET      /cart                                                                            580     0(0.00%) |    175       5    1101    120 |   13.30        0.00
POST     /cart [add]                                                                      783     0(0.00%) |    184       6    1322    120 |   19.60        0.00
POST     /cart/checkout                                                                   307     0(0.00%) |    213       8    1697    120 |    8.40        0.00
GET      /product/[id]                                                                   2360     0(0.00%) |    203       4    1468    150 |   63.30        0.00
POST     /setCurrency                                                                     449     0(0.00%) |     66       8    1004     14 |   12.80        0.00
--------|----------------------------------------------------------------------------|-------|-------------|-------|-------|-------|-------|--------|-----------
         Aggregated                                                                      4645     0(0.00%) |    179       4    1697    100 |  122.10        0.00

Type     Name                                                                          # reqs      # fails |    Avg     Min     Max    Med |   req/s  failures/s
--------|----------------------------------------------------------------------------|-------|-------------|-------|-------|-------|-------|--------|-----------
GET      /                                                                                177     0(0.00%) |     69       7    1041     13 |    4.20        0.00
GET      /cart                                                                            615     0(0.00%) |    186       5    1101    140 |   14.40        0.00
POST     /cart [add]                                                                      824     0(0.00%) |    194       6    1322    140 |   20.50        0.00
POST     /cart/checkout                                                                   325     0(0.00%) |    223       8    1697    170 |    8.50        0.00
GET      /product/[id]                                                                   2521     0(0.00%) |    214       4    1468    180 |   66.60        0.00
POST     /setCurrency                                                                     491     0(0.00%) |     62       8    1004     14 |   13.00        0.00
--------|----------------------------------------------------------------------------|-------|-------------|-------|-------|-------|-------|--------|-----------
         Aggregated                                                                      4953     0(0.00%) |    187       4    1697    120 |  127.20        0.00

Type     Name                                                                          # reqs      # fails |    Avg     Min     Max    Med |   req/s  failures/s
--------|----------------------------------------------------------------------------|-------|-------------|-------|-------|-------|-------|--------|-----------
GET      /                                                                                188     0(0.00%) |     67       7    1041     13 |    4.70        0.00
GET      /cart                                                                            652     0(0.00%) |    203       5    1101    160 |   15.40        0.00
POST     /cart [add]                                                                      870     0(0.00%) |    210       6    1322    150 |   22.80        0.00
POST     /cart/checkout                                                                   339     0(0.00%) |    235       8    1697    170 |    9.30        0.00
GET      /product/[id]                                                                   2645     0(0.00%) |    227       4    1468    200 |   71.80        0.00
POST     /setCurrency                                                                     508     0(0.00%) |     60       8    1004     14 |   14.10        0.00
--------|----------------------------------------------------------------------------|-------|-------------|-------|-------|-------|-------|--------|-----------
         Aggregated                                                                      5202     0(0.00%) |    199       4    1697    130 |  138.10        0.00

Type     Name                                                                          # reqs      # fails |    Avg     Min     Max    Med |   req/s  failures/s
--------|----------------------------------------------------------------------------|-------|-------------|-------|-------|-------|-------|--------|-----------
GET      /                                                                                198     0(0.00%) |     74       7    1041     13 |    4.80        0.00
GET      /cart                                                                            676     0(0.00%) |    216       5    1101    180 |   15.80        0.00
POST     /cart [add]                                                                      892     0(0.00%) |    218       6    1322    170 |   22.10        0.00
POST     /cart/checkout                                                                   347     0(0.00%) |    246       8    1697    190 |    9.50        0.00
GET      /product/[id]                                                                   2777     0(0.00%) |    248       4    1468    220 |   71.70        0.00
POST     /setCurrency                                                                     536     0(0.00%) |     68       8    1004     14 |   13.80        0.00
--------|----------------------------------------------------------------------------|-------|-------------|-------|-------|-------|-------|--------|-----------
         Aggregated                                                                      5426     0(0.00%) |    215       4    1697    140 |  137.70        0.00

Type     Name                                                                          # reqs      # fails |    Avg     Min     Max    Med |   req/s  failures/s
--------|----------------------------------------------------------------------------|-------|-------------|-------|-------|-------|-------|--------|-----------
GET      /                                                                                206     0(0.00%) |     71       7    1041     13 |    4.70        0.00
GET      /cart                                                                            723     0(0.00%) |    233       5    1101    210 |   16.20        0.00
POST     /cart [add]                                                                      930     0(0.00%) |    236       6    1628    200 |   18.50        0.00
POST     /cart/checkout                                                                   362     0(0.00%) |    265       8    1697    200 |    7.60        0.00
GET      /product/[id]                                                                   2913     0(0.00%) |    261       4    1468    230 |   70.20        0.00
POST     /setCurrency                                                                     572     0(0.00%) |     64       8    1004     14 |   14.00        0.00
--------|----------------------------------------------------------------------------|-------|-------------|-------|-------|-------|-------|--------|-----------
         Aggregated                                                                      5706     0(0.00%) |    227       4    1697    160 |  131.20        0.00

Type     Name                                                                          # reqs      # fails |    Avg     Min     Max    Med |   req/s  failures/s
--------|----------------------------------------------------------------------------|-------|-------------|-------|-------|-------|-------|--------|-----------
GET      /                                                                                215     0(0.00%) |     69       7    1041     13 |    4.70        0.00
GET      /cart                                                                            758     0(0.00%) |    250       5    1101    230 |   17.20        0.00
POST     /cart [add]                                                                      972     0(0.00%) |    252       6    1628    220 |   18.80        0.00
POST     /cart/checkout                                                                   374     0(0.00%) |    276       8    1697    200 |    7.30        0.00
GET      /product/[id]                                                                   3050     0(0.00%) |    276       4    1468    250 |   69.40        0.00
POST     /setCurrency                                                                     592     0(0.00%) |     63       8    1004     14 |   14.20        0.00
--------|----------------------------------------------------------------------------|-------|-------------|-------|-------|-------|-------|--------|-----------
         Aggregated                                                                      5961     0(0.00%) |    240       4    1697    180 |  131.60        0.00

Type     Name                                                                          # reqs      # fails |    Avg     Min     Max    Med |   req/s  failures/s
--------|----------------------------------------------------------------------------|-------|-------------|-------|-------|-------|-------|--------|-----------
GET      /                                                                                223     0(0.00%) |     75       7    1041     13 |    4.70        0.00
GET      /cart                                                                            788     0(0.00%) |    265       5    1101    240 |   18.00        0.00
POST     /cart [add]                                                                      997     0(0.00%) |    263       6    1628    230 |   18.80        0.00
POST     /cart/checkout                                                                   383     0(0.00%) |    284       8    1697    210 |    6.80        0.00
GET      /product/[id]                                                                   3183     0(0.00%) |    293       4    1468    270 |   68.40        0.00
POST     /setCurrency                                                                     621     0(0.00%) |     73       8    1004     14 |   14.10        0.00
--------|----------------------------------------------------------------------------|-------|-------------|-------|-------|-------|-------|--------|-----------
         Aggregated                                                                      6195     0(0.00%) |    254       4    1697    200 |  130.80        0.00

Type     Name                                                                          # reqs      # fails |    Avg     Min     Max    Med |   req/s  failures/s
--------|----------------------------------------------------------------------------|-------|-------------|-------|-------|-------|-------|--------|-----------
GET      /                                                                                230     0(0.00%) |     74       7    1041     13 |    4.70        0.00
GET      /cart                                                                            813     0(0.00%) |    275       5    1101    250 |   17.40        0.00
POST     /cart [add]                                                                     1048     0(0.00%) |    286       6    1628    260 |   17.10        0.00
POST     /cart/checkout                                                                   405     0(0.00%) |    316       8    1697    290 |    5.90        0.00
GET      /product/[id]                                                                   3321     0(0.00%) |    306       4    1468    280 |   65.70        0.00
POST     /setCurrency                                                                     659     0(0.00%) |     71       8    1004     14 |   13.40        0.00
--------|----------------------------------------------------------------------------|-------|-------------|-------|-------|-------|-------|--------|-----------
         Aggregated                                                                      6476     0(0.00%) |    267       4    1697    220 |  124.20        0.00

Type     Name                                                                          # reqs      # fails |    Avg     Min     Max    Med |   req/s  failures/s
--------|----------------------------------------------------------------------------|-------|-------------|-------|-------|-------|-------|--------|-----------
GET      /                                                                                241     0(0.00%) |     71       7    1041     13 |    4.20        0.00
GET      /cart                                                                            848     0(0.00%) |    288       5    1101    270 |   16.10        0.00
POST     /cart [add]                                                                     1095     0(0.00%) |    300       6    1628    270 |   17.60        0.00
POST     /cart/checkout                                                                   425     0(0.00%) |    332       8    1697    290 |    6.40        0.00
GET      /product/[id]                                                                   3463     0(0.00%) |    319       4    1468    300 |   67.00        0.00
POST     /setCurrency                                                                     691     0(0.00%) |     68       8    1004     14 |   15.30        0.00
--------|----------------------------------------------------------------------------|-------|-------------|-------|-------|-------|-------|--------|-----------
         Aggregated                                                                      6763     0(0.00%) |    279       4    1697    230 |  126.60        0.00

Type     Name                                                                          # reqs      # fails |    Avg     Min     Max    Med |   req/s  failures/s
--------|----------------------------------------------------------------------------|-------|-------------|-------|-------|-------|-------|--------|-----------
GET      /                                                                                254     0(0.00%) |     69       7    1041     13 |    4.30        0.00
GET      /cart                                                                            877     0(0.00%) |    301       5    1101    290 |   17.10        0.00
POST     /cart [add]                                                                     1142     0(0.00%) |    315       6    1628    290 |   20.10        0.00
POST     /cart/checkout                                                                   443     0(0.00%) |    345       8    1697    300 |    7.90        0.00
GET      /product/[id]                                                                   3609     0(0.00%) |    333       4    1468    310 |   69.10        0.00
POST     /setCurrency                                                                     721     0(0.00%) |     66       8    1004     14 |   15.30        0.00
--------|----------------------------------------------------------------------------|-------|-------------|-------|-------|-------|-------|--------|-----------
         Aggregated                                                                      7046     0(0.00%) |    290       4    1697    250 |  133.80        0.00

Type     Name                                                                          # reqs      # fails |    Avg     Min     Max    Med |   req/s  failures/s
--------|----------------------------------------------------------------------------|-------|-------------|-------|-------|-------|-------|--------|-----------
GET      /                                                                                268     0(0.00%) |     66       7    1041     13 |    4.70        0.00
GET      /cart                                                                            905     0(0.00%) |    312       5    1101    300 |   15.60        0.00
POST     /cart [add]                                                                     1177     0(0.00%) |    326       6    1628    310 |   20.80        0.00
POST     /cart/checkout                                                                   457     0(0.00%) |    356       8    1697    300 |    8.10        0.00
GET      /product/[id]                                                                   3774     0(0.00%) |    348       4    1468    330 |   70.20        0.00
POST     /setCurrency                                                                     762     0(0.00%) |     63       8    1004     14 |   14.90        0.00
--------|----------------------------------------------------------------------------|-------|-------------|-------|-------|-------|-------|--------|-----------
         Aggregated                                                                      7343     0(0.00%) |    301       4    1697    260 |  134.30        0.00

Type     Name                                                                          # reqs      # fails |    Avg     Min     Max    Med |   req/s  failures/s
--------|----------------------------------------------------------------------------|-------|-------------|-------|-------|-------|-------|--------|-----------
GET      /                                                                                275     0(0.00%) |     64       7    1041     13 |    5.20        0.00
GET      /cart                                                                            927     0(0.00%) |    322       5    1101    310 |   14.50        0.00
POST     /cart [add]                                                                     1227     0(0.00%) |    342       6    1628    320 |   20.30        0.00
POST     /cart/checkout                                                                   471     0(0.00%) |    368       8    1697    300 |    8.20        0.00
GET      /product/[id]                                                                   3929     0(0.00%) |    363       4    1468    350 |   72.60        0.00
POST     /setCurrency                                                                     794     0(0.00%) |     61       8    1004     14 |   17.00        0.00
--------|----------------------------------------------------------------------------|-------|-------------|-------|-------|-------|-------|--------|-----------
         Aggregated                                                                      7623     0(0.00%) |    313       4    1697    280 |  137.80        0.00

Type     Name                                                                          # reqs      # fails |    Avg     Min     Max    Med |   req/s  failures/s
--------|----------------------------------------------------------------------------|-------|-------------|-------|-------|-------|-------|--------|-----------
GET      /                                                                                291     0(0.00%) |     62       7    1041     13 |    5.10        0.00
GET      /cart                                                                            960     0(0.00%) |    338       5    1101    330 |   13.80        0.00
POST     /cart [add]                                                                     1271     0(0.00%) |    358       6    1628    340 |   22.90        0.00
POST     /cart/checkout                                                                   483     0(0.00%) |    379       8    1697    310 |    8.70        0.00
GET      /product/[id]                                                                   4071     0(0.00%) |    378       4    1468    360 |   74.80        0.00
POST     /setCurrency                                                                     825     0(0.00%) |     60       8    1004     14 |   17.10        0.00
--------|----------------------------------------------------------------------------|-------|-------------|-------|-------|-------|-------|--------|-----------
         Aggregated                                                                      7901     0(0.00%) |    325       4    1697    290 |  142.40        0.00

Type     Name                                                                          # reqs      # fails |    Avg     Min     Max    Med |   req/s  failures/s
--------|----------------------------------------------------------------------------|-------|-------------|-------|-------|-------|-------|--------|-----------
GET      /                                                                                305     0(0.00%) |     60       7    1041     13 |    6.00        0.00
GET      /cart                                                                            991     0(0.00%) |    352       5    1101    340 |   14.40        0.00
POST     /cart [add]                                                                     1316     0(0.00%) |    372       6    1628    350 |   22.00        0.00
POST     /cart/checkout                                                                   497     0(0.00%) |    390       8    1697    380 |    8.30        0.00
GET      /product/[id]                                                                   4218     0(0.00%) |    392       4    1468    370 |   74.90        0.00
POST     /setCurrency                                                                     845     0(0.00%) |     59       8    1004     14 |   16.60        0.00
--------|----------------------------------------------------------------------------|-------|-------------|-------|-------|-------|-------|--------|-----------
         Aggregated                                                                      8172     0(0.00%) |    337       4    1697    300 |  142.20        0.00

Type     Name                                                                          # reqs      # fails |    Avg     Min     Max    Med |   req/s  failures/s
--------|----------------------------------------------------------------------------|-------|-------------|-------|-------|-------|-------|--------|-----------
GET      /                                                                                309     0(0.00%) |     59       7    1041     13 |    6.60        0.00
GET      /cart                                                                           1019     0(0.00%) |    369       5    1101    350 |   14.10        0.00
POST     /cart [add]                                                                     1354     0(0.00%) |    389       6    1628    360 |   22.30        0.00
POST     /cart/checkout                                                                   511     0(0.00%) |    406       8    1697    390 |    7.20        0.00
GET      /product/[id]                                                                   4354     0(0.00%) |    409       4    1468    390 |   76.10        0.00
POST     /setCurrency                                                                     859     0(0.00%) |     58       8    1004     14 |   15.60        0.00
--------|----------------------------------------------------------------------------|-------|-------------|-------|-------|-------|-------|--------|-----------
         Aggregated                                                                      8406     0(0.00%) |    352       4    1697    310 |  141.90        0.00

Type     Name                                                                          # reqs      # fails |    Avg     Min     Max    Med |   req/s  failures/s
--------|----------------------------------------------------------------------------|-------|-------------|-------|-------|-------|-------|--------|-----------
GET      /                                                                                325     3(0.92%) |     66       7    1041     13 |    5.70        0.00
GET      /cart                                                                           1054     1(0.09%) |    387       5    1247    360 |   14.40        0.00
POST     /cart [add]                                                                     1395    13(0.93%) |    399       6    1628    370 |   21.60        0.00
POST     /cart/checkout                                                                   525     0(0.00%) |    421       8    1697    390 |    6.70        0.00
GET      /product/[id]                                                                   4499     7(0.16%) |    424       4    1468    400 |   74.20        0.00
POST     /setCurrency                                                                     890     2(0.22%) |     63       8    1004     14 |   13.90        0.00
--------|----------------------------------------------------------------------------|-------|-------------|-------|-------|-------|-------|--------|-----------
         Aggregated                                                                      8688    26(0.30%) |    365       4    1697    330 |  136.50        0.00

Type     Name                                                                          # reqs      # fails |    Avg     Min     Max    Med |   req/s  failures/s
--------|----------------------------------------------------------------------------|-------|-------------|-------|-------|-------|-------|--------|-----------
GET      /                                                                                334     3(0.90%) |     65       7    1041     13 |    6.00        0.30
GET      /cart                                                                           1089     1(0.09%) |    402       5    1247    380 |   14.90        0.10
POST     /cart [add]                                                                     1449    13(0.90%) |    415       6    1628    380 |   21.60        1.30
POST     /cart/checkout                                                                   542     0(0.00%) |    433       8    1697    400 |    7.00        0.00
GET      /product/[id]                                                                   4656     7(0.15%) |    438       4    1468    420 |   72.20        0.70
POST     /setCurrency                                                                     917     2(0.22%) |     62       8    1004     14 |   13.00        0.20
--------|----------------------------------------------------------------------------|-------|-------------|-------|-------|-------|-------|--------|-----------
         Aggregated                                                                      8987    26(0.29%) |    377       4    1697    340 |  134.70        2.60

Type     Name                                                                          # reqs      # fails |    Avg     Min     Max    Med |   req/s  failures/s
--------|----------------------------------------------------------------------------|-------|-------------|-------|-------|-------|-------|--------|-----------
GET      /                                                                                342     3(0.88%) |     68       7    1041     13 |    6.00        0.30
GET      /cart                                                                           1122     1(0.09%) |    412       5    1247    390 |   15.90        0.10
POST     /cart [add]                                                                     1484    13(0.88%) |    430       6    1697    390 |   22.10        1.30
POST     /cart/checkout                                                                   556     0(0.00%) |    448       8    1697    400 |    6.90        0.00
GET      /product/[id]                                                                   4811     7(0.15%) |    452       4    1468    450 |   72.70        0.70
POST     /setCurrency                                                                     946     2(0.21%) |     67       8    1004     14 |   12.60        0.20
--------|----------------------------------------------------------------------------|-------|-------------|-------|-------|-------|-------|--------|-----------
         Aggregated                                                                      9261    26(0.28%) |    390       4    1697    350 |  136.20        2.60

Type     Name                                                                          # reqs      # fails |    Avg     Min     Max    Med |   req/s  failures/s
--------|----------------------------------------------------------------------------|-------|-------------|-------|-------|-------|-------|--------|-----------
GET      /                                                                                351     3(0.85%) |     66       7    1041     13 |    5.20        0.30
GET      /cart                                                                           1155     1(0.09%) |    426       5    1247    410 |   16.40        0.10
POST     /cart [add]                                                                     1534    13(0.85%) |    446       6    1697    410 |   21.60        1.30
POST     /cart/checkout                                                                   574     0(0.00%) |    464       8    1697    400 |    7.30        0.00
GET      /product/[id]                                                                   4955     7(0.14%) |    465       4    1468    470 |   73.70        0.70
POST     /setCurrency                                                                     980     2(0.20%) |     66       8    1004     14 |   11.80        0.20
--------|----------------------------------------------------------------------------|-------|-------------|-------|-------|-------|-------|--------|-----------
         Aggregated                                                                      9549    26(0.27%) |    402       4    1697    360 |  136.00        2.60

Type     Name                                                                          # reqs      # fails |    Avg     Min     Max    Med |   req/s  failures/s
--------|----------------------------------------------------------------------------|-------|-------------|-------|-------|-------|-------|--------|-----------
GET      /                                                                                358     3(0.84%) |     67       7    1041     13 |    4.60        0.30
GET      /cart                                                                           1192     1(0.08%) |    442       5    1247    430 |   16.50        0.10
POST     /cart [add]                                                                     1570    13(0.83%) |    459       6    1697    430 |   21.20        1.30
POST     /cart/checkout                                                                   587     0(0.00%) |    476       8    1697    400 |    7.70        0.00
GET      /product/[id]                                                                   5114     7(0.14%) |    480       4    1468    490 |   73.70        0.70
POST     /setCurrency                                                                    1013     2(0.20%) |     65       8    1004     14 |   13.40        0.20
--------|----------------------------------------------------------------------------|-------|-------------|-------|-------|-------|-------|--------|-----------
         Aggregated                                                                      9834    26(0.26%) |    414       4    1697    380 |  137.10        2.60

Type     Name                                                                          # reqs      # fails |    Avg     Min     Max    Med |   req/s  failures/s
--------|----------------------------------------------------------------------------|-------|-------------|-------|-------|-------|-------|--------|-----------
GET      /                                                                                369     3(0.81%) |     65       7    1041     13 |    4.80        0.30
GET      /cart                                                                           1229     1(0.08%) |    457       5    1247    450 |   16.70        0.10
POST     /cart [add]                                                                     1610    13(0.81%) |    471       6    1697    450 |   21.70        1.30
POST     /cart/checkout                                                                   610     0(0.00%) |    496       8    1697    410 |    7.90        0.00
GET      /product/[id]                                                                   5266     7(0.13%) |    495       4    1468    520 |   75.70        0.70
POST     /setCurrency                                                                    1040     2(0.19%) |     64       8    1004     14 |   15.40        0.20
--------|----------------------------------------------------------------------------|-------|-------------|-------|-------|-------|-------|--------|-----------
         Aggregated                                                                     10124    26(0.26%) |    427       4    1697    390 |  142.20        2.60

Type     Name                                                                          # reqs      # fails |    Avg     Min     Max    Med |   req/s  failures/s
--------|----------------------------------------------------------------------------|-------|-------------|-------|-------|-------|-------|--------|-----------
GET      /                                                                                376     3(0.80%) |     64       7    1041     13 |    4.40        0.00
GET      /cart                                                                           1264     1(0.08%) |    474       5    1247    470 |   17.20        0.00
POST     /cart [add]                                                                     1662    13(0.78%) |    489       6    1697    480 |   21.70        0.00
POST     /cart/checkout                                                                   625     0(0.00%) |    508       8    1697    480 |    8.30        0.00
GET      /product/[id]                                                                   5404     7(0.13%) |    508       4    1468    530 |   77.20        0.00
POST     /setCurrency                                                                    1069     2(0.19%) |     62       8    1004     14 |   14.80        0.00
--------|----------------------------------------------------------------------------|-------|-------------|-------|-------|-------|-------|--------|-----------
         Aggregated                                                                     10400    26(0.25%) |    439       4    1697    400 |  143.60        0.00

Type     Name                                                                          # reqs      # fails |    Avg     Min     Max    Med |   req/s  failures/s
--------|----------------------------------------------------------------------------|-------|-------------|-------|-------|-------|-------|--------|-----------
GET      /                                                                                386     3(0.78%) |     63       7    1041     13 |    4.10        0.00
GET      /cart                                                                           1298     1(0.08%) |    491       5    1247    490 |   17.10        0.00
POST     /cart [add]                                                                     1714    13(0.76%) |    508       6    1697    510 |   21.40        0.00
POST     /cart/checkout                                                                   651     0(0.00%) |    533       8    1697    500 |    8.50        0.00
GET      /product/[id]                                                                   5523     7(0.13%) |    521       4    1468    550 |   75.10        0.00
POST     /setCurrency                                                                    1101     2(0.18%) |     61       8    1004     14 |   14.90        0.00
--------|----------------------------------------------------------------------------|-------|-------------|-------|-------|-------|-------|--------|-----------
         Aggregated                                                                     10673    26(0.24%) |    452       4    1697    410 |  141.10        0.00

Type     Name                                                                          # reqs      # fails |    Avg     Min     Max    Med |   req/s  failures/s
--------|----------------------------------------------------------------------------|-------|-------------|-------|-------|-------|-------|--------|-----------
GET      /                                                                                398     3(0.75%) |     70       7    1041     13 |    4.20        0.00
GET      /cart                                                                           1333     1(0.08%) |    507       5    1319    500 |   17.50        0.00
POST     /cart [add]                                                                     1752    13(0.74%) |    522       6    1697    530 |   23.20        0.00
POST     /cart/checkout                                                                   659     0(0.00%) |    541       8    1697    510 |    9.10        0.00
GET      /product/[id]                                                                   5673     7(0.12%) |    538       4    1468    570 |   71.70        0.00
POST     /setCurrency                                                                    1128     2(0.18%) |     65       8    1004     14 |   15.80        0.00
--------|----------------------------------------------------------------------------|-------|-------------|-------|-------|-------|-------|--------|-----------
         Aggregated                                                                     10943    26(0.24%) |    466       4    1697    430 |  141.50        0.00

Type     Name                                                                          # reqs      # fails |    Avg     Min     Max    Med |   req/s  failures/s
--------|----------------------------------------------------------------------------|-------|-------------|-------|-------|-------|-------|--------|-----------
GET      /                                                                                413     3(0.73%) |     68       7    1041     13 |    4.60        0.00
GET      /cart                                                                           1362     1(0.07%) |    517       5    1319    520 |   17.10        0.00
POST     /cart [add]                                                                     1803    13(0.72%) |    540       6    1822    550 |   22.50        0.00
POST     /cart/checkout                                                                   674     0(0.00%) |    556       8    1899    530 |    8.60        0.00
GET      /product/[id]                                                                   5846     7(0.12%) |    552       4    1670    590 |   71.40        0.00
POST     /setCurrency                                                                    1159     2(0.17%) |     63       8    1004     14 |   14.50        0.00
--------|----------------------------------------------------------------------------|-------|-------------|-------|-------|-------|-------|--------|-----------
         Aggregated                                                                     11257    26(0.23%) |    478       4    1899    450 |  138.70        0.00

Type     Name                                                                          # reqs      # fails |    Avg     Min     Max    Med |   req/s  failures/s
--------|----------------------------------------------------------------------------|-------|-------------|-------|-------|-------|-------|--------|-----------
GET      /                                                                                421     3(0.71%) |     67       7    1041     13 |    5.20        0.00
GET      /cart                                                                           1404     1(0.07%) |    534       5    1319    540 |   17.30        0.00
POST     /cart [add]                                                                     1851    13(0.70%) |    554       6    1822    570 |   22.70        0.00
POST     /cart/checkout                                                                   691     0(0.00%) |    569       8    1899    590 |    8.60        0.00
GET      /product/[id]                                                                   5986     7(0.12%) |    564       4    1670    600 |   73.30        0.00
POST     /setCurrency                                                                    1195     2(0.17%) |     62       8    1004     14 |   14.40        0.00
--------|----------------------------------------------------------------------------|-------|-------------|-------|-------|-------|-------|--------|-----------
         Aggregated                                                                     11548    26(0.23%) |    489       4    1899    470 |  141.50        0.00

Type     Name                                                                          # reqs      # fails |    Avg     Min     Max    Med |   req/s  failures/s
--------|----------------------------------------------------------------------------|-------|-------------|-------|-------|-------|-------|--------|-----------
GET      /                                                                                433     3(0.69%) |     65       7    1041     13 |    5.20        0.00
GET      /cart                                                                           1440     1(0.07%) |    549       5    1319    550 |   17.70        0.00
POST     /cart [add]                                                                     1902    13(0.68%) |    570       6    1822    590 |   23.70        0.00
POST     /cart/checkout                                                                   710     0(0.00%) |    585       8    1899    600 |    8.10        0.00
GET      /product/[id]                                                                   6136     7(0.11%) |    578       4    1670    610 |   71.40        0.00
POST     /setCurrency                                                                    1232     2(0.16%) |     61       8    1004     14 |   15.70        0.00
--------|----------------------------------------------------------------------------|-------|-------------|-------|-------|-------|-------|--------|-----------
         Aggregated                                                                     11853    26(0.22%) |    501       4    1899    490 |  141.80        0.00

Type     Name                                                                          # reqs      # fails |    Avg     Min     Max    Med |   req/s  failures/s
--------|----------------------------------------------------------------------------|-------|-------------|-------|-------|-------|-------|--------|-----------
GET      /                                                                                445     3(0.67%) |     64       7    1041     13 |    5.70        0.00
GET      /cart                                                                           1480     1(0.07%) |    566       5    1376    570 |   18.00        0.00
POST     /cart [add]                                                                     1931    13(0.67%) |    580       6    1822    600 |   24.30        0.00
POST     /cart/checkout                                                                   728     0(0.00%) |    600       8    1899    600 |    8.40        0.00
GET      /product/[id]                                                                   6286     7(0.11%) |    593       4    1670    620 |   72.60        0.00
POST     /setCurrency                                                                    1251     2(0.16%) |     60       8    1004     14 |   15.90        0.00
--------|----------------------------------------------------------------------------|-------|-------------|-------|-------|-------|-------|--------|-----------
         Aggregated                                                                     12121    26(0.21%) |    514       4    1899    500 |  144.90        0.00

Type     Name                                                                          # reqs      # fails |    Avg     Min     Max    Med |   req/s  failures/s
--------|----------------------------------------------------------------------------|-------|-------------|-------|-------|-------|-------|--------|-----------
GET      /                                                                                452     3(0.66%) |     63       7    1041     13 |    5.60        0.00
GET      /cart                                                                           1513     1(0.07%) |    582       5    1376    590 |   18.10        0.00
POST     /cart [add]                                                                     1973    13(0.66%) |    594       6    1822    610 |   21.60        0.00
POST     /cart/checkout                                                                   744     0(0.00%) |    615       8    1899    600 |    8.10        0.00
GET      /product/[id]                                                                   6441     7(0.11%) |    609       4    1670    640 |   76.00        0.00
POST     /setCurrency                                                                    1293     2(0.15%) |     59       8    1004     14 |   14.90        0.00
--------|----------------------------------------------------------------------------|-------|-------------|-------|-------|-------|-------|--------|-----------
         Aggregated                                                                     12416    26(0.21%) |    527       4    1899    520 |  144.30        0.00

Type     Name                                                                          # reqs      # fails |    Avg     Min     Max    Med |   req/s  failures/s
--------|----------------------------------------------------------------------------|-------|-------------|-------|-------|-------|-------|--------|-----------
GET      /                                                                                461     3(0.65%) |     62       7    1041     13 |    5.40        0.00
GET      /cart                                                                           1575     1(0.06%) |    595       5    1376    610 |   18.70        0.00
POST     /cart [add]                                                                     2044    13(0.64%) |    608       6    1822    620 |   22.00        0.00
POST     /cart/checkout                                                                   780     0(0.00%) |    625       8    1899    610 |    8.30        0.00
GET      /product/[id]                                                                   6682     7(0.10%) |    623       4    1670    650 |   76.70        0.00
POST     /setCurrency                                                                    1325     2(0.15%) |     58       8    1004     14 |   16.20        0.00
--------|----------------------------------------------------------------------------|-------|-------------|-------|-------|-------|-------|--------|-----------
         Aggregated                                                                     12867    26(0.20%) |    539       4    1899    540 |  147.30        0.00

Type     Name                                                                          # reqs      # fails |    Avg     Min     Max    Med |   req/s  failures/s
--------|----------------------------------------------------------------------------|-------|-------------|-------|-------|-------|-------|--------|-----------
GET      /                                                                                480     3(0.62%) |     79       7    1041     13 |    5.10        0.00
GET      /cart                                                                           1672     1(0.06%) |    571       5    1376    560 |   18.50        0.00
POST     /cart [add]                                                                     2186    13(0.59%) |    584       6    1822    590 |   22.00        0.00
POST     /cart/checkout                                                                   838     0(0.00%) |    595       8    1899    590 |    8.90        0.00
GET      /product/[id]                                                                   7119     7(0.10%) |    594       4    1670    610 |   74.40        0.00
POST     /setCurrency                                                                    1397     2(0.14%) |     77       8    1004     15 |   16.90        0.00
--------|----------------------------------------------------------------------------|-------|-------------|-------|-------|-------|-------|--------|-----------
         Aggregated                                                                     13692    26(0.19%) |    519       4    1899    480 |  145.80        0.00

Type     Name                                                                          # reqs      # fails |    Avg     Min     Max    Med |   req/s  failures/s
--------|----------------------------------------------------------------------------|-------|-------------|-------|-------|-------|-------|--------|-----------
GET      /                                                                                500     3(0.60%) |     94       7    1131     13 |    5.90        0.00
GET      /cart                                                                           1775     1(0.06%) |    554       2    1376    540 |   26.50        0.00
POST     /cart [add]                                                                     2322    13(0.56%) |    569       6    1822    560 |   32.60        0.00
POST     /cart/checkout                                                                   880     0(0.00%) |    582       8    1899    530 |   13.60        0.00
GET      /product/[id]                                                                   7474     7(0.09%) |    577       2    1670    590 |  109.50        0.00
POST     /setCurrency                                                                    1476     2(0.14%) |     95       8    1175     15 |   19.00        0.00
--------|----------------------------------------------------------------------------|-------|-------------|-------|-------|-------|-------|--------|-----------
         Aggregated                                                                     14427    26(0.18%) |    507       2    1899    450 |  207.10        0.00

Type     Name                                                                          # reqs      # fails |    Avg     Min     Max    Med |   req/s  failures/s
--------|----------------------------------------------------------------------------|-------|-------------|-------|-------|-------|-------|--------|-----------
GET      /                                                                                519     3(0.58%) |    106       7    1131     13 |    6.40        0.00
GET      /cart                                                                           1877     1(0.05%) |    531       2    1376    490 |   32.30        0.00
POST     /cart [add]                                                                     2479    13(0.52%) |    544       6    1822    500 |   39.30        0.00
POST     /cart/checkout                                                                   938     0(0.00%) |    558       8    1899    420 |   16.20        0.00
GET      /product/[id]                                                                   7933     7(0.09%) |    552       2    1670    540 |  132.10        0.00
POST     /setCurrency                                                                    1581     2(0.13%) |    118       8    1261     15 |   24.00        0.00
--------|----------------------------------------------------------------------------|-------|-------------|-------|-------|-------|-------|--------|-----------
         Aggregated                                                                     15327    26(0.17%) |    489       2    1899    400 |  250.30        0.00

Type     Name                                                                          # reqs      # fails |    Avg     Min     Max    Med |   req/s  failures/s
--------|----------------------------------------------------------------------------|-------|-------------|-------|-------|-------|-------|--------|-----------
GET      /                                                                                551     3(0.54%) |    123       7    1131     14 |    7.70        0.00
GET      /cart                                                                           2003     1(0.05%) |    507       2    1376    440 |   39.30        0.00
POST     /cart [add]                                                                     2648    13(0.49%) |    523       5    1822    430 |   54.10        0.00
POST     /cart/checkout                                                                  1001     0(0.00%) |    538       8    1899    400 |   20.80        0.00
GET      /product/[id]                                                                   8409     7(0.08%) |    528       2    1670    480 |  162.20        0.00
POST     /setCurrency                                                                    1668     2(0.12%) |    134       8    1261     16 |   32.20        0.00
--------|----------------------------------------------------------------------------|-------|-------------|-------|-------|-------|-------|--------|-----------
         Aggregated                                                                     16280    26(0.16%) |    471       2    1899    360 |  316.30        0.00

Type     Name                                                                          # reqs      # fails |    Avg     Min     Max    Med |   req/s  failures/s
--------|----------------------------------------------------------------------------|-------|-------------|-------|-------|-------|-------|--------|-----------
GET      /                                                                                578     3(0.52%) |    133       7    1131     14 |    9.50        0.00
GET      /cart                                                                           2099     1(0.05%) |    495       2    1376    400 |   47.10        0.00
POST     /cart [add]                                                                     2754    13(0.47%) |    513       5    1822    410 |   66.10        0.00
POST     /cart/checkout                                                                  1027     0(0.00%) |    530       8    1899    400 |   25.50        0.00
GET      /product/[id]                                                                   8749     7(0.08%) |    516       2    1670    450 |  193.20        0.00
POST     /setCurrency                                                                    1778     2(0.11%) |    149       8    1261     17 |   37.60        0.00
--------|----------------------------------------------------------------------------|-------|-------------|-------|-------|-------|-------|--------|-----------
         Aggregated                                                                     16985    26(0.15%) |    462       2    1899    350 |  379.00        0.00

Type     Name                                                                          # reqs      # fails |    Avg     Min     Max    Med |   req/s  failures/s
--------|----------------------------------------------------------------------------|-------|-------------|-------|-------|-------|-------|--------|-----------
GET      /                                                                                590     3(0.51%) |    130       7    1131     14 |   11.10        0.00
GET      /cart                                                                           2142     1(0.05%) |    508       2    1532    430 |   55.00        0.00
POST     /cart [add]                                                                     2787    13(0.47%) |    520       5    1822    420 |   73.70        0.00
POST     /cart/checkout                                                                  1040     0(0.00%) |    538       8    1899    400 |   26.50        0.00
GET      /product/[id]                                                                   8900     7(0.08%) |    526       2    1670    470 |  215.90        0.00
POST     /setCurrency                                                                    1834     2(0.11%) |    145       8    1261     17 |   44.20        0.00
--------|----------------------------------------------------------------------------|-------|-------------|-------|-------|-------|-------|--------|-----------
         Aggregated                                                                     17293    26(0.15%) |    470       2    1899    360 |  426.40        0.00

Type     Name                                                                          # reqs      # fails |    Avg     Min     Max    Med |   req/s  failures/s
--------|----------------------------------------------------------------------------|-------|-------------|-------|-------|-------|-------|--------|-----------
GET      /                                                                                596     3(0.50%) |    129       7    1131     14 |   10.70        0.00
GET      /cart                                                                           2175     1(0.05%) |    523       2    1562    440 |   47.20        0.00
POST     /cart [add]                                                                     2834    13(0.46%) |    537       5    1822    430 |   61.70        0.00
POST     /cart/checkout                                                                  1053     0(0.00%) |    551       8    1899    400 |   21.40        0.00
GET      /product/[id]                                                                   9048     7(0.08%) |    542       2    1670    490 |  182.30        0.00
POST     /setCurrency                                                                    1858     2(0.11%) |    143       8    1261     17 |   44.50        0.00
--------|----------------------------------------------------------------------------|-------|-------------|-------|-------|-------|-------|--------|-----------
         Aggregated                                                                     17564    26(0.15%) |    483       2    1899    370 |  367.80        0.00

Type     Name                                                                          # reqs      # fails |    Avg     Min     Max    Med |   req/s  failures/s
--------|----------------------------------------------------------------------------|-------|-------------|-------|-------|-------|-------|--------|-----------
GET      /                                                                                609     3(0.49%) |    127       7    1131     14 |    5.08        0.03
GET      /cart                                                                           2202     1(0.05%) |    537       2    1749    450 |   18.36        0.01
POST     /cart [add]                                                                     2880    13(0.45%) |    554       5    1822    450 |   24.02        0.11
POST     /cart/checkout                                                                  1068     0(0.00%) |    566       8    1899    400 |    8.91        0.00
GET      /product/[id]                                                                   9168     7(0.08%) |    556       2    1749    510 |   76.46        0.06
POST     /setCurrency                                                                    1880     2(0.11%) |    142       8    1261     17 |   15.68        0.02
--------|----------------------------------------------------------------------------|-------|-------------|-------|-------|-------|-------|--------|-----------
         Aggregated                                                                     17807    26(0.15%) |    496       2    1899    370 |  148.50        0.22

Response time percentiles (approximated)
Type     Name                                                                                  50%    66%    75%    80%    90%    95%    98%    99%  99.9% 99.99%   100% # reqs
--------|--------------------------------------------------------------------------------|--------|------|------|------|------|------|------|------|------|------|------|------
GET      /                                                                                      14     23    110    220    520    660    820    970   1100   1100   1100    609
GET      /cart                                                                                 450    730    900    990   1200   1300   1500   1600   1700   1700   1700   2202
POST     /cart [add]                                                                           450    740    920   1000   1200   1300   1600   1600   1700   1800   1800   2880
POST     /cart/checkout                                                                        400    780    990   1100   1200   1300   1600   1600   1700   1900   1900   1068
GET      /product/[id]                                                                         510    770    920   1000   1200   1300   1500   1600   1700   1700   1700   9168
POST     /setCurrency                                                                           17     37    160    270    560    670    810    930   1200   1300   1300   1880
--------|--------------------------------------------------------------------------------|--------|------|------|------|------|------|------|------|------|------|------|------
         Aggregated                                                                            370    680    850    950   1100   1300   1500   1600   1700   1800   1900  17807

Error report
# occurrences      Error                                                                                               
------------------|---------------------------------------------------------------------------------------------------------------------------------------------
3                  GET /: HTTPError('500 Server Error: Internal Server Error for url: /')                              
12                 POST /cart [add]: HTTPError('500 Server Error: Internal Server Error for url: /cart [add]')         
1                  GET /cart: HTTPError('500 Server Error: Internal Server Error for url: /cart')                      
7                  GET /product/[id]: HTTPError('500 Server Error: Internal Server Error for url: /product/[id]')      
1                  POST /cart [add]: add falhou (500), skip checkout                                                   
2                  POST /setCurrency: HTTPError('500 Server Error: Internal Server Error for url: /setCurrency')       
------------------|---------------------------------------------------------------------------------------------------------------------------------------------

