timestamp,load_label,pod,cpu_m,ram_mi
21:54:22,idle,adservice-574bff445c-6mj7s,4,181
21:54:22,idle,adservice-574bff445c-dwnqt,4,248
21:54:22,idle,adservice-574bff445c-qb9cj,6,266
21:54:22,idle,cartservice-7c84fdfb6-gvdl7,2,109
21:54:22,idle,cartservice-7c84fdfb6-m5m6d,8,186
21:54:22,idle,cartservice-7c84fdfb6-rrqpp,2,115
21:54:22,idle,checkoutservice-5b6d96c9b7-45rkr,1,38
21:54:22,idle,checkoutservice-5b6d96c9b7-jbfvs,1,16
21:54:22,idle,checkoutservice-5b6d96c9b7-zvd4c,1,21
21:54:22,idle,currencyservice-7c8fc8fc9c-4hm9g,9,120
21:54:22,idle,currencyservice-7c8fc8fc9c-5frj9,3,85
21:54:22,idle,currencyservice-7c8fc8fc9c-mgwx9,4,122
21:54:22,idle,emailservice-66944ff59-2lcjl,4,94
21:54:22,idle,emailservice-66944ff59-c4g5x,4,56
21:54:22,idle,emailservice-66944ff59-hrmjl,4,56
21:54:22,idle,frontend-7bd6f45654-przgb,7,32
21:54:22,idle,frontend-7bd6f45654-s2s7z,4,52
21:54:22,idle,frontend-7bd6f45654-vfxkp,3,27
21:54:22,idle,paymentservice-9bfb7bf5-6hckw,1,66
21:54:22,idle,paymentservice-9bfb7bf5-75nf7,1,100
21:54:22,idle,paymentservice-9bfb7bf5-kgd56,2,113
21:54:22,idle,productcatalogservice-65bbf699df-7w28t,1,21
21:54:22,idle,productcatalogservice-65bbf699df-j2fmg,6,42
21:54:22,idle,productcatalogservice-65bbf699df-qntf5,2,22
21:54:22,idle,recommendationservice-7444754ff5-d8g8j,4,51
21:54:22,idle,recommendationservice-7444754ff5-n8cbh,7,81
21:54:22,idle,recommendationservice-7444754ff5-pwgrt,8,55
21:54:22,idle,redis-cart-c8ff86559-kcf44,3,37
21:54:22,idle,shippingservice-f956b6d9f-nvkxm,1,15
21:54:22,idle,shippingservice-f956b6d9f-pkw7l,1,16
21:54:22,idle,shippingservice-f956b6d9f-w7n4b,1,33
21:54:24,100u,adservice-574bff445c-6mj7s,4,181
21:54:24,100u,adservice-574bff445c-dwnqt,4,248
21:54:24,100u,adservice-574bff445c-qb9cj,6,266
21:54:24,100u,cartservice-7c84fdfb6-gvdl7,2,109
21:54:24,100u,cartservice-7c84fdfb6-m5m6d,8,186
21:54:24,100u,cartservice-7c84fdfb6-rrqpp,2,115
21:54:24,100u,checkoutservice-5b6d96c9b7-45rkr,1,38
21:54:24,100u,checkoutservice-5b6d96c9b7-jbfvs,1,16
21:54:24,100u,checkoutservice-5b6d96c9b7-zvd4c,1,21
21:54:24,100u,currencyservice-7c8fc8fc9c-4hm9g,9,120
21:54:24,100u,currencyservice-7c8fc8fc9c-5frj9,3,85
21:54:24,100u,currencyservice-7c8fc8fc9c-mgwx9,4,122
21:54:24,100u,emailservice-66944ff59-2lcjl,4,94
21:54:24,100u,emailservice-66944ff59-c4g5x,4,56
21:54:24,100u,emailservice-66944ff59-hrmjl,4,56
21:54:24,100u,frontend-7bd6f45654-przgb,7,32
21:54:24,100u,frontend-7bd6f45654-s2s7z,4,52
21:54:24,100u,frontend-7bd6f45654-vfxkp,3,27
21:54:24,100u,paymentservice-9bfb7bf5-6hckw,1,66
21:54:24,100u,paymentservice-9bfb7bf5-75nf7,1,100
21:54:24,100u,paymentservice-9bfb7bf5-kgd56,2,113
21:54:24,100u,productcatalogservice-65bbf699df-7w28t,1,21
21:54:24,100u,productcatalogservice-65bbf699df-j2fmg,6,42
21:54:24,100u,productcatalogservice-65bbf699df-qntf5,2,22
21:54:24,100u,recommendationservice-7444754ff5-d8g8j,4,51
21:54:24,100u,recommendationservice-7444754ff5-n8cbh,7,81
21:54:24,100u,recommendationservice-7444754ff5-pwgrt,8,55
21:54:24,100u,redis-cart-c8ff86559-kcf44,3,37
21:54:24,100u,shippingservice-f956b6d9f-nvkxm,1,15
21:54:24,100u,shippingservice-f956b6d9f-pkw7l,1,16
21:54:24,100u,shippingservice-f956b6d9f-w7n4b,1,33
21:54:27,100u,adservice-574bff445c-6mj7s,4,181
21:54:27,100u,adservice-574bff445c-dwnqt,4,248
21:54:27,100u,adservice-574bff445c-qb9cj,6,266
21:54:27,100u,cartservice-7c84fdfb6-gvdl7,2,109
21:54:27,100u,cartservice-7c84fdfb6-m5m6d,8,186
21:54:27,100u,cartservice-7c84fdfb6-rrqpp,2,115
21:54:27,100u,checkoutservice-5b6d96c9b7-45rkr,1,38
21:54:27,100u,checkoutservice-5b6d96c9b7-jbfvs,1,16
21:54:27,100u,checkoutservice-5b6d96c9b7-zvd4c,1,21
21:54:27,100u,currencyservice-7c8fc8fc9c-4hm9g,9,120
21:54:27,100u,currencyservice-7c8fc8fc9c-5frj9,3,85
21:54:27,100u,currencyservice-7c8fc8fc9c-mgwx9,4,122
21:54:27,100u,emailservice-66944ff59-2lcjl,4,94
21:54:27,100u,emailservice-66944ff59-c4g5x,4,56
21:54:27,100u,emailservice-66944ff59-hrmjl,4,56
21:54:27,100u,frontend-7bd6f45654-przgb,7,32
21:54:27,100u,frontend-7bd6f45654-s2s7z,4,52
21:54:27,100u,frontend-7bd6f45654-vfxkp,3,27
21:54:27,100u,paymentservice-9bfb7bf5-6hckw,1,66
21:54:27,100u,paymentservice-9bfb7bf5-75nf7,1,100
21:54:27,100u,paymentservice-9bfb7bf5-kgd56,2,113
21:54:27,100u,productcatalogservice-65bbf699df-7w28t,1,21
21:54:27,100u,productcatalogservice-65bbf699df-j2fmg,6,42
21:54:27,100u,productcatalogservice-65bbf699df-qntf5,2,22
21:54:27,100u,recommendationservice-7444754ff5-d8g8j,4,51
21:54:27,100u,recommendationservice-7444754ff5-n8cbh,7,81
21:54:27,100u,recommendationservice-7444754ff5-pwgrt,8,55
21:54:27,100u,redis-cart-c8ff86559-kcf44,3,37
21:54:27,100u,shippingservice-f956b6d9f-nvkxm,1,15
21:54:27,100u,shippingservice-f956b6d9f-pkw7l,1,16
21:54:27,100u,shippingservice-f956b6d9f-w7n4b,1,33
21:54:32,100u,adservice-574bff445c-6mj7s,4,181
21:54:32,100u,adservice-574bff445c-dwnqt,4,248
21:54:32,100u,adservice-574bff445c-qb9cj,6,266
21:54:32,100u,cartservice-7c84fdfb6-gvdl7,2,109
21:54:32,100u,cartservice-7c84fdfb6-m5m6d,8,186
21:54:32,100u,cartservice-7c84fdfb6-rrqpp,2,115
21:54:32,100u,checkoutservice-5b6d96c9b7-45rkr,1,38
21:54:32,100u,checkoutservice-5b6d96c9b7-jbfvs,1,16
21:54:32,100u,checkoutservice-5b6d96c9b7-zvd4c,1,21
21:54:32,100u,currencyservice-7c8fc8fc9c-4hm9g,9,120
21:54:32,100u,currencyservice-7c8fc8fc9c-5frj9,3,85
21:54:32,100u,currencyservice-7c8fc8fc9c-mgwx9,4,122
21:54:32,100u,emailservice-66944ff59-2lcjl,4,94
21:54:32,100u,emailservice-66944ff59-c4g5x,4,56
21:54:32,100u,emailservice-66944ff59-hrmjl,4,56
21:54:32,100u,frontend-7bd6f45654-przgb,7,32
21:54:32,100u,frontend-7bd6f45654-s2s7z,4,52
21:54:32,100u,frontend-7bd6f45654-vfxkp,3,27
21:54:32,100u,paymentservice-9bfb7bf5-6hckw,1,66
21:54:32,100u,paymentservice-9bfb7bf5-75nf7,1,100
21:54:32,100u,paymentservice-9bfb7bf5-kgd56,2,113
21:54:32,100u,productcatalogservice-65bbf699df-7w28t,1,21
21:54:32,100u,productcatalogservice-65bbf699df-j2fmg,6,42
21:54:32,100u,productcatalogservice-65bbf699df-qntf5,2,22
21:54:32,100u,recommendationservice-7444754ff5-d8g8j,4,51
21:54:32,100u,recommendationservice-7444754ff5-n8cbh,7,81
21:54:32,100u,recommendationservice-7444754ff5-pwgrt,8,55
21:54:32,100u,redis-cart-c8ff86559-kcf44,3,37
21:54:32,100u,shippingservice-f956b6d9f-nvkxm,1,15
21:54:32,100u,shippingservice-f956b6d9f-pkw7l,1,16
21:54:32,100u,shippingservice-f956b6d9f-w7n4b,1,33
21:54:35,100u,adservice-574bff445c-6mj7s,5,181
21:54:35,100u,adservice-574bff445c-dwnqt,22,249
21:54:35,100u,adservice-574bff445c-qb9cj,5,265
21:54:35,100u,cartservice-7c84fdfb6-gvdl7,2,109
21:54:35,100u,cartservice-7c84fdfb6-m5m6d,43,186
21:54:35,100u,cartservice-7c84fdfb6-rrqpp,2,115
21:54:35,100u,checkoutservice-5b6d96c9b7-45rkr,5,38
21:54:35,100u,checkoutservice-5b6d96c9b7-jbfvs,1,16
21:54:35,100u,checkoutservice-5b6d96c9b7-zvd4c,4,21
21:54:35,100u,currencyservice-7c8fc8fc9c-4hm9g,62,121
21:54:35,100u,currencyservice-7c8fc8fc9c-5frj9,2,85
21:54:35,100u,currencyservice-7c8fc8fc9c-mgwx9,16,123
21:54:35,100u,emailservice-66944ff59-2lcjl,5,94
21:54:35,100u,emailservice-66944ff59-c4g5x,6,56
21:54:35,100u,emailservice-66944ff59-hrmjl,3,56
21:54:35,100u,frontend-7bd6f45654-przgb,43,32
21:54:35,100u,frontend-7bd6f45654-s2s7z,10,52
21:54:35,100u,frontend-7bd6f45654-vfxkp,45,28
21:54:35,100u,paymentservice-9bfb7bf5-6hckw,2,66
21:54:35,100u,paymentservice-9bfb7bf5-75nf7,2,100
21:54:35,100u,paymentservice-9bfb7bf5-kgd56,4,113
21:54:35,100u,productcatalogservice-65bbf699df-7w28t,1,21
21:54:35,100u,productcatalogservice-65bbf699df-j2fmg,26,42
21:54:35,100u,productcatalogservice-65bbf699df-qntf5,17,22
21:54:35,100u,recommendationservice-7444754ff5-d8g8j,3,51
21:54:35,100u,recommendationservice-7444754ff5-n8cbh,33,81
21:54:35,100u,recommendationservice-7444754ff5-pwgrt,32,55
21:54:35,100u,redis-cart-c8ff86559-kcf44,5,37
21:54:35,100u,shippingservice-f956b6d9f-nvkxm,1,15
21:54:35,100u,shippingservice-f956b6d9f-pkw7l,3,16
21:54:35,100u,shippingservice-f956b6d9f-w7n4b,5,33
21:54:37,100u,adservice-574bff445c-6mj7s,5,181
21:54:37,100u,adservice-574bff445c-dwnqt,22,249
21:54:37,100u,adservice-574bff445c-qb9cj,5,265
21:54:37,100u,cartservice-7c84fdfb6-gvdl7,2,109
21:54:37,100u,cartservice-7c84fdfb6-m5m6d,43,186
21:54:37,100u,cartservice-7c84fdfb6-rrqpp,2,115
21:54:37,100u,checkoutservice-5b6d96c9b7-45rkr,5,38
21:54:37,100u,checkoutservice-5b6d96c9b7-jbfvs,1,16
21:54:37,100u,checkoutservice-5b6d96c9b7-zvd4c,4,21
21:54:37,100u,currencyservice-7c8fc8fc9c-4hm9g,62,121
21:54:37,100u,currencyservice-7c8fc8fc9c-5frj9,2,85
21:54:37,100u,currencyservice-7c8fc8fc9c-mgwx9,16,123
21:54:37,100u,emailservice-66944ff59-2lcjl,5,94
21:54:37,100u,emailservice-66944ff59-c4g5x,6,56
21:54:37,100u,emailservice-66944ff59-hrmjl,3,56
21:54:37,100u,frontend-7bd6f45654-przgb,43,32
21:54:37,100u,frontend-7bd6f45654-s2s7z,10,52
21:54:37,100u,frontend-7bd6f45654-vfxkp,45,28
21:54:37,100u,paymentservice-9bfb7bf5-6hckw,2,66
21:54:37,100u,paymentservice-9bfb7bf5-75nf7,2,100
21:54:37,100u,paymentservice-9bfb7bf5-kgd56,4,113
21:54:37,100u,productcatalogservice-65bbf699df-7w28t,1,21
21:54:37,100u,productcatalogservice-65bbf699df-j2fmg,26,42
21:54:37,100u,productcatalogservice-65bbf699df-qntf5,17,22
21:54:37,100u,recommendationservice-7444754ff5-d8g8j,3,51
21:54:37,100u,recommendationservice-7444754ff5-n8cbh,33,81
21:54:37,100u,recommendationservice-7444754ff5-pwgrt,32,55
21:54:37,100u,redis-cart-c8ff86559-kcf44,5,37
21:54:37,100u,shippingservice-f956b6d9f-nvkxm,1,15
21:54:37,100u,shippingservice-f956b6d9f-pkw7l,3,16
21:54:37,100u,shippingservice-f956b6d9f-w7n4b,5,33
21:54:42,100u,adservice-574bff445c-6mj7s,5,181
21:54:42,100u,adservice-574bff445c-dwnqt,22,249
21:54:42,100u,adservice-574bff445c-qb9cj,5,265
21:54:42,100u,cartservice-7c84fdfb6-gvdl7,2,109
21:54:42,100u,cartservice-7c84fdfb6-m5m6d,43,186
21:54:42,100u,cartservice-7c84fdfb6-rrqpp,2,115
21:54:42,100u,checkoutservice-5b6d96c9b7-45rkr,5,38
21:54:42,100u,checkoutservice-5b6d96c9b7-jbfvs,1,16
21:54:42,100u,checkoutservice-5b6d96c9b7-zvd4c,4,21
21:54:42,100u,currencyservice-7c8fc8fc9c-4hm9g,62,121
21:54:42,100u,currencyservice-7c8fc8fc9c-5frj9,2,85
21:54:42,100u,currencyservice-7c8fc8fc9c-mgwx9,16,123
21:54:42,100u,emailservice-66944ff59-2lcjl,5,94
21:54:42,100u,emailservice-66944ff59-c4g5x,6,56
21:54:42,100u,emailservice-66944ff59-hrmjl,3,56
21:54:42,100u,frontend-7bd6f45654-przgb,43,32
21:54:42,100u,frontend-7bd6f45654-s2s7z,10,52
21:54:42,100u,frontend-7bd6f45654-vfxkp,45,28
21:54:42,100u,paymentservice-9bfb7bf5-6hckw,2,66
21:54:42,100u,paymentservice-9bfb7bf5-75nf7,2,100
21:54:42,100u,paymentservice-9bfb7bf5-kgd56,4,113
21:54:42,100u,productcatalogservice-65bbf699df-7w28t,1,21
21:54:42,100u,productcatalogservice-65bbf699df-j2fmg,26,42
21:54:42,100u,productcatalogservice-65bbf699df-qntf5,17,22
21:54:42,100u,recommendationservice-7444754ff5-d8g8j,3,51
21:54:42,100u,recommendationservice-7444754ff5-n8cbh,33,81
21:54:42,100u,recommendationservice-7444754ff5-pwgrt,32,55
21:54:42,100u,redis-cart-c8ff86559-kcf44,5,37
21:54:42,100u,shippingservice-f956b6d9f-nvkxm,1,15
21:54:42,100u,shippingservice-f956b6d9f-pkw7l,3,16
21:54:42,100u,shippingservice-f956b6d9f-w7n4b,5,33
21:54:45,100u,adservice-574bff445c-6mj7s,5,181
21:54:45,100u,adservice-574bff445c-dwnqt,22,249
21:54:45,100u,adservice-574bff445c-qb9cj,5,265
21:54:45,100u,cartservice-7c84fdfb6-gvdl7,2,109
21:54:45,100u,cartservice-7c84fdfb6-m5m6d,43,186
21:54:45,100u,cartservice-7c84fdfb6-rrqpp,2,115
21:54:45,100u,checkoutservice-5b6d96c9b7-45rkr,5,38
21:54:45,100u,checkoutservice-5b6d96c9b7-jbfvs,1,16
21:54:45,100u,checkoutservice-5b6d96c9b7-zvd4c,4,21
21:54:45,100u,currencyservice-7c8fc8fc9c-4hm9g,62,121
21:54:45,100u,currencyservice-7c8fc8fc9c-5frj9,2,85
21:54:45,100u,currencyservice-7c8fc8fc9c-mgwx9,16,123
21:54:45,100u,emailservice-66944ff59-2lcjl,5,94
21:54:45,100u,emailservice-66944ff59-c4g5x,6,56
21:54:45,100u,emailservice-66944ff59-hrmjl,3,56
21:54:45,100u,frontend-7bd6f45654-przgb,43,32
21:54:45,100u,frontend-7bd6f45654-s2s7z,10,52
21:54:45,100u,frontend-7bd6f45654-vfxkp,45,28
21:54:45,100u,paymentservice-9bfb7bf5-6hckw,2,66
21:54:45,100u,paymentservice-9bfb7bf5-75nf7,2,100
21:54:45,100u,paymentservice-9bfb7bf5-kgd56,4,113
21:54:45,100u,productcatalogservice-65bbf699df-7w28t,1,21
21:54:45,100u,productcatalogservice-65bbf699df-j2fmg,26,42
21:54:45,100u,productcatalogservice-65bbf699df-qntf5,17,22
21:54:45,100u,recommendationservice-7444754ff5-d8g8j,3,51
21:54:45,100u,recommendationservice-7444754ff5-n8cbh,33,81
21:54:45,100u,recommendationservice-7444754ff5-pwgrt,32,55
21:54:45,100u,redis-cart-c8ff86559-kcf44,5,37
21:54:45,100u,shippingservice-f956b6d9f-nvkxm,1,15
21:54:45,100u,shippingservice-f956b6d9f-pkw7l,3,16
21:54:45,100u,shippingservice-f956b6d9f-w7n4b,5,33
21:54:47,100u,adservice-574bff445c-6mj7s,5,181
21:54:47,100u,adservice-574bff445c-dwnqt,22,249
21:54:47,100u,adservice-574bff445c-qb9cj,5,265
21:54:47,100u,cartservice-7c84fdfb6-gvdl7,2,109
21:54:47,100u,cartservice-7c84fdfb6-m5m6d,43,186
21:54:47,100u,cartservice-7c84fdfb6-rrqpp,2,115
21:54:47,100u,checkoutservice-5b6d96c9b7-45rkr,5,38
21:54:47,100u,checkoutservice-5b6d96c9b7-jbfvs,1,16
21:54:47,100u,checkoutservice-5b6d96c9b7-zvd4c,4,21
21:54:47,100u,currencyservice-7c8fc8fc9c-4hm9g,62,121
21:54:47,100u,currencyservice-7c8fc8fc9c-5frj9,2,85
21:54:47,100u,currencyservice-7c8fc8fc9c-mgwx9,16,123
21:54:47,100u,emailservice-66944ff59-2lcjl,5,94
21:54:47,100u,emailservice-66944ff59-c4g5x,6,56
21:54:47,100u,emailservice-66944ff59-hrmjl,3,56
21:54:47,100u,frontend-7bd6f45654-przgb,43,32
21:54:47,100u,frontend-7bd6f45654-s2s7z,10,52
21:54:47,100u,frontend-7bd6f45654-vfxkp,45,28
21:54:47,100u,paymentservice-9bfb7bf5-6hckw,2,66
21:54:47,100u,paymentservice-9bfb7bf5-75nf7,2,100
21:54:47,100u,paymentservice-9bfb7bf5-kgd56,4,113
21:54:47,100u,productcatalogservice-65bbf699df-7w28t,1,21
21:54:47,100u,productcatalogservice-65bbf699df-j2fmg,26,42
21:54:47,100u,productcatalogservice-65bbf699df-qntf5,17,22
21:54:47,100u,recommendationservice-7444754ff5-d8g8j,3,51
21:54:47,100u,recommendationservice-7444754ff5-n8cbh,33,81
21:54:47,100u,recommendationservice-7444754ff5-pwgrt,32,55
21:54:47,100u,redis-cart-c8ff86559-kcf44,5,37
21:54:47,100u,shippingservice-f956b6d9f-nvkxm,1,15
21:54:47,100u,shippingservice-f956b6d9f-pkw7l,3,16
21:54:47,100u,shippingservice-f956b6d9f-w7n4b,5,33
21:54:52,100u,adservice-574bff445c-6mj7s,6,184
21:54:52,100u,adservice-574bff445c-dwnqt,50,249
21:54:52,100u,adservice-574bff445c-qb9cj,15,265
21:54:52,100u,cartservice-7c84fdfb6-gvdl7,2,109
21:54:52,100u,cartservice-7c84fdfb6-m5m6d,124,187
21:54:52,100u,cartservice-7c84fdfb6-rrqpp,1,115
21:54:52,100u,checkoutservice-5b6d96c9b7-45rkr,14,38
21:54:52,100u,checkoutservice-5b6d96c9b7-jbfvs,1,16
21:54:52,100u,checkoutservice-5b6d96c9b7-zvd4c,10,21
21:54:52,100u,currencyservice-7c8fc8fc9c-4hm9g,171,120
21:54:52,100u,currencyservice-7c8fc8fc9c-5frj9,2,85
21:54:52,100u,currencyservice-7c8fc8fc9c-mgwx9,53,123
21:54:52,100u,emailservice-66944ff59-2lcjl,8,94
21:54:52,100u,emailservice-66944ff59-c4g5x,6,56
21:54:52,100u,emailservice-66944ff59-hrmjl,3,56
21:54:52,100u,frontend-7bd6f45654-przgb,130,30
21:54:52,100u,frontend-7bd6f45654-s2s7z,61,52
21:54:52,100u,frontend-7bd6f45654-vfxkp,131,28
21:54:52,100u,paymentservice-9bfb7bf5-6hckw,2,66
21:54:52,100u,paymentservice-9bfb7bf5-75nf7,1,100
21:54:52,100u,paymentservice-9bfb7bf5-kgd56,9,113
21:54:52,100u,productcatalogservice-65bbf699df-7w28t,1,21
21:54:52,100u,productcatalogservice-65bbf699df-j2fmg,87,43
21:54:52,100u,productcatalogservice-65bbf699df-qntf5,51,23
21:54:52,100u,recommendationservice-7444754ff5-d8g8j,2,51
21:54:52,100u,recommendationservice-7444754ff5-n8cbh,120,81
21:54:52,100u,recommendationservice-7444754ff5-pwgrt,92,55
21:54:52,100u,redis-cart-c8ff86559-kcf44,8,37
21:54:52,100u,shippingservice-f956b6d9f-nvkxm,1,15
21:54:52,100u,shippingservice-f956b6d9f-pkw7l,8,16
21:54:52,100u,shippingservice-f956b6d9f-w7n4b,15,33
21:54:55,100u,adservice-574bff445c-6mj7s,6,184
21:54:55,100u,adservice-574bff445c-dwnqt,50,249
21:54:55,100u,adservice-574bff445c-qb9cj,15,265
21:54:55,100u,cartservice-7c84fdfb6-gvdl7,2,109
21:54:55,100u,cartservice-7c84fdfb6-m5m6d,124,187
21:54:55,100u,cartservice-7c84fdfb6-rrqpp,1,115
21:54:55,100u,checkoutservice-5b6d96c9b7-45rkr,14,38
21:54:55,100u,checkoutservice-5b6d96c9b7-jbfvs,1,16
21:54:55,100u,checkoutservice-5b6d96c9b7-zvd4c,10,21
21:54:55,100u,currencyservice-7c8fc8fc9c-4hm9g,171,120
21:54:55,100u,currencyservice-7c8fc8fc9c-5frj9,2,85
21:54:55,100u,currencyservice-7c8fc8fc9c-mgwx9,53,123
21:54:55,100u,emailservice-66944ff59-2lcjl,8,94
21:54:55,100u,emailservice-66944ff59-c4g5x,6,56
21:54:55,100u,emailservice-66944ff59-hrmjl,3,56
21:54:55,100u,frontend-7bd6f45654-przgb,130,30
21:54:55,100u,frontend-7bd6f45654-s2s7z,61,52
21:54:55,100u,frontend-7bd6f45654-vfxkp,131,28
21:54:55,100u,paymentservice-9bfb7bf5-6hckw,2,66
21:54:55,100u,paymentservice-9bfb7bf5-75nf7,1,100
21:54:55,100u,paymentservice-9bfb7bf5-kgd56,9,113
21:54:55,100u,productcatalogservice-65bbf699df-7w28t,1,21
21:54:55,100u,productcatalogservice-65bbf699df-j2fmg,87,43
21:54:55,100u,productcatalogservice-65bbf699df-qntf5,51,23
21:54:55,100u,recommendationservice-7444754ff5-d8g8j,2,51
21:54:55,100u,recommendationservice-7444754ff5-n8cbh,120,81
21:54:55,100u,recommendationservice-7444754ff5-pwgrt,92,55
21:54:55,100u,redis-cart-c8ff86559-kcf44,8,37
21:54:55,100u,shippingservice-f956b6d9f-nvkxm,1,15
21:54:55,100u,shippingservice-f956b6d9f-pkw7l,8,16
21:54:55,100u,shippingservice-f956b6d9f-w7n4b,15,33
21:54:58,100u,adservice-574bff445c-6mj7s,6,184
21:54:58,100u,adservice-574bff445c-dwnqt,50,249
21:54:58,100u,adservice-574bff445c-qb9cj,15,265
21:54:58,100u,cartservice-7c84fdfb6-gvdl7,2,109
21:54:58,100u,cartservice-7c84fdfb6-m5m6d,124,187
21:54:58,100u,cartservice-7c84fdfb6-rrqpp,1,115
21:54:58,100u,checkoutservice-5b6d96c9b7-45rkr,14,38
21:54:58,100u,checkoutservice-5b6d96c9b7-jbfvs,1,16
21:54:58,100u,checkoutservice-5b6d96c9b7-zvd4c,10,21
21:54:58,100u,currencyservice-7c8fc8fc9c-4hm9g,171,120
21:54:58,100u,currencyservice-7c8fc8fc9c-5frj9,2,85
21:54:58,100u,currencyservice-7c8fc8fc9c-mgwx9,53,123
21:54:58,100u,emailservice-66944ff59-2lcjl,8,94
21:54:58,100u,emailservice-66944ff59-c4g5x,6,56
21:54:58,100u,emailservice-66944ff59-hrmjl,3,56
21:54:58,100u,frontend-7bd6f45654-przgb,130,30
21:54:58,100u,frontend-7bd6f45654-s2s7z,61,52
21:54:58,100u,frontend-7bd6f45654-vfxkp,131,28
21:54:58,100u,paymentservice-9bfb7bf5-6hckw,2,66
21:54:58,100u,paymentservice-9bfb7bf5-75nf7,1,100
21:54:58,100u,paymentservice-9bfb7bf5-kgd56,9,113
21:54:58,100u,productcatalogservice-65bbf699df-7w28t,1,21
21:54:58,100u,productcatalogservice-65bbf699df-j2fmg,87,43
21:54:58,100u,productcatalogservice-65bbf699df-qntf5,51,23
21:54:58,100u,recommendationservice-7444754ff5-d8g8j,2,51
21:54:58,100u,recommendationservice-7444754ff5-n8cbh,120,81
21:54:58,100u,recommendationservice-7444754ff5-pwgrt,92,55
21:54:58,100u,redis-cart-c8ff86559-kcf44,8,37
21:54:58,100u,shippingservice-f956b6d9f-nvkxm,1,15
21:54:58,100u,shippingservice-f956b6d9f-pkw7l,8,16
21:54:58,100u,shippingservice-f956b6d9f-w7n4b,15,33
21:55:02,100u,adservice-574bff445c-6mj7s,6,184
21:55:02,100u,adservice-574bff445c-dwnqt,50,249
21:55:02,100u,adservice-574bff445c-qb9cj,15,265
21:55:02,100u,cartservice-7c84fdfb6-gvdl7,2,109
21:55:02,100u,cartservice-7c84fdfb6-m5m6d,124,187
21:55:02,100u,cartservice-7c84fdfb6-rrqpp,1,115
21:55:02,100u,checkoutservice-5b6d96c9b7-45rkr,14,38
21:55:02,100u,checkoutservice-5b6d96c9b7-jbfvs,1,16
21:55:02,100u,checkoutservice-5b6d96c9b7-zvd4c,10,21
21:55:02,100u,currencyservice-7c8fc8fc9c-4hm9g,171,120
21:55:02,100u,currencyservice-7c8fc8fc9c-5frj9,2,85
21:55:02,100u,currencyservice-7c8fc8fc9c-mgwx9,53,123
21:55:02,100u,emailservice-66944ff59-2lcjl,8,94
21:55:02,100u,emailservice-66944ff59-c4g5x,6,56
21:55:02,100u,emailservice-66944ff59-hrmjl,3,56
21:55:02,100u,frontend-7bd6f45654-przgb,130,30
21:55:02,100u,frontend-7bd6f45654-s2s7z,61,52
21:55:02,100u,frontend-7bd6f45654-vfxkp,131,28
21:55:02,100u,paymentservice-9bfb7bf5-6hckw,2,66
21:55:02,100u,paymentservice-9bfb7bf5-75nf7,1,100
21:55:02,100u,paymentservice-9bfb7bf5-kgd56,9,113
21:55:02,100u,productcatalogservice-65bbf699df-7w28t,1,21
21:55:02,100u,productcatalogservice-65bbf699df-j2fmg,87,43
21:55:02,100u,productcatalogservice-65bbf699df-qntf5,51,23
21:55:02,100u,recommendationservice-7444754ff5-d8g8j,2,51
21:55:02,100u,recommendationservice-7444754ff5-n8cbh,120,81
21:55:02,100u,recommendationservice-7444754ff5-pwgrt,92,55
21:55:02,100u,redis-cart-c8ff86559-kcf44,8,37
21:55:02,100u,shippingservice-f956b6d9f-nvkxm,1,15
21:55:02,100u,shippingservice-f956b6d9f-pkw7l,8,16
21:55:02,100u,shippingservice-f956b6d9f-w7n4b,15,33
21:55:05,100u,adservice-574bff445c-6mj7s,4,184
21:55:05,100u,adservice-574bff445c-dwnqt,31,249
21:55:05,100u,adservice-574bff445c-qb9cj,10,265
21:55:05,100u,cartservice-7c84fdfb6-gvdl7,1,109
21:55:05,100u,cartservice-7c84fdfb6-m5m6d,75,187
21:55:05,100u,cartservice-7c84fdfb6-rrqpp,2,115
21:55:05,100u,checkoutservice-5b6d96c9b7-45rkr,9,38
21:55:05,100u,checkoutservice-5b6d96c9b7-jbfvs,1,16
21:55:05,100u,checkoutservice-5b6d96c9b7-zvd4c,5,21
21:55:05,100u,currencyservice-7c8fc8fc9c-4hm9g,101,123
21:55:05,100u,currencyservice-7c8fc8fc9c-5frj9,1,85
21:55:05,100u,currencyservice-7c8fc8fc9c-mgwx9,36,123
21:55:05,100u,emailservice-66944ff59-2lcjl,7,94
21:55:05,100u,emailservice-66944ff59-c4g5x,6,56
21:55:05,100u,emailservice-66944ff59-hrmjl,3,56
21:55:05,100u,frontend-7bd6f45654-przgb,84,30
21:55:05,100u,frontend-7bd6f45654-s2s7z,40,52
21:55:05,100u,frontend-7bd6f45654-vfxkp,74,28
21:55:05,100u,paymentservice-9bfb7bf5-6hckw,1,66
21:55:05,100u,paymentservice-9bfb7bf5-75nf7,1,101
21:55:05,100u,paymentservice-9bfb7bf5-kgd56,5,113
21:55:05,100u,productcatalogservice-65bbf699df-7w28t,1,21
21:55:05,100u,productcatalogservice-65bbf699df-j2fmg,56,43
21:55:05,100u,productcatalogservice-65bbf699df-qntf5,31,22
21:55:05,100u,recommendationservice-7444754ff5-d8g8j,2,51
21:55:05,100u,recommendationservice-7444754ff5-n8cbh,72,81
21:55:05,100u,recommendationservice-7444754ff5-pwgrt,61,55
21:55:05,100u,redis-cart-c8ff86559-kcf44,6,37
21:55:05,100u,shippingservice-f956b6d9f-nvkxm,1,15
21:55:05,100u,shippingservice-f956b6d9f-pkw7l,6,16
21:55:05,100u,shippingservice-f956b6d9f-w7n4b,9,33
21:55:08,100u,adservice-574bff445c-6mj7s,4,184
21:55:08,100u,adservice-574bff445c-dwnqt,31,249
21:55:08,100u,adservice-574bff445c-qb9cj,10,265
21:55:08,100u,cartservice-7c84fdfb6-gvdl7,1,109
21:55:08,100u,cartservice-7c84fdfb6-m5m6d,75,187
21:55:08,100u,cartservice-7c84fdfb6-rrqpp,2,115
21:55:08,100u,checkoutservice-5b6d96c9b7-45rkr,9,38
21:55:08,100u,checkoutservice-5b6d96c9b7-jbfvs,1,16
21:55:08,100u,checkoutservice-5b6d96c9b7-zvd4c,5,21
21:55:08,100u,currencyservice-7c8fc8fc9c-4hm9g,101,123
21:55:08,100u,currencyservice-7c8fc8fc9c-5frj9,1,85
21:55:08,100u,currencyservice-7c8fc8fc9c-mgwx9,36,123
21:55:08,100u,emailservice-66944ff59-2lcjl,7,94
21:55:08,100u,emailservice-66944ff59-c4g5x,6,56
21:55:08,100u,emailservice-66944ff59-hrmjl,3,56
21:55:08,100u,frontend-7bd6f45654-przgb,84,30
21:55:08,100u,frontend-7bd6f45654-s2s7z,40,52
21:55:08,100u,frontend-7bd6f45654-vfxkp,74,28
21:55:08,100u,paymentservice-9bfb7bf5-6hckw,1,66
21:55:08,100u,paymentservice-9bfb7bf5-75nf7,1,101
21:55:08,100u,paymentservice-9bfb7bf5-kgd56,5,113
21:55:08,100u,productcatalogservice-65bbf699df-7w28t,1,21
21:55:08,100u,productcatalogservice-65bbf699df-j2fmg,56,43
21:55:08,100u,productcatalogservice-65bbf699df-qntf5,31,22
21:55:08,100u,recommendationservice-7444754ff5-d8g8j,2,51
21:55:08,100u,recommendationservice-7444754ff5-n8cbh,72,81
21:55:08,100u,recommendationservice-7444754ff5-pwgrt,61,55
21:55:08,100u,redis-cart-c8ff86559-kcf44,6,37
21:55:08,100u,shippingservice-f956b6d9f-nvkxm,1,15
21:55:08,100u,shippingservice-f956b6d9f-pkw7l,6,16
21:55:08,100u,shippingservice-f956b6d9f-w7n4b,9,33
21:55:13,100u,adservice-574bff445c-6mj7s,4,184
21:55:13,100u,adservice-574bff445c-dwnqt,31,249
21:55:13,100u,adservice-574bff445c-qb9cj,10,265
21:55:13,100u,cartservice-7c84fdfb6-gvdl7,1,109
21:55:13,100u,cartservice-7c84fdfb6-m5m6d,75,187
21:55:13,100u,cartservice-7c84fdfb6-rrqpp,2,115
21:55:13,100u,checkoutservice-5b6d96c9b7-45rkr,9,38
21:55:13,100u,checkoutservice-5b6d96c9b7-jbfvs,1,16
21:55:13,100u,checkoutservice-5b6d96c9b7-zvd4c,5,21
21:55:13,100u,currencyservice-7c8fc8fc9c-4hm9g,101,123
21:55:13,100u,currencyservice-7c8fc8fc9c-5frj9,1,85
21:55:13,100u,currencyservice-7c8fc8fc9c-mgwx9,36,123
21:55:13,100u,emailservice-66944ff59-2lcjl,7,94
21:55:13,100u,emailservice-66944ff59-c4g5x,6,56
21:55:13,100u,emailservice-66944ff59-hrmjl,3,56
21:55:13,100u,frontend-7bd6f45654-przgb,84,30
21:55:13,100u,frontend-7bd6f45654-s2s7z,40,52
21:55:13,100u,frontend-7bd6f45654-vfxkp,74,28
21:55:13,100u,paymentservice-9bfb7bf5-6hckw,1,66
21:55:13,100u,paymentservice-9bfb7bf5-75nf7,1,101
21:55:13,100u,paymentservice-9bfb7bf5-kgd56,5,113
21:55:13,100u,productcatalogservice-65bbf699df-7w28t,1,21
21:55:13,100u,productcatalogservice-65bbf699df-j2fmg,56,43
21:55:13,100u,productcatalogservice-65bbf699df-qntf5,31,22
21:55:13,100u,recommendationservice-7444754ff5-d8g8j,2,51
21:55:13,100u,recommendationservice-7444754ff5-n8cbh,72,81
21:55:13,100u,recommendationservice-7444754ff5-pwgrt,61,55
21:55:13,100u,redis-cart-c8ff86559-kcf44,6,37
21:55:13,100u,shippingservice-f956b6d9f-nvkxm,1,15
21:55:13,100u,shippingservice-f956b6d9f-pkw7l,6,16
21:55:13,100u,shippingservice-f956b6d9f-w7n4b,9,33
21:55:15,100u,adservice-574bff445c-6mj7s,4,184
21:55:15,100u,adservice-574bff445c-dwnqt,31,249
21:55:15,100u,adservice-574bff445c-qb9cj,10,265
21:55:15,100u,cartservice-7c84fdfb6-gvdl7,1,109
21:55:15,100u,cartservice-7c84fdfb6-m5m6d,75,187
21:55:15,100u,cartservice-7c84fdfb6-rrqpp,2,115
21:55:15,100u,checkoutservice-5b6d96c9b7-45rkr,9,38
21:55:15,100u,checkoutservice-5b6d96c9b7-jbfvs,1,16
21:55:15,100u,checkoutservice-5b6d96c9b7-zvd4c,5,21
21:55:15,100u,currencyservice-7c8fc8fc9c-4hm9g,101,123
21:55:15,100u,currencyservice-7c8fc8fc9c-5frj9,1,85
21:55:15,100u,currencyservice-7c8fc8fc9c-mgwx9,36,123
21:55:15,100u,emailservice-66944ff59-2lcjl,7,94
21:55:15,100u,emailservice-66944ff59-c4g5x,6,56
21:55:15,100u,emailservice-66944ff59-hrmjl,3,56
21:55:15,100u,frontend-7bd6f45654-przgb,84,30
21:55:15,100u,frontend-7bd6f45654-s2s7z,40,52
21:55:15,100u,frontend-7bd6f45654-vfxkp,74,28
21:55:15,100u,paymentservice-9bfb7bf5-6hckw,1,66
21:55:15,100u,paymentservice-9bfb7bf5-75nf7,1,101
21:55:15,100u,paymentservice-9bfb7bf5-kgd56,5,113
21:55:15,100u,productcatalogservice-65bbf699df-7w28t,1,21
21:55:15,100u,productcatalogservice-65bbf699df-j2fmg,56,43
21:55:15,100u,productcatalogservice-65bbf699df-qntf5,31,22
21:55:15,100u,recommendationservice-7444754ff5-d8g8j,2,51
21:55:15,100u,recommendationservice-7444754ff5-n8cbh,72,81
21:55:15,100u,recommendationservice-7444754ff5-pwgrt,61,55
21:55:15,100u,redis-cart-c8ff86559-kcf44,6,37
21:55:15,100u,shippingservice-f956b6d9f-nvkxm,1,15
21:55:15,100u,shippingservice-f956b6d9f-pkw7l,6,16
21:55:15,100u,shippingservice-f956b6d9f-w7n4b,9,33
21:55:18,100u,adservice-574bff445c-6mj7s,4,184
21:55:18,100u,adservice-574bff445c-dwnqt,31,249
21:55:18,100u,adservice-574bff445c-qb9cj,10,265
21:55:18,100u,cartservice-7c84fdfb6-gvdl7,1,109
21:55:18,100u,cartservice-7c84fdfb6-m5m6d,75,187
21:55:18,100u,cartservice-7c84fdfb6-rrqpp,2,115
21:55:18,100u,checkoutservice-5b6d96c9b7-45rkr,9,38
21:55:18,100u,checkoutservice-5b6d96c9b7-jbfvs,1,16
21:55:18,100u,checkoutservice-5b6d96c9b7-zvd4c,5,21
21:55:18,100u,currencyservice-7c8fc8fc9c-4hm9g,101,123
21:55:18,100u,currencyservice-7c8fc8fc9c-5frj9,1,85
21:55:18,100u,currencyservice-7c8fc8fc9c-mgwx9,36,123
21:55:18,100u,emailservice-66944ff59-2lcjl,7,94
21:55:18,100u,emailservice-66944ff59-c4g5x,6,56
21:55:18,100u,emailservice-66944ff59-hrmjl,3,56
21:55:18,100u,frontend-7bd6f45654-przgb,84,30
21:55:18,100u,frontend-7bd6f45654-s2s7z,40,52
21:55:18,100u,frontend-7bd6f45654-vfxkp,74,28
21:55:18,100u,paymentservice-9bfb7bf5-6hckw,1,66
21:55:18,100u,paymentservice-9bfb7bf5-75nf7,1,101
21:55:18,100u,paymentservice-9bfb7bf5-kgd56,5,113
21:55:18,100u,productcatalogservice-65bbf699df-7w28t,1,21
21:55:18,100u,productcatalogservice-65bbf699df-j2fmg,56,43
21:55:18,100u,productcatalogservice-65bbf699df-qntf5,31,22
21:55:18,100u,recommendationservice-7444754ff5-d8g8j,2,51
21:55:18,100u,recommendationservice-7444754ff5-n8cbh,72,81
21:55:18,100u,recommendationservice-7444754ff5-pwgrt,61,55
21:55:18,100u,redis-cart-c8ff86559-kcf44,6,37
21:55:18,100u,shippingservice-f956b6d9f-nvkxm,1,15
21:55:18,100u,shippingservice-f956b6d9f-pkw7l,6,16
21:55:18,100u,shippingservice-f956b6d9f-w7n4b,9,33
21:55:23,100u,adservice-574bff445c-6mj7s,2,184
21:55:23,100u,adservice-574bff445c-dwnqt,41,249
21:55:23,100u,adservice-574bff445c-qb9cj,22,266
21:55:23,100u,cartservice-7c84fdfb6-gvdl7,2,109
21:55:23,100u,cartservice-7c84fdfb6-m5m6d,106,186
21:55:23,100u,cartservice-7c84fdfb6-rrqpp,2,115
21:55:23,100u,checkoutservice-5b6d96c9b7-45rkr,14,38
21:55:23,100u,checkoutservice-5b6d96c9b7-jbfvs,1,16
21:55:23,100u,checkoutservice-5b6d96c9b7-zvd4c,8,21
21:55:23,100u,currencyservice-7c8fc8fc9c-4hm9g,146,123
21:55:23,100u,currencyservice-7c8fc8fc9c-5frj9,2,85
21:55:23,100u,currencyservice-7c8fc8fc9c-mgwx9,77,124
21:55:23,100u,emailservice-66944ff59-2lcjl,9,94
21:55:23,100u,emailservice-66944ff59-c4g5x,6,56
21:55:23,100u,emailservice-66944ff59-hrmjl,2,56
21:55:23,100u,frontend-7bd6f45654-przgb,111,30
21:55:23,100u,frontend-7bd6f45654-s2s7z,95,52
21:55:23,100u,frontend-7bd6f45654-vfxkp,102,27
21:55:23,100u,paymentservice-9bfb7bf5-6hckw,1,66
21:55:23,100u,paymentservice-9bfb7bf5-75nf7,1,101
21:55:23,100u,paymentservice-9bfb7bf5-kgd56,9,113
21:55:23,100u,productcatalogservice-65bbf699df-7w28t,1,21
21:55:23,100u,productcatalogservice-65bbf699df-j2fmg,88,43
21:55:23,100u,productcatalogservice-65bbf699df-qntf5,41,22
21:55:23,100u,recommendationservice-7444754ff5-d8g8j,2,51
21:55:23,100u,recommendationservice-7444754ff5-n8cbh,122,81
21:55:23,100u,recommendationservice-7444754ff5-pwgrt,76,55
21:55:23,100u,redis-cart-c8ff86559-kcf44,8,37
21:55:23,100u,shippingservice-f956b6d9f-nvkxm,1,15
21:55:23,100u,shippingservice-f956b6d9f-pkw7l,6,16
21:55:23,100u,shippingservice-f956b6d9f-w7n4b,16,33
21:55:25,100u,adservice-574bff445c-6mj7s,2,184
21:55:25,100u,adservice-574bff445c-dwnqt,41,249
21:55:25,100u,adservice-574bff445c-qb9cj,22,266
21:55:25,100u,cartservice-7c84fdfb6-gvdl7,2,109
21:55:25,100u,cartservice-7c84fdfb6-m5m6d,106,186
21:55:25,100u,cartservice-7c84fdfb6-rrqpp,2,115
21:55:25,100u,checkoutservice-5b6d96c9b7-45rkr,14,38
21:55:25,100u,checkoutservice-5b6d96c9b7-jbfvs,1,16
21:55:25,100u,checkoutservice-5b6d96c9b7-zvd4c,8,21
21:55:25,100u,currencyservice-7c8fc8fc9c-4hm9g,146,123
21:55:25,100u,currencyservice-7c8fc8fc9c-5frj9,2,85
21:55:25,100u,currencyservice-7c8fc8fc9c-mgwx9,77,124
21:55:25,100u,emailservice-66944ff59-2lcjl,9,94
21:55:25,100u,emailservice-66944ff59-c4g5x,6,56
21:55:25,100u,emailservice-66944ff59-hrmjl,2,56
21:55:25,100u,frontend-7bd6f45654-przgb,111,30
21:55:25,100u,frontend-7bd6f45654-s2s7z,95,52
21:55:25,100u,frontend-7bd6f45654-vfxkp,102,27
21:55:25,100u,paymentservice-9bfb7bf5-6hckw,1,66
21:55:25,100u,paymentservice-9bfb7bf5-75nf7,1,101
21:55:25,100u,paymentservice-9bfb7bf5-kgd56,9,113
21:55:25,100u,productcatalogservice-65bbf699df-7w28t,1,21
21:55:25,100u,productcatalogservice-65bbf699df-j2fmg,88,43
21:55:25,100u,productcatalogservice-65bbf699df-qntf5,41,22
21:55:25,100u,recommendationservice-7444754ff5-d8g8j,2,51
21:55:25,100u,recommendationservice-7444754ff5-n8cbh,122,81
21:55:25,100u,recommendationservice-7444754ff5-pwgrt,76,55
21:55:25,100u,redis-cart-c8ff86559-kcf44,8,37
21:55:25,100u,shippingservice-f956b6d9f-nvkxm,1,15
21:55:25,100u,shippingservice-f956b6d9f-pkw7l,6,16
21:55:25,100u,shippingservice-f956b6d9f-w7n4b,16,33
21:55:28,100u,adservice-574bff445c-6mj7s,2,184
21:55:28,100u,adservice-574bff445c-dwnqt,41,249
21:55:28,100u,adservice-574bff445c-qb9cj,22,266
21:55:28,100u,cartservice-7c84fdfb6-gvdl7,2,109
21:55:28,100u,cartservice-7c84fdfb6-m5m6d,106,186
21:55:28,100u,cartservice-7c84fdfb6-rrqpp,2,115
21:55:28,100u,checkoutservice-5b6d96c9b7-45rkr,14,38
21:55:28,100u,checkoutservice-5b6d96c9b7-jbfvs,1,16
21:55:28,100u,checkoutservice-5b6d96c9b7-zvd4c,8,21
21:55:28,100u,currencyservice-7c8fc8fc9c-4hm9g,146,123
21:55:28,100u,currencyservice-7c8fc8fc9c-5frj9,2,85
21:55:28,100u,currencyservice-7c8fc8fc9c-mgwx9,77,124
21:55:28,100u,emailservice-66944ff59-2lcjl,9,94
21:55:28,100u,emailservice-66944ff59-c4g5x,6,56
21:55:28,100u,emailservice-66944ff59-hrmjl,2,56
21:55:28,100u,frontend-7bd6f45654-przgb,111,30
21:55:28,100u,frontend-7bd6f45654-s2s7z,95,52
21:55:28,100u,frontend-7bd6f45654-vfxkp,102,27
21:55:28,100u,paymentservice-9bfb7bf5-6hckw,1,66
21:55:28,100u,paymentservice-9bfb7bf5-75nf7,1,101
21:55:28,100u,paymentservice-9bfb7bf5-kgd56,9,113
21:55:28,100u,productcatalogservice-65bbf699df-7w28t,1,21
21:55:28,100u,productcatalogservice-65bbf699df-j2fmg,88,43
21:55:28,100u,productcatalogservice-65bbf699df-qntf5,41,22
21:55:28,100u,recommendationservice-7444754ff5-d8g8j,2,51
21:55:28,100u,recommendationservice-7444754ff5-n8cbh,122,81
21:55:28,100u,recommendationservice-7444754ff5-pwgrt,76,55
21:55:28,100u,redis-cart-c8ff86559-kcf44,8,37
21:55:28,100u,shippingservice-f956b6d9f-nvkxm,1,15
21:55:28,100u,shippingservice-f956b6d9f-pkw7l,6,16
21:55:28,100u,shippingservice-f956b6d9f-w7n4b,16,33
21:55:33,100u,adservice-574bff445c-6mj7s,2,184
21:55:33,100u,adservice-574bff445c-dwnqt,41,249
21:55:33,100u,adservice-574bff445c-qb9cj,22,266
21:55:33,100u,cartservice-7c84fdfb6-gvdl7,2,109
21:55:33,100u,cartservice-7c84fdfb6-m5m6d,106,186
21:55:33,100u,cartservice-7c84fdfb6-rrqpp,2,115
21:55:33,100u,checkoutservice-5b6d96c9b7-45rkr,14,38
21:55:33,100u,checkoutservice-5b6d96c9b7-jbfvs,1,16
21:55:33,100u,checkoutservice-5b6d96c9b7-zvd4c,8,21
21:55:33,100u,currencyservice-7c8fc8fc9c-4hm9g,146,123
21:55:33,100u,currencyservice-7c8fc8fc9c-5frj9,2,85
21:55:33,100u,currencyservice-7c8fc8fc9c-mgwx9,77,124
21:55:33,100u,emailservice-66944ff59-2lcjl,9,94
21:55:33,100u,emailservice-66944ff59-c4g5x,6,56
21:55:33,100u,emailservice-66944ff59-hrmjl,2,56
21:55:33,100u,frontend-7bd6f45654-przgb,111,30
21:55:33,100u,frontend-7bd6f45654-s2s7z,95,52
21:55:33,100u,frontend-7bd6f45654-vfxkp,102,27
21:55:33,100u,paymentservice-9bfb7bf5-6hckw,1,66
21:55:33,100u,paymentservice-9bfb7bf5-75nf7,1,101
21:55:33,100u,paymentservice-9bfb7bf5-kgd56,9,113
21:55:33,100u,productcatalogservice-65bbf699df-7w28t,1,21
21:55:33,100u,productcatalogservice-65bbf699df-j2fmg,88,43
21:55:33,100u,productcatalogservice-65bbf699df-qntf5,41,22
21:55:33,100u,recommendationservice-7444754ff5-d8g8j,2,51
21:55:33,100u,recommendationservice-7444754ff5-n8cbh,122,81
21:55:33,100u,recommendationservice-7444754ff5-pwgrt,76,55
21:55:33,100u,redis-cart-c8ff86559-kcf44,8,37
21:55:33,100u,shippingservice-f956b6d9f-nvkxm,1,15
21:55:33,100u,shippingservice-f956b6d9f-pkw7l,6,16
21:55:33,100u,shippingservice-f956b6d9f-w7n4b,16,33
21:55:35,100u,adservice-574bff445c-6mj7s,2,184
21:55:35,100u,adservice-574bff445c-dwnqt,61,249
21:55:35,100u,adservice-574bff445c-qb9cj,37,266
21:55:35,100u,cartservice-7c84fdfb6-gvdl7,1,109
21:55:35,100u,cartservice-7c84fdfb6-m5m6d,143,187
21:55:35,100u,cartservice-7c84fdfb6-rrqpp,1,115
21:55:35,100u,checkoutservice-5b6d96c9b7-45rkr,25,38
21:55:35,100u,checkoutservice-5b6d96c9b7-jbfvs,1,16
21:55:35,100u,checkoutservice-5b6d96c9b7-zvd4c,13,21
21:55:35,100u,currencyservice-7c8fc8fc9c-4hm9g,184,123
21:55:35,100u,currencyservice-7c8fc8fc9c-5frj9,1,85
21:55:35,100u,currencyservice-7c8fc8fc9c-mgwx9,126,123
21:55:35,100u,emailservice-66944ff59-2lcjl,14,94
21:55:35,100u,emailservice-66944ff59-c4g5x,8,56
21:55:35,100u,emailservice-66944ff59-hrmjl,3,56
21:55:35,100u,frontend-7bd6f45654-przgb,161,30
21:55:35,100u,frontend-7bd6f45654-s2s7z,151,53
21:55:35,100u,frontend-7bd6f45654-vfxkp,142,29
21:55:35,100u,paymentservice-9bfb7bf5-6hckw,1,66
21:55:35,100u,paymentservice-9bfb7bf5-75nf7,1,101
21:55:35,100u,paymentservice-9bfb7bf5-kgd56,18,111
21:55:35,100u,productcatalogservice-65bbf699df-7w28t,1,21
21:55:35,100u,productcatalogservice-65bbf699df-j2fmg,134,43
21:55:35,100u,productcatalogservice-65bbf699df-qntf5,57,22
21:55:35,100u,recommendationservice-7444754ff5-d8g8j,2,51
21:55:35,100u,recommendationservice-7444754ff5-n8cbh,184,82
21:55:35,100u,recommendationservice-7444754ff5-pwgrt,118,55
21:55:35,100u,redis-cart-c8ff86559-kcf44,11,37
21:55:35,100u,shippingservice-f956b6d9f-nvkxm,1,15
21:55:35,100u,shippingservice-f956b6d9f-pkw7l,8,16
21:55:35,100u,shippingservice-f956b6d9f-w7n4b,23,33
21:55:38,100u,adservice-574bff445c-6mj7s,2,184
21:55:38,100u,adservice-574bff445c-dwnqt,61,249
21:55:38,100u,adservice-574bff445c-qb9cj,37,266
21:55:38,100u,cartservice-7c84fdfb6-gvdl7,1,109
21:55:38,100u,cartservice-7c84fdfb6-m5m6d,143,187
21:55:38,100u,cartservice-7c84fdfb6-rrqpp,1,115
21:55:38,100u,checkoutservice-5b6d96c9b7-45rkr,25,38
21:55:38,100u,checkoutservice-5b6d96c9b7-jbfvs,1,16
21:55:38,100u,checkoutservice-5b6d96c9b7-zvd4c,13,21
21:55:38,100u,currencyservice-7c8fc8fc9c-4hm9g,184,123
21:55:38,100u,currencyservice-7c8fc8fc9c-5frj9,1,85
21:55:38,100u,currencyservice-7c8fc8fc9c-mgwx9,126,123
21:55:38,100u,emailservice-66944ff59-2lcjl,14,94
21:55:38,100u,emailservice-66944ff59-c4g5x,8,56
21:55:38,100u,emailservice-66944ff59-hrmjl,3,56
21:55:38,100u,frontend-7bd6f45654-przgb,161,30
21:55:38,100u,frontend-7bd6f45654-s2s7z,151,53
21:55:38,100u,frontend-7bd6f45654-vfxkp,142,29
21:55:38,100u,paymentservice-9bfb7bf5-6hckw,1,66
21:55:38,100u,paymentservice-9bfb7bf5-75nf7,1,101
21:55:38,100u,paymentservice-9bfb7bf5-kgd56,18,111
21:55:38,100u,productcatalogservice-65bbf699df-7w28t,1,21
21:55:38,100u,productcatalogservice-65bbf699df-j2fmg,134,43
21:55:38,100u,productcatalogservice-65bbf699df-qntf5,57,22
21:55:38,100u,recommendationservice-7444754ff5-d8g8j,2,51
21:55:38,100u,recommendationservice-7444754ff5-n8cbh,184,82
21:55:38,100u,recommendationservice-7444754ff5-pwgrt,118,55
21:55:38,100u,redis-cart-c8ff86559-kcf44,11,37
21:55:38,100u,shippingservice-f956b6d9f-nvkxm,1,15
21:55:38,100u,shippingservice-f956b6d9f-pkw7l,8,16
21:55:38,100u,shippingservice-f956b6d9f-w7n4b,23,33
21:55:43,100u,adservice-574bff445c-6mj7s,2,184
21:55:43,100u,adservice-574bff445c-dwnqt,61,249
21:55:43,100u,adservice-574bff445c-qb9cj,37,266
21:55:43,100u,cartservice-7c84fdfb6-gvdl7,1,109
21:55:43,100u,cartservice-7c84fdfb6-m5m6d,143,187
21:55:43,100u,cartservice-7c84fdfb6-rrqpp,1,115
21:55:43,100u,checkoutservice-5b6d96c9b7-45rkr,25,38
21:55:43,100u,checkoutservice-5b6d96c9b7-jbfvs,1,16
21:55:43,100u,checkoutservice-5b6d96c9b7-zvd4c,13,21
21:55:43,100u,currencyservice-7c8fc8fc9c-4hm9g,184,123
21:55:43,100u,currencyservice-7c8fc8fc9c-5frj9,1,85
21:55:43,100u,currencyservice-7c8fc8fc9c-mgwx9,126,123
21:55:43,100u,emailservice-66944ff59-2lcjl,14,94
21:55:43,100u,emailservice-66944ff59-c4g5x,8,56
21:55:43,100u,emailservice-66944ff59-hrmjl,3,56
21:55:43,100u,frontend-7bd6f45654-przgb,161,30
21:55:43,100u,frontend-7bd6f45654-s2s7z,151,53
21:55:43,100u,frontend-7bd6f45654-vfxkp,142,29
21:55:43,100u,paymentservice-9bfb7bf5-6hckw,1,66
21:55:43,100u,paymentservice-9bfb7bf5-75nf7,1,101
21:55:43,100u,paymentservice-9bfb7bf5-kgd56,18,111
21:55:43,100u,productcatalogservice-65bbf699df-7w28t,1,21
21:55:43,100u,productcatalogservice-65bbf699df-j2fmg,134,43
21:55:43,100u,productcatalogservice-65bbf699df-qntf5,57,22
21:55:43,100u,recommendationservice-7444754ff5-d8g8j,2,51
21:55:43,100u,recommendationservice-7444754ff5-n8cbh,184,82
21:55:43,100u,recommendationservice-7444754ff5-pwgrt,118,55
21:55:43,100u,redis-cart-c8ff86559-kcf44,11,37
21:55:43,100u,shippingservice-f956b6d9f-nvkxm,1,15
21:55:43,100u,shippingservice-f956b6d9f-pkw7l,8,16
21:55:43,100u,shippingservice-f956b6d9f-w7n4b,23,33
21:55:45,100u,adservice-574bff445c-6mj7s,2,184
21:55:45,100u,adservice-574bff445c-dwnqt,61,249
21:55:45,100u,adservice-574bff445c-qb9cj,37,266
21:55:45,100u,cartservice-7c84fdfb6-gvdl7,1,109
21:55:45,100u,cartservice-7c84fdfb6-m5m6d,143,187
21:55:45,100u,cartservice-7c84fdfb6-rrqpp,1,115
21:55:45,100u,checkoutservice-5b6d96c9b7-45rkr,25,38
21:55:45,100u,checkoutservice-5b6d96c9b7-jbfvs,1,16
21:55:45,100u,checkoutservice-5b6d96c9b7-zvd4c,13,21
21:55:45,100u,currencyservice-7c8fc8fc9c-4hm9g,184,123
21:55:45,100u,currencyservice-7c8fc8fc9c-5frj9,1,85
21:55:45,100u,currencyservice-7c8fc8fc9c-mgwx9,126,123
21:55:45,100u,emailservice-66944ff59-2lcjl,14,94
21:55:45,100u,emailservice-66944ff59-c4g5x,8,56
21:55:45,100u,emailservice-66944ff59-hrmjl,3,56
21:55:45,100u,frontend-7bd6f45654-przgb,161,30
21:55:45,100u,frontend-7bd6f45654-s2s7z,151,53
21:55:45,100u,frontend-7bd6f45654-vfxkp,142,29
21:55:45,100u,paymentservice-9bfb7bf5-6hckw,1,66
21:55:45,100u,paymentservice-9bfb7bf5-75nf7,1,101
21:55:45,100u,paymentservice-9bfb7bf5-kgd56,18,111
21:55:45,100u,productcatalogservice-65bbf699df-7w28t,1,21
21:55:45,100u,productcatalogservice-65bbf699df-j2fmg,134,43
21:55:45,100u,productcatalogservice-65bbf699df-qntf5,57,22
21:55:45,100u,recommendationservice-7444754ff5-d8g8j,2,51
21:55:45,100u,recommendationservice-7444754ff5-n8cbh,184,82
21:55:45,100u,recommendationservice-7444754ff5-pwgrt,118,55
21:55:45,100u,redis-cart-c8ff86559-kcf44,11,37
21:55:45,100u,shippingservice-f956b6d9f-nvkxm,1,15
21:55:45,100u,shippingservice-f956b6d9f-pkw7l,8,16
21:55:45,100u,shippingservice-f956b6d9f-w7n4b,23,33
21:55:48,100u,adservice-574bff445c-6mj7s,2,184
21:55:48,100u,adservice-574bff445c-dwnqt,61,249
21:55:48,100u,adservice-574bff445c-qb9cj,37,266
21:55:48,100u,cartservice-7c84fdfb6-gvdl7,1,109
21:55:48,100u,cartservice-7c84fdfb6-m5m6d,143,187
21:55:48,100u,cartservice-7c84fdfb6-rrqpp,1,115
21:55:48,100u,checkoutservice-5b6d96c9b7-45rkr,25,38
21:55:48,100u,checkoutservice-5b6d96c9b7-jbfvs,1,16
21:55:48,100u,checkoutservice-5b6d96c9b7-zvd4c,13,21
21:55:48,100u,currencyservice-7c8fc8fc9c-4hm9g,184,123
21:55:48,100u,currencyservice-7c8fc8fc9c-5frj9,1,85
21:55:48,100u,currencyservice-7c8fc8fc9c-mgwx9,126,123
21:55:48,100u,emailservice-66944ff59-2lcjl,14,94
21:55:48,100u,emailservice-66944ff59-c4g5x,8,56
21:55:48,100u,emailservice-66944ff59-hrmjl,3,56
21:55:48,100u,frontend-7bd6f45654-przgb,161,30
21:55:48,100u,frontend-7bd6f45654-s2s7z,151,53
21:55:48,100u,frontend-7bd6f45654-vfxkp,142,29
21:55:48,100u,paymentservice-9bfb7bf5-6hckw,1,66
21:55:48,100u,paymentservice-9bfb7bf5-75nf7,1,101
21:55:48,100u,paymentservice-9bfb7bf5-kgd56,18,111
21:55:48,100u,productcatalogservice-65bbf699df-7w28t,1,21
21:55:48,100u,productcatalogservice-65bbf699df-j2fmg,134,43
21:55:48,100u,productcatalogservice-65bbf699df-qntf5,57,22
21:55:48,100u,recommendationservice-7444754ff5-d8g8j,2,51
21:55:48,100u,recommendationservice-7444754ff5-n8cbh,184,82
21:55:48,100u,recommendationservice-7444754ff5-pwgrt,118,55
21:55:48,100u,redis-cart-c8ff86559-kcf44,11,37
21:55:48,100u,shippingservice-f956b6d9f-nvkxm,1,15
21:55:48,100u,shippingservice-f956b6d9f-pkw7l,8,16
21:55:48,100u,shippingservice-f956b6d9f-w7n4b,23,33
21:55:53,100u,adservice-574bff445c-6mj7s,1,184
21:55:53,100u,adservice-574bff445c-dwnqt,77,249
21:55:53,100u,adservice-574bff445c-qb9cj,37,266
21:55:53,100u,cartservice-7c84fdfb6-gvdl7,2,109
21:55:53,100u,cartservice-7c84fdfb6-m5m6d,179,186
21:55:53,100u,cartservice-7c84fdfb6-rrqpp,1,115
21:55:53,100u,checkoutservice-5b6d96c9b7-45rkr,31,38
21:55:53,100u,checkoutservice-5b6d96c9b7-jbfvs,1,16
21:55:53,100u,checkoutservice-5b6d96c9b7-zvd4c,13,21
21:55:53,100u,currencyservice-7c8fc8fc9c-4hm9g,200,123
21:55:53,100u,currencyservice-7c8fc8fc9c-5frj9,1,85
21:55:53,100u,currencyservice-7c8fc8fc9c-mgwx9,125,124
21:55:53,100u,emailservice-66944ff59-2lcjl,15,94
21:55:53,100u,emailservice-66944ff59-c4g5x,8,56
21:55:53,100u,emailservice-66944ff59-hrmjl,3,56
21:55:53,100u,frontend-7bd6f45654-przgb,192,31
21:55:53,100u,frontend-7bd6f45654-s2s7z,154,53
21:55:53,100u,frontend-7bd6f45654-vfxkp,167,29
21:55:53,100u,paymentservice-9bfb7bf5-6hckw,1,66
21:55:53,100u,paymentservice-9bfb7bf5-75nf7,1,101
21:55:53,100u,paymentservice-9bfb7bf5-kgd56,15,111
21:55:53,100u,productcatalogservice-65bbf699df-7w28t,1,21
21:55:53,100u,productcatalogservice-65bbf699df-j2fmg,150,43
21:55:53,100u,productcatalogservice-65bbf699df-qntf5,69,23
21:55:53,100u,recommendationservice-7444754ff5-d8g8j,2,51
21:55:53,100u,recommendationservice-7444754ff5-n8cbh,200,82
21:55:53,100u,recommendationservice-7444754ff5-pwgrt,156,55
21:55:53,100u,redis-cart-c8ff86559-kcf44,13,37
21:55:53,100u,shippingservice-f956b6d9f-nvkxm,1,15
21:55:53,100u,shippingservice-f956b6d9f-pkw7l,11,16
21:55:53,100u,shippingservice-f956b6d9f-w7n4b,27,33
21:55:55,100u,adservice-574bff445c-6mj7s,1,184
21:55:55,100u,adservice-574bff445c-dwnqt,77,249
21:55:55,100u,adservice-574bff445c-qb9cj,37,266
21:55:55,100u,cartservice-7c84fdfb6-gvdl7,2,109
21:55:55,100u,cartservice-7c84fdfb6-m5m6d,179,186
21:55:55,100u,cartservice-7c84fdfb6-rrqpp,1,115
21:55:55,100u,checkoutservice-5b6d96c9b7-45rkr,31,38
21:55:55,100u,checkoutservice-5b6d96c9b7-jbfvs,1,16
21:55:55,100u,checkoutservice-5b6d96c9b7-zvd4c,13,21
21:55:55,100u,currencyservice-7c8fc8fc9c-4hm9g,200,123
21:55:55,100u,currencyservice-7c8fc8fc9c-5frj9,1,85
21:55:55,100u,currencyservice-7c8fc8fc9c-mgwx9,125,124
21:55:55,100u,emailservice-66944ff59-2lcjl,15,94
21:55:55,100u,emailservice-66944ff59-c4g5x,8,56
21:55:55,100u,emailservice-66944ff59-hrmjl,3,56
21:55:55,100u,frontend-7bd6f45654-przgb,192,31
21:55:55,100u,frontend-7bd6f45654-s2s7z,154,53
21:55:55,100u,frontend-7bd6f45654-vfxkp,167,29
21:55:55,100u,paymentservice-9bfb7bf5-6hckw,1,66
21:55:55,100u,paymentservice-9bfb7bf5-75nf7,1,101
21:55:55,100u,paymentservice-9bfb7bf5-kgd56,15,111
21:55:55,100u,productcatalogservice-65bbf699df-7w28t,1,21
21:55:55,100u,productcatalogservice-65bbf699df-j2fmg,150,43
21:55:55,100u,productcatalogservice-65bbf699df-qntf5,69,23
21:55:55,100u,recommendationservice-7444754ff5-d8g8j,2,51
21:55:55,100u,recommendationservice-7444754ff5-n8cbh,200,82
21:55:55,100u,recommendationservice-7444754ff5-pwgrt,156,55
21:55:55,100u,redis-cart-c8ff86559-kcf44,13,37
21:55:55,100u,shippingservice-f956b6d9f-nvkxm,1,15
21:55:55,100u,shippingservice-f956b6d9f-pkw7l,11,16
21:55:55,100u,shippingservice-f956b6d9f-w7n4b,27,33
21:55:58,100u,adservice-574bff445c-6mj7s,1,184
21:55:58,100u,adservice-574bff445c-dwnqt,77,249
21:55:58,100u,adservice-574bff445c-qb9cj,37,266
21:55:58,100u,cartservice-7c84fdfb6-gvdl7,2,109
21:55:58,100u,cartservice-7c84fdfb6-m5m6d,179,186
21:55:58,100u,cartservice-7c84fdfb6-rrqpp,1,115
21:55:58,100u,checkoutservice-5b6d96c9b7-45rkr,31,38
21:55:58,100u,checkoutservice-5b6d96c9b7-jbfvs,1,16
21:55:58,100u,checkoutservice-5b6d96c9b7-zvd4c,13,21
21:55:58,100u,currencyservice-7c8fc8fc9c-4hm9g,200,123
21:55:58,100u,currencyservice-7c8fc8fc9c-5frj9,1,85
21:55:58,100u,currencyservice-7c8fc8fc9c-mgwx9,125,124
21:55:58,100u,emailservice-66944ff59-2lcjl,15,94
21:55:58,100u,emailservice-66944ff59-c4g5x,8,56
21:55:58,100u,emailservice-66944ff59-hrmjl,3,56
21:55:58,100u,frontend-7bd6f45654-przgb,192,31
21:55:58,100u,frontend-7bd6f45654-s2s7z,154,53
21:55:58,100u,frontend-7bd6f45654-vfxkp,167,29
21:55:58,100u,paymentservice-9bfb7bf5-6hckw,1,66
21:55:58,100u,paymentservice-9bfb7bf5-75nf7,1,101
21:55:58,100u,paymentservice-9bfb7bf5-kgd56,15,111
21:55:58,100u,productcatalogservice-65bbf699df-7w28t,1,21
21:55:58,100u,productcatalogservice-65bbf699df-j2fmg,150,43
21:55:58,100u,productcatalogservice-65bbf699df-qntf5,69,23
21:55:58,100u,recommendationservice-7444754ff5-d8g8j,2,51
21:55:58,100u,recommendationservice-7444754ff5-n8cbh,200,82
21:55:58,100u,recommendationservice-7444754ff5-pwgrt,156,55
21:55:58,100u,redis-cart-c8ff86559-kcf44,13,37
21:55:58,100u,shippingservice-f956b6d9f-nvkxm,1,15
21:55:58,100u,shippingservice-f956b6d9f-pkw7l,11,16
21:55:58,100u,shippingservice-f956b6d9f-w7n4b,27,33
21:56:03,100u,adservice-574bff445c-6mj7s,1,184
21:56:03,100u,adservice-574bff445c-dwnqt,77,249
21:56:03,100u,adservice-574bff445c-qb9cj,37,266
21:56:03,100u,cartservice-7c84fdfb6-gvdl7,2,109
21:56:03,100u,cartservice-7c84fdfb6-m5m6d,179,186
21:56:03,100u,cartservice-7c84fdfb6-rrqpp,1,115
21:56:03,100u,checkoutservice-5b6d96c9b7-45rkr,31,38
21:56:03,100u,checkoutservice-5b6d96c9b7-jbfvs,1,16
21:56:03,100u,checkoutservice-5b6d96c9b7-zvd4c,13,21
21:56:03,100u,currencyservice-7c8fc8fc9c-4hm9g,200,123
21:56:03,100u,currencyservice-7c8fc8fc9c-5frj9,1,85
21:56:03,100u,currencyservice-7c8fc8fc9c-mgwx9,125,124
21:56:03,100u,emailservice-66944ff59-2lcjl,15,94
21:56:03,100u,emailservice-66944ff59-c4g5x,8,56
21:56:03,100u,emailservice-66944ff59-hrmjl,3,56
21:56:03,100u,frontend-7bd6f45654-przgb,192,31
21:56:03,100u,frontend-7bd6f45654-s2s7z,154,53
21:56:03,100u,frontend-7bd6f45654-vfxkp,167,29
21:56:03,100u,paymentservice-9bfb7bf5-6hckw,1,66
21:56:03,100u,paymentservice-9bfb7bf5-75nf7,1,101
21:56:03,100u,paymentservice-9bfb7bf5-kgd56,15,111
21:56:03,100u,productcatalogservice-65bbf699df-7w28t,1,21
21:56:03,100u,productcatalogservice-65bbf699df-j2fmg,150,43
21:56:03,100u,productcatalogservice-65bbf699df-qntf5,69,23
21:56:03,100u,recommendationservice-7444754ff5-d8g8j,2,51
21:56:03,100u,recommendationservice-7444754ff5-n8cbh,200,82
21:56:03,100u,recommendationservice-7444754ff5-pwgrt,156,55
21:56:03,100u,redis-cart-c8ff86559-kcf44,13,37
21:56:03,100u,shippingservice-f956b6d9f-nvkxm,1,15
21:56:03,100u,shippingservice-f956b6d9f-pkw7l,11,16
21:56:03,100u,shippingservice-f956b6d9f-w7n4b,27,33
21:56:05,100u,adservice-574bff445c-6mj7s,4,184
21:56:05,100u,adservice-574bff445c-dwnqt,75,249
21:56:05,100u,adservice-574bff445c-qb9cj,34,266
21:56:05,100u,cartservice-7c84fdfb6-gvdl7,1,109
21:56:05,100u,cartservice-7c84fdfb6-m5m6d,173,185
21:56:05,100u,cartservice-7c84fdfb6-rrqpp,2,115
21:56:05,100u,checkoutservice-5b6d96c9b7-45rkr,34,38
21:56:05,100u,checkoutservice-5b6d96c9b7-jbfvs,1,16
21:56:05,100u,checkoutservice-5b6d96c9b7-zvd4c,15,21
21:56:05,100u,currencyservice-7c8fc8fc9c-4hm9g,193,125
21:56:05,100u,currencyservice-7c8fc8fc9c-5frj9,1,85
21:56:05,100u,currencyservice-7c8fc8fc9c-mgwx9,133,123
21:56:05,100u,emailservice-66944ff59-2lcjl,17,94
21:56:05,100u,emailservice-66944ff59-c4g5x,8,56
21:56:05,100u,emailservice-66944ff59-hrmjl,2,56
21:56:05,100u,frontend-7bd6f45654-przgb,185,30
21:56:05,100u,frontend-7bd6f45654-s2s7z,155,53
21:56:05,100u,frontend-7bd6f45654-vfxkp,163,29
21:56:05,100u,paymentservice-9bfb7bf5-6hckw,2,66
21:56:05,100u,paymentservice-9bfb7bf5-75nf7,2,101
21:56:05,100u,paymentservice-9bfb7bf5-kgd56,17,111
21:56:05,100u,productcatalogservice-65bbf699df-7w28t,1,21
21:56:05,100u,productcatalogservice-65bbf699df-j2fmg,148,43
21:56:05,100u,productcatalogservice-65bbf699df-qntf5,67,23
21:56:05,100u,recommendationservice-7444754ff5-d8g8j,2,51
21:56:05,100u,recommendationservice-7444754ff5-n8cbh,193,82
21:56:05,100u,recommendationservice-7444754ff5-pwgrt,153,55
21:56:05,100u,redis-cart-c8ff86559-kcf44,13,37
21:56:05,100u,shippingservice-f956b6d9f-nvkxm,1,15
21:56:05,100u,shippingservice-f956b6d9f-pkw7l,10,17
21:56:05,100u,shippingservice-f956b6d9f-w7n4b,28,33
21:56:08,100u,adservice-574bff445c-6mj7s,4,184
21:56:08,100u,adservice-574bff445c-dwnqt,75,249
21:56:08,100u,adservice-574bff445c-qb9cj,34,266
21:56:08,100u,cartservice-7c84fdfb6-gvdl7,1,109
21:56:08,100u,cartservice-7c84fdfb6-m5m6d,173,185
21:56:08,100u,cartservice-7c84fdfb6-rrqpp,2,115
21:56:08,100u,checkoutservice-5b6d96c9b7-45rkr,34,38
21:56:08,100u,checkoutservice-5b6d96c9b7-jbfvs,1,16
21:56:08,100u,checkoutservice-5b6d96c9b7-zvd4c,15,21
21:56:08,100u,currencyservice-7c8fc8fc9c-4hm9g,193,125
21:56:08,100u,currencyservice-7c8fc8fc9c-5frj9,1,85
21:56:08,100u,currencyservice-7c8fc8fc9c-mgwx9,133,123
21:56:08,100u,emailservice-66944ff59-2lcjl,17,94
21:56:08,100u,emailservice-66944ff59-c4g5x,8,56
21:56:08,100u,emailservice-66944ff59-hrmjl,2,56
21:56:08,100u,frontend-7bd6f45654-przgb,185,30
21:56:08,100u,frontend-7bd6f45654-s2s7z,155,53
21:56:08,100u,frontend-7bd6f45654-vfxkp,163,29
21:56:08,100u,paymentservice-9bfb7bf5-6hckw,2,66
21:56:08,100u,paymentservice-9bfb7bf5-75nf7,2,101
21:56:08,100u,paymentservice-9bfb7bf5-kgd56,17,111
21:56:08,100u,productcatalogservice-65bbf699df-7w28t,1,21
21:56:08,100u,productcatalogservice-65bbf699df-j2fmg,148,43
21:56:08,100u,productcatalogservice-65bbf699df-qntf5,67,23
21:56:08,100u,recommendationservice-7444754ff5-d8g8j,2,51
21:56:08,100u,recommendationservice-7444754ff5-n8cbh,193,82
21:56:08,100u,recommendationservice-7444754ff5-pwgrt,153,55
21:56:08,100u,redis-cart-c8ff86559-kcf44,13,37
21:56:08,100u,shippingservice-f956b6d9f-nvkxm,1,15
21:56:08,100u,shippingservice-f956b6d9f-pkw7l,10,17
21:56:08,100u,shippingservice-f956b6d9f-w7n4b,28,33
21:56:13,100u,adservice-574bff445c-6mj7s,4,184
21:56:13,100u,adservice-574bff445c-dwnqt,75,249
21:56:13,100u,adservice-574bff445c-qb9cj,34,266
21:56:13,100u,cartservice-7c84fdfb6-gvdl7,1,109
21:56:13,100u,cartservice-7c84fdfb6-m5m6d,173,185
21:56:13,100u,cartservice-7c84fdfb6-rrqpp,2,115
21:56:13,100u,checkoutservice-5b6d96c9b7-45rkr,34,38
21:56:13,100u,checkoutservice-5b6d96c9b7-jbfvs,1,16
21:56:13,100u,checkoutservice-5b6d96c9b7-zvd4c,15,21
21:56:13,100u,currencyservice-7c8fc8fc9c-4hm9g,193,125
21:56:13,100u,currencyservice-7c8fc8fc9c-5frj9,1,85
21:56:13,100u,currencyservice-7c8fc8fc9c-mgwx9,133,123
21:56:13,100u,emailservice-66944ff59-2lcjl,17,94
21:56:13,100u,emailservice-66944ff59-c4g5x,8,56
21:56:13,100u,emailservice-66944ff59-hrmjl,2,56
21:56:13,100u,frontend-7bd6f45654-przgb,185,30
21:56:13,100u,frontend-7bd6f45654-s2s7z,155,53
21:56:13,100u,frontend-7bd6f45654-vfxkp,163,29
21:56:13,100u,paymentservice-9bfb7bf5-6hckw,2,66
21:56:13,100u,paymentservice-9bfb7bf5-75nf7,2,101
21:56:13,100u,paymentservice-9bfb7bf5-kgd56,17,111
21:56:13,100u,productcatalogservice-65bbf699df-7w28t,1,21
21:56:13,100u,productcatalogservice-65bbf699df-j2fmg,148,43
21:56:13,100u,productcatalogservice-65bbf699df-qntf5,67,23
21:56:13,100u,recommendationservice-7444754ff5-d8g8j,2,51
21:56:13,100u,recommendationservice-7444754ff5-n8cbh,193,82
21:56:13,100u,recommendationservice-7444754ff5-pwgrt,153,55
21:56:13,100u,redis-cart-c8ff86559-kcf44,13,37
21:56:13,100u,shippingservice-f956b6d9f-nvkxm,1,15
21:56:13,100u,shippingservice-f956b6d9f-pkw7l,10,17
21:56:13,100u,shippingservice-f956b6d9f-w7n4b,28,33
21:56:15,100u,adservice-574bff445c-6mj7s,4,184
21:56:15,100u,adservice-574bff445c-dwnqt,75,249
21:56:15,100u,adservice-574bff445c-qb9cj,34,266
21:56:15,100u,cartservice-7c84fdfb6-gvdl7,1,109
21:56:15,100u,cartservice-7c84fdfb6-m5m6d,173,185
21:56:15,100u,cartservice-7c84fdfb6-rrqpp,2,115
21:56:15,100u,checkoutservice-5b6d96c9b7-45rkr,34,38
21:56:15,100u,checkoutservice-5b6d96c9b7-jbfvs,1,16
21:56:15,100u,checkoutservice-5b6d96c9b7-zvd4c,15,21
21:56:15,100u,currencyservice-7c8fc8fc9c-4hm9g,193,125
21:56:15,100u,currencyservice-7c8fc8fc9c-5frj9,1,85
21:56:15,100u,currencyservice-7c8fc8fc9c-mgwx9,133,123
21:56:15,100u,emailservice-66944ff59-2lcjl,17,94
21:56:15,100u,emailservice-66944ff59-c4g5x,8,56
21:56:15,100u,emailservice-66944ff59-hrmjl,2,56
21:56:15,100u,frontend-7bd6f45654-przgb,185,30
21:56:15,100u,frontend-7bd6f45654-s2s7z,155,53
21:56:15,100u,frontend-7bd6f45654-vfxkp,163,29
21:56:15,100u,paymentservice-9bfb7bf5-6hckw,2,66
21:56:15,100u,paymentservice-9bfb7bf5-75nf7,2,101
21:56:15,100u,paymentservice-9bfb7bf5-kgd56,17,111
21:56:15,100u,productcatalogservice-65bbf699df-7w28t,1,21
21:56:15,100u,productcatalogservice-65bbf699df-j2fmg,148,43
21:56:15,100u,productcatalogservice-65bbf699df-qntf5,67,23
21:56:15,100u,recommendationservice-7444754ff5-d8g8j,2,51
21:56:15,100u,recommendationservice-7444754ff5-n8cbh,193,82
21:56:15,100u,recommendationservice-7444754ff5-pwgrt,153,55
21:56:15,100u,redis-cart-c8ff86559-kcf44,13,37
21:56:15,100u,shippingservice-f956b6d9f-nvkxm,1,15
21:56:15,100u,shippingservice-f956b6d9f-pkw7l,10,17
21:56:15,100u,shippingservice-f956b6d9f-w7n4b,28,33
21:56:18,100u,adservice-574bff445c-6mj7s,4,184
21:56:18,100u,adservice-574bff445c-dwnqt,75,249
21:56:18,100u,adservice-574bff445c-qb9cj,34,266
21:56:18,100u,cartservice-7c84fdfb6-gvdl7,1,109
21:56:18,100u,cartservice-7c84fdfb6-m5m6d,173,185
21:56:18,100u,cartservice-7c84fdfb6-rrqpp,2,115
21:56:18,100u,checkoutservice-5b6d96c9b7-45rkr,34,38
21:56:18,100u,checkoutservice-5b6d96c9b7-jbfvs,1,16
21:56:18,100u,checkoutservice-5b6d96c9b7-zvd4c,15,21
21:56:18,100u,currencyservice-7c8fc8fc9c-4hm9g,193,125
21:56:18,100u,currencyservice-7c8fc8fc9c-5frj9,1,85
21:56:18,100u,currencyservice-7c8fc8fc9c-mgwx9,133,123
21:56:18,100u,emailservice-66944ff59-2lcjl,17,94
21:56:18,100u,emailservice-66944ff59-c4g5x,8,56
21:56:18,100u,emailservice-66944ff59-hrmjl,2,56
21:56:18,100u,frontend-7bd6f45654-przgb,185,30
21:56:18,100u,frontend-7bd6f45654-s2s7z,155,53
21:56:18,100u,frontend-7bd6f45654-vfxkp,163,29
21:56:18,100u,paymentservice-9bfb7bf5-6hckw,2,66
21:56:18,100u,paymentservice-9bfb7bf5-75nf7,2,101
21:56:18,100u,paymentservice-9bfb7bf5-kgd56,17,111
21:56:18,100u,productcatalogservice-65bbf699df-7w28t,1,21
21:56:18,100u,productcatalogservice-65bbf699df-j2fmg,148,43
21:56:18,100u,productcatalogservice-65bbf699df-qntf5,67,23
21:56:18,100u,recommendationservice-7444754ff5-d8g8j,2,51
21:56:18,100u,recommendationservice-7444754ff5-n8cbh,193,82
21:56:18,100u,recommendationservice-7444754ff5-pwgrt,153,55
21:56:18,100u,redis-cart-c8ff86559-kcf44,13,37
21:56:18,100u,shippingservice-f956b6d9f-nvkxm,1,15
21:56:18,100u,shippingservice-f956b6d9f-pkw7l,10,17
21:56:18,100u,shippingservice-f956b6d9f-w7n4b,28,33
21:56:23,100u,adservice-574bff445c-6mj7s,1,184
21:56:23,100u,adservice-574bff445c-dwnqt,78,250
21:56:23,100u,adservice-574bff445c-qb9cj,36,266
21:56:23,100u,cartservice-7c84fdfb6-gvdl7,2,110
21:56:23,100u,cartservice-7c84fdfb6-m5m6d,166,185
21:56:23,100u,cartservice-7c84fdfb6-rrqpp,1,115
21:56:23,100u,checkoutservice-5b6d96c9b7-45rkr,35,38
21:56:23,100u,checkoutservice-5b6d96c9b7-jbfvs,1,16
21:56:23,100u,checkoutservice-5b6d96c9b7-zvd4c,18,21
21:56:23,100u,currencyservice-7c8fc8fc9c-4hm9g,200,125
21:56:23,100u,currencyservice-7c8fc8fc9c-5frj9,2,85
21:56:23,100u,currencyservice-7c8fc8fc9c-mgwx9,144,125
21:56:23,100u,emailservice-66944ff59-2lcjl,17,94
21:56:23,100u,emailservice-66944ff59-c4g5x,9,56
21:56:23,100u,emailservice-66944ff59-hrmjl,2,56
21:56:23,100u,frontend-7bd6f45654-przgb,189,31
21:56:23,100u,frontend-7bd6f45654-s2s7z,163,53
21:56:23,100u,frontend-7bd6f45654-vfxkp,161,29
21:56:23,100u,paymentservice-9bfb7bf5-6hckw,7,68
21:56:23,100u,paymentservice-9bfb7bf5-75nf7,2,101
21:56:23,100u,paymentservice-9bfb7bf5-kgd56,17,111
21:56:23,100u,productcatalogservice-65bbf699df-7w28t,1,21
21:56:23,100u,productcatalogservice-65bbf699df-j2fmg,150,43
21:56:23,100u,productcatalogservice-65bbf699df-qntf5,66,23
21:56:23,100u,recommendationservice-7444754ff5-d8g8j,2,51
21:56:23,100u,recommendationservice-7444754ff5-n8cbh,200,82
21:56:23,100u,recommendationservice-7444754ff5-pwgrt,161,55
21:56:23,100u,redis-cart-c8ff86559-kcf44,12,37
21:56:23,100u,shippingservice-f956b6d9f-nvkxm,1,15
21:56:23,100u,shippingservice-f956b6d9f-pkw7l,11,16
21:56:23,100u,shippingservice-f956b6d9f-w7n4b,29,33
21:56:26,100u,adservice-574bff445c-6mj7s,1,184
21:56:26,100u,adservice-574bff445c-dwnqt,78,250
21:56:26,100u,adservice-574bff445c-qb9cj,36,266
21:56:26,100u,cartservice-7c84fdfb6-gvdl7,2,110
21:56:26,100u,cartservice-7c84fdfb6-m5m6d,166,185
21:56:26,100u,cartservice-7c84fdfb6-rrqpp,1,115
21:56:26,100u,checkoutservice-5b6d96c9b7-45rkr,35,38
21:56:26,100u,checkoutservice-5b6d96c9b7-jbfvs,1,16
21:56:26,100u,checkoutservice-5b6d96c9b7-zvd4c,18,21
21:56:26,100u,currencyservice-7c8fc8fc9c-4hm9g,200,125
21:56:26,100u,currencyservice-7c8fc8fc9c-5frj9,2,85
21:56:26,100u,currencyservice-7c8fc8fc9c-mgwx9,144,125
21:56:26,100u,emailservice-66944ff59-2lcjl,17,94
21:56:26,100u,emailservice-66944ff59-c4g5x,9,56
21:56:26,100u,emailservice-66944ff59-hrmjl,2,56
21:56:26,100u,frontend-7bd6f45654-przgb,189,31
21:56:26,100u,frontend-7bd6f45654-s2s7z,163,53
21:56:26,100u,frontend-7bd6f45654-vfxkp,161,29
21:56:26,100u,paymentservice-9bfb7bf5-6hckw,7,68
21:56:26,100u,paymentservice-9bfb7bf5-75nf7,2,101
21:56:26,100u,paymentservice-9bfb7bf5-kgd56,17,111
21:56:26,100u,productcatalogservice-65bbf699df-7w28t,1,21
21:56:26,100u,productcatalogservice-65bbf699df-j2fmg,150,43
21:56:26,100u,productcatalogservice-65bbf699df-qntf5,66,23
21:56:26,100u,recommendationservice-7444754ff5-d8g8j,2,51
21:56:26,100u,recommendationservice-7444754ff5-n8cbh,200,82
21:56:26,100u,recommendationservice-7444754ff5-pwgrt,161,55
21:56:26,100u,redis-cart-c8ff86559-kcf44,12,37
21:56:26,100u,shippingservice-f956b6d9f-nvkxm,1,15
21:56:26,100u,shippingservice-f956b6d9f-pkw7l,11,16
21:56:26,100u,shippingservice-f956b6d9f-w7n4b,29,33
21:56:28,100u,adservice-574bff445c-6mj7s,1,184
21:56:28,100u,adservice-574bff445c-dwnqt,78,250
21:56:28,100u,adservice-574bff445c-qb9cj,36,266
21:56:28,100u,cartservice-7c84fdfb6-gvdl7,2,110
21:56:28,100u,cartservice-7c84fdfb6-m5m6d,166,185
21:56:28,100u,cartservice-7c84fdfb6-rrqpp,1,115
21:56:28,100u,checkoutservice-5b6d96c9b7-45rkr,35,38
21:56:28,100u,checkoutservice-5b6d96c9b7-jbfvs,1,16
21:56:28,100u,checkoutservice-5b6d96c9b7-zvd4c,18,21
21:56:28,100u,currencyservice-7c8fc8fc9c-4hm9g,200,125
21:56:28,100u,currencyservice-7c8fc8fc9c-5frj9,2,85
21:56:28,100u,currencyservice-7c8fc8fc9c-mgwx9,144,125
21:56:28,100u,emailservice-66944ff59-2lcjl,17,94
21:56:28,100u,emailservice-66944ff59-c4g5x,9,56
21:56:28,100u,emailservice-66944ff59-hrmjl,2,56
21:56:28,100u,frontend-7bd6f45654-przgb,189,31
21:56:28,100u,frontend-7bd6f45654-s2s7z,163,53
21:56:28,100u,frontend-7bd6f45654-vfxkp,161,29
21:56:28,100u,paymentservice-9bfb7bf5-6hckw,7,68
21:56:28,100u,paymentservice-9bfb7bf5-75nf7,2,101
21:56:28,100u,paymentservice-9bfb7bf5-kgd56,17,111
21:56:28,100u,productcatalogservice-65bbf699df-7w28t,1,21
21:56:28,100u,productcatalogservice-65bbf699df-j2fmg,150,43
21:56:28,100u,productcatalogservice-65bbf699df-qntf5,66,23
21:56:28,100u,recommendationservice-7444754ff5-d8g8j,2,51
21:56:28,100u,recommendationservice-7444754ff5-n8cbh,200,82
21:56:28,100u,recommendationservice-7444754ff5-pwgrt,161,55
21:56:28,100u,redis-cart-c8ff86559-kcf44,12,37
21:56:28,100u,shippingservice-f956b6d9f-nvkxm,1,15
21:56:28,100u,shippingservice-f956b6d9f-pkw7l,11,16
21:56:28,100u,shippingservice-f956b6d9f-w7n4b,29,33
21:56:33,100u,adservice-574bff445c-6mj7s,1,184
21:56:33,100u,adservice-574bff445c-dwnqt,78,250
21:56:33,100u,adservice-574bff445c-qb9cj,36,266
21:56:33,100u,cartservice-7c84fdfb6-gvdl7,2,110
21:56:33,100u,cartservice-7c84fdfb6-m5m6d,166,185
21:56:33,100u,cartservice-7c84fdfb6-rrqpp,1,115
21:56:33,100u,checkoutservice-5b6d96c9b7-45rkr,35,38
21:56:33,100u,checkoutservice-5b6d96c9b7-jbfvs,1,16
21:56:33,100u,checkoutservice-5b6d96c9b7-zvd4c,18,21
21:56:33,100u,currencyservice-7c8fc8fc9c-4hm9g,200,125
21:56:33,100u,currencyservice-7c8fc8fc9c-5frj9,2,85
21:56:33,100u,currencyservice-7c8fc8fc9c-mgwx9,144,125
21:56:33,100u,emailservice-66944ff59-2lcjl,17,94
21:56:33,100u,emailservice-66944ff59-c4g5x,9,56
21:56:33,100u,emailservice-66944ff59-hrmjl,2,56
21:56:33,100u,frontend-7bd6f45654-przgb,189,31
21:56:33,100u,frontend-7bd6f45654-s2s7z,163,53
21:56:33,100u,frontend-7bd6f45654-vfxkp,161,29
21:56:33,100u,paymentservice-9bfb7bf5-6hckw,7,68
21:56:33,100u,paymentservice-9bfb7bf5-75nf7,2,101
21:56:33,100u,paymentservice-9bfb7bf5-kgd56,17,111
21:56:33,100u,productcatalogservice-65bbf699df-7w28t,1,21
21:56:33,100u,productcatalogservice-65bbf699df-j2fmg,150,43
21:56:33,100u,productcatalogservice-65bbf699df-qntf5,66,23
21:56:33,100u,recommendationservice-7444754ff5-d8g8j,2,51
21:56:33,100u,recommendationservice-7444754ff5-n8cbh,200,82
21:56:33,100u,recommendationservice-7444754ff5-pwgrt,161,55
21:56:33,100u,redis-cart-c8ff86559-kcf44,12,37
21:56:33,100u,shippingservice-f956b6d9f-nvkxm,1,15
21:56:33,100u,shippingservice-f956b6d9f-pkw7l,11,16
21:56:33,100u,shippingservice-f956b6d9f-w7n4b,29,33
21:56:36,100u,adservice-574bff445c-6mj7s,2,184
21:56:36,100u,adservice-574bff445c-dwnqt,75,250
21:56:36,100u,adservice-574bff445c-qb9cj,39,266
21:56:36,100u,cartservice-7c84fdfb6-gvdl7,1,110
21:56:36,100u,cartservice-7c84fdfb6-m5m6d,157,185
21:56:36,100u,cartservice-7c84fdfb6-rrqpp,1,115
21:56:36,100u,checkoutservice-5b6d96c9b7-45rkr,32,38
21:56:36,100u,checkoutservice-5b6d96c9b7-jbfvs,1,16
21:56:36,100u,checkoutservice-5b6d96c9b7-zvd4c,13,21
21:56:36,100u,currencyservice-7c8fc8fc9c-4hm9g,199,125
21:56:36,100u,currencyservice-7c8fc8fc9c-5frj9,1,85
21:56:36,100u,currencyservice-7c8fc8fc9c-mgwx9,132,124
21:56:36,100u,emailservice-66944ff59-2lcjl,16,94
21:56:36,100u,emailservice-66944ff59-c4g5x,8,56
21:56:36,100u,emailservice-66944ff59-hrmjl,3,56
21:56:36,100u,frontend-7bd6f45654-przgb,191,31
21:56:36,100u,frontend-7bd6f45654-s2s7z,152,53
21:56:36,100u,frontend-7bd6f45654-vfxkp,159,31
21:56:36,100u,paymentservice-9bfb7bf5-6hckw,1,68
21:56:36,100u,paymentservice-9bfb7bf5-75nf7,1,101
21:56:36,100u,paymentservice-9bfb7bf5-kgd56,16,111
21:56:36,100u,productcatalogservice-65bbf699df-7w28t,1,21
21:56:36,100u,productcatalogservice-65bbf699df-j2fmg,145,44
21:56:36,100u,productcatalogservice-65bbf699df-qntf5,66,22
21:56:36,100u,recommendationservice-7444754ff5-d8g8j,2,51
21:56:36,100u,recommendationservice-7444754ff5-n8cbh,199,81
21:56:36,100u,recommendationservice-7444754ff5-pwgrt,162,55
21:56:36,100u,redis-cart-c8ff86559-kcf44,12,37
21:56:36,100u,shippingservice-f956b6d9f-nvkxm,1,15
21:56:36,100u,shippingservice-f956b6d9f-pkw7l,12,16
21:56:36,100u,shippingservice-f956b6d9f-w7n4b,26,33
21:56:39,100u,adservice-574bff445c-6mj7s,2,184
21:56:39,100u,adservice-574bff445c-dwnqt,75,250
21:56:39,100u,adservice-574bff445c-qb9cj,39,266
21:56:39,100u,cartservice-7c84fdfb6-gvdl7,1,110
21:56:39,100u,cartservice-7c84fdfb6-m5m6d,157,185
21:56:39,100u,cartservice-7c84fdfb6-rrqpp,1,115
21:56:39,100u,checkoutservice-5b6d96c9b7-45rkr,32,38
21:56:39,100u,checkoutservice-5b6d96c9b7-jbfvs,1,16
21:56:39,100u,checkoutservice-5b6d96c9b7-zvd4c,13,21
21:56:39,100u,currencyservice-7c8fc8fc9c-4hm9g,199,125
21:56:39,100u,currencyservice-7c8fc8fc9c-5frj9,1,85
21:56:39,100u,currencyservice-7c8fc8fc9c-mgwx9,132,124
21:56:39,100u,emailservice-66944ff59-2lcjl,16,94
21:56:39,100u,emailservice-66944ff59-c4g5x,8,56
21:56:39,100u,emailservice-66944ff59-hrmjl,3,56
21:56:39,100u,frontend-7bd6f45654-przgb,191,31
21:56:39,100u,frontend-7bd6f45654-s2s7z,152,53
21:56:39,100u,frontend-7bd6f45654-vfxkp,159,31
21:56:39,100u,paymentservice-9bfb7bf5-6hckw,1,68
21:56:39,100u,paymentservice-9bfb7bf5-75nf7,1,101
21:56:39,100u,paymentservice-9bfb7bf5-kgd56,16,111
21:56:39,100u,productcatalogservice-65bbf699df-7w28t,1,21
21:56:39,100u,productcatalogservice-65bbf699df-j2fmg,145,44
21:56:39,100u,productcatalogservice-65bbf699df-qntf5,66,22
21:56:39,100u,recommendationservice-7444754ff5-d8g8j,2,51
21:56:39,100u,recommendationservice-7444754ff5-n8cbh,199,81
21:56:39,100u,recommendationservice-7444754ff5-pwgrt,162,55
21:56:39,100u,redis-cart-c8ff86559-kcf44,12,37
21:56:39,100u,shippingservice-f956b6d9f-nvkxm,1,15
21:56:39,100u,shippingservice-f956b6d9f-pkw7l,12,16
21:56:39,100u,shippingservice-f956b6d9f-w7n4b,26,33
21:56:43,100u,adservice-574bff445c-6mj7s,2,184
21:56:43,100u,adservice-574bff445c-dwnqt,75,250
21:56:43,100u,adservice-574bff445c-qb9cj,39,266
21:56:43,100u,cartservice-7c84fdfb6-gvdl7,1,110
21:56:43,100u,cartservice-7c84fdfb6-m5m6d,157,185
21:56:43,100u,cartservice-7c84fdfb6-rrqpp,1,115
21:56:43,100u,checkoutservice-5b6d96c9b7-45rkr,32,38
21:56:43,100u,checkoutservice-5b6d96c9b7-jbfvs,1,16
21:56:43,100u,checkoutservice-5b6d96c9b7-zvd4c,13,21
21:56:43,100u,currencyservice-7c8fc8fc9c-4hm9g,199,125
21:56:43,100u,currencyservice-7c8fc8fc9c-5frj9,1,85
21:56:43,100u,currencyservice-7c8fc8fc9c-mgwx9,132,124
21:56:43,100u,emailservice-66944ff59-2lcjl,16,94
21:56:43,100u,emailservice-66944ff59-c4g5x,8,56
21:56:43,100u,emailservice-66944ff59-hrmjl,3,56
21:56:43,100u,frontend-7bd6f45654-przgb,191,31
21:56:43,100u,frontend-7bd6f45654-s2s7z,152,53
21:56:43,100u,frontend-7bd6f45654-vfxkp,159,31
21:56:43,100u,paymentservice-9bfb7bf5-6hckw,1,68
21:56:43,100u,paymentservice-9bfb7bf5-75nf7,1,101
21:56:43,100u,paymentservice-9bfb7bf5-kgd56,16,111
21:56:43,100u,productcatalogservice-65bbf699df-7w28t,1,21
21:56:43,100u,productcatalogservice-65bbf699df-j2fmg,145,44
21:56:43,100u,productcatalogservice-65bbf699df-qntf5,66,22
21:56:43,100u,recommendationservice-7444754ff5-d8g8j,2,51
21:56:43,100u,recommendationservice-7444754ff5-n8cbh,199,81
21:56:43,100u,recommendationservice-7444754ff5-pwgrt,162,55
21:56:43,100u,redis-cart-c8ff86559-kcf44,12,37
21:56:43,100u,shippingservice-f956b6d9f-nvkxm,1,15
21:56:43,100u,shippingservice-f956b6d9f-pkw7l,12,16
21:56:43,100u,shippingservice-f956b6d9f-w7n4b,26,33
21:56:46,100u,adservice-574bff445c-6mj7s,2,184
21:56:46,100u,adservice-574bff445c-dwnqt,75,250
21:56:46,100u,adservice-574bff445c-qb9cj,39,266
21:56:46,100u,cartservice-7c84fdfb6-gvdl7,1,110
21:56:46,100u,cartservice-7c84fdfb6-m5m6d,157,185
21:56:46,100u,cartservice-7c84fdfb6-rrqpp,1,115
21:56:46,100u,checkoutservice-5b6d96c9b7-45rkr,32,38
21:56:46,100u,checkoutservice-5b6d96c9b7-jbfvs,1,16
21:56:46,100u,checkoutservice-5b6d96c9b7-zvd4c,13,21
21:56:46,100u,currencyservice-7c8fc8fc9c-4hm9g,199,125
21:56:46,100u,currencyservice-7c8fc8fc9c-5frj9,1,85
21:56:46,100u,currencyservice-7c8fc8fc9c-mgwx9,132,124
21:56:46,100u,emailservice-66944ff59-2lcjl,16,94
21:56:46,100u,emailservice-66944ff59-c4g5x,8,56
21:56:46,100u,emailservice-66944ff59-hrmjl,3,56
21:56:46,100u,frontend-7bd6f45654-przgb,191,31
21:56:46,100u,frontend-7bd6f45654-s2s7z,152,53
21:56:46,100u,frontend-7bd6f45654-vfxkp,159,31
21:56:46,100u,paymentservice-9bfb7bf5-6hckw,1,68
21:56:46,100u,paymentservice-9bfb7bf5-75nf7,1,101
21:56:46,100u,paymentservice-9bfb7bf5-kgd56,16,111
21:56:46,100u,productcatalogservice-65bbf699df-7w28t,1,21
21:56:46,100u,productcatalogservice-65bbf699df-j2fmg,145,44
21:56:46,100u,productcatalogservice-65bbf699df-qntf5,66,22
21:56:46,100u,recommendationservice-7444754ff5-d8g8j,2,51
21:56:46,100u,recommendationservice-7444754ff5-n8cbh,199,81
21:56:46,100u,recommendationservice-7444754ff5-pwgrt,162,55
21:56:46,100u,redis-cart-c8ff86559-kcf44,12,37
21:56:46,100u,shippingservice-f956b6d9f-nvkxm,1,15
21:56:46,100u,shippingservice-f956b6d9f-pkw7l,12,16
21:56:46,100u,shippingservice-f956b6d9f-w7n4b,26,33
21:56:49,100u,adservice-574bff445c-6mj7s,2,184
21:56:49,100u,adservice-574bff445c-dwnqt,75,250
21:56:49,100u,adservice-574bff445c-qb9cj,39,266
21:56:49,100u,cartservice-7c84fdfb6-gvdl7,1,110
21:56:49,100u,cartservice-7c84fdfb6-m5m6d,157,185
21:56:49,100u,cartservice-7c84fdfb6-rrqpp,1,115
21:56:49,100u,checkoutservice-5b6d96c9b7-45rkr,32,38
21:56:49,100u,checkoutservice-5b6d96c9b7-jbfvs,1,16
21:56:49,100u,checkoutservice-5b6d96c9b7-zvd4c,13,21
21:56:49,100u,currencyservice-7c8fc8fc9c-4hm9g,199,125
21:56:49,100u,currencyservice-7c8fc8fc9c-5frj9,1,85
21:56:49,100u,currencyservice-7c8fc8fc9c-mgwx9,132,124
21:56:49,100u,emailservice-66944ff59-2lcjl,16,94
21:56:49,100u,emailservice-66944ff59-c4g5x,8,56
21:56:49,100u,emailservice-66944ff59-hrmjl,3,56
21:56:49,100u,frontend-7bd6f45654-przgb,191,31
21:56:49,100u,frontend-7bd6f45654-s2s7z,152,53
21:56:49,100u,frontend-7bd6f45654-vfxkp,159,31
21:56:49,100u,paymentservice-9bfb7bf5-6hckw,1,68
21:56:49,100u,paymentservice-9bfb7bf5-75nf7,1,101
21:56:49,100u,paymentservice-9bfb7bf5-kgd56,16,111
21:56:49,100u,productcatalogservice-65bbf699df-7w28t,1,21
21:56:49,100u,productcatalogservice-65bbf699df-j2fmg,145,44
21:56:49,100u,productcatalogservice-65bbf699df-qntf5,66,22
21:56:49,100u,recommendationservice-7444754ff5-d8g8j,2,51
21:56:49,100u,recommendationservice-7444754ff5-n8cbh,199,81
21:56:49,100u,recommendationservice-7444754ff5-pwgrt,162,55
21:56:49,100u,redis-cart-c8ff86559-kcf44,12,37
21:56:49,100u,shippingservice-f956b6d9f-nvkxm,1,15
21:56:49,100u,shippingservice-f956b6d9f-pkw7l,12,16
21:56:49,100u,shippingservice-f956b6d9f-w7n4b,26,33
21:56:54,100u,adservice-574bff445c-6mj7s,3,187
21:56:54,100u,adservice-574bff445c-dwnqt,66,251
21:56:54,100u,adservice-574bff445c-qb9cj,30,266
21:56:54,100u,cartservice-7c84fdfb6-gvdl7,1,110
21:56:54,100u,cartservice-7c84fdfb6-m5m6d,133,185
21:56:54,100u,cartservice-7c84fdfb6-rrqpp,1,115
21:56:54,100u,checkoutservice-5b6d96c9b7-45rkr,28,38
21:56:54,100u,checkoutservice-5b6d96c9b7-jbfvs,1,16
21:56:54,100u,checkoutservice-5b6d96c9b7-zvd4c,10,21
21:56:54,100u,currencyservice-7c8fc8fc9c-4hm9g,178,125
21:56:54,100u,currencyservice-7c8fc8fc9c-5frj9,2,85
21:56:54,100u,currencyservice-7c8fc8fc9c-mgwx9,112,124
21:56:54,100u,emailservice-66944ff59-2lcjl,14,94
21:56:54,100u,emailservice-66944ff59-c4g5x,7,56
21:56:54,100u,emailservice-66944ff59-hrmjl,2,56
21:56:54,100u,frontend-7bd6f45654-przgb,166,31
21:56:54,100u,frontend-7bd6f45654-s2s7z,138,54
21:56:54,100u,frontend-7bd6f45654-vfxkp,137,31
21:56:54,100u,paymentservice-9bfb7bf5-6hckw,2,68
21:56:54,100u,paymentservice-9bfb7bf5-75nf7,1,101
21:56:54,100u,paymentservice-9bfb7bf5-kgd56,13,111
21:56:54,100u,productcatalogservice-65bbf699df-7w28t,1,21
21:56:54,100u,productcatalogservice-65bbf699df-j2fmg,130,44
21:56:54,100u,productcatalogservice-65bbf699df-qntf5,58,22
21:56:54,100u,recommendationservice-7444754ff5-d8g8j,3,51
21:56:54,100u,recommendationservice-7444754ff5-n8cbh,176,82
21:56:54,100u,recommendationservice-7444754ff5-pwgrt,137,55
21:56:54,100u,redis-cart-c8ff86559-kcf44,10,37
21:56:54,100u,shippingservice-f956b6d9f-nvkxm,1,15
21:56:54,100u,shippingservice-f956b6d9f-pkw7l,10,16
21:56:54,100u,shippingservice-f956b6d9f-w7n4b,22,33
21:56:56,100u,adservice-574bff445c-6mj7s,3,187
21:56:56,100u,adservice-574bff445c-dwnqt,66,251
21:56:56,100u,adservice-574bff445c-qb9cj,30,266
21:56:56,100u,cartservice-7c84fdfb6-gvdl7,1,110
21:56:56,100u,cartservice-7c84fdfb6-m5m6d,133,185
21:56:56,100u,cartservice-7c84fdfb6-rrqpp,1,115
21:56:56,100u,checkoutservice-5b6d96c9b7-45rkr,28,38
21:56:56,100u,checkoutservice-5b6d96c9b7-jbfvs,1,16
21:56:56,100u,checkoutservice-5b6d96c9b7-zvd4c,10,21
21:56:56,100u,currencyservice-7c8fc8fc9c-4hm9g,178,125
21:56:56,100u,currencyservice-7c8fc8fc9c-5frj9,2,85
21:56:56,100u,currencyservice-7c8fc8fc9c-mgwx9,112,124
21:56:56,100u,emailservice-66944ff59-2lcjl,14,94
21:56:56,100u,emailservice-66944ff59-c4g5x,7,56
21:56:56,100u,emailservice-66944ff59-hrmjl,2,56
21:56:56,100u,frontend-7bd6f45654-przgb,166,31
21:56:56,100u,frontend-7bd6f45654-s2s7z,138,54
21:56:56,100u,frontend-7bd6f45654-vfxkp,137,31
21:56:56,100u,paymentservice-9bfb7bf5-6hckw,2,68
21:56:56,100u,paymentservice-9bfb7bf5-75nf7,1,101
21:56:56,100u,paymentservice-9bfb7bf5-kgd56,13,111
21:56:56,100u,productcatalogservice-65bbf699df-7w28t,1,21
21:56:56,100u,productcatalogservice-65bbf699df-j2fmg,130,44
21:56:56,100u,productcatalogservice-65bbf699df-qntf5,58,22
21:56:56,100u,recommendationservice-7444754ff5-d8g8j,3,51
21:56:56,100u,recommendationservice-7444754ff5-n8cbh,176,82
21:56:56,100u,recommendationservice-7444754ff5-pwgrt,137,55
21:56:56,100u,redis-cart-c8ff86559-kcf44,10,37
21:56:56,100u,shippingservice-f956b6d9f-nvkxm,1,15
21:56:56,100u,shippingservice-f956b6d9f-pkw7l,10,16
21:56:56,100u,shippingservice-f956b6d9f-w7n4b,22,33
21:56:59,100u,adservice-574bff445c-6mj7s,3,187
21:56:59,100u,adservice-574bff445c-dwnqt,66,251
21:56:59,100u,adservice-574bff445c-qb9cj,30,266
21:56:59,100u,cartservice-7c84fdfb6-gvdl7,1,110
21:56:59,100u,cartservice-7c84fdfb6-m5m6d,133,185
21:56:59,100u,cartservice-7c84fdfb6-rrqpp,1,115
21:56:59,100u,checkoutservice-5b6d96c9b7-45rkr,28,38
21:56:59,100u,checkoutservice-5b6d96c9b7-jbfvs,1,16
21:56:59,100u,checkoutservice-5b6d96c9b7-zvd4c,10,21
21:56:59,100u,currencyservice-7c8fc8fc9c-4hm9g,178,125
21:56:59,100u,currencyservice-7c8fc8fc9c-5frj9,2,85
21:56:59,100u,currencyservice-7c8fc8fc9c-mgwx9,112,124
21:56:59,100u,emailservice-66944ff59-2lcjl,14,94
21:56:59,100u,emailservice-66944ff59-c4g5x,7,56
21:56:59,100u,emailservice-66944ff59-hrmjl,2,56
21:56:59,100u,frontend-7bd6f45654-przgb,166,31
21:56:59,100u,frontend-7bd6f45654-s2s7z,138,54
21:56:59,100u,frontend-7bd6f45654-vfxkp,137,31
21:56:59,100u,paymentservice-9bfb7bf5-6hckw,2,68
21:56:59,100u,paymentservice-9bfb7bf5-75nf7,1,101
21:56:59,100u,paymentservice-9bfb7bf5-kgd56,13,111
21:56:59,100u,productcatalogservice-65bbf699df-7w28t,1,21
21:56:59,100u,productcatalogservice-65bbf699df-j2fmg,130,44
21:56:59,100u,productcatalogservice-65bbf699df-qntf5,58,22
21:56:59,100u,recommendationservice-7444754ff5-d8g8j,3,51
21:56:59,100u,recommendationservice-7444754ff5-n8cbh,176,82
21:56:59,100u,recommendationservice-7444754ff5-pwgrt,137,55
21:56:59,100u,redis-cart-c8ff86559-kcf44,10,37
21:56:59,100u,shippingservice-f956b6d9f-nvkxm,1,15
21:56:59,100u,shippingservice-f956b6d9f-pkw7l,10,16
21:56:59,100u,shippingservice-f956b6d9f-w7n4b,22,33
21:57:04,100u,adservice-574bff445c-6mj7s,3,187
21:57:04,100u,adservice-574bff445c-dwnqt,66,251
21:57:04,100u,adservice-574bff445c-qb9cj,30,266
21:57:04,100u,cartservice-7c84fdfb6-gvdl7,1,110
21:57:04,100u,cartservice-7c84fdfb6-m5m6d,133,185
21:57:04,100u,cartservice-7c84fdfb6-rrqpp,1,115
21:57:04,100u,checkoutservice-5b6d96c9b7-45rkr,28,38
21:57:04,100u,checkoutservice-5b6d96c9b7-jbfvs,1,16
21:57:04,100u,checkoutservice-5b6d96c9b7-zvd4c,10,21
21:57:04,100u,currencyservice-7c8fc8fc9c-4hm9g,178,125
21:57:04,100u,currencyservice-7c8fc8fc9c-5frj9,2,85
21:57:04,100u,currencyservice-7c8fc8fc9c-mgwx9,112,124
21:57:04,100u,emailservice-66944ff59-2lcjl,14,94
21:57:04,100u,emailservice-66944ff59-c4g5x,7,56
21:57:04,100u,emailservice-66944ff59-hrmjl,2,56
21:57:04,100u,frontend-7bd6f45654-przgb,166,31
21:57:04,100u,frontend-7bd6f45654-s2s7z,138,54
21:57:04,100u,frontend-7bd6f45654-vfxkp,137,31
21:57:04,100u,paymentservice-9bfb7bf5-6hckw,2,68
21:57:04,100u,paymentservice-9bfb7bf5-75nf7,1,101
21:57:04,100u,paymentservice-9bfb7bf5-kgd56,13,111
21:57:04,100u,productcatalogservice-65bbf699df-7w28t,1,21
21:57:04,100u,productcatalogservice-65bbf699df-j2fmg,130,44
21:57:04,100u,productcatalogservice-65bbf699df-qntf5,58,22
21:57:04,100u,recommendationservice-7444754ff5-d8g8j,3,51
21:57:04,100u,recommendationservice-7444754ff5-n8cbh,176,82
21:57:04,100u,recommendationservice-7444754ff5-pwgrt,137,55
21:57:04,100u,redis-cart-c8ff86559-kcf44,10,37
21:57:04,100u,shippingservice-f956b6d9f-nvkxm,1,15
21:57:04,100u,shippingservice-f956b6d9f-pkw7l,10,16
21:57:04,100u,shippingservice-f956b6d9f-w7n4b,22,33
21:57:06,100u,adservice-574bff445c-6mj7s,5,187
21:57:06,100u,adservice-574bff445c-dwnqt,22,251
21:57:06,100u,adservice-574bff445c-qb9cj,11,266
21:57:06,100u,cartservice-7c84fdfb6-gvdl7,2,110
21:57:06,100u,cartservice-7c84fdfb6-m5m6d,42,185
21:57:06,100u,cartservice-7c84fdfb6-rrqpp,3,115
21:57:06,100u,checkoutservice-5b6d96c9b7-45rkr,10,38
21:57:06,100u,checkoutservice-5b6d96c9b7-jbfvs,1,16
21:57:06,100u,checkoutservice-5b6d96c9b7-zvd4c,3,21
21:57:06,100u,currencyservice-7c8fc8fc9c-4hm9g,50,125
21:57:06,100u,currencyservice-7c8fc8fc9c-5frj9,4,85
21:57:06,100u,currencyservice-7c8fc8fc9c-mgwx9,35,124
21:57:06,100u,emailservice-66944ff59-2lcjl,7,94
21:57:06,100u,emailservice-66944ff59-c4g5x,5,56
21:57:06,100u,emailservice-66944ff59-hrmjl,4,56
21:57:06,100u,frontend-7bd6f45654-przgb,47,31
21:57:06,100u,frontend-7bd6f45654-s2s7z,41,53
21:57:06,100u,frontend-7bd6f45654-vfxkp,38,31
21:57:06,100u,paymentservice-9bfb7bf5-6hckw,2,68
21:57:06,100u,paymentservice-9bfb7bf5-75nf7,1,101
21:57:06,100u,paymentservice-9bfb7bf5-kgd56,5,111
21:57:06,100u,productcatalogservice-65bbf699df-7w28t,1,21
21:57:06,100u,productcatalogservice-65bbf699df-j2fmg,38,44
21:57:06,100u,productcatalogservice-65bbf699df-qntf5,17,22
21:57:06,100u,recommendationservice-7444754ff5-d8g8j,4,51
21:57:06,100u,recommendationservice-7444754ff5-n8cbh,54,81
21:57:06,100u,recommendationservice-7444754ff5-pwgrt,44,55
21:57:06,100u,redis-cart-c8ff86559-kcf44,6,37
21:57:06,100u,shippingservice-f956b6d9f-nvkxm,1,15
21:57:06,100u,shippingservice-f956b6d9f-pkw7l,4,16
21:57:06,100u,shippingservice-f956b6d9f-w7n4b,7,33
21:57:09,100u,adservice-574bff445c-6mj7s,5,187
21:57:09,100u,adservice-574bff445c-dwnqt,22,251
21:57:09,100u,adservice-574bff445c-qb9cj,11,266
21:57:09,100u,cartservice-7c84fdfb6-gvdl7,2,110
21:57:09,100u,cartservice-7c84fdfb6-m5m6d,42,185
21:57:09,100u,cartservice-7c84fdfb6-rrqpp,3,115
21:57:09,100u,checkoutservice-5b6d96c9b7-45rkr,10,38
21:57:09,100u,checkoutservice-5b6d96c9b7-jbfvs,1,16
21:57:09,100u,checkoutservice-5b6d96c9b7-zvd4c,3,21
21:57:09,100u,currencyservice-7c8fc8fc9c-4hm9g,50,125
21:57:09,100u,currencyservice-7c8fc8fc9c-5frj9,4,85
21:57:09,100u,currencyservice-7c8fc8fc9c-mgwx9,35,124
21:57:09,100u,emailservice-66944ff59-2lcjl,7,94
21:57:09,100u,emailservice-66944ff59-c4g5x,5,56
21:57:09,100u,emailservice-66944ff59-hrmjl,4,56
21:57:09,100u,frontend-7bd6f45654-przgb,47,31
21:57:09,100u,frontend-7bd6f45654-s2s7z,41,53
21:57:09,100u,frontend-7bd6f45654-vfxkp,38,31
21:57:09,100u,paymentservice-9bfb7bf5-6hckw,2,68
21:57:09,100u,paymentservice-9bfb7bf5-75nf7,1,101
21:57:09,100u,paymentservice-9bfb7bf5-kgd56,5,111
21:57:09,100u,productcatalogservice-65bbf699df-7w28t,1,21
21:57:09,100u,productcatalogservice-65bbf699df-j2fmg,38,44
21:57:09,100u,productcatalogservice-65bbf699df-qntf5,17,22
21:57:09,100u,recommendationservice-7444754ff5-d8g8j,4,51
21:57:09,100u,recommendationservice-7444754ff5-n8cbh,54,81
21:57:09,100u,recommendationservice-7444754ff5-pwgrt,44,55
21:57:09,100u,redis-cart-c8ff86559-kcf44,6,37
21:57:09,100u,shippingservice-f956b6d9f-nvkxm,1,15
21:57:09,100u,shippingservice-f956b6d9f-pkw7l,4,16
21:57:09,100u,shippingservice-f956b6d9f-w7n4b,7,33
21:57:14,100u,adservice-574bff445c-6mj7s,5,187
21:57:14,100u,adservice-574bff445c-dwnqt,22,251
21:57:14,100u,adservice-574bff445c-qb9cj,11,266
21:57:14,100u,cartservice-7c84fdfb6-gvdl7,2,110
21:57:14,100u,cartservice-7c84fdfb6-m5m6d,42,185
21:57:14,100u,cartservice-7c84fdfb6-rrqpp,3,115
21:57:14,100u,checkoutservice-5b6d96c9b7-45rkr,10,38
21:57:14,100u,checkoutservice-5b6d96c9b7-jbfvs,1,16
21:57:14,100u,checkoutservice-5b6d96c9b7-zvd4c,3,21
21:57:14,100u,currencyservice-7c8fc8fc9c-4hm9g,50,125
21:57:14,100u,currencyservice-7c8fc8fc9c-5frj9,4,85
21:57:14,100u,currencyservice-7c8fc8fc9c-mgwx9,35,124
21:57:14,100u,emailservice-66944ff59-2lcjl,7,94
21:57:14,100u,emailservice-66944ff59-c4g5x,5,56
21:57:14,100u,emailservice-66944ff59-hrmjl,4,56
21:57:14,100u,frontend-7bd6f45654-przgb,47,31
21:57:14,100u,frontend-7bd6f45654-s2s7z,41,53
21:57:14,100u,frontend-7bd6f45654-vfxkp,38,31
21:57:14,100u,paymentservice-9bfb7bf5-6hckw,2,68
21:57:14,100u,paymentservice-9bfb7bf5-75nf7,1,101
21:57:14,100u,paymentservice-9bfb7bf5-kgd56,5,111
21:57:14,100u,productcatalogservice-65bbf699df-7w28t,1,21
21:57:14,100u,productcatalogservice-65bbf699df-j2fmg,38,44
21:57:14,100u,productcatalogservice-65bbf699df-qntf5,17,22
21:57:14,100u,recommendationservice-7444754ff5-d8g8j,4,51
21:57:14,100u,recommendationservice-7444754ff5-n8cbh,54,81
21:57:14,100u,recommendationservice-7444754ff5-pwgrt,44,55
21:57:14,100u,redis-cart-c8ff86559-kcf44,6,37
21:57:14,100u,shippingservice-f956b6d9f-nvkxm,1,15
21:57:14,100u,shippingservice-f956b6d9f-pkw7l,4,16
21:57:14,100u,shippingservice-f956b6d9f-w7n4b,7,33
21:57:16,100u,adservice-574bff445c-6mj7s,5,187
21:57:16,100u,adservice-574bff445c-dwnqt,22,251
21:57:16,100u,adservice-574bff445c-qb9cj,11,266
21:57:16,100u,cartservice-7c84fdfb6-gvdl7,2,110
21:57:16,100u,cartservice-7c84fdfb6-m5m6d,42,185
21:57:16,100u,cartservice-7c84fdfb6-rrqpp,3,115
21:57:16,100u,checkoutservice-5b6d96c9b7-45rkr,10,38
21:57:16,100u,checkoutservice-5b6d96c9b7-jbfvs,1,16
21:57:16,100u,checkoutservice-5b6d96c9b7-zvd4c,3,21
21:57:16,100u,currencyservice-7c8fc8fc9c-4hm9g,50,125
21:57:16,100u,currencyservice-7c8fc8fc9c-5frj9,4,85
21:57:16,100u,currencyservice-7c8fc8fc9c-mgwx9,35,124
21:57:16,100u,emailservice-66944ff59-2lcjl,7,94
21:57:16,100u,emailservice-66944ff59-c4g5x,5,56
21:57:16,100u,emailservice-66944ff59-hrmjl,4,56
21:57:16,100u,frontend-7bd6f45654-przgb,47,31
21:57:16,100u,frontend-7bd6f45654-s2s7z,41,53
21:57:16,100u,frontend-7bd6f45654-vfxkp,38,31
21:57:16,100u,paymentservice-9bfb7bf5-6hckw,2,68
21:57:16,100u,paymentservice-9bfb7bf5-75nf7,1,101
21:57:16,100u,paymentservice-9bfb7bf5-kgd56,5,111
21:57:16,100u,productcatalogservice-65bbf699df-7w28t,1,21
21:57:16,100u,productcatalogservice-65bbf699df-j2fmg,38,44
21:57:16,100u,productcatalogservice-65bbf699df-qntf5,17,22
21:57:16,100u,recommendationservice-7444754ff5-d8g8j,4,51
21:57:16,100u,recommendationservice-7444754ff5-n8cbh,54,81
21:57:16,100u,recommendationservice-7444754ff5-pwgrt,44,55
21:57:16,100u,redis-cart-c8ff86559-kcf44,6,37
21:57:16,100u,shippingservice-f956b6d9f-nvkxm,1,15
21:57:16,100u,shippingservice-f956b6d9f-pkw7l,4,16
21:57:16,100u,shippingservice-f956b6d9f-w7n4b,7,33
21:57:19,100u,adservice-574bff445c-6mj7s,5,187
21:57:19,100u,adservice-574bff445c-dwnqt,22,251
21:57:19,100u,adservice-574bff445c-qb9cj,11,266
21:57:19,100u,cartservice-7c84fdfb6-gvdl7,2,110
21:57:19,100u,cartservice-7c84fdfb6-m5m6d,42,185
21:57:19,100u,cartservice-7c84fdfb6-rrqpp,3,115
21:57:19,100u,checkoutservice-5b6d96c9b7-45rkr,10,38
21:57:19,100u,checkoutservice-5b6d96c9b7-jbfvs,1,16
21:57:19,100u,checkoutservice-5b6d96c9b7-zvd4c,3,21
21:57:19,100u,currencyservice-7c8fc8fc9c-4hm9g,50,125
21:57:19,100u,currencyservice-7c8fc8fc9c-5frj9,4,85
21:57:19,100u,currencyservice-7c8fc8fc9c-mgwx9,35,124
21:57:19,100u,emailservice-66944ff59-2lcjl,7,94
21:57:19,100u,emailservice-66944ff59-c4g5x,5,56
21:57:19,100u,emailservice-66944ff59-hrmjl,4,56
21:57:19,100u,frontend-7bd6f45654-przgb,47,31
21:57:19,100u,frontend-7bd6f45654-s2s7z,41,53
21:57:19,100u,frontend-7bd6f45654-vfxkp,38,31
21:57:19,100u,paymentservice-9bfb7bf5-6hckw,2,68
21:57:19,100u,paymentservice-9bfb7bf5-75nf7,1,101
21:57:19,100u,paymentservice-9bfb7bf5-kgd56,5,111
21:57:19,100u,productcatalogservice-65bbf699df-7w28t,1,21
21:57:19,100u,productcatalogservice-65bbf699df-j2fmg,38,44
21:57:19,100u,productcatalogservice-65bbf699df-qntf5,17,22
21:57:19,100u,recommendationservice-7444754ff5-d8g8j,4,51
21:57:19,100u,recommendationservice-7444754ff5-n8cbh,54,81
21:57:19,100u,recommendationservice-7444754ff5-pwgrt,44,55
21:57:19,100u,redis-cart-c8ff86559-kcf44,6,37
21:57:19,100u,shippingservice-f956b6d9f-nvkxm,1,15
21:57:19,100u,shippingservice-f956b6d9f-pkw7l,4,16
21:57:19,100u,shippingservice-f956b6d9f-w7n4b,7,33
21:57:24,100u,adservice-574bff445c-6mj7s,6,187
21:57:24,100u,adservice-574bff445c-dwnqt,2,251
21:57:24,100u,adservice-574bff445c-qb9cj,2,266
21:57:24,100u,cartservice-7c84fdfb6-gvdl7,3,110
21:57:24,100u,cartservice-7c84fdfb6-m5m6d,3,185
21:57:24,100u,cartservice-7c84fdfb6-rrqpp,2,115
21:57:24,100u,checkoutservice-5b6d96c9b7-45rkr,1,38
21:57:24,100u,checkoutservice-5b6d96c9b7-jbfvs,1,16
21:57:24,100u,checkoutservice-5b6d96c9b7-zvd4c,1,21
21:57:24,100u,currencyservice-7c8fc8fc9c-4hm9g,1,125
21:57:24,100u,currencyservice-7c8fc8fc9c-5frj9,3,85
21:57:24,100u,currencyservice-7c8fc8fc9c-mgwx9,1,124
21:57:24,100u,emailservice-66944ff59-2lcjl,4,94
21:57:24,100u,emailservice-66944ff59-c4g5x,5,56
21:57:24,100u,emailservice-66944ff59-hrmjl,4,56
21:57:24,100u,frontend-7bd6f45654-przgb,1,31
21:57:24,100u,frontend-7bd6f45654-s2s7z,1,53
21:57:24,100u,frontend-7bd6f45654-vfxkp,1,31
21:57:24,100u,paymentservice-9bfb7bf5-6hckw,3,68
21:57:24,100u,paymentservice-9bfb7bf5-75nf7,2,101
21:57:24,100u,paymentservice-9bfb7bf5-kgd56,2,111
21:57:24,100u,productcatalogservice-65bbf699df-7w28t,1,21
21:57:24,100u,productcatalogservice-65bbf699df-j2fmg,1,44
21:57:24,100u,productcatalogservice-65bbf699df-qntf5,2,22
21:57:24,100u,recommendationservice-7444754ff5-d8g8j,4,51
21:57:24,100u,recommendationservice-7444754ff5-n8cbh,4,81
21:57:24,100u,recommendationservice-7444754ff5-pwgrt,5,55
21:57:24,100u,redis-cart-c8ff86559-kcf44,3,37
21:57:24,100u,shippingservice-f956b6d9f-nvkxm,1,15
21:57:24,100u,shippingservice-f956b6d9f-pkw7l,1,16
21:57:24,100u,shippingservice-f956b6d9f-w7n4b,1,33
21:57:26,100u,adservice-574bff445c-6mj7s,6,187
21:57:26,100u,adservice-574bff445c-dwnqt,2,251
21:57:26,100u,adservice-574bff445c-qb9cj,2,266
21:57:26,100u,cartservice-7c84fdfb6-gvdl7,3,110
21:57:26,100u,cartservice-7c84fdfb6-m5m6d,3,185
21:57:26,100u,cartservice-7c84fdfb6-rrqpp,2,115
21:57:26,100u,checkoutservice-5b6d96c9b7-45rkr,1,38
21:57:26,100u,checkoutservice-5b6d96c9b7-jbfvs,1,16
21:57:26,100u,checkoutservice-5b6d96c9b7-zvd4c,1,21
21:57:26,100u,currencyservice-7c8fc8fc9c-4hm9g,1,125
21:57:26,100u,currencyservice-7c8fc8fc9c-5frj9,3,85
21:57:26,100u,currencyservice-7c8fc8fc9c-mgwx9,1,124
21:57:26,100u,emailservice-66944ff59-2lcjl,4,94
21:57:26,100u,emailservice-66944ff59-c4g5x,5,56
21:57:26,100u,emailservice-66944ff59-hrmjl,4,56
21:57:26,100u,frontend-7bd6f45654-przgb,1,31
21:57:26,100u,frontend-7bd6f45654-s2s7z,1,53
21:57:26,100u,frontend-7bd6f45654-vfxkp,1,31
21:57:26,100u,paymentservice-9bfb7bf5-6hckw,3,68
21:57:26,100u,paymentservice-9bfb7bf5-75nf7,2,101
21:57:26,100u,paymentservice-9bfb7bf5-kgd56,2,111
21:57:26,100u,productcatalogservice-65bbf699df-7w28t,1,21
21:57:26,100u,productcatalogservice-65bbf699df-j2fmg,1,44
21:57:26,100u,productcatalogservice-65bbf699df-qntf5,2,22
21:57:26,100u,recommendationservice-7444754ff5-d8g8j,4,51
21:57:26,100u,recommendationservice-7444754ff5-n8cbh,4,81
21:57:26,100u,recommendationservice-7444754ff5-pwgrt,5,55
21:57:26,100u,redis-cart-c8ff86559-kcf44,3,37
21:57:26,100u,shippingservice-f956b6d9f-nvkxm,1,15
21:57:26,100u,shippingservice-f956b6d9f-pkw7l,1,16
21:57:26,100u,shippingservice-f956b6d9f-w7n4b,1,33
21:57:29,100u,adservice-574bff445c-6mj7s,6,187
21:57:29,100u,adservice-574bff445c-dwnqt,2,251
21:57:29,100u,adservice-574bff445c-qb9cj,2,266
21:57:29,100u,cartservice-7c84fdfb6-gvdl7,3,110
21:57:29,100u,cartservice-7c84fdfb6-m5m6d,3,185
21:57:29,100u,cartservice-7c84fdfb6-rrqpp,2,115
21:57:29,100u,checkoutservice-5b6d96c9b7-45rkr,1,38
21:57:29,100u,checkoutservice-5b6d96c9b7-jbfvs,1,16
21:57:29,100u,checkoutservice-5b6d96c9b7-zvd4c,1,21
21:57:29,100u,currencyservice-7c8fc8fc9c-4hm9g,1,125
21:57:29,100u,currencyservice-7c8fc8fc9c-5frj9,3,85
21:57:29,100u,currencyservice-7c8fc8fc9c-mgwx9,1,124
21:57:29,100u,emailservice-66944ff59-2lcjl,4,94
21:57:29,100u,emailservice-66944ff59-c4g5x,5,56
21:57:29,100u,emailservice-66944ff59-hrmjl,4,56
21:57:29,100u,frontend-7bd6f45654-przgb,1,31
21:57:29,100u,frontend-7bd6f45654-s2s7z,1,53
21:57:29,100u,frontend-7bd6f45654-vfxkp,1,31
21:57:29,100u,paymentservice-9bfb7bf5-6hckw,3,68
21:57:29,100u,paymentservice-9bfb7bf5-75nf7,2,101
21:57:29,100u,paymentservice-9bfb7bf5-kgd56,2,111
21:57:29,100u,productcatalogservice-65bbf699df-7w28t,1,21
21:57:29,100u,productcatalogservice-65bbf699df-j2fmg,1,44
21:57:29,100u,productcatalogservice-65bbf699df-qntf5,2,22
21:57:29,100u,recommendationservice-7444754ff5-d8g8j,4,51
21:57:29,100u,recommendationservice-7444754ff5-n8cbh,4,81
21:57:29,100u,recommendationservice-7444754ff5-pwgrt,5,55
21:57:29,100u,redis-cart-c8ff86559-kcf44,3,37
21:57:29,100u,shippingservice-f956b6d9f-nvkxm,1,15
21:57:29,100u,shippingservice-f956b6d9f-pkw7l,1,16
21:57:29,100u,shippingservice-f956b6d9f-w7n4b,1,33
21:57:34,100u,adservice-574bff445c-6mj7s,6,187
21:57:34,100u,adservice-574bff445c-dwnqt,2,251
21:57:34,100u,adservice-574bff445c-qb9cj,2,266
21:57:34,100u,cartservice-7c84fdfb6-gvdl7,3,110
21:57:34,100u,cartservice-7c84fdfb6-m5m6d,3,185
21:57:34,100u,cartservice-7c84fdfb6-rrqpp,2,115
21:57:34,100u,checkoutservice-5b6d96c9b7-45rkr,1,38
21:57:34,100u,checkoutservice-5b6d96c9b7-jbfvs,1,16
21:57:34,100u,checkoutservice-5b6d96c9b7-zvd4c,1,21
21:57:34,100u,currencyservice-7c8fc8fc9c-4hm9g,1,125
21:57:34,100u,currencyservice-7c8fc8fc9c-5frj9,3,85
21:57:34,100u,currencyservice-7c8fc8fc9c-mgwx9,1,124
21:57:34,100u,emailservice-66944ff59-2lcjl,4,94
21:57:34,100u,emailservice-66944ff59-c4g5x,5,56
21:57:34,100u,emailservice-66944ff59-hrmjl,4,56
21:57:34,100u,frontend-7bd6f45654-przgb,1,31
21:57:34,100u,frontend-7bd6f45654-s2s7z,1,53
21:57:34,100u,frontend-7bd6f45654-vfxkp,1,31
21:57:34,100u,paymentservice-9bfb7bf5-6hckw,3,68
21:57:34,100u,paymentservice-9bfb7bf5-75nf7,2,101
21:57:34,100u,paymentservice-9bfb7bf5-kgd56,2,111
21:57:34,100u,productcatalogservice-65bbf699df-7w28t,1,21
21:57:34,100u,productcatalogservice-65bbf699df-j2fmg,1,44
21:57:34,100u,productcatalogservice-65bbf699df-qntf5,2,22
21:57:34,100u,recommendationservice-7444754ff5-d8g8j,4,51
21:57:34,100u,recommendationservice-7444754ff5-n8cbh,4,81
21:57:34,100u,recommendationservice-7444754ff5-pwgrt,5,55
21:57:34,100u,redis-cart-c8ff86559-kcf44,3,37
21:57:34,100u,shippingservice-f956b6d9f-nvkxm,1,15
21:57:34,100u,shippingservice-f956b6d9f-pkw7l,1,16
21:57:34,100u,shippingservice-f956b6d9f-w7n4b,1,33
21:57:36,100u,adservice-574bff445c-6mj7s,10,187
21:57:36,100u,adservice-574bff445c-dwnqt,3,251
21:57:36,100u,adservice-574bff445c-qb9cj,2,266
21:57:36,100u,cartservice-7c84fdfb6-gvdl7,2,109
21:57:36,100u,cartservice-7c84fdfb6-m5m6d,2,185
21:57:36,100u,cartservice-7c84fdfb6-rrqpp,2,115
21:57:36,100u,checkoutservice-5b6d96c9b7-45rkr,1,38
21:57:36,100u,checkoutservice-5b6d96c9b7-jbfvs,1,16
21:57:36,100u,checkoutservice-5b6d96c9b7-zvd4c,1,21
21:57:36,100u,currencyservice-7c8fc8fc9c-4hm9g,2,125
21:57:36,100u,currencyservice-7c8fc8fc9c-5frj9,1,85
21:57:36,100u,currencyservice-7c8fc8fc9c-mgwx9,2,124
21:57:36,100u,emailservice-66944ff59-2lcjl,5,94
21:57:36,100u,emailservice-66944ff59-c4g5x,5,56
21:57:36,100u,emailservice-66944ff59-hrmjl,4,56
21:57:36,100u,frontend-7bd6f45654-przgb,1,31
21:57:36,100u,frontend-7bd6f45654-s2s7z,1,53
21:57:36,100u,frontend-7bd6f45654-vfxkp,1,31
21:57:36,100u,paymentservice-9bfb7bf5-6hckw,2,69
21:57:36,100u,paymentservice-9bfb7bf5-75nf7,2,101
21:57:36,100u,paymentservice-9bfb7bf5-kgd56,2,111
21:57:36,100u,productcatalogservice-65bbf699df-7w28t,2,21
21:57:36,100u,productcatalogservice-65bbf699df-j2fmg,1,44
21:57:36,100u,productcatalogservice-65bbf699df-qntf5,1,22
21:57:36,100u,recommendationservice-7444754ff5-d8g8j,4,51
21:57:36,100u,recommendationservice-7444754ff5-n8cbh,4,81
21:57:36,100u,recommendationservice-7444754ff5-pwgrt,6,55
21:57:36,100u,redis-cart-c8ff86559-kcf44,3,37
21:57:36,100u,shippingservice-f956b6d9f-nvkxm,1,15
21:57:36,100u,shippingservice-f956b6d9f-pkw7l,1,16
21:57:36,100u,shippingservice-f956b6d9f-w7n4b,2,33
21:57:39,100u,adservice-574bff445c-6mj7s,10,187
21:57:39,100u,adservice-574bff445c-dwnqt,3,251
21:57:39,100u,adservice-574bff445c-qb9cj,2,266
21:57:39,100u,cartservice-7c84fdfb6-gvdl7,2,109
21:57:39,100u,cartservice-7c84fdfb6-m5m6d,2,185
21:57:39,100u,cartservice-7c84fdfb6-rrqpp,2,115
21:57:39,100u,checkoutservice-5b6d96c9b7-45rkr,1,38
21:57:39,100u,checkoutservice-5b6d96c9b7-jbfvs,1,16
21:57:39,100u,checkoutservice-5b6d96c9b7-zvd4c,1,21
21:57:39,100u,currencyservice-7c8fc8fc9c-4hm9g,2,125
21:57:39,100u,currencyservice-7c8fc8fc9c-5frj9,1,85
21:57:39,100u,currencyservice-7c8fc8fc9c-mgwx9,2,124
21:57:39,100u,emailservice-66944ff59-2lcjl,5,94
21:57:39,100u,emailservice-66944ff59-c4g5x,5,56
21:57:39,100u,emailservice-66944ff59-hrmjl,4,56
21:57:39,100u,frontend-7bd6f45654-przgb,1,31
21:57:39,100u,frontend-7bd6f45654-s2s7z,1,53
21:57:39,100u,frontend-7bd6f45654-vfxkp,1,31
21:57:39,100u,paymentservice-9bfb7bf5-6hckw,2,69
21:57:39,100u,paymentservice-9bfb7bf5-75nf7,2,101
21:57:39,100u,paymentservice-9bfb7bf5-kgd56,2,111
21:57:39,100u,productcatalogservice-65bbf699df-7w28t,2,21
21:57:39,100u,productcatalogservice-65bbf699df-j2fmg,1,44
21:57:39,100u,productcatalogservice-65bbf699df-qntf5,1,22
21:57:39,100u,recommendationservice-7444754ff5-d8g8j,4,51
21:57:39,100u,recommendationservice-7444754ff5-n8cbh,4,81
21:57:39,100u,recommendationservice-7444754ff5-pwgrt,6,55
21:57:39,100u,redis-cart-c8ff86559-kcf44,3,37
21:57:39,100u,shippingservice-f956b6d9f-nvkxm,1,15
21:57:39,100u,shippingservice-f956b6d9f-pkw7l,1,16
21:57:39,100u,shippingservice-f956b6d9f-w7n4b,2,33
21:57:44,100u,adservice-574bff445c-6mj7s,10,187
21:57:44,100u,adservice-574bff445c-dwnqt,3,251
21:57:44,100u,adservice-574bff445c-qb9cj,2,266
21:57:44,100u,cartservice-7c84fdfb6-gvdl7,2,109
21:57:44,100u,cartservice-7c84fdfb6-m5m6d,2,185
21:57:44,100u,cartservice-7c84fdfb6-rrqpp,2,115
21:57:44,100u,checkoutservice-5b6d96c9b7-45rkr,1,38
21:57:44,100u,checkoutservice-5b6d96c9b7-jbfvs,1,16
21:57:44,100u,checkoutservice-5b6d96c9b7-zvd4c,1,21
21:57:44,100u,currencyservice-7c8fc8fc9c-4hm9g,2,125
21:57:44,100u,currencyservice-7c8fc8fc9c-5frj9,1,85
21:57:44,100u,currencyservice-7c8fc8fc9c-mgwx9,2,124
21:57:44,100u,emailservice-66944ff59-2lcjl,5,94
21:57:44,100u,emailservice-66944ff59-c4g5x,5,56
21:57:44,100u,emailservice-66944ff59-hrmjl,4,56
21:57:44,100u,frontend-7bd6f45654-przgb,1,31
21:57:44,100u,frontend-7bd6f45654-s2s7z,1,53
21:57:44,100u,frontend-7bd6f45654-vfxkp,1,31
21:57:44,100u,paymentservice-9bfb7bf5-6hckw,2,69
21:57:44,100u,paymentservice-9bfb7bf5-75nf7,2,101
21:57:44,100u,paymentservice-9bfb7bf5-kgd56,2,111
21:57:44,100u,productcatalogservice-65bbf699df-7w28t,2,21
21:57:44,100u,productcatalogservice-65bbf699df-j2fmg,1,44
21:57:44,100u,productcatalogservice-65bbf699df-qntf5,1,22
21:57:44,100u,recommendationservice-7444754ff5-d8g8j,4,51
21:57:44,100u,recommendationservice-7444754ff5-n8cbh,4,81
21:57:44,100u,recommendationservice-7444754ff5-pwgrt,6,55
21:57:44,100u,redis-cart-c8ff86559-kcf44,3,37
21:57:44,100u,shippingservice-f956b6d9f-nvkxm,1,15
21:57:44,100u,shippingservice-f956b6d9f-pkw7l,1,16
21:57:44,100u,shippingservice-f956b6d9f-w7n4b,2,33
21:57:46,100u,adservice-574bff445c-6mj7s,10,187
21:57:46,100u,adservice-574bff445c-dwnqt,3,251
21:57:46,100u,adservice-574bff445c-qb9cj,2,266
21:57:46,100u,cartservice-7c84fdfb6-gvdl7,2,109
21:57:46,100u,cartservice-7c84fdfb6-m5m6d,2,185
21:57:46,100u,cartservice-7c84fdfb6-rrqpp,2,115
21:57:46,100u,checkoutservice-5b6d96c9b7-45rkr,1,38
21:57:46,100u,checkoutservice-5b6d96c9b7-jbfvs,1,16
21:57:46,100u,checkoutservice-5b6d96c9b7-zvd4c,1,21
21:57:46,100u,currencyservice-7c8fc8fc9c-4hm9g,2,125
21:57:46,100u,currencyservice-7c8fc8fc9c-5frj9,1,85
21:57:46,100u,currencyservice-7c8fc8fc9c-mgwx9,2,124
21:57:46,100u,emailservice-66944ff59-2lcjl,5,94
21:57:46,100u,emailservice-66944ff59-c4g5x,5,56
21:57:46,100u,emailservice-66944ff59-hrmjl,4,56
21:57:46,100u,frontend-7bd6f45654-przgb,1,31
21:57:46,100u,frontend-7bd6f45654-s2s7z,1,53
21:57:46,100u,frontend-7bd6f45654-vfxkp,1,31
21:57:46,100u,paymentservice-9bfb7bf5-6hckw,2,69
21:57:46,100u,paymentservice-9bfb7bf5-75nf7,2,101
21:57:46,100u,paymentservice-9bfb7bf5-kgd56,2,111
21:57:46,100u,productcatalogservice-65bbf699df-7w28t,2,21
21:57:46,100u,productcatalogservice-65bbf699df-j2fmg,1,44
21:57:46,100u,productcatalogservice-65bbf699df-qntf5,1,22
21:57:46,100u,recommendationservice-7444754ff5-d8g8j,4,51
21:57:46,100u,recommendationservice-7444754ff5-n8cbh,4,81
21:57:46,100u,recommendationservice-7444754ff5-pwgrt,6,55
21:57:46,100u,redis-cart-c8ff86559-kcf44,3,37
21:57:46,100u,shippingservice-f956b6d9f-nvkxm,1,15
21:57:46,100u,shippingservice-f956b6d9f-pkw7l,1,16
21:57:46,100u,shippingservice-f956b6d9f-w7n4b,2,33
21:57:49,100u,adservice-574bff445c-6mj7s,5,188
21:57:49,100u,adservice-574bff445c-dwnqt,4,250
21:57:49,100u,adservice-574bff445c-qb9cj,1,266
21:57:49,100u,cartservice-7c84fdfb6-gvdl7,2,110
21:57:49,100u,cartservice-7c84fdfb6-m5m6d,3,185
21:57:49,100u,cartservice-7c84fdfb6-rrqpp,2,115
21:57:49,100u,checkoutservice-5b6d96c9b7-45rkr,1,38
21:57:49,100u,checkoutservice-5b6d96c9b7-jbfvs,1,16
21:57:49,100u,checkoutservice-5b6d96c9b7-zvd4c,1,21
21:57:49,100u,currencyservice-7c8fc8fc9c-4hm9g,1,125
21:57:49,100u,currencyservice-7c8fc8fc9c-5frj9,3,85
21:57:49,100u,currencyservice-7c8fc8fc9c-mgwx9,1,124
21:57:49,100u,emailservice-66944ff59-2lcjl,4,94
21:57:49,100u,emailservice-66944ff59-c4g5x,5,56
21:57:49,100u,emailservice-66944ff59-hrmjl,3,56
21:57:49,100u,frontend-7bd6f45654-przgb,1,31
21:57:49,100u,frontend-7bd6f45654-s2s7z,1,53
21:57:49,100u,frontend-7bd6f45654-vfxkp,1,31
21:57:49,100u,paymentservice-9bfb7bf5-6hckw,2,69
21:57:49,100u,paymentservice-9bfb7bf5-75nf7,1,101
21:57:49,100u,paymentservice-9bfb7bf5-kgd56,2,112
21:57:49,100u,productcatalogservice-65bbf699df-7w28t,1,21
21:57:49,100u,productcatalogservice-65bbf699df-j2fmg,1,44
21:57:49,100u,productcatalogservice-65bbf699df-qntf5,1,22
21:57:49,100u,recommendationservice-7444754ff5-d8g8j,4,51
21:57:49,100u,recommendationservice-7444754ff5-n8cbh,3,81
21:57:49,100u,recommendationservice-7444754ff5-pwgrt,4,55
21:57:49,100u,redis-cart-c8ff86559-kcf44,3,37
21:57:49,100u,shippingservice-f956b6d9f-nvkxm,1,15
21:57:49,100u,shippingservice-f956b6d9f-pkw7l,1,16
21:57:49,100u,shippingservice-f956b6d9f-w7n4b,1,33
21:57:54,200u,adservice-574bff445c-6mj7s,5,188
21:57:54,200u,adservice-574bff445c-dwnqt,4,250
21:57:54,200u,adservice-574bff445c-qb9cj,1,266
21:57:54,200u,cartservice-7c84fdfb6-gvdl7,2,110
21:57:54,200u,cartservice-7c84fdfb6-m5m6d,3,185
21:57:54,200u,cartservice-7c84fdfb6-rrqpp,2,115
21:57:54,200u,checkoutservice-5b6d96c9b7-45rkr,1,38
21:57:54,200u,checkoutservice-5b6d96c9b7-jbfvs,1,16
21:57:54,200u,checkoutservice-5b6d96c9b7-zvd4c,1,21
21:57:54,200u,currencyservice-7c8fc8fc9c-4hm9g,1,125
21:57:54,200u,currencyservice-7c8fc8fc9c-5frj9,3,85
21:57:54,200u,currencyservice-7c8fc8fc9c-mgwx9,1,124
21:57:54,200u,emailservice-66944ff59-2lcjl,4,94
21:57:54,200u,emailservice-66944ff59-c4g5x,5,56
21:57:54,200u,emailservice-66944ff59-hrmjl,3,56
21:57:54,200u,frontend-7bd6f45654-przgb,1,31
21:57:54,200u,frontend-7bd6f45654-s2s7z,1,53
21:57:54,200u,frontend-7bd6f45654-vfxkp,1,31
21:57:54,200u,paymentservice-9bfb7bf5-6hckw,2,69
21:57:54,200u,paymentservice-9bfb7bf5-75nf7,1,101
21:57:54,200u,paymentservice-9bfb7bf5-kgd56,2,112
21:57:54,200u,productcatalogservice-65bbf699df-7w28t,1,21
21:57:54,200u,productcatalogservice-65bbf699df-j2fmg,1,44
21:57:54,200u,productcatalogservice-65bbf699df-qntf5,1,22
21:57:54,200u,recommendationservice-7444754ff5-d8g8j,4,51
21:57:54,200u,recommendationservice-7444754ff5-n8cbh,3,81
21:57:54,200u,recommendationservice-7444754ff5-pwgrt,4,55
21:57:54,200u,redis-cart-c8ff86559-kcf44,3,37
21:57:54,200u,shippingservice-f956b6d9f-nvkxm,1,15
21:57:54,200u,shippingservice-f956b6d9f-pkw7l,1,16
21:57:54,200u,shippingservice-f956b6d9f-w7n4b,1,33
21:57:57,200u,adservice-574bff445c-6mj7s,5,188
21:57:57,200u,adservice-574bff445c-dwnqt,4,250
21:57:57,200u,adservice-574bff445c-qb9cj,1,266
21:57:57,200u,cartservice-7c84fdfb6-gvdl7,2,110
21:57:57,200u,cartservice-7c84fdfb6-m5m6d,3,185
21:57:57,200u,cartservice-7c84fdfb6-rrqpp,2,115
21:57:57,200u,checkoutservice-5b6d96c9b7-45rkr,1,38
21:57:57,200u,checkoutservice-5b6d96c9b7-jbfvs,1,16
21:57:57,200u,checkoutservice-5b6d96c9b7-zvd4c,1,21
21:57:57,200u,currencyservice-7c8fc8fc9c-4hm9g,1,125
21:57:57,200u,currencyservice-7c8fc8fc9c-5frj9,3,85
21:57:57,200u,currencyservice-7c8fc8fc9c-mgwx9,1,124
21:57:57,200u,emailservice-66944ff59-2lcjl,4,94
21:57:57,200u,emailservice-66944ff59-c4g5x,5,56
21:57:57,200u,emailservice-66944ff59-hrmjl,3,56
21:57:57,200u,frontend-7bd6f45654-przgb,1,31
21:57:57,200u,frontend-7bd6f45654-s2s7z,1,53
21:57:57,200u,frontend-7bd6f45654-vfxkp,1,31
21:57:57,200u,paymentservice-9bfb7bf5-6hckw,2,69
21:57:57,200u,paymentservice-9bfb7bf5-75nf7,1,101
21:57:57,200u,paymentservice-9bfb7bf5-kgd56,2,112
21:57:57,200u,productcatalogservice-65bbf699df-7w28t,1,21
21:57:57,200u,productcatalogservice-65bbf699df-j2fmg,1,44
21:57:57,200u,productcatalogservice-65bbf699df-qntf5,1,22
21:57:57,200u,recommendationservice-7444754ff5-d8g8j,4,51
21:57:57,200u,recommendationservice-7444754ff5-n8cbh,3,81
21:57:57,200u,recommendationservice-7444754ff5-pwgrt,4,55
21:57:57,200u,redis-cart-c8ff86559-kcf44,3,37
21:57:57,200u,shippingservice-f956b6d9f-nvkxm,1,15
21:57:57,200u,shippingservice-f956b6d9f-pkw7l,1,16
21:57:57,200u,shippingservice-f956b6d9f-w7n4b,1,33
21:57:59,200u,adservice-574bff445c-6mj7s,5,188
21:57:59,200u,adservice-574bff445c-dwnqt,4,250
21:57:59,200u,adservice-574bff445c-qb9cj,1,266
21:57:59,200u,cartservice-7c84fdfb6-gvdl7,2,110
21:57:59,200u,cartservice-7c84fdfb6-m5m6d,3,185
21:57:59,200u,cartservice-7c84fdfb6-rrqpp,2,115
21:57:59,200u,checkoutservice-5b6d96c9b7-45rkr,1,38
21:57:59,200u,checkoutservice-5b6d96c9b7-jbfvs,1,16
21:57:59,200u,checkoutservice-5b6d96c9b7-zvd4c,1,21
21:57:59,200u,currencyservice-7c8fc8fc9c-4hm9g,1,125
21:57:59,200u,currencyservice-7c8fc8fc9c-5frj9,3,85
21:57:59,200u,currencyservice-7c8fc8fc9c-mgwx9,1,124
21:57:59,200u,emailservice-66944ff59-2lcjl,4,94
21:57:59,200u,emailservice-66944ff59-c4g5x,5,56
21:57:59,200u,emailservice-66944ff59-hrmjl,3,56
21:57:59,200u,frontend-7bd6f45654-przgb,1,31
21:57:59,200u,frontend-7bd6f45654-s2s7z,1,53
21:57:59,200u,frontend-7bd6f45654-vfxkp,1,31
21:57:59,200u,paymentservice-9bfb7bf5-6hckw,2,69
21:57:59,200u,paymentservice-9bfb7bf5-75nf7,1,101
21:57:59,200u,paymentservice-9bfb7bf5-kgd56,2,112
21:57:59,200u,productcatalogservice-65bbf699df-7w28t,1,21
21:57:59,200u,productcatalogservice-65bbf699df-j2fmg,1,44
21:57:59,200u,productcatalogservice-65bbf699df-qntf5,1,22
21:57:59,200u,recommendationservice-7444754ff5-d8g8j,4,51
21:57:59,200u,recommendationservice-7444754ff5-n8cbh,3,81
21:57:59,200u,recommendationservice-7444754ff5-pwgrt,4,55
21:57:59,200u,redis-cart-c8ff86559-kcf44,3,37
21:57:59,200u,shippingservice-f956b6d9f-nvkxm,1,15
21:57:59,200u,shippingservice-f956b6d9f-pkw7l,1,16
21:57:59,200u,shippingservice-f956b6d9f-w7n4b,1,33
21:58:04,200u,adservice-574bff445c-6mj7s,3,188
21:58:04,200u,adservice-574bff445c-dwnqt,10,249
21:58:04,200u,adservice-574bff445c-qb9cj,12,266
21:58:04,200u,cartservice-7c84fdfb6-gvdl7,2,110
21:58:04,200u,cartservice-7c84fdfb6-m5m6d,34,185
21:58:04,200u,cartservice-7c84fdfb6-rrqpp,2,115
21:58:04,200u,checkoutservice-5b6d96c9b7-45rkr,5,38
21:58:04,200u,checkoutservice-5b6d96c9b7-jbfvs,1,16
21:58:04,200u,checkoutservice-5b6d96c9b7-zvd4c,2,21
21:58:04,200u,currencyservice-7c8fc8fc9c-4hm9g,27,125
21:58:04,200u,currencyservice-7c8fc8fc9c-5frj9,1,85
21:58:04,200u,currencyservice-7c8fc8fc9c-mgwx9,36,124
21:58:04,200u,emailservice-66944ff59-2lcjl,5,94
21:58:04,200u,emailservice-66944ff59-c4g5x,4,56
21:58:04,200u,emailservice-66944ff59-hrmjl,3,56
21:58:04,200u,frontend-7bd6f45654-przgb,10,29
21:58:04,200u,frontend-7bd6f45654-s2s7z,46,52
21:58:04,200u,frontend-7bd6f45654-vfxkp,22,29
21:58:04,200u,paymentservice-9bfb7bf5-6hckw,5,66
21:58:04,200u,paymentservice-9bfb7bf5-75nf7,2,101
21:58:04,200u,paymentservice-9bfb7bf5-kgd56,4,111
21:58:04,200u,productcatalogservice-65bbf699df-7w28t,1,21
21:58:04,200u,productcatalogservice-65bbf699df-j2fmg,25,44
21:58:04,200u,productcatalogservice-65bbf699df-qntf5,8,22
21:58:04,200u,recommendationservice-7444754ff5-d8g8j,3,51
21:58:04,200u,recommendationservice-7444754ff5-n8cbh,42,81
21:58:04,200u,recommendationservice-7444754ff5-pwgrt,9,55
21:58:04,200u,redis-cart-c8ff86559-kcf44,5,37
21:58:04,200u,shippingservice-f956b6d9f-nvkxm,3,15
21:58:04,200u,shippingservice-f956b6d9f-pkw7l,1,16
21:58:04,200u,shippingservice-f956b6d9f-w7n4b,5,33
21:58:07,200u,adservice-574bff445c-6mj7s,3,188
21:58:07,200u,adservice-574bff445c-dwnqt,10,249
21:58:07,200u,adservice-574bff445c-qb9cj,12,266
21:58:07,200u,cartservice-7c84fdfb6-gvdl7,2,110
21:58:07,200u,cartservice-7c84fdfb6-m5m6d,34,185
21:58:07,200u,cartservice-7c84fdfb6-rrqpp,2,115
21:58:07,200u,checkoutservice-5b6d96c9b7-45rkr,5,38
21:58:07,200u,checkoutservice-5b6d96c9b7-jbfvs,1,16
21:58:07,200u,checkoutservice-5b6d96c9b7-zvd4c,2,21
21:58:07,200u,currencyservice-7c8fc8fc9c-4hm9g,27,125
21:58:07,200u,currencyservice-7c8fc8fc9c-5frj9,1,85
21:58:07,200u,currencyservice-7c8fc8fc9c-mgwx9,36,124
21:58:07,200u,emailservice-66944ff59-2lcjl,5,94
21:58:07,200u,emailservice-66944ff59-c4g5x,4,56
21:58:07,200u,emailservice-66944ff59-hrmjl,3,56
21:58:07,200u,frontend-7bd6f45654-przgb,10,29
21:58:07,200u,frontend-7bd6f45654-s2s7z,46,52
21:58:07,200u,frontend-7bd6f45654-vfxkp,22,29
21:58:07,200u,paymentservice-9bfb7bf5-6hckw,5,66
21:58:07,200u,paymentservice-9bfb7bf5-75nf7,2,101
21:58:07,200u,paymentservice-9bfb7bf5-kgd56,4,111
21:58:07,200u,productcatalogservice-65bbf699df-7w28t,1,21
21:58:07,200u,productcatalogservice-65bbf699df-j2fmg,25,44
21:58:07,200u,productcatalogservice-65bbf699df-qntf5,8,22
21:58:07,200u,recommendationservice-7444754ff5-d8g8j,3,51
21:58:07,200u,recommendationservice-7444754ff5-n8cbh,42,81
21:58:07,200u,recommendationservice-7444754ff5-pwgrt,9,55
21:58:07,200u,redis-cart-c8ff86559-kcf44,5,37
21:58:07,200u,shippingservice-f956b6d9f-nvkxm,3,15
21:58:07,200u,shippingservice-f956b6d9f-pkw7l,1,16
21:58:07,200u,shippingservice-f956b6d9f-w7n4b,5,33
21:58:10,200u,adservice-574bff445c-6mj7s,3,188
21:58:10,200u,adservice-574bff445c-dwnqt,10,249
21:58:10,200u,adservice-574bff445c-qb9cj,12,266
21:58:10,200u,cartservice-7c84fdfb6-gvdl7,2,110
21:58:10,200u,cartservice-7c84fdfb6-m5m6d,34,185
21:58:10,200u,cartservice-7c84fdfb6-rrqpp,2,115
21:58:10,200u,checkoutservice-5b6d96c9b7-45rkr,5,38
21:58:10,200u,checkoutservice-5b6d96c9b7-jbfvs,1,16
21:58:10,200u,checkoutservice-5b6d96c9b7-zvd4c,2,21
21:58:10,200u,currencyservice-7c8fc8fc9c-4hm9g,27,125
21:58:10,200u,currencyservice-7c8fc8fc9c-5frj9,1,85
21:58:10,200u,currencyservice-7c8fc8fc9c-mgwx9,36,124
21:58:10,200u,emailservice-66944ff59-2lcjl,5,94
21:58:10,200u,emailservice-66944ff59-c4g5x,4,56
21:58:10,200u,emailservice-66944ff59-hrmjl,3,56
21:58:10,200u,frontend-7bd6f45654-przgb,10,29
21:58:10,200u,frontend-7bd6f45654-s2s7z,46,52
21:58:10,200u,frontend-7bd6f45654-vfxkp,22,29
21:58:10,200u,paymentservice-9bfb7bf5-6hckw,5,66
21:58:10,200u,paymentservice-9bfb7bf5-75nf7,2,101
21:58:10,200u,paymentservice-9bfb7bf5-kgd56,4,111
21:58:10,200u,productcatalogservice-65bbf699df-7w28t,1,21
21:58:10,200u,productcatalogservice-65bbf699df-j2fmg,25,44
21:58:10,200u,productcatalogservice-65bbf699df-qntf5,8,22
21:58:10,200u,recommendationservice-7444754ff5-d8g8j,3,51
21:58:10,200u,recommendationservice-7444754ff5-n8cbh,42,81
21:58:10,200u,recommendationservice-7444754ff5-pwgrt,9,55
21:58:10,200u,redis-cart-c8ff86559-kcf44,5,37
21:58:10,200u,shippingservice-f956b6d9f-nvkxm,3,15
21:58:10,200u,shippingservice-f956b6d9f-pkw7l,1,16
21:58:10,200u,shippingservice-f956b6d9f-w7n4b,5,33
21:58:14,200u,adservice-574bff445c-6mj7s,3,188
21:58:14,200u,adservice-574bff445c-dwnqt,10,249
21:58:14,200u,adservice-574bff445c-qb9cj,12,266
21:58:14,200u,cartservice-7c84fdfb6-gvdl7,2,110
21:58:14,200u,cartservice-7c84fdfb6-m5m6d,34,185
21:58:14,200u,cartservice-7c84fdfb6-rrqpp,2,115
21:58:14,200u,checkoutservice-5b6d96c9b7-45rkr,5,38
21:58:14,200u,checkoutservice-5b6d96c9b7-jbfvs,1,16
21:58:14,200u,checkoutservice-5b6d96c9b7-zvd4c,2,21
21:58:14,200u,currencyservice-7c8fc8fc9c-4hm9g,27,125
21:58:14,200u,currencyservice-7c8fc8fc9c-5frj9,1,85
21:58:14,200u,currencyservice-7c8fc8fc9c-mgwx9,36,124
21:58:14,200u,emailservice-66944ff59-2lcjl,5,94
21:58:14,200u,emailservice-66944ff59-c4g5x,4,56
21:58:14,200u,emailservice-66944ff59-hrmjl,3,56
21:58:14,200u,frontend-7bd6f45654-przgb,10,29
21:58:14,200u,frontend-7bd6f45654-s2s7z,46,52
21:58:14,200u,frontend-7bd6f45654-vfxkp,22,29
21:58:14,200u,paymentservice-9bfb7bf5-6hckw,5,66
21:58:14,200u,paymentservice-9bfb7bf5-75nf7,2,101
21:58:14,200u,paymentservice-9bfb7bf5-kgd56,4,111
21:58:14,200u,productcatalogservice-65bbf699df-7w28t,1,21
21:58:14,200u,productcatalogservice-65bbf699df-j2fmg,25,44
21:58:14,200u,productcatalogservice-65bbf699df-qntf5,8,22
21:58:14,200u,recommendationservice-7444754ff5-d8g8j,3,51
21:58:14,200u,recommendationservice-7444754ff5-n8cbh,42,81
21:58:14,200u,recommendationservice-7444754ff5-pwgrt,9,55
21:58:14,200u,redis-cart-c8ff86559-kcf44,5,37
21:58:14,200u,shippingservice-f956b6d9f-nvkxm,3,15
21:58:14,200u,shippingservice-f956b6d9f-pkw7l,1,16
21:58:14,200u,shippingservice-f956b6d9f-w7n4b,5,33
21:58:17,200u,adservice-574bff445c-6mj7s,3,188
21:58:17,200u,adservice-574bff445c-dwnqt,10,249
21:58:17,200u,adservice-574bff445c-qb9cj,12,266
21:58:17,200u,cartservice-7c84fdfb6-gvdl7,2,110
21:58:17,200u,cartservice-7c84fdfb6-m5m6d,34,185
21:58:17,200u,cartservice-7c84fdfb6-rrqpp,2,115
21:58:17,200u,checkoutservice-5b6d96c9b7-45rkr,5,38
21:58:17,200u,checkoutservice-5b6d96c9b7-jbfvs,1,16
21:58:17,200u,checkoutservice-5b6d96c9b7-zvd4c,2,21
21:58:17,200u,currencyservice-7c8fc8fc9c-4hm9g,27,125
21:58:17,200u,currencyservice-7c8fc8fc9c-5frj9,1,85
21:58:17,200u,currencyservice-7c8fc8fc9c-mgwx9,36,124
21:58:17,200u,emailservice-66944ff59-2lcjl,5,94
21:58:17,200u,emailservice-66944ff59-c4g5x,4,56
21:58:17,200u,emailservice-66944ff59-hrmjl,3,56
21:58:17,200u,frontend-7bd6f45654-przgb,10,29
21:58:17,200u,frontend-7bd6f45654-s2s7z,46,52
21:58:17,200u,frontend-7bd6f45654-vfxkp,22,29
21:58:17,200u,paymentservice-9bfb7bf5-6hckw,5,66
21:58:17,200u,paymentservice-9bfb7bf5-75nf7,2,101
21:58:17,200u,paymentservice-9bfb7bf5-kgd56,4,111
21:58:17,200u,productcatalogservice-65bbf699df-7w28t,1,21
21:58:17,200u,productcatalogservice-65bbf699df-j2fmg,25,44
21:58:17,200u,productcatalogservice-65bbf699df-qntf5,8,22
21:58:17,200u,recommendationservice-7444754ff5-d8g8j,3,51
21:58:17,200u,recommendationservice-7444754ff5-n8cbh,42,81
21:58:17,200u,recommendationservice-7444754ff5-pwgrt,9,55
21:58:17,200u,redis-cart-c8ff86559-kcf44,5,37
21:58:17,200u,shippingservice-f956b6d9f-nvkxm,3,15
21:58:17,200u,shippingservice-f956b6d9f-pkw7l,1,16
21:58:17,200u,shippingservice-f956b6d9f-w7n4b,5,33
21:58:20,200u,adservice-574bff445c-6mj7s,1,188
21:58:20,200u,adservice-574bff445c-dwnqt,29,249
21:58:20,200u,adservice-574bff445c-qb9cj,31,266
21:58:20,200u,cartservice-7c84fdfb6-gvdl7,2,109
21:58:20,200u,cartservice-7c84fdfb6-m5m6d,116,185
21:58:20,200u,cartservice-7c84fdfb6-rrqpp,1,115
21:58:20,200u,checkoutservice-5b6d96c9b7-45rkr,17,38
21:58:20,200u,checkoutservice-5b6d96c9b7-jbfvs,1,16
21:58:20,200u,checkoutservice-5b6d96c9b7-zvd4c,5,21
21:58:20,200u,currencyservice-7c8fc8fc9c-4hm9g,112,123
21:58:20,200u,currencyservice-7c8fc8fc9c-5frj9,2,85
21:58:20,200u,currencyservice-7c8fc8fc9c-mgwx9,112,127
21:58:20,200u,emailservice-66944ff59-2lcjl,10,94
21:58:20,200u,emailservice-66944ff59-c4g5x,4,56
21:58:20,200u,emailservice-66944ff59-hrmjl,3,56
21:58:20,200u,frontend-7bd6f45654-przgb,71,30
21:58:20,200u,frontend-7bd6f45654-s2s7z,143,53
21:58:20,200u,frontend-7bd6f45654-vfxkp,78,30
21:58:20,200u,paymentservice-9bfb7bf5-6hckw,1,66
21:58:20,200u,paymentservice-9bfb7bf5-75nf7,1,101
21:58:20,200u,paymentservice-9bfb7bf5-kgd56,9,111
21:58:20,200u,productcatalogservice-65bbf699df-7w28t,1,21
21:58:20,200u,productcatalogservice-65bbf699df-j2fmg,92,44
21:58:20,200u,productcatalogservice-65bbf699df-qntf5,31,22
21:58:20,200u,recommendationservice-7444754ff5-d8g8j,2,51
21:58:20,200u,recommendationservice-7444754ff5-n8cbh,142,81
21:58:20,200u,recommendationservice-7444754ff5-pwgrt,48,55
21:58:20,200u,redis-cart-c8ff86559-kcf44,8,37
21:58:20,200u,shippingservice-f956b6d9f-nvkxm,1,15
21:58:20,200u,shippingservice-f956b6d9f-pkw7l,4,16
21:58:20,200u,shippingservice-f956b6d9f-w7n4b,17,33
21:58:24,200u,adservice-574bff445c-6mj7s,1,188
21:58:24,200u,adservice-574bff445c-dwnqt,29,249
21:58:24,200u,adservice-574bff445c-qb9cj,31,266
21:58:24,200u,cartservice-7c84fdfb6-gvdl7,2,109
21:58:24,200u,cartservice-7c84fdfb6-m5m6d,116,185
21:58:24,200u,cartservice-7c84fdfb6-rrqpp,1,115
21:58:24,200u,checkoutservice-5b6d96c9b7-45rkr,17,38
21:58:24,200u,checkoutservice-5b6d96c9b7-jbfvs,1,16
21:58:24,200u,checkoutservice-5b6d96c9b7-zvd4c,5,21
21:58:24,200u,currencyservice-7c8fc8fc9c-4hm9g,112,123
21:58:24,200u,currencyservice-7c8fc8fc9c-5frj9,2,85
21:58:24,200u,currencyservice-7c8fc8fc9c-mgwx9,112,127
21:58:24,200u,emailservice-66944ff59-2lcjl,10,94
21:58:24,200u,emailservice-66944ff59-c4g5x,4,56
21:58:24,200u,emailservice-66944ff59-hrmjl,3,56
21:58:24,200u,frontend-7bd6f45654-przgb,71,30
21:58:24,200u,frontend-7bd6f45654-s2s7z,143,53
21:58:24,200u,frontend-7bd6f45654-vfxkp,78,30
21:58:24,200u,paymentservice-9bfb7bf5-6hckw,1,66
21:58:24,200u,paymentservice-9bfb7bf5-75nf7,1,101
21:58:24,200u,paymentservice-9bfb7bf5-kgd56,9,111
21:58:24,200u,productcatalogservice-65bbf699df-7w28t,1,21
21:58:24,200u,productcatalogservice-65bbf699df-j2fmg,92,44
21:58:24,200u,productcatalogservice-65bbf699df-qntf5,31,22
21:58:24,200u,recommendationservice-7444754ff5-d8g8j,2,51
21:58:24,200u,recommendationservice-7444754ff5-n8cbh,142,81
21:58:24,200u,recommendationservice-7444754ff5-pwgrt,48,55
21:58:24,200u,redis-cart-c8ff86559-kcf44,8,37
21:58:24,200u,shippingservice-f956b6d9f-nvkxm,1,15
21:58:24,200u,shippingservice-f956b6d9f-pkw7l,4,16
21:58:24,200u,shippingservice-f956b6d9f-w7n4b,17,33
21:58:27,200u,adservice-574bff445c-6mj7s,1,188
21:58:27,200u,adservice-574bff445c-dwnqt,29,249
21:58:27,200u,adservice-574bff445c-qb9cj,31,266
21:58:27,200u,cartservice-7c84fdfb6-gvdl7,2,109
21:58:27,200u,cartservice-7c84fdfb6-m5m6d,116,185
21:58:27,200u,cartservice-7c84fdfb6-rrqpp,1,115
21:58:27,200u,checkoutservice-5b6d96c9b7-45rkr,17,38
21:58:27,200u,checkoutservice-5b6d96c9b7-jbfvs,1,16
21:58:27,200u,checkoutservice-5b6d96c9b7-zvd4c,5,21
21:58:27,200u,currencyservice-7c8fc8fc9c-4hm9g,112,123
21:58:27,200u,currencyservice-7c8fc8fc9c-5frj9,2,85
21:58:27,200u,currencyservice-7c8fc8fc9c-mgwx9,112,127
21:58:27,200u,emailservice-66944ff59-2lcjl,10,94
21:58:27,200u,emailservice-66944ff59-c4g5x,4,56
21:58:27,200u,emailservice-66944ff59-hrmjl,3,56
21:58:27,200u,frontend-7bd6f45654-przgb,71,30
21:58:27,200u,frontend-7bd6f45654-s2s7z,143,53
21:58:27,200u,frontend-7bd6f45654-vfxkp,78,30
21:58:27,200u,paymentservice-9bfb7bf5-6hckw,1,66
21:58:27,200u,paymentservice-9bfb7bf5-75nf7,1,101
21:58:27,200u,paymentservice-9bfb7bf5-kgd56,9,111
21:58:27,200u,productcatalogservice-65bbf699df-7w28t,1,21
21:58:27,200u,productcatalogservice-65bbf699df-j2fmg,92,44
21:58:27,200u,productcatalogservice-65bbf699df-qntf5,31,22
21:58:27,200u,recommendationservice-7444754ff5-d8g8j,2,51
21:58:27,200u,recommendationservice-7444754ff5-n8cbh,142,81
21:58:27,200u,recommendationservice-7444754ff5-pwgrt,48,55
21:58:27,200u,redis-cart-c8ff86559-kcf44,8,37
21:58:27,200u,shippingservice-f956b6d9f-nvkxm,1,15
21:58:27,200u,shippingservice-f956b6d9f-pkw7l,4,16
21:58:27,200u,shippingservice-f956b6d9f-w7n4b,17,33
21:58:30,200u,adservice-574bff445c-6mj7s,1,188
21:58:30,200u,adservice-574bff445c-dwnqt,29,249
21:58:30,200u,adservice-574bff445c-qb9cj,31,266
21:58:30,200u,cartservice-7c84fdfb6-gvdl7,2,109
21:58:30,200u,cartservice-7c84fdfb6-m5m6d,116,185
21:58:30,200u,cartservice-7c84fdfb6-rrqpp,1,115
21:58:30,200u,checkoutservice-5b6d96c9b7-45rkr,17,38
21:58:30,200u,checkoutservice-5b6d96c9b7-jbfvs,1,16
21:58:30,200u,checkoutservice-5b6d96c9b7-zvd4c,5,21
21:58:30,200u,currencyservice-7c8fc8fc9c-4hm9g,112,123
21:58:30,200u,currencyservice-7c8fc8fc9c-5frj9,2,85
21:58:30,200u,currencyservice-7c8fc8fc9c-mgwx9,112,127
21:58:30,200u,emailservice-66944ff59-2lcjl,10,94
21:58:30,200u,emailservice-66944ff59-c4g5x,4,56
21:58:30,200u,emailservice-66944ff59-hrmjl,3,56
21:58:30,200u,frontend-7bd6f45654-przgb,71,30
21:58:30,200u,frontend-7bd6f45654-s2s7z,143,53
21:58:30,200u,frontend-7bd6f45654-vfxkp,78,30
21:58:30,200u,paymentservice-9bfb7bf5-6hckw,1,66
21:58:30,200u,paymentservice-9bfb7bf5-75nf7,1,101
21:58:30,200u,paymentservice-9bfb7bf5-kgd56,9,111
21:58:30,200u,productcatalogservice-65bbf699df-7w28t,1,21
21:58:30,200u,productcatalogservice-65bbf699df-j2fmg,92,44
21:58:30,200u,productcatalogservice-65bbf699df-qntf5,31,22
21:58:30,200u,recommendationservice-7444754ff5-d8g8j,2,51
21:58:30,200u,recommendationservice-7444754ff5-n8cbh,142,81
21:58:30,200u,recommendationservice-7444754ff5-pwgrt,48,55
21:58:30,200u,redis-cart-c8ff86559-kcf44,8,37
21:58:30,200u,shippingservice-f956b6d9f-nvkxm,1,15
21:58:30,200u,shippingservice-f956b6d9f-pkw7l,4,16
21:58:30,200u,shippingservice-f956b6d9f-w7n4b,17,33
21:58:35,200u,adservice-574bff445c-6mj7s,3,188
21:58:35,200u,adservice-574bff445c-dwnqt,19,249
21:58:35,200u,adservice-574bff445c-qb9cj,24,266
21:58:35,200u,cartservice-7c84fdfb6-gvdl7,2,110
21:58:35,200u,cartservice-7c84fdfb6-m5m6d,85,185
21:58:35,200u,cartservice-7c84fdfb6-rrqpp,2,115
21:58:35,200u,checkoutservice-5b6d96c9b7-45rkr,10,38
21:58:35,200u,checkoutservice-5b6d96c9b7-jbfvs,1,16
21:58:35,200u,checkoutservice-5b6d96c9b7-zvd4c,5,21
21:58:35,200u,currencyservice-7c8fc8fc9c-4hm9g,77,124
21:58:35,200u,currencyservice-7c8fc8fc9c-5frj9,3,85
21:58:35,200u,currencyservice-7c8fc8fc9c-mgwx9,86,125
21:58:35,200u,emailservice-66944ff59-2lcjl,7,94
21:58:35,200u,emailservice-66944ff59-c4g5x,5,56
21:58:35,200u,emailservice-66944ff59-hrmjl,3,56
21:58:35,200u,frontend-7bd6f45654-przgb,49,30
21:58:35,200u,frontend-7bd6f45654-s2s7z,104,52
21:58:35,200u,frontend-7bd6f45654-vfxkp,56,29
21:58:35,200u,paymentservice-9bfb7bf5-6hckw,1,66
21:58:35,200u,paymentservice-9bfb7bf5-75nf7,2,101
21:58:35,200u,paymentservice-9bfb7bf5-kgd56,7,112
21:58:35,200u,productcatalogservice-65bbf699df-7w28t,1,21
21:58:35,200u,productcatalogservice-65bbf699df-j2fmg,65,44
21:58:35,200u,productcatalogservice-65bbf699df-qntf5,23,22
21:58:35,200u,recommendationservice-7444754ff5-d8g8j,3,51
21:58:35,200u,recommendationservice-7444754ff5-n8cbh,100,81
21:58:35,200u,recommendationservice-7444754ff5-pwgrt,33,55
21:58:35,200u,redis-cart-c8ff86559-kcf44,6,37
21:58:35,200u,shippingservice-f956b6d9f-nvkxm,1,15
21:58:35,200u,shippingservice-f956b6d9f-pkw7l,3,16
21:58:35,200u,shippingservice-f956b6d9f-w7n4b,12,33
21:58:37,200u,adservice-574bff445c-6mj7s,3,188
21:58:37,200u,adservice-574bff445c-dwnqt,19,249
21:58:37,200u,adservice-574bff445c-qb9cj,24,266
21:58:37,200u,cartservice-7c84fdfb6-gvdl7,2,110
21:58:37,200u,cartservice-7c84fdfb6-m5m6d,85,185
21:58:37,200u,cartservice-7c84fdfb6-rrqpp,2,115
21:58:37,200u,checkoutservice-5b6d96c9b7-45rkr,10,38
21:58:37,200u,checkoutservice-5b6d96c9b7-jbfvs,1,16
21:58:37,200u,checkoutservice-5b6d96c9b7-zvd4c,5,21
21:58:37,200u,currencyservice-7c8fc8fc9c-4hm9g,77,124
21:58:37,200u,currencyservice-7c8fc8fc9c-5frj9,3,85
21:58:37,200u,currencyservice-7c8fc8fc9c-mgwx9,86,125
21:58:37,200u,emailservice-66944ff59-2lcjl,7,94
21:58:37,200u,emailservice-66944ff59-c4g5x,5,56
21:58:37,200u,emailservice-66944ff59-hrmjl,3,56
21:58:37,200u,frontend-7bd6f45654-przgb,49,30
21:58:37,200u,frontend-7bd6f45654-s2s7z,104,52
21:58:37,200u,frontend-7bd6f45654-vfxkp,56,29
21:58:37,200u,paymentservice-9bfb7bf5-6hckw,1,66
21:58:37,200u,paymentservice-9bfb7bf5-75nf7,2,101
21:58:37,200u,paymentservice-9bfb7bf5-kgd56,7,112
21:58:37,200u,productcatalogservice-65bbf699df-7w28t,1,21
21:58:37,200u,productcatalogservice-65bbf699df-j2fmg,65,44
21:58:37,200u,productcatalogservice-65bbf699df-qntf5,23,22
21:58:37,200u,recommendationservice-7444754ff5-d8g8j,3,51
21:58:37,200u,recommendationservice-7444754ff5-n8cbh,100,81
21:58:37,200u,recommendationservice-7444754ff5-pwgrt,33,55
21:58:37,200u,redis-cart-c8ff86559-kcf44,6,37
21:58:37,200u,shippingservice-f956b6d9f-nvkxm,1,15
21:58:37,200u,shippingservice-f956b6d9f-pkw7l,3,16
21:58:37,200u,shippingservice-f956b6d9f-w7n4b,12,33
21:58:40,200u,adservice-574bff445c-6mj7s,3,188
21:58:40,200u,adservice-574bff445c-dwnqt,19,249
21:58:40,200u,adservice-574bff445c-qb9cj,24,266
21:58:40,200u,cartservice-7c84fdfb6-gvdl7,2,110
21:58:40,200u,cartservice-7c84fdfb6-m5m6d,85,185
21:58:40,200u,cartservice-7c84fdfb6-rrqpp,2,115
21:58:40,200u,checkoutservice-5b6d96c9b7-45rkr,10,38
21:58:40,200u,checkoutservice-5b6d96c9b7-jbfvs,1,16
21:58:40,200u,checkoutservice-5b6d96c9b7-zvd4c,5,21
21:58:40,200u,currencyservice-7c8fc8fc9c-4hm9g,77,124
21:58:40,200u,currencyservice-7c8fc8fc9c-5frj9,3,85
21:58:40,200u,currencyservice-7c8fc8fc9c-mgwx9,86,125
21:58:40,200u,emailservice-66944ff59-2lcjl,7,94
21:58:40,200u,emailservice-66944ff59-c4g5x,5,56
21:58:40,200u,emailservice-66944ff59-hrmjl,3,56
21:58:40,200u,frontend-7bd6f45654-przgb,49,30
21:58:40,200u,frontend-7bd6f45654-s2s7z,104,52
21:58:40,200u,frontend-7bd6f45654-vfxkp,56,29
21:58:40,200u,paymentservice-9bfb7bf5-6hckw,1,66
21:58:40,200u,paymentservice-9bfb7bf5-75nf7,2,101
21:58:40,200u,paymentservice-9bfb7bf5-kgd56,7,112
21:58:40,200u,productcatalogservice-65bbf699df-7w28t,1,21
21:58:40,200u,productcatalogservice-65bbf699df-j2fmg,65,44
21:58:40,200u,productcatalogservice-65bbf699df-qntf5,23,22
21:58:40,200u,recommendationservice-7444754ff5-d8g8j,3,51
21:58:40,200u,recommendationservice-7444754ff5-n8cbh,100,81
21:58:40,200u,recommendationservice-7444754ff5-pwgrt,33,55
21:58:40,200u,redis-cart-c8ff86559-kcf44,6,37
21:58:40,200u,shippingservice-f956b6d9f-nvkxm,1,15
21:58:40,200u,shippingservice-f956b6d9f-pkw7l,3,16
21:58:40,200u,shippingservice-f956b6d9f-w7n4b,12,33
21:58:45,200u,adservice-574bff445c-6mj7s,3,188
21:58:45,200u,adservice-574bff445c-dwnqt,19,249
21:58:45,200u,adservice-574bff445c-qb9cj,24,266
21:58:45,200u,cartservice-7c84fdfb6-gvdl7,2,110
21:58:45,200u,cartservice-7c84fdfb6-m5m6d,85,185
21:58:45,200u,cartservice-7c84fdfb6-rrqpp,2,115
21:58:45,200u,checkoutservice-5b6d96c9b7-45rkr,10,38
21:58:45,200u,checkoutservice-5b6d96c9b7-jbfvs,1,16
21:58:45,200u,checkoutservice-5b6d96c9b7-zvd4c,5,21
21:58:45,200u,currencyservice-7c8fc8fc9c-4hm9g,77,124
21:58:45,200u,currencyservice-7c8fc8fc9c-5frj9,3,85
21:58:45,200u,currencyservice-7c8fc8fc9c-mgwx9,86,125
21:58:45,200u,emailservice-66944ff59-2lcjl,7,94
21:58:45,200u,emailservice-66944ff59-c4g5x,5,56
21:58:45,200u,emailservice-66944ff59-hrmjl,3,56
21:58:45,200u,frontend-7bd6f45654-przgb,49,30
21:58:45,200u,frontend-7bd6f45654-s2s7z,104,52
21:58:45,200u,frontend-7bd6f45654-vfxkp,56,29
21:58:45,200u,paymentservice-9bfb7bf5-6hckw,1,66
21:58:45,200u,paymentservice-9bfb7bf5-75nf7,2,101
21:58:45,200u,paymentservice-9bfb7bf5-kgd56,7,112
21:58:45,200u,productcatalogservice-65bbf699df-7w28t,1,21
21:58:45,200u,productcatalogservice-65bbf699df-j2fmg,65,44
21:58:45,200u,productcatalogservice-65bbf699df-qntf5,23,22
21:58:45,200u,recommendationservice-7444754ff5-d8g8j,3,51
21:58:45,200u,recommendationservice-7444754ff5-n8cbh,100,81
21:58:45,200u,recommendationservice-7444754ff5-pwgrt,33,55
21:58:45,200u,redis-cart-c8ff86559-kcf44,6,37
21:58:45,200u,shippingservice-f956b6d9f-nvkxm,1,15
21:58:45,200u,shippingservice-f956b6d9f-pkw7l,3,16
21:58:45,200u,shippingservice-f956b6d9f-w7n4b,12,33
21:58:47,200u,adservice-574bff445c-6mj7s,3,188
21:58:47,200u,adservice-574bff445c-dwnqt,19,249
21:58:47,200u,adservice-574bff445c-qb9cj,24,266
21:58:47,200u,cartservice-7c84fdfb6-gvdl7,2,110
21:58:47,200u,cartservice-7c84fdfb6-m5m6d,85,185
21:58:47,200u,cartservice-7c84fdfb6-rrqpp,2,115
21:58:47,200u,checkoutservice-5b6d96c9b7-45rkr,10,38
21:58:47,200u,checkoutservice-5b6d96c9b7-jbfvs,1,16
21:58:47,200u,checkoutservice-5b6d96c9b7-zvd4c,5,21
21:58:47,200u,currencyservice-7c8fc8fc9c-4hm9g,77,124
21:58:47,200u,currencyservice-7c8fc8fc9c-5frj9,3,85
21:58:47,200u,currencyservice-7c8fc8fc9c-mgwx9,86,125
21:58:47,200u,emailservice-66944ff59-2lcjl,7,94
21:58:47,200u,emailservice-66944ff59-c4g5x,5,56
21:58:47,200u,emailservice-66944ff59-hrmjl,3,56
21:58:47,200u,frontend-7bd6f45654-przgb,49,30
21:58:47,200u,frontend-7bd6f45654-s2s7z,104,52
21:58:47,200u,frontend-7bd6f45654-vfxkp,56,29
21:58:47,200u,paymentservice-9bfb7bf5-6hckw,1,66
21:58:47,200u,paymentservice-9bfb7bf5-75nf7,2,101
21:58:47,200u,paymentservice-9bfb7bf5-kgd56,7,112
21:58:47,200u,productcatalogservice-65bbf699df-7w28t,1,21
21:58:47,200u,productcatalogservice-65bbf699df-j2fmg,65,44
21:58:47,200u,productcatalogservice-65bbf699df-qntf5,23,22
21:58:47,200u,recommendationservice-7444754ff5-d8g8j,3,51
21:58:47,200u,recommendationservice-7444754ff5-n8cbh,100,81
21:58:47,200u,recommendationservice-7444754ff5-pwgrt,33,55
21:58:47,200u,redis-cart-c8ff86559-kcf44,6,37
21:58:47,200u,shippingservice-f956b6d9f-nvkxm,1,15
21:58:47,200u,shippingservice-f956b6d9f-pkw7l,3,16
21:58:47,200u,shippingservice-f956b6d9f-w7n4b,12,33
21:58:50,200u,adservice-574bff445c-6mj7s,2,188
21:58:50,200u,adservice-574bff445c-dwnqt,36,249
21:58:50,200u,adservice-574bff445c-qb9cj,27,266
21:58:50,200u,cartservice-7c84fdfb6-gvdl7,1,110
21:58:50,200u,cartservice-7c84fdfb6-m5m6d,124,185
21:58:50,200u,cartservice-7c84fdfb6-rrqpp,1,115
21:58:50,200u,checkoutservice-5b6d96c9b7-45rkr,17,38
21:58:50,200u,checkoutservice-5b6d96c9b7-jbfvs,1,16
21:58:50,200u,checkoutservice-5b6d96c9b7-zvd4c,6,21
21:58:50,200u,currencyservice-7c8fc8fc9c-4hm9g,141,124
21:58:50,200u,currencyservice-7c8fc8fc9c-5frj9,2,85
21:58:50,200u,currencyservice-7c8fc8fc9c-mgwx9,97,125
21:58:50,200u,emailservice-66944ff59-2lcjl,10,94
21:58:50,200u,emailservice-66944ff59-c4g5x,5,56
21:58:50,200u,emailservice-66944ff59-hrmjl,2,56
21:58:50,200u,frontend-7bd6f45654-przgb,111,30
21:58:50,200u,frontend-7bd6f45654-s2s7z,118,52
21:58:50,200u,frontend-7bd6f45654-vfxkp,88,30
21:58:50,200u,paymentservice-9bfb7bf5-6hckw,2,66
21:58:50,200u,paymentservice-9bfb7bf5-75nf7,1,101
21:58:50,200u,paymentservice-9bfb7bf5-kgd56,9,112
21:58:50,200u,productcatalogservice-65bbf699df-7w28t,1,21
21:58:50,200u,productcatalogservice-65bbf699df-j2fmg,97,44
21:58:50,200u,productcatalogservice-65bbf699df-qntf5,34,22
21:58:50,200u,recommendationservice-7444754ff5-d8g8j,3,51
21:58:50,200u,recommendationservice-7444754ff5-n8cbh,125,81
21:58:50,200u,recommendationservice-7444754ff5-pwgrt,76,55
21:58:50,200u,redis-cart-c8ff86559-kcf44,9,37
21:58:50,200u,shippingservice-f956b6d9f-nvkxm,1,15
21:58:50,200u,shippingservice-f956b6d9f-pkw7l,7,16
21:58:50,200u,shippingservice-f956b6d9f-w7n4b,16,32
21:58:55,200u,adservice-574bff445c-6mj7s,2,188
21:58:55,200u,adservice-574bff445c-dwnqt,36,249
21:58:55,200u,adservice-574bff445c-qb9cj,27,266
21:58:55,200u,cartservice-7c84fdfb6-gvdl7,1,110
21:58:55,200u,cartservice-7c84fdfb6-m5m6d,124,185
21:58:55,200u,cartservice-7c84fdfb6-rrqpp,1,115
21:58:55,200u,checkoutservice-5b6d96c9b7-45rkr,17,38
21:58:55,200u,checkoutservice-5b6d96c9b7-jbfvs,1,16
21:58:55,200u,checkoutservice-5b6d96c9b7-zvd4c,6,21
21:58:55,200u,currencyservice-7c8fc8fc9c-4hm9g,141,124
21:58:55,200u,currencyservice-7c8fc8fc9c-5frj9,2,85
21:58:55,200u,currencyservice-7c8fc8fc9c-mgwx9,97,125
21:58:55,200u,emailservice-66944ff59-2lcjl,10,94
21:58:55,200u,emailservice-66944ff59-c4g5x,5,56
21:58:55,200u,emailservice-66944ff59-hrmjl,2,56
21:58:55,200u,frontend-7bd6f45654-przgb,111,30
21:58:55,200u,frontend-7bd6f45654-s2s7z,118,52
21:58:55,200u,frontend-7bd6f45654-vfxkp,88,30
21:58:55,200u,paymentservice-9bfb7bf5-6hckw,2,66
21:58:55,200u,paymentservice-9bfb7bf5-75nf7,1,101
21:58:55,200u,paymentservice-9bfb7bf5-kgd56,9,112
21:58:55,200u,productcatalogservice-65bbf699df-7w28t,1,21
21:58:55,200u,productcatalogservice-65bbf699df-j2fmg,97,44
21:58:55,200u,productcatalogservice-65bbf699df-qntf5,34,22
21:58:55,200u,recommendationservice-7444754ff5-d8g8j,3,51
21:58:55,200u,recommendationservice-7444754ff5-n8cbh,125,81
21:58:55,200u,recommendationservice-7444754ff5-pwgrt,76,55
21:58:55,200u,redis-cart-c8ff86559-kcf44,9,37
21:58:55,200u,shippingservice-f956b6d9f-nvkxm,1,15
21:58:55,200u,shippingservice-f956b6d9f-pkw7l,7,16
21:58:55,200u,shippingservice-f956b6d9f-w7n4b,16,32
21:58:57,200u,adservice-574bff445c-6mj7s,2,188
21:58:57,200u,adservice-574bff445c-dwnqt,36,249
21:58:57,200u,adservice-574bff445c-qb9cj,27,266
21:58:57,200u,cartservice-7c84fdfb6-gvdl7,1,110
21:58:57,200u,cartservice-7c84fdfb6-m5m6d,124,185
21:58:57,200u,cartservice-7c84fdfb6-rrqpp,1,115
21:58:57,200u,checkoutservice-5b6d96c9b7-45rkr,17,38
21:58:57,200u,checkoutservice-5b6d96c9b7-jbfvs,1,16
21:58:57,200u,checkoutservice-5b6d96c9b7-zvd4c,6,21
21:58:57,200u,currencyservice-7c8fc8fc9c-4hm9g,141,124
21:58:57,200u,currencyservice-7c8fc8fc9c-5frj9,2,85
21:58:57,200u,currencyservice-7c8fc8fc9c-mgwx9,97,125
21:58:57,200u,emailservice-66944ff59-2lcjl,10,94
21:58:57,200u,emailservice-66944ff59-c4g5x,5,56
21:58:57,200u,emailservice-66944ff59-hrmjl,2,56
21:58:57,200u,frontend-7bd6f45654-przgb,111,30
21:58:57,200u,frontend-7bd6f45654-s2s7z,118,52
21:58:57,200u,frontend-7bd6f45654-vfxkp,88,30
21:58:57,200u,paymentservice-9bfb7bf5-6hckw,2,66
21:58:57,200u,paymentservice-9bfb7bf5-75nf7,1,101
21:58:57,200u,paymentservice-9bfb7bf5-kgd56,9,112
21:58:57,200u,productcatalogservice-65bbf699df-7w28t,1,21
21:58:57,200u,productcatalogservice-65bbf699df-j2fmg,97,44
21:58:57,200u,productcatalogservice-65bbf699df-qntf5,34,22
21:58:57,200u,recommendationservice-7444754ff5-d8g8j,3,51
21:58:57,200u,recommendationservice-7444754ff5-n8cbh,125,81
21:58:57,200u,recommendationservice-7444754ff5-pwgrt,76,55
21:58:57,200u,redis-cart-c8ff86559-kcf44,9,37
21:58:57,200u,shippingservice-f956b6d9f-nvkxm,1,15
21:58:57,200u,shippingservice-f956b6d9f-pkw7l,7,16
21:58:57,200u,shippingservice-f956b6d9f-w7n4b,16,32
21:59:00,200u,adservice-574bff445c-6mj7s,2,188
21:59:00,200u,adservice-574bff445c-dwnqt,36,249
21:59:00,200u,adservice-574bff445c-qb9cj,27,266
21:59:00,200u,cartservice-7c84fdfb6-gvdl7,1,110
21:59:00,200u,cartservice-7c84fdfb6-m5m6d,124,185
21:59:00,200u,cartservice-7c84fdfb6-rrqpp,1,115
21:59:00,200u,checkoutservice-5b6d96c9b7-45rkr,17,38
21:59:00,200u,checkoutservice-5b6d96c9b7-jbfvs,1,16
21:59:00,200u,checkoutservice-5b6d96c9b7-zvd4c,6,21
21:59:00,200u,currencyservice-7c8fc8fc9c-4hm9g,141,124
21:59:00,200u,currencyservice-7c8fc8fc9c-5frj9,2,85
21:59:00,200u,currencyservice-7c8fc8fc9c-mgwx9,97,125
21:59:00,200u,emailservice-66944ff59-2lcjl,10,94
21:59:00,200u,emailservice-66944ff59-c4g5x,5,56
21:59:00,200u,emailservice-66944ff59-hrmjl,2,56
21:59:00,200u,frontend-7bd6f45654-przgb,111,30
21:59:00,200u,frontend-7bd6f45654-s2s7z,118,52
21:59:00,200u,frontend-7bd6f45654-vfxkp,88,30
21:59:00,200u,paymentservice-9bfb7bf5-6hckw,2,66
21:59:00,200u,paymentservice-9bfb7bf5-75nf7,1,101
21:59:00,200u,paymentservice-9bfb7bf5-kgd56,9,112
21:59:00,200u,productcatalogservice-65bbf699df-7w28t,1,21
21:59:00,200u,productcatalogservice-65bbf699df-j2fmg,97,44
21:59:00,200u,productcatalogservice-65bbf699df-qntf5,34,22
21:59:00,200u,recommendationservice-7444754ff5-d8g8j,3,51
21:59:00,200u,recommendationservice-7444754ff5-n8cbh,125,81
21:59:00,200u,recommendationservice-7444754ff5-pwgrt,76,55
21:59:00,200u,redis-cart-c8ff86559-kcf44,9,37
21:59:00,200u,shippingservice-f956b6d9f-nvkxm,1,15
21:59:00,200u,shippingservice-f956b6d9f-pkw7l,7,16
21:59:00,200u,shippingservice-f956b6d9f-w7n4b,16,32
21:59:05,200u,adservice-574bff445c-6mj7s,2,188
21:59:05,200u,adservice-574bff445c-dwnqt,62,249
21:59:05,200u,adservice-574bff445c-qb9cj,40,266
21:59:05,200u,cartservice-7c84fdfb6-gvdl7,2,110
21:59:05,200u,cartservice-7c84fdfb6-m5m6d,185,185
21:59:05,200u,cartservice-7c84fdfb6-rrqpp,1,115
21:59:05,200u,checkoutservice-5b6d96c9b7-45rkr,30,38
21:59:05,200u,checkoutservice-5b6d96c9b7-jbfvs,1,16
21:59:05,200u,checkoutservice-5b6d96c9b7-zvd4c,13,21
21:59:05,200u,currencyservice-7c8fc8fc9c-4hm9g,194,125
21:59:05,200u,currencyservice-7c8fc8fc9c-5frj9,1,85
21:59:05,200u,currencyservice-7c8fc8fc9c-mgwx9,143,124
21:59:05,200u,emailservice-66944ff59-2lcjl,15,94
21:59:05,200u,emailservice-66944ff59-c4g5x,8,56
21:59:05,200u,emailservice-66944ff59-hrmjl,2,56
21:59:05,200u,frontend-7bd6f45654-przgb,180,30
21:59:05,200u,frontend-7bd6f45654-s2s7z,173,53
21:59:05,200u,frontend-7bd6f45654-vfxkp,136,30
21:59:05,200u,paymentservice-9bfb7bf5-6hckw,1,66
21:59:05,200u,paymentservice-9bfb7bf5-75nf7,1,101
21:59:05,200u,paymentservice-9bfb7bf5-kgd56,16,112
21:59:05,200u,productcatalogservice-65bbf699df-7w28t,1,21
21:59:05,200u,productcatalogservice-65bbf699df-j2fmg,149,44
21:59:05,200u,productcatalogservice-65bbf699df-qntf5,54,22
21:59:05,200u,recommendationservice-7444754ff5-d8g8j,2,51
21:59:05,200u,recommendationservice-7444754ff5-n8cbh,194,82
21:59:05,200u,recommendationservice-7444754ff5-pwgrt,139,55
21:59:05,200u,redis-cart-c8ff86559-kcf44,12,37
21:59:05,200u,shippingservice-f956b6d9f-nvkxm,1,15
21:59:05,200u,shippingservice-f956b6d9f-pkw7l,10,16
21:59:05,200u,shippingservice-f956b6d9f-w7n4b,25,32
21:59:07,200u,adservice-574bff445c-6mj7s,2,188
21:59:07,200u,adservice-574bff445c-dwnqt,62,249
21:59:07,200u,adservice-574bff445c-qb9cj,40,266
21:59:07,200u,cartservice-7c84fdfb6-gvdl7,2,110
21:59:07,200u,cartservice-7c84fdfb6-m5m6d,185,185
21:59:07,200u,cartservice-7c84fdfb6-rrqpp,1,115
21:59:07,200u,checkoutservice-5b6d96c9b7-45rkr,30,38
21:59:07,200u,checkoutservice-5b6d96c9b7-jbfvs,1,16
21:59:07,200u,checkoutservice-5b6d96c9b7-zvd4c,13,21
21:59:07,200u,currencyservice-7c8fc8fc9c-4hm9g,194,125
21:59:07,200u,currencyservice-7c8fc8fc9c-5frj9,1,85
21:59:07,200u,currencyservice-7c8fc8fc9c-mgwx9,143,124
21:59:07,200u,emailservice-66944ff59-2lcjl,15,94
21:59:07,200u,emailservice-66944ff59-c4g5x,8,56
21:59:07,200u,emailservice-66944ff59-hrmjl,2,56
21:59:07,200u,frontend-7bd6f45654-przgb,180,30
21:59:07,200u,frontend-7bd6f45654-s2s7z,173,53
21:59:07,200u,frontend-7bd6f45654-vfxkp,136,30
21:59:07,200u,paymentservice-9bfb7bf5-6hckw,1,66
21:59:07,200u,paymentservice-9bfb7bf5-75nf7,1,101
21:59:07,200u,paymentservice-9bfb7bf5-kgd56,16,112
21:59:07,200u,productcatalogservice-65bbf699df-7w28t,1,21
21:59:07,200u,productcatalogservice-65bbf699df-j2fmg,149,44
21:59:07,200u,productcatalogservice-65bbf699df-qntf5,54,22
21:59:07,200u,recommendationservice-7444754ff5-d8g8j,2,51
21:59:07,200u,recommendationservice-7444754ff5-n8cbh,194,82
21:59:07,200u,recommendationservice-7444754ff5-pwgrt,139,55
21:59:07,200u,redis-cart-c8ff86559-kcf44,12,37
21:59:07,200u,shippingservice-f956b6d9f-nvkxm,1,15
21:59:07,200u,shippingservice-f956b6d9f-pkw7l,10,16
21:59:07,200u,shippingservice-f956b6d9f-w7n4b,25,32
21:59:10,200u,adservice-574bff445c-6mj7s,2,188
21:59:10,200u,adservice-574bff445c-dwnqt,62,249
21:59:10,200u,adservice-574bff445c-qb9cj,40,266
21:59:10,200u,cartservice-7c84fdfb6-gvdl7,2,110
21:59:10,200u,cartservice-7c84fdfb6-m5m6d,185,185
21:59:10,200u,cartservice-7c84fdfb6-rrqpp,1,115
21:59:10,200u,checkoutservice-5b6d96c9b7-45rkr,30,38
21:59:10,200u,checkoutservice-5b6d96c9b7-jbfvs,1,16
21:59:10,200u,checkoutservice-5b6d96c9b7-zvd4c,13,21
21:59:10,200u,currencyservice-7c8fc8fc9c-4hm9g,194,125
21:59:10,200u,currencyservice-7c8fc8fc9c-5frj9,1,85
21:59:10,200u,currencyservice-7c8fc8fc9c-mgwx9,143,124
21:59:10,200u,emailservice-66944ff59-2lcjl,15,94
21:59:10,200u,emailservice-66944ff59-c4g5x,8,56
21:59:10,200u,emailservice-66944ff59-hrmjl,2,56
21:59:10,200u,frontend-7bd6f45654-przgb,180,30
21:59:10,200u,frontend-7bd6f45654-s2s7z,173,53
21:59:10,200u,frontend-7bd6f45654-vfxkp,136,30
21:59:10,200u,paymentservice-9bfb7bf5-6hckw,1,66
21:59:10,200u,paymentservice-9bfb7bf5-75nf7,1,101
21:59:10,200u,paymentservice-9bfb7bf5-kgd56,16,112
21:59:10,200u,productcatalogservice-65bbf699df-7w28t,1,21
21:59:10,200u,productcatalogservice-65bbf699df-j2fmg,149,44
21:59:10,200u,productcatalogservice-65bbf699df-qntf5,54,22
21:59:10,200u,recommendationservice-7444754ff5-d8g8j,2,51
21:59:10,200u,recommendationservice-7444754ff5-n8cbh,194,82
21:59:10,200u,recommendationservice-7444754ff5-pwgrt,139,55
21:59:10,200u,redis-cart-c8ff86559-kcf44,12,37
21:59:10,200u,shippingservice-f956b6d9f-nvkxm,1,15
21:59:10,200u,shippingservice-f956b6d9f-pkw7l,10,16
21:59:10,200u,shippingservice-f956b6d9f-w7n4b,25,32
21:59:15,200u,adservice-574bff445c-6mj7s,2,188
21:59:15,200u,adservice-574bff445c-dwnqt,62,249
21:59:15,200u,adservice-574bff445c-qb9cj,40,266
21:59:15,200u,cartservice-7c84fdfb6-gvdl7,2,110
21:59:15,200u,cartservice-7c84fdfb6-m5m6d,185,185
21:59:15,200u,cartservice-7c84fdfb6-rrqpp,1,115
21:59:15,200u,checkoutservice-5b6d96c9b7-45rkr,30,38
21:59:15,200u,checkoutservice-5b6d96c9b7-jbfvs,1,16
21:59:15,200u,checkoutservice-5b6d96c9b7-zvd4c,13,21
21:59:15,200u,currencyservice-7c8fc8fc9c-4hm9g,194,125
21:59:15,200u,currencyservice-7c8fc8fc9c-5frj9,1,85
21:59:15,200u,currencyservice-7c8fc8fc9c-mgwx9,143,124
21:59:15,200u,emailservice-66944ff59-2lcjl,15,94
21:59:15,200u,emailservice-66944ff59-c4g5x,8,56
21:59:15,200u,emailservice-66944ff59-hrmjl,2,56
21:59:15,200u,frontend-7bd6f45654-przgb,180,30
21:59:15,200u,frontend-7bd6f45654-s2s7z,173,53
21:59:15,200u,frontend-7bd6f45654-vfxkp,136,30
21:59:15,200u,paymentservice-9bfb7bf5-6hckw,1,66
21:59:15,200u,paymentservice-9bfb7bf5-75nf7,1,101
21:59:15,200u,paymentservice-9bfb7bf5-kgd56,16,112
21:59:15,200u,productcatalogservice-65bbf699df-7w28t,1,21
21:59:15,200u,productcatalogservice-65bbf699df-j2fmg,149,44
21:59:15,200u,productcatalogservice-65bbf699df-qntf5,54,22
21:59:15,200u,recommendationservice-7444754ff5-d8g8j,2,51
21:59:15,200u,recommendationservice-7444754ff5-n8cbh,194,82
21:59:15,200u,recommendationservice-7444754ff5-pwgrt,139,55
21:59:15,200u,redis-cart-c8ff86559-kcf44,12,37
21:59:15,200u,shippingservice-f956b6d9f-nvkxm,1,15
21:59:15,200u,shippingservice-f956b6d9f-pkw7l,10,16
21:59:15,200u,shippingservice-f956b6d9f-w7n4b,25,32
21:59:17,200u,adservice-574bff445c-6mj7s,2,188
21:59:17,200u,adservice-574bff445c-dwnqt,62,249
21:59:17,200u,adservice-574bff445c-qb9cj,40,266
21:59:17,200u,cartservice-7c84fdfb6-gvdl7,2,110
21:59:17,200u,cartservice-7c84fdfb6-m5m6d,185,185
21:59:17,200u,cartservice-7c84fdfb6-rrqpp,1,115
21:59:17,200u,checkoutservice-5b6d96c9b7-45rkr,30,38
21:59:17,200u,checkoutservice-5b6d96c9b7-jbfvs,1,16
21:59:17,200u,checkoutservice-5b6d96c9b7-zvd4c,13,21
21:59:17,200u,currencyservice-7c8fc8fc9c-4hm9g,194,125
21:59:17,200u,currencyservice-7c8fc8fc9c-5frj9,1,85
21:59:17,200u,currencyservice-7c8fc8fc9c-mgwx9,143,124
21:59:17,200u,emailservice-66944ff59-2lcjl,15,94
21:59:17,200u,emailservice-66944ff59-c4g5x,8,56
21:59:17,200u,emailservice-66944ff59-hrmjl,2,56
21:59:17,200u,frontend-7bd6f45654-przgb,180,30
21:59:17,200u,frontend-7bd6f45654-s2s7z,173,53
21:59:17,200u,frontend-7bd6f45654-vfxkp,136,30
21:59:17,200u,paymentservice-9bfb7bf5-6hckw,1,66
21:59:17,200u,paymentservice-9bfb7bf5-75nf7,1,101
21:59:17,200u,paymentservice-9bfb7bf5-kgd56,16,112
21:59:17,200u,productcatalogservice-65bbf699df-7w28t,1,21
21:59:17,200u,productcatalogservice-65bbf699df-j2fmg,149,44
21:59:17,200u,productcatalogservice-65bbf699df-qntf5,54,22
21:59:17,200u,recommendationservice-7444754ff5-d8g8j,2,51
21:59:17,200u,recommendationservice-7444754ff5-n8cbh,194,82
21:59:17,200u,recommendationservice-7444754ff5-pwgrt,139,55
21:59:17,200u,redis-cart-c8ff86559-kcf44,12,37
21:59:17,200u,shippingservice-f956b6d9f-nvkxm,1,15
21:59:17,200u,shippingservice-f956b6d9f-pkw7l,10,16
21:59:17,200u,shippingservice-f956b6d9f-w7n4b,25,32
21:59:20,200u,adservice-574bff445c-6mj7s,2,188
21:59:20,200u,adservice-574bff445c-dwnqt,67,249
21:59:20,200u,adservice-574bff445c-qb9cj,41,267
21:59:20,200u,cartservice-7c84fdfb6-gvdl7,1,110
21:59:20,200u,cartservice-7c84fdfb6-m5m6d,184,186
21:59:20,200u,cartservice-7c84fdfb6-rrqpp,1,115
21:59:20,200u,checkoutservice-5b6d96c9b7-45rkr,34,38
21:59:20,200u,checkoutservice-5b6d96c9b7-jbfvs,1,16
21:59:20,200u,checkoutservice-5b6d96c9b7-zvd4c,11,21
21:59:20,200u,currencyservice-7c8fc8fc9c-4hm9g,199,125
21:59:20,200u,currencyservice-7c8fc8fc9c-5frj9,1,85
21:59:20,200u,currencyservice-7c8fc8fc9c-mgwx9,142,125
21:59:20,200u,emailservice-66944ff59-2lcjl,17,94
21:59:20,200u,emailservice-66944ff59-c4g5x,7,56
21:59:20,200u,emailservice-66944ff59-hrmjl,3,56
21:59:20,200u,frontend-7bd6f45654-przgb,192,31
21:59:20,200u,frontend-7bd6f45654-s2s7z,169,54
21:59:20,200u,frontend-7bd6f45654-vfxkp,144,31
21:59:20,200u,paymentservice-9bfb7bf5-6hckw,1,66
21:59:20,200u,paymentservice-9bfb7bf5-75nf7,1,101
21:59:20,200u,paymentservice-9bfb7bf5-kgd56,17,112
21:59:20,200u,productcatalogservice-65bbf699df-7w28t,1,21
21:59:20,200u,productcatalogservice-65bbf699df-j2fmg,152,44
21:59:20,200u,productcatalogservice-65bbf699df-qntf5,58,22
21:59:20,200u,recommendationservice-7444754ff5-d8g8j,2,51
21:59:20,200u,recommendationservice-7444754ff5-n8cbh,200,82
21:59:20,200u,recommendationservice-7444754ff5-pwgrt,158,55
21:59:20,200u,redis-cart-c8ff86559-kcf44,13,37
21:59:20,200u,shippingservice-f956b6d9f-nvkxm,1,15
21:59:20,200u,shippingservice-f956b6d9f-pkw7l,12,16
21:59:20,200u,shippingservice-f956b6d9f-w7n4b,26,32
21:59:25,200u,adservice-574bff445c-6mj7s,2,188
21:59:25,200u,adservice-574bff445c-dwnqt,67,249
21:59:25,200u,adservice-574bff445c-qb9cj,41,267
21:59:25,200u,cartservice-7c84fdfb6-gvdl7,1,110
21:59:25,200u,cartservice-7c84fdfb6-m5m6d,184,186
21:59:25,200u,cartservice-7c84fdfb6-rrqpp,1,115
21:59:25,200u,checkoutservice-5b6d96c9b7-45rkr,34,38
21:59:25,200u,checkoutservice-5b6d96c9b7-jbfvs,1,16
21:59:25,200u,checkoutservice-5b6d96c9b7-zvd4c,11,21
21:59:25,200u,currencyservice-7c8fc8fc9c-4hm9g,199,125
21:59:25,200u,currencyservice-7c8fc8fc9c-5frj9,1,85
21:59:25,200u,currencyservice-7c8fc8fc9c-mgwx9,142,125
21:59:25,200u,emailservice-66944ff59-2lcjl,17,94
21:59:25,200u,emailservice-66944ff59-c4g5x,7,56
21:59:25,200u,emailservice-66944ff59-hrmjl,3,56
21:59:25,200u,frontend-7bd6f45654-przgb,192,31
21:59:25,200u,frontend-7bd6f45654-s2s7z,169,54
21:59:25,200u,frontend-7bd6f45654-vfxkp,144,31
21:59:25,200u,paymentservice-9bfb7bf5-6hckw,1,66
21:59:25,200u,paymentservice-9bfb7bf5-75nf7,1,101
21:59:25,200u,paymentservice-9bfb7bf5-kgd56,17,112
21:59:25,200u,productcatalogservice-65bbf699df-7w28t,1,21
21:59:25,200u,productcatalogservice-65bbf699df-j2fmg,152,44
21:59:25,200u,productcatalogservice-65bbf699df-qntf5,58,22
21:59:25,200u,recommendationservice-7444754ff5-d8g8j,2,51
21:59:25,200u,recommendationservice-7444754ff5-n8cbh,200,82
21:59:25,200u,recommendationservice-7444754ff5-pwgrt,158,55
21:59:25,200u,redis-cart-c8ff86559-kcf44,13,37
21:59:25,200u,shippingservice-f956b6d9f-nvkxm,1,15
21:59:25,200u,shippingservice-f956b6d9f-pkw7l,12,16
21:59:25,200u,shippingservice-f956b6d9f-w7n4b,26,32
21:59:28,200u,adservice-574bff445c-6mj7s,2,188
21:59:28,200u,adservice-574bff445c-dwnqt,67,249
21:59:28,200u,adservice-574bff445c-qb9cj,41,267
21:59:28,200u,cartservice-7c84fdfb6-gvdl7,1,110
21:59:28,200u,cartservice-7c84fdfb6-m5m6d,184,186
21:59:28,200u,cartservice-7c84fdfb6-rrqpp,1,115
21:59:28,200u,checkoutservice-5b6d96c9b7-45rkr,34,38
21:59:28,200u,checkoutservice-5b6d96c9b7-jbfvs,1,16
21:59:28,200u,checkoutservice-5b6d96c9b7-zvd4c,11,21
21:59:28,200u,currencyservice-7c8fc8fc9c-4hm9g,199,125
21:59:28,200u,currencyservice-7c8fc8fc9c-5frj9,1,85
21:59:28,200u,currencyservice-7c8fc8fc9c-mgwx9,142,125
21:59:28,200u,emailservice-66944ff59-2lcjl,17,94
21:59:28,200u,emailservice-66944ff59-c4g5x,7,56
21:59:28,200u,emailservice-66944ff59-hrmjl,3,56
21:59:28,200u,frontend-7bd6f45654-przgb,192,31
21:59:28,200u,frontend-7bd6f45654-s2s7z,169,54
21:59:28,200u,frontend-7bd6f45654-vfxkp,144,31
21:59:28,200u,paymentservice-9bfb7bf5-6hckw,1,66
21:59:28,200u,paymentservice-9bfb7bf5-75nf7,1,101
21:59:28,200u,paymentservice-9bfb7bf5-kgd56,17,112
21:59:28,200u,productcatalogservice-65bbf699df-7w28t,1,21
21:59:28,200u,productcatalogservice-65bbf699df-j2fmg,152,44
21:59:28,200u,productcatalogservice-65bbf699df-qntf5,58,22
21:59:28,200u,recommendationservice-7444754ff5-d8g8j,2,51
21:59:28,200u,recommendationservice-7444754ff5-n8cbh,200,82
21:59:28,200u,recommendationservice-7444754ff5-pwgrt,158,55
21:59:28,200u,redis-cart-c8ff86559-kcf44,13,37
21:59:28,200u,shippingservice-f956b6d9f-nvkxm,1,15
21:59:28,200u,shippingservice-f956b6d9f-pkw7l,12,16
21:59:28,200u,shippingservice-f956b6d9f-w7n4b,26,32
21:59:30,200u,adservice-574bff445c-6mj7s,2,188
21:59:30,200u,adservice-574bff445c-dwnqt,67,249
21:59:30,200u,adservice-574bff445c-qb9cj,41,267
21:59:30,200u,cartservice-7c84fdfb6-gvdl7,1,110
21:59:30,200u,cartservice-7c84fdfb6-m5m6d,184,186
21:59:30,200u,cartservice-7c84fdfb6-rrqpp,1,115
21:59:30,200u,checkoutservice-5b6d96c9b7-45rkr,34,38
21:59:30,200u,checkoutservice-5b6d96c9b7-jbfvs,1,16
21:59:30,200u,checkoutservice-5b6d96c9b7-zvd4c,11,21
21:59:30,200u,currencyservice-7c8fc8fc9c-4hm9g,199,125
21:59:30,200u,currencyservice-7c8fc8fc9c-5frj9,1,85
21:59:30,200u,currencyservice-7c8fc8fc9c-mgwx9,142,125
21:59:30,200u,emailservice-66944ff59-2lcjl,17,94
21:59:30,200u,emailservice-66944ff59-c4g5x,7,56
21:59:30,200u,emailservice-66944ff59-hrmjl,3,56
21:59:30,200u,frontend-7bd6f45654-przgb,192,31
21:59:30,200u,frontend-7bd6f45654-s2s7z,169,54
21:59:30,200u,frontend-7bd6f45654-vfxkp,144,31
21:59:30,200u,paymentservice-9bfb7bf5-6hckw,1,66
21:59:30,200u,paymentservice-9bfb7bf5-75nf7,1,101
21:59:30,200u,paymentservice-9bfb7bf5-kgd56,17,112
21:59:30,200u,productcatalogservice-65bbf699df-7w28t,1,21
21:59:30,200u,productcatalogservice-65bbf699df-j2fmg,152,44
21:59:30,200u,productcatalogservice-65bbf699df-qntf5,58,22
21:59:30,200u,recommendationservice-7444754ff5-d8g8j,2,51
21:59:30,200u,recommendationservice-7444754ff5-n8cbh,200,82
21:59:30,200u,recommendationservice-7444754ff5-pwgrt,158,55
21:59:30,200u,redis-cart-c8ff86559-kcf44,13,37
21:59:30,200u,shippingservice-f956b6d9f-nvkxm,1,15
21:59:30,200u,shippingservice-f956b6d9f-pkw7l,12,16
21:59:30,200u,shippingservice-f956b6d9f-w7n4b,26,32
21:59:35,200u,adservice-574bff445c-6mj7s,1,188
21:59:35,200u,adservice-574bff445c-dwnqt,75,250
21:59:35,200u,adservice-574bff445c-qb9cj,38,267
21:59:35,200u,cartservice-7c84fdfb6-gvdl7,1,110
21:59:35,200u,cartservice-7c84fdfb6-m5m6d,177,186
21:59:35,200u,cartservice-7c84fdfb6-rrqpp,1,115
21:59:35,200u,checkoutservice-5b6d96c9b7-45rkr,35,38
21:59:35,200u,checkoutservice-5b6d96c9b7-jbfvs,1,16
21:59:35,200u,checkoutservice-5b6d96c9b7-zvd4c,13,21
21:59:35,200u,currencyservice-7c8fc8fc9c-4hm9g,200,125
21:59:35,200u,currencyservice-7c8fc8fc9c-5frj9,1,85
21:59:35,200u,currencyservice-7c8fc8fc9c-mgwx9,136,126
21:59:35,200u,emailservice-66944ff59-2lcjl,17,94
21:59:35,200u,emailservice-66944ff59-c4g5x,8,56
21:59:35,200u,emailservice-66944ff59-hrmjl,2,56
21:59:35,200u,frontend-7bd6f45654-przgb,195,32
21:59:35,200u,frontend-7bd6f45654-s2s7z,160,54
21:59:35,200u,frontend-7bd6f45654-vfxkp,150,32
21:59:35,200u,paymentservice-9bfb7bf5-6hckw,1,66
21:59:35,200u,paymentservice-9bfb7bf5-75nf7,1,101
21:59:35,200u,paymentservice-9bfb7bf5-kgd56,17,112
21:59:35,200u,productcatalogservice-65bbf699df-7w28t,1,21
21:59:35,200u,productcatalogservice-65bbf699df-j2fmg,150,44
21:59:35,200u,productcatalogservice-65bbf699df-qntf5,60,22
21:59:35,200u,recommendationservice-7444754ff5-d8g8j,2,51
21:59:35,200u,recommendationservice-7444754ff5-n8cbh,200,82
21:59:35,200u,recommendationservice-7444754ff5-pwgrt,172,55
21:59:35,200u,redis-cart-c8ff86559-kcf44,12,37
21:59:35,200u,shippingservice-f956b6d9f-nvkxm,1,15
21:59:35,200u,shippingservice-f956b6d9f-pkw7l,12,16
21:59:35,200u,shippingservice-f956b6d9f-w7n4b,27,32
21:59:38,200u,adservice-574bff445c-6mj7s,1,188
21:59:38,200u,adservice-574bff445c-dwnqt,75,250
21:59:38,200u,adservice-574bff445c-qb9cj,38,267
21:59:38,200u,cartservice-7c84fdfb6-gvdl7,1,110
21:59:38,200u,cartservice-7c84fdfb6-m5m6d,177,186
21:59:38,200u,cartservice-7c84fdfb6-rrqpp,1,115
21:59:38,200u,checkoutservice-5b6d96c9b7-45rkr,35,38
21:59:38,200u,checkoutservice-5b6d96c9b7-jbfvs,1,16
21:59:38,200u,checkoutservice-5b6d96c9b7-zvd4c,13,21
21:59:38,200u,currencyservice-7c8fc8fc9c-4hm9g,200,125
21:59:38,200u,currencyservice-7c8fc8fc9c-5frj9,1,85
21:59:38,200u,currencyservice-7c8fc8fc9c-mgwx9,136,126
21:59:38,200u,emailservice-66944ff59-2lcjl,17,94
21:59:38,200u,emailservice-66944ff59-c4g5x,8,56
21:59:38,200u,emailservice-66944ff59-hrmjl,2,56
21:59:38,200u,frontend-7bd6f45654-przgb,195,32
21:59:38,200u,frontend-7bd6f45654-s2s7z,160,54
21:59:38,200u,frontend-7bd6f45654-vfxkp,150,32
21:59:38,200u,paymentservice-9bfb7bf5-6hckw,1,66
21:59:38,200u,paymentservice-9bfb7bf5-75nf7,1,101
21:59:38,200u,paymentservice-9bfb7bf5-kgd56,17,112
21:59:38,200u,productcatalogservice-65bbf699df-7w28t,1,21
21:59:38,200u,productcatalogservice-65bbf699df-j2fmg,150,44
21:59:38,200u,productcatalogservice-65bbf699df-qntf5,60,22
21:59:38,200u,recommendationservice-7444754ff5-d8g8j,2,51
21:59:38,200u,recommendationservice-7444754ff5-n8cbh,200,82
21:59:38,200u,recommendationservice-7444754ff5-pwgrt,172,55
21:59:38,200u,redis-cart-c8ff86559-kcf44,12,37
21:59:38,200u,shippingservice-f956b6d9f-nvkxm,1,15
21:59:38,200u,shippingservice-f956b6d9f-pkw7l,12,16
21:59:38,200u,shippingservice-f956b6d9f-w7n4b,27,32
21:59:41,200u,adservice-574bff445c-6mj7s,1,188
21:59:41,200u,adservice-574bff445c-dwnqt,75,250
21:59:41,200u,adservice-574bff445c-qb9cj,38,267
21:59:41,200u,cartservice-7c84fdfb6-gvdl7,1,110
21:59:41,200u,cartservice-7c84fdfb6-m5m6d,177,186
21:59:41,200u,cartservice-7c84fdfb6-rrqpp,1,115
21:59:41,200u,checkoutservice-5b6d96c9b7-45rkr,35,38
21:59:41,200u,checkoutservice-5b6d96c9b7-jbfvs,1,16
21:59:41,200u,checkoutservice-5b6d96c9b7-zvd4c,13,21
21:59:41,200u,currencyservice-7c8fc8fc9c-4hm9g,200,125
21:59:41,200u,currencyservice-7c8fc8fc9c-5frj9,1,85
21:59:41,200u,currencyservice-7c8fc8fc9c-mgwx9,136,126
21:59:41,200u,emailservice-66944ff59-2lcjl,17,94
21:59:41,200u,emailservice-66944ff59-c4g5x,8,56
21:59:41,200u,emailservice-66944ff59-hrmjl,2,56
21:59:41,200u,frontend-7bd6f45654-przgb,195,32
21:59:41,200u,frontend-7bd6f45654-s2s7z,160,54
21:59:41,200u,frontend-7bd6f45654-vfxkp,150,32
21:59:41,200u,paymentservice-9bfb7bf5-6hckw,1,66
21:59:41,200u,paymentservice-9bfb7bf5-75nf7,1,101
21:59:41,200u,paymentservice-9bfb7bf5-kgd56,17,112
21:59:41,200u,productcatalogservice-65bbf699df-7w28t,1,21
21:59:41,200u,productcatalogservice-65bbf699df-j2fmg,150,44
21:59:41,200u,productcatalogservice-65bbf699df-qntf5,60,22
21:59:41,200u,recommendationservice-7444754ff5-d8g8j,2,51
21:59:41,200u,recommendationservice-7444754ff5-n8cbh,200,82
21:59:41,200u,recommendationservice-7444754ff5-pwgrt,172,55
21:59:41,200u,redis-cart-c8ff86559-kcf44,12,37
21:59:41,200u,shippingservice-f956b6d9f-nvkxm,1,15
21:59:41,200u,shippingservice-f956b6d9f-pkw7l,12,16
21:59:41,200u,shippingservice-f956b6d9f-w7n4b,27,32
21:59:45,200u,adservice-574bff445c-6mj7s,1,188
21:59:45,200u,adservice-574bff445c-dwnqt,75,250
21:59:45,200u,adservice-574bff445c-qb9cj,38,267
21:59:45,200u,cartservice-7c84fdfb6-gvdl7,1,110
21:59:45,200u,cartservice-7c84fdfb6-m5m6d,177,186
21:59:45,200u,cartservice-7c84fdfb6-rrqpp,1,115
21:59:45,200u,checkoutservice-5b6d96c9b7-45rkr,35,38
21:59:45,200u,checkoutservice-5b6d96c9b7-jbfvs,1,16
21:59:45,200u,checkoutservice-5b6d96c9b7-zvd4c,13,21
21:59:45,200u,currencyservice-7c8fc8fc9c-4hm9g,200,125
21:59:45,200u,currencyservice-7c8fc8fc9c-5frj9,1,85
21:59:45,200u,currencyservice-7c8fc8fc9c-mgwx9,136,126
21:59:45,200u,emailservice-66944ff59-2lcjl,17,94
21:59:45,200u,emailservice-66944ff59-c4g5x,8,56
21:59:45,200u,emailservice-66944ff59-hrmjl,2,56
21:59:45,200u,frontend-7bd6f45654-przgb,195,32
21:59:45,200u,frontend-7bd6f45654-s2s7z,160,54
21:59:45,200u,frontend-7bd6f45654-vfxkp,150,32
21:59:45,200u,paymentservice-9bfb7bf5-6hckw,1,66
21:59:45,200u,paymentservice-9bfb7bf5-75nf7,1,101
21:59:45,200u,paymentservice-9bfb7bf5-kgd56,17,112
21:59:45,200u,productcatalogservice-65bbf699df-7w28t,1,21
21:59:45,200u,productcatalogservice-65bbf699df-j2fmg,150,44
21:59:45,200u,productcatalogservice-65bbf699df-qntf5,60,22
21:59:45,200u,recommendationservice-7444754ff5-d8g8j,2,51
21:59:45,200u,recommendationservice-7444754ff5-n8cbh,200,82
21:59:45,200u,recommendationservice-7444754ff5-pwgrt,172,55
21:59:45,200u,redis-cart-c8ff86559-kcf44,12,37
21:59:45,200u,shippingservice-f956b6d9f-nvkxm,1,15
21:59:45,200u,shippingservice-f956b6d9f-pkw7l,12,16
21:59:45,200u,shippingservice-f956b6d9f-w7n4b,27,32
21:59:48,200u,adservice-574bff445c-6mj7s,1,188
21:59:48,200u,adservice-574bff445c-dwnqt,75,250
21:59:48,200u,adservice-574bff445c-qb9cj,38,267
21:59:48,200u,cartservice-7c84fdfb6-gvdl7,1,110
21:59:48,200u,cartservice-7c84fdfb6-m5m6d,177,186
21:59:48,200u,cartservice-7c84fdfb6-rrqpp,1,115
21:59:48,200u,checkoutservice-5b6d96c9b7-45rkr,35,38
21:59:48,200u,checkoutservice-5b6d96c9b7-jbfvs,1,16
21:59:48,200u,checkoutservice-5b6d96c9b7-zvd4c,13,21
21:59:48,200u,currencyservice-7c8fc8fc9c-4hm9g,200,125
21:59:48,200u,currencyservice-7c8fc8fc9c-5frj9,1,85
21:59:48,200u,currencyservice-7c8fc8fc9c-mgwx9,136,126
21:59:48,200u,emailservice-66944ff59-2lcjl,17,94
21:59:48,200u,emailservice-66944ff59-c4g5x,8,56
21:59:48,200u,emailservice-66944ff59-hrmjl,2,56
21:59:48,200u,frontend-7bd6f45654-przgb,195,32
21:59:48,200u,frontend-7bd6f45654-s2s7z,160,54
21:59:48,200u,frontend-7bd6f45654-vfxkp,150,32
21:59:48,200u,paymentservice-9bfb7bf5-6hckw,1,66
21:59:48,200u,paymentservice-9bfb7bf5-75nf7,1,101
21:59:48,200u,paymentservice-9bfb7bf5-kgd56,17,112
21:59:48,200u,productcatalogservice-65bbf699df-7w28t,1,21
21:59:48,200u,productcatalogservice-65bbf699df-j2fmg,150,44
21:59:48,200u,productcatalogservice-65bbf699df-qntf5,60,22
21:59:48,200u,recommendationservice-7444754ff5-d8g8j,2,51
21:59:48,200u,recommendationservice-7444754ff5-n8cbh,200,82
21:59:48,200u,recommendationservice-7444754ff5-pwgrt,172,55
21:59:48,200u,redis-cart-c8ff86559-kcf44,12,37
21:59:48,200u,shippingservice-f956b6d9f-nvkxm,1,15
21:59:48,200u,shippingservice-f956b6d9f-pkw7l,12,16
21:59:48,200u,shippingservice-f956b6d9f-w7n4b,27,32
21:59:51,200u,adservice-574bff445c-6mj7s,2,188
21:59:51,200u,adservice-574bff445c-dwnqt,83,250
21:59:51,200u,adservice-574bff445c-qb9cj,38,267
21:59:51,200u,cartservice-7c84fdfb6-gvdl7,2,110
21:59:51,200u,cartservice-7c84fdfb6-m5m6d,150,186
21:59:51,200u,cartservice-7c84fdfb6-rrqpp,1,115
21:59:51,200u,checkoutservice-5b6d96c9b7-45rkr,33,38
21:59:51,200u,checkoutservice-5b6d96c9b7-jbfvs,1,16
21:59:51,200u,checkoutservice-5b6d96c9b7-zvd4c,12,21
21:59:51,200u,currencyservice-7c8fc8fc9c-4hm9g,195,126
21:59:51,200u,currencyservice-7c8fc8fc9c-5frj9,2,85
21:59:51,200u,currencyservice-7c8fc8fc9c-mgwx9,138,122
21:59:51,200u,emailservice-66944ff59-2lcjl,17,94
21:59:51,200u,emailservice-66944ff59-c4g5x,8,56
21:59:51,200u,emailservice-66944ff59-hrmjl,3,56
21:59:51,200u,frontend-7bd6f45654-przgb,190,32
21:59:51,200u,frontend-7bd6f45654-s2s7z,157,55
21:59:51,200u,frontend-7bd6f45654-vfxkp,150,32
21:59:51,200u,paymentservice-9bfb7bf5-6hckw,4,66
21:59:51,200u,paymentservice-9bfb7bf5-75nf7,1,101
21:59:51,200u,paymentservice-9bfb7bf5-kgd56,16,112
21:59:51,200u,productcatalogservice-65bbf699df-7w28t,1,21
21:59:51,200u,productcatalogservice-65bbf699df-j2fmg,149,44
21:59:51,200u,productcatalogservice-65bbf699df-qntf5,63,22
21:59:51,200u,recommendationservice-7444754ff5-d8g8j,3,51
21:59:51,200u,recommendationservice-7444754ff5-n8cbh,198,83
21:59:51,200u,recommendationservice-7444754ff5-pwgrt,182,55
21:59:51,200u,redis-cart-c8ff86559-kcf44,12,37
21:59:51,200u,shippingservice-f956b6d9f-nvkxm,1,15
21:59:51,200u,shippingservice-f956b6d9f-pkw7l,12,16
21:59:51,200u,shippingservice-f956b6d9f-w7n4b,24,32
21:59:55,200u,adservice-574bff445c-6mj7s,2,188
21:59:55,200u,adservice-574bff445c-dwnqt,83,250
21:59:55,200u,adservice-574bff445c-qb9cj,38,267
21:59:55,200u,cartservice-7c84fdfb6-gvdl7,2,110
21:59:55,200u,cartservice-7c84fdfb6-m5m6d,150,186
21:59:55,200u,cartservice-7c84fdfb6-rrqpp,1,115
21:59:55,200u,checkoutservice-5b6d96c9b7-45rkr,33,38
21:59:55,200u,checkoutservice-5b6d96c9b7-jbfvs,1,16
21:59:55,200u,checkoutservice-5b6d96c9b7-zvd4c,12,21
21:59:55,200u,currencyservice-7c8fc8fc9c-4hm9g,195,126
21:59:55,200u,currencyservice-7c8fc8fc9c-5frj9,2,85
21:59:55,200u,currencyservice-7c8fc8fc9c-mgwx9,138,122
21:59:55,200u,emailservice-66944ff59-2lcjl,17,94
21:59:55,200u,emailservice-66944ff59-c4g5x,8,56
21:59:55,200u,emailservice-66944ff59-hrmjl,3,56
21:59:55,200u,frontend-7bd6f45654-przgb,190,32
21:59:55,200u,frontend-7bd6f45654-s2s7z,157,55
21:59:55,200u,frontend-7bd6f45654-vfxkp,150,32
21:59:55,200u,paymentservice-9bfb7bf5-6hckw,4,66
21:59:55,200u,paymentservice-9bfb7bf5-75nf7,1,101
21:59:55,200u,paymentservice-9bfb7bf5-kgd56,16,112
21:59:55,200u,productcatalogservice-65bbf699df-7w28t,1,21
21:59:55,200u,productcatalogservice-65bbf699df-j2fmg,149,44
21:59:55,200u,productcatalogservice-65bbf699df-qntf5,63,22
21:59:55,200u,recommendationservice-7444754ff5-d8g8j,3,51
21:59:55,200u,recommendationservice-7444754ff5-n8cbh,198,83
21:59:55,200u,recommendationservice-7444754ff5-pwgrt,182,55
21:59:55,200u,redis-cart-c8ff86559-kcf44,12,37
21:59:55,200u,shippingservice-f956b6d9f-nvkxm,1,15
21:59:55,200u,shippingservice-f956b6d9f-pkw7l,12,16
21:59:55,200u,shippingservice-f956b6d9f-w7n4b,24,32
21:59:58,200u,adservice-574bff445c-6mj7s,2,188
21:59:58,200u,adservice-574bff445c-dwnqt,83,250
21:59:58,200u,adservice-574bff445c-qb9cj,38,267
21:59:58,200u,cartservice-7c84fdfb6-gvdl7,2,110
21:59:58,200u,cartservice-7c84fdfb6-m5m6d,150,186
21:59:58,200u,cartservice-7c84fdfb6-rrqpp,1,115
21:59:58,200u,checkoutservice-5b6d96c9b7-45rkr,33,38
21:59:58,200u,checkoutservice-5b6d96c9b7-jbfvs,1,16
21:59:58,200u,checkoutservice-5b6d96c9b7-zvd4c,12,21
21:59:58,200u,currencyservice-7c8fc8fc9c-4hm9g,195,126
21:59:58,200u,currencyservice-7c8fc8fc9c-5frj9,2,85
21:59:58,200u,currencyservice-7c8fc8fc9c-mgwx9,138,122
21:59:58,200u,emailservice-66944ff59-2lcjl,17,94
21:59:58,200u,emailservice-66944ff59-c4g5x,8,56
21:59:58,200u,emailservice-66944ff59-hrmjl,3,56
21:59:58,200u,frontend-7bd6f45654-przgb,190,32
21:59:58,200u,frontend-7bd6f45654-s2s7z,157,55
21:59:58,200u,frontend-7bd6f45654-vfxkp,150,32
21:59:58,200u,paymentservice-9bfb7bf5-6hckw,4,66
21:59:58,200u,paymentservice-9bfb7bf5-75nf7,1,101
21:59:58,200u,paymentservice-9bfb7bf5-kgd56,16,112
21:59:58,200u,productcatalogservice-65bbf699df-7w28t,1,21
21:59:58,200u,productcatalogservice-65bbf699df-j2fmg,149,44
21:59:58,200u,productcatalogservice-65bbf699df-qntf5,63,22
21:59:58,200u,recommendationservice-7444754ff5-d8g8j,3,51
21:59:58,200u,recommendationservice-7444754ff5-n8cbh,198,83
21:59:58,200u,recommendationservice-7444754ff5-pwgrt,182,55
21:59:58,200u,redis-cart-c8ff86559-kcf44,12,37
21:59:58,200u,shippingservice-f956b6d9f-nvkxm,1,15
21:59:58,200u,shippingservice-f956b6d9f-pkw7l,12,16
21:59:58,200u,shippingservice-f956b6d9f-w7n4b,24,32
22:00:01,200u,adservice-574bff445c-6mj7s,2,188
22:00:01,200u,adservice-574bff445c-dwnqt,83,250
22:00:01,200u,adservice-574bff445c-qb9cj,38,267
22:00:01,200u,cartservice-7c84fdfb6-gvdl7,2,110
22:00:01,200u,cartservice-7c84fdfb6-m5m6d,150,186
22:00:01,200u,cartservice-7c84fdfb6-rrqpp,1,115
22:00:01,200u,checkoutservice-5b6d96c9b7-45rkr,33,38
22:00:01,200u,checkoutservice-5b6d96c9b7-jbfvs,1,16
22:00:01,200u,checkoutservice-5b6d96c9b7-zvd4c,12,21
22:00:01,200u,currencyservice-7c8fc8fc9c-4hm9g,195,126
22:00:01,200u,currencyservice-7c8fc8fc9c-5frj9,2,85
22:00:01,200u,currencyservice-7c8fc8fc9c-mgwx9,138,122
22:00:01,200u,emailservice-66944ff59-2lcjl,17,94
22:00:01,200u,emailservice-66944ff59-c4g5x,8,56
22:00:01,200u,emailservice-66944ff59-hrmjl,3,56
22:00:01,200u,frontend-7bd6f45654-przgb,190,32
22:00:01,200u,frontend-7bd6f45654-s2s7z,157,55
22:00:01,200u,frontend-7bd6f45654-vfxkp,150,32
22:00:01,200u,paymentservice-9bfb7bf5-6hckw,4,66
22:00:01,200u,paymentservice-9bfb7bf5-75nf7,1,101
22:00:01,200u,paymentservice-9bfb7bf5-kgd56,16,112
22:00:01,200u,productcatalogservice-65bbf699df-7w28t,1,21
22:00:01,200u,productcatalogservice-65bbf699df-j2fmg,149,44
22:00:01,200u,productcatalogservice-65bbf699df-qntf5,63,22
22:00:01,200u,recommendationservice-7444754ff5-d8g8j,3,51
22:00:01,200u,recommendationservice-7444754ff5-n8cbh,198,83
22:00:01,200u,recommendationservice-7444754ff5-pwgrt,182,55
22:00:01,200u,redis-cart-c8ff86559-kcf44,12,37
22:00:01,200u,shippingservice-f956b6d9f-nvkxm,1,15
22:00:01,200u,shippingservice-f956b6d9f-pkw7l,12,16
22:00:01,200u,shippingservice-f956b6d9f-w7n4b,24,32
22:00:05,200u,adservice-574bff445c-6mj7s,3,188
22:00:05,200u,adservice-574bff445c-dwnqt,72,250
22:00:05,200u,adservice-574bff445c-qb9cj,35,267
22:00:05,200u,cartservice-7c84fdfb6-gvdl7,2,110
22:00:05,200u,cartservice-7c84fdfb6-m5m6d,115,186
22:00:05,200u,cartservice-7c84fdfb6-rrqpp,2,115
22:00:05,200u,checkoutservice-5b6d96c9b7-45rkr,29,38
22:00:05,200u,checkoutservice-5b6d96c9b7-jbfvs,1,16
22:00:05,200u,checkoutservice-5b6d96c9b7-zvd4c,12,21
22:00:05,200u,currencyservice-7c8fc8fc9c-4hm9g,172,126
22:00:05,200u,currencyservice-7c8fc8fc9c-5frj9,1,85
22:00:05,200u,currencyservice-7c8fc8fc9c-mgwx9,117,125
22:00:05,200u,emailservice-66944ff59-2lcjl,14,94
22:00:05,200u,emailservice-66944ff59-c4g5x,8,56
22:00:05,200u,emailservice-66944ff59-hrmjl,3,56
22:00:05,200u,frontend-7bd6f45654-przgb,160,33
22:00:05,200u,frontend-7bd6f45654-s2s7z,142,56
22:00:05,200u,frontend-7bd6f45654-vfxkp,140,33
22:00:05,200u,paymentservice-9bfb7bf5-6hckw,1,66
22:00:05,200u,paymentservice-9bfb7bf5-75nf7,1,101
22:00:05,200u,paymentservice-9bfb7bf5-kgd56,14,112
22:00:05,200u,productcatalogservice-65bbf699df-7w28t,1,21
22:00:05,200u,productcatalogservice-65bbf699df-j2fmg,131,44
22:00:05,200u,productcatalogservice-65bbf699df-qntf5,58,22
22:00:05,200u,recommendationservice-7444754ff5-d8g8j,3,51
22:00:05,200u,recommendationservice-7444754ff5-n8cbh,187,83
22:00:05,200u,recommendationservice-7444754ff5-pwgrt,145,55
22:00:05,200u,redis-cart-c8ff86559-kcf44,10,37
22:00:05,200u,shippingservice-f956b6d9f-nvkxm,1,15
22:00:05,200u,shippingservice-f956b6d9f-pkw7l,9,16
22:00:05,200u,shippingservice-f956b6d9f-w7n4b,23,32
22:00:08,200u,adservice-574bff445c-6mj7s,3,188
22:00:08,200u,adservice-574bff445c-dwnqt,72,250
22:00:08,200u,adservice-574bff445c-qb9cj,35,267
22:00:08,200u,cartservice-7c84fdfb6-gvdl7,2,110
22:00:08,200u,cartservice-7c84fdfb6-m5m6d,115,186
22:00:08,200u,cartservice-7c84fdfb6-rrqpp,2,115
22:00:08,200u,checkoutservice-5b6d96c9b7-45rkr,29,38
22:00:08,200u,checkoutservice-5b6d96c9b7-jbfvs,1,16
22:00:08,200u,checkoutservice-5b6d96c9b7-zvd4c,12,21
22:00:08,200u,currencyservice-7c8fc8fc9c-4hm9g,172,126
22:00:08,200u,currencyservice-7c8fc8fc9c-5frj9,1,85
22:00:08,200u,currencyservice-7c8fc8fc9c-mgwx9,117,125
22:00:08,200u,emailservice-66944ff59-2lcjl,14,94
22:00:08,200u,emailservice-66944ff59-c4g5x,8,56
22:00:08,200u,emailservice-66944ff59-hrmjl,3,56
22:00:08,200u,frontend-7bd6f45654-przgb,160,33
22:00:08,200u,frontend-7bd6f45654-s2s7z,142,56
22:00:08,200u,frontend-7bd6f45654-vfxkp,140,33
22:00:08,200u,paymentservice-9bfb7bf5-6hckw,1,66
22:00:08,200u,paymentservice-9bfb7bf5-75nf7,1,101
22:00:08,200u,paymentservice-9bfb7bf5-kgd56,14,112
22:00:08,200u,productcatalogservice-65bbf699df-7w28t,1,21
22:00:08,200u,productcatalogservice-65bbf699df-j2fmg,131,44
22:00:08,200u,productcatalogservice-65bbf699df-qntf5,58,22
22:00:08,200u,recommendationservice-7444754ff5-d8g8j,3,51
22:00:08,200u,recommendationservice-7444754ff5-n8cbh,187,83
22:00:08,200u,recommendationservice-7444754ff5-pwgrt,145,55
22:00:08,200u,redis-cart-c8ff86559-kcf44,10,37
22:00:08,200u,shippingservice-f956b6d9f-nvkxm,1,15
22:00:08,200u,shippingservice-f956b6d9f-pkw7l,9,16
22:00:08,200u,shippingservice-f956b6d9f-w7n4b,23,32
22:00:11,200u,adservice-574bff445c-6mj7s,3,188
22:00:11,200u,adservice-574bff445c-dwnqt,72,250
22:00:11,200u,adservice-574bff445c-qb9cj,35,267
22:00:11,200u,cartservice-7c84fdfb6-gvdl7,2,110
22:00:11,200u,cartservice-7c84fdfb6-m5m6d,115,186
22:00:11,200u,cartservice-7c84fdfb6-rrqpp,2,115
22:00:11,200u,checkoutservice-5b6d96c9b7-45rkr,29,38
22:00:11,200u,checkoutservice-5b6d96c9b7-jbfvs,1,16
22:00:11,200u,checkoutservice-5b6d96c9b7-zvd4c,12,21
22:00:11,200u,currencyservice-7c8fc8fc9c-4hm9g,172,126
22:00:11,200u,currencyservice-7c8fc8fc9c-5frj9,1,85
22:00:11,200u,currencyservice-7c8fc8fc9c-mgwx9,117,125
22:00:11,200u,emailservice-66944ff59-2lcjl,14,94
22:00:11,200u,emailservice-66944ff59-c4g5x,8,56
22:00:11,200u,emailservice-66944ff59-hrmjl,3,56
22:00:11,200u,frontend-7bd6f45654-przgb,160,33
22:00:11,200u,frontend-7bd6f45654-s2s7z,142,56
22:00:11,200u,frontend-7bd6f45654-vfxkp,140,33
22:00:11,200u,paymentservice-9bfb7bf5-6hckw,1,66
22:00:11,200u,paymentservice-9bfb7bf5-75nf7,1,101
22:00:11,200u,paymentservice-9bfb7bf5-kgd56,14,112
22:00:11,200u,productcatalogservice-65bbf699df-7w28t,1,21
22:00:11,200u,productcatalogservice-65bbf699df-j2fmg,131,44
22:00:11,200u,productcatalogservice-65bbf699df-qntf5,58,22
22:00:11,200u,recommendationservice-7444754ff5-d8g8j,3,51
22:00:11,200u,recommendationservice-7444754ff5-n8cbh,187,83
22:00:11,200u,recommendationservice-7444754ff5-pwgrt,145,55
22:00:11,200u,redis-cart-c8ff86559-kcf44,10,37
22:00:11,200u,shippingservice-f956b6d9f-nvkxm,1,15
22:00:11,200u,shippingservice-f956b6d9f-pkw7l,9,16
22:00:11,200u,shippingservice-f956b6d9f-w7n4b,23,32
22:00:16,200u,adservice-574bff445c-6mj7s,3,188
22:00:16,200u,adservice-574bff445c-dwnqt,72,250
22:00:16,200u,adservice-574bff445c-qb9cj,35,267
22:00:16,200u,cartservice-7c84fdfb6-gvdl7,2,110
22:00:16,200u,cartservice-7c84fdfb6-m5m6d,115,186
22:00:16,200u,cartservice-7c84fdfb6-rrqpp,2,115
22:00:16,200u,checkoutservice-5b6d96c9b7-45rkr,29,38
22:00:16,200u,checkoutservice-5b6d96c9b7-jbfvs,1,16
22:00:16,200u,checkoutservice-5b6d96c9b7-zvd4c,12,21
22:00:16,200u,currencyservice-7c8fc8fc9c-4hm9g,172,126
22:00:16,200u,currencyservice-7c8fc8fc9c-5frj9,1,85
22:00:16,200u,currencyservice-7c8fc8fc9c-mgwx9,117,125
22:00:16,200u,emailservice-66944ff59-2lcjl,14,94
22:00:16,200u,emailservice-66944ff59-c4g5x,8,56
22:00:16,200u,emailservice-66944ff59-hrmjl,3,56
22:00:16,200u,frontend-7bd6f45654-przgb,160,33
22:00:16,200u,frontend-7bd6f45654-s2s7z,142,56
22:00:16,200u,frontend-7bd6f45654-vfxkp,140,33
22:00:16,200u,paymentservice-9bfb7bf5-6hckw,1,66
22:00:16,200u,paymentservice-9bfb7bf5-75nf7,1,101
22:00:16,200u,paymentservice-9bfb7bf5-kgd56,14,112
22:00:16,200u,productcatalogservice-65bbf699df-7w28t,1,21
22:00:16,200u,productcatalogservice-65bbf699df-j2fmg,131,44
22:00:16,200u,productcatalogservice-65bbf699df-qntf5,58,22
22:00:16,200u,recommendationservice-7444754ff5-d8g8j,3,51
22:00:16,200u,recommendationservice-7444754ff5-n8cbh,187,83
22:00:16,200u,recommendationservice-7444754ff5-pwgrt,145,55
22:00:16,200u,redis-cart-c8ff86559-kcf44,10,37
22:00:16,200u,shippingservice-f956b6d9f-nvkxm,1,15
22:00:16,200u,shippingservice-f956b6d9f-pkw7l,9,16
22:00:16,200u,shippingservice-f956b6d9f-w7n4b,23,32
22:00:18,200u,adservice-574bff445c-6mj7s,3,188
22:00:18,200u,adservice-574bff445c-dwnqt,72,250
22:00:18,200u,adservice-574bff445c-qb9cj,35,267
22:00:18,200u,cartservice-7c84fdfb6-gvdl7,2,110
22:00:18,200u,cartservice-7c84fdfb6-m5m6d,115,186
22:00:18,200u,cartservice-7c84fdfb6-rrqpp,2,115
22:00:18,200u,checkoutservice-5b6d96c9b7-45rkr,29,38
22:00:18,200u,checkoutservice-5b6d96c9b7-jbfvs,1,16
22:00:18,200u,checkoutservice-5b6d96c9b7-zvd4c,12,21
22:00:18,200u,currencyservice-7c8fc8fc9c-4hm9g,172,126
22:00:18,200u,currencyservice-7c8fc8fc9c-5frj9,1,85
22:00:18,200u,currencyservice-7c8fc8fc9c-mgwx9,117,125
22:00:18,200u,emailservice-66944ff59-2lcjl,14,94
22:00:18,200u,emailservice-66944ff59-c4g5x,8,56
22:00:18,200u,emailservice-66944ff59-hrmjl,3,56
22:00:18,200u,frontend-7bd6f45654-przgb,160,33
22:00:18,200u,frontend-7bd6f45654-s2s7z,142,56
22:00:18,200u,frontend-7bd6f45654-vfxkp,140,33
22:00:18,200u,paymentservice-9bfb7bf5-6hckw,1,66
22:00:18,200u,paymentservice-9bfb7bf5-75nf7,1,101
22:00:18,200u,paymentservice-9bfb7bf5-kgd56,14,112
22:00:18,200u,productcatalogservice-65bbf699df-7w28t,1,21
22:00:18,200u,productcatalogservice-65bbf699df-j2fmg,131,44
22:00:18,200u,productcatalogservice-65bbf699df-qntf5,58,22
22:00:18,200u,recommendationservice-7444754ff5-d8g8j,3,51
22:00:18,200u,recommendationservice-7444754ff5-n8cbh,187,83
22:00:18,200u,recommendationservice-7444754ff5-pwgrt,145,55
22:00:18,200u,redis-cart-c8ff86559-kcf44,10,37
22:00:18,200u,shippingservice-f956b6d9f-nvkxm,1,15
22:00:18,200u,shippingservice-f956b6d9f-pkw7l,9,16
22:00:18,200u,shippingservice-f956b6d9f-w7n4b,23,32
22:00:21,200u,adservice-574bff445c-6mj7s,2,188
22:00:21,200u,adservice-574bff445c-dwnqt,82,250
22:00:21,200u,adservice-574bff445c-qb9cj,37,267
22:00:21,200u,cartservice-7c84fdfb6-gvdl7,2,110
22:00:21,200u,cartservice-7c84fdfb6-m5m6d,150,186
22:00:21,200u,cartservice-7c84fdfb6-rrqpp,1,115
22:00:21,200u,checkoutservice-5b6d96c9b7-45rkr,37,38
22:00:21,200u,checkoutservice-5b6d96c9b7-jbfvs,1,16
22:00:21,200u,checkoutservice-5b6d96c9b7-zvd4c,12,21
22:00:21,200u,currencyservice-7c8fc8fc9c-4hm9g,195,125
22:00:21,200u,currencyservice-7c8fc8fc9c-5frj9,2,85
22:00:21,200u,currencyservice-7c8fc8fc9c-mgwx9,135,125
22:00:21,200u,emailservice-66944ff59-2lcjl,18,94
22:00:21,200u,emailservice-66944ff59-c4g5x,7,56
22:00:21,200u,emailservice-66944ff59-hrmjl,3,56
22:00:21,200u,frontend-7bd6f45654-przgb,190,33
22:00:21,200u,frontend-7bd6f45654-s2s7z,157,55
22:00:21,200u,frontend-7bd6f45654-vfxkp,156,34
22:00:21,200u,paymentservice-9bfb7bf5-6hckw,1,66
22:00:21,200u,paymentservice-9bfb7bf5-75nf7,1,101
22:00:21,200u,paymentservice-9bfb7bf5-kgd56,16,112
22:00:21,200u,productcatalogservice-65bbf699df-7w28t,1,21
22:00:21,200u,productcatalogservice-65bbf699df-j2fmg,146,44
22:00:21,200u,productcatalogservice-65bbf699df-qntf5,61,22
22:00:21,200u,recommendationservice-7444754ff5-d8g8j,2,51
22:00:21,200u,recommendationservice-7444754ff5-n8cbh,198,83
22:00:21,200u,recommendationservice-7444754ff5-pwgrt,188,55
22:00:21,200u,redis-cart-c8ff86559-kcf44,13,37
22:00:21,200u,shippingservice-f956b6d9f-nvkxm,1,15
22:00:21,200u,shippingservice-f956b6d9f-pkw7l,11,16
22:00:21,200u,shippingservice-f956b6d9f-w7n4b,25,32
22:00:26,200u,adservice-574bff445c-6mj7s,2,188
22:00:26,200u,adservice-574bff445c-dwnqt,82,250
22:00:26,200u,adservice-574bff445c-qb9cj,37,267
22:00:26,200u,cartservice-7c84fdfb6-gvdl7,2,110
22:00:26,200u,cartservice-7c84fdfb6-m5m6d,150,186
22:00:26,200u,cartservice-7c84fdfb6-rrqpp,1,115
22:00:26,200u,checkoutservice-5b6d96c9b7-45rkr,37,38
22:00:26,200u,checkoutservice-5b6d96c9b7-jbfvs,1,16
22:00:26,200u,checkoutservice-5b6d96c9b7-zvd4c,12,21
22:00:26,200u,currencyservice-7c8fc8fc9c-4hm9g,195,125
22:00:26,200u,currencyservice-7c8fc8fc9c-5frj9,2,85
22:00:26,200u,currencyservice-7c8fc8fc9c-mgwx9,135,125
22:00:26,200u,emailservice-66944ff59-2lcjl,18,94
22:00:26,200u,emailservice-66944ff59-c4g5x,7,56
22:00:26,200u,emailservice-66944ff59-hrmjl,3,56
22:00:26,200u,frontend-7bd6f45654-przgb,190,33
22:00:26,200u,frontend-7bd6f45654-s2s7z,157,55
22:00:26,200u,frontend-7bd6f45654-vfxkp,156,34
22:00:26,200u,paymentservice-9bfb7bf5-6hckw,1,66
22:00:26,200u,paymentservice-9bfb7bf5-75nf7,1,101
22:00:26,200u,paymentservice-9bfb7bf5-kgd56,16,112
22:00:26,200u,productcatalogservice-65bbf699df-7w28t,1,21
22:00:26,200u,productcatalogservice-65bbf699df-j2fmg,146,44
22:00:26,200u,productcatalogservice-65bbf699df-qntf5,61,22
22:00:26,200u,recommendationservice-7444754ff5-d8g8j,2,51
22:00:26,200u,recommendationservice-7444754ff5-n8cbh,198,83
22:00:26,200u,recommendationservice-7444754ff5-pwgrt,188,55
22:00:26,200u,redis-cart-c8ff86559-kcf44,13,37
22:00:26,200u,shippingservice-f956b6d9f-nvkxm,1,15
22:00:26,200u,shippingservice-f956b6d9f-pkw7l,11,16
22:00:26,200u,shippingservice-f956b6d9f-w7n4b,25,32
22:00:28,200u,adservice-574bff445c-6mj7s,2,188
22:00:28,200u,adservice-574bff445c-dwnqt,82,250
22:00:28,200u,adservice-574bff445c-qb9cj,37,267
22:00:28,200u,cartservice-7c84fdfb6-gvdl7,2,110
22:00:28,200u,cartservice-7c84fdfb6-m5m6d,150,186
22:00:28,200u,cartservice-7c84fdfb6-rrqpp,1,115
22:00:28,200u,checkoutservice-5b6d96c9b7-45rkr,37,38
22:00:28,200u,checkoutservice-5b6d96c9b7-jbfvs,1,16
22:00:28,200u,checkoutservice-5b6d96c9b7-zvd4c,12,21
22:00:28,200u,currencyservice-7c8fc8fc9c-4hm9g,195,125
22:00:28,200u,currencyservice-7c8fc8fc9c-5frj9,2,85
22:00:28,200u,currencyservice-7c8fc8fc9c-mgwx9,135,125
22:00:28,200u,emailservice-66944ff59-2lcjl,18,94
22:00:28,200u,emailservice-66944ff59-c4g5x,7,56
22:00:28,200u,emailservice-66944ff59-hrmjl,3,56
22:00:28,200u,frontend-7bd6f45654-przgb,190,33
22:00:28,200u,frontend-7bd6f45654-s2s7z,157,55
22:00:28,200u,frontend-7bd6f45654-vfxkp,156,34
22:00:28,200u,paymentservice-9bfb7bf5-6hckw,1,66
22:00:28,200u,paymentservice-9bfb7bf5-75nf7,1,101
22:00:28,200u,paymentservice-9bfb7bf5-kgd56,16,112
22:00:28,200u,productcatalogservice-65bbf699df-7w28t,1,21
22:00:28,200u,productcatalogservice-65bbf699df-j2fmg,146,44
22:00:28,200u,productcatalogservice-65bbf699df-qntf5,61,22
22:00:28,200u,recommendationservice-7444754ff5-d8g8j,2,51
22:00:28,200u,recommendationservice-7444754ff5-n8cbh,198,83
22:00:28,200u,recommendationservice-7444754ff5-pwgrt,188,55
22:00:28,200u,redis-cart-c8ff86559-kcf44,13,37
22:00:28,200u,shippingservice-f956b6d9f-nvkxm,1,15
22:00:28,200u,shippingservice-f956b6d9f-pkw7l,11,16
22:00:28,200u,shippingservice-f956b6d9f-w7n4b,25,32
22:00:31,200u,adservice-574bff445c-6mj7s,2,188
22:00:31,200u,adservice-574bff445c-dwnqt,82,250
22:00:31,200u,adservice-574bff445c-qb9cj,37,267
22:00:31,200u,cartservice-7c84fdfb6-gvdl7,2,110
22:00:31,200u,cartservice-7c84fdfb6-m5m6d,150,186
22:00:31,200u,cartservice-7c84fdfb6-rrqpp,1,115
22:00:31,200u,checkoutservice-5b6d96c9b7-45rkr,37,38
22:00:31,200u,checkoutservice-5b6d96c9b7-jbfvs,1,16
22:00:31,200u,checkoutservice-5b6d96c9b7-zvd4c,12,21
22:00:31,200u,currencyservice-7c8fc8fc9c-4hm9g,195,125
22:00:31,200u,currencyservice-7c8fc8fc9c-5frj9,2,85
22:00:31,200u,currencyservice-7c8fc8fc9c-mgwx9,135,125
22:00:31,200u,emailservice-66944ff59-2lcjl,18,94
22:00:31,200u,emailservice-66944ff59-c4g5x,7,56
22:00:31,200u,emailservice-66944ff59-hrmjl,3,56
22:00:31,200u,frontend-7bd6f45654-przgb,190,33
22:00:31,200u,frontend-7bd6f45654-s2s7z,157,55
22:00:31,200u,frontend-7bd6f45654-vfxkp,156,34
22:00:31,200u,paymentservice-9bfb7bf5-6hckw,1,66
22:00:31,200u,paymentservice-9bfb7bf5-75nf7,1,101
22:00:31,200u,paymentservice-9bfb7bf5-kgd56,16,112
22:00:31,200u,productcatalogservice-65bbf699df-7w28t,1,21
22:00:31,200u,productcatalogservice-65bbf699df-j2fmg,146,44
22:00:31,200u,productcatalogservice-65bbf699df-qntf5,61,22
22:00:31,200u,recommendationservice-7444754ff5-d8g8j,2,51
22:00:31,200u,recommendationservice-7444754ff5-n8cbh,198,83
22:00:31,200u,recommendationservice-7444754ff5-pwgrt,188,55
22:00:31,200u,redis-cart-c8ff86559-kcf44,13,37
22:00:31,200u,shippingservice-f956b6d9f-nvkxm,1,15
22:00:31,200u,shippingservice-f956b6d9f-pkw7l,11,16
22:00:31,200u,shippingservice-f956b6d9f-w7n4b,25,32
22:00:36,200u,adservice-574bff445c-6mj7s,5,190
22:00:36,200u,adservice-574bff445c-dwnqt,34,250
22:00:36,200u,adservice-574bff445c-qb9cj,16,267
22:00:36,200u,cartservice-7c84fdfb6-gvdl7,3,110
22:00:36,200u,cartservice-7c84fdfb6-m5m6d,57,186
22:00:36,200u,cartservice-7c84fdfb6-rrqpp,3,115
22:00:36,200u,checkoutservice-5b6d96c9b7-45rkr,12,38
22:00:36,200u,checkoutservice-5b6d96c9b7-jbfvs,2,16
22:00:36,200u,checkoutservice-5b6d96c9b7-zvd4c,5,21
22:00:36,200u,currencyservice-7c8fc8fc9c-4hm9g,72,125
22:00:36,200u,currencyservice-7c8fc8fc9c-5frj9,2,85
22:00:36,200u,currencyservice-7c8fc8fc9c-mgwx9,49,125
22:00:36,200u,emailservice-66944ff59-2lcjl,9,94
22:00:36,200u,emailservice-66944ff59-c4g5x,5,56
22:00:36,200u,emailservice-66944ff59-hrmjl,4,56
22:00:36,200u,frontend-7bd6f45654-przgb,69,32
22:00:36,200u,frontend-7bd6f45654-s2s7z,56,55
22:00:36,200u,frontend-7bd6f45654-vfxkp,59,33
22:00:36,200u,paymentservice-9bfb7bf5-6hckw,3,66
22:00:36,200u,paymentservice-9bfb7bf5-75nf7,2,101
22:00:36,200u,paymentservice-9bfb7bf5-kgd56,6,112
22:00:36,200u,productcatalogservice-65bbf699df-7w28t,1,21
22:00:36,200u,productcatalogservice-65bbf699df-j2fmg,54,44
22:00:36,200u,productcatalogservice-65bbf699df-qntf5,23,22
22:00:36,200u,recommendationservice-7444754ff5-d8g8j,4,51
22:00:36,200u,recommendationservice-7444754ff5-n8cbh,73,81
22:00:36,200u,recommendationservice-7444754ff5-pwgrt,70,55
22:00:36,200u,redis-cart-c8ff86559-kcf44,7,37
22:00:36,200u,shippingservice-f956b6d9f-nvkxm,1,15
22:00:36,200u,shippingservice-f956b6d9f-pkw7l,4,16
22:00:36,200u,shippingservice-f956b6d9f-w7n4b,10,32
22:00:38,200u,adservice-574bff445c-6mj7s,5,190
22:00:38,200u,adservice-574bff445c-dwnqt,34,250
22:00:38,200u,adservice-574bff445c-qb9cj,16,267
22:00:38,200u,cartservice-7c84fdfb6-gvdl7,3,110
22:00:38,200u,cartservice-7c84fdfb6-m5m6d,57,186
22:00:38,200u,cartservice-7c84fdfb6-rrqpp,3,115
22:00:38,200u,checkoutservice-5b6d96c9b7-45rkr,12,38
22:00:38,200u,checkoutservice-5b6d96c9b7-jbfvs,2,16
22:00:38,200u,checkoutservice-5b6d96c9b7-zvd4c,5,21
22:00:38,200u,currencyservice-7c8fc8fc9c-4hm9g,72,125
22:00:38,200u,currencyservice-7c8fc8fc9c-5frj9,2,85
22:00:38,200u,currencyservice-7c8fc8fc9c-mgwx9,49,125
22:00:38,200u,emailservice-66944ff59-2lcjl,9,94
22:00:38,200u,emailservice-66944ff59-c4g5x,5,56
22:00:38,200u,emailservice-66944ff59-hrmjl,4,56
22:00:38,200u,frontend-7bd6f45654-przgb,69,32
22:00:38,200u,frontend-7bd6f45654-s2s7z,56,55
22:00:38,200u,frontend-7bd6f45654-vfxkp,59,33
22:00:38,200u,paymentservice-9bfb7bf5-6hckw,3,66
22:00:38,200u,paymentservice-9bfb7bf5-75nf7,2,101
22:00:38,200u,paymentservice-9bfb7bf5-kgd56,6,112
22:00:38,200u,productcatalogservice-65bbf699df-7w28t,1,21
22:00:38,200u,productcatalogservice-65bbf699df-j2fmg,54,44
22:00:38,200u,productcatalogservice-65bbf699df-qntf5,23,22
22:00:38,200u,recommendationservice-7444754ff5-d8g8j,4,51
22:00:38,200u,recommendationservice-7444754ff5-n8cbh,73,81
22:00:38,200u,recommendationservice-7444754ff5-pwgrt,70,55
22:00:38,200u,redis-cart-c8ff86559-kcf44,7,37
22:00:38,200u,shippingservice-f956b6d9f-nvkxm,1,15
22:00:38,200u,shippingservice-f956b6d9f-pkw7l,4,16
22:00:38,200u,shippingservice-f956b6d9f-w7n4b,10,32
22:00:41,200u,adservice-574bff445c-6mj7s,5,190
22:00:41,200u,adservice-574bff445c-dwnqt,34,250
22:00:41,200u,adservice-574bff445c-qb9cj,16,267
22:00:41,200u,cartservice-7c84fdfb6-gvdl7,3,110
22:00:41,200u,cartservice-7c84fdfb6-m5m6d,57,186
22:00:41,200u,cartservice-7c84fdfb6-rrqpp,3,115
22:00:41,200u,checkoutservice-5b6d96c9b7-45rkr,12,38
22:00:41,200u,checkoutservice-5b6d96c9b7-jbfvs,2,16
22:00:41,200u,checkoutservice-5b6d96c9b7-zvd4c,5,21
22:00:41,200u,currencyservice-7c8fc8fc9c-4hm9g,72,125
22:00:41,200u,currencyservice-7c8fc8fc9c-5frj9,2,85
22:00:41,200u,currencyservice-7c8fc8fc9c-mgwx9,49,125
22:00:41,200u,emailservice-66944ff59-2lcjl,9,94
22:00:41,200u,emailservice-66944ff59-c4g5x,5,56
22:00:41,200u,emailservice-66944ff59-hrmjl,4,56
22:00:41,200u,frontend-7bd6f45654-przgb,69,32
22:00:41,200u,frontend-7bd6f45654-s2s7z,56,55
22:00:41,200u,frontend-7bd6f45654-vfxkp,59,33
22:00:41,200u,paymentservice-9bfb7bf5-6hckw,3,66
22:00:41,200u,paymentservice-9bfb7bf5-75nf7,2,101
22:00:41,200u,paymentservice-9bfb7bf5-kgd56,6,112
22:00:41,200u,productcatalogservice-65bbf699df-7w28t,1,21
22:00:41,200u,productcatalogservice-65bbf699df-j2fmg,54,44
22:00:41,200u,productcatalogservice-65bbf699df-qntf5,23,22
22:00:41,200u,recommendationservice-7444754ff5-d8g8j,4,51
22:00:41,200u,recommendationservice-7444754ff5-n8cbh,73,81
22:00:41,200u,recommendationservice-7444754ff5-pwgrt,70,55
22:00:41,200u,redis-cart-c8ff86559-kcf44,7,37
22:00:41,200u,shippingservice-f956b6d9f-nvkxm,1,15
22:00:41,200u,shippingservice-f956b6d9f-pkw7l,4,16
22:00:41,200u,shippingservice-f956b6d9f-w7n4b,10,32
22:00:46,200u,adservice-574bff445c-6mj7s,5,190
22:00:46,200u,adservice-574bff445c-dwnqt,34,250
22:00:46,200u,adservice-574bff445c-qb9cj,16,267
22:00:46,200u,cartservice-7c84fdfb6-gvdl7,3,110
22:00:46,200u,cartservice-7c84fdfb6-m5m6d,57,186
22:00:46,200u,cartservice-7c84fdfb6-rrqpp,3,115
22:00:46,200u,checkoutservice-5b6d96c9b7-45rkr,12,38
22:00:46,200u,checkoutservice-5b6d96c9b7-jbfvs,2,16
22:00:46,200u,checkoutservice-5b6d96c9b7-zvd4c,5,21
22:00:46,200u,currencyservice-7c8fc8fc9c-4hm9g,72,125
22:00:46,200u,currencyservice-7c8fc8fc9c-5frj9,2,85
22:00:46,200u,currencyservice-7c8fc8fc9c-mgwx9,49,125
22:00:46,200u,emailservice-66944ff59-2lcjl,9,94
22:00:46,200u,emailservice-66944ff59-c4g5x,5,56
22:00:46,200u,emailservice-66944ff59-hrmjl,4,56
22:00:46,200u,frontend-7bd6f45654-przgb,69,32
22:00:46,200u,frontend-7bd6f45654-s2s7z,56,55
22:00:46,200u,frontend-7bd6f45654-vfxkp,59,33
22:00:46,200u,paymentservice-9bfb7bf5-6hckw,3,66
22:00:46,200u,paymentservice-9bfb7bf5-75nf7,2,101
22:00:46,200u,paymentservice-9bfb7bf5-kgd56,6,112
22:00:46,200u,productcatalogservice-65bbf699df-7w28t,1,21
22:00:46,200u,productcatalogservice-65bbf699df-j2fmg,54,44
22:00:46,200u,productcatalogservice-65bbf699df-qntf5,23,22
22:00:46,200u,recommendationservice-7444754ff5-d8g8j,4,51
22:00:46,200u,recommendationservice-7444754ff5-n8cbh,73,81
22:00:46,200u,recommendationservice-7444754ff5-pwgrt,70,55
22:00:46,200u,redis-cart-c8ff86559-kcf44,7,37
22:00:46,200u,shippingservice-f956b6d9f-nvkxm,1,15
22:00:46,200u,shippingservice-f956b6d9f-pkw7l,4,16
22:00:46,200u,shippingservice-f956b6d9f-w7n4b,10,32
22:00:48,200u,adservice-574bff445c-6mj7s,5,190
22:00:48,200u,adservice-574bff445c-dwnqt,34,250
22:00:48,200u,adservice-574bff445c-qb9cj,16,267
22:00:48,200u,cartservice-7c84fdfb6-gvdl7,3,110
22:00:48,200u,cartservice-7c84fdfb6-m5m6d,57,186
22:00:48,200u,cartservice-7c84fdfb6-rrqpp,3,115
22:00:48,200u,checkoutservice-5b6d96c9b7-45rkr,12,38
22:00:48,200u,checkoutservice-5b6d96c9b7-jbfvs,2,16
22:00:48,200u,checkoutservice-5b6d96c9b7-zvd4c,5,21
22:00:48,200u,currencyservice-7c8fc8fc9c-4hm9g,72,125
22:00:48,200u,currencyservice-7c8fc8fc9c-5frj9,2,85
22:00:48,200u,currencyservice-7c8fc8fc9c-mgwx9,49,125
22:00:48,200u,emailservice-66944ff59-2lcjl,9,94
22:00:48,200u,emailservice-66944ff59-c4g5x,5,56
22:00:48,200u,emailservice-66944ff59-hrmjl,4,56
22:00:48,200u,frontend-7bd6f45654-przgb,69,32
22:00:48,200u,frontend-7bd6f45654-s2s7z,56,55
22:00:48,200u,frontend-7bd6f45654-vfxkp,59,33
22:00:48,200u,paymentservice-9bfb7bf5-6hckw,3,66
22:00:48,200u,paymentservice-9bfb7bf5-75nf7,2,101
22:00:48,200u,paymentservice-9bfb7bf5-kgd56,6,112
22:00:48,200u,productcatalogservice-65bbf699df-7w28t,1,21
22:00:48,200u,productcatalogservice-65bbf699df-j2fmg,54,44
22:00:48,200u,productcatalogservice-65bbf699df-qntf5,23,22
22:00:48,200u,recommendationservice-7444754ff5-d8g8j,4,51
22:00:48,200u,recommendationservice-7444754ff5-n8cbh,73,81
22:00:48,200u,recommendationservice-7444754ff5-pwgrt,70,55
22:00:48,200u,redis-cart-c8ff86559-kcf44,7,37
22:00:48,200u,shippingservice-f956b6d9f-nvkxm,1,15
22:00:48,200u,shippingservice-f956b6d9f-pkw7l,4,16
22:00:48,200u,shippingservice-f956b6d9f-w7n4b,10,32
22:00:51,200u,adservice-574bff445c-6mj7s,3,190
22:00:51,200u,adservice-574bff445c-dwnqt,2,250
22:00:51,200u,adservice-574bff445c-qb9cj,2,267
22:00:51,200u,cartservice-7c84fdfb6-gvdl7,2,110
22:00:51,200u,cartservice-7c84fdfb6-m5m6d,3,186
22:00:51,200u,cartservice-7c84fdfb6-rrqpp,2,115
22:00:51,200u,checkoutservice-5b6d96c9b7-45rkr,1,38
22:00:51,200u,checkoutservice-5b6d96c9b7-jbfvs,1,16
22:00:51,200u,checkoutservice-5b6d96c9b7-zvd4c,1,21
22:00:51,200u,currencyservice-7c8fc8fc9c-4hm9g,2,125
22:00:51,200u,currencyservice-7c8fc8fc9c-5frj9,2,85
22:00:51,200u,currencyservice-7c8fc8fc9c-mgwx9,1,125
22:00:51,200u,emailservice-66944ff59-2lcjl,4,94
22:00:51,200u,emailservice-66944ff59-c4g5x,5,56
22:00:51,200u,emailservice-66944ff59-hrmjl,4,56
22:00:51,200u,frontend-7bd6f45654-przgb,1,32
22:00:51,200u,frontend-7bd6f45654-s2s7z,1,55
22:00:51,200u,frontend-7bd6f45654-vfxkp,1,33
22:00:51,200u,paymentservice-9bfb7bf5-6hckw,2,66
22:00:51,200u,paymentservice-9bfb7bf5-75nf7,1,101
22:00:51,200u,paymentservice-9bfb7bf5-kgd56,1,112
22:00:51,200u,productcatalogservice-65bbf699df-7w28t,1,21
22:00:51,200u,productcatalogservice-65bbf699df-j2fmg,1,44
22:00:51,200u,productcatalogservice-65bbf699df-qntf5,1,22
22:00:51,200u,recommendationservice-7444754ff5-d8g8j,4,51
22:00:51,200u,recommendationservice-7444754ff5-n8cbh,4,81
22:00:51,200u,recommendationservice-7444754ff5-pwgrt,4,55
22:00:51,200u,redis-cart-c8ff86559-kcf44,3,37
22:00:51,200u,shippingservice-f956b6d9f-nvkxm,1,15
22:00:51,200u,shippingservice-f956b6d9f-pkw7l,1,16
22:00:51,200u,shippingservice-f956b6d9f-w7n4b,1,32
22:00:56,200u,adservice-574bff445c-6mj7s,3,190
22:00:56,200u,adservice-574bff445c-dwnqt,2,250
22:00:56,200u,adservice-574bff445c-qb9cj,2,267
22:00:56,200u,cartservice-7c84fdfb6-gvdl7,2,110
22:00:56,200u,cartservice-7c84fdfb6-m5m6d,3,186
22:00:56,200u,cartservice-7c84fdfb6-rrqpp,2,115
22:00:56,200u,checkoutservice-5b6d96c9b7-45rkr,1,38
22:00:56,200u,checkoutservice-5b6d96c9b7-jbfvs,1,16
22:00:56,200u,checkoutservice-5b6d96c9b7-zvd4c,1,21
22:00:56,200u,currencyservice-7c8fc8fc9c-4hm9g,2,125
22:00:56,200u,currencyservice-7c8fc8fc9c-5frj9,2,85
22:00:56,200u,currencyservice-7c8fc8fc9c-mgwx9,1,125
22:00:56,200u,emailservice-66944ff59-2lcjl,4,94
22:00:56,200u,emailservice-66944ff59-c4g5x,5,56
22:00:56,200u,emailservice-66944ff59-hrmjl,4,56
22:00:56,200u,frontend-7bd6f45654-przgb,1,32
22:00:56,200u,frontend-7bd6f45654-s2s7z,1,55
22:00:56,200u,frontend-7bd6f45654-vfxkp,1,33
22:00:56,200u,paymentservice-9bfb7bf5-6hckw,2,66
22:00:56,200u,paymentservice-9bfb7bf5-75nf7,1,101
22:00:56,200u,paymentservice-9bfb7bf5-kgd56,1,112
22:00:56,200u,productcatalogservice-65bbf699df-7w28t,1,21
22:00:56,200u,productcatalogservice-65bbf699df-j2fmg,1,44
22:00:56,200u,productcatalogservice-65bbf699df-qntf5,1,22
22:00:56,200u,recommendationservice-7444754ff5-d8g8j,4,51
22:00:56,200u,recommendationservice-7444754ff5-n8cbh,4,81
22:00:56,200u,recommendationservice-7444754ff5-pwgrt,4,55
22:00:56,200u,redis-cart-c8ff86559-kcf44,3,37
22:00:56,200u,shippingservice-f956b6d9f-nvkxm,1,15
22:00:56,200u,shippingservice-f956b6d9f-pkw7l,1,16
22:00:56,200u,shippingservice-f956b6d9f-w7n4b,1,32
22:00:58,200u,adservice-574bff445c-6mj7s,3,190
22:00:58,200u,adservice-574bff445c-dwnqt,2,250
22:00:58,200u,adservice-574bff445c-qb9cj,2,267
22:00:58,200u,cartservice-7c84fdfb6-gvdl7,2,110
22:00:58,200u,cartservice-7c84fdfb6-m5m6d,3,186
22:00:58,200u,cartservice-7c84fdfb6-rrqpp,2,115
22:00:58,200u,checkoutservice-5b6d96c9b7-45rkr,1,38
22:00:58,200u,checkoutservice-5b6d96c9b7-jbfvs,1,16
22:00:58,200u,checkoutservice-5b6d96c9b7-zvd4c,1,21
22:00:58,200u,currencyservice-7c8fc8fc9c-4hm9g,2,125
22:00:58,200u,currencyservice-7c8fc8fc9c-5frj9,2,85
22:00:58,200u,currencyservice-7c8fc8fc9c-mgwx9,1,125
22:00:58,200u,emailservice-66944ff59-2lcjl,4,94
22:00:58,200u,emailservice-66944ff59-c4g5x,5,56
22:00:58,200u,emailservice-66944ff59-hrmjl,4,56
22:00:58,200u,frontend-7bd6f45654-przgb,1,32
22:00:58,200u,frontend-7bd6f45654-s2s7z,1,55
22:00:58,200u,frontend-7bd6f45654-vfxkp,1,33
22:00:58,200u,paymentservice-9bfb7bf5-6hckw,2,66
22:00:58,200u,paymentservice-9bfb7bf5-75nf7,1,101
22:00:58,200u,paymentservice-9bfb7bf5-kgd56,1,112
22:00:58,200u,productcatalogservice-65bbf699df-7w28t,1,21
22:00:58,200u,productcatalogservice-65bbf699df-j2fmg,1,44
22:00:58,200u,productcatalogservice-65bbf699df-qntf5,1,22
22:00:58,200u,recommendationservice-7444754ff5-d8g8j,4,51
22:00:58,200u,recommendationservice-7444754ff5-n8cbh,4,81
22:00:58,200u,recommendationservice-7444754ff5-pwgrt,4,55
22:00:58,200u,redis-cart-c8ff86559-kcf44,3,37
22:00:58,200u,shippingservice-f956b6d9f-nvkxm,1,15
22:00:58,200u,shippingservice-f956b6d9f-pkw7l,1,16
22:00:58,200u,shippingservice-f956b6d9f-w7n4b,1,32
22:01:01,200u,adservice-574bff445c-6mj7s,3,190
22:01:01,200u,adservice-574bff445c-dwnqt,2,250
22:01:01,200u,adservice-574bff445c-qb9cj,2,267
22:01:01,200u,cartservice-7c84fdfb6-gvdl7,2,110
22:01:01,200u,cartservice-7c84fdfb6-m5m6d,3,186
22:01:01,200u,cartservice-7c84fdfb6-rrqpp,2,115
22:01:01,200u,checkoutservice-5b6d96c9b7-45rkr,1,38
22:01:01,200u,checkoutservice-5b6d96c9b7-jbfvs,1,16
22:01:01,200u,checkoutservice-5b6d96c9b7-zvd4c,1,21
22:01:01,200u,currencyservice-7c8fc8fc9c-4hm9g,2,125
22:01:01,200u,currencyservice-7c8fc8fc9c-5frj9,2,85
22:01:01,200u,currencyservice-7c8fc8fc9c-mgwx9,1,125
22:01:01,200u,emailservice-66944ff59-2lcjl,4,94
22:01:01,200u,emailservice-66944ff59-c4g5x,5,56
22:01:01,200u,emailservice-66944ff59-hrmjl,4,56
22:01:01,200u,frontend-7bd6f45654-przgb,1,32
22:01:01,200u,frontend-7bd6f45654-s2s7z,1,55
22:01:01,200u,frontend-7bd6f45654-vfxkp,1,33
22:01:01,200u,paymentservice-9bfb7bf5-6hckw,2,66
22:01:01,200u,paymentservice-9bfb7bf5-75nf7,1,101
22:01:01,200u,paymentservice-9bfb7bf5-kgd56,1,112
22:01:01,200u,productcatalogservice-65bbf699df-7w28t,1,21
22:01:01,200u,productcatalogservice-65bbf699df-j2fmg,1,44
22:01:01,200u,productcatalogservice-65bbf699df-qntf5,1,22
22:01:01,200u,recommendationservice-7444754ff5-d8g8j,4,51
22:01:01,200u,recommendationservice-7444754ff5-n8cbh,4,81
22:01:01,200u,recommendationservice-7444754ff5-pwgrt,4,55
22:01:01,200u,redis-cart-c8ff86559-kcf44,3,37
22:01:01,200u,shippingservice-f956b6d9f-nvkxm,1,15
22:01:01,200u,shippingservice-f956b6d9f-pkw7l,1,16
22:01:01,200u,shippingservice-f956b6d9f-w7n4b,1,32
22:01:06,200u,adservice-574bff445c-6mj7s,3,190
22:01:06,200u,adservice-574bff445c-dwnqt,5,251
22:01:06,200u,adservice-574bff445c-qb9cj,3,267
22:01:06,200u,cartservice-7c84fdfb6-gvdl7,3,110
22:01:06,200u,cartservice-7c84fdfb6-m5m6d,2,186
22:01:06,200u,cartservice-7c84fdfb6-rrqpp,3,115
22:01:06,200u,checkoutservice-5b6d96c9b7-45rkr,1,38
22:01:06,200u,checkoutservice-5b6d96c9b7-jbfvs,1,16
22:01:06,200u,checkoutservice-5b6d96c9b7-zvd4c,1,21
22:01:06,200u,currencyservice-7c8fc8fc9c-4hm9g,2,125
22:01:06,200u,currencyservice-7c8fc8fc9c-5frj9,2,85
22:01:06,200u,currencyservice-7c8fc8fc9c-mgwx9,1,125
22:01:06,200u,emailservice-66944ff59-2lcjl,4,94
22:01:06,200u,emailservice-66944ff59-c4g5x,5,56
22:01:06,200u,emailservice-66944ff59-hrmjl,4,56
22:01:06,200u,frontend-7bd6f45654-przgb,1,32
22:01:06,200u,frontend-7bd6f45654-s2s7z,1,55
22:01:06,200u,frontend-7bd6f45654-vfxkp,1,33
22:01:06,200u,paymentservice-9bfb7bf5-6hckw,2,66
22:01:06,200u,paymentservice-9bfb7bf5-75nf7,2,101
22:01:06,200u,paymentservice-9bfb7bf5-kgd56,2,112
22:01:06,200u,productcatalogservice-65bbf699df-7w28t,1,21
22:01:06,200u,productcatalogservice-65bbf699df-j2fmg,2,44
22:01:06,200u,productcatalogservice-65bbf699df-qntf5,1,22
22:01:06,200u,recommendationservice-7444754ff5-d8g8j,4,51
22:01:06,200u,recommendationservice-7444754ff5-n8cbh,4,81
22:01:06,200u,recommendationservice-7444754ff5-pwgrt,4,55
22:01:06,200u,redis-cart-c8ff86559-kcf44,3,37
22:01:06,200u,shippingservice-f956b6d9f-nvkxm,1,15
22:01:06,200u,shippingservice-f956b6d9f-pkw7l,1,16
22:01:06,200u,shippingservice-f956b6d9f-w7n4b,2,32
22:01:09,200u,adservice-574bff445c-6mj7s,3,190
22:01:09,200u,adservice-574bff445c-dwnqt,5,251
22:01:09,200u,adservice-574bff445c-qb9cj,3,267
22:01:09,200u,cartservice-7c84fdfb6-gvdl7,3,110
22:01:09,200u,cartservice-7c84fdfb6-m5m6d,2,186
22:01:09,200u,cartservice-7c84fdfb6-rrqpp,3,115
22:01:09,200u,checkoutservice-5b6d96c9b7-45rkr,1,38
22:01:09,200u,checkoutservice-5b6d96c9b7-jbfvs,1,16
22:01:09,200u,checkoutservice-5b6d96c9b7-zvd4c,1,21
22:01:09,200u,currencyservice-7c8fc8fc9c-4hm9g,2,125
22:01:09,200u,currencyservice-7c8fc8fc9c-5frj9,2,85
22:01:09,200u,currencyservice-7c8fc8fc9c-mgwx9,1,125
22:01:09,200u,emailservice-66944ff59-2lcjl,4,94
22:01:09,200u,emailservice-66944ff59-c4g5x,5,56
22:01:09,200u,emailservice-66944ff59-hrmjl,4,56
22:01:09,200u,frontend-7bd6f45654-przgb,1,32
22:01:09,200u,frontend-7bd6f45654-s2s7z,1,55
22:01:09,200u,frontend-7bd6f45654-vfxkp,1,33
22:01:09,200u,paymentservice-9bfb7bf5-6hckw,2,66
22:01:09,200u,paymentservice-9bfb7bf5-75nf7,2,101
22:01:09,200u,paymentservice-9bfb7bf5-kgd56,2,112
22:01:09,200u,productcatalogservice-65bbf699df-7w28t,1,21
22:01:09,200u,productcatalogservice-65bbf699df-j2fmg,2,44
22:01:09,200u,productcatalogservice-65bbf699df-qntf5,1,22
22:01:09,200u,recommendationservice-7444754ff5-d8g8j,4,51
22:01:09,200u,recommendationservice-7444754ff5-n8cbh,4,81
22:01:09,200u,recommendationservice-7444754ff5-pwgrt,4,55
22:01:09,200u,redis-cart-c8ff86559-kcf44,3,37
22:01:09,200u,shippingservice-f956b6d9f-nvkxm,1,15
22:01:09,200u,shippingservice-f956b6d9f-pkw7l,1,16
22:01:09,200u,shippingservice-f956b6d9f-w7n4b,2,32
22:01:11,200u,adservice-574bff445c-6mj7s,3,190
22:01:11,200u,adservice-574bff445c-dwnqt,5,251
22:01:11,200u,adservice-574bff445c-qb9cj,3,267
22:01:11,200u,cartservice-7c84fdfb6-gvdl7,3,110
22:01:11,200u,cartservice-7c84fdfb6-m5m6d,2,186
22:01:11,200u,cartservice-7c84fdfb6-rrqpp,3,115
22:01:11,200u,checkoutservice-5b6d96c9b7-45rkr,1,38
22:01:11,200u,checkoutservice-5b6d96c9b7-jbfvs,1,16
22:01:11,200u,checkoutservice-5b6d96c9b7-zvd4c,1,21
22:01:11,200u,currencyservice-7c8fc8fc9c-4hm9g,2,125
22:01:11,200u,currencyservice-7c8fc8fc9c-5frj9,2,85
22:01:11,200u,currencyservice-7c8fc8fc9c-mgwx9,1,125
22:01:11,200u,emailservice-66944ff59-2lcjl,4,94
22:01:11,200u,emailservice-66944ff59-c4g5x,5,56
22:01:11,200u,emailservice-66944ff59-hrmjl,4,56
22:01:11,200u,frontend-7bd6f45654-przgb,1,32
22:01:11,200u,frontend-7bd6f45654-s2s7z,1,55
22:01:11,200u,frontend-7bd6f45654-vfxkp,1,33
22:01:11,200u,paymentservice-9bfb7bf5-6hckw,2,66
22:01:11,200u,paymentservice-9bfb7bf5-75nf7,2,101
22:01:11,200u,paymentservice-9bfb7bf5-kgd56,2,112
22:01:11,200u,productcatalogservice-65bbf699df-7w28t,1,21
22:01:11,200u,productcatalogservice-65bbf699df-j2fmg,2,44
22:01:11,200u,productcatalogservice-65bbf699df-qntf5,1,22
22:01:11,200u,recommendationservice-7444754ff5-d8g8j,4,51
22:01:11,200u,recommendationservice-7444754ff5-n8cbh,4,81
22:01:11,200u,recommendationservice-7444754ff5-pwgrt,4,55
22:01:11,200u,redis-cart-c8ff86559-kcf44,3,37
22:01:11,200u,shippingservice-f956b6d9f-nvkxm,1,15
22:01:11,200u,shippingservice-f956b6d9f-pkw7l,1,16
22:01:11,200u,shippingservice-f956b6d9f-w7n4b,2,32
22:01:16,200u,adservice-574bff445c-6mj7s,3,190
22:01:16,200u,adservice-574bff445c-dwnqt,5,251
22:01:16,200u,adservice-574bff445c-qb9cj,3,267
22:01:16,200u,cartservice-7c84fdfb6-gvdl7,3,110
22:01:16,200u,cartservice-7c84fdfb6-m5m6d,2,186
22:01:16,200u,cartservice-7c84fdfb6-rrqpp,3,115
22:01:16,200u,checkoutservice-5b6d96c9b7-45rkr,1,38
22:01:16,200u,checkoutservice-5b6d96c9b7-jbfvs,1,16
22:01:16,200u,checkoutservice-5b6d96c9b7-zvd4c,1,21
22:01:16,200u,currencyservice-7c8fc8fc9c-4hm9g,2,125
22:01:16,200u,currencyservice-7c8fc8fc9c-5frj9,2,85
22:01:16,200u,currencyservice-7c8fc8fc9c-mgwx9,1,125
22:01:16,200u,emailservice-66944ff59-2lcjl,4,94
22:01:16,200u,emailservice-66944ff59-c4g5x,5,56
22:01:16,200u,emailservice-66944ff59-hrmjl,4,56
22:01:16,200u,frontend-7bd6f45654-przgb,1,32
22:01:16,200u,frontend-7bd6f45654-s2s7z,1,55
22:01:16,200u,frontend-7bd6f45654-vfxkp,1,33
22:01:16,200u,paymentservice-9bfb7bf5-6hckw,2,66
22:01:16,200u,paymentservice-9bfb7bf5-75nf7,2,101
22:01:16,200u,paymentservice-9bfb7bf5-kgd56,2,112
22:01:16,200u,productcatalogservice-65bbf699df-7w28t,1,21
22:01:16,200u,productcatalogservice-65bbf699df-j2fmg,2,44
22:01:16,200u,productcatalogservice-65bbf699df-qntf5,1,22
22:01:16,200u,recommendationservice-7444754ff5-d8g8j,4,51
22:01:16,200u,recommendationservice-7444754ff5-n8cbh,4,81
22:01:16,200u,recommendationservice-7444754ff5-pwgrt,4,55
22:01:16,200u,redis-cart-c8ff86559-kcf44,3,37
22:01:16,200u,shippingservice-f956b6d9f-nvkxm,1,15
22:01:16,200u,shippingservice-f956b6d9f-pkw7l,1,16
22:01:16,200u,shippingservice-f956b6d9f-w7n4b,2,32
22:01:19,200u,adservice-574bff445c-6mj7s,3,190
22:01:19,200u,adservice-574bff445c-dwnqt,5,251
22:01:19,200u,adservice-574bff445c-qb9cj,3,267
22:01:19,200u,cartservice-7c84fdfb6-gvdl7,3,110
22:01:19,200u,cartservice-7c84fdfb6-m5m6d,2,186
22:01:19,200u,cartservice-7c84fdfb6-rrqpp,3,115
22:01:19,200u,checkoutservice-5b6d96c9b7-45rkr,1,38
22:01:19,200u,checkoutservice-5b6d96c9b7-jbfvs,1,16
22:01:19,200u,checkoutservice-5b6d96c9b7-zvd4c,1,21
22:01:19,200u,currencyservice-7c8fc8fc9c-4hm9g,2,125
22:01:19,200u,currencyservice-7c8fc8fc9c-5frj9,2,85
22:01:19,200u,currencyservice-7c8fc8fc9c-mgwx9,1,125
22:01:19,200u,emailservice-66944ff59-2lcjl,4,94
22:01:19,200u,emailservice-66944ff59-c4g5x,5,56
22:01:19,200u,emailservice-66944ff59-hrmjl,4,56
22:01:19,200u,frontend-7bd6f45654-przgb,1,32
22:01:19,200u,frontend-7bd6f45654-s2s7z,1,55
22:01:19,200u,frontend-7bd6f45654-vfxkp,1,33
22:01:19,200u,paymentservice-9bfb7bf5-6hckw,2,66
22:01:19,200u,paymentservice-9bfb7bf5-75nf7,2,101
22:01:19,200u,paymentservice-9bfb7bf5-kgd56,2,112
22:01:19,200u,productcatalogservice-65bbf699df-7w28t,1,21
22:01:19,200u,productcatalogservice-65bbf699df-j2fmg,2,44
22:01:19,200u,productcatalogservice-65bbf699df-qntf5,1,22
22:01:19,200u,recommendationservice-7444754ff5-d8g8j,4,51
22:01:19,200u,recommendationservice-7444754ff5-n8cbh,4,81
22:01:19,200u,recommendationservice-7444754ff5-pwgrt,4,55
22:01:19,200u,redis-cart-c8ff86559-kcf44,3,37
22:01:19,200u,shippingservice-f956b6d9f-nvkxm,1,15
22:01:19,200u,shippingservice-f956b6d9f-pkw7l,1,16
22:01:19,200u,shippingservice-f956b6d9f-w7n4b,2,32
22:01:22,200u,adservice-574bff445c-6mj7s,3,190
22:01:22,200u,adservice-574bff445c-dwnqt,4,250
22:01:22,200u,adservice-574bff445c-qb9cj,3,266
22:01:22,200u,cartservice-7c84fdfb6-gvdl7,2,110
22:01:22,200u,cartservice-7c84fdfb6-m5m6d,3,186
22:01:22,200u,cartservice-7c84fdfb6-rrqpp,2,115
22:01:22,200u,checkoutservice-5b6d96c9b7-45rkr,1,38
22:01:22,200u,checkoutservice-5b6d96c9b7-jbfvs,1,16
22:01:22,200u,checkoutservice-5b6d96c9b7-zvd4c,1,21
22:01:22,200u,currencyservice-7c8fc8fc9c-4hm9g,1,125
22:01:22,200u,currencyservice-7c8fc8fc9c-5frj9,3,85
22:01:22,200u,currencyservice-7c8fc8fc9c-mgwx9,2,125
22:01:22,200u,emailservice-66944ff59-2lcjl,4,94
22:01:22,200u,emailservice-66944ff59-c4g5x,4,56
22:01:22,200u,emailservice-66944ff59-hrmjl,4,56
22:01:22,200u,frontend-7bd6f45654-przgb,1,32
22:01:22,200u,frontend-7bd6f45654-s2s7z,1,55
22:01:22,200u,frontend-7bd6f45654-vfxkp,1,33
22:01:22,200u,paymentservice-9bfb7bf5-6hckw,1,66
22:01:22,200u,paymentservice-9bfb7bf5-75nf7,1,101
22:01:22,200u,paymentservice-9bfb7bf5-kgd56,2,112
22:01:22,200u,productcatalogservice-65bbf699df-7w28t,1,21
22:01:22,200u,productcatalogservice-65bbf699df-j2fmg,1,44
22:01:22,200u,productcatalogservice-65bbf699df-qntf5,1,22
22:01:22,200u,recommendationservice-7444754ff5-d8g8j,4,51
22:01:22,200u,recommendationservice-7444754ff5-n8cbh,4,81
22:01:22,200u,recommendationservice-7444754ff5-pwgrt,4,55
22:01:22,200u,redis-cart-c8ff86559-kcf44,3,37
22:01:22,200u,shippingservice-f956b6d9f-nvkxm,1,15
22:01:22,200u,shippingservice-f956b6d9f-pkw7l,1,16
22:01:22,200u,shippingservice-f956b6d9f-w7n4b,1,32
22:01:26,300u,adservice-574bff445c-6mj7s,3,190
22:01:26,300u,adservice-574bff445c-dwnqt,4,250
22:01:26,300u,adservice-574bff445c-qb9cj,3,266
22:01:26,300u,cartservice-7c84fdfb6-gvdl7,2,110
22:01:26,300u,cartservice-7c84fdfb6-m5m6d,3,186
22:01:26,300u,cartservice-7c84fdfb6-rrqpp,2,115
22:01:26,300u,checkoutservice-5b6d96c9b7-45rkr,1,38
22:01:26,300u,checkoutservice-5b6d96c9b7-jbfvs,1,16
22:01:26,300u,checkoutservice-5b6d96c9b7-zvd4c,1,21
22:01:26,300u,currencyservice-7c8fc8fc9c-4hm9g,1,125
22:01:26,300u,currencyservice-7c8fc8fc9c-5frj9,3,85
22:01:26,300u,currencyservice-7c8fc8fc9c-mgwx9,2,125
22:01:26,300u,emailservice-66944ff59-2lcjl,4,94
22:01:26,300u,emailservice-66944ff59-c4g5x,4,56
22:01:26,300u,emailservice-66944ff59-hrmjl,4,56
22:01:26,300u,frontend-7bd6f45654-przgb,1,32
22:01:26,300u,frontend-7bd6f45654-s2s7z,1,55
22:01:26,300u,frontend-7bd6f45654-vfxkp,1,33
22:01:26,300u,paymentservice-9bfb7bf5-6hckw,1,66
22:01:26,300u,paymentservice-9bfb7bf5-75nf7,1,101
22:01:26,300u,paymentservice-9bfb7bf5-kgd56,2,112
22:01:26,300u,productcatalogservice-65bbf699df-7w28t,1,21
22:01:26,300u,productcatalogservice-65bbf699df-j2fmg,1,44
22:01:26,300u,productcatalogservice-65bbf699df-qntf5,1,22
22:01:26,300u,recommendationservice-7444754ff5-d8g8j,4,51
22:01:26,300u,recommendationservice-7444754ff5-n8cbh,4,81
22:01:26,300u,recommendationservice-7444754ff5-pwgrt,4,55
22:01:26,300u,redis-cart-c8ff86559-kcf44,3,37
22:01:26,300u,shippingservice-f956b6d9f-nvkxm,1,15
22:01:26,300u,shippingservice-f956b6d9f-pkw7l,1,16
22:01:26,300u,shippingservice-f956b6d9f-w7n4b,1,32
22:01:29,300u,adservice-574bff445c-6mj7s,3,190
22:01:29,300u,adservice-574bff445c-dwnqt,4,250
22:01:29,300u,adservice-574bff445c-qb9cj,3,266
22:01:29,300u,cartservice-7c84fdfb6-gvdl7,2,110
22:01:29,300u,cartservice-7c84fdfb6-m5m6d,3,186
22:01:29,300u,cartservice-7c84fdfb6-rrqpp,2,115
22:01:29,300u,checkoutservice-5b6d96c9b7-45rkr,1,38
22:01:29,300u,checkoutservice-5b6d96c9b7-jbfvs,1,16
22:01:29,300u,checkoutservice-5b6d96c9b7-zvd4c,1,21
22:01:29,300u,currencyservice-7c8fc8fc9c-4hm9g,1,125
22:01:29,300u,currencyservice-7c8fc8fc9c-5frj9,3,85
22:01:29,300u,currencyservice-7c8fc8fc9c-mgwx9,2,125
22:01:29,300u,emailservice-66944ff59-2lcjl,4,94
22:01:29,300u,emailservice-66944ff59-c4g5x,4,56
22:01:29,300u,emailservice-66944ff59-hrmjl,4,56
22:01:29,300u,frontend-7bd6f45654-przgb,1,32
22:01:29,300u,frontend-7bd6f45654-s2s7z,1,55
22:01:29,300u,frontend-7bd6f45654-vfxkp,1,33
22:01:29,300u,paymentservice-9bfb7bf5-6hckw,1,66
22:01:29,300u,paymentservice-9bfb7bf5-75nf7,1,101
22:01:29,300u,paymentservice-9bfb7bf5-kgd56,2,112
22:01:29,300u,productcatalogservice-65bbf699df-7w28t,1,21
22:01:29,300u,productcatalogservice-65bbf699df-j2fmg,1,44
22:01:29,300u,productcatalogservice-65bbf699df-qntf5,1,22
22:01:29,300u,recommendationservice-7444754ff5-d8g8j,4,51
22:01:29,300u,recommendationservice-7444754ff5-n8cbh,4,81
22:01:29,300u,recommendationservice-7444754ff5-pwgrt,4,55
22:01:29,300u,redis-cart-c8ff86559-kcf44,3,37
22:01:29,300u,shippingservice-f956b6d9f-nvkxm,1,15
22:01:29,300u,shippingservice-f956b6d9f-pkw7l,1,16
22:01:29,300u,shippingservice-f956b6d9f-w7n4b,1,32
22:01:32,300u,adservice-574bff445c-6mj7s,3,190
22:01:32,300u,adservice-574bff445c-dwnqt,4,250
22:01:32,300u,adservice-574bff445c-qb9cj,3,266
22:01:32,300u,cartservice-7c84fdfb6-gvdl7,2,110
22:01:32,300u,cartservice-7c84fdfb6-m5m6d,3,186
22:01:32,300u,cartservice-7c84fdfb6-rrqpp,2,115
22:01:32,300u,checkoutservice-5b6d96c9b7-45rkr,1,38
22:01:32,300u,checkoutservice-5b6d96c9b7-jbfvs,1,16
22:01:32,300u,checkoutservice-5b6d96c9b7-zvd4c,1,21
22:01:32,300u,currencyservice-7c8fc8fc9c-4hm9g,1,125
22:01:32,300u,currencyservice-7c8fc8fc9c-5frj9,3,85
22:01:32,300u,currencyservice-7c8fc8fc9c-mgwx9,2,125
22:01:32,300u,emailservice-66944ff59-2lcjl,4,94
22:01:32,300u,emailservice-66944ff59-c4g5x,4,56
22:01:32,300u,emailservice-66944ff59-hrmjl,4,56
22:01:32,300u,frontend-7bd6f45654-przgb,1,32
22:01:32,300u,frontend-7bd6f45654-s2s7z,1,55
22:01:32,300u,frontend-7bd6f45654-vfxkp,1,33
22:01:32,300u,paymentservice-9bfb7bf5-6hckw,1,66
22:01:32,300u,paymentservice-9bfb7bf5-75nf7,1,101
22:01:32,300u,paymentservice-9bfb7bf5-kgd56,2,112
22:01:32,300u,productcatalogservice-65bbf699df-7w28t,1,21
22:01:32,300u,productcatalogservice-65bbf699df-j2fmg,1,44
22:01:32,300u,productcatalogservice-65bbf699df-qntf5,1,22
22:01:32,300u,recommendationservice-7444754ff5-d8g8j,4,51
22:01:32,300u,recommendationservice-7444754ff5-n8cbh,4,81
22:01:32,300u,recommendationservice-7444754ff5-pwgrt,4,55
22:01:32,300u,redis-cart-c8ff86559-kcf44,3,37
22:01:32,300u,shippingservice-f956b6d9f-nvkxm,1,15
22:01:32,300u,shippingservice-f956b6d9f-pkw7l,1,16
22:01:32,300u,shippingservice-f956b6d9f-w7n4b,1,32
22:01:36,300u,adservice-574bff445c-6mj7s,4,191
22:01:36,300u,adservice-574bff445c-dwnqt,11,249
22:01:36,300u,adservice-574bff445c-qb9cj,8,266
22:01:36,300u,cartservice-7c84fdfb6-gvdl7,1,110
22:01:36,300u,cartservice-7c84fdfb6-m5m6d,27,186
22:01:36,300u,cartservice-7c84fdfb6-rrqpp,2,115
22:01:36,300u,checkoutservice-5b6d96c9b7-45rkr,3,38
22:01:36,300u,checkoutservice-5b6d96c9b7-jbfvs,1,16
22:01:36,300u,checkoutservice-5b6d96c9b7-zvd4c,2,21
22:01:36,300u,currencyservice-7c8fc8fc9c-4hm9g,35,125
22:01:36,300u,currencyservice-7c8fc8fc9c-5frj9,2,86
22:01:36,300u,currencyservice-7c8fc8fc9c-mgwx9,19,125
22:01:36,300u,emailservice-66944ff59-2lcjl,5,94
22:01:36,300u,emailservice-66944ff59-c4g5x,4,56
22:01:36,300u,emailservice-66944ff59-hrmjl,4,56
22:01:36,300u,frontend-7bd6f45654-przgb,22,30
22:01:36,300u,frontend-7bd6f45654-s2s7z,22,52
22:01:36,300u,frontend-7bd6f45654-vfxkp,23,28
22:01:36,300u,paymentservice-9bfb7bf5-6hckw,2,66
22:01:36,300u,paymentservice-9bfb7bf5-75nf7,1,101
22:01:36,300u,paymentservice-9bfb7bf5-kgd56,3,112
22:01:36,300u,productcatalogservice-65bbf699df-7w28t,1,21
22:01:36,300u,productcatalogservice-65bbf699df-j2fmg,18,44
22:01:36,300u,productcatalogservice-65bbf699df-qntf5,9,22
22:01:36,300u,recommendationservice-7444754ff5-d8g8j,3,51
22:01:36,300u,recommendationservice-7444754ff5-n8cbh,26,81
22:01:36,300u,recommendationservice-7444754ff5-pwgrt,16,55
22:01:36,300u,redis-cart-c8ff86559-kcf44,5,37
22:01:36,300u,shippingservice-f956b6d9f-nvkxm,1,15
22:01:36,300u,shippingservice-f956b6d9f-pkw7l,2,16
22:01:36,300u,shippingservice-f956b6d9f-w7n4b,3,32
22:01:39,300u,adservice-574bff445c-6mj7s,4,191
22:01:39,300u,adservice-574bff445c-dwnqt,11,249
22:01:39,300u,adservice-574bff445c-qb9cj,8,266
22:01:39,300u,cartservice-7c84fdfb6-gvdl7,1,110
22:01:39,300u,cartservice-7c84fdfb6-m5m6d,27,186
22:01:39,300u,cartservice-7c84fdfb6-rrqpp,2,115
22:01:39,300u,checkoutservice-5b6d96c9b7-45rkr,3,38
22:01:39,300u,checkoutservice-5b6d96c9b7-jbfvs,1,16
22:01:39,300u,checkoutservice-5b6d96c9b7-zvd4c,2,21
22:01:39,300u,currencyservice-7c8fc8fc9c-4hm9g,35,125
22:01:39,300u,currencyservice-7c8fc8fc9c-5frj9,2,86
22:01:39,300u,currencyservice-7c8fc8fc9c-mgwx9,19,125
22:01:39,300u,emailservice-66944ff59-2lcjl,5,94
22:01:39,300u,emailservice-66944ff59-c4g5x,4,56
22:01:39,300u,emailservice-66944ff59-hrmjl,4,56
22:01:39,300u,frontend-7bd6f45654-przgb,22,30
22:01:39,300u,frontend-7bd6f45654-s2s7z,22,52
22:01:39,300u,frontend-7bd6f45654-vfxkp,23,28
22:01:39,300u,paymentservice-9bfb7bf5-6hckw,2,66
22:01:39,300u,paymentservice-9bfb7bf5-75nf7,1,101
22:01:39,300u,paymentservice-9bfb7bf5-kgd56,3,112
22:01:39,300u,productcatalogservice-65bbf699df-7w28t,1,21
22:01:39,300u,productcatalogservice-65bbf699df-j2fmg,18,44
22:01:39,300u,productcatalogservice-65bbf699df-qntf5,9,22
22:01:39,300u,recommendationservice-7444754ff5-d8g8j,3,51
22:01:39,300u,recommendationservice-7444754ff5-n8cbh,26,81
22:01:39,300u,recommendationservice-7444754ff5-pwgrt,16,55
22:01:39,300u,redis-cart-c8ff86559-kcf44,5,37
22:01:39,300u,shippingservice-f956b6d9f-nvkxm,1,15
22:01:39,300u,shippingservice-f956b6d9f-pkw7l,2,16
22:01:39,300u,shippingservice-f956b6d9f-w7n4b,3,32
22:01:42,300u,adservice-574bff445c-6mj7s,4,191
22:01:42,300u,adservice-574bff445c-dwnqt,11,249
22:01:42,300u,adservice-574bff445c-qb9cj,8,266
22:01:42,300u,cartservice-7c84fdfb6-gvdl7,1,110
22:01:42,300u,cartservice-7c84fdfb6-m5m6d,27,186
22:01:42,300u,cartservice-7c84fdfb6-rrqpp,2,115
22:01:42,300u,checkoutservice-5b6d96c9b7-45rkr,3,38
22:01:42,300u,checkoutservice-5b6d96c9b7-jbfvs,1,16
22:01:42,300u,checkoutservice-5b6d96c9b7-zvd4c,2,21
22:01:42,300u,currencyservice-7c8fc8fc9c-4hm9g,35,125
22:01:42,300u,currencyservice-7c8fc8fc9c-5frj9,2,86
22:01:42,300u,currencyservice-7c8fc8fc9c-mgwx9,19,125
22:01:42,300u,emailservice-66944ff59-2lcjl,5,94
22:01:42,300u,emailservice-66944ff59-c4g5x,4,56
22:01:42,300u,emailservice-66944ff59-hrmjl,4,56
22:01:42,300u,frontend-7bd6f45654-przgb,22,30
22:01:42,300u,frontend-7bd6f45654-s2s7z,22,52
22:01:42,300u,frontend-7bd6f45654-vfxkp,23,28
22:01:42,300u,paymentservice-9bfb7bf5-6hckw,2,66
22:01:42,300u,paymentservice-9bfb7bf5-75nf7,1,101
22:01:42,300u,paymentservice-9bfb7bf5-kgd56,3,112
22:01:42,300u,productcatalogservice-65bbf699df-7w28t,1,21
22:01:42,300u,productcatalogservice-65bbf699df-j2fmg,18,44
22:01:42,300u,productcatalogservice-65bbf699df-qntf5,9,22
22:01:42,300u,recommendationservice-7444754ff5-d8g8j,3,51
22:01:42,300u,recommendationservice-7444754ff5-n8cbh,26,81
22:01:42,300u,recommendationservice-7444754ff5-pwgrt,16,55
22:01:42,300u,redis-cart-c8ff86559-kcf44,5,37
22:01:42,300u,shippingservice-f956b6d9f-nvkxm,1,15
22:01:42,300u,shippingservice-f956b6d9f-pkw7l,2,16
22:01:42,300u,shippingservice-f956b6d9f-w7n4b,3,32
22:01:47,300u,adservice-574bff445c-6mj7s,4,191
22:01:47,300u,adservice-574bff445c-dwnqt,11,249
22:01:47,300u,adservice-574bff445c-qb9cj,8,266
22:01:47,300u,cartservice-7c84fdfb6-gvdl7,1,110
22:01:47,300u,cartservice-7c84fdfb6-m5m6d,27,186
22:01:47,300u,cartservice-7c84fdfb6-rrqpp,2,115
22:01:47,300u,checkoutservice-5b6d96c9b7-45rkr,3,38
22:01:47,300u,checkoutservice-5b6d96c9b7-jbfvs,1,16
22:01:47,300u,checkoutservice-5b6d96c9b7-zvd4c,2,21
22:01:47,300u,currencyservice-7c8fc8fc9c-4hm9g,35,125
22:01:47,300u,currencyservice-7c8fc8fc9c-5frj9,2,86
22:01:47,300u,currencyservice-7c8fc8fc9c-mgwx9,19,125
22:01:47,300u,emailservice-66944ff59-2lcjl,5,94
22:01:47,300u,emailservice-66944ff59-c4g5x,4,56
22:01:47,300u,emailservice-66944ff59-hrmjl,4,56
22:01:47,300u,frontend-7bd6f45654-przgb,22,30
22:01:47,300u,frontend-7bd6f45654-s2s7z,22,52
22:01:47,300u,frontend-7bd6f45654-vfxkp,23,28
22:01:47,300u,paymentservice-9bfb7bf5-6hckw,2,66
22:01:47,300u,paymentservice-9bfb7bf5-75nf7,1,101
22:01:47,300u,paymentservice-9bfb7bf5-kgd56,3,112
22:01:47,300u,productcatalogservice-65bbf699df-7w28t,1,21
22:01:47,300u,productcatalogservice-65bbf699df-j2fmg,18,44
22:01:47,300u,productcatalogservice-65bbf699df-qntf5,9,22
22:01:47,300u,recommendationservice-7444754ff5-d8g8j,3,51
22:01:47,300u,recommendationservice-7444754ff5-n8cbh,26,81
22:01:47,300u,recommendationservice-7444754ff5-pwgrt,16,55
22:01:47,300u,redis-cart-c8ff86559-kcf44,5,37
22:01:47,300u,shippingservice-f956b6d9f-nvkxm,1,15
22:01:47,300u,shippingservice-f956b6d9f-pkw7l,2,16
22:01:47,300u,shippingservice-f956b6d9f-w7n4b,3,32
22:01:49,300u,adservice-574bff445c-6mj7s,4,191
22:01:49,300u,adservice-574bff445c-dwnqt,11,249
22:01:49,300u,adservice-574bff445c-qb9cj,8,266
22:01:49,300u,cartservice-7c84fdfb6-gvdl7,1,110
22:01:49,300u,cartservice-7c84fdfb6-m5m6d,27,186
22:01:49,300u,cartservice-7c84fdfb6-rrqpp,2,115
22:01:49,300u,checkoutservice-5b6d96c9b7-45rkr,3,38
22:01:49,300u,checkoutservice-5b6d96c9b7-jbfvs,1,16
22:01:49,300u,checkoutservice-5b6d96c9b7-zvd4c,2,21
22:01:49,300u,currencyservice-7c8fc8fc9c-4hm9g,35,125
22:01:49,300u,currencyservice-7c8fc8fc9c-5frj9,2,86
22:01:49,300u,currencyservice-7c8fc8fc9c-mgwx9,19,125
22:01:49,300u,emailservice-66944ff59-2lcjl,5,94
22:01:49,300u,emailservice-66944ff59-c4g5x,4,56
22:01:49,300u,emailservice-66944ff59-hrmjl,4,56
22:01:49,300u,frontend-7bd6f45654-przgb,22,30
22:01:49,300u,frontend-7bd6f45654-s2s7z,22,52
22:01:49,300u,frontend-7bd6f45654-vfxkp,23,28
22:01:49,300u,paymentservice-9bfb7bf5-6hckw,2,66
22:01:49,300u,paymentservice-9bfb7bf5-75nf7,1,101
22:01:49,300u,paymentservice-9bfb7bf5-kgd56,3,112
22:01:49,300u,productcatalogservice-65bbf699df-7w28t,1,21
22:01:49,300u,productcatalogservice-65bbf699df-j2fmg,18,44
22:01:49,300u,productcatalogservice-65bbf699df-qntf5,9,22
22:01:49,300u,recommendationservice-7444754ff5-d8g8j,3,51
22:01:49,300u,recommendationservice-7444754ff5-n8cbh,26,81
22:01:49,300u,recommendationservice-7444754ff5-pwgrt,16,55
22:01:49,300u,redis-cart-c8ff86559-kcf44,5,37
22:01:49,300u,shippingservice-f956b6d9f-nvkxm,1,15
22:01:49,300u,shippingservice-f956b6d9f-pkw7l,2,16
22:01:49,300u,shippingservice-f956b6d9f-w7n4b,3,32
22:01:52,300u,adservice-574bff445c-6mj7s,1,191
22:01:52,300u,adservice-574bff445c-dwnqt,37,249
22:01:52,300u,adservice-574bff445c-qb9cj,16,266
22:01:52,300u,cartservice-7c84fdfb6-gvdl7,1,110
22:01:52,300u,cartservice-7c84fdfb6-m5m6d,107,186
22:01:52,300u,cartservice-7c84fdfb6-rrqpp,1,115
22:01:52,300u,checkoutservice-5b6d96c9b7-45rkr,14,38
22:01:52,300u,checkoutservice-5b6d96c9b7-jbfvs,1,16
22:01:52,300u,checkoutservice-5b6d96c9b7-zvd4c,5,21
22:01:52,300u,currencyservice-7c8fc8fc9c-4hm9g,133,124
22:01:52,300u,currencyservice-7c8fc8fc9c-5frj9,1,86
22:01:52,300u,currencyservice-7c8fc8fc9c-mgwx9,66,125
22:01:52,300u,emailservice-66944ff59-2lcjl,8,94
22:01:52,300u,emailservice-66944ff59-c4g5x,4,56
22:01:52,300u,emailservice-66944ff59-hrmjl,2,56
22:01:52,300u,frontend-7bd6f45654-przgb,103,30
22:01:52,300u,frontend-7bd6f45654-s2s7z,82,53
22:01:52,300u,frontend-7bd6f45654-vfxkp,86,29
22:01:52,300u,paymentservice-9bfb7bf5-6hckw,1,66
22:01:52,300u,paymentservice-9bfb7bf5-75nf7,1,101
22:01:52,300u,paymentservice-9bfb7bf5-kgd56,8,112
22:01:52,300u,productcatalogservice-65bbf699df-7w28t,1,21
22:01:52,300u,productcatalogservice-65bbf699df-j2fmg,81,44
22:01:52,300u,productcatalogservice-65bbf699df-qntf5,34,23
22:01:52,300u,recommendationservice-7444754ff5-d8g8j,2,51
22:01:52,300u,recommendationservice-7444754ff5-n8cbh,104,81
22:01:52,300u,recommendationservice-7444754ff5-pwgrt,73,55
22:01:52,300u,redis-cart-c8ff86559-kcf44,8,37
22:01:52,300u,shippingservice-f956b6d9f-nvkxm,1,15
22:01:52,300u,shippingservice-f956b6d9f-pkw7l,6,16
22:01:52,300u,shippingservice-f956b6d9f-w7n4b,14,32
22:01:57,300u,adservice-574bff445c-6mj7s,1,191
22:01:57,300u,adservice-574bff445c-dwnqt,37,249
22:01:57,300u,adservice-574bff445c-qb9cj,16,266
22:01:57,300u,cartservice-7c84fdfb6-gvdl7,1,110
22:01:57,300u,cartservice-7c84fdfb6-m5m6d,107,186
22:01:57,300u,cartservice-7c84fdfb6-rrqpp,1,115
22:01:57,300u,checkoutservice-5b6d96c9b7-45rkr,14,38
22:01:57,300u,checkoutservice-5b6d96c9b7-jbfvs,1,16
22:01:57,300u,checkoutservice-5b6d96c9b7-zvd4c,5,21
22:01:57,300u,currencyservice-7c8fc8fc9c-4hm9g,133,124
22:01:57,300u,currencyservice-7c8fc8fc9c-5frj9,1,86
22:01:57,300u,currencyservice-7c8fc8fc9c-mgwx9,66,125
22:01:57,300u,emailservice-66944ff59-2lcjl,8,94
22:01:57,300u,emailservice-66944ff59-c4g5x,4,56
22:01:57,300u,emailservice-66944ff59-hrmjl,2,56
22:01:57,300u,frontend-7bd6f45654-przgb,103,30
22:01:57,300u,frontend-7bd6f45654-s2s7z,82,53
22:01:57,300u,frontend-7bd6f45654-vfxkp,86,29
22:01:57,300u,paymentservice-9bfb7bf5-6hckw,1,66
22:01:57,300u,paymentservice-9bfb7bf5-75nf7,1,101
22:01:57,300u,paymentservice-9bfb7bf5-kgd56,8,112
22:01:57,300u,productcatalogservice-65bbf699df-7w28t,1,21
22:01:57,300u,productcatalogservice-65bbf699df-j2fmg,81,44
22:01:57,300u,productcatalogservice-65bbf699df-qntf5,34,23
22:01:57,300u,recommendationservice-7444754ff5-d8g8j,2,51
22:01:57,300u,recommendationservice-7444754ff5-n8cbh,104,81
22:01:57,300u,recommendationservice-7444754ff5-pwgrt,73,55
22:01:57,300u,redis-cart-c8ff86559-kcf44,8,37
22:01:57,300u,shippingservice-f956b6d9f-nvkxm,1,15
22:01:57,300u,shippingservice-f956b6d9f-pkw7l,6,16
22:01:57,300u,shippingservice-f956b6d9f-w7n4b,14,32
22:01:59,300u,adservice-574bff445c-6mj7s,1,191
22:01:59,300u,adservice-574bff445c-dwnqt,37,249
22:01:59,300u,adservice-574bff445c-qb9cj,16,266
22:01:59,300u,cartservice-7c84fdfb6-gvdl7,1,110
22:01:59,300u,cartservice-7c84fdfb6-m5m6d,107,186
22:01:59,300u,cartservice-7c84fdfb6-rrqpp,1,115
22:01:59,300u,checkoutservice-5b6d96c9b7-45rkr,14,38
22:01:59,300u,checkoutservice-5b6d96c9b7-jbfvs,1,16
22:01:59,300u,checkoutservice-5b6d96c9b7-zvd4c,5,21
22:01:59,300u,currencyservice-7c8fc8fc9c-4hm9g,133,124
22:01:59,300u,currencyservice-7c8fc8fc9c-5frj9,1,86
22:01:59,300u,currencyservice-7c8fc8fc9c-mgwx9,66,125
22:01:59,300u,emailservice-66944ff59-2lcjl,8,94
22:01:59,300u,emailservice-66944ff59-c4g5x,4,56
22:01:59,300u,emailservice-66944ff59-hrmjl,2,56
22:01:59,300u,frontend-7bd6f45654-przgb,103,30
22:01:59,300u,frontend-7bd6f45654-s2s7z,82,53
22:01:59,300u,frontend-7bd6f45654-vfxkp,86,29
22:01:59,300u,paymentservice-9bfb7bf5-6hckw,1,66
22:01:59,300u,paymentservice-9bfb7bf5-75nf7,1,101
22:01:59,300u,paymentservice-9bfb7bf5-kgd56,8,112
22:01:59,300u,productcatalogservice-65bbf699df-7w28t,1,21
22:01:59,300u,productcatalogservice-65bbf699df-j2fmg,81,44
22:01:59,300u,productcatalogservice-65bbf699df-qntf5,34,23
22:01:59,300u,recommendationservice-7444754ff5-d8g8j,2,51
22:01:59,300u,recommendationservice-7444754ff5-n8cbh,104,81
22:01:59,300u,recommendationservice-7444754ff5-pwgrt,73,55
22:01:59,300u,redis-cart-c8ff86559-kcf44,8,37
22:01:59,300u,shippingservice-f956b6d9f-nvkxm,1,15
22:01:59,300u,shippingservice-f956b6d9f-pkw7l,6,16
22:01:59,300u,shippingservice-f956b6d9f-w7n4b,14,32
22:02:02,300u,adservice-574bff445c-6mj7s,1,191
22:02:02,300u,adservice-574bff445c-dwnqt,37,249
22:02:02,300u,adservice-574bff445c-qb9cj,16,266
22:02:02,300u,cartservice-7c84fdfb6-gvdl7,1,110
22:02:02,300u,cartservice-7c84fdfb6-m5m6d,107,186
22:02:02,300u,cartservice-7c84fdfb6-rrqpp,1,115
22:02:02,300u,checkoutservice-5b6d96c9b7-45rkr,14,38
22:02:02,300u,checkoutservice-5b6d96c9b7-jbfvs,1,16
22:02:02,300u,checkoutservice-5b6d96c9b7-zvd4c,5,21
22:02:02,300u,currencyservice-7c8fc8fc9c-4hm9g,133,124
22:02:02,300u,currencyservice-7c8fc8fc9c-5frj9,1,86
22:02:02,300u,currencyservice-7c8fc8fc9c-mgwx9,66,125
22:02:02,300u,emailservice-66944ff59-2lcjl,8,94
22:02:02,300u,emailservice-66944ff59-c4g5x,4,56
22:02:02,300u,emailservice-66944ff59-hrmjl,2,56
22:02:02,300u,frontend-7bd6f45654-przgb,103,30
22:02:02,300u,frontend-7bd6f45654-s2s7z,82,53
22:02:02,300u,frontend-7bd6f45654-vfxkp,86,29
22:02:02,300u,paymentservice-9bfb7bf5-6hckw,1,66
22:02:02,300u,paymentservice-9bfb7bf5-75nf7,1,101
22:02:02,300u,paymentservice-9bfb7bf5-kgd56,8,112
22:02:02,300u,productcatalogservice-65bbf699df-7w28t,1,21
22:02:02,300u,productcatalogservice-65bbf699df-j2fmg,81,44
22:02:02,300u,productcatalogservice-65bbf699df-qntf5,34,23
22:02:02,300u,recommendationservice-7444754ff5-d8g8j,2,51
22:02:02,300u,recommendationservice-7444754ff5-n8cbh,104,81
22:02:02,300u,recommendationservice-7444754ff5-pwgrt,73,55
22:02:02,300u,redis-cart-c8ff86559-kcf44,8,37
22:02:02,300u,shippingservice-f956b6d9f-nvkxm,1,15
22:02:02,300u,shippingservice-f956b6d9f-pkw7l,6,16
22:02:02,300u,shippingservice-f956b6d9f-w7n4b,14,32
22:02:07,300u,adservice-574bff445c-6mj7s,2,191
22:02:07,300u,adservice-574bff445c-dwnqt,31,250
22:02:07,300u,adservice-574bff445c-qb9cj,20,266
22:02:07,300u,cartservice-7c84fdfb6-gvdl7,1,110
22:02:07,300u,cartservice-7c84fdfb6-m5m6d,93,186
22:02:07,300u,cartservice-7c84fdfb6-rrqpp,2,115
22:02:07,300u,checkoutservice-5b6d96c9b7-45rkr,13,38
22:02:07,300u,checkoutservice-5b6d96c9b7-jbfvs,1,16
22:02:07,300u,checkoutservice-5b6d96c9b7-zvd4c,6,21
22:02:07,300u,currencyservice-7c8fc8fc9c-4hm9g,110,124
22:02:07,300u,currencyservice-7c8fc8fc9c-5frj9,1,86
22:02:07,300u,currencyservice-7c8fc8fc9c-mgwx9,67,125
22:02:07,300u,emailservice-66944ff59-2lcjl,9,94
22:02:07,300u,emailservice-66944ff59-c4g5x,6,56
22:02:07,300u,emailservice-66944ff59-hrmjl,3,56
22:02:07,300u,frontend-7bd6f45654-przgb,91,30
22:02:07,300u,frontend-7bd6f45654-s2s7z,83,52
22:02:07,300u,frontend-7bd6f45654-vfxkp,69,28
22:02:07,300u,paymentservice-9bfb7bf5-6hckw,2,67
22:02:07,300u,paymentservice-9bfb7bf5-75nf7,1,101
22:02:07,300u,paymentservice-9bfb7bf5-kgd56,8,112
22:02:07,300u,productcatalogservice-65bbf699df-7w28t,1,21
22:02:07,300u,productcatalogservice-65bbf699df-j2fmg,75,44
22:02:07,300u,productcatalogservice-65bbf699df-qntf5,29,21
22:02:07,300u,recommendationservice-7444754ff5-d8g8j,3,51
22:02:07,300u,recommendationservice-7444754ff5-n8cbh,99,82
22:02:07,300u,recommendationservice-7444754ff5-pwgrt,63,55
22:02:07,300u,redis-cart-c8ff86559-kcf44,7,37
22:02:07,300u,shippingservice-f956b6d9f-nvkxm,1,15
22:02:07,300u,shippingservice-f956b6d9f-pkw7l,5,16
22:02:07,300u,shippingservice-f956b6d9f-w7n4b,12,32
22:02:09,300u,adservice-574bff445c-6mj7s,2,191
22:02:09,300u,adservice-574bff445c-dwnqt,31,250
22:02:09,300u,adservice-574bff445c-qb9cj,20,266
22:02:09,300u,cartservice-7c84fdfb6-gvdl7,1,110
22:02:09,300u,cartservice-7c84fdfb6-m5m6d,93,186
22:02:09,300u,cartservice-7c84fdfb6-rrqpp,2,115
22:02:09,300u,checkoutservice-5b6d96c9b7-45rkr,13,38
22:02:09,300u,checkoutservice-5b6d96c9b7-jbfvs,1,16
22:02:09,300u,checkoutservice-5b6d96c9b7-zvd4c,6,21
22:02:09,300u,currencyservice-7c8fc8fc9c-4hm9g,110,124
22:02:09,300u,currencyservice-7c8fc8fc9c-5frj9,1,86
22:02:09,300u,currencyservice-7c8fc8fc9c-mgwx9,67,125
22:02:09,300u,emailservice-66944ff59-2lcjl,9,94
22:02:09,300u,emailservice-66944ff59-c4g5x,6,56
22:02:09,300u,emailservice-66944ff59-hrmjl,3,56
22:02:09,300u,frontend-7bd6f45654-przgb,91,30
22:02:09,300u,frontend-7bd6f45654-s2s7z,83,52
22:02:09,300u,frontend-7bd6f45654-vfxkp,69,28
22:02:09,300u,paymentservice-9bfb7bf5-6hckw,2,67
22:02:09,300u,paymentservice-9bfb7bf5-75nf7,1,101
22:02:09,300u,paymentservice-9bfb7bf5-kgd56,8,112
22:02:09,300u,productcatalogservice-65bbf699df-7w28t,1,21
22:02:09,300u,productcatalogservice-65bbf699df-j2fmg,75,44
22:02:09,300u,productcatalogservice-65bbf699df-qntf5,29,21
22:02:09,300u,recommendationservice-7444754ff5-d8g8j,3,51
22:02:09,300u,recommendationservice-7444754ff5-n8cbh,99,82
22:02:09,300u,recommendationservice-7444754ff5-pwgrt,63,55
22:02:09,300u,redis-cart-c8ff86559-kcf44,7,37
22:02:09,300u,shippingservice-f956b6d9f-nvkxm,1,15
22:02:09,300u,shippingservice-f956b6d9f-pkw7l,5,16
22:02:09,300u,shippingservice-f956b6d9f-w7n4b,12,32
22:02:12,300u,adservice-574bff445c-6mj7s,2,191
22:02:12,300u,adservice-574bff445c-dwnqt,31,250
22:02:12,300u,adservice-574bff445c-qb9cj,20,266
22:02:12,300u,cartservice-7c84fdfb6-gvdl7,1,110
22:02:12,300u,cartservice-7c84fdfb6-m5m6d,93,186
22:02:12,300u,cartservice-7c84fdfb6-rrqpp,2,115
22:02:12,300u,checkoutservice-5b6d96c9b7-45rkr,13,38
22:02:12,300u,checkoutservice-5b6d96c9b7-jbfvs,1,16
22:02:12,300u,checkoutservice-5b6d96c9b7-zvd4c,6,21
22:02:12,300u,currencyservice-7c8fc8fc9c-4hm9g,110,124
22:02:12,300u,currencyservice-7c8fc8fc9c-5frj9,1,86
22:02:12,300u,currencyservice-7c8fc8fc9c-mgwx9,67,125
22:02:12,300u,emailservice-66944ff59-2lcjl,9,94
22:02:12,300u,emailservice-66944ff59-c4g5x,6,56
22:02:12,300u,emailservice-66944ff59-hrmjl,3,56
22:02:12,300u,frontend-7bd6f45654-przgb,91,30
22:02:12,300u,frontend-7bd6f45654-s2s7z,83,52
22:02:12,300u,frontend-7bd6f45654-vfxkp,69,28
22:02:12,300u,paymentservice-9bfb7bf5-6hckw,2,67
22:02:12,300u,paymentservice-9bfb7bf5-75nf7,1,101
22:02:12,300u,paymentservice-9bfb7bf5-kgd56,8,112
22:02:12,300u,productcatalogservice-65bbf699df-7w28t,1,21
22:02:12,300u,productcatalogservice-65bbf699df-j2fmg,75,44
22:02:12,300u,productcatalogservice-65bbf699df-qntf5,29,21
22:02:12,300u,recommendationservice-7444754ff5-d8g8j,3,51
22:02:12,300u,recommendationservice-7444754ff5-n8cbh,99,82
22:02:12,300u,recommendationservice-7444754ff5-pwgrt,63,55
22:02:12,300u,redis-cart-c8ff86559-kcf44,7,37
22:02:12,300u,shippingservice-f956b6d9f-nvkxm,1,15
22:02:12,300u,shippingservice-f956b6d9f-pkw7l,5,16
22:02:12,300u,shippingservice-f956b6d9f-w7n4b,12,32
22:02:17,300u,adservice-574bff445c-6mj7s,2,191
22:02:17,300u,adservice-574bff445c-dwnqt,31,250
22:02:17,300u,adservice-574bff445c-qb9cj,20,266
22:02:17,300u,cartservice-7c84fdfb6-gvdl7,1,110
22:02:17,300u,cartservice-7c84fdfb6-m5m6d,93,186
22:02:17,300u,cartservice-7c84fdfb6-rrqpp,2,115
22:02:17,300u,checkoutservice-5b6d96c9b7-45rkr,13,38
22:02:17,300u,checkoutservice-5b6d96c9b7-jbfvs,1,16
22:02:17,300u,checkoutservice-5b6d96c9b7-zvd4c,6,21
22:02:17,300u,currencyservice-7c8fc8fc9c-4hm9g,110,124
22:02:17,300u,currencyservice-7c8fc8fc9c-5frj9,1,86
22:02:17,300u,currencyservice-7c8fc8fc9c-mgwx9,67,125
22:02:17,300u,emailservice-66944ff59-2lcjl,9,94
22:02:17,300u,emailservice-66944ff59-c4g5x,6,56
22:02:17,300u,emailservice-66944ff59-hrmjl,3,56
22:02:17,300u,frontend-7bd6f45654-przgb,91,30
22:02:17,300u,frontend-7bd6f45654-s2s7z,83,52
22:02:17,300u,frontend-7bd6f45654-vfxkp,69,28
22:02:17,300u,paymentservice-9bfb7bf5-6hckw,2,67
22:02:17,300u,paymentservice-9bfb7bf5-75nf7,1,101
22:02:17,300u,paymentservice-9bfb7bf5-kgd56,8,112
22:02:17,300u,productcatalogservice-65bbf699df-7w28t,1,21
22:02:17,300u,productcatalogservice-65bbf699df-j2fmg,75,44
22:02:17,300u,productcatalogservice-65bbf699df-qntf5,29,21
22:02:17,300u,recommendationservice-7444754ff5-d8g8j,3,51
22:02:17,300u,recommendationservice-7444754ff5-n8cbh,99,82
22:02:17,300u,recommendationservice-7444754ff5-pwgrt,63,55
22:02:17,300u,redis-cart-c8ff86559-kcf44,7,37
22:02:17,300u,shippingservice-f956b6d9f-nvkxm,1,15
22:02:17,300u,shippingservice-f956b6d9f-pkw7l,5,16
22:02:17,300u,shippingservice-f956b6d9f-w7n4b,12,32
22:02:19,300u,adservice-574bff445c-6mj7s,2,191
22:02:19,300u,adservice-574bff445c-dwnqt,33,249
22:02:19,300u,adservice-574bff445c-qb9cj,18,266
22:02:19,300u,cartservice-7c84fdfb6-gvdl7,2,110
22:02:19,300u,cartservice-7c84fdfb6-m5m6d,84,186
22:02:19,300u,cartservice-7c84fdfb6-rrqpp,2,115
22:02:19,300u,checkoutservice-5b6d96c9b7-45rkr,10,38
22:02:19,300u,checkoutservice-5b6d96c9b7-jbfvs,1,16
22:02:19,300u,checkoutservice-5b6d96c9b7-zvd4c,6,21
22:02:19,300u,currencyservice-7c8fc8fc9c-4hm9g,116,125
22:02:19,300u,currencyservice-7c8fc8fc9c-5frj9,2,86
22:02:19,300u,currencyservice-7c8fc8fc9c-mgwx9,72,125
22:02:19,300u,emailservice-66944ff59-2lcjl,7,94
22:02:19,300u,emailservice-66944ff59-c4g5x,5,56
22:02:19,300u,emailservice-66944ff59-hrmjl,2,56
22:02:19,300u,frontend-7bd6f45654-przgb,86,30
22:02:19,300u,frontend-7bd6f45654-s2s7z,84,52
22:02:19,300u,frontend-7bd6f45654-vfxkp,81,28
22:02:19,300u,paymentservice-9bfb7bf5-6hckw,1,67
22:02:19,300u,paymentservice-9bfb7bf5-75nf7,1,101
22:02:19,300u,paymentservice-9bfb7bf5-kgd56,6,112
22:02:19,300u,productcatalogservice-65bbf699df-7w28t,1,21
22:02:19,300u,productcatalogservice-65bbf699df-j2fmg,72,44
22:02:19,300u,productcatalogservice-65bbf699df-qntf5,33,21
22:02:19,300u,recommendationservice-7444754ff5-d8g8j,2,51
22:02:19,300u,recommendationservice-7444754ff5-n8cbh,102,82
22:02:19,300u,recommendationservice-7444754ff5-pwgrt,59,55
22:02:19,300u,redis-cart-c8ff86559-kcf44,7,37
22:02:19,300u,shippingservice-f956b6d9f-nvkxm,1,15
22:02:19,300u,shippingservice-f956b6d9f-pkw7l,5,16
22:02:19,300u,shippingservice-f956b6d9f-w7n4b,12,32
22:02:22,300u,adservice-574bff445c-6mj7s,2,191
22:02:22,300u,adservice-574bff445c-dwnqt,33,249
22:02:22,300u,adservice-574bff445c-qb9cj,18,266
22:02:22,300u,cartservice-7c84fdfb6-gvdl7,2,110
22:02:22,300u,cartservice-7c84fdfb6-m5m6d,84,186
22:02:22,300u,cartservice-7c84fdfb6-rrqpp,2,115
22:02:22,300u,checkoutservice-5b6d96c9b7-45rkr,10,38
22:02:22,300u,checkoutservice-5b6d96c9b7-jbfvs,1,16
22:02:22,300u,checkoutservice-5b6d96c9b7-zvd4c,6,21
22:02:22,300u,currencyservice-7c8fc8fc9c-4hm9g,116,125
22:02:22,300u,currencyservice-7c8fc8fc9c-5frj9,2,86
22:02:22,300u,currencyservice-7c8fc8fc9c-mgwx9,72,125
22:02:22,300u,emailservice-66944ff59-2lcjl,7,94
22:02:22,300u,emailservice-66944ff59-c4g5x,5,56
22:02:22,300u,emailservice-66944ff59-hrmjl,2,56
22:02:22,300u,frontend-7bd6f45654-przgb,86,30
22:02:22,300u,frontend-7bd6f45654-s2s7z,84,52
22:02:22,300u,frontend-7bd6f45654-vfxkp,81,28
22:02:22,300u,paymentservice-9bfb7bf5-6hckw,1,67
22:02:22,300u,paymentservice-9bfb7bf5-75nf7,1,101
22:02:22,300u,paymentservice-9bfb7bf5-kgd56,6,112
22:02:22,300u,productcatalogservice-65bbf699df-7w28t,1,21
22:02:22,300u,productcatalogservice-65bbf699df-j2fmg,72,44
22:02:22,300u,productcatalogservice-65bbf699df-qntf5,33,21
22:02:22,300u,recommendationservice-7444754ff5-d8g8j,2,51
22:02:22,300u,recommendationservice-7444754ff5-n8cbh,102,82
22:02:22,300u,recommendationservice-7444754ff5-pwgrt,59,55
22:02:22,300u,redis-cart-c8ff86559-kcf44,7,37
22:02:22,300u,shippingservice-f956b6d9f-nvkxm,1,15
22:02:22,300u,shippingservice-f956b6d9f-pkw7l,5,16
22:02:22,300u,shippingservice-f956b6d9f-w7n4b,12,32
22:02:27,300u,adservice-574bff445c-6mj7s,2,191
22:02:27,300u,adservice-574bff445c-dwnqt,33,249
22:02:27,300u,adservice-574bff445c-qb9cj,18,266
22:02:27,300u,cartservice-7c84fdfb6-gvdl7,2,110
22:02:27,300u,cartservice-7c84fdfb6-m5m6d,84,186
22:02:27,300u,cartservice-7c84fdfb6-rrqpp,2,115
22:02:27,300u,checkoutservice-5b6d96c9b7-45rkr,10,38
22:02:27,300u,checkoutservice-5b6d96c9b7-jbfvs,1,16
22:02:27,300u,checkoutservice-5b6d96c9b7-zvd4c,6,21
22:02:27,300u,currencyservice-7c8fc8fc9c-4hm9g,116,125
22:02:27,300u,currencyservice-7c8fc8fc9c-5frj9,2,86
22:02:27,300u,currencyservice-7c8fc8fc9c-mgwx9,72,125
22:02:27,300u,emailservice-66944ff59-2lcjl,7,94
22:02:27,300u,emailservice-66944ff59-c4g5x,5,56
22:02:27,300u,emailservice-66944ff59-hrmjl,2,56
22:02:27,300u,frontend-7bd6f45654-przgb,86,30
22:02:27,300u,frontend-7bd6f45654-s2s7z,84,52
22:02:27,300u,frontend-7bd6f45654-vfxkp,81,28
22:02:27,300u,paymentservice-9bfb7bf5-6hckw,1,67
22:02:27,300u,paymentservice-9bfb7bf5-75nf7,1,101
22:02:27,300u,paymentservice-9bfb7bf5-kgd56,6,112
22:02:27,300u,productcatalogservice-65bbf699df-7w28t,1,21
22:02:27,300u,productcatalogservice-65bbf699df-j2fmg,72,44
22:02:27,300u,productcatalogservice-65bbf699df-qntf5,33,21
22:02:27,300u,recommendationservice-7444754ff5-d8g8j,2,51
22:02:27,300u,recommendationservice-7444754ff5-n8cbh,102,82
22:02:27,300u,recommendationservice-7444754ff5-pwgrt,59,55
22:02:27,300u,redis-cart-c8ff86559-kcf44,7,37
22:02:27,300u,shippingservice-f956b6d9f-nvkxm,1,15
22:02:27,300u,shippingservice-f956b6d9f-pkw7l,5,16
22:02:27,300u,shippingservice-f956b6d9f-w7n4b,12,32
22:02:29,300u,adservice-574bff445c-6mj7s,2,191
22:02:29,300u,adservice-574bff445c-dwnqt,33,249
22:02:29,300u,adservice-574bff445c-qb9cj,18,266
22:02:29,300u,cartservice-7c84fdfb6-gvdl7,2,110
22:02:29,300u,cartservice-7c84fdfb6-m5m6d,84,186
22:02:29,300u,cartservice-7c84fdfb6-rrqpp,2,115
22:02:29,300u,checkoutservice-5b6d96c9b7-45rkr,10,38
22:02:29,300u,checkoutservice-5b6d96c9b7-jbfvs,1,16
22:02:29,300u,checkoutservice-5b6d96c9b7-zvd4c,6,21
22:02:29,300u,currencyservice-7c8fc8fc9c-4hm9g,116,125
22:02:29,300u,currencyservice-7c8fc8fc9c-5frj9,2,86
22:02:29,300u,currencyservice-7c8fc8fc9c-mgwx9,72,125
22:02:29,300u,emailservice-66944ff59-2lcjl,7,94
22:02:29,300u,emailservice-66944ff59-c4g5x,5,56
22:02:29,300u,emailservice-66944ff59-hrmjl,2,56
22:02:29,300u,frontend-7bd6f45654-przgb,86,30
22:02:29,300u,frontend-7bd6f45654-s2s7z,84,52
22:02:29,300u,frontend-7bd6f45654-vfxkp,81,28
22:02:29,300u,paymentservice-9bfb7bf5-6hckw,1,67
22:02:29,300u,paymentservice-9bfb7bf5-75nf7,1,101
22:02:29,300u,paymentservice-9bfb7bf5-kgd56,6,112
22:02:29,300u,productcatalogservice-65bbf699df-7w28t,1,21
22:02:29,300u,productcatalogservice-65bbf699df-j2fmg,72,44
22:02:29,300u,productcatalogservice-65bbf699df-qntf5,33,21
22:02:29,300u,recommendationservice-7444754ff5-d8g8j,2,51
22:02:29,300u,recommendationservice-7444754ff5-n8cbh,102,82
22:02:29,300u,recommendationservice-7444754ff5-pwgrt,59,55
22:02:29,300u,redis-cart-c8ff86559-kcf44,7,37
22:02:29,300u,shippingservice-f956b6d9f-nvkxm,1,15
22:02:29,300u,shippingservice-f956b6d9f-pkw7l,5,16
22:02:29,300u,shippingservice-f956b6d9f-w7n4b,12,32
22:02:32,300u,adservice-574bff445c-6mj7s,2,191
22:02:32,300u,adservice-574bff445c-dwnqt,33,249
22:02:32,300u,adservice-574bff445c-qb9cj,18,266
22:02:32,300u,cartservice-7c84fdfb6-gvdl7,2,110
22:02:32,300u,cartservice-7c84fdfb6-m5m6d,84,186
22:02:32,300u,cartservice-7c84fdfb6-rrqpp,2,115
22:02:32,300u,checkoutservice-5b6d96c9b7-45rkr,10,38
22:02:32,300u,checkoutservice-5b6d96c9b7-jbfvs,1,16
22:02:32,300u,checkoutservice-5b6d96c9b7-zvd4c,6,21
22:02:32,300u,currencyservice-7c8fc8fc9c-4hm9g,116,125
22:02:32,300u,currencyservice-7c8fc8fc9c-5frj9,2,86
22:02:32,300u,currencyservice-7c8fc8fc9c-mgwx9,72,125
22:02:32,300u,emailservice-66944ff59-2lcjl,7,94
22:02:32,300u,emailservice-66944ff59-c4g5x,5,56
22:02:32,300u,emailservice-66944ff59-hrmjl,2,56
22:02:32,300u,frontend-7bd6f45654-przgb,86,30
22:02:32,300u,frontend-7bd6f45654-s2s7z,84,52
22:02:32,300u,frontend-7bd6f45654-vfxkp,81,28
22:02:32,300u,paymentservice-9bfb7bf5-6hckw,1,67
22:02:32,300u,paymentservice-9bfb7bf5-75nf7,1,101
22:02:32,300u,paymentservice-9bfb7bf5-kgd56,6,112
22:02:32,300u,productcatalogservice-65bbf699df-7w28t,1,21
22:02:32,300u,productcatalogservice-65bbf699df-j2fmg,72,44
22:02:32,300u,productcatalogservice-65bbf699df-qntf5,33,21
22:02:32,300u,recommendationservice-7444754ff5-d8g8j,2,51
22:02:32,300u,recommendationservice-7444754ff5-n8cbh,102,82
22:02:32,300u,recommendationservice-7444754ff5-pwgrt,59,55
22:02:32,300u,redis-cart-c8ff86559-kcf44,7,37
22:02:32,300u,shippingservice-f956b6d9f-nvkxm,1,15
22:02:32,300u,shippingservice-f956b6d9f-pkw7l,5,16
22:02:32,300u,shippingservice-f956b6d9f-w7n4b,12,32
22:02:37,300u,adservice-574bff445c-6mj7s,3,191
22:02:37,300u,adservice-574bff445c-dwnqt,51,249
22:02:37,300u,adservice-574bff445c-qb9cj,34,267
22:02:37,300u,cartservice-7c84fdfb6-gvdl7,2,110
22:02:37,300u,cartservice-7c84fdfb6-m5m6d,130,186
22:02:37,300u,cartservice-7c84fdfb6-rrqpp,1,115
22:02:37,300u,checkoutservice-5b6d96c9b7-45rkr,19,38
22:02:37,300u,checkoutservice-5b6d96c9b7-jbfvs,1,16
22:02:37,300u,checkoutservice-5b6d96c9b7-zvd4c,11,21
22:02:37,300u,currencyservice-7c8fc8fc9c-4hm9g,170,124
22:02:37,300u,currencyservice-7c8fc8fc9c-5frj9,1,86
22:02:37,300u,currencyservice-7c8fc8fc9c-mgwx9,117,126
22:02:37,300u,emailservice-66944ff59-2lcjl,11,94
22:02:37,300u,emailservice-66944ff59-c4g5x,7,56
22:02:37,300u,emailservice-66944ff59-hrmjl,2,56
22:02:37,300u,frontend-7bd6f45654-przgb,118,31
22:02:37,300u,frontend-7bd6f45654-s2s7z,146,54
22:02:37,300u,frontend-7bd6f45654-vfxkp,139,29
22:02:37,300u,paymentservice-9bfb7bf5-6hckw,1,67
22:02:37,300u,paymentservice-9bfb7bf5-75nf7,1,101
22:02:37,300u,paymentservice-9bfb7bf5-kgd56,11,112
22:02:37,300u,productcatalogservice-65bbf699df-7w28t,1,21
22:02:37,300u,productcatalogservice-65bbf699df-j2fmg,114,44
22:02:37,300u,productcatalogservice-65bbf699df-qntf5,57,22
22:02:37,300u,recommendationservice-7444754ff5-d8g8j,2,51
22:02:37,300u,recommendationservice-7444754ff5-n8cbh,183,81
22:02:37,300u,recommendationservice-7444754ff5-pwgrt,82,55
22:02:37,300u,redis-cart-c8ff86559-kcf44,10,37
22:02:37,300u,shippingservice-f956b6d9f-nvkxm,1,15
22:02:37,300u,shippingservice-f956b6d9f-pkw7l,6,16
22:02:37,300u,shippingservice-f956b6d9f-w7n4b,21,32
22:02:39,300u,adservice-574bff445c-6mj7s,3,191
22:02:39,300u,adservice-574bff445c-dwnqt,51,249
22:02:39,300u,adservice-574bff445c-qb9cj,34,267
22:02:39,300u,cartservice-7c84fdfb6-gvdl7,2,110
22:02:39,300u,cartservice-7c84fdfb6-m5m6d,130,186
22:02:39,300u,cartservice-7c84fdfb6-rrqpp,1,115
22:02:39,300u,checkoutservice-5b6d96c9b7-45rkr,19,38
22:02:39,300u,checkoutservice-5b6d96c9b7-jbfvs,1,16
22:02:39,300u,checkoutservice-5b6d96c9b7-zvd4c,11,21
22:02:39,300u,currencyservice-7c8fc8fc9c-4hm9g,170,124
22:02:39,300u,currencyservice-7c8fc8fc9c-5frj9,1,86
22:02:39,300u,currencyservice-7c8fc8fc9c-mgwx9,117,126
22:02:39,300u,emailservice-66944ff59-2lcjl,11,94
22:02:39,300u,emailservice-66944ff59-c4g5x,7,56
22:02:39,300u,emailservice-66944ff59-hrmjl,2,56
22:02:39,300u,frontend-7bd6f45654-przgb,118,31
22:02:39,300u,frontend-7bd6f45654-s2s7z,146,54
22:02:39,300u,frontend-7bd6f45654-vfxkp,139,29
22:02:39,300u,paymentservice-9bfb7bf5-6hckw,1,67
22:02:39,300u,paymentservice-9bfb7bf5-75nf7,1,101
22:02:39,300u,paymentservice-9bfb7bf5-kgd56,11,112
22:02:39,300u,productcatalogservice-65bbf699df-7w28t,1,21
22:02:39,300u,productcatalogservice-65bbf699df-j2fmg,114,44
22:02:39,300u,productcatalogservice-65bbf699df-qntf5,57,22
22:02:39,300u,recommendationservice-7444754ff5-d8g8j,2,51
22:02:39,300u,recommendationservice-7444754ff5-n8cbh,183,81
22:02:39,300u,recommendationservice-7444754ff5-pwgrt,82,55
22:02:39,300u,redis-cart-c8ff86559-kcf44,10,37
22:02:39,300u,shippingservice-f956b6d9f-nvkxm,1,15
22:02:39,300u,shippingservice-f956b6d9f-pkw7l,6,16
22:02:39,300u,shippingservice-f956b6d9f-w7n4b,21,32
22:02:42,300u,adservice-574bff445c-6mj7s,3,191
22:02:42,300u,adservice-574bff445c-dwnqt,51,249
22:02:42,300u,adservice-574bff445c-qb9cj,34,267
22:02:42,300u,cartservice-7c84fdfb6-gvdl7,2,110
22:02:42,300u,cartservice-7c84fdfb6-m5m6d,130,186
22:02:42,300u,cartservice-7c84fdfb6-rrqpp,1,115
22:02:42,300u,checkoutservice-5b6d96c9b7-45rkr,19,38
22:02:42,300u,checkoutservice-5b6d96c9b7-jbfvs,1,16
22:02:42,300u,checkoutservice-5b6d96c9b7-zvd4c,11,21
22:02:42,300u,currencyservice-7c8fc8fc9c-4hm9g,170,124
22:02:42,300u,currencyservice-7c8fc8fc9c-5frj9,1,86
22:02:42,300u,currencyservice-7c8fc8fc9c-mgwx9,117,126
22:02:42,300u,emailservice-66944ff59-2lcjl,11,94
22:02:42,300u,emailservice-66944ff59-c4g5x,7,56
22:02:42,300u,emailservice-66944ff59-hrmjl,2,56
22:02:42,300u,frontend-7bd6f45654-przgb,118,31
22:02:42,300u,frontend-7bd6f45654-s2s7z,146,54
22:02:42,300u,frontend-7bd6f45654-vfxkp,139,29
22:02:42,300u,paymentservice-9bfb7bf5-6hckw,1,67
22:02:42,300u,paymentservice-9bfb7bf5-75nf7,1,101
22:02:42,300u,paymentservice-9bfb7bf5-kgd56,11,112
22:02:42,300u,productcatalogservice-65bbf699df-7w28t,1,21
22:02:42,300u,productcatalogservice-65bbf699df-j2fmg,114,44
22:02:42,300u,productcatalogservice-65bbf699df-qntf5,57,22
22:02:42,300u,recommendationservice-7444754ff5-d8g8j,2,51
22:02:42,300u,recommendationservice-7444754ff5-n8cbh,183,81
22:02:42,300u,recommendationservice-7444754ff5-pwgrt,82,55
22:02:42,300u,redis-cart-c8ff86559-kcf44,10,37
22:02:42,300u,shippingservice-f956b6d9f-nvkxm,1,15
22:02:42,300u,shippingservice-f956b6d9f-pkw7l,6,16
22:02:42,300u,shippingservice-f956b6d9f-w7n4b,21,32
22:02:47,300u,adservice-574bff445c-6mj7s,3,191
22:02:47,300u,adservice-574bff445c-dwnqt,51,249
22:02:47,300u,adservice-574bff445c-qb9cj,34,267
22:02:47,300u,cartservice-7c84fdfb6-gvdl7,2,110
22:02:47,300u,cartservice-7c84fdfb6-m5m6d,130,186
22:02:47,300u,cartservice-7c84fdfb6-rrqpp,1,115
22:02:47,300u,checkoutservice-5b6d96c9b7-45rkr,19,38
22:02:47,300u,checkoutservice-5b6d96c9b7-jbfvs,1,16
22:02:47,300u,checkoutservice-5b6d96c9b7-zvd4c,11,21
22:02:47,300u,currencyservice-7c8fc8fc9c-4hm9g,170,124
22:02:47,300u,currencyservice-7c8fc8fc9c-5frj9,1,86
22:02:47,300u,currencyservice-7c8fc8fc9c-mgwx9,117,126
22:02:47,300u,emailservice-66944ff59-2lcjl,11,94
22:02:47,300u,emailservice-66944ff59-c4g5x,7,56
22:02:47,300u,emailservice-66944ff59-hrmjl,2,56
22:02:47,300u,frontend-7bd6f45654-przgb,118,31
22:02:47,300u,frontend-7bd6f45654-s2s7z,146,54
22:02:47,300u,frontend-7bd6f45654-vfxkp,139,29
22:02:47,300u,paymentservice-9bfb7bf5-6hckw,1,67
22:02:47,300u,paymentservice-9bfb7bf5-75nf7,1,101
22:02:47,300u,paymentservice-9bfb7bf5-kgd56,11,112
22:02:47,300u,productcatalogservice-65bbf699df-7w28t,1,21
22:02:47,300u,productcatalogservice-65bbf699df-j2fmg,114,44
22:02:47,300u,productcatalogservice-65bbf699df-qntf5,57,22
22:02:47,300u,recommendationservice-7444754ff5-d8g8j,2,51
22:02:47,300u,recommendationservice-7444754ff5-n8cbh,183,81
22:02:47,300u,recommendationservice-7444754ff5-pwgrt,82,55
22:02:47,300u,redis-cart-c8ff86559-kcf44,10,37
22:02:47,300u,shippingservice-f956b6d9f-nvkxm,1,15
22:02:47,300u,shippingservice-f956b6d9f-pkw7l,6,16
22:02:47,300u,shippingservice-f956b6d9f-w7n4b,21,32
22:02:50,300u,adservice-574bff445c-6mj7s,8,192
22:02:50,300u,adservice-574bff445c-dwnqt,55,250
22:02:50,300u,adservice-574bff445c-qb9cj,31,267
22:02:50,300u,cartservice-7c84fdfb6-gvdl7,2,110
22:02:50,300u,cartservice-7c84fdfb6-m5m6d,107,187
22:02:50,300u,cartservice-7c84fdfb6-rrqpp,1,115
22:02:50,300u,checkoutservice-5b6d96c9b7-45rkr,19,38
22:02:50,300u,checkoutservice-5b6d96c9b7-jbfvs,1,16
22:02:50,300u,checkoutservice-5b6d96c9b7-zvd4c,11,21
22:02:50,300u,currencyservice-7c8fc8fc9c-4hm9g,160,125
22:02:50,300u,currencyservice-7c8fc8fc9c-5frj9,1,86
22:02:50,300u,currencyservice-7c8fc8fc9c-mgwx9,114,126
22:02:50,300u,emailservice-66944ff59-2lcjl,11,94
22:02:50,300u,emailservice-66944ff59-c4g5x,7,56
22:02:50,300u,emailservice-66944ff59-hrmjl,3,56
22:02:50,300u,frontend-7bd6f45654-przgb,138,31
22:02:50,300u,frontend-7bd6f45654-s2s7z,137,54
22:02:50,300u,frontend-7bd6f45654-vfxkp,123,29
22:02:50,300u,paymentservice-9bfb7bf5-6hckw,1,67
22:02:50,300u,paymentservice-9bfb7bf5-75nf7,1,101
22:02:50,300u,paymentservice-9bfb7bf5-kgd56,11,112
22:02:50,300u,productcatalogservice-65bbf699df-7w28t,1,21
22:02:50,300u,productcatalogservice-65bbf699df-j2fmg,115,44
22:02:50,300u,productcatalogservice-65bbf699df-qntf5,51,22
22:02:50,300u,recommendationservice-7444754ff5-d8g8j,3,51
22:02:50,300u,recommendationservice-7444754ff5-n8cbh,167,82
22:02:50,300u,recommendationservice-7444754ff5-pwgrt,103,55
22:02:50,300u,redis-cart-c8ff86559-kcf44,9,37
22:02:50,300u,shippingservice-f956b6d9f-nvkxm,1,15
22:02:50,300u,shippingservice-f956b6d9f-pkw7l,7,16
22:02:50,300u,shippingservice-f956b6d9f-w7n4b,19,32
22:02:53,300u,adservice-574bff445c-6mj7s,8,192
22:02:53,300u,adservice-574bff445c-dwnqt,55,250
22:02:53,300u,adservice-574bff445c-qb9cj,31,267
22:02:53,300u,cartservice-7c84fdfb6-gvdl7,2,110
22:02:53,300u,cartservice-7c84fdfb6-m5m6d,107,187
22:02:53,300u,cartservice-7c84fdfb6-rrqpp,1,115
22:02:53,300u,checkoutservice-5b6d96c9b7-45rkr,19,38
22:02:53,300u,checkoutservice-5b6d96c9b7-jbfvs,1,16
22:02:53,300u,checkoutservice-5b6d96c9b7-zvd4c,11,21
22:02:53,300u,currencyservice-7c8fc8fc9c-4hm9g,160,125
22:02:53,300u,currencyservice-7c8fc8fc9c-5frj9,1,86
22:02:53,300u,currencyservice-7c8fc8fc9c-mgwx9,114,126
22:02:53,300u,emailservice-66944ff59-2lcjl,11,94
22:02:53,300u,emailservice-66944ff59-c4g5x,7,56
22:02:53,300u,emailservice-66944ff59-hrmjl,3,56
22:02:53,300u,frontend-7bd6f45654-przgb,138,31
22:02:53,300u,frontend-7bd6f45654-s2s7z,137,54
22:02:53,300u,frontend-7bd6f45654-vfxkp,123,29
22:02:53,300u,paymentservice-9bfb7bf5-6hckw,1,67
22:02:53,300u,paymentservice-9bfb7bf5-75nf7,1,101
22:02:53,300u,paymentservice-9bfb7bf5-kgd56,11,112
22:02:53,300u,productcatalogservice-65bbf699df-7w28t,1,21
22:02:53,300u,productcatalogservice-65bbf699df-j2fmg,115,44
22:02:53,300u,productcatalogservice-65bbf699df-qntf5,51,22
22:02:53,300u,recommendationservice-7444754ff5-d8g8j,3,51
22:02:53,300u,recommendationservice-7444754ff5-n8cbh,167,82
22:02:53,300u,recommendationservice-7444754ff5-pwgrt,103,55
22:02:53,300u,redis-cart-c8ff86559-kcf44,9,37
22:02:53,300u,shippingservice-f956b6d9f-nvkxm,1,15
22:02:53,300u,shippingservice-f956b6d9f-pkw7l,7,16
22:02:53,300u,shippingservice-f956b6d9f-w7n4b,19,32
22:02:57,300u,adservice-574bff445c-6mj7s,8,192
22:02:57,300u,adservice-574bff445c-dwnqt,55,250
22:02:57,300u,adservice-574bff445c-qb9cj,31,267
22:02:57,300u,cartservice-7c84fdfb6-gvdl7,2,110
22:02:57,300u,cartservice-7c84fdfb6-m5m6d,107,187
22:02:57,300u,cartservice-7c84fdfb6-rrqpp,1,115
22:02:57,300u,checkoutservice-5b6d96c9b7-45rkr,19,38
22:02:57,300u,checkoutservice-5b6d96c9b7-jbfvs,1,16
22:02:57,300u,checkoutservice-5b6d96c9b7-zvd4c,11,21
22:02:57,300u,currencyservice-7c8fc8fc9c-4hm9g,160,125
22:02:57,300u,currencyservice-7c8fc8fc9c-5frj9,1,86
22:02:57,300u,currencyservice-7c8fc8fc9c-mgwx9,114,126
22:02:57,300u,emailservice-66944ff59-2lcjl,11,94
22:02:57,300u,emailservice-66944ff59-c4g5x,7,56
22:02:57,300u,emailservice-66944ff59-hrmjl,3,56
22:02:57,300u,frontend-7bd6f45654-przgb,138,31
22:02:57,300u,frontend-7bd6f45654-s2s7z,137,54
22:02:57,300u,frontend-7bd6f45654-vfxkp,123,29
22:02:57,300u,paymentservice-9bfb7bf5-6hckw,1,67
22:02:57,300u,paymentservice-9bfb7bf5-75nf7,1,101
22:02:57,300u,paymentservice-9bfb7bf5-kgd56,11,112
22:02:57,300u,productcatalogservice-65bbf699df-7w28t,1,21
22:02:57,300u,productcatalogservice-65bbf699df-j2fmg,115,44
22:02:57,300u,productcatalogservice-65bbf699df-qntf5,51,22
22:02:57,300u,recommendationservice-7444754ff5-d8g8j,3,51
22:02:57,300u,recommendationservice-7444754ff5-n8cbh,167,82
22:02:57,300u,recommendationservice-7444754ff5-pwgrt,103,55
22:02:57,300u,redis-cart-c8ff86559-kcf44,9,37
22:02:57,300u,shippingservice-f956b6d9f-nvkxm,1,15
22:02:57,300u,shippingservice-f956b6d9f-pkw7l,7,16
22:02:57,300u,shippingservice-f956b6d9f-w7n4b,19,32
22:03:00,300u,adservice-574bff445c-6mj7s,8,192
22:03:00,300u,adservice-574bff445c-dwnqt,55,250
22:03:00,300u,adservice-574bff445c-qb9cj,31,267
22:03:00,300u,cartservice-7c84fdfb6-gvdl7,2,110
22:03:00,300u,cartservice-7c84fdfb6-m5m6d,107,187
22:03:00,300u,cartservice-7c84fdfb6-rrqpp,1,115
22:03:00,300u,checkoutservice-5b6d96c9b7-45rkr,19,38
22:03:00,300u,checkoutservice-5b6d96c9b7-jbfvs,1,16
22:03:00,300u,checkoutservice-5b6d96c9b7-zvd4c,11,21
22:03:00,300u,currencyservice-7c8fc8fc9c-4hm9g,160,125
22:03:00,300u,currencyservice-7c8fc8fc9c-5frj9,1,86
22:03:00,300u,currencyservice-7c8fc8fc9c-mgwx9,114,126
22:03:00,300u,emailservice-66944ff59-2lcjl,11,94
22:03:00,300u,emailservice-66944ff59-c4g5x,7,56
22:03:00,300u,emailservice-66944ff59-hrmjl,3,56
22:03:00,300u,frontend-7bd6f45654-przgb,138,31
22:03:00,300u,frontend-7bd6f45654-s2s7z,137,54
22:03:00,300u,frontend-7bd6f45654-vfxkp,123,29
22:03:00,300u,paymentservice-9bfb7bf5-6hckw,1,67
22:03:00,300u,paymentservice-9bfb7bf5-75nf7,1,101
22:03:00,300u,paymentservice-9bfb7bf5-kgd56,11,112
22:03:00,300u,productcatalogservice-65bbf699df-7w28t,1,21
22:03:00,300u,productcatalogservice-65bbf699df-j2fmg,115,44
22:03:00,300u,productcatalogservice-65bbf699df-qntf5,51,22
22:03:00,300u,recommendationservice-7444754ff5-d8g8j,3,51
22:03:00,300u,recommendationservice-7444754ff5-n8cbh,167,82
22:03:00,300u,recommendationservice-7444754ff5-pwgrt,103,55
22:03:00,300u,redis-cart-c8ff86559-kcf44,9,37
22:03:00,300u,shippingservice-f956b6d9f-nvkxm,1,15
22:03:00,300u,shippingservice-f956b6d9f-pkw7l,7,16
22:03:00,300u,shippingservice-f956b6d9f-w7n4b,19,32
22:03:03,300u,adservice-574bff445c-6mj7s,8,192
22:03:03,300u,adservice-574bff445c-dwnqt,55,250
22:03:03,300u,adservice-574bff445c-qb9cj,31,267
22:03:03,300u,cartservice-7c84fdfb6-gvdl7,2,110
22:03:03,300u,cartservice-7c84fdfb6-m5m6d,107,187
22:03:03,300u,cartservice-7c84fdfb6-rrqpp,1,115
22:03:03,300u,checkoutservice-5b6d96c9b7-45rkr,19,38
22:03:03,300u,checkoutservice-5b6d96c9b7-jbfvs,1,16
22:03:03,300u,checkoutservice-5b6d96c9b7-zvd4c,11,21
22:03:03,300u,currencyservice-7c8fc8fc9c-4hm9g,160,125
22:03:03,300u,currencyservice-7c8fc8fc9c-5frj9,1,86
22:03:03,300u,currencyservice-7c8fc8fc9c-mgwx9,114,126
22:03:03,300u,emailservice-66944ff59-2lcjl,11,94
22:03:03,300u,emailservice-66944ff59-c4g5x,7,56
22:03:03,300u,emailservice-66944ff59-hrmjl,3,56
22:03:03,300u,frontend-7bd6f45654-przgb,138,31
22:03:03,300u,frontend-7bd6f45654-s2s7z,137,54
22:03:03,300u,frontend-7bd6f45654-vfxkp,123,29
22:03:03,300u,paymentservice-9bfb7bf5-6hckw,1,67
22:03:03,300u,paymentservice-9bfb7bf5-75nf7,1,101
22:03:03,300u,paymentservice-9bfb7bf5-kgd56,11,112
22:03:03,300u,productcatalogservice-65bbf699df-7w28t,1,21
22:03:03,300u,productcatalogservice-65bbf699df-j2fmg,115,44
22:03:03,300u,productcatalogservice-65bbf699df-qntf5,51,22
22:03:03,300u,recommendationservice-7444754ff5-d8g8j,3,51
22:03:03,300u,recommendationservice-7444754ff5-n8cbh,167,82
22:03:03,300u,recommendationservice-7444754ff5-pwgrt,103,55
22:03:03,300u,redis-cart-c8ff86559-kcf44,9,37
22:03:03,300u,shippingservice-f956b6d9f-nvkxm,1,15
22:03:03,300u,shippingservice-f956b6d9f-pkw7l,7,16
22:03:03,300u,shippingservice-f956b6d9f-w7n4b,19,32
22:03:07,300u,adservice-574bff445c-6mj7s,6,195
22:03:07,300u,adservice-574bff445c-dwnqt,71,250
22:03:07,300u,adservice-574bff445c-qb9cj,37,267
22:03:07,300u,cartservice-7c84fdfb6-gvdl7,1,110
22:03:07,300u,cartservice-7c84fdfb6-m5m6d,158,187
22:03:07,300u,cartservice-7c84fdfb6-rrqpp,2,115
22:03:07,300u,checkoutservice-5b6d96c9b7-45rkr,27,38
22:03:07,300u,checkoutservice-5b6d96c9b7-jbfvs,1,16
22:03:07,300u,checkoutservice-5b6d96c9b7-zvd4c,10,21
22:03:07,300u,currencyservice-7c8fc8fc9c-4hm9g,191,126
22:03:07,300u,currencyservice-7c8fc8fc9c-5frj9,1,86
22:03:07,300u,currencyservice-7c8fc8fc9c-mgwx9,133,126
22:03:07,300u,emailservice-66944ff59-2lcjl,13,94
22:03:07,300u,emailservice-66944ff59-c4g5x,7,56
22:03:07,300u,emailservice-66944ff59-hrmjl,2,56
22:03:07,300u,frontend-7bd6f45654-przgb,177,32
22:03:07,300u,frontend-7bd6f45654-s2s7z,159,55
22:03:07,300u,frontend-7bd6f45654-vfxkp,138,30
22:03:07,300u,paymentservice-9bfb7bf5-6hckw,1,67
22:03:07,300u,paymentservice-9bfb7bf5-75nf7,1,101
22:03:07,300u,paymentservice-9bfb7bf5-kgd56,13,112
22:03:07,300u,productcatalogservice-65bbf699df-7w28t,1,21
22:03:07,300u,productcatalogservice-65bbf699df-j2fmg,142,44
22:03:07,300u,productcatalogservice-65bbf699df-qntf5,57,22
22:03:07,300u,recommendationservice-7444754ff5-d8g8j,2,51
22:03:07,300u,recommendationservice-7444754ff5-n8cbh,195,82
22:03:07,300u,recommendationservice-7444754ff5-pwgrt,143,55
22:03:07,300u,redis-cart-c8ff86559-kcf44,11,37
22:03:07,300u,shippingservice-f956b6d9f-nvkxm,1,15
22:03:07,300u,shippingservice-f956b6d9f-pkw7l,9,16
22:03:07,300u,shippingservice-f956b6d9f-w7n4b,23,32
22:03:10,300u,adservice-574bff445c-6mj7s,6,195
22:03:10,300u,adservice-574bff445c-dwnqt,71,250
22:03:10,300u,adservice-574bff445c-qb9cj,37,267
22:03:10,300u,cartservice-7c84fdfb6-gvdl7,1,110
22:03:10,300u,cartservice-7c84fdfb6-m5m6d,158,187
22:03:10,300u,cartservice-7c84fdfb6-rrqpp,2,115
22:03:10,300u,checkoutservice-5b6d96c9b7-45rkr,27,38
22:03:10,300u,checkoutservice-5b6d96c9b7-jbfvs,1,16
22:03:10,300u,checkoutservice-5b6d96c9b7-zvd4c,10,21
22:03:10,300u,currencyservice-7c8fc8fc9c-4hm9g,191,126
22:03:10,300u,currencyservice-7c8fc8fc9c-5frj9,1,86
22:03:10,300u,currencyservice-7c8fc8fc9c-mgwx9,133,126
22:03:10,300u,emailservice-66944ff59-2lcjl,13,94
22:03:10,300u,emailservice-66944ff59-c4g5x,7,56
22:03:10,300u,emailservice-66944ff59-hrmjl,2,56
22:03:10,300u,frontend-7bd6f45654-przgb,177,32
22:03:10,300u,frontend-7bd6f45654-s2s7z,159,55
22:03:10,300u,frontend-7bd6f45654-vfxkp,138,30
22:03:10,300u,paymentservice-9bfb7bf5-6hckw,1,67
22:03:10,300u,paymentservice-9bfb7bf5-75nf7,1,101
22:03:10,300u,paymentservice-9bfb7bf5-kgd56,13,112
22:03:10,300u,productcatalogservice-65bbf699df-7w28t,1,21
22:03:10,300u,productcatalogservice-65bbf699df-j2fmg,142,44
22:03:10,300u,productcatalogservice-65bbf699df-qntf5,57,22
22:03:10,300u,recommendationservice-7444754ff5-d8g8j,2,51
22:03:10,300u,recommendationservice-7444754ff5-n8cbh,195,82
22:03:10,300u,recommendationservice-7444754ff5-pwgrt,143,55
22:03:10,300u,redis-cart-c8ff86559-kcf44,11,37
22:03:10,300u,shippingservice-f956b6d9f-nvkxm,1,15
22:03:10,300u,shippingservice-f956b6d9f-pkw7l,9,16
22:03:10,300u,shippingservice-f956b6d9f-w7n4b,23,32
22:03:13,300u,adservice-574bff445c-6mj7s,6,195
22:03:13,300u,adservice-574bff445c-dwnqt,71,250
22:03:13,300u,adservice-574bff445c-qb9cj,37,267
22:03:13,300u,cartservice-7c84fdfb6-gvdl7,1,110
22:03:13,300u,cartservice-7c84fdfb6-m5m6d,158,187
22:03:13,300u,cartservice-7c84fdfb6-rrqpp,2,115
22:03:13,300u,checkoutservice-5b6d96c9b7-45rkr,27,38
22:03:13,300u,checkoutservice-5b6d96c9b7-jbfvs,1,16
22:03:13,300u,checkoutservice-5b6d96c9b7-zvd4c,10,21
22:03:13,300u,currencyservice-7c8fc8fc9c-4hm9g,191,126
22:03:13,300u,currencyservice-7c8fc8fc9c-5frj9,1,86
22:03:13,300u,currencyservice-7c8fc8fc9c-mgwx9,133,126
22:03:13,300u,emailservice-66944ff59-2lcjl,13,94
22:03:13,300u,emailservice-66944ff59-c4g5x,7,56
22:03:13,300u,emailservice-66944ff59-hrmjl,2,56
22:03:13,300u,frontend-7bd6f45654-przgb,177,32
22:03:13,300u,frontend-7bd6f45654-s2s7z,159,55
22:03:13,300u,frontend-7bd6f45654-vfxkp,138,30
22:03:13,300u,paymentservice-9bfb7bf5-6hckw,1,67
22:03:13,300u,paymentservice-9bfb7bf5-75nf7,1,101
22:03:13,300u,paymentservice-9bfb7bf5-kgd56,13,112
22:03:13,300u,productcatalogservice-65bbf699df-7w28t,1,21
22:03:13,300u,productcatalogservice-65bbf699df-j2fmg,142,44
22:03:13,300u,productcatalogservice-65bbf699df-qntf5,57,22
22:03:13,300u,recommendationservice-7444754ff5-d8g8j,2,51
22:03:13,300u,recommendationservice-7444754ff5-n8cbh,195,82
22:03:13,300u,recommendationservice-7444754ff5-pwgrt,143,55
22:03:13,300u,redis-cart-c8ff86559-kcf44,11,37
22:03:13,300u,shippingservice-f956b6d9f-nvkxm,1,15
22:03:13,300u,shippingservice-f956b6d9f-pkw7l,9,16
22:03:13,300u,shippingservice-f956b6d9f-w7n4b,23,32
22:03:17,300u,adservice-574bff445c-6mj7s,6,195
22:03:17,300u,adservice-574bff445c-dwnqt,71,250
22:03:17,300u,adservice-574bff445c-qb9cj,37,267
22:03:17,300u,cartservice-7c84fdfb6-gvdl7,1,110
22:03:17,300u,cartservice-7c84fdfb6-m5m6d,158,187
22:03:17,300u,cartservice-7c84fdfb6-rrqpp,2,115
22:03:17,300u,checkoutservice-5b6d96c9b7-45rkr,27,38
22:03:17,300u,checkoutservice-5b6d96c9b7-jbfvs,1,16
22:03:17,300u,checkoutservice-5b6d96c9b7-zvd4c,10,21
22:03:17,300u,currencyservice-7c8fc8fc9c-4hm9g,191,126
22:03:17,300u,currencyservice-7c8fc8fc9c-5frj9,1,86
22:03:17,300u,currencyservice-7c8fc8fc9c-mgwx9,133,126
22:03:17,300u,emailservice-66944ff59-2lcjl,13,94
22:03:17,300u,emailservice-66944ff59-c4g5x,7,56
22:03:17,300u,emailservice-66944ff59-hrmjl,2,56
22:03:17,300u,frontend-7bd6f45654-przgb,177,32
22:03:17,300u,frontend-7bd6f45654-s2s7z,159,55
22:03:17,300u,frontend-7bd6f45654-vfxkp,138,30
22:03:17,300u,paymentservice-9bfb7bf5-6hckw,1,67
22:03:17,300u,paymentservice-9bfb7bf5-75nf7,1,101
22:03:17,300u,paymentservice-9bfb7bf5-kgd56,13,112
22:03:17,300u,productcatalogservice-65bbf699df-7w28t,1,21
22:03:17,300u,productcatalogservice-65bbf699df-j2fmg,142,44
22:03:17,300u,productcatalogservice-65bbf699df-qntf5,57,22
22:03:17,300u,recommendationservice-7444754ff5-d8g8j,2,51
22:03:17,300u,recommendationservice-7444754ff5-n8cbh,195,82
22:03:17,300u,recommendationservice-7444754ff5-pwgrt,143,55
22:03:17,300u,redis-cart-c8ff86559-kcf44,11,37
22:03:17,300u,shippingservice-f956b6d9f-nvkxm,1,15
22:03:17,300u,shippingservice-f956b6d9f-pkw7l,9,16
22:03:17,300u,shippingservice-f956b6d9f-w7n4b,23,32
22:03:20,300u,adservice-574bff445c-6mj7s,4,195
22:03:20,300u,adservice-574bff445c-dwnqt,81,251
22:03:20,300u,adservice-574bff445c-qb9cj,39,267
22:03:20,300u,cartservice-7c84fdfb6-gvdl7,1,110
22:03:20,300u,cartservice-7c84fdfb6-m5m6d,146,187
22:03:20,300u,cartservice-7c84fdfb6-rrqpp,2,115
22:03:20,300u,checkoutservice-5b6d96c9b7-45rkr,33,38
22:03:20,300u,checkoutservice-5b6d96c9b7-jbfvs,1,16
22:03:20,300u,checkoutservice-5b6d96c9b7-zvd4c,15,21
22:03:20,300u,currencyservice-7c8fc8fc9c-5frj9,2,86
22:03:20,300u,currencyservice-7c8fc8fc9c-mgwx9,169,126
22:03:20,300u,emailservice-66944ff59-2lcjl,15,94
22:03:20,300u,emailservice-66944ff59-c4g5x,8,56
22:03:20,300u,emailservice-66944ff59-hrmjl,2,56
22:03:20,300u,frontend-7bd6f45654-przgb,192,31
22:03:20,300u,frontend-7bd6f45654-s2s7z,169,55
22:03:20,300u,frontend-7bd6f45654-vfxkp,165,30
22:03:20,300u,paymentservice-9bfb7bf5-6hckw,1,67
22:03:20,300u,paymentservice-9bfb7bf5-75nf7,1,101
22:03:20,300u,paymentservice-9bfb7bf5-kgd56,15,112
22:03:20,300u,productcatalogservice-65bbf699df-7w28t,1,21
22:03:20,300u,productcatalogservice-65bbf699df-j2fmg,154,44
22:03:20,300u,productcatalogservice-65bbf699df-qntf5,66,22
22:03:20,300u,recommendationservice-7444754ff5-d8g8j,2,51
22:03:20,300u,recommendationservice-7444754ff5-n8cbh,200,82
22:03:20,300u,recommendationservice-7444754ff5-pwgrt,172,55
22:03:20,300u,redis-cart-c8ff86559-kcf44,12,37
22:03:20,300u,shippingservice-f956b6d9f-nvkxm,1,15
22:03:20,300u,shippingservice-f956b6d9f-pkw7l,10,16
22:03:20,300u,shippingservice-f956b6d9f-w7n4b,26,32
22:03:23,300u,adservice-574bff445c-6mj7s,4,195
22:03:23,300u,adservice-574bff445c-dwnqt,81,251
22:03:23,300u,adservice-574bff445c-qb9cj,39,267
22:03:23,300u,cartservice-7c84fdfb6-gvdl7,1,110
22:03:23,300u,cartservice-7c84fdfb6-m5m6d,146,187
22:03:23,300u,cartservice-7c84fdfb6-rrqpp,2,115
22:03:23,300u,checkoutservice-5b6d96c9b7-45rkr,33,38
22:03:23,300u,checkoutservice-5b6d96c9b7-jbfvs,1,16
22:03:23,300u,checkoutservice-5b6d96c9b7-zvd4c,15,21
22:03:23,300u,currencyservice-7c8fc8fc9c-5frj9,2,86
22:03:23,300u,currencyservice-7c8fc8fc9c-mgwx9,169,126
22:03:23,300u,emailservice-66944ff59-2lcjl,15,94
22:03:23,300u,emailservice-66944ff59-c4g5x,8,56
22:03:23,300u,emailservice-66944ff59-hrmjl,2,56
22:03:23,300u,frontend-7bd6f45654-przgb,192,31
22:03:23,300u,frontend-7bd6f45654-s2s7z,169,55
22:03:23,300u,frontend-7bd6f45654-vfxkp,165,30
22:03:23,300u,paymentservice-9bfb7bf5-6hckw,1,67
22:03:23,300u,paymentservice-9bfb7bf5-75nf7,1,101
22:03:23,300u,paymentservice-9bfb7bf5-kgd56,15,112
22:03:23,300u,productcatalogservice-65bbf699df-7w28t,1,21
22:03:23,300u,productcatalogservice-65bbf699df-j2fmg,154,44
22:03:23,300u,productcatalogservice-65bbf699df-qntf5,66,22
22:03:23,300u,recommendationservice-7444754ff5-d8g8j,2,51
22:03:23,300u,recommendationservice-7444754ff5-n8cbh,200,82
22:03:23,300u,recommendationservice-7444754ff5-pwgrt,172,55
22:03:23,300u,redis-cart-c8ff86559-kcf44,12,37
22:03:23,300u,shippingservice-f956b6d9f-nvkxm,1,15
22:03:23,300u,shippingservice-f956b6d9f-pkw7l,10,16
22:03:23,300u,shippingservice-f956b6d9f-w7n4b,26,32
22:03:28,300u,adservice-574bff445c-6mj7s,4,195
22:03:28,300u,adservice-574bff445c-dwnqt,81,251
22:03:28,300u,adservice-574bff445c-qb9cj,39,267
22:03:28,300u,cartservice-7c84fdfb6-gvdl7,1,110
22:03:28,300u,cartservice-7c84fdfb6-m5m6d,146,187
22:03:28,300u,cartservice-7c84fdfb6-rrqpp,2,115
22:03:28,300u,checkoutservice-5b6d96c9b7-45rkr,33,38
22:03:28,300u,checkoutservice-5b6d96c9b7-jbfvs,1,16
22:03:28,300u,checkoutservice-5b6d96c9b7-zvd4c,15,21
22:03:28,300u,currencyservice-7c8fc8fc9c-5frj9,2,86
22:03:28,300u,currencyservice-7c8fc8fc9c-mgwx9,169,126
22:03:28,300u,emailservice-66944ff59-2lcjl,15,94
22:03:28,300u,emailservice-66944ff59-c4g5x,8,56
22:03:28,300u,emailservice-66944ff59-hrmjl,2,56
22:03:28,300u,frontend-7bd6f45654-przgb,192,31
22:03:28,300u,frontend-7bd6f45654-s2s7z,169,55
22:03:28,300u,frontend-7bd6f45654-vfxkp,165,30
22:03:28,300u,paymentservice-9bfb7bf5-6hckw,1,67
22:03:28,300u,paymentservice-9bfb7bf5-75nf7,1,101
22:03:28,300u,paymentservice-9bfb7bf5-kgd56,15,112
22:03:28,300u,productcatalogservice-65bbf699df-7w28t,1,21
22:03:28,300u,productcatalogservice-65bbf699df-j2fmg,154,44
22:03:28,300u,productcatalogservice-65bbf699df-qntf5,66,22
22:03:28,300u,recommendationservice-7444754ff5-d8g8j,2,51
22:03:28,300u,recommendationservice-7444754ff5-n8cbh,200,82
22:03:28,300u,recommendationservice-7444754ff5-pwgrt,172,55
22:03:28,300u,redis-cart-c8ff86559-kcf44,12,37
22:03:28,300u,shippingservice-f956b6d9f-nvkxm,1,15
22:03:28,300u,shippingservice-f956b6d9f-pkw7l,10,16
22:03:28,300u,shippingservice-f956b6d9f-w7n4b,26,32
22:03:30,300u,adservice-574bff445c-6mj7s,4,195
22:03:30,300u,adservice-574bff445c-dwnqt,81,251
22:03:30,300u,adservice-574bff445c-qb9cj,39,267
22:03:30,300u,cartservice-7c84fdfb6-gvdl7,1,110
22:03:30,300u,cartservice-7c84fdfb6-m5m6d,146,187
22:03:30,300u,cartservice-7c84fdfb6-rrqpp,2,115
22:03:30,300u,checkoutservice-5b6d96c9b7-45rkr,33,38
22:03:30,300u,checkoutservice-5b6d96c9b7-jbfvs,1,16
22:03:30,300u,checkoutservice-5b6d96c9b7-zvd4c,15,21
22:03:30,300u,currencyservice-7c8fc8fc9c-5frj9,2,86
22:03:30,300u,currencyservice-7c8fc8fc9c-mgwx9,169,126
22:03:30,300u,emailservice-66944ff59-2lcjl,15,94
22:03:30,300u,emailservice-66944ff59-c4g5x,8,56
22:03:30,300u,emailservice-66944ff59-hrmjl,2,56
22:03:30,300u,frontend-7bd6f45654-przgb,192,31
22:03:30,300u,frontend-7bd6f45654-s2s7z,169,55
22:03:30,300u,frontend-7bd6f45654-vfxkp,165,30
22:03:30,300u,paymentservice-9bfb7bf5-6hckw,1,67
22:03:30,300u,paymentservice-9bfb7bf5-75nf7,1,101
22:03:30,300u,paymentservice-9bfb7bf5-kgd56,15,112
22:03:30,300u,productcatalogservice-65bbf699df-7w28t,1,21
22:03:30,300u,productcatalogservice-65bbf699df-j2fmg,154,44
22:03:30,300u,productcatalogservice-65bbf699df-qntf5,66,22
22:03:30,300u,recommendationservice-7444754ff5-d8g8j,2,51
22:03:30,300u,recommendationservice-7444754ff5-n8cbh,200,82
22:03:30,300u,recommendationservice-7444754ff5-pwgrt,172,55
22:03:30,300u,redis-cart-c8ff86559-kcf44,12,37
22:03:30,300u,shippingservice-f956b6d9f-nvkxm,1,15
22:03:30,300u,shippingservice-f956b6d9f-pkw7l,10,16
22:03:30,300u,shippingservice-f956b6d9f-w7n4b,26,32
22:03:33,300u,adservice-574bff445c-6mj7s,4,195
22:03:33,300u,adservice-574bff445c-dwnqt,81,251
22:03:33,300u,adservice-574bff445c-qb9cj,39,267
22:03:33,300u,cartservice-7c84fdfb6-gvdl7,1,110
22:03:33,300u,cartservice-7c84fdfb6-m5m6d,146,187
22:03:33,300u,cartservice-7c84fdfb6-rrqpp,2,115
22:03:33,300u,checkoutservice-5b6d96c9b7-45rkr,33,38
22:03:33,300u,checkoutservice-5b6d96c9b7-jbfvs,1,16
22:03:33,300u,checkoutservice-5b6d96c9b7-zvd4c,15,21
22:03:33,300u,currencyservice-7c8fc8fc9c-5frj9,2,86
22:03:33,300u,currencyservice-7c8fc8fc9c-mgwx9,169,126
22:03:33,300u,emailservice-66944ff59-2lcjl,15,94
22:03:33,300u,emailservice-66944ff59-c4g5x,8,56
22:03:33,300u,emailservice-66944ff59-hrmjl,2,56
22:03:33,300u,frontend-7bd6f45654-przgb,192,31
22:03:33,300u,frontend-7bd6f45654-s2s7z,169,55
22:03:33,300u,frontend-7bd6f45654-vfxkp,165,30
22:03:33,300u,paymentservice-9bfb7bf5-6hckw,1,67
22:03:33,300u,paymentservice-9bfb7bf5-75nf7,1,101
22:03:33,300u,paymentservice-9bfb7bf5-kgd56,15,112
22:03:33,300u,productcatalogservice-65bbf699df-7w28t,1,21
22:03:33,300u,productcatalogservice-65bbf699df-j2fmg,154,44
22:03:33,300u,productcatalogservice-65bbf699df-qntf5,66,22
22:03:33,300u,recommendationservice-7444754ff5-d8g8j,2,51
22:03:33,300u,recommendationservice-7444754ff5-n8cbh,200,82
22:03:33,300u,recommendationservice-7444754ff5-pwgrt,172,55
22:03:33,300u,redis-cart-c8ff86559-kcf44,12,37
22:03:33,300u,shippingservice-f956b6d9f-nvkxm,1,15
22:03:33,300u,shippingservice-f956b6d9f-pkw7l,10,16
22:03:33,300u,shippingservice-f956b6d9f-w7n4b,26,32
22:03:38,300u,adservice-574bff445c-6mj7s,1,195
22:03:38,300u,adservice-574bff445c-dwnqt,75,251
22:03:38,300u,adservice-574bff445c-qb9cj,39,267
22:03:38,300u,cartservice-7c84fdfb6-gvdl7,1,110
22:03:38,300u,cartservice-7c84fdfb6-m5m6d,125,188
22:03:38,300u,cartservice-7c84fdfb6-rrqpp,1,115
22:03:38,300u,checkoutservice-5b6d96c9b7-45rkr,33,38
22:03:38,300u,checkoutservice-5b6d96c9b7-jbfvs,1,16
22:03:38,300u,checkoutservice-5b6d96c9b7-zvd4c,20,21
22:03:38,300u,currencyservice-7c8fc8fc9c-4hm9g,4,90
22:03:38,300u,currencyservice-7c8fc8fc9c-5frj9,1,86
22:03:38,300u,currencyservice-7c8fc8fc9c-mgwx9,195,127
22:03:38,300u,emailservice-66944ff59-2lcjl,17,94
22:03:38,300u,emailservice-66944ff59-c4g5x,10,56
22:03:38,300u,emailservice-66944ff59-hrmjl,3,56
22:03:38,300u,frontend-7bd6f45654-przgb,178,33
22:03:38,300u,frontend-7bd6f45654-s2s7z,154,56
22:03:38,300u,frontend-7bd6f45654-vfxkp,165,32
22:03:38,300u,paymentservice-9bfb7bf5-6hckw,1,67
22:03:38,300u,paymentservice-9bfb7bf5-75nf7,1,101
22:03:38,300u,paymentservice-9bfb7bf5-kgd56,18,112
22:03:38,300u,productcatalogservice-65bbf699df-7w28t,1,21
22:03:38,300u,productcatalogservice-65bbf699df-j2fmg,145,44
22:03:38,300u,productcatalogservice-65bbf699df-qntf5,67,22
22:03:38,300u,recommendationservice-7444754ff5-d8g8j,2,51
22:03:38,300u,recommendationservice-7444754ff5-n8cbh,197,83
22:03:38,300u,recommendationservice-7444754ff5-pwgrt,168,55
22:03:38,300u,redis-cart-c8ff86559-kcf44,10,37
22:03:38,300u,shippingservice-f956b6d9f-nvkxm,1,15
22:03:38,300u,shippingservice-f956b6d9f-pkw7l,11,17
22:03:38,300u,shippingservice-f956b6d9f-w7n4b,26,32
22:03:40,300u,adservice-574bff445c-6mj7s,1,195
22:03:40,300u,adservice-574bff445c-dwnqt,75,251
22:03:40,300u,adservice-574bff445c-qb9cj,39,267
22:03:40,300u,cartservice-7c84fdfb6-gvdl7,1,110
22:03:40,300u,cartservice-7c84fdfb6-m5m6d,125,188
22:03:40,300u,cartservice-7c84fdfb6-rrqpp,1,115
22:03:40,300u,checkoutservice-5b6d96c9b7-45rkr,33,38
22:03:40,300u,checkoutservice-5b6d96c9b7-jbfvs,1,16
22:03:40,300u,checkoutservice-5b6d96c9b7-zvd4c,20,21
22:03:40,300u,currencyservice-7c8fc8fc9c-4hm9g,4,90
22:03:40,300u,currencyservice-7c8fc8fc9c-5frj9,1,86
22:03:40,300u,currencyservice-7c8fc8fc9c-mgwx9,195,127
22:03:40,300u,emailservice-66944ff59-2lcjl,17,94
22:03:40,300u,emailservice-66944ff59-c4g5x,10,56
22:03:40,300u,emailservice-66944ff59-hrmjl,3,56
22:03:40,300u,frontend-7bd6f45654-przgb,178,33
22:03:40,300u,frontend-7bd6f45654-s2s7z,154,56
22:03:40,300u,frontend-7bd6f45654-vfxkp,165,32
22:03:40,300u,paymentservice-9bfb7bf5-6hckw,1,67
22:03:40,300u,paymentservice-9bfb7bf5-75nf7,1,101
22:03:40,300u,paymentservice-9bfb7bf5-kgd56,18,112
22:03:40,300u,productcatalogservice-65bbf699df-7w28t,1,21
22:03:40,300u,productcatalogservice-65bbf699df-j2fmg,145,44
22:03:40,300u,productcatalogservice-65bbf699df-qntf5,67,22
22:03:40,300u,recommendationservice-7444754ff5-d8g8j,2,51
22:03:40,300u,recommendationservice-7444754ff5-n8cbh,197,83
22:03:40,300u,recommendationservice-7444754ff5-pwgrt,168,55
22:03:40,300u,redis-cart-c8ff86559-kcf44,10,37
22:03:40,300u,shippingservice-f956b6d9f-nvkxm,1,15
22:03:40,300u,shippingservice-f956b6d9f-pkw7l,11,17
22:03:40,300u,shippingservice-f956b6d9f-w7n4b,26,32
22:03:43,300u,adservice-574bff445c-6mj7s,1,195
22:03:43,300u,adservice-574bff445c-dwnqt,75,251
22:03:43,300u,adservice-574bff445c-qb9cj,39,267
22:03:43,300u,cartservice-7c84fdfb6-gvdl7,1,110
22:03:43,300u,cartservice-7c84fdfb6-m5m6d,125,188
22:03:43,300u,cartservice-7c84fdfb6-rrqpp,1,115
22:03:43,300u,checkoutservice-5b6d96c9b7-45rkr,33,38
22:03:43,300u,checkoutservice-5b6d96c9b7-jbfvs,1,16
22:03:43,300u,checkoutservice-5b6d96c9b7-zvd4c,20,21
22:03:43,300u,currencyservice-7c8fc8fc9c-4hm9g,4,90
22:03:43,300u,currencyservice-7c8fc8fc9c-5frj9,1,86
22:03:43,300u,currencyservice-7c8fc8fc9c-mgwx9,195,127
22:03:43,300u,emailservice-66944ff59-2lcjl,17,94
22:03:43,300u,emailservice-66944ff59-c4g5x,10,56
22:03:43,300u,emailservice-66944ff59-hrmjl,3,56
22:03:43,300u,frontend-7bd6f45654-przgb,178,33
22:03:43,300u,frontend-7bd6f45654-s2s7z,154,56
22:03:43,300u,frontend-7bd6f45654-vfxkp,165,32
22:03:43,300u,paymentservice-9bfb7bf5-6hckw,1,67
22:03:43,300u,paymentservice-9bfb7bf5-75nf7,1,101
22:03:43,300u,paymentservice-9bfb7bf5-kgd56,18,112
22:03:43,300u,productcatalogservice-65bbf699df-7w28t,1,21
22:03:43,300u,productcatalogservice-65bbf699df-j2fmg,145,44
22:03:43,300u,productcatalogservice-65bbf699df-qntf5,67,22
22:03:43,300u,recommendationservice-7444754ff5-d8g8j,2,51
22:03:43,300u,recommendationservice-7444754ff5-n8cbh,197,83
22:03:43,300u,recommendationservice-7444754ff5-pwgrt,168,55
22:03:43,300u,redis-cart-c8ff86559-kcf44,10,37
22:03:43,300u,shippingservice-f956b6d9f-nvkxm,1,15
22:03:43,300u,shippingservice-f956b6d9f-pkw7l,11,17
22:03:43,300u,shippingservice-f956b6d9f-w7n4b,26,32
22:03:48,300u,adservice-574bff445c-6mj7s,1,195
22:03:48,300u,adservice-574bff445c-dwnqt,75,251
22:03:48,300u,adservice-574bff445c-qb9cj,39,267
22:03:48,300u,cartservice-7c84fdfb6-gvdl7,1,110
22:03:48,300u,cartservice-7c84fdfb6-m5m6d,125,188
22:03:48,300u,cartservice-7c84fdfb6-rrqpp,1,115
22:03:48,300u,checkoutservice-5b6d96c9b7-45rkr,33,38
22:03:48,300u,checkoutservice-5b6d96c9b7-jbfvs,1,16
22:03:48,300u,checkoutservice-5b6d96c9b7-zvd4c,20,21
22:03:48,300u,currencyservice-7c8fc8fc9c-4hm9g,4,90
22:03:48,300u,currencyservice-7c8fc8fc9c-5frj9,1,86
22:03:48,300u,currencyservice-7c8fc8fc9c-mgwx9,195,127
22:03:48,300u,emailservice-66944ff59-2lcjl,17,94
22:03:48,300u,emailservice-66944ff59-c4g5x,10,56
22:03:48,300u,emailservice-66944ff59-hrmjl,3,56
22:03:48,300u,frontend-7bd6f45654-przgb,178,33
22:03:48,300u,frontend-7bd6f45654-s2s7z,154,56
22:03:48,300u,frontend-7bd6f45654-vfxkp,165,32
22:03:48,300u,paymentservice-9bfb7bf5-6hckw,1,67
22:03:48,300u,paymentservice-9bfb7bf5-75nf7,1,101
22:03:48,300u,paymentservice-9bfb7bf5-kgd56,18,112
22:03:48,300u,productcatalogservice-65bbf699df-7w28t,1,21
22:03:48,300u,productcatalogservice-65bbf699df-j2fmg,145,44
22:03:48,300u,productcatalogservice-65bbf699df-qntf5,67,22
22:03:48,300u,recommendationservice-7444754ff5-d8g8j,2,51
22:03:48,300u,recommendationservice-7444754ff5-n8cbh,197,83
22:03:48,300u,recommendationservice-7444754ff5-pwgrt,168,55
22:03:48,300u,redis-cart-c8ff86559-kcf44,10,37
22:03:48,300u,shippingservice-f956b6d9f-nvkxm,1,15
22:03:48,300u,shippingservice-f956b6d9f-pkw7l,11,17
22:03:48,300u,shippingservice-f956b6d9f-w7n4b,26,32
22:03:50,300u,adservice-574bff445c-6mj7s,4,195
22:03:50,300u,adservice-574bff445c-dwnqt,64,252
22:03:50,300u,adservice-574bff445c-qb9cj,30,267
22:03:50,300u,cartservice-7c84fdfb6-gvdl7,2,110
22:03:50,300u,cartservice-7c84fdfb6-m5m6d,94,187
22:03:50,300u,cartservice-7c84fdfb6-rrqpp,1,115
22:03:50,300u,checkoutservice-5b6d96c9b7-45rkr,23,38
22:03:50,300u,checkoutservice-5b6d96c9b7-jbfvs,1,16
22:03:50,300u,checkoutservice-5b6d96c9b7-zvd4c,19,21
22:03:50,300u,currencyservice-7c8fc8fc9c-4hm9g,191,117
22:03:50,300u,currencyservice-7c8fc8fc9c-5frj9,2,86
22:03:50,300u,currencyservice-7c8fc8fc9c-mgwx9,85,66
22:03:50,300u,emailservice-66944ff59-2lcjl,13,95
22:03:50,300u,emailservice-66944ff59-c4g5x,10,56
22:03:50,300u,emailservice-66944ff59-hrmjl,3,56
22:03:50,300u,frontend-7bd6f45654-przgb,140,34
22:03:50,300u,frontend-7bd6f45654-s2s7z,116,56
22:03:50,300u,frontend-7bd6f45654-vfxkp,133,35
22:03:50,300u,paymentservice-9bfb7bf5-6hckw,1,67
22:03:50,300u,paymentservice-9bfb7bf5-75nf7,1,101
22:03:50,300u,paymentservice-9bfb7bf5-kgd56,13,112
22:03:50,300u,productcatalogservice-65bbf699df-7w28t,1,21
22:03:50,300u,productcatalogservice-65bbf699df-j2fmg,119,44
22:03:50,300u,productcatalogservice-65bbf699df-qntf5,56,22
22:03:50,300u,recommendationservice-7444754ff5-d8g8j,3,51
22:03:50,300u,recommendationservice-7444754ff5-n8cbh,169,82
22:03:50,300u,recommendationservice-7444754ff5-pwgrt,122,55
22:03:50,300u,redis-cart-c8ff86559-kcf44,9,37
22:03:50,300u,shippingservice-f956b6d9f-nvkxm,1,15
22:03:50,300u,shippingservice-f956b6d9f-pkw7l,7,16
22:03:50,300u,shippingservice-f956b6d9f-w7n4b,20,32
22:03:53,300u,adservice-574bff445c-6mj7s,4,195
22:03:53,300u,adservice-574bff445c-dwnqt,64,252
22:03:53,300u,adservice-574bff445c-qb9cj,30,267
22:03:53,300u,cartservice-7c84fdfb6-gvdl7,2,110
22:03:53,300u,cartservice-7c84fdfb6-m5m6d,94,187
22:03:53,300u,cartservice-7c84fdfb6-rrqpp,1,115
22:03:53,300u,checkoutservice-5b6d96c9b7-45rkr,23,38
22:03:53,300u,checkoutservice-5b6d96c9b7-jbfvs,1,16
22:03:53,300u,checkoutservice-5b6d96c9b7-zvd4c,19,21
22:03:53,300u,currencyservice-7c8fc8fc9c-4hm9g,191,117
22:03:53,300u,currencyservice-7c8fc8fc9c-5frj9,2,86
22:03:53,300u,currencyservice-7c8fc8fc9c-mgwx9,85,66
22:03:53,300u,emailservice-66944ff59-2lcjl,13,95
22:03:53,300u,emailservice-66944ff59-c4g5x,10,56
22:03:53,300u,emailservice-66944ff59-hrmjl,3,56
22:03:53,300u,frontend-7bd6f45654-przgb,140,34
22:03:53,300u,frontend-7bd6f45654-s2s7z,116,56
22:03:53,300u,frontend-7bd6f45654-vfxkp,133,35
22:03:53,300u,paymentservice-9bfb7bf5-6hckw,1,67
22:03:53,300u,paymentservice-9bfb7bf5-75nf7,1,101
22:03:53,300u,paymentservice-9bfb7bf5-kgd56,13,112
22:03:53,300u,productcatalogservice-65bbf699df-7w28t,1,21
22:03:53,300u,productcatalogservice-65bbf699df-j2fmg,119,44
22:03:53,300u,productcatalogservice-65bbf699df-qntf5,56,22
22:03:53,300u,recommendationservice-7444754ff5-d8g8j,3,51
22:03:53,300u,recommendationservice-7444754ff5-n8cbh,169,82
22:03:53,300u,recommendationservice-7444754ff5-pwgrt,122,55
22:03:53,300u,redis-cart-c8ff86559-kcf44,9,37
22:03:53,300u,shippingservice-f956b6d9f-nvkxm,1,15
22:03:53,300u,shippingservice-f956b6d9f-pkw7l,7,16
22:03:53,300u,shippingservice-f956b6d9f-w7n4b,20,32
22:03:58,300u,adservice-574bff445c-6mj7s,4,195
22:03:58,300u,adservice-574bff445c-dwnqt,64,252
22:03:58,300u,adservice-574bff445c-qb9cj,30,267
22:03:58,300u,cartservice-7c84fdfb6-gvdl7,2,110
22:03:58,300u,cartservice-7c84fdfb6-m5m6d,94,187
22:03:58,300u,cartservice-7c84fdfb6-rrqpp,1,115
22:03:58,300u,checkoutservice-5b6d96c9b7-45rkr,23,38
22:03:58,300u,checkoutservice-5b6d96c9b7-jbfvs,1,16
22:03:58,300u,checkoutservice-5b6d96c9b7-zvd4c,19,21
22:03:58,300u,currencyservice-7c8fc8fc9c-4hm9g,191,117
22:03:58,300u,currencyservice-7c8fc8fc9c-5frj9,2,86
22:03:58,300u,currencyservice-7c8fc8fc9c-mgwx9,85,66
22:03:58,300u,emailservice-66944ff59-2lcjl,13,95
22:03:58,300u,emailservice-66944ff59-c4g5x,10,56
22:03:58,300u,emailservice-66944ff59-hrmjl,3,56
22:03:58,300u,frontend-7bd6f45654-przgb,140,34
22:03:58,300u,frontend-7bd6f45654-s2s7z,116,56
22:03:58,300u,frontend-7bd6f45654-vfxkp,133,35
22:03:58,300u,paymentservice-9bfb7bf5-6hckw,1,67
22:03:58,300u,paymentservice-9bfb7bf5-75nf7,1,101
22:03:58,300u,paymentservice-9bfb7bf5-kgd56,13,112
22:03:58,300u,productcatalogservice-65bbf699df-7w28t,1,21
22:03:58,300u,productcatalogservice-65bbf699df-j2fmg,119,44
22:03:58,300u,productcatalogservice-65bbf699df-qntf5,56,22
22:03:58,300u,recommendationservice-7444754ff5-d8g8j,3,51
22:03:58,300u,recommendationservice-7444754ff5-n8cbh,169,82
22:03:58,300u,recommendationservice-7444754ff5-pwgrt,122,55
22:03:58,300u,redis-cart-c8ff86559-kcf44,9,37
22:03:58,300u,shippingservice-f956b6d9f-nvkxm,1,15
22:03:58,300u,shippingservice-f956b6d9f-pkw7l,7,16
22:03:58,300u,shippingservice-f956b6d9f-w7n4b,20,32
22:04:00,300u,adservice-574bff445c-6mj7s,4,195
22:04:00,300u,adservice-574bff445c-dwnqt,64,252
22:04:00,300u,adservice-574bff445c-qb9cj,30,267
22:04:00,300u,cartservice-7c84fdfb6-gvdl7,2,110
22:04:00,300u,cartservice-7c84fdfb6-m5m6d,94,187
22:04:00,300u,cartservice-7c84fdfb6-rrqpp,1,115
22:04:00,300u,checkoutservice-5b6d96c9b7-45rkr,23,38
22:04:00,300u,checkoutservice-5b6d96c9b7-jbfvs,1,16
22:04:00,300u,checkoutservice-5b6d96c9b7-zvd4c,19,21
22:04:00,300u,currencyservice-7c8fc8fc9c-4hm9g,191,117
22:04:00,300u,currencyservice-7c8fc8fc9c-5frj9,2,86
22:04:00,300u,currencyservice-7c8fc8fc9c-mgwx9,85,66
22:04:00,300u,emailservice-66944ff59-2lcjl,13,95
22:04:00,300u,emailservice-66944ff59-c4g5x,10,56
22:04:00,300u,emailservice-66944ff59-hrmjl,3,56
22:04:00,300u,frontend-7bd6f45654-przgb,140,34
22:04:00,300u,frontend-7bd6f45654-s2s7z,116,56
22:04:00,300u,frontend-7bd6f45654-vfxkp,133,35
22:04:00,300u,paymentservice-9bfb7bf5-6hckw,1,67
22:04:00,300u,paymentservice-9bfb7bf5-75nf7,1,101
22:04:00,300u,paymentservice-9bfb7bf5-kgd56,13,112
22:04:00,300u,productcatalogservice-65bbf699df-7w28t,1,21
22:04:00,300u,productcatalogservice-65bbf699df-j2fmg,119,44
22:04:00,300u,productcatalogservice-65bbf699df-qntf5,56,22
22:04:00,300u,recommendationservice-7444754ff5-d8g8j,3,51
22:04:00,300u,recommendationservice-7444754ff5-n8cbh,169,82
22:04:00,300u,recommendationservice-7444754ff5-pwgrt,122,55
22:04:00,300u,redis-cart-c8ff86559-kcf44,9,37
22:04:00,300u,shippingservice-f956b6d9f-nvkxm,1,15
22:04:00,300u,shippingservice-f956b6d9f-pkw7l,7,16
22:04:00,300u,shippingservice-f956b6d9f-w7n4b,20,32
22:04:03,300u,adservice-574bff445c-6mj7s,4,195
22:04:03,300u,adservice-574bff445c-dwnqt,64,252
22:04:03,300u,adservice-574bff445c-qb9cj,30,267
22:04:03,300u,cartservice-7c84fdfb6-gvdl7,2,110
22:04:03,300u,cartservice-7c84fdfb6-m5m6d,94,187
22:04:03,300u,cartservice-7c84fdfb6-rrqpp,1,115
22:04:03,300u,checkoutservice-5b6d96c9b7-45rkr,23,38
22:04:03,300u,checkoutservice-5b6d96c9b7-jbfvs,1,16
22:04:03,300u,checkoutservice-5b6d96c9b7-zvd4c,19,21
22:04:03,300u,currencyservice-7c8fc8fc9c-4hm9g,191,117
22:04:03,300u,currencyservice-7c8fc8fc9c-5frj9,2,86
22:04:03,300u,currencyservice-7c8fc8fc9c-mgwx9,85,66
22:04:03,300u,emailservice-66944ff59-2lcjl,13,95
22:04:03,300u,emailservice-66944ff59-c4g5x,10,56
22:04:03,300u,emailservice-66944ff59-hrmjl,3,56
22:04:03,300u,frontend-7bd6f45654-przgb,140,34
22:04:03,300u,frontend-7bd6f45654-s2s7z,116,56
22:04:03,300u,frontend-7bd6f45654-vfxkp,133,35
22:04:03,300u,paymentservice-9bfb7bf5-6hckw,1,67
22:04:03,300u,paymentservice-9bfb7bf5-75nf7,1,101
22:04:03,300u,paymentservice-9bfb7bf5-kgd56,13,112
22:04:03,300u,productcatalogservice-65bbf699df-7w28t,1,21
22:04:03,300u,productcatalogservice-65bbf699df-j2fmg,119,44
22:04:03,300u,productcatalogservice-65bbf699df-qntf5,56,22
22:04:03,300u,recommendationservice-7444754ff5-d8g8j,3,51
22:04:03,300u,recommendationservice-7444754ff5-n8cbh,169,82
22:04:03,300u,recommendationservice-7444754ff5-pwgrt,122,55
22:04:03,300u,redis-cart-c8ff86559-kcf44,9,37
22:04:03,300u,shippingservice-f956b6d9f-nvkxm,1,15
22:04:03,300u,shippingservice-f956b6d9f-pkw7l,7,16
22:04:03,300u,shippingservice-f956b6d9f-w7n4b,20,32
22:04:08,300u,adservice-574bff445c-6mj7s,4,195
22:04:08,300u,adservice-574bff445c-dwnqt,38,252
22:04:08,300u,adservice-574bff445c-qb9cj,20,267
22:04:08,300u,cartservice-7c84fdfb6-gvdl7,1,110
22:04:08,300u,cartservice-7c84fdfb6-m5m6d,51,188
22:04:08,300u,cartservice-7c84fdfb6-rrqpp,2,115
22:04:08,300u,checkoutservice-5b6d96c9b7-45rkr,16,38
22:04:08,300u,checkoutservice-5b6d96c9b7-jbfvs,1,16
22:04:08,300u,checkoutservice-5b6d96c9b7-zvd4c,7,21
22:04:08,300u,currencyservice-7c8fc8fc9c-4hm9g,90,117
22:04:08,300u,currencyservice-7c8fc8fc9c-5frj9,1,86
22:04:08,300u,currencyservice-7c8fc8fc9c-mgwx9,3,69
22:04:08,300u,emailservice-66944ff59-2lcjl,10,95
22:04:08,300u,emailservice-66944ff59-c4g5x,6,56
22:04:08,300u,emailservice-66944ff59-hrmjl,4,56
22:04:08,300u,frontend-7bd6f45654-przgb,78,33
22:04:08,300u,frontend-7bd6f45654-s2s7z,65,55
22:04:08,300u,frontend-7bd6f45654-vfxkp,68,34
22:04:08,300u,paymentservice-9bfb7bf5-6hckw,1,67
22:04:08,300u,paymentservice-9bfb7bf5-75nf7,1,101
22:04:08,300u,paymentservice-9bfb7bf5-kgd56,7,112
22:04:08,300u,productcatalogservice-65bbf699df-7w28t,1,21
22:04:08,300u,productcatalogservice-65bbf699df-j2fmg,65,44
22:04:08,300u,productcatalogservice-65bbf699df-qntf5,29,22
22:04:08,300u,recommendationservice-7444754ff5-d8g8j,4,51
22:04:08,300u,recommendationservice-7444754ff5-n8cbh,91,81
22:04:08,300u,recommendationservice-7444754ff5-pwgrt,78,55
22:04:08,300u,redis-cart-c8ff86559-kcf44,6,37
22:04:08,300u,shippingservice-f956b6d9f-nvkxm,1,15
22:04:08,300u,shippingservice-f956b6d9f-pkw7l,5,16
22:04:08,300u,shippingservice-f956b6d9f-w7n4b,10,32
22:04:10,300u,adservice-574bff445c-6mj7s,4,195
22:04:10,300u,adservice-574bff445c-dwnqt,38,252
22:04:10,300u,adservice-574bff445c-qb9cj,20,267
22:04:10,300u,cartservice-7c84fdfb6-gvdl7,1,110
22:04:10,300u,cartservice-7c84fdfb6-m5m6d,51,188
22:04:10,300u,cartservice-7c84fdfb6-rrqpp,2,115
22:04:10,300u,checkoutservice-5b6d96c9b7-45rkr,16,38
22:04:10,300u,checkoutservice-5b6d96c9b7-jbfvs,1,16
22:04:10,300u,checkoutservice-5b6d96c9b7-zvd4c,7,21
22:04:10,300u,currencyservice-7c8fc8fc9c-4hm9g,90,117
22:04:10,300u,currencyservice-7c8fc8fc9c-5frj9,1,86
22:04:10,300u,currencyservice-7c8fc8fc9c-mgwx9,3,69
22:04:10,300u,emailservice-66944ff59-2lcjl,10,95
22:04:10,300u,emailservice-66944ff59-c4g5x,6,56
22:04:10,300u,emailservice-66944ff59-hrmjl,4,56
22:04:10,300u,frontend-7bd6f45654-przgb,78,33
22:04:10,300u,frontend-7bd6f45654-s2s7z,65,55
22:04:10,300u,frontend-7bd6f45654-vfxkp,68,34
22:04:10,300u,paymentservice-9bfb7bf5-6hckw,1,67
22:04:10,300u,paymentservice-9bfb7bf5-75nf7,1,101
22:04:10,300u,paymentservice-9bfb7bf5-kgd56,7,112
22:04:10,300u,productcatalogservice-65bbf699df-7w28t,1,21
22:04:10,300u,productcatalogservice-65bbf699df-j2fmg,65,44
22:04:10,300u,productcatalogservice-65bbf699df-qntf5,29,22
22:04:10,300u,recommendationservice-7444754ff5-d8g8j,4,51
22:04:10,300u,recommendationservice-7444754ff5-n8cbh,91,81
22:04:10,300u,recommendationservice-7444754ff5-pwgrt,78,55
22:04:10,300u,redis-cart-c8ff86559-kcf44,6,37
22:04:10,300u,shippingservice-f956b6d9f-nvkxm,1,15
22:04:10,300u,shippingservice-f956b6d9f-pkw7l,5,16
22:04:10,300u,shippingservice-f956b6d9f-w7n4b,10,32
22:04:13,300u,adservice-574bff445c-6mj7s,4,195
22:04:13,300u,adservice-574bff445c-dwnqt,38,252
22:04:13,300u,adservice-574bff445c-qb9cj,20,267
22:04:13,300u,cartservice-7c84fdfb6-gvdl7,1,110
22:04:13,300u,cartservice-7c84fdfb6-m5m6d,51,188
22:04:13,300u,cartservice-7c84fdfb6-rrqpp,2,115
22:04:13,300u,checkoutservice-5b6d96c9b7-45rkr,16,38
22:04:13,300u,checkoutservice-5b6d96c9b7-jbfvs,1,16
22:04:13,300u,checkoutservice-5b6d96c9b7-zvd4c,7,21
22:04:13,300u,currencyservice-7c8fc8fc9c-4hm9g,90,117
22:04:13,300u,currencyservice-7c8fc8fc9c-5frj9,1,86
22:04:13,300u,currencyservice-7c8fc8fc9c-mgwx9,3,69
22:04:13,300u,emailservice-66944ff59-2lcjl,10,95
22:04:13,300u,emailservice-66944ff59-c4g5x,6,56
22:04:13,300u,emailservice-66944ff59-hrmjl,4,56
22:04:13,300u,frontend-7bd6f45654-przgb,78,33
22:04:13,300u,frontend-7bd6f45654-s2s7z,65,55
22:04:13,300u,frontend-7bd6f45654-vfxkp,68,34
22:04:13,300u,paymentservice-9bfb7bf5-6hckw,1,67
22:04:13,300u,paymentservice-9bfb7bf5-75nf7,1,101
22:04:13,300u,paymentservice-9bfb7bf5-kgd56,7,112
22:04:13,300u,productcatalogservice-65bbf699df-7w28t,1,21
22:04:13,300u,productcatalogservice-65bbf699df-j2fmg,65,44
22:04:13,300u,productcatalogservice-65bbf699df-qntf5,29,22
22:04:13,300u,recommendationservice-7444754ff5-d8g8j,4,51
22:04:13,300u,recommendationservice-7444754ff5-n8cbh,91,81
22:04:13,300u,recommendationservice-7444754ff5-pwgrt,78,55
22:04:13,300u,redis-cart-c8ff86559-kcf44,6,37
22:04:13,300u,shippingservice-f956b6d9f-nvkxm,1,15
22:04:13,300u,shippingservice-f956b6d9f-pkw7l,5,16
22:04:13,300u,shippingservice-f956b6d9f-w7n4b,10,32
22:04:18,300u,adservice-574bff445c-6mj7s,4,195
22:04:18,300u,adservice-574bff445c-dwnqt,38,252
22:04:18,300u,adservice-574bff445c-qb9cj,20,267
22:04:18,300u,cartservice-7c84fdfb6-gvdl7,1,110
22:04:18,300u,cartservice-7c84fdfb6-m5m6d,51,188
22:04:18,300u,cartservice-7c84fdfb6-rrqpp,2,115
22:04:18,300u,checkoutservice-5b6d96c9b7-45rkr,16,38
22:04:18,300u,checkoutservice-5b6d96c9b7-jbfvs,1,16
22:04:18,300u,checkoutservice-5b6d96c9b7-zvd4c,7,21
22:04:18,300u,currencyservice-7c8fc8fc9c-4hm9g,90,117
22:04:18,300u,currencyservice-7c8fc8fc9c-5frj9,1,86
22:04:18,300u,currencyservice-7c8fc8fc9c-mgwx9,3,69
22:04:18,300u,emailservice-66944ff59-2lcjl,10,95
22:04:18,300u,emailservice-66944ff59-c4g5x,6,56
22:04:18,300u,emailservice-66944ff59-hrmjl,4,56
22:04:18,300u,frontend-7bd6f45654-przgb,78,33
22:04:18,300u,frontend-7bd6f45654-s2s7z,65,55
22:04:18,300u,frontend-7bd6f45654-vfxkp,68,34
22:04:18,300u,paymentservice-9bfb7bf5-6hckw,1,67
22:04:18,300u,paymentservice-9bfb7bf5-75nf7,1,101
22:04:18,300u,paymentservice-9bfb7bf5-kgd56,7,112
22:04:18,300u,productcatalogservice-65bbf699df-7w28t,1,21
22:04:18,300u,productcatalogservice-65bbf699df-j2fmg,65,44
22:04:18,300u,productcatalogservice-65bbf699df-qntf5,29,22
22:04:18,300u,recommendationservice-7444754ff5-d8g8j,4,51
22:04:18,300u,recommendationservice-7444754ff5-n8cbh,91,81
22:04:18,300u,recommendationservice-7444754ff5-pwgrt,78,55
22:04:18,300u,redis-cart-c8ff86559-kcf44,6,37
22:04:18,300u,shippingservice-f956b6d9f-nvkxm,1,15
22:04:18,300u,shippingservice-f956b6d9f-pkw7l,5,16
22:04:18,300u,shippingservice-f956b6d9f-w7n4b,10,32
22:04:21,300u,adservice-574bff445c-6mj7s,4,195
22:04:21,300u,adservice-574bff445c-dwnqt,4,252
22:04:21,300u,adservice-574bff445c-qb9cj,2,267
22:04:21,300u,cartservice-7c84fdfb6-gvdl7,3,111
22:04:21,300u,cartservice-7c84fdfb6-m5m6d,3,188
22:04:21,300u,cartservice-7c84fdfb6-rrqpp,3,115
22:04:21,300u,checkoutservice-5b6d96c9b7-45rkr,1,38
22:04:21,300u,checkoutservice-5b6d96c9b7-jbfvs,1,16
22:04:21,300u,checkoutservice-5b6d96c9b7-zvd4c,1,21
22:04:21,300u,currencyservice-7c8fc8fc9c-4hm9g,2,117
22:04:21,300u,currencyservice-7c8fc8fc9c-5frj9,4,86
22:04:21,300u,currencyservice-7c8fc8fc9c-mgwx9,4,69
22:04:21,300u,emailservice-66944ff59-2lcjl,5,95
22:04:21,300u,emailservice-66944ff59-c4g5x,5,56
22:04:21,300u,emailservice-66944ff59-hrmjl,4,56
22:04:21,300u,frontend-7bd6f45654-przgb,1,33
22:04:21,300u,frontend-7bd6f45654-s2s7z,1,55
22:04:21,300u,frontend-7bd6f45654-vfxkp,1,34
22:04:21,300u,paymentservice-9bfb7bf5-6hckw,2,67
22:04:21,300u,paymentservice-9bfb7bf5-75nf7,1,101
22:04:21,300u,paymentservice-9bfb7bf5-kgd56,1,112
22:04:21,300u,productcatalogservice-65bbf699df-7w28t,1,21
22:04:21,300u,productcatalogservice-65bbf699df-j2fmg,1,44
22:04:21,300u,productcatalogservice-65bbf699df-qntf5,1,22
22:04:21,300u,recommendationservice-7444754ff5-d8g8j,5,51
22:04:21,300u,recommendationservice-7444754ff5-n8cbh,3,81
22:04:21,300u,recommendationservice-7444754ff5-pwgrt,5,55
22:04:21,300u,redis-cart-c8ff86559-kcf44,3,37
22:04:21,300u,shippingservice-f956b6d9f-nvkxm,1,15
22:04:21,300u,shippingservice-f956b6d9f-pkw7l,1,16
22:04:21,300u,shippingservice-f956b6d9f-w7n4b,1,32
22:04:23,300u,adservice-574bff445c-6mj7s,4,195
22:04:23,300u,adservice-574bff445c-dwnqt,4,252
22:04:23,300u,adservice-574bff445c-qb9cj,2,267
22:04:23,300u,cartservice-7c84fdfb6-gvdl7,3,111
22:04:23,300u,cartservice-7c84fdfb6-m5m6d,3,188
22:04:23,300u,cartservice-7c84fdfb6-rrqpp,3,115
22:04:23,300u,checkoutservice-5b6d96c9b7-45rkr,1,38
22:04:23,300u,checkoutservice-5b6d96c9b7-jbfvs,1,16
22:04:23,300u,checkoutservice-5b6d96c9b7-zvd4c,1,21
22:04:23,300u,currencyservice-7c8fc8fc9c-4hm9g,2,117
22:04:23,300u,currencyservice-7c8fc8fc9c-5frj9,4,86
22:04:23,300u,currencyservice-7c8fc8fc9c-mgwx9,4,69
22:04:23,300u,emailservice-66944ff59-2lcjl,5,95
22:04:23,300u,emailservice-66944ff59-c4g5x,5,56
22:04:23,300u,emailservice-66944ff59-hrmjl,4,56
22:04:23,300u,frontend-7bd6f45654-przgb,1,33
22:04:23,300u,frontend-7bd6f45654-s2s7z,1,55
22:04:23,300u,frontend-7bd6f45654-vfxkp,1,34
22:04:23,300u,paymentservice-9bfb7bf5-6hckw,2,67
22:04:23,300u,paymentservice-9bfb7bf5-75nf7,1,101
22:04:23,300u,paymentservice-9bfb7bf5-kgd56,1,112
22:04:23,300u,productcatalogservice-65bbf699df-7w28t,1,21
22:04:23,300u,productcatalogservice-65bbf699df-j2fmg,1,44
22:04:23,300u,productcatalogservice-65bbf699df-qntf5,1,22
22:04:23,300u,recommendationservice-7444754ff5-d8g8j,5,51
22:04:23,300u,recommendationservice-7444754ff5-n8cbh,3,81
22:04:23,300u,recommendationservice-7444754ff5-pwgrt,5,55
22:04:23,300u,redis-cart-c8ff86559-kcf44,3,37
22:04:23,300u,shippingservice-f956b6d9f-nvkxm,1,15
22:04:23,300u,shippingservice-f956b6d9f-pkw7l,1,16
22:04:23,300u,shippingservice-f956b6d9f-w7n4b,1,32
22:04:28,300u,adservice-574bff445c-6mj7s,4,195
22:04:28,300u,adservice-574bff445c-dwnqt,4,252
22:04:28,300u,adservice-574bff445c-qb9cj,2,267
22:04:28,300u,cartservice-7c84fdfb6-gvdl7,3,111
22:04:28,300u,cartservice-7c84fdfb6-m5m6d,3,188
22:04:28,300u,cartservice-7c84fdfb6-rrqpp,3,115
22:04:28,300u,checkoutservice-5b6d96c9b7-45rkr,1,38
22:04:28,300u,checkoutservice-5b6d96c9b7-jbfvs,1,16
22:04:28,300u,checkoutservice-5b6d96c9b7-zvd4c,1,21
22:04:28,300u,currencyservice-7c8fc8fc9c-4hm9g,2,117
22:04:28,300u,currencyservice-7c8fc8fc9c-5frj9,4,86
22:04:28,300u,currencyservice-7c8fc8fc9c-mgwx9,4,69
22:04:28,300u,emailservice-66944ff59-2lcjl,5,95
22:04:28,300u,emailservice-66944ff59-c4g5x,5,56
22:04:28,300u,emailservice-66944ff59-hrmjl,4,56
22:04:28,300u,frontend-7bd6f45654-przgb,1,33
22:04:28,300u,frontend-7bd6f45654-s2s7z,1,55
22:04:28,300u,frontend-7bd6f45654-vfxkp,1,34
22:04:28,300u,paymentservice-9bfb7bf5-6hckw,2,67
22:04:28,300u,paymentservice-9bfb7bf5-75nf7,1,101
22:04:28,300u,paymentservice-9bfb7bf5-kgd56,1,112
22:04:28,300u,productcatalogservice-65bbf699df-7w28t,1,21
22:04:28,300u,productcatalogservice-65bbf699df-j2fmg,1,44
22:04:28,300u,productcatalogservice-65bbf699df-qntf5,1,22
22:04:28,300u,recommendationservice-7444754ff5-d8g8j,5,51
22:04:28,300u,recommendationservice-7444754ff5-n8cbh,3,81
22:04:28,300u,recommendationservice-7444754ff5-pwgrt,5,55
22:04:28,300u,redis-cart-c8ff86559-kcf44,3,37
22:04:28,300u,shippingservice-f956b6d9f-nvkxm,1,15
22:04:28,300u,shippingservice-f956b6d9f-pkw7l,1,16
22:04:28,300u,shippingservice-f956b6d9f-w7n4b,1,32
22:04:31,300u,adservice-574bff445c-6mj7s,4,195
22:04:31,300u,adservice-574bff445c-dwnqt,4,252
22:04:31,300u,adservice-574bff445c-qb9cj,2,267
22:04:31,300u,cartservice-7c84fdfb6-gvdl7,3,111
22:04:31,300u,cartservice-7c84fdfb6-m5m6d,3,188
22:04:31,300u,cartservice-7c84fdfb6-rrqpp,3,115
22:04:31,300u,checkoutservice-5b6d96c9b7-45rkr,1,38
22:04:31,300u,checkoutservice-5b6d96c9b7-jbfvs,1,16
22:04:31,300u,checkoutservice-5b6d96c9b7-zvd4c,1,21
22:04:31,300u,currencyservice-7c8fc8fc9c-4hm9g,2,117
22:04:31,300u,currencyservice-7c8fc8fc9c-5frj9,4,86
22:04:31,300u,currencyservice-7c8fc8fc9c-mgwx9,4,69
22:04:31,300u,emailservice-66944ff59-2lcjl,5,95
22:04:31,300u,emailservice-66944ff59-c4g5x,5,56
22:04:31,300u,emailservice-66944ff59-hrmjl,4,56
22:04:31,300u,frontend-7bd6f45654-przgb,1,33
22:04:31,300u,frontend-7bd6f45654-s2s7z,1,55
22:04:31,300u,frontend-7bd6f45654-vfxkp,1,34
22:04:31,300u,paymentservice-9bfb7bf5-6hckw,2,67
22:04:31,300u,paymentservice-9bfb7bf5-75nf7,1,101
22:04:31,300u,paymentservice-9bfb7bf5-kgd56,1,112
22:04:31,300u,productcatalogservice-65bbf699df-7w28t,1,21
22:04:31,300u,productcatalogservice-65bbf699df-j2fmg,1,44
22:04:31,300u,productcatalogservice-65bbf699df-qntf5,1,22
22:04:31,300u,recommendationservice-7444754ff5-d8g8j,5,51
22:04:31,300u,recommendationservice-7444754ff5-n8cbh,3,81
22:04:31,300u,recommendationservice-7444754ff5-pwgrt,5,55
22:04:31,300u,redis-cart-c8ff86559-kcf44,3,37
22:04:31,300u,shippingservice-f956b6d9f-nvkxm,1,15
22:04:31,300u,shippingservice-f956b6d9f-pkw7l,1,16
22:04:31,300u,shippingservice-f956b6d9f-w7n4b,1,32
22:04:34,300u,adservice-574bff445c-6mj7s,4,195
22:04:34,300u,adservice-574bff445c-dwnqt,4,252
22:04:34,300u,adservice-574bff445c-qb9cj,2,267
22:04:34,300u,cartservice-7c84fdfb6-gvdl7,3,111
22:04:34,300u,cartservice-7c84fdfb6-m5m6d,3,188
22:04:34,300u,cartservice-7c84fdfb6-rrqpp,3,115
22:04:34,300u,checkoutservice-5b6d96c9b7-45rkr,1,38
22:04:34,300u,checkoutservice-5b6d96c9b7-jbfvs,1,16
22:04:34,300u,checkoutservice-5b6d96c9b7-zvd4c,1,21
22:04:34,300u,currencyservice-7c8fc8fc9c-4hm9g,2,117
22:04:34,300u,currencyservice-7c8fc8fc9c-5frj9,4,86
22:04:34,300u,currencyservice-7c8fc8fc9c-mgwx9,4,69
22:04:34,300u,emailservice-66944ff59-2lcjl,5,95
22:04:34,300u,emailservice-66944ff59-c4g5x,5,56
22:04:34,300u,emailservice-66944ff59-hrmjl,4,56
22:04:34,300u,frontend-7bd6f45654-przgb,1,33
22:04:34,300u,frontend-7bd6f45654-s2s7z,1,55
22:04:34,300u,frontend-7bd6f45654-vfxkp,1,34
22:04:34,300u,paymentservice-9bfb7bf5-6hckw,2,67
22:04:34,300u,paymentservice-9bfb7bf5-75nf7,1,101
22:04:34,300u,paymentservice-9bfb7bf5-kgd56,1,112
22:04:34,300u,productcatalogservice-65bbf699df-7w28t,1,21
22:04:34,300u,productcatalogservice-65bbf699df-j2fmg,1,44
22:04:34,300u,productcatalogservice-65bbf699df-qntf5,1,22
22:04:34,300u,recommendationservice-7444754ff5-d8g8j,5,51
22:04:34,300u,recommendationservice-7444754ff5-n8cbh,3,81
22:04:34,300u,recommendationservice-7444754ff5-pwgrt,5,55
22:04:34,300u,redis-cart-c8ff86559-kcf44,3,37
22:04:34,300u,shippingservice-f956b6d9f-nvkxm,1,15
22:04:34,300u,shippingservice-f956b6d9f-pkw7l,1,16
22:04:34,300u,shippingservice-f956b6d9f-w7n4b,1,32
22:04:38,300u,adservice-574bff445c-6mj7s,3,195
22:04:38,300u,adservice-574bff445c-dwnqt,3,252
22:04:38,300u,adservice-574bff445c-qb9cj,3,267
22:04:38,300u,cartservice-7c84fdfb6-gvdl7,2,111
22:04:38,300u,cartservice-7c84fdfb6-m5m6d,3,188
22:04:38,300u,cartservice-7c84fdfb6-rrqpp,2,115
22:04:38,300u,checkoutservice-5b6d96c9b7-45rkr,1,38
22:04:38,300u,checkoutservice-5b6d96c9b7-jbfvs,1,16
22:04:38,300u,checkoutservice-5b6d96c9b7-zvd4c,1,21
22:04:38,300u,currencyservice-7c8fc8fc9c-4hm9g,2,117
22:04:38,300u,currencyservice-7c8fc8fc9c-5frj9,2,86
22:04:38,300u,currencyservice-7c8fc8fc9c-mgwx9,4,69
22:04:38,300u,emailservice-66944ff59-2lcjl,5,95
22:04:38,300u,emailservice-66944ff59-c4g5x,4,56
22:04:38,300u,emailservice-66944ff59-hrmjl,4,56
22:04:38,300u,frontend-7bd6f45654-przgb,1,33
22:04:38,300u,frontend-7bd6f45654-s2s7z,1,55
22:04:38,300u,frontend-7bd6f45654-vfxkp,1,34
22:04:38,300u,paymentservice-9bfb7bf5-6hckw,1,67
22:04:38,300u,paymentservice-9bfb7bf5-75nf7,1,101
22:04:38,300u,paymentservice-9bfb7bf5-kgd56,1,112
22:04:38,300u,productcatalogservice-65bbf699df-7w28t,1,21
22:04:38,300u,productcatalogservice-65bbf699df-j2fmg,1,44
22:04:38,300u,productcatalogservice-65bbf699df-qntf5,1,22
22:04:38,300u,recommendationservice-7444754ff5-d8g8j,4,51
22:04:38,300u,recommendationservice-7444754ff5-n8cbh,4,81
22:04:38,300u,recommendationservice-7444754ff5-pwgrt,4,55
22:04:38,300u,redis-cart-c8ff86559-kcf44,3,37
22:04:38,300u,shippingservice-f956b6d9f-nvkxm,1,15
22:04:38,300u,shippingservice-f956b6d9f-pkw7l,3,16
22:04:38,300u,shippingservice-f956b6d9f-w7n4b,1,32
22:04:41,300u,adservice-574bff445c-6mj7s,3,195
22:04:41,300u,adservice-574bff445c-dwnqt,3,252
22:04:41,300u,adservice-574bff445c-qb9cj,3,267
22:04:41,300u,cartservice-7c84fdfb6-gvdl7,2,111
22:04:41,300u,cartservice-7c84fdfb6-m5m6d,3,188
22:04:41,300u,cartservice-7c84fdfb6-rrqpp,2,115
22:04:41,300u,checkoutservice-5b6d96c9b7-45rkr,1,38
22:04:41,300u,checkoutservice-5b6d96c9b7-jbfvs,1,16
22:04:41,300u,checkoutservice-5b6d96c9b7-zvd4c,1,21
22:04:41,300u,currencyservice-7c8fc8fc9c-4hm9g,2,117
22:04:41,300u,currencyservice-7c8fc8fc9c-5frj9,2,86
22:04:41,300u,currencyservice-7c8fc8fc9c-mgwx9,4,69
22:04:41,300u,emailservice-66944ff59-2lcjl,5,95
22:04:41,300u,emailservice-66944ff59-c4g5x,4,56
22:04:41,300u,emailservice-66944ff59-hrmjl,4,56
22:04:41,300u,frontend-7bd6f45654-przgb,1,33
22:04:41,300u,frontend-7bd6f45654-s2s7z,1,55
22:04:41,300u,frontend-7bd6f45654-vfxkp,1,34
22:04:41,300u,paymentservice-9bfb7bf5-6hckw,1,67
22:04:41,300u,paymentservice-9bfb7bf5-75nf7,1,101
22:04:41,300u,paymentservice-9bfb7bf5-kgd56,1,112
22:04:41,300u,productcatalogservice-65bbf699df-7w28t,1,21
22:04:41,300u,productcatalogservice-65bbf699df-j2fmg,1,44
22:04:41,300u,productcatalogservice-65bbf699df-qntf5,1,22
22:04:41,300u,recommendationservice-7444754ff5-d8g8j,4,51
22:04:41,300u,recommendationservice-7444754ff5-n8cbh,4,81
22:04:41,300u,recommendationservice-7444754ff5-pwgrt,4,55
22:04:41,300u,redis-cart-c8ff86559-kcf44,3,37
22:04:41,300u,shippingservice-f956b6d9f-nvkxm,1,15
22:04:41,300u,shippingservice-f956b6d9f-pkw7l,3,16
22:04:41,300u,shippingservice-f956b6d9f-w7n4b,1,32
22:04:44,300u,adservice-574bff445c-6mj7s,3,195
22:04:44,300u,adservice-574bff445c-dwnqt,3,252
22:04:44,300u,adservice-574bff445c-qb9cj,3,267
22:04:44,300u,cartservice-7c84fdfb6-gvdl7,2,111
22:04:44,300u,cartservice-7c84fdfb6-m5m6d,3,188
22:04:44,300u,cartservice-7c84fdfb6-rrqpp,2,115
22:04:44,300u,checkoutservice-5b6d96c9b7-45rkr,1,38
22:04:44,300u,checkoutservice-5b6d96c9b7-jbfvs,1,16
22:04:44,300u,checkoutservice-5b6d96c9b7-zvd4c,1,21
22:04:44,300u,currencyservice-7c8fc8fc9c-4hm9g,2,117
22:04:44,300u,currencyservice-7c8fc8fc9c-5frj9,2,86
22:04:44,300u,currencyservice-7c8fc8fc9c-mgwx9,4,69
22:04:44,300u,emailservice-66944ff59-2lcjl,5,95
22:04:44,300u,emailservice-66944ff59-c4g5x,4,56
22:04:44,300u,emailservice-66944ff59-hrmjl,4,56
22:04:44,300u,frontend-7bd6f45654-przgb,1,33
22:04:44,300u,frontend-7bd6f45654-s2s7z,1,55
22:04:44,300u,frontend-7bd6f45654-vfxkp,1,34
22:04:44,300u,paymentservice-9bfb7bf5-6hckw,1,67
22:04:44,300u,paymentservice-9bfb7bf5-75nf7,1,101
22:04:44,300u,paymentservice-9bfb7bf5-kgd56,1,112
22:04:44,300u,productcatalogservice-65bbf699df-7w28t,1,21
22:04:44,300u,productcatalogservice-65bbf699df-j2fmg,1,44
22:04:44,300u,productcatalogservice-65bbf699df-qntf5,1,22
22:04:44,300u,recommendationservice-7444754ff5-d8g8j,4,51
22:04:44,300u,recommendationservice-7444754ff5-n8cbh,4,81
22:04:44,300u,recommendationservice-7444754ff5-pwgrt,4,55
22:04:44,300u,redis-cart-c8ff86559-kcf44,3,37
22:04:44,300u,shippingservice-f956b6d9f-nvkxm,1,15
22:04:44,300u,shippingservice-f956b6d9f-pkw7l,3,16
22:04:44,300u,shippingservice-f956b6d9f-w7n4b,1,32
22:04:48,300u,adservice-574bff445c-6mj7s,3,195
22:04:48,300u,adservice-574bff445c-dwnqt,3,252
22:04:48,300u,adservice-574bff445c-qb9cj,3,267
22:04:48,300u,cartservice-7c84fdfb6-gvdl7,2,111
22:04:48,300u,cartservice-7c84fdfb6-m5m6d,3,188
22:04:48,300u,cartservice-7c84fdfb6-rrqpp,2,115
22:04:48,300u,checkoutservice-5b6d96c9b7-45rkr,1,38
22:04:48,300u,checkoutservice-5b6d96c9b7-jbfvs,1,16
22:04:48,300u,checkoutservice-5b6d96c9b7-zvd4c,1,21
22:04:48,300u,currencyservice-7c8fc8fc9c-4hm9g,2,117
22:04:48,300u,currencyservice-7c8fc8fc9c-5frj9,2,86
22:04:48,300u,currencyservice-7c8fc8fc9c-mgwx9,4,69
22:04:48,300u,emailservice-66944ff59-2lcjl,5,95
22:04:48,300u,emailservice-66944ff59-c4g5x,4,56
22:04:48,300u,emailservice-66944ff59-hrmjl,4,56
22:04:48,300u,frontend-7bd6f45654-przgb,1,33
22:04:48,300u,frontend-7bd6f45654-s2s7z,1,55
22:04:48,300u,frontend-7bd6f45654-vfxkp,1,34
22:04:48,300u,paymentservice-9bfb7bf5-6hckw,1,67
22:04:48,300u,paymentservice-9bfb7bf5-75nf7,1,101
22:04:48,300u,paymentservice-9bfb7bf5-kgd56,1,112
22:04:48,300u,productcatalogservice-65bbf699df-7w28t,1,21
22:04:48,300u,productcatalogservice-65bbf699df-j2fmg,1,44
22:04:48,300u,productcatalogservice-65bbf699df-qntf5,1,22
22:04:48,300u,recommendationservice-7444754ff5-d8g8j,4,51
22:04:48,300u,recommendationservice-7444754ff5-n8cbh,4,81
22:04:48,300u,recommendationservice-7444754ff5-pwgrt,4,55
22:04:48,300u,redis-cart-c8ff86559-kcf44,3,37
22:04:48,300u,shippingservice-f956b6d9f-nvkxm,1,15
22:04:48,300u,shippingservice-f956b6d9f-pkw7l,3,16
22:04:48,300u,shippingservice-f956b6d9f-w7n4b,1,32
22:04:51,300u,adservice-574bff445c-6mj7s,3,195
22:04:51,300u,adservice-574bff445c-dwnqt,2,252
22:04:51,300u,adservice-574bff445c-qb9cj,2,267
22:04:51,300u,cartservice-7c84fdfb6-gvdl7,3,111
22:04:51,300u,cartservice-7c84fdfb6-m5m6d,2,188
22:04:51,300u,cartservice-7c84fdfb6-rrqpp,3,115
22:04:51,300u,checkoutservice-5b6d96c9b7-45rkr,1,38
22:04:51,300u,checkoutservice-5b6d96c9b7-jbfvs,1,16
22:04:51,300u,checkoutservice-5b6d96c9b7-zvd4c,1,21
22:04:51,300u,currencyservice-7c8fc8fc9c-4hm9g,2,117
22:04:51,300u,currencyservice-7c8fc8fc9c-5frj9,3,86
22:04:51,300u,currencyservice-7c8fc8fc9c-mgwx9,3,69
22:04:51,300u,emailservice-66944ff59-2lcjl,5,95
22:04:51,300u,emailservice-66944ff59-c4g5x,4,56
22:04:51,300u,emailservice-66944ff59-hrmjl,3,56
22:04:51,300u,frontend-7bd6f45654-przgb,1,33
22:04:51,300u,frontend-7bd6f45654-s2s7z,1,55
22:04:51,300u,frontend-7bd6f45654-vfxkp,1,34
22:04:51,300u,paymentservice-9bfb7bf5-6hckw,1,67
22:04:51,300u,paymentservice-9bfb7bf5-75nf7,1,101
22:04:51,300u,paymentservice-9bfb7bf5-kgd56,1,112
22:04:51,300u,productcatalogservice-65bbf699df-7w28t,1,21
22:04:51,300u,productcatalogservice-65bbf699df-j2fmg,1,44
22:04:51,300u,productcatalogservice-65bbf699df-qntf5,1,22
22:04:51,300u,recommendationservice-7444754ff5-d8g8j,4,51
22:04:51,300u,recommendationservice-7444754ff5-n8cbh,4,81
22:04:51,300u,recommendationservice-7444754ff5-pwgrt,3,55
22:04:51,300u,redis-cart-c8ff86559-kcf44,3,37
22:04:51,300u,shippingservice-f956b6d9f-nvkxm,1,15
22:04:51,300u,shippingservice-f956b6d9f-pkw7l,1,16
22:04:51,300u,shippingservice-f956b6d9f-w7n4b,3,32
22:04:54,300u,adservice-574bff445c-6mj7s,3,195
22:04:54,300u,adservice-574bff445c-dwnqt,2,252
22:04:54,300u,adservice-574bff445c-qb9cj,2,267
22:04:54,300u,cartservice-7c84fdfb6-gvdl7,3,111
22:04:54,300u,cartservice-7c84fdfb6-m5m6d,2,188
22:04:54,300u,cartservice-7c84fdfb6-rrqpp,3,115
22:04:54,300u,checkoutservice-5b6d96c9b7-45rkr,1,38
22:04:54,300u,checkoutservice-5b6d96c9b7-jbfvs,1,16
22:04:54,300u,checkoutservice-5b6d96c9b7-zvd4c,1,21
22:04:54,300u,currencyservice-7c8fc8fc9c-4hm9g,2,117
22:04:54,300u,currencyservice-7c8fc8fc9c-5frj9,3,86
22:04:54,300u,currencyservice-7c8fc8fc9c-mgwx9,3,69
22:04:54,300u,emailservice-66944ff59-2lcjl,5,95
22:04:54,300u,emailservice-66944ff59-c4g5x,4,56
22:04:54,300u,emailservice-66944ff59-hrmjl,3,56
22:04:54,300u,frontend-7bd6f45654-przgb,1,33
22:04:54,300u,frontend-7bd6f45654-s2s7z,1,55
22:04:54,300u,frontend-7bd6f45654-vfxkp,1,34
22:04:54,300u,paymentservice-9bfb7bf5-6hckw,1,67
22:04:54,300u,paymentservice-9bfb7bf5-75nf7,1,101
22:04:54,300u,paymentservice-9bfb7bf5-kgd56,1,112
22:04:54,300u,productcatalogservice-65bbf699df-7w28t,1,21
22:04:54,300u,productcatalogservice-65bbf699df-j2fmg,1,44
22:04:54,300u,productcatalogservice-65bbf699df-qntf5,1,22
22:04:54,300u,recommendationservice-7444754ff5-d8g8j,4,51
22:04:54,300u,recommendationservice-7444754ff5-n8cbh,4,81
22:04:54,300u,recommendationservice-7444754ff5-pwgrt,3,55
22:04:54,300u,redis-cart-c8ff86559-kcf44,3,37
22:04:54,300u,shippingservice-f956b6d9f-nvkxm,1,15
22:04:54,300u,shippingservice-f956b6d9f-pkw7l,1,16
22:04:54,300u,shippingservice-f956b6d9f-w7n4b,3,32
22:04:59,400u,adservice-574bff445c-6mj7s,3,195
22:04:59,400u,adservice-574bff445c-dwnqt,2,252
22:04:59,400u,adservice-574bff445c-qb9cj,2,267
22:04:59,400u,cartservice-7c84fdfb6-gvdl7,3,111
22:04:59,400u,cartservice-7c84fdfb6-m5m6d,2,188
22:04:59,400u,cartservice-7c84fdfb6-rrqpp,3,115
22:04:59,400u,checkoutservice-5b6d96c9b7-45rkr,1,38
22:04:59,400u,checkoutservice-5b6d96c9b7-jbfvs,1,16
22:04:59,400u,checkoutservice-5b6d96c9b7-zvd4c,1,21
22:04:59,400u,currencyservice-7c8fc8fc9c-4hm9g,2,117
22:04:59,400u,currencyservice-7c8fc8fc9c-5frj9,3,86
22:04:59,400u,currencyservice-7c8fc8fc9c-mgwx9,3,69
22:04:59,400u,emailservice-66944ff59-2lcjl,5,95
22:04:59,400u,emailservice-66944ff59-c4g5x,4,56
22:04:59,400u,emailservice-66944ff59-hrmjl,3,56
22:04:59,400u,frontend-7bd6f45654-przgb,1,33
22:04:59,400u,frontend-7bd6f45654-s2s7z,1,55
22:04:59,400u,frontend-7bd6f45654-vfxkp,1,34
22:04:59,400u,paymentservice-9bfb7bf5-6hckw,1,67
22:04:59,400u,paymentservice-9bfb7bf5-75nf7,1,101
22:04:59,400u,paymentservice-9bfb7bf5-kgd56,1,112
22:04:59,400u,productcatalogservice-65bbf699df-7w28t,1,21
22:04:59,400u,productcatalogservice-65bbf699df-j2fmg,1,44
22:04:59,400u,productcatalogservice-65bbf699df-qntf5,1,22
22:04:59,400u,recommendationservice-7444754ff5-d8g8j,4,51
22:04:59,400u,recommendationservice-7444754ff5-n8cbh,4,81
22:04:59,400u,recommendationservice-7444754ff5-pwgrt,3,55
22:04:59,400u,redis-cart-c8ff86559-kcf44,3,37
22:04:59,400u,shippingservice-f956b6d9f-nvkxm,1,15
22:04:59,400u,shippingservice-f956b6d9f-pkw7l,1,16
22:04:59,400u,shippingservice-f956b6d9f-w7n4b,3,32
22:05:01,400u,adservice-574bff445c-6mj7s,3,195
22:05:01,400u,adservice-574bff445c-dwnqt,2,252
22:05:01,400u,adservice-574bff445c-qb9cj,2,267
22:05:01,400u,cartservice-7c84fdfb6-gvdl7,3,111
22:05:01,400u,cartservice-7c84fdfb6-m5m6d,2,188
22:05:01,400u,cartservice-7c84fdfb6-rrqpp,3,115
22:05:01,400u,checkoutservice-5b6d96c9b7-45rkr,1,38
22:05:01,400u,checkoutservice-5b6d96c9b7-jbfvs,1,16
22:05:01,400u,checkoutservice-5b6d96c9b7-zvd4c,1,21
22:05:01,400u,currencyservice-7c8fc8fc9c-4hm9g,2,117
22:05:01,400u,currencyservice-7c8fc8fc9c-5frj9,3,86
22:05:01,400u,currencyservice-7c8fc8fc9c-mgwx9,3,69
22:05:01,400u,emailservice-66944ff59-2lcjl,5,95
22:05:01,400u,emailservice-66944ff59-c4g5x,4,56
22:05:01,400u,emailservice-66944ff59-hrmjl,3,56
22:05:01,400u,frontend-7bd6f45654-przgb,1,33
22:05:01,400u,frontend-7bd6f45654-s2s7z,1,55
22:05:01,400u,frontend-7bd6f45654-vfxkp,1,34
22:05:01,400u,paymentservice-9bfb7bf5-6hckw,1,67
22:05:01,400u,paymentservice-9bfb7bf5-75nf7,1,101
22:05:01,400u,paymentservice-9bfb7bf5-kgd56,1,112
22:05:01,400u,productcatalogservice-65bbf699df-7w28t,1,21
22:05:01,400u,productcatalogservice-65bbf699df-j2fmg,1,44
22:05:01,400u,productcatalogservice-65bbf699df-qntf5,1,22
22:05:01,400u,recommendationservice-7444754ff5-d8g8j,4,51
22:05:01,400u,recommendationservice-7444754ff5-n8cbh,4,81
22:05:01,400u,recommendationservice-7444754ff5-pwgrt,3,55
22:05:01,400u,redis-cart-c8ff86559-kcf44,3,37
22:05:01,400u,shippingservice-f956b6d9f-nvkxm,1,15
22:05:01,400u,shippingservice-f956b6d9f-pkw7l,1,16
22:05:01,400u,shippingservice-f956b6d9f-w7n4b,3,32
22:05:04,400u,adservice-574bff445c-6mj7s,3,195
22:05:04,400u,adservice-574bff445c-dwnqt,2,252
22:05:04,400u,adservice-574bff445c-qb9cj,2,267
22:05:04,400u,cartservice-7c84fdfb6-gvdl7,3,111
22:05:04,400u,cartservice-7c84fdfb6-m5m6d,2,188
22:05:04,400u,cartservice-7c84fdfb6-rrqpp,3,115
22:05:04,400u,checkoutservice-5b6d96c9b7-45rkr,1,38
22:05:04,400u,checkoutservice-5b6d96c9b7-jbfvs,1,16
22:05:04,400u,checkoutservice-5b6d96c9b7-zvd4c,1,21
22:05:04,400u,currencyservice-7c8fc8fc9c-4hm9g,2,117
22:05:04,400u,currencyservice-7c8fc8fc9c-5frj9,3,86
22:05:04,400u,currencyservice-7c8fc8fc9c-mgwx9,3,69
22:05:04,400u,emailservice-66944ff59-2lcjl,5,95
22:05:04,400u,emailservice-66944ff59-c4g5x,4,56
22:05:04,400u,emailservice-66944ff59-hrmjl,3,56
22:05:04,400u,frontend-7bd6f45654-przgb,1,33
22:05:04,400u,frontend-7bd6f45654-s2s7z,1,55
22:05:04,400u,frontend-7bd6f45654-vfxkp,1,34
22:05:04,400u,paymentservice-9bfb7bf5-6hckw,1,67
22:05:04,400u,paymentservice-9bfb7bf5-75nf7,1,101
22:05:04,400u,paymentservice-9bfb7bf5-kgd56,1,112
22:05:04,400u,productcatalogservice-65bbf699df-7w28t,1,21
22:05:04,400u,productcatalogservice-65bbf699df-j2fmg,1,44
22:05:04,400u,productcatalogservice-65bbf699df-qntf5,1,22
22:05:04,400u,recommendationservice-7444754ff5-d8g8j,4,51
22:05:04,400u,recommendationservice-7444754ff5-n8cbh,4,81
22:05:04,400u,recommendationservice-7444754ff5-pwgrt,3,55
22:05:04,400u,redis-cart-c8ff86559-kcf44,3,37
22:05:04,400u,shippingservice-f956b6d9f-nvkxm,1,15
22:05:04,400u,shippingservice-f956b6d9f-pkw7l,1,16
22:05:04,400u,shippingservice-f956b6d9f-w7n4b,3,32
22:05:09,400u,adservice-574bff445c-6mj7s,3,195
22:05:09,400u,adservice-574bff445c-dwnqt,17,250
22:05:09,400u,adservice-574bff445c-qb9cj,7,267
22:05:09,400u,cartservice-7c84fdfb6-gvdl7,1,111
22:05:09,400u,cartservice-7c84fdfb6-m5m6d,17,188
22:05:09,400u,cartservice-7c84fdfb6-rrqpp,1,115
22:05:09,400u,checkoutservice-5b6d96c9b7-45rkr,2,39
22:05:09,400u,checkoutservice-5b6d96c9b7-jbfvs,1,16
22:05:09,400u,checkoutservice-5b6d96c9b7-zvd4c,2,21
22:05:09,400u,currencyservice-7c8fc8fc9c-4hm9g,34,117
22:05:09,400u,currencyservice-7c8fc8fc9c-5frj9,1,86
22:05:09,400u,currencyservice-7c8fc8fc9c-mgwx9,2,69
22:05:09,400u,emailservice-66944ff59-2lcjl,4,95
22:05:09,400u,emailservice-66944ff59-c4g5x,4,56
22:05:09,400u,emailservice-66944ff59-hrmjl,3,56
22:05:09,400u,frontend-7bd6f45654-przgb,13,30
22:05:09,400u,frontend-7bd6f45654-s2s7z,12,52
22:05:09,400u,frontend-7bd6f45654-vfxkp,20,31
22:05:09,400u,paymentservice-9bfb7bf5-6hckw,4,67
22:05:09,400u,paymentservice-9bfb7bf5-75nf7,1,101
22:05:09,400u,paymentservice-9bfb7bf5-kgd56,3,112
22:05:09,400u,productcatalogservice-65bbf699df-7w28t,1,21
22:05:09,400u,productcatalogservice-65bbf699df-j2fmg,12,44
22:05:09,400u,productcatalogservice-65bbf699df-qntf5,8,22
22:05:09,400u,recommendationservice-7444754ff5-d8g8j,4,51
22:05:09,400u,recommendationservice-7444754ff5-n8cbh,21,81
22:05:09,400u,recommendationservice-7444754ff5-pwgrt,12,55
22:05:09,400u,redis-cart-c8ff86559-kcf44,4,37
22:05:09,400u,shippingservice-f956b6d9f-nvkxm,1,15
22:05:09,400u,shippingservice-f956b6d9f-pkw7l,1,16
22:05:09,400u,shippingservice-f956b6d9f-w7n4b,2,32
22:05:11,400u,adservice-574bff445c-6mj7s,3,195
22:05:11,400u,adservice-574bff445c-dwnqt,17,250
22:05:11,400u,adservice-574bff445c-qb9cj,7,267
22:05:11,400u,cartservice-7c84fdfb6-gvdl7,1,111
22:05:11,400u,cartservice-7c84fdfb6-m5m6d,17,188
22:05:11,400u,cartservice-7c84fdfb6-rrqpp,1,115
22:05:11,400u,checkoutservice-5b6d96c9b7-45rkr,2,39
22:05:11,400u,checkoutservice-5b6d96c9b7-jbfvs,1,16
22:05:11,400u,checkoutservice-5b6d96c9b7-zvd4c,2,21
22:05:11,400u,currencyservice-7c8fc8fc9c-4hm9g,34,117
22:05:11,400u,currencyservice-7c8fc8fc9c-5frj9,1,86
22:05:11,400u,currencyservice-7c8fc8fc9c-mgwx9,2,69
22:05:11,400u,emailservice-66944ff59-2lcjl,4,95
22:05:11,400u,emailservice-66944ff59-c4g5x,4,56
22:05:11,400u,emailservice-66944ff59-hrmjl,3,56
22:05:11,400u,frontend-7bd6f45654-przgb,13,30
22:05:11,400u,frontend-7bd6f45654-s2s7z,12,52
22:05:11,400u,frontend-7bd6f45654-vfxkp,20,31
22:05:11,400u,paymentservice-9bfb7bf5-6hckw,4,67
22:05:11,400u,paymentservice-9bfb7bf5-75nf7,1,101
22:05:11,400u,paymentservice-9bfb7bf5-kgd56,3,112
22:05:11,400u,productcatalogservice-65bbf699df-7w28t,1,21
22:05:11,400u,productcatalogservice-65bbf699df-j2fmg,12,44
22:05:11,400u,productcatalogservice-65bbf699df-qntf5,8,22
22:05:11,400u,recommendationservice-7444754ff5-d8g8j,4,51
22:05:11,400u,recommendationservice-7444754ff5-n8cbh,21,81
22:05:11,400u,recommendationservice-7444754ff5-pwgrt,12,55
22:05:11,400u,redis-cart-c8ff86559-kcf44,4,37
22:05:11,400u,shippingservice-f956b6d9f-nvkxm,1,15
22:05:11,400u,shippingservice-f956b6d9f-pkw7l,1,16
22:05:11,400u,shippingservice-f956b6d9f-w7n4b,2,32
22:05:14,400u,adservice-574bff445c-6mj7s,3,195
22:05:14,400u,adservice-574bff445c-dwnqt,17,250
22:05:14,400u,adservice-574bff445c-qb9cj,7,267
22:05:14,400u,cartservice-7c84fdfb6-gvdl7,1,111
22:05:14,400u,cartservice-7c84fdfb6-m5m6d,17,188
22:05:14,400u,cartservice-7c84fdfb6-rrqpp,1,115
22:05:14,400u,checkoutservice-5b6d96c9b7-45rkr,2,39
22:05:14,400u,checkoutservice-5b6d96c9b7-jbfvs,1,16
22:05:14,400u,checkoutservice-5b6d96c9b7-zvd4c,2,21
22:05:14,400u,currencyservice-7c8fc8fc9c-4hm9g,34,117
22:05:14,400u,currencyservice-7c8fc8fc9c-5frj9,1,86
22:05:14,400u,currencyservice-7c8fc8fc9c-mgwx9,2,69
22:05:14,400u,emailservice-66944ff59-2lcjl,4,95
22:05:14,400u,emailservice-66944ff59-c4g5x,4,56
22:05:14,400u,emailservice-66944ff59-hrmjl,3,56
22:05:14,400u,frontend-7bd6f45654-przgb,13,30
22:05:14,400u,frontend-7bd6f45654-s2s7z,12,52
22:05:14,400u,frontend-7bd6f45654-vfxkp,20,31
22:05:14,400u,paymentservice-9bfb7bf5-6hckw,4,67
22:05:14,400u,paymentservice-9bfb7bf5-75nf7,1,101
22:05:14,400u,paymentservice-9bfb7bf5-kgd56,3,112
22:05:14,400u,productcatalogservice-65bbf699df-7w28t,1,21
22:05:14,400u,productcatalogservice-65bbf699df-j2fmg,12,44
22:05:14,400u,productcatalogservice-65bbf699df-qntf5,8,22
22:05:14,400u,recommendationservice-7444754ff5-d8g8j,4,51
22:05:14,400u,recommendationservice-7444754ff5-n8cbh,21,81
22:05:14,400u,recommendationservice-7444754ff5-pwgrt,12,55
22:05:14,400u,redis-cart-c8ff86559-kcf44,4,37
22:05:14,400u,shippingservice-f956b6d9f-nvkxm,1,15
22:05:14,400u,shippingservice-f956b6d9f-pkw7l,1,16
22:05:14,400u,shippingservice-f956b6d9f-w7n4b,2,32
22:05:19,400u,adservice-574bff445c-6mj7s,3,195
22:05:19,400u,adservice-574bff445c-dwnqt,17,250
22:05:19,400u,adservice-574bff445c-qb9cj,7,267
22:05:19,400u,cartservice-7c84fdfb6-gvdl7,1,111
22:05:19,400u,cartservice-7c84fdfb6-m5m6d,17,188
22:05:19,400u,cartservice-7c84fdfb6-rrqpp,1,115
22:05:19,400u,checkoutservice-5b6d96c9b7-45rkr,2,39
22:05:19,400u,checkoutservice-5b6d96c9b7-jbfvs,1,16
22:05:19,400u,checkoutservice-5b6d96c9b7-zvd4c,2,21
22:05:19,400u,currencyservice-7c8fc8fc9c-4hm9g,34,117
22:05:19,400u,currencyservice-7c8fc8fc9c-5frj9,1,86
22:05:19,400u,currencyservice-7c8fc8fc9c-mgwx9,2,69
22:05:19,400u,emailservice-66944ff59-2lcjl,4,95
22:05:19,400u,emailservice-66944ff59-c4g5x,4,56
22:05:19,400u,emailservice-66944ff59-hrmjl,3,56
22:05:19,400u,frontend-7bd6f45654-przgb,13,30
22:05:19,400u,frontend-7bd6f45654-s2s7z,12,52
22:05:19,400u,frontend-7bd6f45654-vfxkp,20,31
22:05:19,400u,paymentservice-9bfb7bf5-6hckw,4,67
22:05:19,400u,paymentservice-9bfb7bf5-75nf7,1,101
22:05:19,400u,paymentservice-9bfb7bf5-kgd56,3,112
22:05:19,400u,productcatalogservice-65bbf699df-7w28t,1,21
22:05:19,400u,productcatalogservice-65bbf699df-j2fmg,12,44
22:05:19,400u,productcatalogservice-65bbf699df-qntf5,8,22
22:05:19,400u,recommendationservice-7444754ff5-d8g8j,4,51
22:05:19,400u,recommendationservice-7444754ff5-n8cbh,21,81
22:05:19,400u,recommendationservice-7444754ff5-pwgrt,12,55
22:05:19,400u,redis-cart-c8ff86559-kcf44,4,37
22:05:19,400u,shippingservice-f956b6d9f-nvkxm,1,15
22:05:19,400u,shippingservice-f956b6d9f-pkw7l,1,16
22:05:19,400u,shippingservice-f956b6d9f-w7n4b,2,32
22:05:21,400u,adservice-574bff445c-6mj7s,3,195
22:05:21,400u,adservice-574bff445c-dwnqt,36,250
22:05:21,400u,adservice-574bff445c-qb9cj,13,267
22:05:21,400u,cartservice-7c84fdfb6-gvdl7,1,111
22:05:21,400u,cartservice-7c84fdfb6-m5m6d,79,186
22:05:21,400u,cartservice-7c84fdfb6-rrqpp,1,115
22:05:21,400u,checkoutservice-5b6d96c9b7-45rkr,10,38
22:05:21,400u,checkoutservice-5b6d96c9b7-jbfvs,1,16
22:05:21,400u,checkoutservice-5b6d96c9b7-zvd4c,7,21
22:05:21,400u,currencyservice-7c8fc8fc9c-4hm9g,156,120
22:05:21,400u,currencyservice-7c8fc8fc9c-5frj9,2,86
22:05:21,400u,currencyservice-7c8fc8fc9c-mgwx9,2,69
22:05:21,400u,emailservice-66944ff59-2lcjl,6,95
22:05:21,400u,emailservice-66944ff59-c4g5x,6,56
22:05:21,400u,emailservice-66944ff59-hrmjl,2,56
22:05:21,400u,frontend-7bd6f45654-przgb,76,30
22:05:21,400u,frontend-7bd6f45654-s2s7z,57,52
22:05:21,400u,frontend-7bd6f45654-vfxkp,106,31
22:05:21,400u,paymentservice-9bfb7bf5-6hckw,1,67
22:05:21,400u,paymentservice-9bfb7bf5-75nf7,1,101
22:05:21,400u,paymentservice-9bfb7bf5-kgd56,7,112
22:05:21,400u,productcatalogservice-65bbf699df-7w28t,1,21
22:05:21,400u,productcatalogservice-65bbf699df-j2fmg,61,44
22:05:21,400u,productcatalogservice-65bbf699df-qntf5,43,22
22:05:21,400u,recommendationservice-7444754ff5-d8g8j,2,51
22:05:21,400u,recommendationservice-7444754ff5-n8cbh,104,81
22:05:21,400u,recommendationservice-7444754ff5-pwgrt,56,55
22:05:21,400u,redis-cart-c8ff86559-kcf44,6,37
22:05:21,400u,shippingservice-f956b6d9f-nvkxm,1,15
22:05:21,400u,shippingservice-f956b6d9f-pkw7l,5,16
22:05:21,400u,shippingservice-f956b6d9f-w7n4b,12,32
22:05:24,400u,adservice-574bff445c-6mj7s,3,195
22:05:24,400u,adservice-574bff445c-dwnqt,36,250
22:05:24,400u,adservice-574bff445c-qb9cj,13,267
22:05:24,400u,cartservice-7c84fdfb6-gvdl7,1,111
22:05:24,400u,cartservice-7c84fdfb6-m5m6d,79,186
22:05:24,400u,cartservice-7c84fdfb6-rrqpp,1,115
22:05:24,400u,checkoutservice-5b6d96c9b7-45rkr,10,38
22:05:24,400u,checkoutservice-5b6d96c9b7-jbfvs,1,16
22:05:24,400u,checkoutservice-5b6d96c9b7-zvd4c,7,21
22:05:24,400u,currencyservice-7c8fc8fc9c-4hm9g,156,120
22:05:24,400u,currencyservice-7c8fc8fc9c-5frj9,2,86
22:05:24,400u,currencyservice-7c8fc8fc9c-mgwx9,2,69
22:05:24,400u,emailservice-66944ff59-2lcjl,6,95
22:05:24,400u,emailservice-66944ff59-c4g5x,6,56
22:05:24,400u,emailservice-66944ff59-hrmjl,2,56
22:05:24,400u,frontend-7bd6f45654-przgb,76,30
22:05:24,400u,frontend-7bd6f45654-s2s7z,57,52
22:05:24,400u,frontend-7bd6f45654-vfxkp,106,31
22:05:24,400u,paymentservice-9bfb7bf5-6hckw,1,67
22:05:24,400u,paymentservice-9bfb7bf5-75nf7,1,101
22:05:24,400u,paymentservice-9bfb7bf5-kgd56,7,112
22:05:24,400u,productcatalogservice-65bbf699df-7w28t,1,21
22:05:24,400u,productcatalogservice-65bbf699df-j2fmg,61,44
22:05:24,400u,productcatalogservice-65bbf699df-qntf5,43,22
22:05:24,400u,recommendationservice-7444754ff5-d8g8j,2,51
22:05:24,400u,recommendationservice-7444754ff5-n8cbh,104,81
22:05:24,400u,recommendationservice-7444754ff5-pwgrt,56,55
22:05:24,400u,redis-cart-c8ff86559-kcf44,6,37
22:05:24,400u,shippingservice-f956b6d9f-nvkxm,1,15
22:05:24,400u,shippingservice-f956b6d9f-pkw7l,5,16
22:05:24,400u,shippingservice-f956b6d9f-w7n4b,12,32
22:05:29,400u,adservice-574bff445c-6mj7s,3,195
22:05:29,400u,adservice-574bff445c-dwnqt,36,250
22:05:29,400u,adservice-574bff445c-qb9cj,13,267
22:05:29,400u,cartservice-7c84fdfb6-gvdl7,1,111
22:05:29,400u,cartservice-7c84fdfb6-m5m6d,79,186
22:05:29,400u,cartservice-7c84fdfb6-rrqpp,1,115
22:05:29,400u,checkoutservice-5b6d96c9b7-45rkr,10,38
22:05:29,400u,checkoutservice-5b6d96c9b7-jbfvs,1,16
22:05:29,400u,checkoutservice-5b6d96c9b7-zvd4c,7,21
22:05:29,400u,currencyservice-7c8fc8fc9c-4hm9g,156,120
22:05:29,400u,currencyservice-7c8fc8fc9c-5frj9,2,86
22:05:29,400u,currencyservice-7c8fc8fc9c-mgwx9,2,69
22:05:29,400u,emailservice-66944ff59-2lcjl,6,95
22:05:29,400u,emailservice-66944ff59-c4g5x,6,56
22:05:29,400u,emailservice-66944ff59-hrmjl,2,56
22:05:29,400u,frontend-7bd6f45654-przgb,76,30
22:05:29,400u,frontend-7bd6f45654-s2s7z,57,52
22:05:29,400u,frontend-7bd6f45654-vfxkp,106,31
22:05:29,400u,paymentservice-9bfb7bf5-6hckw,1,67
22:05:29,400u,paymentservice-9bfb7bf5-75nf7,1,101
22:05:29,400u,paymentservice-9bfb7bf5-kgd56,7,112
22:05:29,400u,productcatalogservice-65bbf699df-7w28t,1,21
22:05:29,400u,productcatalogservice-65bbf699df-j2fmg,61,44
22:05:29,400u,productcatalogservice-65bbf699df-qntf5,43,22
22:05:29,400u,recommendationservice-7444754ff5-d8g8j,2,51
22:05:29,400u,recommendationservice-7444754ff5-n8cbh,104,81
22:05:29,400u,recommendationservice-7444754ff5-pwgrt,56,55
22:05:29,400u,redis-cart-c8ff86559-kcf44,6,37
22:05:29,400u,shippingservice-f956b6d9f-nvkxm,1,15
22:05:29,400u,shippingservice-f956b6d9f-pkw7l,5,16
22:05:29,400u,shippingservice-f956b6d9f-w7n4b,12,32
22:05:31,400u,adservice-574bff445c-6mj7s,3,195
22:05:31,400u,adservice-574bff445c-dwnqt,36,250
22:05:31,400u,adservice-574bff445c-qb9cj,13,267
22:05:31,400u,cartservice-7c84fdfb6-gvdl7,1,111
22:05:31,400u,cartservice-7c84fdfb6-m5m6d,79,186
22:05:31,400u,cartservice-7c84fdfb6-rrqpp,1,115
22:05:31,400u,checkoutservice-5b6d96c9b7-45rkr,10,38
22:05:31,400u,checkoutservice-5b6d96c9b7-jbfvs,1,16
22:05:31,400u,checkoutservice-5b6d96c9b7-zvd4c,7,21
22:05:31,400u,currencyservice-7c8fc8fc9c-4hm9g,156,120
22:05:31,400u,currencyservice-7c8fc8fc9c-5frj9,2,86
22:05:31,400u,currencyservice-7c8fc8fc9c-mgwx9,2,69
22:05:31,400u,emailservice-66944ff59-2lcjl,6,95
22:05:31,400u,emailservice-66944ff59-c4g5x,6,56
22:05:31,400u,emailservice-66944ff59-hrmjl,2,56
22:05:31,400u,frontend-7bd6f45654-przgb,76,30
22:05:31,400u,frontend-7bd6f45654-s2s7z,57,52
22:05:31,400u,frontend-7bd6f45654-vfxkp,106,31
22:05:31,400u,paymentservice-9bfb7bf5-6hckw,1,67
22:05:31,400u,paymentservice-9bfb7bf5-75nf7,1,101
22:05:31,400u,paymentservice-9bfb7bf5-kgd56,7,112
22:05:31,400u,productcatalogservice-65bbf699df-7w28t,1,21
22:05:31,400u,productcatalogservice-65bbf699df-j2fmg,61,44
22:05:31,400u,productcatalogservice-65bbf699df-qntf5,43,22
22:05:31,400u,recommendationservice-7444754ff5-d8g8j,2,51
22:05:31,400u,recommendationservice-7444754ff5-n8cbh,104,81
22:05:31,400u,recommendationservice-7444754ff5-pwgrt,56,55
22:05:31,400u,redis-cart-c8ff86559-kcf44,6,37
22:05:31,400u,shippingservice-f956b6d9f-nvkxm,1,15
22:05:31,400u,shippingservice-f956b6d9f-pkw7l,5,16
22:05:31,400u,shippingservice-f956b6d9f-w7n4b,12,32
22:05:34,400u,adservice-574bff445c-6mj7s,3,195
22:05:34,400u,adservice-574bff445c-dwnqt,32,250
22:05:34,400u,adservice-574bff445c-qb9cj,14,267
22:05:34,400u,cartservice-7c84fdfb6-gvdl7,1,111
22:05:34,400u,cartservice-7c84fdfb6-m5m6d,72,186
22:05:34,400u,cartservice-7c84fdfb6-rrqpp,1,115
22:05:34,400u,checkoutservice-5b6d96c9b7-45rkr,12,38
22:05:34,400u,checkoutservice-5b6d96c9b7-jbfvs,1,16
22:05:34,400u,checkoutservice-5b6d96c9b7-zvd4c,10,21
22:05:34,400u,currencyservice-7c8fc8fc9c-4hm9g,140,122
22:05:34,400u,currencyservice-7c8fc8fc9c-5frj9,1,86
22:05:34,400u,currencyservice-7c8fc8fc9c-mgwx9,6,68
22:05:34,400u,emailservice-66944ff59-2lcjl,7,95
22:05:34,400u,emailservice-66944ff59-c4g5x,7,56
22:05:34,400u,emailservice-66944ff59-hrmjl,3,56
22:05:34,400u,frontend-7bd6f45654-przgb,70,28
22:05:34,400u,frontend-7bd6f45654-s2s7z,69,53
22:05:34,400u,frontend-7bd6f45654-vfxkp,102,30
22:05:34,400u,paymentservice-9bfb7bf5-6hckw,1,67
22:05:34,400u,paymentservice-9bfb7bf5-75nf7,1,101
22:05:34,400u,paymentservice-9bfb7bf5-kgd56,8,112
22:05:34,400u,productcatalogservice-65bbf699df-7w28t,1,21
22:05:34,400u,productcatalogservice-65bbf699df-j2fmg,61,44
22:05:34,400u,productcatalogservice-65bbf699df-qntf5,42,22
22:05:34,400u,recommendationservice-7444754ff5-d8g8j,3,51
22:05:34,400u,recommendationservice-7444754ff5-n8cbh,114,81
22:05:34,400u,recommendationservice-7444754ff5-pwgrt,53,55
22:05:34,400u,redis-cart-c8ff86559-kcf44,6,37
22:05:34,400u,shippingservice-f956b6d9f-nvkxm,1,15
22:05:34,400u,shippingservice-f956b6d9f-pkw7l,4,16
22:05:34,400u,shippingservice-f956b6d9f-w7n4b,14,32
22:05:39,400u,adservice-574bff445c-6mj7s,3,195
22:05:39,400u,adservice-574bff445c-dwnqt,32,250
22:05:39,400u,adservice-574bff445c-qb9cj,14,267
22:05:39,400u,cartservice-7c84fdfb6-gvdl7,1,111
22:05:39,400u,cartservice-7c84fdfb6-m5m6d,72,186
22:05:39,400u,cartservice-7c84fdfb6-rrqpp,1,115
22:05:39,400u,checkoutservice-5b6d96c9b7-45rkr,12,38
22:05:39,400u,checkoutservice-5b6d96c9b7-jbfvs,1,16
22:05:39,400u,checkoutservice-5b6d96c9b7-zvd4c,10,21
22:05:39,400u,currencyservice-7c8fc8fc9c-4hm9g,140,122
22:05:39,400u,currencyservice-7c8fc8fc9c-5frj9,1,86
22:05:39,400u,currencyservice-7c8fc8fc9c-mgwx9,6,68
22:05:39,400u,emailservice-66944ff59-2lcjl,7,95
22:05:39,400u,emailservice-66944ff59-c4g5x,7,56
22:05:39,400u,emailservice-66944ff59-hrmjl,3,56
22:05:39,400u,frontend-7bd6f45654-przgb,70,28
22:05:39,400u,frontend-7bd6f45654-s2s7z,69,53
22:05:39,400u,frontend-7bd6f45654-vfxkp,102,30
22:05:39,400u,paymentservice-9bfb7bf5-6hckw,1,67
22:05:39,400u,paymentservice-9bfb7bf5-75nf7,1,101
22:05:39,400u,paymentservice-9bfb7bf5-kgd56,8,112
22:05:39,400u,productcatalogservice-65bbf699df-7w28t,1,21
22:05:39,400u,productcatalogservice-65bbf699df-j2fmg,61,44
22:05:39,400u,productcatalogservice-65bbf699df-qntf5,42,22
22:05:39,400u,recommendationservice-7444754ff5-d8g8j,3,51
22:05:39,400u,recommendationservice-7444754ff5-n8cbh,114,81
22:05:39,400u,recommendationservice-7444754ff5-pwgrt,53,55
22:05:39,400u,redis-cart-c8ff86559-kcf44,6,37
22:05:39,400u,shippingservice-f956b6d9f-nvkxm,1,15
22:05:39,400u,shippingservice-f956b6d9f-pkw7l,4,16
22:05:39,400u,shippingservice-f956b6d9f-w7n4b,14,32
22:05:41,400u,adservice-574bff445c-6mj7s,3,195
22:05:41,400u,adservice-574bff445c-dwnqt,32,250
22:05:41,400u,adservice-574bff445c-qb9cj,14,267
22:05:41,400u,cartservice-7c84fdfb6-gvdl7,1,111
22:05:41,400u,cartservice-7c84fdfb6-m5m6d,72,186
22:05:41,400u,cartservice-7c84fdfb6-rrqpp,1,115
22:05:41,400u,checkoutservice-5b6d96c9b7-45rkr,12,38
22:05:41,400u,checkoutservice-5b6d96c9b7-jbfvs,1,16
22:05:41,400u,checkoutservice-5b6d96c9b7-zvd4c,10,21
22:05:41,400u,currencyservice-7c8fc8fc9c-4hm9g,140,122
22:05:41,400u,currencyservice-7c8fc8fc9c-5frj9,1,86
22:05:41,400u,currencyservice-7c8fc8fc9c-mgwx9,6,68
22:05:41,400u,emailservice-66944ff59-2lcjl,7,95
22:05:41,400u,emailservice-66944ff59-c4g5x,7,56
22:05:41,400u,emailservice-66944ff59-hrmjl,3,56
22:05:41,400u,frontend-7bd6f45654-przgb,70,28
22:05:41,400u,frontend-7bd6f45654-s2s7z,69,53
22:05:41,400u,frontend-7bd6f45654-vfxkp,102,30
22:05:41,400u,paymentservice-9bfb7bf5-6hckw,1,67
22:05:41,400u,paymentservice-9bfb7bf5-75nf7,1,101
22:05:41,400u,paymentservice-9bfb7bf5-kgd56,8,112
22:05:41,400u,productcatalogservice-65bbf699df-7w28t,1,21
22:05:41,400u,productcatalogservice-65bbf699df-j2fmg,61,44
22:05:41,400u,productcatalogservice-65bbf699df-qntf5,42,22
22:05:41,400u,recommendationservice-7444754ff5-d8g8j,3,51
22:05:41,400u,recommendationservice-7444754ff5-n8cbh,114,81
22:05:41,400u,recommendationservice-7444754ff5-pwgrt,53,55
22:05:41,400u,redis-cart-c8ff86559-kcf44,6,37
22:05:41,400u,shippingservice-f956b6d9f-nvkxm,1,15
22:05:41,400u,shippingservice-f956b6d9f-pkw7l,4,16
22:05:41,400u,shippingservice-f956b6d9f-w7n4b,14,32
22:05:44,400u,adservice-574bff445c-6mj7s,3,195
22:05:44,400u,adservice-574bff445c-dwnqt,32,250
22:05:44,400u,adservice-574bff445c-qb9cj,14,267
22:05:44,400u,cartservice-7c84fdfb6-gvdl7,1,111
22:05:44,400u,cartservice-7c84fdfb6-m5m6d,72,186
22:05:44,400u,cartservice-7c84fdfb6-rrqpp,1,115
22:05:44,400u,checkoutservice-5b6d96c9b7-45rkr,12,38
22:05:44,400u,checkoutservice-5b6d96c9b7-jbfvs,1,16
22:05:44,400u,checkoutservice-5b6d96c9b7-zvd4c,10,21
22:05:44,400u,currencyservice-7c8fc8fc9c-4hm9g,140,122
22:05:44,400u,currencyservice-7c8fc8fc9c-5frj9,1,86
22:05:44,400u,currencyservice-7c8fc8fc9c-mgwx9,6,68
22:05:44,400u,emailservice-66944ff59-2lcjl,7,95
22:05:44,400u,emailservice-66944ff59-c4g5x,7,56
22:05:44,400u,emailservice-66944ff59-hrmjl,3,56
22:05:44,400u,frontend-7bd6f45654-przgb,70,28
22:05:44,400u,frontend-7bd6f45654-s2s7z,69,53
22:05:44,400u,frontend-7bd6f45654-vfxkp,102,30
22:05:44,400u,paymentservice-9bfb7bf5-6hckw,1,67
22:05:44,400u,paymentservice-9bfb7bf5-75nf7,1,101
22:05:44,400u,paymentservice-9bfb7bf5-kgd56,8,112
22:05:44,400u,productcatalogservice-65bbf699df-7w28t,1,21
22:05:44,400u,productcatalogservice-65bbf699df-j2fmg,61,44
22:05:44,400u,productcatalogservice-65bbf699df-qntf5,42,22
22:05:44,400u,recommendationservice-7444754ff5-d8g8j,3,51
22:05:44,400u,recommendationservice-7444754ff5-n8cbh,114,81
22:05:44,400u,recommendationservice-7444754ff5-pwgrt,53,55
22:05:44,400u,redis-cart-c8ff86559-kcf44,6,37
22:05:44,400u,shippingservice-f956b6d9f-nvkxm,1,15
22:05:44,400u,shippingservice-f956b6d9f-pkw7l,4,16
22:05:44,400u,shippingservice-f956b6d9f-w7n4b,14,32
22:05:49,400u,adservice-574bff445c-6mj7s,3,195
22:05:49,400u,adservice-574bff445c-dwnqt,32,250
22:05:49,400u,adservice-574bff445c-qb9cj,14,267
22:05:49,400u,cartservice-7c84fdfb6-gvdl7,1,111
22:05:49,400u,cartservice-7c84fdfb6-m5m6d,72,186
22:05:49,400u,cartservice-7c84fdfb6-rrqpp,1,115
22:05:49,400u,checkoutservice-5b6d96c9b7-45rkr,12,38
22:05:49,400u,checkoutservice-5b6d96c9b7-jbfvs,1,16
22:05:49,400u,checkoutservice-5b6d96c9b7-zvd4c,10,21
22:05:49,400u,currencyservice-7c8fc8fc9c-4hm9g,140,122
22:05:49,400u,currencyservice-7c8fc8fc9c-5frj9,1,86
22:05:49,400u,currencyservice-7c8fc8fc9c-mgwx9,6,68
22:05:49,400u,emailservice-66944ff59-2lcjl,7,95
22:05:49,400u,emailservice-66944ff59-c4g5x,7,56
22:05:49,400u,emailservice-66944ff59-hrmjl,3,56
22:05:49,400u,frontend-7bd6f45654-przgb,70,28
22:05:49,400u,frontend-7bd6f45654-s2s7z,69,53
22:05:49,400u,frontend-7bd6f45654-vfxkp,102,30
22:05:49,400u,paymentservice-9bfb7bf5-6hckw,1,67
22:05:49,400u,paymentservice-9bfb7bf5-75nf7,1,101
22:05:49,400u,paymentservice-9bfb7bf5-kgd56,8,112
22:05:49,400u,productcatalogservice-65bbf699df-7w28t,1,21
22:05:49,400u,productcatalogservice-65bbf699df-j2fmg,61,44
22:05:49,400u,productcatalogservice-65bbf699df-qntf5,42,22
22:05:49,400u,recommendationservice-7444754ff5-d8g8j,3,51
22:05:49,400u,recommendationservice-7444754ff5-n8cbh,114,81
22:05:49,400u,recommendationservice-7444754ff5-pwgrt,53,55
22:05:49,400u,redis-cart-c8ff86559-kcf44,6,37
22:05:49,400u,shippingservice-f956b6d9f-nvkxm,1,15
22:05:49,400u,shippingservice-f956b6d9f-pkw7l,4,16
22:05:49,400u,shippingservice-f956b6d9f-w7n4b,14,32
22:05:52,400u,adservice-574bff445c-6mj7s,3,195
22:05:52,400u,adservice-574bff445c-dwnqt,29,250
22:05:52,400u,adservice-574bff445c-qb9cj,20,267
22:05:52,400u,cartservice-7c84fdfb6-gvdl7,1,111
22:05:52,400u,cartservice-7c84fdfb6-m5m6d,90,187
22:05:52,400u,cartservice-7c84fdfb6-rrqpp,1,115
22:05:52,400u,checkoutservice-5b6d96c9b7-45rkr,12,38
22:05:52,400u,checkoutservice-5b6d96c9b7-jbfvs,1,16
22:05:52,400u,checkoutservice-5b6d96c9b7-zvd4c,7,21
22:05:52,400u,currencyservice-7c8fc8fc9c-4hm9g,157,125
22:05:52,400u,currencyservice-7c8fc8fc9c-5frj9,2,86
22:05:52,400u,currencyservice-7c8fc8fc9c-mgwx9,3,68
22:05:52,400u,emailservice-66944ff59-2lcjl,7,95
22:05:52,400u,emailservice-66944ff59-c4g5x,5,56
22:05:52,400u,emailservice-66944ff59-hrmjl,2,56
22:05:52,400u,frontend-7bd6f45654-przgb,57,29
22:05:52,400u,frontend-7bd6f45654-s2s7z,95,53
22:05:52,400u,frontend-7bd6f45654-vfxkp,89,31
22:05:52,400u,paymentservice-9bfb7bf5-6hckw,1,67
22:05:52,400u,paymentservice-9bfb7bf5-75nf7,1,101
22:05:52,400u,paymentservice-9bfb7bf5-kgd56,7,112
22:05:52,400u,productcatalogservice-65bbf699df-7w28t,1,21
22:05:52,400u,productcatalogservice-65bbf699df-j2fmg,66,44
22:05:52,400u,productcatalogservice-65bbf699df-qntf5,36,22
22:05:52,400u,recommendationservice-7444754ff5-d8g8j,3,51
22:05:52,400u,recommendationservice-7444754ff5-n8cbh,118,81
22:05:52,400u,recommendationservice-7444754ff5-pwgrt,39,55
22:05:52,400u,redis-cart-c8ff86559-kcf44,7,37
22:05:52,400u,shippingservice-f956b6d9f-nvkxm,1,15
22:05:52,400u,shippingservice-f956b6d9f-pkw7l,3,16
22:05:52,400u,shippingservice-f956b6d9f-w7n4b,14,32
22:05:54,400u,adservice-574bff445c-6mj7s,3,195
22:05:54,400u,adservice-574bff445c-dwnqt,29,250
22:05:54,400u,adservice-574bff445c-qb9cj,20,267
22:05:54,400u,cartservice-7c84fdfb6-gvdl7,1,111
22:05:54,400u,cartservice-7c84fdfb6-m5m6d,90,187
22:05:54,400u,cartservice-7c84fdfb6-rrqpp,1,115
22:05:54,400u,checkoutservice-5b6d96c9b7-45rkr,12,38
22:05:54,400u,checkoutservice-5b6d96c9b7-jbfvs,1,16
22:05:54,400u,checkoutservice-5b6d96c9b7-zvd4c,7,21
22:05:54,400u,currencyservice-7c8fc8fc9c-4hm9g,157,125
22:05:54,400u,currencyservice-7c8fc8fc9c-5frj9,2,86
22:05:54,400u,currencyservice-7c8fc8fc9c-mgwx9,3,68
22:05:54,400u,emailservice-66944ff59-2lcjl,7,95
22:05:54,400u,emailservice-66944ff59-c4g5x,5,56
22:05:54,400u,emailservice-66944ff59-hrmjl,2,56
22:05:54,400u,frontend-7bd6f45654-przgb,57,29
22:05:54,400u,frontend-7bd6f45654-s2s7z,95,53
22:05:54,400u,frontend-7bd6f45654-vfxkp,89,31
22:05:54,400u,paymentservice-9bfb7bf5-6hckw,1,67
22:05:54,400u,paymentservice-9bfb7bf5-75nf7,1,101
22:05:54,400u,paymentservice-9bfb7bf5-kgd56,7,112
22:05:54,400u,productcatalogservice-65bbf699df-7w28t,1,21
22:05:54,400u,productcatalogservice-65bbf699df-j2fmg,66,44
22:05:54,400u,productcatalogservice-65bbf699df-qntf5,36,22
22:05:54,400u,recommendationservice-7444754ff5-d8g8j,3,51
22:05:54,400u,recommendationservice-7444754ff5-n8cbh,118,81
22:05:54,400u,recommendationservice-7444754ff5-pwgrt,39,55
22:05:54,400u,redis-cart-c8ff86559-kcf44,7,37
22:05:54,400u,shippingservice-f956b6d9f-nvkxm,1,15
22:05:54,400u,shippingservice-f956b6d9f-pkw7l,3,16
22:05:54,400u,shippingservice-f956b6d9f-w7n4b,14,32
22:05:59,400u,adservice-574bff445c-6mj7s,3,195
22:05:59,400u,adservice-574bff445c-dwnqt,29,250
22:05:59,400u,adservice-574bff445c-qb9cj,20,267
22:05:59,400u,cartservice-7c84fdfb6-gvdl7,1,111
22:05:59,400u,cartservice-7c84fdfb6-m5m6d,90,187
22:05:59,400u,cartservice-7c84fdfb6-rrqpp,1,115
22:05:59,400u,checkoutservice-5b6d96c9b7-45rkr,12,38
22:05:59,400u,checkoutservice-5b6d96c9b7-jbfvs,1,16
22:05:59,400u,checkoutservice-5b6d96c9b7-zvd4c,7,21
22:05:59,400u,currencyservice-7c8fc8fc9c-4hm9g,157,125
22:05:59,400u,currencyservice-7c8fc8fc9c-5frj9,2,86
22:05:59,400u,currencyservice-7c8fc8fc9c-mgwx9,3,68
22:05:59,400u,emailservice-66944ff59-2lcjl,7,95
22:05:59,400u,emailservice-66944ff59-c4g5x,5,56
22:05:59,400u,emailservice-66944ff59-hrmjl,2,56
22:05:59,400u,frontend-7bd6f45654-przgb,57,29
22:05:59,400u,frontend-7bd6f45654-s2s7z,95,53
22:05:59,400u,frontend-7bd6f45654-vfxkp,89,31
22:05:59,400u,paymentservice-9bfb7bf5-6hckw,1,67
22:05:59,400u,paymentservice-9bfb7bf5-75nf7,1,101
22:05:59,400u,paymentservice-9bfb7bf5-kgd56,7,112
22:05:59,400u,productcatalogservice-65bbf699df-7w28t,1,21
22:05:59,400u,productcatalogservice-65bbf699df-j2fmg,66,44
22:05:59,400u,productcatalogservice-65bbf699df-qntf5,36,22
22:05:59,400u,recommendationservice-7444754ff5-d8g8j,3,51
22:05:59,400u,recommendationservice-7444754ff5-n8cbh,118,81
22:05:59,400u,recommendationservice-7444754ff5-pwgrt,39,55
22:05:59,400u,redis-cart-c8ff86559-kcf44,7,37
22:05:59,400u,shippingservice-f956b6d9f-nvkxm,1,15
22:05:59,400u,shippingservice-f956b6d9f-pkw7l,3,16
22:05:59,400u,shippingservice-f956b6d9f-w7n4b,14,32
22:06:02,400u,adservice-574bff445c-6mj7s,3,195
22:06:02,400u,adservice-574bff445c-dwnqt,29,250
22:06:02,400u,adservice-574bff445c-qb9cj,20,267
22:06:02,400u,cartservice-7c84fdfb6-gvdl7,1,111
22:06:02,400u,cartservice-7c84fdfb6-m5m6d,90,187
22:06:02,400u,cartservice-7c84fdfb6-rrqpp,1,115
22:06:02,400u,checkoutservice-5b6d96c9b7-45rkr,12,38
22:06:02,400u,checkoutservice-5b6d96c9b7-jbfvs,1,16
22:06:02,400u,checkoutservice-5b6d96c9b7-zvd4c,7,21
22:06:02,400u,currencyservice-7c8fc8fc9c-4hm9g,157,125
22:06:02,400u,currencyservice-7c8fc8fc9c-5frj9,2,86
22:06:02,400u,currencyservice-7c8fc8fc9c-mgwx9,3,68
22:06:02,400u,emailservice-66944ff59-2lcjl,7,95
22:06:02,400u,emailservice-66944ff59-c4g5x,5,56
22:06:02,400u,emailservice-66944ff59-hrmjl,2,56
22:06:02,400u,frontend-7bd6f45654-przgb,57,29
22:06:02,400u,frontend-7bd6f45654-s2s7z,95,53
22:06:02,400u,frontend-7bd6f45654-vfxkp,89,31
22:06:02,400u,paymentservice-9bfb7bf5-6hckw,1,67
22:06:02,400u,paymentservice-9bfb7bf5-75nf7,1,101
22:06:02,400u,paymentservice-9bfb7bf5-kgd56,7,112
22:06:02,400u,productcatalogservice-65bbf699df-7w28t,1,21
22:06:02,400u,productcatalogservice-65bbf699df-j2fmg,66,44
22:06:02,400u,productcatalogservice-65bbf699df-qntf5,36,22
22:06:02,400u,recommendationservice-7444754ff5-d8g8j,3,51
22:06:02,400u,recommendationservice-7444754ff5-n8cbh,118,81
22:06:02,400u,recommendationservice-7444754ff5-pwgrt,39,55
22:06:02,400u,redis-cart-c8ff86559-kcf44,7,37
22:06:02,400u,shippingservice-f956b6d9f-nvkxm,1,15
22:06:02,400u,shippingservice-f956b6d9f-pkw7l,3,16
22:06:02,400u,shippingservice-f956b6d9f-w7n4b,14,32
22:06:05,400u,adservice-574bff445c-6mj7s,3,196
22:06:05,400u,adservice-574bff445c-dwnqt,44,250
22:06:05,400u,adservice-574bff445c-qb9cj,33,267
22:06:05,400u,cartservice-7c84fdfb6-gvdl7,2,111
22:06:05,400u,cartservice-7c84fdfb6-m5m6d,97,187
22:06:05,400u,cartservice-7c84fdfb6-rrqpp,1,115
22:06:05,400u,checkoutservice-5b6d96c9b7-45rkr,22,38
22:06:05,400u,checkoutservice-5b6d96c9b7-jbfvs,1,16
22:06:05,400u,checkoutservice-5b6d96c9b7-zvd4c,12,21
22:06:05,400u,currencyservice-7c8fc8fc9c-4hm9g,184,123
22:06:05,400u,currencyservice-7c8fc8fc9c-5frj9,1,86
22:06:05,400u,currencyservice-7c8fc8fc9c-mgwx9,1,68
22:06:05,400u,emailservice-66944ff59-2lcjl,12,95
22:06:05,400u,emailservice-66944ff59-c4g5x,7,56
22:06:05,400u,emailservice-66944ff59-hrmjl,3,56
22:06:05,400u,frontend-7bd6f45654-przgb,100,29
22:06:05,400u,frontend-7bd6f45654-s2s7z,132,53
22:06:05,400u,frontend-7bd6f45654-vfxkp,122,31
22:06:05,400u,paymentservice-9bfb7bf5-6hckw,1,67
22:06:05,400u,paymentservice-9bfb7bf5-75nf7,1,101
22:06:05,400u,paymentservice-9bfb7bf5-kgd56,12,112
22:06:05,400u,productcatalogservice-65bbf699df-7w28t,1,21
22:06:05,400u,productcatalogservice-65bbf699df-j2fmg,99,44
22:06:05,400u,productcatalogservice-65bbf699df-qntf5,50,22
22:06:05,400u,recommendationservice-7444754ff5-d8g8j,2,51
22:06:05,400u,recommendationservice-7444754ff5-n8cbh,169,81
22:06:05,400u,recommendationservice-7444754ff5-pwgrt,74,55
22:06:05,400u,redis-cart-c8ff86559-kcf44,8,37
22:06:05,400u,shippingservice-f956b6d9f-nvkxm,1,15
22:06:05,400u,shippingservice-f956b6d9f-pkw7l,5,16
22:06:05,400u,shippingservice-f956b6d9f-w7n4b,20,32
22:06:09,400u,adservice-574bff445c-6mj7s,3,196
22:06:09,400u,adservice-574bff445c-dwnqt,44,250
22:06:09,400u,adservice-574bff445c-qb9cj,33,267
22:06:09,400u,cartservice-7c84fdfb6-gvdl7,2,111
22:06:09,400u,cartservice-7c84fdfb6-m5m6d,97,187
22:06:09,400u,cartservice-7c84fdfb6-rrqpp,1,115
22:06:09,400u,checkoutservice-5b6d96c9b7-45rkr,22,38
22:06:09,400u,checkoutservice-5b6d96c9b7-jbfvs,1,16
22:06:09,400u,checkoutservice-5b6d96c9b7-zvd4c,12,21
22:06:09,400u,currencyservice-7c8fc8fc9c-4hm9g,184,123
22:06:09,400u,currencyservice-7c8fc8fc9c-5frj9,1,86
22:06:09,400u,currencyservice-7c8fc8fc9c-mgwx9,1,68
22:06:09,400u,emailservice-66944ff59-2lcjl,12,95
22:06:09,400u,emailservice-66944ff59-c4g5x,7,56
22:06:09,400u,emailservice-66944ff59-hrmjl,3,56
22:06:09,400u,frontend-7bd6f45654-przgb,100,29
22:06:09,400u,frontend-7bd6f45654-s2s7z,132,53
22:06:09,400u,frontend-7bd6f45654-vfxkp,122,31
22:06:09,400u,paymentservice-9bfb7bf5-6hckw,1,67
22:06:09,400u,paymentservice-9bfb7bf5-75nf7,1,101
22:06:09,400u,paymentservice-9bfb7bf5-kgd56,12,112
22:06:09,400u,productcatalogservice-65bbf699df-7w28t,1,21
22:06:09,400u,productcatalogservice-65bbf699df-j2fmg,99,44
22:06:09,400u,productcatalogservice-65bbf699df-qntf5,50,22
22:06:09,400u,recommendationservice-7444754ff5-d8g8j,2,51
22:06:09,400u,recommendationservice-7444754ff5-n8cbh,169,81
22:06:09,400u,recommendationservice-7444754ff5-pwgrt,74,55
22:06:09,400u,redis-cart-c8ff86559-kcf44,8,37
22:06:09,400u,shippingservice-f956b6d9f-nvkxm,1,15
22:06:09,400u,shippingservice-f956b6d9f-pkw7l,5,16
22:06:09,400u,shippingservice-f956b6d9f-w7n4b,20,32
22:06:12,400u,adservice-574bff445c-6mj7s,3,196
22:06:12,400u,adservice-574bff445c-dwnqt,44,250
22:06:12,400u,adservice-574bff445c-qb9cj,33,267
22:06:12,400u,cartservice-7c84fdfb6-gvdl7,2,111
22:06:12,400u,cartservice-7c84fdfb6-m5m6d,97,187
22:06:12,400u,cartservice-7c84fdfb6-rrqpp,1,115
22:06:12,400u,checkoutservice-5b6d96c9b7-45rkr,22,38
22:06:12,400u,checkoutservice-5b6d96c9b7-jbfvs,1,16
22:06:12,400u,checkoutservice-5b6d96c9b7-zvd4c,12,21
22:06:12,400u,currencyservice-7c8fc8fc9c-4hm9g,184,123
22:06:12,400u,currencyservice-7c8fc8fc9c-5frj9,1,86
22:06:12,400u,currencyservice-7c8fc8fc9c-mgwx9,1,68
22:06:12,400u,emailservice-66944ff59-2lcjl,12,95
22:06:12,400u,emailservice-66944ff59-c4g5x,7,56
22:06:12,400u,emailservice-66944ff59-hrmjl,3,56
22:06:12,400u,frontend-7bd6f45654-przgb,100,29
22:06:12,400u,frontend-7bd6f45654-s2s7z,132,53
22:06:12,400u,frontend-7bd6f45654-vfxkp,122,31
22:06:12,400u,paymentservice-9bfb7bf5-6hckw,1,67
22:06:12,400u,paymentservice-9bfb7bf5-75nf7,1,101
22:06:12,400u,paymentservice-9bfb7bf5-kgd56,12,112
22:06:12,400u,productcatalogservice-65bbf699df-7w28t,1,21
22:06:12,400u,productcatalogservice-65bbf699df-j2fmg,99,44
22:06:12,400u,productcatalogservice-65bbf699df-qntf5,50,22
22:06:12,400u,recommendationservice-7444754ff5-d8g8j,2,51
22:06:12,400u,recommendationservice-7444754ff5-n8cbh,169,81
22:06:12,400u,recommendationservice-7444754ff5-pwgrt,74,55
22:06:12,400u,redis-cart-c8ff86559-kcf44,8,37
22:06:12,400u,shippingservice-f956b6d9f-nvkxm,1,15
22:06:12,400u,shippingservice-f956b6d9f-pkw7l,5,16
22:06:12,400u,shippingservice-f956b6d9f-w7n4b,20,32
22:06:15,400u,adservice-574bff445c-6mj7s,3,196
22:06:15,400u,adservice-574bff445c-dwnqt,44,250
22:06:15,400u,adservice-574bff445c-qb9cj,33,267
22:06:15,400u,cartservice-7c84fdfb6-gvdl7,2,111
22:06:15,400u,cartservice-7c84fdfb6-m5m6d,97,187
22:06:15,400u,cartservice-7c84fdfb6-rrqpp,1,115
22:06:15,400u,checkoutservice-5b6d96c9b7-45rkr,22,38
22:06:15,400u,checkoutservice-5b6d96c9b7-jbfvs,1,16
22:06:15,400u,checkoutservice-5b6d96c9b7-zvd4c,12,21
22:06:15,400u,currencyservice-7c8fc8fc9c-4hm9g,184,123
22:06:15,400u,currencyservice-7c8fc8fc9c-5frj9,1,86
22:06:15,400u,currencyservice-7c8fc8fc9c-mgwx9,1,68
22:06:15,400u,emailservice-66944ff59-2lcjl,12,95
22:06:15,400u,emailservice-66944ff59-c4g5x,7,56
22:06:15,400u,emailservice-66944ff59-hrmjl,3,56
22:06:15,400u,frontend-7bd6f45654-przgb,100,29
22:06:15,400u,frontend-7bd6f45654-s2s7z,132,53
22:06:15,400u,frontend-7bd6f45654-vfxkp,122,31
22:06:15,400u,paymentservice-9bfb7bf5-6hckw,1,67
22:06:15,400u,paymentservice-9bfb7bf5-75nf7,1,101
22:06:15,400u,paymentservice-9bfb7bf5-kgd56,12,112
22:06:15,400u,productcatalogservice-65bbf699df-7w28t,1,21
22:06:15,400u,productcatalogservice-65bbf699df-j2fmg,99,44
22:06:15,400u,productcatalogservice-65bbf699df-qntf5,50,22
22:06:15,400u,recommendationservice-7444754ff5-d8g8j,2,51
22:06:15,400u,recommendationservice-7444754ff5-n8cbh,169,81
22:06:15,400u,recommendationservice-7444754ff5-pwgrt,74,55
22:06:15,400u,redis-cart-c8ff86559-kcf44,8,37
22:06:15,400u,shippingservice-f956b6d9f-nvkxm,1,15
22:06:15,400u,shippingservice-f956b6d9f-pkw7l,5,16
22:06:15,400u,shippingservice-f956b6d9f-w7n4b,20,32
22:06:19,400u,adservice-574bff445c-6mj7s,2,198
22:06:19,400u,adservice-574bff445c-dwnqt,65,250
22:06:19,400u,adservice-574bff445c-qb9cj,34,267
22:06:19,400u,cartservice-7c84fdfb6-gvdl7,1,111
22:06:19,400u,cartservice-7c84fdfb6-m5m6d,120,187
22:06:19,400u,cartservice-7c84fdfb6-rrqpp,1,115
22:06:19,400u,checkoutservice-5b6d96c9b7-45rkr,29,38
22:06:19,400u,checkoutservice-5b6d96c9b7-jbfvs,1,16
22:06:19,400u,checkoutservice-5b6d96c9b7-zvd4c,19,21
22:06:19,400u,currencyservice-7c8fc8fc9c-4hm9g,201,126
22:06:19,400u,currencyservice-7c8fc8fc9c-5frj9,2,86
22:06:19,400u,currencyservice-7c8fc8fc9c-mgwx9,1,70
22:06:19,400u,emailservice-66944ff59-2lcjl,15,95
22:06:19,400u,emailservice-66944ff59-c4g5x,10,56
22:06:19,400u,emailservice-66944ff59-hrmjl,3,56
22:06:19,400u,frontend-7bd6f45654-przgb,154,29
22:06:19,400u,frontend-7bd6f45654-s2s7z,144,54
22:06:19,400u,frontend-7bd6f45654-vfxkp,150,32
22:06:19,400u,paymentservice-9bfb7bf5-6hckw,1,67
22:06:19,400u,paymentservice-9bfb7bf5-75nf7,1,101
22:06:19,400u,paymentservice-9bfb7bf5-kgd56,15,113
22:06:19,400u,productcatalogservice-65bbf699df-7w28t,1,21
22:06:19,400u,productcatalogservice-65bbf699df-j2fmg,129,44
22:06:19,400u,productcatalogservice-65bbf699df-qntf5,62,22
22:06:19,400u,recommendationservice-7444754ff5-d8g8j,3,51
22:06:19,400u,recommendationservice-7444754ff5-n8cbh,198,82
22:06:19,400u,recommendationservice-7444754ff5-pwgrt,129,55
22:06:19,400u,redis-cart-c8ff86559-kcf44,10,37
22:06:19,400u,shippingservice-f956b6d9f-nvkxm,1,15
22:06:19,400u,shippingservice-f956b6d9f-pkw7l,8,16
22:06:19,400u,shippingservice-f956b6d9f-w7n4b,24,32
22:06:22,400u,adservice-574bff445c-6mj7s,2,198
22:06:22,400u,adservice-574bff445c-dwnqt,65,250
22:06:22,400u,adservice-574bff445c-qb9cj,34,267
22:06:22,400u,cartservice-7c84fdfb6-gvdl7,1,111
22:06:22,400u,cartservice-7c84fdfb6-m5m6d,120,187
22:06:22,400u,cartservice-7c84fdfb6-rrqpp,1,115
22:06:22,400u,checkoutservice-5b6d96c9b7-45rkr,29,38
22:06:22,400u,checkoutservice-5b6d96c9b7-jbfvs,1,16
22:06:22,400u,checkoutservice-5b6d96c9b7-zvd4c,19,21
22:06:22,400u,currencyservice-7c8fc8fc9c-4hm9g,201,126
22:06:22,400u,currencyservice-7c8fc8fc9c-5frj9,2,86
22:06:22,400u,currencyservice-7c8fc8fc9c-mgwx9,1,70
22:06:22,400u,emailservice-66944ff59-2lcjl,15,95
22:06:22,400u,emailservice-66944ff59-c4g5x,10,56
22:06:22,400u,emailservice-66944ff59-hrmjl,3,56
22:06:22,400u,frontend-7bd6f45654-przgb,154,29
22:06:22,400u,frontend-7bd6f45654-s2s7z,144,54
22:06:22,400u,frontend-7bd6f45654-vfxkp,150,32
22:06:22,400u,paymentservice-9bfb7bf5-6hckw,1,67
22:06:22,400u,paymentservice-9bfb7bf5-75nf7,1,101
22:06:22,400u,paymentservice-9bfb7bf5-kgd56,15,113
22:06:22,400u,productcatalogservice-65bbf699df-7w28t,1,21
22:06:22,400u,productcatalogservice-65bbf699df-j2fmg,129,44
22:06:22,400u,productcatalogservice-65bbf699df-qntf5,62,22
22:06:22,400u,recommendationservice-7444754ff5-d8g8j,3,51
22:06:22,400u,recommendationservice-7444754ff5-n8cbh,198,82
22:06:22,400u,recommendationservice-7444754ff5-pwgrt,129,55
22:06:22,400u,redis-cart-c8ff86559-kcf44,10,37
22:06:22,400u,shippingservice-f956b6d9f-nvkxm,1,15
22:06:22,400u,shippingservice-f956b6d9f-pkw7l,8,16
22:06:22,400u,shippingservice-f956b6d9f-w7n4b,24,32
22:06:25,400u,adservice-574bff445c-6mj7s,2,198
22:06:25,400u,adservice-574bff445c-dwnqt,65,250
22:06:25,400u,adservice-574bff445c-qb9cj,34,267
22:06:25,400u,cartservice-7c84fdfb6-gvdl7,1,111
22:06:25,400u,cartservice-7c84fdfb6-m5m6d,120,187
22:06:25,400u,cartservice-7c84fdfb6-rrqpp,1,115
22:06:25,400u,checkoutservice-5b6d96c9b7-45rkr,29,38
22:06:25,400u,checkoutservice-5b6d96c9b7-jbfvs,1,16
22:06:25,400u,checkoutservice-5b6d96c9b7-zvd4c,19,21
22:06:25,400u,currencyservice-7c8fc8fc9c-4hm9g,201,126
22:06:25,400u,currencyservice-7c8fc8fc9c-5frj9,2,86
22:06:25,400u,currencyservice-7c8fc8fc9c-mgwx9,1,70
22:06:25,400u,emailservice-66944ff59-2lcjl,15,95
22:06:25,400u,emailservice-66944ff59-c4g5x,10,56
22:06:25,400u,emailservice-66944ff59-hrmjl,3,56
22:06:25,400u,frontend-7bd6f45654-przgb,154,29
22:06:25,400u,frontend-7bd6f45654-s2s7z,144,54
22:06:25,400u,frontend-7bd6f45654-vfxkp,150,32
22:06:25,400u,paymentservice-9bfb7bf5-6hckw,1,67
22:06:25,400u,paymentservice-9bfb7bf5-75nf7,1,101
22:06:25,400u,paymentservice-9bfb7bf5-kgd56,15,113
22:06:25,400u,productcatalogservice-65bbf699df-7w28t,1,21
22:06:25,400u,productcatalogservice-65bbf699df-j2fmg,129,44
22:06:25,400u,productcatalogservice-65bbf699df-qntf5,62,22
22:06:25,400u,recommendationservice-7444754ff5-d8g8j,3,51
22:06:25,400u,recommendationservice-7444754ff5-n8cbh,198,82
22:06:25,400u,recommendationservice-7444754ff5-pwgrt,129,55
22:06:25,400u,redis-cart-c8ff86559-kcf44,10,37
22:06:25,400u,shippingservice-f956b6d9f-nvkxm,1,15
22:06:25,400u,shippingservice-f956b6d9f-pkw7l,8,16
22:06:25,400u,shippingservice-f956b6d9f-w7n4b,24,32
22:06:29,400u,adservice-574bff445c-6mj7s,2,198
22:06:29,400u,adservice-574bff445c-dwnqt,65,250
22:06:29,400u,adservice-574bff445c-qb9cj,34,267
22:06:29,400u,cartservice-7c84fdfb6-gvdl7,1,111
22:06:29,400u,cartservice-7c84fdfb6-m5m6d,120,187
22:06:29,400u,cartservice-7c84fdfb6-rrqpp,1,115
22:06:29,400u,checkoutservice-5b6d96c9b7-45rkr,29,38
22:06:29,400u,checkoutservice-5b6d96c9b7-jbfvs,1,16
22:06:29,400u,checkoutservice-5b6d96c9b7-zvd4c,19,21
22:06:29,400u,currencyservice-7c8fc8fc9c-4hm9g,201,126
22:06:29,400u,currencyservice-7c8fc8fc9c-5frj9,2,86
22:06:29,400u,currencyservice-7c8fc8fc9c-mgwx9,1,70
22:06:29,400u,emailservice-66944ff59-2lcjl,15,95
22:06:29,400u,emailservice-66944ff59-c4g5x,10,56
22:06:29,400u,emailservice-66944ff59-hrmjl,3,56
22:06:29,400u,frontend-7bd6f45654-przgb,154,29
22:06:29,400u,frontend-7bd6f45654-s2s7z,144,54
22:06:29,400u,frontend-7bd6f45654-vfxkp,150,32
22:06:29,400u,paymentservice-9bfb7bf5-6hckw,1,67
22:06:29,400u,paymentservice-9bfb7bf5-75nf7,1,101
22:06:29,400u,paymentservice-9bfb7bf5-kgd56,15,113
22:06:29,400u,productcatalogservice-65bbf699df-7w28t,1,21
22:06:29,400u,productcatalogservice-65bbf699df-j2fmg,129,44
22:06:29,400u,productcatalogservice-65bbf699df-qntf5,62,22
22:06:29,400u,recommendationservice-7444754ff5-d8g8j,3,51
22:06:29,400u,recommendationservice-7444754ff5-n8cbh,198,82
22:06:29,400u,recommendationservice-7444754ff5-pwgrt,129,55
22:06:29,400u,redis-cart-c8ff86559-kcf44,10,37
22:06:29,400u,shippingservice-f956b6d9f-nvkxm,1,15
22:06:29,400u,shippingservice-f956b6d9f-pkw7l,8,16
22:06:29,400u,shippingservice-f956b6d9f-w7n4b,24,32
22:06:32,400u,adservice-574bff445c-6mj7s,2,198
22:06:32,400u,adservice-574bff445c-dwnqt,65,250
22:06:32,400u,adservice-574bff445c-qb9cj,34,267
22:06:32,400u,cartservice-7c84fdfb6-gvdl7,1,111
22:06:32,400u,cartservice-7c84fdfb6-m5m6d,120,187
22:06:32,400u,cartservice-7c84fdfb6-rrqpp,1,115
22:06:32,400u,checkoutservice-5b6d96c9b7-45rkr,29,38
22:06:32,400u,checkoutservice-5b6d96c9b7-jbfvs,1,16
22:06:32,400u,checkoutservice-5b6d96c9b7-zvd4c,19,21
22:06:32,400u,currencyservice-7c8fc8fc9c-4hm9g,201,126
22:06:32,400u,currencyservice-7c8fc8fc9c-5frj9,2,86
22:06:32,400u,currencyservice-7c8fc8fc9c-mgwx9,1,70
22:06:32,400u,emailservice-66944ff59-2lcjl,15,95
22:06:32,400u,emailservice-66944ff59-c4g5x,10,56
22:06:32,400u,emailservice-66944ff59-hrmjl,3,56
22:06:32,400u,frontend-7bd6f45654-przgb,154,29
22:06:32,400u,frontend-7bd6f45654-s2s7z,144,54
22:06:32,400u,frontend-7bd6f45654-vfxkp,150,32
22:06:32,400u,paymentservice-9bfb7bf5-6hckw,1,67
22:06:32,400u,paymentservice-9bfb7bf5-75nf7,1,101
22:06:32,400u,paymentservice-9bfb7bf5-kgd56,15,113
22:06:32,400u,productcatalogservice-65bbf699df-7w28t,1,21
22:06:32,400u,productcatalogservice-65bbf699df-j2fmg,129,44
22:06:32,400u,productcatalogservice-65bbf699df-qntf5,62,22
22:06:32,400u,recommendationservice-7444754ff5-d8g8j,3,51
22:06:32,400u,recommendationservice-7444754ff5-n8cbh,198,82
22:06:32,400u,recommendationservice-7444754ff5-pwgrt,129,55
22:06:32,400u,redis-cart-c8ff86559-kcf44,10,37
22:06:32,400u,shippingservice-f956b6d9f-nvkxm,1,15
22:06:32,400u,shippingservice-f956b6d9f-pkw7l,8,16
22:06:32,400u,shippingservice-f956b6d9f-w7n4b,24,32
22:06:35,400u,adservice-574bff445c-6mj7s,2,198
22:06:35,400u,adservice-574bff445c-dwnqt,64,251
22:06:35,400u,adservice-574bff445c-qb9cj,36,267
22:06:35,400u,cartservice-7c84fdfb6-gvdl7,1,111
22:06:35,400u,cartservice-7c84fdfb6-m5m6d,107,187
22:06:35,400u,cartservice-7c84fdfb6-rrqpp,1,115
22:06:35,400u,checkoutservice-5b6d96c9b7-45rkr,24,38
22:06:35,400u,checkoutservice-5b6d96c9b7-jbfvs,1,16
22:06:35,400u,checkoutservice-5b6d96c9b7-zvd4c,19,21
22:06:35,400u,currencyservice-7c8fc8fc9c-4hm9g,193,126
22:06:35,400u,currencyservice-7c8fc8fc9c-5frj9,1,86
22:06:35,400u,currencyservice-7c8fc8fc9c-mgwx9,1,70
22:06:35,400u,emailservice-66944ff59-2lcjl,13,95
22:06:35,400u,emailservice-66944ff59-c4g5x,9,56
22:06:35,400u,emailservice-66944ff59-hrmjl,3,56
22:06:35,400u,frontend-7bd6f45654-przgb,152,30
22:06:35,400u,frontend-7bd6f45654-s2s7z,149,54
22:06:35,400u,frontend-7bd6f45654-vfxkp,148,32
22:06:35,400u,paymentservice-9bfb7bf5-6hckw,1,67
22:06:35,400u,paymentservice-9bfb7bf5-75nf7,2,101
22:06:35,400u,paymentservice-9bfb7bf5-kgd56,14,113
22:06:35,400u,productcatalogservice-65bbf699df-7w28t,1,21
22:06:35,400u,productcatalogservice-65bbf699df-j2fmg,136,44
22:06:35,400u,productcatalogservice-65bbf699df-qntf5,63,22
22:06:35,400u,recommendationservice-7444754ff5-d8g8j,3,51
22:06:35,400u,recommendationservice-7444754ff5-n8cbh,191,82
22:06:35,400u,recommendationservice-7444754ff5-pwgrt,132,55
22:06:35,400u,redis-cart-c8ff86559-kcf44,9,37
22:06:35,400u,shippingservice-f956b6d9f-nvkxm,1,15
22:06:35,400u,shippingservice-f956b6d9f-pkw7l,8,17
22:06:35,400u,shippingservice-f956b6d9f-w7n4b,23,32
22:06:40,400u,adservice-574bff445c-6mj7s,2,198
22:06:40,400u,adservice-574bff445c-dwnqt,64,251
22:06:40,400u,adservice-574bff445c-qb9cj,36,267
22:06:40,400u,cartservice-7c84fdfb6-gvdl7,1,111
22:06:40,400u,cartservice-7c84fdfb6-m5m6d,107,187
22:06:40,400u,cartservice-7c84fdfb6-rrqpp,1,115
22:06:40,400u,checkoutservice-5b6d96c9b7-45rkr,24,38
22:06:40,400u,checkoutservice-5b6d96c9b7-jbfvs,1,16
22:06:40,400u,checkoutservice-5b6d96c9b7-zvd4c,19,21
22:06:40,400u,currencyservice-7c8fc8fc9c-4hm9g,193,126
22:06:40,400u,currencyservice-7c8fc8fc9c-5frj9,1,86
22:06:40,400u,currencyservice-7c8fc8fc9c-mgwx9,1,70
22:06:40,400u,emailservice-66944ff59-2lcjl,13,95
22:06:40,400u,emailservice-66944ff59-c4g5x,9,56
22:06:40,400u,emailservice-66944ff59-hrmjl,3,56
22:06:40,400u,frontend-7bd6f45654-przgb,152,30
22:06:40,400u,frontend-7bd6f45654-s2s7z,149,54
22:06:40,400u,frontend-7bd6f45654-vfxkp,148,32
22:06:40,400u,paymentservice-9bfb7bf5-6hckw,1,67
22:06:40,400u,paymentservice-9bfb7bf5-75nf7,2,101
22:06:40,400u,paymentservice-9bfb7bf5-kgd56,14,113
22:06:40,400u,productcatalogservice-65bbf699df-7w28t,1,21
22:06:40,400u,productcatalogservice-65bbf699df-j2fmg,136,44
22:06:40,400u,productcatalogservice-65bbf699df-qntf5,63,22
22:06:40,400u,recommendationservice-7444754ff5-d8g8j,3,51
22:06:40,400u,recommendationservice-7444754ff5-n8cbh,191,82
22:06:40,400u,recommendationservice-7444754ff5-pwgrt,132,55
22:06:40,400u,redis-cart-c8ff86559-kcf44,9,37
22:06:40,400u,shippingservice-f956b6d9f-nvkxm,1,15
22:06:40,400u,shippingservice-f956b6d9f-pkw7l,8,17
22:06:40,400u,shippingservice-f956b6d9f-w7n4b,23,32
22:06:42,400u,adservice-574bff445c-6mj7s,2,198
22:06:42,400u,adservice-574bff445c-dwnqt,64,251
22:06:42,400u,adservice-574bff445c-qb9cj,36,267
22:06:42,400u,cartservice-7c84fdfb6-gvdl7,1,111
22:06:42,400u,cartservice-7c84fdfb6-m5m6d,107,187
22:06:42,400u,cartservice-7c84fdfb6-rrqpp,1,115
22:06:42,400u,checkoutservice-5b6d96c9b7-45rkr,24,38
22:06:42,400u,checkoutservice-5b6d96c9b7-jbfvs,1,16
22:06:42,400u,checkoutservice-5b6d96c9b7-zvd4c,19,21
22:06:42,400u,currencyservice-7c8fc8fc9c-4hm9g,193,126
22:06:42,400u,currencyservice-7c8fc8fc9c-5frj9,1,86
22:06:42,400u,currencyservice-7c8fc8fc9c-mgwx9,1,70
22:06:42,400u,emailservice-66944ff59-2lcjl,13,95
22:06:42,400u,emailservice-66944ff59-c4g5x,9,56
22:06:42,400u,emailservice-66944ff59-hrmjl,3,56
22:06:42,400u,frontend-7bd6f45654-przgb,152,30
22:06:42,400u,frontend-7bd6f45654-s2s7z,149,54
22:06:42,400u,frontend-7bd6f45654-vfxkp,148,32
22:06:42,400u,paymentservice-9bfb7bf5-6hckw,1,67
22:06:42,400u,paymentservice-9bfb7bf5-75nf7,2,101
22:06:42,400u,paymentservice-9bfb7bf5-kgd56,14,113
22:06:42,400u,productcatalogservice-65bbf699df-7w28t,1,21
22:06:42,400u,productcatalogservice-65bbf699df-j2fmg,136,44
22:06:42,400u,productcatalogservice-65bbf699df-qntf5,63,22
22:06:42,400u,recommendationservice-7444754ff5-d8g8j,3,51
22:06:42,400u,recommendationservice-7444754ff5-n8cbh,191,82
22:06:42,400u,recommendationservice-7444754ff5-pwgrt,132,55
22:06:42,400u,redis-cart-c8ff86559-kcf44,9,37
22:06:42,400u,shippingservice-f956b6d9f-nvkxm,1,15
22:06:42,400u,shippingservice-f956b6d9f-pkw7l,8,17
22:06:42,400u,shippingservice-f956b6d9f-w7n4b,23,32
22:06:45,400u,adservice-574bff445c-6mj7s,2,198
22:06:45,400u,adservice-574bff445c-dwnqt,64,251
22:06:45,400u,adservice-574bff445c-qb9cj,36,267
22:06:45,400u,cartservice-7c84fdfb6-gvdl7,1,111
22:06:45,400u,cartservice-7c84fdfb6-m5m6d,107,187
22:06:45,400u,cartservice-7c84fdfb6-rrqpp,1,115
22:06:45,400u,checkoutservice-5b6d96c9b7-45rkr,24,38
22:06:45,400u,checkoutservice-5b6d96c9b7-jbfvs,1,16
22:06:45,400u,checkoutservice-5b6d96c9b7-zvd4c,19,21
22:06:45,400u,currencyservice-7c8fc8fc9c-4hm9g,193,126
22:06:45,400u,currencyservice-7c8fc8fc9c-5frj9,1,86
22:06:45,400u,currencyservice-7c8fc8fc9c-mgwx9,1,70
22:06:45,400u,emailservice-66944ff59-2lcjl,13,95
22:06:45,400u,emailservice-66944ff59-c4g5x,9,56
22:06:45,400u,emailservice-66944ff59-hrmjl,3,56
22:06:45,400u,frontend-7bd6f45654-przgb,152,30
22:06:45,400u,frontend-7bd6f45654-s2s7z,149,54
22:06:45,400u,frontend-7bd6f45654-vfxkp,148,32
22:06:45,400u,paymentservice-9bfb7bf5-6hckw,1,67
22:06:45,400u,paymentservice-9bfb7bf5-75nf7,2,101
22:06:45,400u,paymentservice-9bfb7bf5-kgd56,14,113
22:06:45,400u,productcatalogservice-65bbf699df-7w28t,1,21
22:06:45,400u,productcatalogservice-65bbf699df-j2fmg,136,44
22:06:45,400u,productcatalogservice-65bbf699df-qntf5,63,22
22:06:45,400u,recommendationservice-7444754ff5-d8g8j,3,51
22:06:45,400u,recommendationservice-7444754ff5-n8cbh,191,82
22:06:45,400u,recommendationservice-7444754ff5-pwgrt,132,55
22:06:45,400u,redis-cart-c8ff86559-kcf44,9,37
22:06:45,400u,shippingservice-f956b6d9f-nvkxm,1,15
22:06:45,400u,shippingservice-f956b6d9f-pkw7l,8,17
22:06:45,400u,shippingservice-f956b6d9f-w7n4b,23,32
22:06:50,400u,adservice-574bff445c-6mj7s,2,198
22:06:50,400u,adservice-574bff445c-dwnqt,75,252
22:06:50,400u,adservice-574bff445c-qb9cj,37,267
22:06:50,400u,cartservice-7c84fdfb6-gvdl7,1,111
22:06:50,400u,cartservice-7c84fdfb6-m5m6d,112,187
22:06:50,400u,cartservice-7c84fdfb6-rrqpp,1,115
22:06:50,400u,checkoutservice-5b6d96c9b7-45rkr,33,38
22:06:50,400u,checkoutservice-5b6d96c9b7-jbfvs,1,16
22:06:50,400u,checkoutservice-5b6d96c9b7-zvd4c,22,21
22:06:50,400u,currencyservice-7c8fc8fc9c-4hm9g,190,126
22:06:50,400u,currencyservice-7c8fc8fc9c-5frj9,2,86
22:06:50,400u,currencyservice-7c8fc8fc9c-mgwx9,3,71
22:06:50,400u,emailservice-66944ff59-2lcjl,17,95
22:06:50,400u,emailservice-66944ff59-c4g5x,11,56
22:06:50,400u,emailservice-66944ff59-hrmjl,3,56
22:06:50,400u,frontend-7bd6f45654-przgb,161,30
22:06:50,400u,frontend-7bd6f45654-s2s7z,147,55
22:06:50,400u,frontend-7bd6f45654-vfxkp,150,33
22:06:50,400u,paymentservice-9bfb7bf5-6hckw,1,67
22:06:50,400u,paymentservice-9bfb7bf5-75nf7,2,101
22:06:50,400u,paymentservice-9bfb7bf5-kgd56,17,113
22:06:50,400u,productcatalogservice-65bbf699df-7w28t,1,21
22:06:50,400u,productcatalogservice-65bbf699df-j2fmg,139,44
22:06:50,400u,productcatalogservice-65bbf699df-qntf5,61,22
22:06:50,400u,recommendationservice-7444754ff5-d8g8j,2,51
22:06:50,400u,recommendationservice-7444754ff5-n8cbh,186,81
22:06:50,400u,recommendationservice-7444754ff5-pwgrt,149,55
22:06:50,400u,redis-cart-c8ff86559-kcf44,10,37
22:06:50,400u,shippingservice-f956b6d9f-nvkxm,1,15
22:06:50,400u,shippingservice-f956b6d9f-pkw7l,10,16
22:06:50,400u,shippingservice-f956b6d9f-w7n4b,27,32
22:06:52,400u,adservice-574bff445c-6mj7s,2,198
22:06:52,400u,adservice-574bff445c-dwnqt,75,252
22:06:52,400u,adservice-574bff445c-qb9cj,37,267
22:06:52,400u,cartservice-7c84fdfb6-gvdl7,1,111
22:06:52,400u,cartservice-7c84fdfb6-m5m6d,112,187
22:06:52,400u,cartservice-7c84fdfb6-rrqpp,1,115
22:06:52,400u,checkoutservice-5b6d96c9b7-45rkr,33,38
22:06:52,400u,checkoutservice-5b6d96c9b7-jbfvs,1,16
22:06:52,400u,checkoutservice-5b6d96c9b7-zvd4c,22,21
22:06:52,400u,currencyservice-7c8fc8fc9c-4hm9g,190,126
22:06:52,400u,currencyservice-7c8fc8fc9c-5frj9,2,86
22:06:52,400u,currencyservice-7c8fc8fc9c-mgwx9,3,71
22:06:52,400u,emailservice-66944ff59-2lcjl,17,95
22:06:52,400u,emailservice-66944ff59-c4g5x,11,56
22:06:52,400u,emailservice-66944ff59-hrmjl,3,56
22:06:52,400u,frontend-7bd6f45654-przgb,161,30
22:06:52,400u,frontend-7bd6f45654-s2s7z,147,55
22:06:52,400u,frontend-7bd6f45654-vfxkp,150,33
22:06:52,400u,paymentservice-9bfb7bf5-6hckw,1,67
22:06:52,400u,paymentservice-9bfb7bf5-75nf7,2,101
22:06:52,400u,paymentservice-9bfb7bf5-kgd56,17,113
22:06:52,400u,productcatalogservice-65bbf699df-7w28t,1,21
22:06:52,400u,productcatalogservice-65bbf699df-j2fmg,139,44
22:06:52,400u,productcatalogservice-65bbf699df-qntf5,61,22
22:06:52,400u,recommendationservice-7444754ff5-d8g8j,2,51
22:06:52,400u,recommendationservice-7444754ff5-n8cbh,186,81
22:06:52,400u,recommendationservice-7444754ff5-pwgrt,149,55
22:06:52,400u,redis-cart-c8ff86559-kcf44,10,37
22:06:52,400u,shippingservice-f956b6d9f-nvkxm,1,15
22:06:52,400u,shippingservice-f956b6d9f-pkw7l,10,16
22:06:52,400u,shippingservice-f956b6d9f-w7n4b,27,32
22:06:55,400u,adservice-574bff445c-6mj7s,2,198
22:06:55,400u,adservice-574bff445c-dwnqt,75,252
22:06:55,400u,adservice-574bff445c-qb9cj,37,267
22:06:55,400u,cartservice-7c84fdfb6-gvdl7,1,111
22:06:55,400u,cartservice-7c84fdfb6-m5m6d,112,187
22:06:55,400u,cartservice-7c84fdfb6-rrqpp,1,115
22:06:55,400u,checkoutservice-5b6d96c9b7-45rkr,33,38
22:06:55,400u,checkoutservice-5b6d96c9b7-jbfvs,1,16
22:06:55,400u,checkoutservice-5b6d96c9b7-zvd4c,22,21
22:06:55,400u,currencyservice-7c8fc8fc9c-4hm9g,190,126
22:06:55,400u,currencyservice-7c8fc8fc9c-5frj9,2,86
22:06:55,400u,currencyservice-7c8fc8fc9c-mgwx9,3,71
22:06:55,400u,emailservice-66944ff59-2lcjl,17,95
22:06:55,400u,emailservice-66944ff59-c4g5x,11,56
22:06:55,400u,emailservice-66944ff59-hrmjl,3,56
22:06:55,400u,frontend-7bd6f45654-przgb,161,30
22:06:55,400u,frontend-7bd6f45654-s2s7z,147,55
22:06:55,400u,frontend-7bd6f45654-vfxkp,150,33
22:06:55,400u,paymentservice-9bfb7bf5-6hckw,1,67
22:06:55,400u,paymentservice-9bfb7bf5-75nf7,2,101
22:06:55,400u,paymentservice-9bfb7bf5-kgd56,17,113
22:06:55,400u,productcatalogservice-65bbf699df-7w28t,1,21
22:06:55,400u,productcatalogservice-65bbf699df-j2fmg,139,44
22:06:55,400u,productcatalogservice-65bbf699df-qntf5,61,22
22:06:55,400u,recommendationservice-7444754ff5-d8g8j,2,51
22:06:55,400u,recommendationservice-7444754ff5-n8cbh,186,81
22:06:55,400u,recommendationservice-7444754ff5-pwgrt,149,55
22:06:55,400u,redis-cart-c8ff86559-kcf44,10,37
22:06:55,400u,shippingservice-f956b6d9f-nvkxm,1,15
22:06:55,400u,shippingservice-f956b6d9f-pkw7l,10,16
22:06:55,400u,shippingservice-f956b6d9f-w7n4b,27,32
22:07:00,400u,adservice-574bff445c-6mj7s,2,198
22:07:00,400u,adservice-574bff445c-dwnqt,75,252
22:07:00,400u,adservice-574bff445c-qb9cj,37,267
22:07:00,400u,cartservice-7c84fdfb6-gvdl7,1,111
22:07:00,400u,cartservice-7c84fdfb6-m5m6d,112,187
22:07:00,400u,cartservice-7c84fdfb6-rrqpp,1,115
22:07:00,400u,checkoutservice-5b6d96c9b7-45rkr,33,38
22:07:00,400u,checkoutservice-5b6d96c9b7-jbfvs,1,16
22:07:00,400u,checkoutservice-5b6d96c9b7-zvd4c,22,21
22:07:00,400u,currencyservice-7c8fc8fc9c-4hm9g,190,126
22:07:00,400u,currencyservice-7c8fc8fc9c-5frj9,2,86
22:07:00,400u,currencyservice-7c8fc8fc9c-mgwx9,3,71
22:07:00,400u,emailservice-66944ff59-2lcjl,17,95
22:07:00,400u,emailservice-66944ff59-c4g5x,11,56
22:07:00,400u,emailservice-66944ff59-hrmjl,3,56
22:07:00,400u,frontend-7bd6f45654-przgb,161,30
22:07:00,400u,frontend-7bd6f45654-s2s7z,147,55
22:07:00,400u,frontend-7bd6f45654-vfxkp,150,33
22:07:00,400u,paymentservice-9bfb7bf5-6hckw,1,67
22:07:00,400u,paymentservice-9bfb7bf5-75nf7,2,101
22:07:00,400u,paymentservice-9bfb7bf5-kgd56,17,113
22:07:00,400u,productcatalogservice-65bbf699df-7w28t,1,21
22:07:00,400u,productcatalogservice-65bbf699df-j2fmg,139,44
22:07:00,400u,productcatalogservice-65bbf699df-qntf5,61,22
22:07:00,400u,recommendationservice-7444754ff5-d8g8j,2,51
22:07:00,400u,recommendationservice-7444754ff5-n8cbh,186,81
22:07:00,400u,recommendationservice-7444754ff5-pwgrt,149,55
22:07:00,400u,redis-cart-c8ff86559-kcf44,10,37
22:07:00,400u,shippingservice-f956b6d9f-nvkxm,1,15
22:07:00,400u,shippingservice-f956b6d9f-pkw7l,10,16
22:07:00,400u,shippingservice-f956b6d9f-w7n4b,27,32
22:07:02,400u,adservice-574bff445c-6mj7s,2,198
22:07:02,400u,adservice-574bff445c-dwnqt,75,252
22:07:02,400u,adservice-574bff445c-qb9cj,37,267
22:07:02,400u,cartservice-7c84fdfb6-gvdl7,1,111
22:07:02,400u,cartservice-7c84fdfb6-m5m6d,112,187
22:07:02,400u,cartservice-7c84fdfb6-rrqpp,1,115
22:07:02,400u,checkoutservice-5b6d96c9b7-45rkr,33,38
22:07:02,400u,checkoutservice-5b6d96c9b7-jbfvs,1,16
22:07:02,400u,checkoutservice-5b6d96c9b7-zvd4c,22,21
22:07:02,400u,currencyservice-7c8fc8fc9c-4hm9g,190,126
22:07:02,400u,currencyservice-7c8fc8fc9c-5frj9,2,86
22:07:02,400u,currencyservice-7c8fc8fc9c-mgwx9,3,71
22:07:02,400u,emailservice-66944ff59-2lcjl,17,95
22:07:02,400u,emailservice-66944ff59-c4g5x,11,56
22:07:02,400u,emailservice-66944ff59-hrmjl,3,56
22:07:02,400u,frontend-7bd6f45654-przgb,161,30
22:07:02,400u,frontend-7bd6f45654-s2s7z,147,55
22:07:02,400u,frontend-7bd6f45654-vfxkp,150,33
22:07:02,400u,paymentservice-9bfb7bf5-6hckw,1,67
22:07:02,400u,paymentservice-9bfb7bf5-75nf7,2,101
22:07:02,400u,paymentservice-9bfb7bf5-kgd56,17,113
22:07:02,400u,productcatalogservice-65bbf699df-7w28t,1,21
22:07:02,400u,productcatalogservice-65bbf699df-j2fmg,139,44
22:07:02,400u,productcatalogservice-65bbf699df-qntf5,61,22
22:07:02,400u,recommendationservice-7444754ff5-d8g8j,2,51
22:07:02,400u,recommendationservice-7444754ff5-n8cbh,186,81
22:07:02,400u,recommendationservice-7444754ff5-pwgrt,149,55
22:07:02,400u,redis-cart-c8ff86559-kcf44,10,37
22:07:02,400u,shippingservice-f956b6d9f-nvkxm,1,15
22:07:02,400u,shippingservice-f956b6d9f-pkw7l,10,16
22:07:02,400u,shippingservice-f956b6d9f-w7n4b,27,32
22:07:05,400u,adservice-574bff445c-6mj7s,2,198
22:07:05,400u,adservice-574bff445c-dwnqt,79,252
22:07:05,400u,adservice-574bff445c-qb9cj,38,268
22:07:05,400u,cartservice-7c84fdfb6-gvdl7,2,111
22:07:05,400u,cartservice-7c84fdfb6-m5m6d,108,187
22:07:05,400u,cartservice-7c84fdfb6-rrqpp,1,115
22:07:05,400u,checkoutservice-5b6d96c9b7-45rkr,31,38
22:07:05,400u,checkoutservice-5b6d96c9b7-jbfvs,1,16
22:07:05,400u,checkoutservice-5b6d96c9b7-zvd4c,17,21
22:07:05,400u,currencyservice-7c8fc8fc9c-4hm9g,194,126
22:07:05,400u,currencyservice-7c8fc8fc9c-5frj9,1,86
22:07:05,400u,currencyservice-7c8fc8fc9c-mgwx9,1,71
22:07:05,400u,emailservice-66944ff59-2lcjl,16,95
22:07:05,400u,emailservice-66944ff59-c4g5x,9,56
22:07:05,400u,emailservice-66944ff59-hrmjl,3,56
22:07:05,400u,frontend-7bd6f45654-przgb,167,32
22:07:05,400u,frontend-7bd6f45654-s2s7z,144,56
22:07:05,400u,frontend-7bd6f45654-vfxkp,139,33
22:07:05,400u,paymentservice-9bfb7bf5-6hckw,1,67
22:07:05,400u,paymentservice-9bfb7bf5-75nf7,1,101
22:07:05,400u,paymentservice-9bfb7bf5-kgd56,16,113
22:07:05,400u,productcatalogservice-65bbf699df-7w28t,1,21
22:07:05,400u,productcatalogservice-65bbf699df-j2fmg,139,44
22:07:05,400u,productcatalogservice-65bbf699df-qntf5,60,22
22:07:05,400u,recommendationservice-7444754ff5-d8g8j,3,51
22:07:05,400u,recommendationservice-7444754ff5-n8cbh,190,82
22:07:05,400u,recommendationservice-7444754ff5-pwgrt,159,55
22:07:05,400u,redis-cart-c8ff86559-kcf44,10,37
22:07:05,400u,shippingservice-f956b6d9f-nvkxm,1,15
22:07:05,400u,shippingservice-f956b6d9f-pkw7l,9,16
22:07:05,400u,shippingservice-f956b6d9f-w7n4b,24,32
22:07:10,400u,adservice-574bff445c-6mj7s,2,198
22:07:10,400u,adservice-574bff445c-dwnqt,79,252
22:07:10,400u,adservice-574bff445c-qb9cj,38,268
22:07:10,400u,cartservice-7c84fdfb6-gvdl7,2,111
22:07:10,400u,cartservice-7c84fdfb6-m5m6d,108,187
22:07:10,400u,cartservice-7c84fdfb6-rrqpp,1,115
22:07:10,400u,checkoutservice-5b6d96c9b7-45rkr,31,38
22:07:10,400u,checkoutservice-5b6d96c9b7-jbfvs,1,16
22:07:10,400u,checkoutservice-5b6d96c9b7-zvd4c,17,21
22:07:10,400u,currencyservice-7c8fc8fc9c-4hm9g,194,126
22:07:10,400u,currencyservice-7c8fc8fc9c-5frj9,1,86
22:07:10,400u,currencyservice-7c8fc8fc9c-mgwx9,1,71
22:07:10,400u,emailservice-66944ff59-2lcjl,16,95
22:07:10,400u,emailservice-66944ff59-c4g5x,9,56
22:07:10,400u,emailservice-66944ff59-hrmjl,3,56
22:07:10,400u,frontend-7bd6f45654-przgb,167,32
22:07:10,400u,frontend-7bd6f45654-s2s7z,144,56
22:07:10,400u,frontend-7bd6f45654-vfxkp,139,33
22:07:10,400u,paymentservice-9bfb7bf5-6hckw,1,67
22:07:10,400u,paymentservice-9bfb7bf5-75nf7,1,101
22:07:10,400u,paymentservice-9bfb7bf5-kgd56,16,113
22:07:10,400u,productcatalogservice-65bbf699df-7w28t,1,21
22:07:10,400u,productcatalogservice-65bbf699df-j2fmg,139,44
22:07:10,400u,productcatalogservice-65bbf699df-qntf5,60,22
22:07:10,400u,recommendationservice-7444754ff5-d8g8j,3,51
22:07:10,400u,recommendationservice-7444754ff5-n8cbh,190,82
22:07:10,400u,recommendationservice-7444754ff5-pwgrt,159,55
22:07:10,400u,redis-cart-c8ff86559-kcf44,10,37
22:07:10,400u,shippingservice-f956b6d9f-nvkxm,1,15
22:07:10,400u,shippingservice-f956b6d9f-pkw7l,9,16
22:07:10,400u,shippingservice-f956b6d9f-w7n4b,24,32
22:07:12,400u,adservice-574bff445c-6mj7s,2,198
22:07:12,400u,adservice-574bff445c-dwnqt,79,252
22:07:12,400u,adservice-574bff445c-qb9cj,38,268
22:07:12,400u,cartservice-7c84fdfb6-gvdl7,2,111
22:07:12,400u,cartservice-7c84fdfb6-m5m6d,108,187
22:07:12,400u,cartservice-7c84fdfb6-rrqpp,1,115
22:07:12,400u,checkoutservice-5b6d96c9b7-45rkr,31,38
22:07:12,400u,checkoutservice-5b6d96c9b7-jbfvs,1,16
22:07:12,400u,checkoutservice-5b6d96c9b7-zvd4c,17,21
22:07:12,400u,currencyservice-7c8fc8fc9c-4hm9g,194,126
22:07:12,400u,currencyservice-7c8fc8fc9c-5frj9,1,86
22:07:12,400u,currencyservice-7c8fc8fc9c-mgwx9,1,71
22:07:12,400u,emailservice-66944ff59-2lcjl,16,95
22:07:12,400u,emailservice-66944ff59-c4g5x,9,56
22:07:12,400u,emailservice-66944ff59-hrmjl,3,56
22:07:12,400u,frontend-7bd6f45654-przgb,167,32
22:07:12,400u,frontend-7bd6f45654-s2s7z,144,56
22:07:12,400u,frontend-7bd6f45654-vfxkp,139,33
22:07:12,400u,paymentservice-9bfb7bf5-6hckw,1,67
22:07:12,400u,paymentservice-9bfb7bf5-75nf7,1,101
22:07:12,400u,paymentservice-9bfb7bf5-kgd56,16,113
22:07:12,400u,productcatalogservice-65bbf699df-7w28t,1,21
22:07:12,400u,productcatalogservice-65bbf699df-j2fmg,139,44
22:07:12,400u,productcatalogservice-65bbf699df-qntf5,60,22
22:07:12,400u,recommendationservice-7444754ff5-d8g8j,3,51
22:07:12,400u,recommendationservice-7444754ff5-n8cbh,190,82
22:07:12,400u,recommendationservice-7444754ff5-pwgrt,159,55
22:07:12,400u,redis-cart-c8ff86559-kcf44,10,37
22:07:12,400u,shippingservice-f956b6d9f-nvkxm,1,15
22:07:12,400u,shippingservice-f956b6d9f-pkw7l,9,16
22:07:12,400u,shippingservice-f956b6d9f-w7n4b,24,32
22:07:15,400u,adservice-574bff445c-6mj7s,2,198
22:07:15,400u,adservice-574bff445c-dwnqt,79,252
22:07:15,400u,adservice-574bff445c-qb9cj,38,268
22:07:15,400u,cartservice-7c84fdfb6-gvdl7,2,111
22:07:15,400u,cartservice-7c84fdfb6-m5m6d,108,187
22:07:15,400u,cartservice-7c84fdfb6-rrqpp,1,115
22:07:15,400u,checkoutservice-5b6d96c9b7-45rkr,31,38
22:07:15,400u,checkoutservice-5b6d96c9b7-jbfvs,1,16
22:07:15,400u,checkoutservice-5b6d96c9b7-zvd4c,17,21
22:07:15,400u,currencyservice-7c8fc8fc9c-4hm9g,194,126
22:07:15,400u,currencyservice-7c8fc8fc9c-5frj9,1,86
22:07:15,400u,currencyservice-7c8fc8fc9c-mgwx9,1,71
22:07:15,400u,emailservice-66944ff59-2lcjl,16,95
22:07:15,400u,emailservice-66944ff59-c4g5x,9,56
22:07:15,400u,emailservice-66944ff59-hrmjl,3,56
22:07:15,400u,frontend-7bd6f45654-przgb,167,32
22:07:15,400u,frontend-7bd6f45654-s2s7z,144,56
22:07:15,400u,frontend-7bd6f45654-vfxkp,139,33
22:07:15,400u,paymentservice-9bfb7bf5-6hckw,1,67
22:07:15,400u,paymentservice-9bfb7bf5-75nf7,1,101
22:07:15,400u,paymentservice-9bfb7bf5-kgd56,16,113
22:07:15,400u,productcatalogservice-65bbf699df-7w28t,1,21
22:07:15,400u,productcatalogservice-65bbf699df-j2fmg,139,44
22:07:15,400u,productcatalogservice-65bbf699df-qntf5,60,22
22:07:15,400u,recommendationservice-7444754ff5-d8g8j,3,51
22:07:15,400u,recommendationservice-7444754ff5-n8cbh,190,82
22:07:15,400u,recommendationservice-7444754ff5-pwgrt,159,55
22:07:15,400u,redis-cart-c8ff86559-kcf44,10,37
22:07:15,400u,shippingservice-f956b6d9f-nvkxm,1,15
22:07:15,400u,shippingservice-f956b6d9f-pkw7l,9,16
22:07:15,400u,shippingservice-f956b6d9f-w7n4b,24,32
22:07:20,400u,adservice-574bff445c-6mj7s,2,198
22:07:20,400u,adservice-574bff445c-dwnqt,78,253
22:07:20,400u,adservice-574bff445c-qb9cj,38,268
22:07:20,400u,cartservice-7c84fdfb6-gvdl7,2,111
22:07:20,400u,cartservice-7c84fdfb6-m5m6d,112,187
22:07:20,400u,cartservice-7c84fdfb6-rrqpp,1,115
22:07:20,400u,checkoutservice-5b6d96c9b7-45rkr,32,38
22:07:20,400u,checkoutservice-5b6d96c9b7-jbfvs,1,16
22:07:20,400u,checkoutservice-5b6d96c9b7-zvd4c,15,21
22:07:20,400u,currencyservice-7c8fc8fc9c-4hm9g,194,125
22:07:20,400u,currencyservice-7c8fc8fc9c-5frj9,1,86
22:07:20,400u,currencyservice-7c8fc8fc9c-mgwx9,5,71
22:07:20,400u,emailservice-66944ff59-2lcjl,17,95
22:07:20,400u,emailservice-66944ff59-c4g5x,8,56
22:07:20,400u,emailservice-66944ff59-hrmjl,3,56
22:07:20,400u,frontend-7bd6f45654-przgb,174,35
22:07:20,400u,frontend-7bd6f45654-s2s7z,146,57
22:07:20,400u,frontend-7bd6f45654-vfxkp,135,34
22:07:20,400u,paymentservice-9bfb7bf5-6hckw,1,67
22:07:20,400u,paymentservice-9bfb7bf5-75nf7,1,101
22:07:20,400u,paymentservice-9bfb7bf5-kgd56,15,113
22:07:20,400u,productcatalogservice-65bbf699df-7w28t,1,21
22:07:20,400u,productcatalogservice-65bbf699df-j2fmg,144,44
22:07:20,400u,productcatalogservice-65bbf699df-qntf5,60,22
22:07:20,400u,recommendationservice-7444754ff5-d8g8j,2,51
22:07:20,400u,recommendationservice-7444754ff5-n8cbh,192,82
22:07:20,400u,recommendationservice-7444754ff5-pwgrt,168,55
22:07:20,400u,redis-cart-c8ff86559-kcf44,10,37
22:07:20,400u,shippingservice-f956b6d9f-nvkxm,1,15
22:07:20,400u,shippingservice-f956b6d9f-pkw7l,10,16
22:07:20,400u,shippingservice-f956b6d9f-w7n4b,24,32
22:07:22,400u,adservice-574bff445c-6mj7s,2,198
22:07:22,400u,adservice-574bff445c-dwnqt,78,253
22:07:22,400u,adservice-574bff445c-qb9cj,38,268
22:07:22,400u,cartservice-7c84fdfb6-gvdl7,2,111
22:07:22,400u,cartservice-7c84fdfb6-m5m6d,112,187
22:07:22,400u,cartservice-7c84fdfb6-rrqpp,1,115
22:07:22,400u,checkoutservice-5b6d96c9b7-45rkr,32,38
22:07:22,400u,checkoutservice-5b6d96c9b7-jbfvs,1,16
22:07:22,400u,checkoutservice-5b6d96c9b7-zvd4c,15,21
22:07:22,400u,currencyservice-7c8fc8fc9c-4hm9g,194,125
22:07:22,400u,currencyservice-7c8fc8fc9c-5frj9,1,86
22:07:22,400u,currencyservice-7c8fc8fc9c-mgwx9,5,71
22:07:22,400u,emailservice-66944ff59-2lcjl,17,95
22:07:22,400u,emailservice-66944ff59-c4g5x,8,56
22:07:22,400u,emailservice-66944ff59-hrmjl,3,56
22:07:22,400u,frontend-7bd6f45654-przgb,174,35
22:07:22,400u,frontend-7bd6f45654-s2s7z,146,57
22:07:22,400u,frontend-7bd6f45654-vfxkp,135,34
22:07:22,400u,paymentservice-9bfb7bf5-6hckw,1,67
22:07:22,400u,paymentservice-9bfb7bf5-75nf7,1,101
22:07:22,400u,paymentservice-9bfb7bf5-kgd56,15,113
22:07:22,400u,productcatalogservice-65bbf699df-7w28t,1,21
22:07:22,400u,productcatalogservice-65bbf699df-j2fmg,144,44
22:07:22,400u,productcatalogservice-65bbf699df-qntf5,60,22
22:07:22,400u,recommendationservice-7444754ff5-d8g8j,2,51
22:07:22,400u,recommendationservice-7444754ff5-n8cbh,192,82
22:07:22,400u,recommendationservice-7444754ff5-pwgrt,168,55
22:07:22,400u,redis-cart-c8ff86559-kcf44,10,37
22:07:22,400u,shippingservice-f956b6d9f-nvkxm,1,15
22:07:22,400u,shippingservice-f956b6d9f-pkw7l,10,16
22:07:22,400u,shippingservice-f956b6d9f-w7n4b,24,32
22:07:25,400u,adservice-574bff445c-6mj7s,2,198
22:07:25,400u,adservice-574bff445c-dwnqt,78,253
22:07:25,400u,adservice-574bff445c-qb9cj,38,268
22:07:25,400u,cartservice-7c84fdfb6-gvdl7,2,111
22:07:25,400u,cartservice-7c84fdfb6-m5m6d,112,187
22:07:25,400u,cartservice-7c84fdfb6-rrqpp,1,115
22:07:25,400u,checkoutservice-5b6d96c9b7-45rkr,32,38
22:07:25,400u,checkoutservice-5b6d96c9b7-jbfvs,1,16
22:07:25,400u,checkoutservice-5b6d96c9b7-zvd4c,15,21
22:07:25,400u,currencyservice-7c8fc8fc9c-4hm9g,194,125
22:07:25,400u,currencyservice-7c8fc8fc9c-5frj9,1,86
22:07:25,400u,currencyservice-7c8fc8fc9c-mgwx9,5,71
22:07:25,400u,emailservice-66944ff59-2lcjl,17,95
22:07:25,400u,emailservice-66944ff59-c4g5x,8,56
22:07:25,400u,emailservice-66944ff59-hrmjl,3,56
22:07:25,400u,frontend-7bd6f45654-przgb,174,35
22:07:25,400u,frontend-7bd6f45654-s2s7z,146,57
22:07:25,400u,frontend-7bd6f45654-vfxkp,135,34
22:07:25,400u,paymentservice-9bfb7bf5-6hckw,1,67
22:07:25,400u,paymentservice-9bfb7bf5-75nf7,1,101
22:07:25,400u,paymentservice-9bfb7bf5-kgd56,15,113
22:07:25,400u,productcatalogservice-65bbf699df-7w28t,1,21
22:07:25,400u,productcatalogservice-65bbf699df-j2fmg,144,44
22:07:25,400u,productcatalogservice-65bbf699df-qntf5,60,22
22:07:25,400u,recommendationservice-7444754ff5-d8g8j,2,51
22:07:25,400u,recommendationservice-7444754ff5-n8cbh,192,82
22:07:25,400u,recommendationservice-7444754ff5-pwgrt,168,55
22:07:25,400u,redis-cart-c8ff86559-kcf44,10,37
22:07:25,400u,shippingservice-f956b6d9f-nvkxm,1,15
22:07:25,400u,shippingservice-f956b6d9f-pkw7l,10,16
22:07:25,400u,shippingservice-f956b6d9f-w7n4b,24,32
22:07:33,400u,adservice-574bff445c-6mj7s,2,198
22:07:33,400u,adservice-574bff445c-dwnqt,78,253
22:07:33,400u,adservice-574bff445c-qb9cj,38,268
22:07:33,400u,cartservice-7c84fdfb6-gvdl7,2,111
22:07:33,400u,cartservice-7c84fdfb6-m5m6d,112,187
22:07:33,400u,cartservice-7c84fdfb6-rrqpp,1,115
22:07:33,400u,checkoutservice-5b6d96c9b7-45rkr,32,38
22:07:33,400u,checkoutservice-5b6d96c9b7-jbfvs,1,16
22:07:33,400u,checkoutservice-5b6d96c9b7-zvd4c,15,21
22:07:33,400u,currencyservice-7c8fc8fc9c-4hm9g,194,125
22:07:33,400u,currencyservice-7c8fc8fc9c-5frj9,1,86
22:07:33,400u,currencyservice-7c8fc8fc9c-mgwx9,5,71
22:07:33,400u,emailservice-66944ff59-2lcjl,17,95
22:07:33,400u,emailservice-66944ff59-c4g5x,8,56
22:07:33,400u,emailservice-66944ff59-hrmjl,3,56
22:07:33,400u,frontend-7bd6f45654-przgb,174,35
22:07:33,400u,frontend-7bd6f45654-s2s7z,146,57
22:07:33,400u,frontend-7bd6f45654-vfxkp,135,34
22:07:33,400u,paymentservice-9bfb7bf5-6hckw,1,67
22:07:33,400u,paymentservice-9bfb7bf5-75nf7,1,101
22:07:33,400u,paymentservice-9bfb7bf5-kgd56,15,113
22:07:33,400u,productcatalogservice-65bbf699df-7w28t,1,21
22:07:33,400u,productcatalogservice-65bbf699df-j2fmg,144,44
22:07:33,400u,productcatalogservice-65bbf699df-qntf5,60,22
22:07:33,400u,recommendationservice-7444754ff5-d8g8j,2,51
22:07:33,400u,recommendationservice-7444754ff5-n8cbh,192,82
22:07:33,400u,recommendationservice-7444754ff5-pwgrt,168,55
22:07:33,400u,redis-cart-c8ff86559-kcf44,10,37
22:07:33,400u,shippingservice-f956b6d9f-nvkxm,1,15
22:07:33,400u,shippingservice-f956b6d9f-pkw7l,10,16
22:07:33,400u,shippingservice-f956b6d9f-w7n4b,24,32
22:07:36,400u,adservice-574bff445c-6mj7s,3,198
22:07:36,400u,adservice-574bff445c-dwnqt,48,253
22:07:36,400u,adservice-574bff445c-qb9cj,22,268
22:07:36,400u,cartservice-7c84fdfb6-gvdl7,2,111
22:07:36,400u,cartservice-7c84fdfb6-m5m6d,66,188
22:07:36,400u,cartservice-7c84fdfb6-rrqpp,2,115
22:07:36,400u,checkoutservice-5b6d96c9b7-45rkr,16,38
22:07:36,400u,checkoutservice-5b6d96c9b7-jbfvs,1,16
22:07:36,400u,checkoutservice-5b6d96c9b7-zvd4c,7,21
22:07:36,400u,currencyservice-7c8fc8fc9c-4hm9g,113,126
22:07:36,400u,currencyservice-7c8fc8fc9c-5frj9,1,86
22:07:36,400u,currencyservice-7c8fc8fc9c-mgwx9,2,71
22:07:36,400u,emailservice-66944ff59-2lcjl,9,95
22:07:36,400u,emailservice-66944ff59-c4g5x,6,56
22:07:36,400u,emailservice-66944ff59-hrmjl,3,56
22:07:36,400u,frontend-7bd6f45654-przgb,97,35
22:07:36,400u,frontend-7bd6f45654-s2s7z,81,56
22:07:36,400u,frontend-7bd6f45654-vfxkp,78,34
22:07:36,400u,paymentservice-9bfb7bf5-6hckw,2,67
22:07:36,400u,paymentservice-9bfb7bf5-75nf7,2,101
22:07:36,400u,paymentservice-9bfb7bf5-kgd56,9,113
22:07:36,400u,productcatalogservice-65bbf699df-7w28t,1,21
22:07:36,400u,productcatalogservice-65bbf699df-j2fmg,83,44
22:07:36,400u,productcatalogservice-65bbf699df-qntf5,34,23
22:07:36,400u,recommendationservice-7444754ff5-d8g8j,3,51
22:07:36,400u,recommendationservice-7444754ff5-n8cbh,114,81
22:07:36,400u,recommendationservice-7444754ff5-pwgrt,91,55
22:07:36,400u,redis-cart-c8ff86559-kcf44,7,37
22:07:36,400u,shippingservice-f956b6d9f-nvkxm,1,15
22:07:36,400u,shippingservice-f956b6d9f-pkw7l,6,16
22:07:36,400u,shippingservice-f956b6d9f-w7n4b,13,32
22:07:43,400u,adservice-574bff445c-6mj7s,3,198
22:07:43,400u,adservice-574bff445c-dwnqt,48,253
22:07:43,400u,adservice-574bff445c-qb9cj,22,268
22:07:43,400u,cartservice-7c84fdfb6-gvdl7,2,111
22:07:43,400u,cartservice-7c84fdfb6-m5m6d,66,188
22:07:43,400u,cartservice-7c84fdfb6-rrqpp,2,115
22:07:43,400u,checkoutservice-5b6d96c9b7-45rkr,16,38
22:07:43,400u,checkoutservice-5b6d96c9b7-jbfvs,1,16
22:07:43,400u,checkoutservice-5b6d96c9b7-zvd4c,7,21
22:07:43,400u,currencyservice-7c8fc8fc9c-4hm9g,113,126
22:07:43,400u,currencyservice-7c8fc8fc9c-5frj9,1,86
22:07:43,400u,currencyservice-7c8fc8fc9c-mgwx9,2,71
22:07:43,400u,emailservice-66944ff59-2lcjl,9,95
22:07:43,400u,emailservice-66944ff59-c4g5x,6,56
22:07:43,400u,emailservice-66944ff59-hrmjl,3,56
22:07:43,400u,frontend-7bd6f45654-przgb,97,35
22:07:43,400u,frontend-7bd6f45654-s2s7z,81,56
22:07:43,400u,frontend-7bd6f45654-vfxkp,78,34
22:07:43,400u,paymentservice-9bfb7bf5-6hckw,2,67
22:07:43,400u,paymentservice-9bfb7bf5-75nf7,2,101
22:07:43,400u,paymentservice-9bfb7bf5-kgd56,9,113
22:07:43,400u,productcatalogservice-65bbf699df-7w28t,1,21
22:07:43,400u,productcatalogservice-65bbf699df-j2fmg,83,44
22:07:43,400u,productcatalogservice-65bbf699df-qntf5,34,23
22:07:43,400u,recommendationservice-7444754ff5-d8g8j,3,51
22:07:43,400u,recommendationservice-7444754ff5-n8cbh,114,81
22:07:43,400u,recommendationservice-7444754ff5-pwgrt,91,55
22:07:43,400u,redis-cart-c8ff86559-kcf44,7,37
22:07:43,400u,shippingservice-f956b6d9f-nvkxm,1,15
22:07:43,400u,shippingservice-f956b6d9f-pkw7l,6,16
22:07:43,400u,shippingservice-f956b6d9f-w7n4b,13,32
22:07:46,400u,adservice-574bff445c-6mj7s,3,198
22:07:46,400u,adservice-574bff445c-dwnqt,48,253
22:07:46,400u,adservice-574bff445c-qb9cj,22,268
22:07:46,400u,cartservice-7c84fdfb6-gvdl7,2,111
22:07:46,400u,cartservice-7c84fdfb6-m5m6d,66,188
22:07:46,400u,cartservice-7c84fdfb6-rrqpp,2,115
22:07:46,400u,checkoutservice-5b6d96c9b7-45rkr,16,38
22:07:46,400u,checkoutservice-5b6d96c9b7-jbfvs,1,16
22:07:46,400u,checkoutservice-5b6d96c9b7-zvd4c,7,21
22:07:46,400u,currencyservice-7c8fc8fc9c-4hm9g,113,126
22:07:46,400u,currencyservice-7c8fc8fc9c-5frj9,1,86
22:07:46,400u,currencyservice-7c8fc8fc9c-mgwx9,2,71
22:07:46,400u,emailservice-66944ff59-2lcjl,9,95
22:07:46,400u,emailservice-66944ff59-c4g5x,6,56
22:07:46,400u,emailservice-66944ff59-hrmjl,3,56
22:07:46,400u,frontend-7bd6f45654-przgb,97,35
22:07:46,400u,frontend-7bd6f45654-s2s7z,81,56
22:07:46,400u,frontend-7bd6f45654-vfxkp,78,34
22:07:46,400u,paymentservice-9bfb7bf5-6hckw,2,67
22:07:46,400u,paymentservice-9bfb7bf5-75nf7,2,101
22:07:46,400u,paymentservice-9bfb7bf5-kgd56,9,113
22:07:46,400u,productcatalogservice-65bbf699df-7w28t,1,21
22:07:46,400u,productcatalogservice-65bbf699df-j2fmg,83,44
22:07:46,400u,productcatalogservice-65bbf699df-qntf5,34,23
22:07:46,400u,recommendationservice-7444754ff5-d8g8j,3,51
22:07:46,400u,recommendationservice-7444754ff5-n8cbh,114,81
22:07:46,400u,recommendationservice-7444754ff5-pwgrt,91,55
22:07:46,400u,redis-cart-c8ff86559-kcf44,7,37
22:07:46,400u,shippingservice-f956b6d9f-nvkxm,1,15
22:07:46,400u,shippingservice-f956b6d9f-pkw7l,6,16
22:07:46,400u,shippingservice-f956b6d9f-w7n4b,13,32
22:07:53,400u,adservice-574bff445c-6mj7s,4,198
22:07:53,400u,adservice-574bff445c-dwnqt,3,253
22:07:53,400u,adservice-574bff445c-qb9cj,2,268
22:07:53,400u,cartservice-7c84fdfb6-gvdl7,3,111
22:07:53,400u,cartservice-7c84fdfb6-m5m6d,6,188
22:07:53,400u,cartservice-7c84fdfb6-rrqpp,1,115
22:07:53,400u,checkoutservice-5b6d96c9b7-45rkr,1,38
22:07:53,400u,checkoutservice-5b6d96c9b7-jbfvs,1,16
22:07:53,400u,checkoutservice-5b6d96c9b7-zvd4c,1,21
22:07:53,400u,currencyservice-7c8fc8fc9c-4hm9g,12,125
22:07:53,400u,currencyservice-7c8fc8fc9c-5frj9,2,86
22:07:53,400u,currencyservice-7c8fc8fc9c-mgwx9,3,72
22:07:53,400u,emailservice-66944ff59-2lcjl,4,95
22:07:53,400u,emailservice-66944ff59-c4g5x,4,56
22:07:53,400u,emailservice-66944ff59-hrmjl,3,56
22:07:53,400u,frontend-7bd6f45654-przgb,6,32
22:07:53,400u,frontend-7bd6f45654-s2s7z,4,56
22:07:53,400u,frontend-7bd6f45654-vfxkp,3,32
22:07:53,400u,loadgenerator-57fc5754d-f97zg,6,64
22:07:53,400u,paymentservice-9bfb7bf5-6hckw,1,67
22:07:53,400u,paymentservice-9bfb7bf5-75nf7,1,101
22:07:53,400u,paymentservice-9bfb7bf5-kgd56,2,113
22:07:53,400u,productcatalogservice-65bbf699df-7w28t,1,21
22:07:53,400u,productcatalogservice-65bbf699df-j2fmg,4,44
22:07:53,400u,productcatalogservice-65bbf699df-qntf5,2,23
22:07:53,400u,recommendationservice-7444754ff5-d8g8j,4,51
22:07:53,400u,recommendationservice-7444754ff5-n8cbh,6,81
22:07:53,400u,recommendationservice-7444754ff5-pwgrt,6,55
22:07:53,400u,redis-cart-c8ff86559-kcf44,3,37
22:07:53,400u,shippingservice-f956b6d9f-nvkxm,1,15
22:07:53,400u,shippingservice-f956b6d9f-pkw7l,1,16
22:07:53,400u,shippingservice-f956b6d9f-w7n4b,1,32
22:07:56,400u,adservice-574bff445c-6mj7s,4,198
22:07:56,400u,adservice-574bff445c-dwnqt,3,253
22:07:56,400u,adservice-574bff445c-qb9cj,2,268
22:07:56,400u,cartservice-7c84fdfb6-gvdl7,3,111
22:07:56,400u,cartservice-7c84fdfb6-m5m6d,6,188
22:07:56,400u,cartservice-7c84fdfb6-rrqpp,1,115
22:07:56,400u,checkoutservice-5b6d96c9b7-45rkr,1,38
22:07:56,400u,checkoutservice-5b6d96c9b7-jbfvs,1,16
22:07:56,400u,checkoutservice-5b6d96c9b7-zvd4c,1,21
22:07:56,400u,currencyservice-7c8fc8fc9c-4hm9g,12,125
22:07:56,400u,currencyservice-7c8fc8fc9c-5frj9,2,86
22:07:56,400u,currencyservice-7c8fc8fc9c-mgwx9,3,72
22:07:56,400u,emailservice-66944ff59-2lcjl,4,95
22:07:56,400u,emailservice-66944ff59-c4g5x,4,56
22:07:56,400u,emailservice-66944ff59-hrmjl,3,56
22:07:56,400u,frontend-7bd6f45654-przgb,6,32
22:07:56,400u,frontend-7bd6f45654-s2s7z,4,56
22:07:56,400u,frontend-7bd6f45654-vfxkp,3,32
22:07:56,400u,loadgenerator-57fc5754d-f97zg,6,64
22:07:56,400u,paymentservice-9bfb7bf5-6hckw,1,67
22:07:56,400u,paymentservice-9bfb7bf5-75nf7,1,101
22:07:56,400u,paymentservice-9bfb7bf5-kgd56,2,113
22:07:56,400u,productcatalogservice-65bbf699df-7w28t,1,21
22:07:56,400u,productcatalogservice-65bbf699df-j2fmg,4,44
22:07:56,400u,productcatalogservice-65bbf699df-qntf5,2,23
22:07:56,400u,recommendationservice-7444754ff5-d8g8j,4,51
22:07:56,400u,recommendationservice-7444754ff5-n8cbh,6,81
22:07:56,400u,recommendationservice-7444754ff5-pwgrt,6,55
22:07:56,400u,redis-cart-c8ff86559-kcf44,3,37
22:07:56,400u,shippingservice-f956b6d9f-nvkxm,1,15
22:07:56,400u,shippingservice-f956b6d9f-pkw7l,1,16
22:07:56,400u,shippingservice-f956b6d9f-w7n4b,1,32
22:08:03,400u,adservice-574bff445c-6mj7s,4,198
22:08:03,400u,adservice-574bff445c-dwnqt,3,253
22:08:03,400u,adservice-574bff445c-qb9cj,2,268
22:08:03,400u,cartservice-7c84fdfb6-gvdl7,3,111
22:08:03,400u,cartservice-7c84fdfb6-m5m6d,6,188
22:08:03,400u,cartservice-7c84fdfb6-rrqpp,1,115
22:08:03,400u,checkoutservice-5b6d96c9b7-45rkr,1,38
22:08:03,400u,checkoutservice-5b6d96c9b7-jbfvs,1,16
22:08:03,400u,checkoutservice-5b6d96c9b7-zvd4c,1,21
22:08:03,400u,currencyservice-7c8fc8fc9c-4hm9g,12,125
22:08:03,400u,currencyservice-7c8fc8fc9c-5frj9,2,86
22:08:03,400u,currencyservice-7c8fc8fc9c-mgwx9,3,72
22:08:03,400u,emailservice-66944ff59-2lcjl,4,95
22:08:03,400u,emailservice-66944ff59-c4g5x,4,56
22:08:03,400u,emailservice-66944ff59-hrmjl,3,56
22:08:03,400u,frontend-7bd6f45654-przgb,6,32
22:08:03,400u,frontend-7bd6f45654-s2s7z,4,56
22:08:03,400u,frontend-7bd6f45654-vfxkp,3,32
22:08:03,400u,loadgenerator-57fc5754d-f97zg,6,64
22:08:03,400u,paymentservice-9bfb7bf5-6hckw,1,67
22:08:03,400u,paymentservice-9bfb7bf5-75nf7,1,101
22:08:03,400u,paymentservice-9bfb7bf5-kgd56,2,113
22:08:03,400u,productcatalogservice-65bbf699df-7w28t,1,21
22:08:03,400u,productcatalogservice-65bbf699df-j2fmg,4,44
22:08:03,400u,productcatalogservice-65bbf699df-qntf5,2,23
22:08:03,400u,recommendationservice-7444754ff5-d8g8j,4,51
22:08:03,400u,recommendationservice-7444754ff5-n8cbh,6,81
22:08:03,400u,recommendationservice-7444754ff5-pwgrt,6,55
22:08:03,400u,redis-cart-c8ff86559-kcf44,3,37
22:08:03,400u,shippingservice-f956b6d9f-nvkxm,1,15
22:08:03,400u,shippingservice-f956b6d9f-pkw7l,1,16
22:08:03,400u,shippingservice-f956b6d9f-w7n4b,1,32
22:08:06,400u,adservice-574bff445c-6mj7s,4,198
22:08:06,400u,adservice-574bff445c-dwnqt,4,253
22:08:06,400u,adservice-574bff445c-qb9cj,2,268
22:08:06,400u,cartservice-7c84fdfb6-gvdl7,2,111
22:08:06,400u,cartservice-7c84fdfb6-m5m6d,5,188
22:08:06,400u,cartservice-7c84fdfb6-rrqpp,2,115
22:08:06,400u,checkoutservice-5b6d96c9b7-45rkr,1,38
22:08:06,400u,checkoutservice-5b6d96c9b7-jbfvs,1,16
22:08:06,400u,checkoutservice-5b6d96c9b7-zvd4c,1,21
22:08:06,400u,currencyservice-7c8fc8fc9c-4hm9g,9,125
22:08:06,400u,currencyservice-7c8fc8fc9c-5frj9,1,86
22:08:06,400u,currencyservice-7c8fc8fc9c-mgwx9,1,72
22:08:06,400u,emailservice-66944ff59-2lcjl,5,95
22:08:06,400u,emailservice-66944ff59-c4g5x,4,56
22:08:06,400u,emailservice-66944ff59-hrmjl,4,56
22:08:06,400u,frontend-7bd6f45654-przgb,7,30
22:08:06,400u,frontend-7bd6f45654-s2s7z,4,53
22:08:06,400u,frontend-7bd6f45654-vfxkp,2,32
22:08:06,400u,loadgenerator-57fc5754d-f97zg,5,64
22:08:06,400u,paymentservice-9bfb7bf5-6hckw,2,67
22:08:06,400u,paymentservice-9bfb7bf5-75nf7,1,101
22:08:06,400u,paymentservice-9bfb7bf5-kgd56,1,113
22:08:06,400u,productcatalogservice-65bbf699df-7w28t,1,21
22:08:06,400u,productcatalogservice-65bbf699df-j2fmg,4,44
22:08:06,400u,productcatalogservice-65bbf699df-qntf5,2,22
22:08:06,400u,recommendationservice-7444754ff5-d8g8j,4,51
22:08:06,400u,recommendationservice-7444754ff5-n8cbh,5,81
22:08:06,400u,recommendationservice-7444754ff5-pwgrt,7,55
22:08:06,400u,redis-cart-c8ff86559-kcf44,3,37
22:08:06,400u,shippingservice-f956b6d9f-nvkxm,1,15
22:08:06,400u,shippingservice-f956b6d9f-pkw7l,1,16
22:08:06,400u,shippingservice-f956b6d9f-w7n4b,2,32
22:08:13,400u,adservice-574bff445c-6mj7s,4,198
22:08:13,400u,adservice-574bff445c-dwnqt,4,253
22:08:13,400u,adservice-574bff445c-qb9cj,2,268
22:08:13,400u,cartservice-7c84fdfb6-gvdl7,2,111
22:08:13,400u,cartservice-7c84fdfb6-m5m6d,5,188
22:08:13,400u,cartservice-7c84fdfb6-rrqpp,2,115
22:08:13,400u,checkoutservice-5b6d96c9b7-45rkr,1,38
22:08:13,400u,checkoutservice-5b6d96c9b7-jbfvs,1,16
22:08:13,400u,checkoutservice-5b6d96c9b7-zvd4c,1,21
22:08:13,400u,currencyservice-7c8fc8fc9c-4hm9g,9,125
22:08:13,400u,currencyservice-7c8fc8fc9c-5frj9,1,86
22:08:13,400u,currencyservice-7c8fc8fc9c-mgwx9,1,72
22:08:13,400u,emailservice-66944ff59-2lcjl,5,95
22:08:13,400u,emailservice-66944ff59-c4g5x,4,56
22:08:13,400u,emailservice-66944ff59-hrmjl,4,56
22:08:13,400u,frontend-7bd6f45654-przgb,7,30
22:08:13,400u,frontend-7bd6f45654-s2s7z,4,53
22:08:13,400u,frontend-7bd6f45654-vfxkp,2,32
22:08:13,400u,loadgenerator-57fc5754d-f97zg,5,64
22:08:13,400u,paymentservice-9bfb7bf5-6hckw,2,67
22:08:13,400u,paymentservice-9bfb7bf5-75nf7,1,101
22:08:13,400u,paymentservice-9bfb7bf5-kgd56,1,113
22:08:13,400u,productcatalogservice-65bbf699df-7w28t,1,21
22:08:13,400u,productcatalogservice-65bbf699df-j2fmg,4,44
22:08:13,400u,productcatalogservice-65bbf699df-qntf5,2,22
22:08:13,400u,recommendationservice-7444754ff5-d8g8j,4,51
22:08:13,400u,recommendationservice-7444754ff5-n8cbh,5,81
22:08:13,400u,recommendationservice-7444754ff5-pwgrt,7,55
22:08:13,400u,redis-cart-c8ff86559-kcf44,3,37
22:08:13,400u,shippingservice-f956b6d9f-nvkxm,1,15
22:08:13,400u,shippingservice-f956b6d9f-pkw7l,1,16
22:08:13,400u,shippingservice-f956b6d9f-w7n4b,2,32
22:08:16,400u,adservice-574bff445c-6mj7s,4,198
22:08:16,400u,adservice-574bff445c-dwnqt,4,253
22:08:16,400u,adservice-574bff445c-qb9cj,2,268
22:08:16,400u,cartservice-7c84fdfb6-gvdl7,2,111
22:08:16,400u,cartservice-7c84fdfb6-m5m6d,5,188
22:08:16,400u,cartservice-7c84fdfb6-rrqpp,2,115
22:08:16,400u,checkoutservice-5b6d96c9b7-45rkr,1,38
22:08:16,400u,checkoutservice-5b6d96c9b7-jbfvs,1,16
22:08:16,400u,checkoutservice-5b6d96c9b7-zvd4c,1,21
22:08:16,400u,currencyservice-7c8fc8fc9c-4hm9g,9,125
22:08:16,400u,currencyservice-7c8fc8fc9c-5frj9,1,86
22:08:16,400u,currencyservice-7c8fc8fc9c-mgwx9,1,72
22:08:16,400u,emailservice-66944ff59-2lcjl,5,95
22:08:16,400u,emailservice-66944ff59-c4g5x,4,56
22:08:16,400u,emailservice-66944ff59-hrmjl,4,56
22:08:16,400u,frontend-7bd6f45654-przgb,7,30
22:08:16,400u,frontend-7bd6f45654-s2s7z,4,53
22:08:16,400u,frontend-7bd6f45654-vfxkp,2,32
22:08:16,400u,loadgenerator-57fc5754d-f97zg,5,64
22:08:16,400u,paymentservice-9bfb7bf5-6hckw,2,67
22:08:16,400u,paymentservice-9bfb7bf5-75nf7,1,101
22:08:16,400u,paymentservice-9bfb7bf5-kgd56,1,113
22:08:16,400u,productcatalogservice-65bbf699df-7w28t,1,21
22:08:16,400u,productcatalogservice-65bbf699df-j2fmg,4,44
22:08:16,400u,productcatalogservice-65bbf699df-qntf5,2,22
22:08:16,400u,recommendationservice-7444754ff5-d8g8j,4,51
22:08:16,400u,recommendationservice-7444754ff5-n8cbh,5,81
22:08:16,400u,recommendationservice-7444754ff5-pwgrt,7,55
22:08:16,400u,redis-cart-c8ff86559-kcf44,3,37
22:08:16,400u,shippingservice-f956b6d9f-nvkxm,1,15
22:08:16,400u,shippingservice-f956b6d9f-pkw7l,1,16
22:08:16,400u,shippingservice-f956b6d9f-w7n4b,2,32
22:08:23,400u,adservice-574bff445c-6mj7s,5,198
22:08:23,400u,adservice-574bff445c-dwnqt,5,252
22:08:23,400u,adservice-574bff445c-qb9cj,3,267
22:08:23,400u,cartservice-7c84fdfb6-gvdl7,2,111
22:08:23,400u,cartservice-7c84fdfb6-m5m6d,7,188
22:08:23,400u,cartservice-7c84fdfb6-rrqpp,2,115
22:08:23,400u,checkoutservice-5b6d96c9b7-45rkr,1,38
22:08:23,400u,checkoutservice-5b6d96c9b7-jbfvs,2,16
22:08:23,400u,checkoutservice-5b6d96c9b7-zvd4c,1,21
22:08:23,400u,currencyservice-7c8fc8fc9c-4hm9g,18,125
22:08:23,400u,currencyservice-7c8fc8fc9c-5frj9,3,86
22:08:23,400u,currencyservice-7c8fc8fc9c-mgwx9,3,72
22:08:23,400u,emailservice-66944ff59-2lcjl,4,95
22:08:23,400u,emailservice-66944ff59-c4g5x,4,56
22:08:23,400u,emailservice-66944ff59-hrmjl,6,56
22:08:23,400u,frontend-7bd6f45654-przgb,6,30
22:08:23,400u,frontend-7bd6f45654-s2s7z,3,53
22:08:23,400u,frontend-7bd6f45654-vfxkp,4,30
22:08:23,400u,loadgenerator-57fc5754d-f97zg,7,64
22:08:23,400u,paymentservice-9bfb7bf5-6hckw,2,67
22:08:23,400u,paymentservice-9bfb7bf5-75nf7,1,101
22:08:23,400u,paymentservice-9bfb7bf5-kgd56,2,113
22:08:23,400u,productcatalogservice-65bbf699df-7w28t,1,21
22:08:23,400u,productcatalogservice-65bbf699df-j2fmg,4,44
22:08:23,400u,productcatalogservice-65bbf699df-qntf5,2,22
22:08:23,400u,recommendationservice-7444754ff5-d8g8j,4,51
22:08:23,400u,recommendationservice-7444754ff5-n8cbh,7,81
22:08:23,400u,recommendationservice-7444754ff5-pwgrt,7,55
22:08:23,400u,redis-cart-c8ff86559-kcf44,3,37
22:08:23,400u,shippingservice-f956b6d9f-nvkxm,1,15
22:08:23,400u,shippingservice-f956b6d9f-pkw7l,1,16
22:08:23,400u,shippingservice-f956b6d9f-w7n4b,1,32
22:08:26,400u,adservice-574bff445c-6mj7s,5,198
22:08:26,400u,adservice-574bff445c-dwnqt,5,252
22:08:26,400u,adservice-574bff445c-qb9cj,3,267
22:08:26,400u,cartservice-7c84fdfb6-gvdl7,2,111
22:08:26,400u,cartservice-7c84fdfb6-m5m6d,7,188
22:08:26,400u,cartservice-7c84fdfb6-rrqpp,2,115
22:08:26,400u,checkoutservice-5b6d96c9b7-45rkr,1,38
22:08:26,400u,checkoutservice-5b6d96c9b7-jbfvs,2,16
22:08:26,400u,checkoutservice-5b6d96c9b7-zvd4c,1,21
22:08:26,400u,currencyservice-7c8fc8fc9c-4hm9g,18,125
22:08:26,400u,currencyservice-7c8fc8fc9c-5frj9,3,86
22:08:26,400u,currencyservice-7c8fc8fc9c-mgwx9,3,72
22:08:26,400u,emailservice-66944ff59-2lcjl,4,95
22:08:26,400u,emailservice-66944ff59-c4g5x,4,56
22:08:26,400u,emailservice-66944ff59-hrmjl,6,56
22:08:26,400u,frontend-7bd6f45654-przgb,6,30
22:08:26,400u,frontend-7bd6f45654-s2s7z,3,53
22:08:26,400u,frontend-7bd6f45654-vfxkp,4,30
22:08:26,400u,loadgenerator-57fc5754d-f97zg,7,64
22:08:26,400u,paymentservice-9bfb7bf5-6hckw,2,67
22:08:26,400u,paymentservice-9bfb7bf5-75nf7,1,101
22:08:26,400u,paymentservice-9bfb7bf5-kgd56,2,113
22:08:26,400u,productcatalogservice-65bbf699df-7w28t,1,21
22:08:26,400u,productcatalogservice-65bbf699df-j2fmg,4,44
22:08:26,400u,productcatalogservice-65bbf699df-qntf5,2,22
22:08:26,400u,recommendationservice-7444754ff5-d8g8j,4,51
22:08:26,400u,recommendationservice-7444754ff5-n8cbh,7,81
22:08:26,400u,recommendationservice-7444754ff5-pwgrt,7,55
22:08:26,400u,redis-cart-c8ff86559-kcf44,3,37
22:08:26,400u,shippingservice-f956b6d9f-nvkxm,1,15
22:08:26,400u,shippingservice-f956b6d9f-pkw7l,1,16
22:08:26,400u,shippingservice-f956b6d9f-w7n4b,1,32
22:08:33,400u,adservice-574bff445c-6mj7s,5,198
22:08:33,400u,adservice-574bff445c-dwnqt,5,252
22:08:33,400u,adservice-574bff445c-qb9cj,3,267
22:08:33,400u,cartservice-7c84fdfb6-gvdl7,2,111
22:08:33,400u,cartservice-7c84fdfb6-m5m6d,7,188
22:08:33,400u,cartservice-7c84fdfb6-rrqpp,2,115
22:08:33,400u,checkoutservice-5b6d96c9b7-45rkr,1,38
22:08:33,400u,checkoutservice-5b6d96c9b7-jbfvs,2,16
22:08:33,400u,checkoutservice-5b6d96c9b7-zvd4c,1,21
22:08:33,400u,currencyservice-7c8fc8fc9c-4hm9g,18,125
22:08:33,400u,currencyservice-7c8fc8fc9c-5frj9,3,86
22:08:33,400u,currencyservice-7c8fc8fc9c-mgwx9,3,72
22:08:33,400u,emailservice-66944ff59-2lcjl,4,95
22:08:33,400u,emailservice-66944ff59-c4g5x,4,56
22:08:33,400u,emailservice-66944ff59-hrmjl,6,56
22:08:33,400u,frontend-7bd6f45654-przgb,6,30
22:08:33,400u,frontend-7bd6f45654-s2s7z,3,53
22:08:33,400u,frontend-7bd6f45654-vfxkp,4,30
22:08:33,400u,loadgenerator-57fc5754d-f97zg,7,64
22:08:33,400u,paymentservice-9bfb7bf5-6hckw,2,67
22:08:33,400u,paymentservice-9bfb7bf5-75nf7,1,101
22:08:33,400u,paymentservice-9bfb7bf5-kgd56,2,113
22:08:33,400u,productcatalogservice-65bbf699df-7w28t,1,21
22:08:33,400u,productcatalogservice-65bbf699df-j2fmg,4,44
22:08:33,400u,productcatalogservice-65bbf699df-qntf5,2,22
22:08:33,400u,recommendationservice-7444754ff5-d8g8j,4,51
22:08:33,400u,recommendationservice-7444754ff5-n8cbh,7,81
22:08:33,400u,recommendationservice-7444754ff5-pwgrt,7,55
22:08:33,400u,redis-cart-c8ff86559-kcf44,3,37
22:08:33,400u,shippingservice-f956b6d9f-nvkxm,1,15
22:08:33,400u,shippingservice-f956b6d9f-pkw7l,1,16
22:08:33,400u,shippingservice-f956b6d9f-w7n4b,1,32
22:08:36,400u,adservice-574bff445c-6mj7s,3,198
22:08:36,400u,adservice-574bff445c-dwnqt,4,251
22:08:36,400u,adservice-574bff445c-qb9cj,3,267
22:08:36,400u,cartservice-7c84fdfb6-gvdl7,2,111
22:08:36,400u,cartservice-7c84fdfb6-m5m6d,7,188
22:08:36,400u,cartservice-7c84fdfb6-rrqpp,3,115
22:08:36,400u,checkoutservice-5b6d96c9b7-45rkr,2,38
22:08:36,400u,checkoutservice-5b6d96c9b7-jbfvs,1,16
22:08:36,400u,checkoutservice-5b6d96c9b7-zvd4c,1,21
22:08:36,400u,currencyservice-7c8fc8fc9c-4hm9g,13,125
22:08:36,400u,currencyservice-7c8fc8fc9c-5frj9,1,86
22:08:36,400u,currencyservice-7c8fc8fc9c-mgwx9,2,72
22:08:36,400u,emailservice-66944ff59-2lcjl,5,95
22:08:36,400u,emailservice-66944ff59-c4g5x,4,56
22:08:36,400u,emailservice-66944ff59-hrmjl,4,56
22:08:36,400u,frontend-7bd6f45654-przgb,8,31
22:08:36,400u,frontend-7bd6f45654-s2s7z,4,52
22:08:36,400u,frontend-7bd6f45654-vfxkp,3,30
22:08:36,400u,loadgenerator-57fc5754d-f97zg,7,64
22:08:36,400u,paymentservice-9bfb7bf5-6hckw,2,67
22:08:36,400u,paymentservice-9bfb7bf5-75nf7,1,101
22:08:36,400u,paymentservice-9bfb7bf5-kgd56,2,113
22:08:36,400u,productcatalogservice-65bbf699df-7w28t,1,21
22:08:36,400u,productcatalogservice-65bbf699df-j2fmg,5,44
22:08:36,400u,productcatalogservice-65bbf699df-qntf5,2,22
22:08:36,400u,recommendationservice-7444754ff5-d8g8j,4,51
22:08:36,400u,recommendationservice-7444754ff5-n8cbh,7,81
22:08:36,400u,recommendationservice-7444754ff5-pwgrt,8,55
22:08:36,400u,redis-cart-c8ff86559-kcf44,3,37
22:08:36,400u,shippingservice-f956b6d9f-nvkxm,1,15
22:08:36,400u,shippingservice-f956b6d9f-pkw7l,1,16
22:08:36,400u,shippingservice-f956b6d9f-w7n4b,2,32
22:08:43,400u,adservice-574bff445c-6mj7s,3,198
22:08:43,400u,adservice-574bff445c-dwnqt,4,251
22:08:43,400u,adservice-574bff445c-qb9cj,3,267
22:08:43,400u,cartservice-7c84fdfb6-gvdl7,2,111
22:08:43,400u,cartservice-7c84fdfb6-m5m6d,7,188
22:08:43,400u,cartservice-7c84fdfb6-rrqpp,3,115
22:08:43,400u,checkoutservice-5b6d96c9b7-45rkr,2,38
22:08:43,400u,checkoutservice-5b6d96c9b7-jbfvs,1,16
22:08:43,400u,checkoutservice-5b6d96c9b7-zvd4c,1,21
22:08:43,400u,currencyservice-7c8fc8fc9c-4hm9g,13,125
22:08:43,400u,currencyservice-7c8fc8fc9c-5frj9,1,86
22:08:43,400u,currencyservice-7c8fc8fc9c-mgwx9,2,72
22:08:43,400u,emailservice-66944ff59-2lcjl,5,95
22:08:43,400u,emailservice-66944ff59-c4g5x,4,56
22:08:43,400u,emailservice-66944ff59-hrmjl,4,56
22:08:43,400u,frontend-7bd6f45654-przgb,8,31
22:08:43,400u,frontend-7bd6f45654-s2s7z,4,52
22:08:43,400u,frontend-7bd6f45654-vfxkp,3,30
22:08:43,400u,loadgenerator-57fc5754d-f97zg,7,64
22:08:43,400u,paymentservice-9bfb7bf5-6hckw,2,67
22:08:43,400u,paymentservice-9bfb7bf5-75nf7,1,101
22:08:43,400u,paymentservice-9bfb7bf5-kgd56,2,113
22:08:43,400u,productcatalogservice-65bbf699df-7w28t,1,21
22:08:43,400u,productcatalogservice-65bbf699df-j2fmg,5,44
22:08:43,400u,productcatalogservice-65bbf699df-qntf5,2,22
22:08:43,400u,recommendationservice-7444754ff5-d8g8j,4,51
22:08:43,400u,recommendationservice-7444754ff5-n8cbh,7,81
22:08:43,400u,recommendationservice-7444754ff5-pwgrt,8,55
22:08:43,400u,redis-cart-c8ff86559-kcf44,3,37
22:08:43,400u,shippingservice-f956b6d9f-nvkxm,1,15
22:08:43,400u,shippingservice-f956b6d9f-pkw7l,1,16
22:08:43,400u,shippingservice-f956b6d9f-w7n4b,2,32
22:08:46,400u,adservice-574bff445c-6mj7s,3,198
22:08:46,400u,adservice-574bff445c-dwnqt,4,251
22:08:46,400u,adservice-574bff445c-qb9cj,3,267
22:08:46,400u,cartservice-7c84fdfb6-gvdl7,2,111
22:08:46,400u,cartservice-7c84fdfb6-m5m6d,7,188
22:08:46,400u,cartservice-7c84fdfb6-rrqpp,3,115
22:08:46,400u,checkoutservice-5b6d96c9b7-45rkr,2,38
22:08:46,400u,checkoutservice-5b6d96c9b7-jbfvs,1,16
22:08:46,400u,checkoutservice-5b6d96c9b7-zvd4c,1,21
22:08:46,400u,currencyservice-7c8fc8fc9c-4hm9g,13,125
22:08:46,400u,currencyservice-7c8fc8fc9c-5frj9,1,86
22:08:46,400u,currencyservice-7c8fc8fc9c-mgwx9,2,72
22:08:46,400u,emailservice-66944ff59-2lcjl,5,95
22:08:46,400u,emailservice-66944ff59-c4g5x,4,56
22:08:46,400u,emailservice-66944ff59-hrmjl,4,56
22:08:46,400u,frontend-7bd6f45654-przgb,8,31
22:08:46,400u,frontend-7bd6f45654-s2s7z,4,52
22:08:46,400u,frontend-7bd6f45654-vfxkp,3,30
22:08:46,400u,loadgenerator-57fc5754d-f97zg,7,64
22:08:46,400u,paymentservice-9bfb7bf5-6hckw,2,67
22:08:46,400u,paymentservice-9bfb7bf5-75nf7,1,101
22:08:46,400u,paymentservice-9bfb7bf5-kgd56,2,113
22:08:46,400u,productcatalogservice-65bbf699df-7w28t,1,21
22:08:46,400u,productcatalogservice-65bbf699df-j2fmg,5,44
22:08:46,400u,productcatalogservice-65bbf699df-qntf5,2,22
22:08:46,400u,recommendationservice-7444754ff5-d8g8j,4,51
22:08:46,400u,recommendationservice-7444754ff5-n8cbh,7,81
22:08:46,400u,recommendationservice-7444754ff5-pwgrt,8,55
22:08:46,400u,redis-cart-c8ff86559-kcf44,3,37
22:08:46,400u,shippingservice-f956b6d9f-nvkxm,1,15
22:08:46,400u,shippingservice-f956b6d9f-pkw7l,1,16
22:08:46,400u,shippingservice-f956b6d9f-w7n4b,2,32
22:08:54,400u,adservice-574bff445c-6mj7s,3,198
22:08:54,400u,adservice-574bff445c-dwnqt,4,251
22:08:54,400u,adservice-574bff445c-qb9cj,3,267
22:08:54,400u,cartservice-7c84fdfb6-gvdl7,2,111
22:08:54,400u,cartservice-7c84fdfb6-m5m6d,6,188
22:08:54,400u,cartservice-7c84fdfb6-rrqpp,2,115
22:08:54,400u,checkoutservice-5b6d96c9b7-45rkr,1,38
22:08:54,400u,checkoutservice-5b6d96c9b7-jbfvs,1,16
22:08:54,400u,checkoutservice-5b6d96c9b7-zvd4c,1,21
22:08:54,400u,currencyservice-7c8fc8fc9c-4hm9g,9,125
22:08:54,400u,currencyservice-7c8fc8fc9c-5frj9,4,86
22:08:54,400u,currencyservice-7c8fc8fc9c-mgwx9,2,72
22:08:54,400u,emailservice-66944ff59-2lcjl,5,95
22:08:54,400u,emailservice-66944ff59-c4g5x,5,56
22:08:54,400u,emailservice-66944ff59-hrmjl,4,56
22:08:54,400u,frontend-7bd6f45654-przgb,6,31
22:08:54,400u,frontend-7bd6f45654-s2s7z,4,52
22:08:54,400u,frontend-7bd6f45654-vfxkp,2,30
22:08:54,400u,loadgenerator-57fc5754d-f97zg,6,64
22:08:54,400u,paymentservice-9bfb7bf5-6hckw,2,67
22:08:54,400u,paymentservice-9bfb7bf5-75nf7,1,101
22:08:54,400u,paymentservice-9bfb7bf5-kgd56,2,113
22:08:54,400u,productcatalogservice-65bbf699df-7w28t,1,21
22:08:54,400u,productcatalogservice-65bbf699df-j2fmg,5,44
22:08:54,400u,productcatalogservice-65bbf699df-qntf5,1,22
22:08:54,400u,recommendationservice-7444754ff5-d8g8j,4,51
22:08:54,400u,recommendationservice-7444754ff5-n8cbh,7,81
22:08:54,400u,recommendationservice-7444754ff5-pwgrt,7,55
22:08:54,400u,redis-cart-c8ff86559-kcf44,3,37
22:08:54,400u,shippingservice-f956b6d9f-nvkxm,1,15
22:08:54,400u,shippingservice-f956b6d9f-pkw7l,1,16
22:08:54,400u,shippingservice-f956b6d9f-w7n4b,1,32
22:08:56,400u,adservice-574bff445c-6mj7s,3,198
22:08:56,400u,adservice-574bff445c-dwnqt,4,251
22:08:56,400u,adservice-574bff445c-qb9cj,3,267
22:08:56,400u,cartservice-7c84fdfb6-gvdl7,2,111
22:08:56,400u,cartservice-7c84fdfb6-m5m6d,6,188
22:08:56,400u,cartservice-7c84fdfb6-rrqpp,2,115
22:08:56,400u,checkoutservice-5b6d96c9b7-45rkr,1,38
22:08:56,400u,checkoutservice-5b6d96c9b7-jbfvs,1,16
22:08:56,400u,checkoutservice-5b6d96c9b7-zvd4c,1,21
22:08:56,400u,currencyservice-7c8fc8fc9c-4hm9g,9,125
22:08:56,400u,currencyservice-7c8fc8fc9c-5frj9,4,86
22:08:56,400u,currencyservice-7c8fc8fc9c-mgwx9,2,72
22:08:56,400u,emailservice-66944ff59-2lcjl,5,95
22:08:56,400u,emailservice-66944ff59-c4g5x,5,56
22:08:56,400u,emailservice-66944ff59-hrmjl,4,56
22:08:56,400u,frontend-7bd6f45654-przgb,6,31
22:08:56,400u,frontend-7bd6f45654-s2s7z,4,52
22:08:56,400u,frontend-7bd6f45654-vfxkp,2,30
22:08:56,400u,loadgenerator-57fc5754d-f97zg,6,64
22:08:56,400u,paymentservice-9bfb7bf5-6hckw,2,67
22:08:56,400u,paymentservice-9bfb7bf5-75nf7,1,101
22:08:56,400u,paymentservice-9bfb7bf5-kgd56,2,113
22:08:56,400u,productcatalogservice-65bbf699df-7w28t,1,21
22:08:56,400u,productcatalogservice-65bbf699df-j2fmg,5,44
22:08:56,400u,productcatalogservice-65bbf699df-qntf5,1,22
22:08:56,400u,recommendationservice-7444754ff5-d8g8j,4,51
22:08:56,400u,recommendationservice-7444754ff5-n8cbh,7,81
22:08:56,400u,recommendationservice-7444754ff5-pwgrt,7,55
22:08:56,400u,redis-cart-c8ff86559-kcf44,3,37
22:08:56,400u,shippingservice-f956b6d9f-nvkxm,1,15
22:08:56,400u,shippingservice-f956b6d9f-pkw7l,1,16
22:08:56,400u,shippingservice-f956b6d9f-w7n4b,1,32
22:09:04,400u,adservice-574bff445c-6mj7s,3,198
22:09:04,400u,adservice-574bff445c-dwnqt,4,251
22:09:04,400u,adservice-574bff445c-qb9cj,3,267
22:09:04,400u,cartservice-7c84fdfb6-gvdl7,2,111
22:09:04,400u,cartservice-7c84fdfb6-m5m6d,6,188
22:09:04,400u,cartservice-7c84fdfb6-rrqpp,2,115
22:09:04,400u,checkoutservice-5b6d96c9b7-45rkr,1,38
22:09:04,400u,checkoutservice-5b6d96c9b7-jbfvs,1,16
22:09:04,400u,checkoutservice-5b6d96c9b7-zvd4c,1,21
22:09:04,400u,currencyservice-7c8fc8fc9c-4hm9g,9,125
22:09:04,400u,currencyservice-7c8fc8fc9c-5frj9,4,86
22:09:04,400u,currencyservice-7c8fc8fc9c-mgwx9,2,72
22:09:04,400u,emailservice-66944ff59-2lcjl,5,95
22:09:04,400u,emailservice-66944ff59-c4g5x,5,56
22:09:04,400u,emailservice-66944ff59-hrmjl,4,56
22:09:04,400u,frontend-7bd6f45654-przgb,6,31
22:09:04,400u,frontend-7bd6f45654-s2s7z,4,52
22:09:04,400u,frontend-7bd6f45654-vfxkp,2,30
22:09:04,400u,loadgenerator-57fc5754d-f97zg,6,64
22:09:04,400u,paymentservice-9bfb7bf5-6hckw,2,67
22:09:04,400u,paymentservice-9bfb7bf5-75nf7,1,101
22:09:04,400u,paymentservice-9bfb7bf5-kgd56,2,113
22:09:04,400u,productcatalogservice-65bbf699df-7w28t,1,21
22:09:04,400u,productcatalogservice-65bbf699df-j2fmg,5,44
22:09:04,400u,productcatalogservice-65bbf699df-qntf5,1,22
22:09:04,400u,recommendationservice-7444754ff5-d8g8j,4,51
22:09:04,400u,recommendationservice-7444754ff5-n8cbh,7,81
22:09:04,400u,recommendationservice-7444754ff5-pwgrt,7,55
22:09:04,400u,redis-cart-c8ff86559-kcf44,3,37
22:09:04,400u,shippingservice-f956b6d9f-nvkxm,1,15
22:09:04,400u,shippingservice-f956b6d9f-pkw7l,1,16
22:09:04,400u,shippingservice-f956b6d9f-w7n4b,1,32
22:09:06,400u,adservice-574bff445c-6mj7s,2,198
22:09:06,400u,adservice-574bff445c-dwnqt,4,251
22:09:06,400u,adservice-574bff445c-qb9cj,2,267
22:09:06,400u,cartservice-7c84fdfb6-gvdl7,1,111
22:09:06,400u,cartservice-7c84fdfb6-m5m6d,7,188
22:09:06,400u,cartservice-7c84fdfb6-rrqpp,2,115
22:09:06,400u,checkoutservice-5b6d96c9b7-45rkr,1,38
22:09:06,400u,checkoutservice-5b6d96c9b7-jbfvs,1,16
22:09:06,400u,checkoutservice-5b6d96c9b7-zvd4c,1,21
22:09:06,400u,currencyservice-7c8fc8fc9c-4hm9g,14,125
22:09:06,400u,currencyservice-7c8fc8fc9c-5frj9,2,86
22:09:06,400u,currencyservice-7c8fc8fc9c-mgwx9,3,72
22:09:06,400u,emailservice-66944ff59-2lcjl,4,95
22:09:06,400u,emailservice-66944ff59-c4g5x,4,56
22:09:06,400u,emailservice-66944ff59-hrmjl,3,56
22:09:06,400u,frontend-7bd6f45654-przgb,7,31
22:09:06,400u,frontend-7bd6f45654-s2s7z,5,52
22:09:06,400u,frontend-7bd6f45654-vfxkp,3,30
22:09:06,400u,loadgenerator-57fc5754d-f97zg,8,64
22:09:06,400u,paymentservice-9bfb7bf5-6hckw,2,67
22:09:06,400u,paymentservice-9bfb7bf5-75nf7,2,101
22:09:06,400u,paymentservice-9bfb7bf5-kgd56,2,113
22:09:06,400u,productcatalogservice-65bbf699df-7w28t,1,21
22:09:06,400u,productcatalogservice-65bbf699df-j2fmg,5,44
22:09:06,400u,productcatalogservice-65bbf699df-qntf5,2,22
22:09:06,400u,recommendationservice-7444754ff5-d8g8j,3,51
22:09:06,400u,recommendationservice-7444754ff5-n8cbh,8,81
22:09:06,400u,recommendationservice-7444754ff5-pwgrt,7,55
22:09:06,400u,redis-cart-c8ff86559-kcf44,3,37
22:09:06,400u,shippingservice-f956b6d9f-nvkxm,1,15
22:09:06,400u,shippingservice-f956b6d9f-pkw7l,1,16
22:09:06,400u,shippingservice-f956b6d9f-w7n4b,1,32
22:09:14,400u,adservice-574bff445c-6mj7s,2,198
22:09:14,400u,adservice-574bff445c-dwnqt,4,251
22:09:14,400u,adservice-574bff445c-qb9cj,2,267
22:09:14,400u,cartservice-7c84fdfb6-gvdl7,1,111
22:09:14,400u,cartservice-7c84fdfb6-m5m6d,7,188
22:09:14,400u,cartservice-7c84fdfb6-rrqpp,2,115
22:09:14,400u,checkoutservice-5b6d96c9b7-45rkr,1,38
22:09:14,400u,checkoutservice-5b6d96c9b7-jbfvs,1,16
22:09:14,400u,checkoutservice-5b6d96c9b7-zvd4c,1,21
22:09:14,400u,currencyservice-7c8fc8fc9c-4hm9g,14,125
22:09:14,400u,currencyservice-7c8fc8fc9c-5frj9,2,86
22:09:14,400u,currencyservice-7c8fc8fc9c-mgwx9,3,72
22:09:14,400u,emailservice-66944ff59-2lcjl,4,95
22:09:14,400u,emailservice-66944ff59-c4g5x,4,56
22:09:14,400u,emailservice-66944ff59-hrmjl,3,56
22:09:14,400u,frontend-7bd6f45654-przgb,7,31
22:09:14,400u,frontend-7bd6f45654-s2s7z,5,52
22:09:14,400u,frontend-7bd6f45654-vfxkp,3,30
22:09:14,400u,loadgenerator-57fc5754d-f97zg,8,64
22:09:14,400u,paymentservice-9bfb7bf5-6hckw,2,67
22:09:14,400u,paymentservice-9bfb7bf5-75nf7,2,101
22:09:14,400u,paymentservice-9bfb7bf5-kgd56,2,113
22:09:14,400u,productcatalogservice-65bbf699df-7w28t,1,21
22:09:14,400u,productcatalogservice-65bbf699df-j2fmg,5,44
22:09:14,400u,productcatalogservice-65bbf699df-qntf5,2,22
22:09:14,400u,recommendationservice-7444754ff5-d8g8j,3,51
22:09:14,400u,recommendationservice-7444754ff5-n8cbh,8,81
22:09:14,400u,recommendationservice-7444754ff5-pwgrt,7,55
22:09:14,400u,redis-cart-c8ff86559-kcf44,3,37
22:09:14,400u,shippingservice-f956b6d9f-nvkxm,1,15
22:09:14,400u,shippingservice-f956b6d9f-pkw7l,1,16
22:09:14,400u,shippingservice-f956b6d9f-w7n4b,1,32
22:09:17,400u,adservice-574bff445c-6mj7s,2,198
22:09:17,400u,adservice-574bff445c-dwnqt,4,251
22:09:17,400u,adservice-574bff445c-qb9cj,2,267
22:09:17,400u,cartservice-7c84fdfb6-gvdl7,1,111
22:09:17,400u,cartservice-7c84fdfb6-m5m6d,7,188
22:09:17,400u,cartservice-7c84fdfb6-rrqpp,2,115
22:09:17,400u,checkoutservice-5b6d96c9b7-45rkr,1,38
22:09:17,400u,checkoutservice-5b6d96c9b7-jbfvs,1,16
22:09:17,400u,checkoutservice-5b6d96c9b7-zvd4c,1,21
22:09:17,400u,currencyservice-7c8fc8fc9c-4hm9g,14,125
22:09:17,400u,currencyservice-7c8fc8fc9c-5frj9,2,86
22:09:17,400u,currencyservice-7c8fc8fc9c-mgwx9,3,72
22:09:17,400u,emailservice-66944ff59-2lcjl,4,95
22:09:17,400u,emailservice-66944ff59-c4g5x,4,56
22:09:17,400u,emailservice-66944ff59-hrmjl,3,56
22:09:17,400u,frontend-7bd6f45654-przgb,7,31
22:09:17,400u,frontend-7bd6f45654-s2s7z,5,52
22:09:17,400u,frontend-7bd6f45654-vfxkp,3,30
22:09:17,400u,loadgenerator-57fc5754d-f97zg,8,64
22:09:17,400u,paymentservice-9bfb7bf5-6hckw,2,67
22:09:17,400u,paymentservice-9bfb7bf5-75nf7,2,101
22:09:17,400u,paymentservice-9bfb7bf5-kgd56,2,113
22:09:17,400u,productcatalogservice-65bbf699df-7w28t,1,21
22:09:17,400u,productcatalogservice-65bbf699df-j2fmg,5,44
22:09:17,400u,productcatalogservice-65bbf699df-qntf5,2,22
22:09:17,400u,recommendationservice-7444754ff5-d8g8j,3,51
22:09:17,400u,recommendationservice-7444754ff5-n8cbh,8,81
22:09:17,400u,recommendationservice-7444754ff5-pwgrt,7,55
22:09:17,400u,redis-cart-c8ff86559-kcf44,3,37
22:09:17,400u,shippingservice-f956b6d9f-nvkxm,1,15
22:09:17,400u,shippingservice-f956b6d9f-pkw7l,1,16
22:09:17,400u,shippingservice-f956b6d9f-w7n4b,1,32
22:09:24,400u,adservice-574bff445c-6mj7s,6,198
22:09:24,400u,adservice-574bff445c-dwnqt,4,251
22:09:24,400u,adservice-574bff445c-qb9cj,4,267
22:09:24,400u,cartservice-7c84fdfb6-gvdl7,2,111
22:09:24,400u,cartservice-7c84fdfb6-m5m6d,6,188
22:09:24,400u,cartservice-7c84fdfb6-rrqpp,1,115
22:09:24,400u,checkoutservice-5b6d96c9b7-45rkr,1,38
22:09:24,400u,checkoutservice-5b6d96c9b7-jbfvs,1,16
22:09:24,400u,checkoutservice-5b6d96c9b7-zvd4c,1,22
22:09:24,400u,currencyservice-7c8fc8fc9c-4hm9g,10,125
22:09:24,400u,currencyservice-7c8fc8fc9c-5frj9,2,86
22:09:24,400u,currencyservice-7c8fc8fc9c-mgwx9,2,73
22:09:24,400u,emailservice-66944ff59-2lcjl,4,95
22:09:24,400u,emailservice-66944ff59-c4g5x,4,56
22:09:24,400u,emailservice-66944ff59-hrmjl,4,56
22:09:24,400u,frontend-7bd6f45654-przgb,6,31
22:09:24,400u,frontend-7bd6f45654-s2s7z,4,53
22:09:24,400u,frontend-7bd6f45654-vfxkp,3,30
22:09:24,400u,loadgenerator-57fc5754d-f97zg,7,64
22:09:24,400u,paymentservice-9bfb7bf5-6hckw,3,67
22:09:24,400u,paymentservice-9bfb7bf5-75nf7,2,101
22:09:24,400u,paymentservice-9bfb7bf5-kgd56,2,113
22:09:24,400u,productcatalogservice-65bbf699df-7w28t,1,21
22:09:24,400u,productcatalogservice-65bbf699df-j2fmg,4,44
22:09:24,400u,productcatalogservice-65bbf699df-qntf5,1,22
22:09:24,400u,recommendationservice-7444754ff5-d8g8j,4,51
22:09:24,400u,recommendationservice-7444754ff5-n8cbh,7,81
22:09:24,400u,recommendationservice-7444754ff5-pwgrt,8,55
22:09:24,400u,redis-cart-c8ff86559-kcf44,3,37
22:09:24,400u,shippingservice-f956b6d9f-nvkxm,1,15
22:09:24,400u,shippingservice-f956b6d9f-pkw7l,1,16
22:09:24,400u,shippingservice-f956b6d9f-w7n4b,1,32
22:09:27,400u,adservice-574bff445c-6mj7s,6,198
22:09:27,400u,adservice-574bff445c-dwnqt,4,251
22:09:27,400u,adservice-574bff445c-qb9cj,4,267
22:09:27,400u,cartservice-7c84fdfb6-gvdl7,2,111
22:09:27,400u,cartservice-7c84fdfb6-m5m6d,6,188
22:09:27,400u,cartservice-7c84fdfb6-rrqpp,1,115
22:09:27,400u,checkoutservice-5b6d96c9b7-45rkr,1,38
22:09:27,400u,checkoutservice-5b6d96c9b7-jbfvs,1,16
22:09:27,400u,checkoutservice-5b6d96c9b7-zvd4c,1,22
22:09:27,400u,currencyservice-7c8fc8fc9c-4hm9g,10,125
22:09:27,400u,currencyservice-7c8fc8fc9c-5frj9,2,86
22:09:27,400u,currencyservice-7c8fc8fc9c-mgwx9,2,73
22:09:27,400u,emailservice-66944ff59-2lcjl,4,95
22:09:27,400u,emailservice-66944ff59-c4g5x,4,56
22:09:27,400u,emailservice-66944ff59-hrmjl,4,56
22:09:27,400u,frontend-7bd6f45654-przgb,6,31
22:09:27,400u,frontend-7bd6f45654-s2s7z,4,53
22:09:27,400u,frontend-7bd6f45654-vfxkp,3,30
22:09:27,400u,loadgenerator-57fc5754d-f97zg,7,64
22:09:27,400u,paymentservice-9bfb7bf5-6hckw,3,67
22:09:27,400u,paymentservice-9bfb7bf5-75nf7,2,101
22:09:27,400u,paymentservice-9bfb7bf5-kgd56,2,113
22:09:27,400u,productcatalogservice-65bbf699df-7w28t,1,21
22:09:27,400u,productcatalogservice-65bbf699df-j2fmg,4,44
22:09:27,400u,productcatalogservice-65bbf699df-qntf5,1,22
22:09:27,400u,recommendationservice-7444754ff5-d8g8j,4,51
22:09:27,400u,recommendationservice-7444754ff5-n8cbh,7,81
22:09:27,400u,recommendationservice-7444754ff5-pwgrt,8,55
22:09:27,400u,redis-cart-c8ff86559-kcf44,3,37
22:09:27,400u,shippingservice-f956b6d9f-nvkxm,1,15
22:09:27,400u,shippingservice-f956b6d9f-pkw7l,1,16
22:09:27,400u,shippingservice-f956b6d9f-w7n4b,1,32
22:09:34,400u,adservice-574bff445c-6mj7s,6,198
22:09:34,400u,adservice-574bff445c-dwnqt,4,251
22:09:34,400u,adservice-574bff445c-qb9cj,4,267
22:09:34,400u,cartservice-7c84fdfb6-gvdl7,2,111
22:09:34,400u,cartservice-7c84fdfb6-m5m6d,6,188
22:09:34,400u,cartservice-7c84fdfb6-rrqpp,1,115
22:09:34,400u,checkoutservice-5b6d96c9b7-45rkr,1,38
22:09:34,400u,checkoutservice-5b6d96c9b7-jbfvs,1,16
22:09:34,400u,checkoutservice-5b6d96c9b7-zvd4c,1,22
22:09:34,400u,currencyservice-7c8fc8fc9c-4hm9g,10,125
22:09:34,400u,currencyservice-7c8fc8fc9c-5frj9,2,86
22:09:34,400u,currencyservice-7c8fc8fc9c-mgwx9,2,73
22:09:34,400u,emailservice-66944ff59-2lcjl,4,95
22:09:34,400u,emailservice-66944ff59-c4g5x,4,56
22:09:34,400u,emailservice-66944ff59-hrmjl,4,56
22:09:34,400u,frontend-7bd6f45654-przgb,6,31
22:09:34,400u,frontend-7bd6f45654-s2s7z,4,53
22:09:34,400u,frontend-7bd6f45654-vfxkp,3,30
22:09:34,400u,loadgenerator-57fc5754d-f97zg,7,64
22:09:34,400u,paymentservice-9bfb7bf5-6hckw,3,67
22:09:34,400u,paymentservice-9bfb7bf5-75nf7,2,101
22:09:34,400u,paymentservice-9bfb7bf5-kgd56,2,113
22:09:34,400u,productcatalogservice-65bbf699df-7w28t,1,21
22:09:34,400u,productcatalogservice-65bbf699df-j2fmg,4,44
22:09:34,400u,productcatalogservice-65bbf699df-qntf5,1,22
22:09:34,400u,recommendationservice-7444754ff5-d8g8j,4,51
22:09:34,400u,recommendationservice-7444754ff5-n8cbh,7,81
22:09:34,400u,recommendationservice-7444754ff5-pwgrt,8,55
22:09:34,400u,redis-cart-c8ff86559-kcf44,3,37
22:09:34,400u,shippingservice-f956b6d9f-nvkxm,1,15
22:09:34,400u,shippingservice-f956b6d9f-pkw7l,1,16
22:09:34,400u,shippingservice-f956b6d9f-w7n4b,1,32
22:09:37,400u,adservice-574bff445c-6mj7s,2,199
22:09:37,400u,adservice-574bff445c-dwnqt,4,251
22:09:37,400u,adservice-574bff445c-qb9cj,6,267
22:09:37,400u,cartservice-7c84fdfb6-gvdl7,2,111
22:09:37,400u,cartservice-7c84fdfb6-m5m6d,6,188
22:09:37,400u,cartservice-7c84fdfb6-rrqpp,3,115
22:09:37,400u,checkoutservice-5b6d96c9b7-45rkr,2,38
22:09:37,400u,checkoutservice-5b6d96c9b7-jbfvs,1,16
22:09:37,400u,checkoutservice-5b6d96c9b7-zvd4c,1,22
22:09:37,400u,currencyservice-7c8fc8fc9c-4hm9g,13,125
22:09:37,400u,currencyservice-7c8fc8fc9c-5frj9,3,87
22:09:37,400u,currencyservice-7c8fc8fc9c-mgwx9,3,73
22:09:37,400u,emailservice-66944ff59-2lcjl,5,95
22:09:37,400u,emailservice-66944ff59-c4g5x,4,56
22:09:37,400u,emailservice-66944ff59-hrmjl,3,56
22:09:37,400u,frontend-7bd6f45654-przgb,7,31
22:09:37,400u,frontend-7bd6f45654-s2s7z,3,53
22:09:37,400u,frontend-7bd6f45654-vfxkp,3,30
22:09:37,400u,loadgenerator-57fc5754d-f97zg,7,64
22:09:37,400u,paymentservice-9bfb7bf5-6hckw,1,67
22:09:37,400u,paymentservice-9bfb7bf5-75nf7,1,101
22:09:37,400u,paymentservice-9bfb7bf5-kgd56,1,113
22:09:37,400u,productcatalogservice-65bbf699df-7w28t,1,21
22:09:37,400u,productcatalogservice-65bbf699df-j2fmg,4,44
22:09:37,400u,productcatalogservice-65bbf699df-qntf5,2,22
22:09:37,400u,recommendationservice-7444754ff5-d8g8j,3,51
22:09:37,400u,recommendationservice-7444754ff5-n8cbh,8,81
22:09:37,400u,recommendationservice-7444754ff5-pwgrt,6,55
22:09:37,400u,redis-cart-c8ff86559-kcf44,3,37
22:09:37,400u,shippingservice-f956b6d9f-nvkxm,1,15
22:09:37,400u,shippingservice-f956b6d9f-pkw7l,1,16
22:09:37,400u,shippingservice-f956b6d9f-w7n4b,1,32
22:09:44,400u,adservice-574bff445c-6mj7s,2,199
22:09:44,400u,adservice-574bff445c-dwnqt,4,251
22:09:44,400u,adservice-574bff445c-qb9cj,6,267
22:09:44,400u,cartservice-7c84fdfb6-gvdl7,2,111
22:09:44,400u,cartservice-7c84fdfb6-m5m6d,6,188
22:09:44,400u,cartservice-7c84fdfb6-rrqpp,3,115
22:09:44,400u,checkoutservice-5b6d96c9b7-45rkr,2,38
22:09:44,400u,checkoutservice-5b6d96c9b7-jbfvs,1,16
22:09:44,400u,checkoutservice-5b6d96c9b7-zvd4c,1,22
22:09:44,400u,currencyservice-7c8fc8fc9c-4hm9g,13,125
22:09:44,400u,currencyservice-7c8fc8fc9c-5frj9,3,87
22:09:44,400u,currencyservice-7c8fc8fc9c-mgwx9,3,73
22:09:44,400u,emailservice-66944ff59-2lcjl,5,95
22:09:44,400u,emailservice-66944ff59-c4g5x,4,56
22:09:44,400u,emailservice-66944ff59-hrmjl,3,56
22:09:44,400u,frontend-7bd6f45654-przgb,7,31
22:09:44,400u,frontend-7bd6f45654-s2s7z,3,53
22:09:44,400u,frontend-7bd6f45654-vfxkp,3,30
22:09:44,400u,loadgenerator-57fc5754d-f97zg,7,64
22:09:44,400u,paymentservice-9bfb7bf5-6hckw,1,67
22:09:44,400u,paymentservice-9bfb7bf5-75nf7,1,101
22:09:44,400u,paymentservice-9bfb7bf5-kgd56,1,113
22:09:44,400u,productcatalogservice-65bbf699df-7w28t,1,21
22:09:44,400u,productcatalogservice-65bbf699df-j2fmg,4,44
22:09:44,400u,productcatalogservice-65bbf699df-qntf5,2,22
22:09:44,400u,recommendationservice-7444754ff5-d8g8j,3,51
22:09:44,400u,recommendationservice-7444754ff5-n8cbh,8,81
22:09:44,400u,recommendationservice-7444754ff5-pwgrt,6,55
22:09:44,400u,redis-cart-c8ff86559-kcf44,3,37
22:09:44,400u,shippingservice-f956b6d9f-nvkxm,1,15
22:09:44,400u,shippingservice-f956b6d9f-pkw7l,1,16
22:09:44,400u,shippingservice-f956b6d9f-w7n4b,1,32
22:09:47,400u,adservice-574bff445c-6mj7s,2,199
22:09:47,400u,adservice-574bff445c-dwnqt,4,251
22:09:47,400u,adservice-574bff445c-qb9cj,6,267
22:09:47,400u,cartservice-7c84fdfb6-gvdl7,2,111
22:09:47,400u,cartservice-7c84fdfb6-m5m6d,6,188
22:09:47,400u,cartservice-7c84fdfb6-rrqpp,3,115
22:09:47,400u,checkoutservice-5b6d96c9b7-45rkr,2,38
22:09:47,400u,checkoutservice-5b6d96c9b7-jbfvs,1,16
22:09:47,400u,checkoutservice-5b6d96c9b7-zvd4c,1,22
22:09:47,400u,currencyservice-7c8fc8fc9c-4hm9g,13,125
22:09:47,400u,currencyservice-7c8fc8fc9c-5frj9,3,87
22:09:47,400u,currencyservice-7c8fc8fc9c-mgwx9,3,73
22:09:47,400u,emailservice-66944ff59-2lcjl,5,95
22:09:47,400u,emailservice-66944ff59-c4g5x,4,56
22:09:47,400u,emailservice-66944ff59-hrmjl,3,56
22:09:47,400u,frontend-7bd6f45654-przgb,7,31
22:09:47,400u,frontend-7bd6f45654-s2s7z,3,53
22:09:47,400u,frontend-7bd6f45654-vfxkp,3,30
22:09:47,400u,loadgenerator-57fc5754d-f97zg,7,64
22:09:47,400u,paymentservice-9bfb7bf5-6hckw,1,67
22:09:47,400u,paymentservice-9bfb7bf5-75nf7,1,101
22:09:47,400u,paymentservice-9bfb7bf5-kgd56,1,113
22:09:47,400u,productcatalogservice-65bbf699df-7w28t,1,21
22:09:47,400u,productcatalogservice-65bbf699df-j2fmg,4,44
22:09:47,400u,productcatalogservice-65bbf699df-qntf5,2,22
22:09:47,400u,recommendationservice-7444754ff5-d8g8j,3,51
22:09:47,400u,recommendationservice-7444754ff5-n8cbh,8,81
22:09:47,400u,recommendationservice-7444754ff5-pwgrt,6,55
22:09:47,400u,redis-cart-c8ff86559-kcf44,3,37
22:09:47,400u,shippingservice-f956b6d9f-nvkxm,1,15
22:09:47,400u,shippingservice-f956b6d9f-pkw7l,1,16
22:09:47,400u,shippingservice-f956b6d9f-w7n4b,1,32
22:09:54,400u,adservice-574bff445c-6mj7s,4,199
22:09:54,400u,adservice-574bff445c-dwnqt,5,251
22:09:54,400u,adservice-574bff445c-qb9cj,4,267
22:09:54,400u,cartservice-7c84fdfb6-gvdl7,1,111
22:09:54,400u,cartservice-7c84fdfb6-m5m6d,7,188
22:09:54,400u,cartservice-7c84fdfb6-rrqpp,1,115
22:09:54,400u,checkoutservice-5b6d96c9b7-45rkr,1,38
22:09:54,400u,checkoutservice-5b6d96c9b7-jbfvs,1,16
22:09:54,400u,checkoutservice-5b6d96c9b7-zvd4c,1,22
22:09:54,400u,currencyservice-7c8fc8fc9c-4hm9g,14,125
22:09:54,400u,currencyservice-7c8fc8fc9c-5frj9,3,87
22:09:54,400u,currencyservice-7c8fc8fc9c-mgwx9,2,73
22:09:54,400u,emailservice-66944ff59-2lcjl,5,95
22:09:54,400u,emailservice-66944ff59-c4g5x,5,56
22:09:54,400u,emailservice-66944ff59-hrmjl,4,56
22:09:54,400u,frontend-7bd6f45654-przgb,9,31
22:09:54,400u,frontend-7bd6f45654-s2s7z,3,53
22:09:54,400u,frontend-7bd6f45654-vfxkp,3,30
22:09:54,400u,loadgenerator-57fc5754d-f97zg,7,64
22:09:54,400u,paymentservice-9bfb7bf5-6hckw,2,69
22:09:54,400u,paymentservice-9bfb7bf5-75nf7,2,101
22:09:54,400u,paymentservice-9bfb7bf5-kgd56,2,113
22:09:54,400u,productcatalogservice-65bbf699df-7w28t,1,21
22:09:54,400u,productcatalogservice-65bbf699df-j2fmg,5,44
22:09:54,400u,productcatalogservice-65bbf699df-qntf5,2,22
22:09:54,400u,recommendationservice-7444754ff5-d8g8j,4,51
22:09:54,400u,recommendationservice-7444754ff5-n8cbh,7,81
22:09:54,400u,recommendationservice-7444754ff5-pwgrt,8,55
22:09:54,400u,redis-cart-c8ff86559-kcf44,3,37
22:09:54,400u,shippingservice-f956b6d9f-nvkxm,2,15
22:09:54,400u,shippingservice-f956b6d9f-pkw7l,1,16
22:09:54,400u,shippingservice-f956b6d9f-w7n4b,1,32
22:09:57,400u,adservice-574bff445c-6mj7s,4,199
22:09:57,400u,adservice-574bff445c-dwnqt,5,251
22:09:57,400u,adservice-574bff445c-qb9cj,4,267
22:09:57,400u,cartservice-7c84fdfb6-gvdl7,1,111
22:09:57,400u,cartservice-7c84fdfb6-m5m6d,7,188
22:09:57,400u,cartservice-7c84fdfb6-rrqpp,1,115
22:09:57,400u,checkoutservice-5b6d96c9b7-45rkr,1,38
22:09:57,400u,checkoutservice-5b6d96c9b7-jbfvs,1,16
22:09:57,400u,checkoutservice-5b6d96c9b7-zvd4c,1,22
22:09:57,400u,currencyservice-7c8fc8fc9c-4hm9g,14,125
22:09:57,400u,currencyservice-7c8fc8fc9c-5frj9,3,87
22:09:57,400u,currencyservice-7c8fc8fc9c-mgwx9,2,73
22:09:57,400u,emailservice-66944ff59-2lcjl,5,95
22:09:57,400u,emailservice-66944ff59-c4g5x,5,56
22:09:57,400u,emailservice-66944ff59-hrmjl,4,56
22:09:57,400u,frontend-7bd6f45654-przgb,9,31
22:09:57,400u,frontend-7bd6f45654-s2s7z,3,53
22:09:57,400u,frontend-7bd6f45654-vfxkp,3,30
22:09:57,400u,loadgenerator-57fc5754d-f97zg,7,64
22:09:57,400u,paymentservice-9bfb7bf5-6hckw,2,69
22:09:57,400u,paymentservice-9bfb7bf5-75nf7,2,101
22:09:57,400u,paymentservice-9bfb7bf5-kgd56,2,113
22:09:57,400u,productcatalogservice-65bbf699df-7w28t,1,21
22:09:57,400u,productcatalogservice-65bbf699df-j2fmg,5,44
22:09:57,400u,productcatalogservice-65bbf699df-qntf5,2,22
22:09:57,400u,recommendationservice-7444754ff5-d8g8j,4,51
22:09:57,400u,recommendationservice-7444754ff5-n8cbh,7,81
22:09:57,400u,recommendationservice-7444754ff5-pwgrt,8,55
22:09:57,400u,redis-cart-c8ff86559-kcf44,3,37
22:09:57,400u,shippingservice-f956b6d9f-nvkxm,2,15
22:09:57,400u,shippingservice-f956b6d9f-pkw7l,1,16
22:09:57,400u,shippingservice-f956b6d9f-w7n4b,1,32
22:10:04,400u,adservice-574bff445c-6mj7s,3,199
22:10:04,400u,adservice-574bff445c-dwnqt,4,251
22:10:04,400u,adservice-574bff445c-qb9cj,4,267
22:10:04,400u,cartservice-7c84fdfb6-gvdl7,3,111
22:10:04,400u,cartservice-7c84fdfb6-m5m6d,7,188
22:10:04,400u,cartservice-7c84fdfb6-rrqpp,3,115
22:10:04,400u,checkoutservice-5b6d96c9b7-45rkr,2,38
22:10:04,400u,checkoutservice-5b6d96c9b7-jbfvs,1,16
22:10:04,400u,checkoutservice-5b6d96c9b7-zvd4c,1,21
22:10:04,400u,currencyservice-7c8fc8fc9c-4hm9g,22,117
22:10:04,400u,currencyservice-7c8fc8fc9c-5frj9,1,87
22:10:04,400u,currencyservice-7c8fc8fc9c-mgwx9,2,73
22:10:04,400u,emailservice-66944ff59-2lcjl,5,95
22:10:04,400u,emailservice-66944ff59-c4g5x,5,56
22:10:04,400u,emailservice-66944ff59-hrmjl,4,56
22:10:04,400u,frontend-7bd6f45654-przgb,7,31
22:10:04,400u,frontend-7bd6f45654-s2s7z,7,53
22:10:04,400u,frontend-7bd6f45654-vfxkp,3,30
22:10:04,400u,loadgenerator-57fc5754d-f97zg,8,64
22:10:04,400u,paymentservice-9bfb7bf5-6hckw,2,69
22:10:04,400u,paymentservice-9bfb7bf5-75nf7,1,101
22:10:04,400u,paymentservice-9bfb7bf5-kgd56,2,113
22:10:04,400u,productcatalogservice-65bbf699df-7w28t,1,21
22:10:04,400u,productcatalogservice-65bbf699df-j2fmg,6,44
22:10:04,400u,productcatalogservice-65bbf699df-qntf5,2,22
22:10:04,400u,recommendationservice-7444754ff5-d8g8j,4,51
22:10:04,400u,recommendationservice-7444754ff5-n8cbh,9,81
22:10:04,400u,recommendationservice-7444754ff5-pwgrt,7,55
22:10:04,400u,redis-cart-c8ff86559-kcf44,3,37
22:10:04,400u,shippingservice-f956b6d9f-nvkxm,1,15
22:10:04,400u,shippingservice-f956b6d9f-pkw7l,1,16
22:10:04,400u,shippingservice-f956b6d9f-w7n4b,2,32
22:10:07,400u,adservice-574bff445c-6mj7s,3,199
22:10:07,400u,adservice-574bff445c-dwnqt,4,251
22:10:07,400u,adservice-574bff445c-qb9cj,4,267
22:10:07,400u,cartservice-7c84fdfb6-gvdl7,3,111
22:10:07,400u,cartservice-7c84fdfb6-m5m6d,7,188
22:10:07,400u,cartservice-7c84fdfb6-rrqpp,3,115
22:10:07,400u,checkoutservice-5b6d96c9b7-45rkr,2,38
22:10:07,400u,checkoutservice-5b6d96c9b7-jbfvs,1,16
22:10:07,400u,checkoutservice-5b6d96c9b7-zvd4c,1,21
22:10:07,400u,currencyservice-7c8fc8fc9c-4hm9g,22,117
22:10:07,400u,currencyservice-7c8fc8fc9c-5frj9,1,87
22:10:07,400u,currencyservice-7c8fc8fc9c-mgwx9,2,73
22:10:07,400u,emailservice-66944ff59-2lcjl,5,95
22:10:07,400u,emailservice-66944ff59-c4g5x,5,56
22:10:07,400u,emailservice-66944ff59-hrmjl,4,56
22:10:07,400u,frontend-7bd6f45654-przgb,7,31
22:10:07,400u,frontend-7bd6f45654-s2s7z,7,53
22:10:07,400u,frontend-7bd6f45654-vfxkp,3,30
22:10:07,400u,loadgenerator-57fc5754d-f97zg,8,64
22:10:07,400u,paymentservice-9bfb7bf5-6hckw,2,69
22:10:07,400u,paymentservice-9bfb7bf5-75nf7,1,101
22:10:07,400u,paymentservice-9bfb7bf5-kgd56,2,113
22:10:07,400u,productcatalogservice-65bbf699df-7w28t,1,21
22:10:07,400u,productcatalogservice-65bbf699df-j2fmg,6,44
22:10:07,400u,productcatalogservice-65bbf699df-qntf5,2,22
22:10:07,400u,recommendationservice-7444754ff5-d8g8j,4,51
22:10:07,400u,recommendationservice-7444754ff5-n8cbh,9,81
22:10:07,400u,recommendationservice-7444754ff5-pwgrt,7,55
22:10:07,400u,redis-cart-c8ff86559-kcf44,3,37
22:10:07,400u,shippingservice-f956b6d9f-nvkxm,1,15
22:10:07,400u,shippingservice-f956b6d9f-pkw7l,1,16
22:10:07,400u,shippingservice-f956b6d9f-w7n4b,2,32
22:10:14,400u,adservice-574bff445c-6mj7s,3,199
22:10:14,400u,adservice-574bff445c-dwnqt,4,251
22:10:14,400u,adservice-574bff445c-qb9cj,4,267
22:10:14,400u,cartservice-7c84fdfb6-gvdl7,3,111
22:10:14,400u,cartservice-7c84fdfb6-m5m6d,7,188
22:10:14,400u,cartservice-7c84fdfb6-rrqpp,3,115
22:10:14,400u,checkoutservice-5b6d96c9b7-45rkr,2,38
22:10:14,400u,checkoutservice-5b6d96c9b7-jbfvs,1,16
22:10:14,400u,checkoutservice-5b6d96c9b7-zvd4c,1,21
22:10:14,400u,currencyservice-7c8fc8fc9c-4hm9g,22,117
22:10:14,400u,currencyservice-7c8fc8fc9c-5frj9,1,87
22:10:14,400u,currencyservice-7c8fc8fc9c-mgwx9,2,73
22:10:14,400u,emailservice-66944ff59-2lcjl,5,95
22:10:14,400u,emailservice-66944ff59-c4g5x,5,56
22:10:14,400u,emailservice-66944ff59-hrmjl,4,56
22:10:14,400u,frontend-7bd6f45654-przgb,7,31
22:10:14,400u,frontend-7bd6f45654-s2s7z,7,53
22:10:14,400u,frontend-7bd6f45654-vfxkp,3,30
22:10:14,400u,loadgenerator-57fc5754d-f97zg,8,64
22:10:14,400u,paymentservice-9bfb7bf5-6hckw,2,69
22:10:14,400u,paymentservice-9bfb7bf5-75nf7,1,101
22:10:14,400u,paymentservice-9bfb7bf5-kgd56,2,113
22:10:14,400u,productcatalogservice-65bbf699df-7w28t,1,21
22:10:14,400u,productcatalogservice-65bbf699df-j2fmg,6,44
22:10:14,400u,productcatalogservice-65bbf699df-qntf5,2,22
22:10:14,400u,recommendationservice-7444754ff5-d8g8j,4,51
22:10:14,400u,recommendationservice-7444754ff5-n8cbh,9,81
22:10:14,400u,recommendationservice-7444754ff5-pwgrt,7,55
22:10:14,400u,redis-cart-c8ff86559-kcf44,3,37
22:10:14,400u,shippingservice-f956b6d9f-nvkxm,1,15
22:10:14,400u,shippingservice-f956b6d9f-pkw7l,1,16
22:10:14,400u,shippingservice-f956b6d9f-w7n4b,2,32
22:10:17,400u,adservice-574bff445c-6mj7s,3,199
22:10:17,400u,adservice-574bff445c-dwnqt,4,251
22:10:17,400u,adservice-574bff445c-qb9cj,4,267
22:10:17,400u,cartservice-7c84fdfb6-gvdl7,3,111
22:10:17,400u,cartservice-7c84fdfb6-m5m6d,7,188
22:10:17,400u,cartservice-7c84fdfb6-rrqpp,3,115
22:10:17,400u,checkoutservice-5b6d96c9b7-45rkr,2,38
22:10:17,400u,checkoutservice-5b6d96c9b7-jbfvs,1,16
22:10:17,400u,checkoutservice-5b6d96c9b7-zvd4c,1,21
22:10:17,400u,currencyservice-7c8fc8fc9c-4hm9g,22,117
22:10:17,400u,currencyservice-7c8fc8fc9c-5frj9,1,87
22:10:17,400u,currencyservice-7c8fc8fc9c-mgwx9,2,73
22:10:17,400u,emailservice-66944ff59-2lcjl,5,95
22:10:17,400u,emailservice-66944ff59-c4g5x,5,56
22:10:17,400u,emailservice-66944ff59-hrmjl,4,56
22:10:17,400u,frontend-7bd6f45654-przgb,7,31
22:10:17,400u,frontend-7bd6f45654-s2s7z,7,53
22:10:17,400u,frontend-7bd6f45654-vfxkp,3,30
22:10:17,400u,loadgenerator-57fc5754d-f97zg,8,64
22:10:17,400u,paymentservice-9bfb7bf5-6hckw,2,69
22:10:17,400u,paymentservice-9bfb7bf5-75nf7,1,101
22:10:17,400u,paymentservice-9bfb7bf5-kgd56,2,113
22:10:17,400u,productcatalogservice-65bbf699df-7w28t,1,21
22:10:17,400u,productcatalogservice-65bbf699df-j2fmg,6,44
22:10:17,400u,productcatalogservice-65bbf699df-qntf5,2,22
22:10:17,400u,recommendationservice-7444754ff5-d8g8j,4,51
22:10:17,400u,recommendationservice-7444754ff5-n8cbh,9,81
22:10:17,400u,recommendationservice-7444754ff5-pwgrt,7,55
22:10:17,400u,redis-cart-c8ff86559-kcf44,3,37
22:10:17,400u,shippingservice-f956b6d9f-nvkxm,1,15
22:10:17,400u,shippingservice-f956b6d9f-pkw7l,1,16
22:10:17,400u,shippingservice-f956b6d9f-w7n4b,2,32
22:10:25,400u,adservice-574bff445c-6mj7s,5,199
22:10:25,400u,adservice-574bff445c-dwnqt,4,251
22:10:25,400u,adservice-574bff445c-qb9cj,3,267
22:10:25,400u,cartservice-7c84fdfb6-gvdl7,2,111
22:10:25,400u,cartservice-7c84fdfb6-m5m6d,6,188
22:10:25,400u,cartservice-7c84fdfb6-rrqpp,3,115
22:10:25,400u,checkoutservice-5b6d96c9b7-45rkr,1,38
22:10:25,400u,checkoutservice-5b6d96c9b7-jbfvs,1,16
22:10:25,400u,checkoutservice-5b6d96c9b7-zvd4c,1,21
22:10:25,400u,currencyservice-7c8fc8fc9c-4hm9g,14,117
22:10:25,400u,currencyservice-7c8fc8fc9c-5frj9,4,87
22:10:25,400u,currencyservice-7c8fc8fc9c-mgwx9,4,74
22:10:25,400u,emailservice-66944ff59-2lcjl,5,95
22:10:25,400u,emailservice-66944ff59-c4g5x,4,56
22:10:25,400u,emailservice-66944ff59-hrmjl,3,56
22:10:25,400u,frontend-7bd6f45654-przgb,8,31
22:10:25,400u,frontend-7bd6f45654-s2s7z,4,53
22:10:25,400u,frontend-7bd6f45654-vfxkp,4,30
22:10:25,400u,loadgenerator-57fc5754d-f97zg,7,64
22:10:25,400u,paymentservice-9bfb7bf5-6hckw,2,69
22:10:25,400u,paymentservice-9bfb7bf5-75nf7,1,101
22:10:25,400u,paymentservice-9bfb7bf5-kgd56,2,113
22:10:25,400u,productcatalogservice-65bbf699df-7w28t,1,21
22:10:25,400u,productcatalogservice-65bbf699df-j2fmg,6,44
22:10:25,400u,productcatalogservice-65bbf699df-qntf5,2,22
22:10:25,400u,recommendationservice-7444754ff5-d8g8j,4,51
22:10:25,400u,recommendationservice-7444754ff5-n8cbh,8,81
22:10:25,400u,recommendationservice-7444754ff5-pwgrt,8,55
22:10:25,400u,redis-cart-c8ff86559-kcf44,3,37
22:10:25,400u,shippingservice-f956b6d9f-nvkxm,1,15
22:10:25,400u,shippingservice-f956b6d9f-pkw7l,1,17
22:10:25,400u,shippingservice-f956b6d9f-w7n4b,1,32
22:10:27,400u,adservice-574bff445c-6mj7s,5,199
22:10:27,400u,adservice-574bff445c-dwnqt,4,251
22:10:27,400u,adservice-574bff445c-qb9cj,3,267
22:10:27,400u,cartservice-7c84fdfb6-gvdl7,2,111
22:10:27,400u,cartservice-7c84fdfb6-m5m6d,6,188
22:10:27,400u,cartservice-7c84fdfb6-rrqpp,3,115
22:10:27,400u,checkoutservice-5b6d96c9b7-45rkr,1,38
22:10:27,400u,checkoutservice-5b6d96c9b7-jbfvs,1,16
22:10:27,400u,checkoutservice-5b6d96c9b7-zvd4c,1,21
22:10:27,400u,currencyservice-7c8fc8fc9c-4hm9g,14,117
22:10:27,400u,currencyservice-7c8fc8fc9c-5frj9,4,87
22:10:27,400u,currencyservice-7c8fc8fc9c-mgwx9,4,74
22:10:27,400u,emailservice-66944ff59-2lcjl,5,95
22:10:27,400u,emailservice-66944ff59-c4g5x,4,56
22:10:27,400u,emailservice-66944ff59-hrmjl,3,56
22:10:27,400u,frontend-7bd6f45654-przgb,8,31
22:10:27,400u,frontend-7bd6f45654-s2s7z,4,53
22:10:27,400u,frontend-7bd6f45654-vfxkp,4,30
22:10:27,400u,loadgenerator-57fc5754d-f97zg,7,64
22:10:27,400u,paymentservice-9bfb7bf5-6hckw,2,69
22:10:27,400u,paymentservice-9bfb7bf5-75nf7,1,101
22:10:27,400u,paymentservice-9bfb7bf5-kgd56,2,113
22:10:27,400u,productcatalogservice-65bbf699df-7w28t,1,21
22:10:27,400u,productcatalogservice-65bbf699df-j2fmg,6,44
22:10:27,400u,productcatalogservice-65bbf699df-qntf5,2,22
22:10:27,400u,recommendationservice-7444754ff5-d8g8j,4,51
22:10:27,400u,recommendationservice-7444754ff5-n8cbh,8,81
22:10:27,400u,recommendationservice-7444754ff5-pwgrt,8,55
22:10:27,400u,redis-cart-c8ff86559-kcf44,3,37
22:10:27,400u,shippingservice-f956b6d9f-nvkxm,1,15
22:10:27,400u,shippingservice-f956b6d9f-pkw7l,1,17
22:10:27,400u,shippingservice-f956b6d9f-w7n4b,1,32
22:10:35,400u,adservice-574bff445c-6mj7s,5,199
22:10:35,400u,adservice-574bff445c-dwnqt,3,251
22:10:35,400u,adservice-574bff445c-qb9cj,2,267
22:10:35,400u,cartservice-7c84fdfb6-gvdl7,2,111
22:10:35,400u,cartservice-7c84fdfb6-m5m6d,7,188
22:10:35,400u,cartservice-7c84fdfb6-rrqpp,2,115
22:10:35,400u,checkoutservice-5b6d96c9b7-45rkr,1,38
22:10:35,400u,checkoutservice-5b6d96c9b7-jbfvs,1,16
22:10:35,400u,checkoutservice-5b6d96c9b7-zvd4c,1,21
22:10:35,400u,currencyservice-7c8fc8fc9c-4hm9g,15,117
22:10:35,400u,currencyservice-7c8fc8fc9c-5frj9,1,87
22:10:35,400u,currencyservice-7c8fc8fc9c-mgwx9,2,74
22:10:35,400u,emailservice-66944ff59-2lcjl,5,95
22:10:35,400u,emailservice-66944ff59-c4g5x,4,56
22:10:35,400u,emailservice-66944ff59-hrmjl,3,56
22:10:35,400u,frontend-7bd6f45654-przgb,5,31
22:10:35,400u,frontend-7bd6f45654-s2s7z,5,53
22:10:35,400u,frontend-7bd6f45654-vfxkp,4,30
22:10:35,400u,loadgenerator-57fc5754d-f97zg,8,64
22:10:35,400u,paymentservice-9bfb7bf5-6hckw,2,69
22:10:35,400u,paymentservice-9bfb7bf5-75nf7,1,101
22:10:35,400u,paymentservice-9bfb7bf5-kgd56,2,113
22:10:35,400u,productcatalogservice-65bbf699df-7w28t,1,21
22:10:35,400u,productcatalogservice-65bbf699df-j2fmg,4,44
22:10:35,400u,productcatalogservice-65bbf699df-qntf5,2,22
22:10:35,400u,recommendationservice-7444754ff5-d8g8j,4,51
22:10:35,400u,recommendationservice-7444754ff5-n8cbh,8,81
22:10:35,400u,recommendationservice-7444754ff5-pwgrt,6,55
22:10:35,400u,redis-cart-c8ff86559-kcf44,3,37
22:10:35,400u,shippingservice-f956b6d9f-nvkxm,1,15
22:10:35,400u,shippingservice-f956b6d9f-pkw7l,1,17
22:10:35,400u,shippingservice-f956b6d9f-w7n4b,1,32
22:10:37,400u,adservice-574bff445c-6mj7s,5,199
22:10:37,400u,adservice-574bff445c-dwnqt,3,251
22:10:37,400u,adservice-574bff445c-qb9cj,2,267
22:10:37,400u,cartservice-7c84fdfb6-gvdl7,2,111
22:10:37,400u,cartservice-7c84fdfb6-m5m6d,7,188
22:10:37,400u,cartservice-7c84fdfb6-rrqpp,2,115
22:10:37,400u,checkoutservice-5b6d96c9b7-45rkr,1,38
22:10:37,400u,checkoutservice-5b6d96c9b7-jbfvs,1,16
22:10:37,400u,checkoutservice-5b6d96c9b7-zvd4c,1,21
22:10:37,400u,currencyservice-7c8fc8fc9c-4hm9g,15,117
22:10:37,400u,currencyservice-7c8fc8fc9c-5frj9,1,87
22:10:37,400u,currencyservice-7c8fc8fc9c-mgwx9,2,74
22:10:37,400u,emailservice-66944ff59-2lcjl,5,95
22:10:37,400u,emailservice-66944ff59-c4g5x,4,56
22:10:37,400u,emailservice-66944ff59-hrmjl,3,56
22:10:37,400u,frontend-7bd6f45654-przgb,5,31
22:10:37,400u,frontend-7bd6f45654-s2s7z,5,53
22:10:37,400u,frontend-7bd6f45654-vfxkp,4,30
22:10:37,400u,loadgenerator-57fc5754d-f97zg,8,64
22:10:37,400u,paymentservice-9bfb7bf5-6hckw,2,69
22:10:37,400u,paymentservice-9bfb7bf5-75nf7,1,101
22:10:37,400u,paymentservice-9bfb7bf5-kgd56,2,113
22:10:37,400u,productcatalogservice-65bbf699df-7w28t,1,21
22:10:37,400u,productcatalogservice-65bbf699df-j2fmg,4,44
22:10:37,400u,productcatalogservice-65bbf699df-qntf5,2,22
22:10:37,400u,recommendationservice-7444754ff5-d8g8j,4,51
22:10:37,400u,recommendationservice-7444754ff5-n8cbh,8,81
22:10:37,400u,recommendationservice-7444754ff5-pwgrt,6,55
22:10:37,400u,redis-cart-c8ff86559-kcf44,3,37
22:10:37,400u,shippingservice-f956b6d9f-nvkxm,1,15
22:10:37,400u,shippingservice-f956b6d9f-pkw7l,1,17
22:10:37,400u,shippingservice-f956b6d9f-w7n4b,1,32
22:10:45,400u,adservice-574bff445c-6mj7s,5,199
22:10:45,400u,adservice-574bff445c-dwnqt,3,251
22:10:45,400u,adservice-574bff445c-qb9cj,2,267
22:10:45,400u,cartservice-7c84fdfb6-gvdl7,2,111
22:10:45,400u,cartservice-7c84fdfb6-m5m6d,7,188
22:10:45,400u,cartservice-7c84fdfb6-rrqpp,2,115
22:10:45,400u,checkoutservice-5b6d96c9b7-45rkr,1,38
22:10:45,400u,checkoutservice-5b6d96c9b7-jbfvs,1,16
22:10:45,400u,checkoutservice-5b6d96c9b7-zvd4c,1,21
22:10:45,400u,currencyservice-7c8fc8fc9c-4hm9g,15,117
22:10:45,400u,currencyservice-7c8fc8fc9c-5frj9,1,87
22:10:45,400u,currencyservice-7c8fc8fc9c-mgwx9,2,74
22:10:45,400u,emailservice-66944ff59-2lcjl,5,95
22:10:45,400u,emailservice-66944ff59-c4g5x,4,56
22:10:45,400u,emailservice-66944ff59-hrmjl,3,56
22:10:45,400u,frontend-7bd6f45654-przgb,5,31
22:10:45,400u,frontend-7bd6f45654-s2s7z,5,53
22:10:45,400u,frontend-7bd6f45654-vfxkp,4,30
22:10:45,400u,loadgenerator-57fc5754d-f97zg,8,64
22:10:45,400u,paymentservice-9bfb7bf5-6hckw,2,69
22:10:45,400u,paymentservice-9bfb7bf5-75nf7,1,101
22:10:45,400u,paymentservice-9bfb7bf5-kgd56,2,113
22:10:45,400u,productcatalogservice-65bbf699df-7w28t,1,21
22:10:45,400u,productcatalogservice-65bbf699df-j2fmg,4,44
22:10:45,400u,productcatalogservice-65bbf699df-qntf5,2,22
22:10:45,400u,recommendationservice-7444754ff5-d8g8j,4,51
22:10:45,400u,recommendationservice-7444754ff5-n8cbh,8,81
22:10:45,400u,recommendationservice-7444754ff5-pwgrt,6,55
22:10:45,400u,redis-cart-c8ff86559-kcf44,3,37
22:10:45,400u,shippingservice-f956b6d9f-nvkxm,1,15
22:10:45,400u,shippingservice-f956b6d9f-pkw7l,1,17
22:10:45,400u,shippingservice-f956b6d9f-w7n4b,1,32
22:10:47,400u,adservice-574bff445c-6mj7s,5,199
22:10:47,400u,adservice-574bff445c-dwnqt,3,251
22:10:47,400u,adservice-574bff445c-qb9cj,2,267
22:10:47,400u,cartservice-7c84fdfb6-gvdl7,2,111
22:10:47,400u,cartservice-7c84fdfb6-m5m6d,7,188
22:10:47,400u,cartservice-7c84fdfb6-rrqpp,2,115
22:10:47,400u,checkoutservice-5b6d96c9b7-45rkr,1,38
22:10:47,400u,checkoutservice-5b6d96c9b7-jbfvs,1,16
22:10:47,400u,checkoutservice-5b6d96c9b7-zvd4c,1,21
22:10:47,400u,currencyservice-7c8fc8fc9c-4hm9g,15,117
22:10:47,400u,currencyservice-7c8fc8fc9c-5frj9,1,87
22:10:47,400u,currencyservice-7c8fc8fc9c-mgwx9,2,74
22:10:47,400u,emailservice-66944ff59-2lcjl,5,95
22:10:47,400u,emailservice-66944ff59-c4g5x,4,56
22:10:47,400u,emailservice-66944ff59-hrmjl,3,56
22:10:47,400u,frontend-7bd6f45654-przgb,5,31
22:10:47,400u,frontend-7bd6f45654-s2s7z,5,53
22:10:47,400u,frontend-7bd6f45654-vfxkp,4,30
22:10:47,400u,loadgenerator-57fc5754d-f97zg,8,64
22:10:47,400u,paymentservice-9bfb7bf5-6hckw,2,69
22:10:47,400u,paymentservice-9bfb7bf5-75nf7,1,101
22:10:47,400u,paymentservice-9bfb7bf5-kgd56,2,113
22:10:47,400u,productcatalogservice-65bbf699df-7w28t,1,21
22:10:47,400u,productcatalogservice-65bbf699df-j2fmg,4,44
22:10:47,400u,productcatalogservice-65bbf699df-qntf5,2,22
22:10:47,400u,recommendationservice-7444754ff5-d8g8j,4,51
22:10:47,400u,recommendationservice-7444754ff5-n8cbh,8,81
22:10:47,400u,recommendationservice-7444754ff5-pwgrt,6,55
22:10:47,400u,redis-cart-c8ff86559-kcf44,3,37
22:10:47,400u,shippingservice-f956b6d9f-nvkxm,1,15
22:10:47,400u,shippingservice-f956b6d9f-pkw7l,1,17
22:10:47,400u,shippingservice-f956b6d9f-w7n4b,1,32
22:10:55,400u,adservice-574bff445c-6mj7s,7,199
22:10:55,400u,adservice-574bff445c-dwnqt,6,251
22:10:55,400u,adservice-574bff445c-qb9cj,3,267
22:10:55,400u,cartservice-7c84fdfb6-gvdl7,2,111
22:10:55,400u,cartservice-7c84fdfb6-m5m6d,7,188
22:10:55,400u,cartservice-7c84fdfb6-rrqpp,2,115
22:10:55,400u,checkoutservice-5b6d96c9b7-45rkr,2,38
22:10:55,400u,checkoutservice-5b6d96c9b7-jbfvs,1,16
22:10:55,400u,checkoutservice-5b6d96c9b7-zvd4c,1,21
22:10:55,400u,currencyservice-7c8fc8fc9c-4hm9g,15,117
22:10:55,400u,currencyservice-7c8fc8fc9c-5frj9,3,87
22:10:55,400u,currencyservice-7c8fc8fc9c-mgwx9,3,74
22:10:55,400u,emailservice-66944ff59-2lcjl,4,95
22:10:55,400u,emailservice-66944ff59-c4g5x,4,56
22:10:55,400u,emailservice-66944ff59-hrmjl,4,56
22:10:55,400u,frontend-7bd6f45654-przgb,8,31
22:10:55,400u,frontend-7bd6f45654-s2s7z,4,53
22:10:55,400u,frontend-7bd6f45654-vfxkp,3,30
22:10:55,400u,loadgenerator-57fc5754d-f97zg,7,64
22:10:55,400u,paymentservice-9bfb7bf5-6hckw,2,69
22:10:55,400u,paymentservice-9bfb7bf5-75nf7,1,101
22:10:55,400u,paymentservice-9bfb7bf5-kgd56,2,113
22:10:55,400u,productcatalogservice-65bbf699df-7w28t,1,21
22:10:55,400u,productcatalogservice-65bbf699df-j2fmg,5,44
22:10:55,400u,productcatalogservice-65bbf699df-qntf5,2,22
22:10:55,400u,recommendationservice-7444754ff5-d8g8j,4,51
22:10:55,400u,recommendationservice-7444754ff5-n8cbh,6,81
22:10:55,400u,recommendationservice-7444754ff5-pwgrt,8,55
22:10:55,400u,redis-cart-c8ff86559-kcf44,3,37
22:10:55,400u,shippingservice-f956b6d9f-nvkxm,1,15
22:10:55,400u,shippingservice-f956b6d9f-pkw7l,1,17
22:10:55,400u,shippingservice-f956b6d9f-w7n4b,1,32
