timestamp,load_label,pod,cpu_m,ram_mi
10:11:42,idle,adservice-574bff445c-dq4dw,2,280
10:11:42,idle,adservice-574bff445c-jc7m4,268,52
10:11:42,idle,adservice-574bff445c-tbr78,268,64
10:11:42,idle,cartservice-765b6959c9-bcmfz,4,159
10:11:42,idle,cartservice-765b6959c9-qnq65,255,30
10:11:42,idle,checkoutservice-5b6d96c9b7-9bqv8,1,37
10:11:42,idle,currencyservice-7c8fc8fc9c-9dtdc,3,112
10:11:42,idle,emailservice-66944ff59-xd6ch,7,57
10:11:42,idle,frontend-7bd6f45654-8lrp5,1,49
10:11:42,idle,paymentservice-9bfb7bf5-gfxs2,3,125
10:11:42,idle,productcatalogservice-65bbf699df-cv7w7,1,18
10:11:42,idle,productcatalogservice-65bbf699df-jvkg4,1,18
10:11:42,idle,productcatalogservice-65bbf699df-vsc98,1,44
10:11:42,idle,recommendationservice-7444754ff5-fthxq,8,81
10:11:42,idle,redis-cart-c8ff86559-lhjtw,3,36
10:11:42,idle,shippingservice-f956b6d9f-z5rrl,2,34
10:11:53,25u,adservice-574bff445c-dq4dw,1,280
10:11:53,25u,adservice-574bff445c-jc7m4,298,112
10:11:53,25u,adservice-574bff445c-tbr78,298,120
10:11:53,25u,cartservice-765b6959c9-bcmfz,4,159
10:11:53,25u,cartservice-765b6959c9-n6fwn,248,77
10:11:53,25u,cartservice-765b6959c9-qnq65,239,81
10:11:53,25u,checkoutservice-5b6d96c9b7-6fth9,1,11
10:11:53,25u,checkoutservice-5b6d96c9b7-9bqv8,1,37
10:11:53,25u,checkoutservice-5b6d96c9b7-j6swl,4,12
10:11:53,25u,currencyservice-7c8fc8fc9c-9dtdc,1,112
10:11:53,25u,currencyservice-7c8fc8fc9c-fknl8,120,80
10:11:53,25u,currencyservice-7c8fc8fc9c-vt2gd,121,72
10:11:53,25u,emailservice-66944ff59-8jhrl,171,53
10:11:53,25u,emailservice-66944ff59-xd6ch,5,57
10:11:53,25u,emailservice-66944ff59-xhss4,173,53
10:11:53,25u,frontend-7bd6f45654-8lrp5,1,49
10:11:53,25u,frontend-7bd6f45654-kpk99,2,12
10:11:53,25u,frontend-7bd6f45654-zl99v,2,11
10:11:53,25u,paymentservice-9bfb7bf5-gfxs2,1,125
10:11:53,25u,paymentservice-9bfb7bf5-s8hj7,118,60
10:11:53,25u,paymentservice-9bfb7bf5-t6d8q,116,73
10:11:53,25u,productcatalogservice-65bbf699df-cv7w7,1,18
10:11:53,25u,productcatalogservice-65bbf699df-jvkg4,1,18
10:11:53,25u,productcatalogservice-65bbf699df-vsc98,1,44
10:11:53,25u,recommendationservice-7444754ff5-9t2qj,175,51
10:11:53,25u,recommendationservice-7444754ff5-fthxq,5,81
10:11:53,25u,recommendationservice-7444754ff5-sg55v,169,51
10:11:53,25u,redis-cart-c8ff86559-lhjtw,4,36
10:11:53,25u,shippingservice-f956b6d9f-cdqmk,2,11
10:11:53,25u,shippingservice-f956b6d9f-scpqb,4,12
10:11:53,25u,shippingservice-f956b6d9f-z5rrl,1,34
10:12:03,25u,adservice-574bff445c-dq4dw,38,280
10:12:03,25u,adservice-574bff445c-jc7m4,116,129
10:12:03,25u,adservice-574bff445c-tbr78,117,138
10:12:03,25u,cartservice-765b6959c9-bcmfz,70,159
10:12:03,25u,cartservice-765b6959c9-n6fwn,22,82
10:12:03,25u,cartservice-765b6959c9-qnq65,25,85
10:12:03,25u,checkoutservice-5b6d96c9b7-6fth9,13,18
10:12:03,25u,checkoutservice-5b6d96c9b7-9bqv8,9,37
10:12:03,25u,checkoutservice-5b6d96c9b7-j6swl,1,12
10:12:03,25u,currencyservice-7c8fc8fc9c-9dtdc,71,113
10:12:03,25u,currencyservice-7c8fc8fc9c-fknl8,130,92
10:12:03,25u,currencyservice-7c8fc8fc9c-vt2gd,3,74
10:12:03,25u,emailservice-66944ff59-8jhrl,196,51
10:12:03,25u,emailservice-66944ff59-xd6ch,9,57
10:12:03,25u,emailservice-66944ff59-xhss4,184,50
10:12:03,25u,frontend-7bd6f45654-8lrp5,69,50
10:12:03,25u,frontend-7bd6f45654-kpk99,67,21
10:12:03,25u,frontend-7bd6f45654-zl99v,76,21
10:12:03,25u,paymentservice-9bfb7bf5-gfxs2,5,125
10:12:03,25u,paymentservice-9bfb7bf5-s8hj7,11,64
10:12:03,25u,paymentservice-9bfb7bf5-t6d8q,3,73
10:12:03,25u,productcatalogservice-65bbf699df-cv7w7,4,18
10:12:03,25u,productcatalogservice-65bbf699df-jvkg4,31,18
10:12:03,25u,productcatalogservice-65bbf699df-vsc98,53,43
10:12:03,25u,recommendationservice-7444754ff5-9t2qj,45,54
10:12:03,25u,recommendationservice-7444754ff5-fthxq,82,81
10:12:03,25u,recommendationservice-7444754ff5-sg55v,5,51
10:12:03,25u,redis-cart-c8ff86559-lhjtw,8,36
10:12:03,25u,shippingservice-f956b6d9f-cdqmk,7,15
10:12:03,25u,shippingservice-f956b6d9f-scpqb,2,12
10:12:03,25u,shippingservice-f956b6d9f-z5rrl,7,33
10:12:13,25u,adservice-574bff445c-dq4dw,56,280
10:12:13,25u,adservice-574bff445c-jc7m4,73,146
10:12:13,25u,adservice-574bff445c-tbr78,72,155
10:12:13,25u,cartservice-765b6959c9-bcmfz,126,159
10:12:13,25u,cartservice-765b6959c9-n6fwn,28,85
10:12:13,25u,cartservice-765b6959c9-qnq65,27,87
10:12:13,25u,checkoutservice-5b6d96c9b7-6fth9,10,18
10:12:13,25u,checkoutservice-5b6d96c9b7-9bqv8,21,37
10:12:13,25u,checkoutservice-5b6d96c9b7-j6swl,1,12
10:12:13,25u,currencyservice-7c8fc8fc9c-9dtdc,121,115
10:12:13,25u,currencyservice-7c8fc8fc9c-fknl8,190,99
10:12:13,25u,currencyservice-7c8fc8fc9c-vt2gd,3,74
10:12:13,25u,emailservice-66944ff59-xd6ch,15,57
10:12:13,25u,frontend-7bd6f45654-8lrp5,102,50
10:12:13,25u,frontend-7bd6f45654-kpk99,143,22
10:12:13,25u,frontend-7bd6f45654-zl99v,146,22
10:12:13,25u,paymentservice-9bfb7bf5-gfxs2,9,125
10:12:13,25u,paymentservice-9bfb7bf5-s8hj7,10,66
10:12:13,25u,paymentservice-9bfb7bf5-t6d8q,3,73
10:12:13,25u,productcatalogservice-65bbf699df-cv7w7,3,18
10:12:13,25u,productcatalogservice-65bbf699df-jvkg4,68,21
10:12:13,25u,productcatalogservice-65bbf699df-vsc98,103,44
10:12:13,25u,recommendationservice-7444754ff5-9t2qj,94,54
10:12:13,25u,recommendationservice-7444754ff5-fthxq,147,81
10:12:13,25u,recommendationservice-7444754ff5-sg55v,3,51
10:12:13,25u,redis-cart-c8ff86559-lhjtw,15,36
10:12:13,25u,shippingservice-f956b6d9f-cdqmk,12,15
10:12:13,25u,shippingservice-f956b6d9f-scpqb,1,12
10:12:13,25u,shippingservice-f956b6d9f-z5rrl,11,33
10:12:23,25u,adservice-574bff445c-dq4dw,56,280
10:12:23,25u,adservice-574bff445c-jc7m4,73,146
10:12:23,25u,adservice-574bff445c-tbr78,72,155
10:12:23,25u,cartservice-765b6959c9-bcmfz,126,159
10:12:23,25u,cartservice-765b6959c9-n6fwn,28,85
10:12:23,25u,cartservice-765b6959c9-qnq65,27,87
10:12:23,25u,checkoutservice-5b6d96c9b7-6fth9,10,18
10:12:23,25u,checkoutservice-5b6d96c9b7-9bqv8,21,37
10:12:23,25u,checkoutservice-5b6d96c9b7-j6swl,1,12
10:12:23,25u,currencyservice-7c8fc8fc9c-9dtdc,121,115
10:12:23,25u,currencyservice-7c8fc8fc9c-fknl8,190,99
10:12:23,25u,currencyservice-7c8fc8fc9c-vt2gd,3,74
10:12:23,25u,emailservice-66944ff59-xd6ch,15,57
10:12:23,25u,frontend-7bd6f45654-8lrp5,102,50
10:12:23,25u,frontend-7bd6f45654-kpk99,143,22
10:12:23,25u,frontend-7bd6f45654-zl99v,146,22
10:12:23,25u,paymentservice-9bfb7bf5-gfxs2,9,125
10:12:23,25u,paymentservice-9bfb7bf5-s8hj7,10,66
10:12:23,25u,paymentservice-9bfb7bf5-t6d8q,3,73
10:12:23,25u,productcatalogservice-65bbf699df-cv7w7,3,18
10:12:23,25u,productcatalogservice-65bbf699df-jvkg4,68,21
10:12:23,25u,productcatalogservice-65bbf699df-vsc98,103,44
10:12:23,25u,recommendationservice-7444754ff5-9t2qj,94,54
10:12:23,25u,recommendationservice-7444754ff5-fthxq,147,81
10:12:23,25u,recommendationservice-7444754ff5-sg55v,3,51
10:12:23,25u,redis-cart-c8ff86559-lhjtw,15,36
10:12:23,25u,shippingservice-f956b6d9f-cdqmk,12,15
10:12:23,25u,shippingservice-f956b6d9f-scpqb,1,12
10:12:23,25u,shippingservice-f956b6d9f-z5rrl,11,33
10:12:34,25u,adservice-574bff445c-dq4dw,40,280
10:12:34,25u,adservice-574bff445c-jc7m4,12,146
10:12:34,25u,adservice-574bff445c-tbr78,13,156
10:12:34,25u,cartservice-765b6959c9-bcmfz,85,159
10:12:34,25u,cartservice-765b6959c9-n6fwn,15,86
10:12:34,25u,cartservice-765b6959c9-qnq65,12,88
10:12:34,25u,checkoutservice-5b6d96c9b7-6fth9,8,18
10:12:34,25u,checkoutservice-5b6d96c9b7-9bqv8,17,37
10:12:34,25u,checkoutservice-5b6d96c9b7-j6swl,1,12
10:12:34,25u,currencyservice-7c8fc8fc9c-9dtdc,90,116
10:12:34,25u,currencyservice-7c8fc8fc9c-fknl8,113,99
10:12:34,25u,currencyservice-7c8fc8fc9c-vt2gd,3,75
10:12:34,25u,emailservice-66944ff59-xd6ch,14,57
10:12:34,25u,emailservice-66944ff59-xhss4,75,56
10:12:34,25u,frontend-7bd6f45654-8lrp5,85,51
10:12:34,25u,frontend-7bd6f45654-kpk99,77,22
10:12:34,25u,frontend-7bd6f45654-zl99v,74,22
10:12:34,25u,paymentservice-9bfb7bf5-gfxs2,6,125
10:12:34,25u,paymentservice-9bfb7bf5-s8hj7,7,66
10:12:34,25u,paymentservice-9bfb7bf5-t6d8q,3,74
10:12:34,25u,productcatalogservice-65bbf699df-cv7w7,3,18
10:12:34,25u,productcatalogservice-65bbf699df-jvkg4,40,21
10:12:34,25u,productcatalogservice-65bbf699df-vsc98,67,43
10:12:34,25u,recommendationservice-7444754ff5-9t2qj,54,54
10:12:34,25u,recommendationservice-7444754ff5-fthxq,104,81
10:12:34,25u,recommendationservice-7444754ff5-sg55v,5,51
10:12:34,25u,redis-cart-c8ff86559-lhjtw,7,36
10:12:34,25u,shippingservice-f956b6d9f-cdqmk,8,16
10:12:34,25u,shippingservice-f956b6d9f-scpqb,1,14
10:12:34,25u,shippingservice-f956b6d9f-z5rrl,9,33
10:12:44,25u,adservice-574bff445c-dq4dw,63,280
10:12:44,25u,adservice-574bff445c-jc7m4,5,147
10:12:44,25u,adservice-574bff445c-tbr78,5,156
10:12:44,25u,cartservice-765b6959c9-bcmfz,128,159
10:12:44,25u,cartservice-765b6959c9-n6fwn,20,88
10:12:44,25u,cartservice-765b6959c9-qnq65,22,92
10:12:44,25u,checkoutservice-5b6d96c9b7-6fth9,7,19
10:12:44,25u,checkoutservice-5b6d96c9b7-9bqv8,17,37
10:12:44,25u,checkoutservice-5b6d96c9b7-j6swl,1,14
10:12:44,25u,currencyservice-7c8fc8fc9c-9dtdc,158,121
10:12:44,25u,currencyservice-7c8fc8fc9c-fknl8,157,99
10:12:44,25u,currencyservice-7c8fc8fc9c-vt2gd,2,75
10:12:44,25u,emailservice-66944ff59-8jhrl,158,53
10:12:44,25u,emailservice-66944ff59-xd6ch,13,57
10:12:44,25u,emailservice-66944ff59-xhss4,3,56
10:12:44,25u,frontend-7bd6f45654-8lrp5,160,51
10:12:44,25u,frontend-7bd6f45654-kpk99,123,22
10:12:44,25u,frontend-7bd6f45654-zl99v,110,22
10:12:44,25u,paymentservice-9bfb7bf5-gfxs2,7,125
10:12:44,25u,paymentservice-9bfb7bf5-s8hj7,7,67
10:12:44,25u,paymentservice-9bfb7bf5-t6d8q,3,74
10:12:44,25u,productcatalogservice-65bbf699df-cv7w7,2,18
10:12:44,25u,productcatalogservice-65bbf699df-jvkg4,54,21
10:12:44,25u,productcatalogservice-65bbf699df-vsc98,116,43
10:12:44,25u,recommendationservice-7444754ff5-9t2qj,79,54
10:12:44,25u,recommendationservice-7444754ff5-fthxq,165,81
10:12:44,25u,recommendationservice-7444754ff5-sg55v,3,51
10:12:44,25u,redis-cart-c8ff86559-lhjtw,10,36
10:12:44,25u,shippingservice-f956b6d9f-cdqmk,11,16
10:12:44,25u,shippingservice-f956b6d9f-scpqb,2,15
10:12:44,25u,shippingservice-f956b6d9f-z5rrl,14,33
10:12:54,25u,adservice-574bff445c-dq4dw,63,280
10:12:54,25u,adservice-574bff445c-jc7m4,5,147
10:12:54,25u,adservice-574bff445c-tbr78,5,156
10:12:54,25u,cartservice-765b6959c9-bcmfz,128,159
10:12:54,25u,cartservice-765b6959c9-n6fwn,20,88
10:12:54,25u,cartservice-765b6959c9-qnq65,22,92
10:12:54,25u,checkoutservice-5b6d96c9b7-6fth9,7,19
10:12:54,25u,checkoutservice-5b6d96c9b7-9bqv8,17,37
10:12:54,25u,checkoutservice-5b6d96c9b7-j6swl,1,14
10:12:54,25u,currencyservice-7c8fc8fc9c-9dtdc,158,121
10:12:54,25u,currencyservice-7c8fc8fc9c-fknl8,157,99
10:12:54,25u,currencyservice-7c8fc8fc9c-vt2gd,2,75
10:12:54,25u,emailservice-66944ff59-8jhrl,158,53
10:12:54,25u,emailservice-66944ff59-xd6ch,13,57
10:12:54,25u,emailservice-66944ff59-xhss4,3,56
10:12:54,25u,frontend-7bd6f45654-8lrp5,160,51
10:12:54,25u,frontend-7bd6f45654-kpk99,123,22
10:12:54,25u,frontend-7bd6f45654-zl99v,110,22
10:12:54,25u,paymentservice-9bfb7bf5-gfxs2,7,125
10:12:54,25u,paymentservice-9bfb7bf5-s8hj7,7,67
10:12:54,25u,paymentservice-9bfb7bf5-t6d8q,3,74
10:12:54,25u,productcatalogservice-65bbf699df-cv7w7,2,18
10:12:54,25u,productcatalogservice-65bbf699df-jvkg4,54,21
10:12:54,25u,productcatalogservice-65bbf699df-vsc98,116,43
10:12:54,25u,recommendationservice-7444754ff5-9t2qj,79,54
10:12:54,25u,recommendationservice-7444754ff5-fthxq,165,81
10:12:54,25u,recommendationservice-7444754ff5-sg55v,3,51
10:12:54,25u,redis-cart-c8ff86559-lhjtw,10,36
10:12:54,25u,shippingservice-f956b6d9f-cdqmk,11,16
10:12:54,25u,shippingservice-f956b6d9f-scpqb,2,15
10:12:54,25u,shippingservice-f956b6d9f-z5rrl,14,33
10:13:04,25u,adservice-574bff445c-dq4dw,52,280
10:13:04,25u,adservice-574bff445c-jc7m4,7,149
10:13:04,25u,adservice-574bff445c-tbr78,6,158
10:13:04,25u,cartservice-765b6959c9-bcmfz,110,159
10:13:04,25u,cartservice-765b6959c9-n6fwn,14,91
10:13:04,25u,cartservice-765b6959c9-qnq65,7,93
10:13:04,25u,checkoutservice-5b6d96c9b7-6fth9,9,19
10:13:04,25u,checkoutservice-5b6d96c9b7-9bqv8,17,37
10:13:04,25u,checkoutservice-5b6d96c9b7-j6swl,1,14
10:13:04,25u,currencyservice-7c8fc8fc9c-9dtdc,138,123
10:13:04,25u,currencyservice-7c8fc8fc9c-fknl8,135,103
10:13:04,25u,currencyservice-7c8fc8fc9c-vt2gd,2,75
10:13:04,25u,emailservice-66944ff59-8jhrl,173,56
10:13:04,25u,emailservice-66944ff59-xd6ch,13,57
10:13:04,25u,emailservice-66944ff59-xhss4,4,56
10:13:04,25u,frontend-7bd6f45654-8lrp5,137,51
10:13:04,25u,frontend-7bd6f45654-kpk99,109,22
10:13:04,25u,frontend-7bd6f45654-zl99v,96,22
10:13:04,25u,paymentservice-9bfb7bf5-gfxs2,6,125
10:13:04,25u,paymentservice-9bfb7bf5-s8hj7,5,67
10:13:04,25u,paymentservice-9bfb7bf5-t6d8q,2,74
10:13:04,25u,productcatalogservice-65bbf699df-cv7w7,2,18
10:13:04,25u,productcatalogservice-65bbf699df-jvkg4,46,21
10:13:04,25u,productcatalogservice-65bbf699df-vsc98,101,44
10:13:04,25u,recommendationservice-7444754ff5-9t2qj,70,54
10:13:04,25u,recommendationservice-7444754ff5-fthxq,138,81
10:13:04,25u,recommendationservice-7444754ff5-sg55v,3,51
10:13:04,25u,redis-cart-c8ff86559-lhjtw,9,36
10:13:04,25u,shippingservice-f956b6d9f-cdqmk,10,16
10:13:04,25u,shippingservice-f956b6d9f-scpqb,1,15
10:13:04,25u,shippingservice-f956b6d9f-z5rrl,11,33
10:13:15,25u,adservice-574bff445c-dq4dw,58,280
10:13:15,25u,adservice-574bff445c-jc7m4,5,149
10:13:15,25u,adservice-574bff445c-tbr78,5,158
10:13:15,25u,cartservice-765b6959c9-bcmfz,132,160
10:13:15,25u,cartservice-765b6959c9-n6fwn,11,93
10:13:15,25u,cartservice-765b6959c9-qnq65,17,95
10:13:15,25u,checkoutservice-5b6d96c9b7-6fth9,7,19
10:13:15,25u,checkoutservice-5b6d96c9b7-9bqv8,20,37
10:13:15,25u,checkoutservice-5b6d96c9b7-j6swl,2,15
10:13:15,25u,currencyservice-7c8fc8fc9c-9dtdc,146,123
10:13:15,25u,currencyservice-7c8fc8fc9c-fknl8,153,102
10:13:15,25u,currencyservice-7c8fc8fc9c-vt2gd,2,75
10:13:15,25u,emailservice-66944ff59-8jhrl,3,56
10:13:15,25u,emailservice-66944ff59-xd6ch,16,57
10:13:15,25u,emailservice-66944ff59-xhss4,3,56
10:13:15,25u,frontend-7bd6f45654-8lrp5,154,51
10:13:15,25u,frontend-7bd6f45654-kpk99,118,23
10:13:15,25u,frontend-7bd6f45654-zl99v,104,23
10:13:15,25u,paymentservice-9bfb7bf5-gfxs2,8,125
10:13:15,25u,paymentservice-9bfb7bf5-s8hj7,5,67
10:13:15,25u,paymentservice-9bfb7bf5-t6d8q,2,74
10:13:15,25u,productcatalogservice-65bbf699df-cv7w7,2,18
10:13:15,25u,productcatalogservice-65bbf699df-jvkg4,50,21
10:13:15,25u,productcatalogservice-65bbf699df-vsc98,112,44
10:13:15,25u,recommendationservice-7444754ff5-9t2qj,78,54
10:13:15,25u,recommendationservice-7444754ff5-fthxq,158,81
10:13:15,25u,recommendationservice-7444754ff5-sg55v,3,51
10:13:15,25u,redis-cart-c8ff86559-lhjtw,10,36
10:13:15,25u,shippingservice-f956b6d9f-cdqmk,11,16
10:13:15,25u,shippingservice-f956b6d9f-scpqb,1,15
10:13:15,25u,shippingservice-f956b6d9f-z5rrl,13,33
10:13:25,25u,adservice-574bff445c-dq4dw,58,280
10:13:25,25u,adservice-574bff445c-jc7m4,5,149
10:13:25,25u,adservice-574bff445c-tbr78,5,158
10:13:25,25u,cartservice-765b6959c9-bcmfz,132,160
10:13:25,25u,cartservice-765b6959c9-n6fwn,11,93
10:13:25,25u,cartservice-765b6959c9-qnq65,17,95
10:13:25,25u,checkoutservice-5b6d96c9b7-6fth9,7,19
10:13:25,25u,checkoutservice-5b6d96c9b7-9bqv8,20,37
10:13:25,25u,checkoutservice-5b6d96c9b7-j6swl,2,15
10:13:25,25u,currencyservice-7c8fc8fc9c-9dtdc,146,123
10:13:25,25u,currencyservice-7c8fc8fc9c-fknl8,153,102
10:13:25,25u,currencyservice-7c8fc8fc9c-vt2gd,2,75
10:13:25,25u,emailservice-66944ff59-8jhrl,3,56
10:13:25,25u,emailservice-66944ff59-xd6ch,16,57
10:13:25,25u,emailservice-66944ff59-xhss4,3,56
10:13:25,25u,frontend-7bd6f45654-8lrp5,154,51
10:13:25,25u,frontend-7bd6f45654-kpk99,118,23
10:13:25,25u,frontend-7bd6f45654-zl99v,104,23
10:13:25,25u,paymentservice-9bfb7bf5-gfxs2,8,125
10:13:25,25u,paymentservice-9bfb7bf5-s8hj7,5,67
10:13:25,25u,paymentservice-9bfb7bf5-t6d8q,2,74
10:13:25,25u,productcatalogservice-65bbf699df-cv7w7,2,18
10:13:25,25u,productcatalogservice-65bbf699df-jvkg4,50,21
10:13:25,25u,productcatalogservice-65bbf699df-vsc98,112,44
10:13:25,25u,recommendationservice-7444754ff5-9t2qj,78,54
10:13:25,25u,recommendationservice-7444754ff5-fthxq,158,81
10:13:25,25u,recommendationservice-7444754ff5-sg55v,3,51
10:13:25,25u,redis-cart-c8ff86559-lhjtw,10,36
10:13:25,25u,shippingservice-f956b6d9f-cdqmk,11,16
10:13:25,25u,shippingservice-f956b6d9f-scpqb,1,15
10:13:25,25u,shippingservice-f956b6d9f-z5rrl,13,33
10:13:35,25u,adservice-574bff445c-dq4dw,57,280
10:13:35,25u,adservice-574bff445c-jc7m4,5,149
10:13:35,25u,adservice-574bff445c-tbr78,5,158
10:13:35,25u,cartservice-765b6959c9-bcmfz,136,159
10:13:35,25u,cartservice-765b6959c9-n6fwn,14,94
10:13:35,25u,cartservice-765b6959c9-qnq65,10,96
10:13:35,25u,checkoutservice-5b6d96c9b7-6fth9,11,19
10:13:35,25u,checkoutservice-5b6d96c9b7-9bqv8,22,37
10:13:35,25u,checkoutservice-5b6d96c9b7-j6swl,1,15
10:13:35,25u,currencyservice-7c8fc8fc9c-9dtdc,167,108
10:13:35,25u,currencyservice-7c8fc8fc9c-fknl8,156,103
10:13:35,25u,currencyservice-7c8fc8fc9c-vt2gd,11,78
10:13:35,25u,emailservice-66944ff59-8jhrl,4,56
10:13:35,25u,emailservice-66944ff59-xd6ch,14,57
10:13:35,25u,emailservice-66944ff59-xhss4,3,56
10:13:35,25u,frontend-7bd6f45654-8lrp5,153,51
10:13:35,25u,frontend-7bd6f45654-kpk99,123,23
10:13:35,25u,frontend-7bd6f45654-zl99v,112,22
10:13:35,25u,paymentservice-9bfb7bf5-gfxs2,8,125
10:13:35,25u,paymentservice-9bfb7bf5-s8hj7,7,70
10:13:35,25u,paymentservice-9bfb7bf5-t6d8q,2,74
10:13:35,25u,productcatalogservice-65bbf699df-cv7w7,4,18
10:13:35,25u,productcatalogservice-65bbf699df-jvkg4,54,21
10:13:35,25u,productcatalogservice-65bbf699df-vsc98,116,44
10:13:35,25u,recommendationservice-7444754ff5-9t2qj,80,54
10:13:35,25u,recommendationservice-7444754ff5-fthxq,165,81
10:13:35,25u,recommendationservice-7444754ff5-sg55v,4,51
10:13:35,25u,redis-cart-c8ff86559-lhjtw,11,36
10:13:35,25u,shippingservice-f956b6d9f-cdqmk,10,16
10:13:35,25u,shippingservice-f956b6d9f-scpqb,1,15
10:13:35,25u,shippingservice-f956b6d9f-z5rrl,16,33
10:13:46,25u,adservice-574bff445c-dq4dw,59,280
10:13:46,25u,adservice-574bff445c-jc7m4,4,149
10:13:46,25u,adservice-574bff445c-tbr78,4,158
10:13:46,25u,cartservice-765b6959c9-bcmfz,129,159
10:13:46,25u,cartservice-765b6959c9-n6fwn,5,94
10:13:46,25u,cartservice-765b6959c9-qnq65,6,96
10:13:46,25u,checkoutservice-5b6d96c9b7-6fth9,9,19
10:13:46,25u,checkoutservice-5b6d96c9b7-9bqv8,20,37
10:13:46,25u,checkoutservice-5b6d96c9b7-j6swl,1,15
10:13:46,25u,currencyservice-7c8fc8fc9c-9dtdc,144,111
10:13:46,25u,currencyservice-7c8fc8fc9c-fknl8,149,105
10:13:46,25u,currencyservice-7c8fc8fc9c-vt2gd,2,77
10:13:46,25u,emailservice-66944ff59-8jhrl,3,56
10:13:46,25u,emailservice-66944ff59-xd6ch,15,57
10:13:46,25u,emailservice-66944ff59-xhss4,3,56
10:13:46,25u,frontend-7bd6f45654-8lrp5,150,51
10:13:46,25u,frontend-7bd6f45654-kpk99,117,23
10:13:46,25u,frontend-7bd6f45654-zl99v,103,23
10:13:46,25u,paymentservice-9bfb7bf5-gfxs2,7,125
10:13:46,25u,paymentservice-9bfb7bf5-s8hj7,16,69
10:13:46,25u,paymentservice-9bfb7bf5-t6d8q,4,76
10:13:46,25u,productcatalogservice-65bbf699df-cv7w7,3,18
10:13:46,25u,productcatalogservice-65bbf699df-jvkg4,48,21
10:13:46,25u,productcatalogservice-65bbf699df-vsc98,109,44
10:13:46,25u,recommendationservice-7444754ff5-9t2qj,76,54
10:13:46,25u,recommendationservice-7444754ff5-fthxq,157,81
10:13:46,25u,recommendationservice-7444754ff5-sg55v,3,51
10:13:46,25u,redis-cart-c8ff86559-lhjtw,10,36
10:13:46,25u,shippingservice-f956b6d9f-cdqmk,10,16
10:13:46,25u,shippingservice-f956b6d9f-scpqb,1,15
10:13:46,25u,shippingservice-f956b6d9f-z5rrl,13,33
10:13:56,25u,adservice-574bff445c-dq4dw,59,280
10:13:56,25u,adservice-574bff445c-jc7m4,4,149
10:13:56,25u,adservice-574bff445c-tbr78,4,158
10:13:56,25u,cartservice-765b6959c9-bcmfz,129,159
10:13:56,25u,cartservice-765b6959c9-n6fwn,5,94
10:13:56,25u,cartservice-765b6959c9-qnq65,6,96
10:13:56,25u,checkoutservice-5b6d96c9b7-6fth9,9,19
10:13:56,25u,checkoutservice-5b6d96c9b7-9bqv8,20,37
10:13:56,25u,checkoutservice-5b6d96c9b7-j6swl,1,15
10:13:56,25u,currencyservice-7c8fc8fc9c-9dtdc,144,111
10:13:56,25u,currencyservice-7c8fc8fc9c-fknl8,149,105
10:13:56,25u,currencyservice-7c8fc8fc9c-vt2gd,2,77
10:13:56,25u,emailservice-66944ff59-8jhrl,3,56
10:13:56,25u,emailservice-66944ff59-xd6ch,15,57
10:13:56,25u,emailservice-66944ff59-xhss4,3,56
10:13:56,25u,frontend-7bd6f45654-8lrp5,150,51
10:13:56,25u,frontend-7bd6f45654-kpk99,117,23
10:13:56,25u,frontend-7bd6f45654-zl99v,103,23
10:13:56,25u,paymentservice-9bfb7bf5-gfxs2,7,125
10:13:56,25u,paymentservice-9bfb7bf5-s8hj7,16,69
10:13:56,25u,paymentservice-9bfb7bf5-t6d8q,4,76
10:13:56,25u,productcatalogservice-65bbf699df-cv7w7,3,18
10:13:56,25u,productcatalogservice-65bbf699df-jvkg4,48,21
10:13:56,25u,productcatalogservice-65bbf699df-vsc98,109,44
10:13:56,25u,recommendationservice-7444754ff5-9t2qj,76,54
10:13:56,25u,recommendationservice-7444754ff5-fthxq,157,81
10:13:56,25u,recommendationservice-7444754ff5-sg55v,3,51
10:13:56,25u,redis-cart-c8ff86559-lhjtw,10,36
10:13:56,25u,shippingservice-f956b6d9f-cdqmk,10,16
10:13:56,25u,shippingservice-f956b6d9f-scpqb,1,15
10:13:56,25u,shippingservice-f956b6d9f-z5rrl,13,33
10:14:06,25u,adservice-574bff445c-dq4dw,61,280
10:14:06,25u,adservice-574bff445c-jc7m4,5,149
10:14:06,25u,adservice-574bff445c-tbr78,4,158
10:14:06,25u,cartservice-765b6959c9-bcmfz,138,159
10:14:06,25u,cartservice-765b6959c9-n6fwn,3,94
10:14:06,25u,cartservice-765b6959c9-qnq65,4,96
10:14:06,25u,checkoutservice-5b6d96c9b7-6fth9,9,19
10:14:06,25u,checkoutservice-5b6d96c9b7-9bqv8,22,37
10:14:06,25u,checkoutservice-5b6d96c9b7-j6swl,1,15
10:14:06,25u,currencyservice-7c8fc8fc9c-9dtdc,154,113
10:14:06,25u,currencyservice-7c8fc8fc9c-fknl8,154,105
10:14:06,25u,currencyservice-7c8fc8fc9c-vt2gd,2,78
10:14:06,25u,emailservice-66944ff59-8jhrl,3,56
10:14:06,25u,emailservice-66944ff59-xd6ch,15,57
10:14:06,25u,emailservice-66944ff59-xhss4,3,56
10:14:06,25u,frontend-7bd6f45654-8lrp5,157,51
10:14:06,25u,frontend-7bd6f45654-kpk99,123,23
10:14:06,25u,frontend-7bd6f45654-zl99v,109,23
10:14:06,25u,paymentservice-9bfb7bf5-gfxs2,9,125
10:14:06,25u,paymentservice-9bfb7bf5-s8hj7,6,69
10:14:06,25u,paymentservice-9bfb7bf5-t6d8q,2,76
10:14:06,25u,productcatalogservice-65bbf699df-cv7w7,2,18
10:14:06,25u,productcatalogservice-65bbf699df-jvkg4,51,21
10:14:06,25u,productcatalogservice-65bbf699df-vsc98,114,44
10:14:06,25u,recommendationservice-7444754ff5-9t2qj,78,54
10:14:06,25u,recommendationservice-7444754ff5-fthxq,163,81
10:14:06,25u,recommendationservice-7444754ff5-sg55v,3,51
10:14:06,25u,redis-cart-c8ff86559-lhjtw,10,36
10:14:06,25u,shippingservice-f956b6d9f-cdqmk,11,17
10:14:06,25u,shippingservice-f956b6d9f-scpqb,1,15
10:14:06,25u,shippingservice-f956b6d9f-z5rrl,15,33
10:14:16,25u,adservice-574bff445c-dq4dw,55,280
10:14:16,25u,adservice-574bff445c-jc7m4,4,149
10:14:16,25u,adservice-574bff445c-tbr78,4,158
10:14:16,25u,cartservice-765b6959c9-bcmfz,118,159
10:14:16,25u,cartservice-765b6959c9-n6fwn,32,95
10:14:16,25u,cartservice-765b6959c9-qnq65,30,97
10:14:16,25u,checkoutservice-5b6d96c9b7-6fth9,7,19
10:14:16,25u,checkoutservice-5b6d96c9b7-9bqv8,19,37
10:14:16,25u,checkoutservice-5b6d96c9b7-j6swl,1,15
10:14:16,25u,currencyservice-7c8fc8fc9c-9dtdc,130,113
10:14:16,25u,currencyservice-7c8fc8fc9c-fknl8,133,106
10:14:16,25u,currencyservice-7c8fc8fc9c-vt2gd,1,78
10:14:16,25u,emailservice-66944ff59-8jhrl,3,56
10:14:16,25u,emailservice-66944ff59-xd6ch,13,57
10:14:16,25u,emailservice-66944ff59-xhss4,2,56
10:14:16,25u,frontend-7bd6f45654-8lrp5,145,51
10:14:16,25u,frontend-7bd6f45654-kpk99,110,23
10:14:16,25u,frontend-7bd6f45654-zl99v,95,23
10:14:16,25u,paymentservice-9bfb7bf5-gfxs2,7,125
10:14:16,25u,paymentservice-9bfb7bf5-s8hj7,6,69
10:14:16,25u,paymentservice-9bfb7bf5-t6d8q,2,76
10:14:16,25u,productcatalogservice-65bbf699df-cv7w7,3,18
10:14:16,25u,productcatalogservice-65bbf699df-jvkg4,46,21
10:14:16,25u,productcatalogservice-65bbf699df-vsc98,106,43
10:14:16,25u,recommendationservice-7444754ff5-9t2qj,75,54
10:14:16,25u,recommendationservice-7444754ff5-fthxq,147,81
10:14:16,25u,recommendationservice-7444754ff5-sg55v,3,51
10:14:16,25u,redis-cart-c8ff86559-lhjtw,9,36
10:14:16,25u,shippingservice-f956b6d9f-cdqmk,11,16
10:14:16,25u,shippingservice-f956b6d9f-scpqb,1,15
10:14:16,25u,shippingservice-f956b6d9f-z5rrl,13,33
10:14:26,25u,adservice-574bff445c-dq4dw,55,280
10:14:26,25u,adservice-574bff445c-jc7m4,4,149
10:14:26,25u,adservice-574bff445c-tbr78,4,158
10:14:26,25u,cartservice-765b6959c9-bcmfz,118,159
10:14:26,25u,cartservice-765b6959c9-n6fwn,32,95
10:14:26,25u,cartservice-765b6959c9-qnq65,30,97
10:14:26,25u,checkoutservice-5b6d96c9b7-6fth9,7,19
10:14:26,25u,checkoutservice-5b6d96c9b7-9bqv8,19,37
10:14:26,25u,checkoutservice-5b6d96c9b7-j6swl,1,15
10:14:26,25u,currencyservice-7c8fc8fc9c-9dtdc,130,113
10:14:26,25u,currencyservice-7c8fc8fc9c-fknl8,133,106
10:14:26,25u,currencyservice-7c8fc8fc9c-vt2gd,1,78
10:14:26,25u,emailservice-66944ff59-8jhrl,3,56
10:14:26,25u,emailservice-66944ff59-xd6ch,13,57
10:14:26,25u,emailservice-66944ff59-xhss4,2,56
10:14:26,25u,frontend-7bd6f45654-8lrp5,145,51
10:14:26,25u,frontend-7bd6f45654-kpk99,110,23
10:14:26,25u,frontend-7bd6f45654-zl99v,95,23
10:14:26,25u,paymentservice-9bfb7bf5-gfxs2,7,125
10:14:26,25u,paymentservice-9bfb7bf5-s8hj7,6,69
10:14:26,25u,paymentservice-9bfb7bf5-t6d8q,2,76
10:14:26,25u,productcatalogservice-65bbf699df-cv7w7,3,18
10:14:26,25u,productcatalogservice-65bbf699df-jvkg4,46,21
10:14:26,25u,productcatalogservice-65bbf699df-vsc98,106,43
10:14:26,25u,recommendationservice-7444754ff5-9t2qj,75,54
10:14:26,25u,recommendationservice-7444754ff5-fthxq,147,81
10:14:26,25u,recommendationservice-7444754ff5-sg55v,3,51
10:14:26,25u,redis-cart-c8ff86559-lhjtw,9,36
10:14:26,25u,shippingservice-f956b6d9f-cdqmk,11,16
10:14:26,25u,shippingservice-f956b6d9f-scpqb,1,15
10:14:26,25u,shippingservice-f956b6d9f-z5rrl,13,33
10:14:37,25u,adservice-574bff445c-dq4dw,11,280
10:14:37,25u,adservice-574bff445c-jc7m4,7,150
10:14:37,25u,adservice-574bff445c-tbr78,7,159
10:14:37,25u,cartservice-765b6959c9-bcmfz,31,161
10:14:37,25u,cartservice-765b6959c9-n6fwn,9,98
10:14:37,25u,cartservice-765b6959c9-qnq65,9,100
10:14:37,25u,checkoutservice-5b6d96c9b7-6fth9,2,19
10:14:37,25u,checkoutservice-5b6d96c9b7-9bqv8,3,37
10:14:37,25u,checkoutservice-5b6d96c9b7-j6swl,1,15
10:14:37,25u,currencyservice-7c8fc8fc9c-9dtdc,24,115
10:14:37,25u,currencyservice-7c8fc8fc9c-fknl8,25,105
10:14:37,25u,currencyservice-7c8fc8fc9c-vt2gd,2,78
10:14:37,25u,emailservice-66944ff59-8jhrl,3,56
10:14:37,25u,emailservice-66944ff59-xd6ch,5,57
10:14:37,25u,emailservice-66944ff59-xhss4,4,56
10:14:37,25u,frontend-7bd6f45654-8lrp5,26,50
10:14:37,25u,frontend-7bd6f45654-kpk99,18,23
10:14:37,25u,frontend-7bd6f45654-zl99v,17,23
10:14:37,25u,paymentservice-9bfb7bf5-gfxs2,2,125
10:14:37,25u,paymentservice-9bfb7bf5-s8hj7,2,69
10:14:37,25u,paymentservice-9bfb7bf5-t6d8q,2,76
10:14:37,25u,productcatalogservice-65bbf699df-cv7w7,1,18
10:14:37,25u,productcatalogservice-65bbf699df-jvkg4,8,21
10:14:37,25u,productcatalogservice-65bbf699df-vsc98,18,43
10:14:37,25u,recommendationservice-7444754ff5-9t2qj,17,54
10:14:37,25u,recommendationservice-7444754ff5-fthxq,28,81
10:14:37,25u,recommendationservice-7444754ff5-sg55v,4,51
10:14:37,25u,redis-cart-c8ff86559-lhjtw,5,36
10:14:37,25u,shippingservice-f956b6d9f-cdqmk,2,16
10:14:37,25u,shippingservice-f956b6d9f-scpqb,1,15
10:14:37,25u,shippingservice-f956b6d9f-z5rrl,3,33
10:14:47,25u,adservice-574bff445c-dq4dw,1,280
10:14:47,25u,adservice-574bff445c-jc7m4,6,152
10:14:47,25u,adservice-574bff445c-tbr78,5,159
10:14:47,25u,cartservice-765b6959c9-bcmfz,2,161
10:14:47,25u,cartservice-765b6959c9-n6fwn,3,98
10:14:47,25u,cartservice-765b6959c9-qnq65,3,100
10:14:47,25u,checkoutservice-5b6d96c9b7-6fth9,1,19
10:14:47,25u,checkoutservice-5b6d96c9b7-9bqv8,1,37
10:14:47,25u,checkoutservice-5b6d96c9b7-j6swl,1,15
10:14:47,25u,currencyservice-7c8fc8fc9c-9dtdc,1,115
10:14:47,25u,currencyservice-7c8fc8fc9c-fknl8,2,105
10:14:47,25u,currencyservice-7c8fc8fc9c-vt2gd,3,78
10:14:47,25u,emailservice-66944ff59-8jhrl,4,56
10:14:47,25u,emailservice-66944ff59-xd6ch,4,57
10:14:47,25u,emailservice-66944ff59-xhss4,4,56
10:14:47,25u,frontend-7bd6f45654-8lrp5,1,50
10:14:47,25u,frontend-7bd6f45654-kpk99,1,23
10:14:47,25u,frontend-7bd6f45654-zl99v,1,23
10:14:47,25u,paymentservice-9bfb7bf5-gfxs2,1,125
10:14:47,25u,paymentservice-9bfb7bf5-s8hj7,4,69
10:14:47,25u,paymentservice-9bfb7bf5-t6d8q,3,76
10:14:47,25u,productcatalogservice-65bbf699df-cv7w7,1,18
10:14:47,25u,productcatalogservice-65bbf699df-jvkg4,1,21
10:14:47,25u,productcatalogservice-65bbf699df-vsc98,1,44
10:14:47,25u,recommendationservice-7444754ff5-9t2qj,4,54
10:14:47,25u,recommendationservice-7444754ff5-fthxq,4,81
10:14:47,25u,recommendationservice-7444754ff5-sg55v,4,51
10:14:47,25u,redis-cart-c8ff86559-lhjtw,3,36
10:14:47,25u,shippingservice-f956b6d9f-cdqmk,1,16
10:14:47,25u,shippingservice-f956b6d9f-scpqb,3,15
10:14:47,25u,shippingservice-f956b6d9f-z5rrl,1,33
10:14:57,25u,adservice-574bff445c-dq4dw,1,280
10:14:57,25u,adservice-574bff445c-jc7m4,6,152
10:14:57,25u,adservice-574bff445c-tbr78,5,159
10:14:57,25u,cartservice-765b6959c9-bcmfz,2,161
10:14:57,25u,cartservice-765b6959c9-n6fwn,3,98
10:14:57,25u,cartservice-765b6959c9-qnq65,3,100
10:14:57,25u,checkoutservice-5b6d96c9b7-6fth9,1,19
10:14:57,25u,checkoutservice-5b6d96c9b7-9bqv8,1,37
10:14:57,25u,checkoutservice-5b6d96c9b7-j6swl,1,15
10:14:57,25u,currencyservice-7c8fc8fc9c-9dtdc,1,115
10:14:57,25u,currencyservice-7c8fc8fc9c-fknl8,2,105
10:14:57,25u,currencyservice-7c8fc8fc9c-vt2gd,3,78
10:14:57,25u,emailservice-66944ff59-8jhrl,4,56
10:14:57,25u,emailservice-66944ff59-xd6ch,4,57
10:14:57,25u,emailservice-66944ff59-xhss4,4,56
10:14:57,25u,frontend-7bd6f45654-8lrp5,1,50
10:14:57,25u,frontend-7bd6f45654-kpk99,1,23
10:14:57,25u,frontend-7bd6f45654-zl99v,1,23
10:14:57,25u,paymentservice-9bfb7bf5-gfxs2,1,125
10:14:57,25u,paymentservice-9bfb7bf5-s8hj7,4,69
10:14:57,25u,paymentservice-9bfb7bf5-t6d8q,3,76
10:14:57,25u,productcatalogservice-65bbf699df-cv7w7,1,18
10:14:57,25u,productcatalogservice-65bbf699df-jvkg4,1,21
10:14:57,25u,productcatalogservice-65bbf699df-vsc98,1,44
10:14:57,25u,recommendationservice-7444754ff5-9t2qj,4,54
10:14:57,25u,recommendationservice-7444754ff5-fthxq,4,81
10:14:57,25u,recommendationservice-7444754ff5-sg55v,4,51
10:14:57,25u,redis-cart-c8ff86559-lhjtw,3,36
10:14:57,25u,shippingservice-f956b6d9f-cdqmk,1,16
10:14:57,25u,shippingservice-f956b6d9f-scpqb,3,15
10:14:57,25u,shippingservice-f956b6d9f-z5rrl,1,33
10:15:07,25u,adservice-574bff445c-dq4dw,1,280
10:15:07,25u,adservice-574bff445c-jc7m4,5,152
10:15:07,25u,adservice-574bff445c-tbr78,6,161
10:15:07,25u,cartservice-765b6959c9-bcmfz,4,161
10:15:07,25u,cartservice-765b6959c9-n6fwn,2,99
10:15:07,25u,cartservice-765b6959c9-qnq65,3,100
10:15:07,25u,checkoutservice-5b6d96c9b7-6fth9,1,19
10:15:07,25u,checkoutservice-5b6d96c9b7-9bqv8,1,37
10:15:07,25u,checkoutservice-5b6d96c9b7-j6swl,1,15
10:15:07,25u,currencyservice-7c8fc8fc9c-9dtdc,2,115
10:15:07,25u,currencyservice-7c8fc8fc9c-fknl8,1,105
10:15:07,25u,currencyservice-7c8fc8fc9c-vt2gd,2,78
10:15:07,25u,emailservice-66944ff59-8jhrl,4,56
10:15:07,25u,emailservice-66944ff59-xd6ch,4,57
10:15:07,25u,emailservice-66944ff59-xhss4,3,56
10:15:07,25u,frontend-7bd6f45654-8lrp5,1,50
10:15:07,25u,frontend-7bd6f45654-kpk99,1,23
10:15:07,25u,frontend-7bd6f45654-zl99v,1,23
10:15:07,25u,paymentservice-9bfb7bf5-gfxs2,1,125
10:15:07,25u,paymentservice-9bfb7bf5-s8hj7,2,69
10:15:07,25u,paymentservice-9bfb7bf5-t6d8q,2,76
10:15:07,25u,productcatalogservice-65bbf699df-cv7w7,1,18
10:15:07,25u,productcatalogservice-65bbf699df-jvkg4,1,21
10:15:07,25u,productcatalogservice-65bbf699df-vsc98,1,44
10:15:07,25u,recommendationservice-7444754ff5-9t2qj,4,54
10:15:07,25u,recommendationservice-7444754ff5-fthxq,6,81
10:15:07,25u,recommendationservice-7444754ff5-sg55v,4,51
10:15:07,25u,redis-cart-c8ff86559-lhjtw,3,36
10:15:07,25u,shippingservice-f956b6d9f-cdqmk,1,16
10:15:07,25u,shippingservice-f956b6d9f-scpqb,1,15
10:15:07,25u,shippingservice-f956b6d9f-z5rrl,1,33
10:15:17,50u,adservice-574bff445c-dq4dw,1,280
10:15:17,50u,adservice-574bff445c-jc7m4,6,152
10:15:17,50u,adservice-574bff445c-tbr78,6,161
10:15:17,50u,cartservice-765b6959c9-bcmfz,3,161
10:15:17,50u,cartservice-765b6959c9-n6fwn,3,99
10:15:17,50u,cartservice-765b6959c9-qnq65,3,100
10:15:17,50u,checkoutservice-5b6d96c9b7-6fth9,1,19
10:15:17,50u,checkoutservice-5b6d96c9b7-9bqv8,1,38
10:15:17,50u,checkoutservice-5b6d96c9b7-j6swl,1,15
10:15:17,50u,currencyservice-7c8fc8fc9c-9dtdc,1,115
10:15:17,50u,currencyservice-7c8fc8fc9c-fknl8,2,105
10:15:17,50u,currencyservice-7c8fc8fc9c-vt2gd,6,77
10:15:17,50u,emailservice-66944ff59-8jhrl,4,56
10:15:17,50u,emailservice-66944ff59-xd6ch,4,57
10:15:17,50u,emailservice-66944ff59-xhss4,3,56
10:15:17,50u,frontend-7bd6f45654-8lrp5,1,50
10:15:17,50u,frontend-7bd6f45654-kpk99,1,23
10:15:17,50u,frontend-7bd6f45654-zl99v,1,23
10:15:17,50u,paymentservice-9bfb7bf5-gfxs2,1,125
10:15:17,50u,paymentservice-9bfb7bf5-s8hj7,3,69
10:15:17,50u,paymentservice-9bfb7bf5-t6d8q,2,76
10:15:17,50u,productcatalogservice-65bbf699df-cv7w7,1,18
10:15:17,50u,productcatalogservice-65bbf699df-jvkg4,1,21
10:15:17,50u,productcatalogservice-65bbf699df-vsc98,1,44
10:15:17,50u,recommendationservice-7444754ff5-9t2qj,4,54
10:15:17,50u,recommendationservice-7444754ff5-fthxq,4,81
10:15:17,50u,recommendationservice-7444754ff5-sg55v,4,51
10:15:17,50u,redis-cart-c8ff86559-lhjtw,3,36
10:15:17,50u,shippingservice-f956b6d9f-cdqmk,1,16
10:15:17,50u,shippingservice-f956b6d9f-scpqb,1,15
10:15:17,50u,shippingservice-f956b6d9f-z5rrl,1,33
10:15:28,50u,adservice-574bff445c-dq4dw,1,280
10:15:28,50u,adservice-574bff445c-jc7m4,6,152
10:15:28,50u,adservice-574bff445c-tbr78,6,161
10:15:28,50u,cartservice-765b6959c9-bcmfz,3,161
10:15:28,50u,cartservice-765b6959c9-n6fwn,3,99
10:15:28,50u,cartservice-765b6959c9-qnq65,3,100
10:15:28,50u,checkoutservice-5b6d96c9b7-6fth9,1,19
10:15:28,50u,checkoutservice-5b6d96c9b7-9bqv8,1,38
10:15:28,50u,checkoutservice-5b6d96c9b7-j6swl,1,15
10:15:28,50u,currencyservice-7c8fc8fc9c-9dtdc,1,115
10:15:28,50u,currencyservice-7c8fc8fc9c-fknl8,2,105
10:15:28,50u,currencyservice-7c8fc8fc9c-vt2gd,6,77
10:15:28,50u,emailservice-66944ff59-8jhrl,4,56
10:15:28,50u,emailservice-66944ff59-xd6ch,4,57
10:15:28,50u,emailservice-66944ff59-xhss4,3,56
10:15:28,50u,frontend-7bd6f45654-8lrp5,1,50
10:15:28,50u,frontend-7bd6f45654-kpk99,1,23
10:15:28,50u,frontend-7bd6f45654-zl99v,1,23
10:15:28,50u,paymentservice-9bfb7bf5-gfxs2,1,125
10:15:28,50u,paymentservice-9bfb7bf5-s8hj7,3,69
10:15:28,50u,paymentservice-9bfb7bf5-t6d8q,2,76
10:15:28,50u,productcatalogservice-65bbf699df-cv7w7,1,18
10:15:28,50u,productcatalogservice-65bbf699df-jvkg4,1,21
10:15:28,50u,productcatalogservice-65bbf699df-vsc98,1,44
10:15:28,50u,recommendationservice-7444754ff5-9t2qj,4,54
10:15:28,50u,recommendationservice-7444754ff5-fthxq,4,81
10:15:28,50u,recommendationservice-7444754ff5-sg55v,4,51
10:15:28,50u,redis-cart-c8ff86559-lhjtw,3,36
10:15:28,50u,shippingservice-f956b6d9f-cdqmk,1,16
10:15:28,50u,shippingservice-f956b6d9f-scpqb,1,15
10:15:28,50u,shippingservice-f956b6d9f-z5rrl,1,33
10:15:38,50u,adservice-574bff445c-dq4dw,21,280
10:15:38,50u,adservice-574bff445c-jc7m4,5,153
10:15:38,50u,adservice-574bff445c-tbr78,5,162
10:15:38,50u,cartservice-765b6959c9-bcmfz,46,160
10:15:38,50u,cartservice-765b6959c9-n6fwn,3,99
10:15:38,50u,cartservice-765b6959c9-qnq65,4,100
10:15:38,50u,checkoutservice-5b6d96c9b7-6fth9,4,19
10:15:38,50u,checkoutservice-5b6d96c9b7-9bqv8,3,38
10:15:38,50u,checkoutservice-5b6d96c9b7-j6swl,1,15
10:15:38,50u,currencyservice-7c8fc8fc9c-9dtdc,30,116
10:15:38,50u,currencyservice-7c8fc8fc9c-fknl8,52,105
10:15:38,50u,currencyservice-7c8fc8fc9c-vt2gd,3,78
10:15:38,50u,emailservice-66944ff59-8jhrl,4,56
10:15:38,50u,emailservice-66944ff59-xd6ch,6,57
10:15:38,50u,emailservice-66944ff59-xhss4,3,56
10:15:38,50u,frontend-7bd6f45654-8lrp5,33,51
10:15:38,50u,frontend-7bd6f45654-kpk99,23,23
10:15:38,50u,frontend-7bd6f45654-zl99v,55,23
10:15:38,50u,paymentservice-9bfb7bf5-gfxs2,3,125
10:15:38,50u,paymentservice-9bfb7bf5-s8hj7,10,69
10:15:38,50u,paymentservice-9bfb7bf5-t6d8q,2,76
10:15:38,50u,productcatalogservice-65bbf699df-cv7w7,2,18
10:15:38,50u,productcatalogservice-65bbf699df-jvkg4,25,21
10:15:38,50u,productcatalogservice-65bbf699df-vsc98,26,43
10:15:38,50u,recommendationservice-7444754ff5-9t2qj,17,54
10:15:38,50u,recommendationservice-7444754ff5-fthxq,56,81
10:15:38,50u,recommendationservice-7444754ff5-sg55v,4,51
10:15:38,50u,redis-cart-c8ff86559-lhjtw,6,36
10:15:38,50u,shippingservice-f956b6d9f-cdqmk,4,16
10:15:38,50u,shippingservice-f956b6d9f-scpqb,1,15
10:15:38,50u,shippingservice-f956b6d9f-z5rrl,4,33
10:15:48,50u,adservice-574bff445c-dq4dw,73,281
10:15:48,50u,adservice-574bff445c-jc7m4,5,153
10:15:48,50u,adservice-574bff445c-tbr78,6,162
10:15:48,50u,cartservice-765b6959c9-bcmfz,157,160
10:15:48,50u,cartservice-765b6959c9-n6fwn,3,99
10:15:48,50u,cartservice-765b6959c9-qnq65,2,101
10:15:48,50u,checkoutservice-5b6d96c9b7-6fth9,11,19
10:15:48,50u,checkoutservice-5b6d96c9b7-9bqv8,21,37
10:15:48,50u,checkoutservice-5b6d96c9b7-j6swl,1,15
10:15:48,50u,currencyservice-7c8fc8fc9c-9dtdc,127,115
10:15:48,50u,currencyservice-7c8fc8fc9c-fknl8,184,105
10:15:48,50u,currencyservice-7c8fc8fc9c-vt2gd,2,78
10:15:48,50u,emailservice-66944ff59-8jhrl,3,56
10:15:48,50u,emailservice-66944ff59-xd6ch,16,57
10:15:48,50u,emailservice-66944ff59-xhss4,3,56
10:15:48,50u,frontend-7bd6f45654-8lrp5,126,51
10:15:48,50u,frontend-7bd6f45654-kpk99,150,24
10:15:48,50u,frontend-7bd6f45654-zl99v,159,26
10:15:48,50u,paymentservice-9bfb7bf5-gfxs2,9,125
10:15:48,50u,paymentservice-9bfb7bf5-s8hj7,6,70
10:15:48,50u,paymentservice-9bfb7bf5-t6d8q,2,76
10:15:48,50u,productcatalogservice-65bbf699df-cv7w7,4,18
10:15:48,50u,productcatalogservice-65bbf699df-jvkg4,79,21
10:15:48,50u,productcatalogservice-65bbf699df-vsc98,116,44
10:15:48,50u,recommendationservice-7444754ff5-9t2qj,110,54
10:15:48,50u,recommendationservice-7444754ff5-fthxq,189,81
10:15:48,50u,recommendationservice-7444754ff5-sg55v,3,51
10:15:48,50u,redis-cart-c8ff86559-lhjtw,11,36
10:15:48,50u,shippingservice-f956b6d9f-cdqmk,14,16
10:15:48,50u,shippingservice-f956b6d9f-scpqb,1,15
10:15:48,50u,shippingservice-f956b6d9f-z5rrl,13,33
10:15:58,50u,adservice-574bff445c-dq4dw,46,281
10:15:58,50u,adservice-574bff445c-jc7m4,5,153
10:15:58,50u,adservice-574bff445c-tbr78,4,162
10:15:58,50u,cartservice-765b6959c9-bcmfz,98,160
10:15:58,50u,cartservice-765b6959c9-n6fwn,3,99
10:15:58,50u,cartservice-765b6959c9-qnq65,2,101
10:15:58,50u,checkoutservice-5b6d96c9b7-6fth9,9,19
10:15:58,50u,checkoutservice-5b6d96c9b7-9bqv8,14,37
10:15:58,50u,checkoutservice-5b6d96c9b7-j6swl,1,15
10:15:58,50u,currencyservice-7c8fc8fc9c-9dtdc,77,116
10:15:58,50u,currencyservice-7c8fc8fc9c-fknl8,120,106
10:15:58,50u,currencyservice-7c8fc8fc9c-vt2gd,2,78
10:15:58,50u,emailservice-66944ff59-8jhrl,3,56
10:15:58,50u,emailservice-66944ff59-xd6ch,12,57
10:15:58,50u,emailservice-66944ff59-xhss4,4,56
10:15:58,50u,frontend-7bd6f45654-8lrp5,73,51
10:15:58,50u,frontend-7bd6f45654-kpk99,111,24
10:15:58,50u,frontend-7bd6f45654-zl99v,77,25
10:15:58,50u,paymentservice-9bfb7bf5-gfxs2,6,125
10:15:58,50u,paymentservice-9bfb7bf5-s8hj7,8,70
10:15:58,50u,paymentservice-9bfb7bf5-t6d8q,2,76
10:15:58,50u,productcatalogservice-65bbf699df-cv7w7,2,18
10:15:58,50u,productcatalogservice-65bbf699df-jvkg4,40,21
10:15:58,50u,productcatalogservice-65bbf699df-vsc98,75,44
10:15:58,50u,recommendationservice-7444754ff5-9t2qj,83,54
10:15:58,50u,recommendationservice-7444754ff5-fthxq,102,81
10:15:58,50u,recommendationservice-7444754ff5-sg55v,3,51
10:15:58,50u,redis-cart-c8ff86559-lhjtw,8,36
10:15:58,50u,shippingservice-f956b6d9f-cdqmk,9,16
10:15:58,50u,shippingservice-f956b6d9f-scpqb,1,15
10:15:58,50u,shippingservice-f956b6d9f-z5rrl,8,33
10:16:08,50u,adservice-574bff445c-dq4dw,46,281
10:16:08,50u,adservice-574bff445c-jc7m4,5,153
10:16:08,50u,adservice-574bff445c-tbr78,4,162
10:16:08,50u,cartservice-765b6959c9-bcmfz,98,160
10:16:08,50u,cartservice-765b6959c9-n6fwn,3,99
10:16:08,50u,cartservice-765b6959c9-qnq65,2,101
10:16:08,50u,checkoutservice-5b6d96c9b7-6fth9,9,19
10:16:08,50u,checkoutservice-5b6d96c9b7-9bqv8,14,37
10:16:08,50u,checkoutservice-5b6d96c9b7-j6swl,1,15
10:16:08,50u,currencyservice-7c8fc8fc9c-9dtdc,77,116
10:16:08,50u,currencyservice-7c8fc8fc9c-fknl8,120,106
10:16:08,50u,currencyservice-7c8fc8fc9c-vt2gd,2,78
10:16:08,50u,emailservice-66944ff59-8jhrl,3,56
10:16:08,50u,emailservice-66944ff59-xd6ch,12,57
10:16:08,50u,emailservice-66944ff59-xhss4,4,56
10:16:08,50u,frontend-7bd6f45654-8lrp5,73,51
10:16:08,50u,frontend-7bd6f45654-kpk99,111,24
10:16:08,50u,frontend-7bd6f45654-zl99v,77,25
10:16:08,50u,paymentservice-9bfb7bf5-gfxs2,6,125
10:16:08,50u,paymentservice-9bfb7bf5-s8hj7,8,70
10:16:08,50u,paymentservice-9bfb7bf5-t6d8q,2,76
10:16:08,50u,productcatalogservice-65bbf699df-cv7w7,2,18
10:16:08,50u,productcatalogservice-65bbf699df-jvkg4,40,21
10:16:08,50u,productcatalogservice-65bbf699df-vsc98,75,44
10:16:08,50u,recommendationservice-7444754ff5-9t2qj,83,54
10:16:08,50u,recommendationservice-7444754ff5-fthxq,102,81
10:16:08,50u,recommendationservice-7444754ff5-sg55v,3,51
10:16:08,50u,redis-cart-c8ff86559-lhjtw,8,36
10:16:08,50u,shippingservice-f956b6d9f-cdqmk,9,16
10:16:08,50u,shippingservice-f956b6d9f-scpqb,1,15
10:16:08,50u,shippingservice-f956b6d9f-z5rrl,8,33
10:16:19,50u,adservice-574bff445c-dq4dw,68,281
10:16:19,50u,adservice-574bff445c-jc7m4,6,155
10:16:19,50u,adservice-574bff445c-tbr78,6,162
10:16:19,50u,cartservice-765b6959c9-bcmfz,157,160
10:16:19,50u,cartservice-765b6959c9-n6fwn,2,99
10:16:19,50u,cartservice-765b6959c9-qnq65,3,101
10:16:19,50u,checkoutservice-5b6d96c9b7-6fth9,9,19
10:16:19,50u,checkoutservice-5b6d96c9b7-9bqv8,23,37
10:16:19,50u,checkoutservice-5b6d96c9b7-j6swl,1,15
10:16:19,50u,currencyservice-7c8fc8fc9c-9dtdc,156,118
10:16:19,50u,currencyservice-7c8fc8fc9c-fknl8,173,108
10:16:19,50u,currencyservice-7c8fc8fc9c-vt2gd,2,78
10:16:19,50u,emailservice-66944ff59-8jhrl,3,56
10:16:19,50u,emailservice-66944ff59-xd6ch,16,57
10:16:19,50u,emailservice-66944ff59-xhss4,3,56
10:16:19,50u,frontend-7bd6f45654-8lrp5,161,51
10:16:19,50u,frontend-7bd6f45654-kpk99,152,24
10:16:19,50u,frontend-7bd6f45654-zl99v,115,26
10:16:19,50u,paymentservice-9bfb7bf5-gfxs2,9,125
10:16:19,50u,paymentservice-9bfb7bf5-s8hj7,6,70
10:16:19,50u,paymentservice-9bfb7bf5-t6d8q,2,76
10:16:19,50u,productcatalogservice-65bbf699df-cv7w7,3,18
10:16:19,50u,productcatalogservice-65bbf699df-jvkg4,57,21
10:16:19,50u,productcatalogservice-65bbf699df-vsc98,126,44
10:16:19,50u,recommendationservice-7444754ff5-9t2qj,104,54
10:16:19,50u,recommendationservice-7444754ff5-fthxq,178,81
10:16:19,50u,recommendationservice-7444754ff5-sg55v,3,51
10:16:19,50u,redis-cart-c8ff86559-lhjtw,12,36
10:16:19,50u,shippingservice-f956b6d9f-cdqmk,13,16
10:16:19,50u,shippingservice-f956b6d9f-scpqb,1,15
10:16:19,50u,shippingservice-f956b6d9f-z5rrl,15,33
10:16:29,50u,adservice-574bff445c-dq4dw,79,281
10:16:29,50u,adservice-574bff445c-jc7m4,2,155
10:16:29,50u,adservice-574bff445c-tbr78,2,162
10:16:29,50u,cartservice-765b6959c9-bcmfz,178,160
10:16:29,50u,cartservice-765b6959c9-n6fwn,3,101
10:16:29,50u,cartservice-765b6959c9-qnq65,3,101
10:16:29,50u,checkoutservice-5b6d96c9b7-6fth9,11,19
10:16:29,50u,checkoutservice-5b6d96c9b7-9bqv8,27,37
10:16:29,50u,checkoutservice-5b6d96c9b7-j6swl,1,15
10:16:29,50u,currencyservice-7c8fc8fc9c-9dtdc,169,120
10:16:29,50u,currencyservice-7c8fc8fc9c-fknl8,187,108
10:16:29,50u,currencyservice-7c8fc8fc9c-vt2gd,2,78
10:16:29,50u,emailservice-66944ff59-8jhrl,3,56
10:16:29,50u,emailservice-66944ff59-xd6ch,17,57
10:16:29,50u,emailservice-66944ff59-xhss4,3,56
10:16:29,50u,frontend-7bd6f45654-8lrp5,182,51
10:16:29,50u,frontend-7bd6f45654-kpk99,167,24
10:16:29,50u,frontend-7bd6f45654-zl99v,130,26
10:16:29,50u,paymentservice-9bfb7bf5-gfxs2,9,125
10:16:29,50u,paymentservice-9bfb7bf5-s8hj7,5,70
10:16:29,50u,paymentservice-9bfb7bf5-t6d8q,3,76
10:16:29,50u,productcatalogservice-65bbf699df-cv7w7,4,18
10:16:29,50u,productcatalogservice-65bbf699df-jvkg4,64,21
10:16:29,50u,productcatalogservice-65bbf699df-vsc98,141,44
10:16:29,50u,recommendationservice-7444754ff5-9t2qj,119,54
10:16:29,50u,recommendationservice-7444754ff5-fthxq,200,81
10:16:29,50u,recommendationservice-7444754ff5-sg55v,3,51
10:16:29,50u,redis-cart-c8ff86559-lhjtw,12,36
10:16:29,50u,shippingservice-f956b6d9f-cdqmk,13,16
10:16:29,50u,shippingservice-f956b6d9f-scpqb,1,15
10:16:29,50u,shippingservice-f956b6d9f-z5rrl,17,33
10:16:39,50u,adservice-574bff445c-dq4dw,79,281
10:16:39,50u,adservice-574bff445c-jc7m4,2,155
10:16:39,50u,adservice-574bff445c-tbr78,2,162
10:16:39,50u,cartservice-765b6959c9-bcmfz,178,160
10:16:39,50u,cartservice-765b6959c9-n6fwn,3,101
10:16:39,50u,cartservice-765b6959c9-qnq65,3,101
10:16:39,50u,checkoutservice-5b6d96c9b7-6fth9,11,19
10:16:39,50u,checkoutservice-5b6d96c9b7-9bqv8,27,37
10:16:39,50u,checkoutservice-5b6d96c9b7-j6swl,1,15
10:16:39,50u,currencyservice-7c8fc8fc9c-9dtdc,169,120
10:16:39,50u,currencyservice-7c8fc8fc9c-fknl8,187,108
10:16:39,50u,currencyservice-7c8fc8fc9c-vt2gd,2,78
10:16:39,50u,emailservice-66944ff59-8jhrl,3,56
10:16:39,50u,emailservice-66944ff59-xd6ch,17,57
10:16:39,50u,emailservice-66944ff59-xhss4,3,56
10:16:39,50u,frontend-7bd6f45654-8lrp5,182,51
10:16:39,50u,frontend-7bd6f45654-kpk99,167,24
10:16:39,50u,frontend-7bd6f45654-zl99v,130,26
10:16:39,50u,paymentservice-9bfb7bf5-gfxs2,9,125
10:16:39,50u,paymentservice-9bfb7bf5-s8hj7,5,70
10:16:39,50u,paymentservice-9bfb7bf5-t6d8q,3,76
10:16:39,50u,productcatalogservice-65bbf699df-cv7w7,4,18
10:16:39,50u,productcatalogservice-65bbf699df-jvkg4,64,21
10:16:39,50u,productcatalogservice-65bbf699df-vsc98,141,44
10:16:39,50u,recommendationservice-7444754ff5-9t2qj,119,54
10:16:39,50u,recommendationservice-7444754ff5-fthxq,200,81
10:16:39,50u,recommendationservice-7444754ff5-sg55v,3,51
10:16:39,50u,redis-cart-c8ff86559-lhjtw,12,36
10:16:39,50u,shippingservice-f956b6d9f-cdqmk,13,16
10:16:39,50u,shippingservice-f956b6d9f-scpqb,1,15
10:16:39,50u,shippingservice-f956b6d9f-z5rrl,17,33
10:16:49,50u,adservice-574bff445c-dq4dw,81,281
10:16:49,50u,adservice-574bff445c-jc7m4,5,155
10:16:49,50u,adservice-574bff445c-tbr78,6,164
10:16:49,50u,cartservice-765b6959c9-bcmfz,174,160
10:16:49,50u,cartservice-765b6959c9-n6fwn,55,108
10:16:49,50u,cartservice-765b6959c9-qnq65,62,105
10:16:49,50u,checkoutservice-5b6d96c9b7-6fth9,10,19
10:16:49,50u,checkoutservice-5b6d96c9b7-9bqv8,26,38
10:16:49,50u,checkoutservice-5b6d96c9b7-j6swl,1,15
10:16:49,50u,currencyservice-7c8fc8fc9c-9dtdc,161,123
10:16:49,50u,currencyservice-7c8fc8fc9c-fknl8,186,109
10:16:49,50u,currencyservice-7c8fc8fc9c-vt2gd,1,78
10:16:49,50u,emailservice-66944ff59-8jhrl,3,56
10:16:49,50u,emailservice-66944ff59-xd6ch,17,57
10:16:49,50u,emailservice-66944ff59-xhss4,3,56
10:16:49,50u,frontend-7bd6f45654-8lrp5,176,51
10:16:49,50u,frontend-7bd6f45654-kpk99,168,24
10:16:49,50u,frontend-7bd6f45654-zl99v,129,26
10:16:49,50u,paymentservice-9bfb7bf5-gfxs2,9,125
10:16:49,50u,paymentservice-9bfb7bf5-s8hj7,6,70
10:16:49,50u,paymentservice-9bfb7bf5-t6d8q,2,76
10:16:49,50u,productcatalogservice-65bbf699df-cv7w7,3,18
10:16:49,50u,productcatalogservice-65bbf699df-jvkg4,65,21
10:16:49,50u,productcatalogservice-65bbf699df-vsc98,139,44
10:16:49,50u,recommendationservice-7444754ff5-9t2qj,112,54
10:16:49,50u,recommendationservice-7444754ff5-fthxq,200,81
10:16:49,50u,recommendationservice-7444754ff5-sg55v,3,51
10:16:49,50u,redis-cart-c8ff86559-lhjtw,12,36
10:16:49,50u,shippingservice-f956b6d9f-cdqmk,14,16
10:16:49,50u,shippingservice-f956b6d9f-scpqb,1,15
10:16:49,50u,shippingservice-f956b6d9f-z5rrl,16,33
10:16:59,50u,adservice-574bff445c-dq4dw,79,281
10:16:59,50u,adservice-574bff445c-jc7m4,3,155
10:16:59,50u,adservice-574bff445c-tbr78,4,165
10:16:59,50u,cartservice-765b6959c9-bcmfz,171,160
10:16:59,50u,cartservice-765b6959c9-n6fwn,33,111
10:16:59,50u,cartservice-765b6959c9-qnq65,22,108
10:16:59,50u,checkoutservice-5b6d96c9b7-6fth9,9,19
10:16:59,50u,checkoutservice-5b6d96c9b7-9bqv8,27,37
10:16:59,50u,checkoutservice-5b6d96c9b7-j6swl,1,15
10:16:59,50u,currencyservice-7c8fc8fc9c-9dtdc,171,123
10:16:59,50u,currencyservice-7c8fc8fc9c-fknl8,192,108
10:16:59,50u,currencyservice-7c8fc8fc9c-vt2gd,2,78
10:16:59,50u,emailservice-66944ff59-8jhrl,3,56
10:16:59,50u,emailservice-66944ff59-xd6ch,16,57
10:16:59,50u,emailservice-66944ff59-xhss4,4,56
10:16:59,50u,frontend-7bd6f45654-8lrp5,181,51
10:16:59,50u,frontend-7bd6f45654-kpk99,167,24
10:16:59,50u,frontend-7bd6f45654-zl99v,135,26
10:16:59,50u,paymentservice-9bfb7bf5-gfxs2,10,125
10:16:59,50u,paymentservice-9bfb7bf5-s8hj7,5,70
10:16:59,50u,paymentservice-9bfb7bf5-t6d8q,1,76
10:16:59,50u,productcatalogservice-65bbf699df-cv7w7,3,18
10:16:59,50u,productcatalogservice-65bbf699df-jvkg4,68,21
10:16:59,50u,productcatalogservice-65bbf699df-vsc98,142,44
10:16:59,50u,recommendationservice-7444754ff5-9t2qj,120,54
10:16:59,50u,recommendationservice-7444754ff5-fthxq,200,81
10:16:59,50u,recommendationservice-7444754ff5-sg55v,3,51
10:16:59,50u,redis-cart-c8ff86559-lhjtw,11,36
10:16:59,50u,shippingservice-f956b6d9f-cdqmk,14,16
10:16:59,50u,shippingservice-f956b6d9f-scpqb,1,15
10:16:59,50u,shippingservice-f956b6d9f-z5rrl,16,33
10:17:09,50u,adservice-574bff445c-dq4dw,79,281
10:17:09,50u,adservice-574bff445c-jc7m4,3,155
10:17:09,50u,adservice-574bff445c-tbr78,4,165
10:17:09,50u,cartservice-765b6959c9-bcmfz,171,160
10:17:09,50u,cartservice-765b6959c9-n6fwn,33,111
10:17:09,50u,cartservice-765b6959c9-qnq65,22,108
10:17:09,50u,checkoutservice-5b6d96c9b7-6fth9,9,19
10:17:09,50u,checkoutservice-5b6d96c9b7-9bqv8,27,37
10:17:09,50u,checkoutservice-5b6d96c9b7-j6swl,1,15
10:17:09,50u,currencyservice-7c8fc8fc9c-9dtdc,171,123
10:17:09,50u,currencyservice-7c8fc8fc9c-fknl8,192,108
10:17:09,50u,currencyservice-7c8fc8fc9c-vt2gd,2,78
10:17:09,50u,emailservice-66944ff59-8jhrl,3,56
10:17:09,50u,emailservice-66944ff59-xd6ch,16,57
10:17:09,50u,emailservice-66944ff59-xhss4,4,56
10:17:09,50u,frontend-7bd6f45654-8lrp5,181,51
10:17:09,50u,frontend-7bd6f45654-kpk99,167,24
10:17:09,50u,frontend-7bd6f45654-zl99v,135,26
10:17:09,50u,paymentservice-9bfb7bf5-gfxs2,10,125
10:17:09,50u,paymentservice-9bfb7bf5-s8hj7,5,70
10:17:09,50u,paymentservice-9bfb7bf5-t6d8q,1,76
10:17:09,50u,productcatalogservice-65bbf699df-cv7w7,3,18
10:17:09,50u,productcatalogservice-65bbf699df-jvkg4,68,21
10:17:09,50u,productcatalogservice-65bbf699df-vsc98,142,44
10:17:09,50u,recommendationservice-7444754ff5-9t2qj,120,54
10:17:09,50u,recommendationservice-7444754ff5-fthxq,200,81
10:17:09,50u,recommendationservice-7444754ff5-sg55v,3,51
10:17:09,50u,redis-cart-c8ff86559-lhjtw,11,36
10:17:09,50u,shippingservice-f956b6d9f-cdqmk,14,16
10:17:09,50u,shippingservice-f956b6d9f-scpqb,1,15
10:17:09,50u,shippingservice-f956b6d9f-z5rrl,16,33
10:17:20,50u,adservice-574bff445c-dq4dw,76,281
10:17:20,50u,adservice-574bff445c-jc7m4,5,156
10:17:20,50u,adservice-574bff445c-tbr78,3,165
10:17:20,50u,cartservice-765b6959c9-bcmfz,160,160
10:17:20,50u,cartservice-765b6959c9-n6fwn,2,111
10:17:20,50u,cartservice-765b6959c9-qnq65,1,108
10:17:20,50u,checkoutservice-5b6d96c9b7-6fth9,9,19
10:17:20,50u,checkoutservice-5b6d96c9b7-9bqv8,24,37
10:17:20,50u,checkoutservice-5b6d96c9b7-j6swl,1,15
10:17:20,50u,currencyservice-7c8fc8fc9c-9dtdc,168,125
10:17:20,50u,currencyservice-7c8fc8fc9c-fknl8,193,108
10:17:20,50u,currencyservice-7c8fc8fc9c-vt2gd,1,78
10:17:20,50u,emailservice-66944ff59-8jhrl,3,56
10:17:20,50u,emailservice-66944ff59-xd6ch,15,57
10:17:20,50u,emailservice-66944ff59-xhss4,3,56
10:17:20,50u,frontend-7bd6f45654-8lrp5,177,51
10:17:20,50u,frontend-7bd6f45654-kpk99,170,24
10:17:20,50u,frontend-7bd6f45654-zl99v,123,26
10:17:20,50u,paymentservice-9bfb7bf5-gfxs2,8,125
10:17:20,50u,paymentservice-9bfb7bf5-s8hj7,9,69
10:17:20,50u,paymentservice-9bfb7bf5-t6d8q,3,76
10:17:20,50u,productcatalogservice-65bbf699df-cv7w7,3,18
10:17:20,50u,productcatalogservice-65bbf699df-jvkg4,67,21
10:17:20,50u,productcatalogservice-65bbf699df-vsc98,140,44
10:17:20,50u,recommendationservice-7444754ff5-9t2qj,122,54
10:17:20,50u,recommendationservice-7444754ff5-fthxq,200,82
10:17:20,50u,recommendationservice-7444754ff5-sg55v,3,51
10:17:20,50u,redis-cart-c8ff86559-lhjtw,11,37
10:17:20,50u,shippingservice-f956b6d9f-cdqmk,14,17
10:17:20,50u,shippingservice-f956b6d9f-scpqb,1,15
10:17:20,50u,shippingservice-f956b6d9f-z5rrl,15,33
10:17:30,50u,adservice-574bff445c-dq4dw,78,281
10:17:30,50u,adservice-574bff445c-jc7m4,6,156
10:17:30,50u,adservice-574bff445c-tbr78,8,165
10:17:30,50u,cartservice-765b6959c9-bcmfz,169,160
10:17:30,50u,cartservice-765b6959c9-n6fwn,1,111
10:17:30,50u,cartservice-765b6959c9-qnq65,3,108
10:17:30,50u,checkoutservice-5b6d96c9b7-6fth9,14,19
10:17:30,50u,checkoutservice-5b6d96c9b7-9bqv8,29,37
10:17:30,50u,checkoutservice-5b6d96c9b7-j6swl,1,15
10:17:30,50u,currencyservice-7c8fc8fc9c-9dtdc,173,126
10:17:30,50u,currencyservice-7c8fc8fc9c-fknl8,195,109
10:17:30,50u,currencyservice-7c8fc8fc9c-vt2gd,2,79
10:17:30,50u,emailservice-66944ff59-8jhrl,3,56
10:17:30,50u,emailservice-66944ff59-xd6ch,19,57
10:17:30,50u,emailservice-66944ff59-xhss4,3,56
10:17:30,50u,frontend-7bd6f45654-8lrp5,178,53
10:17:30,50u,frontend-7bd6f45654-kpk99,177,24
10:17:30,50u,frontend-7bd6f45654-zl99v,128,26
10:17:30,50u,paymentservice-9bfb7bf5-gfxs2,11,125
10:17:30,50u,paymentservice-9bfb7bf5-s8hj7,7,70
10:17:30,50u,paymentservice-9bfb7bf5-t6d8q,1,76
10:17:30,50u,productcatalogservice-65bbf699df-cv7w7,4,18
10:17:30,50u,productcatalogservice-65bbf699df-jvkg4,63,21
10:17:30,50u,productcatalogservice-65bbf699df-vsc98,141,44
10:17:30,50u,recommendationservice-7444754ff5-9t2qj,122,54
10:17:30,50u,recommendationservice-7444754ff5-fthxq,200,81
10:17:30,50u,recommendationservice-7444754ff5-sg55v,3,51
10:17:30,50u,redis-cart-c8ff86559-lhjtw,12,36
10:17:30,50u,shippingservice-f956b6d9f-cdqmk,14,16
10:17:30,50u,shippingservice-f956b6d9f-scpqb,1,15
10:17:30,50u,shippingservice-f956b6d9f-z5rrl,17,33
10:17:40,50u,adservice-574bff445c-dq4dw,78,281
10:17:40,50u,adservice-574bff445c-jc7m4,6,156
10:17:40,50u,adservice-574bff445c-tbr78,8,165
10:17:40,50u,cartservice-765b6959c9-bcmfz,169,160
10:17:40,50u,cartservice-765b6959c9-n6fwn,1,111
10:17:40,50u,cartservice-765b6959c9-qnq65,3,108
10:17:40,50u,checkoutservice-5b6d96c9b7-6fth9,14,19
10:17:40,50u,checkoutservice-5b6d96c9b7-9bqv8,29,37
10:17:40,50u,checkoutservice-5b6d96c9b7-j6swl,1,15
10:17:40,50u,currencyservice-7c8fc8fc9c-9dtdc,173,126
10:17:40,50u,currencyservice-7c8fc8fc9c-fknl8,195,109
10:17:40,50u,currencyservice-7c8fc8fc9c-vt2gd,2,79
10:17:40,50u,emailservice-66944ff59-8jhrl,3,56
10:17:40,50u,emailservice-66944ff59-xd6ch,19,57
10:17:40,50u,emailservice-66944ff59-xhss4,3,56
10:17:40,50u,frontend-7bd6f45654-8lrp5,178,53
10:17:40,50u,frontend-7bd6f45654-kpk99,177,24
10:17:40,50u,frontend-7bd6f45654-zl99v,128,26
10:17:40,50u,paymentservice-9bfb7bf5-gfxs2,11,125
10:17:40,50u,paymentservice-9bfb7bf5-s8hj7,7,70
10:17:40,50u,paymentservice-9bfb7bf5-t6d8q,1,76
10:17:40,50u,productcatalogservice-65bbf699df-cv7w7,4,18
10:17:40,50u,productcatalogservice-65bbf699df-jvkg4,63,21
10:17:40,50u,productcatalogservice-65bbf699df-vsc98,141,44
10:17:40,50u,recommendationservice-7444754ff5-9t2qj,122,54
10:17:40,50u,recommendationservice-7444754ff5-fthxq,200,81
10:17:40,50u,recommendationservice-7444754ff5-sg55v,3,51
10:17:40,50u,redis-cart-c8ff86559-lhjtw,12,36
10:17:40,50u,shippingservice-f956b6d9f-cdqmk,14,16
10:17:40,50u,shippingservice-f956b6d9f-scpqb,1,15
10:17:40,50u,shippingservice-f956b6d9f-z5rrl,17,33
10:17:50,50u,adservice-574bff445c-dq4dw,79,281
10:17:50,50u,adservice-574bff445c-jc7m4,4,156
10:17:50,50u,adservice-574bff445c-tbr78,4,165
10:17:50,50u,cartservice-765b6959c9-bcmfz,157,160
10:17:50,50u,cartservice-765b6959c9-n6fwn,3,111
10:17:50,50u,cartservice-765b6959c9-qnq65,9,109
10:17:50,50u,checkoutservice-5b6d96c9b7-6fth9,9,19
10:17:50,50u,checkoutservice-5b6d96c9b7-9bqv8,25,37
10:17:50,50u,checkoutservice-5b6d96c9b7-j6swl,1,15
10:17:50,50u,currencyservice-7c8fc8fc9c-9dtdc,168,126
10:17:50,50u,currencyservice-7c8fc8fc9c-fknl8,188,111
10:17:50,50u,currencyservice-7c8fc8fc9c-vt2gd,2,79
10:17:50,50u,emailservice-66944ff59-8jhrl,3,56
10:17:50,50u,emailservice-66944ff59-xd6ch,16,57
10:17:50,50u,emailservice-66944ff59-xhss4,3,56
10:17:50,50u,frontend-7bd6f45654-8lrp5,175,53
10:17:50,50u,frontend-7bd6f45654-kpk99,174,24
10:17:50,50u,frontend-7bd6f45654-zl99v,129,26
10:17:50,50u,paymentservice-9bfb7bf5-gfxs2,9,125
10:17:50,50u,paymentservice-9bfb7bf5-s8hj7,6,72
10:17:50,50u,paymentservice-9bfb7bf5-t6d8q,2,76
10:17:50,50u,productcatalogservice-65bbf699df-cv7w7,3,18
10:17:50,50u,productcatalogservice-65bbf699df-jvkg4,67,21
10:17:50,50u,productcatalogservice-65bbf699df-vsc98,139,43
10:17:50,50u,recommendationservice-7444754ff5-9t2qj,120,54
10:17:50,50u,recommendationservice-7444754ff5-fthxq,200,81
10:17:50,50u,recommendationservice-7444754ff5-sg55v,3,51
10:17:50,50u,redis-cart-c8ff86559-lhjtw,11,36
10:17:50,50u,shippingservice-f956b6d9f-cdqmk,14,16
10:17:50,50u,shippingservice-f956b6d9f-scpqb,1,15
10:17:50,50u,shippingservice-f956b6d9f-z5rrl,15,33
10:18:01,50u,adservice-574bff445c-dq4dw,29,281
10:18:01,50u,adservice-574bff445c-jc7m4,4,156
10:18:01,50u,adservice-574bff445c-tbr78,5,165
10:18:01,50u,cartservice-765b6959c9-bcmfz,50,160
10:18:01,50u,cartservice-765b6959c9-n6fwn,9,112
10:18:01,50u,cartservice-765b6959c9-qnq65,2,109
10:18:01,50u,checkoutservice-5b6d96c9b7-6fth9,5,19
10:18:01,50u,checkoutservice-5b6d96c9b7-9bqv8,10,37
10:18:01,50u,checkoutservice-5b6d96c9b7-j6swl,1,15
10:18:01,50u,currencyservice-7c8fc8fc9c-9dtdc,59,126
10:18:01,50u,currencyservice-7c8fc8fc9c-fknl8,68,111
10:18:01,50u,currencyservice-7c8fc8fc9c-vt2gd,3,79
10:18:01,50u,emailservice-66944ff59-8jhrl,4,56
10:18:01,50u,emailservice-66944ff59-xd6ch,10,57
10:18:01,50u,emailservice-66944ff59-xhss4,4,56
10:18:01,50u,frontend-7bd6f45654-8lrp5,59,53
10:18:01,50u,frontend-7bd6f45654-kpk99,60,24
10:18:01,50u,frontend-7bd6f45654-zl99v,45,26
10:18:01,50u,paymentservice-9bfb7bf5-gfxs2,5,125
10:18:01,50u,paymentservice-9bfb7bf5-s8hj7,5,72
10:18:01,50u,paymentservice-9bfb7bf5-t6d8q,3,76
10:18:01,50u,productcatalogservice-65bbf699df-cv7w7,2,18
10:18:01,50u,productcatalogservice-65bbf699df-jvkg4,22,21
10:18:01,50u,productcatalogservice-65bbf699df-vsc98,48,44
10:18:01,50u,recommendationservice-7444754ff5-9t2qj,44,54
10:18:01,50u,recommendationservice-7444754ff5-fthxq,71,81
10:18:01,50u,recommendationservice-7444754ff5-sg55v,5,51
10:18:01,50u,redis-cart-c8ff86559-lhjtw,8,36
10:18:01,50u,shippingservice-f956b6d9f-cdqmk,5,16
10:18:01,50u,shippingservice-f956b6d9f-scpqb,1,15
10:18:01,50u,shippingservice-f956b6d9f-z5rrl,7,34
10:18:11,50u,adservice-574bff445c-dq4dw,29,281
10:18:11,50u,adservice-574bff445c-jc7m4,4,156
10:18:11,50u,adservice-574bff445c-tbr78,5,165
10:18:11,50u,cartservice-765b6959c9-bcmfz,50,160
10:18:11,50u,cartservice-765b6959c9-n6fwn,9,112
10:18:11,50u,cartservice-765b6959c9-qnq65,2,109
10:18:11,50u,checkoutservice-5b6d96c9b7-6fth9,5,19
10:18:11,50u,checkoutservice-5b6d96c9b7-9bqv8,10,37
10:18:11,50u,checkoutservice-5b6d96c9b7-j6swl,1,15
10:18:11,50u,currencyservice-7c8fc8fc9c-9dtdc,59,126
10:18:11,50u,currencyservice-7c8fc8fc9c-fknl8,68,111
10:18:11,50u,currencyservice-7c8fc8fc9c-vt2gd,3,79
10:18:11,50u,emailservice-66944ff59-8jhrl,4,56
10:18:11,50u,emailservice-66944ff59-xd6ch,10,57
10:18:11,50u,emailservice-66944ff59-xhss4,4,56
10:18:11,50u,frontend-7bd6f45654-8lrp5,59,53
10:18:11,50u,frontend-7bd6f45654-kpk99,60,24
10:18:11,50u,frontend-7bd6f45654-zl99v,45,26
10:18:11,50u,paymentservice-9bfb7bf5-gfxs2,5,125
10:18:11,50u,paymentservice-9bfb7bf5-s8hj7,5,72
10:18:11,50u,paymentservice-9bfb7bf5-t6d8q,3,76
10:18:11,50u,productcatalogservice-65bbf699df-cv7w7,2,18
10:18:11,50u,productcatalogservice-65bbf699df-jvkg4,22,21
10:18:11,50u,productcatalogservice-65bbf699df-vsc98,48,44
10:18:11,50u,recommendationservice-7444754ff5-9t2qj,44,54
10:18:11,50u,recommendationservice-7444754ff5-fthxq,71,81
10:18:11,50u,recommendationservice-7444754ff5-sg55v,5,51
10:18:11,50u,redis-cart-c8ff86559-lhjtw,8,36
10:18:11,50u,shippingservice-f956b6d9f-cdqmk,5,16
10:18:11,50u,shippingservice-f956b6d9f-scpqb,1,15
10:18:11,50u,shippingservice-f956b6d9f-z5rrl,7,34
10:18:21,50u,adservice-574bff445c-dq4dw,3,281
10:18:21,50u,adservice-574bff445c-jc7m4,6,158
10:18:21,50u,adservice-574bff445c-tbr78,5,165
10:18:21,50u,cartservice-765b6959c9-bcmfz,2,160
10:18:21,50u,cartservice-765b6959c9-n6fwn,3,112
10:18:21,50u,cartservice-765b6959c9-qnq65,3,109
10:18:21,50u,checkoutservice-5b6d96c9b7-6fth9,1,19
10:18:21,50u,checkoutservice-5b6d96c9b7-9bqv8,1,37
10:18:21,50u,checkoutservice-5b6d96c9b7-j6swl,1,15
10:18:21,50u,currencyservice-7c8fc8fc9c-9dtdc,1,126
10:18:21,50u,currencyservice-7c8fc8fc9c-fknl8,2,111
10:18:21,50u,currencyservice-7c8fc8fc9c-vt2gd,3,79
10:18:21,50u,emailservice-66944ff59-8jhrl,5,56
10:18:21,50u,emailservice-66944ff59-xd6ch,4,57
10:18:21,50u,emailservice-66944ff59-xhss4,5,56
10:18:21,50u,frontend-7bd6f45654-8lrp5,1,53
10:18:21,50u,frontend-7bd6f45654-kpk99,1,24
10:18:21,50u,frontend-7bd6f45654-zl99v,1,26
10:18:21,50u,paymentservice-9bfb7bf5-gfxs2,1,125
10:18:21,50u,paymentservice-9bfb7bf5-s8hj7,3,72
10:18:21,50u,paymentservice-9bfb7bf5-t6d8q,3,76
10:18:21,50u,productcatalogservice-65bbf699df-cv7w7,1,18
10:18:21,50u,productcatalogservice-65bbf699df-jvkg4,2,21
10:18:21,50u,productcatalogservice-65bbf699df-vsc98,1,44
10:18:21,50u,recommendationservice-7444754ff5-9t2qj,5,54
10:18:21,50u,recommendationservice-7444754ff5-fthxq,5,81
10:18:21,50u,recommendationservice-7444754ff5-sg55v,5,51
10:18:21,50u,redis-cart-c8ff86559-lhjtw,3,36
10:18:21,50u,shippingservice-f956b6d9f-cdqmk,1,16
10:18:21,50u,shippingservice-f956b6d9f-scpqb,1,15
10:18:21,50u,shippingservice-f956b6d9f-z5rrl,2,34
10:18:32,50u,adservice-574bff445c-dq4dw,1,281
10:18:32,50u,adservice-574bff445c-jc7m4,6,158
10:18:32,50u,adservice-574bff445c-tbr78,4,165
10:18:32,50u,cartservice-765b6959c9-bcmfz,3,160
10:18:32,50u,cartservice-765b6959c9-n6fwn,2,112
10:18:32,50u,cartservice-765b6959c9-qnq65,2,109
10:18:32,50u,checkoutservice-5b6d96c9b7-6fth9,1,19
10:18:32,50u,checkoutservice-5b6d96c9b7-9bqv8,1,37
10:18:32,50u,checkoutservice-5b6d96c9b7-j6swl,1,15
10:18:32,50u,currencyservice-7c8fc8fc9c-9dtdc,2,126
10:18:32,50u,currencyservice-7c8fc8fc9c-fknl8,2,111
10:18:32,50u,currencyservice-7c8fc8fc9c-vt2gd,2,79
10:18:32,50u,emailservice-66944ff59-8jhrl,4,56
10:18:32,50u,emailservice-66944ff59-xd6ch,4,57
10:18:32,50u,emailservice-66944ff59-xhss4,4,56
10:18:32,50u,frontend-7bd6f45654-8lrp5,1,53
10:18:32,50u,frontend-7bd6f45654-kpk99,1,24
10:18:32,50u,frontend-7bd6f45654-zl99v,1,26
10:18:32,50u,paymentservice-9bfb7bf5-gfxs2,2,125
10:18:32,50u,paymentservice-9bfb7bf5-s8hj7,1,72
10:18:32,50u,paymentservice-9bfb7bf5-t6d8q,2,76
10:18:32,50u,productcatalogservice-65bbf699df-cv7w7,2,18
10:18:32,50u,productcatalogservice-65bbf699df-jvkg4,1,21
10:18:32,50u,productcatalogservice-65bbf699df-vsc98,1,44
10:18:32,50u,recommendationservice-7444754ff5-9t2qj,4,54
10:18:32,50u,recommendationservice-7444754ff5-fthxq,4,81
10:18:32,50u,recommendationservice-7444754ff5-sg55v,4,51
10:18:32,50u,redis-cart-c8ff86559-lhjtw,3,36
10:18:32,50u,shippingservice-f956b6d9f-cdqmk,1,16
10:18:32,50u,shippingservice-f956b6d9f-scpqb,1,15
10:18:32,50u,shippingservice-f956b6d9f-z5rrl,1,34
10:18:42,50u,adservice-574bff445c-dq4dw,1,281
10:18:42,50u,adservice-574bff445c-jc7m4,6,158
10:18:42,50u,adservice-574bff445c-tbr78,4,165
10:18:42,50u,cartservice-765b6959c9-bcmfz,3,160
10:18:42,50u,cartservice-765b6959c9-n6fwn,2,112
10:18:42,50u,cartservice-765b6959c9-qnq65,2,109
10:18:42,50u,checkoutservice-5b6d96c9b7-6fth9,1,19
10:18:42,50u,checkoutservice-5b6d96c9b7-9bqv8,1,37
10:18:42,50u,checkoutservice-5b6d96c9b7-j6swl,1,15
10:18:42,50u,currencyservice-7c8fc8fc9c-9dtdc,2,126
10:18:42,50u,currencyservice-7c8fc8fc9c-fknl8,2,111
10:18:42,50u,currencyservice-7c8fc8fc9c-vt2gd,2,79
10:18:42,50u,emailservice-66944ff59-8jhrl,4,56
10:18:42,50u,emailservice-66944ff59-xd6ch,4,57
10:18:42,50u,emailservice-66944ff59-xhss4,4,56
10:18:42,50u,frontend-7bd6f45654-8lrp5,1,53
10:18:42,50u,frontend-7bd6f45654-kpk99,1,24
10:18:42,50u,frontend-7bd6f45654-zl99v,1,26
10:18:42,50u,paymentservice-9bfb7bf5-gfxs2,2,125
10:18:42,50u,paymentservice-9bfb7bf5-s8hj7,1,72
10:18:42,50u,paymentservice-9bfb7bf5-t6d8q,2,76
10:18:42,50u,productcatalogservice-65bbf699df-cv7w7,2,18
10:18:42,50u,productcatalogservice-65bbf699df-jvkg4,1,21
10:18:42,50u,productcatalogservice-65bbf699df-vsc98,1,44
10:18:42,50u,recommendationservice-7444754ff5-9t2qj,4,54
10:18:42,50u,recommendationservice-7444754ff5-fthxq,4,81
10:18:42,50u,recommendationservice-7444754ff5-sg55v,4,51
10:18:42,50u,redis-cart-c8ff86559-lhjtw,3,36
10:18:42,50u,shippingservice-f956b6d9f-cdqmk,1,16
10:18:42,50u,shippingservice-f956b6d9f-scpqb,1,15
10:18:42,50u,shippingservice-f956b6d9f-z5rrl,1,34
10:18:52,75u,adservice-574bff445c-dq4dw,2,280
10:18:52,75u,adservice-574bff445c-jc7m4,4,158
10:18:52,75u,adservice-574bff445c-tbr78,4,168
10:18:52,75u,cartservice-765b6959c9-bcmfz,2,160
10:18:52,75u,cartservice-765b6959c9-n6fwn,2,112
10:18:52,75u,cartservice-765b6959c9-qnq65,1,109
10:18:52,75u,checkoutservice-5b6d96c9b7-6fth9,1,19
10:18:52,75u,checkoutservice-5b6d96c9b7-9bqv8,1,37
10:18:52,75u,checkoutservice-5b6d96c9b7-j6swl,1,15
10:18:52,75u,currencyservice-7c8fc8fc9c-9dtdc,1,126
10:18:52,75u,currencyservice-7c8fc8fc9c-fknl8,2,111
10:18:52,75u,currencyservice-7c8fc8fc9c-vt2gd,2,79
10:18:52,75u,emailservice-66944ff59-8jhrl,4,56
10:18:52,75u,emailservice-66944ff59-xd6ch,4,57
10:18:52,75u,emailservice-66944ff59-xhss4,3,56
10:18:52,75u,frontend-7bd6f45654-8lrp5,1,53
10:18:52,75u,frontend-7bd6f45654-kpk99,1,24
10:18:52,75u,frontend-7bd6f45654-zl99v,1,26
10:18:52,75u,paymentservice-9bfb7bf5-gfxs2,1,125
10:18:52,75u,paymentservice-9bfb7bf5-s8hj7,2,72
10:18:52,75u,paymentservice-9bfb7bf5-t6d8q,2,76
10:18:52,75u,productcatalogservice-65bbf699df-cv7w7,1,18
10:18:52,75u,productcatalogservice-65bbf699df-jvkg4,1,21
10:18:52,75u,productcatalogservice-65bbf699df-vsc98,1,44
10:18:52,75u,recommendationservice-7444754ff5-9t2qj,4,54
10:18:52,75u,recommendationservice-7444754ff5-fthxq,4,81
10:18:52,75u,recommendationservice-7444754ff5-sg55v,4,51
10:18:52,75u,redis-cart-c8ff86559-lhjtw,3,36
10:18:52,75u,shippingservice-f956b6d9f-cdqmk,1,16
10:18:52,75u,shippingservice-f956b6d9f-scpqb,1,15
10:18:52,75u,shippingservice-f956b6d9f-z5rrl,1,34
10:19:02,75u,adservice-574bff445c-dq4dw,15,280
10:19:02,75u,adservice-574bff445c-jc7m4,5,158
10:19:02,75u,adservice-574bff445c-tbr78,4,168
10:19:02,75u,cartservice-765b6959c9-bcmfz,29,160
10:19:02,75u,cartservice-765b6959c9-n6fwn,2,112
10:19:02,75u,cartservice-765b6959c9-qnq65,2,109
10:19:02,75u,checkoutservice-5b6d96c9b7-6fth9,3,20
10:19:02,75u,checkoutservice-5b6d96c9b7-9bqv8,5,38
10:19:02,75u,checkoutservice-5b6d96c9b7-j6swl,1,15
10:19:02,75u,currencyservice-7c8fc8fc9c-9dtdc,31,126
10:19:02,75u,currencyservice-7c8fc8fc9c-fknl8,28,111
10:19:02,75u,currencyservice-7c8fc8fc9c-vt2gd,2,79
10:19:02,75u,emailservice-66944ff59-8jhrl,5,56
10:19:02,75u,emailservice-66944ff59-xd6ch,6,57
10:19:02,75u,emailservice-66944ff59-xhss4,4,56
10:19:02,75u,frontend-7bd6f45654-8lrp5,30,52
10:19:02,75u,frontend-7bd6f45654-kpk99,19,24
10:19:02,75u,frontend-7bd6f45654-zl99v,20,25
10:19:02,75u,paymentservice-9bfb7bf5-gfxs2,3,125
10:19:02,75u,paymentservice-9bfb7bf5-s8hj7,3,73
10:19:02,75u,paymentservice-9bfb7bf5-t6d8q,2,76
10:19:02,75u,productcatalogservice-65bbf699df-cv7w7,1,18
10:19:02,75u,productcatalogservice-65bbf699df-jvkg4,9,21
10:19:02,75u,productcatalogservice-65bbf699df-vsc98,21,44
10:19:02,75u,recommendationservice-7444754ff5-9t2qj,15,54
10:19:02,75u,recommendationservice-7444754ff5-fthxq,31,81
10:19:02,75u,recommendationservice-7444754ff5-sg55v,4,51
10:19:02,75u,redis-cart-c8ff86559-lhjtw,6,36
10:19:02,75u,shippingservice-f956b6d9f-cdqmk,3,16
10:19:02,75u,shippingservice-f956b6d9f-scpqb,1,15
10:19:02,75u,shippingservice-f956b6d9f-z5rrl,4,33
10:19:12,75u,adservice-574bff445c-dq4dw,15,280
10:19:12,75u,adservice-574bff445c-jc7m4,5,158
10:19:12,75u,adservice-574bff445c-tbr78,4,168
10:19:12,75u,cartservice-765b6959c9-bcmfz,29,160
10:19:12,75u,cartservice-765b6959c9-n6fwn,2,112
10:19:12,75u,cartservice-765b6959c9-qnq65,2,109
10:19:12,75u,checkoutservice-5b6d96c9b7-6fth9,3,20
10:19:12,75u,checkoutservice-5b6d96c9b7-9bqv8,5,38
10:19:12,75u,checkoutservice-5b6d96c9b7-j6swl,1,15
10:19:12,75u,currencyservice-7c8fc8fc9c-9dtdc,31,126
10:19:12,75u,currencyservice-7c8fc8fc9c-fknl8,28,111
10:19:12,75u,currencyservice-7c8fc8fc9c-vt2gd,2,79
10:19:12,75u,emailservice-66944ff59-8jhrl,5,56
10:19:12,75u,emailservice-66944ff59-xd6ch,6,57
10:19:12,75u,emailservice-66944ff59-xhss4,4,56
10:19:12,75u,frontend-7bd6f45654-8lrp5,30,52
10:19:12,75u,frontend-7bd6f45654-kpk99,19,24
10:19:12,75u,frontend-7bd6f45654-zl99v,20,25
10:19:12,75u,paymentservice-9bfb7bf5-gfxs2,3,125
10:19:12,75u,paymentservice-9bfb7bf5-s8hj7,3,73
10:19:12,75u,paymentservice-9bfb7bf5-t6d8q,2,76
10:19:12,75u,productcatalogservice-65bbf699df-cv7w7,1,18
10:19:12,75u,productcatalogservice-65bbf699df-jvkg4,9,21
10:19:12,75u,productcatalogservice-65bbf699df-vsc98,21,44
10:19:12,75u,recommendationservice-7444754ff5-9t2qj,15,54
10:19:12,75u,recommendationservice-7444754ff5-fthxq,31,81
10:19:12,75u,recommendationservice-7444754ff5-sg55v,4,51
10:19:12,75u,redis-cart-c8ff86559-lhjtw,6,36
10:19:12,75u,shippingservice-f956b6d9f-cdqmk,3,16
10:19:12,75u,shippingservice-f956b6d9f-scpqb,1,15
10:19:12,75u,shippingservice-f956b6d9f-z5rrl,4,33
10:19:23,75u,adservice-574bff445c-dq4dw,57,281
10:19:23,75u,adservice-574bff445c-jc7m4,4,159
10:19:23,75u,adservice-574bff445c-tbr78,4,168
10:19:23,75u,cartservice-765b6959c9-bcmfz,119,160
10:19:23,75u,cartservice-765b6959c9-n6fwn,3,112
10:19:23,75u,cartservice-765b6959c9-qnq65,1,109
10:19:23,75u,checkoutservice-5b6d96c9b7-6fth9,13,19
10:19:23,75u,checkoutservice-5b6d96c9b7-9bqv8,14,38
10:19:23,75u,checkoutservice-5b6d96c9b7-j6swl,1,15
10:19:23,75u,currencyservice-7c8fc8fc9c-9dtdc,102,126
10:19:23,75u,currencyservice-7c8fc8fc9c-fknl8,163,111
10:19:23,75u,currencyservice-7c8fc8fc9c-vt2gd,1,79
10:19:23,75u,emailservice-66944ff59-8jhrl,3,56
10:19:23,75u,emailservice-66944ff59-xd6ch,14,57
10:19:23,75u,emailservice-66944ff59-xhss4,3,56
10:19:23,75u,frontend-7bd6f45654-8lrp5,96,53
10:19:23,75u,frontend-7bd6f45654-kpk99,124,25
10:19:23,75u,frontend-7bd6f45654-zl99v,139,26
10:19:23,75u,paymentservice-9bfb7bf5-gfxs2,6,125
10:19:23,75u,paymentservice-9bfb7bf5-s8hj7,7,72
10:19:23,75u,paymentservice-9bfb7bf5-t6d8q,2,76
10:19:23,75u,productcatalogservice-65bbf699df-cv7w7,4,18
10:19:23,75u,productcatalogservice-65bbf699df-jvkg4,64,21
10:19:23,75u,productcatalogservice-65bbf699df-vsc98,90,44
10:19:23,75u,recommendationservice-7444754ff5-9t2qj,82,54
10:19:23,75u,recommendationservice-7444754ff5-fthxq,146,82
10:19:23,75u,recommendationservice-7444754ff5-sg55v,3,51
10:19:23,75u,redis-cart-c8ff86559-lhjtw,9,36
10:19:23,75u,shippingservice-f956b6d9f-cdqmk,12,16
10:19:23,75u,shippingservice-f956b6d9f-scpqb,1,15
10:19:23,75u,shippingservice-f956b6d9f-z5rrl,11,33
10:19:33,75u,adservice-574bff445c-dq4dw,56,281
10:19:33,75u,adservice-574bff445c-jc7m4,2,159
10:19:33,75u,adservice-574bff445c-tbr78,3,168
10:19:33,75u,cartservice-765b6959c9-bcmfz,113,160
10:19:33,75u,cartservice-765b6959c9-n6fwn,2,112
10:19:33,75u,cartservice-765b6959c9-qnq65,4,110
10:19:33,75u,checkoutservice-5b6d96c9b7-6fth9,11,20
10:19:33,75u,checkoutservice-5b6d96c9b7-9bqv8,15,38
10:19:33,75u,checkoutservice-5b6d96c9b7-j6swl,1,16
10:19:33,75u,currencyservice-7c8fc8fc9c-9dtdc,87,125
10:19:33,75u,currencyservice-7c8fc8fc9c-fknl8,138,111
10:19:33,75u,currencyservice-7c8fc8fc9c-vt2gd,2,79
10:19:33,75u,emailservice-66944ff59-8jhrl,3,56
10:19:33,75u,emailservice-66944ff59-xd6ch,12,57
10:19:33,75u,emailservice-66944ff59-xhss4,4,56
10:19:33,75u,frontend-7bd6f45654-8lrp5,88,53
10:19:33,75u,frontend-7bd6f45654-kpk99,131,24
10:19:33,75u,frontend-7bd6f45654-zl99v,105,25
10:19:33,75u,paymentservice-9bfb7bf5-gfxs2,9,125
10:19:33,75u,paymentservice-9bfb7bf5-s8hj7,7,73
10:19:33,75u,paymentservice-9bfb7bf5-t6d8q,1,76
10:19:33,75u,productcatalogservice-65bbf699df-cv7w7,3,18
10:19:33,75u,productcatalogservice-65bbf699df-jvkg4,55,21
10:19:33,75u,productcatalogservice-65bbf699df-vsc98,91,44
10:19:33,75u,recommendationservice-7444754ff5-9t2qj,100,54
10:19:33,75u,recommendationservice-7444754ff5-fthxq,127,81
10:19:33,75u,recommendationservice-7444754ff5-sg55v,3,51
10:19:33,75u,redis-cart-c8ff86559-lhjtw,9,36
10:19:33,75u,shippingservice-f956b6d9f-cdqmk,10,17
10:19:33,75u,shippingservice-f956b6d9f-scpqb,1,16
10:19:33,75u,shippingservice-f956b6d9f-z5rrl,11,33
10:19:43,75u,adservice-574bff445c-dq4dw,61,281
10:19:43,75u,adservice-574bff445c-jc7m4,5,159
10:19:43,75u,adservice-574bff445c-tbr78,5,168
10:19:43,75u,cartservice-765b6959c9-bcmfz,145,160
10:19:43,75u,cartservice-765b6959c9-n6fwn,2,112
10:19:43,75u,cartservice-765b6959c9-qnq65,2,110
10:19:43,75u,checkoutservice-5b6d96c9b7-6fth9,11,19
10:19:43,75u,checkoutservice-5b6d96c9b7-9bqv8,17,38
10:19:43,75u,checkoutservice-5b6d96c9b7-j6swl,1,16
10:19:43,75u,currencyservice-7c8fc8fc9c-9dtdc,126,126
10:19:43,75u,currencyservice-7c8fc8fc9c-fknl8,156,113
10:19:43,75u,currencyservice-7c8fc8fc9c-vt2gd,2,79
10:19:43,75u,emailservice-66944ff59-8jhrl,3,56
10:19:43,75u,emailservice-66944ff59-xd6ch,14,57
10:19:43,75u,emailservice-66944ff59-xhss4,3,56
10:19:43,75u,frontend-7bd6f45654-8lrp5,134,53
10:19:43,75u,frontend-7bd6f45654-kpk99,123,24
10:19:43,75u,frontend-7bd6f45654-zl99v,125,26
10:19:43,75u,paymentservice-9bfb7bf5-gfxs2,7,125
10:19:43,75u,paymentservice-9bfb7bf5-s8hj7,6,73
10:19:43,75u,paymentservice-9bfb7bf5-t6d8q,2,77
10:19:43,75u,productcatalogservice-65bbf699df-cv7w7,3,18
10:19:43,75u,productcatalogservice-65bbf699df-jvkg4,61,21
10:19:43,75u,productcatalogservice-65bbf699df-vsc98,106,44
10:19:43,75u,recommendationservice-7444754ff5-9t2qj,84,54
10:19:43,75u,recommendationservice-7444754ff5-fthxq,164,81
10:19:43,75u,recommendationservice-7444754ff5-sg55v,3,51
10:19:43,75u,redis-cart-c8ff86559-lhjtw,10,36
10:19:43,75u,shippingservice-f956b6d9f-cdqmk,11,17
10:19:43,75u,shippingservice-f956b6d9f-scpqb,1,16
10:19:43,75u,shippingservice-f956b6d9f-z5rrl,14,33
10:19:53,75u,adservice-574bff445c-dq4dw,61,281
10:19:53,75u,adservice-574bff445c-jc7m4,5,159
10:19:53,75u,adservice-574bff445c-tbr78,5,168
10:19:53,75u,cartservice-765b6959c9-bcmfz,145,160
10:19:53,75u,cartservice-765b6959c9-n6fwn,2,112
10:19:53,75u,cartservice-765b6959c9-qnq65,2,110
10:19:53,75u,checkoutservice-5b6d96c9b7-6fth9,11,19
10:19:53,75u,checkoutservice-5b6d96c9b7-9bqv8,17,38
10:19:53,75u,checkoutservice-5b6d96c9b7-j6swl,1,16
10:19:53,75u,currencyservice-7c8fc8fc9c-9dtdc,126,126
10:19:53,75u,currencyservice-7c8fc8fc9c-fknl8,156,113
10:19:53,75u,currencyservice-7c8fc8fc9c-vt2gd,2,79
10:19:53,75u,emailservice-66944ff59-8jhrl,3,56
10:19:53,75u,emailservice-66944ff59-xd6ch,14,57
10:19:53,75u,emailservice-66944ff59-xhss4,3,56
10:19:53,75u,frontend-7bd6f45654-8lrp5,134,53
10:19:53,75u,frontend-7bd6f45654-kpk99,123,24
10:19:53,75u,frontend-7bd6f45654-zl99v,125,26
10:19:53,75u,paymentservice-9bfb7bf5-gfxs2,7,125
10:19:53,75u,paymentservice-9bfb7bf5-s8hj7,6,73
10:19:53,75u,paymentservice-9bfb7bf5-t6d8q,2,77
10:19:53,75u,productcatalogservice-65bbf699df-cv7w7,3,18
10:19:53,75u,productcatalogservice-65bbf699df-jvkg4,61,21
10:19:53,75u,productcatalogservice-65bbf699df-vsc98,106,44
10:19:53,75u,recommendationservice-7444754ff5-9t2qj,84,54
10:19:53,75u,recommendationservice-7444754ff5-fthxq,164,81
10:19:53,75u,recommendationservice-7444754ff5-sg55v,3,51
10:19:53,75u,redis-cart-c8ff86559-lhjtw,10,36
10:19:53,75u,shippingservice-f956b6d9f-cdqmk,11,17
10:19:53,75u,shippingservice-f956b6d9f-scpqb,1,16
10:19:53,75u,shippingservice-f956b6d9f-z5rrl,14,33
10:20:04,75u,adservice-574bff445c-dq4dw,86,281
10:20:04,75u,adservice-574bff445c-jc7m4,7,159
10:20:04,75u,adservice-574bff445c-tbr78,7,168
10:20:04,75u,cartservice-765b6959c9-bcmfz,148,160
10:20:04,75u,cartservice-765b6959c9-n6fwn,2,112
10:20:04,75u,cartservice-765b6959c9-qnq65,2,110
10:20:04,75u,checkoutservice-5b6d96c9b7-6fth9,11,19
10:20:04,75u,checkoutservice-5b6d96c9b7-9bqv8,20,38
10:20:04,75u,checkoutservice-5b6d96c9b7-j6swl,1,16
10:20:04,75u,currencyservice-7c8fc8fc9c-9dtdc,168,126
10:20:04,75u,currencyservice-7c8fc8fc9c-fknl8,194,114
10:20:04,75u,currencyservice-7c8fc8fc9c-vt2gd,2,79
10:20:04,75u,emailservice-66944ff59-8jhrl,4,56
10:20:04,75u,emailservice-66944ff59-xd6ch,15,57
10:20:04,75u,emailservice-66944ff59-xhss4,4,56
10:20:04,75u,frontend-7bd6f45654-8lrp5,175,54
10:20:04,75u,frontend-7bd6f45654-kpk99,177,24
10:20:04,75u,frontend-7bd6f45654-zl99v,133,26
10:20:04,75u,paymentservice-9bfb7bf5-gfxs2,7,125
10:20:04,75u,paymentservice-9bfb7bf5-s8hj7,5,73
10:20:04,75u,paymentservice-9bfb7bf5-t6d8q,1,77
10:20:04,75u,productcatalogservice-65bbf699df-cv7w7,3,18
10:20:04,75u,productcatalogservice-65bbf699df-jvkg4,66,21
10:20:04,75u,productcatalogservice-65bbf699df-vsc98,139,44
10:20:04,75u,recommendationservice-7444754ff5-9t2qj,132,54
10:20:04,75u,recommendationservice-7444754ff5-fthxq,199,82
10:20:04,75u,recommendationservice-7444754ff5-sg55v,3,51
10:20:04,75u,redis-cart-c8ff86559-lhjtw,12,36
10:20:04,75u,shippingservice-f956b6d9f-cdqmk,13,17
10:20:04,75u,shippingservice-f956b6d9f-scpqb,1,16
10:20:04,75u,shippingservice-f956b6d9f-z5rrl,15,33
10:20:14,75u,adservice-574bff445c-dq4dw,78,281
10:20:14,75u,adservice-574bff445c-jc7m4,6,161
10:20:14,75u,adservice-574bff445c-tbr78,7,170
10:20:14,75u,cartservice-765b6959c9-bcmfz,130,160
10:20:14,75u,cartservice-765b6959c9-n6fwn,2,112
10:20:14,75u,cartservice-765b6959c9-qnq65,2,110
10:20:14,75u,checkoutservice-5b6d96c9b7-6fth9,10,19
10:20:14,75u,checkoutservice-5b6d96c9b7-9bqv8,26,38
10:20:14,75u,checkoutservice-5b6d96c9b7-j6swl,1,16
10:20:14,75u,currencyservice-7c8fc8fc9c-9dtdc,151,126
10:20:14,75u,currencyservice-7c8fc8fc9c-fknl8,183,114
10:20:14,75u,currencyservice-7c8fc8fc9c-vt2gd,2,80
10:20:14,75u,emailservice-66944ff59-8jhrl,4,56
10:20:14,75u,emailservice-66944ff59-xd6ch,17,57
10:20:14,75u,emailservice-66944ff59-xhss4,3,56
10:20:14,75u,frontend-7bd6f45654-8lrp5,157,54
10:20:14,75u,frontend-7bd6f45654-kpk99,165,24
10:20:14,75u,frontend-7bd6f45654-zl99v,126,27
10:20:14,75u,paymentservice-9bfb7bf5-gfxs2,10,125
10:20:14,75u,paymentservice-9bfb7bf5-s8hj7,7,73
10:20:14,75u,paymentservice-9bfb7bf5-t6d8q,3,77
10:20:14,75u,productcatalogservice-65bbf699df-cv7w7,3,18
10:20:14,75u,productcatalogservice-65bbf699df-jvkg4,66,22
10:20:14,75u,productcatalogservice-65bbf699df-vsc98,132,44
10:20:14,75u,recommendationservice-7444754ff5-9t2qj,124,54
10:20:14,75u,recommendationservice-7444754ff5-fthxq,193,82
10:20:14,75u,recommendationservice-7444754ff5-sg55v,3,51
10:20:14,75u,redis-cart-c8ff86559-lhjtw,11,36
10:20:14,75u,shippingservice-f956b6d9f-cdqmk,13,17
10:20:14,75u,shippingservice-f956b6d9f-scpqb,1,16
10:20:14,75u,shippingservice-f956b6d9f-z5rrl,15,33
10:20:24,75u,adservice-574bff445c-dq4dw,78,281
10:20:24,75u,adservice-574bff445c-jc7m4,6,161
10:20:24,75u,adservice-574bff445c-tbr78,7,170
10:20:24,75u,cartservice-765b6959c9-bcmfz,130,160
10:20:24,75u,cartservice-765b6959c9-n6fwn,2,112
10:20:24,75u,cartservice-765b6959c9-qnq65,2,110
10:20:24,75u,checkoutservice-5b6d96c9b7-6fth9,10,19
10:20:24,75u,checkoutservice-5b6d96c9b7-9bqv8,26,38
10:20:24,75u,checkoutservice-5b6d96c9b7-j6swl,1,16
10:20:24,75u,currencyservice-7c8fc8fc9c-9dtdc,151,126
10:20:24,75u,currencyservice-7c8fc8fc9c-fknl8,183,114
10:20:24,75u,currencyservice-7c8fc8fc9c-vt2gd,2,80
10:20:24,75u,emailservice-66944ff59-8jhrl,4,56
10:20:24,75u,emailservice-66944ff59-xd6ch,17,57
10:20:24,75u,emailservice-66944ff59-xhss4,3,56
10:20:24,75u,frontend-7bd6f45654-8lrp5,157,54
10:20:24,75u,frontend-7bd6f45654-kpk99,165,24
10:20:24,75u,frontend-7bd6f45654-zl99v,126,27
10:20:24,75u,paymentservice-9bfb7bf5-gfxs2,10,125
10:20:24,75u,paymentservice-9bfb7bf5-s8hj7,7,73
10:20:24,75u,paymentservice-9bfb7bf5-t6d8q,3,77
10:20:24,75u,productcatalogservice-65bbf699df-cv7w7,3,18
10:20:24,75u,productcatalogservice-65bbf699df-jvkg4,66,22
10:20:24,75u,productcatalogservice-65bbf699df-vsc98,132,44
10:20:24,75u,recommendationservice-7444754ff5-9t2qj,124,54
10:20:24,75u,recommendationservice-7444754ff5-fthxq,193,82
10:20:24,75u,recommendationservice-7444754ff5-sg55v,3,51
10:20:24,75u,redis-cart-c8ff86559-lhjtw,11,36
10:20:24,75u,shippingservice-f956b6d9f-cdqmk,13,17
10:20:24,75u,shippingservice-f956b6d9f-scpqb,1,16
10:20:24,75u,shippingservice-f956b6d9f-z5rrl,15,33
10:20:34,75u,adservice-574bff445c-dq4dw,87,281
10:20:34,75u,adservice-574bff445c-jc7m4,3,161
10:20:34,75u,adservice-574bff445c-tbr78,3,170
10:20:34,75u,cartservice-765b6959c9-bcmfz,140,160
10:20:34,75u,cartservice-765b6959c9-n6fwn,2,112
10:20:34,75u,cartservice-765b6959c9-qnq65,1,109
10:20:34,75u,checkoutservice-5b6d96c9b7-6fth9,10,19
10:20:34,75u,checkoutservice-5b6d96c9b7-9bqv8,27,38
10:20:34,75u,checkoutservice-5b6d96c9b7-j6swl,1,16
10:20:34,75u,currencyservice-7c8fc8fc9c-9dtdc,161,126
10:20:34,75u,currencyservice-7c8fc8fc9c-fknl8,191,114
10:20:34,75u,currencyservice-7c8fc8fc9c-vt2gd,2,80
10:20:34,75u,emailservice-66944ff59-8jhrl,3,56
10:20:34,75u,emailservice-66944ff59-xd6ch,16,57
10:20:34,75u,emailservice-66944ff59-xhss4,3,56
10:20:34,75u,frontend-7bd6f45654-8lrp5,169,54
10:20:34,75u,frontend-7bd6f45654-kpk99,179,24
10:20:34,75u,frontend-7bd6f45654-zl99v,140,27
10:20:34,75u,paymentservice-9bfb7bf5-gfxs2,9,125
10:20:34,75u,paymentservice-9bfb7bf5-s8hj7,4,73
10:20:34,75u,paymentservice-9bfb7bf5-t6d8q,1,77
10:20:34,75u,productcatalogservice-65bbf699df-cv7w7,3,18
10:20:34,75u,productcatalogservice-65bbf699df-jvkg4,68,22
10:20:34,75u,productcatalogservice-65bbf699df-vsc98,134,44
10:20:34,75u,recommendationservice-7444754ff5-9t2qj,137,54
10:20:34,75u,recommendationservice-7444754ff5-fthxq,198,82
10:20:34,75u,recommendationservice-7444754ff5-sg55v,5,51
10:20:34,75u,redis-cart-c8ff86559-lhjtw,11,36
10:20:34,75u,shippingservice-f956b6d9f-cdqmk,14,17
10:20:34,75u,shippingservice-f956b6d9f-scpqb,1,16
10:20:34,75u,shippingservice-f956b6d9f-z5rrl,15,33
10:20:44,75u,adservice-574bff445c-dq4dw,81,282
10:20:44,75u,adservice-574bff445c-jc7m4,4,161
10:20:44,75u,adservice-574bff445c-tbr78,4,171
10:20:44,75u,cartservice-765b6959c9-bcmfz,148,160
10:20:44,75u,cartservice-765b6959c9-n6fwn,2,112
10:20:44,75u,cartservice-765b6959c9-qnq65,2,109
10:20:44,75u,checkoutservice-5b6d96c9b7-6fth9,13,19
10:20:44,75u,checkoutservice-5b6d96c9b7-9bqv8,26,38
10:20:44,75u,checkoutservice-5b6d96c9b7-j6swl,1,16
10:20:44,75u,currencyservice-7c8fc8fc9c-9dtdc,151,126
10:20:44,75u,currencyservice-7c8fc8fc9c-fknl8,187,116
10:20:44,75u,currencyservice-7c8fc8fc9c-vt2gd,1,80
10:20:44,75u,emailservice-66944ff59-8jhrl,3,56
10:20:44,75u,emailservice-66944ff59-xd6ch,17,57
10:20:44,75u,emailservice-66944ff59-xhss4,3,56
10:20:44,75u,frontend-7bd6f45654-8lrp5,159,54
10:20:44,75u,frontend-7bd6f45654-kpk99,180,25
10:20:44,75u,frontend-7bd6f45654-zl99v,136,27
10:20:44,75u,paymentservice-9bfb7bf5-gfxs2,10,125
10:20:44,75u,paymentservice-9bfb7bf5-s8hj7,7,73
10:20:44,75u,paymentservice-9bfb7bf5-t6d8q,2,77
10:20:44,75u,productcatalogservice-65bbf699df-cv7w7,3,18
10:20:44,75u,productcatalogservice-65bbf699df-jvkg4,72,21
10:20:44,75u,productcatalogservice-65bbf699df-vsc98,137,44
10:20:44,75u,recommendationservice-7444754ff5-9t2qj,143,54
10:20:44,75u,recommendationservice-7444754ff5-fthxq,195,82
10:20:44,75u,recommendationservice-7444754ff5-sg55v,3,51
10:20:44,75u,redis-cart-c8ff86559-lhjtw,11,36
10:20:44,75u,shippingservice-f956b6d9f-cdqmk,15,17
10:20:44,75u,shippingservice-f956b6d9f-scpqb,1,16
10:20:44,75u,shippingservice-f956b6d9f-z5rrl,15,33
10:20:55,75u,adservice-574bff445c-dq4dw,81,282
10:20:55,75u,adservice-574bff445c-jc7m4,4,161
10:20:55,75u,adservice-574bff445c-tbr78,4,171
10:20:55,75u,cartservice-765b6959c9-bcmfz,148,160
10:20:55,75u,cartservice-765b6959c9-n6fwn,2,112
10:20:55,75u,cartservice-765b6959c9-qnq65,2,109
10:20:55,75u,checkoutservice-5b6d96c9b7-6fth9,13,19
10:20:55,75u,checkoutservice-5b6d96c9b7-9bqv8,26,38
10:20:55,75u,checkoutservice-5b6d96c9b7-j6swl,1,16
10:20:55,75u,currencyservice-7c8fc8fc9c-9dtdc,151,126
10:20:55,75u,currencyservice-7c8fc8fc9c-fknl8,187,116
10:20:55,75u,currencyservice-7c8fc8fc9c-vt2gd,1,80
10:20:55,75u,emailservice-66944ff59-8jhrl,3,56
10:20:55,75u,emailservice-66944ff59-xd6ch,17,57
10:20:55,75u,emailservice-66944ff59-xhss4,3,56
10:20:55,75u,frontend-7bd6f45654-8lrp5,159,54
10:20:55,75u,frontend-7bd6f45654-kpk99,180,25
10:20:55,75u,frontend-7bd6f45654-zl99v,136,27
10:20:55,75u,paymentservice-9bfb7bf5-gfxs2,10,125
10:20:55,75u,paymentservice-9bfb7bf5-s8hj7,7,73
10:20:55,75u,paymentservice-9bfb7bf5-t6d8q,2,77
10:20:55,75u,productcatalogservice-65bbf699df-cv7w7,3,18
10:20:55,75u,productcatalogservice-65bbf699df-jvkg4,72,21
10:20:55,75u,productcatalogservice-65bbf699df-vsc98,137,44
10:20:55,75u,recommendationservice-7444754ff5-9t2qj,143,54
10:20:55,75u,recommendationservice-7444754ff5-fthxq,195,82
10:20:55,75u,recommendationservice-7444754ff5-sg55v,3,51
10:20:55,75u,redis-cart-c8ff86559-lhjtw,11,36
10:20:55,75u,shippingservice-f956b6d9f-cdqmk,15,17
10:20:55,75u,shippingservice-f956b6d9f-scpqb,1,16
10:20:55,75u,shippingservice-f956b6d9f-z5rrl,15,33
10:21:05,75u,adservice-574bff445c-dq4dw,76,281
10:21:05,75u,adservice-574bff445c-jc7m4,3,161
10:21:05,75u,adservice-574bff445c-tbr78,3,171
10:21:05,75u,cartservice-765b6959c9-bcmfz,134,161
10:21:05,75u,cartservice-765b6959c9-n6fwn,2,112
10:21:05,75u,cartservice-765b6959c9-qnq65,2,110
10:21:05,75u,checkoutservice-5b6d96c9b7-6fth9,11,19
10:21:05,75u,checkoutservice-5b6d96c9b7-9bqv8,22,37
10:21:05,75u,checkoutservice-5b6d96c9b7-j6swl,1,16
10:21:05,75u,currencyservice-7c8fc8fc9c-9dtdc,139,126
10:21:05,75u,currencyservice-7c8fc8fc9c-fknl8,172,116
10:21:05,75u,currencyservice-7c8fc8fc9c-vt2gd,1,81
10:21:05,75u,emailservice-66944ff59-8jhrl,3,56
10:21:05,75u,emailservice-66944ff59-xd6ch,16,57
10:21:05,75u,emailservice-66944ff59-xhss4,3,56
10:21:05,75u,frontend-7bd6f45654-8lrp5,149,55
10:21:05,75u,frontend-7bd6f45654-kpk99,164,25
10:21:05,75u,frontend-7bd6f45654-zl99v,125,27
10:21:05,75u,paymentservice-9bfb7bf5-gfxs2,8,125
10:21:05,75u,paymentservice-9bfb7bf5-s8hj7,5,73
10:21:05,75u,paymentservice-9bfb7bf5-t6d8q,1,77
10:21:05,75u,productcatalogservice-65bbf699df-cv7w7,4,18
10:21:05,75u,productcatalogservice-65bbf699df-jvkg4,65,21
10:21:05,75u,productcatalogservice-65bbf699df-vsc98,126,44
10:21:05,75u,recommendationservice-7444754ff5-9t2qj,122,54
10:21:05,75u,recommendationservice-7444754ff5-fthxq,181,82
10:21:05,75u,recommendationservice-7444754ff5-sg55v,3,51
10:21:05,75u,redis-cart-c8ff86559-lhjtw,11,36
10:21:05,75u,shippingservice-f956b6d9f-cdqmk,14,17
10:21:05,75u,shippingservice-f956b6d9f-scpqb,1,16
10:21:05,75u,shippingservice-f956b6d9f-z5rrl,14,33
10:21:15,75u,adservice-574bff445c-dq4dw,84,281
10:21:15,75u,adservice-574bff445c-jc7m4,3,161
10:21:15,75u,adservice-574bff445c-tbr78,3,171
10:21:15,75u,cartservice-765b6959c9-bcmfz,147,161
10:21:15,75u,cartservice-765b6959c9-n6fwn,2,112
10:21:15,75u,cartservice-765b6959c9-qnq65,2,110
10:21:15,75u,checkoutservice-5b6d96c9b7-6fth9,8,19
10:21:15,75u,checkoutservice-5b6d96c9b7-9bqv8,27,37
10:21:15,75u,checkoutservice-5b6d96c9b7-j6swl,1,16
10:21:15,75u,currencyservice-7c8fc8fc9c-9dtdc,158,127
10:21:15,75u,currencyservice-7c8fc8fc9c-fknl8,199,118
10:21:15,75u,currencyservice-7c8fc8fc9c-vt2gd,2,81
10:21:15,75u,emailservice-66944ff59-8jhrl,3,56
10:21:15,75u,emailservice-66944ff59-xd6ch,16,57
10:21:15,75u,emailservice-66944ff59-xhss4,3,56
10:21:15,75u,frontend-7bd6f45654-8lrp5,167,55
10:21:15,75u,frontend-7bd6f45654-kpk99,188,25
10:21:15,75u,frontend-7bd6f45654-zl99v,142,27
10:21:15,75u,paymentservice-9bfb7bf5-gfxs2,10,125
10:21:15,75u,paymentservice-9bfb7bf5-s8hj7,5,73
10:21:15,75u,paymentservice-9bfb7bf5-t6d8q,2,77
10:21:15,75u,productcatalogservice-65bbf699df-cv7w7,2,18
10:21:15,75u,productcatalogservice-65bbf699df-jvkg4,73,22
10:21:15,75u,productcatalogservice-65bbf699df-vsc98,141,44
10:21:15,75u,recommendationservice-7444754ff5-9t2qj,141,54
10:21:15,75u,recommendationservice-7444754ff5-fthxq,199,82
10:21:15,75u,recommendationservice-7444754ff5-sg55v,3,51
10:21:15,75u,redis-cart-c8ff86559-lhjtw,11,36
10:21:15,75u,shippingservice-f956b6d9f-cdqmk,16,17
10:21:15,75u,shippingservice-f956b6d9f-scpqb,1,16
10:21:15,75u,shippingservice-f956b6d9f-z5rrl,15,33
10:21:25,75u,adservice-574bff445c-dq4dw,84,281
10:21:25,75u,adservice-574bff445c-jc7m4,3,161
10:21:25,75u,adservice-574bff445c-tbr78,3,171
10:21:25,75u,cartservice-765b6959c9-bcmfz,147,161
10:21:25,75u,cartservice-765b6959c9-n6fwn,2,112
10:21:25,75u,cartservice-765b6959c9-qnq65,2,110
10:21:25,75u,checkoutservice-5b6d96c9b7-6fth9,8,19
10:21:25,75u,checkoutservice-5b6d96c9b7-9bqv8,27,37
10:21:25,75u,checkoutservice-5b6d96c9b7-j6swl,1,16
10:21:25,75u,currencyservice-7c8fc8fc9c-9dtdc,158,127
10:21:25,75u,currencyservice-7c8fc8fc9c-fknl8,199,118
10:21:25,75u,currencyservice-7c8fc8fc9c-vt2gd,2,81
10:21:25,75u,emailservice-66944ff59-8jhrl,3,56
10:21:25,75u,emailservice-66944ff59-xd6ch,16,57
10:21:25,75u,emailservice-66944ff59-xhss4,3,56
10:21:25,75u,frontend-7bd6f45654-8lrp5,167,55
10:21:25,75u,frontend-7bd6f45654-kpk99,188,25
10:21:25,75u,frontend-7bd6f45654-zl99v,142,27
10:21:25,75u,paymentservice-9bfb7bf5-gfxs2,10,125
10:21:25,75u,paymentservice-9bfb7bf5-s8hj7,5,73
10:21:25,75u,paymentservice-9bfb7bf5-t6d8q,2,77
10:21:25,75u,productcatalogservice-65bbf699df-cv7w7,2,18
10:21:25,75u,productcatalogservice-65bbf699df-jvkg4,73,22
10:21:25,75u,productcatalogservice-65bbf699df-vsc98,141,44
10:21:25,75u,recommendationservice-7444754ff5-9t2qj,141,54
10:21:25,75u,recommendationservice-7444754ff5-fthxq,199,82
10:21:25,75u,recommendationservice-7444754ff5-sg55v,3,51
10:21:25,75u,redis-cart-c8ff86559-lhjtw,11,36
10:21:25,75u,shippingservice-f956b6d9f-cdqmk,16,17
10:21:25,75u,shippingservice-f956b6d9f-scpqb,1,16
10:21:25,75u,shippingservice-f956b6d9f-z5rrl,15,33
10:21:35,75u,adservice-574bff445c-dq4dw,46,281
10:21:35,75u,adservice-574bff445c-jc7m4,6,162
10:21:35,75u,adservice-574bff445c-tbr78,5,171
10:21:35,75u,cartservice-765b6959c9-bcmfz,113,163
10:21:35,75u,cartservice-765b6959c9-n6fwn,2,112
10:21:35,75u,cartservice-765b6959c9-qnq65,3,110
10:21:35,75u,checkoutservice-5b6d96c9b7-6fth9,9,20
10:21:35,75u,checkoutservice-5b6d96c9b7-9bqv8,16,38
10:21:35,75u,checkoutservice-5b6d96c9b7-j6swl,1,16
10:21:35,75u,currencyservice-7c8fc8fc9c-fknl8,106,121
10:21:35,75u,currencyservice-7c8fc8fc9c-vt2gd,13,86
10:21:35,75u,emailservice-66944ff59-8jhrl,7,56
10:21:35,75u,emailservice-66944ff59-xd6ch,15,57
10:21:35,75u,emailservice-66944ff59-xhss4,7,56
10:21:35,75u,frontend-7bd6f45654-8lrp5,91,55
10:21:35,75u,frontend-7bd6f45654-kpk99,91,25
10:21:35,75u,frontend-7bd6f45654-zl99v,76,27
10:21:35,75u,paymentservice-9bfb7bf5-gfxs2,6,125
10:21:35,75u,paymentservice-9bfb7bf5-s8hj7,5,73
10:21:35,75u,paymentservice-9bfb7bf5-t6d8q,1,77
10:21:35,75u,productcatalogservice-65bbf699df-cv7w7,3,18
10:21:35,75u,productcatalogservice-65bbf699df-jvkg4,39,22
10:21:35,75u,productcatalogservice-65bbf699df-vsc98,74,43
10:21:35,75u,recommendationservice-7444754ff5-9t2qj,71,54
10:21:35,75u,recommendationservice-7444754ff5-fthxq,117,81
10:21:35,75u,recommendationservice-7444754ff5-sg55v,6,51
10:21:35,75u,redis-cart-c8ff86559-lhjtw,9,36
10:21:35,75u,shippingservice-f956b6d9f-cdqmk,8,17
10:21:35,75u,shippingservice-f956b6d9f-scpqb,1,16
10:21:35,75u,shippingservice-f956b6d9f-z5rrl,10,33
10:21:46,75u,adservice-574bff445c-dq4dw,1,281
10:21:46,75u,adservice-574bff445c-jc7m4,3,162
10:21:46,75u,adservice-574bff445c-tbr78,4,171
10:21:46,75u,cartservice-765b6959c9-bcmfz,2,163
10:21:46,75u,cartservice-765b6959c9-n6fwn,2,112
10:21:46,75u,cartservice-765b6959c9-qnq65,2,110
10:21:46,75u,checkoutservice-5b6d96c9b7-6fth9,1,20
10:21:46,75u,checkoutservice-5b6d96c9b7-9bqv8,1,38
10:21:46,75u,checkoutservice-5b6d96c9b7-j6swl,1,16
10:21:46,75u,currencyservice-7c8fc8fc9c-9dtdc,73,83
10:21:46,75u,currencyservice-7c8fc8fc9c-fknl8,2,121
10:21:46,75u,currencyservice-7c8fc8fc9c-vt2gd,2,85
10:21:46,75u,emailservice-66944ff59-8jhrl,3,56
10:21:46,75u,emailservice-66944ff59-xd6ch,4,57
10:21:46,75u,emailservice-66944ff59-xhss4,3,56
10:21:46,75u,frontend-7bd6f45654-8lrp5,1,55
10:21:46,75u,frontend-7bd6f45654-kpk99,1,25
10:21:46,75u,frontend-7bd6f45654-zl99v,1,27
10:21:46,75u,paymentservice-9bfb7bf5-gfxs2,1,125
10:21:46,75u,paymentservice-9bfb7bf5-s8hj7,2,73
10:21:46,75u,paymentservice-9bfb7bf5-t6d8q,2,77
10:21:46,75u,productcatalogservice-65bbf699df-cv7w7,1,18
10:21:46,75u,productcatalogservice-65bbf699df-jvkg4,1,22
10:21:46,75u,productcatalogservice-65bbf699df-vsc98,1,43
10:21:46,75u,recommendationservice-7444754ff5-9t2qj,4,54
10:21:46,75u,recommendationservice-7444754ff5-fthxq,3,81
10:21:46,75u,recommendationservice-7444754ff5-sg55v,4,51
10:21:46,75u,redis-cart-c8ff86559-lhjtw,3,36
10:21:46,75u,shippingservice-f956b6d9f-cdqmk,1,17
10:21:46,75u,shippingservice-f956b6d9f-scpqb,1,16
10:21:46,75u,shippingservice-f956b6d9f-z5rrl,1,33
10:21:56,75u,adservice-574bff445c-dq4dw,1,281
10:21:56,75u,adservice-574bff445c-jc7m4,3,162
10:21:56,75u,adservice-574bff445c-tbr78,4,171
10:21:56,75u,cartservice-765b6959c9-bcmfz,2,163
10:21:56,75u,cartservice-765b6959c9-n6fwn,2,112
10:21:56,75u,cartservice-765b6959c9-qnq65,2,110
10:21:56,75u,checkoutservice-5b6d96c9b7-6fth9,1,20
10:21:56,75u,checkoutservice-5b6d96c9b7-9bqv8,1,38
10:21:56,75u,checkoutservice-5b6d96c9b7-j6swl,1,16
10:21:56,75u,currencyservice-7c8fc8fc9c-9dtdc,73,83
10:21:56,75u,currencyservice-7c8fc8fc9c-fknl8,2,121
10:21:56,75u,currencyservice-7c8fc8fc9c-vt2gd,2,85
10:21:56,75u,emailservice-66944ff59-8jhrl,3,56
10:21:56,75u,emailservice-66944ff59-xd6ch,4,57
10:21:56,75u,emailservice-66944ff59-xhss4,3,56
10:21:56,75u,frontend-7bd6f45654-8lrp5,1,55
10:21:56,75u,frontend-7bd6f45654-kpk99,1,25
10:21:56,75u,frontend-7bd6f45654-zl99v,1,27
10:21:56,75u,paymentservice-9bfb7bf5-gfxs2,1,125
10:21:56,75u,paymentservice-9bfb7bf5-s8hj7,2,73
10:21:56,75u,paymentservice-9bfb7bf5-t6d8q,2,77
10:21:56,75u,productcatalogservice-65bbf699df-cv7w7,1,18
10:21:56,75u,productcatalogservice-65bbf699df-jvkg4,1,22
10:21:56,75u,productcatalogservice-65bbf699df-vsc98,1,43
10:21:56,75u,recommendationservice-7444754ff5-9t2qj,4,54
10:21:56,75u,recommendationservice-7444754ff5-fthxq,3,81
10:21:56,75u,recommendationservice-7444754ff5-sg55v,4,51
10:21:56,75u,redis-cart-c8ff86559-lhjtw,3,36
10:21:56,75u,shippingservice-f956b6d9f-cdqmk,1,17
10:21:56,75u,shippingservice-f956b6d9f-scpqb,1,16
10:21:56,75u,shippingservice-f956b6d9f-z5rrl,1,33
10:22:06,75u,adservice-574bff445c-dq4dw,1,281
10:22:06,75u,adservice-574bff445c-jc7m4,3,162
10:22:06,75u,adservice-574bff445c-tbr78,4,171
10:22:06,75u,cartservice-765b6959c9-bcmfz,2,163
10:22:06,75u,cartservice-765b6959c9-n6fwn,3,113
10:22:06,75u,cartservice-765b6959c9-qnq65,3,110
10:22:06,75u,checkoutservice-5b6d96c9b7-6fth9,1,20
10:22:06,75u,checkoutservice-5b6d96c9b7-9bqv8,1,38
10:22:06,75u,checkoutservice-5b6d96c9b7-j6swl,1,16
10:22:06,75u,currencyservice-7c8fc8fc9c-9dtdc,3,83
10:22:06,75u,currencyservice-7c8fc8fc9c-fknl8,1,121
10:22:06,75u,currencyservice-7c8fc8fc9c-vt2gd,1,85
10:22:06,75u,emailservice-66944ff59-8jhrl,4,56
10:22:06,75u,emailservice-66944ff59-xd6ch,4,57
10:22:06,75u,emailservice-66944ff59-xhss4,3,56
10:22:06,75u,frontend-7bd6f45654-8lrp5,1,55
10:22:06,75u,frontend-7bd6f45654-kpk99,1,25
10:22:06,75u,frontend-7bd6f45654-zl99v,1,27
10:22:06,75u,paymentservice-9bfb7bf5-gfxs2,1,125
10:22:06,75u,paymentservice-9bfb7bf5-s8hj7,1,73
10:22:06,75u,paymentservice-9bfb7bf5-t6d8q,1,77
10:22:06,75u,productcatalogservice-65bbf699df-cv7w7,2,20
10:22:06,75u,productcatalogservice-65bbf699df-jvkg4,1,22
10:22:06,75u,productcatalogservice-65bbf699df-vsc98,1,43
10:22:06,75u,recommendationservice-7444754ff5-9t2qj,5,54
10:22:06,75u,recommendationservice-7444754ff5-fthxq,4,81
10:22:06,75u,recommendationservice-7444754ff5-sg55v,4,51
10:22:06,75u,redis-cart-c8ff86559-lhjtw,3,36
10:22:06,75u,shippingservice-f956b6d9f-cdqmk,1,17
10:22:06,75u,shippingservice-f956b6d9f-scpqb,1,16
10:22:06,75u,shippingservice-f956b6d9f-z5rrl,1,33
10:22:16,75u,adservice-574bff445c-dq4dw,1,281
10:22:16,75u,adservice-574bff445c-jc7m4,5,162
10:22:16,75u,adservice-574bff445c-tbr78,4,171
10:22:16,75u,cartservice-765b6959c9-bcmfz,2,163
10:22:16,75u,cartservice-765b6959c9-n6fwn,2,112
10:22:16,75u,cartservice-765b6959c9-qnq65,2,110
10:22:16,75u,checkoutservice-5b6d96c9b7-6fth9,1,20
10:22:16,75u,checkoutservice-5b6d96c9b7-9bqv8,1,38
10:22:16,75u,checkoutservice-5b6d96c9b7-j6swl,1,16
10:22:16,75u,currencyservice-7c8fc8fc9c-9dtdc,2,83
10:22:16,75u,currencyservice-7c8fc8fc9c-fknl8,2,121
10:22:16,75u,currencyservice-7c8fc8fc9c-vt2gd,3,86
10:22:16,75u,emailservice-66944ff59-8jhrl,4,56
10:22:16,75u,emailservice-66944ff59-xd6ch,4,57
10:22:16,75u,emailservice-66944ff59-xhss4,4,56
10:22:16,75u,frontend-7bd6f45654-8lrp5,1,55
10:22:16,75u,frontend-7bd6f45654-kpk99,1,25
10:22:16,75u,frontend-7bd6f45654-zl99v,1,27
10:22:16,75u,paymentservice-9bfb7bf5-gfxs2,1,125
10:22:16,75u,paymentservice-9bfb7bf5-s8hj7,2,73
10:22:16,75u,paymentservice-9bfb7bf5-t6d8q,3,77
10:22:16,75u,productcatalogservice-65bbf699df-cv7w7,1,20
10:22:16,75u,productcatalogservice-65bbf699df-jvkg4,1,22
10:22:16,75u,productcatalogservice-65bbf699df-vsc98,1,44
10:22:16,75u,recommendationservice-7444754ff5-9t2qj,5,54
10:22:16,75u,recommendationservice-7444754ff5-fthxq,4,81
10:22:16,75u,recommendationservice-7444754ff5-sg55v,4,51
10:22:16,75u,redis-cart-c8ff86559-lhjtw,3,36
10:22:16,75u,shippingservice-f956b6d9f-cdqmk,1,17
10:22:16,75u,shippingservice-f956b6d9f-scpqb,1,16
10:22:16,75u,shippingservice-f956b6d9f-z5rrl,1,33
10:22:26,100u,adservice-574bff445c-dq4dw,1,281
10:22:26,100u,adservice-574bff445c-jc7m4,5,162
10:22:26,100u,adservice-574bff445c-tbr78,4,171
10:22:26,100u,cartservice-765b6959c9-bcmfz,2,163
10:22:26,100u,cartservice-765b6959c9-n6fwn,2,112
10:22:26,100u,cartservice-765b6959c9-qnq65,2,110
10:22:26,100u,checkoutservice-5b6d96c9b7-6fth9,1,20
10:22:26,100u,checkoutservice-5b6d96c9b7-9bqv8,1,38
10:22:26,100u,checkoutservice-5b6d96c9b7-j6swl,1,16
10:22:26,100u,currencyservice-7c8fc8fc9c-9dtdc,2,83
10:22:26,100u,currencyservice-7c8fc8fc9c-fknl8,2,121
10:22:26,100u,currencyservice-7c8fc8fc9c-vt2gd,3,86
10:22:26,100u,emailservice-66944ff59-8jhrl,4,56
10:22:26,100u,emailservice-66944ff59-xd6ch,4,57
10:22:26,100u,emailservice-66944ff59-xhss4,4,56
10:22:26,100u,frontend-7bd6f45654-8lrp5,1,55
10:22:26,100u,frontend-7bd6f45654-kpk99,1,25
10:22:26,100u,frontend-7bd6f45654-zl99v,1,27
10:22:26,100u,paymentservice-9bfb7bf5-gfxs2,1,125
10:22:26,100u,paymentservice-9bfb7bf5-s8hj7,2,73
10:22:26,100u,paymentservice-9bfb7bf5-t6d8q,3,77
10:22:26,100u,productcatalogservice-65bbf699df-cv7w7,1,20
10:22:26,100u,productcatalogservice-65bbf699df-jvkg4,1,22
10:22:26,100u,productcatalogservice-65bbf699df-vsc98,1,44
10:22:26,100u,recommendationservice-7444754ff5-9t2qj,5,54
10:22:26,100u,recommendationservice-7444754ff5-fthxq,4,81
10:22:26,100u,recommendationservice-7444754ff5-sg55v,4,51
10:22:26,100u,redis-cart-c8ff86559-lhjtw,3,36
10:22:26,100u,shippingservice-f956b6d9f-cdqmk,1,17
10:22:26,100u,shippingservice-f956b6d9f-scpqb,1,16
10:22:26,100u,shippingservice-f956b6d9f-z5rrl,1,33
10:22:36,100u,adservice-574bff445c-dq4dw,7,280
10:22:36,100u,adservice-574bff445c-jc7m4,4,162
10:22:36,100u,adservice-574bff445c-tbr78,5,171
10:22:36,100u,cartservice-765b6959c9-bcmfz,13,163
10:22:36,100u,cartservice-765b6959c9-n6fwn,2,112
10:22:36,100u,cartservice-765b6959c9-qnq65,2,110
10:22:36,100u,checkoutservice-5b6d96c9b7-6fth9,1,20
10:22:36,100u,checkoutservice-5b6d96c9b7-9bqv8,2,38
10:22:36,100u,checkoutservice-5b6d96c9b7-j6swl,1,16
10:22:36,100u,currencyservice-7c8fc8fc9c-9dtdc,5,84
10:22:36,100u,currencyservice-7c8fc8fc9c-fknl8,18,121
10:22:36,100u,currencyservice-7c8fc8fc9c-vt2gd,3,86
10:22:36,100u,emailservice-66944ff59-8jhrl,4,56
10:22:36,100u,emailservice-66944ff59-xd6ch,4,57
10:22:36,100u,emailservice-66944ff59-xhss4,4,56
10:22:36,100u,frontend-7bd6f45654-8lrp5,8,53
10:22:36,100u,frontend-7bd6f45654-kpk99,6,25
10:22:36,100u,frontend-7bd6f45654-zl99v,12,26
10:22:36,100u,paymentservice-9bfb7bf5-gfxs2,2,125
10:22:36,100u,paymentservice-9bfb7bf5-s8hj7,1,73
10:22:36,100u,paymentservice-9bfb7bf5-t6d8q,10,79
10:22:36,100u,productcatalogservice-65bbf699df-cv7w7,1,20
10:22:36,100u,productcatalogservice-65bbf699df-jvkg4,5,22
10:22:36,100u,productcatalogservice-65bbf699df-vsc98,5,44
10:22:36,100u,recommendationservice-7444754ff5-9t2qj,7,54
10:22:36,100u,recommendationservice-7444754ff5-fthxq,14,81
10:22:36,100u,recommendationservice-7444754ff5-sg55v,4,51
10:22:36,100u,redis-cart-c8ff86559-lhjtw,5,37
10:22:36,100u,shippingservice-f956b6d9f-cdqmk,1,17
10:22:36,100u,shippingservice-f956b6d9f-scpqb,1,16
10:22:36,100u,shippingservice-f956b6d9f-z5rrl,1,33
10:22:47,100u,adservice-574bff445c-dq4dw,50,280
10:22:47,100u,adservice-574bff445c-jc7m4,10,163
10:22:47,100u,adservice-574bff445c-tbr78,10,172
10:22:47,100u,cartservice-765b6959c9-bcmfz,116,163
10:22:47,100u,cartservice-765b6959c9-n6fwn,1,112
10:22:47,100u,cartservice-765b6959c9-qnq65,1,110
10:22:47,100u,checkoutservice-5b6d96c9b7-6fth9,10,20
10:22:47,100u,checkoutservice-5b6d96c9b7-9bqv8,14,38
10:22:47,100u,checkoutservice-5b6d96c9b7-j6swl,1,16
10:22:47,100u,currencyservice-7c8fc8fc9c-9dtdc,2,84
10:22:47,100u,currencyservice-7c8fc8fc9c-fknl8,178,121
10:22:47,100u,currencyservice-7c8fc8fc9c-vt2gd,21,86
10:22:47,100u,emailservice-66944ff59-8jhrl,3,56
10:22:47,100u,emailservice-66944ff59-xd6ch,11,57
10:22:47,100u,emailservice-66944ff59-xhss4,3,56
10:22:47,100u,frontend-7bd6f45654-8lrp5,95,53
10:22:47,100u,frontend-7bd6f45654-kpk99,100,24
10:22:47,100u,frontend-7bd6f45654-zl99v,126,26
10:22:47,100u,paymentservice-9bfb7bf5-gfxs2,6,125
10:22:47,100u,paymentservice-9bfb7bf5-s8hj7,7,73
10:22:47,100u,paymentservice-9bfb7bf5-t6d8q,2,79
10:22:47,100u,productcatalogservice-65bbf699df-cv7w7,3,20
10:22:47,100u,productcatalogservice-65bbf699df-jvkg4,58,22
10:22:47,100u,productcatalogservice-65bbf699df-vsc98,84,44
10:22:47,100u,recommendationservice-7444754ff5-9t2qj,65,54
10:22:47,100u,recommendationservice-7444754ff5-fthxq,143,81
10:22:47,100u,recommendationservice-7444754ff5-sg55v,3,51
10:22:47,100u,redis-cart-c8ff86559-lhjtw,9,36
10:22:47,100u,shippingservice-f956b6d9f-cdqmk,10,17
10:22:47,100u,shippingservice-f956b6d9f-scpqb,2,16
10:22:47,100u,shippingservice-f956b6d9f-z5rrl,10,33
10:22:57,100u,adservice-574bff445c-dq4dw,50,280
10:22:57,100u,adservice-574bff445c-jc7m4,10,163
10:22:57,100u,adservice-574bff445c-tbr78,10,172
10:22:57,100u,cartservice-765b6959c9-bcmfz,116,163
10:22:57,100u,cartservice-765b6959c9-n6fwn,1,112
10:22:57,100u,cartservice-765b6959c9-qnq65,1,110
10:22:57,100u,checkoutservice-5b6d96c9b7-6fth9,10,20
10:22:57,100u,checkoutservice-5b6d96c9b7-9bqv8,14,38
10:22:57,100u,checkoutservice-5b6d96c9b7-j6swl,1,16
10:22:57,100u,currencyservice-7c8fc8fc9c-9dtdc,2,84
10:22:57,100u,currencyservice-7c8fc8fc9c-fknl8,178,121
10:22:57,100u,currencyservice-7c8fc8fc9c-vt2gd,21,86
10:22:57,100u,emailservice-66944ff59-8jhrl,3,56
10:22:57,100u,emailservice-66944ff59-xd6ch,11,57
10:22:57,100u,emailservice-66944ff59-xhss4,3,56
10:22:57,100u,frontend-7bd6f45654-8lrp5,95,53
10:22:57,100u,frontend-7bd6f45654-kpk99,100,24
10:22:57,100u,frontend-7bd6f45654-zl99v,126,26
10:22:57,100u,paymentservice-9bfb7bf5-gfxs2,6,125
10:22:57,100u,paymentservice-9bfb7bf5-s8hj7,7,73
10:22:57,100u,paymentservice-9bfb7bf5-t6d8q,2,79
10:22:57,100u,productcatalogservice-65bbf699df-cv7w7,3,20
10:22:57,100u,productcatalogservice-65bbf699df-jvkg4,58,22
10:22:57,100u,productcatalogservice-65bbf699df-vsc98,84,44
10:22:57,100u,recommendationservice-7444754ff5-9t2qj,65,54
10:22:57,100u,recommendationservice-7444754ff5-fthxq,143,81
10:22:57,100u,recommendationservice-7444754ff5-sg55v,3,51
10:22:57,100u,redis-cart-c8ff86559-lhjtw,9,36
10:22:57,100u,shippingservice-f956b6d9f-cdqmk,10,17
10:22:57,100u,shippingservice-f956b6d9f-scpqb,2,16
10:22:57,100u,shippingservice-f956b6d9f-z5rrl,10,33
10:23:07,100u,adservice-574bff445c-dq4dw,61,281
10:23:07,100u,adservice-574bff445c-jc7m4,6,165
10:23:07,100u,adservice-574bff445c-tbr78,7,174
10:23:07,100u,cartservice-765b6959c9-bcmfz,115,163
10:23:07,100u,cartservice-765b6959c9-n6fwn,1,112
10:23:07,100u,cartservice-765b6959c9-qnq65,1,110
10:23:07,100u,checkoutservice-5b6d96c9b7-6fth9,13,20
10:23:07,100u,checkoutservice-5b6d96c9b7-9bqv8,19,38
10:23:07,100u,checkoutservice-5b6d96c9b7-j6swl,1,16
10:23:07,100u,currencyservice-7c8fc8fc9c-9dtdc,3,84
10:23:07,100u,currencyservice-7c8fc8fc9c-fknl8,165,121
10:23:07,100u,currencyservice-7c8fc8fc9c-vt2gd,25,88
10:23:07,100u,emailservice-66944ff59-8jhrl,3,56
10:23:07,100u,emailservice-66944ff59-xd6ch,14,57
10:23:07,100u,emailservice-66944ff59-xhss4,3,56
10:23:07,100u,frontend-7bd6f45654-8lrp5,99,53
10:23:07,100u,frontend-7bd6f45654-kpk99,139,24
10:23:07,100u,frontend-7bd6f45654-zl99v,128,26
10:23:07,100u,paymentservice-9bfb7bf5-gfxs2,8,125
10:23:07,100u,paymentservice-9bfb7bf5-s8hj7,5,73
10:23:07,100u,paymentservice-9bfb7bf5-t6d8q,1,79
10:23:07,100u,productcatalogservice-65bbf699df-cv7w7,3,20
10:23:07,100u,productcatalogservice-65bbf699df-jvkg4,66,22
10:23:07,100u,productcatalogservice-65bbf699df-vsc98,96,44
10:23:07,100u,recommendationservice-7444754ff5-9t2qj,105,54
10:23:07,100u,recommendationservice-7444754ff5-fthxq,154,81
10:23:07,100u,recommendationservice-7444754ff5-sg55v,3,51
10:23:07,100u,redis-cart-c8ff86559-lhjtw,9,36
10:23:07,100u,shippingservice-f956b6d9f-cdqmk,12,17
10:23:07,100u,shippingservice-f956b6d9f-scpqb,1,16
10:23:07,100u,shippingservice-f956b6d9f-z5rrl,12,33
10:23:17,100u,adservice-574bff445c-dq4dw,46,281
10:23:17,100u,adservice-574bff445c-jc7m4,7,165
10:23:17,100u,adservice-574bff445c-tbr78,5,175
10:23:17,100u,cartservice-765b6959c9-bcmfz,106,163
10:23:17,100u,cartservice-765b6959c9-n6fwn,2,112
10:23:17,100u,cartservice-765b6959c9-qnq65,2,110
10:23:17,100u,checkoutservice-5b6d96c9b7-6fth9,6,20
10:23:17,100u,checkoutservice-5b6d96c9b7-9bqv8,14,38
10:23:17,100u,checkoutservice-5b6d96c9b7-j6swl,1,16
10:23:17,100u,currencyservice-7c8fc8fc9c-9dtdc,1,84
10:23:17,100u,currencyservice-7c8fc8fc9c-fknl8,159,126
10:23:17,100u,currencyservice-7c8fc8fc9c-vt2gd,25,89
10:23:17,100u,emailservice-66944ff59-8jhrl,3,56
10:23:17,100u,emailservice-66944ff59-xd6ch,10,57
10:23:17,100u,emailservice-66944ff59-xhss4,3,56
10:23:17,100u,frontend-7bd6f45654-8lrp5,113,53
10:23:17,100u,frontend-7bd6f45654-kpk99,90,24
10:23:17,100u,frontend-7bd6f45654-zl99v,94,26
10:23:17,100u,paymentservice-9bfb7bf5-gfxs2,6,125
10:23:17,100u,paymentservice-9bfb7bf5-s8hj7,4,73
10:23:17,100u,paymentservice-9bfb7bf5-t6d8q,3,79
10:23:17,100u,productcatalogservice-65bbf699df-cv7w7,2,20
10:23:17,100u,productcatalogservice-65bbf699df-jvkg4,45,22
10:23:17,100u,productcatalogservice-65bbf699df-vsc98,82,44
10:23:17,100u,recommendationservice-7444754ff5-9t2qj,61,54
10:23:17,100u,recommendationservice-7444754ff5-fthxq,128,81
10:23:17,100u,recommendationservice-7444754ff5-sg55v,3,51
10:23:17,100u,redis-cart-c8ff86559-lhjtw,8,36
10:23:17,100u,shippingservice-f956b6d9f-cdqmk,9,17
10:23:17,100u,shippingservice-f956b6d9f-scpqb,1,16
10:23:17,100u,shippingservice-f956b6d9f-z5rrl,11,33
10:23:27,100u,adservice-574bff445c-dq4dw,46,281
10:23:27,100u,adservice-574bff445c-jc7m4,7,165
10:23:27,100u,adservice-574bff445c-tbr78,5,175
10:23:27,100u,cartservice-765b6959c9-bcmfz,106,163
10:23:27,100u,cartservice-765b6959c9-n6fwn,2,112
10:23:27,100u,cartservice-765b6959c9-qnq65,2,110
10:23:27,100u,checkoutservice-5b6d96c9b7-6fth9,6,20
10:23:27,100u,checkoutservice-5b6d96c9b7-9bqv8,14,38
10:23:27,100u,checkoutservice-5b6d96c9b7-j6swl,1,16
10:23:27,100u,currencyservice-7c8fc8fc9c-9dtdc,1,84
10:23:27,100u,currencyservice-7c8fc8fc9c-fknl8,159,126
10:23:27,100u,currencyservice-7c8fc8fc9c-vt2gd,25,89
10:23:27,100u,emailservice-66944ff59-8jhrl,3,56
10:23:27,100u,emailservice-66944ff59-xd6ch,10,57
10:23:27,100u,emailservice-66944ff59-xhss4,3,56
10:23:27,100u,frontend-7bd6f45654-8lrp5,113,53
10:23:27,100u,frontend-7bd6f45654-kpk99,90,24
10:23:27,100u,frontend-7bd6f45654-zl99v,94,26
10:23:27,100u,paymentservice-9bfb7bf5-gfxs2,6,125
10:23:27,100u,paymentservice-9bfb7bf5-s8hj7,4,73
10:23:27,100u,paymentservice-9bfb7bf5-t6d8q,3,79
10:23:27,100u,productcatalogservice-65bbf699df-cv7w7,2,20
10:23:27,100u,productcatalogservice-65bbf699df-jvkg4,45,22
10:23:27,100u,productcatalogservice-65bbf699df-vsc98,82,44
10:23:27,100u,recommendationservice-7444754ff5-9t2qj,61,54
10:23:27,100u,recommendationservice-7444754ff5-fthxq,128,81
10:23:27,100u,recommendationservice-7444754ff5-sg55v,3,51
10:23:27,100u,redis-cart-c8ff86559-lhjtw,8,36
10:23:27,100u,shippingservice-f956b6d9f-cdqmk,9,17
10:23:27,100u,shippingservice-f956b6d9f-scpqb,1,16
10:23:27,100u,shippingservice-f956b6d9f-z5rrl,11,33
10:23:37,100u,adservice-574bff445c-dq4dw,82,282
10:23:37,100u,adservice-574bff445c-jc7m4,2,165
10:23:37,100u,adservice-574bff445c-tbr78,2,175
10:23:37,100u,cartservice-765b6959c9-bcmfz,126,163
10:23:37,100u,cartservice-765b6959c9-n6fwn,1,112
10:23:37,100u,cartservice-765b6959c9-qnq65,1,110
10:23:37,100u,checkoutservice-5b6d96c9b7-6fth9,12,20
10:23:37,100u,checkoutservice-5b6d96c9b7-9bqv8,24,38
10:23:37,100u,checkoutservice-5b6d96c9b7-j6swl,1,16
10:23:37,100u,currencyservice-7c8fc8fc9c-9dtdc,10,85
10:23:37,100u,currencyservice-7c8fc8fc9c-fknl8,196,126
10:23:37,100u,currencyservice-7c8fc8fc9c-vt2gd,26,92
10:23:37,100u,emailservice-66944ff59-8jhrl,3,56
10:23:37,100u,emailservice-66944ff59-xd6ch,16,57
10:23:37,100u,emailservice-66944ff59-xhss4,3,56
10:23:37,100u,frontend-7bd6f45654-8lrp5,166,54
10:23:37,100u,frontend-7bd6f45654-kpk99,167,25
10:23:37,100u,frontend-7bd6f45654-zl99v,129,26
10:23:37,100u,paymentservice-9bfb7bf5-gfxs2,9,125
10:23:37,100u,paymentservice-9bfb7bf5-s8hj7,15,74
10:23:37,100u,paymentservice-9bfb7bf5-t6d8q,1,79
10:23:37,100u,productcatalogservice-65bbf699df-cv7w7,3,20
10:23:37,100u,productcatalogservice-65bbf699df-jvkg4,66,22
10:23:37,100u,productcatalogservice-65bbf699df-vsc98,134,43
10:23:37,100u,recommendationservice-7444754ff5-9t2qj,130,54
10:23:37,100u,recommendationservice-7444754ff5-fthxq,191,81
10:23:37,100u,recommendationservice-7444754ff5-sg55v,4,51
10:23:37,100u,redis-cart-c8ff86559-lhjtw,10,36
10:23:37,100u,shippingservice-f956b6d9f-cdqmk,13,17
10:23:37,100u,shippingservice-f956b6d9f-scpqb,1,16
10:23:37,100u,shippingservice-f956b6d9f-z5rrl,16,33
10:23:48,100u,adservice-574bff445c-dq4dw,87,282
10:23:48,100u,adservice-574bff445c-jc7m4,3,165
10:23:48,100u,adservice-574bff445c-tbr78,2,175
10:23:48,100u,cartservice-765b6959c9-bcmfz,137,163
10:23:48,100u,cartservice-765b6959c9-n6fwn,1,112
10:23:48,100u,cartservice-765b6959c9-qnq65,1,110
10:23:48,100u,checkoutservice-5b6d96c9b7-6fth9,9,20
10:23:48,100u,checkoutservice-5b6d96c9b7-9bqv8,29,38
10:23:48,100u,checkoutservice-5b6d96c9b7-j6swl,1,16
10:23:48,100u,currencyservice-7c8fc8fc9c-9dtdc,1,85
10:23:48,100u,currencyservice-7c8fc8fc9c-fknl8,200,126
10:23:48,100u,currencyservice-7c8fc8fc9c-vt2gd,29,94
10:23:48,100u,emailservice-66944ff59-8jhrl,3,56
10:23:48,100u,emailservice-66944ff59-xd6ch,17,57
10:23:48,100u,emailservice-66944ff59-xhss4,3,56
10:23:48,100u,frontend-7bd6f45654-8lrp5,163,55
10:23:48,100u,frontend-7bd6f45654-kpk99,189,27
10:23:48,100u,frontend-7bd6f45654-zl99v,142,27
10:23:48,100u,paymentservice-9bfb7bf5-gfxs2,10,125
10:23:48,100u,paymentservice-9bfb7bf5-s8hj7,4,74
10:23:48,100u,paymentservice-9bfb7bf5-t6d8q,2,79
10:23:48,100u,productcatalogservice-65bbf699df-cv7w7,3,20
10:23:48,100u,productcatalogservice-65bbf699df-jvkg4,76,22
10:23:48,100u,productcatalogservice-65bbf699df-vsc98,143,43
10:23:48,100u,recommendationservice-7444754ff5-9t2qj,174,54
10:23:48,100u,recommendationservice-7444754ff5-fthxq,200,82
10:23:48,100u,recommendationservice-7444754ff5-sg55v,3,51
10:23:48,100u,redis-cart-c8ff86559-lhjtw,11,36
10:23:48,100u,shippingservice-f956b6d9f-cdqmk,16,17
10:23:48,100u,shippingservice-f956b6d9f-scpqb,1,16
10:23:48,100u,shippingservice-f956b6d9f-z5rrl,16,33
10:23:58,100u,adservice-574bff445c-dq4dw,87,282
10:23:58,100u,adservice-574bff445c-jc7m4,3,165
10:23:58,100u,adservice-574bff445c-tbr78,2,175
10:23:58,100u,cartservice-765b6959c9-bcmfz,137,163
10:23:58,100u,cartservice-765b6959c9-n6fwn,1,112
10:23:58,100u,cartservice-765b6959c9-qnq65,1,110
10:23:58,100u,checkoutservice-5b6d96c9b7-6fth9,9,20
10:23:58,100u,checkoutservice-5b6d96c9b7-9bqv8,29,38
10:23:58,100u,checkoutservice-5b6d96c9b7-j6swl,1,16
10:23:58,100u,currencyservice-7c8fc8fc9c-9dtdc,1,85
10:23:58,100u,currencyservice-7c8fc8fc9c-fknl8,200,126
10:23:58,100u,currencyservice-7c8fc8fc9c-vt2gd,29,94
10:23:58,100u,emailservice-66944ff59-8jhrl,3,56
10:23:58,100u,emailservice-66944ff59-xd6ch,17,57
10:23:58,100u,emailservice-66944ff59-xhss4,3,56
10:23:58,100u,frontend-7bd6f45654-8lrp5,163,55
10:23:58,100u,frontend-7bd6f45654-kpk99,189,27
10:23:58,100u,frontend-7bd6f45654-zl99v,142,27
10:23:58,100u,paymentservice-9bfb7bf5-gfxs2,10,125
10:23:58,100u,paymentservice-9bfb7bf5-s8hj7,4,74
10:23:58,100u,paymentservice-9bfb7bf5-t6d8q,2,79
10:23:58,100u,productcatalogservice-65bbf699df-cv7w7,3,20
10:23:58,100u,productcatalogservice-65bbf699df-jvkg4,76,22
10:23:58,100u,productcatalogservice-65bbf699df-vsc98,143,43
10:23:58,100u,recommendationservice-7444754ff5-9t2qj,174,54
10:23:58,100u,recommendationservice-7444754ff5-fthxq,200,82
10:23:58,100u,recommendationservice-7444754ff5-sg55v,3,51
10:23:58,100u,redis-cart-c8ff86559-lhjtw,11,36
10:23:58,100u,shippingservice-f956b6d9f-cdqmk,16,17
10:23:58,100u,shippingservice-f956b6d9f-scpqb,1,16
10:23:58,100u,shippingservice-f956b6d9f-z5rrl,16,33
10:24:08,100u,adservice-574bff445c-dq4dw,83,282
10:24:08,100u,adservice-574bff445c-jc7m4,5,165
10:24:08,100u,adservice-574bff445c-tbr78,4,175
10:24:08,100u,cartservice-765b6959c9-bcmfz,117,163
10:24:08,100u,cartservice-765b6959c9-n6fwn,1,112
10:24:08,100u,cartservice-765b6959c9-qnq65,1,110
10:24:08,100u,checkoutservice-5b6d96c9b7-6fth9,10,20
10:24:08,100u,checkoutservice-5b6d96c9b7-9bqv8,28,38
10:24:08,100u,checkoutservice-5b6d96c9b7-j6swl,1,16
10:24:08,100u,currencyservice-7c8fc8fc9c-9dtdc,3,85
10:24:08,100u,currencyservice-7c8fc8fc9c-fknl8,193,126
10:24:08,100u,currencyservice-7c8fc8fc9c-vt2gd,24,96
10:24:08,100u,emailservice-66944ff59-8jhrl,3,56
10:24:08,100u,emailservice-66944ff59-xd6ch,17,57
10:24:08,100u,emailservice-66944ff59-xhss4,3,56
10:24:08,100u,frontend-7bd6f45654-8lrp5,144,55
10:24:08,100u,frontend-7bd6f45654-kpk99,178,28
10:24:08,100u,frontend-7bd6f45654-zl99v,132,27
10:24:08,100u,paymentservice-9bfb7bf5-gfxs2,10,126
10:24:08,100u,paymentservice-9bfb7bf5-s8hj7,4,74
10:24:08,100u,paymentservice-9bfb7bf5-t6d8q,1,79
10:24:08,100u,productcatalogservice-65bbf699df-cv7w7,3,20
10:24:08,100u,productcatalogservice-65bbf699df-jvkg4,73,22
10:24:08,100u,productcatalogservice-65bbf699df-vsc98,133,44
10:24:08,100u,recommendationservice-7444754ff5-9t2qj,173,55
10:24:08,100u,recommendationservice-7444754ff5-fthxq,195,82
10:24:08,100u,recommendationservice-7444754ff5-sg55v,3,51
10:24:08,100u,redis-cart-c8ff86559-lhjtw,10,36
10:24:08,100u,shippingservice-f956b6d9f-cdqmk,15,17
10:24:08,100u,shippingservice-f956b6d9f-scpqb,1,16
10:24:08,100u,shippingservice-f956b6d9f-z5rrl,15,33
10:24:18,100u,adservice-574bff445c-dq4dw,90,282
10:24:18,100u,adservice-574bff445c-jc7m4,3,165
10:24:18,100u,adservice-574bff445c-tbr78,2,175
10:24:18,100u,cartservice-765b6959c9-bcmfz,130,163
10:24:18,100u,cartservice-765b6959c9-n6fwn,1,112
10:24:18,100u,cartservice-765b6959c9-qnq65,1,110
10:24:18,100u,checkoutservice-5b6d96c9b7-6fth9,12,20
10:24:18,100u,checkoutservice-5b6d96c9b7-9bqv8,29,38
10:24:18,100u,checkoutservice-5b6d96c9b7-j6swl,1,16
10:24:18,100u,currencyservice-7c8fc8fc9c-9dtdc,1,85
10:24:18,100u,currencyservice-7c8fc8fc9c-fknl8,200,126
10:24:18,100u,currencyservice-7c8fc8fc9c-vt2gd,26,97
10:24:18,100u,emailservice-66944ff59-8jhrl,3,56
10:24:18,100u,emailservice-66944ff59-xd6ch,18,57
10:24:18,100u,emailservice-66944ff59-xhss4,3,56
10:24:18,100u,frontend-7bd6f45654-8lrp5,143,55
10:24:18,100u,frontend-7bd6f45654-kpk99,189,29
10:24:18,100u,frontend-7bd6f45654-zl99v,135,27
10:24:18,100u,paymentservice-9bfb7bf5-gfxs2,10,126
10:24:18,100u,paymentservice-9bfb7bf5-s8hj7,7,74
10:24:18,100u,paymentservice-9bfb7bf5-t6d8q,8,77
10:24:18,100u,productcatalogservice-65bbf699df-cv7w7,3,20
10:24:18,100u,productcatalogservice-65bbf699df-jvkg4,76,21
10:24:18,100u,productcatalogservice-65bbf699df-vsc98,135,44
10:24:18,100u,recommendationservice-7444754ff5-9t2qj,184,54
10:24:18,100u,recommendationservice-7444754ff5-fthxq,201,82
10:24:18,100u,recommendationservice-7444754ff5-sg55v,3,51
10:24:18,100u,redis-cart-c8ff86559-lhjtw,10,36
10:24:18,100u,shippingservice-f956b6d9f-cdqmk,16,17
10:24:18,100u,shippingservice-f956b6d9f-scpqb,1,16
10:24:18,100u,shippingservice-f956b6d9f-z5rrl,16,33
10:24:28,100u,adservice-574bff445c-dq4dw,91,282
10:24:28,100u,adservice-574bff445c-jc7m4,3,166
10:24:28,100u,adservice-574bff445c-tbr78,3,175
10:24:28,100u,cartservice-765b6959c9-bcmfz,134,164
10:24:28,100u,cartservice-765b6959c9-n6fwn,1,112
10:24:28,100u,cartservice-765b6959c9-qnq65,2,110
10:24:28,100u,checkoutservice-5b6d96c9b7-6fth9,15,20
10:24:28,100u,checkoutservice-5b6d96c9b7-9bqv8,27,38
10:24:28,100u,checkoutservice-5b6d96c9b7-j6swl,1,16
10:24:28,100u,currencyservice-7c8fc8fc9c-9dtdc,2,85
10:24:28,100u,currencyservice-7c8fc8fc9c-fknl8,200,126
10:24:28,100u,currencyservice-7c8fc8fc9c-vt2gd,23,97
10:24:28,100u,emailservice-66944ff59-8jhrl,3,56
10:24:28,100u,emailservice-66944ff59-xd6ch,19,57
10:24:28,100u,emailservice-66944ff59-xhss4,3,56
10:24:28,100u,frontend-7bd6f45654-8lrp5,149,55
10:24:28,100u,frontend-7bd6f45654-kpk99,185,28
10:24:28,100u,frontend-7bd6f45654-zl99v,134,27
10:24:28,100u,paymentservice-9bfb7bf5-gfxs2,9,126
10:24:28,100u,paymentservice-9bfb7bf5-s8hj7,5,74
10:24:28,100u,paymentservice-9bfb7bf5-t6d8q,1,77
10:24:28,100u,productcatalogservice-65bbf699df-cv7w7,4,20
10:24:28,100u,productcatalogservice-65bbf699df-jvkg4,75,22
10:24:28,100u,productcatalogservice-65bbf699df-vsc98,135,43
10:24:28,100u,recommendationservice-7444754ff5-9t2qj,171,54
10:24:28,100u,recommendationservice-7444754ff5-fthxq,200,82
10:24:28,100u,recommendationservice-7444754ff5-sg55v,3,51
10:24:28,100u,redis-cart-c8ff86559-lhjtw,10,36
10:24:28,100u,shippingservice-f956b6d9f-cdqmk,15,17
10:24:28,100u,shippingservice-f956b6d9f-scpqb,1,16
10:24:28,100u,shippingservice-f956b6d9f-z5rrl,16,33
10:24:39,100u,adservice-574bff445c-dq4dw,91,282
10:24:39,100u,adservice-574bff445c-jc7m4,3,166
10:24:39,100u,adservice-574bff445c-tbr78,3,175
10:24:39,100u,cartservice-765b6959c9-bcmfz,134,164
10:24:39,100u,cartservice-765b6959c9-n6fwn,1,112
10:24:39,100u,cartservice-765b6959c9-qnq65,2,110
10:24:39,100u,checkoutservice-5b6d96c9b7-6fth9,15,20
10:24:39,100u,checkoutservice-5b6d96c9b7-9bqv8,27,38
10:24:39,100u,checkoutservice-5b6d96c9b7-j6swl,1,16
10:24:39,100u,currencyservice-7c8fc8fc9c-9dtdc,2,85
10:24:39,100u,currencyservice-7c8fc8fc9c-fknl8,200,126
10:24:39,100u,currencyservice-7c8fc8fc9c-vt2gd,23,97
10:24:39,100u,emailservice-66944ff59-8jhrl,3,56
10:24:39,100u,emailservice-66944ff59-xd6ch,19,57
10:24:39,100u,emailservice-66944ff59-xhss4,3,56
10:24:39,100u,frontend-7bd6f45654-8lrp5,149,55
10:24:39,100u,frontend-7bd6f45654-kpk99,185,28
10:24:39,100u,frontend-7bd6f45654-zl99v,134,27
10:24:39,100u,paymentservice-9bfb7bf5-gfxs2,9,126
10:24:39,100u,paymentservice-9bfb7bf5-s8hj7,5,74
10:24:39,100u,paymentservice-9bfb7bf5-t6d8q,1,77
10:24:39,100u,productcatalogservice-65bbf699df-cv7w7,4,20
10:24:39,100u,productcatalogservice-65bbf699df-jvkg4,75,22
10:24:39,100u,productcatalogservice-65bbf699df-vsc98,135,43
10:24:39,100u,recommendationservice-7444754ff5-9t2qj,171,54
10:24:39,100u,recommendationservice-7444754ff5-fthxq,200,82
10:24:39,100u,recommendationservice-7444754ff5-sg55v,3,51
10:24:39,100u,redis-cart-c8ff86559-lhjtw,10,36
10:24:39,100u,shippingservice-f956b6d9f-cdqmk,15,17
10:24:39,100u,shippingservice-f956b6d9f-scpqb,1,16
10:24:39,100u,shippingservice-f956b6d9f-z5rrl,16,33
10:24:49,100u,adservice-574bff445c-dq4dw,89,282
10:24:49,100u,adservice-574bff445c-jc7m4,2,166
10:24:49,100u,adservice-574bff445c-tbr78,2,175
10:24:49,100u,cartservice-765b6959c9-bcmfz,126,164
10:24:49,100u,cartservice-765b6959c9-n6fwn,1,112
10:24:49,100u,cartservice-765b6959c9-qnq65,1,110
10:24:49,100u,checkoutservice-5b6d96c9b7-6fth9,11,20
10:24:49,100u,checkoutservice-5b6d96c9b7-9bqv8,34,38
10:24:49,100u,checkoutservice-5b6d96c9b7-j6swl,1,16
10:24:49,100u,currencyservice-7c8fc8fc9c-9dtdc,2,85
10:24:49,100u,currencyservice-7c8fc8fc9c-fknl8,199,126
10:24:49,100u,currencyservice-7c8fc8fc9c-vt2gd,30,98
10:24:49,100u,emailservice-66944ff59-8jhrl,3,56
10:24:49,100u,emailservice-66944ff59-xd6ch,20,57
10:24:49,100u,emailservice-66944ff59-xhss4,3,56
10:24:49,100u,frontend-7bd6f45654-8lrp5,152,55
10:24:49,100u,frontend-7bd6f45654-kpk99,186,29
10:24:49,100u,frontend-7bd6f45654-zl99v,133,28
10:24:49,100u,paymentservice-9bfb7bf5-gfxs2,12,126
10:24:49,100u,paymentservice-9bfb7bf5-s8hj7,6,74
10:24:49,100u,paymentservice-9bfb7bf5-t6d8q,2,77
10:24:49,100u,productcatalogservice-65bbf699df-cv7w7,3,20
10:24:49,100u,productcatalogservice-65bbf699df-jvkg4,73,22
10:24:49,100u,productcatalogservice-65bbf699df-vsc98,133,44
10:24:49,100u,recommendationservice-7444754ff5-9t2qj,177,55
10:24:49,100u,recommendationservice-7444754ff5-fthxq,200,82
10:24:49,100u,recommendationservice-7444754ff5-sg55v,3,51
10:24:49,100u,redis-cart-c8ff86559-lhjtw,10,36
10:24:49,100u,shippingservice-f956b6d9f-cdqmk,16,17
10:24:49,100u,shippingservice-f956b6d9f-scpqb,1,16
10:24:49,100u,shippingservice-f956b6d9f-z5rrl,17,33
10:24:59,100u,adservice-574bff445c-dq4dw,75,282
10:24:59,100u,adservice-574bff445c-jc7m4,2,166
10:24:59,100u,adservice-574bff445c-tbr78,2,175
10:24:59,100u,cartservice-765b6959c9-bcmfz,89,164
10:24:59,100u,cartservice-765b6959c9-n6fwn,3,112
10:24:59,100u,cartservice-765b6959c9-qnq65,3,110
10:24:59,100u,checkoutservice-5b6d96c9b7-6fth9,10,20
10:24:59,100u,checkoutservice-5b6d96c9b7-9bqv8,21,38
10:24:59,100u,checkoutservice-5b6d96c9b7-j6swl,1,16
10:24:59,100u,currencyservice-7c8fc8fc9c-9dtdc,2,85
10:24:59,100u,currencyservice-7c8fc8fc9c-fknl8,153,126
10:24:59,100u,currencyservice-7c8fc8fc9c-vt2gd,18,98
10:24:59,100u,emailservice-66944ff59-8jhrl,3,56
10:24:59,100u,emailservice-66944ff59-xd6ch,14,57
10:24:59,100u,emailservice-66944ff59-xhss4,3,56
10:24:59,100u,frontend-7bd6f45654-8lrp5,117,55
10:24:59,100u,frontend-7bd6f45654-kpk99,143,28
10:24:59,100u,frontend-7bd6f45654-zl99v,109,27
10:24:59,100u,paymentservice-9bfb7bf5-gfxs2,8,126
10:24:59,100u,paymentservice-9bfb7bf5-s8hj7,4,74
10:24:59,100u,paymentservice-9bfb7bf5-t6d8q,1,77
10:24:59,100u,productcatalogservice-65bbf699df-cv7w7,3,20
10:24:59,100u,productcatalogservice-65bbf699df-jvkg4,59,22
10:24:59,100u,productcatalogservice-65bbf699df-vsc98,104,44
10:24:59,100u,recommendationservice-7444754ff5-9t2qj,137,54
10:24:59,100u,recommendationservice-7444754ff5-fthxq,157,81
10:24:59,100u,recommendationservice-7444754ff5-sg55v,4,51
10:24:59,100u,redis-cart-c8ff86559-lhjtw,9,37
10:24:59,100u,shippingservice-f956b6d9f-cdqmk,12,17
10:24:59,100u,shippingservice-f956b6d9f-scpqb,1,16
10:24:59,100u,shippingservice-f956b6d9f-z5rrl,12,33
10:25:09,100u,adservice-574bff445c-dq4dw,75,282
10:25:09,100u,adservice-574bff445c-jc7m4,2,166
10:25:09,100u,adservice-574bff445c-tbr78,2,175
10:25:09,100u,cartservice-765b6959c9-bcmfz,89,164
10:25:09,100u,cartservice-765b6959c9-n6fwn,3,112
10:25:09,100u,cartservice-765b6959c9-qnq65,3,110
10:25:09,100u,checkoutservice-5b6d96c9b7-6fth9,10,20
10:25:09,100u,checkoutservice-5b6d96c9b7-9bqv8,21,38
10:25:09,100u,checkoutservice-5b6d96c9b7-j6swl,1,16
10:25:09,100u,currencyservice-7c8fc8fc9c-9dtdc,2,85
10:25:09,100u,currencyservice-7c8fc8fc9c-fknl8,153,126
10:25:09,100u,currencyservice-7c8fc8fc9c-vt2gd,18,98
10:25:09,100u,emailservice-66944ff59-8jhrl,3,56
10:25:09,100u,emailservice-66944ff59-xd6ch,14,57
10:25:09,100u,emailservice-66944ff59-xhss4,3,56
10:25:09,100u,frontend-7bd6f45654-8lrp5,117,55
10:25:09,100u,frontend-7bd6f45654-kpk99,143,28
10:25:09,100u,frontend-7bd6f45654-zl99v,109,27
10:25:09,100u,paymentservice-9bfb7bf5-gfxs2,8,126
10:25:09,100u,paymentservice-9bfb7bf5-s8hj7,4,74
10:25:09,100u,paymentservice-9bfb7bf5-t6d8q,1,77
10:25:09,100u,productcatalogservice-65bbf699df-cv7w7,3,20
10:25:09,100u,productcatalogservice-65bbf699df-jvkg4,59,22
10:25:09,100u,productcatalogservice-65bbf699df-vsc98,104,44
10:25:09,100u,recommendationservice-7444754ff5-9t2qj,137,54
10:25:09,100u,recommendationservice-7444754ff5-fthxq,157,81
10:25:09,100u,recommendationservice-7444754ff5-sg55v,4,51
10:25:09,100u,redis-cart-c8ff86559-lhjtw,9,37
10:25:09,100u,shippingservice-f956b6d9f-cdqmk,12,17
10:25:09,100u,shippingservice-f956b6d9f-scpqb,1,16
10:25:09,100u,shippingservice-f956b6d9f-z5rrl,12,33
10:25:19,100u,adservice-574bff445c-dq4dw,2,282
10:25:19,100u,adservice-574bff445c-jc7m4,6,166
10:25:19,100u,adservice-574bff445c-tbr78,5,175
10:25:19,100u,cartservice-765b6959c9-bcmfz,3,164
10:25:19,100u,cartservice-765b6959c9-n6fwn,2,112
10:25:19,100u,cartservice-765b6959c9-qnq65,2,110
10:25:19,100u,checkoutservice-5b6d96c9b7-6fth9,1,20
10:25:19,100u,checkoutservice-5b6d96c9b7-9bqv8,1,38
10:25:19,100u,checkoutservice-5b6d96c9b7-j6swl,1,16
10:25:19,100u,currencyservice-7c8fc8fc9c-9dtdc,5,85
10:25:19,100u,currencyservice-7c8fc8fc9c-fknl8,1,126
10:25:19,100u,currencyservice-7c8fc8fc9c-vt2gd,1,98
10:25:19,100u,emailservice-66944ff59-8jhrl,4,56
10:25:19,100u,emailservice-66944ff59-xd6ch,5,57
10:25:19,100u,emailservice-66944ff59-xhss4,4,56
10:25:19,100u,frontend-7bd6f45654-8lrp5,1,55
10:25:19,100u,frontend-7bd6f45654-kpk99,1,28
10:25:19,100u,frontend-7bd6f45654-zl99v,1,27
10:25:19,100u,paymentservice-9bfb7bf5-gfxs2,1,126
10:25:19,100u,paymentservice-9bfb7bf5-s8hj7,2,74
10:25:19,100u,paymentservice-9bfb7bf5-t6d8q,3,77
10:25:19,100u,productcatalogservice-65bbf699df-cv7w7,1,20
10:25:19,100u,productcatalogservice-65bbf699df-jvkg4,1,22
10:25:19,100u,productcatalogservice-65bbf699df-vsc98,1,44
10:25:19,100u,recommendationservice-7444754ff5-9t2qj,4,54
10:25:19,100u,recommendationservice-7444754ff5-fthxq,4,81
10:25:19,100u,recommendationservice-7444754ff5-sg55v,4,51
10:25:19,100u,redis-cart-c8ff86559-lhjtw,3,37
10:25:19,100u,shippingservice-f956b6d9f-cdqmk,1,17
10:25:19,100u,shippingservice-f956b6d9f-scpqb,1,16
10:25:19,100u,shippingservice-f956b6d9f-z5rrl,1,33
10:25:30,100u,adservice-574bff445c-dq4dw,2,282
10:25:30,100u,adservice-574bff445c-jc7m4,8,166
10:25:30,100u,adservice-574bff445c-tbr78,8,175
10:25:30,100u,cartservice-765b6959c9-bcmfz,3,164
10:25:30,100u,cartservice-765b6959c9-n6fwn,3,112
10:25:30,100u,cartservice-765b6959c9-qnq65,2,110
10:25:30,100u,checkoutservice-5b6d96c9b7-6fth9,1,20
10:25:30,100u,checkoutservice-5b6d96c9b7-9bqv8,1,38
10:25:30,100u,checkoutservice-5b6d96c9b7-j6swl,2,16
10:25:30,100u,currencyservice-7c8fc8fc9c-9dtdc,3,85
10:25:30,100u,currencyservice-7c8fc8fc9c-fknl8,2,127
10:25:30,100u,currencyservice-7c8fc8fc9c-vt2gd,2,98
10:25:30,100u,emailservice-66944ff59-8jhrl,4,56
10:25:30,100u,emailservice-66944ff59-xd6ch,4,57
10:25:30,100u,emailservice-66944ff59-xhss4,4,56
10:25:30,100u,frontend-7bd6f45654-8lrp5,1,55
10:25:30,100u,frontend-7bd6f45654-kpk99,1,28
10:25:30,100u,frontend-7bd6f45654-zl99v,1,27
10:25:30,100u,paymentservice-9bfb7bf5-gfxs2,2,126
10:25:30,100u,paymentservice-9bfb7bf5-s8hj7,1,74
10:25:30,100u,paymentservice-9bfb7bf5-t6d8q,2,77
10:25:30,100u,productcatalogservice-65bbf699df-cv7w7,1,20
10:25:30,100u,productcatalogservice-65bbf699df-jvkg4,1,22
10:25:30,100u,productcatalogservice-65bbf699df-vsc98,1,44
10:25:30,100u,recommendationservice-7444754ff5-9t2qj,5,54
10:25:30,100u,recommendationservice-7444754ff5-fthxq,4,81
10:25:30,100u,recommendationservice-7444754ff5-sg55v,5,51
10:25:30,100u,redis-cart-c8ff86559-lhjtw,3,36
10:25:30,100u,shippingservice-f956b6d9f-cdqmk,1,17
10:25:30,100u,shippingservice-f956b6d9f-scpqb,1,16
10:25:30,100u,shippingservice-f956b6d9f-z5rrl,1,33
10:25:40,100u,adservice-574bff445c-dq4dw,2,282
10:25:40,100u,adservice-574bff445c-jc7m4,8,166
10:25:40,100u,adservice-574bff445c-tbr78,8,175
10:25:40,100u,cartservice-765b6959c9-bcmfz,3,164
10:25:40,100u,cartservice-765b6959c9-n6fwn,3,112
10:25:40,100u,cartservice-765b6959c9-qnq65,2,110
10:25:40,100u,checkoutservice-5b6d96c9b7-6fth9,1,20
10:25:40,100u,checkoutservice-5b6d96c9b7-9bqv8,1,38
10:25:40,100u,checkoutservice-5b6d96c9b7-j6swl,2,16
10:25:40,100u,currencyservice-7c8fc8fc9c-9dtdc,3,85
10:25:40,100u,currencyservice-7c8fc8fc9c-fknl8,2,127
10:25:40,100u,currencyservice-7c8fc8fc9c-vt2gd,2,98
10:25:40,100u,emailservice-66944ff59-8jhrl,4,56
10:25:40,100u,emailservice-66944ff59-xd6ch,4,57
10:25:40,100u,emailservice-66944ff59-xhss4,4,56
10:25:40,100u,frontend-7bd6f45654-8lrp5,1,55
10:25:40,100u,frontend-7bd6f45654-kpk99,1,28
10:25:40,100u,frontend-7bd6f45654-zl99v,1,27
10:25:40,100u,paymentservice-9bfb7bf5-gfxs2,2,126
10:25:40,100u,paymentservice-9bfb7bf5-s8hj7,1,74
10:25:40,100u,paymentservice-9bfb7bf5-t6d8q,2,77
10:25:40,100u,productcatalogservice-65bbf699df-cv7w7,1,20
10:25:40,100u,productcatalogservice-65bbf699df-jvkg4,1,22
10:25:40,100u,productcatalogservice-65bbf699df-vsc98,1,44
10:25:40,100u,recommendationservice-7444754ff5-9t2qj,5,54
10:25:40,100u,recommendationservice-7444754ff5-fthxq,4,81
10:25:40,100u,recommendationservice-7444754ff5-sg55v,5,51
10:25:40,100u,redis-cart-c8ff86559-lhjtw,3,36
10:25:40,100u,shippingservice-f956b6d9f-cdqmk,1,17
10:25:40,100u,shippingservice-f956b6d9f-scpqb,1,16
10:25:40,100u,shippingservice-f956b6d9f-z5rrl,1,33
10:25:50,100u,adservice-574bff445c-dq4dw,2,281
10:25:50,100u,adservice-574bff445c-jc7m4,7,166
10:25:50,100u,adservice-574bff445c-tbr78,7,175
10:25:50,100u,cartservice-765b6959c9-bcmfz,2,164
10:25:50,100u,cartservice-765b6959c9-n6fwn,2,112
10:25:50,100u,cartservice-765b6959c9-qnq65,2,110
10:25:50,100u,checkoutservice-5b6d96c9b7-6fth9,1,20
10:25:50,100u,checkoutservice-5b6d96c9b7-9bqv8,1,38
10:25:50,100u,checkoutservice-5b6d96c9b7-j6swl,1,16
10:25:50,100u,currencyservice-7c8fc8fc9c-9dtdc,2,85
10:25:50,100u,currencyservice-7c8fc8fc9c-fknl8,1,127
10:25:50,100u,currencyservice-7c8fc8fc9c-vt2gd,2,98
10:25:50,100u,emailservice-66944ff59-8jhrl,3,56
10:25:50,100u,emailservice-66944ff59-xd6ch,5,57
10:25:50,100u,emailservice-66944ff59-xhss4,3,56
10:25:50,100u,frontend-7bd6f45654-8lrp5,1,55
10:25:50,100u,frontend-7bd6f45654-kpk99,1,28
10:25:50,100u,frontend-7bd6f45654-zl99v,1,27
10:25:50,100u,paymentservice-9bfb7bf5-gfxs2,1,126
10:25:50,100u,paymentservice-9bfb7bf5-s8hj7,2,74
10:25:50,100u,paymentservice-9bfb7bf5-t6d8q,3,77
10:25:50,100u,productcatalogservice-65bbf699df-cv7w7,1,20
10:25:50,100u,productcatalogservice-65bbf699df-jvkg4,1,22
10:25:50,100u,productcatalogservice-65bbf699df-vsc98,1,44
10:25:50,100u,recommendationservice-7444754ff5-9t2qj,4,54
10:25:50,100u,recommendationservice-7444754ff5-fthxq,4,81
10:25:50,100u,recommendationservice-7444754ff5-sg55v,4,51
10:25:50,100u,redis-cart-c8ff86559-lhjtw,3,36
10:25:50,100u,shippingservice-f956b6d9f-cdqmk,1,17
10:25:50,100u,shippingservice-f956b6d9f-scpqb,1,16
10:25:50,100u,shippingservice-f956b6d9f-z5rrl,1,33
10:26:00,125u,adservice-574bff445c-dq4dw,3,281
10:26:00,125u,adservice-574bff445c-jc7m4,3,166
10:26:00,125u,adservice-574bff445c-tbr78,2,175
10:26:00,125u,cartservice-765b6959c9-bcmfz,4,164
10:26:00,125u,cartservice-765b6959c9-n6fwn,2,112
10:26:00,125u,cartservice-765b6959c9-qnq65,2,110
10:26:00,125u,checkoutservice-5b6d96c9b7-6fth9,1,20
10:26:00,125u,checkoutservice-5b6d96c9b7-9bqv8,2,38
10:26:00,125u,checkoutservice-5b6d96c9b7-j6swl,1,16
10:26:00,125u,currencyservice-7c8fc8fc9c-9dtdc,2,85
10:26:00,125u,currencyservice-7c8fc8fc9c-fknl8,4,126
10:26:00,125u,currencyservice-7c8fc8fc9c-vt2gd,3,98
10:26:00,125u,emailservice-66944ff59-8jhrl,3,56
10:26:00,125u,emailservice-66944ff59-xd6ch,4,57
10:26:00,125u,emailservice-66944ff59-xhss4,3,56
10:26:00,125u,frontend-7bd6f45654-8lrp5,3,55
10:26:00,125u,frontend-7bd6f45654-kpk99,1,28
10:26:00,125u,frontend-7bd6f45654-zl99v,2,27
10:26:00,125u,paymentservice-9bfb7bf5-gfxs2,2,126
10:26:00,125u,paymentservice-9bfb7bf5-s8hj7,1,74
10:26:00,125u,paymentservice-9bfb7bf5-t6d8q,6,77
10:26:00,125u,productcatalogservice-65bbf699df-cv7w7,2,20
10:26:00,125u,productcatalogservice-65bbf699df-jvkg4,2,22
10:26:00,125u,productcatalogservice-65bbf699df-vsc98,2,44
10:26:00,125u,recommendationservice-7444754ff5-9t2qj,4,54
10:26:00,125u,recommendationservice-7444754ff5-fthxq,5,81
10:26:00,125u,recommendationservice-7444754ff5-sg55v,4,51
10:26:00,125u,redis-cart-c8ff86559-lhjtw,4,37
10:26:00,125u,shippingservice-f956b6d9f-cdqmk,1,17
10:26:00,125u,shippingservice-f956b6d9f-scpqb,1,16
10:26:00,125u,shippingservice-f956b6d9f-z5rrl,1,33
10:26:10,125u,adservice-574bff445c-dq4dw,3,281
10:26:10,125u,adservice-574bff445c-jc7m4,3,166
10:26:10,125u,adservice-574bff445c-tbr78,2,175
10:26:10,125u,cartservice-765b6959c9-bcmfz,4,164
10:26:10,125u,cartservice-765b6959c9-n6fwn,2,112
10:26:10,125u,cartservice-765b6959c9-qnq65,2,110
10:26:10,125u,checkoutservice-5b6d96c9b7-6fth9,1,20
10:26:10,125u,checkoutservice-5b6d96c9b7-9bqv8,2,38
10:26:10,125u,checkoutservice-5b6d96c9b7-j6swl,1,16
10:26:10,125u,currencyservice-7c8fc8fc9c-9dtdc,2,85
10:26:10,125u,currencyservice-7c8fc8fc9c-fknl8,4,126
10:26:10,125u,currencyservice-7c8fc8fc9c-vt2gd,3,98
10:26:10,125u,emailservice-66944ff59-8jhrl,3,56
10:26:10,125u,emailservice-66944ff59-xd6ch,4,57
10:26:10,125u,emailservice-66944ff59-xhss4,3,56
10:26:10,125u,frontend-7bd6f45654-8lrp5,3,55
10:26:10,125u,frontend-7bd6f45654-kpk99,1,28
10:26:10,125u,frontend-7bd6f45654-zl99v,2,27
10:26:10,125u,paymentservice-9bfb7bf5-gfxs2,2,126
10:26:10,125u,paymentservice-9bfb7bf5-s8hj7,1,74
10:26:10,125u,paymentservice-9bfb7bf5-t6d8q,6,77
10:26:10,125u,productcatalogservice-65bbf699df-cv7w7,2,20
10:26:10,125u,productcatalogservice-65bbf699df-jvkg4,2,22
10:26:10,125u,productcatalogservice-65bbf699df-vsc98,2,44
10:26:10,125u,recommendationservice-7444754ff5-9t2qj,4,54
10:26:10,125u,recommendationservice-7444754ff5-fthxq,5,81
10:26:10,125u,recommendationservice-7444754ff5-sg55v,4,51
10:26:10,125u,redis-cart-c8ff86559-lhjtw,4,37
10:26:10,125u,shippingservice-f956b6d9f-cdqmk,1,17
10:26:10,125u,shippingservice-f956b6d9f-scpqb,1,16
10:26:10,125u,shippingservice-f956b6d9f-z5rrl,1,33
10:26:20,125u,adservice-574bff445c-dq4dw,41,281
10:26:20,125u,adservice-574bff445c-jc7m4,4,166
10:26:20,125u,adservice-574bff445c-tbr78,3,175
10:26:20,125u,cartservice-765b6959c9-bcmfz,80,164
10:26:20,125u,cartservice-765b6959c9-n6fwn,2,112
10:26:20,125u,cartservice-765b6959c9-qnq65,2,110
10:26:20,125u,checkoutservice-5b6d96c9b7-6fth9,6,20
10:26:20,125u,checkoutservice-5b6d96c9b7-9bqv8,10,38
10:26:20,125u,checkoutservice-5b6d96c9b7-j6swl,1,16
10:26:20,125u,currencyservice-7c8fc8fc9c-9dtdc,1,85
10:26:20,125u,currencyservice-7c8fc8fc9c-fknl8,142,126
10:26:20,125u,currencyservice-7c8fc8fc9c-vt2gd,9,98
10:26:20,125u,emailservice-66944ff59-8jhrl,4,56
10:26:20,125u,emailservice-66944ff59-xd6ch,9,57
10:26:20,125u,emailservice-66944ff59-xhss4,3,56
10:26:20,125u,frontend-7bd6f45654-8lrp5,81,54
10:26:20,125u,frontend-7bd6f45654-kpk99,106,27
10:26:20,125u,frontend-7bd6f45654-zl99v,59,26
10:26:20,125u,paymentservice-9bfb7bf5-gfxs2,4,126
10:26:20,125u,paymentservice-9bfb7bf5-s8hj7,8,77
10:26:20,125u,paymentservice-9bfb7bf5-t6d8q,2,77
10:26:20,125u,productcatalogservice-65bbf699df-cv7w7,2,20
10:26:20,125u,productcatalogservice-65bbf699df-jvkg4,32,22
10:26:20,125u,productcatalogservice-65bbf699df-vsc98,73,44
10:26:20,125u,recommendationservice-7444754ff5-9t2qj,73,54
10:26:20,125u,recommendationservice-7444754ff5-fthxq,82,81
10:26:20,125u,recommendationservice-7444754ff5-sg55v,3,51
10:26:20,125u,redis-cart-c8ff86559-lhjtw,8,37
10:26:20,125u,shippingservice-f956b6d9f-cdqmk,8,17
10:26:20,125u,shippingservice-f956b6d9f-scpqb,1,16
10:26:20,125u,shippingservice-f956b6d9f-z5rrl,8,33
10:26:31,125u,adservice-574bff445c-dq4dw,65,283
10:26:31,125u,adservice-574bff445c-jc7m4,3,168
10:26:31,125u,adservice-574bff445c-tbr78,2,176
10:26:31,125u,cartservice-765b6959c9-bcmfz,110,163
10:26:31,125u,cartservice-765b6959c9-n6fwn,2,112
10:26:31,125u,cartservice-765b6959c9-qnq65,2,110
10:26:31,125u,checkoutservice-5b6d96c9b7-6fth9,15,20
10:26:31,125u,checkoutservice-5b6d96c9b7-9bqv8,21,38
10:26:31,125u,checkoutservice-5b6d96c9b7-j6swl,1,16
10:26:31,125u,currencyservice-7c8fc8fc9c-9dtdc,2,85
10:26:31,125u,currencyservice-7c8fc8fc9c-fknl8,174,126
10:26:31,125u,currencyservice-7c8fc8fc9c-vt2gd,19,99
10:26:31,125u,emailservice-66944ff59-8jhrl,3,56
10:26:31,125u,emailservice-66944ff59-xd6ch,16,57
10:26:31,125u,emailservice-66944ff59-xhss4,3,56
10:26:31,125u,frontend-7bd6f45654-8lrp5,115,53
10:26:31,125u,frontend-7bd6f45654-kpk99,157,27
10:26:31,125u,frontend-7bd6f45654-zl99v,125,27
10:26:31,125u,paymentservice-9bfb7bf5-gfxs2,8,126
10:26:31,125u,paymentservice-9bfb7bf5-s8hj7,6,77
10:26:31,125u,paymentservice-9bfb7bf5-t6d8q,1,77
10:26:31,125u,productcatalogservice-65bbf699df-cv7w7,4,20
10:26:31,125u,productcatalogservice-65bbf699df-jvkg4,64,21
10:26:31,125u,productcatalogservice-65bbf699df-vsc98,109,44
10:26:31,125u,recommendationservice-7444754ff5-9t2qj,127,54
10:26:31,125u,recommendationservice-7444754ff5-fthxq,157,81
10:26:31,125u,recommendationservice-7444754ff5-sg55v,3,51
10:26:31,125u,redis-cart-c8ff86559-lhjtw,9,37
10:26:31,125u,shippingservice-f956b6d9f-cdqmk,15,17
10:26:31,125u,shippingservice-f956b6d9f-scpqb,1,16
10:26:31,125u,shippingservice-f956b6d9f-z5rrl,13,33
10:26:41,125u,adservice-574bff445c-dq4dw,65,283
10:26:41,125u,adservice-574bff445c-jc7m4,3,168
10:26:41,125u,adservice-574bff445c-tbr78,2,176
10:26:41,125u,cartservice-765b6959c9-bcmfz,110,163
10:26:41,125u,cartservice-765b6959c9-n6fwn,2,112
10:26:41,125u,cartservice-765b6959c9-qnq65,2,110
10:26:41,125u,checkoutservice-5b6d96c9b7-6fth9,15,20
10:26:41,125u,checkoutservice-5b6d96c9b7-9bqv8,21,38
10:26:41,125u,checkoutservice-5b6d96c9b7-j6swl,1,16
10:26:41,125u,currencyservice-7c8fc8fc9c-9dtdc,2,85
10:26:41,125u,currencyservice-7c8fc8fc9c-fknl8,174,126
10:26:41,125u,currencyservice-7c8fc8fc9c-vt2gd,19,99
10:26:41,125u,emailservice-66944ff59-8jhrl,3,56
10:26:41,125u,emailservice-66944ff59-xd6ch,16,57
10:26:41,125u,emailservice-66944ff59-xhss4,3,56
10:26:41,125u,frontend-7bd6f45654-8lrp5,115,53
10:26:41,125u,frontend-7bd6f45654-kpk99,157,27
10:26:41,125u,frontend-7bd6f45654-zl99v,125,27
10:26:41,125u,paymentservice-9bfb7bf5-gfxs2,8,126
10:26:41,125u,paymentservice-9bfb7bf5-s8hj7,6,77
10:26:41,125u,paymentservice-9bfb7bf5-t6d8q,1,77
10:26:41,125u,productcatalogservice-65bbf699df-cv7w7,4,20
10:26:41,125u,productcatalogservice-65bbf699df-jvkg4,64,21
10:26:41,125u,productcatalogservice-65bbf699df-vsc98,109,44
10:26:41,125u,recommendationservice-7444754ff5-9t2qj,127,54
10:26:41,125u,recommendationservice-7444754ff5-fthxq,157,81
10:26:41,125u,recommendationservice-7444754ff5-sg55v,3,51
10:26:41,125u,redis-cart-c8ff86559-lhjtw,9,37
10:26:41,125u,shippingservice-f956b6d9f-cdqmk,15,17
10:26:41,125u,shippingservice-f956b6d9f-scpqb,1,16
10:26:41,125u,shippingservice-f956b6d9f-z5rrl,13,33
10:26:51,125u,adservice-574bff445c-dq4dw,39,283
10:26:51,125u,adservice-574bff445c-jc7m4,4,168
10:26:51,125u,adservice-574bff445c-tbr78,4,178
10:26:51,125u,cartservice-765b6959c9-bcmfz,75,163
10:26:51,125u,cartservice-765b6959c9-n6fwn,3,113
10:26:51,125u,cartservice-765b6959c9-qnq65,5,111
10:26:51,125u,checkoutservice-5b6d96c9b7-6fth9,3,20
10:26:51,125u,checkoutservice-5b6d96c9b7-9bqv8,15,38
10:26:51,125u,checkoutservice-5b6d96c9b7-j6swl,1,16
10:26:51,125u,currencyservice-7c8fc8fc9c-9dtdc,1,85
10:26:51,125u,currencyservice-7c8fc8fc9c-fknl8,138,126
10:26:51,125u,currencyservice-7c8fc8fc9c-vt2gd,13,99
10:26:51,125u,emailservice-66944ff59-8jhrl,4,56
10:26:51,125u,emailservice-66944ff59-xd6ch,11,57
10:26:51,125u,emailservice-66944ff59-xhss4,3,56
10:26:51,125u,frontend-7bd6f45654-8lrp5,106,54
10:26:51,125u,frontend-7bd6f45654-kpk99,99,27
10:26:51,125u,frontend-7bd6f45654-zl99v,37,26
10:26:51,125u,paymentservice-9bfb7bf5-gfxs2,7,126
10:26:51,125u,paymentservice-9bfb7bf5-s8hj7,3,77
10:26:51,125u,paymentservice-9bfb7bf5-t6d8q,2,77
10:26:51,125u,productcatalogservice-65bbf699df-cv7w7,1,20
10:26:51,125u,productcatalogservice-65bbf699df-jvkg4,24,21
10:26:51,125u,productcatalogservice-65bbf699df-vsc98,78,42
10:26:51,125u,recommendationservice-7444754ff5-9t2qj,70,54
10:26:51,125u,recommendationservice-7444754ff5-fthxq,89,81
10:26:51,125u,recommendationservice-7444754ff5-sg55v,4,51
10:26:51,125u,redis-cart-c8ff86559-lhjtw,7,37
10:26:51,125u,shippingservice-f956b6d9f-cdqmk,7,17
10:26:51,125u,shippingservice-f956b6d9f-scpqb,3,16
10:26:51,125u,shippingservice-f956b6d9f-z5rrl,10,33
10:27:01,125u,adservice-574bff445c-dq4dw,71,283
10:27:01,125u,adservice-574bff445c-jc7m4,2,168
10:27:01,125u,adservice-574bff445c-tbr78,2,178
10:27:01,125u,cartservice-765b6959c9-bcmfz,109,163
10:27:01,125u,cartservice-765b6959c9-n6fwn,1,113
10:27:01,125u,cartservice-765b6959c9-qnq65,1,111
10:27:01,125u,checkoutservice-5b6d96c9b7-6fth9,9,20
10:27:01,125u,checkoutservice-5b6d96c9b7-9bqv8,24,38
10:27:01,125u,checkoutservice-5b6d96c9b7-j6swl,1,16
10:27:01,125u,currencyservice-7c8fc8fc9c-9dtdc,3,86
10:27:01,125u,currencyservice-7c8fc8fc9c-fknl8,180,126
10:27:01,125u,currencyservice-7c8fc8fc9c-vt2gd,20,99
10:27:01,125u,emailservice-66944ff59-8jhrl,3,56
10:27:01,125u,emailservice-66944ff59-xd6ch,15,57
10:27:01,125u,emailservice-66944ff59-xhss4,3,56
10:27:01,125u,frontend-7bd6f45654-8lrp5,139,54
10:27:01,125u,frontend-7bd6f45654-kpk99,152,30
10:27:01,125u,frontend-7bd6f45654-zl99v,99,27
10:27:01,125u,paymentservice-9bfb7bf5-gfxs2,9,126
10:27:01,125u,paymentservice-9bfb7bf5-s8hj7,3,77
10:27:01,125u,paymentservice-9bfb7bf5-t6d8q,1,77
10:27:01,125u,productcatalogservice-65bbf699df-cv7w7,2,20
10:27:01,125u,productcatalogservice-65bbf699df-jvkg4,54,22
10:27:01,125u,productcatalogservice-65bbf699df-vsc98,115,43
10:27:01,125u,recommendationservice-7444754ff5-9t2qj,127,54
10:27:01,125u,recommendationservice-7444754ff5-fthxq,167,81
10:27:01,125u,recommendationservice-7444754ff5-sg55v,3,51
10:27:01,125u,redis-cart-c8ff86559-lhjtw,9,37
10:27:01,125u,shippingservice-f956b6d9f-cdqmk,12,17
10:27:01,125u,shippingservice-f956b6d9f-scpqb,1,16
10:27:01,125u,shippingservice-f956b6d9f-z5rrl,15,33
10:27:12,125u,adservice-574bff445c-dq4dw,71,283
10:27:12,125u,adservice-574bff445c-jc7m4,2,168
10:27:12,125u,adservice-574bff445c-tbr78,2,178
10:27:12,125u,cartservice-765b6959c9-bcmfz,109,163
10:27:12,125u,cartservice-765b6959c9-n6fwn,1,113
10:27:12,125u,cartservice-765b6959c9-qnq65,1,111
10:27:12,125u,checkoutservice-5b6d96c9b7-6fth9,9,20
10:27:12,125u,checkoutservice-5b6d96c9b7-9bqv8,24,38
10:27:12,125u,checkoutservice-5b6d96c9b7-j6swl,1,16
10:27:12,125u,currencyservice-7c8fc8fc9c-9dtdc,3,86
10:27:12,125u,currencyservice-7c8fc8fc9c-fknl8,180,126
10:27:12,125u,currencyservice-7c8fc8fc9c-vt2gd,20,99
10:27:12,125u,emailservice-66944ff59-8jhrl,3,56
10:27:12,125u,emailservice-66944ff59-xd6ch,15,57
10:27:12,125u,emailservice-66944ff59-xhss4,3,56
10:27:12,125u,frontend-7bd6f45654-8lrp5,139,54
10:27:12,125u,frontend-7bd6f45654-kpk99,152,30
10:27:12,125u,frontend-7bd6f45654-zl99v,99,27
10:27:12,125u,paymentservice-9bfb7bf5-gfxs2,9,126
10:27:12,125u,paymentservice-9bfb7bf5-s8hj7,3,77
10:27:12,125u,paymentservice-9bfb7bf5-t6d8q,1,77
10:27:12,125u,productcatalogservice-65bbf699df-cv7w7,2,20
10:27:12,125u,productcatalogservice-65bbf699df-jvkg4,54,22
10:27:12,125u,productcatalogservice-65bbf699df-vsc98,115,43
10:27:12,125u,recommendationservice-7444754ff5-9t2qj,127,54
10:27:12,125u,recommendationservice-7444754ff5-fthxq,167,81
10:27:12,125u,recommendationservice-7444754ff5-sg55v,3,51
10:27:12,125u,redis-cart-c8ff86559-lhjtw,9,37
10:27:12,125u,shippingservice-f956b6d9f-cdqmk,12,17
10:27:12,125u,shippingservice-f956b6d9f-scpqb,1,16
10:27:12,125u,shippingservice-f956b6d9f-z5rrl,15,33
10:27:22,125u,adservice-574bff445c-dq4dw,86,283
10:27:22,125u,adservice-574bff445c-jc7m4,3,168
10:27:22,125u,adservice-574bff445c-tbr78,2,178
10:27:22,125u,cartservice-765b6959c9-bcmfz,132,163
10:27:22,125u,cartservice-765b6959c9-n6fwn,1,113
10:27:22,125u,cartservice-765b6959c9-qnq65,1,111
10:27:22,125u,checkoutservice-5b6d96c9b7-6fth9,6,20
10:27:22,125u,checkoutservice-5b6d96c9b7-9bqv8,32,38
10:27:22,125u,checkoutservice-5b6d96c9b7-j6swl,1,16
10:27:22,125u,currencyservice-7c8fc8fc9c-9dtdc,1,86
10:27:22,125u,currencyservice-7c8fc8fc9c-fknl8,200,126
10:27:22,125u,currencyservice-7c8fc8fc9c-vt2gd,25,99
10:27:22,125u,emailservice-66944ff59-8jhrl,3,56
10:27:22,125u,emailservice-66944ff59-xd6ch,17,57
10:27:22,125u,emailservice-66944ff59-xhss4,3,56
10:27:22,125u,frontend-7bd6f45654-8lrp5,163,55
10:27:22,125u,frontend-7bd6f45654-kpk99,188,30
10:27:22,125u,frontend-7bd6f45654-zl99v,117,27
10:27:22,125u,paymentservice-9bfb7bf5-gfxs2,11,126
10:27:22,125u,paymentservice-9bfb7bf5-s8hj7,3,77
10:27:22,125u,paymentservice-9bfb7bf5-t6d8q,2,77
10:27:22,125u,productcatalogservice-65bbf699df-cv7w7,2,20
10:27:22,125u,productcatalogservice-65bbf699df-jvkg4,69,22
10:27:22,125u,productcatalogservice-65bbf699df-vsc98,139,43
10:27:22,125u,recommendationservice-7444754ff5-9t2qj,169,54
10:27:22,125u,recommendationservice-7444754ff5-fthxq,200,82
10:27:22,125u,recommendationservice-7444754ff5-sg55v,3,51
10:27:22,125u,redis-cart-c8ff86559-lhjtw,11,37
10:27:22,125u,shippingservice-f956b6d9f-cdqmk,15,17
10:27:22,125u,shippingservice-f956b6d9f-scpqb,1,16
10:27:22,125u,shippingservice-f956b6d9f-z5rrl,17,33
10:27:32,125u,adservice-574bff445c-dq4dw,86,282
10:27:32,125u,adservice-574bff445c-jc7m4,3,169
10:27:32,125u,adservice-574bff445c-tbr78,2,178
10:27:32,125u,cartservice-765b6959c9-bcmfz,103,163
10:27:32,125u,cartservice-765b6959c9-n6fwn,1,113
10:27:32,125u,cartservice-765b6959c9-qnq65,1,111
10:27:32,125u,checkoutservice-5b6d96c9b7-6fth9,11,20
10:27:32,125u,checkoutservice-5b6d96c9b7-9bqv8,25,38
10:27:32,125u,checkoutservice-5b6d96c9b7-j6swl,1,16
10:27:32,125u,currencyservice-7c8fc8fc9c-9dtdc,2,86
10:27:32,125u,currencyservice-7c8fc8fc9c-fknl8,190,126
10:27:32,125u,currencyservice-7c8fc8fc9c-vt2gd,21,100
10:27:32,125u,emailservice-66944ff59-8jhrl,3,56
10:27:32,125u,emailservice-66944ff59-xd6ch,16,57
10:27:32,125u,emailservice-66944ff59-xhss4,3,56
10:27:32,125u,frontend-7bd6f45654-8lrp5,151,56
10:27:32,125u,frontend-7bd6f45654-kpk99,171,31
10:27:32,125u,frontend-7bd6f45654-zl99v,117,28
10:27:32,125u,paymentservice-9bfb7bf5-gfxs2,9,126
10:27:32,125u,paymentservice-9bfb7bf5-s8hj7,4,77
10:27:32,125u,paymentservice-9bfb7bf5-t6d8q,1,77
10:27:32,125u,productcatalogservice-65bbf699df-cv7w7,3,20
10:27:32,125u,productcatalogservice-65bbf699df-jvkg4,63,22
10:27:32,125u,productcatalogservice-65bbf699df-vsc98,129,43
10:27:32,125u,recommendationservice-7444754ff5-9t2qj,161,54
10:27:32,125u,recommendationservice-7444754ff5-fthxq,190,82
10:27:32,125u,recommendationservice-7444754ff5-sg55v,3,51
10:27:32,125u,redis-cart-c8ff86559-lhjtw,10,37
10:27:32,125u,shippingservice-f956b6d9f-cdqmk,14,17
10:27:32,125u,shippingservice-f956b6d9f-scpqb,1,16
10:27:32,125u,shippingservice-f956b6d9f-z5rrl,15,33
10:27:42,125u,adservice-574bff445c-dq4dw,86,282
10:27:42,125u,adservice-574bff445c-jc7m4,3,169
10:27:42,125u,adservice-574bff445c-tbr78,2,178
10:27:42,125u,cartservice-765b6959c9-bcmfz,103,163
10:27:42,125u,cartservice-765b6959c9-n6fwn,1,113
10:27:42,125u,cartservice-765b6959c9-qnq65,1,111
10:27:42,125u,checkoutservice-5b6d96c9b7-6fth9,11,20
10:27:42,125u,checkoutservice-5b6d96c9b7-9bqv8,25,38
10:27:42,125u,checkoutservice-5b6d96c9b7-j6swl,1,16
10:27:42,125u,currencyservice-7c8fc8fc9c-9dtdc,2,86
10:27:42,125u,currencyservice-7c8fc8fc9c-fknl8,190,126
10:27:42,125u,currencyservice-7c8fc8fc9c-vt2gd,21,100
10:27:42,125u,emailservice-66944ff59-8jhrl,3,56
10:27:42,125u,emailservice-66944ff59-xd6ch,16,57
10:27:42,125u,emailservice-66944ff59-xhss4,3,56
10:27:42,125u,frontend-7bd6f45654-8lrp5,151,56
10:27:42,125u,frontend-7bd6f45654-kpk99,171,31
10:27:42,125u,frontend-7bd6f45654-zl99v,117,28
10:27:42,125u,paymentservice-9bfb7bf5-gfxs2,9,126
10:27:42,125u,paymentservice-9bfb7bf5-s8hj7,4,77
10:27:42,125u,paymentservice-9bfb7bf5-t6d8q,1,77
10:27:42,125u,productcatalogservice-65bbf699df-cv7w7,3,20
10:27:42,125u,productcatalogservice-65bbf699df-jvkg4,63,22
10:27:42,125u,productcatalogservice-65bbf699df-vsc98,129,43
10:27:42,125u,recommendationservice-7444754ff5-9t2qj,161,54
10:27:42,125u,recommendationservice-7444754ff5-fthxq,190,82
10:27:42,125u,recommendationservice-7444754ff5-sg55v,3,51
10:27:42,125u,redis-cart-c8ff86559-lhjtw,10,37
10:27:42,125u,shippingservice-f956b6d9f-cdqmk,14,17
10:27:42,125u,shippingservice-f956b6d9f-scpqb,1,16
10:27:42,125u,shippingservice-f956b6d9f-z5rrl,15,33
10:27:52,125u,adservice-574bff445c-dq4dw,88,282
10:27:52,125u,adservice-574bff445c-jc7m4,4,169
10:27:52,125u,adservice-574bff445c-tbr78,5,178
10:27:52,125u,cartservice-765b6959c9-bcmfz,102,163
10:27:52,125u,cartservice-765b6959c9-n6fwn,2,113
10:27:52,125u,cartservice-765b6959c9-qnq65,1,111
10:27:52,125u,checkoutservice-5b6d96c9b7-6fth9,7,20
10:27:52,125u,checkoutservice-5b6d96c9b7-9bqv8,29,38
10:27:52,125u,checkoutservice-5b6d96c9b7-j6swl,1,16
10:27:52,125u,currencyservice-7c8fc8fc9c-9dtdc,1,86
10:27:52,125u,currencyservice-7c8fc8fc9c-fknl8,194,126
10:27:52,125u,currencyservice-7c8fc8fc9c-vt2gd,25,100
10:27:52,125u,emailservice-66944ff59-8jhrl,3,56
10:27:52,125u,emailservice-66944ff59-xd6ch,17,57
10:27:52,125u,emailservice-66944ff59-xhss4,3,56
10:27:52,125u,frontend-7bd6f45654-8lrp5,158,56
10:27:52,125u,frontend-7bd6f45654-kpk99,173,31
10:27:52,125u,frontend-7bd6f45654-zl99v,112,28
10:27:52,125u,paymentservice-9bfb7bf5-gfxs2,10,126
10:27:52,125u,paymentservice-9bfb7bf5-s8hj7,3,77
10:27:52,125u,paymentservice-9bfb7bf5-t6d8q,2,77
10:27:52,125u,productcatalogservice-65bbf699df-cv7w7,2,20
10:27:52,125u,productcatalogservice-65bbf699df-jvkg4,61,22
10:27:52,125u,productcatalogservice-65bbf699df-vsc98,132,43
10:27:52,125u,recommendationservice-7444754ff5-9t2qj,168,55
10:27:52,125u,recommendationservice-7444754ff5-fthxq,195,82
10:27:52,125u,recommendationservice-7444754ff5-sg55v,3,51
10:27:52,125u,redis-cart-c8ff86559-lhjtw,9,37
10:27:52,125u,shippingservice-f956b6d9f-cdqmk,13,17
10:27:52,125u,shippingservice-f956b6d9f-scpqb,1,16
10:27:52,125u,shippingservice-f956b6d9f-z5rrl,16,33
10:28:02,125u,adservice-574bff445c-dq4dw,94,282
10:28:02,125u,adservice-574bff445c-jc7m4,7,169
10:28:02,125u,adservice-574bff445c-tbr78,9,178
10:28:02,125u,cartservice-765b6959c9-bcmfz,168,164
10:28:02,125u,cartservice-765b6959c9-n6fwn,2,113
10:28:02,125u,cartservice-765b6959c9-qnq65,1,111
10:28:02,125u,checkoutservice-5b6d96c9b7-6fth9,8,20
10:28:02,125u,checkoutservice-5b6d96c9b7-9bqv8,38,38
10:28:02,125u,checkoutservice-5b6d96c9b7-j6swl,1,16
10:28:02,125u,currencyservice-7c8fc8fc9c-9dtdc,150,99
10:28:02,125u,currencyservice-7c8fc8fc9c-fknl8,154,80
10:28:02,125u,currencyservice-7c8fc8fc9c-vt2gd,192,109
10:28:02,125u,emailservice-66944ff59-8jhrl,3,56
10:28:02,125u,emailservice-66944ff59-xd6ch,21,57
10:28:02,125u,emailservice-66944ff59-xhss4,3,56
10:28:02,125u,frontend-7bd6f45654-8lrp5,174,56
10:28:02,125u,frontend-7bd6f45654-kpk99,189,31
10:28:02,125u,frontend-7bd6f45654-zl99v,126,28
10:28:02,125u,paymentservice-9bfb7bf5-gfxs2,13,126
10:28:02,125u,paymentservice-9bfb7bf5-s8hj7,4,77
10:28:02,125u,paymentservice-9bfb7bf5-t6d8q,1,77
10:28:02,125u,productcatalogservice-65bbf699df-cv7w7,3,20
10:28:02,125u,productcatalogservice-65bbf699df-jvkg4,69,21
10:28:02,125u,productcatalogservice-65bbf699df-vsc98,146,43
10:28:02,125u,recommendationservice-7444754ff5-9t2qj,184,55
10:28:02,125u,recommendationservice-7444754ff5-fthxq,200,82
10:28:02,125u,recommendationservice-7444754ff5-sg55v,3,51
10:28:02,125u,redis-cart-c8ff86559-lhjtw,14,37
10:28:02,125u,shippingservice-f956b6d9f-cdqmk,16,17
10:28:02,125u,shippingservice-f956b6d9f-scpqb,1,16
10:28:02,125u,shippingservice-f956b6d9f-z5rrl,18,33
10:28:13,125u,adservice-574bff445c-dq4dw,94,282
10:28:13,125u,adservice-574bff445c-jc7m4,7,169
10:28:13,125u,adservice-574bff445c-tbr78,9,178
10:28:13,125u,cartservice-765b6959c9-bcmfz,168,164
10:28:13,125u,cartservice-765b6959c9-n6fwn,2,113
10:28:13,125u,cartservice-765b6959c9-qnq65,1,111
10:28:13,125u,checkoutservice-5b6d96c9b7-6fth9,8,20
10:28:13,125u,checkoutservice-5b6d96c9b7-9bqv8,38,38
10:28:13,125u,checkoutservice-5b6d96c9b7-j6swl,1,16
10:28:13,125u,currencyservice-7c8fc8fc9c-9dtdc,150,99
10:28:13,125u,currencyservice-7c8fc8fc9c-fknl8,154,80
10:28:13,125u,currencyservice-7c8fc8fc9c-vt2gd,192,109
10:28:13,125u,emailservice-66944ff59-8jhrl,3,56
10:28:13,125u,emailservice-66944ff59-xd6ch,21,57
10:28:13,125u,emailservice-66944ff59-xhss4,3,56
10:28:13,125u,frontend-7bd6f45654-8lrp5,174,56
10:28:13,125u,frontend-7bd6f45654-kpk99,189,31
10:28:13,125u,frontend-7bd6f45654-zl99v,126,28
10:28:13,125u,paymentservice-9bfb7bf5-gfxs2,13,126
10:28:13,125u,paymentservice-9bfb7bf5-s8hj7,4,77
10:28:13,125u,paymentservice-9bfb7bf5-t6d8q,1,77
10:28:13,125u,productcatalogservice-65bbf699df-cv7w7,3,20
10:28:13,125u,productcatalogservice-65bbf699df-jvkg4,69,21
10:28:13,125u,productcatalogservice-65bbf699df-vsc98,146,43
10:28:13,125u,recommendationservice-7444754ff5-9t2qj,184,55
10:28:13,125u,recommendationservice-7444754ff5-fthxq,200,82
10:28:13,125u,recommendationservice-7444754ff5-sg55v,3,51
10:28:13,125u,redis-cart-c8ff86559-lhjtw,14,37
10:28:13,125u,shippingservice-f956b6d9f-cdqmk,16,17
10:28:13,125u,shippingservice-f956b6d9f-scpqb,1,16
10:28:13,125u,shippingservice-f956b6d9f-z5rrl,18,33
10:28:23,125u,adservice-574bff445c-dq4dw,95,282
10:28:23,125u,adservice-574bff445c-jc7m4,7,170
10:28:23,125u,adservice-574bff445c-tbr78,7,179
10:28:23,125u,cartservice-765b6959c9-bcmfz,147,163
10:28:23,125u,cartservice-765b6959c9-n6fwn,2,113
10:28:23,125u,cartservice-765b6959c9-qnq65,2,111
10:28:23,125u,checkoutservice-5b6d96c9b7-6fth9,8,20
10:28:23,125u,checkoutservice-5b6d96c9b7-9bqv8,31,38
10:28:23,125u,checkoutservice-5b6d96c9b7-j6swl,1,16
10:28:23,125u,currencyservice-7c8fc8fc9c-9dtdc,109,104
10:28:23,125u,currencyservice-7c8fc8fc9c-fknl8,2,82
10:28:23,125u,currencyservice-7c8fc8fc9c-vt2gd,194,110
10:28:23,125u,emailservice-66944ff59-8jhrl,3,56
10:28:23,125u,emailservice-66944ff59-xd6ch,19,57
10:28:23,125u,emailservice-66944ff59-xhss4,3,56
10:28:23,125u,frontend-7bd6f45654-8lrp5,166,56
10:28:23,125u,frontend-7bd6f45654-kpk99,188,31
10:28:23,125u,frontend-7bd6f45654-zl99v,130,28
10:28:23,125u,paymentservice-9bfb7bf5-gfxs2,11,126
10:28:23,125u,paymentservice-9bfb7bf5-s8hj7,4,77
10:28:23,125u,paymentservice-9bfb7bf5-t6d8q,2,78
10:28:23,125u,productcatalogservice-65bbf699df-cv7w7,3,20
10:28:23,125u,productcatalogservice-65bbf699df-jvkg4,66,22
10:28:23,125u,productcatalogservice-65bbf699df-vsc98,141,43
10:28:23,125u,recommendationservice-7444754ff5-9t2qj,184,55
10:28:23,125u,recommendationservice-7444754ff5-fthxq,200,82
10:28:23,125u,recommendationservice-7444754ff5-sg55v,3,51
10:28:23,125u,redis-cart-c8ff86559-lhjtw,12,37
10:28:23,125u,shippingservice-f956b6d9f-cdqmk,14,17
10:28:23,125u,shippingservice-f956b6d9f-scpqb,1,16
10:28:23,125u,shippingservice-f956b6d9f-z5rrl,18,33
10:28:33,125u,adservice-574bff445c-dq4dw,91,282
10:28:33,125u,adservice-574bff445c-jc7m4,4,170
10:28:33,125u,adservice-574bff445c-tbr78,6,181
10:28:33,125u,cartservice-765b6959c9-bcmfz,152,163
10:28:33,125u,cartservice-765b6959c9-n6fwn,2,113
10:28:33,125u,cartservice-765b6959c9-qnq65,2,111
10:28:33,125u,checkoutservice-5b6d96c9b7-6fth9,5,20
10:28:33,125u,checkoutservice-5b6d96c9b7-9bqv8,30,38
10:28:33,125u,checkoutservice-5b6d96c9b7-j6swl,1,16
10:28:33,125u,currencyservice-7c8fc8fc9c-9dtdc,106,106
10:28:33,125u,currencyservice-7c8fc8fc9c-fknl8,3,82
10:28:33,125u,currencyservice-7c8fc8fc9c-vt2gd,194,112
10:28:33,125u,emailservice-66944ff59-8jhrl,6,56
10:28:33,125u,emailservice-66944ff59-xd6ch,17,57
10:28:33,125u,emailservice-66944ff59-xhss4,3,56
10:28:33,125u,frontend-7bd6f45654-8lrp5,163,56
10:28:33,125u,frontend-7bd6f45654-kpk99,187,31
10:28:33,125u,frontend-7bd6f45654-zl99v,127,27
10:28:33,125u,paymentservice-9bfb7bf5-gfxs2,11,126
10:28:33,125u,paymentservice-9bfb7bf5-s8hj7,3,77
10:28:33,125u,paymentservice-9bfb7bf5-t6d8q,1,78
10:28:33,125u,productcatalogservice-65bbf699df-cv7w7,2,20
10:28:33,125u,productcatalogservice-65bbf699df-jvkg4,65,22
10:28:33,125u,productcatalogservice-65bbf699df-vsc98,137,43
10:28:33,125u,recommendationservice-7444754ff5-9t2qj,186,55
10:28:33,125u,recommendationservice-7444754ff5-fthxq,193,81
10:28:33,125u,recommendationservice-7444754ff5-sg55v,3,51
10:28:33,125u,redis-cart-c8ff86559-lhjtw,12,37
10:28:33,125u,shippingservice-f956b6d9f-cdqmk,14,17
10:28:33,125u,shippingservice-f956b6d9f-scpqb,1,16
10:28:33,125u,shippingservice-f956b6d9f-z5rrl,17,33
10:28:43,125u,adservice-574bff445c-dq4dw,2,282
10:28:43,125u,adservice-574bff445c-jc7m4,4,170
10:28:43,125u,adservice-574bff445c-tbr78,4,181
10:28:43,125u,cartservice-765b6959c9-bcmfz,2,163
10:28:43,125u,cartservice-765b6959c9-n6fwn,3,113
10:28:43,125u,cartservice-765b6959c9-qnq65,2,111
10:28:43,125u,checkoutservice-5b6d96c9b7-6fth9,1,20
10:28:43,125u,checkoutservice-5b6d96c9b7-9bqv8,1,38
10:28:43,125u,checkoutservice-5b6d96c9b7-j6swl,1,16
10:28:43,125u,currencyservice-7c8fc8fc9c-9dtdc,1,106
10:28:43,125u,currencyservice-7c8fc8fc9c-fknl8,3,82
10:28:43,125u,currencyservice-7c8fc8fc9c-vt2gd,2,112
10:28:43,125u,emailservice-66944ff59-8jhrl,4,56
10:28:43,125u,emailservice-66944ff59-xd6ch,6,57
10:28:43,125u,emailservice-66944ff59-xhss4,4,56
10:28:43,125u,frontend-7bd6f45654-8lrp5,1,56
10:28:43,125u,frontend-7bd6f45654-kpk99,1,31
10:28:43,125u,frontend-7bd6f45654-zl99v,1,27
10:28:43,125u,paymentservice-9bfb7bf5-gfxs2,2,126
10:28:43,125u,paymentservice-9bfb7bf5-s8hj7,3,77
10:28:43,125u,paymentservice-9bfb7bf5-t6d8q,4,80
10:28:43,125u,productcatalogservice-65bbf699df-cv7w7,1,20
10:28:43,125u,productcatalogservice-65bbf699df-jvkg4,1,22
10:28:43,125u,productcatalogservice-65bbf699df-vsc98,1,43
10:28:43,125u,recommendationservice-7444754ff5-9t2qj,5,55
10:28:43,125u,recommendationservice-7444754ff5-fthxq,4,81
10:28:43,125u,recommendationservice-7444754ff5-sg55v,5,51
10:28:43,125u,redis-cart-c8ff86559-lhjtw,4,37
10:28:43,125u,shippingservice-f956b6d9f-cdqmk,1,17
10:28:43,125u,shippingservice-f956b6d9f-scpqb,3,16
10:28:43,125u,shippingservice-f956b6d9f-z5rrl,1,33
10:28:53,125u,adservice-574bff445c-dq4dw,2,282
10:28:53,125u,adservice-574bff445c-jc7m4,4,170
10:28:53,125u,adservice-574bff445c-tbr78,4,181
10:28:53,125u,cartservice-765b6959c9-bcmfz,2,163
10:28:53,125u,cartservice-765b6959c9-n6fwn,3,113
10:28:53,125u,cartservice-765b6959c9-qnq65,2,111
10:28:53,125u,checkoutservice-5b6d96c9b7-6fth9,1,20
10:28:53,125u,checkoutservice-5b6d96c9b7-9bqv8,1,38
10:28:53,125u,checkoutservice-5b6d96c9b7-j6swl,1,16
10:28:53,125u,currencyservice-7c8fc8fc9c-9dtdc,1,106
10:28:53,125u,currencyservice-7c8fc8fc9c-fknl8,3,82
10:28:53,125u,currencyservice-7c8fc8fc9c-vt2gd,2,112
10:28:53,125u,emailservice-66944ff59-8jhrl,4,56
10:28:53,125u,emailservice-66944ff59-xd6ch,6,57
10:28:53,125u,emailservice-66944ff59-xhss4,4,56
10:28:53,125u,frontend-7bd6f45654-8lrp5,1,56
10:28:53,125u,frontend-7bd6f45654-kpk99,1,31
10:28:53,125u,frontend-7bd6f45654-zl99v,1,27
10:28:53,125u,paymentservice-9bfb7bf5-gfxs2,2,126
10:28:53,125u,paymentservice-9bfb7bf5-s8hj7,3,77
10:28:53,125u,paymentservice-9bfb7bf5-t6d8q,4,80
10:28:53,125u,productcatalogservice-65bbf699df-cv7w7,1,20
10:28:53,125u,productcatalogservice-65bbf699df-jvkg4,1,22
10:28:53,125u,productcatalogservice-65bbf699df-vsc98,1,43
10:28:53,125u,recommendationservice-7444754ff5-9t2qj,5,55
10:28:53,125u,recommendationservice-7444754ff5-fthxq,4,81
10:28:53,125u,recommendationservice-7444754ff5-sg55v,5,51
10:28:53,125u,redis-cart-c8ff86559-lhjtw,4,37
10:28:53,125u,shippingservice-f956b6d9f-cdqmk,1,17
10:28:53,125u,shippingservice-f956b6d9f-scpqb,3,16
10:28:53,125u,shippingservice-f956b6d9f-z5rrl,1,33
10:29:03,125u,adservice-574bff445c-dq4dw,2,282
10:29:03,125u,adservice-574bff445c-jc7m4,3,170
10:29:03,125u,adservice-574bff445c-tbr78,3,181
10:29:03,125u,cartservice-765b6959c9-bcmfz,2,163
10:29:03,125u,cartservice-765b6959c9-n6fwn,1,113
10:29:03,125u,cartservice-765b6959c9-qnq65,2,110
10:29:03,125u,checkoutservice-5b6d96c9b7-6fth9,1,20
10:29:03,125u,checkoutservice-5b6d96c9b7-9bqv8,1,38
10:29:03,125u,checkoutservice-5b6d96c9b7-j6swl,1,16
10:29:03,125u,currencyservice-7c8fc8fc9c-9dtdc,2,107
10:29:03,125u,currencyservice-7c8fc8fc9c-fknl8,3,82
10:29:03,125u,currencyservice-7c8fc8fc9c-vt2gd,1,112
10:29:03,125u,emailservice-66944ff59-8jhrl,3,56
10:29:03,125u,emailservice-66944ff59-xd6ch,3,57
10:29:03,125u,emailservice-66944ff59-xhss4,4,56
10:29:03,125u,frontend-7bd6f45654-8lrp5,1,56
10:29:03,125u,frontend-7bd6f45654-kpk99,1,31
10:29:03,125u,frontend-7bd6f45654-zl99v,1,27
10:29:03,125u,paymentservice-9bfb7bf5-gfxs2,1,126
10:29:03,125u,paymentservice-9bfb7bf5-s8hj7,1,77
10:29:03,125u,paymentservice-9bfb7bf5-t6d8q,1,80
10:29:03,125u,productcatalogservice-65bbf699df-cv7w7,1,20
10:29:03,125u,productcatalogservice-65bbf699df-jvkg4,1,22
10:29:03,125u,productcatalogservice-65bbf699df-vsc98,1,43
10:29:03,125u,recommendationservice-7444754ff5-9t2qj,4,55
10:29:03,125u,recommendationservice-7444754ff5-fthxq,3,81
10:29:03,125u,recommendationservice-7444754ff5-sg55v,4,51
10:29:03,125u,redis-cart-c8ff86559-lhjtw,3,37
10:29:03,125u,shippingservice-f956b6d9f-cdqmk,1,17
10:29:03,125u,shippingservice-f956b6d9f-scpqb,1,16
10:29:03,125u,shippingservice-f956b6d9f-z5rrl,1,33
10:29:14,125u,adservice-574bff445c-dq4dw,2,282
10:29:14,125u,adservice-574bff445c-jc7m4,3,172
10:29:14,125u,adservice-574bff445c-tbr78,3,182
10:29:14,125u,cartservice-765b6959c9-bcmfz,2,163
10:29:14,125u,cartservice-765b6959c9-n6fwn,2,113
10:29:14,125u,cartservice-765b6959c9-qnq65,2,110
10:29:14,125u,checkoutservice-5b6d96c9b7-6fth9,1,20
10:29:14,125u,checkoutservice-5b6d96c9b7-9bqv8,1,38
10:29:14,125u,checkoutservice-5b6d96c9b7-j6swl,1,16
10:29:14,125u,currencyservice-7c8fc8fc9c-9dtdc,1,107
10:29:14,125u,currencyservice-7c8fc8fc9c-fknl8,3,82
10:29:14,125u,currencyservice-7c8fc8fc9c-vt2gd,1,112
10:29:14,125u,emailservice-66944ff59-8jhrl,4,56
10:29:14,125u,emailservice-66944ff59-xd6ch,4,57
10:29:14,125u,emailservice-66944ff59-xhss4,4,56
10:29:14,125u,frontend-7bd6f45654-8lrp5,1,56
10:29:14,125u,frontend-7bd6f45654-kpk99,1,31
10:29:14,125u,frontend-7bd6f45654-zl99v,1,27
10:29:14,125u,paymentservice-9bfb7bf5-gfxs2,1,126
10:29:14,125u,paymentservice-9bfb7bf5-s8hj7,2,77
10:29:14,125u,paymentservice-9bfb7bf5-t6d8q,2,80
10:29:14,125u,productcatalogservice-65bbf699df-cv7w7,3,20
10:29:14,125u,productcatalogservice-65bbf699df-jvkg4,1,22
10:29:14,125u,productcatalogservice-65bbf699df-vsc98,1,43
10:29:14,125u,recommendationservice-7444754ff5-9t2qj,4,55
10:29:14,125u,recommendationservice-7444754ff5-fthxq,3,81
10:29:14,125u,recommendationservice-7444754ff5-sg55v,4,51
10:29:14,125u,redis-cart-c8ff86559-lhjtw,3,37
10:29:14,125u,shippingservice-f956b6d9f-cdqmk,1,17
10:29:14,125u,shippingservice-f956b6d9f-scpqb,1,16
10:29:14,125u,shippingservice-f956b6d9f-z5rrl,1,33
10:29:24,125u,adservice-574bff445c-dq4dw,2,282
10:29:24,125u,adservice-574bff445c-jc7m4,3,172
10:29:24,125u,adservice-574bff445c-tbr78,3,182
10:29:24,125u,cartservice-765b6959c9-bcmfz,2,163
10:29:24,125u,cartservice-765b6959c9-n6fwn,2,113
10:29:24,125u,cartservice-765b6959c9-qnq65,2,110
10:29:24,125u,checkoutservice-5b6d96c9b7-6fth9,1,20
10:29:24,125u,checkoutservice-5b6d96c9b7-9bqv8,1,38
10:29:24,125u,checkoutservice-5b6d96c9b7-j6swl,1,16
10:29:24,125u,currencyservice-7c8fc8fc9c-9dtdc,1,107
10:29:24,125u,currencyservice-7c8fc8fc9c-fknl8,3,82
10:29:24,125u,currencyservice-7c8fc8fc9c-vt2gd,1,112
10:29:24,125u,emailservice-66944ff59-8jhrl,4,56
10:29:24,125u,emailservice-66944ff59-xd6ch,4,57
10:29:24,125u,emailservice-66944ff59-xhss4,4,56
10:29:24,125u,frontend-7bd6f45654-8lrp5,1,56
10:29:24,125u,frontend-7bd6f45654-kpk99,1,31
10:29:24,125u,frontend-7bd6f45654-zl99v,1,27
10:29:24,125u,paymentservice-9bfb7bf5-gfxs2,1,126
10:29:24,125u,paymentservice-9bfb7bf5-s8hj7,2,77
10:29:24,125u,paymentservice-9bfb7bf5-t6d8q,2,80
10:29:24,125u,productcatalogservice-65bbf699df-cv7w7,3,20
10:29:24,125u,productcatalogservice-65bbf699df-jvkg4,1,22
10:29:24,125u,productcatalogservice-65bbf699df-vsc98,1,43
10:29:24,125u,recommendationservice-7444754ff5-9t2qj,4,55
10:29:24,125u,recommendationservice-7444754ff5-fthxq,3,81
10:29:24,125u,recommendationservice-7444754ff5-sg55v,4,51
10:29:24,125u,redis-cart-c8ff86559-lhjtw,3,37
10:29:24,125u,shippingservice-f956b6d9f-cdqmk,1,17
10:29:24,125u,shippingservice-f956b6d9f-scpqb,1,16
10:29:24,125u,shippingservice-f956b6d9f-z5rrl,1,33
10:29:34,150u,adservice-574bff445c-dq4dw,2,281
10:29:34,150u,adservice-574bff445c-jc7m4,2,172
10:29:34,150u,adservice-574bff445c-tbr78,2,182
10:29:34,150u,cartservice-765b6959c9-bcmfz,2,163
10:29:34,150u,cartservice-765b6959c9-n6fwn,1,113
10:29:34,150u,cartservice-765b6959c9-qnq65,2,110
10:29:34,150u,checkoutservice-5b6d96c9b7-6fth9,1,20
10:29:34,150u,checkoutservice-5b6d96c9b7-9bqv8,1,38
10:29:34,150u,checkoutservice-5b6d96c9b7-j6swl,1,16
10:29:34,150u,currencyservice-7c8fc8fc9c-9dtdc,1,107
10:29:34,150u,currencyservice-7c8fc8fc9c-fknl8,2,82
10:29:34,150u,currencyservice-7c8fc8fc9c-vt2gd,1,112
10:29:34,150u,emailservice-66944ff59-8jhrl,4,56
10:29:34,150u,emailservice-66944ff59-xd6ch,4,57
10:29:34,150u,emailservice-66944ff59-xhss4,4,56
10:29:34,150u,frontend-7bd6f45654-8lrp5,1,56
10:29:34,150u,frontend-7bd6f45654-kpk99,1,31
10:29:34,150u,frontend-7bd6f45654-zl99v,1,27
10:29:34,150u,paymentservice-9bfb7bf5-gfxs2,1,126
10:29:34,150u,paymentservice-9bfb7bf5-s8hj7,1,77
10:29:34,150u,paymentservice-9bfb7bf5-t6d8q,1,80
10:29:34,150u,productcatalogservice-65bbf699df-cv7w7,1,20
10:29:34,150u,productcatalogservice-65bbf699df-jvkg4,1,22
10:29:34,150u,productcatalogservice-65bbf699df-vsc98,2,44
10:29:34,150u,recommendationservice-7444754ff5-9t2qj,4,55
10:29:34,150u,recommendationservice-7444754ff5-fthxq,4,81
10:29:34,150u,recommendationservice-7444754ff5-sg55v,4,51
10:29:34,150u,redis-cart-c8ff86559-lhjtw,3,37
10:29:34,150u,shippingservice-f956b6d9f-cdqmk,1,17
10:29:34,150u,shippingservice-f956b6d9f-scpqb,1,16
10:29:34,150u,shippingservice-f956b6d9f-z5rrl,1,33
10:29:44,150u,adservice-574bff445c-dq4dw,33,281
10:29:44,150u,adservice-574bff445c-jc7m4,2,172
10:29:44,150u,adservice-574bff445c-tbr78,2,182
10:29:44,150u,cartservice-765b6959c9-bcmfz,65,163
10:29:44,150u,cartservice-765b6959c9-n6fwn,2,113
10:29:44,150u,cartservice-765b6959c9-qnq65,2,110
10:29:44,150u,checkoutservice-5b6d96c9b7-6fth9,1,20
10:29:44,150u,checkoutservice-5b6d96c9b7-9bqv8,12,38
10:29:44,150u,checkoutservice-5b6d96c9b7-j6swl,1,16
10:29:44,150u,currencyservice-7c8fc8fc9c-9dtdc,21,107
10:29:44,150u,currencyservice-7c8fc8fc9c-fknl8,5,81
10:29:44,150u,currencyservice-7c8fc8fc9c-vt2gd,108,113
10:29:44,150u,emailservice-66944ff59-8jhrl,3,56
10:29:44,150u,emailservice-66944ff59-xd6ch,9,57
10:29:44,150u,emailservice-66944ff59-xhss4,3,56
10:29:44,150u,frontend-7bd6f45654-8lrp5,96,54
10:29:44,150u,frontend-7bd6f45654-kpk99,66,29
10:29:44,150u,frontend-7bd6f45654-zl99v,25,26
10:29:44,150u,paymentservice-9bfb7bf5-gfxs2,6,126
10:29:44,150u,paymentservice-9bfb7bf5-s8hj7,2,77
10:29:44,150u,paymentservice-9bfb7bf5-t6d8q,2,80
10:29:44,150u,productcatalogservice-65bbf699df-cv7w7,1,20
10:29:44,150u,productcatalogservice-65bbf699df-jvkg4,16,22
10:29:44,150u,productcatalogservice-65bbf699df-vsc98,62,43
10:29:44,150u,recommendationservice-7444754ff5-9t2qj,42,55
10:29:44,150u,recommendationservice-7444754ff5-fthxq,75,81
10:29:44,150u,recommendationservice-7444754ff5-sg55v,3,51
10:29:44,150u,redis-cart-c8ff86559-lhjtw,7,37
10:29:44,150u,shippingservice-f956b6d9f-cdqmk,5,17
10:29:44,150u,shippingservice-f956b6d9f-scpqb,1,16
10:29:44,150u,shippingservice-f956b6d9f-z5rrl,9,33
10:29:54,150u,adservice-574bff445c-dq4dw,33,281
10:29:54,150u,adservice-574bff445c-jc7m4,2,172
10:29:54,150u,adservice-574bff445c-tbr78,2,182
10:29:54,150u,cartservice-765b6959c9-bcmfz,65,163
10:29:54,150u,cartservice-765b6959c9-n6fwn,2,113
10:29:54,150u,cartservice-765b6959c9-qnq65,2,110
10:29:54,150u,checkoutservice-5b6d96c9b7-6fth9,1,20
10:29:54,150u,checkoutservice-5b6d96c9b7-9bqv8,12,38
10:29:54,150u,checkoutservice-5b6d96c9b7-j6swl,1,16
10:29:54,150u,currencyservice-7c8fc8fc9c-9dtdc,21,107
10:29:54,150u,currencyservice-7c8fc8fc9c-fknl8,5,81
10:29:54,150u,currencyservice-7c8fc8fc9c-vt2gd,108,113
10:29:54,150u,emailservice-66944ff59-8jhrl,3,56
10:29:54,150u,emailservice-66944ff59-xd6ch,9,57
10:29:54,150u,emailservice-66944ff59-xhss4,3,56
10:29:54,150u,frontend-7bd6f45654-8lrp5,96,54
10:29:54,150u,frontend-7bd6f45654-kpk99,66,29
10:29:54,150u,frontend-7bd6f45654-zl99v,25,26
10:29:54,150u,paymentservice-9bfb7bf5-gfxs2,6,126
10:29:54,150u,paymentservice-9bfb7bf5-s8hj7,2,77
10:29:54,150u,paymentservice-9bfb7bf5-t6d8q,2,80
10:29:54,150u,productcatalogservice-65bbf699df-cv7w7,1,20
10:29:54,150u,productcatalogservice-65bbf699df-jvkg4,16,22
10:29:54,150u,productcatalogservice-65bbf699df-vsc98,62,43
10:29:54,150u,recommendationservice-7444754ff5-9t2qj,42,55
10:29:54,150u,recommendationservice-7444754ff5-fthxq,75,81
10:29:54,150u,recommendationservice-7444754ff5-sg55v,3,51
10:29:54,150u,redis-cart-c8ff86559-lhjtw,7,37
10:29:54,150u,shippingservice-f956b6d9f-cdqmk,5,17
10:29:54,150u,shippingservice-f956b6d9f-scpqb,1,16
10:29:54,150u,shippingservice-f956b6d9f-z5rrl,9,33
10:30:04,150u,adservice-574bff445c-dq4dw,67,281
10:30:04,150u,adservice-574bff445c-jc7m4,3,172
10:30:04,150u,adservice-574bff445c-tbr78,3,182
10:30:04,150u,cartservice-765b6959c9-bcmfz,132,163
10:30:04,150u,cartservice-765b6959c9-n6fwn,1,113
10:30:04,150u,cartservice-765b6959c9-qnq65,2,110
10:30:04,150u,checkoutservice-5b6d96c9b7-6fth9,7,20
10:30:04,150u,checkoutservice-5b6d96c9b7-9bqv8,24,38
10:30:04,150u,checkoutservice-5b6d96c9b7-j6swl,1,16
10:30:04,150u,currencyservice-7c8fc8fc9c-9dtdc,105,106
10:30:04,150u,currencyservice-7c8fc8fc9c-fknl8,5,83
10:30:04,150u,currencyservice-7c8fc8fc9c-vt2gd,178,113
10:30:04,150u,emailservice-66944ff59-8jhrl,3,56
10:30:04,150u,emailservice-66944ff59-xd6ch,15,57
10:30:04,150u,emailservice-66944ff59-xhss4,3,56
10:30:04,150u,frontend-7bd6f45654-8lrp5,151,54
10:30:04,150u,frontend-7bd6f45654-kpk99,146,30
10:30:04,150u,frontend-7bd6f45654-zl99v,124,27
10:30:04,150u,paymentservice-9bfb7bf5-gfxs2,9,126
10:30:04,150u,paymentservice-9bfb7bf5-s8hj7,4,77
10:30:04,150u,paymentservice-9bfb7bf5-t6d8q,1,80
10:30:04,150u,productcatalogservice-65bbf699df-cv7w7,2,20
10:30:04,150u,productcatalogservice-65bbf699df-jvkg4,61,22
10:30:04,150u,productcatalogservice-65bbf699df-vsc98,117,43
10:30:04,150u,recommendationservice-7444754ff5-9t2qj,104,55
10:30:04,150u,recommendationservice-7444754ff5-fthxq,175,81
10:30:04,150u,recommendationservice-7444754ff5-sg55v,3,51
10:30:04,150u,redis-cart-c8ff86559-lhjtw,10,37
10:30:04,150u,shippingservice-f956b6d9f-cdqmk,13,17
10:30:04,150u,shippingservice-f956b6d9f-scpqb,1,16
10:30:04,150u,shippingservice-f956b6d9f-z5rrl,15,33
10:30:15,150u,adservice-574bff445c-dq4dw,37,281
10:30:15,150u,adservice-574bff445c-jc7m4,5,172
10:30:15,150u,adservice-574bff445c-tbr78,6,182
10:30:15,150u,cartservice-765b6959c9-bcmfz,89,163
10:30:15,150u,cartservice-765b6959c9-n6fwn,2,113
10:30:15,150u,cartservice-765b6959c9-qnq65,2,110
10:30:15,150u,checkoutservice-5b6d96c9b7-6fth9,7,20
10:30:15,150u,checkoutservice-5b6d96c9b7-9bqv8,11,38
10:30:15,150u,checkoutservice-5b6d96c9b7-j6swl,1,16
10:30:15,150u,currencyservice-7c8fc8fc9c-9dtdc,60,106
10:30:15,150u,currencyservice-7c8fc8fc9c-fknl8,3,83
10:30:15,150u,currencyservice-7c8fc8fc9c-vt2gd,104,112
10:30:15,150u,emailservice-66944ff59-8jhrl,3,56
10:30:15,150u,emailservice-66944ff59-xd6ch,10,57
10:30:15,150u,emailservice-66944ff59-xhss4,3,56
10:30:15,150u,frontend-7bd6f45654-8lrp5,72,54
10:30:15,150u,frontend-7bd6f45654-kpk99,84,30
10:30:15,150u,frontend-7bd6f45654-zl99v,76,26
10:30:15,150u,paymentservice-9bfb7bf5-gfxs2,5,126
10:30:15,150u,paymentservice-9bfb7bf5-s8hj7,4,77
10:30:15,150u,paymentservice-9bfb7bf5-t6d8q,2,80
10:30:15,150u,productcatalogservice-65bbf699df-cv7w7,2,20
10:30:15,150u,productcatalogservice-65bbf699df-jvkg4,37,22
10:30:15,150u,productcatalogservice-65bbf699df-vsc98,63,43
10:30:15,150u,recommendationservice-7444754ff5-9t2qj,58,55
10:30:15,150u,recommendationservice-7444754ff5-fthxq,93,81
10:30:15,150u,recommendationservice-7444754ff5-sg55v,3,51
10:30:15,150u,redis-cart-c8ff86559-lhjtw,7,37
10:30:15,150u,shippingservice-f956b6d9f-cdqmk,9,17
10:30:15,150u,shippingservice-f956b6d9f-scpqb,1,16
10:30:15,150u,shippingservice-f956b6d9f-z5rrl,8,33
10:30:25,150u,adservice-574bff445c-dq4dw,37,281
10:30:25,150u,adservice-574bff445c-jc7m4,5,172
10:30:25,150u,adservice-574bff445c-tbr78,6,182
10:30:25,150u,cartservice-765b6959c9-bcmfz,89,163
10:30:25,150u,cartservice-765b6959c9-n6fwn,2,113
10:30:25,150u,cartservice-765b6959c9-qnq65,2,110
10:30:25,150u,checkoutservice-5b6d96c9b7-6fth9,7,20
10:30:25,150u,checkoutservice-5b6d96c9b7-9bqv8,11,38
10:30:25,150u,checkoutservice-5b6d96c9b7-j6swl,1,16
10:30:25,150u,currencyservice-7c8fc8fc9c-9dtdc,60,106
10:30:25,150u,currencyservice-7c8fc8fc9c-fknl8,3,83
10:30:25,150u,currencyservice-7c8fc8fc9c-vt2gd,104,112
10:30:25,150u,emailservice-66944ff59-8jhrl,3,56
10:30:25,150u,emailservice-66944ff59-xd6ch,10,57
10:30:25,150u,emailservice-66944ff59-xhss4,3,56
10:30:25,150u,frontend-7bd6f45654-8lrp5,72,54
10:30:25,150u,frontend-7bd6f45654-kpk99,84,30
10:30:25,150u,frontend-7bd6f45654-zl99v,76,26
10:30:25,150u,paymentservice-9bfb7bf5-gfxs2,5,126
10:30:25,150u,paymentservice-9bfb7bf5-s8hj7,4,77
10:30:25,150u,paymentservice-9bfb7bf5-t6d8q,2,80
10:30:25,150u,productcatalogservice-65bbf699df-cv7w7,2,20
10:30:25,150u,productcatalogservice-65bbf699df-jvkg4,37,22
10:30:25,150u,productcatalogservice-65bbf699df-vsc98,63,43
10:30:25,150u,recommendationservice-7444754ff5-9t2qj,58,55
10:30:25,150u,recommendationservice-7444754ff5-fthxq,93,81
10:30:25,150u,recommendationservice-7444754ff5-sg55v,3,51
10:30:25,150u,redis-cart-c8ff86559-lhjtw,7,37
10:30:25,150u,shippingservice-f956b6d9f-cdqmk,9,17
10:30:25,150u,shippingservice-f956b6d9f-scpqb,1,16
10:30:25,150u,shippingservice-f956b6d9f-z5rrl,8,33
10:30:35,150u,adservice-574bff445c-dq4dw,74,281
10:30:35,150u,adservice-574bff445c-jc7m4,3,172
10:30:35,150u,adservice-574bff445c-tbr78,3,182
10:30:35,150u,cartservice-765b6959c9-bcmfz,152,163
10:30:35,150u,cartservice-765b6959c9-n6fwn,1,113
10:30:35,150u,cartservice-765b6959c9-qnq65,1,110
10:30:35,150u,checkoutservice-5b6d96c9b7-6fth9,14,20
10:30:35,150u,checkoutservice-5b6d96c9b7-9bqv8,22,38
10:30:35,150u,checkoutservice-5b6d96c9b7-j6swl,1,16
10:30:35,150u,currencyservice-7c8fc8fc9c-9dtdc,122,107
10:30:35,150u,currencyservice-7c8fc8fc9c-fknl8,2,83
10:30:35,150u,currencyservice-7c8fc8fc9c-vt2gd,188,115
10:30:35,150u,emailservice-66944ff59-8jhrl,3,56
10:30:35,150u,emailservice-66944ff59-xd6ch,16,57
10:30:35,150u,emailservice-66944ff59-xhss4,4,56
10:30:35,150u,frontend-7bd6f45654-8lrp5,142,54
10:30:35,150u,frontend-7bd6f45654-kpk99,169,30
10:30:35,150u,frontend-7bd6f45654-zl99v,152,27
10:30:35,150u,paymentservice-9bfb7bf5-gfxs2,9,126
10:30:35,150u,paymentservice-9bfb7bf5-s8hj7,6,77
10:30:35,150u,paymentservice-9bfb7bf5-t6d8q,1,80
10:30:35,150u,productcatalogservice-65bbf699df-cv7w7,4,20
10:30:35,150u,productcatalogservice-65bbf699df-jvkg4,73,22
10:30:35,150u,productcatalogservice-65bbf699df-vsc98,123,43
10:30:35,150u,recommendationservice-7444754ff5-9t2qj,116,55
10:30:35,150u,recommendationservice-7444754ff5-fthxq,190,81
10:30:35,150u,recommendationservice-7444754ff5-sg55v,3,51
10:30:35,150u,redis-cart-c8ff86559-lhjtw,11,37
10:30:35,150u,shippingservice-f956b6d9f-cdqmk,15,17
10:30:35,150u,shippingservice-f956b6d9f-scpqb,1,16
10:30:35,150u,shippingservice-f956b6d9f-z5rrl,15,34
10:30:45,150u,adservice-574bff445c-dq4dw,90,282
10:30:45,150u,adservice-574bff445c-jc7m4,3,172
10:30:45,150u,adservice-574bff445c-tbr78,3,182
10:30:45,150u,cartservice-765b6959c9-bcmfz,157,163
10:30:45,150u,cartservice-765b6959c9-n6fwn,2,113
10:30:45,150u,cartservice-765b6959c9-qnq65,2,110
10:30:45,150u,checkoutservice-5b6d96c9b7-6fth9,14,20
10:30:45,150u,checkoutservice-5b6d96c9b7-9bqv8,27,38
10:30:45,150u,checkoutservice-5b6d96c9b7-j6swl,1,16
10:30:45,150u,currencyservice-7c8fc8fc9c-9dtdc,134,108
10:30:45,150u,currencyservice-7c8fc8fc9c-fknl8,1,83
10:30:45,150u,currencyservice-7c8fc8fc9c-vt2gd,199,115
10:30:45,150u,emailservice-66944ff59-8jhrl,3,56
10:30:45,150u,emailservice-66944ff59-xd6ch,18,57
10:30:45,150u,emailservice-66944ff59-xhss4,3,56
10:30:45,150u,frontend-7bd6f45654-8lrp5,141,55
10:30:45,150u,frontend-7bd6f45654-kpk99,194,31
10:30:45,150u,frontend-7bd6f45654-zl99v,167,28
10:30:45,150u,paymentservice-9bfb7bf5-gfxs2,9,126
10:30:45,150u,paymentservice-9bfb7bf5-s8hj7,6,77
10:30:45,150u,paymentservice-9bfb7bf5-t6d8q,1,80
10:30:45,150u,productcatalogservice-65bbf699df-cv7w7,4,20
10:30:45,150u,productcatalogservice-65bbf699df-jvkg4,84,22
10:30:45,150u,productcatalogservice-65bbf699df-vsc98,139,44
10:30:45,150u,recommendationservice-7444754ff5-9t2qj,175,55
10:30:45,150u,recommendationservice-7444754ff5-fthxq,201,82
10:30:45,150u,recommendationservice-7444754ff5-sg55v,3,51
10:30:45,150u,redis-cart-c8ff86559-lhjtw,13,37
10:30:45,150u,shippingservice-f956b6d9f-cdqmk,18,17
10:30:45,150u,shippingservice-f956b6d9f-scpqb,1,16
10:30:45,150u,shippingservice-f956b6d9f-z5rrl,16,33
10:30:55,150u,adservice-574bff445c-dq4dw,90,282
10:30:55,150u,adservice-574bff445c-jc7m4,3,172
10:30:55,150u,adservice-574bff445c-tbr78,3,182
10:30:55,150u,cartservice-765b6959c9-bcmfz,157,163
10:30:55,150u,cartservice-765b6959c9-n6fwn,2,113
10:30:55,150u,cartservice-765b6959c9-qnq65,2,110
10:30:55,150u,checkoutservice-5b6d96c9b7-6fth9,14,20
10:30:55,150u,checkoutservice-5b6d96c9b7-9bqv8,27,38
10:30:55,150u,checkoutservice-5b6d96c9b7-j6swl,1,16
10:30:55,150u,currencyservice-7c8fc8fc9c-9dtdc,134,108
10:30:55,150u,currencyservice-7c8fc8fc9c-fknl8,1,83
10:30:55,150u,currencyservice-7c8fc8fc9c-vt2gd,199,115
10:30:55,150u,emailservice-66944ff59-8jhrl,3,56
10:30:55,150u,emailservice-66944ff59-xd6ch,18,57
10:30:55,150u,emailservice-66944ff59-xhss4,3,56
10:30:55,150u,frontend-7bd6f45654-8lrp5,141,55
10:30:55,150u,frontend-7bd6f45654-kpk99,194,31
10:30:55,150u,frontend-7bd6f45654-zl99v,167,28
10:30:55,150u,paymentservice-9bfb7bf5-gfxs2,9,126
10:30:55,150u,paymentservice-9bfb7bf5-s8hj7,6,77
10:30:55,150u,paymentservice-9bfb7bf5-t6d8q,1,80
10:30:55,150u,productcatalogservice-65bbf699df-cv7w7,4,20
10:30:55,150u,productcatalogservice-65bbf699df-jvkg4,84,22
10:30:55,150u,productcatalogservice-65bbf699df-vsc98,139,44
10:30:55,150u,recommendationservice-7444754ff5-9t2qj,175,55
10:30:55,150u,recommendationservice-7444754ff5-fthxq,201,82
10:30:55,150u,recommendationservice-7444754ff5-sg55v,3,51
10:30:55,150u,redis-cart-c8ff86559-lhjtw,13,37
10:30:55,150u,shippingservice-f956b6d9f-cdqmk,18,17
10:30:55,150u,shippingservice-f956b6d9f-scpqb,1,16
10:30:55,150u,shippingservice-f956b6d9f-z5rrl,16,33
10:31:06,150u,adservice-574bff445c-dq4dw,93,282
10:31:06,150u,adservice-574bff445c-jc7m4,4,172
10:31:06,150u,adservice-574bff445c-tbr78,4,182
10:31:06,150u,cartservice-765b6959c9-bcmfz,166,163
10:31:06,150u,cartservice-765b6959c9-n6fwn,1,113
10:31:06,150u,cartservice-765b6959c9-qnq65,2,110
10:31:06,150u,checkoutservice-5b6d96c9b7-6fth9,15,20
10:31:06,150u,checkoutservice-5b6d96c9b7-9bqv8,33,38
10:31:06,150u,checkoutservice-5b6d96c9b7-j6swl,1,16
10:31:06,150u,currencyservice-7c8fc8fc9c-9dtdc,145,109
10:31:06,150u,currencyservice-7c8fc8fc9c-fknl8,2,84
10:31:06,150u,currencyservice-7c8fc8fc9c-vt2gd,198,117
10:31:06,150u,emailservice-66944ff59-8jhrl,3,56
10:31:06,150u,emailservice-66944ff59-xd6ch,21,57
10:31:06,150u,emailservice-66944ff59-xhss4,3,56
10:31:06,150u,frontend-7bd6f45654-8lrp5,137,55
10:31:06,150u,frontend-7bd6f45654-kpk99,197,31
10:31:06,150u,frontend-7bd6f45654-zl99v,172,28
10:31:06,150u,paymentservice-9bfb7bf5-gfxs2,11,126
10:31:06,150u,paymentservice-9bfb7bf5-s8hj7,6,77
10:31:06,150u,paymentservice-9bfb7bf5-t6d8q,1,80
10:31:06,150u,productcatalogservice-65bbf699df-cv7w7,4,20
10:31:06,150u,productcatalogservice-65bbf699df-jvkg4,87,22
10:31:06,150u,productcatalogservice-65bbf699df-vsc98,138,44
10:31:06,150u,recommendationservice-7444754ff5-9t2qj,193,55
10:31:06,150u,recommendationservice-7444754ff5-fthxq,199,82
10:31:06,150u,recommendationservice-7444754ff5-sg55v,3,51
10:31:06,150u,redis-cart-c8ff86559-lhjtw,13,37
10:31:06,150u,shippingservice-f956b6d9f-cdqmk,21,17
10:31:06,150u,shippingservice-f956b6d9f-scpqb,1,16
10:31:06,150u,shippingservice-f956b6d9f-z5rrl,17,33
10:31:16,150u,adservice-574bff445c-dq4dw,93,282
10:31:16,150u,adservice-574bff445c-jc7m4,3,172
10:31:16,150u,adservice-574bff445c-tbr78,4,182
10:31:16,150u,cartservice-765b6959c9-bcmfz,135,163
10:31:16,150u,cartservice-765b6959c9-n6fwn,1,113
10:31:16,150u,cartservice-765b6959c9-qnq65,1,110
10:31:16,150u,checkoutservice-5b6d96c9b7-6fth9,8,20
10:31:16,150u,checkoutservice-5b6d96c9b7-9bqv8,30,38
10:31:16,150u,checkoutservice-5b6d96c9b7-j6swl,1,16
10:31:16,150u,currencyservice-7c8fc8fc9c-9dtdc,120,111
10:31:16,150u,currencyservice-7c8fc8fc9c-fknl8,1,84
10:31:16,150u,currencyservice-7c8fc8fc9c-vt2gd,187,117
10:31:16,150u,emailservice-66944ff59-8jhrl,3,56
10:31:16,150u,emailservice-66944ff59-xd6ch,18,57
10:31:16,150u,emailservice-66944ff59-xhss4,3,56
10:31:16,150u,frontend-7bd6f45654-8lrp5,149,55
10:31:16,150u,frontend-7bd6f45654-kpk99,183,34
10:31:16,150u,frontend-7bd6f45654-zl99v,150,28
10:31:16,150u,paymentservice-9bfb7bf5-gfxs2,10,126
10:31:16,150u,paymentservice-9bfb7bf5-s8hj7,4,77
10:31:16,150u,paymentservice-9bfb7bf5-t6d8q,1,80
10:31:16,150u,productcatalogservice-65bbf699df-cv7w7,3,20
10:31:16,150u,productcatalogservice-65bbf699df-jvkg4,79,22
10:31:16,150u,productcatalogservice-65bbf699df-vsc98,134,43
10:31:16,150u,recommendationservice-7444754ff5-9t2qj,180,55
10:31:16,150u,recommendationservice-7444754ff5-fthxq,200,82
10:31:16,150u,recommendationservice-7444754ff5-sg55v,3,51
10:31:16,150u,redis-cart-c8ff86559-lhjtw,12,37
10:31:16,150u,shippingservice-f956b6d9f-cdqmk,16,17
10:31:16,150u,shippingservice-f956b6d9f-scpqb,1,16
10:31:16,150u,shippingservice-f956b6d9f-z5rrl,15,33
10:31:26,150u,adservice-574bff445c-dq4dw,93,282
10:31:26,150u,adservice-574bff445c-jc7m4,3,172
10:31:26,150u,adservice-574bff445c-tbr78,4,182
10:31:26,150u,cartservice-765b6959c9-bcmfz,135,163
10:31:26,150u,cartservice-765b6959c9-n6fwn,1,113
10:31:26,150u,cartservice-765b6959c9-qnq65,1,110
10:31:26,150u,checkoutservice-5b6d96c9b7-6fth9,8,20
10:31:26,150u,checkoutservice-5b6d96c9b7-9bqv8,30,38
10:31:26,150u,checkoutservice-5b6d96c9b7-j6swl,1,16
10:31:26,150u,currencyservice-7c8fc8fc9c-9dtdc,120,111
10:31:26,150u,currencyservice-7c8fc8fc9c-fknl8,1,84
10:31:26,150u,currencyservice-7c8fc8fc9c-vt2gd,187,117
10:31:26,150u,emailservice-66944ff59-8jhrl,3,56
10:31:26,150u,emailservice-66944ff59-xd6ch,18,57
10:31:26,150u,emailservice-66944ff59-xhss4,3,56
10:31:26,150u,frontend-7bd6f45654-8lrp5,149,55
10:31:26,150u,frontend-7bd6f45654-kpk99,183,34
10:31:26,150u,frontend-7bd6f45654-zl99v,150,28
10:31:26,150u,paymentservice-9bfb7bf5-gfxs2,10,126
10:31:26,150u,paymentservice-9bfb7bf5-s8hj7,4,77
10:31:26,150u,paymentservice-9bfb7bf5-t6d8q,1,80
10:31:26,150u,productcatalogservice-65bbf699df-cv7w7,3,20
10:31:26,150u,productcatalogservice-65bbf699df-jvkg4,79,22
10:31:26,150u,productcatalogservice-65bbf699df-vsc98,134,43
10:31:26,150u,recommendationservice-7444754ff5-9t2qj,180,55
10:31:26,150u,recommendationservice-7444754ff5-fthxq,200,82
10:31:26,150u,recommendationservice-7444754ff5-sg55v,3,51
10:31:26,150u,redis-cart-c8ff86559-lhjtw,12,37
10:31:26,150u,shippingservice-f956b6d9f-cdqmk,16,17
10:31:26,150u,shippingservice-f956b6d9f-scpqb,1,16
10:31:26,150u,shippingservice-f956b6d9f-z5rrl,15,33
10:31:36,150u,adservice-574bff445c-dq4dw,102,283
10:31:36,150u,adservice-574bff445c-jc7m4,3,172
10:31:36,150u,adservice-574bff445c-tbr78,3,182
10:31:36,150u,cartservice-765b6959c9-bcmfz,153,163
10:31:36,150u,cartservice-765b6959c9-n6fwn,1,113
10:31:36,150u,cartservice-765b6959c9-qnq65,2,110
10:31:36,150u,checkoutservice-5b6d96c9b7-6fth9,9,20
10:31:36,150u,checkoutservice-5b6d96c9b7-9bqv8,29,38
10:31:36,150u,checkoutservice-5b6d96c9b7-j6swl,1,16
10:31:36,150u,currencyservice-7c8fc8fc9c-9dtdc,126,111
10:31:36,150u,currencyservice-7c8fc8fc9c-fknl8,6,83
10:31:36,150u,currencyservice-7c8fc8fc9c-vt2gd,197,120
10:31:36,150u,emailservice-66944ff59-8jhrl,3,56
10:31:36,150u,emailservice-66944ff59-xd6ch,17,57
10:31:36,150u,emailservice-66944ff59-xhss4,3,56
10:31:36,150u,frontend-7bd6f45654-8lrp5,146,56
10:31:36,150u,frontend-7bd6f45654-kpk99,195,32
10:31:36,150u,frontend-7bd6f45654-zl99v,156,29
10:31:36,150u,paymentservice-9bfb7bf5-gfxs2,9,126
10:31:36,150u,paymentservice-9bfb7bf5-s8hj7,4,77
10:31:36,150u,paymentservice-9bfb7bf5-t6d8q,1,80
10:31:36,150u,productcatalogservice-65bbf699df-cv7w7,3,20
10:31:36,150u,productcatalogservice-65bbf699df-jvkg4,78,22
10:31:36,150u,productcatalogservice-65bbf699df-vsc98,134,43
10:31:36,150u,recommendationservice-7444754ff5-9t2qj,197,55
10:31:36,150u,recommendationservice-7444754ff5-fthxq,199,82
10:31:36,150u,recommendationservice-7444754ff5-sg55v,3,51
10:31:36,150u,redis-cart-c8ff86559-lhjtw,13,37
10:31:36,150u,shippingservice-f956b6d9f-cdqmk,18,17
10:31:36,150u,shippingservice-f956b6d9f-scpqb,1,16
10:31:36,150u,shippingservice-f956b6d9f-z5rrl,15,34
10:31:46,150u,adservice-574bff445c-dq4dw,94,283
10:31:46,150u,adservice-574bff445c-jc7m4,3,173
10:31:46,150u,adservice-574bff445c-tbr78,2,182
10:31:46,150u,cartservice-765b6959c9-bcmfz,156,163
10:31:46,150u,cartservice-765b6959c9-n6fwn,2,113
10:31:46,150u,cartservice-765b6959c9-qnq65,1,110
10:31:46,150u,checkoutservice-5b6d96c9b7-6fth9,13,20
10:31:46,150u,checkoutservice-5b6d96c9b7-9bqv8,29,38
10:31:46,150u,checkoutservice-5b6d96c9b7-j6swl,1,16
10:31:46,150u,currencyservice-7c8fc8fc9c-9dtdc,127,112
10:31:46,150u,currencyservice-7c8fc8fc9c-fknl8,2,83
10:31:46,150u,currencyservice-7c8fc8fc9c-vt2gd,199,122
10:31:46,150u,emailservice-66944ff59-8jhrl,3,56
10:31:46,150u,emailservice-66944ff59-xd6ch,18,57
10:31:46,150u,emailservice-66944ff59-xhss4,3,56
10:31:46,150u,frontend-7bd6f45654-8lrp5,144,56
10:31:46,150u,frontend-7bd6f45654-kpk99,197,32
10:31:46,150u,frontend-7bd6f45654-zl99v,152,29
10:31:46,150u,paymentservice-9bfb7bf5-gfxs2,10,126
10:31:46,150u,paymentservice-9bfb7bf5-s8hj7,6,77
10:31:46,150u,paymentservice-9bfb7bf5-t6d8q,1,80
10:31:46,150u,productcatalogservice-65bbf699df-cv7w7,4,20
10:31:46,150u,productcatalogservice-65bbf699df-jvkg4,76,22
10:31:46,150u,productcatalogservice-65bbf699df-vsc98,134,44
10:31:46,150u,recommendationservice-7444754ff5-9t2qj,197,55
10:31:46,150u,recommendationservice-7444754ff5-fthxq,199,82
10:31:46,150u,recommendationservice-7444754ff5-sg55v,3,51
10:31:46,150u,redis-cart-c8ff86559-lhjtw,12,37
10:31:46,150u,shippingservice-f956b6d9f-cdqmk,17,17
10:31:46,150u,shippingservice-f956b6d9f-scpqb,1,16
10:31:46,150u,shippingservice-f956b6d9f-z5rrl,16,33
10:31:57,150u,adservice-574bff445c-dq4dw,94,283
10:31:57,150u,adservice-574bff445c-jc7m4,3,173
10:31:57,150u,adservice-574bff445c-tbr78,2,182
10:31:57,150u,cartservice-765b6959c9-bcmfz,156,163
10:31:57,150u,cartservice-765b6959c9-n6fwn,2,113
10:31:57,150u,cartservice-765b6959c9-qnq65,1,110
10:31:57,150u,checkoutservice-5b6d96c9b7-6fth9,13,20
10:31:57,150u,checkoutservice-5b6d96c9b7-9bqv8,29,38
10:31:57,150u,checkoutservice-5b6d96c9b7-j6swl,1,16
10:31:57,150u,currencyservice-7c8fc8fc9c-9dtdc,127,112
10:31:57,150u,currencyservice-7c8fc8fc9c-fknl8,2,83
10:31:57,150u,currencyservice-7c8fc8fc9c-vt2gd,199,122
10:31:57,150u,emailservice-66944ff59-8jhrl,3,56
10:31:57,150u,emailservice-66944ff59-xd6ch,18,57
10:31:57,150u,emailservice-66944ff59-xhss4,3,56
10:31:57,150u,frontend-7bd6f45654-8lrp5,144,56
10:31:57,150u,frontend-7bd6f45654-kpk99,197,32
10:31:57,150u,frontend-7bd6f45654-zl99v,152,29
10:31:57,150u,paymentservice-9bfb7bf5-gfxs2,10,126
10:31:57,150u,paymentservice-9bfb7bf5-s8hj7,6,77
10:31:57,150u,paymentservice-9bfb7bf5-t6d8q,1,80
10:31:57,150u,productcatalogservice-65bbf699df-cv7w7,4,20
10:31:57,150u,productcatalogservice-65bbf699df-jvkg4,76,22
10:31:57,150u,productcatalogservice-65bbf699df-vsc98,134,44
10:31:57,150u,recommendationservice-7444754ff5-9t2qj,197,55
10:31:57,150u,recommendationservice-7444754ff5-fthxq,199,82
10:31:57,150u,recommendationservice-7444754ff5-sg55v,3,51
10:31:57,150u,redis-cart-c8ff86559-lhjtw,12,37
10:31:57,150u,shippingservice-f956b6d9f-cdqmk,17,17
10:31:57,150u,shippingservice-f956b6d9f-scpqb,1,16
10:31:57,150u,shippingservice-f956b6d9f-z5rrl,16,33
