/Users/edias/Library/Python/3.9/lib/python/site-packages/urllib3/__init__.py:35: NotOpenSSLWarning: urllib3 v2 only supports OpenSSL 1.1.1+, currently the 'ssl' module is compiled with 'LibreSSL 2.8.3'. See: https://github.com/urllib3/urllib3/issues/3020
  warnings.warn(
/Users/edias/Library/Python/3.9/lib/python/site-packages/urllib3/__init__.py:35: NotOpenSSLWarning: urllib3 v2 only supports OpenSSL 1.1.1+, currently the 'ssl' module is compiled with 'LibreSSL 2.8.3'. See: https://github.com/urllib3/urllib3/issues/3020
  warnings.warn(
[2026-04-19 18:02:54,477] Mac/WARNING/locust.main: Python 3.9 support is deprecated and will be removed soon
[2026-04-19 18:02:54,477] Mac/WARNING/locust.main: Python 3.9 support is deprecated and will be removed soon
Type     Name                    # reqs      # fails |    Avg     Min     Max    Med |   req/s  failures/s
Type     Name                                                                          # reqs      # fails |    Avg     Min     Max    Med |   req/s  failures/s
--------|----------------------|-------|-------------|-------|-------|-------|-------|--------|-----------
--------|----------------------------------------------------------------------------|-------|-------------|-------|-------|-------|-------|--------|-----------
--------|----------------------|-------|-------------|-------|-------|-------|-------|--------|-----------
--------|----------------------------------------------------------------------------|-------|-------------|-------|-------|-------|-------|--------|-----------
         Aggregated                   0     0(0.00%) |      0       0       0      0 |    0.00        0.00
         Aggregated                                                                         0     0(0.00%) |      0       0       0      0 |    0.00        0.00


Type     Name                    # reqs      # fails |    Avg     Min     Max    Med |   req/s  failures/s
--------|----------------------|-------|-------------|-------|-------|-------|-------|--------|-----------
GET      /                            2     0(0.00%) |     26      23      29     24 |    0.00        0.00
GET      /cart                        1     0(0.00%) |     11      11      11     11 |    0.00        0.00
POST     /cart [add]                  1     0(0.00%) |     16      16      16     16 |    0.00        0.00
--------|----------------------|-------|-------------|-------|-------|-------|-------|--------|-----------
         Aggregated                   4     0(0.00%) |     20      11      29     16 |    0.00        0.00

Type     Name                                                                          # reqs      # fails |    Avg     Min     Max    Med |   req/s  failures/s
--------|----------------------------------------------------------------------------|-------|-------------|-------|-------|-------|-------|--------|-----------
POST     /cart [add]                                                                        1     0(0.00%) |     16      16      16     16 |    0.00        0.00
GET      /product/[id]                                                                      3     0(0.00%) |     16      13      20     15 |    0.00        0.00
--------|----------------------------------------------------------------------------|-------|-------------|-------|-------|-------|-------|--------|-----------
         Aggregated                                                                         4     0(0.00%) |     16      13      20     15 |    0.00        0.00

Type     Name                    # reqs      # fails |    Avg     Min     Max    Med |   req/s  failures/s
--------|----------------------|-------|-------------|-------|-------|-------|-------|--------|-----------
GET      /                            3     0(0.00%) |     24      20      29     24 |    1.00        0.00
GET      /cart                        2     0(0.00%) |     19      11      27     12 |    0.50        0.00
POST     /cart [add]                  2     0(0.00%) |     55      16      95     16 |    0.50        0.00
GET      /product/[id]                5     0(0.00%) |     42      14      91     30 |    0.00        0.00
POST     /setCurrency                 1     0(0.00%) |     40      40      40     40 |    0.00        0.00
--------|----------------------|-------|-------------|-------|-------|-------|-------|--------|-----------
         Aggregated                  13     0(0.00%) |     36      11      95     27 |    2.00        0.00

Type     Name                                                                          # reqs      # fails |    Avg     Min     Max    Med |   req/s  failures/s
--------|----------------------------------------------------------------------------|-------|-------------|-------|-------|-------|-------|--------|-----------
POST     /cart [add]                                                                        2     0(0.00%) |     17      16      17     17 |    0.00        0.00
POST     /cart/checkout                                                                     1     0(0.00%) |     14      14      14     14 |    0.00        0.00
GET      /product/[id]                                                                      7     0(0.00%) |     32      13     105     21 |    2.00        0.00
--------|----------------------------------------------------------------------------|-------|-------------|-------|-------|-------|-------|--------|-----------
         Aggregated                                                                        10     0(0.00%) |     28      13     105     17 |    2.00        0.00

Type     Name                    # reqs      # fails |    Avg     Min     Max    Med |   req/s  failures/s
--------|----------------------|-------|-------------|-------|-------|-------|-------|--------|-----------
GET      /                            3     0(0.00%) |     24      20      29     24 |    0.75        0.00
GET      /cart                        2     0(0.00%) |     19      11      27     12 |    0.50        0.00
POST     /cart [add]                  3     0(0.00%) |    342      16     916     95 |    0.50        0.00
GET      /product/[id]               11     0(0.00%) |    267      14     913     63 |    1.25        0.00
POST     /setCurrency                 2     0(0.00%) |     29      19      40     19 |    0.00        0.00
--------|----------------------|-------|-------------|-------|-------|-------|-------|--------|-----------
         Aggregated                  21     0(0.00%) |    197      11     916     29 |    3.00        0.00

Type     Name                                                                          # reqs      # fails |    Avg     Min     Max    Med |   req/s  failures/s
--------|----------------------------------------------------------------------------|-------|-------------|-------|-------|-------|-------|--------|-----------
POST     /cart [add]                                                                        3     0(0.00%) |    457      16    1338     18 |    0.50        0.00
POST     /cart/checkout                                                                     1     0(0.00%) |     14      14      14     14 |    0.25        0.00
GET      /product/[id]                                                                     13     0(0.00%) |    180      10     911     27 |    1.75        0.00
POST     /setCurrency                                                                       1     0(0.00%) |    294     294     294    294 |    0.00        0.00
--------|----------------------------------------------------------------------------|-------|-------------|-------|-------|-------|-------|--------|-----------
         Aggregated                                                                        18     0(0.00%) |    223      10    1338     24 |    2.50        0.00

Type     Name                                                                          # reqs      # fails |    Avg     Min     Max    Med |   req/s  failures/s
--------|----------------------------------------------------------------------------|-------|-------------|-------|-------|-------|-------|--------|-----------
GET      /cart                                                                              1     0(0.00%) |     12      12      12     12 |    0.00        0.00
POST     /cart [add]                                                                        5     0(0.00%) |    380      16    1338     18 |    0.33        0.00
POST     /cart/checkout                                                                     1     0(0.00%) |     14      14      14     14 |    0.17        0.00
GET      /product/[id]                                                                     23     0(0.00%) |    107       9     911     14 |    1.67        0.00
POST     /setCurrency                                                                       1     0(0.00%) |    294     294     294    294 |    0.17        0.00
--------|----------------------------------------------------------------------------|-------|-------------|-------|-------|-------|-------|--------|-----------
         Aggregated                                                                        31     0(0.00%) |    151       9    1338     17 |    2.33        0.00

Type     Name                    # reqs      # fails |    Avg     Min     Max    Med |   req/s  failures/s
--------|----------------------|-------|-------------|-------|-------|-------|-------|--------|-----------
GET      /                            3     0(0.00%) |     24      20      29     24 |    0.50        0.00
GET      /cart                        6     0(0.00%) |     17      11      27     12 |    0.33        0.00
POST     /cart [add]                  4     0(0.00%) |    260      12     916     16 |    0.33        0.00
POST     /cart/checkout               1     0(0.00%) |     85      85      85     85 |    0.00        0.00
GET      /product/[id]               16     0(0.00%) |    187       9     913     29 |    1.50        0.00
POST     /setCurrency                 3     0(0.00%) |     25      17      40     19 |    0.17        0.00
--------|----------------------|-------|-------------|-------|-------|-------|-------|--------|-----------
         Aggregated                  33     0(0.00%) |    132       9     916     24 |    2.83        0.00

Type     Name                                                                          # reqs      # fails |    Avg     Min     Max    Med |   req/s  failures/s
--------|----------------------------------------------------------------------------|-------|-------------|-------|-------|-------|-------|--------|-----------
GET      /cart                                                                              4     0(0.00%) |     26      10      64     13 |    0.12        0.00
POST     /cart [add]                                                                        7     0(0.00%) |    276      15    1338     18 |    0.62        0.00
POST     /cart/checkout                                                                     2     0(0.00%) |     15      14      16     15 |    0.12        0.00
GET      /product/[id]                                                                     31     0(0.00%) |     84       9     911     15 |    2.75        0.00
POST     /setCurrency                                                                       2     0(0.00%) |    156      18     294     19 |    0.12        0.00
--------|----------------------------------------------------------------------------|-------|-------------|-------|-------|-------|-------|--------|-----------
         Aggregated                                                                        46     0(0.00%) |    108       9    1338     17 |    3.75        0.00

Type     Name                    # reqs      # fails |    Avg     Min     Max    Med |   req/s  failures/s
--------|----------------------|-------|-------------|-------|-------|-------|-------|--------|-----------
GET      /                            4     0(0.00%) |     21      13      29     21 |    0.38        0.00
GET      /cart                        7     0(0.00%) |     15       9      27     12 |    0.62        0.00
POST     /cart [add]                  4     0(0.00%) |    260      12     916     16 |    0.50        0.00
POST     /cart/checkout               1     0(0.00%) |     85      85      85     85 |    0.12        0.00
GET      /product/[id]               25     0(0.00%) |    125       8     913     15 |    2.00        0.00
POST     /setCurrency                 5     0(0.00%) |     26      17      40     20 |    0.38        0.00
--------|----------------------|-------|-------------|-------|-------|-------|-------|--------|-----------
         Aggregated                  46     0(0.00%) |    100       8     916     19 |    4.00        0.00

Type     Name                                                                          # reqs      # fails |    Avg     Min     Max    Med |   req/s  failures/s
--------|----------------------------------------------------------------------------|-------|-------------|-------|-------|-------|-------|--------|-----------
GET      /                                                                                  3     0(0.00%) |     68      20      98     86 |    0.00        0.00
GET      /cart                                                                              6     0(0.00%) |     21       6      64     12 |    0.40        0.00
POST     /cart [add]                                                                       11     0(0.00%) |    183      13    1338     18 |    0.60        0.00
POST     /cart/checkout                                                                     4     0(0.00%) |     30      14      73     17 |    0.20        0.00
GET      /product/[id]                                                                     37     0(0.00%) |     82       9     911     15 |    2.90        0.00
POST     /setCurrency                                                                       4     0(0.00%) |    113      18     294     19 |    0.10        0.00
--------|----------------------------------------------------------------------------|-------|-------------|-------|-------|-------|-------|--------|-----------
         Aggregated                                                                        65     0(0.00%) |     91       6    1338     17 |    4.20        0.00

Type     Name                    # reqs      # fails |    Avg     Min     Max    Med |   req/s  failures/s
--------|----------------------|-------|-------------|-------|-------|-------|-------|--------|-----------
GET      /                            4     0(0.00%) |     21      13      29     21 |    0.40        0.00
GET      /cart                       10     0(0.00%) |     16       9      27     12 |    0.70        0.00
POST     /cart [add]                  7     0(0.00%) |    198      11     916     23 |    0.40        0.00
POST     /cart/checkout               2     0(0.00%) |     49      14      85     14 |    0.10        0.00
GET      /product/[id]               31     0(0.00%) |    108       8     913     21 |    2.30        0.00
POST     /setCurrency                 8     0(0.00%) |     53      17     249     21 |    0.50        0.00
--------|----------------------|-------|-------------|-------|-------|-------|-------|--------|-----------
         Aggregated                  62     0(0.00%) |     89       8     916     20 |    4.40        0.00

Type     Name                                                                          # reqs      # fails |    Avg     Min     Max    Med |   req/s  failures/s
--------|----------------------------------------------------------------------------|-------|-------------|-------|-------|-------|-------|--------|-----------
GET      /                                                                                  3     0(0.00%) |     68      20      98     86 |    0.30        0.00
GET      /cart                                                                              7     0(0.00%) |     20       6      64     13 |    0.50        0.00
POST     /cart [add]                                                                       14     0(0.00%) |    147      13    1338     17 |    0.80        0.00
POST     /cart/checkout                                                                     5     0(0.00%) |     27      13      73     17 |    0.40        0.00
GET      /product/[id]                                                                     45     0(0.00%) |     70       9     911     14 |    3.20        0.00
POST     /setCurrency                                                                       4     0(0.00%) |    113      18     294     19 |    0.40        0.00
--------|----------------------------------------------------------------------------|-------|-------------|-------|-------|-------|-------|--------|-----------
         Aggregated                                                                        78     0(0.00%) |     78       6    1338     17 |    5.60        0.00

Type     Name                    # reqs      # fails |    Avg     Min     Max    Med |   req/s  failures/s
--------|----------------------|-------|-------------|-------|-------|-------|-------|--------|-----------
GET      /                            5     0(0.00%) |     20      13      29     21 |    0.20        0.00
GET      /cart                       11     0(0.00%) |     15       9      27     13 |    0.80        0.00
POST     /cart [add]                 11     0(0.00%) |    133      11     916     21 |    0.50        0.00
POST     /cart/checkout               4     0(0.00%) |     33      13      85     14 |    0.20        0.00
GET      /product/[id]               41     0(0.00%) |     85       8     913     15 |    3.00        0.00
POST     /setCurrency                 8     0(0.00%) |     53      17     249     21 |    0.70        0.00
--------|----------------------|-------|-------------|-------|-------|-------|-------|--------|-----------
         Aggregated                  80     0(0.00%) |     72       8     916     18 |    5.40        0.00

Type     Name                                                                          # reqs      # fails |    Avg     Min     Max    Med |   req/s  failures/s
--------|----------------------------------------------------------------------------|-------|-------------|-------|-------|-------|-------|--------|-----------
GET      /                                                                                  4     0(0.00%) |     54      13      98     21 |    0.30        0.00
GET      /cart                                                                             11     0(0.00%) |     16       6      64     11 |    0.70        0.00
POST     /cart [add]                                                                       17     0(0.00%) |    124      13    1338     17 |    1.10        0.00
POST     /cart/checkout                                                                     7     0(0.00%) |     23      13      73     15 |    0.30        0.00
GET      /product/[id]                                                                     58     0(0.00%) |     56       8     911     13 |    3.60        0.00
POST     /setCurrency                                                                       4     0(0.00%) |    113      18     294     19 |    0.40        0.00
--------|----------------------------------------------------------------------------|-------|-------------|-------|-------|-------|-------|--------|-----------
         Aggregated                                                                       101     0(0.00%) |     63       6    1338     14 |    6.40        0.00

Type     Name                    # reqs      # fails |    Avg     Min     Max    Med |   req/s  failures/s
--------|----------------------|-------|-------------|-------|-------|-------|-------|--------|-----------
GET      /                            5     0(0.00%) |     20      13      29     21 |    0.20        0.00
GET      /cart                       14     0(0.00%) |     16       9      27     13 |    0.80        0.00
POST     /cart [add]                 14     0(0.00%) |    108      11     916     16 |    0.80        0.00
POST     /cart/checkout               5     0(0.00%) |     30      13      85     16 |    0.30        0.00
GET      /product/[id]               49     0(0.00%) |     73       8     913     15 |    3.20        0.00
POST     /setCurrency                10     0(0.00%) |     46      17     249     20 |    0.80        0.00
--------|----------------------|-------|-------------|-------|-------|-------|-------|--------|-----------
         Aggregated                  97     0(0.00%) |     62       8     916     16 |    6.10        0.00

Type     Name                                                                          # reqs      # fails |    Avg     Min     Max    Med |   req/s  failures/s
--------|----------------------------------------------------------------------------|-------|-------------|-------|-------|-------|-------|--------|-----------
GET      /                                                                                  4     0(0.00%) |     54      13      98     21 |    0.30        0.00
GET      /cart                                                                             11     0(0.00%) |     16       6      64     11 |    1.00        0.00
POST     /cart [add]                                                                       22     0(0.00%) |     99      13    1338     16 |    1.40        0.00
POST     /cart/checkout                                                                    10     0(0.00%) |     20      13      73     14 |    0.60        0.00
GET      /product/[id]                                                                     68     0(0.00%) |     50       8     911     13 |    4.60        0.00
POST     /setCurrency                                                                       4     0(0.00%) |    113      18     294     19 |    0.30        0.00
--------|----------------------------------------------------------------------------|-------|-------------|-------|-------|-------|-------|--------|-----------
         Aggregated                                                                       119     0(0.00%) |     56       6    1338     14 |    8.20        0.00

Type     Name                    # reqs      # fails |    Avg     Min     Max    Med |   req/s  failures/s
--------|----------------------|-------|-------------|-------|-------|-------|-------|--------|-----------
GET      /                            5     0(0.00%) |     20      13      29     21 |    0.20        0.00
GET      /cart                       15     0(0.00%) |     15       9      27     13 |    1.20        0.00
POST     /cart [add]                 16     0(0.00%) |    100      11     916     16 |    1.20        0.00
POST     /cart/checkout               7     0(0.00%) |     25      13      85     16 |    0.50        0.00
GET      /product/[id]               57     0(0.00%) |     65       8     913     15 |    3.90        0.00
POST     /setCurrency                13     0(0.00%) |     51      17     249     27 |    0.90        0.00
--------|----------------------|-------|-------------|-------|-------|-------|-------|--------|-----------
         Aggregated                 113     0(0.00%) |     57       8     916     16 |    7.90        0.00

Type     Name                                                                          # reqs      # fails |    Avg     Min     Max    Med |   req/s  failures/s
--------|----------------------------------------------------------------------------|-------|-------------|-------|-------|-------|-------|--------|-----------
GET      /                                                                                  5     0(0.00%) |     47      13      98     21 |    0.40        0.00
GET      /cart                                                                             12     0(0.00%) |     15       6      64     10 |    1.00        0.00
POST     /cart [add]                                                                       25     0(0.00%) |     89      11    1338     16 |    1.50        0.00
POST     /cart/checkout                                                                    12     0(0.00%) |     19      13      73     14 |    0.80        0.00
GET      /product/[id]                                                                     71     0(0.00%) |     49       8     911     13 |    4.10        0.00
POST     /setCurrency                                                                       5     0(0.00%) |     95      18     294     21 |    0.30        0.00
--------|----------------------------------------------------------------------------|-------|-------------|-------|-------|-------|-------|--------|-----------
         Aggregated                                                                       130     0(0.00%) |     52       6    1338     14 |    8.10        0.00

Type     Name                    # reqs      # fails |    Avg     Min     Max    Med |   req/s  failures/s
--------|----------------------|-------|-------------|-------|-------|-------|-------|--------|-----------
GET      /                            6     0(0.00%) |     19      13      29     15 |    0.20        0.00
GET      /cart                       20     0(0.00%) |     14       8      27     12 |    0.90        0.00
POST     /cart [add]                 17     0(0.00%) |     95      11     916     18 |    1.20        0.00
POST     /cart/checkout               7     0(0.00%) |     25      13      85     16 |    0.60        0.00
GET      /product/[id]               65     0(0.00%) |     59       8     913     14 |    3.90        0.00
POST     /setCurrency                16     0(0.00%) |     44      15     249     20 |    1.00        0.00
--------|----------------------|-------|-------------|-------|-------|-------|-------|--------|-----------
         Aggregated                 131     0(0.00%) |     51       8     916     16 |    7.80        0.00

Type     Name                                                                          # reqs      # fails |    Avg     Min     Max    Med |   req/s  failures/s
--------|----------------------------------------------------------------------------|-------|-------------|-------|-------|-------|-------|--------|-----------
GET      /                                                                                  5     0(0.00%) |     47      13      98     21 |    0.40        0.00
GET      /cart                                                                             15     0(0.00%) |     15       6      64     11 |    0.80        0.00
POST     /cart [add]                                                                       28     0(0.00%) |     81      11    1338     16 |    1.90        0.00
POST     /cart/checkout                                                                    14     0(0.00%) |     19      13      73     15 |    1.00        0.00
GET      /product/[id]                                                                     78     0(0.00%) |     45       8     911     13 |    4.10        0.00
POST     /setCurrency                                                                       9     0(0.00%) |     61      16     294     19 |    0.40        0.00
--------|----------------------------------------------------------------------------|-------|-------------|-------|-------|-------|-------|--------|-----------
         Aggregated                                                                       149     0(0.00%) |     48       6    1338     15 |    8.60        0.00

Type     Name                    # reqs      # fails |    Avg     Min     Max    Med |   req/s  failures/s
--------|----------------------|-------|-------------|-------|-------|-------|-------|--------|-----------
GET      /                            6     0(0.00%) |     19      13      29     15 |    0.10        0.00
GET      /cart                       21     0(0.00%) |     17       8      88     13 |    1.20        0.00
POST     /cart [add]                 18     0(0.00%) |     91      11     916     17 |    1.20        0.00
POST     /cart/checkout               7     0(0.00%) |     25      13      85     16 |    0.60        0.00
GET      /product/[id]               70     0(0.00%) |     56       8     913     14 |    4.20        0.00
POST     /setCurrency                20     0(0.00%) |     39      15     249     19 |    0.90        0.00
--------|----------------------|-------|-------------|-------|-------|-------|-------|--------|-----------
         Aggregated                 142     0(0.00%) |     49       8     916     16 |    8.20        0.00

Type     Name                                                                          # reqs      # fails |    Avg     Min     Max    Med |   req/s  failures/s
--------|----------------------------------------------------------------------------|-------|-------------|-------|-------|-------|-------|--------|-----------
GET      /                                                                                  5     0(0.00%) |     47      13      98     21 |    0.20        0.00
GET      /cart                                                                             19     0(0.00%) |     14       6      64     11 |    1.00        0.00
POST     /cart [add]                                                                       28     0(0.00%) |     81      11    1338     16 |    1.80        0.00
POST     /cart/checkout                                                                    14     0(0.00%) |     19      13      73     15 |    1.00        0.00
GET      /product/[id]                                                                     86     0(0.00%) |     42       8     911     13 |    4.20        0.00
POST     /setCurrency                                                                      12     0(0.00%) |     57      16     294     20 |    0.40        0.00
--------|----------------------------------------------------------------------------|-------|-------------|-------|-------|-------|-------|--------|-----------
         Aggregated                                                                       164     0(0.00%) |     45       6    1338     14 |    8.60        0.00

Type     Name                    # reqs      # fails |    Avg     Min     Max    Med |   req/s  failures/s
--------|----------------------|-------|-------------|-------|-------|-------|-------|--------|-----------
GET      /                            7     0(0.00%) |     20      13      29     21 |    0.20        0.00
GET      /cart                       23     0(0.00%) |     17       8      88     12 |    1.10        0.00
POST     /cart [add]                 22     0(0.00%) |     77      11     916     18 |    1.20        0.00
POST     /cart/checkout               7     0(0.00%) |     25      13      85     16 |    0.50        0.00
GET      /product/[id]               78     0(0.00%) |     52       8     913     14 |    3.80        0.00
POST     /setCurrency                21     0(0.00%) |     38      15     249     19 |    1.20        0.00
--------|----------------------|-------|-------------|-------|-------|-------|-------|--------|-----------
         Aggregated                 158     0(0.00%) |     46       8     916     16 |    8.00        0.00

Type     Name                                                                          # reqs      # fails |    Avg     Min     Max    Med |   req/s  failures/s
--------|----------------------------------------------------------------------------|-------|-------------|-------|-------|-------|-------|--------|-----------
GET      /                                                                                  5     0(0.00%) |     47      13      98     21 |    0.20        0.00
GET      /cart                                                                             19     0(0.00%) |     14       6      64     11 |    1.00        0.00
Type     Name                    # reqs      # fails |    Avg     Min     Max    Med |   req/s  failures/s
POST     /cart [add]                                                                       32     0(0.00%) |     76      11    1338     16 |    1.50        0.00
POST     /cart/checkout                                                                    17     0(0.00%) |     19      13      73     15 |    1.00        0.00
--------|----------------------|-------|-------------|-------|-------|-------|-------|--------|-----------
GET      /product/[id]                                                                     95     0(0.00%) |     40       8     911     13 |    4.30        0.00
GET      /                            7     0(0.00%) |     20      13      29     21 |    0.20        0.00
POST     /setCurrency                                                                      13     0(0.00%) |     54      16     294     20 |    0.70        0.00
GET      /cart                       27     0(0.00%) |     17       8      88     13 |    1.30        0.00
--------|----------------------------------------------------------------------------|-------|-------------|-------|-------|-------|-------|--------|-----------
POST     /cart [add]                 23     0(0.00%) |     75      11     916     18 |    1.10        0.00
         Aggregated                                                                       181     0(0.00%) |     43       6    1338     15 |    8.70        0.00
POST     /cart/checkout               8     0(0.00%) |     24      13      85     15 |    0.40        0.00

GET      /product/[id]               88     0(0.00%) |     49       8     913     14 |    3.70        0.00
POST     /setCurrency                22     0(0.00%) |     37      15     249     19 |    1.20        0.00
--------|----------------------|-------|-------------|-------|-------|-------|-------|--------|-----------
         Aggregated                 175     0(0.00%) |     44       8     916     16 |    7.90        0.00

Type     Name                    # reqs      # fails |    Avg     Min     Max    Med |   req/s  failures/s
--------|----------------------|-------|-------------|-------|-------|-------|-------|--------|-----------
GET      /                            8     0(0.00%) |     21      13      29     21 |    0.20        0.00
GET      /cart                       30     0(0.00%) |     17       8      88     13 |    1.20        0.00
POST     /cart [add]                 28     0(0.00%) |     69      11     916     19 |    0.90        0.00
POST     /cart/checkout              10     0(0.00%) |     30      13      95     16 |    0.30        0.00
GET      /product/[id]               94     0(0.00%) |     47       8     913     14 |    3.80        0.00
POST     /setCurrency                24     0(0.00%) |     36      15     249     19 |    1.20        0.00
--------|----------------------|-------|-------------|-------|-------|-------|-------|--------|-----------
         Aggregated                 194     0(0.00%) |     42       8     916     17 |    7.60        0.00

Type     Name                                                                          # reqs      # fails |    Avg     Min     Max    Med |   req/s  failures/s
--------|----------------------------------------------------------------------------|-------|-------------|-------|-------|-------|-------|--------|-----------
GET      /                                                                                  5     0(0.00%) |     47      13      98     21 |    0.20        0.00
GET      /cart                                                                             21     0(0.00%) |     15       6      64     12 |    0.90        0.00
POST     /cart [add]                                                                       34     0(0.00%) |     75      11    1338     16 |    1.50        0.00
POST     /cart/checkout                                                                    19     0(0.00%) |     23      13      95     15 |    0.90        0.00
GET      /product/[id]                                                                    104     0(0.00%) |     39       8     911     13 |    3.80        0.00
POST     /setCurrency                                                                      15     0(0.00%) |     54      16     294     21 |    0.90        0.00
--------|----------------------------------------------------------------------------|-------|-------------|-------|-------|-------|-------|--------|-----------
         Aggregated                                                                       198     0(0.00%) |     42       6    1338     15 |    8.20        0.00

Type     Name                    # reqs      # fails |    Avg     Min     Max    Med |   req/s  failures/s
--------|----------------------|-------|-------------|-------|-------|-------|-------|--------|-----------
GET      /                            8     0(0.00%) |     21      13      29     21 |    0.30        0.00
GET      /cart                       31     0(0.00%) |     17       8      88     13 |    1.50        0.00
POST     /cart [add]                 30     0(0.00%) |     65      11     916     19 |    1.00        0.00
POST     /cart/checkout              11     0(0.00%) |     29      13      95     16 |    0.20        0.00
GET      /product/[id]              104     0(0.00%) |     44       8     913     14 |    3.70        0.00
POST     /setCurrency                24     0(0.00%) |     36      15     249     19 |    0.90        0.00
--------|----------------------|-------|-------------|-------|-------|-------|-------|--------|-----------
         Aggregated                 208     0(0.00%) |     40       8     916     16 |    7.60        0.00

Type     Name                                                                          # reqs      # fails |    Avg     Min     Max    Med |   req/s  failures/s
--------|----------------------------------------------------------------------------|-------|-------------|-------|-------|-------|-------|--------|-----------
GET      /                                                                                  5     0(0.00%) |     47      13      98     21 |    0.10        0.00
GET      /cart                                                                             23     0(0.00%) |     15       6      64     12 |    0.90        0.00
POST     /cart [add]                                                                       38     0(0.00%) |     68      11    1338     16 |    1.30        0.00
POST     /cart/checkout                                                                    20     0(0.00%) |     22      13      95     15 |    0.90        0.00
GET      /product/[id]                                                                    113     0(0.00%) |     37       8     911     13 |    3.90        0.00
POST     /setCurrency                                                                      18     0(0.00%) |     49      16     294     20 |    1.00        0.00
--------|----------------------------------------------------------------------------|-------|-------------|-------|-------|-------|-------|--------|-----------
         Aggregated                                                                       217     0(0.00%) |     40       6    1338     15 |    8.10        0.00

Type     Name                    # reqs      # fails |    Avg     Min     Max    Med |   req/s  failures/s
--------|----------------------|-------|-------------|-------|-------|-------|-------|--------|-----------
GET      /                           10     0(0.00%) |     20      13      29     17 |    0.30        0.00
GET      /cart                       32     0(0.00%) |     17       8      88     13 |    1.10        0.00
POST     /cart [add]                 35     0(0.00%) |     59      11     916     19 |    1.40        0.00
POST     /cart/checkout              12     0(0.00%) |     28      13      95     16 |    0.40        0.00
GET      /product/[id]              113     0(0.00%) |     41       8     913     14 |    3.70        0.00
POST     /setCurrency                25     0(0.00%) |     35      15     249     20 |    1.00        0.00
--------|----------------------|-------|-------------|-------|-------|-------|-------|--------|-----------
         Aggregated                 227     0(0.00%) |     38       8     916     16 |    7.90        0.00

Type     Name                                                                          # reqs      # fails |    Avg     Min     Max    Med |   req/s  failures/s
--------|----------------------------------------------------------------------------|-------|-------------|-------|-------|-------|-------|--------|-----------
GET      /                                                                                  5     0(0.00%) |     47      13      98     21 |    0.10        0.00
GET      /cart                                                                             26     0(0.00%) |     15       6      64     12 |    1.10        0.00
POST     /cart [add]                                                                       41     0(0.00%) |     65      11    1338     16 |    1.10        0.00
POST     /cart/checkout                                                                    20     0(0.00%) |     22      13      95     15 |    0.70        0.00
GET      /product/[id]                                                                    119     0(0.00%) |     36       8     911     13 |    3.80        0.00
POST     /setCurrency                                                                      20     0(0.00%) |     46      16     294     20 |    1.20        0.00
--------|----------------------------------------------------------------------------|-------|-------------|-------|-------|-------|-------|--------|-----------
         Aggregated                                                                       231     0(0.00%) |     38       6    1338     15 |    8.00        0.00

Type     Name                    # reqs      # fails |    Avg     Min     Max    Med |   req/s  failures/s
--------|----------------------|-------|-------------|-------|-------|-------|-------|--------|-----------
GET      /                           10     0(0.00%) |     20      13      29     17 |    0.30        0.00
GET      /cart                       34     0(0.00%) |     16       8      88     13 |    1.20        0.00
POST     /cart [add]                 37     0(0.00%) |     56      11     916     19 |    1.60        0.00
POST     /cart/checkout              13     0(0.00%) |     27      13      95     16 |    0.50        0.00
GET      /product/[id]              119     0(0.00%) |     40       8     913     14 |    4.30        0.00
POST     /setCurrency                27     0(0.00%) |     34      13     249     19 |    0.60        0.00
--------|----------------------|-------|-------------|-------|-------|-------|-------|--------|-----------
         Aggregated                 240     0(0.00%) |     37       8     916     16 |    8.50        0.00

Type     Name                                                                          # reqs      # fails |    Avg     Min     Max    Med |   req/s  failures/s
--------|----------------------------------------------------------------------------|-------|-------------|-------|-------|-------|-------|--------|-----------
GET      /                                                                                  5     0(0.00%) |     47      13      98     21 |    0.00        0.00
GET      /cart                                                                             32     0(0.00%) |     14       6      64     12 |    0.90        0.00
POST     /cart [add]                                                                       42     0(0.00%) |     63      11    1338     16 |    1.30        0.00
POST     /cart/checkout                                                                    20     0(0.00%) |     22      13      95     15 |    0.60        0.00
GET      /product/[id]                                                                    129     0(0.00%) |     34       8     911     13 |    4.10        0.00
POST     /setCurrency                                                                      20     0(0.00%) |     46      16     294     20 |    1.20        0.00
--------|----------------------------------------------------------------------------|-------|-------------|-------|-------|-------|-------|--------|-----------
         Aggregated                                                                       248     0(0.00%) |     37       6    1338     15 |    8.10        0.00

Type     Name                    # reqs      # fails |    Avg     Min     Max    Med |   req/s  failures/s
--------|----------------------|-------|-------------|-------|-------|-------|-------|--------|-----------
GET      /                           11     0(0.00%) |     20      13      29     21 |    0.30        0.00
GET      /cart                       36     0(0.00%) |     16       8      88     13 |    1.00        0.00
POST     /cart [add]                 38     0(0.00%) |     55      11     916     19 |    1.50        0.00
POST     /cart/checkout              13     0(0.00%) |     27      13      95     16 |    0.60        0.00
GET      /product/[id]              132     0(0.00%) |     37       7     913     14 |    4.40        0.00
POST     /setCurrency                29     0(0.00%) |     33      13     249     20 |    0.60        0.00
--------|----------------------|-------|-------------|-------|-------|-------|-------|--------|-----------
         Aggregated                 259     0(0.00%) |     35       7     916     16 |    8.40        0.00

Type     Name                                                                          # reqs      # fails |    Avg     Min     Max    Med |   req/s  failures/s
--------|----------------------------------------------------------------------------|-------|-------------|-------|-------|-------|-------|--------|-----------
GET      /                                                                                  5     0(0.00%) |     47      13      98     21 |    0.00        0.00
GET      /cart                                                                             34     0(0.00%) |     15       6      64     12 |    1.30        0.00
POST     /cart [add]                                                                       44     0(0.00%) |     61      11    1338     16 |    1.30        0.00
POST     /cart/checkout                                                                    20     0(0.00%) |     22      13      95     15 |    0.60        0.00
GET      /product/[id]                                                                    138     0(0.00%) |     32       8     911     13 |    4.10        0.00
POST     /setCurrency                                                                      23     0(0.00%) |     43      16     294     20 |    0.90        0.00
--------|----------------------------------------------------------------------------|-------|-------------|-------|-------|-------|-------|--------|-----------
         Aggregated                                                                       264     0(0.00%) |     35       6    1338     15 |    8.20        0.00

Type     Name                    # reqs      # fails |    Avg     Min     Max    Med |   req/s  failures/s
--------|----------------------|-------|-------------|-------|-------|-------|-------|--------|-----------
GET      /                           11     0(0.00%) |     20      13      29     21 |    0.40        0.00
GET      /cart                       37     0(0.00%) |     16       8      88     13 |    0.90        0.00
POST     /cart [add]                 42     0(0.00%) |     52      11     916     18 |    1.50        0.00
POST     /cart/checkout              15     0(0.00%) |     26      13      95     16 |    0.50        0.00
GET      /product/[id]              139     0(0.00%) |     36       7     913     14 |    4.40        0.00
POST     /setCurrency                32     0(0.00%) |     32      13     249     19 |    0.60        0.00
--------|----------------------|-------|-------------|-------|-------|-------|-------|--------|-----------
         Aggregated                 276     0(0.00%) |     34       7     916     16 |    8.30        0.00

Type     Name                                                                          # reqs      # fails |    Avg     Min     Max    Med |   req/s  failures/s
--------|----------------------------------------------------------------------------|-------|-------------|-------|-------|-------|-------|--------|-----------
GET      /                                                                                  5     0(0.00%) |     47      13      98     21 |    0.00        0.00
GET      /cart                                                                             38     0(0.00%) |     15       6      64     13 |    1.50        0.00
POST     /cart [add]                                                                       46     0(0.00%) |     60      11    1338     16 |    1.20        0.00
POST     /cart/checkout                                                                    21     0(0.00%) |     22      13      95     15 |    0.40        0.00
GET      /product/[id]                                                                    148     0(0.00%) |     31       8     911     13 |    4.20        0.00
POST     /setCurrency                                                                      26     0(0.00%) |     40      16     294     20 |    0.90        0.00
--------|----------------------------------------------------------------------------|-------|-------------|-------|-------|-------|-------|--------|-----------
         Aggregated                                                                       284     0(0.00%) |     34       6    1338     15 |    8.20        0.00

Type     Name                    # reqs      # fails |    Avg     Min     Max    Med |   req/s  failures/s
--------|----------------------|-------|-------------|-------|-------|-------|-------|--------|-----------
GET      /                           11     0(0.00%) |     20      13      29     21 |    0.30        0.00
GET      /cart                       39     0(0.00%) |     17       8      88     13 |    0.80        0.00
POST     /cart [add]                 44     0(0.00%) |     50      11     916     18 |    1.60        0.00
POST     /cart/checkout              15     0(0.00%) |     26      13      95     16 |    0.60        0.00
GET      /product/[id]              150     0(0.00%) |     35       7     913     13 |    4.50        0.00
POST     /setCurrency                32     0(0.00%) |     32      13     249     19 |    0.90        0.00
--------|----------------------|-------|-------------|-------|-------|-------|-------|--------|-----------
         Aggregated                 291     0(0.00%) |     33       7     916     16 |    8.70        0.00

Type     Name                                                                          # reqs      # fails |    Avg     Min     Max    Med |   req/s  failures/s
--------|----------------------------------------------------------------------------|-------|-------------|-------|-------|-------|-------|--------|-----------
GET      /                                                                                  6     0(0.00%) |     42      13      98     20 |    0.00        0.00
GET      /cart                                                                             41     0(0.00%) |     15       6      64     13 |    1.60        0.00
POST     /cart [add]                                                                       47     0(0.00%) |     59      11    1338     16 |    1.20        0.00
POST     /cart/checkout                                                                    21     0(0.00%) |     22      13      95     15 |    0.20        0.00
GET      /product/[id]                                                                    152     0(0.00%) |     30       8     911     12 |    4.30        0.00
POST     /setCurrency                                                                      29     0(0.00%) |     38      16     294     20 |    1.10        0.00
--------|----------------------------------------------------------------------------|-------|-------------|-------|-------|-------|-------|--------|-----------
         Aggregated                                                                       296     0(0.00%) |     33       6    1338     15 |    8.40        0.00

Type     Name                    # reqs      # fails |    Avg     Min     Max    Med |   req/s  failures/s
--------|----------------------|-------|-------------|-------|-------|-------|-------|--------|-----------
GET      /                           13     0(0.00%) |     19      13      29     18 |    0.30        0.00
GET      /cart                       41     0(0.00%) |     17       8      88     13 |    0.90        0.00
POST     /cart [add]                 47     0(0.00%) |     48      11     916     18 |    1.30        0.00
POST     /cart/checkout              17     0(0.00%) |     25      13      95     16 |    0.40        0.00
GET      /product/[id]              160     0(0.00%) |     34       7     913     13 |    4.60        0.00
POST     /setCurrency                34     0(0.00%) |     31      13     249     20 |    0.80        0.00
--------|----------------------|-------|-------------|-------|-------|-------|-------|--------|-----------
         Aggregated                 312     0(0.00%) |     32       7     916     16 |    8.30        0.00

Type     Name                                                                          # reqs      # fails |    Avg     Min     Max    Med |   req/s  failures/s
--------|----------------------------------------------------------------------------|-------|-------------|-------|-------|-------|-------|--------|-----------
GET      /                                                                                  6     0(0.00%) |     42      13      98     20 |    0.00        0.00
GET      /cart                                                                             44     0(0.00%) |     14       6      64     12 |    1.60        0.00
POST     /cart [add]                                                                       50     0(0.00%) |     57      11    1338     16 |    1.10        0.00
POST     /cart/checkout                                                                    21     0(0.00%) |     22      13      95     15 |    0.20        0.00
GET      /product/[id]                                                                    159     0(0.00%) |     30       8     911     12 |    4.30        0.00
POST     /setCurrency                                                                      33     0(0.00%) |     38      16     294     20 |    0.90        0.00
--------|----------------------------------------------------------------------------|-------|-------------|-------|-------|-------|-------|--------|-----------
         Aggregated                                                                       313     0(0.00%) |     33       6    1338     15 |    8.10        0.00

Type     Name                    # reqs      # fails |    Avg     Min     Max    Med |   req/s  failures/s
--------|----------------------|-------|-------------|-------|-------|-------|-------|--------|-----------
GET      /                           14     0(0.00%) |     20      13      29     18 |    0.40        0.00
GET      /cart                       42     0(0.00%) |     17       8      88     13 |    0.80        0.00
POST     /cart [add]                 49     0(0.00%) |     47      11     916     18 |    1.20        0.00
POST     /cart/checkout              18     0(0.00%) |     24      13      95     16 |    0.40        0.00
GET      /product/[id]              168     0(0.00%) |     33       7     913     13 |    4.80        0.00
POST     /setCurrency                35     0(0.00%) |     31      13     249     20 |    0.80        0.00
--------|----------------------|-------|-------------|-------|-------|-------|-------|--------|-----------
         Aggregated                 326     0(0.00%) |     32       7     916     16 |    8.40        0.00

Type     Name                                                                          # reqs      # fails |    Avg     Min     Max    Med |   req/s  failures/s
--------|----------------------------------------------------------------------------|-------|-------------|-------|-------|-------|-------|--------|-----------
GET      /                                                                                  6     0(0.00%) |     42      13      98     20 |    0.10        0.00
GET      /cart                                                                             49     0(0.00%) |     14       6      64     12 |    1.90        0.00
POST     /cart [add]                                                                       53     0(0.00%) |     55      11    1338     17 |    1.00        0.00
POST     /cart/checkout                                                                    22     0(0.00%) |     22      13      95     15 |    0.10        0.00
GET      /product/[id]                                                                    163     0(0.00%) |     30       8     911     12 |    4.10        0.00
POST     /setCurrency                                                                      33     0(0.00%) |     38      16     294     20 |    1.30        0.00
--------|----------------------------------------------------------------------------|-------|-------------|-------|-------|-------|-------|--------|-----------
         Aggregated                                                                       326     0(0.00%) |     32       6    1338     15 |    8.50        0.00

Type     Name                    # reqs      # fails |    Avg     Min     Max    Med |   req/s  failures/s
--------|----------------------|-------|-------------|-------|-------|-------|-------|--------|-----------
GET      /                           14     0(0.00%) |     20      13      29     18 |    0.30        0.00
GET      /cart                       44     0(0.00%) |     17       8      88     13 |    0.80        0.00
POST     /cart [add]                 50     0(0.00%) |     46      11     916     18 |    1.30        0.00
POST     /cart/checkout              19     0(0.00%) |     24      13      95     16 |    0.50        0.00
GET      /product/[id]              182     0(0.00%) |     31       7     913     13 |    4.70        0.00
POST     /setCurrency                36     0(0.00%) |     32      13     249     20 |    0.80        0.00
--------|----------------------|-------|-------------|-------|-------|-------|-------|--------|-----------
         Aggregated                 345     0(0.00%) |     31       7     916     15 |    8.40        0.00

Type     Name                                                                          # reqs      # fails |    Avg     Min     Max    Med |   req/s  failures/s
--------|----------------------------------------------------------------------------|-------|-------------|-------|-------|-------|-------|--------|-----------
GET      /                                                                                  7     0(0.00%) |     40      13      98     21 |    0.10        0.00
GET      /cart                                                                             51     0(0.00%) |     14       6      64     12 |    1.80        0.00
POST     /cart [add]                                                                       57     0(0.00%) |     52      11    1338     17 |    1.10        0.00
POST     /cart/checkout                                                                    26     0(0.00%) |     22      13      95     16 |    0.20        0.00
GET      /product/[id]                                                                    170     0(0.00%) |     29       7     911     12 |    3.40        0.00
POST     /setCurrency                                                                      36     0(0.00%) |     36      14     294     20 |    1.30        0.00
--------|----------------------------------------------------------------------------|-------|-------------|-------|-------|-------|-------|--------|-----------
         Aggregated                                                                       347     0(0.00%) |     31       6    1338     15 |    7.90        0.00

Type     Name                    # reqs      # fails |    Avg     Min     Max    Med |   req/s  failures/s
--------|----------------------|-------|-------------|-------|-------|-------|-------|--------|-----------
GET      /                           15     0(0.00%) |     19      13      29     19 |    0.30        0.00
GET      /cart                       46     0(0.00%) |     17       8      88     13 |    0.80        0.00
POST     /cart [add]                 54     0(0.00%) |     44      11     916     17 |    1.20        0.00
POST     /cart/checkout              20     0(0.00%) |     23      13      95     16 |    0.60        0.00
GET      /product/[id]              187     0(0.00%) |     31       7     913     13 |    4.80        0.00
POST     /setCurrency                38     0(0.00%) |     31      13     249     20 |    0.80        0.00
--------|----------------------|-------|-------------|-------|-------|-------|-------|--------|-----------
         Aggregated                 360     0(0.00%) |     30       7     916     15 |    8.50        0.00

Type     Name                                                                          # reqs      # fails |    Avg     Min     Max    Med |   req/s  failures/s
--------|----------------------------------------------------------------------------|-------|-------------|-------|-------|-------|-------|--------|-----------
GET      /                                                                                  7     0(0.00%) |     40      13      98     21 |    0.20        0.00
GET      /cart                                                                             55     0(0.00%) |     14       6      64     12 |    1.70        0.00
POST     /cart [add]                                                                       59     0(0.00%) |     51      11    1338     17 |    1.30        0.00
POST     /cart/checkout                                                                    27     0(0.00%) |     22      13      95     17 |    0.50        0.00
GET      /product/[id]                                                                    176     0(0.00%) |     28       7     911     12 |    3.20        0.00
POST     /setCurrency                                                                      38     0(0.00%) |     35      14     294     20 |    1.40        0.00
--------|----------------------------------------------------------------------------|-------|-------------|-------|-------|-------|-------|--------|-----------
         Aggregated                                                                       362     0(0.00%) |     30       6    1338     15 |    8.30        0.00

Type     Name                    # reqs      # fails |    Avg     Min     Max    Med |   req/s  failures/s
--------|----------------------|-------|-------------|-------|-------|-------|-------|--------|-----------
GET      /                           15     0(0.00%) |     19      13      29     19 |    0.40        0.00
GET      /cart                       49     0(0.00%) |     16       8      88     13 |    0.90        0.00
POST     /cart [add]                 61     0(0.00%) |     41      11     916     18 |    1.20        0.00
POST     /cart/checkout              21     0(0.00%) |     23      13      95     16 |    0.50        0.00
GET      /product/[id]              193     0(0.00%) |     30       7     913     13 |    4.70        0.00
POST     /setCurrency                39     0(0.00%) |     31      13     249     21 |    0.50        0.00
--------|----------------------|-------|-------------|-------|-------|-------|-------|--------|-----------
         Aggregated                 378     0(0.00%) |     29       7     916     15 |    8.20        0.00

Type     Name                                                                          # reqs      # fails |    Avg     Min     Max    Med |   req/s  failures/s
--------|----------------------------------------------------------------------------|-------|-------------|-------|-------|-------|-------|--------|-----------
GET      /                                                                                  8     0(0.00%) |     37      13      98     20 |    0.20        0.00
GET      /cart                                                                             59     0(0.00%) |     14       6      64     12 |    1.70        0.00
POST     /cart [add]                                                                       60     0(0.00%) |     50      11    1338     16 |    1.40        0.00
POST     /cart/checkout                                                                    28     0(0.00%) |     22      13      95     16 |    0.70        0.00
GET      /product/[id]                                                                    187     0(0.00%) |     27       7     911     12 |    3.00        0.00
POST     /setCurrency                                                                      39     0(0.00%) |     34      14     294     20 |    1.30        0.00
--------|----------------------------------------------------------------------------|-------|-------------|-------|-------|-------|-------|--------|-----------
         Aggregated                                                                       381     0(0.00%) |     29       6    1338     15 |    8.30        0.00

Type     Name                    # reqs      # fails |    Avg     Min     Max    Med |   req/s  failures/s
--------|----------------------|-------|-------------|-------|-------|-------|-------|--------|-----------
GET      /                           15     0(0.00%) |     19      13      29     19 |    0.40        0.00
GET      /cart                       51     0(0.00%) |     16       8      88     13 |    1.00        0.00
POST     /cart [add]                 69     0(0.00%) |     38      11     916     17 |    1.60        0.00
POST     /cart/checkout              25     0(0.00%) |     23      13      95     17 |    0.60        0.00
GET      /product/[id]              201     0(0.00%) |     29       7     913     13 |    4.40        0.00
POST     /setCurrency                39     0(0.00%) |     31      13     249     21 |    0.70        0.00
--------|----------------------|-------|-------------|-------|-------|-------|-------|--------|-----------
         Aggregated                 400     0(0.00%) |     29       7     916     15 |    8.70        0.00

Type     Name                                                                          # reqs      # fails |    Avg     Min     Max    Med |   req/s  failures/s
--------|----------------------------------------------------------------------------|-------|-------------|-------|-------|-------|-------|--------|-----------
GET      /                                                                                  8     0(0.00%) |     37      13      98     20 |    0.30        0.00
GET      /cart                                                                             64     0(0.00%) |     14       6      64     12 |    2.00        0.00
POST     /cart [add]                                                                       64     0(0.00%) |     48      11    1338     16 |    1.30        0.00
POST     /cart/checkout                                                                    30     0(0.00%) |     21      13      95     16 |    0.60        0.00
GET      /product/[id]                                                                    195     0(0.00%) |     27       7     911     12 |    3.40        0.00
POST     /setCurrency                                                                      41     0(0.00%) |     34      14     294     20 |    1.30        0.00
--------|----------------------------------------------------------------------------|-------|-------------|-------|-------|-------|-------|--------|-----------
         Aggregated                                                                       402     0(0.00%) |     29       6    1338     15 |    8.90        0.00

Type     Name                    # reqs      # fails |    Avg     Min     Max    Med |   req/s  failures/s
--------|----------------------|-------|-------------|-------|-------|-------|-------|--------|-----------
GET      /                           15     0(0.00%) |     19      13      29     19 |    0.20        0.00
GET      /cart                       54     0(0.00%) |     16       8      88     13 |    1.00        0.00
POST     /cart [add]                 71     0(0.00%) |     37      11     916     17 |    1.90        0.00
POST     /cart/checkout              27     0(0.00%) |     23      13      95     17 |    0.70        0.00
GET      /product/[id]              209     0(0.00%) |     29       7     913     13 |    3.90        0.00
POST     /setCurrency                43     0(0.00%) |     30      13     249     21 |    0.60        0.00
--------|----------------------|-------|-------------|-------|-------|-------|-------|--------|-----------
         Aggregated                 419     0(0.00%) |     28       7     916     15 |    8.30        0.00

Type     Name                                                                          # reqs      # fails |    Avg     Min     Max    Med |   req/s  failures/s
--------|----------------------------------------------------------------------------|-------|-------------|-------|-------|-------|-------|--------|-----------
GET      /                                                                                  8     0(0.00%) |     37      13      98     20 |    0.20        0.00
GET      /cart                                                                             65     0(0.00%) |     14       6      64     12 |    1.90        0.00
POST     /cart [add]                                                                       66     0(0.00%) |     47      11    1338     16 |    1.40        0.00
POST     /cart/checkout                                                                    31     0(0.00%) |     21      13      95     16 |    0.90        0.00
GET      /product/[id]                                                                    201     0(0.00%) |     26       7     911     12 |    3.30        0.00
POST     /setCurrency                                                                      42     0(0.00%) |     34      14     294     20 |    0.70        0.00
--------|----------------------------------------------------------------------------|-------|-------------|-------|-------|-------|-------|--------|-----------
         Aggregated                                                                       413     0(0.00%) |     28       6    1338     15 |    8.40        0.00

Type     Name                    # reqs      # fails |    Avg     Min     Max    Med |   req/s  failures/s
--------|----------------------|-------|-------------|-------|-------|-------|-------|--------|-----------
GET      /                           15     0(0.00%) |     19      13      29     19 |    0.20        0.00
GET      /cart                       55     0(0.00%) |     16       8      88     13 |    1.20        0.00
POST     /cart [add]                 73     0(0.00%) |     37      11     916     17 |    2.20        0.00
POST     /cart/checkout              28     0(0.00%) |     23      13      95     17 |    0.80        0.00
GET      /product/[id]              217     0(0.00%) |     28       7     913     13 |    4.20        0.00
POST     /setCurrency                46     0(0.00%) |     29      13     249     20 |    0.90        0.00
--------|----------------------|-------|-------------|-------|-------|-------|-------|--------|-----------
         Aggregated                 434     0(0.00%) |     28       7     916     15 |    9.50        0.00

Type     Name                                                                          # reqs      # fails |    Avg     Min     Max    Med |   req/s  failures/s
--------|----------------------------------------------------------------------------|-------|-------------|-------|-------|-------|-------|--------|-----------
GET      /                                                                                  9     0(0.00%) |     34      13      98     20 |    0.20        0.00
GET      /cart                                                                             70     0(0.00%) |     14       6      64     12 |    1.70        0.00
POST     /cart [add]                                                                       69     0(0.00%) |     46      11    1338     16 |    1.30        0.00
POST     /cart/checkout                                                                    33     0(0.00%) |     22      13      95     17 |    0.90        0.00
GET      /product/[id]                                                                    208     0(0.00%) |     26       7     911     12 |    3.70        0.00
POST     /setCurrency                                                                      42     0(0.00%) |     34      14     294     20 |    0.90        0.00
--------|----------------------------------------------------------------------------|-------|-------------|-------|-------|-------|-------|--------|-----------
         Aggregated                                                                       431     0(0.00%) |     28       6    1338     15 |    8.70        0.00

Type     Name                    # reqs      # fails |    Avg     Min     Max    Med |   req/s  failures/s
--------|----------------------|-------|-------------|-------|-------|-------|-------|--------|-----------
GET      /                           16     0(0.00%) |     19      13      29     18 |    0.10        0.00
GET      /cart                       59     0(0.00%) |     16       8      88     13 |    1.20        0.00
POST     /cart [add]                 77     0(0.00%) |     36      11     916     17 |    2.30        0.00
POST     /cart/checkout              30     0(0.00%) |     22      12      95     16 |    0.90        0.00
GET      /product/[id]              223     0(0.00%) |     28       7     913     13 |    3.80        0.00
POST     /setCurrency                48     0(0.00%) |     29      13     249     20 |    0.90        0.00
--------|----------------------|-------|-------------|-------|-------|-------|-------|--------|-----------
         Aggregated                 453     0(0.00%) |     27       7     916     15 |    9.20        0.00

Type     Name                                                                          # reqs      # fails |    Avg     Min     Max    Med |   req/s  failures/s
--------|----------------------------------------------------------------------------|-------|-------------|-------|-------|-------|-------|--------|-----------
GET      /                                                                                  9     0(0.00%) |     34      13      98     20 |    0.10        0.00
GET      /cart                                                                             71     0(0.00%) |     14       6      64     12 |    1.60        0.00
POST     /cart [add]                                                                       72     0(0.00%) |     45      11    1338     16 |    1.10        0.00
POST     /cart/checkout                                                                    35     0(0.00%) |     21      13      95     16 |    0.70        0.00
GET      /product/[id]                                                                    217     0(0.00%) |     25       7     911     12 |    3.90        0.00
POST     /setCurrency                                                                      43     0(0.00%) |     33      14     294     20 |    0.60        0.00
--------|----------------------------------------------------------------------------|-------|-------------|-------|-------|-------|-------|--------|-----------
         Aggregated                                                                       447     0(0.00%) |     27       6    1338     15 |    8.00        0.00

Type     Name                    # reqs      # fails |    Avg     Min     Max    Med |   req/s  failures/s
--------|----------------------|-------|-------------|-------|-------|-------|-------|--------|-----------
GET      /                           18     0(0.00%) |     19      13      29     18 |    0.00        0.00
GET      /cart                       60     0(0.00%) |     15       8      88     12 |    1.20        0.00
POST     /cart [add]                 80     0(0.00%) |     35      11     916     17 |    2.00        0.00
POST     /cart/checkout              31     0(0.00%) |     22      12      95     16 |    0.90        0.00
GET      /product/[id]              228     0(0.00%) |     28       7     913     13 |    3.50        0.00
POST     /setCurrency                48     0(0.00%) |     29      13     249     20 |    1.20        0.00
--------|----------------------|-------|-------------|-------|-------|-------|-------|--------|-----------
         Aggregated                 465     0(0.00%) |     27       7     916     15 |    8.80        0.00

Type     Name                                                                          # reqs      # fails |    Avg     Min     Max    Med |   req/s  failures/s
--------|----------------------------------------------------------------------------|-------|-------------|-------|-------|-------|-------|--------|-----------
GET      /                                                                                  9     0(0.00%) |     34      13      98     20 |    0.20        0.00
GET      /cart                                                                             74     0(0.00%) |     14       6      64     12 |    1.80        0.00
POST     /cart [add]                                                                       73     0(0.00%) |     44      11    1338     16 |    1.00        0.00
POST     /cart/checkout                                                                    36     0(0.00%) |     21      13      95     15 |    0.60        0.00
GET      /product/[id]                                                                    229     0(0.00%) |     25       7     911     12 |    4.20        0.00
POST     /setCurrency                                                                      46     0(0.00%) |     32      14     294     19 |    0.50        0.00
--------|----------------------------------------------------------------------------|-------|-------------|-------|-------|-------|-------|--------|-----------
         Aggregated                                                                       467     0(0.00%) |     27       6    1338     15 |    8.30        0.00

Type     Name                    # reqs      # fails |    Avg     Min     Max    Med |   req/s  failures/s
--------|----------------------|-------|-------------|-------|-------|-------|-------|--------|-----------
GET      /                           18     0(0.00%) |     19      13      29     18 |    0.20        0.00
GET      /cart                       63     0(0.00%) |     15       8      88     12 |    1.00        0.00
POST     /cart [add]                 84     0(0.00%) |     34      11     916     17 |    2.00        0.00
POST     /cart/checkout              32     0(0.00%) |     22      12      95     16 |    1.00        0.00
GET      /product/[id]              237     0(0.00%) |     27       7     913     13 |    3.60        0.00
POST     /setCurrency                50     0(0.00%) |     29      13     249     21 |    0.90        0.00
--------|----------------------|-------|-------------|-------|-------|-------|-------|--------|-----------
         Aggregated                 484     0(0.00%) |     26       7     916     15 |    8.70        0.00

Type     Name                                                                          # reqs      # fails |    Avg     Min     Max    Med |   req/s  failures/s
--------|----------------------------------------------------------------------------|-------|-------------|-------|-------|-------|-------|--------|-----------
GET      /                                                                                 10     0(0.00%) |     33      13      98     20 |    0.10        0.00
GET      /cart                                                                             75     0(0.00%) |     14       6      64     12 |    1.30        0.00
POST     /cart [add]                                                                       77     0(0.00%) |     43      11    1338     16 |    1.30        0.00
POST     /cart/checkout                                                                    36     0(0.00%) |     21      13      95     15 |    0.90        0.00
GET      /product/[id]                                                                    234     0(0.00%) |     25       7     911     12 |    3.80        0.00
POST     /setCurrency                                                                      48     0(0.00%) |     32      14     294     19 |    0.70        0.00
--------|----------------------------------------------------------------------------|-------|-------------|-------|-------|-------|-------|--------|-----------
         Aggregated                                                                       480     0(0.00%) |     26       6    1338     15 |    8.10        0.00

Type     Name                                                                          # reqs      # fails |    Avg     Min     Max    Med |   req/s  failures/s
Type     Name                    # reqs      # fails |    Avg     Min     Max    Med |   req/s  failures/s
--------|----------------------------------------------------------------------------|-------|-------------|-------|-------|-------|-------|--------|-----------
--------|----------------------|-------|-------------|-------|-------|-------|-------|--------|-----------
GET      /                                                                                 11     0(0.00%) |     38      13      98     21 |    0.20        0.00
GET      /                           19     0(0.00%) |     19      13      29     18 |    0.30        0.00
GET      /cart                                                                             77     0(0.00%) |     14       6      64     12 |    1.30        0.00
GET      /cart                       65     0(0.00%) |     16       8      88     13 |    1.30        0.00
POST     /cart [add]                                                                       80     0(0.00%) |     42      11    1338     16 |    1.30        0.00
POST     /cart [add]                 89     0(0.00%) |     34      11     916     17 |    1.90        0.00
POST     /cart/checkout                                                                    38     0(0.00%) |     21      13      95     15 |    0.60        0.00
POST     /cart/checkout              36     0(0.00%) |     21      12      95     16 |    0.90        0.00
GET      /product/[id]                                                                    238     0(0.00%) |     24       7     911     12 |    4.00        0.00
GET      /product/[id]              242     0(0.00%) |     27       7     913     13 |    3.80        0.00
POST     /setCurrency                                                                      53     0(0.00%) |     31      14     294     19 |    0.70        0.00
POST     /setCurrency                50     0(0.00%) |     29      13     249     21 |    0.90        0.00
--------|----------------------------------------------------------------------------|-------|-------------|-------|-------|-------|-------|--------|-----------
--------|----------------------|-------|-------------|-------|-------|-------|-------|--------|-----------
         Aggregated                                                                       497     0(0.00%) |     26       6    1338     15 |    8.10        0.00
         Aggregated                 501     0(0.00%) |     26       7     916     15 |    9.10        0.00


Type     Name                    # reqs      # fails |    Avg     Min     Max    Med |   req/s  failures/s
--------|----------------------|-------|-------------|-------|-------|-------|-------|--------|-----------
GET      /                           19     0(0.00%) |     19      13      29     18 |    0.30        0.00
GET      /cart                       68     0(0.00%) |     16       8      88     13 |    1.20        0.00
POST     /cart [add]                 95     0(0.00%) |     33      11     916     17 |    1.70        0.00
POST     /cart/checkout              38     0(0.00%) |     21      12      95     16 |    0.90        0.00
GET      /product/[id]              249     0(0.00%) |     26       7     913     13 |    3.40        0.00
POST     /setCurrency                52     0(0.00%) |     28      13     249     20 |    0.70        0.00
--------|----------------------|-------|-------------|-------|-------|-------|-------|--------|-----------
         Aggregated                 521     0(0.00%) |     26       7     916     15 |    8.20        0.00

Type     Name                                                                          # reqs      # fails |    Avg     Min     Max    Med |   req/s  failures/s
--------|----------------------------------------------------------------------------|-------|-------------|-------|-------|-------|-------|--------|-----------
GET      /                                                                                 11     0(0.00%) |     38      13      98     21 |    0.30        0.00
GET      /cart                                                                             81     0(0.00%) |     14       6      64     12 |    1.20        0.00
POST     /cart [add]                                                                       82     0(0.00%) |     41      11    1338     16 |    1.30        0.00
POST     /cart/checkout                                                                    39     0(0.00%) |     20      13      95     15 |    0.60        0.00
GET      /product/[id]                                                                    247     0(0.00%) |     24       7     911     12 |    4.00        0.00
POST     /setCurrency                                                                      54     0(0.00%) |     30      14     294     19 |    0.80        0.00
--------|----------------------------------------------------------------------------|-------|-------------|-------|-------|-------|-------|--------|-----------
         Aggregated                                                                       514     0(0.00%) |     26       6    1338     15 |    8.20        0.00

Type     Name                    # reqs      # fails |    Avg     Min     Max    Med |   req/s  failures/s
--------|----------------------|-------|-------------|-------|-------|-------|-------|--------|-----------
GET      /                           19     0(0.00%) |     19      13      29     18 |    0.40        0.00
GET      /cart                       68     0(0.00%) |     16       8      88     13 |    1.20        0.00
POST     /cart [add]                 98     0(0.00%) |     33      11     916     17 |    1.90        0.00
POST     /cart/checkout              39     0(0.00%) |     20      12      95     16 |    0.90        0.00
GET      /product/[id]              259     0(0.00%) |     26       7     913     13 |    3.20        0.00
POST     /setCurrency                52     0(0.00%) |     28      13     249     20 |    0.50        0.00
--------|----------------------|-------|-------------|-------|-------|-------|-------|--------|-----------
         Aggregated                 535     0(0.00%) |     25       7     916     15 |    8.10        0.00

Type     Name                                                                          # reqs      # fails |    Avg     Min     Max    Med |   req/s  failures/s
--------|----------------------------------------------------------------------------|-------|-------------|-------|-------|-------|-------|--------|-----------
GET      /                                                                                 13     0(0.00%) |     34      13      98     20 |    0.30        0.00
GET      /cart                                                                             82     0(0.00%) |     14       6      64     12 |    1.30        0.00
POST     /cart [add]                                                                       86     0(0.00%) |     40      11    1338     16 |    1.40        0.00
POST     /cart/checkout                                                                    40     0(0.00%) |     20      13      95     15 |    0.70        0.00
GET      /product/[id]                                                                    254     0(0.00%) |     24       7     911     12 |    3.70        0.00
POST     /setCurrency                                                                      56     0(0.00%) |     30      14     294     19 |    1.10        0.00
--------|----------------------------------------------------------------------------|-------|-------------|-------|-------|-------|-------|--------|-----------
         Aggregated                                                                       531     0(0.00%) |     25       6    1338     14 |    8.50        0.00

Type     Name                    # reqs      # fails |    Avg     Min     Max    Med |   req/s  failures/s
--------|----------------------|-------|-------------|-------|-------|-------|-------|--------|-----------
GET      /                           19     0(0.00%) |     19      13      29     18 |    0.40        0.00
GET      /cart                       70     0(0.00%) |     16       8      88     13 |    1.00        0.00
POST     /cart [add]                 99     0(0.00%) |     32      11     916     17 |    2.30        0.00
POST     /cart/checkout              39     0(0.00%) |     20      12      95     16 |    1.00        0.00
GET      /product/[id]              271     0(0.00%) |     25       7     913     13 |    3.70        0.00
POST     /setCurrency                52     0(0.00%) |     28      13     249     20 |    0.40        0.00
--------|----------------------|-------|-------------|-------|-------|-------|-------|--------|-----------
         Aggregated                 550     0(0.00%) |     25       7     916     15 |    8.80        0.00

Type     Name                                                                          # reqs      # fails |    Avg     Min     Max    Med |   req/s  failures/s
--------|----------------------------------------------------------------------------|-------|-------------|-------|-------|-------|-------|--------|-----------
GET      /                                                                                 14     0(0.00%) |     34      13      98     20 |    0.40        0.00
GET      /cart                                                                             86     0(0.00%) |     14       6      64     12 |    1.10        0.00
POST     /cart [add]                                                                       89     0(0.00%) |     39      11    1338     16 |    1.60        0.00
POST     /cart/checkout                                                                    41     0(0.00%) |     20      13      95     15 |    0.70        0.00
GET      /product/[id]                                                                    263     0(0.00%) |     23       7     911     12 |    3.50        0.00
POST     /setCurrency                                                                      59     0(0.00%) |     29      14     294     19 |    1.20        0.00
--------|----------------------------------------------------------------------------|-------|-------------|-------|-------|-------|-------|--------|-----------
         Aggregated                                                                       552     0(0.00%) |     25       6    1338     14 |    8.50        0.00

Type     Name                    # reqs      # fails |    Avg     Min     Max    Med |   req/s  failures/s
--------|----------------------|-------|-------------|-------|-------|-------|-------|--------|-----------
GET      /                           19     0(0.00%) |     19      13      29     18 |    0.20        0.00
GET      /cart                       73     0(0.00%) |     15       8      88     13 |    1.00        0.00
POST     /cart [add]                103     0(0.00%) |     32      11     916     17 |    2.00        0.00
POST     /cart/checkout              42     0(0.00%) |     20      12      95     16 |    0.80        0.00
GET      /product/[id]              277     0(0.00%) |     25       7     913     13 |    4.10        0.00
POST     /setCurrency                54     0(0.00%) |     28      13     249     20 |    0.40        0.00
--------|----------------------|-------|-------------|-------|-------|-------|-------|--------|-----------
         Aggregated                 568     0(0.00%) |     25       7     916     15 |    8.50        0.00

Type     Name                                                                          # reqs      # fails |    Avg     Min     Max    Med |   req/s  failures/s
--------|----------------------------------------------------------------------------|-------|-------------|-------|-------|-------|-------|--------|-----------
GET      /                                                                                 14     0(0.00%) |     34      13      98     20 |    0.40        0.00
GET      /cart                                                                             88     0(0.00%) |     14       6      64     12 |    1.10        0.00
POST     /cart [add]                                                                       89     0(0.00%) |     39      11    1338     16 |    1.60        0.00
POST     /cart/checkout                                                                    41     0(0.00%) |     20      13      95     15 |    0.50        0.00
GET      /product/[id]                                                                    275     0(0.00%) |     23       7     911     12 |    4.00        0.00
POST     /setCurrency                                                                      60     0(0.00%) |     29      14     294     19 |    1.20        0.00
--------|----------------------------------------------------------------------------|-------|-------------|-------|-------|-------|-------|--------|-----------
         Aggregated                                                                       567     0(0.00%) |     25       6    1338     14 |    8.80        0.00

Type     Name                    # reqs      # fails |    Avg     Min     Max    Med |   req/s  failures/s
--------|----------------------|-------|-------------|-------|-------|-------|-------|--------|-----------
GET      /                           20     0(0.00%) |     20      13      32     18 |    0.10        0.00
GET      /cart                       77     0(0.00%) |     15       8      88     13 |    1.00        0.00
POST     /cart [add]                105     0(0.00%) |     32      11     916     17 |    1.90        0.00
POST     /cart/checkout              42     0(0.00%) |     20      12      95     16 |    1.00        0.00
GET      /product/[id]              281     0(0.00%) |     25       7     913     13 |    3.80        0.00
POST     /setCurrency                56     0(0.00%) |     28      13     249     20 |    0.50        0.00
--------|----------------------|-------|-------------|-------|-------|-------|-------|--------|-----------
         Aggregated                 581     0(0.00%) |     25       7     916     15 |    8.30        0.00

Type     Name                                                                          # reqs      # fails |    Avg     Min     Max    Med |   req/s  failures/s
--------|----------------------------------------------------------------------------|-------|-------------|-------|-------|-------|-------|--------|-----------
GET      /                                                                                 14     0(0.00%) |     34      13      98     20 |    0.40        0.00
GET      /cart                                                                             91     0(0.00%) |     14       6      64     12 |    1.30        0.00
POST     /cart [add]                                                                       91     0(0.00%) |     39      11    1338     16 |    1.20        0.00
POST     /cart/checkout                                                                    41     0(0.00%) |     20      13      95     15 |    0.50        0.00
GET      /product/[id]                                                                    282     0(0.00%) |     22       7     911     12 |    3.90        0.00
POST     /setCurrency                                                                      60     0(0.00%) |     29      14     294     19 |    1.20        0.00
--------|----------------------------------------------------------------------------|-------|-------------|-------|-------|-------|-------|--------|-----------
         Aggregated                                                                       579     0(0.00%) |     24       6    1338     14 |    8.50        0.00

Type     Name                    # reqs      # fails |    Avg     Min     Max    Med |   req/s  failures/s
--------|----------------------|-------|-------------|-------|-------|-------|-------|--------|-----------
GET      /                           20     0(0.00%) |     20      13      32     18 |    0.20        0.00
GET      /cart                       82     0(0.00%) |     15       8      88     13 |    1.20        0.00
POST     /cart [add]                112     0(0.00%) |     31      11     916     16 |    1.60        0.00
POST     /cart/checkout              46     0(0.00%) |     20      12      95     16 |    0.70        0.00
GET      /product/[id]              289     0(0.00%) |     24       7     913     13 |    3.90        0.00
POST     /setCurrency                56     0(0.00%) |     28      13     249     20 |    0.40        0.00
--------|----------------------|-------|-------------|-------|-------|-------|-------|--------|-----------
         Aggregated                 605     0(0.00%) |     24       7     916     15 |    8.00        0.00

Type     Name                                                                          # reqs      # fails |    Avg     Min     Max    Med |   req/s  failures/s
--------|----------------------------------------------------------------------------|-------|-------------|-------|-------|-------|-------|--------|-----------
GET      /                                                                                 14     0(0.00%) |     34      13      98     20 |    0.30        0.00
GET      /cart                                                                             92     0(0.00%) |     14       6      64     12 |    1.20        0.00
POST     /cart [add]                                                                       92     0(0.00%) |     39      11    1338     16 |    1.30        0.00
POST     /cart/checkout                                                                    41     0(0.00%) |     20      13      95     15 |    0.40        0.00
GET      /product/[id]                                                                    292     0(0.00%) |     22       7     911     12 |    4.10        0.00
POST     /setCurrency                                                                      63     0(0.00%) |     29      14     294     19 |    1.00        0.00
--------|----------------------------------------------------------------------------|-------|-------------|-------|-------|-------|-------|--------|-----------
         Aggregated                                                                       594     0(0.00%) |     24       6    1338     14 |    8.30        0.00

Type     Name                    # reqs      # fails |    Avg     Min     Max    Med |   req/s  failures/s
--------|----------------------|-------|-------------|-------|-------|-------|-------|--------|-----------
GET      /                           20     0(0.00%) |     20      13      32     18 |    0.10        0.00
GET      /cart                       82     0(0.00%) |     15       8      88     13 |    1.40        0.00
POST     /cart [add]                113     0(0.00%) |     31      11     916     16 |    1.60        0.00
POST     /cart/checkout              46     0(0.00%) |     20      12      95     16 |    0.70        0.00
GET      /product/[id]              299     0(0.00%) |     24       7     913     13 |    4.00        0.00
POST     /setCurrency                58     0(0.00%) |     28      13     249     20 |    0.60        0.00
--------|----------------------|-------|-------------|-------|-------|-------|-------|--------|-----------
         Aggregated                 618     0(0.00%) |     24       7     916     15 |    8.40        0.00

Type     Name                                                                          # reqs      # fails |    Avg     Min     Max    Med |   req/s  failures/s
--------|----------------------------------------------------------------------------|-------|-------------|-------|-------|-------|-------|--------|-----------
GET      /                                                                                 15     0(0.00%) |     33      13      98     21 |    0.30        0.00
GET      /cart                                                                             93     0(0.00%) |     14       6      64     12 |    1.10        0.00
POST     /cart [add]                                                                       93     0(0.00%) |     38      11    1338     16 |    1.10        0.00
POST     /cart/checkout                                                                    41     0(0.00%) |     20      13      95     15 |    0.20        0.00
GET      /product/[id]                                                                    300     0(0.00%) |     22       7     911     12 |    4.40        0.00
POST     /setCurrency                                                                      64     0(0.00%) |     28      14     294     19 |    1.00        0.00
--------|----------------------------------------------------------------------------|-------|-------------|-------|-------|-------|-------|--------|-----------
         Aggregated                                                                       606     0(0.00%) |     24       6    1338     14 |    8.10        0.00

Type     Name                    # reqs      # fails |    Avg     Min     Max    Med |   req/s  failures/s
--------|----------------------|-------|-------------|-------|-------|-------|-------|--------|-----------
GET      /                           20     0(0.00%) |     20      13      32     18 |    0.10        0.00
GET      /cart                       89     0(0.00%) |     15       8      88     13 |    1.40        0.00
POST     /cart [add]                116     0(0.00%) |     30      11     916     16 |    1.50        0.00
POST     /cart/checkout              48     0(0.00%) |     20      12      95     16 |    0.70        0.00
GET      /product/[id]              307     0(0.00%) |     24       7     913     13 |    3.60        0.00
POST     /setCurrency                58     0(0.00%) |     28      13     249     20 |    0.60        0.00
--------|----------------------|-------|-------------|-------|-------|-------|-------|--------|-----------
         Aggregated                 638     0(0.00%) |     24       7     916     15 |    7.90        0.00

Type     Name                                                                          # reqs      # fails |    Avg     Min     Max    Med |   req/s  failures/s
--------|----------------------------------------------------------------------------|-------|-------------|-------|-------|-------|-------|--------|-----------
GET      /                                                                                 15     0(0.00%) |     33      13      98     21 |    0.20        0.00
GET      /cart                                                                             94     0(0.00%) |     14       6      64     12 |    1.10        0.00
POST     /cart [add]                                                                       97     0(0.00%) |     38      11    1338     16 |    0.80        0.00
POST     /cart/checkout                                                                    42     0(0.00%) |     20      13      95     15 |    0.10        0.00
GET      /product/[id]                                                                    307     0(0.00%) |     22       7     911     12 |    4.60        0.00
POST     /setCurrency                                                                      66     0(0.00%) |     28      14     294     19 |    0.90        0.00
--------|----------------------------------------------------------------------------|-------|-------------|-------|-------|-------|-------|--------|-----------
         Aggregated                                                                       621     0(0.00%) |     24       6    1338     14 |    7.70        0.00

Type     Name                    # reqs      # fails |    Avg     Min     Max    Med |   req/s  failures/s
--------|----------------------|-------|-------------|-------|-------|-------|-------|--------|-----------
GET      /                           20     0(0.00%) |     20      13      32     18 |    0.10        0.00
GET      /cart                       90     0(0.00%) |     15       8      88     13 |    1.70        0.00
POST     /cart [add]                120     0(0.00%) |     30      11     916     16 |    1.70        0.00
POST     /cart/checkout              49     0(0.00%) |     19      12      95     16 |    0.90        0.00
GET      /product/[id]              315     0(0.00%) |     24       7     913     13 |    3.60        0.00
POST     /setCurrency                58     0(0.00%) |     28      13     249     20 |    0.60        0.00
--------|----------------------|-------|-------------|-------|-------|-------|-------|--------|-----------
         Aggregated                 652     0(0.00%) |     24       7     916     15 |    8.60        0.00

Type     Name                                                                          # reqs      # fails |    Avg     Min     Max    Med |   req/s  failures/s
--------|----------------------------------------------------------------------------|-------|-------------|-------|-------|-------|-------|--------|-----------
GET      /                                                                                 16     0(0.00%) |     32      13      98     20 |    0.20        0.00
GET      /cart                                                                             96     0(0.00%) |     14       6      64     12 |    1.10        0.00
POST     /cart [add]                                                                       99     0(0.00%) |     37      11    1338     16 |    0.70        0.00
POST     /cart/checkout                                                                    43     0(0.00%) |     20      13      95     15 |    0.10        0.00
GET      /product/[id]                                                                    319     0(0.00%) |     21       7     911     12 |    4.30        0.00
POST     /setCurrency                                                                      67     0(0.00%) |     28      14     294     19 |    0.60        0.00
--------|----------------------------------------------------------------------------|-------|-------------|-------|-------|-------|-------|--------|-----------
         Aggregated                                                                       640     0(0.00%) |     24       6    1338     14 |    7.00        0.00

Type     Name                    # reqs      # fails |    Avg     Min     Max    Med |   req/s  failures/s
--------|----------------------|-------|-------------|-------|-------|-------|-------|--------|-----------
GET      /                           20     0(0.00%) |     20      13      32     18 |    0.10        0.00
GET      /cart                       93     0(0.00%) |     15       8      88     13 |    1.70        0.00
POST     /cart [add]                124     0(0.00%) |     30      11     916     16 |    1.70        0.00
POST     /cart/checkout              50     0(0.00%) |     19      12      95     16 |    0.70        0.00
GET      /product/[id]              323     0(0.00%) |     23       7     913     13 |    3.70        0.00
POST     /setCurrency                60     0(0.00%) |     28      13     249     21 |    0.50        0.00
--------|----------------------|-------|-------------|-------|-------|-------|-------|--------|-----------
         Aggregated                 670     0(0.00%) |     23       7     916     15 |    8.40        0.00

Type     Name                                                                          # reqs      # fails |    Avg     Min     Max    Med |   req/s  failures/s
--------|----------------------------------------------------------------------------|-------|-------------|-------|-------|-------|-------|--------|-----------
GET      /                                                                                 16     0(0.00%) |     32      13      98     20 |    0.20        0.00
GET      /cart                                                                             97     0(0.00%) |     14       6      64     12 |    0.80        0.00
POST     /cart [add]                                                                      102     0(0.00%) |     37      11    1338     16 |    1.00        0.00
POST     /cart/checkout                                                                    43     0(0.00%) |     20      13      95     15 |    0.20        0.00
GET      /product/[id]                                                                    330     0(0.00%) |     21       7     911     12 |    4.40        0.00
POST     /setCurrency                                                                      70     0(0.00%) |     28      14     294     20 |    0.80        0.00
--------|----------------------------------------------------------------------------|-------|-------------|-------|-------|-------|-------|--------|-----------
         Aggregated                                                                       658     0(0.00%) |     23       6    1338     14 |    7.40        0.00

Type     Name                    # reqs      # fails |    Avg     Min     Max    Med |   req/s  failures/s
--------|----------------------|-------|-------------|-------|-------|-------|-------|--------|-----------
GET      /                           20     0(0.00%) |     20      13      32     18 |    0.00        0.00
GET      /cart                       94     0(0.00%) |     15       8      88     13 |    1.60        0.00
POST     /cart [add]                130     0(0.00%) |     29      11     916     16 |    1.80        0.00
POST     /cart/checkout              53     0(0.00%) |     19      12      95     16 |    0.80        0.00
GET      /product/[id]              327     0(0.00%) |     23       7     913     13 |    4.00        0.00
POST     /setCurrency                61     0(0.00%) |     28      13     249     21 |    0.50        0.00
--------|----------------------|-------|-------------|-------|-------|-------|-------|--------|-----------
         Aggregated                 685     0(0.00%) |     23       7     916     15 |    8.70        0.00

Type     Name                                                                          # reqs      # fails |    Avg     Min     Max    Med |   req/s  failures/s
--------|----------------------------------------------------------------------------|-------|-------------|-------|-------|-------|-------|--------|-----------
GET      /                                                                                 16     0(0.00%) |     32      13      98     20 |    0.20        0.00
GET      /cart                                                                            101     0(0.00%) |     14       6      64     12 |    0.80        0.00
POST     /cart [add]                                                                      106     0(0.00%) |     36      11    1338     16 |    0.90        0.00
POST     /cart/checkout                                                                    45     0(0.00%) |     20      13      95     15 |    0.20        0.00
GET      /product/[id]                                                                    336     0(0.00%) |     21       7     911     12 |    4.90        0.00
POST     /setCurrency                                                                      71     0(0.00%) |     28      14     294     20 |    0.80        0.00
--------|----------------------------------------------------------------------------|-------|-------------|-------|-------|-------|-------|--------|-----------
         Aggregated                                                                       675     0(0.00%) |     23       6    1338     14 |    7.80        0.00

Type     Name                    # reqs      # fails |    Avg     Min     Max    Med |   req/s  failures/s
--------|----------------------|-------|-------------|-------|-------|-------|-------|--------|-----------
GET      /                           20     0(0.00%) |     20      13      32     18 |    0.00        0.00
GET      /cart                       95     0(0.00%) |     15       8      88     13 |    1.20        0.00
POST     /cart [add]                133     0(0.00%) |     29      11     916     16 |    1.90        0.00
POST     /cart/checkout              53     0(0.00%) |     19      12      95     16 |    0.70        0.00
GET      /product/[id]              341     0(0.00%) |     23       7     913     13 |    3.60        0.00
POST     /setCurrency                63     0(0.00%) |     27      13     249     21 |    0.50        0.00
--------|----------------------|-------|-------------|-------|-------|-------|-------|--------|-----------
         Aggregated                 705     0(0.00%) |     23       7     916     15 |    7.90        0.00

Type     Name                                                                          # reqs      # fails |    Avg     Min     Max    Med |   req/s  failures/s
--------|----------------------------------------------------------------------------|-------|-------------|-------|-------|-------|-------|--------|-----------
GET      /                                                                                 17     0(0.00%) |     31      13      98     21 |    0.20        0.00
GET      /cart                                                                            107     0(0.00%) |     14       6      64     12 |    1.00        0.00
POST     /cart [add]                                                                      109     0(0.00%) |     36      11    1338     16 |    1.40        0.00
POST     /cart/checkout                                                                    47     0(0.00%) |     20      13      95     16 |    0.40        0.00
GET      /product/[id]                                                                    343     0(0.00%) |     21       7     911     12 |    4.50        0.00
POST     /setCurrency                                                                      71     0(0.00%) |     28      14     294     20 |    0.70        0.00
--------|----------------------------------------------------------------------------|-------|-------------|-------|-------|-------|-------|--------|-----------
         Aggregated                                                                       694     0(0.00%) |     23       6    1338     14 |    8.20        0.00

Type     Name                    # reqs      # fails |    Avg     Min     Max    Med |   req/s  failures/s
--------|----------------------|-------|-------------|-------|-------|-------|-------|--------|-----------
GET      /                           21     0(0.00%) |     20      12      32     18 |    0.00        0.00
GET      /cart                      100     0(0.00%) |     15       8      88     13 |    1.20        0.00
POST     /cart [add]                135     0(0.00%) |     29      11     916     16 |    1.90        0.00
POST     /cart/checkout              53     0(0.00%) |     19      12      95     16 |    0.70        0.00
GET      /product/[id]              344     0(0.00%) |     23       7     913     13 |    4.50        0.00
POST     /setCurrency                66     0(0.00%) |     27      13     249     20 |    0.30        0.00
--------|----------------------|-------|-------------|-------|-------|-------|-------|--------|-----------
         Aggregated                 719     0(0.00%) |     23       7     916     15 |    8.60        0.00

Type     Name                                                                          # reqs      # fails |    Avg     Min     Max    Med |   req/s  failures/s
--------|----------------------------------------------------------------------------|-------|-------------|-------|-------|-------|-------|--------|-----------
GET      /                                                                                 18     0(0.00%) |     30      13      98     20 |    0.20        0.00
GET      /cart                                                                            109     0(0.00%) |     14       6      64     12 |    1.20        0.00
POST     /cart [add]                                                                      111     0(0.00%) |     35      11    1338     17 |    1.50        0.00
POST     /cart/checkout                                                                    48     0(0.00%) |     20      13      95     16 |    0.50        0.00
GET      /product/[id]                                                                    347     0(0.00%) |     21       7     911     12 |    4.00        0.00
POST     /setCurrency                                                                      72     0(0.00%) |     28      14     294     20 |    0.70        0.00
--------|----------------------------------------------------------------------------|-------|-------------|-------|-------|-------|-------|--------|-----------
         Aggregated                                                                       705     0(0.00%) |     23       6    1338     14 |    8.10        0.00

Type     Name                    # reqs      # fails |    Avg     Min     Max    Med |   req/s  failures/s
--------|----------------------|-------|-------------|-------|-------|-------|-------|--------|-----------
GET      /                           21     0(0.00%) |     20      12      32     18 |    0.00        0.00
GET      /cart                      102     0(0.00%) |     15       8      88     13 |    1.10        0.00
POST     /cart [add]                136     0(0.00%) |     29      11     916     16 |    1.70        0.00
POST     /cart/checkout              54     0(0.00%) |     19      12      95     16 |    0.50        0.00
GET      /product/[id]              352     0(0.00%) |     23       7     913     12 |    3.70        0.00
POST     /setCurrency                68     0(0.00%) |     27      13     249     20 |    0.60        0.00
--------|----------------------|-------|-------------|-------|-------|-------|-------|--------|-----------
         Aggregated                 733     0(0.00%) |     23       7     916     15 |    7.60        0.00

Type     Name                                                                          # reqs      # fails |    Avg     Min     Max    Med |   req/s  failures/s
--------|----------------------------------------------------------------------------|-------|-------------|-------|-------|-------|-------|--------|-----------
GET      /                                                                                 18     0(0.00%) |     30      13      98     20 |    0.30        0.00
GET      /cart                                                                            115     0(0.00%) |     14       6      64     12 |    1.50        0.00
POST     /cart [add]                                                                      112     0(0.00%) |     35      11    1338     17 |    1.30        0.00
POST     /cart/checkout                                                                    48     0(0.00%) |     20      13      95     16 |    0.50        0.00
GET      /product/[id]                                                                    355     0(0.00%) |     20       7     911     12 |    4.00        0.00
POST     /setCurrency                                                                      74     0(0.00%) |     29      14     294     20 |    0.80        0.00
--------|----------------------------------------------------------------------------|-------|-------------|-------|-------|-------|-------|--------|-----------
         Aggregated                                                                       722     0(0.00%) |     23       6    1338     14 |    8.40        0.00

Type     Name                    # reqs      # fails |    Avg     Min     Max    Med |   req/s  failures/s
--------|----------------------|-------|-------------|-------|-------|-------|-------|--------|-----------
GET      /                           21     0(0.00%) |     20      12      32     18 |    0.10        0.00
GET      /cart                      105     0(0.00%) |     15       8      88     13 |    1.20        0.00
POST     /cart [add]                140     0(0.00%) |     28      11     916     16 |    1.60        0.00
POST     /cart/checkout              56     0(0.00%) |     19      12      95     16 |    0.50        0.00
GET      /product/[id]              361     0(0.00%) |     22       7     913     12 |    3.90        0.00
POST     /setCurrency                71     0(0.00%) |     27      13     249     20 |    1.00        0.00
--------|----------------------|-------|-------------|-------|-------|-------|-------|--------|-----------
         Aggregated                 754     0(0.00%) |     22       7     916     15 |    8.30        0.00

Type     Name                                                                          # reqs      # fails |    Avg     Min     Max    Med |   req/s  failures/s
--------|----------------------------------------------------------------------------|-------|-------------|-------|-------|-------|-------|--------|-----------
GET      /                                                                                 19     0(0.00%) |     30      13      98     20 |    0.20        0.00
GET      /cart                                                                            116     0(0.00%) |     14       6      64     12 |    1.70        0.00
POST     /cart [add]                                                                      117     0(0.00%) |     35      11    1338     17 |    1.20        0.00
POST     /cart/checkout                                                                    50     0(0.00%) |     20      13      95     16 |    0.50        0.00
GET      /product/[id]                                                                    363     0(0.00%) |     20       7     911     12 |    3.80        0.00
POST     /setCurrency                                                                      75     0(0.00%) |     28      14     294     20 |    0.70        0.00
--------|----------------------------------------------------------------------------|-------|-------------|-------|-------|-------|-------|--------|-----------
         Aggregated                                                                       740     0(0.00%) |     23       6    1338     14 |    8.10        0.00

Type     Name                    # reqs      # fails |    Avg     Min     Max    Med |   req/s  failures/s
--------|----------------------|-------|-------------|-------|-------|-------|-------|--------|-----------
GET      /                           22     0(0.00%) |     19      12      32     18 |    0.10        0.00
GET      /cart                      105     0(0.00%) |     15       8      88     13 |    1.20        0.00
POST     /cart [add]                147     0(0.00%) |     28      11     916     16 |    1.60        0.00
POST     /cart/checkout              60     0(0.00%) |     19      12      95     16 |    0.50        0.00
GET      /product/[id]              364     0(0.00%) |     22       7     913     12 |    4.00        0.00
POST     /setCurrency                74     0(0.00%) |     26      13     249     20 |    1.10        0.00
--------|----------------------|-------|-------------|-------|-------|-------|-------|--------|-----------
         Aggregated                 772     0(0.00%) |     22       7     916     15 |    8.50        0.00

Type     Name                                                                          # reqs      # fails |    Avg     Min     Max    Med |   req/s  failures/s
--------|----------------------------------------------------------------------------|-------|-------------|-------|-------|-------|-------|--------|-----------
GET      /                                                                                 20     0(0.00%) |     30      13      98     20 |    0.20        0.00
GET      /cart                                                                            117     0(0.00%) |     14       6      64     12 |    1.80        0.00
POST     /cart [add]                                                                      117     0(0.00%) |     35      11    1338     17 |    1.60        0.00
POST     /cart/checkout                                                                    50     0(0.00%) |     20      13      95     16 |    0.60        0.00
GET      /product/[id]                                                                    371     0(0.00%) |     20       7     911     12 |    3.00        0.00
POST     /setCurrency                                                                      77     0(0.00%) |     28      14     294     20 |    0.70        0.00
--------|----------------------------------------------------------------------------|-------|-------------|-------|-------|-------|-------|--------|-----------
         Aggregated                                                                       752     0(0.00%) |     22       6    1338     14 |    7.90        0.00

Type     Name                    # reqs      # fails |    Avg     Min     Max    Med |   req/s  failures/s
--------|----------------------|-------|-------------|-------|-------|-------|-------|--------|-----------
GET      /                           23     0(0.00%) |     24      12     121     18 |    0.20        0.00
GET      /cart                      107     0(0.00%) |     15       8      88     13 |    1.20        0.00
POST     /cart [add]                151     0(0.00%) |     28      11     916     16 |    1.70        0.00
POST     /cart/checkout              61     0(0.00%) |     19      12      95     16 |    0.60        0.00
GET      /product/[id]              370     0(0.00%) |     22       7     913     12 |    3.80        0.00
POST     /setCurrency                75     0(0.00%) |     26      13     249     20 |    1.10        0.00
--------|----------------------|-------|-------------|-------|-------|-------|-------|--------|-----------
         Aggregated                 787     0(0.00%) |     22       7     916     15 |    8.60        0.00

Type     Name                                                                          # reqs      # fails |    Avg     Min     Max    Med |   req/s  failures/s
--------|----------------------------------------------------------------------------|-------|-------------|-------|-------|-------|-------|--------|-----------
GET      /                                                                                 20     0(0.00%) |     30      13      98     20 |    0.30        0.00
GET      /cart                                                                            119     0(0.00%) |     14       6      64     12 |    1.60        0.00
POST     /cart [add]                                                                      120     0(0.00%) |     35      11    1338     17 |    1.10        0.00
POST     /cart/checkout                                                                    52     0(0.00%) |     20      13      95     17 |    0.50        0.00
GET      /product/[id]                                                                    380     0(0.00%) |     20       7     911     12 |    3.50        0.00
POST     /setCurrency                                                                      79     0(0.00%) |     29      14     294     20 |    0.50        0.00
--------|----------------------------------------------------------------------------|-------|-------------|-------|-------|-------|-------|--------|-----------
         Aggregated                                                                       770     0(0.00%) |     22       6    1338     14 |    7.50        0.00

Type     Name                    # reqs      # fails |    Avg     Min     Max    Med |   req/s  failures/s
--------|----------------------|-------|-------------|-------|-------|-------|-------|--------|-----------
GET      /                           23     0(0.00%) |     24      12     121     18 |    0.30        0.00
GET      /cart                      108     0(0.00%) |     15       8      88     13 |    1.20        0.00
POST     /cart [add]                153     0(0.00%) |     30      11     916     17 |    1.80        0.00
POST     /cart/checkout              62     0(0.00%) |     19      12      95     16 |    0.70        0.00
GET      /product/[id]              381     0(0.00%) |     23       7     913     12 |    3.20        0.00
POST     /setCurrency                77     0(0.00%) |     29      13     253     20 |    1.40        0.00
--------|----------------------|-------|-------------|-------|-------|-------|-------|--------|-----------
         Aggregated                 804     0(0.00%) |     23       7     916     15 |    8.60        0.00

Type     Name                                                                          # reqs      # fails |    Avg     Min     Max    Med |   req/s  failures/s
--------|----------------------------------------------------------------------------|-------|-------------|-------|-------|-------|-------|--------|-----------
GET      /                                                                                 20     0(0.00%) |     30      13      98     20 |    0.30        0.00
GET      /cart                                                                            123     0(0.00%) |     16       6     253     12 |    1.40        0.00
POST     /cart [add]                                                                      124     0(0.00%) |     35      11    1338     17 |    1.10        0.00
POST     /cart/checkout                                                                    52     0(0.00%) |     20      13      95     17 |    0.60        0.00
GET      /product/[id]                                                                    388     0(0.00%) |     22       7     911     12 |    3.90        0.00
POST     /setCurrency                                                                      81     0(0.00%) |     29      14     294     20 |    0.80        0.00
--------|----------------------------------------------------------------------------|-------|-------------|-------|-------|-------|-------|--------|-----------
         Aggregated                                                                       788     0(0.00%) |     24       6    1338     14 |    8.10        0.00

Type     Name                    # reqs      # fails |    Avg     Min     Max    Med |   req/s  failures/s
--------|----------------------|-------|-------------|-------|-------|-------|-------|--------|-----------
GET      /                           23     0(0.00%) |     24      12     121     18 |    0.30        0.00
GET      /cart                      110     0(0.00%) |     15       8      88     13 |    1.10        0.00
POST     /cart [add]                155     0(0.00%) |     29      11     916     17 |    1.90        0.00
POST     /cart/checkout              62     0(0.00%) |     19      12      95     16 |    0.90        0.00
GET      /product/[id]              387     0(0.00%) |     23       7     913     12 |    3.50        0.00
POST     /setCurrency                79     0(0.00%) |     30      13     253     20 |    1.20        0.00
--------|----------------------|-------|-------------|-------|-------|-------|-------|--------|-----------
         Aggregated                 816     0(0.00%) |     23       7     916     15 |    8.90        0.00

Type     Name                                                                          # reqs      # fails |    Avg     Min     Max    Med |   req/s  failures/s
--------|----------------------------------------------------------------------------|-------|-------------|-------|-------|-------|-------|--------|-----------
GET      /                                                                                 20     0(0.00%) |     30      13      98     20 |    0.30        0.00
GET      /cart                                                                            124     0(0.00%) |     16       6     253     12 |    1.40        0.00
POST     /cart [add]                                                                      128     0(0.00%) |     34      11    1338     17 |    1.20        0.00
POST     /cart/checkout                                                                    54     0(0.00%) |     20      13      95     17 |    0.50        0.00
GET      /product/[id]                                                                    393     0(0.00%) |     22       7     911     12 |    3.80        0.00
POST     /setCurrency                                                                      82     0(0.00%) |     29      14     294     20 |    0.80        0.00
--------|----------------------------------------------------------------------------|-------|-------------|-------|-------|-------|-------|--------|-----------
         Aggregated                                                                       801     0(0.00%) |     24       6    1338     14 |    8.00        0.00

Type     Name                    # reqs      # fails |    Avg     Min     Max    Med |   req/s  failures/s
--------|----------------------|-------|-------------|-------|-------|-------|-------|--------|-----------
GET      /                           23     0(0.00%) |     24      12     121     18 |    0.20        0.00
GET      /cart                      111     0(0.00%) |     15       8      88     13 |    0.80        0.00
POST     /cart [add]                160     0(0.00%) |     29      11     916     17 |    1.80        0.00
POST     /cart/checkout              64     0(0.00%) |     19      12      95     16 |    0.80        0.00
GET      /product/[id]              395     0(0.00%) |     22       7     913     12 |    3.50        0.00
POST     /setCurrency                81     0(0.00%) |     30      13     253     20 |    0.90        0.00
--------|----------------------|-------|-------------|-------|-------|-------|-------|--------|-----------
         Aggregated                 834     0(0.00%) |     23       7     916     15 |    8.00        0.00

Type     Name                                                                          # reqs      # fails |    Avg     Min     Max    Med |   req/s  failures/s
--------|----------------------------------------------------------------------------|-------|-------------|-------|-------|-------|-------|--------|-----------
GET      /                                                                                 20     0(0.00%) |     30      13      98     20 |    0.20        0.00
GET      /cart                                                                            126     0(0.00%) |     15       6     253     12 |    1.10        0.00
POST     /cart [add]                                                                      131     0(0.00%) |     34      11    1338     17 |    1.70        0.00
POST     /cart/checkout                                                                    56     0(0.00%) |     20      13      95     17 |    0.60        0.00
GET      /product/[id]                                                                    401     0(0.00%) |     22       7     911     12 |    4.00        0.00
POST     /setCurrency                                                                      85     0(0.00%) |     28      14     294     19 |    0.80        0.00
--------|----------------------------------------------------------------------------|-------|-------------|-------|-------|-------|-------|--------|-----------
         Aggregated                                                                       819     0(0.00%) |     24       6    1338     14 |    8.40        0.00

Type     Name                    # reqs      # fails |    Avg     Min     Max    Med |   req/s  failures/s
--------|----------------------|-------|-------------|-------|-------|-------|-------|--------|-----------
GET      /                           24     0(0.00%) |     24      12     121     18 |    0.20        0.00
GET      /cart                      114     0(0.00%) |     15       8      88     13 |    0.60        0.00
POST     /cart [add]                162     0(0.00%) |     29      11     916     17 |    2.20        0.00
POST     /cart/checkout              65     0(0.00%) |     19      12      95     16 |    0.90        0.00
GET      /product/[id]              399     0(0.00%) |     22       7     913     12 |    3.20        0.00
POST     /setCurrency                83     0(0.00%) |     30      13     253     20 |    0.90        0.00
--------|----------------------|-------|-------------|-------|-------|-------|-------|--------|-----------
         Aggregated                 847     0(0.00%) |     23       7     916     15 |    8.00        0.00

Type     Name                                                                          # reqs      # fails |    Avg     Min     Max    Med |   req/s  failures/s
--------|----------------------------------------------------------------------------|-------|-------------|-------|-------|-------|-------|--------|-----------
GET      /                                                                                 21     0(0.00%) |     29      13      98     20 |    0.20        0.00
GET      /cart                                                                            127     0(0.00%) |     15       6     253     12 |    1.10        0.00
POST     /cart [add]                                                                      133     0(0.00%) |     34      11    1338     17 |    1.50        0.00
POST     /cart/checkout                                                                    57     0(0.00%) |     19      13      95     17 |    0.70        0.00
GET      /product/[id]                                                                    411     0(0.00%) |     22       7     911     12 |    4.10        0.00
POST     /setCurrency                                                                      85     0(0.00%) |     28      14     294     19 |    1.00        0.00
--------|----------------------------------------------------------------------------|-------|-------------|-------|-------|-------|-------|--------|-----------
         Aggregated                                                                       834     0(0.00%) |     23       6    1338     14 |    8.60        0.00

Type     Name                    # reqs      # fails |    Avg     Min     Max    Med |   req/s  failures/s
--------|----------------------|-------|-------------|-------|-------|-------|-------|--------|-----------
GET      /                           24     0(0.00%) |     24      12     121     18 |    0.20        0.00
GET      /cart                      116     0(0.00%) |     15       8      88     13 |    0.70        0.00
POST     /cart [add]                164     0(0.00%) |     29      11     916     17 |    1.80        0.00
POST     /cart/checkout              66     0(0.00%) |     19      12      95     16 |    0.80        0.00
GET      /product/[id]              410     0(0.00%) |     22       7     913     12 |    3.70        0.00
POST     /setCurrency                85     0(0.00%) |     30      13     253     20 |    1.10        0.00
--------|----------------------|-------|-------------|-------|-------|-------|-------|--------|-----------
         Aggregated                 865     0(0.00%) |     23       7     916     15 |    8.30        0.00

Type     Name                                                                          # reqs      # fails |    Avg     Min     Max    Med |   req/s  failures/s
--------|----------------------------------------------------------------------------|-------|-------------|-------|-------|-------|-------|--------|-----------
GET      /                                                                                 22     0(0.00%) |     28      12      98     19 |    0.20        0.00
GET      /cart                                                                            129     0(0.00%) |     15       6     253     12 |    1.00        0.00
POST     /cart [add]                                                                      135     0(0.00%) |     33      11    1338     17 |    1.60        0.00
POST     /cart/checkout                                                                    58     0(0.00%) |     19      13      95     17 |    0.70        0.00
GET      /product/[id]                                                                    421     0(0.00%) |     22       7     911     12 |    4.20        0.00
POST     /setCurrency                                                                      86     0(0.00%) |     28      14     294     19 |    1.00        0.00
--------|----------------------------------------------------------------------------|-------|-------------|-------|-------|-------|-------|--------|-----------
         Aggregated                                                                       851     0(0.00%) |     23       6    1338     14 |    8.70        0.00

Type     Name                    # reqs      # fails |    Avg     Min     Max    Med |   req/s  failures/s
Type     Name                                                                          # reqs      # fails |    Avg     Min     Max    Med |   req/s  failures/s
--------|----------------------|-------|-------------|-------|-------|-------|-------|--------|-----------
--------|----------------------------------------------------------------------------|-------|-------------|-------|-------|-------|-------|--------|-----------
GET      /                           25     0(0.00%) |     23      12     121     18 |    0.10        0.00
GET      /                                                                                 22     0(0.00%) |     28      12      98     19 |    0.20        0.00
GET      /cart                      120     0(0.00%) |     15       8      88     13 |    0.90        0.00
GET      /cart                                                                            131     0(0.00%) |     15       6     253     12 |    1.00        0.00
POST     /cart [add]                167     0(0.00%) |     28      11     916     17 |    1.50        0.00
POST     /cart [add]                                                                      137     0(0.00%) |     33      11    1338     17 |    1.50        0.00
POST     /cart/checkout              66     0(0.00%) |     19      12      95     16 |    0.60        0.00
POST     /cart/checkout                                                                    58     0(0.00%) |     19      13      95     17 |    0.60        0.00
GET      /product/[id]              416     0(0.00%) |     22       7     913     12 |    3.60        0.00
GET      /product/[id]                                                                    428     0(0.00%) |     22       7     911     12 |    4.00        0.00
POST     /setCurrency                88     0(0.00%) |     30      13     253     20 |    1.00        0.00
POST     /setCurrency                                                                      90     0(0.00%) |     28      14     294     19 |    0.70        0.00
--------|----------------------|-------|-------------|-------|-------|-------|-------|--------|-----------
--------|----------------------------------------------------------------------------|-------|-------------|-------|-------|-------|-------|--------|-----------
         Aggregated                 882     0(0.00%) |     23       7     916     15 |    7.70        0.00
         Aggregated                                                                       866     0(0.00%) |     23       6    1338     14 |    8.00        0.00


Type     Name                                                                          # reqs      # fails |    Avg     Min     Max    Med |   req/s  failures/s
--------|----------------------------------------------------------------------------|-------|-------------|-------|-------|-------|-------|--------|-----------
Type     Name                    # reqs      # fails |    Avg     Min     Max    Med |   req/s  failures/s
GET      /                                                                                 22     0(0.00%) |     28      12      98     19 |    0.20        0.00
GET      /cart                                                                            134     0(0.00%) |     15       6     253     12 |    0.70        0.00
--------|----------------------|-------|-------------|-------|-------|-------|-------|--------|-----------
POST     /cart [add]                                                                      142     0(0.00%) |     33      11    1338     17 |    1.50        0.00
POST     /cart/checkout                                                                    60     0(0.00%) |     19      12      95     17 |    0.60        0.00
GET      /                           25     0(0.00%) |     23      12     121     18 |    0.20        0.00
GET      /product/[id]                                                                    439     0(0.00%) |     21       7     911     12 |    3.80        0.00
GET      /cart                      124     0(0.00%) |     14       8      88     12 |    1.00        0.00
POST     /setCurrency                                                                      90     0(0.00%) |     28      14     294     19 |    0.80        0.00
POST     /cart [add]                169     0(0.00%) |     28      11     916     17 |    1.30        0.00
--------|----------------------------------------------------------------------------|-------|-------------|-------|-------|-------|-------|--------|-----------
POST     /cart/checkout              67     0(0.00%) |     19      12      95     16 |    0.40        0.00
         Aggregated                                                                       887     0(0.00%) |     23       6    1338     14 |    7.60        0.00
GET      /product/[id]              421     0(0.00%) |     22       7     913     12 |    3.80        0.00

POST     /setCurrency                89     0(0.00%) |     29      13     253     20 |    1.00        0.00
--------|----------------------|-------|-------------|-------|-------|-------|-------|--------|-----------
         Aggregated                 895     0(0.00%) |     23       7     916     15 |    7.70        0.00

Type     Name                    # reqs      # fails |    Avg     Min     Max    Med |   req/s  failures/s
--------|----------------------|-------|-------------|-------|-------|-------|-------|--------|-----------
GET      /                           26     0(0.00%) |     23      12     121     18 |    0.20        0.00
GET      /cart                      126     0(0.00%) |     15       8      88     12 |    1.20        0.00
POST     /cart [add]                173     0(0.00%) |     28      11     916     16 |    1.50        0.00
POST     /cart/checkout              68     0(0.00%) |     19      12      95     16 |    0.50        0.00
GET      /product/[id]              430     0(0.00%) |     23       7     913     12 |    3.50        0.00
POST     /setCurrency                90     0(0.00%) |     29      13     253     20 |    1.20        0.00
--------|----------------------|-------|-------------|-------|-------|-------|-------|--------|-----------
         Aggregated                 913     0(0.00%) |     23       7     916     15 |    8.10        0.00

Type     Name                                                                          # reqs      # fails |    Avg     Min     Max    Med |   req/s  failures/s
--------|----------------------------------------------------------------------------|-------|-------------|-------|-------|-------|-------|--------|-----------
GET      /                                                                                 22     0(0.00%) |     28      12      98     19 |    0.20        0.00
GET      /cart                                                                            137     0(0.00%) |     15       6     253     12 |    0.90        0.00
POST     /cart [add]                                                                      147     0(0.00%) |     35      11    1338     17 |    1.10        0.00
POST     /cart/checkout                                                                    63     0(0.00%) |     19      12      95     17 |    0.40        0.00
GET      /product/[id]                                                                    449     0(0.00%) |     23       6     911     12 |    4.40        0.00
POST     /setCurrency                                                                      90     0(0.00%) |     28      14     294     19 |    0.80        0.00
--------|----------------------------------------------------------------------------|-------|-------------|-------|-------|-------|-------|--------|-----------
         Aggregated                                                                       908     0(0.00%) |     24       6    1338     14 |    7.80        0.00

Type     Name                    # reqs      # fails |    Avg     Min     Max    Med |   req/s  failures/s
--------|----------------------|-------|-------------|-------|-------|-------|-------|--------|-----------
GET      /                           26     0(0.00%) |     23      12     121     18 |    0.20        0.00
GET      /cart                      129     0(0.00%) |     15       8      88     13 |    1.50        0.00
POST     /cart [add]                174     0(0.00%) |     28      11     916     16 |    1.20        0.00
POST     /cart/checkout              68     0(0.00%) |     19      12      95     16 |    0.40        0.00
GET      /product/[id]              442     0(0.00%) |     23       7     913     12 |    3.50        0.00
POST     /setCurrency                92     0(0.00%) |     29      13     253     20 |    1.10        0.00
--------|----------------------|-------|-------------|-------|-------|-------|-------|--------|-----------
         Aggregated                 931     0(0.00%) |     23       7     916     15 |    7.90        0.00

Type     Name                                                                          # reqs      # fails |    Avg     Min     Max    Med |   req/s  failures/s
--------|----------------------------------------------------------------------------|-------|-------------|-------|-------|-------|-------|--------|-----------
GET      /                                                                                 25     0(0.00%) |     27      12      98     19 |    0.20        0.00
GET      /cart                                                                            139     0(0.00%) |     15       6     253     12 |    0.90        0.00
POST     /cart [add]                                                                      148     0(0.00%) |     34      11    1338     17 |    1.40        0.00
POST     /cart/checkout                                                                    63     0(0.00%) |     19      12      95     17 |    0.50        0.00
GET      /product/[id]                                                                    458     0(0.00%) |     23       6     911     12 |    4.80        0.00
POST     /setCurrency                                                                      90     0(0.00%) |     28      14     294     19 |    0.50        0.00
--------|----------------------------------------------------------------------------|-------|-------------|-------|-------|-------|-------|--------|-----------
         Aggregated                                                                       923     0(0.00%) |     24       6    1338     14 |    8.30        0.00

Type     Name                    # reqs      # fails |    Avg     Min     Max    Med |   req/s  failures/s
--------|----------------------|-------|-------------|-------|-------|-------|-------|--------|-----------
GET      /                           26     0(0.00%) |     23      12     121     18 |    0.20        0.00
GET      /cart                      132     0(0.00%) |     15       8      88     13 |    1.60        0.00
POST     /cart [add]                178     0(0.00%) |     28      11     916     16 |    1.20        0.00
POST     /cart/checkout              70     0(0.00%) |     19      12      95     16 |    0.30        0.00
GET      /product/[id]              453     0(0.00%) |     23       7     913     12 |    3.90        0.00
POST     /setCurrency                92     0(0.00%) |     29      13     253     20 |    0.80        0.00
--------|----------------------|-------|-------------|-------|-------|-------|-------|--------|-----------
         Aggregated                 951     0(0.00%) |     23       7     916     15 |    8.00        0.00

Type     Name                                                                          # reqs      # fails |    Avg     Min     Max    Med |   req/s  failures/s
--------|----------------------------------------------------------------------------|-------|-------------|-------|-------|-------|-------|--------|-----------
GET      /                                                                                 25     0(0.00%) |     27      12      98     19 |    0.30        0.00
GET      /cart                                                                            140     0(0.00%) |     15       6     253     12 |    1.20        0.00
POST     /cart [add]                                                                      149     0(0.00%) |     34      11    1338     17 |    1.50        0.00
POST     /cart/checkout                                                                    63     0(0.00%) |     19      12      95     17 |    0.60        0.00
GET      /product/[id]                                                                    469     0(0.00%) |     23       6     911     12 |    4.50        0.00
POST     /setCurrency                                                                      91     0(0.00%) |     28      14     294     19 |    0.50        0.00
--------|----------------------------------------------------------------------------|-------|-------------|-------|-------|-------|-------|--------|-----------
         Aggregated                                                                       937     0(0.00%) |     24       6    1338     14 |    8.60        0.00

Type     Name                                                                          # reqs      # fails |    Avg     Min     Max    Med |   req/s  failures/s
Type     Name                    # reqs      # fails |    Avg     Min     Max    Med |   req/s  failures/s
--------|----------------------|-------|-------------|-------|-------|-------|-------|--------|-----------
--------|----------------------------------------------------------------------------|-------|-------------|-------|-------|-------|-------|--------|-----------
GET      /                           28     0(0.00%) |     22      12     121     17 |    0.23        0.00
GET      /                                                                                 25     0(0.00%) |     27      12      98     19 |    0.21        0.00
GET      /cart                      134     0(0.00%) |     15       8      88     13 |    1.12        0.00
GET      /cart                                                                            142     0(0.00%) |     15       6     253     12 |    1.19        0.00
POST     /cart [add]                179     0(0.00%) |     27      11     916     16 |    1.50        0.00
POST     /cart [add]                                                                      152     0(0.00%) |     34      11    1338     17 |    1.27        0.00
POST     /cart/checkout              70     0(0.00%) |     19      12      95     16 |    0.59        0.00
POST     /cart/checkout                                                                    65     0(0.00%) |     19      12      95     17 |    0.54        0.00
GET      /product/[id]              456     0(0.00%) |     23       7     913     12 |    3.81        0.00
GET      /product/[id]                                                                    475     0(0.00%) |     23       6     911     12 |    3.97        0.00
POST     /setCurrency                93     0(0.00%) |     29      13     253     20 |    0.78        0.00
POST     /setCurrency                                                                      92     0(0.00%) |     28      14     294     19 |    0.77        0.00
--------|----------------------|-------|-------------|-------|-------|-------|-------|--------|-----------
--------|----------------------------------------------------------------------------|-------|-------------|-------|-------|-------|-------|--------|-----------
         Aggregated                 960     0(0.00%) |     23       7     916     15 |    8.03        0.00
         Aggregated                                                                       951     0(0.00%) |     24       6    1338     14 |    7.94        0.00


Response time percentiles (approximated)
Response time percentiles (approximated)
Type     Name                            50%    66%    75%    80%    90%    95%    98%    99%  99.9% 99.99%   100% # reqs
Type     Name                                                                                  50%    66%    75%    80%    90%    95%    98%    99%  99.9% 99.99%   100% # reqs
--------|--------------------------|--------|------|------|------|------|------|------|------|------|------|------|------
--------|--------------------------------------------------------------------------------|--------|------|------|------|------|------|------|------|------|------|------|------
GET      /                                18     21     24     26     29     33    120    120    120    120    120     28
GET      /                                                                                      19     22     26     29     82     86     98     98     98     98     98     25
GET      /cart                            13     15     17     20     23     27     35     76     88     88     88    134
GET      /cart                                                                                  12     14     16     17     20     24     44     64    250    250    250    142
POST     /cart [add]                      16     18     20     21     30     73     95    310    920    920    920    179
POST     /cart [add]                                                                            17     19     22     24     30     40    110    510   1300   1300   1300    152
POST     /cart/checkout                   16     17     19     20     22     37     85     96     96     96     96     70
POST     /cart/checkout                                                                         17     18     19     20     22     39     73     96     96     96     96     65
GET      /product/[id]                    12     15     17     19     24     30     92    350    910    910    910    456
GET      /product/[id]                                                                          12     14     16     17     23     29    230    320    910    910    910    475
POST     /setCurrency                     20     23     25     27     33     82    250    250    250    250    250     93
POST     /setCurrency                                                                           19     21     23     25     32     89    120    290    290    290    290     92
--------|--------------------------|--------|------|------|------|------|------|------|------|------|------|------|------
--------|--------------------------------------------------------------------------------|--------|------|------|------|------|------|------|------|------|------|------|------
         Aggregated                       15     17     20     21     27     37     91    250    920    920    920    960
         Aggregated                                                                             14     17     18     20     25     35    110    290   1300   1300   1300    951


