/Users/edias/Library/Python/3.9/lib/python/site-packages/urllib3/__init__.py:35: NotOpenSSLWarning: urllib3 v2 only supports OpenSSL 1.1.1+, currently the 'ssl' module is compiled with 'LibreSSL 2.8.3'. See: https://github.com/urllib3/urllib3/issues/3020
  warnings.warn(
[2026-05-20 20:21:12,195] Mac/WARNING/locust.main: Python 3.9 support is deprecated and will be removed soon
Type     Name                                                                          # reqs      # fails |    Avg     Min     Max    Med |   req/s  failures/s
--------|----------------------------------------------------------------------------|-------|-------------|-------|-------|-------|-------|--------|-----------
--------|----------------------------------------------------------------------------|-------|-------------|-------|-------|-------|-------|--------|-----------
         Aggregated                                                                         0     0(0.00%) |      0       0       0      0 |    0.00        0.00

Type     Name                                                                          # reqs      # fails |    Avg     Min     Max    Med |   req/s  failures/s
--------|----------------------------------------------------------------------------|-------|-------------|-------|-------|-------|-------|--------|-----------
GET      /                                                                                  1     0(0.00%) |     38      38      38     38 |    0.00        0.00
POST     /cart [add]                                                                        5     0(0.00%) |     16      11      28     13 |    0.00        0.00
POST     /cart/checkout                                                                     2     0(0.00%) |     10       9      11     10 |    0.00        0.00
GET      /product/[id]                                                                     11     0(0.00%) |     15       5      24     17 |    0.00        0.00
POST     /setCurrency                                                                       6     0(0.00%) |     21      13      29     20 |    0.00        0.00
--------|----------------------------------------------------------------------------|-------|-------------|-------|-------|-------|-------|--------|-----------
         Aggregated                                                                        25     0(0.00%) |     17       5      38     18 |    0.00        0.00

Type     Name                                                                          # reqs      # fails |    Avg     Min     Max    Med |   req/s  failures/s
--------|----------------------------------------------------------------------------|-------|-------------|-------|-------|-------|-------|--------|-----------
GET      /                                                                                  1     0(0.00%) |     38      38      38     38 |    0.50        0.00
GET      /cart                                                                              4     0(0.00%) |      7       5      10      7 |    0.00        0.00
POST     /cart [add]                                                                       17     0(0.00%) |     16       8      31     13 |    2.00        0.00
POST     /cart/checkout                                                                     8     0(0.00%) |     11       8      15     12 |    1.00        0.00
GET      /product/[id]                                                                     39     0(0.00%) |     10       5      24     10 |    4.50        0.00
POST     /setCurrency                                                                      10     0(0.00%) |     20      13      29     20 |    3.00        0.00
--------|----------------------------------------------------------------------------|-------|-------------|-------|-------|-------|-------|--------|-----------
         Aggregated                                                                        79     0(0.00%) |     13       5      38     12 |   11.00        0.00

Type     Name                                                                          # reqs      # fails |    Avg     Min     Max    Med |   req/s  failures/s
--------|----------------------------------------------------------------------------|-------|-------------|-------|-------|-------|-------|--------|-----------
GET      /                                                                                  1     0(0.00%) |     38      38      38     38 |    0.25        0.00
GET      /cart                                                                             11     0(0.00%) |      8       5      12      8 |    1.00        0.00
POST     /cart [add]                                                                       29     0(0.00%) |     14       8      31     13 |    4.25        0.00
POST     /cart/checkout                                                                    11     0(0.00%) |     11       8      15     12 |    2.00        0.00
GET      /product/[id]                                                                     88     0(0.00%) |     10       5      24      9 |    8.75        0.00
POST     /setCurrency                                                                      16     0(0.00%) |     18      13      29     17 |    2.25        0.00
--------|----------------------------------------------------------------------------|-------|-------------|-------|-------|-------|-------|--------|-----------
         Aggregated                                                                       156     0(0.00%) |     12       5      38     11 |   18.50        0.00

Type     Name                                                                          # reqs      # fails |    Avg     Min     Max    Med |   req/s  failures/s
--------|----------------------------------------------------------------------------|-------|-------------|-------|-------|-------|-------|--------|-----------
GET      /                                                                                  4     0(0.00%) |     18      10      38     13 |    0.17        0.00
GET      /cart                                                                             22     0(0.00%) |      8       5      12      8 |    1.67        0.00
POST     /cart [add]                                                                       51     0(0.00%) |     13       7      31     12 |    4.67        0.00
POST     /cart/checkout                                                                    19     0(0.00%) |     11       8      15     12 |    1.67        0.00
GET      /product/[id]                                                                    152     0(0.00%) |      9       5      24      9 |   14.00        0.00
POST     /setCurrency                                                                      25     0(0.00%) |     16      11      29     15 |    2.67        0.00
--------|----------------------------------------------------------------------------|-------|-------------|-------|-------|-------|-------|--------|-----------
         Aggregated                                                                       273     0(0.00%) |     11       5      38     10 |   24.83        0.00

Type     Name                                                                          # reqs      # fails |    Avg     Min     Max    Med |   req/s  failures/s
--------|----------------------------------------------------------------------------|-------|-------------|-------|-------|-------|-------|--------|-----------
GET      /                                                                                  6     0(0.00%) |     15       8      38     10 |    0.50        0.00
GET      /cart                                                                             43     0(0.00%) |      9       5      42      7 |    2.62        0.00
POST     /cart [add]                                                                       85     0(0.00%) |     13       6      42     12 |    6.25        0.00
POST     /cart/checkout                                                                    36     0(0.00%) |     11       8      15     11 |    2.25        0.00
GET      /product/[id]                                                                    210     0(0.00%) |     10       4      44      9 |   17.75        0.00
POST     /setCurrency                                                                      42     0(0.00%) |     15       8      31     14 |    3.12        0.00
--------|----------------------------------------------------------------------------|-------|-------------|-------|-------|-------|-------|--------|-----------
         Aggregated                                                                       422     0(0.00%) |     11       4      44     10 |   32.50        0.00

Type     Name                                                                          # reqs      # fails |    Avg     Min     Max    Med |   req/s  failures/s
--------|----------------------------------------------------------------------------|-------|-------------|-------|-------|-------|-------|--------|-----------
GET      /                                                                                  9     0(0.00%) |     13       8      38     10 |    0.60        0.00
GET      /cart                                                                             70     0(0.00%) |      9       4      42      7 |    3.80        0.00
POST     /cart [add]                                                                      114     0(0.00%) |     13       6      47     12 |    7.80        0.00
POST     /cart/checkout                                                                    44     0(0.00%) |     11       8      19     11 |    3.30        0.00
GET      /product/[id]                                                                    299     0(0.00%) |      9       4      46      8 |   20.70        0.00
POST     /setCurrency                                                                      59     0(0.00%) |     15       8      46     14 |    3.90        0.00
--------|----------------------------------------------------------------------------|-------|-------------|-------|-------|-------|-------|--------|-----------
         Aggregated                                                                       595     0(0.00%) |     11       4      47      9 |   40.10        0.00

Type     Name                                                                          # reqs      # fails |    Avg     Min     Max    Med |   req/s  failures/s
--------|----------------------------------------------------------------------------|-------|-------------|-------|-------|-------|-------|--------|-----------
GET      /                                                                                 16     0(0.00%) |     17       8      88     11 |    0.70        0.00
GET      /cart                                                                             88     0(0.00%) |     11       4      75      7 |    6.60        0.00
POST     /cart [add]                                                                      151     0(0.00%) |     15       6      62     12 |   11.00        0.00
POST     /cart/checkout                                                                    57     0(0.00%) |     14       8      98     12 |    4.20        0.00
GET      /product/[id]                                                                    395     0(0.00%) |      9       4      90      8 |   27.70        0.00
POST     /setCurrency                                                                      83     0(0.00%) |     19       8     102     14 |    5.20        0.00
--------|----------------------------------------------------------------------------|-------|-------------|-------|-------|-------|-------|--------|-----------
         Aggregated                                                                       790     0(0.00%) |     12       4     102      9 |   55.40        0.00

Type     Name                                                                          # reqs      # fails |    Avg     Min     Max    Med |   req/s  failures/s
--------|----------------------------------------------------------------------------|-------|-------------|-------|-------|-------|-------|--------|-----------
GET      /                                                                                 19     0(0.00%) |     20       8      98     12 |    1.40        0.00
GET      /cart                                                                            122     0(0.00%) |     12       4      75      8 |    8.30        0.00
POST     /cart [add]                                                                      194     0(0.00%) |     19       6     121     12 |   13.10        0.00
POST     /cart/checkout                                                                    81     0(0.00%) |     20       8      98     12 |    4.80        0.00
GET      /product/[id]                                                                    499     0(0.00%) |     12       4      90      8 |   34.70        0.00
POST     /setCurrency                                                                     103     0(0.00%) |     21       8     102     15 |    7.20        0.00
--------|----------------------------------------------------------------------------|-------|-------------|-------|-------|-------|-------|--------|-----------
         Aggregated                                                                      1018     0(0.00%) |     15       4     121     10 |   69.50        0.00

Type     Name                                                                          # reqs      # fails |    Avg     Min     Max    Med |   req/s  failures/s
--------|----------------------------------------------------------------------------|-------|-------------|-------|-------|-------|-------|--------|-----------
GET      /                                                                                 27     0(0.00%) |     20       8      98     11 |    1.80        0.00
GET      /cart                                                                            147     0(0.00%) |     12       4      75      8 |   10.70        0.00
POST     /cart [add]                                                                      238     0(0.00%) |     18       6     121     12 |   16.00        0.00
POST     /cart/checkout                                                                   102     0(0.00%) |     20       8      98     11 |    7.10        0.00
GET      /product/[id]                                                                    644     0(0.00%) |     12       4      90      8 |   40.00        0.00
POST     /setCurrency                                                                     124     0(0.00%) |     20       8     102     14 |    8.50        0.00
--------|----------------------------------------------------------------------------|-------|-------------|-------|-------|-------|-------|--------|-----------
         Aggregated                                                                      1282     0(0.00%) |     15       4     121     10 |   84.10        0.00

Type     Name                                                                          # reqs      # fails |    Avg     Min     Max    Med |   req/s  failures/s
--------|----------------------------------------------------------------------------|-------|-------------|-------|-------|-------|-------|--------|-----------
GET      /                                                                                 33     0(0.00%) |     43       8     396     12 |    2.20        0.00
GET      /cart                                                                            188     0(0.00%) |     18       4     230      8 |   12.20        0.00
POST     /cart [add]                                                                      279     0(0.00%) |     21       6     241     12 |   18.30        0.00
POST     /cart/checkout                                                                   117     0(0.00%) |     21       7     109     11 |    8.30        0.00
GET      /product/[id]                                                                    765     0(0.00%) |     16       4     261      8 |   48.60        0.00
POST     /setCurrency                                                                     150     0(0.00%) |     28       8     371     14 |    9.70        0.00
--------|----------------------------------------------------------------------------|-------|-------------|-------|-------|-------|-------|--------|-----------
         Aggregated                                                                      1532     0(0.00%) |     20       4     396     10 |   99.30        0.00

Type     Name                                                                          # reqs      # fails |    Avg     Min     Max    Med |   req/s  failures/s
--------|----------------------------------------------------------------------------|-------|-------------|-------|-------|-------|-------|--------|-----------
GET      /                                                                                 41     0(0.00%) |     42       6     396     12 |    2.70        0.00
GET      /cart                                                                            235     0(0.00%) |     20       4     230      8 |   14.20        0.00
POST     /cart [add]                                                                      318     0(0.00%) |     26       6     241     12 |   19.90        0.00
POST     /cart/checkout                                                                   127     0(0.00%) |     23       7     109     11 |    8.30        0.00
GET      /product/[id]                                                                    905     0(0.00%) |     20       4     261      8 |   54.40        0.00
POST     /setCurrency                                                                     173     0(0.00%) |     33       8     371     15 |   10.50        0.00
--------|----------------------------------------------------------------------------|-------|-------------|-------|-------|-------|-------|--------|-----------
         Aggregated                                                                      1799     0(0.00%) |     23       4     396     10 |  110.00        0.00

Type     Name                                                                          # reqs      # fails |    Avg     Min     Max    Med |   req/s  failures/s
--------|----------------------------------------------------------------------------|-------|-------------|-------|-------|-------|-------|--------|-----------
GET      /                                                                                 44     0(0.00%) |     41       6     396     12 |    3.30        0.00
GET      /cart                                                                            274     0(0.00%) |     26       4     230      9 |   16.10        0.00
POST     /cart [add]                                                                      368     0(0.00%) |     35       6     241     13 |   20.00        0.00
POST     /cart/checkout                                                                   138     0(0.00%) |     28       7     186     12 |    8.30        0.00
GET      /product/[id]                                                                   1033     0(0.00%) |     28       4     261      9 |   60.60        0.00
POST     /setCurrency                                                                     192     0(0.00%) |     36       8     371     16 |   11.30        0.00
--------|----------------------------------------------------------------------------|-------|-------------|-------|-------|-------|-------|--------|-----------
         Aggregated                                                                      2049     0(0.00%) |     30       4     396     12 |  119.60        0.00

Type     Name                                                                          # reqs      # fails |    Avg     Min     Max    Med |   req/s  failures/s
--------|----------------------------------------------------------------------------|-------|-------------|-------|-------|-------|-------|--------|-----------
GET      /                                                                                 51     0(0.00%) |     43       6     396     13 |    2.90        0.00
GET      /cart                                                                            318     0(0.00%) |     34       4     230     11 |   18.30        0.00
POST     /cart [add]                                                                      415     0(0.00%) |     46       6     325     15 |   21.60        0.00
POST     /cart/checkout                                                                   159     0(0.00%) |     37       7     242     13 |    8.00        0.00
GET      /product/[id]                                                                   1179     0(0.00%) |     35       4     261     11 |   64.40        0.00
POST     /setCurrency                                                                     226     0(0.00%) |     48       8     371     17 |   11.00        0.00
--------|----------------------------------------------------------------------------|-------|-------------|-------|-------|-------|-------|--------|-----------
         Aggregated                                                                      2348     0(0.00%) |     38       4     396     13 |  126.20        0.00

Type     Name                                                                          # reqs      # fails |    Avg     Min     Max    Med |   req/s  failures/s
--------|----------------------------------------------------------------------------|-------|-------------|-------|-------|-------|-------|--------|-----------
GET      /                                                                                 57     0(0.00%) |     42       6     396     15 |    3.20        0.00
GET      /cart                                                                            356     0(0.00%) |     41       4     230     18 |   19.80        0.00
POST     /cart [add]                                                                      475     0(0.00%) |     56       6     325     25 |   21.80        0.00
POST     /cart/checkout                                                                   180     0(0.00%) |     46       7     242     14 |    7.30        0.00
GET      /product/[id]                                                                   1323     0(0.00%) |     44       4     278     14 |   67.30        0.00
POST     /setCurrency                                                                     243     0(0.00%) |     48       8     371     17 |   12.00        0.00
--------|----------------------------------------------------------------------------|-------|-------------|-------|-------|-------|-------|--------|-----------
         Aggregated                                                                      2634     0(0.00%) |     46       4     396     16 |  131.40        0.00

Type     Name                                                                          # reqs      # fails |    Avg     Min     Max    Med |   req/s  failures/s
--------|----------------------------------------------------------------------------|-------|-------------|-------|-------|-------|-------|--------|-----------
GET      /                                                                                 65     0(0.00%) |     43       6     396     20 |    3.10        0.00
GET      /cart                                                                            397     0(0.00%) |     49       4     230     27 |   20.70        0.00
POST     /cart [add]                                                                      524     0(0.00%) |     63       6     325     34 |   23.00        0.00
POST     /cart/checkout                                                                   206     0(0.00%) |     55       7     242     22 |    7.60        0.00
GET      /product/[id]                                                                   1481     0(0.00%) |     53       4     278     22 |   67.70        0.00
POST     /setCurrency                                                                     273     0(0.00%) |     47       8     371     20 |   12.00        0.00
--------|----------------------------------------------------------------------------|-------|-------------|-------|-------|-------|-------|--------|-----------
         Aggregated                                                                      2946     0(0.00%) |     53       4     396     25 |  134.10        0.00

Type     Name                                                                          # reqs      # fails |    Avg     Min     Max    Med |   req/s  failures/s
--------|----------------------------------------------------------------------------|-------|-------------|-------|-------|-------|-------|--------|-----------
GET      /                                                                                 75     0(0.00%) |     43       6     396     22 |    3.40        0.00
GET      /cart                                                                            418     0(0.00%) |     53       4     230     30 |   20.70        0.00
POST     /cart [add]                                                                      565     0(0.00%) |     68       6     325     43 |   23.10        0.00
POST     /cart/checkout                                                                   218     0(0.00%) |     58       7     242     31 |    8.20        0.00
GET      /product/[id]                                                                   1612     0(0.00%) |     57       4     278     32 |   68.00        0.00
POST     /setCurrency                                                                     293     0(0.00%) |     49       8     371     22 |   11.80        0.00
--------|----------------------------------------------------------------------------|-------|-------------|-------|-------|-------|-------|--------|-----------
         Aggregated                                                                      3181     0(0.00%) |     58       4     396     31 |  135.20        0.00

Type     Name                                                                          # reqs      # fails |    Avg     Min     Max    Med |   req/s  failures/s
--------|----------------------------------------------------------------------------|-------|-------------|-------|-------|-------|-------|--------|-----------
GET      /                                                                                 83     0(0.00%) |     55       6     712     26 |    3.40        0.00
GET      /cart                                                                            449     0(0.00%) |     64       4     878     36 |   19.10        0.00
POST     /cart [add]                                                                      604     0(0.00%) |     97       6    1272     55 |   25.10        0.00
POST     /cart/checkout                                                                   233     0(0.00%) |     74       7    1225     57 |    9.10        0.00
GET      /product/[id]                                                                   1750     0(0.00%) |     79       4    1078     46 |   72.00        0.00
POST     /setCurrency                                                                     320     0(0.00%) |     67       8     869     27 |   12.20        0.00
--------|----------------------------------------------------------------------------|-------|-------------|-------|-------|-------|-------|--------|-----------
         Aggregated                                                                      3439     0(0.00%) |     78       4    1272     42 |  140.90        0.00

Type     Name                                                                          # reqs      # fails |    Avg     Min     Max    Med |   req/s  failures/s
--------|----------------------------------------------------------------------------|-------|-------------|-------|-------|-------|-------|--------|-----------
GET      /                                                                                 94     0(0.00%) |     78       6     712     36 |    3.30        0.00
GET      /cart                                                                            496     0(0.00%) |     74       4     878     48 |   17.40        0.00
POST     /cart [add]                                                                      655     0(0.00%) |    105       6    1272     68 |   23.50        0.00
POST     /cart/checkout                                                                   252     0(0.00%) |     84       7    1225     77 |    9.30        0.00
GET      /product/[id]                                                                   1877     0(0.00%) |     85       4    1078     54 |   69.40        0.00
POST     /setCurrency                                                                     354     0(0.00%) |     79       8     869     32 |   12.00        0.00
--------|----------------------------------------------------------------------------|-------|-------------|-------|-------|-------|-------|--------|-----------
         Aggregated                                                                      3728     0(0.00%) |     86       4    1272     52 |  134.90        0.00

Type     Name                                                                          # reqs      # fails |    Avg     Min     Max    Med |   req/s  failures/s
--------|----------------------------------------------------------------------------|-------|-------------|-------|-------|-------|-------|--------|-----------
GET      /                                                                                105     0(0.00%) |     83       6     712     38 |    4.00        0.00
GET      /cart                                                                            532     0(0.00%) |     80       4     878     55 |   17.00        0.00
POST     /cart [add]                                                                      716     0(0.00%) |    112       6    1272     88 |   23.90        0.00
POST     /cart/checkout                                                                   270     0(0.00%) |     89       7    1225     87 |    9.30        0.00
GET      /product/[id]                                                                   2041     0(0.00%) |     91       4    1078     70 |   70.60        0.00
POST     /setCurrency                                                                     395     0(0.00%) |     90       8     869     44 |   12.90        0.00
--------|----------------------------------------------------------------------------|-------|-------------|-------|-------|-------|-------|--------|-----------
         Aggregated                                                                      4059     0(0.00%) |     93       4    1272     66 |  137.70        0.00

Type     Name                                                                          # reqs      # fails |    Avg     Min     Max    Med |   req/s  failures/s
--------|----------------------------------------------------------------------------|-------|-------------|-------|-------|-------|-------|--------|-----------
GET      /                                                                                115     0(0.00%) |     86       6     712     42 |    4.80        0.00
GET      /cart                                                                            576     0(0.00%) |     85       4     878     67 |   17.60        0.00
POST     /cart [add]                                                                      776     0(0.00%) |    117       6    1272     99 |   24.40        0.00
POST     /cart/checkout                                                                   292     0(0.00%) |     92       7    1225     92 |    9.10        0.00
GET      /product/[id]                                                                   2213     0(0.00%) |     96       4    1078     82 |   71.90        0.00
POST     /setCurrency                                                                     437     0(0.00%) |     93       8     869     54 |   14.90        0.00
--------|----------------------------------------------------------------------------|-------|-------------|-------|-------|-------|-------|--------|-----------
         Aggregated                                                                      4409     0(0.00%) |     97       4    1272     80 |  142.70        0.00

Type     Name                                                                          # reqs      # fails |    Avg     Min     Max    Med |   req/s  failures/s
--------|----------------------------------------------------------------------------|-------|-------------|-------|-------|-------|-------|--------|-----------
GET      /                                                                                125     0(0.00%) |    126       6     893     45 |    4.90        0.00
GET      /cart                                                                            605     0(0.00%) |     97       4     878     74 |   17.40        0.00
POST     /cart [add]                                                                      822     0(0.00%) |    131       6    1272    100 |   25.00        0.00
POST     /cart/checkout                                                                   304     0(0.00%) |    101       7    1225     95 |    8.40        0.00
GET      /product/[id]                                                                   2312     0(0.00%) |    106       4    1078     88 |   73.80        0.00
POST     /setCurrency                                                                     462     0(0.00%) |    110       8     927     59 |   16.40        0.00
--------|----------------------------------------------------------------------------|-------|-------------|-------|-------|-------|-------|--------|-----------
         Aggregated                                                                      4630     0(0.00%) |    110       4    1272     87 |  145.90        0.00

Type     Name                                                                          # reqs      # fails |    Avg     Min     Max    Med |   req/s  failures/s
--------|----------------------------------------------------------------------------|-------|-------------|-------|-------|-------|-------|--------|-----------
GET      /                                                                                135     0(0.00%) |    131       6     893     55 |    5.00        0.00
GET      /cart                                                                            642     0(0.00%) |    100       4     878     83 |   18.10        0.00
POST     /cart [add]                                                                      885     0(0.00%) |    136       6    1272    110 |   24.90        0.00
POST     /cart/checkout                                                                   328     0(0.00%) |    106       7    1225     97 |    8.50        0.00
GET      /product/[id]                                                                   2478     0(0.00%) |    109       4    1078     97 |   68.40        0.00
POST     /setCurrency                                                                     497     0(0.00%) |    116       8     927     64 |   16.70        0.00
--------|----------------------------------------------------------------------------|-------|-------------|-------|-------|-------|-------|--------|-----------
         Aggregated                                                                      4965     0(0.00%) |    114       4    1272     96 |  141.60        0.00

Type     Name                                                                          # reqs      # fails |    Avg     Min     Max    Med |   req/s  failures/s
--------|----------------------------------------------------------------------------|-------|-------------|-------|-------|-------|-------|--------|-----------
GET      /                                                                                150     0(0.00%) |    128       6     893     74 |    5.70        0.00
GET      /cart                                                                            682     0(0.00%) |    102       4     878     93 |   19.70        0.00
POST     /cart [add]                                                                      949     0(0.00%) |    137       6    1272    120 |   27.80        0.00
POST     /cart/checkout                                                                   348     0(0.00%) |    108       7    1225     97 |    9.60        0.00
GET      /product/[id]                                                                   2647     0(0.00%) |    112       4    1078    100 |   73.60        0.00
POST     /setCurrency                                                                     548     0(0.00%) |    117       8     927     75 |   18.00        0.00
--------|----------------------------------------------------------------------------|-------|-------------|-------|-------|-------|-------|--------|-----------
         Aggregated                                                                      5324     0(0.00%) |    116       4    1272    100 |  154.40        0.00

Type     Name                                                                          # reqs      # fails |    Avg     Min     Max    Med |   req/s  failures/s
--------|----------------------------------------------------------------------------|-------|-------------|-------|-------|-------|-------|--------|-----------
GET      /                                                                                161     0(0.00%) |    125       6     893     75 |    5.60        0.00
GET      /cart                                                                            731     0(0.00%) |    105       4     878     99 |   19.00        0.00
POST     /cart [add]                                                                     1012     0(0.00%) |    138       6    1272    120 |   29.20        0.00
POST     /cart/checkout                                                                   369     0(0.00%) |    109       7    1225     98 |    9.70        0.00
GET      /product/[id]                                                                   2835     0(0.00%) |    114       4    1078    110 |   76.20        0.00
POST     /setCurrency                                                                     574     0(0.00%) |    115       8     927     74 |   19.10        0.00
--------|----------------------------------------------------------------------------|-------|-------------|-------|-------|-------|-------|--------|-----------
         Aggregated                                                                      5682     0(0.00%) |    117       4    1272    100 |  158.80        0.00

Type     Name                                                                          # reqs      # fails |    Avg     Min     Max    Med |   req/s  failures/s
--------|----------------------------------------------------------------------------|-------|-------------|-------|-------|-------|-------|--------|-----------
GET      /                                                                                172     0(0.00%) |    125       6     893     76 |    5.40        0.00
GET      /cart                                                                            776     0(0.00%) |    106       4     878    100 |   19.80        0.00
POST     /cart [add]                                                                     1082     0(0.00%) |    140       6    1272    120 |   29.80        0.00
POST     /cart/checkout                                                                   395     0(0.00%) |    111       7    1225     98 |    9.70        0.00
GET      /product/[id]                                                                   3008     0(0.00%) |    115       4    1078    110 |   78.30        0.00
POST     /setCurrency                                                                     606     0(0.00%) |    114       8     927     74 |   18.00        0.00
--------|----------------------------------------------------------------------------|-------|-------------|-------|-------|-------|-------|--------|-----------
         Aggregated                                                                      6039     0(0.00%) |    118       4    1272    110 |  161.00        0.00

Type     Name                                                                          # reqs      # fails |    Avg     Min     Max    Med |   req/s  failures/s
--------|----------------------------------------------------------------------------|-------|-------------|-------|-------|-------|-------|--------|-----------
GET      /                                                                                183     0(0.00%) |    123       6     893     76 |    6.00        0.00
GET      /cart                                                                            823     0(0.00%) |    107       4     878    110 |   20.30        0.00
POST     /cart [add]                                                                     1145     0(0.00%) |    140       6    1272    130 |   30.20        0.00
POST     /cart/checkout                                                                   420     0(0.00%) |    113       7    1225     99 |   10.20        0.00
GET      /product/[id]                                                                   3183     0(0.00%) |    116       4    1078    110 |   79.10        0.00
POST     /setCurrency                                                                     644     0(0.00%) |    113       8     927     75 |   16.90        0.00
--------|----------------------------------------------------------------------------|-------|-------------|-------|-------|-------|-------|--------|-----------
         Aggregated                                                                      6398     0(0.00%) |    119       4    1272    110 |  162.70        0.00

Type     Name                                                                          # reqs      # fails |    Avg     Min     Max    Med |   req/s  failures/s
--------|----------------------------------------------------------------------------|-------|-------------|-------|-------|-------|-------|--------|-----------
GET      /                                                                                195     0(0.00%) |    126       6     893     80 |    5.60        0.00
GET      /cart                                                                            870     0(0.00%) |    111       4     878    110 |   21.40        0.00
POST     /cart [add]                                                                     1203     0(0.00%) |    145       6    1272    130 |   32.00        0.00
POST     /cart/checkout                                                                   443     0(0.00%) |    117       7    1225    100 |   11.40        0.00
GET      /product/[id]                                                                   3336     0(0.00%) |    118       4    1078    120 |   86.60        0.00
POST     /setCurrency                                                                     674     0(0.00%) |    118       8     927     79 |   17.90        0.00
--------|----------------------------------------------------------------------------|-------|-------------|-------|-------|-------|-------|--------|-----------
         Aggregated                                                                      6721     0(0.00%) |    122       4    1272    110 |  174.90        0.00

Type     Name                                                                          # reqs      # fails |    Avg     Min     Max    Med |   req/s  failures/s
--------|----------------------------------------------------------------------------|-------|-------------|-------|-------|-------|-------|--------|-----------
GET      /                                                                                209     0(0.00%) |    131       6     893     89 |    5.80        0.00
GET      /cart                                                                            910     0(0.00%) |    113       4     878    110 |   22.00        0.00
POST     /cart [add]                                                                     1247     0(0.00%) |    147       6    1272    130 |   31.40        0.00
POST     /cart/checkout                                                                   460     0(0.00%) |    120       7    1225    100 |   11.30        0.00
GET      /product/[id]                                                                   3502     0(0.00%) |    120       4    1078    120 |   85.50        0.00
POST     /setCurrency                                                                     711     0(0.00%) |    122       8     927     83 |   17.70        0.00
--------|----------------------------------------------------------------------------|-------|-------------|-------|-------|-------|-------|--------|-----------
         Aggregated                                                                      7039     0(0.00%) |    124       4    1272    110 |  173.70        0.00

Type     Name                                                                          # reqs      # fails |    Avg     Min     Max    Med |   req/s  failures/s
--------|----------------------------------------------------------------------------|-------|-------------|-------|-------|-------|-------|--------|-----------
GET      /                                                                                219     0(0.00%) |    129       6     893     89 |    5.80        0.00
GET      /cart                                                                            954     0(0.00%) |    115       4     878    110 |   22.60        0.00
POST     /cart [add]                                                                     1308     0(0.00%) |    149       6    1272    140 |   30.60        0.00
POST     /cart/checkout                                                                   478     0(0.00%) |    121       7    1225    100 |   11.00        0.00
GET      /product/[id]                                                                   3677     0(0.00%) |    122       4    1078    120 |   85.10        0.00
POST     /setCurrency                                                                     747     0(0.00%) |    121       8     927     84 |   16.50        0.00
--------|----------------------------------------------------------------------------|-------|-------------|-------|-------|-------|-------|--------|-----------
         Aggregated                                                                      7383     0(0.00%) |    126       4    1272    120 |  171.60        0.00

Type     Name                                                                          # reqs      # fails |    Avg     Min     Max    Med |   req/s  failures/s
--------|----------------------------------------------------------------------------|-------|-------------|-------|-------|-------|-------|--------|-----------
GET      /                                                                                227     0(0.00%) |    129       6     893     92 |    5.80        0.00
GET      /cart                                                                           1012     0(0.00%) |    117       4     878    120 |   22.20        0.00
POST     /cart [add]                                                                     1368     0(0.00%) |    151       6    1272    140 |   29.30        0.00
POST     /cart/checkout                                                                   505     0(0.00%) |    123       7    1225    100 |   11.00        0.00
GET      /product/[id]                                                                   3823     0(0.00%) |    123       4    1078    120 |   84.40        0.00
POST     /setCurrency                                                                     783     0(0.00%) |    122       8     927     87 |   17.10        0.00
--------|----------------------------------------------------------------------------|-------|-------------|-------|-------|-------|-------|--------|-----------
         Aggregated                                                                      7718     0(0.00%) |    127       4    1272    120 |  169.80        0.00

Type     Name                                                                          # reqs      # fails |    Avg     Min     Max    Med |   req/s  failures/s
--------|----------------------------------------------------------------------------|-------|-------------|-------|-------|-------|-------|--------|-----------
GET      /                                                                                238     0(0.00%) |    128       6     893     92 |    5.40        0.00
GET      /cart                                                                           1041     0(0.00%) |    118       4     878    120 |   23.30        0.00
POST     /cart [add]                                                                     1429     0(0.00%) |    153       6    1272    140 |   28.90        0.00
POST     /cart/checkout                                                                   527     0(0.00%) |    124       7    1225    100 |   11.10        0.00
GET      /product/[id]                                                                   3993     0(0.00%) |    124       4    1078    120 |   81.40        0.00
POST     /setCurrency                                                                     821     0(0.00%) |    124       8     927     88 |   17.70        0.00
--------|----------------------------------------------------------------------------|-------|-------------|-------|-------|-------|-------|--------|-----------
         Aggregated                                                                      8049     0(0.00%) |    129       4    1272    120 |  167.80        0.00

Type     Name                                                                          # reqs      # fails |    Avg     Min     Max    Med |   req/s  failures/s
--------|----------------------------------------------------------------------------|-------|-------------|-------|-------|-------|-------|--------|-----------
GET      /                                                                                249     0(0.00%) |    129       6     893     92 |    5.50        0.00
GET      /cart                                                                           1084     0(0.00%) |    121       4     878    120 |   22.40        0.00
POST     /cart [add]                                                                     1493     0(0.00%) |    155       6    1272    140 |   28.50        0.00
POST     /cart/checkout                                                                   547     0(0.00%) |    125       7    1225    100 |   10.50        0.00
GET      /product/[id]                                                                   4159     0(0.00%) |    126       4    1078    120 |   80.90        0.00
POST     /setCurrency                                                                     859     0(0.00%) |    126       8     927     91 |   17.70        0.00
--------|----------------------------------------------------------------------------|-------|-------------|-------|-------|-------|-------|--------|-----------
         Aggregated                                                                      8391     0(0.00%) |    130       4    1272    120 |  165.50        0.00

Type     Name                                                                          # reqs      # fails |    Avg     Min     Max    Med |   req/s  failures/s
--------|----------------------------------------------------------------------------|-------|-------------|-------|-------|-------|-------|--------|-----------
GET      /                                                                                256     0(0.00%) |    128       6     893     89 |    5.40        0.00
GET      /cart                                                                           1131     0(0.00%) |    121       4     878    120 |   21.30        0.00
POST     /cart [add]                                                                     1552     0(0.00%) |    156       6    1272    150 |   29.40        0.00
POST     /cart/checkout                                                                   569     0(0.00%) |    126       7    1225    100 |   10.80        0.00
GET      /product/[id]                                                                   4335     0(0.00%) |    127       4    1078    130 |   82.10        0.00
POST     /setCurrency                                                                     891     0(0.00%) |    126       8     927     93 |   17.90        0.00
--------|----------------------------------------------------------------------------|-------|-------------|-------|-------|-------|-------|--------|-----------
         Aggregated                                                                      8734     0(0.00%) |    131       4    1272    120 |  166.90        0.00

Type     Name                                                                          # reqs      # fails |    Avg     Min     Max    Med |   req/s  failures/s
--------|----------------------------------------------------------------------------|-------|-------------|-------|-------|-------|-------|--------|-----------
GET      /                                                                                259     0(0.00%) |    127       6     893     89 |    5.10        0.00
GET      /cart                                                                           1180     0(0.00%) |    123       4     878    120 |   22.10        0.00
POST     /cart [add]                                                                     1628     0(0.00%) |    157       6    1272    150 |   29.50        0.00
POST     /cart/checkout                                                                   599     0(0.00%) |    129       7    1225    100 |   11.10        0.00
GET      /product/[id]                                                                   4497     0(0.00%) |    128       4    1078    130 |   83.30        0.00
POST     /setCurrency                                                                     922     0(0.00%) |    124       8     927     92 |   18.50        0.00
--------|----------------------------------------------------------------------------|-------|-------------|-------|-------|-------|-------|--------|-----------
         Aggregated                                                                      9085     0(0.00%) |    132       4    1272    120 |  169.60        0.00

Type     Name                                                                          # reqs      # fails |    Avg     Min     Max    Med |   req/s  failures/s
--------|----------------------------------------------------------------------------|-------|-------------|-------|-------|-------|-------|--------|-----------
GET      /                                                                                269     0(0.00%) |    133       6     893     93 |    4.10        0.00
GET      /cart                                                                           1207     0(0.00%) |    125       4     878    120 |   22.70        0.00
POST     /cart [add]                                                                     1682     0(0.00%) |    160       6    1272    150 |   31.80        0.00
POST     /cart/checkout                                                                   615     0(0.00%) |    130       7    1225    100 |   11.80        0.00
GET      /product/[id]                                                                   4651     0(0.00%) |    129       4    1078    130 |   80.90        0.00
POST     /setCurrency                                                                     957     0(0.00%) |    129       8     927     95 |   17.40        0.00
--------|----------------------------------------------------------------------------|-------|-------------|-------|-------|-------|-------|--------|-----------
         Aggregated                                                                      9381     0(0.00%) |    134       4    1272    130 |  168.70        0.00

Type     Name                                                                          # reqs      # fails |    Avg     Min     Max    Med |   req/s  failures/s
--------|----------------------------------------------------------------------------|-------|-------------|-------|-------|-------|-------|--------|-----------
GET      /                                                                                279     0(0.00%) |    130       6     893     89 |    4.00        0.00
GET      /cart                                                                           1254     0(0.00%) |    125       4     878    130 |   20.30        0.00
POST     /cart [add]                                                                     1745     0(0.00%) |    160       6    1272    150 |   32.10        0.00
POST     /cart/checkout                                                                   639     0(0.00%) |    130       7    1225    110 |   10.90        0.00
GET      /product/[id]                                                                   4821     0(0.00%) |    130       4    1078    130 |   82.70        0.00
POST     /setCurrency                                                                     990     0(0.00%) |    127       8     927     94 |   16.50        0.00
--------|----------------------------------------------------------------------------|-------|-------------|-------|-------|-------|-------|--------|-----------
         Aggregated                                                                      9728     0(0.00%) |    135       4    1272    130 |  166.50        0.00

Type     Name                                                                          # reqs      # fails |    Avg     Min     Max    Med |   req/s  failures/s
--------|----------------------------------------------------------------------------|-------|-------------|-------|-------|-------|-------|--------|-----------
GET      /                                                                                292     0(0.00%) |    130       6     893     92 |    4.20        0.00
GET      /cart                                                                           1304     0(0.00%) |    126       4     878    130 |   21.40        0.00
POST     /cart [add]                                                                     1810     0(0.00%) |    161       6    1272    150 |   31.20        0.00
POST     /cart/checkout                                                                   670     0(0.00%) |    131       7    1225    110 |   10.90        0.00
GET      /product/[id]                                                                   4977     0(0.00%) |    131       4    1078    130 |   82.40        0.00
POST     /setCurrency                                                                    1026     0(0.00%) |    128       8     927     95 |   17.00        0.00
--------|----------------------------------------------------------------------------|-------|-------------|-------|-------|-------|-------|--------|-----------
         Aggregated                                                                     10079     0(0.00%) |    135       4    1272    130 |  167.10        0.00

Type     Name                                                                          # reqs      # fails |    Avg     Min     Max    Med |   req/s  failures/s
--------|----------------------------------------------------------------------------|-------|-------------|-------|-------|-------|-------|--------|-----------
GET      /                                                                                304     0(0.00%) |    129       6     893     92 |    4.50        0.00
GET      /cart                                                                           1352     0(0.00%) |    127       4     878    130 |   22.50        0.00
POST     /cart [add]                                                                     1881     0(0.00%) |    161       6    1272    150 |   31.40        0.00
POST     /cart/checkout                                                                   698     0(0.00%) |    132       7    1225    110 |   11.20        0.00
GET      /product/[id]                                                                   5141     0(0.00%) |    131       4    1078    130 |   82.50        0.00
POST     /setCurrency                                                                    1059     0(0.00%) |    128       8     927     96 |   17.20        0.00
--------|----------------------------------------------------------------------------|-------|-------------|-------|-------|-------|-------|--------|-----------
         Aggregated                                                                     10435     0(0.00%) |    136       4    1272    130 |  169.30        0.00

Type     Name                                                                          # reqs      # fails |    Avg     Min     Max    Med |   req/s  failures/s
--------|----------------------------------------------------------------------------|-------|-------------|-------|-------|-------|-------|--------|-----------
GET      /                                                                                314     0(0.00%) |    127       6     893     88 |    4.70        0.00
GET      /cart                                                                           1401     0(0.00%) |    129       4     878    130 |   22.40        0.00
POST     /cart [add]                                                                     1935     0(0.00%) |    163       6    1272    150 |   33.10        0.00
POST     /cart/checkout                                                                   721     0(0.00%) |    133       7    1225    110 |   12.80        0.00
GET      /product/[id]                                                                   5301     0(0.00%) |    133       4    1078    130 |   80.40        0.00
POST     /setCurrency                                                                    1092     0(0.00%) |    126       8     927     94 |   16.20        0.00
--------|----------------------------------------------------------------------------|-------|-------------|-------|-------|-------|-------|--------|-----------
         Aggregated                                                                     10764     0(0.00%) |    137       4    1272    130 |  169.60        0.00

Type     Name                                                                          # reqs      # fails |    Avg     Min     Max    Med |   req/s  failures/s
--------|----------------------------------------------------------------------------|-------|-------------|-------|-------|-------|-------|--------|-----------
GET      /                                                                                326     0(0.00%) |    125       6     893     86 |    5.50        0.00
GET      /cart                                                                           1438     0(0.00%) |    130       4     878    130 |   22.00        0.00
POST     /cart [add]                                                                     1998     0(0.00%) |    163       6    1272    150 |   31.70        0.00
POST     /cart/checkout                                                                   737     0(0.00%) |    133       7    1225    110 |   12.80        0.00
GET      /product/[id]                                                                   5473     0(0.00%) |    134       4    1078    130 |   81.00        0.00
POST     /setCurrency                                                                    1122     0(0.00%) |    124       8     927     94 |   17.00        0.00
--------|----------------------------------------------------------------------------|-------|-------------|-------|-------|-------|-------|--------|-----------
         Aggregated                                                                     11094     0(0.00%) |    137       4    1272    130 |  170.00        0.00

Type     Name                                                                          # reqs      # fails |    Avg     Min     Max    Med |   req/s  failures/s
--------|----------------------------------------------------------------------------|-------|-------------|-------|-------|-------|-------|--------|-----------
GET      /                                                                                335     0(0.00%) |    125       6     893     87 |    5.90        0.00
GET      /cart                                                                           1473     0(0.00%) |    132       4     878    130 |   22.60        0.00
POST     /cart [add]                                                                     2044     0(0.00%) |    165       6    1272    160 |   31.30        0.00
POST     /cart/checkout                                                                   756     0(0.00%) |    136       7    1225    110 |   12.60        0.00
GET      /product/[id]                                                                   5633     0(0.00%) |    136       4    1078    140 |   82.50        0.00
POST     /setCurrency                                                                    1159     0(0.00%) |    125       8     927     94 |   17.50        0.00
--------|----------------------------------------------------------------------------|-------|-------------|-------|-------|-------|-------|--------|-----------
         Aggregated                                                                     11400     0(0.00%) |    139       4    1272    130 |  172.40        0.00

Type     Name                                                                          # reqs      # fails |    Avg     Min     Max    Med |   req/s  failures/s
--------|----------------------------------------------------------------------------|-------|-------------|-------|-------|-------|-------|--------|-----------
GET      /                                                                                341     0(0.00%) |    123       6     893     84 |    5.60        0.00
GET      /cart                                                                           1516     0(0.00%) |    134       4     878    130 |   21.70        0.00
POST     /cart [add]                                                                     2093     0(0.00%) |    167       6    1272    160 |   30.50        0.00
POST     /cart/checkout                                                                   771     0(0.00%) |    137       7    1225    110 |   12.00        0.00
GET      /product/[id]                                                                   5793     0(0.00%) |    138       4    1078    140 |   81.20        0.00
POST     /setCurrency                                                                    1188     0(0.00%) |    124       8     927     94 |   17.10        0.00
--------|----------------------------------------------------------------------------|-------|-------------|-------|-------|-------|-------|--------|-----------
         Aggregated                                                                     11702     0(0.00%) |    141       4    1272    140 |  168.10        0.00

Type     Name                                                                          # reqs      # fails |    Avg     Min     Max    Med |   req/s  failures/s
--------|----------------------------------------------------------------------------|-------|-------------|-------|-------|-------|-------|--------|-----------
GET      /                                                                                342     0(0.00%) |    123       6     893     83 |    5.00        0.00
GET      /cart                                                                           1532     0(0.00%) |    138       4    1156    140 |   20.80        0.00
POST     /cart [add]                                                                     2109     0(0.00%) |    168       6    1272    160 |   28.70        0.00
POST     /cart/checkout                                                                   781     0(0.00%) |    139       7    1225    110 |   11.10        0.00
GET      /product/[id]                                                                   5882     0(0.00%) |    142       4    1078    140 |   81.30        0.00
POST     /setCurrency                                                                    1200     0(0.00%) |    123       7     927     93 |   16.50        0.00
--------|----------------------------------------------------------------------------|-------|-------------|-------|-------|-------|-------|--------|-----------
         Aggregated                                                                     11846     0(0.00%) |    143       4    1272    140 |  163.40        0.00

Type     Name                                                                          # reqs      # fails |    Avg     Min     Max    Med |   req/s  failures/s
--------|----------------------------------------------------------------------------|-------|-------------|-------|-------|-------|-------|--------|-----------
GET      /                                                                                342     0(0.00%) |    123       6     893     83 |    3.90        0.00
GET      /cart                                                                           1545     0(0.00%) |    149       4    2873    140 |   18.50        0.00
POST     /cart [add]                                                                     2121     0(0.00%) |    177       6    2444    160 |   24.00        0.00
POST     /cart/checkout                                                                   783     0(0.00%) |    143       7    1918    110 |    8.80        0.00
GET      /product/[id]                                                                   5931     0(0.00%) |    148       4    1197    140 |   76.10        0.00
POST     /setCurrency                                                                    1201     0(0.00%) |    126       7    3358     93 |   14.70        0.00
--------|----------------------------------------------------------------------------|-------|-------------|-------|-------|-------|-------|--------|-----------
         Aggregated                                                                     11923     0(0.00%) |    150       4    3358    140 |  146.00        0.00

Type     Name                                                                          # reqs      # fails |    Avg     Min     Max    Med |   req/s  failures/s
--------|----------------------------------------------------------------------------|-------|-------------|-------|-------|-------|-------|--------|-----------
GET      /                                                                                343     0(0.00%) |    137       6    4934     84 |    3.50        0.00
GET      /cart                                                                           1550     0(0.00%) |    155       4    2873    140 |   17.00        0.00
POST     /cart [add]                                                                     2130     0(0.00%) |    187       6    3752    160 |   21.40        0.00
POST     /cart/checkout                                                                   786     0(0.00%) |    152       7    2503    110 |    7.30        0.00
GET      /product/[id]                                                                   5944     0(0.00%) |    151       4    1734    140 |   70.90        0.00
POST     /setCurrency                                                                    1203     0(0.00%) |    133       7    4462     93 |   12.90        0.00
--------|----------------------------------------------------------------------------|-------|-------------|-------|-------|-------|-------|--------|-----------
         Aggregated                                                                     11956     0(0.00%) |    156       4    4934    140 |  133.00        0.00

Type     Name                                                                          # reqs      # fails |    Avg     Min     Max    Med |   req/s  failures/s
--------|----------------------------------------------------------------------------|-------|-------------|-------|-------|-------|-------|--------|-----------
GET      /                                                                                353    10(2.83%) |    204       0    5224     84 |    1.80        0.00
GET      /cart                                                                           1575    22(1.40%) |    176       1    4936    140 |   11.90        0.00
POST     /cart [add]                                                                     2168    38(1.75%) |    207       2    4152    160 |   14.10        0.00
POST     /cart/checkout                                                                   787     1(0.13%) |    156       7    3144    110 |    5.00        0.00
GET      /product/[id]                                                                   6018    67(1.11%) |    158       1    2874    140 |   49.20        0.00
POST     /setCurrency                                                                    1233    26(2.11%) |    207       3    6478     94 |    8.40        0.00
--------|----------------------------------------------------------------------------|-------|-------------|-------|-------|-------|-------|--------|-----------
         Aggregated                                                                     12134   164(1.35%) |    175       0    6478    140 |   90.40        0.00

Type     Name                                                                          # reqs      # fails |    Avg     Min     Max    Med |   req/s  failures/s
--------|----------------------------------------------------------------------------|-------|-------------|-------|-------|-------|-------|--------|-----------
GET      /                                                                                370    27(7.30%) |    195       0    5224     77 |    1.50        0.60
GET      /cart                                                                           1655   102(6.16%) |    168       0    4936    130 |    9.60        1.10
POST     /cart [add]                                                                     2268   138(6.08%) |    198       2    4152    160 |   11.30        1.90
POST     /cart/checkout                                                                   787     1(0.13%) |    156       7    3144    110 |    3.60        0.10
GET      /product/[id]                                                                   6306   355(5.63%) |    151       0    2874    130 |   36.70        2.30
POST     /setCurrency                                                                    1296    89(6.87%) |    198       1    6478     89 |    7.00        2.00
--------|----------------------------------------------------------------------------|-------|-------------|-------|-------|-------|-------|--------|-----------
         Aggregated                                                                     12682   712(5.61%) |    168       0    6478    130 |   69.70        8.00

Type     Name                                                                          # reqs      # fails |    Avg     Min     Max    Med |   req/s  failures/s
--------|----------------------------------------------------------------------------|-------|-------------|-------|-------|-------|-------|--------|-----------
GET      /                                                                                382   39(10.21%) |    189       0    5224     76 |    2.60        2.40
GET      /cart                                                                           1747  194(11.10%) |    159       0    4936    130 |   14.00        9.40
POST     /cart [add]                                                                     2359   229(9.71%) |    190       1    4152    150 |   15.90       11.50
POST     /cart/checkout                                                                   787     1(0.13%) |    156       7    3144    110 |    1.80        0.10
GET      /product/[id]                                                                   6611   660(9.98%) |    144       0    2874    130 |   49.00       30.90
POST     /setCurrency                                                                    1355  148(10.92%) |    189       1    6478     83 |   10.20        7.90
--------|----------------------------------------------------------------------------|-------|-------------|-------|-------|-------|-------|--------|-----------
         Aggregated                                                                     13241  1271(9.60%) |    161       0    6478    130 |   93.50       62.20

Type     Name                                                                          # reqs      # fails |    Avg     Min     Max    Med |   req/s  failures/s
--------|----------------------------------------------------------------------------|-------|-------------|-------|-------|-------|-------|--------|-----------
GET      /                                                                                387   44(11.37%) |    186       0    5224     74 |    3.90        3.80
GET      /cart                                                                           1825  272(14.90%) |    153       0    4936    120 |   20.20       18.00
POST     /cart [add]                                                                     2468  338(13.70%) |    182       1    4152    150 |   22.90       20.80
POST     /cart/checkout                                                                   787     1(0.13%) |    156       7    3144    110 |    0.60        0.10
GET      /product/[id]                                                                   6907  956(13.84%) |    138       0    2874    130 |   68.60       60.90
POST     /setCurrency                                                                    1410  203(14.40%) |    182       1    6478     76 |   14.60       13.90
--------|----------------------------------------------------------------------------|-------|-------------|-------|-------|-------|-------|--------|-----------
         Aggregated                                                                     13784 1814(13.16%) |    155       0    6478    120 |  130.80      117.50

Type     Name                                                                          # reqs      # fails |    Avg     Min     Max    Med |   req/s  failures/s
--------|----------------------------------------------------------------------------|-------|-------------|-------|-------|-------|-------|--------|-----------
GET      /                                                                                401   58(14.46%) |    180       0    5224     70 |    4.50        4.40
GET      /cart                                                                           1894  341(18.00%) |    148       0    4936    120 |   26.80       26.00
POST     /cart [add]                                                                     2569  439(17.09%) |    177       1    4152    140 |   32.70       31.70
POST     /cart/checkout                                                                   787     1(0.13%) |    156       7    3144    110 |    0.50        0.10
GET      /product/[id]                                                                   7176 1225(17.07%) |    134       0    2874    120 |   94.20       91.60
POST     /setCurrency                                                                    1460  253(17.33%) |    176       1    6478     74 |   19.70       19.00
--------|----------------------------------------------------------------------------|-------|-------------|-------|-------|-------|-------|--------|-----------
         Aggregated                                                                     14287 2317(16.22%) |    150       0    6478    120 |  178.40      172.80

Type     Name                                                                          # reqs      # fails |    Avg     Min     Max    Med |   req/s  failures/s
--------|----------------------------------------------------------------------------|-------|-------------|-------|-------|-------|-------|--------|-----------
GET      /                                                                                414   71(17.15%) |    175       0    5224     66 |    5.80        5.80
GET      /cart                                                                           1982  429(21.64%) |    141       0    4936    110 |   33.30       33.00
POST     /cart [add]                                                                     2678  548(20.46%) |    170       1    4152    140 |   41.30       41.30
POST     /cart/checkout                                                                   787     1(0.13%) |    156       7    3144    110 |    0.10        0.10
GET      /product/[id]                                                                   7429 1478(19.90%) |    130       0    2874    120 |  118.30      117.60
POST     /setCurrency                                                                    1505  298(19.80%) |    172       1    6478     70 |   24.90       24.50
--------|----------------------------------------------------------------------------|-------|-------------|-------|-------|-------|-------|--------|-----------
         Aggregated                                                                     14795 2825(19.09%) |    145       0    6478    120 |  223.70      222.30

Type     Name                                                                          # reqs      # fails |    Avg     Min     Max    Med |   req/s  failures/s
--------|----------------------------------------------------------------------------|-------|-------------|-------|-------|-------|-------|--------|-----------
GET      /                                                                                428   85(19.86%) |    170       0    5224     63 |    6.40        6.40
GET      /cart                                                                           2058  505(24.54%) |    137       0    4936    110 |   40.50       40.50
POST     /cart [add]                                                                     2785  655(23.52%) |    165       1    4152    130 |   50.80       50.80
POST     /cart/checkout                                                                   787     1(0.13%) |    156       7    3144    110 |    0.00        0.00
GET      /product/[id]                                                                   7695 1744(22.66%) |    126       0    2874    120 |  141.20      141.20
POST     /setCurrency                                                                    1560  353(22.63%) |    166       1    6478     65 |   27.00       27.00
--------|----------------------------------------------------------------------------|-------|-------------|-------|-------|-------|-------|--------|-----------
         Aggregated                                                                     15313 3343(21.83%) |    141       0    6478    110 |  265.90      265.90

Type     Name                                                                          # reqs      # fails |    Avg     Min     Max    Med |   req/s  failures/s
--------|----------------------------------------------------------------------------|-------|-------------|-------|-------|-------|-------|--------|-----------
GET      /                                                                                441   98(22.22%) |    165       0    5224     59 |    5.70        5.70
GET      /cart                                                                           2121  568(26.78%) |    133       0    4936    110 |   39.60       39.60
POST     /cart [add]                                                                     2867  737(25.71%) |    168       1    4152    130 |   52.00       52.00
POST     /cart/checkout                                                                   787     1(0.13%) |    156       7    3144    110 |    0.00        0.00
GET      /product/[id]                                                                   7921 1970(24.87%) |    122       0    2874    110 |  138.90      138.90
POST     /setCurrency                                                                    1608  401(24.94%) |    161       1    6478     60 |   26.90       26.90
--------|----------------------------------------------------------------------------|-------|-------------|-------|-------|-------|-------|--------|-----------
         Aggregated                                                                     15745 3775(23.98%) |    139       0    6478    110 |  263.10      263.10

Type     Name                                                                          # reqs      # fails |    Avg     Min     Max    Med |   req/s  failures/s
--------|----------------------------------------------------------------------------|-------|-------------|-------|-------|-------|-------|--------|-----------
GET      /                                                                                450  107(23.78%) |    163       0    5224     56 |    5.80        5.80
GET      /cart                                                                           2179  626(28.73%) |    131       0    4936    100 |   40.70       40.70
POST     /cart [add]                                                                     2896  766(26.45%) |    168       1    4152    130 |   50.50       50.50
POST     /cart/checkout                                                                   787     1(0.13%) |    156       7    3144    110 |    0.00        0.00
GET      /product/[id]                                                                   8068 2117(26.24%) |    122       0    2874    110 |  138.70      138.70
POST     /setCurrency                                                                    1641  434(26.45%) |    161       1    6478     62 |   25.50       25.50
--------|----------------------------------------------------------------------------|-------|-------------|-------|-------|-------|-------|--------|-----------
         Aggregated                                                                     16021 4051(25.29%) |    138       0    6478    110 |  261.20      261.20

Type     Name                                                                          # reqs      # fails |    Avg     Min     Max    Med |   req/s  failures/s
--------|----------------------------------------------------------------------------|-------|-------------|-------|-------|-------|-------|--------|-----------
GET      /                                                                                452  107(23.67%) |    173       0    5224     58 |    6.30        6.30
GET      /cart                                                                           2181  626(28.70%) |    133       0    4936    100 |   36.60       36.60
POST     /cart [add]                                                                     2898  766(26.43%) |    169       1    4152    130 |   44.90       44.90
POST     /cart/checkout                                                                   787     1(0.13%) |    156       7    3144    110 |    0.00        0.00
GET      /product/[id]                                                                   8111 2117(26.10%) |    127       0    2874    110 |  120.10      120.10
POST     /setCurrency                                                                    1645  434(26.38%) |    167       1    6478     63 |   24.40       24.40
--------|----------------------------------------------------------------------------|-------|-------------|-------|-------|-------|-------|--------|-----------
         Aggregated                                                                     16074 4051(25.20%) |    142       0    6478    110 |  232.30      232.30

Type     Name                                                                          # reqs      # fails |    Avg     Min     Max    Med |   req/s  failures/s
--------|----------------------------------------------------------------------------|-------|-------------|-------|-------|-------|-------|--------|-----------
GET      /                                                                                454  107(23.57%) |    182       0    5224     59 |    4.90        4.90
GET      /cart                                                                           2185  626(28.65%) |    136       0    4936    100 |   29.70       29.60
POST     /cart [add]                                                                     2929  766(26.15%) |    207       1    4981    130 |   35.30       35.30
POST     /cart/checkout                                                                   788     1(0.13%) |    158       7    3144    110 |    0.00        0.00
GET      /product/[id]                                                                   8137 2117(26.02%) |    130       0    2874    110 |   97.60       94.10
POST     /setCurrency                                                                    1645  434(26.38%) |    167       1    6478     63 |   18.90       18.90
--------|----------------------------------------------------------------------------|-------|-------------|-------|-------|-------|-------|--------|-----------
         Aggregated                                                                     16138 4051(25.10%) |    151       0    6478    110 |  186.40      182.80

Type     Name                                                                          # reqs      # fails |    Avg     Min     Max    Med |   req/s  failures/s
--------|----------------------------------------------------------------------------|-------|-------------|-------|-------|-------|-------|--------|-----------
GET      /                                                                                466  107(22.96%) |    191       0    5224     62 |    4.10        3.70
GET      /cart                                                                           2232  626(28.05%) |    145       0    4936    110 |   21.40       21.00
POST     /cart [add]                                                                     2978  766(25.72%) |    212       1    4981    140 |   25.70       23.90
POST     /cart/checkout                                                                   816     1(0.12%) |    168       7    3144    120 |    0.00        0.00
GET      /product/[id]                                                                   8269 2117(25.60%) |    131       0    2874    120 |   73.80       68.20
POST     /setCurrency                                                                    1677  434(25.88%) |    180       1    6478     65 |   14.80       14.40
--------|----------------------------------------------------------------------------|-------|-------------|-------|-------|-------|-------|--------|-----------
         Aggregated                                                                     16438 4051(24.64%) |    156       0    6478    110 |  139.80      131.20

Type     Name                                                                          # reqs      # fails |    Avg     Min     Max    Med |   req/s  failures/s
--------|----------------------------------------------------------------------------|-------|-------------|-------|-------|-------|-------|--------|-----------
GET      /                                                                                475  107(22.53%) |    190       0    5224     63 |    3.90        2.60
GET      /cart                                                                           2275  626(27.52%) |    146       0    4936    110 |   18.10       13.60
POST     /cart [add]                                                                     3034  766(25.25%) |    212       1    4981    140 |   20.10       13.10
POST     /cart/checkout                                                                   839     1(0.12%) |    167       7    3144    120 |    2.30        0.00
GET      /product/[id]                                                                   8428 2117(25.12%) |    132       0    2874    120 |   58.40       41.90
POST     /setCurrency                                                                    1710  434(25.38%) |    180       1    6478     67 |   11.80        8.60
--------|----------------------------------------------------------------------------|-------|-------------|-------|-------|-------|-------|--------|-----------
         Aggregated                                                                     16761 4051(24.17%) |    157       0    6478    110 |  114.60       79.80

Type     Name                                                                          # reqs      # fails |    Avg     Min     Max    Med |   req/s  failures/s
--------|----------------------------------------------------------------------------|-------|-------------|-------|-------|-------|-------|--------|-----------
GET      /                                                                                485  107(22.06%) |    188       0    5224     63 |    3.30        1.10
GET      /cart                                                                           2321  626(26.97%) |    147       0    4936    110 |   15.60        7.10
POST     /cart [add]                                                                     3086  766(24.82%) |    212       1    4981    140 |   17.80        4.60
POST     /cart/checkout                                                                   859     1(0.12%) |    167       7    3144    120 |    4.90        0.00
GET      /product/[id]                                                                   8598 2117(24.62%) |    133       0    2874    120 |   50.70       19.00
POST     /setCurrency                                                                    1743  434(24.90%) |    179       1    6478     68 |   10.20        4.20
--------|----------------------------------------------------------------------------|-------|-------------|-------|-------|-------|-------|--------|-----------
         Aggregated                                                                     17092 4051(23.70%) |    157       0    6478    120 |  102.50       36.00

Type     Name                                                                          # reqs      # fails |    Avg     Min     Max    Med |   req/s  failures/s
--------|----------------------------------------------------------------------------|-------|-------------|-------|-------|-------|-------|--------|-----------
GET      /                                                                                491  107(21.79%) |    186       0    5224     63 |    4.10        0.89
GET      /cart                                                                           2356  626(26.57%) |    147       0    4936    110 |   19.66        5.22
POST     /cart [add]                                                                     3127  766(24.50%) |    212       1    4981    140 |   26.09        6.39
POST     /cart/checkout                                                                   872     1(0.11%) |    167       7    3144    120 |    7.28        0.01
GET      /product/[id]                                                                   8755 2117(24.18%) |    133       0    2874    120 |   73.06       17.67
POST     /setCurrency                                                                    1775  434(24.45%) |    177       1    6478     69 |   14.81        3.62
--------|----------------------------------------------------------------------------|-------|-------------|-------|-------|-------|-------|--------|-----------
         Aggregated                                                                     17376 4051(23.31%) |    157       0    6478    120 |  144.99       33.80

Response time percentiles (approximated)
Type     Name                                                                                  50%    66%    75%    80%    90%    95%    98%    99%  99.9% 99.99%   100% # reqs
--------|--------------------------------------------------------------------------------|--------|------|------|------|------|------|------|------|------|------|------|------
GET      /                                                                                      63    110    150    170    300    580   2200   4500   5200   5200   5200    491
GET      /cart                                                                                 110    150    170    190    230    290    880   1700   4000   4900   4900   2356
POST     /cart [add]                                                                           140    180    210    230    290    400   1900   3100   4800   5000   5000   3127
POST     /cart/checkout                                                                        120    190    200    200    230    300    500   1600   3100   3100   3100    872
GET      /product/[id]                                                                         120    150    170    180    230    270    800   1100   2300   2900   2900   8755
POST     /setCurrency                                                                           69    120    160    180    270    370   1500   3400   6200   6500   6500   1775
--------|--------------------------------------------------------------------------------|--------|------|------|------|------|------|------|------|------|------|------|------
         Aggregated                                                                            120    160    180    190    250    310    910   1600   4900   6200   6500  17376

Error report
# occurrences      Error                                                                                               
------------------|---------------------------------------------------------------------------------------------------------------------------------------------
2117               GET /product/[id]: HTTPError('500 Server Error: Internal Server Error for url: /product/[id]')      
626                GET /cart: HTTPError('500 Server Error: Internal Server Error for url: /cart')                      
107                GET /: HTTPError('500 Server Error: Internal Server Error for url: /')                              
434                POST /setCurrency: HTTPError('500 Server Error: Internal Server Error for url: /setCurrency')       
484                POST /cart [add]: HTTPError('500 Server Error: Internal Server Error for url: /cart [add]')         
282                POST /cart [add]: add falhou (500), skip checkout                                                   
1                  POST /cart/checkout: HTTPError('500 Server Error: Internal Server Error for url: /cart/checkout')   
------------------|---------------------------------------------------------------------------------------------------------------------------------------------

