timestamp,load_label,pod,cpu_m,ram_mi
10:03:33,idle,adservice-574bff445c-grt9z,9,186
10:03:33,idle,adservice-574bff445c-h47zv,2,182
10:03:33,idle,adservice-574bff445c-wppcl,1,278
10:03:33,idle,cartservice-7c84fdfb6-hsn24,3,134
10:03:33,idle,cartservice-7c84fdfb6-s4cp2,2,178
10:03:33,idle,cartservice-7c84fdfb6-sf94w,2,139
10:03:33,idle,checkoutservice-6f4dbd65bf-glltw,4,12
10:03:33,idle,checkoutservice-6f4dbd65bf-hkgzd,16,11
10:03:33,idle,checkoutservice-6f4dbd65bf-t2t2w,1,12
10:03:33,idle,currencyservice-7c8fc8fc9c-dlzht,3,122
10:03:33,idle,currencyservice-7c8fc8fc9c-mvsgf,1,100
10:03:33,idle,currencyservice-7c8fc8fc9c-wqrfs,5,87
10:03:33,idle,emailservice-66944ff59-478c4,3,56
10:03:33,idle,emailservice-66944ff59-4fvm9,3,94
10:03:33,idle,emailservice-66944ff59-txwj8,3,58
10:03:33,idle,envoy-grpc-lb-648f879c96-zzvgt,5,23
10:03:33,idle,frontend-56d4848657-2lw2w,2,12
10:03:33,idle,frontend-56d4848657-kc9nb,19,14
10:03:33,idle,paymentservice-9bfb7bf5-46sq4,2,81
10:03:33,idle,paymentservice-9bfb7bf5-pktv4,1,71
10:03:33,idle,paymentservice-9bfb7bf5-snj4k,1,123
10:03:33,idle,productcatalogservice-65bbf699df-8zzd2,1,43
10:03:33,idle,productcatalogservice-65bbf699df-qmltb,1,19
10:03:33,idle,productcatalogservice-65bbf699df-rh24h,1,22
10:03:33,idle,recommendationservice-7444754ff5-hsxb8,3,51
10:03:33,idle,recommendationservice-7d7f9f7777-k667k,153,51
10:03:33,idle,recommendationservice-7d7f9f7777-k7s2c,10,51
10:03:33,idle,redis-cart-c8ff86559-jrlvk,2,36
10:03:33,idle,shippingservice-f956b6d9f-2g46p,1,31
10:03:33,idle,shippingservice-f956b6d9f-4kzvq,1,18
10:03:33,idle,shippingservice-f956b6d9f-nmnfn,1,18
10:03:43,100u,adservice-574bff445c-grt9z,2,182
10:03:43,100u,adservice-574bff445c-h47zv,11,185
10:03:43,100u,adservice-574bff445c-wppcl,1,278
10:03:43,100u,cartservice-7c84fdfb6-hsn24,2,134
10:03:43,100u,cartservice-7c84fdfb6-s4cp2,3,178
10:03:43,100u,cartservice-7c84fdfb6-sf94w,2,139
10:03:43,100u,checkoutservice-6f4dbd65bf-glltw,1,12
10:03:43,100u,checkoutservice-6f4dbd65bf-hkgzd,1,11
10:03:43,100u,checkoutservice-6f4dbd65bf-t2t2w,1,12
10:03:43,100u,currencyservice-7c8fc8fc9c-dlzht,2,122
10:03:43,100u,currencyservice-7c8fc8fc9c-mvsgf,2,100
10:03:43,100u,currencyservice-7c8fc8fc9c-wqrfs,4,87
10:03:43,100u,emailservice-66944ff59-478c4,3,56
10:03:43,100u,emailservice-66944ff59-4fvm9,3,94
10:03:43,100u,emailservice-66944ff59-txwj8,3,58
10:03:43,100u,envoy-grpc-lb-648f879c96-zzvgt,5,23
10:03:43,100u,frontend-56d4848657-2lw2w,1,12
10:03:43,100u,frontend-56d4848657-gf72x,1,12
10:03:43,100u,frontend-56d4848657-kc9nb,7,18
10:03:43,100u,paymentservice-9bfb7bf5-46sq4,1,81
10:03:43,100u,paymentservice-9bfb7bf5-pktv4,1,71
10:03:43,100u,paymentservice-9bfb7bf5-snj4k,1,123
10:03:43,100u,productcatalogservice-65bbf699df-8zzd2,2,43
10:03:43,100u,productcatalogservice-65bbf699df-qmltb,1,19
10:03:43,100u,productcatalogservice-65bbf699df-rh24h,1,22
10:03:43,100u,recommendationservice-7d7f9f7777-k667k,3,51
10:03:43,100u,recommendationservice-7d7f9f7777-k7s2c,2,51
10:03:43,100u,redis-cart-c8ff86559-jrlvk,3,37
10:03:43,100u,shippingservice-f956b6d9f-2g46p,1,31
10:03:43,100u,shippingservice-f956b6d9f-4kzvq,1,18
10:03:43,100u,shippingservice-f956b6d9f-nmnfn,1,18
10:03:53,100u,adservice-574bff445c-grt9z,105,196
10:03:53,100u,adservice-574bff445c-h47zv,107,204
10:03:53,100u,adservice-574bff445c-wppcl,36,279
10:03:53,100u,cartservice-7c84fdfb6-hsn24,78,143
10:03:53,100u,cartservice-7c84fdfb6-s4cp2,30,179
10:03:53,100u,cartservice-7c84fdfb6-sf94w,32,141
10:03:53,100u,checkoutservice-6f4dbd65bf-glltw,9,17
10:03:53,100u,checkoutservice-6f4dbd65bf-hkgzd,8,17
10:03:53,100u,checkoutservice-6f4dbd65bf-t2t2w,10,18
10:03:53,100u,currencyservice-7c8fc8fc9c-dlzht,59,122
10:03:53,100u,currencyservice-7c8fc8fc9c-mvsgf,80,105
10:03:53,100u,currencyservice-7c8fc8fc9c-wqrfs,87,95
10:03:53,100u,emailservice-66944ff59-478c4,5,56
10:03:53,100u,emailservice-66944ff59-4fvm9,6,94
10:03:53,100u,emailservice-66944ff59-txwj8,5,58
10:03:53,100u,envoy-grpc-lb-648f879c96-zzvgt,164,32
10:03:53,100u,frontend-56d4848657-2lw2w,68,21
10:03:53,100u,frontend-56d4848657-gf72x,52,22
10:03:53,100u,frontend-56d4848657-kc9nb,92,21
10:03:53,100u,paymentservice-9bfb7bf5-46sq4,4,81
10:03:53,100u,paymentservice-9bfb7bf5-pktv4,7,71
10:03:53,100u,paymentservice-9bfb7bf5-snj4k,4,123
10:03:53,100u,productcatalogservice-65bbf699df-8zzd2,34,44
10:03:53,100u,productcatalogservice-65bbf699df-qmltb,33,21
10:03:53,100u,productcatalogservice-65bbf699df-rh24h,33,22
10:03:53,100u,recommendationservice-7d7f9f7777-k667k,51,54
10:03:53,100u,recommendationservice-7d7f9f7777-k7s2c,49,54
10:03:53,100u,recommendationservice-7d7f9f7777-mrxwg,49,54
10:03:53,100u,redis-cart-c8ff86559-jrlvk,6,36
10:03:53,100u,shippingservice-f956b6d9f-2g46p,3,31
10:03:53,100u,shippingservice-f956b6d9f-4kzvq,4,18
10:03:53,100u,shippingservice-f956b6d9f-nmnfn,5,18
10:04:03,100u,adservice-574bff445c-grt9z,105,196
10:04:03,100u,adservice-574bff445c-h47zv,107,204
10:04:03,100u,adservice-574bff445c-wppcl,36,279
10:04:03,100u,cartservice-7c84fdfb6-hsn24,78,143
10:04:03,100u,cartservice-7c84fdfb6-s4cp2,30,179
10:04:03,100u,cartservice-7c84fdfb6-sf94w,32,141
10:04:03,100u,checkoutservice-6f4dbd65bf-glltw,9,17
10:04:03,100u,checkoutservice-6f4dbd65bf-hkgzd,8,17
10:04:03,100u,checkoutservice-6f4dbd65bf-t2t2w,10,18
10:04:03,100u,currencyservice-7c8fc8fc9c-dlzht,59,122
10:04:03,100u,currencyservice-7c8fc8fc9c-mvsgf,80,105
10:04:03,100u,currencyservice-7c8fc8fc9c-wqrfs,87,95
10:04:03,100u,emailservice-66944ff59-478c4,5,56
10:04:03,100u,emailservice-66944ff59-4fvm9,6,94
10:04:03,100u,emailservice-66944ff59-txwj8,5,58
10:04:03,100u,envoy-grpc-lb-648f879c96-zzvgt,164,32
10:04:03,100u,frontend-56d4848657-2lw2w,68,21
10:04:03,100u,frontend-56d4848657-gf72x,52,22
10:04:03,100u,frontend-56d4848657-kc9nb,92,21
10:04:03,100u,paymentservice-9bfb7bf5-46sq4,4,81
10:04:03,100u,paymentservice-9bfb7bf5-pktv4,7,71
10:04:03,100u,paymentservice-9bfb7bf5-snj4k,4,123
10:04:03,100u,productcatalogservice-65bbf699df-8zzd2,34,44
10:04:03,100u,productcatalogservice-65bbf699df-qmltb,33,21
10:04:03,100u,productcatalogservice-65bbf699df-rh24h,33,22
10:04:03,100u,recommendationservice-7d7f9f7777-k667k,51,54
10:04:03,100u,recommendationservice-7d7f9f7777-k7s2c,49,54
10:04:03,100u,recommendationservice-7d7f9f7777-mrxwg,49,54
10:04:03,100u,redis-cart-c8ff86559-jrlvk,6,36
10:04:03,100u,shippingservice-f956b6d9f-2g46p,3,31
10:04:03,100u,shippingservice-f956b6d9f-4kzvq,4,18
10:04:03,100u,shippingservice-f956b6d9f-nmnfn,5,18
10:04:14,100u,adservice-574bff445c-grt9z,193,223
10:04:14,100u,adservice-574bff445c-h47zv,188,221
10:04:14,100u,adservice-574bff445c-wppcl,42,279
10:04:14,100u,cartservice-7c84fdfb6-hsn24,86,144
10:04:14,100u,cartservice-7c84fdfb6-s4cp2,71,179
10:04:14,100u,cartservice-7c84fdfb6-sf94w,70,142
10:04:14,100u,checkoutservice-6f4dbd65bf-glltw,17,18
10:04:14,100u,checkoutservice-6f4dbd65bf-hkgzd,14,18
10:04:14,100u,checkoutservice-6f4dbd65bf-t2t2w,15,18
10:04:14,100u,currencyservice-7c8fc8fc9c-dlzht,165,125
10:04:14,100u,currencyservice-7c8fc8fc9c-mvsgf,167,115
10:04:14,100u,currencyservice-7c8fc8fc9c-wqrfs,170,102
10:04:14,100u,emailservice-66944ff59-478c4,9,56
10:04:14,100u,emailservice-66944ff59-4fvm9,11,94
10:04:14,100u,emailservice-66944ff59-txwj8,9,58
10:04:14,100u,envoy-grpc-lb-648f879c96-zzvgt,456,32
10:04:14,100u,frontend-56d4848657-2lw2w,188,23
10:04:14,100u,frontend-56d4848657-gf72x,157,22
10:04:14,100u,frontend-56d4848657-kc9nb,183,23
10:04:14,100u,paymentservice-9bfb7bf5-46sq4,5,81
10:04:14,100u,paymentservice-9bfb7bf5-pktv4,8,71
10:04:14,100u,paymentservice-9bfb7bf5-snj4k,6,123
10:04:14,100u,productcatalogservice-65bbf699df-8zzd2,95,44
10:04:14,100u,productcatalogservice-65bbf699df-qmltb,96,21
10:04:14,100u,productcatalogservice-65bbf699df-rh24h,96,22
10:04:14,100u,recommendationservice-7d7f9f7777-k667k,122,54
10:04:14,100u,recommendationservice-7d7f9f7777-k7s2c,119,54
10:04:14,100u,recommendationservice-7d7f9f7777-mrxwg,127,54
10:04:14,100u,redis-cart-c8ff86559-jrlvk,13,36
10:04:14,100u,shippingservice-f956b6d9f-2g46p,11,31
10:04:14,100u,shippingservice-f956b6d9f-4kzvq,11,18
10:04:14,100u,shippingservice-f956b6d9f-nmnfn,10,18
10:04:24,100u,adservice-574bff445c-grt9z,51,226
10:04:24,100u,adservice-574bff445c-h47zv,50,226
10:04:24,100u,adservice-574bff445c-wppcl,28,279
10:04:24,100u,cartservice-7c84fdfb6-hsn24,35,144
10:04:24,100u,cartservice-7c84fdfb6-s4cp2,35,179
10:04:24,100u,cartservice-7c84fdfb6-sf94w,30,142
10:04:24,100u,checkoutservice-6f4dbd65bf-glltw,9,18
10:04:24,100u,checkoutservice-6f4dbd65bf-hkgzd,8,18
10:04:24,100u,checkoutservice-6f4dbd65bf-t2t2w,6,18
10:04:24,100u,currencyservice-7c8fc8fc9c-dlzht,78,124
10:04:24,100u,currencyservice-7c8fc8fc9c-mvsgf,73,117
10:04:24,100u,currencyservice-7c8fc8fc9c-wqrfs,77,105
10:04:24,100u,emailservice-66944ff59-478c4,6,56
10:04:24,100u,emailservice-66944ff59-4fvm9,7,94
10:04:24,100u,emailservice-66944ff59-txwj8,6,58
10:04:24,100u,envoy-grpc-lb-648f879c96-zzvgt,210,33
10:04:24,100u,frontend-56d4848657-2lw2w,70,23
10:04:24,100u,frontend-56d4848657-gf72x,63,22
10:04:24,100u,frontend-56d4848657-kc9nb,112,22
10:04:24,100u,paymentservice-9bfb7bf5-46sq4,3,81
10:04:24,100u,paymentservice-9bfb7bf5-pktv4,4,72
10:04:24,100u,paymentservice-9bfb7bf5-snj4k,4,123
10:04:24,100u,productcatalogservice-65bbf699df-8zzd2,43,44
10:04:24,100u,productcatalogservice-65bbf699df-qmltb,43,21
10:04:24,100u,productcatalogservice-65bbf699df-rh24h,45,22
10:04:24,100u,recommendationservice-7d7f9f7777-k667k,55,54
10:04:24,100u,recommendationservice-7d7f9f7777-k7s2c,58,54
10:04:24,100u,recommendationservice-7d7f9f7777-mrxwg,56,54
10:04:24,100u,redis-cart-c8ff86559-jrlvk,7,36
10:04:24,100u,shippingservice-f956b6d9f-2g46p,5,31
10:04:24,100u,shippingservice-f956b6d9f-4kzvq,6,18
10:04:24,100u,shippingservice-f956b6d9f-nmnfn,5,18
10:04:34,100u,adservice-574bff445c-grt9z,108,233
10:04:34,100u,adservice-574bff445c-h47zv,138,244
10:04:34,100u,adservice-574bff445c-wppcl,31,279
10:04:34,100u,cartservice-7c84fdfb6-hsn24,66,144
10:04:34,100u,cartservice-7c84fdfb6-s4cp2,64,179
10:04:34,100u,cartservice-7c84fdfb6-sf94w,57,142
10:04:34,100u,checkoutservice-6f4dbd65bf-glltw,12,18
10:04:34,100u,checkoutservice-6f4dbd65bf-hkgzd,15,18
10:04:34,100u,checkoutservice-6f4dbd65bf-t2t2w,14,19
10:04:34,100u,currencyservice-7c8fc8fc9c-dlzht,159,124
10:04:34,100u,currencyservice-7c8fc8fc9c-mvsgf,165,118
10:04:34,100u,currencyservice-7c8fc8fc9c-wqrfs,166,106
10:04:34,100u,emailservice-66944ff59-478c4,10,56
10:04:34,100u,emailservice-66944ff59-4fvm9,8,94
10:04:34,100u,emailservice-66944ff59-txwj8,7,58
10:04:34,100u,envoy-grpc-lb-648f879c96-zzvgt,449,34
10:04:34,100u,frontend-56d4848657-2lw2w,159,23
10:04:34,100u,frontend-56d4848657-gf72x,166,23
10:04:34,100u,frontend-56d4848657-kc9nb,195,26
10:04:34,100u,paymentservice-9bfb7bf5-46sq4,6,81
10:04:34,100u,paymentservice-9bfb7bf5-pktv4,10,87
10:04:34,100u,paymentservice-9bfb7bf5-snj4k,4,123
10:04:34,100u,productcatalogservice-65bbf699df-8zzd2,93,44
10:04:34,100u,productcatalogservice-65bbf699df-qmltb,93,21
10:04:34,100u,productcatalogservice-65bbf699df-rh24h,93,22
10:04:34,100u,recommendationservice-7d7f9f7777-k667k,120,54
10:04:34,100u,recommendationservice-7d7f9f7777-k7s2c,115,54
10:04:34,100u,recommendationservice-7d7f9f7777-mrxwg,127,54
10:04:34,100u,redis-cart-c8ff86559-jrlvk,13,36
10:04:34,100u,shippingservice-f956b6d9f-2g46p,10,31
10:04:34,100u,shippingservice-f956b6d9f-4kzvq,10,18
10:04:34,100u,shippingservice-f956b6d9f-nmnfn,10,18
10:04:44,100u,adservice-574bff445c-grt9z,108,233
10:04:44,100u,adservice-574bff445c-h47zv,138,244
10:04:44,100u,adservice-574bff445c-wppcl,31,279
10:04:44,100u,cartservice-7c84fdfb6-hsn24,66,144
10:04:44,100u,cartservice-7c84fdfb6-s4cp2,64,179
10:04:44,100u,cartservice-7c84fdfb6-sf94w,57,142
10:04:44,100u,checkoutservice-6f4dbd65bf-glltw,12,18
10:04:44,100u,checkoutservice-6f4dbd65bf-hkgzd,15,18
10:04:44,100u,checkoutservice-6f4dbd65bf-t2t2w,14,19
10:04:44,100u,currencyservice-7c8fc8fc9c-dlzht,159,124
10:04:44,100u,currencyservice-7c8fc8fc9c-mvsgf,165,118
10:04:44,100u,currencyservice-7c8fc8fc9c-wqrfs,166,106
10:04:44,100u,emailservice-66944ff59-478c4,10,56
10:04:44,100u,emailservice-66944ff59-4fvm9,8,94
10:04:44,100u,emailservice-66944ff59-txwj8,7,58
10:04:44,100u,envoy-grpc-lb-648f879c96-zzvgt,449,34
10:04:44,100u,frontend-56d4848657-2lw2w,159,23
10:04:44,100u,frontend-56d4848657-gf72x,166,23
10:04:44,100u,frontend-56d4848657-kc9nb,195,26
10:04:44,100u,paymentservice-9bfb7bf5-46sq4,6,81
10:04:44,100u,paymentservice-9bfb7bf5-pktv4,10,87
10:04:44,100u,paymentservice-9bfb7bf5-snj4k,4,123
10:04:44,100u,productcatalogservice-65bbf699df-8zzd2,93,44
10:04:44,100u,productcatalogservice-65bbf699df-qmltb,93,21
10:04:44,100u,productcatalogservice-65bbf699df-rh24h,93,22
10:04:44,100u,recommendationservice-7d7f9f7777-k667k,120,54
10:04:44,100u,recommendationservice-7d7f9f7777-k7s2c,115,54
10:04:44,100u,recommendationservice-7d7f9f7777-mrxwg,127,54
10:04:44,100u,redis-cart-c8ff86559-jrlvk,13,36
10:04:44,100u,shippingservice-f956b6d9f-2g46p,10,31
10:04:44,100u,shippingservice-f956b6d9f-4kzvq,10,18
10:04:44,100u,shippingservice-f956b6d9f-nmnfn,10,18
10:04:54,100u,adservice-574bff445c-grt9z,140,242
10:04:54,100u,adservice-574bff445c-h47zv,109,241
10:04:54,100u,adservice-574bff445c-wppcl,44,279
10:04:54,100u,cartservice-7c84fdfb6-hsn24,76,145
10:04:54,100u,cartservice-7c84fdfb6-s4cp2,65,179
10:04:54,100u,cartservice-7c84fdfb6-sf94w,81,142
10:04:54,100u,checkoutservice-6f4dbd65bf-glltw,19,18
10:04:54,100u,checkoutservice-6f4dbd65bf-hkgzd,17,18
10:04:54,100u,checkoutservice-6f4dbd65bf-t2t2w,19,19
10:04:54,100u,currencyservice-7c8fc8fc9c-dlzht,193,125
10:04:54,100u,currencyservice-7c8fc8fc9c-mvsgf,193,121
10:04:54,100u,currencyservice-7c8fc8fc9c-wqrfs,192,109
10:04:54,100u,emailservice-66944ff59-478c4,10,56
10:04:54,100u,emailservice-66944ff59-4fvm9,10,94
10:04:54,100u,emailservice-66944ff59-txwj8,8,58
10:04:54,100u,envoy-grpc-lb-648f879c96-zzvgt,495,34
10:04:54,100u,frontend-56d4848657-2lw2w,189,27
10:04:54,100u,frontend-56d4848657-gf72x,197,26
10:04:54,100u,frontend-56d4848657-kc9nb,199,27
10:04:54,100u,paymentservice-9bfb7bf5-46sq4,7,82
10:04:54,100u,paymentservice-9bfb7bf5-pktv4,7,72
10:04:54,100u,paymentservice-9bfb7bf5-snj4k,6,123
10:04:54,100u,productcatalogservice-65bbf699df-8zzd2,112,44
10:04:54,100u,productcatalogservice-65bbf699df-qmltb,109,21
10:04:54,100u,productcatalogservice-65bbf699df-rh24h,111,22
10:04:54,100u,recommendationservice-7d7f9f7777-k667k,165,54
10:04:54,100u,recommendationservice-7d7f9f7777-k7s2c,159,54
10:04:54,100u,recommendationservice-7d7f9f7777-mrxwg,167,54
10:04:54,100u,redis-cart-c8ff86559-jrlvk,14,37
10:04:54,100u,shippingservice-f956b6d9f-2g46p,12,31
10:04:54,100u,shippingservice-f956b6d9f-4kzvq,12,18
10:04:54,100u,shippingservice-f956b6d9f-nmnfn,12,18
10:05:04,100u,adservice-574bff445c-grt9z,121,240
10:05:04,100u,adservice-574bff445c-h47zv,119,246
10:05:04,100u,adservice-574bff445c-wppcl,51,279
10:05:04,100u,cartservice-7c84fdfb6-hsn24,103,146
10:05:04,100u,cartservice-7c84fdfb6-s4cp2,83,179
10:05:04,100u,cartservice-7c84fdfb6-sf94w,82,142
10:05:04,100u,checkoutservice-6f4dbd65bf-glltw,22,18
10:05:04,100u,checkoutservice-6f4dbd65bf-hkgzd,25,18
10:05:04,100u,checkoutservice-6f4dbd65bf-t2t2w,21,19
10:05:04,100u,currencyservice-7c8fc8fc9c-dlzht,194,126
10:05:04,100u,currencyservice-7c8fc8fc9c-mvsgf,195,121
10:05:04,100u,currencyservice-7c8fc8fc9c-wqrfs,195,110
10:05:04,100u,emailservice-66944ff59-478c4,11,56
10:05:04,100u,emailservice-66944ff59-4fvm9,11,94
10:05:04,100u,emailservice-66944ff59-txwj8,12,58
10:05:04,100u,envoy-grpc-lb-648f879c96-zzvgt,492,36
10:05:04,100u,frontend-56d4848657-2lw2w,194,27
10:05:04,100u,frontend-56d4848657-gf72x,196,26
10:05:04,100u,frontend-56d4848657-kc9nb,197,28
10:05:04,100u,paymentservice-9bfb7bf5-46sq4,8,82
10:05:04,100u,paymentservice-9bfb7bf5-pktv4,7,72
10:05:04,100u,paymentservice-9bfb7bf5-snj4k,9,123
10:05:04,100u,productcatalogservice-65bbf699df-8zzd2,114,44
10:05:04,100u,productcatalogservice-65bbf699df-qmltb,114,21
10:05:04,100u,productcatalogservice-65bbf699df-rh24h,114,22
10:05:04,100u,recommendationservice-7d7f9f7777-k667k,185,54
10:05:04,100u,recommendationservice-7d7f9f7777-k7s2c,190,54
10:05:04,100u,recommendationservice-7d7f9f7777-mrxwg,187,54
10:05:04,100u,redis-cart-c8ff86559-jrlvk,16,36
10:05:04,100u,shippingservice-f956b6d9f-2g46p,14,31
10:05:04,100u,shippingservice-f956b6d9f-4kzvq,14,19
10:05:04,100u,shippingservice-f956b6d9f-nmnfn,14,18
10:05:15,100u,adservice-574bff445c-grt9z,121,240
10:05:15,100u,adservice-574bff445c-h47zv,119,246
10:05:15,100u,adservice-574bff445c-wppcl,51,279
10:05:15,100u,cartservice-7c84fdfb6-hsn24,103,146
10:05:15,100u,cartservice-7c84fdfb6-s4cp2,83,179
10:05:15,100u,cartservice-7c84fdfb6-sf94w,82,142
10:05:15,100u,checkoutservice-6f4dbd65bf-glltw,22,18
10:05:15,100u,checkoutservice-6f4dbd65bf-hkgzd,25,18
10:05:15,100u,checkoutservice-6f4dbd65bf-t2t2w,21,19
10:05:15,100u,currencyservice-7c8fc8fc9c-dlzht,194,126
10:05:15,100u,currencyservice-7c8fc8fc9c-mvsgf,195,121
10:05:15,100u,currencyservice-7c8fc8fc9c-wqrfs,195,110
10:05:15,100u,emailservice-66944ff59-478c4,11,56
10:05:15,100u,emailservice-66944ff59-4fvm9,11,94
10:05:15,100u,emailservice-66944ff59-txwj8,12,58
10:05:15,100u,envoy-grpc-lb-648f879c96-zzvgt,492,36
10:05:15,100u,frontend-56d4848657-2lw2w,194,27
10:05:15,100u,frontend-56d4848657-gf72x,196,26
10:05:15,100u,frontend-56d4848657-kc9nb,197,28
10:05:15,100u,paymentservice-9bfb7bf5-46sq4,8,82
10:05:15,100u,paymentservice-9bfb7bf5-pktv4,7,72
10:05:15,100u,paymentservice-9bfb7bf5-snj4k,9,123
10:05:15,100u,productcatalogservice-65bbf699df-8zzd2,114,44
10:05:15,100u,productcatalogservice-65bbf699df-qmltb,114,21
10:05:15,100u,productcatalogservice-65bbf699df-rh24h,114,22
10:05:15,100u,recommendationservice-7d7f9f7777-k667k,185,54
10:05:15,100u,recommendationservice-7d7f9f7777-k7s2c,190,54
10:05:15,100u,recommendationservice-7d7f9f7777-mrxwg,187,54
10:05:15,100u,redis-cart-c8ff86559-jrlvk,16,36
10:05:15,100u,shippingservice-f956b6d9f-2g46p,14,31
10:05:15,100u,shippingservice-f956b6d9f-4kzvq,14,19
10:05:15,100u,shippingservice-f956b6d9f-nmnfn,14,18
10:05:25,100u,adservice-574bff445c-grt9z,139,242
10:05:25,100u,adservice-574bff445c-h47zv,143,241
10:05:25,100u,adservice-574bff445c-wppcl,55,279
10:05:25,100u,cartservice-7c84fdfb6-hsn24,110,146
10:05:25,100u,cartservice-7c84fdfb6-s4cp2,79,179
10:05:25,100u,cartservice-7c84fdfb6-sf94w,83,142
10:05:25,100u,checkoutservice-6f4dbd65bf-glltw,24,18
10:05:25,100u,checkoutservice-6f4dbd65bf-hkgzd,24,18
10:05:25,100u,checkoutservice-6f4dbd65bf-t2t2w,21,19
10:05:25,100u,currencyservice-7c8fc8fc9c-dlzht,198,126
10:05:25,100u,currencyservice-7c8fc8fc9c-mvsgf,200,122
10:05:25,100u,currencyservice-7c8fc8fc9c-wqrfs,199,112
10:05:25,100u,emailservice-66944ff59-478c4,10,56
10:05:25,100u,emailservice-66944ff59-4fvm9,11,94
10:05:25,100u,emailservice-66944ff59-txwj8,13,58
10:05:25,100u,envoy-grpc-lb-648f879c96-zzvgt,498,36
10:05:25,100u,frontend-56d4848657-2lw2w,198,27
10:05:25,100u,frontend-56d4848657-gf72x,199,27
10:05:25,100u,frontend-56d4848657-kc9nb,199,27
10:05:25,100u,paymentservice-9bfb7bf5-46sq4,8,82
10:05:25,100u,paymentservice-9bfb7bf5-pktv4,7,74
10:05:25,100u,paymentservice-9bfb7bf5-snj4k,9,123
10:05:25,100u,productcatalogservice-65bbf699df-8zzd2,118,44
10:05:25,100u,productcatalogservice-65bbf699df-qmltb,115,21
10:05:25,100u,productcatalogservice-65bbf699df-rh24h,118,23
10:05:25,100u,recommendationservice-7d7f9f7777-k667k,190,54
10:05:25,100u,recommendationservice-7d7f9f7777-k7s2c,191,55
10:05:25,100u,recommendationservice-7d7f9f7777-mrxwg,191,54
10:05:25,100u,redis-cart-c8ff86559-jrlvk,17,36
10:05:25,100u,shippingservice-f956b6d9f-2g46p,14,31
10:05:25,100u,shippingservice-f956b6d9f-4kzvq,15,18
10:05:25,100u,shippingservice-f956b6d9f-nmnfn,14,18
10:05:35,100u,adservice-574bff445c-grt9z,103,242
10:05:35,100u,adservice-574bff445c-h47zv,111,241
10:05:35,100u,adservice-574bff445c-wppcl,47,279
10:05:35,100u,cartservice-7c84fdfb6-hsn24,108,146
10:05:35,100u,cartservice-7c84fdfb6-s4cp2,79,179
10:05:35,100u,cartservice-7c84fdfb6-sf94w,90,143
10:05:35,100u,checkoutservice-6f4dbd65bf-glltw,25,18
10:05:35,100u,checkoutservice-6f4dbd65bf-hkgzd,26,18
10:05:35,100u,checkoutservice-6f4dbd65bf-t2t2w,23,19
10:05:35,100u,currencyservice-7c8fc8fc9c-dlzht,198,125
10:05:35,100u,currencyservice-7c8fc8fc9c-mvsgf,199,124
10:05:35,100u,currencyservice-7c8fc8fc9c-wqrfs,199,113
10:05:35,100u,emailservice-66944ff59-478c4,11,56
10:05:35,100u,emailservice-66944ff59-4fvm9,13,94
10:05:35,100u,emailservice-66944ff59-txwj8,13,58
10:05:35,100u,envoy-grpc-lb-648f879c96-zzvgt,499,36
10:05:35,100u,frontend-56d4848657-2lw2w,198,27
10:05:35,100u,frontend-56d4848657-gf72x,197,28
10:05:35,100u,frontend-56d4848657-kc9nb,199,27
10:05:35,100u,paymentservice-9bfb7bf5-46sq4,8,82
10:05:35,100u,paymentservice-9bfb7bf5-pktv4,10,74
10:05:35,100u,paymentservice-9bfb7bf5-snj4k,9,124
10:05:35,100u,productcatalogservice-65bbf699df-8zzd2,118,44
10:05:35,100u,productcatalogservice-65bbf699df-qmltb,117,22
10:05:35,100u,productcatalogservice-65bbf699df-rh24h,117,22
10:05:35,100u,recommendationservice-7d7f9f7777-k667k,194,54
10:05:35,100u,recommendationservice-7d7f9f7777-k7s2c,192,55
10:05:35,100u,recommendationservice-7d7f9f7777-mrxwg,196,54
10:05:35,100u,redis-cart-c8ff86559-jrlvk,17,36
10:05:35,100u,shippingservice-f956b6d9f-2g46p,15,31
10:05:35,100u,shippingservice-f956b6d9f-4kzvq,14,18
10:05:35,100u,shippingservice-f956b6d9f-nmnfn,15,18
10:05:45,100u,adservice-574bff445c-grt9z,103,242
10:05:45,100u,adservice-574bff445c-h47zv,111,241
10:05:45,100u,adservice-574bff445c-wppcl,47,279
10:05:45,100u,cartservice-7c84fdfb6-hsn24,108,146
10:05:45,100u,cartservice-7c84fdfb6-s4cp2,79,179
10:05:45,100u,cartservice-7c84fdfb6-sf94w,90,143
10:05:45,100u,checkoutservice-6f4dbd65bf-glltw,25,18
10:05:45,100u,checkoutservice-6f4dbd65bf-hkgzd,26,18
10:05:45,100u,checkoutservice-6f4dbd65bf-t2t2w,23,19
10:05:45,100u,currencyservice-7c8fc8fc9c-dlzht,198,125
10:05:45,100u,currencyservice-7c8fc8fc9c-mvsgf,199,124
10:05:45,100u,currencyservice-7c8fc8fc9c-wqrfs,199,113
10:05:45,100u,emailservice-66944ff59-478c4,11,56
10:05:45,100u,emailservice-66944ff59-4fvm9,13,94
10:05:45,100u,emailservice-66944ff59-txwj8,13,58
10:05:45,100u,envoy-grpc-lb-648f879c96-zzvgt,499,36
10:05:45,100u,frontend-56d4848657-2lw2w,198,27
10:05:45,100u,frontend-56d4848657-gf72x,197,28
10:05:45,100u,frontend-56d4848657-kc9nb,199,27
10:05:45,100u,paymentservice-9bfb7bf5-46sq4,8,82
10:05:45,100u,paymentservice-9bfb7bf5-pktv4,10,74
10:05:45,100u,paymentservice-9bfb7bf5-snj4k,9,124
10:05:45,100u,productcatalogservice-65bbf699df-8zzd2,118,44
10:05:45,100u,productcatalogservice-65bbf699df-qmltb,117,22
10:05:45,100u,productcatalogservice-65bbf699df-rh24h,117,22
10:05:45,100u,recommendationservice-7d7f9f7777-k667k,194,54
10:05:45,100u,recommendationservice-7d7f9f7777-k7s2c,192,55
10:05:45,100u,recommendationservice-7d7f9f7777-mrxwg,196,54
10:05:45,100u,redis-cart-c8ff86559-jrlvk,17,36
10:05:45,100u,shippingservice-f956b6d9f-2g46p,15,31
10:05:45,100u,shippingservice-f956b6d9f-4kzvq,14,18
10:05:45,100u,shippingservice-f956b6d9f-nmnfn,15,18
10:05:55,100u,adservice-574bff445c-grt9z,112,244
10:05:55,100u,adservice-574bff445c-h47zv,144,262
10:05:55,100u,adservice-574bff445c-wppcl,51,279
10:05:55,100u,cartservice-7c84fdfb6-hsn24,102,146
10:05:55,100u,cartservice-7c84fdfb6-s4cp2,88,179
10:05:55,100u,cartservice-7c84fdfb6-sf94w,99,143
10:05:55,100u,checkoutservice-6f4dbd65bf-glltw,24,18
10:05:55,100u,checkoutservice-6f4dbd65bf-hkgzd,22,18
10:05:55,100u,checkoutservice-6f4dbd65bf-t2t2w,26,19
10:05:55,100u,currencyservice-7c8fc8fc9c-dlzht,199,126
10:05:55,100u,currencyservice-7c8fc8fc9c-mvsgf,198,124
10:05:55,100u,currencyservice-7c8fc8fc9c-wqrfs,199,113
10:05:55,100u,emailservice-66944ff59-478c4,12,56
10:05:55,100u,emailservice-66944ff59-4fvm9,11,94
10:05:55,100u,emailservice-66944ff59-txwj8,12,58
10:05:55,100u,envoy-grpc-lb-648f879c96-zzvgt,499,36
10:05:55,100u,frontend-56d4848657-2lw2w,197,27
10:05:55,100u,frontend-56d4848657-gf72x,199,28
10:05:55,100u,frontend-56d4848657-kc9nb,199,27
10:05:55,100u,paymentservice-9bfb7bf5-46sq4,10,84
10:05:55,100u,paymentservice-9bfb7bf5-pktv4,8,75
10:05:55,100u,paymentservice-9bfb7bf5-snj4k,8,124
10:05:55,100u,productcatalogservice-65bbf699df-8zzd2,115,44
10:05:55,100u,productcatalogservice-65bbf699df-qmltb,117,22
10:05:55,100u,productcatalogservice-65bbf699df-rh24h,118,23
10:05:55,100u,recommendationservice-7d7f9f7777-k667k,194,54
10:05:55,100u,recommendationservice-7d7f9f7777-k7s2c,195,55
10:05:55,100u,recommendationservice-7d7f9f7777-mrxwg,198,54
10:05:55,100u,redis-cart-c8ff86559-jrlvk,17,36
10:05:55,100u,shippingservice-f956b6d9f-2g46p,14,31
10:05:55,100u,shippingservice-f956b6d9f-4kzvq,14,18
10:05:55,100u,shippingservice-f956b6d9f-nmnfn,16,18
10:06:05,100u,adservice-574bff445c-grt9z,102,244
10:06:05,100u,adservice-574bff445c-h47zv,110,242
10:06:05,100u,adservice-574bff445c-wppcl,47,279
10:06:05,100u,cartservice-7c84fdfb6-hsn24,101,146
10:06:05,100u,cartservice-7c84fdfb6-s4cp2,86,179
10:06:05,100u,cartservice-7c84fdfb6-sf94w,84,144
10:06:05,100u,checkoutservice-6f4dbd65bf-glltw,21,18
10:06:05,100u,checkoutservice-6f4dbd65bf-hkgzd,27,19
10:06:05,100u,checkoutservice-6f4dbd65bf-t2t2w,23,19
10:06:05,100u,currencyservice-7c8fc8fc9c-dlzht,199,126
10:06:05,100u,currencyservice-7c8fc8fc9c-mvsgf,200,124
10:06:05,100u,currencyservice-7c8fc8fc9c-wqrfs,199,113
10:06:05,100u,emailservice-66944ff59-478c4,11,56
10:06:05,100u,emailservice-66944ff59-4fvm9,11,94
10:06:05,100u,emailservice-66944ff59-txwj8,12,58
10:06:05,100u,envoy-grpc-lb-648f879c96-zzvgt,500,36
10:06:05,100u,frontend-56d4848657-2lw2w,198,27
10:06:05,100u,frontend-56d4848657-gf72x,198,28
10:06:05,100u,frontend-56d4848657-kc9nb,199,28
10:06:05,100u,paymentservice-9bfb7bf5-46sq4,7,84
10:06:05,100u,paymentservice-9bfb7bf5-pktv4,9,75
10:06:05,100u,paymentservice-9bfb7bf5-snj4k,10,124
10:06:05,100u,productcatalogservice-65bbf699df-8zzd2,117,44
10:06:05,100u,productcatalogservice-65bbf699df-qmltb,115,22
10:06:05,100u,productcatalogservice-65bbf699df-rh24h,119,22
10:06:05,100u,recommendationservice-7d7f9f7777-k667k,196,55
10:06:05,100u,recommendationservice-7d7f9f7777-k7s2c,194,55
10:06:05,100u,recommendationservice-7d7f9f7777-mrxwg,195,54
10:06:05,100u,redis-cart-c8ff86559-jrlvk,16,36
10:06:05,100u,shippingservice-f956b6d9f-2g46p,15,31
10:06:05,100u,shippingservice-f956b6d9f-4kzvq,14,18
10:06:05,100u,shippingservice-f956b6d9f-nmnfn,14,18
10:06:16,100u,adservice-574bff445c-grt9z,102,244
10:06:16,100u,adservice-574bff445c-h47zv,110,242
10:06:16,100u,adservice-574bff445c-wppcl,47,279
10:06:16,100u,cartservice-7c84fdfb6-hsn24,101,146
10:06:16,100u,cartservice-7c84fdfb6-s4cp2,86,179
10:06:16,100u,cartservice-7c84fdfb6-sf94w,84,144
10:06:16,100u,checkoutservice-6f4dbd65bf-glltw,21,18
10:06:16,100u,checkoutservice-6f4dbd65bf-hkgzd,27,19
10:06:16,100u,checkoutservice-6f4dbd65bf-t2t2w,23,19
10:06:16,100u,currencyservice-7c8fc8fc9c-dlzht,199,126
10:06:16,100u,currencyservice-7c8fc8fc9c-mvsgf,200,124
10:06:16,100u,currencyservice-7c8fc8fc9c-wqrfs,199,113
10:06:16,100u,emailservice-66944ff59-478c4,11,56
10:06:16,100u,emailservice-66944ff59-4fvm9,11,94
10:06:16,100u,emailservice-66944ff59-txwj8,12,58
10:06:16,100u,envoy-grpc-lb-648f879c96-zzvgt,500,36
10:06:16,100u,frontend-56d4848657-2lw2w,198,27
10:06:16,100u,frontend-56d4848657-gf72x,198,28
10:06:16,100u,frontend-56d4848657-kc9nb,199,28
10:06:16,100u,paymentservice-9bfb7bf5-46sq4,7,84
10:06:16,100u,paymentservice-9bfb7bf5-pktv4,9,75
10:06:16,100u,paymentservice-9bfb7bf5-snj4k,10,124
10:06:16,100u,productcatalogservice-65bbf699df-8zzd2,117,44
10:06:16,100u,productcatalogservice-65bbf699df-qmltb,115,22
10:06:16,100u,productcatalogservice-65bbf699df-rh24h,119,22
10:06:16,100u,recommendationservice-7d7f9f7777-k667k,196,55
10:06:16,100u,recommendationservice-7d7f9f7777-k7s2c,194,55
10:06:16,100u,recommendationservice-7d7f9f7777-mrxwg,195,54
10:06:16,100u,redis-cart-c8ff86559-jrlvk,16,36
10:06:16,100u,shippingservice-f956b6d9f-2g46p,15,31
10:06:16,100u,shippingservice-f956b6d9f-4kzvq,14,18
10:06:16,100u,shippingservice-f956b6d9f-nmnfn,14,18
10:06:26,100u,adservice-574bff445c-grt9z,16,243
10:06:26,100u,adservice-574bff445c-h47zv,12,242
10:06:26,100u,adservice-574bff445c-wppcl,8,279
10:06:26,100u,cartservice-7c84fdfb6-hsn24,17,146
10:06:26,100u,cartservice-7c84fdfb6-s4cp2,13,179
10:06:26,100u,cartservice-7c84fdfb6-sf94w,13,144
10:06:26,100u,checkoutservice-6f4dbd65bf-glltw,4,18
10:06:26,100u,checkoutservice-6f4dbd65bf-hkgzd,3,19
10:06:26,100u,checkoutservice-6f4dbd65bf-t2t2w,4,19
10:06:26,100u,currencyservice-7c8fc8fc9c-mvsgf,27,124
10:06:26,100u,currencyservice-7c8fc8fc9c-wqrfs,27,113
10:06:26,100u,emailservice-66944ff59-478c4,6,56
10:06:26,100u,emailservice-66944ff59-4fvm9,5,94
10:06:26,100u,emailservice-66944ff59-txwj8,5,58
10:06:26,100u,envoy-grpc-lb-648f879c96-zzvgt,70,35
10:06:26,100u,frontend-56d4848657-2lw2w,26,27
10:06:26,100u,frontend-56d4848657-gf72x,27,28
10:06:26,100u,frontend-56d4848657-kc9nb,27,27
10:06:26,100u,paymentservice-9bfb7bf5-46sq4,2,84
10:06:26,100u,paymentservice-9bfb7bf5-pktv4,3,75
10:06:26,100u,paymentservice-9bfb7bf5-snj4k,3,124
10:06:26,100u,productcatalogservice-65bbf699df-8zzd2,15,44
10:06:26,100u,productcatalogservice-65bbf699df-qmltb,16,22
10:06:26,100u,productcatalogservice-65bbf699df-rh24h,16,22
10:06:26,100u,recommendationservice-7d7f9f7777-k667k,28,54
10:06:26,100u,recommendationservice-7d7f9f7777-k7s2c,28,55
10:06:26,100u,recommendationservice-7d7f9f7777-mrxwg,29,54
10:06:26,100u,redis-cart-c8ff86559-jrlvk,6,37
10:06:26,100u,shippingservice-f956b6d9f-2g46p,2,31
10:06:26,100u,shippingservice-f956b6d9f-4kzvq,3,18
10:06:26,100u,shippingservice-f956b6d9f-nmnfn,3,18
10:06:36,100u,adservice-574bff445c-grt9z,3,243
10:06:36,100u,adservice-574bff445c-h47zv,3,242
10:06:36,100u,adservice-574bff445c-wppcl,2,279
10:06:36,100u,cartservice-7c84fdfb6-hsn24,2,146
10:06:36,100u,cartservice-7c84fdfb6-s4cp2,2,179
10:06:36,100u,cartservice-7c84fdfb6-sf94w,2,144
10:06:36,100u,checkoutservice-6f4dbd65bf-glltw,1,18
10:06:36,100u,checkoutservice-6f4dbd65bf-hkgzd,1,19
10:06:36,100u,checkoutservice-6f4dbd65bf-t2t2w,1,19
10:06:36,100u,currencyservice-7c8fc8fc9c-dlzht,43,63
10:06:36,100u,currencyservice-7c8fc8fc9c-mvsgf,2,124
10:06:36,100u,currencyservice-7c8fc8fc9c-wqrfs,2,113
10:06:36,100u,emailservice-66944ff59-478c4,3,56
10:06:36,100u,emailservice-66944ff59-4fvm9,4,94
10:06:36,100u,emailservice-66944ff59-txwj8,4,58
10:06:36,100u,envoy-grpc-lb-648f879c96-zzvgt,6,35
10:06:36,100u,frontend-56d4848657-2lw2w,1,27
10:06:36,100u,frontend-56d4848657-gf72x,1,28
10:06:36,100u,frontend-56d4848657-kc9nb,1,27
10:06:36,100u,paymentservice-9bfb7bf5-46sq4,2,84
10:06:36,100u,paymentservice-9bfb7bf5-pktv4,1,75
10:06:36,100u,paymentservice-9bfb7bf5-snj4k,1,124
10:06:36,100u,productcatalogservice-65bbf699df-8zzd2,1,44
10:06:36,100u,productcatalogservice-65bbf699df-qmltb,1,22
10:06:36,100u,productcatalogservice-65bbf699df-rh24h,1,22
10:06:36,100u,recommendationservice-7d7f9f7777-k667k,3,54
10:06:36,100u,recommendationservice-7d7f9f7777-k7s2c,3,55
10:06:36,100u,recommendationservice-7d7f9f7777-mrxwg,4,54
10:06:36,100u,redis-cart-c8ff86559-jrlvk,2,36
10:06:36,100u,shippingservice-f956b6d9f-2g46p,1,31
10:06:36,100u,shippingservice-f956b6d9f-4kzvq,1,18
10:06:36,100u,shippingservice-f956b6d9f-nmnfn,1,18
10:06:46,100u,adservice-574bff445c-grt9z,3,243
10:06:46,100u,adservice-574bff445c-h47zv,3,242
10:06:46,100u,adservice-574bff445c-wppcl,2,279
10:06:46,100u,cartservice-7c84fdfb6-hsn24,2,146
10:06:46,100u,cartservice-7c84fdfb6-s4cp2,2,179
10:06:46,100u,cartservice-7c84fdfb6-sf94w,2,144
10:06:46,100u,checkoutservice-6f4dbd65bf-glltw,1,18
10:06:46,100u,checkoutservice-6f4dbd65bf-hkgzd,1,19
10:06:46,100u,checkoutservice-6f4dbd65bf-t2t2w,1,19
10:06:46,100u,currencyservice-7c8fc8fc9c-dlzht,43,63
10:06:46,100u,currencyservice-7c8fc8fc9c-mvsgf,2,124
10:06:46,100u,currencyservice-7c8fc8fc9c-wqrfs,2,113
10:06:46,100u,emailservice-66944ff59-478c4,3,56
10:06:46,100u,emailservice-66944ff59-4fvm9,4,94
10:06:46,100u,emailservice-66944ff59-txwj8,4,58
10:06:46,100u,envoy-grpc-lb-648f879c96-zzvgt,6,35
10:06:46,100u,frontend-56d4848657-2lw2w,1,27
10:06:46,100u,frontend-56d4848657-gf72x,1,28
10:06:46,100u,frontend-56d4848657-kc9nb,1,27
10:06:46,100u,paymentservice-9bfb7bf5-46sq4,2,84
10:06:46,100u,paymentservice-9bfb7bf5-pktv4,1,75
10:06:46,100u,paymentservice-9bfb7bf5-snj4k,1,124
10:06:46,100u,productcatalogservice-65bbf699df-8zzd2,1,44
10:06:46,100u,productcatalogservice-65bbf699df-qmltb,1,22
10:06:46,100u,productcatalogservice-65bbf699df-rh24h,1,22
10:06:46,100u,recommendationservice-7d7f9f7777-k667k,3,54
10:06:46,100u,recommendationservice-7d7f9f7777-k7s2c,3,55
10:06:46,100u,recommendationservice-7d7f9f7777-mrxwg,4,54
10:06:46,100u,redis-cart-c8ff86559-jrlvk,2,36
10:06:46,100u,shippingservice-f956b6d9f-2g46p,1,31
10:06:46,100u,shippingservice-f956b6d9f-4kzvq,1,18
10:06:46,100u,shippingservice-f956b6d9f-nmnfn,1,18
10:06:56,100u,adservice-574bff445c-grt9z,6,243
10:06:56,100u,adservice-574bff445c-h47zv,7,242
10:06:56,100u,adservice-574bff445c-wppcl,1,279
10:06:56,100u,cartservice-7c84fdfb6-hsn24,2,146
10:06:56,100u,cartservice-7c84fdfb6-s4cp2,2,179
10:06:56,100u,cartservice-7c84fdfb6-sf94w,2,144
10:06:56,100u,checkoutservice-6f4dbd65bf-glltw,1,18
10:06:56,100u,checkoutservice-6f4dbd65bf-hkgzd,1,19
10:06:56,100u,checkoutservice-6f4dbd65bf-t2t2w,1,19
10:06:56,100u,currencyservice-7c8fc8fc9c-dlzht,1,65
10:06:56,100u,currencyservice-7c8fc8fc9c-mvsgf,1,124
10:06:56,100u,currencyservice-7c8fc8fc9c-wqrfs,1,113
10:06:56,100u,emailservice-66944ff59-478c4,3,56
10:06:56,100u,emailservice-66944ff59-4fvm9,4,94
10:06:56,100u,emailservice-66944ff59-txwj8,3,58
10:06:56,100u,envoy-grpc-lb-648f879c96-zzvgt,6,35
10:06:56,100u,frontend-56d4848657-2lw2w,1,27
10:06:56,100u,frontend-56d4848657-gf72x,1,28
10:06:56,100u,frontend-56d4848657-kc9nb,1,27
10:06:56,100u,paymentservice-9bfb7bf5-46sq4,1,84
10:06:56,100u,paymentservice-9bfb7bf5-pktv4,1,75
10:06:56,100u,paymentservice-9bfb7bf5-snj4k,1,124
10:06:56,100u,productcatalogservice-65bbf699df-8zzd2,1,44
10:06:56,100u,productcatalogservice-65bbf699df-qmltb,1,22
10:06:56,100u,productcatalogservice-65bbf699df-rh24h,1,22
10:06:56,100u,recommendationservice-7d7f9f7777-k667k,4,54
10:06:56,100u,recommendationservice-7d7f9f7777-k7s2c,3,55
10:06:56,100u,recommendationservice-7d7f9f7777-mrxwg,3,54
10:06:56,100u,redis-cart-c8ff86559-jrlvk,3,36
10:06:56,100u,shippingservice-f956b6d9f-2g46p,1,31
10:06:56,100u,shippingservice-f956b6d9f-4kzvq,1,18
10:06:56,100u,shippingservice-f956b6d9f-nmnfn,1,18
10:07:06,100u,adservice-574bff445c-grt9z,4,243
10:07:06,100u,adservice-574bff445c-h47zv,4,242
10:07:06,100u,adservice-574bff445c-wppcl,1,279
10:07:06,100u,cartservice-7c84fdfb6-hsn24,2,146
10:07:06,100u,cartservice-7c84fdfb6-s4cp2,2,179
10:07:06,100u,cartservice-7c84fdfb6-sf94w,2,144
10:07:06,100u,checkoutservice-6f4dbd65bf-glltw,1,20
10:07:06,100u,checkoutservice-6f4dbd65bf-hkgzd,1,19
10:07:06,100u,checkoutservice-6f4dbd65bf-t2t2w,1,19
10:07:06,100u,currencyservice-7c8fc8fc9c-dlzht,3,65
10:07:06,100u,currencyservice-7c8fc8fc9c-mvsgf,2,124
10:07:06,100u,currencyservice-7c8fc8fc9c-wqrfs,1,113
10:07:06,100u,emailservice-66944ff59-478c4,3,56
10:07:06,100u,emailservice-66944ff59-4fvm9,4,94
10:07:06,100u,emailservice-66944ff59-txwj8,4,58
10:07:06,100u,envoy-grpc-lb-648f879c96-zzvgt,6,35
10:07:06,100u,frontend-56d4848657-2lw2w,1,27
10:07:06,100u,frontend-56d4848657-gf72x,1,28
10:07:06,100u,frontend-56d4848657-kc9nb,1,27
10:07:06,100u,paymentservice-9bfb7bf5-46sq4,1,84
10:07:06,100u,paymentservice-9bfb7bf5-pktv4,1,75
10:07:06,100u,paymentservice-9bfb7bf5-snj4k,1,124
10:07:06,100u,productcatalogservice-65bbf699df-8zzd2,1,44
10:07:06,100u,productcatalogservice-65bbf699df-qmltb,1,22
10:07:06,100u,productcatalogservice-65bbf699df-rh24h,1,22
10:07:06,100u,recommendationservice-7d7f9f7777-k667k,4,54
10:07:06,100u,recommendationservice-7d7f9f7777-k7s2c,3,55
10:07:06,100u,recommendationservice-7d7f9f7777-mrxwg,3,54
10:07:06,100u,redis-cart-c8ff86559-jrlvk,3,36
10:07:06,100u,shippingservice-f956b6d9f-2g46p,1,31
10:07:06,100u,shippingservice-f956b6d9f-4kzvq,1,18
10:07:06,100u,shippingservice-f956b6d9f-nmnfn,1,18
10:07:16,200u,adservice-574bff445c-grt9z,4,243
10:07:16,200u,adservice-574bff445c-h47zv,4,242
10:07:16,200u,adservice-574bff445c-wppcl,1,279
10:07:16,200u,cartservice-7c84fdfb6-hsn24,2,146
10:07:16,200u,cartservice-7c84fdfb6-s4cp2,2,179
10:07:16,200u,cartservice-7c84fdfb6-sf94w,2,144
10:07:16,200u,checkoutservice-6f4dbd65bf-glltw,1,20
10:07:16,200u,checkoutservice-6f4dbd65bf-hkgzd,1,19
10:07:16,200u,checkoutservice-6f4dbd65bf-t2t2w,1,19
10:07:16,200u,currencyservice-7c8fc8fc9c-dlzht,3,65
10:07:16,200u,currencyservice-7c8fc8fc9c-mvsgf,2,124
10:07:16,200u,currencyservice-7c8fc8fc9c-wqrfs,1,113
10:07:16,200u,emailservice-66944ff59-478c4,3,56
10:07:16,200u,emailservice-66944ff59-4fvm9,4,94
10:07:16,200u,emailservice-66944ff59-txwj8,4,58
10:07:16,200u,envoy-grpc-lb-648f879c96-zzvgt,6,35
10:07:16,200u,frontend-56d4848657-2lw2w,1,27
10:07:16,200u,frontend-56d4848657-gf72x,1,28
10:07:16,200u,frontend-56d4848657-kc9nb,1,27
10:07:16,200u,paymentservice-9bfb7bf5-46sq4,1,84
10:07:16,200u,paymentservice-9bfb7bf5-pktv4,1,75
10:07:16,200u,paymentservice-9bfb7bf5-snj4k,1,124
10:07:16,200u,productcatalogservice-65bbf699df-8zzd2,1,44
10:07:16,200u,productcatalogservice-65bbf699df-qmltb,1,22
10:07:16,200u,productcatalogservice-65bbf699df-rh24h,1,22
10:07:16,200u,recommendationservice-7d7f9f7777-k667k,4,54
10:07:16,200u,recommendationservice-7d7f9f7777-k7s2c,3,55
10:07:16,200u,recommendationservice-7d7f9f7777-mrxwg,3,54
10:07:16,200u,redis-cart-c8ff86559-jrlvk,3,36
10:07:16,200u,shippingservice-f956b6d9f-2g46p,1,31
10:07:16,200u,shippingservice-f956b6d9f-4kzvq,1,18
10:07:16,200u,shippingservice-f956b6d9f-nmnfn,1,18
10:07:27,200u,adservice-574bff445c-grt9z,16,243
10:07:27,200u,adservice-574bff445c-h47zv,18,242
10:07:27,200u,adservice-574bff445c-wppcl,8,279
10:07:27,200u,cartservice-7c84fdfb6-hsn24,20,146
10:07:27,200u,cartservice-7c84fdfb6-s4cp2,15,179
10:07:27,200u,cartservice-7c84fdfb6-sf94w,15,144
10:07:27,200u,checkoutservice-6f4dbd65bf-glltw,4,20
10:07:27,200u,checkoutservice-6f4dbd65bf-hkgzd,3,19
10:07:27,200u,checkoutservice-6f4dbd65bf-t2t2w,3,21
10:07:27,200u,currencyservice-7c8fc8fc9c-dlzht,61,72
10:07:27,200u,currencyservice-7c8fc8fc9c-mvsgf,40,124
10:07:27,200u,currencyservice-7c8fc8fc9c-wqrfs,36,113
10:07:27,200u,emailservice-66944ff59-478c4,5,56
10:07:27,200u,emailservice-66944ff59-4fvm9,5,94
10:07:27,200u,emailservice-66944ff59-txwj8,4,58
10:07:27,200u,envoy-grpc-lb-648f879c96-zzvgt,102,35
10:07:27,200u,frontend-56d4848657-2lw2w,19,26
10:07:27,200u,frontend-56d4848657-gf72x,51,26
10:07:27,200u,frontend-56d4848657-kc9nb,46,26
10:07:27,200u,paymentservice-9bfb7bf5-46sq4,3,84
10:07:27,200u,paymentservice-9bfb7bf5-pktv4,2,75
10:07:27,200u,paymentservice-9bfb7bf5-snj4k,3,124
10:07:27,200u,productcatalogservice-65bbf699df-8zzd2,20,44
10:07:27,200u,productcatalogservice-65bbf699df-qmltb,20,22
10:07:27,200u,productcatalogservice-65bbf699df-rh24h,20,22
10:07:27,200u,recommendationservice-7d7f9f7777-k667k,24,54
10:07:27,200u,recommendationservice-7d7f9f7777-k7s2c,26,55
10:07:27,200u,recommendationservice-7d7f9f7777-mrxwg,26,54
10:07:27,200u,redis-cart-c8ff86559-jrlvk,5,36
10:07:27,200u,shippingservice-f956b6d9f-2g46p,3,31
10:07:27,200u,shippingservice-f956b6d9f-4kzvq,3,18
10:07:27,200u,shippingservice-f956b6d9f-nmnfn,3,18
10:07:37,200u,adservice-574bff445c-grt9z,77,244
10:07:37,200u,adservice-574bff445c-h47zv,61,242
10:07:37,200u,adservice-574bff445c-wppcl,26,279
10:07:37,200u,cartservice-7c84fdfb6-hsn24,68,146
10:07:37,200u,cartservice-7c84fdfb6-s4cp2,54,179
10:07:37,200u,cartservice-7c84fdfb6-sf94w,64,144
10:07:37,200u,checkoutservice-6f4dbd65bf-glltw,12,20
10:07:37,200u,checkoutservice-6f4dbd65bf-hkgzd,16,19
10:07:37,200u,checkoutservice-6f4dbd65bf-t2t2w,13,21
10:07:37,200u,currencyservice-7c8fc8fc9c-dlzht,163,81
10:07:37,200u,currencyservice-7c8fc8fc9c-mvsgf,151,126
10:07:37,200u,currencyservice-7c8fc8fc9c-wqrfs,145,115
10:07:37,200u,emailservice-66944ff59-478c4,8,56
10:07:37,200u,emailservice-66944ff59-4fvm9,8,94
10:07:37,200u,emailservice-66944ff59-txwj8,8,58
10:07:37,200u,envoy-grpc-lb-648f879c96-zzvgt,420,36
10:07:37,200u,frontend-56d4848657-2lw2w,166,27
10:07:37,200u,frontend-56d4848657-gf72x,158,26
10:07:37,200u,frontend-56d4848657-kc9nb,165,26
10:07:37,200u,paymentservice-9bfb7bf5-46sq4,5,84
10:07:37,200u,paymentservice-9bfb7bf5-pktv4,6,76
10:07:37,200u,paymentservice-9bfb7bf5-snj4k,6,124
10:07:37,200u,productcatalogservice-65bbf699df-8zzd2,86,44
10:07:37,200u,productcatalogservice-65bbf699df-qmltb,87,22
10:07:37,200u,productcatalogservice-65bbf699df-rh24h,87,23
10:07:37,200u,recommendationservice-7d7f9f7777-k667k,112,54
10:07:37,200u,recommendationservice-7d7f9f7777-k7s2c,107,55
10:07:37,200u,recommendationservice-7d7f9f7777-mrxwg,112,54
10:07:37,200u,redis-cart-c8ff86559-jrlvk,12,36
10:07:37,200u,shippingservice-f956b6d9f-2g46p,10,31
10:07:37,200u,shippingservice-f956b6d9f-4kzvq,9,18
10:07:37,200u,shippingservice-f956b6d9f-nmnfn,9,18
10:07:47,200u,adservice-574bff445c-grt9z,77,244
10:07:47,200u,adservice-574bff445c-h47zv,61,242
10:07:47,200u,adservice-574bff445c-wppcl,26,279
10:07:47,200u,cartservice-7c84fdfb6-hsn24,68,146
10:07:47,200u,cartservice-7c84fdfb6-s4cp2,54,179
10:07:47,200u,cartservice-7c84fdfb6-sf94w,64,144
10:07:47,200u,checkoutservice-6f4dbd65bf-glltw,12,20
10:07:47,200u,checkoutservice-6f4dbd65bf-hkgzd,16,19
10:07:47,200u,checkoutservice-6f4dbd65bf-t2t2w,13,21
10:07:47,200u,currencyservice-7c8fc8fc9c-dlzht,163,81
10:07:47,200u,currencyservice-7c8fc8fc9c-mvsgf,151,126
10:07:47,200u,currencyservice-7c8fc8fc9c-wqrfs,145,115
10:07:47,200u,emailservice-66944ff59-478c4,8,56
10:07:47,200u,emailservice-66944ff59-4fvm9,8,94
10:07:47,200u,emailservice-66944ff59-txwj8,8,58
10:07:47,200u,envoy-grpc-lb-648f879c96-zzvgt,420,36
10:07:47,200u,frontend-56d4848657-2lw2w,166,27
10:07:47,200u,frontend-56d4848657-gf72x,158,26
10:07:47,200u,frontend-56d4848657-kc9nb,165,26
10:07:47,200u,paymentservice-9bfb7bf5-46sq4,5,84
10:07:47,200u,paymentservice-9bfb7bf5-pktv4,6,76
10:07:47,200u,paymentservice-9bfb7bf5-snj4k,6,124
10:07:47,200u,productcatalogservice-65bbf699df-8zzd2,86,44
10:07:47,200u,productcatalogservice-65bbf699df-qmltb,87,22
10:07:47,200u,productcatalogservice-65bbf699df-rh24h,87,23
10:07:47,200u,recommendationservice-7d7f9f7777-k667k,112,54
10:07:47,200u,recommendationservice-7d7f9f7777-k7s2c,107,55
10:07:47,200u,recommendationservice-7d7f9f7777-mrxwg,112,54
10:07:47,200u,redis-cart-c8ff86559-jrlvk,12,36
10:07:47,200u,shippingservice-f956b6d9f-2g46p,10,31
10:07:47,200u,shippingservice-f956b6d9f-4kzvq,9,18
10:07:47,200u,shippingservice-f956b6d9f-nmnfn,9,18
10:07:57,200u,adservice-574bff445c-grt9z,73,259
10:07:57,200u,adservice-574bff445c-h47zv,84,242
10:07:57,200u,adservice-574bff445c-wppcl,18,279
10:07:57,200u,cartservice-7c84fdfb6-hsn24,41,146
10:07:57,200u,cartservice-7c84fdfb6-s4cp2,35,179
10:07:57,200u,cartservice-7c84fdfb6-sf94w,38,144
10:07:57,200u,checkoutservice-6f4dbd65bf-glltw,10,20
10:07:57,200u,checkoutservice-6f4dbd65bf-hkgzd,7,19
10:07:57,200u,checkoutservice-6f4dbd65bf-t2t2w,8,21
10:07:57,200u,currencyservice-7c8fc8fc9c-dlzht,87,84
10:07:57,200u,currencyservice-7c8fc8fc9c-mvsgf,89,127
10:07:57,200u,currencyservice-7c8fc8fc9c-wqrfs,90,115
10:07:57,200u,emailservice-66944ff59-478c4,6,56
10:07:57,200u,emailservice-66944ff59-4fvm9,7,94
10:07:57,200u,emailservice-66944ff59-txwj8,7,58
10:07:57,200u,envoy-grpc-lb-648f879c96-zzvgt,251,36
10:07:57,200u,frontend-56d4848657-2lw2w,103,26
10:07:57,200u,frontend-56d4848657-gf72x,91,26
10:07:57,200u,frontend-56d4848657-kc9nb,99,26
10:07:57,200u,paymentservice-9bfb7bf5-46sq4,4,84
10:07:57,200u,paymentservice-9bfb7bf5-pktv4,3,75
10:07:57,200u,paymentservice-9bfb7bf5-snj4k,4,124
10:07:57,200u,productcatalogservice-65bbf699df-8zzd2,52,44
10:07:57,200u,productcatalogservice-65bbf699df-qmltb,53,22
10:07:57,200u,productcatalogservice-65bbf699df-rh24h,54,22
10:07:57,200u,recommendationservice-7d7f9f7777-k667k,69,55
10:07:57,200u,recommendationservice-7d7f9f7777-k7s2c,72,55
10:07:57,200u,recommendationservice-7d7f9f7777-mrxwg,76,54
10:07:57,200u,redis-cart-c8ff86559-jrlvk,8,36
10:07:57,200u,shippingservice-f956b6d9f-2g46p,6,31
10:07:57,200u,shippingservice-f956b6d9f-4kzvq,7,18
10:07:57,200u,shippingservice-f956b6d9f-nmnfn,6,18
10:08:07,200u,adservice-574bff445c-grt9z,67,244
10:08:07,200u,adservice-574bff445c-h47zv,82,243
10:08:07,200u,adservice-574bff445c-wppcl,25,279
10:08:07,200u,cartservice-7c84fdfb6-hsn24,60,146
10:08:07,200u,cartservice-7c84fdfb6-s4cp2,55,179
10:08:07,200u,cartservice-7c84fdfb6-sf94w,64,144
10:08:07,200u,checkoutservice-6f4dbd65bf-glltw,13,20
10:08:07,200u,checkoutservice-6f4dbd65bf-hkgzd,15,19
10:08:07,200u,checkoutservice-6f4dbd65bf-t2t2w,11,21
10:08:07,200u,currencyservice-7c8fc8fc9c-dlzht,149,85
10:08:07,200u,currencyservice-7c8fc8fc9c-mvsgf,146,124
10:08:07,200u,currencyservice-7c8fc8fc9c-wqrfs,143,117
10:08:07,200u,emailservice-66944ff59-478c4,9,56
10:08:07,200u,emailservice-66944ff59-4fvm9,7,94
10:08:07,200u,emailservice-66944ff59-txwj8,8,58
10:08:07,200u,envoy-grpc-lb-648f879c96-zzvgt,416,36
10:08:07,200u,frontend-56d4848657-2lw2w,172,26
10:08:07,200u,frontend-56d4848657-gf72x,141,26
10:08:07,200u,frontend-56d4848657-kc9nb,170,27
10:08:07,200u,paymentservice-9bfb7bf5-46sq4,5,85
10:08:07,200u,paymentservice-9bfb7bf5-pktv4,7,75
10:08:07,200u,paymentservice-9bfb7bf5-snj4k,5,124
10:08:07,200u,productcatalogservice-65bbf699df-8zzd2,85,44
10:08:07,200u,productcatalogservice-65bbf699df-qmltb,84,22
10:08:07,200u,productcatalogservice-65bbf699df-rh24h,86,22
10:08:07,200u,recommendationservice-7d7f9f7777-k667k,107,54
10:08:07,200u,recommendationservice-7d7f9f7777-k7s2c,102,55
10:08:07,200u,recommendationservice-7d7f9f7777-mrxwg,113,54
10:08:07,200u,redis-cart-c8ff86559-jrlvk,12,36
10:08:07,200u,shippingservice-f956b6d9f-2g46p,10,31
10:08:07,200u,shippingservice-f956b6d9f-4kzvq,9,18
10:08:07,200u,shippingservice-f956b6d9f-nmnfn,10,18
10:08:17,200u,adservice-574bff445c-grt9z,67,244
10:08:17,200u,adservice-574bff445c-h47zv,82,243
10:08:17,200u,adservice-574bff445c-wppcl,25,279
10:08:17,200u,cartservice-7c84fdfb6-hsn24,60,146
10:08:17,200u,cartservice-7c84fdfb6-s4cp2,55,179
10:08:17,200u,cartservice-7c84fdfb6-sf94w,64,144
10:08:17,200u,checkoutservice-6f4dbd65bf-glltw,13,20
10:08:17,200u,checkoutservice-6f4dbd65bf-hkgzd,15,19
10:08:17,200u,checkoutservice-6f4dbd65bf-t2t2w,11,21
10:08:17,200u,currencyservice-7c8fc8fc9c-dlzht,149,85
10:08:17,200u,currencyservice-7c8fc8fc9c-mvsgf,146,124
10:08:17,200u,currencyservice-7c8fc8fc9c-wqrfs,143,117
10:08:17,200u,emailservice-66944ff59-478c4,9,56
10:08:17,200u,emailservice-66944ff59-4fvm9,7,94
10:08:17,200u,emailservice-66944ff59-txwj8,8,58
10:08:17,200u,envoy-grpc-lb-648f879c96-zzvgt,416,36
10:08:17,200u,frontend-56d4848657-2lw2w,172,26
10:08:17,200u,frontend-56d4848657-gf72x,141,26
10:08:17,200u,frontend-56d4848657-kc9nb,170,27
10:08:17,200u,paymentservice-9bfb7bf5-46sq4,5,85
10:08:17,200u,paymentservice-9bfb7bf5-pktv4,7,75
10:08:17,200u,paymentservice-9bfb7bf5-snj4k,5,124
10:08:17,200u,productcatalogservice-65bbf699df-8zzd2,85,44
10:08:17,200u,productcatalogservice-65bbf699df-qmltb,84,22
10:08:17,200u,productcatalogservice-65bbf699df-rh24h,86,22
10:08:17,200u,recommendationservice-7d7f9f7777-k667k,107,54
10:08:17,200u,recommendationservice-7d7f9f7777-k7s2c,102,55
10:08:17,200u,recommendationservice-7d7f9f7777-mrxwg,113,54
10:08:17,200u,redis-cart-c8ff86559-jrlvk,12,36
10:08:17,200u,shippingservice-f956b6d9f-2g46p,10,31
10:08:17,200u,shippingservice-f956b6d9f-4kzvq,9,18
10:08:17,200u,shippingservice-f956b6d9f-nmnfn,10,18
10:08:28,200u,adservice-574bff445c-grt9z,52,245
10:08:28,200u,adservice-574bff445c-h47zv,57,243
10:08:28,200u,adservice-574bff445c-wppcl,37,279
10:08:28,200u,cartservice-7c84fdfb6-hsn24,71,146
10:08:28,200u,cartservice-7c84fdfb6-s4cp2,67,179
10:08:28,200u,cartservice-7c84fdfb6-sf94w,72,144
10:08:28,200u,checkoutservice-6f4dbd65bf-glltw,16,21
10:08:28,200u,checkoutservice-6f4dbd65bf-hkgzd,19,19
10:08:28,200u,checkoutservice-6f4dbd65bf-t2t2w,15,21
10:08:28,200u,currencyservice-7c8fc8fc9c-dlzht,187,90
10:08:28,200u,currencyservice-7c8fc8fc9c-mvsgf,187,125
10:08:28,200u,currencyservice-7c8fc8fc9c-wqrfs,184,116
10:08:28,200u,emailservice-66944ff59-478c4,10,56
10:08:28,200u,emailservice-66944ff59-4fvm9,9,94
10:08:28,200u,emailservice-66944ff59-txwj8,9,58
10:08:28,200u,envoy-grpc-lb-648f879c96-zzvgt,483,36
10:08:28,200u,frontend-56d4848657-2lw2w,191,27
10:08:28,200u,frontend-56d4848657-gf72x,178,27
10:08:28,200u,frontend-56d4848657-kc9nb,195,27
10:08:28,200u,paymentservice-9bfb7bf5-46sq4,6,85
10:08:28,200u,paymentservice-9bfb7bf5-pktv4,6,75
10:08:28,200u,paymentservice-9bfb7bf5-snj4k,5,124
10:08:28,200u,productcatalogservice-65bbf699df-8zzd2,106,44
10:08:28,200u,productcatalogservice-65bbf699df-qmltb,105,22
10:08:28,200u,productcatalogservice-65bbf699df-rh24h,107,23
10:08:28,200u,recommendationservice-7d7f9f7777-k667k,157,54
10:08:28,200u,recommendationservice-7d7f9f7777-k7s2c,149,55
10:08:28,200u,recommendationservice-7d7f9f7777-mrxwg,158,54
10:08:28,200u,redis-cart-c8ff86559-jrlvk,14,36
10:08:28,200u,shippingservice-f956b6d9f-2g46p,11,31
10:08:28,200u,shippingservice-f956b6d9f-4kzvq,11,18
10:08:28,200u,shippingservice-f956b6d9f-nmnfn,12,18
10:08:38,200u,adservice-574bff445c-grt9z,88,244
10:08:38,200u,adservice-574bff445c-h47zv,74,243
10:08:38,200u,adservice-574bff445c-wppcl,48,279
10:08:38,200u,cartservice-7c84fdfb6-hsn24,95,146
10:08:38,200u,cartservice-7c84fdfb6-s4cp2,78,179
10:08:38,200u,cartservice-7c84fdfb6-sf94w,89,145
10:08:38,200u,checkoutservice-6f4dbd65bf-glltw,29,21
10:08:38,200u,checkoutservice-6f4dbd65bf-hkgzd,26,19
10:08:38,200u,checkoutservice-6f4dbd65bf-t2t2w,23,21
10:08:38,200u,currencyservice-7c8fc8fc9c-dlzht,199,89
10:08:38,200u,currencyservice-7c8fc8fc9c-mvsgf,198,125
10:08:38,200u,currencyservice-7c8fc8fc9c-wqrfs,199,116
10:08:38,200u,emailservice-66944ff59-478c4,13,56
10:08:38,200u,emailservice-66944ff59-4fvm9,13,94
10:08:38,200u,emailservice-66944ff59-txwj8,12,58
10:08:38,200u,envoy-grpc-lb-648f879c96-zzvgt,499,36
10:08:38,200u,frontend-56d4848657-2lw2w,199,28
10:08:38,200u,frontend-56d4848657-gf72x,196,28
10:08:38,200u,frontend-56d4848657-kc9nb,199,28
10:08:38,200u,paymentservice-9bfb7bf5-46sq4,8,85
10:08:38,200u,paymentservice-9bfb7bf5-pktv4,9,75
10:08:38,200u,paymentservice-9bfb7bf5-snj4k,8,124
10:08:38,200u,productcatalogservice-65bbf699df-8zzd2,111,44
10:08:38,200u,productcatalogservice-65bbf699df-qmltb,113,22
10:08:38,200u,productcatalogservice-65bbf699df-rh24h,115,23
10:08:38,200u,recommendationservice-7d7f9f7777-k667k,191,55
10:08:38,200u,recommendationservice-7d7f9f7777-k7s2c,189,55
10:08:38,200u,recommendationservice-7d7f9f7777-mrxwg,190,54
10:08:38,200u,redis-cart-c8ff86559-jrlvk,16,36
10:08:38,200u,shippingservice-f956b6d9f-2g46p,15,31
10:08:38,200u,shippingservice-f956b6d9f-4kzvq,15,18
10:08:38,200u,shippingservice-f956b6d9f-nmnfn,15,18
10:08:48,200u,adservice-574bff445c-grt9z,88,244
10:08:48,200u,adservice-574bff445c-h47zv,74,243
10:08:48,200u,adservice-574bff445c-wppcl,48,279
10:08:48,200u,cartservice-7c84fdfb6-hsn24,95,146
10:08:48,200u,cartservice-7c84fdfb6-s4cp2,78,179
10:08:48,200u,cartservice-7c84fdfb6-sf94w,89,145
10:08:48,200u,checkoutservice-6f4dbd65bf-glltw,29,21
10:08:48,200u,checkoutservice-6f4dbd65bf-hkgzd,26,19
10:08:48,200u,checkoutservice-6f4dbd65bf-t2t2w,23,21
10:08:48,200u,currencyservice-7c8fc8fc9c-dlzht,199,89
10:08:48,200u,currencyservice-7c8fc8fc9c-mvsgf,198,125
10:08:48,200u,currencyservice-7c8fc8fc9c-wqrfs,199,116
10:08:48,200u,emailservice-66944ff59-478c4,13,56
10:08:48,200u,emailservice-66944ff59-4fvm9,13,94
10:08:48,200u,emailservice-66944ff59-txwj8,12,58
10:08:48,200u,envoy-grpc-lb-648f879c96-zzvgt,499,36
10:08:48,200u,frontend-56d4848657-2lw2w,199,28
10:08:48,200u,frontend-56d4848657-gf72x,196,28
10:08:48,200u,frontend-56d4848657-kc9nb,199,28
10:08:48,200u,paymentservice-9bfb7bf5-46sq4,8,85
10:08:48,200u,paymentservice-9bfb7bf5-pktv4,9,75
10:08:48,200u,paymentservice-9bfb7bf5-snj4k,8,124
10:08:48,200u,productcatalogservice-65bbf699df-8zzd2,111,44
10:08:48,200u,productcatalogservice-65bbf699df-qmltb,113,22
10:08:48,200u,productcatalogservice-65bbf699df-rh24h,115,23
10:08:48,200u,recommendationservice-7d7f9f7777-k667k,191,55
10:08:48,200u,recommendationservice-7d7f9f7777-k7s2c,189,55
10:08:48,200u,recommendationservice-7d7f9f7777-mrxwg,190,54
10:08:48,200u,redis-cart-c8ff86559-jrlvk,16,36
10:08:48,200u,shippingservice-f956b6d9f-2g46p,15,31
10:08:48,200u,shippingservice-f956b6d9f-4kzvq,15,18
10:08:48,200u,shippingservice-f956b6d9f-nmnfn,15,18
10:08:58,200u,adservice-574bff445c-grt9z,67,244
10:08:58,200u,adservice-574bff445c-h47zv,78,243
10:08:58,200u,adservice-574bff445c-wppcl,52,279
10:08:58,200u,cartservice-7c84fdfb6-hsn24,97,147
10:08:58,200u,cartservice-7c84fdfb6-s4cp2,95,179
10:08:58,200u,cartservice-7c84fdfb6-sf94w,94,145
10:08:58,200u,checkoutservice-6f4dbd65bf-glltw,26,21
10:08:58,200u,checkoutservice-6f4dbd65bf-hkgzd,29,19
10:08:58,200u,checkoutservice-6f4dbd65bf-t2t2w,24,21
10:08:58,200u,currencyservice-7c8fc8fc9c-dlzht,199,90
10:08:58,200u,currencyservice-7c8fc8fc9c-mvsgf,200,124
10:08:58,200u,currencyservice-7c8fc8fc9c-wqrfs,198,115
10:08:58,200u,emailservice-66944ff59-478c4,11,56
10:08:58,200u,emailservice-66944ff59-4fvm9,12,94
10:08:58,200u,emailservice-66944ff59-txwj8,14,58
10:08:58,200u,envoy-grpc-lb-648f879c96-zzvgt,499,38
10:08:58,200u,frontend-56d4848657-2lw2w,199,29
10:08:58,200u,frontend-56d4848657-gf72x,196,29
10:08:58,200u,frontend-56d4848657-kc9nb,199,29
10:08:58,200u,paymentservice-9bfb7bf5-46sq4,9,85
10:08:58,200u,paymentservice-9bfb7bf5-pktv4,9,75
10:08:58,200u,paymentservice-9bfb7bf5-snj4k,9,124
10:08:58,200u,productcatalogservice-65bbf699df-8zzd2,115,44
10:08:58,200u,productcatalogservice-65bbf699df-qmltb,115,22
10:08:58,200u,productcatalogservice-65bbf699df-rh24h,115,23
10:08:58,200u,recommendationservice-7d7f9f7777-k667k,198,55
10:08:58,200u,recommendationservice-7d7f9f7777-k7s2c,199,55
10:08:58,200u,recommendationservice-7d7f9f7777-mrxwg,199,55
10:08:58,200u,redis-cart-c8ff86559-jrlvk,17,36
10:08:58,200u,shippingservice-f956b6d9f-2g46p,16,31
10:08:58,200u,shippingservice-f956b6d9f-4kzvq,16,18
10:08:58,200u,shippingservice-f956b6d9f-nmnfn,15,18
10:09:08,200u,adservice-574bff445c-grt9z,67,245
10:09:08,200u,adservice-574bff445c-h47zv,62,244
10:09:08,200u,adservice-574bff445c-wppcl,50,279
10:09:08,200u,cartservice-7c84fdfb6-hsn24,111,146
10:09:08,200u,cartservice-7c84fdfb6-s4cp2,93,179
10:09:08,200u,cartservice-7c84fdfb6-sf94w,91,145
10:09:08,200u,checkoutservice-6f4dbd65bf-glltw,25,21
10:09:08,200u,checkoutservice-6f4dbd65bf-hkgzd,29,19
10:09:08,200u,checkoutservice-6f4dbd65bf-t2t2w,28,21
10:09:08,200u,currencyservice-7c8fc8fc9c-dlzht,200,92
10:09:08,200u,currencyservice-7c8fc8fc9c-mvsgf,200,126
10:09:08,200u,currencyservice-7c8fc8fc9c-wqrfs,200,117
10:09:08,200u,emailservice-66944ff59-478c4,13,56
10:09:08,200u,emailservice-66944ff59-4fvm9,14,94
10:09:08,200u,emailservice-66944ff59-txwj8,11,58
10:09:08,200u,envoy-grpc-lb-648f879c96-zzvgt,500,38
10:09:08,200u,frontend-56d4848657-2lw2w,199,31
10:09:08,200u,frontend-56d4848657-gf72x,198,34
10:09:08,200u,frontend-56d4848657-kc9nb,200,31
10:09:08,200u,paymentservice-9bfb7bf5-46sq4,8,85
10:09:08,200u,paymentservice-9bfb7bf5-pktv4,11,76
10:09:08,200u,paymentservice-9bfb7bf5-snj4k,9,124
10:09:08,200u,productcatalogservice-65bbf699df-8zzd2,117,44
10:09:08,200u,productcatalogservice-65bbf699df-qmltb,115,22
10:09:08,200u,productcatalogservice-65bbf699df-rh24h,116,22
10:09:08,200u,recommendationservice-7d7f9f7777-k667k,200,55
10:09:08,200u,recommendationservice-7d7f9f7777-k7s2c,200,55
10:09:08,200u,recommendationservice-7d7f9f7777-mrxwg,200,55
10:09:08,200u,redis-cart-c8ff86559-jrlvk,18,36
10:09:08,200u,shippingservice-f956b6d9f-2g46p,16,31
10:09:08,200u,shippingservice-f956b6d9f-4kzvq,16,18
10:09:08,200u,shippingservice-f956b6d9f-nmnfn,16,18
10:09:18,200u,adservice-574bff445c-grt9z,67,245
10:09:18,200u,adservice-574bff445c-h47zv,62,244
10:09:18,200u,adservice-574bff445c-wppcl,50,279
10:09:18,200u,cartservice-7c84fdfb6-hsn24,111,146
10:09:18,200u,cartservice-7c84fdfb6-s4cp2,93,179
10:09:18,200u,cartservice-7c84fdfb6-sf94w,91,145
10:09:18,200u,checkoutservice-6f4dbd65bf-glltw,25,21
10:09:18,200u,checkoutservice-6f4dbd65bf-hkgzd,29,19
10:09:18,200u,checkoutservice-6f4dbd65bf-t2t2w,28,21
10:09:18,200u,currencyservice-7c8fc8fc9c-dlzht,200,92
10:09:18,200u,currencyservice-7c8fc8fc9c-mvsgf,200,126
10:09:18,200u,currencyservice-7c8fc8fc9c-wqrfs,200,117
10:09:18,200u,emailservice-66944ff59-478c4,13,56
10:09:18,200u,emailservice-66944ff59-4fvm9,14,94
10:09:18,200u,emailservice-66944ff59-txwj8,11,58
10:09:18,200u,envoy-grpc-lb-648f879c96-zzvgt,500,38
10:09:18,200u,frontend-56d4848657-2lw2w,199,31
10:09:18,200u,frontend-56d4848657-gf72x,198,34
10:09:18,200u,frontend-56d4848657-kc9nb,200,31
10:09:18,200u,paymentservice-9bfb7bf5-46sq4,8,85
10:09:18,200u,paymentservice-9bfb7bf5-pktv4,11,76
10:09:18,200u,paymentservice-9bfb7bf5-snj4k,9,124
10:09:18,200u,productcatalogservice-65bbf699df-8zzd2,117,44
10:09:18,200u,productcatalogservice-65bbf699df-qmltb,115,22
10:09:18,200u,productcatalogservice-65bbf699df-rh24h,116,22
10:09:18,200u,recommendationservice-7d7f9f7777-k667k,200,55
10:09:18,200u,recommendationservice-7d7f9f7777-k7s2c,200,55
10:09:18,200u,recommendationservice-7d7f9f7777-mrxwg,200,55
10:09:18,200u,redis-cart-c8ff86559-jrlvk,18,36
10:09:18,200u,shippingservice-f956b6d9f-2g46p,16,31
10:09:18,200u,shippingservice-f956b6d9f-4kzvq,16,18
10:09:18,200u,shippingservice-f956b6d9f-nmnfn,16,18
10:09:28,200u,adservice-574bff445c-grt9z,73,245
10:09:28,200u,adservice-574bff445c-h47zv,75,244
10:09:28,200u,adservice-574bff445c-wppcl,58,279
10:09:28,200u,cartservice-7c84fdfb6-hsn24,79,147
10:09:28,200u,cartservice-7c84fdfb6-s4cp2,96,179
10:09:28,200u,cartservice-7c84fdfb6-sf94w,104,148
10:09:28,200u,checkoutservice-6f4dbd65bf-glltw,29,21
10:09:28,200u,checkoutservice-6f4dbd65bf-hkgzd,28,19
10:09:28,200u,checkoutservice-6f4dbd65bf-t2t2w,25,21
10:09:28,200u,currencyservice-7c8fc8fc9c-dlzht,199,91
10:09:28,200u,currencyservice-7c8fc8fc9c-mvsgf,200,127
10:09:28,200u,currencyservice-7c8fc8fc9c-wqrfs,199,117
10:09:28,200u,emailservice-66944ff59-478c4,15,56
10:09:28,200u,emailservice-66944ff59-4fvm9,12,94
10:09:28,200u,emailservice-66944ff59-txwj8,12,58
10:09:28,200u,envoy-grpc-lb-648f879c96-zzvgt,499,38
10:09:28,200u,frontend-56d4848657-2lw2w,198,34
10:09:28,200u,frontend-56d4848657-gf72x,198,35
10:09:28,200u,frontend-56d4848657-kc9nb,197,34
10:09:28,200u,paymentservice-9bfb7bf5-46sq4,9,85
10:09:28,200u,paymentservice-9bfb7bf5-pktv4,8,76
10:09:28,200u,paymentservice-9bfb7bf5-snj4k,14,111
10:09:28,200u,productcatalogservice-65bbf699df-8zzd2,114,44
10:09:28,200u,productcatalogservice-65bbf699df-qmltb,115,22
10:09:28,200u,productcatalogservice-65bbf699df-rh24h,117,22
10:09:28,200u,recommendationservice-7d7f9f7777-k667k,200,55
10:09:28,200u,recommendationservice-7d7f9f7777-k7s2c,199,55
10:09:28,200u,recommendationservice-7d7f9f7777-mrxwg,200,55
10:09:28,200u,redis-cart-c8ff86559-jrlvk,18,36
10:09:28,200u,shippingservice-f956b6d9f-2g46p,16,31
10:09:28,200u,shippingservice-f956b6d9f-4kzvq,16,18
10:09:28,200u,shippingservice-f956b6d9f-nmnfn,17,18
10:09:39,200u,adservice-574bff445c-grt9z,72,245
10:09:39,200u,adservice-574bff445c-h47zv,89,244
10:09:39,200u,adservice-574bff445c-wppcl,55,279
10:09:39,200u,cartservice-7c84fdfb6-hsn24,90,147
10:09:39,200u,cartservice-7c84fdfb6-s4cp2,107,179
10:09:39,200u,cartservice-7c84fdfb6-sf94w,94,148
10:09:39,200u,checkoutservice-6f4dbd65bf-glltw,28,21
10:09:39,200u,checkoutservice-6f4dbd65bf-hkgzd,30,19
10:09:39,200u,checkoutservice-6f4dbd65bf-t2t2w,27,21
10:09:39,200u,currencyservice-7c8fc8fc9c-dlzht,199,93
10:09:39,200u,currencyservice-7c8fc8fc9c-mvsgf,199,126
10:09:39,200u,currencyservice-7c8fc8fc9c-wqrfs,199,119
10:09:39,200u,emailservice-66944ff59-478c4,15,56
10:09:39,200u,emailservice-66944ff59-4fvm9,12,94
10:09:39,200u,emailservice-66944ff59-txwj8,13,58
10:09:39,200u,envoy-grpc-lb-648f879c96-zzvgt,501,40
10:09:39,200u,frontend-56d4848657-2lw2w,199,33
10:09:39,200u,frontend-56d4848657-gf72x,199,35
10:09:39,200u,frontend-56d4848657-kc9nb,199,34
10:09:39,200u,paymentservice-9bfb7bf5-46sq4,8,85
10:09:39,200u,paymentservice-9bfb7bf5-pktv4,10,76
10:09:39,200u,paymentservice-9bfb7bf5-snj4k,9,111
10:09:39,200u,productcatalogservice-65bbf699df-8zzd2,117,44
10:09:39,200u,productcatalogservice-65bbf699df-qmltb,113,22
10:09:39,200u,productcatalogservice-65bbf699df-rh24h,115,23
10:09:39,200u,recommendationservice-7d7f9f7777-k667k,200,55
10:09:39,200u,recommendationservice-7d7f9f7777-k7s2c,200,55
10:09:39,200u,recommendationservice-7d7f9f7777-mrxwg,200,55
10:09:39,200u,redis-cart-c8ff86559-jrlvk,18,36
10:09:39,200u,shippingservice-f956b6d9f-2g46p,17,31
10:09:39,200u,shippingservice-f956b6d9f-4kzvq,16,18
10:09:39,200u,shippingservice-f956b6d9f-nmnfn,17,18
10:09:49,200u,adservice-574bff445c-grt9z,23,245
10:09:49,200u,adservice-574bff445c-h47zv,26,244
10:09:49,200u,adservice-574bff445c-wppcl,21,279
10:09:49,200u,cartservice-7c84fdfb6-hsn24,38,147
10:09:49,200u,cartservice-7c84fdfb6-s4cp2,39,179
10:09:49,200u,cartservice-7c84fdfb6-sf94w,48,151
10:09:49,200u,checkoutservice-6f4dbd65bf-glltw,9,21
10:09:49,200u,checkoutservice-6f4dbd65bf-hkgzd,13,19
10:09:49,200u,checkoutservice-6f4dbd65bf-t2t2w,10,22
10:09:49,200u,currencyservice-7c8fc8fc9c-dlzht,71,94
10:09:49,200u,currencyservice-7c8fc8fc9c-mvsgf,70,126
10:09:49,200u,currencyservice-7c8fc8fc9c-wqrfs,70,119
10:09:49,200u,emailservice-66944ff59-478c4,8,56
10:09:49,200u,emailservice-66944ff59-4fvm9,8,94
10:09:49,200u,emailservice-66944ff59-txwj8,7,58
10:09:49,200u,envoy-grpc-lb-648f879c96-zzvgt,175,39
10:09:49,200u,frontend-56d4848657-2lw2w,70,33
10:09:49,200u,frontend-56d4848657-gf72x,70,34
10:09:49,200u,frontend-56d4848657-kc9nb,70,35
10:09:49,200u,paymentservice-9bfb7bf5-46sq4,10,84
10:09:49,200u,paymentservice-9bfb7bf5-pktv4,5,76
10:09:49,200u,paymentservice-9bfb7bf5-snj4k,4,111
10:09:49,200u,productcatalogservice-65bbf699df-8zzd2,40,44
10:09:49,200u,productcatalogservice-65bbf699df-qmltb,39,22
10:09:49,200u,productcatalogservice-65bbf699df-rh24h,38,23
10:09:49,200u,recommendationservice-7d7f9f7777-k667k,73,55
10:09:49,200u,recommendationservice-7d7f9f7777-k7s2c,73,55
10:09:49,200u,recommendationservice-7d7f9f7777-mrxwg,73,55
10:09:49,200u,redis-cart-c8ff86559-jrlvk,9,36
10:09:49,200u,shippingservice-f956b6d9f-2g46p,6,31
10:09:49,200u,shippingservice-f956b6d9f-4kzvq,6,18
10:09:49,200u,shippingservice-f956b6d9f-nmnfn,7,18
10:09:59,200u,adservice-574bff445c-grt9z,23,245
10:09:59,200u,adservice-574bff445c-h47zv,26,244
10:09:59,200u,adservice-574bff445c-wppcl,21,279
10:09:59,200u,cartservice-7c84fdfb6-hsn24,38,147
10:09:59,200u,cartservice-7c84fdfb6-s4cp2,39,179
10:09:59,200u,cartservice-7c84fdfb6-sf94w,48,151
10:09:59,200u,checkoutservice-6f4dbd65bf-glltw,9,21
10:09:59,200u,checkoutservice-6f4dbd65bf-hkgzd,13,19
10:09:59,200u,checkoutservice-6f4dbd65bf-t2t2w,10,22
10:09:59,200u,currencyservice-7c8fc8fc9c-dlzht,71,94
10:09:59,200u,currencyservice-7c8fc8fc9c-mvsgf,70,126
10:09:59,200u,currencyservice-7c8fc8fc9c-wqrfs,70,119
10:09:59,200u,emailservice-66944ff59-478c4,8,56
10:09:59,200u,emailservice-66944ff59-4fvm9,8,94
10:09:59,200u,emailservice-66944ff59-txwj8,7,58
10:09:59,200u,envoy-grpc-lb-648f879c96-zzvgt,175,39
10:09:59,200u,frontend-56d4848657-2lw2w,70,33
10:09:59,200u,frontend-56d4848657-gf72x,70,34
10:09:59,200u,frontend-56d4848657-kc9nb,70,35
10:09:59,200u,paymentservice-9bfb7bf5-46sq4,10,84
10:09:59,200u,paymentservice-9bfb7bf5-pktv4,5,76
10:09:59,200u,paymentservice-9bfb7bf5-snj4k,4,111
10:09:59,200u,productcatalogservice-65bbf699df-8zzd2,40,44
10:09:59,200u,productcatalogservice-65bbf699df-qmltb,39,22
10:09:59,200u,productcatalogservice-65bbf699df-rh24h,38,23
10:09:59,200u,recommendationservice-7d7f9f7777-k667k,73,55
10:09:59,200u,recommendationservice-7d7f9f7777-k7s2c,73,55
10:09:59,200u,recommendationservice-7d7f9f7777-mrxwg,73,55
10:09:59,200u,redis-cart-c8ff86559-jrlvk,9,36
10:09:59,200u,shippingservice-f956b6d9f-2g46p,6,31
10:09:59,200u,shippingservice-f956b6d9f-4kzvq,6,18
10:09:59,200u,shippingservice-f956b6d9f-nmnfn,7,18
10:10:09,200u,adservice-574bff445c-grt9z,1,245
10:10:09,200u,adservice-574bff445c-h47zv,2,244
10:10:09,200u,adservice-574bff445c-wppcl,1,279
10:10:09,200u,cartservice-7c84fdfb6-hsn24,2,147
10:10:09,200u,cartservice-7c84fdfb6-s4cp2,2,179
10:10:09,200u,cartservice-7c84fdfb6-sf94w,2,151
10:10:09,200u,checkoutservice-6f4dbd65bf-glltw,1,21
10:10:09,200u,checkoutservice-6f4dbd65bf-hkgzd,1,19
10:10:09,200u,checkoutservice-6f4dbd65bf-t2t2w,1,22
10:10:09,200u,currencyservice-7c8fc8fc9c-dlzht,1,94
10:10:09,200u,currencyservice-7c8fc8fc9c-mvsgf,2,126
10:10:09,200u,currencyservice-7c8fc8fc9c-wqrfs,2,119
10:10:09,200u,emailservice-66944ff59-478c4,4,56
10:10:09,200u,emailservice-66944ff59-4fvm9,4,94
10:10:09,200u,emailservice-66944ff59-txwj8,4,58
10:10:09,200u,envoy-grpc-lb-648f879c96-zzvgt,6,39
10:10:09,200u,frontend-56d4848657-2lw2w,1,33
10:10:09,200u,frontend-56d4848657-gf72x,1,34
10:10:09,200u,frontend-56d4848657-kc9nb,1,35
10:10:09,200u,paymentservice-9bfb7bf5-46sq4,2,84
10:10:09,200u,paymentservice-9bfb7bf5-pktv4,1,76
10:10:09,200u,paymentservice-9bfb7bf5-snj4k,1,111
10:10:09,200u,productcatalogservice-65bbf699df-8zzd2,1,44
10:10:09,200u,productcatalogservice-65bbf699df-qmltb,1,22
10:10:09,200u,productcatalogservice-65bbf699df-rh24h,1,23
10:10:09,200u,recommendationservice-7d7f9f7777-k667k,3,55
10:10:09,200u,recommendationservice-7d7f9f7777-k7s2c,4,55
10:10:09,200u,recommendationservice-7d7f9f7777-mrxwg,4,55
10:10:09,200u,redis-cart-c8ff86559-jrlvk,3,36
10:10:09,200u,shippingservice-f956b6d9f-2g46p,1,31
10:10:09,200u,shippingservice-f956b6d9f-4kzvq,1,18
10:10:09,200u,shippingservice-f956b6d9f-nmnfn,1,18
10:10:19,200u,adservice-574bff445c-grt9z,2,245
10:10:19,200u,adservice-574bff445c-h47zv,1,244
10:10:19,200u,adservice-574bff445c-wppcl,1,279
10:10:19,200u,cartservice-7c84fdfb6-hsn24,2,147
10:10:19,200u,cartservice-7c84fdfb6-s4cp2,2,179
10:10:19,200u,cartservice-7c84fdfb6-sf94w,2,151
10:10:19,200u,checkoutservice-6f4dbd65bf-glltw,1,21
10:10:19,200u,checkoutservice-6f4dbd65bf-hkgzd,1,19
10:10:19,200u,checkoutservice-6f4dbd65bf-t2t2w,1,22
10:10:19,200u,currencyservice-7c8fc8fc9c-dlzht,1,94
10:10:19,200u,currencyservice-7c8fc8fc9c-mvsgf,1,126
10:10:19,200u,currencyservice-7c8fc8fc9c-wqrfs,1,119
10:10:19,200u,emailservice-66944ff59-478c4,4,56
10:10:19,200u,emailservice-66944ff59-4fvm9,4,94
10:10:19,200u,emailservice-66944ff59-txwj8,4,58
10:10:19,200u,envoy-grpc-lb-648f879c96-zzvgt,6,39
10:10:19,200u,frontend-56d4848657-2lw2w,1,33
10:10:19,200u,frontend-56d4848657-gf72x,1,34
10:10:19,200u,frontend-56d4848657-kc9nb,1,35
10:10:19,200u,paymentservice-9bfb7bf5-46sq4,1,84
10:10:19,200u,paymentservice-9bfb7bf5-pktv4,1,76
10:10:19,200u,paymentservice-9bfb7bf5-snj4k,1,111
10:10:19,200u,productcatalogservice-65bbf699df-8zzd2,1,44
10:10:19,200u,productcatalogservice-65bbf699df-qmltb,1,22
10:10:19,200u,productcatalogservice-65bbf699df-rh24h,1,23
10:10:19,200u,recommendationservice-7d7f9f7777-k667k,4,55
10:10:19,200u,recommendationservice-7d7f9f7777-k7s2c,3,55
10:10:19,200u,recommendationservice-7d7f9f7777-mrxwg,3,55
10:10:19,200u,redis-cart-c8ff86559-jrlvk,3,36
10:10:19,200u,shippingservice-f956b6d9f-2g46p,1,31
10:10:19,200u,shippingservice-f956b6d9f-4kzvq,1,18
10:10:19,200u,shippingservice-f956b6d9f-nmnfn,1,18
10:10:30,200u,adservice-574bff445c-grt9z,2,245
10:10:30,200u,adservice-574bff445c-h47zv,1,244
10:10:30,200u,adservice-574bff445c-wppcl,1,279
10:10:30,200u,cartservice-7c84fdfb6-hsn24,2,147
10:10:30,200u,cartservice-7c84fdfb6-s4cp2,2,179
10:10:30,200u,cartservice-7c84fdfb6-sf94w,2,151
10:10:30,200u,checkoutservice-6f4dbd65bf-glltw,1,21
10:10:30,200u,checkoutservice-6f4dbd65bf-hkgzd,1,19
10:10:30,200u,checkoutservice-6f4dbd65bf-t2t2w,1,22
10:10:30,200u,currencyservice-7c8fc8fc9c-dlzht,1,94
10:10:30,200u,currencyservice-7c8fc8fc9c-mvsgf,1,126
10:10:30,200u,currencyservice-7c8fc8fc9c-wqrfs,1,119
10:10:30,200u,emailservice-66944ff59-478c4,4,56
10:10:30,200u,emailservice-66944ff59-4fvm9,4,94
10:10:30,200u,emailservice-66944ff59-txwj8,4,58
10:10:30,200u,envoy-grpc-lb-648f879c96-zzvgt,6,39
10:10:30,200u,frontend-56d4848657-2lw2w,1,33
10:10:30,200u,frontend-56d4848657-gf72x,1,34
10:10:30,200u,frontend-56d4848657-kc9nb,1,35
10:10:30,200u,paymentservice-9bfb7bf5-46sq4,1,84
10:10:30,200u,paymentservice-9bfb7bf5-pktv4,1,76
10:10:30,200u,paymentservice-9bfb7bf5-snj4k,1,111
10:10:30,200u,productcatalogservice-65bbf699df-8zzd2,1,44
10:10:30,200u,productcatalogservice-65bbf699df-qmltb,1,22
10:10:30,200u,productcatalogservice-65bbf699df-rh24h,1,23
10:10:30,200u,recommendationservice-7d7f9f7777-k667k,4,55
10:10:30,200u,recommendationservice-7d7f9f7777-k7s2c,3,55
10:10:30,200u,recommendationservice-7d7f9f7777-mrxwg,3,55
10:10:30,200u,redis-cart-c8ff86559-jrlvk,3,36
10:10:30,200u,shippingservice-f956b6d9f-2g46p,1,31
10:10:30,200u,shippingservice-f956b6d9f-4kzvq,1,18
10:10:30,200u,shippingservice-f956b6d9f-nmnfn,1,18
10:10:40,200u,adservice-574bff445c-grt9z,1,245
10:10:40,200u,adservice-574bff445c-h47zv,1,244
10:10:40,200u,adservice-574bff445c-wppcl,1,279
10:10:40,200u,cartservice-7c84fdfb6-hsn24,2,147
10:10:40,200u,cartservice-7c84fdfb6-s4cp2,2,179
10:10:40,200u,cartservice-7c84fdfb6-sf94w,2,151
10:10:40,200u,checkoutservice-6f4dbd65bf-glltw,1,21
10:10:40,200u,checkoutservice-6f4dbd65bf-hkgzd,1,19
10:10:40,200u,checkoutservice-6f4dbd65bf-t2t2w,1,22
10:10:40,200u,currencyservice-7c8fc8fc9c-dlzht,2,94
10:10:40,200u,currencyservice-7c8fc8fc9c-mvsgf,2,126
10:10:40,200u,currencyservice-7c8fc8fc9c-wqrfs,2,119
10:10:40,200u,emailservice-66944ff59-478c4,4,56
10:10:40,200u,emailservice-66944ff59-4fvm9,4,94
10:10:40,200u,emailservice-66944ff59-txwj8,4,58
10:10:40,200u,envoy-grpc-lb-648f879c96-zzvgt,6,39
10:10:40,200u,frontend-56d4848657-2lw2w,1,33
10:10:40,200u,frontend-56d4848657-gf72x,1,34
10:10:40,200u,frontend-56d4848657-kc9nb,1,35
10:10:40,200u,paymentservice-9bfb7bf5-46sq4,1,84
10:10:40,200u,paymentservice-9bfb7bf5-pktv4,1,76
10:10:40,200u,paymentservice-9bfb7bf5-snj4k,1,111
10:10:40,200u,productcatalogservice-65bbf699df-8zzd2,1,44
10:10:40,200u,productcatalogservice-65bbf699df-qmltb,1,22
10:10:40,200u,productcatalogservice-65bbf699df-rh24h,1,23
10:10:40,200u,recommendationservice-7d7f9f7777-k667k,3,55
10:10:40,200u,recommendationservice-7d7f9f7777-k7s2c,3,55
10:10:40,200u,recommendationservice-7d7f9f7777-mrxwg,3,55
10:10:40,200u,redis-cart-c8ff86559-jrlvk,3,36
10:10:40,200u,shippingservice-f956b6d9f-2g46p,1,31
10:10:40,200u,shippingservice-f956b6d9f-4kzvq,1,18
10:10:40,200u,shippingservice-f956b6d9f-nmnfn,1,18
10:10:50,300u,adservice-574bff445c-grt9z,4,244
10:10:50,300u,adservice-574bff445c-h47zv,5,244
10:10:50,300u,adservice-574bff445c-wppcl,5,279
10:10:50,300u,cartservice-7c84fdfb6-hsn24,9,147
10:10:50,300u,cartservice-7c84fdfb6-s4cp2,8,179
10:10:50,300u,cartservice-7c84fdfb6-sf94w,9,151
10:10:50,300u,checkoutservice-6f4dbd65bf-glltw,2,21
10:10:50,300u,checkoutservice-6f4dbd65bf-hkgzd,2,19
10:10:50,300u,checkoutservice-6f4dbd65bf-t2t2w,1,22
10:10:50,300u,currencyservice-7c8fc8fc9c-dlzht,20,94
10:10:50,300u,currencyservice-7c8fc8fc9c-mvsgf,18,126
10:10:50,300u,currencyservice-7c8fc8fc9c-wqrfs,19,120
10:10:50,300u,emailservice-66944ff59-478c4,4,56
10:10:50,300u,emailservice-66944ff59-4fvm9,4,94
10:10:50,300u,emailservice-66944ff59-txwj8,4,58
10:10:50,300u,envoy-grpc-lb-648f879c96-zzvgt,54,39
10:10:50,300u,frontend-56d4848657-2lw2w,12,29
10:10:50,300u,frontend-56d4848657-gf72x,26,30
10:10:50,300u,frontend-56d4848657-kc9nb,22,31
10:10:50,300u,paymentservice-9bfb7bf5-46sq4,2,84
10:10:50,300u,paymentservice-9bfb7bf5-pktv4,2,76
10:10:50,300u,paymentservice-9bfb7bf5-snj4k,1,111
10:10:50,300u,productcatalogservice-65bbf699df-8zzd2,10,44
10:10:50,300u,productcatalogservice-65bbf699df-qmltb,11,22
10:10:50,300u,productcatalogservice-65bbf699df-rh24h,10,23
10:10:50,300u,recommendationservice-7d7f9f7777-k667k,14,55
10:10:50,300u,recommendationservice-7d7f9f7777-k7s2c,14,55
10:10:50,300u,recommendationservice-7d7f9f7777-mrxwg,14,55
10:10:50,300u,redis-cart-c8ff86559-jrlvk,4,36
10:10:50,300u,shippingservice-f956b6d9f-2g46p,2,31
10:10:50,300u,shippingservice-f956b6d9f-4kzvq,2,19
10:10:50,300u,shippingservice-f956b6d9f-nmnfn,2,18
10:11:00,300u,adservice-574bff445c-grt9z,4,244
10:11:00,300u,adservice-574bff445c-h47zv,5,244
10:11:00,300u,adservice-574bff445c-wppcl,5,279
10:11:00,300u,cartservice-7c84fdfb6-hsn24,9,147
10:11:00,300u,cartservice-7c84fdfb6-s4cp2,8,179
10:11:00,300u,cartservice-7c84fdfb6-sf94w,9,151
10:11:00,300u,checkoutservice-6f4dbd65bf-glltw,2,21
10:11:00,300u,checkoutservice-6f4dbd65bf-hkgzd,2,19
10:11:00,300u,checkoutservice-6f4dbd65bf-t2t2w,1,22
10:11:00,300u,currencyservice-7c8fc8fc9c-dlzht,20,94
10:11:00,300u,currencyservice-7c8fc8fc9c-mvsgf,18,126
10:11:00,300u,currencyservice-7c8fc8fc9c-wqrfs,19,120
10:11:00,300u,emailservice-66944ff59-478c4,4,56
10:11:00,300u,emailservice-66944ff59-4fvm9,4,94
10:11:00,300u,emailservice-66944ff59-txwj8,4,58
10:11:00,300u,envoy-grpc-lb-648f879c96-zzvgt,54,39
10:11:00,300u,frontend-56d4848657-2lw2w,12,29
10:11:00,300u,frontend-56d4848657-gf72x,26,30
10:11:00,300u,frontend-56d4848657-kc9nb,22,31
10:11:00,300u,paymentservice-9bfb7bf5-46sq4,2,84
10:11:00,300u,paymentservice-9bfb7bf5-pktv4,2,76
10:11:00,300u,paymentservice-9bfb7bf5-snj4k,1,111
10:11:00,300u,productcatalogservice-65bbf699df-8zzd2,10,44
10:11:00,300u,productcatalogservice-65bbf699df-qmltb,11,22
10:11:00,300u,productcatalogservice-65bbf699df-rh24h,10,23
10:11:00,300u,recommendationservice-7d7f9f7777-k667k,14,55
10:11:00,300u,recommendationservice-7d7f9f7777-k7s2c,14,55
10:11:00,300u,recommendationservice-7d7f9f7777-mrxwg,14,55
10:11:00,300u,redis-cart-c8ff86559-jrlvk,4,36
10:11:00,300u,shippingservice-f956b6d9f-2g46p,2,31
10:11:00,300u,shippingservice-f956b6d9f-4kzvq,2,19
10:11:00,300u,shippingservice-f956b6d9f-nmnfn,2,18
10:11:10,300u,adservice-574bff445c-grt9z,23,244
10:11:10,300u,adservice-574bff445c-h47zv,30,244
10:11:10,300u,adservice-574bff445c-wppcl,23,279
10:11:10,300u,cartservice-7c84fdfb6-hsn24,55,147
10:11:10,300u,cartservice-7c84fdfb6-s4cp2,44,179
10:11:10,300u,cartservice-7c84fdfb6-sf94w,51,151
10:11:10,300u,checkoutservice-6f4dbd65bf-glltw,9,21
10:11:10,300u,checkoutservice-6f4dbd65bf-hkgzd,11,19
10:11:10,300u,checkoutservice-6f4dbd65bf-t2t2w,9,22
10:11:10,300u,currencyservice-7c8fc8fc9c-dlzht,122,94
10:11:10,300u,currencyservice-7c8fc8fc9c-mvsgf,121,124
10:11:10,300u,currencyservice-7c8fc8fc9c-wqrfs,121,120
10:11:10,300u,emailservice-66944ff59-478c4,8,56
10:11:10,300u,emailservice-66944ff59-4fvm9,6,94
10:11:10,300u,emailservice-66944ff59-txwj8,7,58
10:11:10,300u,envoy-grpc-lb-648f879c96-zzvgt,346,40
10:11:10,300u,frontend-56d4848657-2lw2w,161,31
10:11:10,300u,frontend-56d4848657-gf72x,122,30
10:11:10,300u,frontend-56d4848657-kc9nb,121,28
10:11:10,300u,paymentservice-9bfb7bf5-46sq4,4,84
10:11:10,300u,paymentservice-9bfb7bf5-pktv4,5,76
10:11:10,300u,paymentservice-9bfb7bf5-snj4k,5,111
10:11:10,300u,productcatalogservice-65bbf699df-8zzd2,72,44
10:11:10,300u,productcatalogservice-65bbf699df-qmltb,73,22
10:11:10,300u,productcatalogservice-65bbf699df-rh24h,71,23
10:11:10,300u,recommendationservice-7d7f9f7777-k667k,91,55
10:11:10,300u,recommendationservice-7d7f9f7777-k7s2c,88,55
10:11:10,300u,recommendationservice-7d7f9f7777-mrxwg,93,55
10:11:10,300u,redis-cart-c8ff86559-jrlvk,10,36
10:11:10,300u,shippingservice-f956b6d9f-2g46p,8,31
10:11:10,300u,shippingservice-f956b6d9f-4kzvq,9,18
10:11:10,300u,shippingservice-f956b6d9f-nmnfn,8,18
10:11:20,300u,adservice-574bff445c-grt9z,26,245
10:11:20,300u,adservice-574bff445c-h47zv,27,244
10:11:20,300u,adservice-574bff445c-wppcl,19,279
10:11:20,300u,cartservice-7c84fdfb6-hsn24,44,147
10:11:20,300u,cartservice-7c84fdfb6-s4cp2,43,179
10:11:20,300u,cartservice-7c84fdfb6-sf94w,48,151
10:11:20,300u,checkoutservice-6f4dbd65bf-glltw,10,21
10:11:20,300u,checkoutservice-6f4dbd65bf-hkgzd,11,19
10:11:20,300u,checkoutservice-6f4dbd65bf-t2t2w,7,22
10:11:20,300u,currencyservice-7c8fc8fc9c-dlzht,112,94
10:11:20,300u,currencyservice-7c8fc8fc9c-mvsgf,111,125
10:11:20,300u,currencyservice-7c8fc8fc9c-wqrfs,111,122
10:11:20,300u,emailservice-66944ff59-478c4,6,56
10:11:20,300u,emailservice-66944ff59-4fvm9,7,94
10:11:20,300u,emailservice-66944ff59-txwj8,6,58
10:11:20,300u,envoy-grpc-lb-648f879c96-zzvgt,306,39
10:11:20,300u,frontend-56d4848657-2lw2w,118,27
10:11:20,300u,frontend-56d4848657-gf72x,123,30
10:11:20,300u,frontend-56d4848657-kc9nb,110,27
10:11:20,300u,paymentservice-9bfb7bf5-46sq4,6,84
10:11:20,300u,paymentservice-9bfb7bf5-pktv4,8,79
10:11:20,300u,paymentservice-9bfb7bf5-snj4k,3,111
10:11:20,300u,productcatalogservice-65bbf699df-8zzd2,65,44
10:11:20,300u,productcatalogservice-65bbf699df-qmltb,64,22
10:11:20,300u,productcatalogservice-65bbf699df-rh24h,66,23
10:11:20,300u,recommendationservice-7d7f9f7777-k667k,86,55
10:11:20,300u,recommendationservice-7d7f9f7777-k7s2c,85,55
10:11:20,300u,recommendationservice-7d7f9f7777-mrxwg,93,55
10:11:20,300u,redis-cart-c8ff86559-jrlvk,10,36
10:11:20,300u,shippingservice-f956b6d9f-2g46p,7,31
10:11:20,300u,shippingservice-f956b6d9f-4kzvq,7,18
10:11:20,300u,shippingservice-f956b6d9f-nmnfn,7,18
10:11:30,300u,adservice-574bff445c-grt9z,26,245
10:11:30,300u,adservice-574bff445c-h47zv,27,244
10:11:30,300u,adservice-574bff445c-wppcl,19,279
10:11:30,300u,cartservice-7c84fdfb6-hsn24,44,147
10:11:30,300u,cartservice-7c84fdfb6-s4cp2,43,179
10:11:30,300u,cartservice-7c84fdfb6-sf94w,48,151
10:11:30,300u,checkoutservice-6f4dbd65bf-glltw,10,21
10:11:30,300u,checkoutservice-6f4dbd65bf-hkgzd,11,19
10:11:30,300u,checkoutservice-6f4dbd65bf-t2t2w,7,22
10:11:30,300u,currencyservice-7c8fc8fc9c-dlzht,112,94
10:11:30,300u,currencyservice-7c8fc8fc9c-mvsgf,111,125
10:11:30,300u,currencyservice-7c8fc8fc9c-wqrfs,111,122
10:11:30,300u,emailservice-66944ff59-478c4,6,56
10:11:30,300u,emailservice-66944ff59-4fvm9,7,94
10:11:30,300u,emailservice-66944ff59-txwj8,6,58
10:11:30,300u,envoy-grpc-lb-648f879c96-zzvgt,306,39
10:11:30,300u,frontend-56d4848657-2lw2w,118,27
10:11:30,300u,frontend-56d4848657-gf72x,123,30
10:11:30,300u,frontend-56d4848657-kc9nb,110,27
10:11:30,300u,paymentservice-9bfb7bf5-46sq4,6,84
10:11:30,300u,paymentservice-9bfb7bf5-pktv4,8,79
10:11:30,300u,paymentservice-9bfb7bf5-snj4k,3,111
10:11:30,300u,productcatalogservice-65bbf699df-8zzd2,65,44
10:11:30,300u,productcatalogservice-65bbf699df-qmltb,64,22
10:11:30,300u,productcatalogservice-65bbf699df-rh24h,66,23
10:11:30,300u,recommendationservice-7d7f9f7777-k667k,86,55
10:11:30,300u,recommendationservice-7d7f9f7777-k7s2c,85,55
10:11:30,300u,recommendationservice-7d7f9f7777-mrxwg,93,55
10:11:30,300u,redis-cart-c8ff86559-jrlvk,10,36
10:11:30,300u,shippingservice-f956b6d9f-2g46p,7,31
10:11:30,300u,shippingservice-f956b6d9f-4kzvq,7,18
10:11:30,300u,shippingservice-f956b6d9f-nmnfn,7,18
10:11:41,300u,adservice-574bff445c-grt9z,26,245
10:11:41,300u,adservice-574bff445c-h47zv,28,244
10:11:41,300u,adservice-574bff445c-wppcl,21,279
10:11:41,300u,cartservice-7c84fdfb6-hsn24,52,147
10:11:41,300u,cartservice-7c84fdfb6-s4cp2,45,179
10:11:41,300u,cartservice-7c84fdfb6-sf94w,55,151
10:11:41,300u,checkoutservice-6f4dbd65bf-glltw,9,21
10:11:41,300u,checkoutservice-6f4dbd65bf-hkgzd,11,19
10:11:41,300u,checkoutservice-6f4dbd65bf-t2t2w,11,22
10:11:41,300u,currencyservice-7c8fc8fc9c-dlzht,121,96
10:11:41,300u,currencyservice-7c8fc8fc9c-mvsgf,126,124
10:11:41,300u,currencyservice-7c8fc8fc9c-wqrfs,122,122
10:11:41,300u,emailservice-66944ff59-478c4,8,56
10:11:41,300u,emailservice-66944ff59-4fvm9,6,94
10:11:41,300u,emailservice-66944ff59-txwj8,7,58
10:11:41,300u,envoy-grpc-lb-648f879c96-zzvgt,363,39
10:11:41,300u,frontend-56d4848657-2lw2w,151,28
10:11:41,300u,frontend-56d4848657-gf72x,150,30
10:11:41,300u,frontend-56d4848657-kc9nb,119,28
10:11:41,300u,paymentservice-9bfb7bf5-46sq4,4,84
10:11:41,300u,paymentservice-9bfb7bf5-pktv4,5,79
10:11:41,300u,paymentservice-9bfb7bf5-snj4k,4,111
10:11:41,300u,productcatalogservice-65bbf699df-8zzd2,73,44
10:11:41,300u,productcatalogservice-65bbf699df-qmltb,73,22
10:11:41,300u,productcatalogservice-65bbf699df-rh24h,73,23
10:11:41,300u,recommendationservice-7d7f9f7777-k667k,87,55
10:11:41,300u,recommendationservice-7d7f9f7777-k7s2c,87,55
10:11:41,300u,recommendationservice-7d7f9f7777-mrxwg,95,55
10:11:41,300u,redis-cart-c8ff86559-jrlvk,11,37
10:11:41,300u,shippingservice-f956b6d9f-2g46p,7,31
10:11:41,300u,shippingservice-f956b6d9f-4kzvq,8,18
10:11:41,300u,shippingservice-f956b6d9f-nmnfn,8,18
10:11:51,300u,adservice-574bff445c-grt9z,38,245
10:11:51,300u,adservice-574bff445c-h47zv,42,244
10:11:51,300u,adservice-574bff445c-wppcl,34,279
10:11:51,300u,cartservice-7c84fdfb6-hsn24,76,147
10:11:51,300u,cartservice-7c84fdfb6-s4cp2,75,179
10:11:51,300u,cartservice-7c84fdfb6-sf94w,86,151
10:11:51,300u,checkoutservice-6f4dbd65bf-glltw,21,21
10:11:51,300u,checkoutservice-6f4dbd65bf-hkgzd,22,19
10:11:51,300u,checkoutservice-6f4dbd65bf-t2t2w,19,22
10:11:51,300u,currencyservice-7c8fc8fc9c-dlzht,190,96
10:11:51,300u,currencyservice-7c8fc8fc9c-mvsgf,192,125
10:11:51,300u,currencyservice-7c8fc8fc9c-wqrfs,190,124
10:11:51,300u,emailservice-66944ff59-478c4,10,56
10:11:51,300u,emailservice-66944ff59-4fvm9,12,94
10:11:51,300u,emailservice-66944ff59-txwj8,10,58
10:11:51,300u,envoy-grpc-lb-648f879c96-zzvgt,496,40
10:11:51,300u,frontend-56d4848657-2lw2w,192,28
10:11:51,300u,frontend-56d4848657-gf72x,192,30
10:11:51,300u,frontend-56d4848657-kc9nb,198,29
10:11:51,300u,paymentservice-9bfb7bf5-46sq4,8,84
10:11:51,300u,paymentservice-9bfb7bf5-pktv4,7,79
10:11:51,300u,paymentservice-9bfb7bf5-snj4k,7,111
10:11:51,300u,productcatalogservice-65bbf699df-8zzd2,110,44
10:11:51,300u,productcatalogservice-65bbf699df-qmltb,108,22
10:11:51,300u,productcatalogservice-65bbf699df-rh24h,113,23
10:11:51,300u,recommendationservice-7d7f9f7777-k667k,160,55
10:11:51,300u,recommendationservice-7d7f9f7777-k7s2c,154,55
10:11:51,300u,recommendationservice-7d7f9f7777-mrxwg,164,55
10:11:51,300u,redis-cart-c8ff86559-jrlvk,15,37
10:11:51,300u,shippingservice-f956b6d9f-2g46p,13,31
10:11:51,300u,shippingservice-f956b6d9f-4kzvq,12,19
10:11:51,300u,shippingservice-f956b6d9f-nmnfn,13,18
10:12:01,300u,adservice-574bff445c-grt9z,38,245
10:12:01,300u,adservice-574bff445c-h47zv,42,244
10:12:01,300u,adservice-574bff445c-wppcl,34,279
10:12:01,300u,cartservice-7c84fdfb6-hsn24,76,147
10:12:01,300u,cartservice-7c84fdfb6-s4cp2,75,179
10:12:01,300u,cartservice-7c84fdfb6-sf94w,86,151
10:12:01,300u,checkoutservice-6f4dbd65bf-glltw,21,21
10:12:01,300u,checkoutservice-6f4dbd65bf-hkgzd,22,19
10:12:01,300u,checkoutservice-6f4dbd65bf-t2t2w,19,22
10:12:01,300u,currencyservice-7c8fc8fc9c-dlzht,190,96
10:12:01,300u,currencyservice-7c8fc8fc9c-mvsgf,192,125
10:12:01,300u,currencyservice-7c8fc8fc9c-wqrfs,190,124
10:12:01,300u,emailservice-66944ff59-478c4,10,56
10:12:01,300u,emailservice-66944ff59-4fvm9,12,94
10:12:01,300u,emailservice-66944ff59-txwj8,10,58
10:12:01,300u,envoy-grpc-lb-648f879c96-zzvgt,496,40
10:12:01,300u,frontend-56d4848657-2lw2w,192,28
10:12:01,300u,frontend-56d4848657-gf72x,192,30
10:12:01,300u,frontend-56d4848657-kc9nb,198,29
10:12:01,300u,paymentservice-9bfb7bf5-46sq4,8,84
10:12:01,300u,paymentservice-9bfb7bf5-pktv4,7,79
10:12:01,300u,paymentservice-9bfb7bf5-snj4k,7,111
10:12:01,300u,productcatalogservice-65bbf699df-8zzd2,110,44
10:12:01,300u,productcatalogservice-65bbf699df-qmltb,108,22
10:12:01,300u,productcatalogservice-65bbf699df-rh24h,113,23
10:12:01,300u,recommendationservice-7d7f9f7777-k667k,160,55
10:12:01,300u,recommendationservice-7d7f9f7777-k7s2c,154,55
10:12:01,300u,recommendationservice-7d7f9f7777-mrxwg,164,55
10:12:01,300u,redis-cart-c8ff86559-jrlvk,15,37
10:12:01,300u,shippingservice-f956b6d9f-2g46p,13,31
10:12:01,300u,shippingservice-f956b6d9f-4kzvq,12,19
10:12:01,300u,shippingservice-f956b6d9f-nmnfn,13,18
10:12:11,300u,adservice-574bff445c-grt9z,47,245
10:12:11,300u,adservice-574bff445c-h47zv,48,244
10:12:11,300u,adservice-574bff445c-wppcl,42,279
10:12:11,300u,cartservice-7c84fdfb6-hsn24,86,147
10:12:11,300u,cartservice-7c84fdfb6-s4cp2,74,179
10:12:11,300u,cartservice-7c84fdfb6-sf94w,97,151
10:12:11,300u,checkoutservice-6f4dbd65bf-glltw,24,21
10:12:11,300u,checkoutservice-6f4dbd65bf-hkgzd,22,19
10:12:11,300u,checkoutservice-6f4dbd65bf-t2t2w,22,22
10:12:11,300u,currencyservice-7c8fc8fc9c-dlzht,196,96
10:12:11,300u,currencyservice-7c8fc8fc9c-mvsgf,197,126
10:12:11,300u,currencyservice-7c8fc8fc9c-wqrfs,198,123
10:12:11,300u,emailservice-66944ff59-478c4,11,56
10:12:11,300u,emailservice-66944ff59-4fvm9,10,94
10:12:11,300u,emailservice-66944ff59-txwj8,12,58
10:12:11,300u,envoy-grpc-lb-648f879c96-zzvgt,498,40
10:12:11,300u,frontend-56d4848657-2lw2w,197,29
10:12:11,300u,frontend-56d4848657-gf72x,198,32
10:12:11,300u,frontend-56d4848657-kc9nb,198,30
10:12:11,300u,paymentservice-9bfb7bf5-46sq4,7,84
10:12:11,300u,paymentservice-9bfb7bf5-pktv4,7,79
10:12:11,300u,paymentservice-9bfb7bf5-snj4k,8,111
10:12:11,300u,productcatalogservice-65bbf699df-8zzd2,115,44
10:12:11,300u,productcatalogservice-65bbf699df-qmltb,116,22
10:12:11,300u,productcatalogservice-65bbf699df-rh24h,116,23
10:12:11,300u,recommendationservice-7d7f9f7777-k667k,180,55
10:12:11,300u,recommendationservice-7d7f9f7777-k7s2c,187,55
10:12:11,300u,recommendationservice-7d7f9f7777-mrxwg,184,55
10:12:11,300u,redis-cart-c8ff86559-jrlvk,16,37
10:12:11,300u,shippingservice-f956b6d9f-2g46p,15,31
10:12:11,300u,shippingservice-f956b6d9f-4kzvq,14,18
10:12:11,300u,shippingservice-f956b6d9f-nmnfn,16,18
10:12:21,300u,adservice-574bff445c-grt9z,58,245
10:12:21,300u,adservice-574bff445c-h47zv,52,244
10:12:21,300u,adservice-574bff445c-wppcl,48,279
10:12:21,300u,cartservice-7c84fdfb6-hsn24,92,147
10:12:21,300u,cartservice-7c84fdfb6-s4cp2,97,179
10:12:21,300u,cartservice-7c84fdfb6-sf94w,90,151
10:12:21,300u,checkoutservice-6f4dbd65bf-glltw,23,21
10:12:21,300u,checkoutservice-6f4dbd65bf-hkgzd,25,19
10:12:21,300u,checkoutservice-6f4dbd65bf-t2t2w,27,22
10:12:21,300u,currencyservice-7c8fc8fc9c-dlzht,201,96
10:12:21,300u,currencyservice-7c8fc8fc9c-mvsgf,200,125
10:12:21,300u,currencyservice-7c8fc8fc9c-wqrfs,200,122
10:12:21,300u,emailservice-66944ff59-478c4,12,56
10:12:21,300u,emailservice-66944ff59-4fvm9,12,94
10:12:21,300u,emailservice-66944ff59-txwj8,12,58
10:12:21,300u,envoy-grpc-lb-648f879c96-zzvgt,500,40
10:12:21,300u,frontend-56d4848657-2lw2w,198,30
10:12:21,300u,frontend-56d4848657-gf72x,198,31
10:12:21,300u,frontend-56d4848657-kc9nb,199,30
10:12:21,300u,paymentservice-9bfb7bf5-46sq4,8,84
10:12:21,300u,paymentservice-9bfb7bf5-pktv4,8,79
10:12:21,300u,paymentservice-9bfb7bf5-snj4k,9,111
10:12:21,300u,productcatalogservice-65bbf699df-8zzd2,120,44
10:12:21,300u,productcatalogservice-65bbf699df-qmltb,118,22
10:12:21,300u,productcatalogservice-65bbf699df-rh24h,117,23
10:12:21,300u,recommendationservice-7d7f9f7777-k667k,200,55
10:12:21,300u,recommendationservice-7d7f9f7777-k7s2c,200,55
10:12:21,300u,recommendationservice-7d7f9f7777-mrxwg,199,55
10:12:21,300u,redis-cart-c8ff86559-jrlvk,17,37
10:12:21,300u,shippingservice-f956b6d9f-2g46p,17,31
10:12:21,300u,shippingservice-f956b6d9f-4kzvq,15,18
10:12:21,300u,shippingservice-f956b6d9f-nmnfn,15,19
10:12:32,300u,adservice-574bff445c-grt9z,58,245
10:12:32,300u,adservice-574bff445c-h47zv,52,244
10:12:32,300u,adservice-574bff445c-wppcl,48,279
10:12:32,300u,cartservice-7c84fdfb6-hsn24,92,147
10:12:32,300u,cartservice-7c84fdfb6-s4cp2,97,179
10:12:32,300u,cartservice-7c84fdfb6-sf94w,90,151
10:12:32,300u,checkoutservice-6f4dbd65bf-glltw,23,21
10:12:32,300u,checkoutservice-6f4dbd65bf-hkgzd,25,19
10:12:32,300u,checkoutservice-6f4dbd65bf-t2t2w,27,22
10:12:32,300u,currencyservice-7c8fc8fc9c-dlzht,201,96
10:12:32,300u,currencyservice-7c8fc8fc9c-mvsgf,200,125
10:12:32,300u,currencyservice-7c8fc8fc9c-wqrfs,200,122
10:12:32,300u,emailservice-66944ff59-478c4,12,56
10:12:32,300u,emailservice-66944ff59-4fvm9,12,94
10:12:32,300u,emailservice-66944ff59-txwj8,12,58
10:12:32,300u,envoy-grpc-lb-648f879c96-zzvgt,500,40
10:12:32,300u,frontend-56d4848657-2lw2w,198,30
10:12:32,300u,frontend-56d4848657-gf72x,198,31
10:12:32,300u,frontend-56d4848657-kc9nb,199,30
10:12:32,300u,paymentservice-9bfb7bf5-46sq4,8,84
10:12:32,300u,paymentservice-9bfb7bf5-pktv4,8,79
10:12:32,300u,paymentservice-9bfb7bf5-snj4k,9,111
10:12:32,300u,productcatalogservice-65bbf699df-8zzd2,120,44
10:12:32,300u,productcatalogservice-65bbf699df-qmltb,118,22
10:12:32,300u,productcatalogservice-65bbf699df-rh24h,117,23
10:12:32,300u,recommendationservice-7d7f9f7777-k667k,200,55
10:12:32,300u,recommendationservice-7d7f9f7777-k7s2c,200,55
10:12:32,300u,recommendationservice-7d7f9f7777-mrxwg,199,55
10:12:32,300u,redis-cart-c8ff86559-jrlvk,17,37
10:12:32,300u,shippingservice-f956b6d9f-2g46p,17,31
10:12:32,300u,shippingservice-f956b6d9f-4kzvq,15,18
10:12:32,300u,shippingservice-f956b6d9f-nmnfn,15,19
10:12:42,300u,adservice-574bff445c-grt9z,60,245
10:12:42,300u,adservice-574bff445c-h47zv,57,244
10:12:42,300u,adservice-574bff445c-wppcl,49,279
10:12:42,300u,cartservice-7c84fdfb6-hsn24,105,147
10:12:42,300u,cartservice-7c84fdfb6-s4cp2,103,179
10:12:42,300u,cartservice-7c84fdfb6-sf94w,84,151
10:12:42,300u,checkoutservice-6f4dbd65bf-glltw,26,21
10:12:42,300u,checkoutservice-6f4dbd65bf-hkgzd,28,19
10:12:42,300u,checkoutservice-6f4dbd65bf-t2t2w,29,22
10:12:42,300u,currencyservice-7c8fc8fc9c-dlzht,200,96
10:12:42,300u,currencyservice-7c8fc8fc9c-mvsgf,200,125
10:12:42,300u,currencyservice-7c8fc8fc9c-wqrfs,199,124
10:12:42,300u,emailservice-66944ff59-478c4,14,57
10:12:42,300u,emailservice-66944ff59-4fvm9,12,94
10:12:42,300u,emailservice-66944ff59-txwj8,14,58
10:12:42,300u,envoy-grpc-lb-648f879c96-zzvgt,499,40
10:12:42,300u,frontend-56d4848657-2lw2w,199,31
10:12:42,300u,frontend-56d4848657-gf72x,198,32
10:12:42,300u,frontend-56d4848657-kc9nb,198,30
10:12:42,300u,paymentservice-9bfb7bf5-46sq4,9,84
10:12:42,300u,paymentservice-9bfb7bf5-pktv4,8,79
10:12:42,300u,paymentservice-9bfb7bf5-snj4k,10,111
10:12:42,300u,productcatalogservice-65bbf699df-8zzd2,115,44
10:12:42,300u,productcatalogservice-65bbf699df-qmltb,115,22
10:12:42,300u,productcatalogservice-65bbf699df-rh24h,117,23
10:12:42,300u,recommendationservice-7d7f9f7777-k667k,199,55
10:12:42,300u,recommendationservice-7d7f9f7777-k7s2c,199,55
10:12:42,300u,recommendationservice-7d7f9f7777-mrxwg,200,55
10:12:42,300u,redis-cart-c8ff86559-jrlvk,17,37
10:12:42,300u,shippingservice-f956b6d9f-2g46p,16,31
10:12:42,300u,shippingservice-f956b6d9f-4kzvq,16,18
10:12:42,300u,shippingservice-f956b6d9f-nmnfn,16,18
10:12:52,300u,adservice-574bff445c-grt9z,59,245
10:12:52,300u,adservice-574bff445c-h47zv,73,245
10:12:52,300u,adservice-574bff445c-wppcl,58,280
10:12:52,300u,cartservice-7c84fdfb6-hsn24,101,147
10:12:52,300u,cartservice-7c84fdfb6-s4cp2,95,179
10:12:52,300u,cartservice-7c84fdfb6-sf94w,90,151
10:12:52,300u,checkoutservice-6f4dbd65bf-glltw,27,21
10:12:52,300u,checkoutservice-6f4dbd65bf-hkgzd,23,19
10:12:52,300u,checkoutservice-6f4dbd65bf-t2t2w,25,22
10:12:52,300u,currencyservice-7c8fc8fc9c-dlzht,200,99
10:12:52,300u,currencyservice-7c8fc8fc9c-mvsgf,200,126
10:12:52,300u,currencyservice-7c8fc8fc9c-wqrfs,199,125
10:12:52,300u,emailservice-66944ff59-478c4,11,57
10:12:52,300u,emailservice-66944ff59-4fvm9,13,94
10:12:52,300u,emailservice-66944ff59-txwj8,11,58
10:12:52,300u,envoy-grpc-lb-648f879c96-zzvgt,499,39
10:12:52,300u,frontend-56d4848657-2lw2w,199,31
10:12:52,300u,frontend-56d4848657-gf72x,198,33
10:12:52,300u,frontend-56d4848657-kc9nb,200,31
10:12:52,300u,paymentservice-9bfb7bf5-46sq4,8,84
10:12:52,300u,paymentservice-9bfb7bf5-pktv4,8,79
10:12:52,300u,paymentservice-9bfb7bf5-snj4k,8,111
10:12:52,300u,productcatalogservice-65bbf699df-8zzd2,116,44
10:12:52,300u,productcatalogservice-65bbf699df-qmltb,113,22
10:12:52,300u,productcatalogservice-65bbf699df-rh24h,115,23
10:12:52,300u,recommendationservice-7d7f9f7777-k667k,200,55
10:12:52,300u,recommendationservice-7d7f9f7777-k7s2c,200,55
10:12:52,300u,recommendationservice-7d7f9f7777-mrxwg,200,55
10:12:52,300u,redis-cart-c8ff86559-jrlvk,17,37
10:12:52,300u,shippingservice-f956b6d9f-2g46p,17,31
10:12:52,300u,shippingservice-f956b6d9f-4kzvq,16,18
10:12:52,300u,shippingservice-f956b6d9f-nmnfn,16,18
10:13:02,300u,adservice-574bff445c-grt9z,59,245
10:13:02,300u,adservice-574bff445c-h47zv,73,245
10:13:02,300u,adservice-574bff445c-wppcl,58,280
10:13:02,300u,cartservice-7c84fdfb6-hsn24,101,147
10:13:02,300u,cartservice-7c84fdfb6-s4cp2,95,179
10:13:02,300u,cartservice-7c84fdfb6-sf94w,90,151
10:13:02,300u,checkoutservice-6f4dbd65bf-glltw,27,21
10:13:02,300u,checkoutservice-6f4dbd65bf-hkgzd,23,19
10:13:02,300u,checkoutservice-6f4dbd65bf-t2t2w,25,22
10:13:02,300u,currencyservice-7c8fc8fc9c-dlzht,200,99
10:13:02,300u,currencyservice-7c8fc8fc9c-mvsgf,200,126
10:13:02,300u,currencyservice-7c8fc8fc9c-wqrfs,199,125
10:13:02,300u,emailservice-66944ff59-478c4,11,57
10:13:02,300u,emailservice-66944ff59-4fvm9,13,94
10:13:02,300u,emailservice-66944ff59-txwj8,11,58
10:13:02,300u,envoy-grpc-lb-648f879c96-zzvgt,499,39
10:13:02,300u,frontend-56d4848657-2lw2w,199,31
10:13:02,300u,frontend-56d4848657-gf72x,198,33
10:13:02,300u,frontend-56d4848657-kc9nb,200,31
10:13:02,300u,paymentservice-9bfb7bf5-46sq4,8,84
10:13:02,300u,paymentservice-9bfb7bf5-pktv4,8,79
10:13:02,300u,paymentservice-9bfb7bf5-snj4k,8,111
10:13:02,300u,productcatalogservice-65bbf699df-8zzd2,116,44
10:13:02,300u,productcatalogservice-65bbf699df-qmltb,113,22
10:13:02,300u,productcatalogservice-65bbf699df-rh24h,115,23
10:13:02,300u,recommendationservice-7d7f9f7777-k667k,200,55
10:13:02,300u,recommendationservice-7d7f9f7777-k7s2c,200,55
10:13:02,300u,recommendationservice-7d7f9f7777-mrxwg,200,55
10:13:02,300u,redis-cart-c8ff86559-jrlvk,17,37
10:13:02,300u,shippingservice-f956b6d9f-2g46p,17,31
10:13:02,300u,shippingservice-f956b6d9f-4kzvq,16,18
10:13:02,300u,shippingservice-f956b6d9f-nmnfn,16,18
10:13:12,300u,adservice-574bff445c-grt9z,59,245
10:13:12,300u,adservice-574bff445c-h47zv,72,245
10:13:12,300u,adservice-574bff445c-wppcl,52,280
10:13:12,300u,cartservice-7c84fdfb6-hsn24,98,147
10:13:12,300u,cartservice-7c84fdfb6-s4cp2,105,179
10:13:12,300u,cartservice-7c84fdfb6-sf94w,93,151
10:13:12,300u,checkoutservice-6f4dbd65bf-glltw,28,21
10:13:12,300u,checkoutservice-6f4dbd65bf-hkgzd,30,19
10:13:12,300u,checkoutservice-6f4dbd65bf-t2t2w,31,22
10:13:12,300u,currencyservice-7c8fc8fc9c-dlzht,200,99
10:13:12,300u,currencyservice-7c8fc8fc9c-mvsgf,199,126
10:13:12,300u,currencyservice-7c8fc8fc9c-wqrfs,200,123
10:13:12,300u,emailservice-66944ff59-478c4,14,57
10:13:12,300u,emailservice-66944ff59-4fvm9,14,94
10:13:12,300u,emailservice-66944ff59-txwj8,13,58
10:13:12,300u,envoy-grpc-lb-648f879c96-zzvgt,499,40
10:13:12,300u,frontend-56d4848657-2lw2w,199,33
10:13:12,300u,frontend-56d4848657-gf72x,198,34
10:13:12,300u,frontend-56d4848657-kc9nb,199,32
10:13:12,300u,paymentservice-9bfb7bf5-46sq4,10,84
10:13:12,300u,paymentservice-9bfb7bf5-pktv4,8,79
10:13:12,300u,paymentservice-9bfb7bf5-snj4k,8,111
10:13:12,300u,productcatalogservice-65bbf699df-8zzd2,114,44
10:13:12,300u,productcatalogservice-65bbf699df-qmltb,113,22
10:13:12,300u,productcatalogservice-65bbf699df-rh24h,113,23
10:13:12,300u,recommendationservice-7d7f9f7777-k667k,200,55
10:13:12,300u,recommendationservice-7d7f9f7777-k7s2c,200,55
10:13:12,300u,recommendationservice-7d7f9f7777-mrxwg,200,55
10:13:12,300u,redis-cart-c8ff86559-jrlvk,18,37
10:13:12,300u,shippingservice-f956b6d9f-2g46p,17,31
10:13:12,300u,shippingservice-f956b6d9f-4kzvq,17,18
10:13:12,300u,shippingservice-f956b6d9f-nmnfn,17,18
10:13:22,300u,adservice-574bff445c-grt9z,36,245
10:13:22,300u,adservice-574bff445c-h47zv,37,245
10:13:22,300u,adservice-574bff445c-wppcl,31,280
10:13:22,300u,cartservice-7c84fdfb6-hsn24,61,147
10:13:22,300u,cartservice-7c84fdfb6-s4cp2,52,179
10:13:22,300u,cartservice-7c84fdfb6-sf94w,56,151
10:13:22,300u,checkoutservice-6f4dbd65bf-glltw,18,21
10:13:22,300u,checkoutservice-6f4dbd65bf-hkgzd,17,19
10:13:22,300u,checkoutservice-6f4dbd65bf-t2t2w,17,22
10:13:22,300u,currencyservice-7c8fc8fc9c-dlzht,112,101
10:13:22,300u,currencyservice-7c8fc8fc9c-mvsgf,112,126
10:13:22,300u,currencyservice-7c8fc8fc9c-wqrfs,114,125
10:13:22,300u,emailservice-66944ff59-478c4,9,57
10:13:22,300u,emailservice-66944ff59-4fvm9,10,94
10:13:22,300u,emailservice-66944ff59-txwj8,10,58
10:13:22,300u,envoy-grpc-lb-648f879c96-zzvgt,282,39
10:13:22,300u,frontend-56d4848657-2lw2w,113,33
10:13:22,300u,frontend-56d4848657-gf72x,113,35
10:13:22,300u,frontend-56d4848657-kc9nb,113,32
10:13:22,300u,paymentservice-9bfb7bf5-46sq4,6,84
10:13:22,300u,paymentservice-9bfb7bf5-pktv4,6,79
10:13:22,300u,paymentservice-9bfb7bf5-snj4k,7,111
10:13:22,300u,productcatalogservice-65bbf699df-8zzd2,62,44
10:13:22,300u,productcatalogservice-65bbf699df-qmltb,62,22
10:13:22,300u,productcatalogservice-65bbf699df-rh24h,62,23
10:13:22,300u,recommendationservice-7d7f9f7777-k667k,115,55
10:13:22,300u,recommendationservice-7d7f9f7777-k7s2c,115,55
10:13:22,300u,recommendationservice-7d7f9f7777-mrxwg,116,55
10:13:22,300u,redis-cart-c8ff86559-jrlvk,12,37
10:13:22,300u,shippingservice-f956b6d9f-2g46p,9,31
10:13:22,300u,shippingservice-f956b6d9f-4kzvq,11,18
10:13:22,300u,shippingservice-f956b6d9f-nmnfn,11,18
10:13:33,300u,adservice-574bff445c-grt9z,36,245
10:13:33,300u,adservice-574bff445c-h47zv,37,245
10:13:33,300u,adservice-574bff445c-wppcl,31,280
10:13:33,300u,cartservice-7c84fdfb6-hsn24,61,147
10:13:33,300u,cartservice-7c84fdfb6-s4cp2,52,179
10:13:33,300u,cartservice-7c84fdfb6-sf94w,56,151
10:13:33,300u,checkoutservice-6f4dbd65bf-glltw,18,21
10:13:33,300u,checkoutservice-6f4dbd65bf-hkgzd,17,19
10:13:33,300u,checkoutservice-6f4dbd65bf-t2t2w,17,22
10:13:33,300u,currencyservice-7c8fc8fc9c-dlzht,112,101
10:13:33,300u,currencyservice-7c8fc8fc9c-mvsgf,112,126
10:13:33,300u,currencyservice-7c8fc8fc9c-wqrfs,114,125
10:13:33,300u,emailservice-66944ff59-478c4,9,57
10:13:33,300u,emailservice-66944ff59-4fvm9,10,94
10:13:33,300u,emailservice-66944ff59-txwj8,10,58
10:13:33,300u,envoy-grpc-lb-648f879c96-zzvgt,282,39
10:13:33,300u,frontend-56d4848657-2lw2w,113,33
10:13:33,300u,frontend-56d4848657-gf72x,113,35
10:13:33,300u,frontend-56d4848657-kc9nb,113,32
10:13:33,300u,paymentservice-9bfb7bf5-46sq4,6,84
10:13:33,300u,paymentservice-9bfb7bf5-pktv4,6,79
10:13:33,300u,paymentservice-9bfb7bf5-snj4k,7,111
10:13:33,300u,productcatalogservice-65bbf699df-8zzd2,62,44
10:13:33,300u,productcatalogservice-65bbf699df-qmltb,62,22
10:13:33,300u,productcatalogservice-65bbf699df-rh24h,62,23
10:13:33,300u,recommendationservice-7d7f9f7777-k667k,115,55
10:13:33,300u,recommendationservice-7d7f9f7777-k7s2c,115,55
10:13:33,300u,recommendationservice-7d7f9f7777-mrxwg,116,55
10:13:33,300u,redis-cart-c8ff86559-jrlvk,12,37
10:13:33,300u,shippingservice-f956b6d9f-2g46p,9,31
10:13:33,300u,shippingservice-f956b6d9f-4kzvq,11,18
10:13:33,300u,shippingservice-f956b6d9f-nmnfn,11,18
10:13:43,300u,adservice-574bff445c-grt9z,1,245
10:13:43,300u,adservice-574bff445c-h47zv,2,245
10:13:43,300u,adservice-574bff445c-wppcl,1,280
10:13:43,300u,cartservice-7c84fdfb6-hsn24,2,147
10:13:43,300u,cartservice-7c84fdfb6-s4cp2,2,179
10:13:43,300u,cartservice-7c84fdfb6-sf94w,2,151
10:13:43,300u,checkoutservice-6f4dbd65bf-glltw,1,21
10:13:43,300u,checkoutservice-6f4dbd65bf-hkgzd,1,19
10:13:43,300u,checkoutservice-6f4dbd65bf-t2t2w,1,22
10:13:43,300u,currencyservice-7c8fc8fc9c-dlzht,2,101
10:13:43,300u,currencyservice-7c8fc8fc9c-mvsgf,1,126
10:13:43,300u,currencyservice-7c8fc8fc9c-wqrfs,1,125
10:13:43,300u,emailservice-66944ff59-478c4,4,57
10:13:43,300u,emailservice-66944ff59-4fvm9,4,94
10:13:43,300u,emailservice-66944ff59-txwj8,4,58
10:13:43,300u,envoy-grpc-lb-648f879c96-zzvgt,6,39
10:13:43,300u,frontend-56d4848657-2lw2w,1,33
10:13:43,300u,frontend-56d4848657-gf72x,1,35
10:13:43,300u,frontend-56d4848657-kc9nb,1,32
10:13:43,300u,paymentservice-9bfb7bf5-46sq4,1,84
10:13:43,300u,paymentservice-9bfb7bf5-pktv4,1,79
10:13:43,300u,paymentservice-9bfb7bf5-snj4k,1,111
10:13:43,300u,productcatalogservice-65bbf699df-8zzd2,1,44
10:13:43,300u,productcatalogservice-65bbf699df-qmltb,1,22
10:13:43,300u,productcatalogservice-65bbf699df-rh24h,1,23
10:13:43,300u,recommendationservice-7d7f9f7777-k667k,4,55
10:13:43,300u,recommendationservice-7d7f9f7777-k7s2c,4,55
10:13:43,300u,recommendationservice-7d7f9f7777-mrxwg,3,55
10:13:43,300u,redis-cart-c8ff86559-jrlvk,3,37
10:13:43,300u,shippingservice-f956b6d9f-2g46p,3,31
10:13:43,300u,shippingservice-f956b6d9f-4kzvq,1,18
10:13:43,300u,shippingservice-f956b6d9f-nmnfn,1,18
10:13:53,300u,adservice-574bff445c-grt9z,1,245
10:13:53,300u,adservice-574bff445c-h47zv,1,245
10:13:53,300u,adservice-574bff445c-wppcl,1,280
10:13:53,300u,cartservice-7c84fdfb6-hsn24,2,147
10:13:53,300u,cartservice-7c84fdfb6-s4cp2,2,179
10:13:53,300u,cartservice-7c84fdfb6-sf94w,2,151
10:13:53,300u,checkoutservice-6f4dbd65bf-glltw,1,21
10:13:53,300u,checkoutservice-6f4dbd65bf-hkgzd,1,19
10:13:53,300u,checkoutservice-6f4dbd65bf-t2t2w,1,22
10:13:53,300u,currencyservice-7c8fc8fc9c-dlzht,1,101
10:13:53,300u,currencyservice-7c8fc8fc9c-mvsgf,1,126
10:13:53,300u,currencyservice-7c8fc8fc9c-wqrfs,1,125
10:13:53,300u,emailservice-66944ff59-478c4,4,57
10:13:53,300u,emailservice-66944ff59-4fvm9,4,94
10:13:53,300u,emailservice-66944ff59-txwj8,4,58
10:13:53,300u,envoy-grpc-lb-648f879c96-zzvgt,6,39
10:13:53,300u,frontend-56d4848657-2lw2w,1,33
10:13:53,300u,frontend-56d4848657-gf72x,1,35
10:13:53,300u,frontend-56d4848657-kc9nb,1,32
10:13:53,300u,paymentservice-9bfb7bf5-46sq4,1,84
10:13:53,300u,paymentservice-9bfb7bf5-pktv4,1,79
10:13:53,300u,paymentservice-9bfb7bf5-snj4k,1,111
10:13:53,300u,productcatalogservice-65bbf699df-8zzd2,1,44
10:13:53,300u,productcatalogservice-65bbf699df-qmltb,1,22
10:13:53,300u,productcatalogservice-65bbf699df-rh24h,1,23
10:13:53,300u,recommendationservice-7d7f9f7777-k667k,3,55
10:13:53,300u,recommendationservice-7d7f9f7777-k7s2c,3,55
10:13:53,300u,recommendationservice-7d7f9f7777-mrxwg,3,55
10:13:53,300u,redis-cart-c8ff86559-jrlvk,2,37
10:13:53,300u,shippingservice-f956b6d9f-2g46p,1,31
10:13:53,300u,shippingservice-f956b6d9f-4kzvq,1,18
10:13:53,300u,shippingservice-f956b6d9f-nmnfn,1,18
10:14:03,300u,adservice-574bff445c-grt9z,1,245
10:14:03,300u,adservice-574bff445c-h47zv,1,245
10:14:03,300u,adservice-574bff445c-wppcl,1,280
10:14:03,300u,cartservice-7c84fdfb6-hsn24,2,147
10:14:03,300u,cartservice-7c84fdfb6-s4cp2,2,179
10:14:03,300u,cartservice-7c84fdfb6-sf94w,2,151
10:14:03,300u,checkoutservice-6f4dbd65bf-glltw,1,21
10:14:03,300u,checkoutservice-6f4dbd65bf-hkgzd,1,19
10:14:03,300u,checkoutservice-6f4dbd65bf-t2t2w,1,22
10:14:03,300u,currencyservice-7c8fc8fc9c-dlzht,1,101
10:14:03,300u,currencyservice-7c8fc8fc9c-mvsgf,1,126
10:14:03,300u,currencyservice-7c8fc8fc9c-wqrfs,1,125
10:14:03,300u,emailservice-66944ff59-478c4,4,57
10:14:03,300u,emailservice-66944ff59-4fvm9,4,94
10:14:03,300u,emailservice-66944ff59-txwj8,4,58
10:14:03,300u,envoy-grpc-lb-648f879c96-zzvgt,6,39
10:14:03,300u,frontend-56d4848657-2lw2w,1,33
10:14:03,300u,frontend-56d4848657-gf72x,1,35
10:14:03,300u,frontend-56d4848657-kc9nb,1,32
10:14:03,300u,paymentservice-9bfb7bf5-46sq4,1,84
10:14:03,300u,paymentservice-9bfb7bf5-pktv4,1,79
10:14:03,300u,paymentservice-9bfb7bf5-snj4k,1,111
10:14:03,300u,productcatalogservice-65bbf699df-8zzd2,1,44
10:14:03,300u,productcatalogservice-65bbf699df-qmltb,1,22
10:14:03,300u,productcatalogservice-65bbf699df-rh24h,1,23
10:14:03,300u,recommendationservice-7d7f9f7777-k667k,3,55
10:14:03,300u,recommendationservice-7d7f9f7777-k7s2c,3,55
10:14:03,300u,recommendationservice-7d7f9f7777-mrxwg,3,55
10:14:03,300u,redis-cart-c8ff86559-jrlvk,2,37
10:14:03,300u,shippingservice-f956b6d9f-2g46p,1,31
10:14:03,300u,shippingservice-f956b6d9f-4kzvq,1,18
10:14:03,300u,shippingservice-f956b6d9f-nmnfn,1,18
10:14:13,300u,adservice-574bff445c-grt9z,2,245
10:14:13,300u,adservice-574bff445c-h47zv,2,245
10:14:13,300u,adservice-574bff445c-wppcl,1,279
10:14:13,300u,cartservice-7c84fdfb6-hsn24,2,147
10:14:13,300u,cartservice-7c84fdfb6-s4cp2,2,179
10:14:13,300u,cartservice-7c84fdfb6-sf94w,2,151
10:14:13,300u,checkoutservice-6f4dbd65bf-glltw,1,21
10:14:13,300u,checkoutservice-6f4dbd65bf-hkgzd,1,19
10:14:13,300u,checkoutservice-6f4dbd65bf-t2t2w,1,22
10:14:13,300u,currencyservice-7c8fc8fc9c-dlzht,2,101
10:14:13,300u,currencyservice-7c8fc8fc9c-mvsgf,2,126
10:14:13,300u,currencyservice-7c8fc8fc9c-wqrfs,2,125
10:14:13,300u,emailservice-66944ff59-478c4,4,57
10:14:13,300u,emailservice-66944ff59-4fvm9,4,94
10:14:13,300u,emailservice-66944ff59-txwj8,4,58
10:14:13,300u,envoy-grpc-lb-648f879c96-zzvgt,6,39
10:14:13,300u,frontend-56d4848657-2lw2w,1,33
10:14:13,300u,frontend-56d4848657-gf72x,1,35
10:14:13,300u,frontend-56d4848657-kc9nb,1,32
10:14:13,300u,paymentservice-9bfb7bf5-46sq4,1,84
10:14:13,300u,paymentservice-9bfb7bf5-pktv4,1,79
10:14:13,300u,paymentservice-9bfb7bf5-snj4k,1,111
10:14:13,300u,productcatalogservice-65bbf699df-8zzd2,1,44
10:14:13,300u,productcatalogservice-65bbf699df-qmltb,1,22
10:14:13,300u,productcatalogservice-65bbf699df-rh24h,1,23
10:14:13,300u,recommendationservice-7d7f9f7777-k667k,4,55
10:14:13,300u,recommendationservice-7d7f9f7777-k7s2c,3,55
10:14:13,300u,recommendationservice-7d7f9f7777-mrxwg,3,55
10:14:13,300u,redis-cart-c8ff86559-jrlvk,2,37
10:14:13,300u,shippingservice-f956b6d9f-2g46p,1,31
10:14:13,300u,shippingservice-f956b6d9f-4kzvq,1,18
10:14:13,300u,shippingservice-f956b6d9f-nmnfn,1,18
10:14:23,400u,adservice-574bff445c-grt9z,2,245
10:14:23,400u,adservice-574bff445c-h47zv,2,244
10:14:23,400u,adservice-574bff445c-wppcl,3,279
10:14:23,400u,cartservice-7c84fdfb6-hsn24,5,147
10:14:23,400u,cartservice-7c84fdfb6-s4cp2,5,180
10:14:23,400u,cartservice-7c84fdfb6-sf94w,4,151
10:14:23,400u,checkoutservice-6f4dbd65bf-glltw,1,21
10:14:23,400u,checkoutservice-6f4dbd65bf-hkgzd,1,19
10:14:23,400u,checkoutservice-6f4dbd65bf-t2t2w,2,22
10:14:23,400u,currencyservice-7c8fc8fc9c-dlzht,7,101
10:14:23,400u,currencyservice-7c8fc8fc9c-mvsgf,7,126
10:14:23,400u,currencyservice-7c8fc8fc9c-wqrfs,8,125
10:14:23,400u,emailservice-66944ff59-478c4,4,57
10:14:23,400u,emailservice-66944ff59-4fvm9,3,94
10:14:23,400u,emailservice-66944ff59-txwj8,4,58
10:14:23,400u,envoy-grpc-lb-648f879c96-zzvgt,21,40
10:14:23,400u,frontend-56d4848657-2lw2w,12,30
10:14:23,400u,frontend-56d4848657-gf72x,5,35
10:14:23,400u,frontend-56d4848657-kc9nb,5,30
10:14:23,400u,paymentservice-9bfb7bf5-46sq4,2,84
10:14:23,400u,paymentservice-9bfb7bf5-pktv4,1,79
10:14:23,400u,paymentservice-9bfb7bf5-snj4k,1,111
10:14:23,400u,productcatalogservice-65bbf699df-8zzd2,4,44
10:14:23,400u,productcatalogservice-65bbf699df-qmltb,4,22
10:14:23,400u,productcatalogservice-65bbf699df-rh24h,4,23
10:14:23,400u,recommendationservice-7d7f9f7777-k667k,7,55
10:14:23,400u,recommendationservice-7d7f9f7777-k7s2c,6,55
10:14:23,400u,recommendationservice-7d7f9f7777-mrxwg,7,55
10:14:23,400u,redis-cart-c8ff86559-jrlvk,3,37
10:14:23,400u,shippingservice-f956b6d9f-2g46p,1,31
10:14:23,400u,shippingservice-f956b6d9f-4kzvq,1,19
10:14:23,400u,shippingservice-f956b6d9f-nmnfn,1,18
10:14:33,400u,adservice-574bff445c-grt9z,2,245
10:14:33,400u,adservice-574bff445c-h47zv,2,244
10:14:33,400u,adservice-574bff445c-wppcl,3,279
10:14:33,400u,cartservice-7c84fdfb6-hsn24,5,147
10:14:33,400u,cartservice-7c84fdfb6-s4cp2,5,180
10:14:33,400u,cartservice-7c84fdfb6-sf94w,4,151
10:14:33,400u,checkoutservice-6f4dbd65bf-glltw,1,21
10:14:33,400u,checkoutservice-6f4dbd65bf-hkgzd,1,19
10:14:33,400u,checkoutservice-6f4dbd65bf-t2t2w,2,22
10:14:33,400u,currencyservice-7c8fc8fc9c-dlzht,7,101
10:14:33,400u,currencyservice-7c8fc8fc9c-mvsgf,7,126
10:14:33,400u,currencyservice-7c8fc8fc9c-wqrfs,8,125
10:14:33,400u,emailservice-66944ff59-478c4,4,57
10:14:33,400u,emailservice-66944ff59-4fvm9,3,94
10:14:33,400u,emailservice-66944ff59-txwj8,4,58
10:14:33,400u,envoy-grpc-lb-648f879c96-zzvgt,21,40
10:14:33,400u,frontend-56d4848657-2lw2w,12,30
10:14:33,400u,frontend-56d4848657-gf72x,5,35
10:14:33,400u,frontend-56d4848657-kc9nb,5,30
10:14:33,400u,paymentservice-9bfb7bf5-46sq4,2,84
10:14:33,400u,paymentservice-9bfb7bf5-pktv4,1,79
10:14:33,400u,paymentservice-9bfb7bf5-snj4k,1,111
10:14:33,400u,productcatalogservice-65bbf699df-8zzd2,4,44
10:14:33,400u,productcatalogservice-65bbf699df-qmltb,4,22
10:14:33,400u,productcatalogservice-65bbf699df-rh24h,4,23
10:14:33,400u,recommendationservice-7d7f9f7777-k667k,7,55
10:14:33,400u,recommendationservice-7d7f9f7777-k7s2c,6,55
10:14:33,400u,recommendationservice-7d7f9f7777-mrxwg,7,55
10:14:33,400u,redis-cart-c8ff86559-jrlvk,3,37
10:14:33,400u,shippingservice-f956b6d9f-2g46p,1,31
10:14:33,400u,shippingservice-f956b6d9f-4kzvq,1,19
10:14:33,400u,shippingservice-f956b6d9f-nmnfn,1,18
10:14:44,400u,adservice-574bff445c-grt9z,20,245
10:14:44,400u,adservice-574bff445c-h47zv,20,244
10:14:44,400u,adservice-574bff445c-wppcl,18,279
10:14:44,400u,cartservice-7c84fdfb6-hsn24,48,147
10:14:44,400u,cartservice-7c84fdfb6-s4cp2,42,180
10:14:44,400u,cartservice-7c84fdfb6-sf94w,38,151
10:14:44,400u,checkoutservice-6f4dbd65bf-glltw,11,21
10:14:44,400u,checkoutservice-6f4dbd65bf-hkgzd,8,19
10:14:44,400u,checkoutservice-6f4dbd65bf-t2t2w,8,22
10:14:44,400u,currencyservice-7c8fc8fc9c-dlzht,93,101
10:14:44,400u,currencyservice-7c8fc8fc9c-mvsgf,90,126
10:14:44,400u,currencyservice-7c8fc8fc9c-wqrfs,96,125
10:14:44,400u,emailservice-66944ff59-478c4,5,57
10:14:44,400u,emailservice-66944ff59-4fvm9,7,94
10:14:44,400u,emailservice-66944ff59-txwj8,6,58
10:14:44,400u,envoy-grpc-lb-648f879c96-zzvgt,288,40
10:14:44,400u,frontend-56d4848657-2lw2w,138,31
10:14:44,400u,frontend-56d4848657-gf72x,90,32
10:14:44,400u,frontend-56d4848657-kc9nb,106,28
10:14:44,400u,paymentservice-9bfb7bf5-46sq4,4,84
10:14:44,400u,paymentservice-9bfb7bf5-pktv4,4,80
10:14:44,400u,paymentservice-9bfb7bf5-snj4k,4,111
10:14:44,400u,productcatalogservice-65bbf699df-8zzd2,59,44
10:14:44,400u,productcatalogservice-65bbf699df-qmltb,59,22
10:14:44,400u,productcatalogservice-65bbf699df-rh24h,60,23
10:14:44,400u,recommendationservice-7d7f9f7777-k667k,72,55
10:14:44,400u,recommendationservice-7d7f9f7777-k7s2c,74,55
10:14:44,400u,recommendationservice-7d7f9f7777-mrxwg,68,55
10:14:44,400u,redis-cart-c8ff86559-jrlvk,9,37
10:14:44,400u,shippingservice-f956b6d9f-2g46p,7,31
10:14:44,400u,shippingservice-f956b6d9f-4kzvq,6,19
10:14:44,400u,shippingservice-f956b6d9f-nmnfn,7,18
10:14:54,400u,adservice-574bff445c-grt9z,28,245
10:14:54,400u,adservice-574bff445c-h47zv,29,244
10:14:54,400u,adservice-574bff445c-wppcl,24,279
10:14:54,400u,cartservice-7c84fdfb6-hsn24,69,149
10:14:54,400u,cartservice-7c84fdfb6-s4cp2,62,180
10:14:54,400u,cartservice-7c84fdfb6-sf94w,57,151
10:14:54,400u,checkoutservice-6f4dbd65bf-glltw,17,21
10:14:54,400u,checkoutservice-6f4dbd65bf-hkgzd,15,19
10:14:54,400u,checkoutservice-6f4dbd65bf-t2t2w,16,22
10:14:54,400u,currencyservice-7c8fc8fc9c-dlzht,150,101
10:14:54,400u,currencyservice-7c8fc8fc9c-mvsgf,143,126
10:14:54,400u,currencyservice-7c8fc8fc9c-wqrfs,145,125
10:14:54,400u,emailservice-66944ff59-478c4,9,57
10:14:54,400u,emailservice-66944ff59-4fvm9,10,94
10:14:54,400u,emailservice-66944ff59-txwj8,10,58
10:14:54,400u,envoy-grpc-lb-648f879c96-zzvgt,391,40
10:14:54,400u,frontend-56d4848657-2lw2w,151,31
10:14:54,400u,frontend-56d4848657-gf72x,152,32
10:14:54,400u,frontend-56d4848657-kc9nb,151,28
10:14:54,400u,paymentservice-9bfb7bf5-46sq4,6,84
10:14:54,400u,paymentservice-9bfb7bf5-pktv4,5,80
10:14:54,400u,paymentservice-9bfb7bf5-snj4k,6,111
10:14:54,400u,productcatalogservice-65bbf699df-8zzd2,88,44
10:14:54,400u,productcatalogservice-65bbf699df-qmltb,83,22
10:14:54,400u,productcatalogservice-65bbf699df-rh24h,84,23
10:14:54,400u,recommendationservice-7d7f9f7777-k667k,121,55
10:14:54,400u,recommendationservice-7d7f9f7777-k7s2c,121,55
10:14:54,400u,recommendationservice-7d7f9f7777-mrxwg,116,55
10:14:54,400u,redis-cart-c8ff86559-jrlvk,13,37
10:14:54,400u,shippingservice-f956b6d9f-2g46p,11,31
10:14:54,400u,shippingservice-f956b6d9f-4kzvq,10,18
10:14:54,400u,shippingservice-f956b6d9f-nmnfn,10,18
10:15:04,400u,adservice-574bff445c-grt9z,17,245
10:15:04,400u,adservice-574bff445c-h47zv,20,244
10:15:04,400u,adservice-574bff445c-wppcl,17,279
10:15:04,400u,cartservice-7c84fdfb6-hsn24,43,149
10:15:04,400u,cartservice-7c84fdfb6-s4cp2,38,180
10:15:04,400u,cartservice-7c84fdfb6-sf94w,38,151
10:15:04,400u,checkoutservice-6f4dbd65bf-glltw,6,21
10:15:04,400u,checkoutservice-6f4dbd65bf-hkgzd,9,19
10:15:04,400u,checkoutservice-6f4dbd65bf-t2t2w,7,22
10:15:04,400u,currencyservice-7c8fc8fc9c-dlzht,92,101
10:15:04,400u,currencyservice-7c8fc8fc9c-mvsgf,97,126
10:15:04,400u,currencyservice-7c8fc8fc9c-wqrfs,98,118
10:15:04,400u,emailservice-66944ff59-478c4,6,57
10:15:04,400u,emailservice-66944ff59-4fvm9,5,94
10:15:04,400u,emailservice-66944ff59-txwj8,7,58
10:15:04,400u,envoy-grpc-lb-648f879c96-zzvgt,270,40
10:15:04,400u,frontend-56d4848657-2lw2w,59,30
10:15:04,400u,frontend-56d4848657-gf72x,125,32
10:15:04,400u,frontend-56d4848657-kc9nb,131,28
10:15:04,400u,paymentservice-9bfb7bf5-46sq4,3,84
10:15:04,400u,paymentservice-9bfb7bf5-pktv4,5,80
10:15:04,400u,paymentservice-9bfb7bf5-snj4k,3,111
10:15:04,400u,productcatalogservice-65bbf699df-8zzd2,53,44
10:15:04,400u,productcatalogservice-65bbf699df-qmltb,54,22
10:15:04,400u,productcatalogservice-65bbf699df-rh24h,56,23
10:15:04,400u,recommendationservice-7d7f9f7777-k667k,64,55
10:15:04,400u,recommendationservice-7d7f9f7777-k7s2c,63,55
10:15:04,400u,recommendationservice-7d7f9f7777-mrxwg,69,55
10:15:04,400u,redis-cart-c8ff86559-jrlvk,8,37
10:15:04,400u,shippingservice-f956b6d9f-2g46p,6,31
10:15:04,400u,shippingservice-f956b6d9f-4kzvq,7,18
10:15:04,400u,shippingservice-f956b6d9f-nmnfn,6,18
10:15:14,400u,adservice-574bff445c-grt9z,17,245
10:15:14,400u,adservice-574bff445c-h47zv,20,244
10:15:14,400u,adservice-574bff445c-wppcl,17,279
10:15:14,400u,cartservice-7c84fdfb6-hsn24,43,149
10:15:14,400u,cartservice-7c84fdfb6-s4cp2,38,180
10:15:14,400u,cartservice-7c84fdfb6-sf94w,38,151
10:15:14,400u,checkoutservice-6f4dbd65bf-glltw,6,21
10:15:14,400u,checkoutservice-6f4dbd65bf-hkgzd,9,19
10:15:14,400u,checkoutservice-6f4dbd65bf-t2t2w,7,22
10:15:14,400u,currencyservice-7c8fc8fc9c-dlzht,92,101
10:15:14,400u,currencyservice-7c8fc8fc9c-mvsgf,97,126
10:15:14,400u,currencyservice-7c8fc8fc9c-wqrfs,98,118
10:15:14,400u,emailservice-66944ff59-478c4,6,57
10:15:14,400u,emailservice-66944ff59-4fvm9,5,94
10:15:14,400u,emailservice-66944ff59-txwj8,7,58
10:15:14,400u,envoy-grpc-lb-648f879c96-zzvgt,270,40
10:15:14,400u,frontend-56d4848657-2lw2w,59,30
10:15:14,400u,frontend-56d4848657-gf72x,125,32
10:15:14,400u,frontend-56d4848657-kc9nb,131,28
10:15:14,400u,paymentservice-9bfb7bf5-46sq4,3,84
10:15:14,400u,paymentservice-9bfb7bf5-pktv4,5,80
10:15:14,400u,paymentservice-9bfb7bf5-snj4k,3,111
10:15:14,400u,productcatalogservice-65bbf699df-8zzd2,53,44
10:15:14,400u,productcatalogservice-65bbf699df-qmltb,54,22
10:15:14,400u,productcatalogservice-65bbf699df-rh24h,56,23
10:15:14,400u,recommendationservice-7d7f9f7777-k667k,64,55
10:15:14,400u,recommendationservice-7d7f9f7777-k7s2c,63,55
10:15:14,400u,recommendationservice-7d7f9f7777-mrxwg,69,55
10:15:14,400u,redis-cart-c8ff86559-jrlvk,8,37
10:15:14,400u,shippingservice-f956b6d9f-2g46p,6,31
10:15:14,400u,shippingservice-f956b6d9f-4kzvq,7,18
10:15:14,400u,shippingservice-f956b6d9f-nmnfn,6,18
10:15:24,400u,adservice-574bff445c-grt9z,35,245
10:15:24,400u,adservice-574bff445c-h47zv,36,244
10:15:24,400u,adservice-574bff445c-wppcl,35,279
10:15:24,400u,cartservice-7c84fdfb6-hsn24,83,149
10:15:24,400u,cartservice-7c84fdfb6-s4cp2,66,179
10:15:24,400u,cartservice-7c84fdfb6-sf94w,67,151
10:15:24,400u,checkoutservice-6f4dbd65bf-glltw,17,21
10:15:24,400u,checkoutservice-6f4dbd65bf-hkgzd,11,20
10:15:24,400u,checkoutservice-6f4dbd65bf-t2t2w,16,22
10:15:24,400u,currencyservice-7c8fc8fc9c-dlzht,178,103
10:15:24,400u,currencyservice-7c8fc8fc9c-mvsgf,179,127
10:15:24,400u,currencyservice-7c8fc8fc9c-wqrfs,181,125
10:15:24,400u,emailservice-66944ff59-478c4,8,57
10:15:24,400u,emailservice-66944ff59-4fvm9,9,94
10:15:24,400u,emailservice-66944ff59-txwj8,8,58
10:15:24,400u,envoy-grpc-lb-648f879c96-zzvgt,488,40
10:15:24,400u,frontend-56d4848657-2lw2w,167,31
10:15:24,400u,frontend-56d4848657-gf72x,194,32
10:15:24,400u,frontend-56d4848657-kc9nb,200,29
10:15:24,400u,paymentservice-9bfb7bf5-46sq4,5,84
10:15:24,400u,paymentservice-9bfb7bf5-pktv4,7,80
10:15:24,400u,paymentservice-9bfb7bf5-snj4k,4,111
10:15:24,400u,productcatalogservice-65bbf699df-8zzd2,107,44
10:15:24,400u,productcatalogservice-65bbf699df-qmltb,106,22
10:15:24,400u,productcatalogservice-65bbf699df-rh24h,107,23
10:15:24,400u,recommendationservice-7d7f9f7777-k667k,148,55
10:15:24,400u,recommendationservice-7d7f9f7777-k7s2c,146,55
10:15:24,400u,recommendationservice-7d7f9f7777-mrxwg,150,55
10:15:24,400u,redis-cart-c8ff86559-jrlvk,14,37
10:15:24,400u,shippingservice-f956b6d9f-2g46p,12,31
10:15:24,400u,shippingservice-f956b6d9f-4kzvq,11,19
10:15:24,400u,shippingservice-f956b6d9f-nmnfn,10,18
10:15:34,400u,adservice-574bff445c-grt9z,39,245
10:15:34,400u,adservice-574bff445c-h47zv,44,244
10:15:34,400u,adservice-574bff445c-wppcl,43,279
10:15:34,400u,cartservice-7c84fdfb6-hsn24,100,149
10:15:34,400u,cartservice-7c84fdfb6-s4cp2,62,180
10:15:34,400u,cartservice-7c84fdfb6-sf94w,77,151
10:15:34,400u,checkoutservice-6f4dbd65bf-glltw,23,21
10:15:34,400u,checkoutservice-6f4dbd65bf-hkgzd,22,19
10:15:34,400u,checkoutservice-6f4dbd65bf-t2t2w,22,22
10:15:34,400u,currencyservice-7c8fc8fc9c-dlzht,198,102
10:15:34,400u,currencyservice-7c8fc8fc9c-mvsgf,197,125
10:15:34,400u,currencyservice-7c8fc8fc9c-wqrfs,197,124
10:15:34,400u,emailservice-66944ff59-478c4,10,57
10:15:34,400u,emailservice-66944ff59-4fvm9,11,94
10:15:34,400u,emailservice-66944ff59-txwj8,12,59
10:15:34,400u,envoy-grpc-lb-648f879c96-zzvgt,498,40
10:15:34,400u,frontend-56d4848657-2lw2w,192,31
10:15:34,400u,frontend-56d4848657-gf72x,196,33
10:15:34,400u,frontend-56d4848657-kc9nb,199,30
10:15:34,400u,paymentservice-9bfb7bf5-46sq4,7,84
10:15:34,400u,paymentservice-9bfb7bf5-pktv4,9,80
10:15:34,400u,paymentservice-9bfb7bf5-snj4k,7,111
10:15:34,400u,productcatalogservice-65bbf699df-8zzd2,110,44
10:15:34,400u,productcatalogservice-65bbf699df-qmltb,110,22
10:15:34,400u,productcatalogservice-65bbf699df-rh24h,113,23
10:15:34,400u,recommendationservice-7d7f9f7777-k667k,179,55
10:15:34,400u,recommendationservice-7d7f9f7777-k7s2c,171,55
10:15:34,400u,recommendationservice-7d7f9f7777-mrxwg,174,55
10:15:34,400u,redis-cart-c8ff86559-jrlvk,15,37
10:15:34,400u,shippingservice-f956b6d9f-2g46p,13,31
10:15:34,400u,shippingservice-f956b6d9f-4kzvq,14,18
10:15:34,400u,shippingservice-f956b6d9f-nmnfn,14,18
10:15:45,400u,adservice-574bff445c-grt9z,39,245
10:15:45,400u,adservice-574bff445c-h47zv,44,244
10:15:45,400u,adservice-574bff445c-wppcl,43,279
10:15:45,400u,cartservice-7c84fdfb6-hsn24,100,149
10:15:45,400u,cartservice-7c84fdfb6-s4cp2,62,180
10:15:45,400u,cartservice-7c84fdfb6-sf94w,77,151
10:15:45,400u,checkoutservice-6f4dbd65bf-glltw,23,21
10:15:45,400u,checkoutservice-6f4dbd65bf-hkgzd,22,19
10:15:45,400u,checkoutservice-6f4dbd65bf-t2t2w,22,22
10:15:45,400u,currencyservice-7c8fc8fc9c-dlzht,198,102
10:15:45,400u,currencyservice-7c8fc8fc9c-mvsgf,197,125
10:15:45,400u,currencyservice-7c8fc8fc9c-wqrfs,197,124
10:15:45,400u,emailservice-66944ff59-478c4,10,57
10:15:45,400u,emailservice-66944ff59-4fvm9,11,94
10:15:45,400u,emailservice-66944ff59-txwj8,12,59
10:15:45,400u,envoy-grpc-lb-648f879c96-zzvgt,498,40
10:15:45,400u,frontend-56d4848657-2lw2w,192,31
10:15:45,400u,frontend-56d4848657-gf72x,196,33
10:15:45,400u,frontend-56d4848657-kc9nb,199,30
10:15:45,400u,paymentservice-9bfb7bf5-46sq4,7,84
10:15:45,400u,paymentservice-9bfb7bf5-pktv4,9,80
10:15:45,400u,paymentservice-9bfb7bf5-snj4k,7,111
10:15:45,400u,productcatalogservice-65bbf699df-8zzd2,110,44
10:15:45,400u,productcatalogservice-65bbf699df-qmltb,110,22
10:15:45,400u,productcatalogservice-65bbf699df-rh24h,113,23
10:15:45,400u,recommendationservice-7d7f9f7777-k667k,179,55
10:15:45,400u,recommendationservice-7d7f9f7777-k7s2c,171,55
10:15:45,400u,recommendationservice-7d7f9f7777-mrxwg,174,55
10:15:45,400u,redis-cart-c8ff86559-jrlvk,15,37
10:15:45,400u,shippingservice-f956b6d9f-2g46p,13,31
10:15:45,400u,shippingservice-f956b6d9f-4kzvq,14,18
10:15:45,400u,shippingservice-f956b6d9f-nmnfn,14,18
10:15:55,400u,adservice-574bff445c-grt9z,48,245
10:15:55,400u,adservice-574bff445c-h47zv,52,245
10:15:55,400u,adservice-574bff445c-wppcl,50,280
10:15:55,400u,cartservice-7c84fdfb6-hsn24,91,149
10:15:55,400u,cartservice-7c84fdfb6-s4cp2,85,180
10:15:55,400u,cartservice-7c84fdfb6-sf94w,90,151
10:15:55,400u,checkoutservice-6f4dbd65bf-glltw,21,21
10:15:55,400u,checkoutservice-6f4dbd65bf-hkgzd,25,19
10:15:55,400u,checkoutservice-6f4dbd65bf-t2t2w,25,22
10:15:55,400u,currencyservice-7c8fc8fc9c-dlzht,200,102
10:15:55,400u,currencyservice-7c8fc8fc9c-mvsgf,199,121
10:15:55,400u,currencyservice-7c8fc8fc9c-wqrfs,197,126
10:15:55,400u,emailservice-66944ff59-478c4,10,57
10:15:55,400u,emailservice-66944ff59-4fvm9,12,94
10:15:55,400u,emailservice-66944ff59-txwj8,11,59
10:15:55,400u,envoy-grpc-lb-648f879c96-zzvgt,498,40
10:15:55,400u,frontend-56d4848657-2lw2w,194,31
10:15:55,400u,frontend-56d4848657-gf72x,197,34
10:15:55,400u,frontend-56d4848657-kc9nb,199,30
10:15:55,400u,paymentservice-9bfb7bf5-46sq4,7,84
10:15:55,400u,paymentservice-9bfb7bf5-pktv4,7,80
10:15:55,400u,paymentservice-9bfb7bf5-snj4k,8,111
10:15:55,400u,productcatalogservice-65bbf699df-8zzd2,117,44
10:15:55,400u,productcatalogservice-65bbf699df-qmltb,117,22
10:15:55,400u,productcatalogservice-65bbf699df-rh24h,114,23
10:15:55,400u,recommendationservice-7d7f9f7777-k667k,196,55
10:15:55,400u,recommendationservice-7d7f9f7777-k7s2c,195,55
10:15:55,400u,recommendationservice-7d7f9f7777-mrxwg,194,55
10:15:55,400u,redis-cart-c8ff86559-jrlvk,16,37
10:15:55,400u,shippingservice-f956b6d9f-2g46p,15,31
10:15:55,400u,shippingservice-f956b6d9f-4kzvq,15,18
10:15:55,400u,shippingservice-f956b6d9f-nmnfn,14,18
10:16:05,400u,adservice-574bff445c-grt9z,51,245
10:16:05,400u,adservice-574bff445c-h47zv,63,245
10:16:05,400u,adservice-574bff445c-wppcl,47,280
10:16:05,400u,cartservice-7c84fdfb6-hsn24,104,149
10:16:05,400u,cartservice-7c84fdfb6-s4cp2,96,179
10:16:05,400u,cartservice-7c84fdfb6-sf94w,61,151
10:16:05,400u,checkoutservice-6f4dbd65bf-glltw,28,21
10:16:05,400u,checkoutservice-6f4dbd65bf-hkgzd,28,19
10:16:05,400u,checkoutservice-6f4dbd65bf-t2t2w,26,22
10:16:05,400u,currencyservice-7c8fc8fc9c-dlzht,200,104
10:16:05,400u,currencyservice-7c8fc8fc9c-mvsgf,200,122
10:16:05,400u,currencyservice-7c8fc8fc9c-wqrfs,199,122
10:16:05,400u,emailservice-66944ff59-478c4,12,57
10:16:05,400u,emailservice-66944ff59-4fvm9,15,94
10:16:05,400u,emailservice-66944ff59-txwj8,13,59
10:16:05,400u,envoy-grpc-lb-648f879c96-zzvgt,500,40
10:16:05,400u,frontend-56d4848657-2lw2w,198,33
10:16:05,400u,frontend-56d4848657-gf72x,198,34
10:16:05,400u,frontend-56d4848657-kc9nb,199,32
10:16:05,400u,paymentservice-9bfb7bf5-46sq4,7,84
10:16:05,400u,paymentservice-9bfb7bf5-pktv4,8,80
10:16:05,400u,paymentservice-9bfb7bf5-snj4k,10,111
10:16:05,400u,productcatalogservice-65bbf699df-8zzd2,117,44
10:16:05,400u,productcatalogservice-65bbf699df-qmltb,115,23
10:16:05,400u,productcatalogservice-65bbf699df-rh24h,117,23
10:16:05,400u,recommendationservice-7d7f9f7777-k667k,199,55
10:16:05,400u,recommendationservice-7d7f9f7777-k7s2c,200,55
10:16:05,400u,recommendationservice-7d7f9f7777-mrxwg,198,55
10:16:05,400u,redis-cart-c8ff86559-jrlvk,17,37
10:16:05,400u,shippingservice-f956b6d9f-2g46p,16,31
10:16:05,400u,shippingservice-f956b6d9f-4kzvq,17,18
10:16:05,400u,shippingservice-f956b6d9f-nmnfn,15,18
10:16:15,400u,adservice-574bff445c-grt9z,51,245
10:16:15,400u,adservice-574bff445c-h47zv,63,245
10:16:15,400u,adservice-574bff445c-wppcl,47,280
10:16:15,400u,cartservice-7c84fdfb6-hsn24,104,149
10:16:15,400u,cartservice-7c84fdfb6-s4cp2,96,179
10:16:15,400u,cartservice-7c84fdfb6-sf94w,61,151
10:16:15,400u,checkoutservice-6f4dbd65bf-glltw,28,21
10:16:15,400u,checkoutservice-6f4dbd65bf-hkgzd,28,19
10:16:15,400u,checkoutservice-6f4dbd65bf-t2t2w,26,22
10:16:15,400u,currencyservice-7c8fc8fc9c-dlzht,200,104
10:16:15,400u,currencyservice-7c8fc8fc9c-mvsgf,200,122
10:16:15,400u,currencyservice-7c8fc8fc9c-wqrfs,199,122
10:16:15,400u,emailservice-66944ff59-478c4,12,57
10:16:15,400u,emailservice-66944ff59-4fvm9,15,94
10:16:15,400u,emailservice-66944ff59-txwj8,13,59
10:16:15,400u,envoy-grpc-lb-648f879c96-zzvgt,500,40
10:16:15,400u,frontend-56d4848657-2lw2w,198,33
10:16:15,400u,frontend-56d4848657-gf72x,198,34
10:16:15,400u,frontend-56d4848657-kc9nb,199,32
10:16:15,400u,paymentservice-9bfb7bf5-46sq4,7,84
10:16:15,400u,paymentservice-9bfb7bf5-pktv4,8,80
10:16:15,400u,paymentservice-9bfb7bf5-snj4k,10,111
10:16:15,400u,productcatalogservice-65bbf699df-8zzd2,117,44
10:16:15,400u,productcatalogservice-65bbf699df-qmltb,115,23
10:16:15,400u,productcatalogservice-65bbf699df-rh24h,117,23
10:16:15,400u,recommendationservice-7d7f9f7777-k667k,199,55
10:16:15,400u,recommendationservice-7d7f9f7777-k7s2c,200,55
10:16:15,400u,recommendationservice-7d7f9f7777-mrxwg,198,55
10:16:15,400u,redis-cart-c8ff86559-jrlvk,17,37
10:16:15,400u,shippingservice-f956b6d9f-2g46p,16,31
10:16:15,400u,shippingservice-f956b6d9f-4kzvq,17,18
10:16:15,400u,shippingservice-f956b6d9f-nmnfn,15,18
10:16:25,400u,adservice-574bff445c-grt9z,59,245
10:16:25,400u,adservice-574bff445c-h47zv,57,245
10:16:25,400u,adservice-574bff445c-wppcl,52,280
10:16:25,400u,cartservice-7c84fdfb6-hsn24,117,149
10:16:25,400u,cartservice-7c84fdfb6-s4cp2,90,179
10:16:25,400u,cartservice-7c84fdfb6-sf94w,96,152
10:16:25,400u,checkoutservice-6f4dbd65bf-glltw,25,21
10:16:25,400u,checkoutservice-6f4dbd65bf-hkgzd,32,19
10:16:25,400u,checkoutservice-6f4dbd65bf-t2t2w,31,22
10:16:25,400u,currencyservice-7c8fc8fc9c-dlzht,199,104
10:16:25,400u,currencyservice-7c8fc8fc9c-mvsgf,199,124
10:16:25,400u,currencyservice-7c8fc8fc9c-wqrfs,200,125
10:16:25,400u,emailservice-66944ff59-478c4,13,57
10:16:25,400u,emailservice-66944ff59-4fvm9,13,94
10:16:25,400u,emailservice-66944ff59-txwj8,14,59
10:16:25,400u,envoy-grpc-lb-648f879c96-zzvgt,498,40
10:16:25,400u,frontend-56d4848657-2lw2w,198,33
10:16:25,400u,frontend-56d4848657-gf72x,199,35
10:16:25,400u,frontend-56d4848657-kc9nb,200,33
10:16:25,400u,paymentservice-9bfb7bf5-46sq4,9,84
10:16:25,400u,paymentservice-9bfb7bf5-pktv4,8,80
10:16:25,400u,paymentservice-9bfb7bf5-snj4k,9,112
10:16:25,400u,productcatalogservice-65bbf699df-8zzd2,115,44
10:16:25,400u,productcatalogservice-65bbf699df-qmltb,114,22
10:16:25,400u,productcatalogservice-65bbf699df-rh24h,118,23
10:16:25,400u,recommendationservice-7d7f9f7777-k667k,199,55
10:16:25,400u,recommendationservice-7d7f9f7777-k7s2c,200,55
10:16:25,400u,recommendationservice-7d7f9f7777-mrxwg,200,55
10:16:25,400u,redis-cart-c8ff86559-jrlvk,19,37
10:16:25,400u,shippingservice-f956b6d9f-2g46p,17,31
10:16:25,400u,shippingservice-f956b6d9f-4kzvq,17,18
10:16:25,400u,shippingservice-f956b6d9f-nmnfn,17,18
10:16:35,400u,adservice-574bff445c-grt9z,59,245
10:16:35,400u,adservice-574bff445c-h47zv,59,245
10:16:35,400u,adservice-574bff445c-wppcl,55,280
10:16:35,400u,cartservice-7c84fdfb6-hsn24,120,149
10:16:35,400u,cartservice-7c84fdfb6-s4cp2,83,179
10:16:35,400u,cartservice-7c84fdfb6-sf94w,90,152
10:16:35,400u,checkoutservice-6f4dbd65bf-glltw,29,21
10:16:35,400u,checkoutservice-6f4dbd65bf-hkgzd,30,19
10:16:35,400u,checkoutservice-6f4dbd65bf-t2t2w,25,22
10:16:35,400u,currencyservice-7c8fc8fc9c-dlzht,200,104
10:16:35,400u,currencyservice-7c8fc8fc9c-mvsgf,200,126
10:16:35,400u,currencyservice-7c8fc8fc9c-wqrfs,200,125
10:16:35,400u,emailservice-66944ff59-478c4,12,57
10:16:35,400u,emailservice-66944ff59-4fvm9,14,94
10:16:35,400u,emailservice-66944ff59-txwj8,14,59
10:16:35,400u,envoy-grpc-lb-648f879c96-zzvgt,499,40
10:16:35,400u,frontend-56d4848657-2lw2w,198,34
10:16:35,400u,frontend-56d4848657-gf72x,199,36
10:16:35,400u,frontend-56d4848657-kc9nb,199,32
10:16:35,400u,paymentservice-9bfb7bf5-46sq4,9,84
10:16:35,400u,paymentservice-9bfb7bf5-pktv4,8,80
10:16:35,400u,paymentservice-9bfb7bf5-snj4k,7,112
10:16:35,400u,productcatalogservice-65bbf699df-8zzd2,114,43
10:16:35,400u,productcatalogservice-65bbf699df-qmltb,113,22
10:16:35,400u,productcatalogservice-65bbf699df-rh24h,113,23
10:16:35,400u,recommendationservice-7d7f9f7777-k667k,199,55
10:16:35,400u,recommendationservice-7d7f9f7777-k7s2c,200,55
10:16:35,400u,recommendationservice-7d7f9f7777-mrxwg,200,55
10:16:35,400u,redis-cart-c8ff86559-jrlvk,18,37
10:16:35,400u,shippingservice-f956b6d9f-2g46p,16,31
10:16:35,400u,shippingservice-f956b6d9f-4kzvq,17,18
10:16:35,400u,shippingservice-f956b6d9f-nmnfn,16,18
10:16:46,400u,adservice-574bff445c-grt9z,59,245
10:16:46,400u,adservice-574bff445c-h47zv,59,245
10:16:46,400u,adservice-574bff445c-wppcl,55,280
10:16:46,400u,cartservice-7c84fdfb6-hsn24,120,149
10:16:46,400u,cartservice-7c84fdfb6-s4cp2,83,179
10:16:46,400u,cartservice-7c84fdfb6-sf94w,90,152
10:16:46,400u,checkoutservice-6f4dbd65bf-glltw,29,21
10:16:46,400u,checkoutservice-6f4dbd65bf-hkgzd,30,19
10:16:46,400u,checkoutservice-6f4dbd65bf-t2t2w,25,22
10:16:46,400u,currencyservice-7c8fc8fc9c-dlzht,200,104
10:16:46,400u,currencyservice-7c8fc8fc9c-mvsgf,200,126
10:16:46,400u,currencyservice-7c8fc8fc9c-wqrfs,200,125
10:16:46,400u,emailservice-66944ff59-478c4,12,57
10:16:46,400u,emailservice-66944ff59-4fvm9,14,94
10:16:46,400u,emailservice-66944ff59-txwj8,14,59
10:16:46,400u,envoy-grpc-lb-648f879c96-zzvgt,499,40
10:16:46,400u,frontend-56d4848657-2lw2w,198,34
10:16:46,400u,frontend-56d4848657-gf72x,199,36
10:16:46,400u,frontend-56d4848657-kc9nb,199,32
10:16:46,400u,paymentservice-9bfb7bf5-46sq4,9,84
10:16:46,400u,paymentservice-9bfb7bf5-pktv4,8,80
10:16:46,400u,paymentservice-9bfb7bf5-snj4k,7,112
10:16:46,400u,productcatalogservice-65bbf699df-8zzd2,114,43
10:16:46,400u,productcatalogservice-65bbf699df-qmltb,113,22
10:16:46,400u,productcatalogservice-65bbf699df-rh24h,113,23
10:16:46,400u,recommendationservice-7d7f9f7777-k667k,199,55
10:16:46,400u,recommendationservice-7d7f9f7777-k7s2c,200,55
10:16:46,400u,recommendationservice-7d7f9f7777-mrxwg,200,55
10:16:46,400u,redis-cart-c8ff86559-jrlvk,18,37
10:16:46,400u,shippingservice-f956b6d9f-2g46p,16,31
10:16:46,400u,shippingservice-f956b6d9f-4kzvq,17,18
10:16:46,400u,shippingservice-f956b6d9f-nmnfn,16,18
