/Users/edias/Library/Python/3.9/lib/python/site-packages/urllib3/__init__.py:35: NotOpenSSLWarning: urllib3 v2 only supports OpenSSL 1.1.1+, currently the 'ssl' module is compiled with 'LibreSSL 2.8.3'. See: https://github.com/urllib3/urllib3/issues/3020
  warnings.warn(
/Users/edias/Library/Python/3.9/lib/python/site-packages/urllib3/__init__.py:35: NotOpenSSLWarning: urllib3 v2 only supports OpenSSL 1.1.1+, currently the 'ssl' module is compiled with 'LibreSSL 2.8.3'. See: https://github.com/urllib3/urllib3/issues/3020
  warnings.warn(
[2026-04-19 17:55:46,958] Mac/WARNING/locust.main: Python 3.9 support is deprecated and will be removed soon
[2026-04-19 17:55:46,958] Mac/WARNING/locust.main: Python 3.9 support is deprecated and will be removed soon
Type     Name                    # reqs      # fails |    Avg     Min     Max    Med |   req/s  failures/s
Type     Name                                                                          # reqs      # fails |    Avg     Min     Max    Med |   req/s  failures/s
--------|----------------------|-------|-------------|-------|-------|-------|-------|--------|-----------
--------|----------------------------------------------------------------------------|-------|-------------|-------|-------|-------|-------|--------|-----------
--------|----------------------|-------|-------------|-------|-------|-------|-------|--------|-----------
--------|----------------------------------------------------------------------------|-------|-------------|-------|-------|-------|-------|--------|-----------
         Aggregated                   0     0(0.00%) |      0       0       0      0 |    0.00        0.00
         Aggregated                                                                         0     0(0.00%) |      0       0       0      0 |    0.00        0.00


Type     Name                                                                          # reqs      # fails |    Avg     Min     Max    Med |   req/s  failures/s
--------|----------------------------------------------------------------------------|-------|-------------|-------|-------|-------|-------|--------|-----------
GET      /cart                                                                              1     0(0.00%) |    847     847     847    847 |    0.00        0.00
GET      /product/[id]                                                                      2     0(0.00%) |    393      19     767     20 |    0.00        0.00
POST     /setCurrency                                                                       1     0(0.00%) |     30      30      30     30 |    0.00        0.00
--------|----------------------------------------------------------------------------|-------|-------------|-------|-------|-------|-------|--------|-----------
         Aggregated                                                                         4     0(0.00%) |    416      19     847     30 |    0.00        0.00

Type     Name                    # reqs      # fails |    Avg     Min     Max    Med |   req/s  failures/s
--------|----------------------|-------|-------------|-------|-------|-------|-------|--------|-----------
GET      /product/[id]                2     0(0.00%) |    390      19     761     20 |    0.00        0.00
POST     /setCurrency                 3     0(0.00%) |    307      30     862     30 |    0.00        0.00
--------|----------------------|-------|-------------|-------|-------|-------|-------|--------|-----------
         Aggregated                   5     0(0.00%) |    340      19     862     30 |    0.00        0.00

Type     Name                    # reqs      # fails |    Avg     Min     Max    Med |   req/s  failures/s
--------|----------------------|-------|-------------|-------|-------|-------|-------|--------|-----------
GET      /cart                        1     0(0.00%) |     21      21      21     21 |    0.00        0.00
GET      /product/[id]                9     0(0.00%) |    102      13     761     21 |    1.00        0.00
POST     /setCurrency                 3     0(0.00%) |    307      30     862     30 |    1.00        0.00
--------|----------------------|-------|-------------|-------|-------|-------|-------|--------|-----------
Type     Name                                                                          # reqs      # fails |    Avg     Min     Max    Med |   req/s  failures/s
         Aggregated                  13     0(0.00%) |    143      13     862     23 |    2.00        0.00

--------|----------------------------------------------------------------------------|-------|-------------|-------|-------|-------|-------|--------|-----------
GET      /cart                                                                              3     0(0.00%) |    295      14     847     24 |    0.50        0.00
POST     /cart [add]                                                                        1     0(0.00%) |     25      25      25     25 |    0.00        0.00
GET      /product/[id]                                                                      6     0(0.00%) |    145      12     767     20 |    1.00        0.00
POST     /setCurrency                                                                       2     0(0.00%) |     28      26      30     27 |    0.50        0.00
--------|----------------------------------------------------------------------------|-------|-------------|-------|-------|-------|-------|--------|-----------
         Aggregated                                                                        12     0(0.00%) |    153      12     847     26 |    2.00        0.00

Type     Name                                                                          # reqs      # fails |    Avg     Min     Max    Med |   req/s  failures/s
--------|----------------------------------------------------------------------------|-------|-------------|-------|-------|-------|-------|--------|-----------
GET      /cart                                                                              4     0(0.00%) |    226      14     847     21 |    0.50        0.00
POST     /cart [add]                                                                        3     0(0.00%) |     22      20      25     22 |    0.25        0.00
POST     /cart/checkout                                                                     1     0(0.00%) |     12      12      12     12 |    0.00        0.00
GET      /product/[id]                                                                     11     0(0.00%) |     88      12     767     20 |    1.00        0.00
POST     /setCurrency                                                                       3     0(0.00%) |     30      26      33     30 |    0.50        0.00
--------|----------------------------------------------------------------------------|-------|-------------|-------|-------|-------|-------|--------|-----------
         Aggregated                                                                        22     0(0.00%) |     93      12     847     21 |    2.25        0.00

Type     Name                    # reqs      # fails |    Avg     Min     Max    Med |   req/s  failures/s
--------|----------------------|-------|-------------|-------|-------|-------|-------|--------|-----------
GET      /                            1     0(0.00%) |     16      16      16     16 |    0.00        0.00
GET      /cart                        1     0(0.00%) |     21      21      21     21 |    0.25        0.00
GET      /product/[id]               15     0(0.00%) |     67      11     761     16 |    1.25        0.00
POST     /setCurrency                 4     0(0.00%) |    235      17     862     30 |    0.75        0.00
--------|----------------------|-------|-------------|-------|-------|-------|-------|--------|-----------
         Aggregated                  21     0(0.00%) |     94      11     862     20 |    2.25        0.00

Type     Name                                                                          # reqs      # fails |    Avg     Min     Max    Med |   req/s  failures/s
--------|----------------------------------------------------------------------------|-------|-------------|-------|-------|-------|-------|--------|-----------
GET      /                                                                                  1     0(0.00%) |     13      13      13     13 |    0.00        0.00
GET      /cart                                                                              5     0(0.00%) |    182       7     847     21 |    0.50        0.00
POST     /cart [add]                                                                        6     0(0.00%) |     25      18      34     22 |    0.50        0.00
POST     /cart/checkout                                                                     3     0(0.00%) |     13      12      14     13 |    0.00        0.00
GET      /product/[id]                                                                     14     0(0.00%) |     71       9     767     19 |    1.50        0.00
POST     /setCurrency                                                                       4     0(0.00%) |     26      17      33     27 |    0.33        0.00
--------|----------------------------------------------------------------------------|-------|-------------|-------|-------|-------|-------|--------|-----------
         Aggregated                                                                        33     0(0.00%) |     67       7     847     20 |    2.83        0.00

Type     Name                    # reqs      # fails |    Avg     Min     Max    Med |   req/s  failures/s
--------|----------------------|-------|-------------|-------|-------|-------|-------|--------|-----------
GET      /                            2     0(0.00%) |     16      16      16     16 |    0.17        0.00
GET      /cart                        1     0(0.00%) |     21      21      21     21 |    0.17        0.00
POST     /cart [add]                  4     0(0.00%) |     23      17      28     20 |    0.00        0.00
POST     /cart/checkout               2     0(0.00%) |     17      14      21     14 |    0.00        0.00
GET      /product/[id]               20     0(0.00%) |     54      11     761     15 |    2.17        0.00
POST     /setCurrency                 6     0(0.00%) |    163      17     862     22 |    0.50        0.00
--------|----------------------|-------|-------------|-------|-------|-------|-------|--------|-----------
         Aggregated                  35     0(0.00%) |     64      11     862     18 |    3.00        0.00

Type     Name                                                                          # reqs      # fails |    Avg     Min     Max    Med |   req/s  failures/s
--------|----------------------------------------------------------------------------|-------|-------------|-------|-------|-------|-------|--------|-----------
GET      /                                                                                  1     0(0.00%) |     13      13      13     13 |    0.00        0.00
GET      /cart                                                                              7     0(0.00%) |    134       7     847     15 |    0.62        0.00
POST     /cart [add]                                                                        7     0(0.00%) |     25      18      34     22 |    0.62        0.00
POST     /cart/checkout                                                                     3     0(0.00%) |     13      12      14     13 |    0.25        0.00
GET      /product/[id]                                                                     19     0(0.00%) |     56       9     767     18 |    1.50        0.00
POST     /setCurrency                                                                       5     0(0.00%) |     25      17      33     27 |    0.38        0.00
--------|----------------------------------------------------------------------------|-------|-------------|-------|-------|-------|-------|--------|-----------
         Aggregated                                                                        42     0(0.00%) |     56       7     847     19 |    3.38        0.00

Type     Name                    # reqs      # fails |    Avg     Min     Max    Med |   req/s  failures/s
--------|----------------------|-------|-------------|-------|-------|-------|-------|--------|-----------
GET      /                            2     0(0.00%) |     16      16      16     16 |    0.12        0.00
GET      /cart                        1     0(0.00%) |     21      21      21     21 |    0.12        0.00
POST     /cart [add]                  9     0(0.00%) |     20      11      34     18 |    0.50        0.00
POST     /cart/checkout               2     0(0.00%) |     17      14      21     14 |    0.12        0.00
GET      /product/[id]               24     0(0.00%) |     47       8     761     15 |    2.38        0.00
POST     /setCurrency                 6     0(0.00%) |    163      17     862     22 |    0.50        0.00
--------|----------------------|-------|-------------|-------|-------|-------|-------|--------|-----------
         Aggregated                  44     0(0.00%) |     54       8     862     17 |    3.75        0.00

Type     Name                                                                          # reqs      # fails |    Avg     Min     Max    Med |   req/s  failures/s
--------|----------------------------------------------------------------------------|-------|-------------|-------|-------|-------|-------|--------|-----------
GET      /                                                                                  1     0(0.00%) |     13      13      13     13 |    0.10        0.00
GET      /cart                                                                              9     0(0.00%) |    106       7     847     14 |    0.60        0.00
POST     /cart [add]                                                                       11     0(0.00%) |     23      14      34     22 |    0.60        0.00
POST     /cart/checkout                                                                     5     0(0.00%) |     14      12      17     14 |    0.30        0.00
GET      /product/[id]                                                                     24     0(0.00%) |     47       9     767     17 |    1.80        0.00
POST     /setCurrency                                                                       7     0(0.00%) |     23      17      33     21 |    0.50        0.00
--------|----------------------------------------------------------------------------|-------|-------------|-------|-------|-------|-------|--------|-----------
         Aggregated                                                                        57     0(0.00%) |     45       7     847     18 |    3.90        0.00

Type     Name                    # reqs      # fails |    Avg     Min     Max    Med |   req/s  failures/s
--------|----------------------|-------|-------------|-------|-------|-------|-------|--------|-----------
GET      /                            2     0(0.00%) |     16      16      16     16 |    0.20        0.00
GET      /cart                        2     0(0.00%) |     17      13      21     14 |    0.10        0.00
POST     /cart [add]                 11     0(0.00%) |     20      11      34     18 |    0.80        0.00
POST     /cart/checkout               3     0(0.00%) |     17      14      21     15 |    0.20        0.00
GET      /product/[id]               29     0(0.00%) |     42       8     761     15 |    2.20        0.00
POST     /setCurrency                 7     0(0.00%) |    142      17     862     22 |    0.60        0.00
--------|----------------------|-------|-------------|-------|-------|-------|-------|--------|-----------
         Aggregated                  54     0(0.00%) |     47       8     862     17 |    4.10        0.00

Type     Name                                                                          # reqs      # fails |    Avg     Min     Max    Med |   req/s  failures/s
--------|----------------------------------------------------------------------------|-------|-------------|-------|-------|-------|-------|--------|-----------
GET      /                                                                                  1     0(0.00%) |     13      13      13     13 |    0.10        0.00
GET      /cart                                                                             10     0(0.00%) |     98       7     847     14 |    0.60        0.00
POST     /cart [add]                                                                       13     0(0.00%) |     21      14      34     22 |    0.90        0.00
POST     /cart/checkout                                                                     5     0(0.00%) |     14      12      17     14 |    0.40        0.00
GET      /product/[id]                                                                     29     0(0.00%) |     42       9     767     17 |    1.80        0.00
POST     /setCurrency                                                                       7     0(0.00%) |     23      17      33     21 |    0.50        0.00
--------|----------------------------------------------------------------------------|-------|-------------|-------|-------|-------|-------|--------|-----------
         Aggregated                                                                        65     0(0.00%) |     42       7     847     18 |    4.30        0.00

Type     Name                    # reqs      # fails |    Avg     Min     Max    Med |   req/s  failures/s
--------|----------------------|-------|-------------|-------|-------|-------|-------|--------|-----------
GET      /                            3     0(0.00%) |     15      14      16     16 |    0.20        0.00
GET      /cart                        4     0(0.00%) |     19      11      30     14 |    0.10        0.00
POST     /cart [add]                 12     0(0.00%) |     20      11      34     18 |    0.90        0.00
POST     /cart/checkout               3     0(0.00%) |     17      14      21     15 |    0.20        0.00
GET      /product/[id]               32     0(0.00%) |     40       8     761     15 |    2.50        0.00
POST     /setCurrency                 7     0(0.00%) |    142      17     862     22 |    0.40        0.00
--------|----------------------|-------|-------------|-------|-------|-------|-------|--------|-----------
         Aggregated                  61     0(0.00%) |     44       8     862     17 |    4.30        0.00

Type     Name                    # reqs      # fails |    Avg     Min     Max    Med |   req/s  failures/s
--------|----------------------|-------|-------------|-------|-------|-------|-------|--------|-----------
GET      /                            3     0(0.00%) |     15      14      16     16 |    0.30        0.00
GET      /cart                        7     0(0.00%) |     16      11      30     13 |    0.20        0.00
POST     /cart [add]                 16     0(0.00%) |     19      11      34     17 |    1.20        0.00
POST     /cart/checkout               5     0(0.00%) |     17      14      21     17 |    0.30        0.00
GET      /product/[id]               34     0(0.00%) |     39       8     761     15 |    2.60        0.00
POST     /setCurrency                 9     0(0.00%) |    116      17     862     22 |    0.40        0.00
--------|----------------------|-------|-------------|-------|-------|-------|-------|--------|-----------
         Aggregated                  74     0(0.00%) |     39       8     862     17 |    5.00        0.00

Type     Name                                                                          # reqs      # fails |    Avg     Min     Max    Med |   req/s  failures/s
--------|----------------------------------------------------------------------------|-------|-------------|-------|-------|-------|-------|--------|-----------
GET      /                                                                                  1     0(0.00%) |     13      13      13     13 |    0.10        0.00
GET      /cart                                                                             12     0(0.00%) |     85       7     847     14 |    0.80        0.00
POST     /cart [add]                                                                       15     0(0.00%) |     21      14      34     21 |    1.00        0.00
POST     /cart/checkout                                                                     5     0(0.00%) |     14      12      17     14 |    0.50        0.00
GET      /product/[id]                                                                     32     0(0.00%) |     39       9     767     16 |    2.20        0.00
POST     /setCurrency                                                                       7     0(0.00%) |     23      17      33     21 |    0.50        0.00
--------|----------------------------------------------------------------------------|-------|-------------|-------|-------|-------|-------|--------|-----------
         Aggregated                                                                        72     0(0.00%) |     39       7     847     17 |    5.10        0.00

Type     Name                    # reqs      # fails |    Avg     Min     Max    Med |   req/s  failures/s
--------|----------------------|-------|-------------|-------|-------|-------|-------|--------|-----------
GET      /                            3     0(0.00%) |     15      14      16     16 |    0.20        0.00
GET      /cart                        8     0(0.00%) |     15      10      30     13 |    0.60        0.00
POST     /cart [add]                 16     0(0.00%) |     19      11      34     17 |    1.40        0.00
POST     /cart/checkout               5     0(0.00%) |     17      14      21     17 |    0.40        0.00
GET      /product/[id]               40     0(0.00%) |     35       8     761     15 |    1.90        0.00
POST     /setCurrency                11     0(0.00%) |     98      17     862     21 |    0.40        0.00
--------|----------------------|-------|-------------|-------|-------|-------|-------|--------|-----------
         Aggregated                  83     0(0.00%) |     37       8     862     17 |    4.90        0.00

Type     Name                                                                          # reqs      # fails |    Avg     Min     Max    Med |   req/s  failures/s
--------|----------------------------------------------------------------------------|-------|-------------|-------|-------|-------|-------|--------|-----------
GET      /                                                                                  1     0(0.00%) |     13      13      13     13 |    0.10        0.00
GET      /cart                                                                             16     0(0.00%) |     68       7     847     14 |    0.80        0.00
POST     /cart [add]                                                                       17     0(0.00%) |     20      12      34     19 |    1.10        0.00
POST     /cart/checkout                                                                     6     0(0.00%) |     14      12      17     13 |    0.50        0.00
GET      /product/[id]                                                                     38     0(0.00%) |     35       8     767     15 |    2.30        0.00
POST     /setCurrency                                                                       8     0(0.00%) |     24      17      33     21 |    0.50        0.00
--------|----------------------------------------------------------------------------|-------|-------------|-------|-------|-------|-------|--------|-----------
         Aggregated                                                                        86     0(0.00%) |     35       7     847     16 |    5.30        0.00

Type     Name                    # reqs      # fails |    Avg     Min     Max    Med |   req/s  failures/s
--------|----------------------|-------|-------------|-------|-------|-------|-------|--------|-----------
GET      /                            3     0(0.00%) |     15      14      16     16 |    0.20        0.00
GET      /cart                       11     0(0.00%) |     16      10      30     13 |    0.70        0.00
POST     /cart [add]                 16     0(0.00%) |     19      11      34     17 |    1.20        0.00
POST     /cart/checkout               5     0(0.00%) |     17      14      21     17 |    0.40        0.00
GET      /product/[id]               46     0(0.00%) |     39       8     761     15 |    1.70        0.00
POST     /setCurrency                11     0(0.00%) |     98      17     862     21 |    0.70        0.00
--------|----------------------|-------|-------------|-------|-------|-------|-------|--------|-----------
         Aggregated                  92     0(0.00%) |     38       8     862     16 |    4.90        0.00

Type     Name                                                                          # reqs      # fails |    Avg     Min     Max    Med |   req/s  failures/s
--------|----------------------------------------------------------------------------|-------|-------------|-------|-------|-------|-------|--------|-----------
GET      /                                                                                  1     0(0.00%) |     13      13      13     13 |    0.10        0.00
GET      /cart                                                                             17     0(0.00%) |     65       7     847     15 |    0.90        0.00
POST     /cart [add]                                                                       19     0(0.00%) |     19      12      34     18 |    1.20        0.00
POST     /cart/checkout                                                                     6     0(0.00%) |     14      12      17     13 |    0.40        0.00
GET      /product/[id]                                                                     41     0(0.00%) |     34       8     767     16 |    2.10        0.00
POST     /setCurrency                                                                      10     0(0.00%) |     43      17     213     27 |    0.40        0.00
--------|----------------------------------------------------------------------------|-------|-------------|-------|-------|-------|-------|--------|-----------
         Aggregated                                                                        94     0(0.00%) |     36       7     847     16 |    5.10        0.00

Type     Name                    # reqs      # fails |    Avg     Min     Max    Med |   req/s  failures/s
--------|----------------------|-------|-------------|-------|-------|-------|-------|--------|-----------
GET      /                            4     0(0.00%) |     15      14      16     16 |    0.10        0.00
GET      /cart                       12     0(0.00%) |     15      10      30     13 |    0.90        0.00
POST     /cart [add]                 19     0(0.00%) |     20      11      34     18 |    0.80        0.00
POST     /cart/checkout               6     0(0.00%) |     70      14     337     17 |    0.30        0.00
GET      /product/[id]               50     0(0.00%) |     37       8     761     14 |    2.10        0.00
POST     /setCurrency                11     0(0.00%) |     98      17     862     21 |    0.50        0.00
--------|----------------------|-------|-------------|-------|-------|-------|-------|--------|-----------
         Aggregated                 102     0(0.00%) |     39       8     862     16 |    4.70        0.00

Type     Name                                                                          # reqs      # fails |    Avg     Min     Max    Med |   req/s  failures/s
--------|----------------------------------------------------------------------------|-------|-------------|-------|-------|-------|-------|--------|-----------
GET      /                                                                                  1     0(0.00%) |     13      13      13     13 |    0.00        0.00
GET      /cart                                                                             17     0(0.00%) |     65       7     847     15 |    1.00        0.00
POST     /cart [add]                                                                       20     0(0.00%) |     20      12      34     18 |    1.20        0.00
POST     /cart/checkout                                                                     6     0(0.00%) |     14      12      17     13 |    0.30        0.00
GET      /product/[id]                                                                     49     0(0.00%) |     36       8     767     16 |    2.10        0.00
POST     /setCurrency                                                                      10     0(0.00%) |     43      17     213     27 |    0.40        0.00
--------|----------------------------------------------------------------------------|-------|-------------|-------|-------|-------|-------|--------|-----------
         Aggregated                                                                       103     0(0.00%) |     37       7     847     17 |    5.00        0.00

Type     Name                    # reqs      # fails |    Avg     Min     Max    Med |   req/s  failures/s
--------|----------------------|-------|-------------|-------|-------|-------|-------|--------|-----------
GET      /                            5     0(0.00%) |     17      14      24     16 |    0.20        0.00
GET      /cart                       12     0(0.00%) |     15      10      30     13 |    1.10        0.00
POST     /cart [add]                 20     0(0.00%) |     20      11      34     18 |    0.80        0.00
POST     /cart/checkout               8     0(0.00%) |     66      14     337     17 |    0.30        0.00
GET      /product/[id]               57     0(0.00%) |     34       8     761     15 |    2.20        0.00
POST     /setCurrency                12     0(0.00%) |     93      17     862     21 |    0.50        0.00
--------|----------------------|-------|-------------|-------|-------|-------|-------|--------|-----------
         Aggregated                 114     0(0.00%) |     37       8     862     17 |    5.10        0.00

Type     Name                                                                          # reqs      # fails |    Avg     Min     Max    Med |   req/s  failures/s
--------|----------------------------------------------------------------------------|-------|-------------|-------|-------|-------|-------|--------|-----------
GET      /                                                                                  1     0(0.00%) |     13      13      13     13 |    0.00        0.00
GET      /cart                                                                             22     0(0.00%) |     54       7     847     14 |    1.00        0.00
POST     /cart [add]                                                                       23     0(0.00%) |     21      12      34     19 |    1.10        0.00
POST     /cart/checkout                                                                     7     0(0.00%) |     15      12      20     14 |    0.20        0.00
GET      /product/[id]                                                                     53     0(0.00%) |     34       8     767     16 |    2.40        0.00
POST     /setCurrency                                                                      10     0(0.00%) |     43      17     213     27 |    0.40        0.00
--------|----------------------------------------------------------------------------|-------|-------------|-------|-------|-------|-------|--------|-----------
         Aggregated                                                                       116     0(0.00%) |     35       7     847     16 |    5.10        0.00

Type     Name                    # reqs      # fails |    Avg     Min     Max    Med |   req/s  failures/s
--------|----------------------|-------|-------------|-------|-------|-------|-------|--------|-----------
GET      /                            5     0(0.00%) |     17      14      24     16 |    0.20        0.00
GET      /cart                       14     0(0.00%) |     17      10      30     14 |    0.90        0.00
POST     /cart [add]                 21     0(0.00%) |     20      11      34     18 |    0.70        0.00
POST     /cart/checkout               9     0(0.00%) |     61      14     337     17 |    0.40        0.00
GET      /product/[id]               61     0(0.00%) |     33       8     761     15 |    2.30        0.00
POST     /setCurrency                12     0(0.00%) |     93      17     862     21 |    0.40        0.00
--------|----------------------|-------|-------------|-------|-------|-------|-------|--------|-----------
         Aggregated                 122     0(0.00%) |     36       8     862     16 |    4.90        0.00

Type     Name                                                                          # reqs      # fails |    Avg     Min     Max    Med |   req/s  failures/s
--------|----------------------------------------------------------------------------|-------|-------------|-------|-------|-------|-------|--------|-----------
GET      /                                                                                  1     0(0.00%) |     13      13      13     13 |    0.00        0.00
GET      /cart                                                                             22     0(0.00%) |     54       7     847     14 |    1.00        0.00
POST     /cart [add]                                                                       26     0(0.00%) |     21      12      34     19 |    1.10        0.00
POST     /cart/checkout                                                                     7     0(0.00%) |     15      12      20     14 |    0.20        0.00
GET      /product/[id]                                                                     56     0(0.00%) |     33       8     767     15 |    2.50        0.00
POST     /setCurrency                                                                      12     0(0.00%) |     40      17     213     25 |    0.30        0.00
--------|----------------------------------------------------------------------------|-------|-------------|-------|-------|-------|-------|--------|-----------
         Aggregated                                                                       124     0(0.00%) |     34       7     847     17 |    5.10        0.00

Type     Name                    # reqs      # fails |    Avg     Min     Max    Med |   req/s  failures/s
--------|----------------------|-------|-------------|-------|-------|-------|-------|--------|-----------
GET      /                            5     0(0.00%) |     17      14      24     16 |    0.20        0.00
GET      /cart                       16     0(0.00%) |     16       9      30     13 |    0.60        0.00
POST     /cart [add]                 23     0(0.00%) |     20      11      34     18 |    0.70        0.00
POST     /cart/checkout              10     0(0.00%) |     56      14     337     16 |    0.50        0.00
GET      /product/[id]               64     0(0.00%) |     32       8     761     14 |    2.70        0.00
POST     /setCurrency                13     0(0.00%) |     87      17     862     21 |    0.50        0.00
--------|----------------------|-------|-------------|-------|-------|-------|-------|--------|-----------
         Aggregated                 131     0(0.00%) |     35       8     862     16 |    5.20        0.00

Type     Name                                                                          # reqs      # fails |    Avg     Min     Max    Med |   req/s  failures/s
--------|----------------------------------------------------------------------------|-------|-------------|-------|-------|-------|-------|--------|-----------
GET      /                                                                                  1     0(0.00%) |     13      13      13     13 |    0.00        0.00
GET      /cart                                                                             23     0(0.00%) |     52       7     847     14 |    1.10        0.00
POST     /cart [add]                                                                       27     0(0.00%) |     21      12      34     19 |    1.00        0.00
POST     /cart/checkout                                                                     7     0(0.00%) |     15      12      20     14 |    0.20        0.00
GET      /product/[id]                                                                     60     0(0.00%) |     32       8     767     15 |    2.20        0.00
POST     /setCurrency                                                                      14     0(0.00%) |     39      17     213     27 |    0.40        0.00
--------|----------------------------------------------------------------------------|-------|-------------|-------|-------|-------|-------|--------|-----------
         Aggregated                                                                       132     0(0.00%) |     33       7     847     16 |    4.90        0.00

Type     Name                    # reqs      # fails |    Avg     Min     Max    Med |   req/s  failures/s
--------|----------------------|-------|-------------|-------|-------|-------|-------|--------|-----------
GET      /                            6     0(0.00%) |     17      14      24     16 |    0.20        0.00
GET      /cart                       17     0(0.00%) |     16       9      30     13 |    0.80        0.00
POST     /cart [add]                 25     0(0.00%) |     20      11      34     18 |    0.70        0.00
POST     /cart/checkout              11     0(0.00%) |     53      14     337     17 |    0.50        0.00
GET      /product/[id]               72     0(0.00%) |     30       8     761     14 |    2.60        0.00
POST     /setCurrency                15     0(0.00%) |     79      17     862     22 |    0.20        0.00
--------|----------------------|-------|-------------|-------|-------|-------|-------|--------|-----------
         Aggregated                 146     0(0.00%) |     33       8     862     16 |    5.00        0.00

Type     Name                                                                          # reqs      # fails |    Avg     Min     Max    Med |   req/s  failures/s
--------|----------------------------------------------------------------------------|-------|-------------|-------|-------|-------|-------|--------|-----------
GET      /                                                                                  1     0(0.00%) |     13      13      13     13 |    0.00        0.00
GET      /cart                                                                             23     0(0.00%) |     52       7     847     14 |    0.80        0.00
POST     /cart [add]                                                                       29     0(0.00%) |     21      12      34     19 |    1.00        0.00
POST     /cart/checkout                                                                     7     0(0.00%) |     15      12      20     14 |    0.10        0.00
GET      /product/[id]                                                                     68     0(0.00%) |     30       8     767     15 |    2.60        0.00
POST     /setCurrency                                                                      16     0(0.00%) |     37      17     213     27 |    0.60        0.00
--------|----------------------------------------------------------------------------|-------|-------------|-------|-------|-------|-------|--------|-----------
         Aggregated                                                                       144     0(0.00%) |     31       7     847     17 |    5.10        0.00

Type     Name                    # reqs      # fails |    Avg     Min     Max    Med |   req/s  failures/s
--------|----------------------|-------|-------------|-------|-------|-------|-------|--------|-----------
GET      /                            6     0(0.00%) |     17      14      24     16 |    0.30        0.00
GET      /cart                       18     0(0.00%) |     16       9      30     13 |    0.70        0.00
POST     /cart [add]                 26     0(0.00%) |     20      11      34     18 |    0.70        0.00
POST     /cart/checkout              12     0(0.00%) |     50      14     337     17 |    0.50        0.00
GET      /product/[id]               78     0(0.00%) |     28       8     761     14 |    2.40        0.00
POST     /setCurrency                15     0(0.00%) |     79      17     862     22 |    0.30        0.00
--------|----------------------|-------|-------------|-------|-------|-------|-------|--------|-----------
         Aggregated                 155     0(0.00%) |     32       8     862     16 |    4.90        0.00

Type     Name                                                                          # reqs      # fails |    Avg     Min     Max    Med |   req/s  failures/s
--------|----------------------------------------------------------------------------|-------|-------------|-------|-------|-------|-------|--------|-----------
GET      /                                                                                  1     0(0.00%) |     13      13      13     13 |    0.00        0.00
GET      /cart                                                                             25     0(0.00%) |     49       7     847     15 |    0.70        0.00
POST     /cart [add]                                                                       31     0(0.00%) |     20      12      34     19 |    1.00        0.00
POST     /cart/checkout                                                                     7     0(0.00%) |     15      12      20     14 |    0.10        0.00
GET      /product/[id]                                                                     72     0(0.00%) |     29       8     767     15 |    2.50        0.00
POST     /setCurrency                                                                      18     0(0.00%) |     35      17     213     27 |    0.50        0.00
--------|----------------------------------------------------------------------------|-------|-------------|-------|-------|-------|-------|--------|-----------
         Aggregated                                                                       154     0(0.00%) |     31       7     847     17 |    4.80        0.00

Type     Name                    # reqs      # fails |    Avg     Min     Max    Med |   req/s  failures/s
--------|----------------------|-------|-------------|-------|-------|-------|-------|--------|-----------
GET      /                            6     0(0.00%) |     17      14      24     16 |    0.20        0.00
GET      /cart                       19     0(0.00%) |     16       9      30     14 |    0.50        0.00
POST     /cart [add]                 28     0(0.00%) |     20      11      34     18 |    0.80        0.00
POST     /cart/checkout              14     0(0.00%) |     45      14     337     17 |    0.60        0.00
GET      /product/[id]               81     0(0.00%) |     28       8     761     14 |    2.70        0.00
POST     /setCurrency                16     0(0.00%) |     75      16     862     21 |    0.40        0.00
--------|----------------------|-------|-------------|-------|-------|-------|-------|--------|-----------
         Aggregated                 164     0(0.00%) |     31       8     862     16 |    5.20        0.00

Type     Name                                                                          # reqs      # fails |    Avg     Min     Max    Med |   req/s  failures/s
--------|----------------------------------------------------------------------------|-------|-------------|-------|-------|-------|-------|--------|-----------
GET      /                                                                                  1     0(0.00%) |     13      13      13     13 |    0.00        0.00
GET      /cart                                                                             26     0(0.00%) |     48       7     847     15 |    0.70        0.00
POST     /cart [add]                                                                       33     0(0.00%) |     21      12      34     20 |    0.90        0.00
POST     /cart/checkout                                                                     7     0(0.00%) |     15      12      20     14 |    0.10        0.00
GET      /product/[id]                                                                     74     0(0.00%) |     29       8     767     15 |    2.60        0.00
POST     /setCurrency                                                                      19     0(0.00%) |     35      17     213     28 |    0.60        0.00
--------|----------------------------------------------------------------------------|-------|-------------|-------|-------|-------|-------|--------|-----------
         Aggregated                                                                       160     0(0.00%) |     30       7     847     18 |    4.90        0.00

Type     Name                    # reqs      # fails |    Avg     Min     Max    Med |   req/s  failures/s
--------|----------------------|-------|-------------|-------|-------|-------|-------|--------|-----------
GET      /                            6     0(0.00%) |     17      14      24     16 |    0.10        0.00
GET      /cart                       20     0(0.00%) |     17       9      30     14 |    0.70        0.00
POST     /cart [add]                 31     0(0.00%) |     19      11      34     18 |    0.80        0.00
POST     /cart/checkout              15     0(0.00%) |     43      14     337     17 |    0.60        0.00
GET      /product/[id]               85     0(0.00%) |     28       8     761     14 |    2.60        0.00
POST     /setCurrency                20     0(0.00%) |     65      16     862     23 |    0.40        0.00
--------|----------------------|-------|-------------|-------|-------|-------|-------|--------|-----------
         Aggregated                 177     0(0.00%) |     30       8     862     17 |    5.20        0.00

Type     Name                                                                          # reqs      # fails |    Avg     Min     Max    Med |   req/s  failures/s
--------|----------------------------------------------------------------------------|-------|-------------|-------|-------|-------|-------|--------|-----------
GET      /                                                                                  1     0(0.00%) |     13      13      13     13 |    0.00        0.00
GET      /cart                                                                             27     0(0.00%) |     47       7     847     15 |    0.50        0.00
POST     /cart [add]                                                                       36     0(0.00%) |     21      12      34     20 |    1.00        0.00
POST     /cart/checkout                                                                     7     0(0.00%) |     15      12      20     14 |    0.00        0.00
GET      /product/[id]                                                                     77     0(0.00%) |     28       8     767     15 |    2.20        0.00
POST     /setCurrency                                                                      22     0(0.00%) |     33      15     213     25 |    0.80        0.00
--------|----------------------------------------------------------------------------|-------|-------------|-------|-------|-------|-------|--------|-----------
         Aggregated                                                                       170     0(0.00%) |     30       7     847     18 |    4.50        0.00

Type     Name                    # reqs      # fails |    Avg     Min     Max    Med |   req/s  failures/s
--------|----------------------|-------|-------------|-------|-------|-------|-------|--------|-----------
GET      /                            6     0(0.00%) |     17      14      24     16 |    0.10        0.00
GET      /cart                       21     0(0.00%) |     16       9      30     14 |    0.70        0.00
POST     /cart [add]                 32     0(0.00%) |     20      11      34     18 |    0.80        0.00
POST     /cart/checkout              16     0(0.00%) |     42      14     337     17 |    0.60        0.00
GET      /product/[id]               90     0(0.00%) |     27       8     761     14 |    2.60        0.00
POST     /setCurrency                20     0(0.00%) |     65      16     862     23 |    0.60        0.00
--------|----------------------|-------|-------------|-------|-------|-------|-------|--------|-----------
         Aggregated                 185     0(0.00%) |     29       8     862     17 |    5.40        0.00

Type     Name                                                                          # reqs      # fails |    Avg     Min     Max    Med |   req/s  failures/s
--------|----------------------------------------------------------------------------|-------|-------------|-------|-------|-------|-------|--------|-----------
GET      /                                                                                  1     0(0.00%) |     13      13      13     13 |    0.00        0.00
GET      /cart                                                                             27     0(0.00%) |     47       7     847     15 |    0.40        0.00
POST     /cart [add]                                                                       38     0(0.00%) |     21      12      34     20 |    0.90        0.00
POST     /cart/checkout                                                                     8     0(0.00%) |     16      12      28     14 |    0.00        0.00
GET      /product/[id]                                                                     82     0(0.00%) |     27       8     767     15 |    2.20        0.00
POST     /setCurrency                                                                      22     0(0.00%) |     33      15     213     25 |    1.10        0.00
--------|----------------------------------------------------------------------------|-------|-------------|-------|-------|-------|-------|--------|-----------
         Aggregated                                                                       178     0(0.00%) |     29       7     847     18 |    4.60        0.00

Type     Name                    # reqs      # fails |    Avg     Min     Max    Med |   req/s  failures/s
--------|----------------------|-------|-------------|-------|-------|-------|-------|--------|-----------
GET      /                            6     0(0.00%) |     17      14      24     16 |    0.10        0.00
GET      /cart                       23     0(0.00%) |     16       9      30     13 |    0.50        0.00
POST     /cart [add]                 34     0(0.00%) |     19      11      34     18 |    0.90        0.00
POST     /cart/checkout              16     0(0.00%) |     42      14     337     17 |    0.60        0.00
GET      /product/[id]               96     0(0.00%) |     26       8     761     14 |    2.60        0.00
POST     /setCurrency                21     0(0.00%) |     63      16     862     23 |    0.70        0.00
--------|----------------------|-------|-------------|-------|-------|-------|-------|--------|-----------
         Aggregated                 196     0(0.00%) |     29       8     862     16 |    5.40        0.00

Type     Name                                                                          # reqs      # fails |    Avg     Min     Max    Med |   req/s  failures/s
--------|----------------------------------------------------------------------------|-------|-------------|-------|-------|-------|-------|--------|-----------
GET      /                                                                                  1     0(0.00%) |     13      13      13     13 |    0.00        0.00
GET      /cart                                                                             29     0(0.00%) |     45       7     847     15 |    0.50        0.00
POST     /cart [add]                                                                       38     0(0.00%) |     21      12      34     20 |    0.90        0.00
POST     /cart/checkout                                                                     8     0(0.00%) |     16      12      28     14 |    0.00        0.00
GET      /product/[id]                                                                     90     0(0.00%) |     27       8     767     15 |    2.00        0.00
POST     /setCurrency                                                                      22     0(0.00%) |     33      15     213     25 |    0.90        0.00
--------|----------------------------------------------------------------------------|-------|-------------|-------|-------|-------|-------|--------|-----------
         Aggregated                                                                       188     0(0.00%) |     29       7     847     18 |    4.30        0.00

Type     Name                                                                          # reqs      # fails |    Avg     Min     Max    Med |   req/s  failures/s
--------|----------------------------------------------------------------------------|-------|-------------|-------|-------|-------|-------|--------|-----------
GET      /                                                                                  2     0(0.00%) |     13      13      13     13 |    0.00        0.00
GET      /cart                                                                             29     0(0.00%) |     45       7     847     15 |    0.60        0.00
POST     /cart [add]                                                                       38     0(0.00%) |     21      12      34     20 |    0.90        0.00
POST     /cart/checkout                                                                     8     0(0.00%) |     16      12      28     14 |    0.10        0.00
Type     Name                    # reqs      # fails |    Avg     Min     Max    Med |   req/s  failures/s
GET      /product/[id]                                                                     98     0(0.00%) |     26       8     767     16 |    2.20        0.00
POST     /setCurrency                                                                      24     0(0.00%) |     32      15     213     21 |    0.60        0.00
--------|----------------------|-------|-------------|-------|-------|-------|-------|--------|-----------
--------|----------------------------------------------------------------------------|-------|-------------|-------|-------|-------|-------|--------|-----------
GET      /                            6     0(0.00%) |     17      14      24     16 |    0.00        0.00
         Aggregated                                                                       199     0(0.00%) |     28       7     847     18 |    4.40        0.00
GET      /cart                       24     0(0.00%) |     16       9      30     13 |    0.50        0.00

POST     /cart [add]                 35     0(0.00%) |     19      11      34     18 |    1.00        0.00
POST     /cart/checkout              16     0(0.00%) |     42      14     337     17 |    0.60        0.00
GET      /product/[id]              103     0(0.00%) |     25       8     761     14 |    2.60        0.00
POST     /setCurrency                21     0(0.00%) |     63      16     862     23 |    0.60        0.00
--------|----------------------|-------|-------------|-------|-------|-------|-------|--------|-----------
         Aggregated                 205     0(0.00%) |     28       8     862     16 |    5.30        0.00

Type     Name                                                                          # reqs      # fails |    Avg     Min     Max    Med |   req/s  failures/s
--------|----------------------------------------------------------------------------|-------|-------------|-------|-------|-------|-------|--------|-----------
GET      /                                                                                  3     0(0.00%) |     18      13      28     14 |    0.10        0.00
GET      /cart                                                                             30     0(0.00%) |     44       7     847     15 |    0.50        0.00
POST     /cart [add]                                                                       39     0(0.00%) |     21      12      34     20 |    0.90        0.00
POST     /cart/checkout                                                                     8     0(0.00%) |     16      12      28     14 |    0.10        0.00
GET      /product/[id]                                                                    104     0(0.00%) |     25       8     767     16 |    2.20        0.00
POST     /setCurrency                                                                      25     0(0.00%) |     31      15     213     25 |    0.80        0.00
--------|----------------------------------------------------------------------------|-------|-------------|-------|-------|-------|-------|--------|-----------
         Aggregated                                                                       209     0(0.00%) |     27       7     847     17 |    4.60        0.00

Type     Name                    # reqs      # fails |    Avg     Min     Max    Med |   req/s  failures/s
--------|----------------------|-------|-------------|-------|-------|-------|-------|--------|-----------
GET      /                            6     0(0.00%) |     17      14      24     16 |    0.00        0.00
GET      /cart                       30     0(0.00%) |     16       9      30     13 |    0.70        0.00
POST     /cart [add]                 38     0(0.00%) |     19      11      34     18 |    0.90        0.00
POST     /cart/checkout              16     0(0.00%) |     42      14     337     17 |    0.50        0.00
GET      /product/[id]              104     0(0.00%) |     25       8     761     14 |    2.40        0.00
POST     /setCurrency                22     0(0.00%) |     61      16     862     22 |    0.60        0.00
--------|----------------------|-------|-------------|-------|-------|-------|-------|--------|-----------
         Aggregated                 216     0(0.00%) |     27       8     862     16 |    5.10        0.00

Type     Name                                                                          # reqs      # fails |    Avg     Min     Max    Med |   req/s  failures/s
--------|----------------------------------------------------------------------------|-------|-------------|-------|-------|-------|-------|--------|-----------
GET      /                                                                                  3     0(0.00%) |     18      13      28     14 |    0.10        0.00
GET      /cart                                                                             34     0(0.00%) |     41       7     847     15 |    0.50        0.00
POST     /cart [add]                                                                       39     0(0.00%) |     21      12      34     20 |    0.60        0.00
POST     /cart/checkout                                                                     8     0(0.00%) |     16      12      28     14 |    0.10        0.00
GET      /product/[id]                                                                    108     0(0.00%) |     25       8     767     15 |    2.80        0.00
POST     /setCurrency                                                                      26     0(0.00%) |     31      15     213     25 |    0.70        0.00
--------|----------------------------------------------------------------------------|-------|-------------|-------|-------|-------|-------|--------|-----------
         Aggregated                                                                       218     0(0.00%) |     27       7     847     17 |    4.80        0.00

Type     Name                    # reqs      # fails |    Avg     Min     Max    Med |   req/s  failures/s
--------|----------------------|-------|-------------|-------|-------|-------|-------|--------|-----------
GET      /                            6     0(0.00%) |     17      14      24     16 |    0.00        0.00
GET      /cart                       32     0(0.00%) |     16       9      30     13 |    0.70        0.00
POST     /cart [add]                 38     0(0.00%) |     19      11      34     18 |    1.00        0.00
POST     /cart/checkout              16     0(0.00%) |     42      14     337     17 |    0.30        0.00
GET      /product/[id]              106     0(0.00%) |     25       8     761     14 |    2.30        0.00
POST     /setCurrency                24     0(0.00%) |     57      16     862     21 |    0.60        0.00
--------|----------------------|-------|-------------|-------|-------|-------|-------|--------|-----------
         Aggregated                 222     0(0.00%) |     27       8     862     16 |    4.90        0.00

Type     Name                                                                          # reqs      # fails |    Avg     Min     Max    Med |   req/s  failures/s
--------|----------------------------------------------------------------------------|-------|-------------|-------|-------|-------|-------|--------|-----------
GET      /                                                                                  3     0(0.00%) |     18      13      28     14 |    0.20        0.00
GET      /cart                                                                             34     0(0.00%) |     41       7     847     15 |    0.50        0.00
POST     /cart [add]                                                                       40     0(0.00%) |     21      12      34     20 |    0.60        0.00
POST     /cart/checkout                                                                     8     0(0.00%) |     16      12      28     14 |    0.10        0.00
GET      /product/[id]                                                                    115     0(0.00%) |     25       8     767     16 |    3.00        0.00
POST     /setCurrency                                                                      26     0(0.00%) |     31      15     213     25 |    0.30        0.00
--------|----------------------------------------------------------------------------|-------|-------------|-------|-------|-------|-------|--------|-----------
         Aggregated                                                                       226     0(0.00%) |     27       7     847     17 |    4.70        0.00

Type     Name                    # reqs      # fails |    Avg     Min     Max    Med |   req/s  failures/s
--------|----------------------|-------|-------------|-------|-------|-------|-------|--------|-----------
GET      /                            7     0(0.00%) |     16      14      24     16 |    0.00        0.00
GET      /cart                       33     0(0.00%) |     16       9      30     14 |    1.20        0.00
POST     /cart [add]                 38     0(0.00%) |     19      11      34     18 |    0.90        0.00
POST     /cart/checkout              16     0(0.00%) |     42      14     337     17 |    0.10        0.00
GET      /product/[id]              115     0(0.00%) |     25       8     761     14 |    1.90        0.00
POST     /setCurrency                25     0(0.00%) |     56      16     862     22 |    0.50        0.00
--------|----------------------|-------|-------------|-------|-------|-------|-------|--------|-----------
         Aggregated                 234     0(0.00%) |     27       8     862     16 |    4.60        0.00

Type     Name                                                                          # reqs      # fails |    Avg     Min     Max    Med |   req/s  failures/s
--------|----------------------------------------------------------------------------|-------|-------------|-------|-------|-------|-------|--------|-----------
GET      /                                                                                  4     0(0.00%) |     21      13      29     14 |    0.20        0.00
GET      /cart                                                                             35     0(0.00%) |     40       7     847     15 |    0.70        0.00
POST     /cart [add]                                                                       43     0(0.00%) |     23      12      93     20 |    0.20        0.00
POST     /cart/checkout                                                                     9     0(0.00%) |     17      12      28     15 |    0.00        0.00
GET      /product/[id]                                                                    117     0(0.00%) |     25       8     767     16 |    3.30        0.00
POST     /setCurrency                                                                      26     0(0.00%) |     31      15     213     25 |    0.40        0.00
--------|----------------------------------------------------------------------------|-------|-------------|-------|-------|-------|-------|--------|-----------
         Aggregated                                                                       234     0(0.00%) |     27       7     847     17 |    4.80        0.00

Type     Name                    # reqs      # fails |    Avg     Min     Max    Med |   req/s  failures/s
--------|----------------------|-------|-------------|-------|-------|-------|-------|--------|-----------
GET      /                            7     0(0.00%) |     16      14      24     16 |    0.00        0.00
GET      /cart                       34     0(0.00%) |     15       9      30     13 |    1.10        0.00
POST     /cart [add]                 39     0(0.00%) |     19      11      34     18 |    0.60        0.00
POST     /cart/checkout              17     0(0.00%) |     40      14     337     17 |    0.00        0.00
GET      /product/[id]              120     0(0.00%) |     24       8     761     14 |    2.30        0.00
POST     /setCurrency                26     0(0.00%) |     57      16     862     22 |    0.50        0.00
--------|----------------------|-------|-------------|-------|-------|-------|-------|--------|-----------
         Aggregated                 243     0(0.00%) |     27       8     862     16 |    4.50        0.00

Type     Name                                                                          # reqs      # fails |    Avg     Min     Max    Med |   req/s  failures/s
--------|----------------------------------------------------------------------------|-------|-------------|-------|-------|-------|-------|--------|-----------
GET      /                                                                                  5     0(0.00%) |     19      13      29     15 |    0.30        0.00
GET      /cart                                                                             36     0(0.00%) |     39       7     847     15 |    0.50        0.00
POST     /cart [add]                                                                       47     0(0.00%) |     23      12      93     20 |    0.40        0.00
POST     /cart/checkout                                                                    11     0(0.00%) |     17      12      28     16 |    0.00        0.00
GET      /product/[id]                                                                    120     0(0.00%) |     25       8     767     16 |    2.70        0.00
POST     /setCurrency                                                                      29     0(0.00%) |     30      15     213     22 |    0.40        0.00
--------|----------------------------------------------------------------------------|-------|-------------|-------|-------|-------|-------|--------|-----------
         Aggregated                                                                       248     0(0.00%) |     27       7     847     17 |    4.30        0.00

Type     Name                    # reqs      # fails |    Avg     Min     Max    Med |   req/s  failures/s
--------|----------------------|-------|-------------|-------|-------|-------|-------|--------|-----------
GET      /                            7     0(0.00%) |     16      14      24     16 |    0.10        0.00
GET      /cart                       36     0(0.00%) |     15       9      30     13 |    1.20        0.00
POST     /cart [add]                 41     0(0.00%) |     19      11      34     18 |    0.50        0.00
POST     /cart/checkout              18     0(0.00%) |     39      14     337     17 |    0.00        0.00
GET      /product/[id]              124     0(0.00%) |     24       8     761     14 |    2.50        0.00
POST     /setCurrency                27     0(0.00%) |     55      16     862     22 |    0.60        0.00
--------|----------------------|-------|-------------|-------|-------|-------|-------|--------|-----------
         Aggregated                 253     0(0.00%) |     26       8     862     16 |    4.90        0.00

Type     Name                                                                          # reqs      # fails |    Avg     Min     Max    Med |   req/s  failures/s
--------|----------------------------------------------------------------------------|-------|-------------|-------|-------|-------|-------|--------|-----------
GET      /                                                                                  5     0(0.00%) |     19      13      29     15 |    0.30        0.00
GET      /cart                                                                             38     0(0.00%) |     38       7     847     14 |    0.60        0.00
POST     /cart [add]                                                                       49     0(0.00%) |     22      12      93     20 |    0.70        0.00
POST     /cart/checkout                                                                    11     0(0.00%) |     17      12      28     16 |    0.20        0.00
GET      /product/[id]                                                                    123     0(0.00%) |     24       8     767     16 |    2.80        0.00
POST     /setCurrency                                                                      30     0(0.00%) |     30      15     213     22 |    0.20        0.00
--------|----------------------------------------------------------------------------|-------|-------------|-------|-------|-------|-------|--------|-----------
         Aggregated                                                                       256     0(0.00%) |     26       7     847     17 |    4.80        0.00

Type     Name                    # reqs      # fails |    Avg     Min     Max    Med |   req/s  failures/s
--------|----------------------|-------|-------------|-------|-------|-------|-------|--------|-----------
GET      /                            8     0(0.00%) |     16      14      24     16 |    0.10        0.00
GET      /cart                       38     0(0.00%) |     15       9      30     13 |    1.00        0.00
POST     /cart [add]                 44     0(0.00%) |     19      11      34     18 |    0.70        0.00
POST     /cart/checkout              21     0(0.00%) |     35      13     337     17 |    0.20        0.00
GET      /product/[id]              130     0(0.00%) |     24       8     761     15 |    2.20        0.00
POST     /setCurrency                27     0(0.00%) |     55      16     862     22 |    0.50        0.00
--------|----------------------|-------|-------------|-------|-------|-------|-------|--------|-----------
         Aggregated                 268     0(0.00%) |     26       8     862     16 |    4.70        0.00

Type     Name                                                                          # reqs      # fails |    Avg     Min     Max    Med |   req/s  failures/s
--------|----------------------------------------------------------------------------|-------|-------------|-------|-------|-------|-------|--------|-----------
GET      /                                                                                  5     0(0.00%) |     19      13      29     15 |    0.30        0.00
GET      /cart                                                                             39     0(0.00%) |     37       7     847     14 |    0.60        0.00
POST     /cart [add]                                                                       50     0(0.00%) |     22      12      93     20 |    1.00        0.00
Type     Name                    # reqs      # fails |    Avg     Min     Max    Med |   req/s  failures/s
POST     /cart/checkout                                                                    11     0(0.00%) |     17      12      28     16 |    0.30        0.00
GET      /product/[id]                                                                    129     0(0.00%) |     24       8     767     16 |    2.10        0.00
--------|----------------------|-------|-------------|-------|-------|-------|-------|--------|-----------
POST     /setCurrency                                                                      32     0(0.00%) |     29      15     213     22 |    0.50        0.00
GET      /                            8     0(0.00%) |     16      14      24     16 |    0.20        0.00
--------|----------------------------------------------------------------------------|-------|-------------|-------|-------|-------|-------|--------|-----------
GET      /cart                       38     0(0.00%) |     15       9      30     13 |    1.20        0.00
         Aggregated                                                                       266     0(0.00%) |     26       7     847     17 |    4.80        0.00
POST     /cart [add]                 45     0(0.00%) |     19      11      34     18 |    0.40        0.00

POST     /cart/checkout              21     0(0.00%) |     35      13     337     17 |    0.20        0.00
GET      /product/[id]              136     0(0.00%) |     24       8     761     14 |    2.40        0.00
POST     /setCurrency                27     0(0.00%) |     55      16     862     22 |    0.60        0.00
--------|----------------------|-------|-------------|-------|-------|-------|-------|--------|-----------
         Aggregated                 275     0(0.00%) |     26       8     862     16 |    5.00        0.00

Type     Name                                                                          # reqs      # fails |    Avg     Min     Max    Med |   req/s  failures/s
--------|----------------------------------------------------------------------------|-------|-------------|-------|-------|-------|-------|--------|-----------
Type     Name                    # reqs      # fails |    Avg     Min     Max    Med |   req/s  failures/s
GET      /                                                                                  5     0(0.00%) |     19      13      29     15 |    0.20        0.00
GET      /cart                                                                             39     0(0.00%) |     37       7     847     14 |    0.80        0.00
--------|----------------------|-------|-------------|-------|-------|-------|-------|--------|-----------
POST     /cart [add]                                                                       52     0(0.00%) |     24      12     109     20 |    1.00        0.00
GET      /                            8     0(0.00%) |     16      14      24     16 |    0.20        0.00
POST     /cart/checkout                                                                    12     0(0.00%) |     17      12      28     15 |    0.30        0.00
GET      /cart                       39     0(0.00%) |     15       9      30     13 |    0.60        0.00
GET      /product/[id]                                                                    132     0(0.00%) |     24       8     767     16 |    2.10        0.00
POST     /cart [add]                 45     0(0.00%) |     19      11      34     18 |    0.70        0.00
POST     /setCurrency                                                                      33     0(0.00%) |     29      15     213     22 |    0.50        0.00
--------|----------------------------------------------------------------------------|-------|-------------|-------|-------|-------|-------|--------|-----------
POST     /cart/checkout              21     0(0.00%) |     35      13     337     17 |    0.50        0.00
         Aggregated                                                                       273     0(0.00%) |     26       7     847     17 |    4.90        0.00
GET      /product/[id]              142     0(0.00%) |     24       8     761     15 |    2.70        0.00

POST     /setCurrency                27     0(0.00%) |     55      16     862     22 |    0.40        0.00
--------|----------------------|-------|-------------|-------|-------|-------|-------|--------|-----------
         Aggregated                 282     0(0.00%) |     26       8     862     16 |    5.10        0.00

Type     Name                    # reqs      # fails |    Avg     Min     Max    Med |   req/s  failures/s
--------|----------------------|-------|-------------|-------|-------|-------|-------|--------|-----------
GET      /                            8     0(0.00%) |     16      14      24     16 |    0.10        0.00
GET      /cart                       41     0(0.00%) |     15       9      30     13 |    0.60        0.00
POST     /cart [add]                 46     0(0.00%) |     19      11      34     18 |    0.70        0.00
POST     /cart/checkout              22     0(0.00%) |     34      13     337     16 |    0.50        0.00
GET      /product/[id]              148     0(0.00%) |     23       8     761     14 |    2.70        0.00
POST     /setCurrency                27     0(0.00%) |     55      16     862     22 |    0.20        0.00
--------|----------------------|-------|-------------|-------|-------|-------|-------|--------|-----------
         Aggregated                 292     0(0.00%) |     25       8     862     16 |    4.80        0.00

Type     Name                                                                          # reqs      # fails |    Avg     Min     Max    Med |   req/s  failures/s
--------|----------------------------------------------------------------------------|-------|-------------|-------|-------|-------|-------|--------|-----------
GET      /                                                                                  5     0(0.00%) |     19      13      29     15 |    0.20        0.00
GET      /cart                                                                             41     0(0.00%) |     36       7     847     14 |    0.50        0.00
POST     /cart [add]                                                                       55     0(0.00%) |     24      12     109     20 |    1.20        0.00
POST     /cart/checkout                                                                    13     0(0.00%) |     16      12      28     15 |    0.40        0.00
GET      /product/[id]                                                                    141     0(0.00%) |     24       8     767     16 |    1.70        0.00
POST     /setCurrency                                                                      33     0(0.00%) |     29      15     213     22 |    0.70        0.00
--------|----------------------------------------------------------------------------|-------|-------------|-------|-------|-------|-------|--------|-----------
         Aggregated                                                                       288     0(0.00%) |     26       7     847     17 |    4.70        0.00

Type     Name                    # reqs      # fails |    Avg     Min     Max    Med |   req/s  failures/s
--------|----------------------|-------|-------------|-------|-------|-------|-------|--------|-----------
GET      /                            8     0(0.00%) |     16      14      24     16 |    0.10        0.00
GET      /cart                       41     0(0.00%) |     15       9      30     13 |    0.60        0.00
POST     /cart [add]                 48     0(0.00%) |     19      11      34     18 |    0.80        0.00
POST     /cart/checkout              22     0(0.00%) |     34      13     337     16 |    0.60        0.00
GET      /product/[id]              158     0(0.00%) |     23       8     761     14 |    2.70        0.00
POST     /setCurrency                27     0(0.00%) |     55      16     862     22 |    0.10        0.00
--------|----------------------|-------|-------------|-------|-------|-------|-------|--------|-----------
         Aggregated                 304     0(0.00%) |     25       8     862     16 |    4.90        0.00

Type     Name                                                                          # reqs      # fails |    Avg     Min     Max    Med |   req/s  failures/s
--------|----------------------------------------------------------------------------|-------|-------------|-------|-------|-------|-------|--------|-----------
GET      /                                                                                  5     0(0.00%) |     19      13      29     15 |    0.10        0.00
GET      /cart                                                                             42     0(0.00%) |     36       7     847     14 |    0.60        0.00
POST     /cart [add]                                                                       57     0(0.00%) |     24      12     109     20 |    1.10        0.00
POST     /cart/checkout                                                                    14     0(0.00%) |     17      12      28     15 |    0.40        0.00
GET      /product/[id]                                                                    144     0(0.00%) |     24       8     767     15 |    2.20        0.00
POST     /setCurrency                                                                      33     0(0.00%) |     29      15     213     22 |    0.70        0.00
--------|----------------------------------------------------------------------------|-------|-------------|-------|-------|-------|-------|--------|-----------
         Aggregated                                                                       295     0(0.00%) |     26       7     847     17 |    5.10        0.00

Type     Name                    # reqs      # fails |    Avg     Min     Max    Med |   req/s  failures/s
--------|----------------------|-------|-------------|-------|-------|-------|-------|--------|-----------
GET      /                            8     0(0.00%) |     16      14      24     16 |    0.10        0.00
GET      /cart                       42     0(0.00%) |     15       9      30     13 |    0.70        0.00
POST     /cart [add]                 50     0(0.00%) |     19      11      34     17 |    0.50        0.00
POST     /cart/checkout              24     0(0.00%) |     33      12     337     16 |    0.40        0.00
GET      /product/[id]              163     0(0.00%) |     23       8     761     14 |    3.30        0.00
POST     /setCurrency                28     0(0.00%) |     54      16     862     22 |    0.10        0.00
--------|----------------------|-------|-------------|-------|-------|-------|-------|--------|-----------
         Aggregated                 315     0(0.00%) |     24       8     862     16 |    5.10        0.00

Type     Name                                                                          # reqs      # fails |    Avg     Min     Max    Med |   req/s  failures/s
--------|----------------------------------------------------------------------------|-------|-------------|-------|-------|-------|-------|--------|-----------
GET      /                                                                                  5     0(0.00%) |     19      13      29     15 |    0.00        0.00
GET      /cart                                                                             44     0(0.00%) |     35       7     847     14 |    0.70        0.00
POST     /cart [add]                                                                       57     0(0.00%) |     24      12     109     20 |    1.00        0.00
POST     /cart/checkout                                                                    14     0(0.00%) |     17      12      28     15 |    0.30        0.00
GET      /product/[id]                                                                    149     0(0.00%) |     23       8     767     16 |    2.30        0.00
POST     /setCurrency                                                                      34     0(0.00%) |     29      15     213     21 |    0.70        0.00
--------|----------------------------------------------------------------------------|-------|-------------|-------|-------|-------|-------|--------|-----------
         Aggregated                                                                       303     0(0.00%) |     25       7     847     17 |    5.00        0.00

Type     Name                    # reqs      # fails |    Avg     Min     Max    Med |   req/s  failures/s
--------|----------------------|-------|-------------|-------|-------|-------|-------|--------|-----------
GET      /                            8     0(0.00%) |     16      14      24     16 |    0.00        0.00
GET      /cart                       45     0(0.00%) |     15       9      30     14 |    0.40        0.00
POST     /cart [add]                 53     0(0.00%) |     19      11      34     18 |    0.60        0.00
POST     /cart/checkout              25     0(0.00%) |     32      12     337     17 |    0.30        0.00
GET      /product/[id]              164     0(0.00%) |     23       8     761     14 |    3.30        0.00
POST     /setCurrency                30     0(0.00%) |     52      16     862     22 |    0.10        0.00
--------|----------------------|-------|-------------|-------|-------|-------|-------|--------|-----------
         Aggregated                 325     0(0.00%) |     24       8     862     16 |    4.70        0.00

Type     Name                                                                          # reqs      # fails |    Avg     Min     Max    Med |   req/s  failures/s
--------|----------------------------------------------------------------------------|-------|-------------|-------|-------|-------|-------|--------|-----------
GET      /                                                                                  5     0(0.00%) |     19      13      29     15 |    0.00        0.00
GET      /cart                                                                             45     0(0.00%) |     34       7     847     14 |    0.80        0.00
POST     /cart [add]                                                                       61     0(0.00%) |     23      12     109     20 |    0.90        0.00
POST     /cart/checkout                                                                    17     0(0.00%) |     17      12      28     16 |    0.30        0.00
GET      /product/[id]                                                                    155     0(0.00%) |     23       8     767     15 |    2.30        0.00
POST     /setCurrency                                                                      34     0(0.00%) |     29      15     213     21 |    0.30        0.00
--------|----------------------------------------------------------------------------|-------|-------------|-------|-------|-------|-------|--------|-----------
         Aggregated                                                                       317     0(0.00%) |     25       7     847     17 |    4.60        0.00

Type     Name                    # reqs      # fails |    Avg     Min     Max    Med |   req/s  failures/s
--------|----------------------|-------|-------------|-------|-------|-------|-------|--------|-----------
GET      /                            8     0(0.00%) |     16      14      24     16 |    0.00        0.00
GET      /cart                       48     0(0.00%) |     15       9      30     14 |    0.60        0.00
POST     /cart [add]                 54     0(0.00%) |     19      11      34     17 |    0.80        0.00
POST     /cart/checkout              26     0(0.00%) |     32      12     337     16 |    0.40        0.00
GET      /product/[id]              169     0(0.00%) |     22       8     761     14 |    2.80        0.00
POST     /setCurrency                31     0(0.00%) |     51      16     862     22 |    0.30        0.00
--------|----------------------|-------|-------------|-------|-------|-------|-------|--------|-----------
         Aggregated                 336     0(0.00%) |     24       8     862     16 |    4.90        0.00

Type     Name                                                                          # reqs      # fails |    Avg     Min     Max    Med |   req/s  failures/s
--------|----------------------------------------------------------------------------|-------|-------------|-------|-------|-------|-------|--------|-----------
GET      /                                                                                  5     0(0.00%) |     19      13      29     15 |    0.00        0.00
GET      /cart                                                                             46     0(0.00%) |     34       7     847     14 |    0.60        0.00
POST     /cart [add]                                                                       62     0(0.00%) |     23      12     109     19 |    1.10        0.00
POST     /cart/checkout                                                                    18     0(0.00%) |     17      12      28     16 |    0.60        0.00
GET      /product/[id]                                                                    157     0(0.00%) |     23       8     767     15 |    2.60        0.00
POST     /setCurrency                                                                      35     0(0.00%) |     29      15     213     22 |    0.20        0.00
--------|----------------------------------------------------------------------------|-------|-------------|-------|-------|-------|-------|--------|-----------
         Aggregated                                                                       323     0(0.00%) |     25       7     847     17 |    5.10        0.00

Type     Name                    # reqs      # fails |    Avg     Min     Max    Med |   req/s  failures/s
--------|----------------------|-------|-------------|-------|-------|-------|-------|--------|-----------
GET      /                            8     0(0.00%) |     16      14      24     16 |    0.00        0.00
GET      /cart                       48     0(0.00%) |     15       9      30     14 |    0.80        0.00
POST     /cart [add]                 58     0(0.00%) |     19      11      34     17 |    0.90        0.00
POST     /cart/checkout              27     0(0.00%) |     31      12     337     17 |    0.50        0.00
GET      /product/[id]              173     0(0.00%) |     22       8     761     14 |    2.70        0.00
POST     /setCurrency                32     0(0.00%) |     50      16     862     21 |    0.40        0.00
--------|----------------------|-------|-------------|-------|-------|-------|-------|--------|-----------
         Aggregated                 346     0(0.00%) |     24       8     862     16 |    5.30        0.00

Type     Name                                                                          # reqs      # fails |    Avg     Min     Max    Med |   req/s  failures/s
--------|----------------------------------------------------------------------------|-------|-------------|-------|-------|-------|-------|--------|-----------
GET      /                                                                                  5     0(0.00%) |     19      13      29     15 |    0.00        0.00
GET      /cart                                                                             48     0(0.00%) |     33       7     847     14 |    0.70        0.00
POST     /cart [add]                                                                       63     0(0.00%) |     23      12     109     19 |    1.00        0.00
POST     /cart/checkout                                                                    18     0(0.00%) |     17      12      28     16 |    0.60        0.00
GET      /product/[id]                                                                    161     0(0.00%) |     23       8     767     15 |    2.40        0.00
POST     /setCurrency                                                                      36     0(0.00%) |     28      15     213     21 |    0.20        0.00
--------|----------------------------------------------------------------------------|-------|-------------|-------|-------|-------|-------|--------|-----------
         Aggregated                                                                       331     0(0.00%) |     25       7     847     17 |    4.90        0.00

Type     Name                    # reqs      # fails |    Avg     Min     Max    Med |   req/s  failures/s
--------|----------------------|-------|-------------|-------|-------|-------|-------|--------|-----------
GET      /                            9     0(0.00%) |     17      14      26     16 |    0.00        0.00
GET      /cart                       49     0(0.00%) |     15       9      30     14 |    0.70        0.00
POST     /cart [add]                 60     0(0.00%) |     19      11      34     17 |    1.20        0.00
POST     /cart/checkout              28     0(0.00%) |     31      12     337     17 |    0.50        0.00
GET      /product/[id]              176     0(0.00%) |     22       8     761     14 |    2.50        0.00
POST     /setCurrency                35     0(0.00%) |     48      16     862     22 |    0.50        0.00
--------|----------------------|-------|-------------|-------|-------|-------|-------|--------|-----------
         Aggregated                 357     0(0.00%) |     24       8     862     16 |    5.40        0.00

Type     Name                                                                          # reqs      # fails |    Avg     Min     Max    Med |   req/s  failures/s
--------|----------------------------------------------------------------------------|-------|-------------|-------|-------|-------|-------|--------|-----------
GET      /                                                                                  5     0(0.00%) |     19      13      29     15 |    0.00        0.00
GET      /cart                                                                             49     0(0.00%) |     33       7     847     14 |    0.70        0.00
POST     /cart [add]                                                                       63     0(0.00%) |     23      12     109     19 |    0.90        0.00
POST     /cart/checkout                                                                    18     0(0.00%) |     17      12      28     16 |    0.50        0.00
GET      /product/[id]                                                                    172     0(0.00%) |     22       8     767     15 |    2.00        0.00
POST     /setCurrency                                                                      36     0(0.00%) |     28      15     213     21 |    0.30        0.00
--------|----------------------------------------------------------------------------|-------|-------------|-------|-------|-------|-------|--------|-----------
         Aggregated                                                                       343     0(0.00%) |     24       7     847     17 |    4.40        0.00

Type     Name                    # reqs      # fails |    Avg     Min     Max    Med |   req/s  failures/s
--------|----------------------|-------|-------------|-------|-------|-------|-------|--------|-----------
GET      /                            9     0(0.00%) |     17      14      26     16 |    0.00        0.00
GET      /cart                       49     0(0.00%) |     15       9      30     14 |    0.70        0.00
POST     /cart [add]                 62     0(0.00%) |     19      11      34     17 |    1.30        0.00
POST     /cart/checkout              28     0(0.00%) |     31      12     337     17 |    0.50        0.00
GET      /product/[id]              180     0(0.00%) |     22       8     761     14 |    1.90        0.00
POST     /setCurrency                35     0(0.00%) |     48      16     862     22 |    0.60        0.00
--------|----------------------|-------|-------------|-------|-------|-------|-------|--------|-----------
         Aggregated                 363     0(0.00%) |     24       8     862     16 |    5.00        0.00

Type     Name                                                                          # reqs      # fails |    Avg     Min     Max    Med |   req/s  failures/s
--------|----------------------------------------------------------------------------|-------|-------------|-------|-------|-------|-------|--------|-----------
GET      /                                                                                  5     0(0.00%) |     19      13      29     15 |    0.00        0.00
GET      /cart                                                                             52     0(0.00%) |     32       7     847     14 |    0.70        0.00
POST     /cart [add]                                                                       66     0(0.00%) |     23      12     109     19 |    0.60        0.00
POST     /cart/checkout                                                                    19     0(0.00%) |     17      12      28     17 |    0.40        0.00
GET      /product/[id]                                                                    175     0(0.00%) |     22       8     767     15 |    2.70        0.00
POST     /setCurrency                                                                      37     0(0.00%) |     28      15     213     21 |    0.30        0.00
--------|----------------------------------------------------------------------------|-------|-------------|-------|-------|-------|-------|--------|-----------
         Aggregated                                                                       354     0(0.00%) |     24       7     847     17 |    4.70        0.00

Type     Name                    # reqs      # fails |    Avg     Min     Max    Med |   req/s  failures/s
--------|----------------------|-------|-------------|-------|-------|-------|-------|--------|-----------
GET      /                            9     0(0.00%) |     17      14      26     16 |    0.10        0.00
GET      /cart                       51     0(0.00%) |     15       9      30     14 |    0.80        0.00
POST     /cart [add]                 62     0(0.00%) |     19      11      34     17 |    1.20        0.00
POST     /cart/checkout              28     0(0.00%) |     31      12     337     17 |    0.60        0.00
GET      /product/[id]              185     0(0.00%) |     22       8     761     14 |    1.70        0.00
POST     /setCurrency                36     0(0.00%) |     48      16     862     22 |    0.70        0.00
--------|----------------------|-------|-------------|-------|-------|-------|-------|--------|-----------
         Aggregated                 371     0(0.00%) |     23       8     862     16 |    5.10        0.00

Type     Name                                                                          # reqs      # fails |    Avg     Min     Max    Med |   req/s  failures/s
--------|----------------------------------------------------------------------------|-------|-------------|-------|-------|-------|-------|--------|-----------
GET      /                                                                                  5     0(0.00%) |     19      13      29     15 |    0.00        0.00
GET      /cart                                                                             55     0(0.00%) |     30       7     847     14 |    0.80        0.00
POST     /cart [add]                                                                       68     0(0.00%) |     23      12     109     19 |    0.90        0.00
POST     /cart/checkout                                                                    19     0(0.00%) |     17      12      28     17 |    0.50        0.00
GET      /product/[id]                                                                    176     0(0.00%) |     22       8     767     15 |    2.60        0.00
POST     /setCurrency                                                                      38     0(0.00%) |     28      15     213     21 |    0.20        0.00
--------|----------------------------------------------------------------------------|-------|-------------|-------|-------|-------|-------|--------|-----------
         Aggregated                                                                       361     0(0.00%) |     24       7     847     17 |    5.00        0.00

Type     Name                    # reqs      # fails |    Avg     Min     Max    Med |   req/s  failures/s
--------|----------------------|-------|-------------|-------|-------|-------|-------|--------|-----------
GET      /                            9     0(0.00%) |     17      14      26     16 |    0.10        0.00
GET      /cart                       52     0(0.00%) |     15       9      30     14 |    0.60        0.00
POST     /cart [add]                 64     0(0.00%) |     19      11      34     17 |    1.10        0.00
POST     /cart/checkout              30     0(0.00%) |     30      12     337     17 |    0.40        0.00
GET      /product/[id]              191     0(0.00%) |     21       8     761     14 |    1.90        0.00
POST     /setCurrency                37     0(0.00%) |     47      14     862     22 |    0.70        0.00
--------|----------------------|-------|-------------|-------|-------|-------|-------|--------|-----------
         Aggregated                 383     0(0.00%) |     23       8     862     16 |    4.80        0.00

Type     Name                                                                          # reqs      # fails |    Avg     Min     Max    Med |   req/s  failures/s
--------|----------------------------------------------------------------------------|-------|-------------|-------|-------|-------|-------|--------|-----------
GET      /                                                                                  5     0(0.00%) |     19      13      29     15 |    0.00        0.00
GET      /cart                                                                             55     0(0.00%) |     30       7     847     14 |    0.90        0.00
POST     /cart [add]                                                                       70     0(0.00%) |     22      12     109     19 |    0.60        0.00
POST     /cart/checkout                                                                    20     0(0.00%) |     17      12      28     16 |    0.20        0.00
GET      /product/[id]                                                                    183     0(0.00%) |     22       8     767     15 |    2.10        0.00
POST     /setCurrency                                                                      38     0(0.00%) |     28      15     213     21 |    0.40        0.00
--------|----------------------------------------------------------------------------|-------|-------------|-------|-------|-------|-------|--------|-----------
         Aggregated                                                                       371     0(0.00%) |     24       7     847     17 |    4.20        0.00

Type     Name                    # reqs      # fails |    Avg     Min     Max    Med |   req/s  failures/s
--------|----------------------|-------|-------------|-------|-------|-------|-------|--------|-----------
GET      /                           10     0(0.00%) |     18      14      26     16 |    0.10        0.00
GET      /cart                       52     0(0.00%) |     15       9      30     14 |    0.60        0.00
POST     /cart [add]                 66     0(0.00%) |     19      11      34     17 |    1.10        0.00
POST     /cart/checkout              30     0(0.00%) |     30      12     337     17 |    0.50        0.00
GET      /product/[id]              197     0(0.00%) |     21       8     761     14 |    2.10        0.00
POST     /setCurrency                37     0(0.00%) |     47      14     862     22 |    0.50        0.00
--------|----------------------|-------|-------------|-------|-------|-------|-------|--------|-----------
         Aggregated                 392     0(0.00%) |     23       8     862     16 |    4.90        0.00

Type     Name                                                                          # reqs      # fails |    Avg     Min     Max    Med |   req/s  failures/s
--------|----------------------------------------------------------------------------|-------|-------------|-------|-------|-------|-------|--------|-----------
GET      /                                                                                  5     0(0.00%) |     19      13      29     15 |    0.00        0.00
GET      /cart                                                                             55     0(0.00%) |     30       7     847     14 |    0.90        0.00
POST     /cart [add]                                                                       72     0(0.00%) |     23      12     109     19 |    0.80        0.00
POST     /cart/checkout                                                                    20     0(0.00%) |     17      12      28     16 |    0.30        0.00
GET      /product/[id]                                                                    188     0(0.00%) |     22       8     767     15 |    2.30        0.00
POST     /setCurrency                                                                      38     0(0.00%) |     28      15     213     21 |    0.30        0.00
--------|----------------------------------------------------------------------------|-------|-------------|-------|-------|-------|-------|--------|-----------
         Aggregated                                                                       378     0(0.00%) |     23       7     847     17 |    4.60        0.00

Type     Name                    # reqs      # fails |    Avg     Min     Max    Med |   req/s  failures/s
--------|----------------------|-------|-------------|-------|-------|-------|-------|--------|-----------
GET      /                           11     0(0.00%) |     17      14      26     16 |    0.20        0.00
GET      /cart                       52     0(0.00%) |     15       9      30     14 |    0.40        0.00
Type     Name                                                                          # reqs      # fails |    Avg     Min     Max    Med |   req/s  failures/s
POST     /cart [add]                 71     0(0.00%) |     19      11      34     17 |    0.80        0.00
--------|----------------------------------------------------------------------------|-------|-------------|-------|-------|-------|-------|--------|-----------
POST     /cart/checkout              33     0(0.00%) |     28      12     337     17 |    0.30        0.00
GET      /                                                                                  5     0(0.00%) |     19      13      29     15 |    0.00        0.00
GET      /product/[id]              200     0(0.00%) |     21       8     761     14 |    2.30        0.00
GET      /cart                                                                             55     0(0.00%) |     30       7     847     14 |    0.70        0.00
POST     /setCurrency                38     0(0.00%) |     46      14     862     22 |    0.50        0.00
POST     /cart [add]                                                                       73     0(0.00%) |     23      12     109     19 |    0.90        0.00
--------|----------------------|-------|-------------|-------|-------|-------|-------|--------|-----------
POST     /cart/checkout                                                                    20     0(0.00%) |     17      12      28     16 |    0.20        0.00
         Aggregated                 405     0(0.00%) |     23       8     862     16 |    4.50        0.00
GET      /product/[id]                                                                    194     0(0.00%) |     21       8     767     15 |    2.80        0.00

POST     /setCurrency                                                                      40     0(0.00%) |     28      15     213     21 |    0.20        0.00
--------|----------------------------------------------------------------------------|-------|-------------|-------|-------|-------|-------|--------|-----------
         Aggregated                                                                       387     0(0.00%) |     23       7     847     17 |    4.80        0.00

Type     Name                                                                          # reqs      # fails |    Avg     Min     Max    Med |   req/s  failures/s
--------|----------------------------------------------------------------------------|-------|-------------|-------|-------|-------|-------|--------|-----------
GET      /                                                                                  6     0(0.00%) |     29      13      80     15 |    0.00        0.00
GET      /cart                                                                             56     0(0.00%) |     30       7     847     14 |    0.60        0.00
POST     /cart [add]                                                                       74     0(0.00%) |     22      12     109     19 |    1.00        0.00
POST     /cart/checkout                                                                    20     0(0.00%) |     17      12      28     16 |    0.20        0.00
GET      /product/[id]                                                                    200     0(0.00%) |     23       8     767     15 |    2.40        0.00
POST     /setCurrency                                                                      43     0(0.00%) |     28      15     213     21 |    0.20        0.00
--------|----------------------------------------------------------------------------|-------|-------------|-------|-------|-------|-------|--------|-----------
         Aggregated                                                                       399     0(0.00%) |     24       7     847     17 |    4.40        0.00

Type     Name                    # reqs      # fails |    Avg     Min     Max    Med |   req/s  failures/s
--------|----------------------|-------|-------------|-------|-------|-------|-------|--------|-----------
GET      /                           11     0(0.00%) |     17      14      26     16 |    0.20        0.00
GET      /cart                       52     0(0.00%) |     15       9      30     14 |    0.30        0.00
POST     /cart [add]                 72     0(0.00%) |     20      11     108     17 |    1.10        0.00
POST     /cart/checkout              33     0(0.00%) |     28      12     337     17 |    0.50        0.00
GET      /product/[id]              207     0(0.00%) |     21       8     761     14 |    2.60        0.00
POST     /setCurrency                39     0(0.00%) |     45      14     862     22 |    0.30        0.00
--------|----------------------|-------|-------------|-------|-------|-------|-------|--------|-----------
         Aggregated                 414     0(0.00%) |     23       8     862     16 |    5.00        0.00

Type     Name                                                                          # reqs      # fails |    Avg     Min     Max    Med |   req/s  failures/s
Type     Name                    # reqs      # fails |    Avg     Min     Max    Med |   req/s  failures/s
--------|----------------------------------------------------------------------------|-------|-------------|-------|-------|-------|-------|--------|-----------
--------|----------------------|-------|-------------|-------|-------|-------|-------|--------|-----------
GET      /                                                                                  6     0(0.00%) |     29      13      80     15 |    0.10        0.00
GET      /                           12     0(0.00%) |     18      14      26     16 |    0.20        0.00
GET      /cart                                                                             57     0(0.00%) |     30       7     847     14 |    0.70        0.00
GET      /cart                       55     0(0.00%) |     15       9      30     14 |    0.30        0.00
POST     /cart [add]                                                                       74     0(0.00%) |     22      12     109     19 |    0.90        0.00
POST     /cart [add]                 74     0(0.00%) |     20      11     108     17 |    1.20        0.00
POST     /cart/checkout                                                                    20     0(0.00%) |     17      12      28     16 |    0.20        0.00
POST     /cart/checkout              33     0(0.00%) |     28      12     337     17 |    0.50        0.00
GET      /product/[id]                                                                    206     0(0.00%) |     22       8     767     15 |    2.50        0.00
GET      /product/[id]              207     0(0.00%) |     21       8     761     14 |    2.40        0.00
POST     /setCurrency                                                                      43     0(0.00%) |     28      15     213     21 |    0.50        0.00
POST     /setCurrency                41     0(0.00%) |     44      14     862     22 |    0.30        0.00
--------|----------------------------------------------------------------------------|-------|-------------|-------|-------|-------|-------|--------|-----------
--------|----------------------|-------|-------------|-------|-------|-------|-------|--------|-----------
         Aggregated                                                                       406     0(0.00%) |     24       7     847     17 |    4.90        0.00
         Aggregated                 422     0(0.00%) |     23       8     862     16 |    4.90        0.00


Type     Name                    # reqs      # fails |    Avg     Min     Max    Med |   req/s  failures/s
--------|----------------------|-------|-------------|-------|-------|-------|-------|--------|-----------
GET      /                           13     0(0.00%) |     18      14      26     16 |    0.20        0.00
GET      /cart                       58     0(0.00%) |     15       9      30     13 |    0.40        0.00
POST     /cart [add]                 76     0(0.00%) |     20      11     108     17 |    1.20        0.00
POST     /cart/checkout              33     0(0.00%) |     28      12     337     17 |    0.50        0.00
GET      /product/[id]              208     0(0.00%) |     21       8     761     14 |    2.40        0.00
POST     /setCurrency                43     0(0.00%) |     43      14     862     22 |    0.60        0.00
--------|----------------------|-------|-------------|-------|-------|-------|-------|--------|-----------
         Aggregated                 431     0(0.00%) |     23       8     862     16 |    5.30        0.00

Type     Name                                                                          # reqs      # fails |    Avg     Min     Max    Med |   req/s  failures/s
--------|----------------------------------------------------------------------------|-------|-------------|-------|-------|-------|-------|--------|-----------
GET      /                                                                                  6     0(0.00%) |     29      13      80     15 |    0.10        0.00
GET      /cart                                                                             57     0(0.00%) |     30       7     847     14 |    0.30        0.00
POST     /cart [add]                                                                       77     0(0.00%) |     23      12     109     19 |    0.70        0.00
POST     /cart/checkout                                                                    21     0(0.00%) |     17      12      28     16 |    0.10        0.00
GET      /product/[id]                                                                    212     0(0.00%) |     22       8     767     15 |    3.00        0.00
POST     /setCurrency                                                                      43     0(0.00%) |     28      15     213     21 |    0.50        0.00
--------|----------------------------------------------------------------------------|-------|-------------|-------|-------|-------|-------|--------|-----------
         Aggregated                                                                       416     0(0.00%) |     24       7     847     17 |    4.70        0.00

Type     Name                    # reqs      # fails |    Avg     Min     Max    Med |   req/s  failures/s
--------|----------------------|-------|-------------|-------|-------|-------|-------|--------|-----------
GET      /                           13     0(0.00%) |     18      14      26     16 |    0.40        0.00
GET      /cart                       60     0(0.00%) |     15       9      30     13 |    0.50        0.00
POST     /cart [add]                 77     0(0.00%) |     20      11     108     17 |    1.10        0.00
POST     /cart/checkout              33     0(0.00%) |     28      12     337     17 |    0.30        0.00
GET      /product/[id]              215     0(0.00%) |     21       8     761     14 |    1.90        0.00
POST     /setCurrency                43     0(0.00%) |     43      14     862     22 |    0.60        0.00
--------|----------------------|-------|-------------|-------|-------|-------|-------|--------|-----------
Type     Name                                                                          # reqs      # fails |    Avg     Min     Max    Med |   req/s  failures/s
         Aggregated                 441     0(0.00%) |     23       8     862     16 |    4.80        0.00

--------|----------------------------------------------------------------------------|-------|-------------|-------|-------|-------|-------|--------|-----------
GET      /                                                                                  6     0(0.00%) |     29      13      80     15 |    0.10        0.00
GET      /cart                                                                             58     0(0.00%) |     30       7     847     14 |    0.20        0.00
POST     /cart [add]                                                                       80     0(0.00%) |     23      12     109     19 |    0.70        0.00
POST     /cart/checkout                                                                    23     0(0.00%) |     18      12      29     17 |    0.10        0.00
GET      /product/[id]                                                                    218     0(0.00%) |     22       8     767     15 |    2.90        0.00
POST     /setCurrency                                                                      44     0(0.00%) |     28      15     213     21 |    0.50        0.00
--------|----------------------------------------------------------------------------|-------|-------------|-------|-------|-------|-------|--------|-----------
         Aggregated                                                                       429     0(0.00%) |     24       7     847     17 |    4.50        0.00

Type     Name                    # reqs      # fails |    Avg     Min     Max    Med |   req/s  failures/s
Type     Name                                                                          # reqs      # fails |    Avg     Min     Max    Med |   req/s  failures/s
--------|----------------------|-------|-------------|-------|-------|-------|-------|--------|-----------
GET      /                           13     0(0.00%) |     18      14      26     16 |    0.30        0.00
--------|----------------------------------------------------------------------------|-------|-------------|-------|-------|-------|-------|--------|-----------
GET      /cart                       61     0(0.00%) |     15       9      30     14 |    0.80        0.00
GET      /                                                                                  7     0(0.00%) |     28      13      80     17 |    0.10        0.00
POST     /cart [add]                 80     0(0.00%) |     20      11     108     17 |    1.20        0.00
GET      /cart                                                                             61     0(0.00%) |     29       7     847     14 |    0.30        0.00
POST     /cart/checkout              35     0(0.00%) |     28      12     337     17 |    0.30        0.00
POST     /cart [add]                                                                       80     0(0.00%) |     23      12     109     19 |    0.70        0.00
GET      /product/[id]              218     0(0.00%) |     21       8     761     14 |    1.80        0.00
POST     /cart/checkout                                                                    23     0(0.00%) |     18      12      29     17 |    0.30        0.00
POST     /setCurrency                44     0(0.00%) |     43      14     862     22 |    0.60        0.00
GET      /product/[id]                                                                    222     0(0.00%) |     22       8     767     15 |    3.00        0.00
--------|----------------------|-------|-------------|-------|-------|-------|-------|--------|-----------
POST     /setCurrency                                                                      44     0(0.00%) |     28      15     213     21 |    0.60        0.00
         Aggregated                 451     0(0.00%) |     23       8     862     16 |    5.00        0.00
--------|----------------------------------------------------------------------------|-------|-------------|-------|-------|-------|-------|--------|-----------

         Aggregated                                                                       437     0(0.00%) |     23       7     847     17 |    5.00        0.00

Type     Name                    # reqs      # fails |    Avg     Min     Max    Med |   req/s  failures/s
--------|----------------------|-------|-------------|-------|-------|-------|-------|--------|-----------
GET      /                           13     0(0.00%) |     18      14      26     16 |    0.20        0.00
GET      /cart                       61     0(0.00%) |     15       9      30     14 |    0.90        0.00
POST     /cart [add]                 81     0(0.00%) |     20      11     108     17 |    0.90        0.00
POST     /cart/checkout              36     0(0.00%) |     28      12     337     17 |    0.20        0.00
GET      /product/[id]              224     0(0.00%) |     21       8     761     14 |    1.80        0.00
POST     /setCurrency                45     0(0.00%) |     42      14     862     22 |    0.60        0.00
--------|----------------------|-------|-------------|-------|-------|-------|-------|--------|-----------
         Aggregated                 460     0(0.00%) |     22       8     862     16 |    4.60        0.00

Type     Name                                                                          # reqs      # fails |    Avg     Min     Max    Med |   req/s  failures/s
--------|----------------------------------------------------------------------------|-------|-------------|-------|-------|-------|-------|--------|-----------
GET      /                                                                                  7     0(0.00%) |     28      13      80     17 |    0.10        0.00
GET      /cart                                                                             63     0(0.00%) |     29       7     847     14 |    0.50        0.00
POST     /cart [add]                                                                       82     0(0.00%) |     23      12     109     19 |    0.70        0.00
POST     /cart/checkout                                                                    23     0(0.00%) |     18      12      29     17 |    0.30        0.00
GET      /product/[id]                                                                    228     0(0.00%) |     22       8     767     15 |    3.00        0.00
POST     /setCurrency                                                                      45     0(0.00%) |     28      15     213     21 |    0.60        0.00
--------|----------------------------------------------------------------------------|-------|-------------|-------|-------|-------|-------|--------|-----------
         Aggregated                                                                       448     0(0.00%) |     23       7     847     17 |    5.20        0.00

Type     Name                    # reqs      # fails |    Avg     Min     Max    Med |   req/s  failures/s
--------|----------------------|-------|-------------|-------|-------|-------|-------|--------|-----------
GET      /                           14     0(0.00%) |     18      13      26     16 |    0.20        0.00
GET      /cart                       62     0(0.00%) |     15       9      30     13 |    0.90        0.00
POST     /cart [add]                 84     0(0.00%) |     20      11     108     17 |    0.90        0.00
POST     /cart/checkout              37     0(0.00%) |     27      12     337     17 |    0.30        0.00
GET      /product/[id]              229     0(0.00%) |     21       8     761     14 |    2.10        0.00
POST     /setCurrency                45     0(0.00%) |     42      14     862     22 |    0.60        0.00
--------|----------------------|-------|-------------|-------|-------|-------|-------|--------|-----------
         Aggregated                 471     0(0.00%) |     22       8     862     16 |    5.00        0.00

Type     Name                                                                          # reqs      # fails |    Avg     Min     Max    Med |   req/s  failures/s
--------|----------------------------------------------------------------------------|-------|-------------|-------|-------|-------|-------|--------|-----------
GET      /                                                                                  7     0(0.00%) |     28      13      80     17 |    0.10        0.00
GET      /cart                                                                             63     0(0.00%) |     29       7     847     14 |    0.50        0.00
POST     /cart [add]                                                                       83     0(0.00%) |     23      12     109     19 |    0.80        0.00
POST     /cart/checkout                                                                    24     0(0.00%) |     18      12      29     17 |    0.30        0.00
GET      /product/[id]                                                                    232     0(0.00%) |     22       8     767     15 |    2.70        0.00
POST     /setCurrency                                                                      49     0(0.00%) |     28      15     213     22 |    0.30        0.00
--------|----------------------------------------------------------------------------|-------|-------------|-------|-------|-------|-------|--------|-----------
         Aggregated                                                                       458     0(0.00%) |     23       7     847     17 |    4.70        0.00

Type     Name                    # reqs      # fails |    Avg     Min     Max    Med |   req/s  failures/s
--------|----------------------|-------|-------------|-------|-------|-------|-------|--------|-----------
GET      /                           14     0(0.00%) |     18      13      26     16 |    0.20        0.00
GET      /cart                       62     0(0.00%) |     15       9      30     13 |    0.70        0.00
POST     /cart [add]                 84     0(0.00%) |     20      11     108     17 |    1.00        0.00
POST     /cart/checkout              37     0(0.00%) |     27      12     337     17 |    0.40        0.00
GET      /product/[id]              237     0(0.00%) |     21       8     761     14 |    2.20        0.00
POST     /setCurrency                47     0(0.00%) |     41      14     862     22 |    0.40        0.00
--------|----------------------|-------|-------------|-------|-------|-------|-------|--------|-----------
         Aggregated                 481     0(0.00%) |     22       8     862     16 |    4.90        0.00

Type     Name                                                                          # reqs      # fails |    Avg     Min     Max    Med |   req/s  failures/s
--------|----------------------------------------------------------------------------|-------|-------------|-------|-------|-------|-------|--------|-----------
GET      /                                                                                  7     0(0.00%) |     28      13      80     17 |    0.10        0.00
GET      /cart                                                                             63     0(0.00%) |     29       7     847     14 |    0.70        0.00
POST     /cart [add]                                                                       86     0(0.00%) |     22      12     109     19 |    0.80        0.00
POST     /cart/checkout                                                                    25     0(0.00%) |     18      12      29     17 |    0.30        0.00
GET      /product/[id]                                                                    237     0(0.00%) |     21       8     767     15 |    2.80        0.00
POST     /setCurrency                                                                      51     0(0.00%) |     27      15     213     22 |    0.40        0.00
--------|----------------------------------------------------------------------------|-------|-------------|-------|-------|-------|-------|--------|-----------
         Aggregated                                                                       469     0(0.00%) |     23       7     847     17 |    5.10        0.00

Type     Name                    # reqs      # fails |    Avg     Min     Max    Med |   req/s  failures/s
--------|----------------------|-------|-------------|-------|-------|-------|-------|--------|-----------
GET      /                           14     0(0.00%) |     18      13      26     16 |    0.10        0.00
GET      /cart                       64     0(0.00%) |     17       9     118     14 |    0.40        0.00
POST     /cart [add]                 86     0(0.00%) |     20      11     108     18 |    0.80        0.00
POST     /cart/checkout              39     0(0.00%) |     27      12     337     17 |    0.40        0.00
GET      /product/[id]              241     0(0.00%) |     21       8     761     14 |    2.70        0.00
POST     /setCurrency                47     0(0.00%) |     41      14     862     22 |    0.40        0.00
--------|----------------------|-------|-------------|-------|-------|-------|-------|--------|-----------
         Aggregated                 491     0(0.00%) |     22       8     862     16 |    4.80        0.00

Type     Name                                                                          # reqs      # fails |    Avg     Min     Max    Med |   req/s  failures/s
--------|----------------------------------------------------------------------------|-------|-------------|-------|-------|-------|-------|--------|-----------
GET      /                                                                                  7     0(0.00%) |     28      13      80     17 |    0.10        0.00
GET      /cart                                                                             64     0(0.00%) |     28       7     847     14 |    0.60        0.00
POST     /cart [add]                                                                       87     0(0.00%) |     24      12     157     19 |    0.80        0.00
POST     /cart/checkout                                                                    26     0(0.00%) |     21      12     107     17 |    0.40        0.00
GET      /product/[id]                                                                    240     0(0.00%) |     21       8     767     15 |    2.40        0.00
POST     /setCurrency                                                                      53     0(0.00%) |     31      15     235     23 |    0.60        0.00
--------|----------------------------------------------------------------------------|-------|-------------|-------|-------|-------|-------|--------|-----------
         Aggregated                                                                       477     0(0.00%) |     24       7     847     17 |    4.90        0.00

Type     Name                    # reqs      # fails |    Avg     Min     Max    Med |   req/s  failures/s
--------|----------------------|-------|-------------|-------|-------|-------|-------|--------|-----------
GET      /                           14     0(0.00%) |     18      13      26     16 |    0.10        0.00
GET      /cart                       64     0(0.00%) |     17       9     118     14 |    0.20        0.00
POST     /cart [add]                 87     0(0.00%) |     20      11     108     18 |    1.00        0.00
POST     /cart/checkout              39     0(0.00%) |     27      12     337     17 |    0.60        0.00
GET      /product/[id]              248     0(0.00%) |     21       8     761     14 |    2.70        0.00
POST     /setCurrency                47     0(0.00%) |     41      14     862     22 |    0.40        0.00
--------|----------------------|-------|-------------|-------|-------|-------|-------|--------|-----------
         Aggregated                 499     0(0.00%) |     22       8     862     16 |    5.00        0.00

Type     Name                                                                          # reqs      # fails |    Avg     Min     Max    Med |   req/s  failures/s
--------|----------------------------------------------------------------------------|-------|-------------|-------|-------|-------|-------|--------|-----------
GET      /                                                                                  8     0(0.00%) |     27      13      80     17 |    0.10        0.00
GET      /cart                                                                             66     0(0.00%) |     28       7     847     14 |    0.60        0.00
POST     /cart [add]                                                                       91     0(0.00%) |     24      12     157     20 |    0.80        0.00
POST     /cart/checkout                                                                    27     0(0.00%) |     21      12     107     17 |    0.30        0.00
GET      /product/[id]                                                                    243     0(0.00%) |     21       8     767     15 |    2.20        0.00
POST     /setCurrency                                                                      55     0(0.00%) |     31      15     235     24 |    0.90        0.00
--------|----------------------------------------------------------------------------|-------|-------------|-------|-------|-------|-------|--------|-----------
         Aggregated                                                                       490     0(0.00%) |     24       7     847     17 |    4.90        0.00

Type     Name                    # reqs      # fails |    Avg     Min     Max    Med |   req/s  failures/s
--------|----------------------|-------|-------------|-------|-------|-------|-------|--------|-----------
GET      /                           14     0(0.00%) |     18      13      26     16 |    0.10        0.00
GET      /cart                       64     0(0.00%) |     17       9     118     14 |    0.40        0.00
POST     /cart [add]                 88     0(0.00%) |     20      11     108     18 |    0.70        0.00
POST     /cart/checkout              39     0(0.00%) |     27      12     337     17 |    0.50        0.00
GET      /product/[id]              257     0(0.00%) |     20       8     761     14 |    2.80        0.00
POST     /setCurrency                50     0(0.00%) |     40      14     862     22 |    0.40        0.00
--------|----------------------|-------|-------------|-------|-------|-------|-------|--------|-----------
         Aggregated                 512     0(0.00%) |     22       8     862     16 |    4.90        0.00

Type     Name                                                                          # reqs      # fails |    Avg     Min     Max    Med |   req/s  failures/s
--------|----------------------------------------------------------------------------|-------|-------------|-------|-------|-------|-------|--------|-----------
GET      /                                                                                  8     0(0.00%) |     27      13      80     17 |    0.10        0.00
GET      /cart                                                                             66     0(0.00%) |     28       7     847     14 |    0.50        0.00
POST     /cart [add]                                                                       96     0(0.00%) |     24      12     157     20 |    1.10        0.00
POST     /cart/checkout                                                                    28     0(0.00%) |     21      12     107     17 |    0.40        0.00
GET      /product/[id]                                                                    245     0(0.00%) |     21       8     767     15 |    2.10        0.00
POST     /setCurrency                                                                      55     0(0.00%) |     31      15     235     24 |    1.10        0.00
--------|----------------------------------------------------------------------------|-------|-------------|-------|-------|-------|-------|--------|-----------
         Aggregated                                                                       498     0(0.00%) |     24       7     847     17 |    5.30        0.00

Type     Name                    # reqs      # fails |    Avg     Min     Max    Med |   req/s  failures/s
--------|----------------------|-------|-------------|-------|-------|-------|-------|--------|-----------
GET      /                           14     0(0.00%) |     18      13      26     16 |    0.10        0.00
GET      /cart                       64     0(0.00%) |     17       9     118     14 |    0.30        0.00
POST     /cart [add]                 91     0(0.00%) |     21      11     108     18 |    0.70        0.00
POST     /cart/checkout              41     0(0.00%) |     27      12     337     17 |    0.30        0.00
GET      /product/[id]              261     0(0.00%) |     20       8     761     14 |    3.40        0.00
POST     /setCurrency                50     0(0.00%) |     40      14     862     22 |    0.50        0.00
--------|----------------------|-------|-------------|-------|-------|-------|-------|--------|-----------
         Aggregated                 521     0(0.00%) |     22       8     862     16 |    5.30        0.00

Type     Name                                                                          # reqs      # fails |    Avg     Min     Max    Med |   req/s  failures/s
--------|----------------------------------------------------------------------------|-------|-------------|-------|-------|-------|-------|--------|-----------
GET      /                                                                                  8     0(0.00%) |     27      13      80     17 |    0.10        0.00
GET      /cart                                                                             68     0(0.00%) |     28       7     847     14 |    0.30        0.00
POST     /cart [add]                                                                       96     0(0.00%) |     24      12     157     20 |    1.40        0.00
POST     /cart/checkout                                                                    28     0(0.00%) |     21      12     107     17 |    0.50        0.00
GET      /product/[id]                                                                    252     0(0.00%) |     21       8     767     15 |    1.60        0.00
POST     /setCurrency                                                                      56     0(0.00%) |     31      15     235     23 |    1.00        0.00
--------|----------------------------------------------------------------------------|-------|-------------|-------|-------|-------|-------|--------|-----------
         Aggregated                                                                       508     0(0.00%) |     24       7     847     17 |    4.90        0.00

Type     Name                    # reqs      # fails |    Avg     Min     Max    Med |   req/s  failures/s
--------|----------------------|-------|-------------|-------|-------|-------|-------|--------|-----------
GET      /                           14     0(0.00%) |     18      13      26     16 |    0.00        0.00
GET      /cart                       67     0(0.00%) |     16       9     118     14 |    0.20        0.00
POST     /cart [add]                 93     0(0.00%) |     20      11     108     18 |    0.70        0.00
POST     /cart/checkout              41     0(0.00%) |     27      12     337     17 |    0.40        0.00
GET      /product/[id]              264     0(0.00%) |     20       8     761     14 |    3.10        0.00
POST     /setCurrency                50     0(0.00%) |     40      14     862     22 |    0.50        0.00
--------|----------------------|-------|-------------|-------|-------|-------|-------|--------|-----------
         Aggregated                 529     0(0.00%) |     22       8     862     16 |    4.90        0.00

Type     Name                                                                          # reqs      # fails |    Avg     Min     Max    Med |   req/s  failures/s
--------|----------------------------------------------------------------------------|-------|-------------|-------|-------|-------|-------|--------|-----------
GET      /                                                                                  8     0(0.00%) |     27      13      80     17 |    0.10        0.00
GET      /cart                                                                             68     0(0.00%) |     28       7     847     14 |    0.50        0.00
POST     /cart [add]                                                                       97     0(0.00%) |     24      12     157     20 |    1.30        0.00
POST     /cart/checkout                                                                    28     0(0.00%) |     21      12     107     17 |    0.40        0.00
GET      /product/[id]                                                                    261     0(0.00%) |     21       8     767     15 |    1.90        0.00
POST     /setCurrency                                                                      59     0(0.00%) |     30      15     235     22 |    0.70        0.00
--------|----------------------------------------------------------------------------|-------|-------------|-------|-------|-------|-------|--------|-----------
         Aggregated                                                                       521     0(0.00%) |     23       7     847     17 |    4.90        0.00

Type     Name                    # reqs      # fails |    Avg     Min     Max    Med |   req/s  failures/s
--------|----------------------|-------|-------------|-------|-------|-------|-------|--------|-----------
GET      /                           14     0(0.00%) |     18      13      26     16 |    0.00        0.00
GET      /cart                       69     0(0.00%) |     16       9     118     14 |    0.40        0.00
POST     /cart [add]                 93     0(0.00%) |     20      11     108     18 |    0.70        0.00
POST     /cart/checkout              41     0(0.00%) |     27      12     337     17 |    0.40        0.00
GET      /product/[id]              269     0(0.00%) |     20       8     761     14 |    2.90        0.00
POST     /setCurrency                50     0(0.00%) |     40      14     862     22 |    0.30        0.00
--------|----------------------|-------|-------------|-------|-------|-------|-------|--------|-----------
         Aggregated                 536     0(0.00%) |     22       8     862     16 |    4.70        0.00

Type     Name                                                                          # reqs      # fails |    Avg     Min     Max    Med |   req/s  failures/s
--------|----------------------------------------------------------------------------|-------|-------------|-------|-------|-------|-------|--------|-----------
GET      /                                                                                  8     0(0.00%) |     27      13      80     17 |    0.10        0.00
GET      /cart                                                                             68     0(0.00%) |     28       7     847     14 |    0.50        0.00
POST     /cart [add]                                                                      100     0(0.00%) |     24      12     157     20 |    1.30        0.00
POST     /cart/checkout                                                                    28     0(0.00%) |     21      12     107     17 |    0.30        0.00
GET      /product/[id]                                                                    265     0(0.00%) |     21       8     767     15 |    2.00        0.00
POST     /setCurrency                                                                      60     0(0.00%) |     30      15     235     22 |    0.80        0.00
--------|----------------------------------------------------------------------------|-------|-------------|-------|-------|-------|-------|--------|-----------
         Aggregated                                                                       529     0(0.00%) |     23       7     847     17 |    5.00        0.00

Type     Name                    # reqs      # fails |    Avg     Min     Max    Med |   req/s  failures/s
--------|----------------------|-------|-------------|-------|-------|-------|-------|--------|-----------
GET      /                           15     0(0.00%) |     19      13      27     16 |    0.00        0.00
GET      /cart                       70     0(0.00%) |     16       9     118     13 |    0.60        0.00
POST     /cart [add]                 94     0(0.00%) |     21      11     108     18 |    0.70        0.00
POST     /cart/checkout              41     0(0.00%) |     27      12     337     17 |    0.20        0.00
GET      /product/[id]              272     0(0.00%) |     20       8     761     15 |    2.80        0.00
POST     /setCurrency                50     0(0.00%) |     40      14     862     22 |    0.30        0.00
--------|----------------------|-------|-------------|-------|-------|-------|-------|--------|-----------
         Aggregated                 542     0(0.00%) |     22       8     862     16 |    4.60        0.00

Type     Name                                                                          # reqs      # fails |    Avg     Min     Max    Med |   req/s  failures/s
--------|----------------------------------------------------------------------------|-------|-------------|-------|-------|-------|-------|--------|-----------
GET      /                                                                                 10     0(0.00%) |     30      13      80     21 |    0.10        0.00
GET      /cart                                                                             70     0(0.00%) |     27       7     847     14 |    0.40        0.00
POST     /cart [add]                                                                      101     0(0.00%) |     24      12     157     20 |    1.30        0.00
POST     /cart/checkout                                                                    28     0(0.00%) |     21      12     107     17 |    0.20        0.00
GET      /product/[id]                                                                    271     0(0.00%) |     21       8     767     15 |    2.50        0.00
POST     /setCurrency                                                                      60     0(0.00%) |     30      15     235     22 |    0.70        0.00
--------|----------------------------------------------------------------------------|-------|-------------|-------|-------|-------|-------|--------|-----------
         Aggregated                                                                       540     0(0.00%) |     23       7     847     17 |    5.20        0.00

Type     Name                    # reqs      # fails |    Avg     Min     Max    Med |   req/s  failures/s
--------|----------------------|-------|-------------|-------|-------|-------|-------|--------|-----------
GET      /                           16     0(0.00%) |     19      13      27     16 |    0.10        0.00
GET      /cart                       71     0(0.00%) |     17       9     118     14 |    0.60        0.00
POST     /cart [add]                 99     0(0.00%) |     22      11     108     18 |    0.70        0.00
POST     /cart/checkout              45     0(0.00%) |     31      12     337     17 |    0.20        0.00
GET      /product/[id]              276     0(0.00%) |     20       8     761     15 |    2.30        0.00
POST     /setCurrency                50     0(0.00%) |     40      14     862     22 |    0.30        0.00
--------|----------------------|-------|-------------|-------|-------|-------|-------|--------|-----------
         Aggregated                 557     0(0.00%) |     23       8     862     16 |    4.20        0.00

Type     Name                                                                          # reqs      # fails |    Avg     Min     Max    Med |   req/s  failures/s
--------|----------------------------------------------------------------------------|-------|-------------|-------|-------|-------|-------|--------|-----------
GET      /                                                                                 10     0(0.00%) |     30      13      80     21 |    0.20        0.00
GET      /cart                                                                             72     0(0.00%) |     27       7     847     14 |    0.40        0.00
POST     /cart [add]                                                                      102     0(0.00%) |     24      12     157     20 |    1.00        0.00
POST     /cart/checkout                                                                    28     0(0.00%) |     21      12     107     17 |    0.10        0.00
GET      /product/[id]                                                                    277     0(0.00%) |     21       8     767     15 |    2.80        0.00
POST     /setCurrency                                                                      60     0(0.00%) |     30      15     235     22 |    0.50        0.00
--------|----------------------------------------------------------------------------|-------|-------------|-------|-------|-------|-------|--------|-----------
         Aggregated                                                                       549     0(0.00%) |     23       7     847     17 |    5.00        0.00

Type     Name                    # reqs      # fails |    Avg     Min     Max    Med |   req/s  failures/s
--------|----------------------|-------|-------------|-------|-------|-------|-------|--------|-----------
GET      /                           16     0(0.00%) |     19      13      27     16 |    0.20        0.00
GET      /cart                       72     0(0.00%) |     17       9     118     13 |    0.70        0.00
POST     /cart [add]                102     0(0.00%) |     22      11     108     18 |    1.00        0.00
POST     /cart/checkout              47     0(0.00%) |     30      12     337     17 |    0.30        0.00
GET      /product/[id]              283     0(0.00%) |     20       8     761     15 |    2.00        0.00
POST     /setCurrency                50     0(0.00%) |     40      14     862     22 |    0.20        0.00
--------|----------------------|-------|-------------|-------|-------|-------|-------|--------|-----------
         Aggregated                 570     0(0.00%) |     23       8     862     16 |    4.40        0.00

Type     Name                                                                          # reqs      # fails |    Avg     Min     Max    Med |   req/s  failures/s
--------|----------------------------------------------------------------------------|-------|-------------|-------|-------|-------|-------|--------|-----------
GET      /                                                                                 11     0(0.00%) |     28      13      80     21 |    0.20        0.00
GET      /cart                                                                             73     0(0.00%) |     27       7     847     14 |    0.60        0.00
POST     /cart [add]                                                                      103     0(0.00%) |     24      12     157     20 |    0.60        0.00
POST     /cart/checkout                                                                    29     0(0.00%) |     21      12     107     17 |    0.00        0.00
GET      /product/[id]                                                                    282     0(0.00%) |     21       8     767     15 |    3.10        0.00
POST     /setCurrency                                                                      62     0(0.00%) |     30      15     235     22 |    0.50        0.00
--------|----------------------------------------------------------------------------|-------|-------------|-------|-------|-------|-------|--------|-----------
         Aggregated                                                                       560     0(0.00%) |     23       7     847     17 |    5.00        0.00

Type     Name                    # reqs      # fails |    Avg     Min     Max    Med |   req/s  failures/s
--------|----------------------|-------|-------------|-------|-------|-------|-------|--------|-----------
GET      /                           17     0(0.00%) |     19      13      27     17 |    0.20        0.00
GET      /cart                       73     0(0.00%) |     17       9     118     13 |    0.70        0.00
POST     /cart [add]                103     0(0.00%) |     22      11     108     18 |    1.30        0.00
POST     /cart/checkout              48     0(0.00%) |     30      12     337     17 |    0.70        0.00
GET      /product/[id]              288     0(0.00%) |     20       8     761     15 |    1.90        0.00
POST     /setCurrency                51     0(0.00%) |     40      14     862     22 |    0.00        0.00
--------|----------------------|-------|-------------|-------|-------|-------|-------|--------|-----------
         Aggregated                 580     0(0.00%) |     22       8     862     16 |    4.80        0.00

Type     Name                                                                          # reqs      # fails |    Avg     Min     Max    Med |   req/s  failures/s
--------|----------------------------------------------------------------------------|-------|-------------|-------|-------|-------|-------|--------|-----------
GET      /                                                                                 11     0(0.00%) |     28      13      80     21 |    0.20        0.00
GET      /cart                                                                             73     0(0.00%) |     27       7     847     14 |    0.50        0.00
POST     /cart [add]                                                                      106     0(0.00%) |     24      12     157     20 |    0.70        0.00
POST     /cart/checkout                                                                    29     0(0.00%) |     21      12     107     17 |    0.10        0.00
GET      /product/[id]                                                                    287     0(0.00%) |     21       8     767     15 |    3.00        0.00
POST     /setCurrency                                                                      64     0(0.00%) |     29      15     235     22 |    0.60        0.00
--------|----------------------------------------------------------------------------|-------|-------------|-------|-------|-------|-------|--------|-----------
         Aggregated                                                                       570     0(0.00%) |     23       7     847     17 |    5.10        0.00

Type     Name                    # reqs      # fails |    Avg     Min     Max    Med |   req/s  failures/s
--------|----------------------|-------|-------------|-------|-------|-------|-------|--------|-----------
GET      /                           17     0(0.00%) |     19      13      27     17 |    0.14        0.00
GET      /cart                       76     0(0.00%) |     17       9     118     13 |    0.64        0.00
POST     /cart [add]                105     0(0.00%) |     22      11     108     18 |    0.88        0.00
POST     /cart/checkout              49     0(0.00%) |     30      12     337     18 |    0.41        0.00
GET      /product/[id]              289     0(0.00%) |     20       8     761     15 |    2.42        0.00
POST     /setCurrency                51     0(0.00%) |     40      14     862     22 |    0.43        0.00
--------|----------------------|-------|-------------|-------|-------|-------|-------|--------|-----------
         Aggregated                 587     0(0.00%) |     22       8     862     16 |    4.92        0.00

Response time percentiles (approximated)
Type     Name                            50%    66%    75%    80%    90%    95%    98%    99%  99.9% 99.99%   100% # reqs
--------|--------------------------|--------|------|------|------|------|------|------|------|------|------|------|------
GET      /                                17     24     24     25     27     28     28     28     28     28     28     17
GET      /cart                            14     16     20     21     23     27     64    120    120    120    120     76
POST     /cart [add]                      18     22     26     28     31     35     47    110    110    110    110    105
POST     /cart/checkout                   18     20     21     21     25     97    340    340    340    340    340     49
GET      /product/[id]                    15     18     21     22     25     26     65    170    760    760    760    289
POST     /setCurrency                     22     23     28     30     32     37     83    860    860    860    860     51
--------|--------------------------|--------|------|------|------|------|------|------|------|------|------|------|------
Type     Name                                                                          # reqs      # fails |    Avg     Min     Max    Med |   req/s  failures/s
         Aggregated                       16     20     22     23     27     32     83    170    860    860    860    587

--------|----------------------------------------------------------------------------|-------|-------------|-------|-------|-------|-------|--------|-----------
GET      /                                                                                 11     0(0.00%) |     28      13      80     21 |    0.09        0.00
GET      /cart                                                                             75     0(0.00%) |     27       7     847     14 |    0.63        0.00
POST     /cart [add]                                                                      107     0(0.00%) |     24      12     157     20 |    0.89        0.00
POST     /cart/checkout                                                                    30     0(0.00%) |     21      12     107     17 |    0.25        0.00
GET      /product/[id]                                                                    290     0(0.00%) |     21       8     767     15 |    2.42        0.00
POST     /setCurrency                                                                      65     0(0.00%) |     29      15     235     22 |    0.54        0.00
--------|----------------------------------------------------------------------------|-------|-------------|-------|-------|-------|-------|--------|-----------
         Aggregated                                                                       578     0(0.00%) |     23       7     847     17 |    4.83        0.00

Response time percentiles (approximated)
Type     Name                                                                                  50%    66%    75%    80%    90%    95%    98%    99%  99.9% 99.99%   100% # reqs
--------|--------------------------------------------------------------------------------|--------|------|------|------|------|------|------|------|------|------|------|------
GET      /                                                                                      21     29     29     29     54     80     80     80     80     80     80     11
GET      /cart                                                                                  14     17     20     22     25     27     57    850    850    850    850     75
POST     /cart [add]                                                                            20     23     26     28     34     35     94    110    160    160    160    107
POST     /cart/checkout                                                                         18     20     22     27     29     30    110    110    110    110    110     30
GET      /product/[id]                                                                          15     19     21     22     25     27     73    140    770    770    770    290
POST     /setCurrency                                                                           22     27     28     30     33     36    210    240    240    240    240     65
--------|--------------------------------------------------------------------------------|--------|------|------|------|------|------|------|------|------|------|------|------
         Aggregated                                                                             17     21     22     24     29     34     94    160    850    850    850    578

