/Users/edias/Library/Python/3.9/lib/python/site-packages/urllib3/__init__.py:35: NotOpenSSLWarning: urllib3 v2 only supports OpenSSL 1.1.1+, currently the 'ssl' module is compiled with 'LibreSSL 2.8.3'. See: https://github.com/urllib3/urllib3/issues/3020
  warnings.warn(
[2026-05-20 20:43:27,026] Mac/WARNING/locust.main: Python 3.9 support is deprecated and will be removed soon
Type     Name                                                                          # reqs      # fails |    Avg     Min     Max    Med |   req/s  failures/s
--------|----------------------------------------------------------------------------|-------|-------------|-------|-------|-------|-------|--------|-----------
--------|----------------------------------------------------------------------------|-------|-------------|-------|-------|-------|-------|--------|-----------
         Aggregated                                                                         0     0(0.00%) |      0       0       0      0 |    0.00        0.00

Type     Name                                                                          # reqs      # fails |    Avg     Min     Max    Med |   req/s  failures/s
--------|----------------------------------------------------------------------------|-------|-------------|-------|-------|-------|-------|--------|-----------
GET      /                                                                                  1     0(0.00%) |     33      33      33     33 |    0.00        0.00
POST     /cart [add]                                                                        6     0(0.00%) |     22      11      40     17 |    0.00        0.00
POST     /cart/checkout                                                                     3     0(0.00%) |     18      14      23     17 |    0.00        0.00
GET      /product/[id]                                                                     13     0(0.00%) |     19       9      37     17 |    0.00        0.00
POST     /setCurrency                                                                       2     0(0.00%) |     27      15      40     15 |    0.00        0.00
--------|----------------------------------------------------------------------------|-------|-------------|-------|-------|-------|-------|--------|-----------
         Aggregated                                                                        25     0(0.00%) |     21       9      40     17 |    0.00        0.00

Type     Name                                                                          # reqs      # fails |    Avg     Min     Max    Med |   req/s  failures/s
--------|----------------------------------------------------------------------------|-------|-------------|-------|-------|-------|-------|--------|-----------
GET      /                                                                                  5     0(0.00%) |     19      13      33     17 |    1.00        0.00
GET      /cart                                                                              6     0(0.00%) |     11       7      17     10 |    0.00        0.00
POST     /cart [add]                                                                       14     0(0.00%) |     19       9      40     16 |    2.00        0.00
POST     /cart/checkout                                                                     4     0(0.00%) |     17      14      23     15 |    2.00        0.00
GET      /product/[id]                                                                     38     0(0.00%) |     14       7      37     12 |    6.00        0.00
POST     /setCurrency                                                                       9     0(0.00%) |     20      13      40     18 |    0.00        0.00
--------|----------------------------------------------------------------------------|-------|-------------|-------|-------|-------|-------|--------|-----------
         Aggregated                                                                        76     0(0.00%) |     16       7      40     14 |   11.00        0.00

Type     Name                                                                          # reqs      # fails |    Avg     Min     Max    Med |   req/s  failures/s
--------|----------------------------------------------------------------------------|-------|-------------|-------|-------|-------|-------|--------|-----------
GET      /                                                                                  6     0(0.00%) |     20      13      33     17 |    1.33        0.00
GET      /cart                                                                             14     0(0.00%) |     17       6      63      9 |    0.33        0.00
POST     /cart [add]                                                                       33     0(0.00%) |     20       9      83     14 |    3.00        0.00
POST     /cart/checkout                                                                     9     0(0.00%) |     24      13      64     15 |    1.00        0.00
GET      /product/[id]                                                                     69     0(0.00%) |     12       6      37     11 |    8.00        0.00
POST     /setCurrency                                                                      17     0(0.00%) |     22      13      91     16 |    2.00        0.00
--------|----------------------------------------------------------------------------|-------|-------------|-------|-------|-------|-------|--------|-----------
         Aggregated                                                                       148     0(0.00%) |     17       6      91     13 |   15.67        0.00

Type     Name                                                                          # reqs      # fails |    Avg     Min     Max    Med |   req/s  failures/s
--------|----------------------------------------------------------------------------|-------|-------------|-------|-------|-------|-------|--------|-----------
GET      /                                                                                  9     0(0.00%) |     22      12      44     18 |    1.20        0.00
GET      /cart                                                                             27     0(0.00%) |     17       5     151      9 |    2.00        0.00
POST     /cart [add]                                                                       58     0(0.00%) |     20       9     124     13 |    4.60        0.00
POST     /cart/checkout                                                                    18     0(0.00%) |     23      10      95     15 |    1.60        0.00
GET      /product/[id]                                                                    127     0(0.00%) |     16       5     164     10 |   10.40        0.00
POST     /setCurrency                                                                      24     0(0.00%) |     26      13     119     16 |    2.60        0.00
--------|----------------------------------------------------------------------------|-------|-------------|-------|-------|-------|-------|--------|-----------
         Aggregated                                                                       263     0(0.00%) |     18       5     164     12 |   22.40        0.00

Type     Name                                                                          # reqs      # fails |    Avg     Min     Max    Med |   req/s  failures/s
--------|----------------------------------------------------------------------------|-------|-------------|-------|-------|-------|-------|--------|-----------
GET      /                                                                                 11     1(9.09%) |     19       2      44     17 |    1.12        0.00
GET      /cart                                                                             48   16(33.33%) |     23       1     244      7 |    3.38        0.00
POST     /cart [add]                                                                       81   14(17.28%) |     24       3     322     13 |    7.25        0.00
POST     /cart/checkout                                                                    21     0(0.00%) |     23      10      95     15 |    2.25        0.00
GET      /product/[id]                                                                    197   46(23.35%) |     19       1     291      9 |   15.88        0.00
POST     /setCurrency                                                                      36    7(19.44%) |     31       3     234     16 |    3.00        0.00
--------|----------------------------------------------------------------------------|-------|-------------|-------|-------|-------|-------|--------|-----------
         Aggregated                                                                       394   84(21.32%) |     22       1     322     11 |   32.88        0.00

Type     Name                                                                          # reqs      # fails |    Avg     Min     Max    Med |   req/s  failures/s
--------|----------------------------------------------------------------------------|-------|-------------|-------|-------|-------|-------|--------|-----------
GET      /                                                                                 14    4(28.57%) |     16       2      44     14 |    1.10        0.10
GET      /cart                                                                             70   38(54.29%) |     17       1     244      7 |    4.70        1.50
POST     /cart [add]                                                                      113   46(40.71%) |     21       3     322     12 |    8.00        1.30
POST     /cart/checkout                                                                    21     0(0.00%) |     23      10      95     15 |    2.10        0.00
GET      /product/[id]                                                                    290  139(47.93%) |     15       1     291      8 |   19.70        4.60
POST     /setCurrency                                                                      50   21(42.00%) |     24       2     234     15 |    3.50        0.60
--------|----------------------------------------------------------------------------|-------|-------------|-------|-------|-------|-------|--------|-----------
         Aggregated                                                                       558  248(44.44%) |     18       1     322      9 |   39.10        8.10

Type     Name                                                                          # reqs      # fails |    Avg     Min     Max    Med |   req/s  failures/s
--------|----------------------------------------------------------------------------|-------|-------------|-------|-------|-------|-------|--------|-----------
GET      /                                                                                 19    9(47.37%) |     12       2      44     11 |    1.30        0.40
GET      /cart                                                                             99   67(67.68%) |     13       0     244      5 |    6.90        3.70
POST     /cart [add]                                                                      151   84(55.63%) |     19       3     322     11 |   10.50        4.40
POST     /cart/checkout                                                                    21     0(0.00%) |     23      10      95     15 |    1.80        0.00
GET      /product/[id]                                                                    390  239(61.28%) |     13       1     291      6 |   27.60       13.70
POST     /setCurrency                                                                      71   42(59.15%) |     18       1     234     10 |    4.70        2.00
--------|----------------------------------------------------------------------------|-------|-------------|-------|-------|-------|-------|--------|-----------
         Aggregated                                                                       751  441(58.72%) |     15       0     322      8 |   52.80       24.20

Type     Name                                                                          # reqs      # fails |    Avg     Min     Max    Med |   req/s  failures/s
--------|----------------------------------------------------------------------------|-------|-------------|-------|-------|-------|-------|--------|-----------
GET      /                                                                                 20   10(50.00%) |     12       2      44      7 |    1.40        0.90
GET      /cart                                                                            131   99(75.57%) |     11       0     244      3 |    9.20        6.60
POST     /cart [add]                                                                      207  140(67.63%) |     16       2     322     10 |   13.70        8.40
POST     /cart/checkout                                                                    21     0(0.00%) |     23      10      95     15 |    1.70        0.00
GET      /product/[id]                                                                    506  355(70.16%) |     11       1     291      5 |   34.90       23.60
POST     /setCurrency                                                                      93   64(68.82%) |     16       1     234      8 |    6.20        4.20
--------|----------------------------------------------------------------------------|-------|-------------|-------|-------|-------|-------|--------|-----------
         Aggregated                                                                       978  668(68.30%) |     12       0     322      6 |   67.10       43.70

Type     Name                                                                          # reqs      # fails |    Avg     Min     Max    Med |   req/s  failures/s
--------|----------------------------------------------------------------------------|-------|-------------|-------|-------|-------|-------|--------|-----------
GET      /                                                                                 33   23(69.70%) |      9       1      44      4 |    1.40        1.00
GET      /cart                                                                            162  130(80.25%) |      9       0     244      3 |   11.70        9.90
POST     /cart [add]                                                                      255  188(73.73%) |     15       2     322      9 |   17.20       13.80
POST     /cart/checkout                                                                    21     0(0.00%) |     23      10      95     15 |    1.20        0.00
GET      /product/[id]                                                                    639  488(76.37%) |     10       1     291      5 |   43.40       35.20
POST     /setCurrency                                                                     121   92(76.03%) |     13       1     234      7 |    7.50        6.30
--------|----------------------------------------------------------------------------|-------|-------------|-------|-------|-------|-------|--------|-----------
         Aggregated                                                                      1231  921(74.82%) |     11       0     322      6 |   82.40       66.20

Type     Name                                                                          # reqs      # fails |    Avg     Min     Max    Med |   req/s  failures/s
--------|----------------------------------------------------------------------------|-------|-------------|-------|-------|-------|-------|--------|-----------
GET      /                                                                                 43   33(76.74%) |      8       1      44      4 |    2.40        2.30
GET      /cart                                                                            201  169(84.08%) |      8       0     244      3 |   13.40       12.90
POST     /cart [add]                                                                      312  245(78.53%) |     14       2     322      8 |   19.50       18.60
POST     /cart/checkout                                                                    21     0(0.00%) |     23      10      95     15 |    0.30        0.00
GET      /product/[id]                                                                    783  632(80.72%) |      8       1     291      4 |   51.10       48.70
POST     /setCurrency                                                                     151  122(80.79%) |     12       1     234      6 |    9.50        9.00
--------|----------------------------------------------------------------------------|-------|-------------|-------|-------|-------|-------|--------|-----------
         Aggregated                                                                      1511 1201(79.48%) |     10       0     322      5 |   96.20       91.50

Type     Name                                                                          # reqs      # fails |    Avg     Min     Max    Med |   req/s  failures/s
--------|----------------------------------------------------------------------------|-------|-------------|-------|-------|-------|-------|--------|-----------
GET      /                                                                                 53   43(81.13%) |     10       1      97      4 |    3.10        3.10
GET      /cart                                                                            236  204(86.44%) |      9       0     244      3 |   15.30       15.30
POST     /cart [add]                                                                      379  312(82.32%) |     18       2     322      9 |   23.00       23.00
POST     /cart/checkout                                                                    21     0(0.00%) |     23      10      95     15 |    0.00        0.00
GET      /product/[id]                                                                    937  786(83.88%) |     10       1     291      4 |   58.50       58.50
POST     /setCurrency                                                                     175  146(83.43%) |     14       1     234      6 |   11.60       11.60
--------|----------------------------------------------------------------------------|-------|-------------|-------|-------|-------|-------|--------|-----------
         Aggregated                                                                      1801 1491(82.79%) |     12       0     322      5 |  111.50      111.50

Type     Name                                                                          # reqs      # fails |    Avg     Min     Max    Med |   req/s  failures/s
--------|----------------------------------------------------------------------------|-------|-------------|-------|-------|-------|-------|--------|-----------
GET      /                                                                                 59   49(83.05%) |     10       0      97      4 |    3.90        3.90
GET      /cart                                                                            272  240(88.24%) |      9       0     244      3 |   16.40       16.40
POST     /cart [add]                                                                      449  382(85.08%) |     19       2     322      8 |   26.80       26.80
POST     /cart/checkout                                                                    21     0(0.00%) |     23      10      95     15 |    0.00        0.00
GET      /product/[id]                                                                   1123  972(86.55%) |     11       0     291      4 |   63.60       63.60
POST     /setCurrency                                                                     210  181(86.19%) |     13       1     234      5 |   12.30       12.30
--------|----------------------------------------------------------------------------|-------|-------------|-------|-------|-------|-------|--------|-----------
         Aggregated                                                                      2134 1824(85.47%) |     13       0     322      5 |  123.00      123.00

Type     Name                                                                          # reqs      # fails |    Avg     Min     Max    Med |   req/s  failures/s
--------|----------------------------------------------------------------------------|-------|-------------|-------|-------|-------|-------|--------|-----------
GET      /                                                                                 71   61(85.92%) |      8       0      97      4 |    3.90        3.90
GET      /cart                                                                            313  281(89.78%) |      8       0     244      3 |   17.40       17.40
POST     /cart [add]                                                                      524  457(87.21%) |     18       2     322      8 |   29.50       29.50
POST     /cart/checkout                                                                    21     0(0.00%) |     23      10      95     15 |    0.00        0.00
GET      /product/[id]                                                                   1325 1174(88.60%) |     10       0     291      4 |   71.80       71.80
POST     /setCurrency                                                                     243  214(88.07%) |     12       1     234      5 |   13.70       13.70
--------|----------------------------------------------------------------------------|-------|-------------|-------|-------|-------|-------|--------|-----------
         Aggregated                                                                      2497 2187(87.59%) |     11       0     322      5 |  136.30      136.30

Type     Name                                                                          # reqs      # fails |    Avg     Min     Max    Med |   req/s  failures/s
--------|----------------------------------------------------------------------------|-------|-------------|-------|-------|-------|-------|--------|-----------
GET      /                                                                                 80   70(87.50%) |      8       0      97      4 |    5.10        5.10
GET      /cart                                                                            373  341(91.42%) |      8       0     244      3 |   18.10       18.10
POST     /cart [add]                                                                      591  524(88.66%) |     17       2     322      7 |   31.70       31.70
POST     /cart/checkout                                                                    21     0(0.00%) |     23      10      95     15 |    0.00        0.00
GET      /product/[id]                                                                   1530 1379(90.13%) |     10       0     291      4 |   81.40       81.40
POST     /setCurrency                                                                     282  253(89.72%) |     13       1     234      5 |   15.00       15.00
--------|----------------------------------------------------------------------------|-------|-------------|-------|-------|-------|-------|--------|-----------
         Aggregated                                                                      2877 2567(89.22%) |     11       0     322      5 |  151.30      151.30

Type     Name                                                                          # reqs      # fails |    Avg     Min     Max    Med |   req/s  failures/s
--------|----------------------------------------------------------------------------|-------|-------------|-------|-------|-------|-------|--------|-----------
GET      /                                                                                 94   84(89.36%) |      7       0      97      3 |    4.70        4.70
GET      /cart                                                                            442  410(92.76%) |      7       0     244      3 |   21.20       21.20
POST     /cart [add]                                                                      668  601(89.97%) |     16       2     322      7 |   33.40       33.40
POST     /cart/checkout                                                                    21     0(0.00%) |     23      10      95     15 |    0.00        0.00
GET      /product/[id]                                                                   1749 1598(91.37%) |      9       0     291      3 |   88.80       88.80
POST     /setCurrency                                                                     326  297(91.10%) |     12       1     234      5 |   16.10       16.10
--------|----------------------------------------------------------------------------|-------|-------------|-------|-------|-------|-------|--------|-----------
         Aggregated                                                                      3300 2990(90.61%) |     10       0     322      4 |  164.20      164.20

Type     Name                                                                          # reqs      # fails |    Avg     Min     Max    Med |   req/s  failures/s
--------|----------------------------------------------------------------------------|-------|-------------|-------|-------|-------|-------|--------|-----------
GET      /                                                                                105   95(90.48%) |      7       0      97      3 |    5.10        5.10
GET      /cart                                                                            499  467(93.59%) |      7       0     244      3 |   23.80       23.80
POST     /cart [add]                                                                      758  691(91.16%) |     15       2     322      7 |   35.30       35.30
POST     /cart/checkout                                                                    21     0(0.00%) |     23      10      95     15 |    0.00        0.00
GET      /product/[id]                                                                   1990 1839(92.41%) |      9       0     291      3 |   95.90       95.90
POST     /setCurrency                                                                     380  351(92.37%) |     12       1     234      5 |   17.40       17.40
--------|----------------------------------------------------------------------------|-------|-------------|-------|-------|-------|-------|--------|-----------
         Aggregated                                                                      3753 3443(91.74%) |     10       0     322      4 |  177.50      177.50

Type     Name                                                                          # reqs      # fails |    Avg     Min     Max    Med |   req/s  failures/s
--------|----------------------------------------------------------------------------|-------|-------------|-------|-------|-------|-------|--------|-----------
GET      /                                                                                116  106(91.38%) |      7       0      97      3 |    5.20        5.20
GET      /cart                                                                            572  540(94.41%) |      6       0     244      3 |   26.50       26.50
POST     /cart [add]                                                                      846  779(92.08%) |     14       2     322      7 |   37.40       37.40
POST     /cart/checkout                                                                    21     0(0.00%) |     23      10      95     15 |    0.00        0.00
GET      /product/[id]                                                                   2253 2102(93.30%) |      8       0     291      3 |  105.30      105.30
POST     /setCurrency                                                                     429  400(93.24%) |     11       1     234      5 |   20.70       20.70
--------|----------------------------------------------------------------------------|-------|-------------|-------|-------|-------|-------|--------|-----------
         Aggregated                                                                      4237 3927(92.68%) |      9       0     322      4 |  195.10      195.10

Type     Name                                                                          # reqs      # fails |    Avg     Min     Max    Med |   req/s  failures/s
--------|----------------------------------------------------------------------------|-------|-------------|-------|-------|-------|-------|--------|-----------
GET      /                                                                                130  120(92.31%) |      6       0      97      3 |    5.60        5.60
GET      /cart                                                                            648  616(95.06%) |      6       0     244      2 |   29.80       29.80
POST     /cart [add]                                                                      957  890(93.00%) |     13       2     322      7 |   39.80       39.80
POST     /cart/checkout                                                                    21     0(0.00%) |     23      10      95     15 |    0.00        0.00
GET      /product/[id]                                                                   2515 2364(94.00%) |      7       0     291      3 |  113.80      113.80
POST     /setCurrency                                                                     486  457(94.03%) |     10       1     234      5 |   22.00       22.00
--------|----------------------------------------------------------------------------|-------|-------------|-------|-------|-------|-------|--------|-----------
         Aggregated                                                                      4757 4447(93.48%) |      9       0     322      4 |  211.00      211.00

Type     Name                                                                          # reqs      # fails |    Avg     Min     Max    Med |   req/s  failures/s
--------|----------------------------------------------------------------------------|-------|-------------|-------|-------|-------|-------|--------|-----------
GET      /                                                                                143  133(93.01%) |      6       0      97      3 |    5.70        5.70
GET      /cart                                                                            726  694(95.59%) |      5       0     244      2 |   33.20       33.20
POST     /cart [add]                                                                     1071 1004(93.74%) |     12       2     322      6 |   43.10       43.10
POST     /cart/checkout                                                                    21     0(0.00%) |     23      10      95     15 |    0.00        0.00
GET      /product/[id]                                                                   2791 2640(94.59%) |      7       0     291      3 |  118.50      118.50
POST     /setCurrency                                                                     544  515(94.67%) |      9       1     234      5 |   24.10       24.10
--------|----------------------------------------------------------------------------|-------|-------------|-------|-------|-------|-------|--------|-----------
         Aggregated                                                                      5296 4986(94.15%) |      8       0     322      4 |  224.60      224.60

Type     Name                                                                          # reqs      # fails |    Avg     Min     Max    Med |   req/s  failures/s
--------|----------------------------------------------------------------------------|-------|-------------|-------|-------|-------|-------|--------|-----------
GET      /                                                                                152  142(93.42%) |      7       0      97      3 |    6.30        6.30
GET      /cart                                                                            793  761(95.96%) |      6       0     244      2 |   34.90       34.90
POST     /cart [add]                                                                     1167 1100(94.26%) |     15       2     322      6 |   48.00       48.00
POST     /cart/checkout                                                                    21     0(0.00%) |     23      10      95     15 |    0.00        0.00
GET      /product/[id]                                                                   3050 2899(95.05%) |      8       0     291      3 |  125.40      125.40
POST     /setCurrency                                                                     605  576(95.21%) |     12       1     234      5 |   26.40       26.40
--------|----------------------------------------------------------------------------|-------|-------------|-------|-------|-------|-------|--------|-----------
         Aggregated                                                                      5788 5478(94.64%) |     10       0     322      4 |  241.00      241.00

Type     Name                                                                          # reqs      # fails |    Avg     Min     Max    Med |   req/s  failures/s
--------|----------------------------------------------------------------------------|-------|-------------|-------|-------|-------|-------|--------|-----------
GET      /                                                                                168  158(94.05%) |      8       0      97      3 |    5.90        5.90
GET      /cart                                                                            864  832(96.30%) |      7       0     244      3 |   35.30       35.30
POST     /cart [add]                                                                     1249 1182(94.64%) |     17       2     322      7 |   50.20       50.20
POST     /cart/checkout                                                                    21     0(0.00%) |     23      10      95     15 |    0.00        0.00
GET      /product/[id]                                                                   3306 3155(95.43%) |      9       0     291      3 |  129.40      129.40
POST     /setCurrency                                                                     656  627(95.58%) |     14       1     234      5 |   27.80       27.80
--------|----------------------------------------------------------------------------|-------|-------------|-------|-------|-------|-------|--------|-----------
         Aggregated                                                                      6264 5954(95.05%) |     11       0     322      4 |  248.60      248.60

Type     Name                                                                          # reqs      # fails |    Avg     Min     Max    Med |   req/s  failures/s
--------|----------------------------------------------------------------------------|-------|-------------|-------|-------|-------|-------|--------|-----------
GET      /                                                                                180  170(94.44%) |      8       0      97      3 |    6.30        6.30
GET      /cart                                                                            917  885(96.51%) |      7       0     244      3 |   36.60       36.60
POST     /cart [add]                                                                     1324 1257(94.94%) |     37       2    1090      7 |   49.60       49.60
POST     /cart/checkout                                                                    21     0(0.00%) |     23      10      95     15 |    0.00        0.00
GET      /product/[id]                                                                   3541 3390(95.74%) |     10       0     291      3 |  130.90      130.90
POST     /setCurrency                                                                     689  660(95.79%) |     14       1     234      5 |   27.60       27.60
--------|----------------------------------------------------------------------------|-------|-------------|-------|-------|-------|-------|--------|-----------
         Aggregated                                                                      6672 6362(95.35%) |     15       0    1090      4 |  251.00      251.00

Type     Name                                                                          # reqs      # fails |    Avg     Min     Max    Med |   req/s  failures/s
--------|----------------------------------------------------------------------------|-------|-------------|-------|-------|-------|-------|--------|-----------
GET      /                                                                                197  187(94.92%) |      8       0      97      3 |    6.60        6.60
GET      /cart                                                                            988  956(96.76%) |      7       0     244      2 |   34.30       34.30
POST     /cart [add]                                                                     1409 1342(95.24%) |     40       2    1090      7 |   48.00       48.00
POST     /cart/checkout                                                                    21     0(0.00%) |     23      10      95     15 |    0.00        0.00
GET      /product/[id]                                                                   3826 3675(96.05%) |      9       0     291      3 |  128.20      128.20
POST     /setCurrency                                                                     738  709(96.07%) |     13       1     234      5 |   25.80       25.80
--------|----------------------------------------------------------------------------|-------|-------------|-------|-------|-------|-------|--------|-----------
         Aggregated                                                                      7179 6869(95.68%) |     15       0    1090      4 |  242.90      242.90

Type     Name                                                                          # reqs      # fails |    Avg     Min     Max    Med |   req/s  failures/s
--------|----------------------------------------------------------------------------|-------|-------------|-------|-------|-------|-------|--------|-----------
GET      /                                                                                218  208(95.41%) |      7       0      97      3 |    6.90        6.90
GET      /cart                                                                           1060 1028(96.98%) |      7       0     244      2 |   34.20       34.20
POST     /cart [add]                                                                     1517 1450(95.58%) |     37       2    1090      7 |   45.20       45.20
POST     /cart/checkout                                                                    21     0(0.00%) |     23      10      95     15 |    0.00        0.00
GET      /product/[id]                                                                   4110 3959(96.33%) |      9       0     291      3 |  131.10      131.10
POST     /setCurrency                                                                     802  773(96.38%) |     13       1     234      5 |   25.30       25.30
--------|----------------------------------------------------------------------------|-------|-------------|-------|-------|-------|-------|--------|-----------
         Aggregated                                                                      7728 7418(95.99%) |     15       0    1090      4 |  242.70      242.70

Type     Name                                                                          # reqs      # fails |    Avg     Min     Max    Med |   req/s  failures/s
--------|----------------------------------------------------------------------------|-------|-------------|-------|-------|-------|-------|--------|-----------
GET      /                                                                                222  212(95.50%) |      7       0      97      3 |    6.90        6.90
GET      /cart                                                                           1107 1075(97.11%) |      7       0     244      2 |   34.40       34.40
POST     /cart [add]                                                                     1569 1502(95.73%) |     36       2    1090      7 |   45.70       45.70
POST     /cart/checkout                                                                    21     0(0.00%) |     23      10      95     15 |    0.00        0.00
GET      /product/[id]                                                                   4254 4102(96.43%) |      9       0     555      3 |  131.00      131.00
POST     /setCurrency                                                                     838  809(96.54%) |     12       1     234      5 |   25.70       25.70
--------|----------------------------------------------------------------------------|-------|-------------|-------|-------|-------|-------|--------|-----------
         Aggregated                                                                      8011 7700(96.12%) |     14       0    1090      4 |  243.70      243.70

Type     Name                                                                          # reqs      # fails |    Avg     Min     Max    Med |   req/s  failures/s
--------|----------------------------------------------------------------------------|-------|-------------|-------|-------|-------|-------|--------|-----------
GET      /                                                                                223  212(95.07%) |     16       0    2085      3 |    7.30        7.30
GET      /cart                                                                           1111 1075(96.76%) |     14       0    2457      2 |   34.50       34.50
POST     /cart [add]                                                                     1573 1502(95.49%) |     43       2    2645      7 |   44.70       44.70
POST     /cart/checkout                                                                    21     0(0.00%) |     23      10      95     15 |    0.00        0.00
GET      /product/[id]                                                                   4328 4102(94.78%) |     26       0    1620      3 |  133.40      133.40
POST     /setCurrency                                                                     847  809(95.51%) |     35       1    2321      5 |   26.40       26.40
--------|----------------------------------------------------------------------------|-------|-------------|-------|-------|-------|-------|--------|-----------
         Aggregated                                                                      8103 7700(95.03%) |     28       0    2645      4 |  246.30      246.30

Type     Name                                                                          # reqs      # fails |    Avg     Min     Max    Med |   req/s  failures/s
--------|----------------------------------------------------------------------------|-------|-------------|-------|-------|-------|-------|--------|-----------
GET      /                                                                                225  212(94.22%) |     41       0    2814      3 |    5.50        5.40
GET      /cart                                                                           1125 1075(95.56%) |     51       0    3944      2 |   24.70       24.30
POST     /cart [add]                                                                     1585 1502(94.76%) |     68       2    3993      7 |   32.40       32.00
POST     /cart/checkout                                                                    23     0(0.00%) |    156      10    2413     15 |    0.00        0.00
GET      /product/[id]                                                                   4365 4102(93.97%) |     34       0    1635      3 |  104.20       96.70
POST     /setCurrency                                                                     848  809(95.40%) |     38       1    2790      5 |   19.20       18.30
--------|----------------------------------------------------------------------------|-------|-------------|-------|-------|-------|-------|--------|-----------
         Aggregated                                                                      8171 7700(94.24%) |     44       0    3993      4 |  186.00      176.70

Type     Name                                                                          # reqs      # fails |    Avg     Min     Max    Med |   req/s  failures/s
--------|----------------------------------------------------------------------------|-------|-------------|-------|-------|-------|-------|--------|-----------
GET      /                                                                                243  212(87.24%) |     91       0    2814      3 |    4.50        4.20
GET      /cart                                                                           1157 1075(92.91%) |     73       0    3944      3 |   20.90       19.40
POST     /cart [add]                                                                     1625 1502(92.43%) |     84       2    3993      7 |   26.00       24.50
POST     /cart/checkout                                                                    48     0(0.00%) |    399      10    2504    100 |    0.20        0.00
GET      /product/[id]                                                                   4472 4102(91.73%) |     38       0    1635      3 |   84.00       72.80
POST     /setCurrency                                                                     880  809(91.93%) |     71       1    2790      5 |   16.20       15.20
--------|----------------------------------------------------------------------------|-------|-------------|-------|-------|-------|-------|--------|-----------
         Aggregated                                                                      8425 7700(91.39%) |     59       0    3993      4 |  151.80      136.10

Type     Name                                                                          # reqs      # fails |    Avg     Min     Max    Med |   req/s  failures/s
--------|----------------------------------------------------------------------------|-------|-------------|-------|-------|-------|-------|--------|-----------
GET      /                                                                                253  212(83.79%) |     95       0    2814      3 |    4.50        2.50
GET      /cart                                                                           1211 1075(88.77%) |     78       0    3944      3 |   16.80       12.10
POST     /cart [add]                                                                     1678 1502(89.51%) |     89       2    3993      7 |   21.70       16.40
POST     /cart/checkout                                                                    72     0(0.00%) |    322      10    2504    140 |    2.60        0.00
GET      /product/[id]                                                                   4618 4102(88.83%) |     41       0    1635      3 |   65.30       44.00
POST     /setCurrency                                                                     920  809(87.93%) |     76       1    2790      5 |   14.40       10.20
--------|----------------------------------------------------------------------------|-------|-------------|-------|-------|-------|-------|--------|-----------
         Aggregated                                                                      8752 7700(87.98%) |     63       0    3993      4 |  125.30       85.20

Type     Name                                                                          # reqs      # fails |    Avg     Min     Max    Med |   req/s  failures/s
--------|----------------------------------------------------------------------------|-------|-------------|-------|-------|-------|-------|--------|-----------
GET      /                                                                                268  212(79.10%) |     95       0    2814      3 |    3.60        0.50
GET      /cart                                                                           1252 1075(85.86%) |     80       0    3944      3 |   14.90        4.90
POST     /cart [add]                                                                     1736 1502(86.52%) |     93       2    3993      7 |   16.00        5.30
POST     /cart/checkout                                                                    95     0(0.00%) |    277      10    2504    130 |    4.90        0.00
GET      /product/[id]                                                                   4788 4102(85.67%) |     45       0    1635      3 |   50.60       15.20
POST     /setCurrency                                                                     957  809(84.54%) |     77       1    2790      5 |   12.00        4.00
--------|----------------------------------------------------------------------------|-------|-------------|-------|-------|-------|-------|--------|-----------
         Aggregated                                                                      9096 7700(84.65%) |     66       0    3993      4 |  102.00       29.90

Type     Name                                                                          # reqs      # fails |    Avg     Min     Max    Med |   req/s  failures/s
--------|----------------------------------------------------------------------------|-------|-------------|-------|-------|-------|-------|--------|-----------
GET      /                                                                                275  212(77.09%) |     94       0    2814      3 |    4.40        0.00
GET      /cart                                                                           1286 1075(83.59%) |     82       0    3944      3 |   14.50        0.00
POST     /cart [add]                                                                     1796 1502(83.63%) |     96       2    3993      7 |   16.70        0.00
POST     /cart/checkout                                                                   119     0(0.00%) |    256      10    2504    140 |    7.40        0.00
GET      /product/[id]                                                                   4969 4102(82.55%) |     49       0    1635      3 |   52.90        0.00
POST     /setCurrency                                                                     982  809(82.38%) |     78       1    2790      5 |   11.60        0.00
--------|----------------------------------------------------------------------------|-------|-------------|-------|-------|-------|-------|--------|-----------
         Aggregated                                                                      9427 7700(81.68%) |     70       0    3993      5 |  107.50        0.00

Type     Name                                                                          # reqs      # fails |    Avg     Min     Max    Med |   req/s  failures/s
--------|----------------------------------------------------------------------------|-------|-------------|-------|-------|-------|-------|--------|-----------
GET      /                                                                                283  212(74.91%) |     97       0    2814      4 |    5.20        0.00
GET      /cart                                                                           1336 1075(80.46%) |     86       0    3944      3 |   17.20        0.00
POST     /cart [add]                                                                     1849 1502(81.23%) |    100       2    3993      8 |   22.10        0.00
POST     /cart/checkout                                                                   143     0(0.00%) |    242      10    2504    140 |    9.80        0.00
GET      /product/[id]                                                                   5128 4102(79.99%) |     53       0    1635      4 |   63.80        0.00
POST     /setCurrency                                                                    1020  809(79.31%) |     84       1    2790      6 |   13.50        0.00
--------|----------------------------------------------------------------------------|-------|-------------|-------|-------|-------|-------|--------|-----------
         Aggregated                                                                      9759 7700(78.90%) |     74       0    3993      5 |  131.60        0.00

Type     Name                                                                          # reqs      # fails |    Avg     Min     Max    Med |   req/s  failures/s
--------|----------------------------------------------------------------------------|-------|-------------|-------|-------|-------|-------|--------|-----------
GET      /                                                                                295  212(71.86%) |     98       0    2814      4 |    5.80        0.00
GET      /cart                                                                           1392 1075(77.23%) |     88       0    3944      3 |   20.70        0.00
POST     /cart [add]                                                                     1903 1502(78.93%) |    102       2    3993      8 |   26.40        0.00
POST     /cart/checkout                                                                   167     0(0.00%) |    230      10    2504    160 |   12.00        0.00
GET      /product/[id]                                                                   5295 4102(77.47%) |     56       0    1635      4 |   75.90        0.00
POST     /setCurrency                                                                    1055  809(76.68%) |     85       1    2790      6 |   16.70        0.00
--------|----------------------------------------------------------------------------|-------|-------------|-------|-------|-------|-------|--------|-----------
         Aggregated                                                                     10107 7700(76.18%) |     76       0    3993      5 |  157.50        0.00

Type     Name                                                                          # reqs      # fails |    Avg     Min     Max    Med |   req/s  failures/s
--------|----------------------------------------------------------------------------|-------|-------------|-------|-------|-------|-------|--------|-----------
GET      /                                                                                305  212(69.51%) |     97       0    2814      4 |    5.10        0.00
GET      /cart                                                                           1442 1075(74.55%) |     90       0    3944      3 |   23.40        0.00
POST     /cart [add]                                                                     1940 1502(77.42%) |    103       2    3993      8 |   27.60        0.00
POST     /cart/checkout                                                                   178     0(0.00%) |    225      10    2504    150 |   12.00        0.00
GET      /product/[id]                                                                   5483 4102(74.81%) |     59       0    1635      4 |   82.30        0.00
POST     /setCurrency                                                                    1087  809(74.43%) |     86       1    2790      6 |   17.50        0.00
--------|----------------------------------------------------------------------------|-------|-------------|-------|-------|-------|-------|--------|-----------
         Aggregated                                                                     10435 7700(73.79%) |     78       0    3993      5 |  167.90        0.00

Type     Name                                                                          # reqs      # fails |    Avg     Min     Max    Med |   req/s  failures/s
--------|----------------------------------------------------------------------------|-------|-------------|-------|-------|-------|-------|--------|-----------
GET      /                                                                                320  212(66.25%) |    106       0    2814      4 |    5.20        0.00
GET      /cart                                                                           1480 1075(72.64%) |     92       0    3944      3 |   23.50        0.00
POST     /cart [add]                                                                     2001 1502(75.06%) |    108       2    3993      8 |   26.40        0.00
POST     /cart/checkout                                                                   196     0(0.00%) |    220      10    2504    160 |   10.80        0.00
GET      /product/[id]                                                                   5642 4102(72.70%) |     63       0    1635      4 |   86.80        0.00
POST     /setCurrency                                                                    1112  809(72.75%) |     91       1    2790      6 |   16.90        0.00
--------|----------------------------------------------------------------------------|-------|-------------|-------|-------|-------|-------|--------|-----------
         Aggregated                                                                     10751 7700(71.62%) |     82       0    3993      6 |  169.60        0.00

Type     Name                                                                          # reqs      # fails |    Avg     Min     Max    Med |   req/s  failures/s
--------|----------------------------------------------------------------------------|-------|-------------|-------|-------|-------|-------|--------|-----------
GET      /                                                                                329  212(64.44%) |    107       0    2814      5 |    5.40        0.00
GET      /cart                                                                           1517 1075(70.86%) |     93       0    3944      3 |   22.60        0.00
POST     /cart [add]                                                                     2053 1502(73.16%) |    110       2    3993      9 |   26.00        0.00
POST     /cart/checkout                                                                   221     0(0.00%) |    213      10    2504    170 |   10.00        0.00
GET      /product/[id]                                                                   5837 4102(70.28%) |     66       0    1635      4 |   84.90        0.00
POST     /setCurrency                                                                    1144  809(70.72%) |     91       1    2790      7 |   15.80        0.00
--------|----------------------------------------------------------------------------|-------|-------------|-------|-------|-------|-------|--------|-----------
         Aggregated                                                                     11101 7700(69.36%) |     84       0    3993      6 |  164.70        0.00

Type     Name                                                                          # reqs      # fails |    Avg     Min     Max    Med |   req/s  failures/s
--------|----------------------------------------------------------------------------|-------|-------------|-------|-------|-------|-------|--------|-----------
GET      /                                                                                331  212(64.05%) |    107       0    2814      5 |    5.40        0.00
GET      /cart                                                                           1564 1075(68.73%) |     95       0    3944      4 |   23.20        0.00
POST     /cart [add]                                                                     2104 1502(71.39%) |    112       2    3993      9 |   25.50        0.00
POST     /cart/checkout                                                                   239     0(0.00%) |    210      10    2504    170 |   10.00        0.00
GET      /product/[id]                                                                   6015 4102(68.20%) |     68       0    1635      5 |   85.90        0.00
POST     /setCurrency                                                                    1179  809(68.62%) |     92       1    2790      7 |   16.00        0.00
--------|----------------------------------------------------------------------------|-------|-------------|-------|-------|-------|-------|--------|-----------
         Aggregated                                                                     11432 7700(67.35%) |     86       0    3993      6 |  166.00        0.00

Type     Name                                                                          # reqs      # fails |    Avg     Min     Max    Med |   req/s  failures/s
--------|----------------------------------------------------------------------------|-------|-------------|-------|-------|-------|-------|--------|-----------
GET      /                                                                                336  212(63.10%) |    108       0    2814      5 |    4.80        0.00
GET      /cart                                                                           1603 1075(67.06%) |     96       0    3944      4 |   23.20        0.00
POST     /cart [add]                                                                     2163 1502(69.44%) |    114       2    3993     10 |   25.40        0.00
POST     /cart/checkout                                                                   270     0(0.00%) |    206      10    2504    190 |    9.60        0.00
GET      /product/[id]                                                                   6183 4102(66.34%) |     71       0    1635      5 |   88.30        0.00
POST     /setCurrency                                                                    1215  809(66.58%) |     94       1    2790      7 |   16.40        0.00
--------|----------------------------------------------------------------------------|-------|-------------|-------|-------|-------|-------|--------|-----------
         Aggregated                                                                     11770 7700(65.42%) |     89       0    3993      7 |  167.70        0.00

Type     Name                                                                          # reqs      # fails |    Avg     Min     Max    Med |   req/s  failures/s
--------|----------------------------------------------------------------------------|-------|-------------|-------|-------|-------|-------|--------|-----------
GET      /                                                                                353  212(60.06%) |    108       0    2814      5 |    4.30        0.00
GET      /cart                                                                           1646 1075(65.31%) |     98       0    3944      4 |   21.30        0.00
POST     /cart [add]                                                                     2217 1502(67.75%) |    116       2    3993     10 |   26.30        0.00
POST     /cart/checkout                                                                   286     0(0.00%) |    206      10    2504    190 |   10.10        0.00
GET      /product/[id]                                                                   6369 4102(64.41%) |     73       0    1635      5 |   88.60        0.00
POST     /setCurrency                                                                    1238  809(65.35%) |     94       1    2790      8 |   15.60        0.00
--------|----------------------------------------------------------------------------|-------|-------------|-------|-------|-------|-------|--------|-----------
         Aggregated                                                                     12109 7700(63.59%) |     91       0    3993      7 |  166.20        0.00

Type     Name                                                                          # reqs      # fails |    Avg     Min     Max    Med |   req/s  failures/s
--------|----------------------------------------------------------------------------|-------|-------------|-------|-------|-------|-------|--------|-----------
GET      /                                                                                364  212(58.24%) |    111       0    2814      6 |    4.80        0.00
GET      /cart                                                                           1685 1075(63.80%) |     99       0    3944      4 |   20.40        0.00
POST     /cart [add]                                                                     2280 1502(65.88%) |    117       2    3993     11 |   27.30        0.00
POST     /cart/checkout                                                                   306     0(0.00%) |    203      10    2504    190 |   10.70        0.00
GET      /product/[id]                                                                   6540 4102(62.72%) |     75       0    1635      6 |   88.20        0.00
POST     /setCurrency                                                                    1280  809(63.20%) |     96       1    2790      8 |   14.90        0.00
--------|----------------------------------------------------------------------------|-------|-------------|-------|-------|-------|-------|--------|-----------
         Aggregated                                                                     12455 7700(61.82%) |     92       0    3993      8 |  166.30        0.00

Type     Name                                                                          # reqs      # fails |    Avg     Min     Max    Med |   req/s  failures/s
--------|----------------------------------------------------------------------------|-------|-------------|-------|-------|-------|-------|--------|-----------
GET      /                                                                                370  212(57.30%) |    112       0    2814      7 |    4.20        0.00
GET      /cart                                                                           1729 1075(62.17%) |    100       0    3944      5 |   20.70        0.00
POST     /cart [add]                                                                     2336 1502(64.30%) |    119       2    3993     11 |   27.90        0.00
POST     /cart/checkout                                                                   327     0(0.00%) |    202      10    2504    190 |   11.10        0.00
GET      /product/[id]                                                                   6717 4102(61.07%) |     77       0    1635      7 |   89.50        0.00
POST     /setCurrency                                                                    1318  809(61.38%) |     97       1    2790      9 |   16.60        0.00
--------|----------------------------------------------------------------------------|-------|-------------|-------|-------|-------|-------|--------|-----------
         Aggregated                                                                     12797 7700(60.17%) |     94       0    3993      9 |  170.00        0.00

Type     Name                                                                          # reqs      # fails |    Avg     Min     Max    Med |   req/s  failures/s
--------|----------------------------------------------------------------------------|-------|-------------|-------|-------|-------|-------|--------|-----------
GET      /                                                                                382  212(55.50%) |    110       0    2814     11 |    4.10        0.00
GET      /cart                                                                           1779 1075(60.43%) |    101       0    3944      5 |   21.30        0.00
POST     /cart [add]                                                                     2394 1502(62.74%) |    120       2    3993     13 |   28.10        0.00
POST     /cart/checkout                                                                   355     0(0.00%) |    198      10    2504    190 |   10.70        0.00
GET      /product/[id]                                                                   6907 4102(59.39%) |     79       0    1635      8 |   88.10        0.00
POST     /setCurrency                                                                    1349  809(59.97%) |     97       1    2790     10 |   17.40        0.00
--------|----------------------------------------------------------------------------|-------|-------------|-------|-------|-------|-------|--------|-----------
         Aggregated                                                                     13166 7700(58.48%) |     95       0    3993     11 |  169.70        0.00

Type     Name                                                                          # reqs      # fails |    Avg     Min     Max    Med |   req/s  failures/s
--------|----------------------------------------------------------------------------|-------|-------------|-------|-------|-------|-------|--------|-----------
GET      /                                                                                395  212(53.67%) |    112       0    2814     14 |    5.10        0.00
GET      /cart                                                                           1824 1075(58.94%) |    102       0    3944      6 |   21.40        0.00
POST     /cart [add]                                                                     2457 1502(61.13%) |    121       2    3993     14 |   28.70        0.00
POST     /cart/checkout                                                                   374     0(0.00%) |    194      10    2504    190 |   11.60        0.00
GET      /product/[id]                                                                   7078 4102(57.95%) |     80       0    1635      9 |   88.20        0.00
POST     /setCurrency                                                                    1386  809(58.37%) |     98       1    2790     12 |   17.00        0.00
--------|----------------------------------------------------------------------------|-------|-------------|-------|-------|-------|-------|--------|-----------
         Aggregated                                                                     13514 7700(56.98%) |     97       0    3993     13 |  172.00        0.00

Type     Name                                                                          # reqs      # fails |    Avg     Min     Max    Med |   req/s  failures/s
--------|----------------------------------------------------------------------------|-------|-------------|-------|-------|-------|-------|--------|-----------
GET      /                                                                                408  212(51.96%) |    112       0    2814     18 |    5.80        0.00
GET      /cart                                                                           1861 1075(57.76%) |    103       0    3944      7 |   22.10        0.00
POST     /cart [add]                                                                     2503 1502(60.01%) |    123       2    3993     16 |   29.10        0.00
POST     /cart/checkout                                                                   393     0(0.00%) |    195      10    2504    190 |   10.30        0.00
GET      /product/[id]                                                                   7254 4102(56.55%) |     83       0    1635     11 |   89.00        0.00
POST     /setCurrency                                                                    1419  809(57.01%) |    100       1    2790     14 |   17.20        0.00
--------|----------------------------------------------------------------------------|-------|-------------|-------|-------|-------|-------|--------|-----------
         Aggregated                                                                     13838 7700(55.64%) |     99       0    3993     15 |  173.50        0.00

Type     Name                                                                          # reqs      # fails |    Avg     Min     Max    Med |   req/s  failures/s
--------|----------------------------------------------------------------------------|-------|-------------|-------|-------|-------|-------|--------|-----------
GET      /                                                                                417  212(50.84%) |    111       0    2814     21 |    5.40        0.00
GET      /cart                                                                           1901 1075(56.55%) |    104       0    3944      8 |   20.90        0.00
POST     /cart [add]                                                                     2552 1502(58.86%) |    125       2    3993     18 |   28.80        0.00
POST     /cart/checkout                                                                   409     0(0.00%) |    195      10    2504    190 |   10.40        0.00
GET      /product/[id]                                                                   7421 4102(55.28%) |     85       0    1635     14 |   88.20        0.00
POST     /setCurrency                                                                    1452  809(55.72%) |     99       1    2790     15 |   18.30        0.00
--------|----------------------------------------------------------------------------|-------|-------------|-------|-------|-------|-------|--------|-----------
         Aggregated                                                                     14152 7700(54.41%) |    100       0    3993     19 |  172.00        0.00

Type     Name                                                                          # reqs      # fails |    Avg     Min     Max    Med |   req/s  failures/s
--------|----------------------------------------------------------------------------|-------|-------------|-------|-------|-------|-------|--------|-----------
GET      /                                                                                424  212(50.00%) |    111       0    2814     21 |    5.50        0.00
GET      /cart                                                                           1941 1075(55.38%) |    106       0    3944     10 |   21.30        0.00
POST     /cart [add]                                                                     2605 1502(57.66%) |    126       2    3993     21 |   27.40        0.00
POST     /cart/checkout                                                                   431     0(0.00%) |    194      10    2504    190 |   10.10        0.00
GET      /product/[id]                                                                   7592 4102(54.03%) |     88       0    1635     20 |   88.00        0.00
POST     /setCurrency                                                                    1482  809(54.59%) |     98       1    2790     17 |   17.20        0.00
--------|----------------------------------------------------------------------------|-------|-------------|-------|-------|-------|-------|--------|-----------
         Aggregated                                                                     14475 7700(53.20%) |    102       0    3993     25 |  169.50        0.00

Type     Name                                                                          # reqs      # fails |    Avg     Min     Max    Med |   req/s  failures/s
--------|----------------------------------------------------------------------------|-------|-------------|-------|-------|-------|-------|--------|-----------
GET      /                                                                                435  212(48.74%) |    110       0    2814     22 |    5.30        0.00
GET      /cart                                                                           1982 1075(54.24%) |    108       0    3944     13 |   21.20        0.00
POST     /cart [add]                                                                     2661 1502(56.44%) |    128       2    3993     26 |   27.30        0.00
POST     /cart/checkout                                                                   457     0(0.00%) |    195      10    2504    190 |   10.10        0.00
GET      /product/[id]                                                                   7757 4102(52.88%) |     90       0    1635     27 |   87.20        0.00
POST     /setCurrency                                                                    1507  809(53.68%) |     99       1    2790     18 |   16.40        0.00
--------|----------------------------------------------------------------------------|-------|-------------|-------|-------|-------|-------|--------|-----------
         Aggregated                                                                     14799 7700(52.03%) |    104       0    3993     31 |  167.50        0.00

Type     Name                                                                          # reqs      # fails |    Avg     Min     Max    Med |   req/s  failures/s
--------|----------------------------------------------------------------------------|-------|-------------|-------|-------|-------|-------|--------|-----------
GET      /                                                                                444  212(47.75%) |    110       0    2814     25 |    5.10        0.00
GET      /cart                                                                           2017 1075(53.30%) |    109       0    3944     16 |   20.50        0.00
POST     /cart [add]                                                                     2719 1502(55.24%) |    130       2    3993     31 |   26.90        0.00
POST     /cart/checkout                                                                   475     0(0.00%) |    195      10    2504    190 |    9.70        0.00
GET      /product/[id]                                                                   7927 4102(51.75%) |     92       0    1635     37 |   85.30        0.00
POST     /setCurrency                                                                    1541  809(52.50%) |     98       1    2790     20 |   15.80        0.00
--------|----------------------------------------------------------------------------|-------|-------------|-------|-------|-------|-------|--------|-----------
         Aggregated                                                                     15123 7700(50.92%) |    105       0    3993     38 |  163.30        0.00

Type     Name                                                                          # reqs      # fails |    Avg     Min     Max    Med |   req/s  failures/s
--------|----------------------------------------------------------------------------|-------|-------------|-------|-------|-------|-------|--------|-----------
GET      /                                                                                452  212(46.90%) |    110       0    2814     29 |    5.00        0.00
GET      /cart                                                                           2054 1075(52.34%) |    110       0    3944     19 |   19.50        0.00
POST     /cart [add]                                                                     2778 1502(54.07%) |    132       2    3993     37 |   26.10        0.00
POST     /cart/checkout                                                                   499     0(0.00%) |    194      10    2504    190 |   10.10        0.00
GET      /product/[id]                                                                   8091 4102(50.70%) |     93       0    1635     47 |   84.60        0.00
POST     /setCurrency                                                                    1582  809(51.14%) |     99       1    2790     24 |   15.70        0.00
--------|----------------------------------------------------------------------------|-------|-------------|-------|-------|-------|-------|--------|-----------
         Aggregated                                                                     15456 7700(49.82%) |    107       0    3993     46 |  161.00        0.00

Type     Name                                                                          # reqs      # fails |    Avg     Min     Max    Med |   req/s  failures/s
--------|----------------------------------------------------------------------------|-------|-------------|-------|-------|-------|-------|--------|-----------
GET      /                                                                                464  212(45.69%) |    109       0    2814     34 |    4.40        0.00
GET      /cart                                                                           2113 1075(50.88%) |    111       0    3944     33 |   19.70        0.00
POST     /cart [add]                                                                     2833 1502(53.02%) |    133       2    3993     47 |   27.10        0.00
POST     /cart/checkout                                                                   518     0(0.00%) |    193      10    2504    190 |   10.80        0.00
GET      /product/[id]                                                                   8254 4102(49.70%) |     95       0    1635     58 |   84.40        0.00
POST     /setCurrency                                                                    1619  809(49.97%) |     99       1    2790     26 |   16.00        0.00
--------|----------------------------------------------------------------------------|-------|-------------|-------|-------|-------|-------|--------|-----------
         Aggregated                                                                     15801 7700(48.73%) |    108       0    3993     57 |  162.40        0.00

Type     Name                                                                          # reqs      # fails |    Avg     Min     Max    Med |   req/s  failures/s
--------|----------------------------------------------------------------------------|-------|-------------|-------|-------|-------|-------|--------|-----------
GET      /                                                                                471  212(45.01%) |    112       0    2814     35 |    4.40        0.00
GET      /cart                                                                           2127 1075(50.54%) |    113       0    3944     35 |   21.40        0.00
POST     /cart [add]                                                                     2876 1502(52.23%) |    139       2    3993     62 |   28.00        0.00
POST     /cart/checkout                                                                   532     0(0.00%) |    202      10    2504    190 |   10.90        0.00
GET      /product/[id]                                                                   8351 4102(49.12%) |     99       0    1635     65 |   83.40        0.00
POST     /setCurrency                                                                    1637  809(49.42%) |    101       1    2790     28 |   16.60        0.00
--------|----------------------------------------------------------------------------|-------|-------------|-------|-------|-------|-------|--------|-----------
         Aggregated                                                                     15994 7700(48.14%) |    112       0    3993     62 |  164.70        0.00

Type     Name                                                                          # reqs      # fails |    Avg     Min     Max    Med |   req/s  failures/s
--------|----------------------------------------------------------------------------|-------|-------------|-------|-------|-------|-------|--------|-----------
GET      /                                                                                482  212(43.98%) |    111       0    2814     35 |    4.40        0.00
GET      /cart                                                                           2175 1075(49.43%) |    115       0    3944     45 |   18.60        0.00
POST     /cart [add]                                                                     2930 1502(51.26%) |    142       2    3993     84 |   26.90        0.00
POST     /cart/checkout                                                                   554     0(0.00%) |    202      10    2504    190 |   10.40        0.00
GET      /product/[id]                                                                   8503 4102(48.24%) |    101       0    1635     73 |   76.40        0.00
POST     /setCurrency                                                                    1665  809(48.59%) |    101       1    2790     29 |   15.40        0.00
--------|----------------------------------------------------------------------------|-------|-------------|-------|-------|-------|-------|--------|-----------
         Aggregated                                                                     16309 7700(47.21%) |    114       0    3993     70 |  152.10        0.00

Type     Name                                                                          # reqs      # fails |    Avg     Min     Max    Med |   req/s  failures/s
--------|----------------------------------------------------------------------------|-------|-------------|-------|-------|-------|-------|--------|-----------
GET      /                                                                                497  212(42.66%) |    110       0    2814     37 |    4.80        0.00
GET      /cart                                                                           2214 1075(48.55%) |    115       0    3944     53 |   19.10        0.00
POST     /cart [add]                                                                     2987 1502(50.28%) |    143       2    3993     98 |   26.60        0.00
POST     /cart/checkout                                                                   577     0(0.00%) |    201      10    2504    190 |   10.00        0.00
GET      /product/[id]                                                                   8677 4102(47.27%) |    102       0    1635     83 |   74.80        0.00
POST     /setCurrency                                                                    1692  809(47.81%) |    101       1    2790     30 |   15.50        0.00
--------|----------------------------------------------------------------------------|-------|-------------|-------|-------|-------|-------|--------|-----------
         Aggregated                                                                     16644 7700(46.26%) |    115       0    3993     78 |  150.80        0.00

Type     Name                                                                          # reqs      # fails |    Avg     Min     Max    Med |   req/s  failures/s
--------|----------------------------------------------------------------------------|-------|-------------|-------|-------|-------|-------|--------|-----------
GET      /                                                                                509  212(41.65%) |    110       0    2814     38 |    5.30        0.00
GET      /cart                                                                           2255 1075(47.67%) |    116       0    3944     64 |   19.10        0.00
POST     /cart [add]                                                                     3043 1502(49.36%) |    144       2    3993    100 |   27.10        0.00
POST     /cart/checkout                                                                   599     0(0.00%) |    201      10    2504    190 |   10.30        0.00
GET      /product/[id]                                                                   8861 4102(46.29%) |    103       0    1635     91 |   75.20        0.00
POST     /setCurrency                                                                    1718  809(47.09%) |    101       1    2790     30 |   15.10        0.00
--------|----------------------------------------------------------------------------|-------|-------------|-------|-------|-------|-------|--------|-----------
         Aggregated                                                                     16985 7700(45.33%) |    116       0    3993     85 |  152.10        0.00

Type     Name                                                                          # reqs      # fails |    Avg     Min     Max    Med |   req/s  failures/s
--------|----------------------------------------------------------------------------|-------|-------------|-------|-------|-------|-------|--------|-----------
GET      /                                                                                521  212(40.69%) |    109       0    2814     41 |    5.70        0.00
GET      /cart                                                                           2301 1075(46.72%) |    117       0    3944     69 |   19.70        0.00
POST     /cart [add]                                                                     3104 1502(48.39%) |    145       2    3993    110 |   26.40        0.00
POST     /cart/checkout                                                                   620     0(0.00%) |    200      10    2504    190 |   10.10        0.00
GET      /product/[id]                                                                   9016 4102(45.50%) |    104       0    1635     96 |   75.70        0.00
POST     /setCurrency                                                                    1752  809(46.18%) |    101       1    2790     32 |   13.70        0.00
--------|----------------------------------------------------------------------------|-------|-------------|-------|-------|-------|-------|--------|-----------
         Aggregated                                                                     17314 7700(44.47%) |    116       0    3993     91 |  151.30        0.00

Type     Name                                                                          # reqs      # fails |    Avg     Min     Max    Med |   req/s  failures/s
--------|----------------------------------------------------------------------------|-------|-------------|-------|-------|-------|-------|--------|-----------
GET      /                                                                                529  212(40.08%) |    108       0    2814     41 |    6.00        0.00
GET      /cart                                                                           2349 1075(45.76%) |    118       0    3944     75 |   18.30        0.00
POST     /cart [add]                                                                     3154 1502(47.62%) |    146       2    3993    110 |   27.20        0.00
POST     /cart/checkout                                                                   634     0(0.00%) |    200      10    2504    190 |    9.80        0.00
GET      /product/[id]                                                                   9190 4102(44.64%) |    106       0    1635    100 |   75.90        0.00
POST     /setCurrency                                                                    1785  809(45.32%) |    101       1    2790     35 |   13.40        0.00
--------|----------------------------------------------------------------------------|-------|-------------|-------|-------|-------|-------|--------|-----------
         Aggregated                                                                     17641 7700(43.65%) |    117       0    3993     95 |  150.60        0.00

Type     Name                                                                          # reqs      # fails |    Avg     Min     Max    Med |   req/s  failures/s
--------|----------------------------------------------------------------------------|-------|-------------|-------|-------|-------|-------|--------|-----------
GET      /                                                                                533  212(39.77%) |    108       0    2814     41 |    6.10        0.00
GET      /cart                                                                           2399 1075(44.81%) |    119       0    3944     83 |   21.70        0.00
POST     /cart [add]                                                                     3208 1502(46.82%) |    146       2    3993    120 |   27.90        0.00
POST     /cart/checkout                                                                   650     0(0.00%) |    199      10    2504    190 |   10.20        0.00
GET      /product/[id]                                                                   9357 4102(43.84%) |    107       0    1635    100 |   83.40        0.00
POST     /setCurrency                                                                    1832  809(44.16%) |    101       1    2790     39 |   14.70        0.00
--------|----------------------------------------------------------------------------|-------|-------------|-------|-------|-------|-------|--------|-----------
         Aggregated                                                                     17979 7700(42.83%) |    118       0    3993     98 |  164.00        0.00

Type     Name                                                                          # reqs      # fails |    Avg     Min     Max    Med |   req/s  failures/s
--------|----------------------------------------------------------------------------|-------|-------------|-------|-------|-------|-------|--------|-----------
GET      /                                                                                543  212(39.04%) |    108       0    2814     44 |    5.20        0.00
GET      /cart                                                                           2444 1075(43.99%) |    120       0    3944     88 |   22.10        0.00
POST     /cart [add]                                                                     3263 1502(46.03%) |    147       2    3993    120 |   28.00        0.00
POST     /cart/checkout                                                                   674     0(0.00%) |    197      10    2504    190 |    9.70        0.00
GET      /product/[id]                                                                   9532 4102(43.03%) |    108       0    1635    110 |   85.10        0.00
POST     /setCurrency                                                                    1869  809(43.29%) |    102       1    2790     41 |   16.40        0.00
--------|----------------------------------------------------------------------------|-------|-------------|-------|-------|-------|-------|--------|-----------
         Aggregated                                                                     18325 7700(42.02%) |    119       0    3993    100 |  166.50        0.00

Type     Name                                                                          # reqs      # fails |    Avg     Min     Max    Med |   req/s  failures/s
--------|----------------------------------------------------------------------------|-------|-------------|-------|-------|-------|-------|--------|-----------
GET      /                                                                                557  212(38.06%) |    108       0    2814     46 |    4.60        0.00
GET      /cart                                                                           2482 1075(43.31%) |    120       0    3944     92 |   23.00        0.00
POST     /cart [add]                                                                     3326 1502(45.16%) |    148       2    3993    120 |   27.30        0.00
POST     /cart/checkout                                                                   698     0(0.00%) |    196      10    2504    190 |    9.60        0.00
GET      /product/[id]                                                                   9700 4102(42.29%) |    109       0    1635    110 |   85.00        0.00
POST     /setCurrency                                                                    1906  809(42.44%) |    101       1    2790     43 |   17.30        0.00
--------|----------------------------------------------------------------------------|-------|-------------|-------|-------|-------|-------|--------|-----------
         Aggregated                                                                     18669 7700(41.24%) |    120       0    3993    100 |  166.80        0.00

Type     Name                                                                          # reqs      # fails |    Avg     Min     Max    Med |   req/s  failures/s
--------|----------------------------------------------------------------------------|-------|-------------|-------|-------|-------|-------|--------|-----------
GET      /                                                                                572  212(37.06%) |    108       0    2814     48 |    4.77        1.77
GET      /cart                                                                           2533 1075(42.44%) |    121       0    3944     96 |   21.12        8.97
POST     /cart [add]                                                                     3377 1502(44.48%) |    148       2    3993    120 |   28.16       12.53
POST     /cart/checkout                                                                   713     0(0.00%) |    195      10    2504    190 |    5.95        0.00
GET      /product/[id]                                                                   9848 4102(41.65%) |    109       0    1635    110 |   82.13       34.21
POST     /setCurrency                                                                    1939  809(41.72%) |    101       1    2790     45 |   16.17        6.75
--------|----------------------------------------------------------------------------|-------|-------------|-------|-------|-------|-------|--------|-----------
         Aggregated                                                                     18982 7700(40.56%) |    120       0    3993    100 |  158.30       64.22

Response time percentiles (approximated)
Type     Name                                                                                  50%    66%    75%    80%    90%    95%    98%    99%  99.9% 99.99%   100% # reqs
--------|--------------------------------------------------------------------------------|--------|------|------|------|------|------|------|------|------|------|------|------
GET      /                                                                                      48     95    130    150    230    330    670   1200   2800   2800   2800    572
GET      /cart                                                                                  96    150    170    180    210    250    370    910   3800   3900   3900   2533
POST     /cart [add]                                                                           120    180    200    220    270    330    630   1100   3900   4000   4000   3377
POST     /cart/checkout                                                                        190    200    200    200    260    290    430   1300   2500   2500   2500    713
GET      /product/[id]                                                                         110    150    170    180    210    260    310    740   1600   1600   1600   9848
POST     /setCurrency                                                                           45     93    120    150    220    290    470    890   2700   2800   2800   1939
--------|--------------------------------------------------------------------------------|--------|------|------|------|------|------|------|------|------|------|------|------
         Aggregated                                                                            100    150    180    190    230    280    400    920   2800   4000   4000  18982

Error report
# occurrences      Error                                                                                               
------------------|---------------------------------------------------------------------------------------------------------------------------------------------
1075               GET /cart: HTTPError('500 Server Error: Internal Server Error for url: /cart')                      
4102               GET /product/[id]: HTTPError('500 Server Error: Internal Server Error for url: /product/[id]')      
809                POST /setCurrency: HTTPError('500 Server Error: Internal Server Error for url: /setCurrency')       
516                POST /cart [add]: add falhou (500), skip checkout                                                   
986                POST /cart [add]: HTTPError('500 Server Error: Internal Server Error for url: /cart [add]')         
212                GET /: HTTPError('500 Server Error: Internal Server Error for url: /')                              
------------------|---------------------------------------------------------------------------------------------------------------------------------------------

