timestamp,snapshot,pod,cpu,ram
17:55:14,0,frontend-7bd6f45654-dnhzb,11m,40Mi
17:55:14,0,recommendationservice-7444754ff5-kk4vc,11m,80Mi
17:55:14,0,currencyservice-7c8fc8fc9c-rtbz4,9m,122Mi
17:55:14,0,cartservice-db96d6fcc-tsdhc,6m,145Mi
17:55:14,0,productcatalogservice-65bbf699df-d9cxl,5m,42Mi
17:55:14,0,emailservice-66944ff59-zvg4w,4m,56Mi
17:55:14,0,adservice-574bff445c-k5l76,3m,274Mi
17:55:14,0,redis-cart-c8ff86559-gpcc7,3m,36Mi
17:55:14,0,checkoutservice-5b6d96c9b7-fwtng,1m,37Mi
17:55:14,0,paymentservice-9bfb7bf5-9mdwz,1m,125Mi
17:55:14,0,shippingservice-f956b6d9f-ml5cg,1m,31Mi
17:55:14,0,frontend-7bd6f45654-dnhzb,11m,40Mi
17:55:14,0,recommendationservice-7444754ff5-kk4vc,11m,80Mi
17:55:14,0,currencyservice-7c8fc8fc9c-rtbz4,9m,122Mi
17:55:14,0,cartservice-db96d6fcc-tsdhc,6m,145Mi
17:55:14,0,productcatalogservice-65bbf699df-d9cxl,5m,42Mi
17:55:14,0,emailservice-66944ff59-zvg4w,4m,56Mi
17:55:14,0,adservice-574bff445c-k5l76,3m,274Mi
17:55:14,0,redis-cart-c8ff86559-gpcc7,3m,36Mi
17:55:14,0,checkoutservice-5b6d96c9b7-fwtng,1m,37Mi
17:55:14,0,paymentservice-9bfb7bf5-9mdwz,1m,125Mi
17:55:14,0,shippingservice-f956b6d9f-ml5cg,1m,31Mi
17:55:24,1,recommendationservice-7444754ff5-kk4vc,9m,80Mi
17:55:24,1,currencyservice-7c8fc8fc9c-rtbz4,7m,122Mi
17:55:24,1,frontend-7bd6f45654-dnhzb,7m,40Mi
17:55:24,1,redis-cart-c8ff86559-gpcc7,6m,36Mi
17:55:24,1,cartservice-db96d6fcc-tsdhc,5m,145Mi
17:55:24,1,emailservice-66944ff59-zvg4w,4m,56Mi
17:55:24,1,productcatalogservice-65bbf699df-d9cxl,4m,42Mi
17:55:24,1,adservice-574bff445c-k5l76,3m,274Mi
17:55:24,1,checkoutservice-5b6d96c9b7-fwtng,1m,37Mi
17:55:24,1,paymentservice-9bfb7bf5-9mdwz,1m,125Mi
17:55:24,1,shippingservice-f956b6d9f-ml5cg,1m,31Mi
17:55:24,1,recommendationservice-7444754ff5-kk4vc,9m,80Mi
17:55:24,1,currencyservice-7c8fc8fc9c-rtbz4,7m,122Mi
17:55:24,1,frontend-7bd6f45654-dnhzb,7m,40Mi
17:55:24,1,redis-cart-c8ff86559-gpcc7,6m,36Mi
17:55:24,1,cartservice-db96d6fcc-tsdhc,5m,145Mi
17:55:24,1,emailservice-66944ff59-zvg4w,4m,56Mi
17:55:24,1,productcatalogservice-65bbf699df-d9cxl,4m,42Mi
17:55:24,1,adservice-574bff445c-k5l76,3m,274Mi
17:55:24,1,checkoutservice-5b6d96c9b7-fwtng,1m,37Mi
17:55:24,1,paymentservice-9bfb7bf5-9mdwz,1m,125Mi
17:55:24,1,shippingservice-f956b6d9f-ml5cg,1m,31Mi
17:55:34,2,frontend-7bd6f45654-dnhzb,43m,41Mi
17:55:34,2,recommendationservice-7444754ff5-kk4vc,34m,80Mi
17:55:34,2,currencyservice-7c8fc8fc9c-rtbz4,33m,122Mi
17:55:34,2,cartservice-db96d6fcc-tsdhc,22m,145Mi
17:55:34,2,productcatalogservice-65bbf699df-d9cxl,19m,42Mi
17:55:34,2,adservice-574bff445c-k5l76,9m,274Mi
17:55:34,2,emailservice-66944ff59-zvg4w,5m,56Mi
17:55:34,2,redis-cart-c8ff86559-gpcc7,4m,36Mi
17:55:34,2,paymentservice-9bfb7bf5-9mdwz,3m,125Mi
17:55:34,2,checkoutservice-5b6d96c9b7-fwtng,3m,37Mi
17:55:34,2,shippingservice-f956b6d9f-ml5cg,3m,31Mi
17:55:34,2,productcatalogservice-65bbf699df-2hv25,1m,18Mi
17:55:34,2,productcatalogservice-65bbf699df-8ztwv,1m,15Mi
17:55:34,2,frontend-7bd6f45654-dnhzb,43m,41Mi
17:55:34,2,recommendationservice-7444754ff5-kk4vc,34m,80Mi
17:55:34,2,currencyservice-7c8fc8fc9c-rtbz4,33m,122Mi
17:55:34,2,cartservice-db96d6fcc-tsdhc,22m,145Mi
17:55:34,2,productcatalogservice-65bbf699df-d9cxl,19m,42Mi
17:55:34,2,adservice-574bff445c-k5l76,9m,274Mi
17:55:34,2,emailservice-66944ff59-zvg4w,5m,56Mi
17:55:34,2,redis-cart-c8ff86559-gpcc7,4m,36Mi
17:55:34,2,paymentservice-9bfb7bf5-9mdwz,3m,125Mi
17:55:34,2,checkoutservice-5b6d96c9b7-fwtng,3m,37Mi
17:55:34,2,shippingservice-f956b6d9f-ml5cg,3m,31Mi
17:55:34,2,productcatalogservice-65bbf699df-2hv25,1m,18Mi
17:55:34,2,productcatalogservice-65bbf699df-8ztwv,1m,15Mi
17:55:44,3,frontend-7bd6f45654-dnhzb,43m,41Mi
17:55:44,3,recommendationservice-7444754ff5-kk4vc,34m,80Mi
17:55:44,3,currencyservice-7c8fc8fc9c-rtbz4,33m,122Mi
17:55:44,3,cartservice-db96d6fcc-tsdhc,22m,145Mi
17:55:44,3,productcatalogservice-65bbf699df-d9cxl,19m,42Mi
17:55:44,3,adservice-574bff445c-k5l76,9m,274Mi
17:55:44,3,emailservice-66944ff59-zvg4w,5m,56Mi
17:55:44,3,redis-cart-c8ff86559-gpcc7,4m,36Mi
17:55:44,3,paymentservice-9bfb7bf5-9mdwz,3m,125Mi
17:55:44,3,checkoutservice-5b6d96c9b7-fwtng,3m,37Mi
17:55:44,3,shippingservice-f956b6d9f-ml5cg,3m,31Mi
17:55:44,3,productcatalogservice-65bbf699df-2hv25,1m,18Mi
17:55:44,3,productcatalogservice-65bbf699df-8ztwv,1m,15Mi
17:55:44,3,frontend-7bd6f45654-dnhzb,43m,41Mi
17:55:44,3,recommendationservice-7444754ff5-kk4vc,34m,80Mi
17:55:44,3,currencyservice-7c8fc8fc9c-rtbz4,33m,122Mi
17:55:44,3,cartservice-db96d6fcc-tsdhc,22m,145Mi
17:55:44,3,productcatalogservice-65bbf699df-d9cxl,19m,42Mi
17:55:44,3,adservice-574bff445c-k5l76,9m,274Mi
17:55:44,3,emailservice-66944ff59-zvg4w,5m,56Mi
17:55:44,3,redis-cart-c8ff86559-gpcc7,4m,36Mi
17:55:44,3,paymentservice-9bfb7bf5-9mdwz,3m,125Mi
17:55:44,3,checkoutservice-5b6d96c9b7-fwtng,3m,37Mi
17:55:44,3,shippingservice-f956b6d9f-ml5cg,3m,31Mi
17:55:44,3,productcatalogservice-65bbf699df-2hv25,1m,18Mi
17:55:44,3,productcatalogservice-65bbf699df-8ztwv,1m,15Mi
17:55:54,4,frontend-7bd6f45654-dnhzb,47m,41Mi
17:55:54,4,currencyservice-7c8fc8fc9c-rtbz4,38m,122Mi
17:55:54,4,recommendationservice-7444754ff5-kk4vc,33m,80Mi
17:55:54,4,cartservice-db96d6fcc-tsdhc,22m,145Mi
17:55:54,4,productcatalogservice-65bbf699df-d9cxl,21m,42Mi
17:55:54,4,adservice-574bff445c-k5l76,10m,274Mi
17:55:54,4,emailservice-66944ff59-zvg4w,5m,56Mi
17:55:54,4,shippingservice-f956b6d9f-ml5cg,5m,31Mi
17:55:54,4,checkoutservice-5b6d96c9b7-fwtng,4m,37Mi
17:55:54,4,redis-cart-c8ff86559-gpcc7,4m,36Mi
17:55:54,4,paymentservice-9bfb7bf5-9mdwz,3m,125Mi
17:55:54,4,productcatalogservice-65bbf699df-2hv25,1m,18Mi
17:55:54,4,productcatalogservice-65bbf699df-8ztwv,1m,15Mi
17:55:54,4,frontend-7bd6f45654-dnhzb,47m,41Mi
17:55:54,4,currencyservice-7c8fc8fc9c-rtbz4,38m,122Mi
17:55:54,4,recommendationservice-7444754ff5-kk4vc,33m,80Mi
17:55:54,4,cartservice-db96d6fcc-tsdhc,22m,145Mi
17:55:54,4,productcatalogservice-65bbf699df-d9cxl,21m,42Mi
17:55:54,4,adservice-574bff445c-k5l76,10m,274Mi
17:55:54,4,emailservice-66944ff59-zvg4w,5m,56Mi
17:55:54,4,shippingservice-f956b6d9f-ml5cg,5m,31Mi
17:55:54,4,checkoutservice-5b6d96c9b7-fwtng,4m,37Mi
17:55:54,4,redis-cart-c8ff86559-gpcc7,4m,36Mi
17:55:54,4,paymentservice-9bfb7bf5-9mdwz,3m,125Mi
17:55:54,4,productcatalogservice-65bbf699df-2hv25,1m,18Mi
17:55:54,4,productcatalogservice-65bbf699df-8ztwv,1m,15Mi
17:56:05,5,currencyservice-7c8fc8fc9c-rtbz4,40m,122Mi
17:56:05,5,frontend-7bd6f45654-dnhzb,39m,41Mi
17:56:05,5,recommendationservice-7444754ff5-kk4vc,29m,80Mi
17:56:05,5,productcatalogservice-65bbf699df-d9cxl,26m,42Mi
17:56:05,5,cartservice-db96d6fcc-tsdhc,17m,145Mi
17:56:05,5,adservice-574bff445c-k5l76,9m,274Mi
17:56:05,5,emailservice-66944ff59-zvg4w,4m,56Mi
17:56:05,5,redis-cart-c8ff86559-gpcc7,4m,36Mi
17:56:05,5,checkoutservice-5b6d96c9b7-fwtng,3m,37Mi
17:56:05,5,shippingservice-f956b6d9f-ml5cg,3m,31Mi
17:56:05,5,paymentservice-9bfb7bf5-9mdwz,2m,125Mi
17:56:05,5,productcatalogservice-65bbf699df-2hv25,1m,18Mi
17:56:05,5,productcatalogservice-65bbf699df-8ztwv,1m,15Mi
17:56:05,5,currencyservice-7c8fc8fc9c-rtbz4,40m,122Mi
17:56:05,5,frontend-7bd6f45654-dnhzb,39m,41Mi
17:56:05,5,recommendationservice-7444754ff5-kk4vc,29m,80Mi
17:56:05,5,productcatalogservice-65bbf699df-d9cxl,26m,42Mi
17:56:05,5,cartservice-db96d6fcc-tsdhc,17m,145Mi
17:56:05,5,adservice-574bff445c-k5l76,9m,274Mi
17:56:05,5,emailservice-66944ff59-zvg4w,4m,56Mi
17:56:05,5,redis-cart-c8ff86559-gpcc7,4m,36Mi
17:56:05,5,checkoutservice-5b6d96c9b7-fwtng,3m,37Mi
17:56:05,5,shippingservice-f956b6d9f-ml5cg,3m,31Mi
17:56:05,5,paymentservice-9bfb7bf5-9mdwz,2m,125Mi
17:56:05,5,productcatalogservice-65bbf699df-2hv25,1m,18Mi
17:56:05,5,productcatalogservice-65bbf699df-8ztwv,1m,15Mi
17:56:15,6,currencyservice-7c8fc8fc9c-rtbz4,40m,122Mi
17:56:15,6,frontend-7bd6f45654-dnhzb,39m,41Mi
17:56:15,6,recommendationservice-7444754ff5-kk4vc,29m,80Mi
17:56:15,6,productcatalogservice-65bbf699df-d9cxl,26m,42Mi
17:56:15,6,cartservice-db96d6fcc-tsdhc,17m,145Mi
17:56:15,6,adservice-574bff445c-k5l76,9m,274Mi
17:56:15,6,emailservice-66944ff59-zvg4w,4m,56Mi
17:56:15,6,redis-cart-c8ff86559-gpcc7,4m,36Mi
17:56:15,6,checkoutservice-5b6d96c9b7-fwtng,3m,37Mi
17:56:15,6,shippingservice-f956b6d9f-ml5cg,3m,31Mi
17:56:15,6,paymentservice-9bfb7bf5-9mdwz,2m,125Mi
17:56:15,6,productcatalogservice-65bbf699df-2hv25,1m,18Mi
17:56:15,6,productcatalogservice-65bbf699df-8ztwv,1m,15Mi
17:56:15,6,currencyservice-7c8fc8fc9c-rtbz4,40m,122Mi
17:56:15,6,frontend-7bd6f45654-dnhzb,39m,41Mi
17:56:15,6,recommendationservice-7444754ff5-kk4vc,29m,80Mi
17:56:15,6,productcatalogservice-65bbf699df-d9cxl,26m,42Mi
17:56:15,6,cartservice-db96d6fcc-tsdhc,17m,145Mi
17:56:15,6,adservice-574bff445c-k5l76,9m,274Mi
17:56:15,6,emailservice-66944ff59-zvg4w,4m,56Mi
17:56:15,6,redis-cart-c8ff86559-gpcc7,4m,36Mi
17:56:15,6,checkoutservice-5b6d96c9b7-fwtng,3m,37Mi
17:56:15,6,shippingservice-f956b6d9f-ml5cg,3m,31Mi
17:56:15,6,paymentservice-9bfb7bf5-9mdwz,2m,125Mi
17:56:15,6,productcatalogservice-65bbf699df-2hv25,1m,18Mi
17:56:15,6,productcatalogservice-65bbf699df-8ztwv,1m,15Mi
17:56:25,7,frontend-7bd6f45654-dnhzb,51m,41Mi
17:56:25,7,currencyservice-7c8fc8fc9c-rtbz4,42m,121Mi
17:56:25,7,recommendationservice-7444754ff5-kk4vc,33m,80Mi
17:56:25,7,cartservice-db96d6fcc-tsdhc,23m,145Mi
17:56:25,7,productcatalogservice-65bbf699df-d9cxl,22m,42Mi
17:56:25,7,adservice-574bff445c-k5l76,9m,274Mi
17:56:25,7,emailservice-66944ff59-zvg4w,4m,56Mi
17:56:25,7,redis-cart-c8ff86559-gpcc7,4m,36Mi
17:56:25,7,shippingservice-f956b6d9f-ml5cg,4m,31Mi
17:56:25,7,paymentservice-9bfb7bf5-9mdwz,3m,125Mi
17:56:25,7,checkoutservice-5b6d96c9b7-fwtng,3m,37Mi
17:56:25,7,productcatalogservice-65bbf699df-2hv25,1m,18Mi
17:56:25,7,productcatalogservice-65bbf699df-8ztwv,1m,16Mi
17:56:25,7,frontend-7bd6f45654-dnhzb,51m,41Mi
17:56:25,7,currencyservice-7c8fc8fc9c-rtbz4,42m,121Mi
17:56:25,7,recommendationservice-7444754ff5-kk4vc,33m,80Mi
17:56:25,7,cartservice-db96d6fcc-tsdhc,23m,145Mi
17:56:25,7,productcatalogservice-65bbf699df-d9cxl,22m,42Mi
17:56:25,7,adservice-574bff445c-k5l76,9m,274Mi
17:56:25,7,emailservice-66944ff59-zvg4w,4m,56Mi
17:56:25,7,redis-cart-c8ff86559-gpcc7,4m,36Mi
17:56:25,7,shippingservice-f956b6d9f-ml5cg,4m,31Mi
17:56:25,7,paymentservice-9bfb7bf5-9mdwz,3m,125Mi
17:56:25,7,checkoutservice-5b6d96c9b7-fwtng,3m,37Mi
17:56:25,7,productcatalogservice-65bbf699df-2hv25,1m,18Mi
17:56:25,7,productcatalogservice-65bbf699df-8ztwv,1m,16Mi
17:56:35,8,frontend-7bd6f45654-dnhzb,48m,41Mi
17:56:35,8,currencyservice-7c8fc8fc9c-rtbz4,39m,121Mi
17:56:35,8,recommendationservice-7444754ff5-kk4vc,34m,80Mi
17:56:35,8,cartservice-db96d6fcc-tsdhc,23m,145Mi
17:56:35,8,productcatalogservice-65bbf699df-d9cxl,21m,42Mi
17:56:35,8,adservice-574bff445c-k5l76,10m,274Mi
17:56:35,8,emailservice-66944ff59-zvg4w,4m,56Mi
17:56:35,8,redis-cart-c8ff86559-gpcc7,4m,36Mi
17:56:35,8,shippingservice-f956b6d9f-ml5cg,3m,31Mi
17:56:35,8,paymentservice-9bfb7bf5-9mdwz,2m,125Mi
17:56:35,8,checkoutservice-5b6d96c9b7-fwtng,2m,37Mi
17:56:35,8,productcatalogservice-65bbf699df-2hv25,1m,18Mi
17:56:35,8,productcatalogservice-65bbf699df-8ztwv,1m,16Mi
17:56:35,8,frontend-7bd6f45654-dnhzb,48m,41Mi
17:56:35,8,currencyservice-7c8fc8fc9c-rtbz4,39m,121Mi
17:56:35,8,recommendationservice-7444754ff5-kk4vc,34m,80Mi
17:56:35,8,cartservice-db96d6fcc-tsdhc,23m,145Mi
17:56:35,8,productcatalogservice-65bbf699df-d9cxl,21m,42Mi
17:56:35,8,adservice-574bff445c-k5l76,10m,274Mi
17:56:35,8,emailservice-66944ff59-zvg4w,4m,56Mi
17:56:35,8,redis-cart-c8ff86559-gpcc7,4m,36Mi
17:56:35,8,shippingservice-f956b6d9f-ml5cg,3m,31Mi
17:56:35,8,paymentservice-9bfb7bf5-9mdwz,2m,125Mi
17:56:35,8,checkoutservice-5b6d96c9b7-fwtng,2m,37Mi
17:56:35,8,productcatalogservice-65bbf699df-2hv25,1m,18Mi
17:56:35,8,productcatalogservice-65bbf699df-8ztwv,1m,16Mi
17:56:45,9,frontend-7bd6f45654-dnhzb,45m,41Mi
17:56:45,9,currencyservice-7c8fc8fc9c-rtbz4,36m,121Mi
17:56:45,9,recommendationservice-7444754ff5-kk4vc,32m,80Mi
17:56:45,9,productcatalogservice-65bbf699df-d9cxl,20m,42Mi
17:56:45,9,cartservice-db96d6fcc-tsdhc,19m,145Mi
17:56:45,9,adservice-574bff445c-k5l76,9m,274Mi
17:56:45,9,emailservice-66944ff59-zvg4w,4m,56Mi
17:56:45,9,redis-cart-c8ff86559-gpcc7,4m,36Mi
17:56:45,9,checkoutservice-5b6d96c9b7-fwtng,3m,37Mi
17:56:45,9,shippingservice-f956b6d9f-ml5cg,3m,31Mi
17:56:45,9,paymentservice-9bfb7bf5-9mdwz,2m,125Mi
17:56:45,9,productcatalogservice-65bbf699df-2hv25,1m,18Mi
17:56:45,9,productcatalogservice-65bbf699df-8ztwv,1m,16Mi
17:56:45,9,frontend-7bd6f45654-dnhzb,45m,41Mi
17:56:45,9,currencyservice-7c8fc8fc9c-rtbz4,36m,121Mi
17:56:45,9,recommendationservice-7444754ff5-kk4vc,32m,80Mi
17:56:45,9,productcatalogservice-65bbf699df-d9cxl,20m,42Mi
17:56:45,9,cartservice-db96d6fcc-tsdhc,19m,145Mi
17:56:45,9,adservice-574bff445c-k5l76,9m,274Mi
17:56:45,9,emailservice-66944ff59-zvg4w,4m,56Mi
17:56:45,9,redis-cart-c8ff86559-gpcc7,4m,36Mi
17:56:45,9,checkoutservice-5b6d96c9b7-fwtng,3m,37Mi
17:56:45,9,shippingservice-f956b6d9f-ml5cg,3m,31Mi
17:56:45,9,paymentservice-9bfb7bf5-9mdwz,2m,125Mi
17:56:45,9,productcatalogservice-65bbf699df-2hv25,1m,18Mi
17:56:45,9,productcatalogservice-65bbf699df-8ztwv,1m,16Mi
17:56:55,10,frontend-7bd6f45654-dnhzb,45m,41Mi
17:56:55,10,currencyservice-7c8fc8fc9c-rtbz4,36m,121Mi
17:56:55,10,recommendationservice-7444754ff5-kk4vc,32m,80Mi
17:56:55,10,productcatalogservice-65bbf699df-d9cxl,20m,42Mi
17:56:55,10,cartservice-db96d6fcc-tsdhc,19m,145Mi
17:56:55,10,adservice-574bff445c-k5l76,9m,274Mi
17:56:55,10,emailservice-66944ff59-zvg4w,4m,56Mi
17:56:55,10,redis-cart-c8ff86559-gpcc7,4m,36Mi
17:56:55,10,checkoutservice-5b6d96c9b7-fwtng,3m,37Mi
17:56:55,10,shippingservice-f956b6d9f-ml5cg,3m,31Mi
17:56:55,10,paymentservice-9bfb7bf5-9mdwz,2m,125Mi
17:56:55,10,productcatalogservice-65bbf699df-2hv25,1m,18Mi
17:56:55,10,productcatalogservice-65bbf699df-8ztwv,1m,16Mi
17:56:55,10,frontend-7bd6f45654-dnhzb,45m,41Mi
17:56:55,10,currencyservice-7c8fc8fc9c-rtbz4,36m,121Mi
17:56:55,10,recommendationservice-7444754ff5-kk4vc,32m,80Mi
17:56:55,10,productcatalogservice-65bbf699df-d9cxl,20m,42Mi
17:56:55,10,cartservice-db96d6fcc-tsdhc,19m,145Mi
17:56:55,10,adservice-574bff445c-k5l76,9m,274Mi
17:56:55,10,emailservice-66944ff59-zvg4w,4m,56Mi
17:56:55,10,redis-cart-c8ff86559-gpcc7,4m,36Mi
17:56:55,10,checkoutservice-5b6d96c9b7-fwtng,3m,37Mi
17:56:55,10,shippingservice-f956b6d9f-ml5cg,3m,31Mi
17:56:55,10,paymentservice-9bfb7bf5-9mdwz,2m,125Mi
17:56:55,10,productcatalogservice-65bbf699df-2hv25,1m,18Mi
17:56:55,10,productcatalogservice-65bbf699df-8ztwv,1m,16Mi
17:57:05,11,frontend-7bd6f45654-dnhzb,47m,41Mi
17:57:05,11,currencyservice-7c8fc8fc9c-rtbz4,37m,121Mi
17:57:05,11,recommendationservice-7444754ff5-kk4vc,35m,80Mi
17:57:05,11,productcatalogservice-65bbf699df-d9cxl,22m,42Mi
17:57:05,11,cartservice-db96d6fcc-tsdhc,22m,145Mi
17:57:05,11,adservice-574bff445c-k5l76,9m,274Mi
17:57:05,11,emailservice-66944ff59-zvg4w,5m,56Mi
17:57:05,11,checkoutservice-5b6d96c9b7-fwtng,4m,37Mi
17:57:05,11,redis-cart-c8ff86559-gpcc7,4m,36Mi
17:57:05,11,shippingservice-f956b6d9f-ml5cg,4m,31Mi
17:57:05,11,paymentservice-9bfb7bf5-9mdwz,3m,125Mi
17:57:05,11,productcatalogservice-65bbf699df-2hv25,1m,18Mi
17:57:05,11,productcatalogservice-65bbf699df-8ztwv,1m,16Mi
17:57:05,11,frontend-7bd6f45654-dnhzb,47m,41Mi
17:57:05,11,currencyservice-7c8fc8fc9c-rtbz4,37m,121Mi
17:57:05,11,recommendationservice-7444754ff5-kk4vc,35m,80Mi
17:57:05,11,productcatalogservice-65bbf699df-d9cxl,22m,42Mi
17:57:05,11,cartservice-db96d6fcc-tsdhc,22m,145Mi
17:57:05,11,adservice-574bff445c-k5l76,9m,274Mi
17:57:05,11,emailservice-66944ff59-zvg4w,5m,56Mi
17:57:05,11,checkoutservice-5b6d96c9b7-fwtng,4m,37Mi
17:57:05,11,redis-cart-c8ff86559-gpcc7,4m,36Mi
17:57:05,11,shippingservice-f956b6d9f-ml5cg,4m,31Mi
17:57:05,11,paymentservice-9bfb7bf5-9mdwz,3m,125Mi
17:57:05,11,productcatalogservice-65bbf699df-2hv25,1m,18Mi
17:57:05,11,productcatalogservice-65bbf699df-8ztwv,1m,16Mi
17:57:16,12,frontend-7bd6f45654-dnhzb,47m,43Mi
17:57:16,12,currencyservice-7c8fc8fc9c-rtbz4,40m,121Mi
17:57:16,12,recommendationservice-7444754ff5-kk4vc,31m,80Mi
17:57:16,12,productcatalogservice-65bbf699df-d9cxl,20m,42Mi
17:57:16,12,cartservice-db96d6fcc-tsdhc,20m,145Mi
17:57:16,12,adservice-574bff445c-k5l76,10m,274Mi
17:57:16,12,emailservice-66944ff59-zvg4w,5m,56Mi
17:57:16,12,redis-cart-c8ff86559-gpcc7,4m,36Mi
17:57:16,12,shippingservice-f956b6d9f-ml5cg,4m,31Mi
17:57:16,12,checkoutservice-5b6d96c9b7-fwtng,3m,37Mi
17:57:16,12,paymentservice-9bfb7bf5-9mdwz,2m,125Mi
17:57:16,12,productcatalogservice-65bbf699df-2hv25,2m,18Mi
17:57:16,12,productcatalogservice-65bbf699df-8ztwv,2m,16Mi
17:57:16,12,frontend-7bd6f45654-dnhzb,47m,43Mi
17:57:16,12,currencyservice-7c8fc8fc9c-rtbz4,40m,121Mi
17:57:16,12,recommendationservice-7444754ff5-kk4vc,31m,80Mi
17:57:16,12,productcatalogservice-65bbf699df-d9cxl,20m,42Mi
17:57:16,12,cartservice-db96d6fcc-tsdhc,20m,145Mi
17:57:16,12,adservice-574bff445c-k5l76,10m,274Mi
17:57:16,12,emailservice-66944ff59-zvg4w,5m,56Mi
17:57:16,12,redis-cart-c8ff86559-gpcc7,4m,36Mi
17:57:16,12,shippingservice-f956b6d9f-ml5cg,4m,31Mi
17:57:16,12,checkoutservice-5b6d96c9b7-fwtng,3m,37Mi
17:57:16,12,paymentservice-9bfb7bf5-9mdwz,2m,125Mi
17:57:16,12,productcatalogservice-65bbf699df-2hv25,2m,18Mi
17:57:16,12,productcatalogservice-65bbf699df-8ztwv,2m,16Mi
17:57:26,13,frontend-7bd6f45654-dnhzb,47m,43Mi
17:57:26,13,currencyservice-7c8fc8fc9c-rtbz4,40m,121Mi
17:57:26,13,recommendationservice-7444754ff5-kk4vc,31m,80Mi
17:57:26,13,productcatalogservice-65bbf699df-d9cxl,20m,42Mi
17:57:26,13,cartservice-db96d6fcc-tsdhc,20m,145Mi
17:57:26,13,adservice-574bff445c-k5l76,10m,274Mi
17:57:26,13,emailservice-66944ff59-zvg4w,5m,56Mi
17:57:26,13,redis-cart-c8ff86559-gpcc7,4m,36Mi
17:57:26,13,shippingservice-f956b6d9f-ml5cg,4m,31Mi
17:57:26,13,checkoutservice-5b6d96c9b7-fwtng,3m,37Mi
17:57:26,13,paymentservice-9bfb7bf5-9mdwz,2m,125Mi
17:57:26,13,productcatalogservice-65bbf699df-2hv25,2m,18Mi
17:57:26,13,productcatalogservice-65bbf699df-8ztwv,2m,16Mi
17:57:26,13,frontend-7bd6f45654-dnhzb,47m,43Mi
17:57:26,13,currencyservice-7c8fc8fc9c-rtbz4,40m,121Mi
17:57:26,13,recommendationservice-7444754ff5-kk4vc,31m,80Mi
17:57:26,13,productcatalogservice-65bbf699df-d9cxl,20m,42Mi
17:57:26,13,cartservice-db96d6fcc-tsdhc,20m,145Mi
17:57:26,13,adservice-574bff445c-k5l76,10m,274Mi
17:57:26,13,emailservice-66944ff59-zvg4w,5m,56Mi
17:57:26,13,redis-cart-c8ff86559-gpcc7,4m,36Mi
17:57:26,13,shippingservice-f956b6d9f-ml5cg,4m,31Mi
17:57:26,13,checkoutservice-5b6d96c9b7-fwtng,3m,37Mi
17:57:26,13,paymentservice-9bfb7bf5-9mdwz,2m,125Mi
17:57:26,13,productcatalogservice-65bbf699df-2hv25,2m,18Mi
17:57:26,13,productcatalogservice-65bbf699df-8ztwv,2m,16Mi
17:57:36,14,frontend-7bd6f45654-dnhzb,55m,43Mi
17:57:36,14,currencyservice-7c8fc8fc9c-rtbz4,44m,121Mi
17:57:36,14,recommendationservice-7444754ff5-kk4vc,36m,80Mi
17:57:36,14,cartservice-db96d6fcc-tsdhc,26m,145Mi
17:57:36,14,productcatalogservice-65bbf699df-d9cxl,24m,42Mi
17:57:36,14,adservice-574bff445c-k5l76,11m,274Mi
17:57:36,14,emailservice-66944ff59-zvg4w,5m,56Mi
17:57:36,14,checkoutservice-5b6d96c9b7-fwtng,4m,37Mi
17:57:36,14,redis-cart-c8ff86559-gpcc7,4m,36Mi
17:57:36,14,shippingservice-f956b6d9f-ml5cg,4m,31Mi
17:57:36,14,paymentservice-9bfb7bf5-9mdwz,3m,125Mi
17:57:36,14,productcatalogservice-65bbf699df-2hv25,1m,18Mi
17:57:36,14,productcatalogservice-65bbf699df-8ztwv,1m,16Mi
17:57:36,14,frontend-7bd6f45654-dnhzb,55m,43Mi
17:57:36,14,currencyservice-7c8fc8fc9c-rtbz4,44m,121Mi
17:57:36,14,recommendationservice-7444754ff5-kk4vc,36m,80Mi
17:57:36,14,cartservice-db96d6fcc-tsdhc,26m,145Mi
17:57:36,14,productcatalogservice-65bbf699df-d9cxl,24m,42Mi
17:57:36,14,adservice-574bff445c-k5l76,11m,274Mi
17:57:36,14,emailservice-66944ff59-zvg4w,5m,56Mi
17:57:36,14,checkoutservice-5b6d96c9b7-fwtng,4m,37Mi
17:57:36,14,redis-cart-c8ff86559-gpcc7,4m,36Mi
17:57:36,14,shippingservice-f956b6d9f-ml5cg,4m,31Mi
17:57:36,14,paymentservice-9bfb7bf5-9mdwz,3m,125Mi
17:57:36,14,productcatalogservice-65bbf699df-2hv25,1m,18Mi
17:57:36,14,productcatalogservice-65bbf699df-8ztwv,1m,16Mi
17:57:46,15,frontend-7bd6f45654-dnhzb,53m,43Mi
17:57:46,15,currencyservice-7c8fc8fc9c-rtbz4,43m,121Mi
17:57:46,15,recommendationservice-7444754ff5-kk4vc,36m,80Mi
17:57:46,15,cartservice-db96d6fcc-tsdhc,25m,145Mi
17:57:46,15,productcatalogservice-65bbf699df-d9cxl,24m,42Mi
17:57:46,15,adservice-574bff445c-k5l76,10m,274Mi
17:57:46,15,emailservice-66944ff59-zvg4w,5m,56Mi
17:57:46,15,checkoutservice-5b6d96c9b7-fwtng,5m,37Mi
17:57:46,15,redis-cart-c8ff86559-gpcc7,4m,36Mi
17:57:46,15,shippingservice-f956b6d9f-ml5cg,4m,31Mi
17:57:46,15,paymentservice-9bfb7bf5-9mdwz,3m,125Mi
17:57:46,15,productcatalogservice-65bbf699df-2hv25,1m,18Mi
17:57:46,15,productcatalogservice-65bbf699df-8ztwv,1m,16Mi
17:57:46,15,frontend-7bd6f45654-dnhzb,53m,43Mi
17:57:46,15,currencyservice-7c8fc8fc9c-rtbz4,43m,121Mi
17:57:46,15,recommendationservice-7444754ff5-kk4vc,36m,80Mi
17:57:46,15,cartservice-db96d6fcc-tsdhc,25m,145Mi
17:57:46,15,productcatalogservice-65bbf699df-d9cxl,24m,42Mi
17:57:46,15,adservice-574bff445c-k5l76,10m,274Mi
17:57:46,15,emailservice-66944ff59-zvg4w,5m,56Mi
17:57:46,15,checkoutservice-5b6d96c9b7-fwtng,5m,37Mi
17:57:46,15,redis-cart-c8ff86559-gpcc7,4m,36Mi
17:57:46,15,shippingservice-f956b6d9f-ml5cg,4m,31Mi
17:57:46,15,paymentservice-9bfb7bf5-9mdwz,3m,125Mi
17:57:46,15,productcatalogservice-65bbf699df-2hv25,1m,18Mi
17:57:46,15,productcatalogservice-65bbf699df-8ztwv,1m,16Mi
17:57:56,16,frontend-7bd6f45654-dnhzb,53m,43Mi
17:57:56,16,currencyservice-7c8fc8fc9c-rtbz4,43m,121Mi
17:57:56,16,recommendationservice-7444754ff5-kk4vc,36m,80Mi
17:57:56,16,cartservice-db96d6fcc-tsdhc,25m,145Mi
17:57:56,16,productcatalogservice-65bbf699df-d9cxl,24m,42Mi
17:57:56,16,adservice-574bff445c-k5l76,10m,274Mi
17:57:56,16,emailservice-66944ff59-zvg4w,5m,56Mi
17:57:56,16,checkoutservice-5b6d96c9b7-fwtng,5m,37Mi
17:57:56,16,redis-cart-c8ff86559-gpcc7,4m,36Mi
17:57:56,16,shippingservice-f956b6d9f-ml5cg,4m,31Mi
17:57:56,16,paymentservice-9bfb7bf5-9mdwz,3m,125Mi
17:57:56,16,productcatalogservice-65bbf699df-2hv25,1m,18Mi
17:57:56,16,productcatalogservice-65bbf699df-8ztwv,1m,16Mi
17:57:56,16,frontend-7bd6f45654-dnhzb,53m,43Mi
17:57:56,16,currencyservice-7c8fc8fc9c-rtbz4,43m,121Mi
17:57:56,16,recommendationservice-7444754ff5-kk4vc,36m,80Mi
17:57:56,16,cartservice-db96d6fcc-tsdhc,25m,145Mi
17:57:56,16,productcatalogservice-65bbf699df-d9cxl,24m,42Mi
17:57:56,16,adservice-574bff445c-k5l76,10m,274Mi
17:57:56,16,emailservice-66944ff59-zvg4w,5m,56Mi
17:57:56,16,checkoutservice-5b6d96c9b7-fwtng,5m,37Mi
17:57:56,16,redis-cart-c8ff86559-gpcc7,4m,36Mi
17:57:56,16,shippingservice-f956b6d9f-ml5cg,4m,31Mi
17:57:56,16,paymentservice-9bfb7bf5-9mdwz,3m,125Mi
17:57:56,16,productcatalogservice-65bbf699df-2hv25,1m,18Mi
17:57:56,16,productcatalogservice-65bbf699df-8ztwv,1m,16Mi
17:58:06,17,recommendationservice-7444754ff5-kk4vc,8m,80Mi
17:58:06,17,redis-cart-c8ff86559-gpcc7,7m,36Mi
17:58:06,17,currencyservice-7c8fc8fc9c-rtbz4,5m,121Mi
17:58:06,17,cartservice-db96d6fcc-tsdhc,4m,145Mi
17:58:06,17,emailservice-66944ff59-zvg4w,4m,56Mi
17:58:06,17,frontend-7bd6f45654-dnhzb,4m,43Mi
17:58:06,17,adservice-574bff445c-k5l76,3m,274Mi
17:58:06,17,paymentservice-9bfb7bf5-9mdwz,2m,125Mi
17:58:06,17,productcatalogservice-65bbf699df-d9cxl,2m,42Mi
17:58:06,17,productcatalogservice-65bbf699df-8ztwv,1m,17Mi
17:58:06,17,productcatalogservice-65bbf699df-2hv25,1m,18Mi
17:58:06,17,checkoutservice-5b6d96c9b7-fwtng,1m,37Mi
17:58:06,17,shippingservice-f956b6d9f-ml5cg,1m,31Mi
17:58:06,17,recommendationservice-7444754ff5-kk4vc,8m,80Mi
17:58:06,17,redis-cart-c8ff86559-gpcc7,7m,36Mi
17:58:06,17,currencyservice-7c8fc8fc9c-rtbz4,5m,121Mi
17:58:06,17,cartservice-db96d6fcc-tsdhc,4m,145Mi
17:58:06,17,emailservice-66944ff59-zvg4w,4m,56Mi
17:58:06,17,frontend-7bd6f45654-dnhzb,4m,43Mi
17:58:06,17,adservice-574bff445c-k5l76,3m,274Mi
17:58:06,17,paymentservice-9bfb7bf5-9mdwz,2m,125Mi
17:58:06,17,productcatalogservice-65bbf699df-d9cxl,2m,42Mi
17:58:06,17,productcatalogservice-65bbf699df-8ztwv,1m,17Mi
17:58:06,17,productcatalogservice-65bbf699df-2hv25,1m,18Mi
17:58:06,17,checkoutservice-5b6d96c9b7-fwtng,1m,37Mi
17:58:06,17,shippingservice-f956b6d9f-ml5cg,1m,31Mi
17:58:17,18,recommendationservice-7444754ff5-kk4vc,5m,80Mi
17:58:17,18,emailservice-66944ff59-zvg4w,4m,56Mi
17:58:17,18,redis-cart-c8ff86559-gpcc7,3m,36Mi
17:58:17,18,productcatalogservice-65bbf699df-d9cxl,2m,42Mi
17:58:17,18,paymentservice-9bfb7bf5-9mdwz,2m,125Mi
17:58:17,18,adservice-574bff445c-k5l76,2m,274Mi
17:58:17,18,cartservice-db96d6fcc-tsdhc,2m,145Mi
17:58:17,18,currencyservice-7c8fc8fc9c-rtbz4,1m,122Mi
17:58:17,18,frontend-7bd6f45654-dnhzb,1m,43Mi
17:58:17,18,productcatalogservice-65bbf699df-2hv25,1m,18Mi
17:58:17,18,productcatalogservice-65bbf699df-8ztwv,1m,17Mi
17:58:17,18,checkoutservice-5b6d96c9b7-fwtng,1m,37Mi
17:58:17,18,shippingservice-f956b6d9f-ml5cg,1m,31Mi
17:58:17,18,recommendationservice-7444754ff5-kk4vc,5m,80Mi
17:58:17,18,emailservice-66944ff59-zvg4w,4m,56Mi
17:58:17,18,redis-cart-c8ff86559-gpcc7,3m,36Mi
17:58:17,18,productcatalogservice-65bbf699df-d9cxl,2m,42Mi
17:58:17,18,paymentservice-9bfb7bf5-9mdwz,2m,125Mi
17:58:17,18,adservice-574bff445c-k5l76,2m,274Mi
17:58:17,18,cartservice-db96d6fcc-tsdhc,2m,145Mi
17:58:17,18,currencyservice-7c8fc8fc9c-rtbz4,1m,122Mi
17:58:17,18,frontend-7bd6f45654-dnhzb,1m,43Mi
17:58:17,18,productcatalogservice-65bbf699df-2hv25,1m,18Mi
17:58:17,18,productcatalogservice-65bbf699df-8ztwv,1m,17Mi
17:58:17,18,checkoutservice-5b6d96c9b7-fwtng,1m,37Mi
17:58:17,18,shippingservice-f956b6d9f-ml5cg,1m,31Mi
17:58:27,19,recommendationservice-7444754ff5-kk4vc,5m,80Mi
17:58:27,19,emailservice-66944ff59-zvg4w,4m,56Mi
17:58:27,19,redis-cart-c8ff86559-gpcc7,3m,36Mi
17:58:27,19,productcatalogservice-65bbf699df-d9cxl,2m,42Mi
17:58:27,19,paymentservice-9bfb7bf5-9mdwz,2m,125Mi
17:58:27,19,adservice-574bff445c-k5l76,2m,274Mi
17:58:27,19,cartservice-db96d6fcc-tsdhc,2m,145Mi
17:58:27,19,currencyservice-7c8fc8fc9c-rtbz4,1m,122Mi
17:58:27,19,frontend-7bd6f45654-dnhzb,1m,43Mi
17:58:27,19,productcatalogservice-65bbf699df-2hv25,1m,18Mi
17:58:27,19,productcatalogservice-65bbf699df-8ztwv,1m,17Mi
17:58:27,19,checkoutservice-5b6d96c9b7-fwtng,1m,37Mi
17:58:27,19,shippingservice-f956b6d9f-ml5cg,1m,31Mi
17:58:27,19,recommendationservice-7444754ff5-kk4vc,5m,80Mi
17:58:27,19,emailservice-66944ff59-zvg4w,4m,56Mi
17:58:27,19,redis-cart-c8ff86559-gpcc7,3m,36Mi
17:58:27,19,productcatalogservice-65bbf699df-d9cxl,2m,42Mi
17:58:27,19,paymentservice-9bfb7bf5-9mdwz,2m,125Mi
17:58:27,19,adservice-574bff445c-k5l76,2m,274Mi
17:58:27,19,cartservice-db96d6fcc-tsdhc,2m,145Mi
17:58:27,19,currencyservice-7c8fc8fc9c-rtbz4,1m,122Mi
17:58:27,19,frontend-7bd6f45654-dnhzb,1m,43Mi
17:58:27,19,productcatalogservice-65bbf699df-2hv25,1m,18Mi
17:58:27,19,productcatalogservice-65bbf699df-8ztwv,1m,17Mi
17:58:27,19,checkoutservice-5b6d96c9b7-fwtng,1m,37Mi
17:58:27,19,shippingservice-f956b6d9f-ml5cg,1m,31Mi
17:58:37,20,recommendationservice-7444754ff5-kk4vc,5m,80Mi
17:58:37,20,emailservice-66944ff59-zvg4w,4m,56Mi
17:58:37,20,redis-cart-c8ff86559-gpcc7,3m,36Mi
17:58:37,20,paymentservice-9bfb7bf5-9mdwz,2m,125Mi
17:58:37,20,cartservice-db96d6fcc-tsdhc,2m,145Mi
17:58:37,20,currencyservice-7c8fc8fc9c-rtbz4,1m,122Mi
17:58:37,20,frontend-7bd6f45654-dnhzb,1m,43Mi
17:58:37,20,productcatalogservice-65bbf699df-2hv25,1m,18Mi
17:58:37,20,productcatalogservice-65bbf699df-8ztwv,1m,19Mi
17:58:37,20,productcatalogservice-65bbf699df-d9cxl,1m,42Mi
17:58:37,20,adservice-574bff445c-k5l76,1m,274Mi
17:58:37,20,checkoutservice-5b6d96c9b7-fwtng,1m,37Mi
17:58:37,20,shippingservice-f956b6d9f-ml5cg,1m,31Mi
17:58:37,20,recommendationservice-7444754ff5-kk4vc,5m,80Mi
17:58:37,20,emailservice-66944ff59-zvg4w,4m,56Mi
17:58:37,20,redis-cart-c8ff86559-gpcc7,3m,36Mi
17:58:37,20,paymentservice-9bfb7bf5-9mdwz,2m,125Mi
17:58:37,20,cartservice-db96d6fcc-tsdhc,2m,145Mi
17:58:37,20,currencyservice-7c8fc8fc9c-rtbz4,1m,122Mi
17:58:37,20,frontend-7bd6f45654-dnhzb,1m,43Mi
17:58:37,20,productcatalogservice-65bbf699df-2hv25,1m,18Mi
17:58:37,20,productcatalogservice-65bbf699df-8ztwv,1m,19Mi
17:58:37,20,productcatalogservice-65bbf699df-d9cxl,1m,42Mi
17:58:37,20,adservice-574bff445c-k5l76,1m,274Mi
17:58:37,20,checkoutservice-5b6d96c9b7-fwtng,1m,37Mi
17:58:37,20,shippingservice-f956b6d9f-ml5cg,1m,31Mi
17:58:47,21,emailservice-66944ff59-zvg4w,5m,56Mi
17:58:47,21,recommendationservice-7444754ff5-kk4vc,4m,80Mi
17:58:47,21,redis-cart-c8ff86559-gpcc7,3m,36Mi
17:58:47,21,cartservice-db96d6fcc-tsdhc,2m,145Mi
17:58:47,21,paymentservice-9bfb7bf5-9mdwz,1m,125Mi
17:58:47,21,frontend-7bd6f45654-dnhzb,1m,43Mi
17:58:47,21,adservice-574bff445c-k5l76,1m,274Mi
17:58:47,21,productcatalogservice-65bbf699df-2hv25,1m,18Mi
17:58:47,21,productcatalogservice-65bbf699df-8ztwv,1m,19Mi
17:58:47,21,productcatalogservice-65bbf699df-d9cxl,1m,42Mi
17:58:47,21,currencyservice-7c8fc8fc9c-rtbz4,1m,122Mi
17:58:47,21,checkoutservice-5b6d96c9b7-fwtng,1m,37Mi
17:58:47,21,shippingservice-f956b6d9f-ml5cg,1m,31Mi
17:58:47,21,emailservice-66944ff59-zvg4w,5m,56Mi
17:58:47,21,recommendationservice-7444754ff5-kk4vc,4m,80Mi
17:58:47,21,redis-cart-c8ff86559-gpcc7,3m,36Mi
17:58:47,21,cartservice-db96d6fcc-tsdhc,2m,145Mi
17:58:47,21,paymentservice-9bfb7bf5-9mdwz,1m,125Mi
17:58:47,21,frontend-7bd6f45654-dnhzb,1m,43Mi
17:58:47,21,adservice-574bff445c-k5l76,1m,274Mi
17:58:47,21,productcatalogservice-65bbf699df-2hv25,1m,18Mi
17:58:47,21,productcatalogservice-65bbf699df-8ztwv,1m,19Mi
17:58:47,21,productcatalogservice-65bbf699df-d9cxl,1m,42Mi
17:58:47,21,currencyservice-7c8fc8fc9c-rtbz4,1m,122Mi
17:58:47,21,checkoutservice-5b6d96c9b7-fwtng,1m,37Mi
17:58:47,21,shippingservice-f956b6d9f-ml5cg,1m,31Mi
17:58:57,22,emailservice-66944ff59-zvg4w,5m,56Mi
17:58:57,22,recommendationservice-7444754ff5-kk4vc,4m,80Mi
17:58:57,22,redis-cart-c8ff86559-gpcc7,3m,36Mi
17:58:57,22,cartservice-db96d6fcc-tsdhc,2m,145Mi
17:58:57,22,paymentservice-9bfb7bf5-9mdwz,1m,125Mi
17:58:57,22,frontend-7bd6f45654-dnhzb,1m,43Mi
17:58:57,22,adservice-574bff445c-k5l76,1m,274Mi
17:58:57,22,productcatalogservice-65bbf699df-2hv25,1m,18Mi
17:58:57,22,productcatalogservice-65bbf699df-8ztwv,1m,19Mi
17:58:57,22,productcatalogservice-65bbf699df-d9cxl,1m,42Mi
17:58:57,22,currencyservice-7c8fc8fc9c-rtbz4,1m,122Mi
17:58:57,22,checkoutservice-5b6d96c9b7-fwtng,1m,37Mi
17:58:57,22,shippingservice-f956b6d9f-ml5cg,1m,31Mi
17:58:57,22,emailservice-66944ff59-zvg4w,5m,56Mi
17:58:57,22,recommendationservice-7444754ff5-kk4vc,4m,80Mi
17:58:57,22,redis-cart-c8ff86559-gpcc7,3m,36Mi
17:58:57,22,cartservice-db96d6fcc-tsdhc,2m,145Mi
17:58:57,22,paymentservice-9bfb7bf5-9mdwz,1m,125Mi
17:58:57,22,frontend-7bd6f45654-dnhzb,1m,43Mi
17:58:57,22,adservice-574bff445c-k5l76,1m,274Mi
17:58:57,22,productcatalogservice-65bbf699df-2hv25,1m,18Mi
17:58:57,22,productcatalogservice-65bbf699df-8ztwv,1m,19Mi
17:58:57,22,productcatalogservice-65bbf699df-d9cxl,1m,42Mi
17:58:57,22,currencyservice-7c8fc8fc9c-rtbz4,1m,122Mi
17:58:57,22,checkoutservice-5b6d96c9b7-fwtng,1m,37Mi
17:58:57,22,shippingservice-f956b6d9f-ml5cg,1m,31Mi
17:59:07,23,frontend-7bd6f45654-dnhzb,34m,44Mi
17:59:07,23,currencyservice-7c8fc8fc9c-rtbz4,28m,122Mi
17:59:07,23,recommendationservice-7444754ff5-kk4vc,27m,80Mi
17:59:07,23,cartservice-db96d6fcc-tsdhc,16m,145Mi
17:59:07,23,productcatalogservice-65bbf699df-d9cxl,15m,42Mi
17:59:07,23,adservice-574bff445c-k5l76,10m,274Mi
17:59:07,23,redis-cart-c8ff86559-gpcc7,6m,36Mi
17:59:07,23,emailservice-66944ff59-zvg4w,5m,56Mi
17:59:07,23,paymentservice-9bfb7bf5-9mdwz,3m,125Mi
17:59:07,23,checkoutservice-5b6d96c9b7-fwtng,3m,37Mi
17:59:07,23,shippingservice-f956b6d9f-ml5cg,3m,31Mi
17:59:07,23,productcatalogservice-65bbf699df-2hv25,1m,18Mi
17:59:07,23,productcatalogservice-65bbf699df-8ztwv,1m,19Mi
17:59:07,23,frontend-7bd6f45654-dnhzb,34m,44Mi
17:59:07,23,currencyservice-7c8fc8fc9c-rtbz4,28m,122Mi
17:59:07,23,recommendationservice-7444754ff5-kk4vc,27m,80Mi
17:59:07,23,cartservice-db96d6fcc-tsdhc,16m,145Mi
17:59:07,23,productcatalogservice-65bbf699df-d9cxl,15m,42Mi
17:59:07,23,adservice-574bff445c-k5l76,10m,274Mi
17:59:07,23,redis-cart-c8ff86559-gpcc7,6m,36Mi
17:59:07,23,emailservice-66944ff59-zvg4w,5m,56Mi
17:59:07,23,paymentservice-9bfb7bf5-9mdwz,3m,125Mi
17:59:07,23,checkoutservice-5b6d96c9b7-fwtng,3m,37Mi
17:59:07,23,shippingservice-f956b6d9f-ml5cg,3m,31Mi
17:59:07,23,productcatalogservice-65bbf699df-2hv25,1m,18Mi
17:59:07,23,productcatalogservice-65bbf699df-8ztwv,1m,19Mi
17:59:17,24,frontend-7bd6f45654-dnhzb,57m,44Mi
17:59:17,24,currencyservice-7c8fc8fc9c-rtbz4,46m,122Mi
17:59:17,24,recommendationservice-7444754ff5-kk4vc,38m,80Mi
17:59:17,24,cartservice-db96d6fcc-tsdhc,29m,145Mi
17:59:17,24,productcatalogservice-65bbf699df-d9cxl,26m,42Mi
17:59:17,24,adservice-574bff445c-k5l76,18m,274Mi
17:59:17,24,emailservice-66944ff59-zvg4w,5m,56Mi
17:59:17,24,shippingservice-f956b6d9f-ml5cg,5m,31Mi
17:59:17,24,checkoutservice-5b6d96c9b7-fwtng,4m,37Mi
17:59:17,24,redis-cart-c8ff86559-gpcc7,4m,36Mi
17:59:17,24,paymentservice-9bfb7bf5-9mdwz,3m,125Mi
17:59:17,24,productcatalogservice-65bbf699df-2hv25,1m,18Mi
17:59:17,24,productcatalogservice-65bbf699df-8ztwv,1m,19Mi
17:59:17,24,frontend-7bd6f45654-dnhzb,57m,44Mi
17:59:17,24,currencyservice-7c8fc8fc9c-rtbz4,46m,122Mi
17:59:17,24,recommendationservice-7444754ff5-kk4vc,38m,80Mi
17:59:17,24,cartservice-db96d6fcc-tsdhc,29m,145Mi
17:59:17,24,productcatalogservice-65bbf699df-d9cxl,26m,42Mi
17:59:17,24,adservice-574bff445c-k5l76,18m,274Mi
17:59:17,24,emailservice-66944ff59-zvg4w,5m,56Mi
17:59:17,24,shippingservice-f956b6d9f-ml5cg,5m,31Mi
17:59:17,24,checkoutservice-5b6d96c9b7-fwtng,4m,37Mi
17:59:17,24,redis-cart-c8ff86559-gpcc7,4m,36Mi
17:59:17,24,paymentservice-9bfb7bf5-9mdwz,3m,125Mi
17:59:17,24,productcatalogservice-65bbf699df-2hv25,1m,18Mi
17:59:17,24,productcatalogservice-65bbf699df-8ztwv,1m,19Mi
17:59:28,25,frontend-7bd6f45654-dnhzb,57m,44Mi
17:59:28,25,currencyservice-7c8fc8fc9c-rtbz4,46m,122Mi
17:59:28,25,recommendationservice-7444754ff5-kk4vc,38m,80Mi
17:59:28,25,cartservice-db96d6fcc-tsdhc,29m,145Mi
17:59:28,25,productcatalogservice-65bbf699df-d9cxl,26m,42Mi
17:59:28,25,adservice-574bff445c-k5l76,18m,274Mi
17:59:28,25,emailservice-66944ff59-zvg4w,5m,56Mi
17:59:28,25,shippingservice-f956b6d9f-ml5cg,5m,31Mi
17:59:28,25,checkoutservice-5b6d96c9b7-fwtng,4m,37Mi
17:59:28,25,redis-cart-c8ff86559-gpcc7,4m,36Mi
17:59:28,25,paymentservice-9bfb7bf5-9mdwz,3m,125Mi
17:59:28,25,productcatalogservice-65bbf699df-2hv25,1m,18Mi
17:59:28,25,productcatalogservice-65bbf699df-8ztwv,1m,19Mi
17:59:28,25,frontend-7bd6f45654-dnhzb,57m,44Mi
17:59:28,25,currencyservice-7c8fc8fc9c-rtbz4,46m,122Mi
17:59:28,25,recommendationservice-7444754ff5-kk4vc,38m,80Mi
17:59:28,25,cartservice-db96d6fcc-tsdhc,29m,145Mi
17:59:28,25,productcatalogservice-65bbf699df-d9cxl,26m,42Mi
17:59:28,25,adservice-574bff445c-k5l76,18m,274Mi
17:59:28,25,emailservice-66944ff59-zvg4w,5m,56Mi
17:59:28,25,shippingservice-f956b6d9f-ml5cg,5m,31Mi
17:59:28,25,checkoutservice-5b6d96c9b7-fwtng,4m,37Mi
17:59:28,25,redis-cart-c8ff86559-gpcc7,4m,36Mi
17:59:28,25,paymentservice-9bfb7bf5-9mdwz,3m,125Mi
17:59:28,25,productcatalogservice-65bbf699df-2hv25,1m,18Mi
17:59:28,25,productcatalogservice-65bbf699df-8ztwv,1m,19Mi
17:59:38,26,frontend-7bd6f45654-dnhzb,46m,44Mi
17:59:38,26,currencyservice-7c8fc8fc9c-rtbz4,36m,122Mi
17:59:38,26,recommendationservice-7444754ff5-kk4vc,34m,80Mi
17:59:38,26,productcatalogservice-65bbf699df-d9cxl,21m,42Mi
17:59:38,26,cartservice-db96d6fcc-tsdhc,20m,145Mi
17:59:38,26,adservice-574bff445c-k5l76,10m,274Mi
17:59:38,26,emailservice-66944ff59-zvg4w,5m,56Mi
17:59:38,26,redis-cart-c8ff86559-gpcc7,4m,36Mi
17:59:38,26,shippingservice-f956b6d9f-ml5cg,4m,31Mi
17:59:38,26,checkoutservice-5b6d96c9b7-fwtng,3m,37Mi
17:59:38,26,paymentservice-9bfb7bf5-9mdwz,3m,125Mi
17:59:38,26,productcatalogservice-65bbf699df-2hv25,1m,18Mi
17:59:38,26,productcatalogservice-65bbf699df-8ztwv,1m,19Mi
17:59:38,26,frontend-7bd6f45654-dnhzb,46m,44Mi
17:59:38,26,currencyservice-7c8fc8fc9c-rtbz4,36m,122Mi
17:59:38,26,recommendationservice-7444754ff5-kk4vc,34m,80Mi
17:59:38,26,productcatalogservice-65bbf699df-d9cxl,21m,42Mi
17:59:38,26,cartservice-db96d6fcc-tsdhc,20m,145Mi
17:59:38,26,adservice-574bff445c-k5l76,10m,274Mi
17:59:38,26,emailservice-66944ff59-zvg4w,5m,56Mi
17:59:38,26,redis-cart-c8ff86559-gpcc7,4m,36Mi
17:59:38,26,shippingservice-f956b6d9f-ml5cg,4m,31Mi
17:59:38,26,checkoutservice-5b6d96c9b7-fwtng,3m,37Mi
17:59:38,26,paymentservice-9bfb7bf5-9mdwz,3m,125Mi
17:59:38,26,productcatalogservice-65bbf699df-2hv25,1m,18Mi
17:59:38,26,productcatalogservice-65bbf699df-8ztwv,1m,19Mi
17:59:48,27,frontend-7bd6f45654-dnhzb,59m,44Mi
17:59:48,27,currencyservice-7c8fc8fc9c-rtbz4,46m,123Mi
17:59:48,27,recommendationservice-7444754ff5-kk4vc,41m,80Mi
17:59:48,27,productcatalogservice-65bbf699df-d9cxl,26m,42Mi
17:59:48,27,cartservice-db96d6fcc-tsdhc,25m,145Mi
17:59:48,27,adservice-574bff445c-k5l76,15m,275Mi
17:59:48,27,paymentservice-9bfb7bf5-9mdwz,8m,127Mi
17:59:48,27,emailservice-66944ff59-zvg4w,5m,56Mi
17:59:48,27,checkoutservice-5b6d96c9b7-fwtng,5m,37Mi
17:59:48,27,shippingservice-f956b6d9f-ml5cg,5m,31Mi
17:59:48,27,redis-cart-c8ff86559-gpcc7,4m,36Mi
17:59:48,27,productcatalogservice-65bbf699df-2hv25,1m,18Mi
17:59:48,27,productcatalogservice-65bbf699df-8ztwv,1m,19Mi
17:59:48,27,frontend-7bd6f45654-dnhzb,59m,44Mi
17:59:48,27,currencyservice-7c8fc8fc9c-rtbz4,46m,123Mi
17:59:48,27,recommendationservice-7444754ff5-kk4vc,41m,80Mi
17:59:48,27,productcatalogservice-65bbf699df-d9cxl,26m,42Mi
17:59:48,27,cartservice-db96d6fcc-tsdhc,25m,145Mi
17:59:48,27,adservice-574bff445c-k5l76,15m,275Mi
17:59:48,27,paymentservice-9bfb7bf5-9mdwz,8m,127Mi
17:59:48,27,emailservice-66944ff59-zvg4w,5m,56Mi
17:59:48,27,checkoutservice-5b6d96c9b7-fwtng,5m,37Mi
17:59:48,27,shippingservice-f956b6d9f-ml5cg,5m,31Mi
17:59:48,27,redis-cart-c8ff86559-gpcc7,4m,36Mi
17:59:48,27,productcatalogservice-65bbf699df-2hv25,1m,18Mi
17:59:48,27,productcatalogservice-65bbf699df-8ztwv,1m,19Mi
17:59:58,28,frontend-7bd6f45654-dnhzb,59m,44Mi
17:59:58,28,currencyservice-7c8fc8fc9c-rtbz4,46m,123Mi
17:59:58,28,recommendationservice-7444754ff5-kk4vc,41m,80Mi
17:59:58,28,productcatalogservice-65bbf699df-d9cxl,26m,42Mi
17:59:58,28,cartservice-db96d6fcc-tsdhc,25m,145Mi
17:59:58,28,adservice-574bff445c-k5l76,15m,275Mi
17:59:58,28,paymentservice-9bfb7bf5-9mdwz,8m,127Mi
17:59:58,28,emailservice-66944ff59-zvg4w,5m,56Mi
17:59:58,28,checkoutservice-5b6d96c9b7-fwtng,5m,37Mi
17:59:58,28,shippingservice-f956b6d9f-ml5cg,5m,31Mi
17:59:58,28,redis-cart-c8ff86559-gpcc7,4m,36Mi
17:59:58,28,productcatalogservice-65bbf699df-2hv25,1m,18Mi
17:59:58,28,productcatalogservice-65bbf699df-8ztwv,1m,19Mi
17:59:58,28,frontend-7bd6f45654-dnhzb,59m,44Mi
17:59:58,28,currencyservice-7c8fc8fc9c-rtbz4,46m,123Mi
17:59:58,28,recommendationservice-7444754ff5-kk4vc,41m,80Mi
17:59:58,28,productcatalogservice-65bbf699df-d9cxl,26m,42Mi
17:59:58,28,cartservice-db96d6fcc-tsdhc,25m,145Mi
17:59:58,28,adservice-574bff445c-k5l76,15m,275Mi
17:59:58,28,paymentservice-9bfb7bf5-9mdwz,8m,127Mi
17:59:58,28,emailservice-66944ff59-zvg4w,5m,56Mi
17:59:58,28,checkoutservice-5b6d96c9b7-fwtng,5m,37Mi
17:59:58,28,shippingservice-f956b6d9f-ml5cg,5m,31Mi
17:59:58,28,redis-cart-c8ff86559-gpcc7,4m,36Mi
17:59:58,28,productcatalogservice-65bbf699df-2hv25,1m,18Mi
17:59:58,28,productcatalogservice-65bbf699df-8ztwv,1m,19Mi
18:00:08,29,frontend-7bd6f45654-dnhzb,60m,44Mi
18:00:08,29,currencyservice-7c8fc8fc9c-rtbz4,54m,123Mi
18:00:08,29,recommendationservice-7444754ff5-kk4vc,40m,80Mi
18:00:08,29,cartservice-db96d6fcc-tsdhc,28m,145Mi
18:00:08,29,productcatalogservice-65bbf699df-d9cxl,26m,42Mi
18:00:08,29,adservice-574bff445c-k5l76,10m,274Mi
18:00:08,29,emailservice-66944ff59-zvg4w,5m,56Mi
18:00:08,29,checkoutservice-5b6d96c9b7-fwtng,5m,37Mi
18:00:08,29,shippingservice-f956b6d9f-ml5cg,5m,31Mi
18:00:08,29,paymentservice-9bfb7bf5-9mdwz,4m,126Mi
18:00:08,29,redis-cart-c8ff86559-gpcc7,4m,36Mi
18:00:08,29,productcatalogservice-65bbf699df-2hv25,1m,18Mi
18:00:08,29,productcatalogservice-65bbf699df-8ztwv,1m,19Mi
18:00:08,29,frontend-7bd6f45654-dnhzb,60m,44Mi
18:00:08,29,currencyservice-7c8fc8fc9c-rtbz4,54m,123Mi
18:00:08,29,recommendationservice-7444754ff5-kk4vc,40m,80Mi
18:00:08,29,cartservice-db96d6fcc-tsdhc,28m,145Mi
18:00:08,29,productcatalogservice-65bbf699df-d9cxl,26m,42Mi
18:00:08,29,adservice-574bff445c-k5l76,10m,274Mi
18:00:08,29,emailservice-66944ff59-zvg4w,5m,56Mi
18:00:08,29,checkoutservice-5b6d96c9b7-fwtng,5m,37Mi
18:00:08,29,shippingservice-f956b6d9f-ml5cg,5m,31Mi
18:00:08,29,paymentservice-9bfb7bf5-9mdwz,4m,126Mi
18:00:08,29,redis-cart-c8ff86559-gpcc7,4m,36Mi
18:00:08,29,productcatalogservice-65bbf699df-2hv25,1m,18Mi
18:00:08,29,productcatalogservice-65bbf699df-8ztwv,1m,19Mi
18:00:18,30,frontend-7bd6f45654-dnhzb,60m,44Mi
18:00:18,30,currencyservice-7c8fc8fc9c-rtbz4,47m,123Mi
18:00:18,30,recommendationservice-7444754ff5-kk4vc,42m,80Mi
18:00:18,30,cartservice-db96d6fcc-tsdhc,30m,145Mi
18:00:18,30,productcatalogservice-65bbf699df-d9cxl,28m,42Mi
18:00:18,30,adservice-574bff445c-k5l76,12m,274Mi
18:00:18,30,emailservice-66944ff59-zvg4w,5m,56Mi
18:00:18,30,checkoutservice-5b6d96c9b7-fwtng,4m,37Mi
18:00:18,30,redis-cart-c8ff86559-gpcc7,4m,36Mi
18:00:18,30,shippingservice-f956b6d9f-ml5cg,4m,31Mi
18:00:18,30,paymentservice-9bfb7bf5-9mdwz,3m,126Mi
18:00:18,30,productcatalogservice-65bbf699df-2hv25,1m,18Mi
18:00:18,30,productcatalogservice-65bbf699df-8ztwv,1m,19Mi
18:00:18,30,frontend-7bd6f45654-dnhzb,60m,44Mi
18:00:18,30,currencyservice-7c8fc8fc9c-rtbz4,47m,123Mi
18:00:18,30,recommendationservice-7444754ff5-kk4vc,42m,80Mi
18:00:18,30,cartservice-db96d6fcc-tsdhc,30m,145Mi
18:00:18,30,productcatalogservice-65bbf699df-d9cxl,28m,42Mi
18:00:18,30,adservice-574bff445c-k5l76,12m,274Mi
18:00:18,30,emailservice-66944ff59-zvg4w,5m,56Mi
18:00:18,30,checkoutservice-5b6d96c9b7-fwtng,4m,37Mi
18:00:18,30,redis-cart-c8ff86559-gpcc7,4m,36Mi
18:00:18,30,shippingservice-f956b6d9f-ml5cg,4m,31Mi
18:00:18,30,paymentservice-9bfb7bf5-9mdwz,3m,126Mi
18:00:18,30,productcatalogservice-65bbf699df-2hv25,1m,18Mi
18:00:18,30,productcatalogservice-65bbf699df-8ztwv,1m,19Mi
18:00:28,31,frontend-7bd6f45654-dnhzb,60m,44Mi
18:00:28,31,currencyservice-7c8fc8fc9c-rtbz4,47m,123Mi
18:00:28,31,recommendationservice-7444754ff5-kk4vc,42m,80Mi
18:00:28,31,cartservice-db96d6fcc-tsdhc,30m,145Mi
18:00:28,31,productcatalogservice-65bbf699df-d9cxl,28m,42Mi
18:00:28,31,adservice-574bff445c-k5l76,12m,274Mi
18:00:28,31,emailservice-66944ff59-zvg4w,5m,56Mi
18:00:28,31,checkoutservice-5b6d96c9b7-fwtng,4m,37Mi
18:00:28,31,redis-cart-c8ff86559-gpcc7,4m,36Mi
18:00:28,31,shippingservice-f956b6d9f-ml5cg,4m,31Mi
18:00:28,31,paymentservice-9bfb7bf5-9mdwz,3m,126Mi
18:00:28,31,productcatalogservice-65bbf699df-2hv25,1m,18Mi
18:00:28,31,productcatalogservice-65bbf699df-8ztwv,1m,19Mi
18:00:28,31,frontend-7bd6f45654-dnhzb,60m,44Mi
18:00:28,31,currencyservice-7c8fc8fc9c-rtbz4,47m,123Mi
18:00:28,31,recommendationservice-7444754ff5-kk4vc,42m,80Mi
18:00:28,31,cartservice-db96d6fcc-tsdhc,30m,145Mi
18:00:28,31,productcatalogservice-65bbf699df-d9cxl,28m,42Mi
18:00:28,31,adservice-574bff445c-k5l76,12m,274Mi
18:00:28,31,emailservice-66944ff59-zvg4w,5m,56Mi
18:00:28,31,checkoutservice-5b6d96c9b7-fwtng,4m,37Mi
18:00:28,31,redis-cart-c8ff86559-gpcc7,4m,36Mi
18:00:28,31,shippingservice-f956b6d9f-ml5cg,4m,31Mi
18:00:28,31,paymentservice-9bfb7bf5-9mdwz,3m,126Mi
18:00:28,31,productcatalogservice-65bbf699df-2hv25,1m,18Mi
18:00:28,31,productcatalogservice-65bbf699df-8ztwv,1m,19Mi
18:00:38,32,frontend-7bd6f45654-dnhzb,60m,44Mi
18:00:38,32,currencyservice-7c8fc8fc9c-rtbz4,51m,123Mi
18:00:38,32,recommendationservice-7444754ff5-kk4vc,40m,80Mi
18:00:38,32,cartservice-db96d6fcc-tsdhc,29m,145Mi
18:00:38,32,productcatalogservice-65bbf699df-d9cxl,26m,42Mi
18:00:38,32,adservice-574bff445c-k5l76,10m,274Mi
18:00:38,32,emailservice-66944ff59-zvg4w,5m,56Mi
18:00:38,32,shippingservice-f956b6d9f-ml5cg,5m,31Mi
18:00:38,32,checkoutservice-5b6d96c9b7-fwtng,4m,37Mi
18:00:38,32,redis-cart-c8ff86559-gpcc7,4m,36Mi
18:00:38,32,paymentservice-9bfb7bf5-9mdwz,2m,126Mi
18:00:38,32,productcatalogservice-65bbf699df-2hv25,1m,18Mi
18:00:38,32,productcatalogservice-65bbf699df-8ztwv,1m,19Mi
18:00:38,32,frontend-7bd6f45654-dnhzb,60m,44Mi
18:00:38,32,currencyservice-7c8fc8fc9c-rtbz4,51m,123Mi
18:00:38,32,recommendationservice-7444754ff5-kk4vc,40m,80Mi
18:00:38,32,cartservice-db96d6fcc-tsdhc,29m,145Mi
18:00:38,32,productcatalogservice-65bbf699df-d9cxl,26m,42Mi
18:00:38,32,adservice-574bff445c-k5l76,10m,274Mi
18:00:38,32,emailservice-66944ff59-zvg4w,5m,56Mi
18:00:38,32,shippingservice-f956b6d9f-ml5cg,5m,31Mi
18:00:38,32,checkoutservice-5b6d96c9b7-fwtng,4m,37Mi
18:00:38,32,redis-cart-c8ff86559-gpcc7,4m,36Mi
18:00:38,32,paymentservice-9bfb7bf5-9mdwz,2m,126Mi
18:00:38,32,productcatalogservice-65bbf699df-2hv25,1m,18Mi
18:00:38,32,productcatalogservice-65bbf699df-8ztwv,1m,19Mi
18:00:49,33,frontend-7bd6f45654-dnhzb,54m,44Mi
18:00:49,33,currencyservice-7c8fc8fc9c-rtbz4,43m,123Mi
18:00:49,33,recommendationservice-7444754ff5-kk4vc,37m,80Mi
18:00:49,33,cartservice-db96d6fcc-tsdhc,27m,145Mi
18:00:49,33,productcatalogservice-65bbf699df-d9cxl,24m,42Mi
18:00:49,33,adservice-574bff445c-k5l76,11m,274Mi
18:00:49,33,emailservice-66944ff59-zvg4w,4m,56Mi
18:00:49,33,redis-cart-c8ff86559-gpcc7,4m,36Mi
18:00:49,33,shippingservice-f956b6d9f-ml5cg,4m,31Mi
18:00:49,33,checkoutservice-5b6d96c9b7-fwtng,3m,37Mi
18:00:49,33,paymentservice-9bfb7bf5-9mdwz,2m,126Mi
18:00:49,33,productcatalogservice-65bbf699df-2hv25,1m,18Mi
18:00:49,33,productcatalogservice-65bbf699df-8ztwv,1m,19Mi
18:00:49,33,frontend-7bd6f45654-dnhzb,54m,44Mi
18:00:49,33,currencyservice-7c8fc8fc9c-rtbz4,43m,123Mi
18:00:49,33,recommendationservice-7444754ff5-kk4vc,37m,80Mi
18:00:49,33,cartservice-db96d6fcc-tsdhc,27m,145Mi
18:00:49,33,productcatalogservice-65bbf699df-d9cxl,24m,42Mi
18:00:49,33,adservice-574bff445c-k5l76,11m,274Mi
18:00:49,33,emailservice-66944ff59-zvg4w,4m,56Mi
18:00:49,33,redis-cart-c8ff86559-gpcc7,4m,36Mi
18:00:49,33,shippingservice-f956b6d9f-ml5cg,4m,31Mi
18:00:49,33,checkoutservice-5b6d96c9b7-fwtng,3m,37Mi
18:00:49,33,paymentservice-9bfb7bf5-9mdwz,2m,126Mi
18:00:49,33,productcatalogservice-65bbf699df-2hv25,1m,18Mi
18:00:49,33,productcatalogservice-65bbf699df-8ztwv,1m,19Mi
18:00:59,34,frontend-7bd6f45654-dnhzb,54m,44Mi
18:00:59,34,currencyservice-7c8fc8fc9c-rtbz4,43m,123Mi
18:00:59,34,recommendationservice-7444754ff5-kk4vc,37m,80Mi
18:00:59,34,cartservice-db96d6fcc-tsdhc,27m,145Mi
18:00:59,34,productcatalogservice-65bbf699df-d9cxl,24m,42Mi
18:00:59,34,adservice-574bff445c-k5l76,11m,274Mi
18:00:59,34,emailservice-66944ff59-zvg4w,4m,56Mi
18:00:59,34,redis-cart-c8ff86559-gpcc7,4m,36Mi
18:00:59,34,shippingservice-f956b6d9f-ml5cg,4m,31Mi
18:00:59,34,checkoutservice-5b6d96c9b7-fwtng,3m,37Mi
18:00:59,34,paymentservice-9bfb7bf5-9mdwz,2m,126Mi
18:00:59,34,productcatalogservice-65bbf699df-2hv25,1m,18Mi
18:00:59,34,productcatalogservice-65bbf699df-8ztwv,1m,19Mi
18:00:59,34,frontend-7bd6f45654-dnhzb,54m,44Mi
18:00:59,34,currencyservice-7c8fc8fc9c-rtbz4,43m,123Mi
18:00:59,34,recommendationservice-7444754ff5-kk4vc,37m,80Mi
18:00:59,34,cartservice-db96d6fcc-tsdhc,27m,145Mi
18:00:59,34,productcatalogservice-65bbf699df-d9cxl,24m,42Mi
18:00:59,34,adservice-574bff445c-k5l76,11m,274Mi
18:00:59,34,emailservice-66944ff59-zvg4w,4m,56Mi
18:00:59,34,redis-cart-c8ff86559-gpcc7,4m,36Mi
18:00:59,34,shippingservice-f956b6d9f-ml5cg,4m,31Mi
18:00:59,34,checkoutservice-5b6d96c9b7-fwtng,3m,37Mi
18:00:59,34,paymentservice-9bfb7bf5-9mdwz,2m,126Mi
18:00:59,34,productcatalogservice-65bbf699df-2hv25,1m,18Mi
18:00:59,34,productcatalogservice-65bbf699df-8ztwv,1m,19Mi
18:01:09,35,frontend-7bd6f45654-dnhzb,62m,44Mi
18:01:09,35,currencyservice-7c8fc8fc9c-rtbz4,49m,124Mi
18:01:09,35,recommendationservice-7444754ff5-kk4vc,42m,80Mi
18:01:09,35,cartservice-db96d6fcc-tsdhc,29m,145Mi
18:01:09,35,productcatalogservice-65bbf699df-d9cxl,27m,42Mi
18:01:09,35,adservice-574bff445c-k5l76,12m,274Mi
18:01:09,35,emailservice-66944ff59-zvg4w,5m,56Mi
18:01:09,35,checkoutservice-5b6d96c9b7-fwtng,5m,37Mi
18:01:09,35,redis-cart-c8ff86559-gpcc7,4m,36Mi
18:01:09,35,shippingservice-f956b6d9f-ml5cg,4m,31Mi
18:01:09,35,paymentservice-9bfb7bf5-9mdwz,3m,126Mi
18:01:09,35,productcatalogservice-65bbf699df-2hv25,1m,18Mi
18:01:09,35,productcatalogservice-65bbf699df-8ztwv,1m,19Mi
18:01:09,35,frontend-7bd6f45654-dnhzb,62m,44Mi
18:01:09,35,currencyservice-7c8fc8fc9c-rtbz4,49m,124Mi
18:01:09,35,recommendationservice-7444754ff5-kk4vc,42m,80Mi
18:01:09,35,cartservice-db96d6fcc-tsdhc,29m,145Mi
18:01:09,35,productcatalogservice-65bbf699df-d9cxl,27m,42Mi
18:01:09,35,adservice-574bff445c-k5l76,12m,274Mi
18:01:09,35,emailservice-66944ff59-zvg4w,5m,56Mi
18:01:09,35,checkoutservice-5b6d96c9b7-fwtng,5m,37Mi
18:01:09,35,redis-cart-c8ff86559-gpcc7,4m,36Mi
18:01:09,35,shippingservice-f956b6d9f-ml5cg,4m,31Mi
18:01:09,35,paymentservice-9bfb7bf5-9mdwz,3m,126Mi
18:01:09,35,productcatalogservice-65bbf699df-2hv25,1m,18Mi
18:01:09,35,productcatalogservice-65bbf699df-8ztwv,1m,19Mi
18:01:19,36,frontend-7bd6f45654-dnhzb,57m,44Mi
18:01:19,36,currencyservice-7c8fc8fc9c-rtbz4,47m,124Mi
18:01:19,36,recommendationservice-7444754ff5-kk4vc,39m,80Mi
18:01:19,36,productcatalogservice-65bbf699df-d9cxl,25m,42Mi
18:01:19,36,cartservice-db96d6fcc-tsdhc,24m,145Mi
18:01:19,36,adservice-574bff445c-k5l76,13m,274Mi
18:01:19,36,emailservice-66944ff59-zvg4w,4m,56Mi
18:01:19,36,redis-cart-c8ff86559-gpcc7,4m,36Mi
18:01:19,36,shippingservice-f956b6d9f-ml5cg,4m,31Mi
18:01:19,36,checkoutservice-5b6d96c9b7-fwtng,3m,37Mi
18:01:19,36,paymentservice-9bfb7bf5-9mdwz,2m,126Mi
18:01:19,36,productcatalogservice-65bbf699df-2hv25,1m,18Mi
18:01:19,36,productcatalogservice-65bbf699df-8ztwv,1m,19Mi
18:01:19,36,frontend-7bd6f45654-dnhzb,57m,44Mi
18:01:19,36,currencyservice-7c8fc8fc9c-rtbz4,47m,124Mi
18:01:19,36,recommendationservice-7444754ff5-kk4vc,39m,80Mi
18:01:19,36,productcatalogservice-65bbf699df-d9cxl,25m,42Mi
18:01:19,36,cartservice-db96d6fcc-tsdhc,24m,145Mi
18:01:19,36,adservice-574bff445c-k5l76,13m,274Mi
18:01:19,36,emailservice-66944ff59-zvg4w,4m,56Mi
18:01:19,36,redis-cart-c8ff86559-gpcc7,4m,36Mi
18:01:19,36,shippingservice-f956b6d9f-ml5cg,4m,31Mi
18:01:19,36,checkoutservice-5b6d96c9b7-fwtng,3m,37Mi
18:01:19,36,paymentservice-9bfb7bf5-9mdwz,2m,126Mi
18:01:19,36,productcatalogservice-65bbf699df-2hv25,1m,18Mi
18:01:19,36,productcatalogservice-65bbf699df-8ztwv,1m,19Mi
18:01:29,37,frontend-7bd6f45654-dnhzb,57m,44Mi
18:01:29,37,currencyservice-7c8fc8fc9c-rtbz4,47m,124Mi
18:01:29,37,recommendationservice-7444754ff5-kk4vc,39m,80Mi
18:01:29,37,productcatalogservice-65bbf699df-d9cxl,25m,42Mi
18:01:29,37,cartservice-db96d6fcc-tsdhc,24m,145Mi
18:01:29,37,adservice-574bff445c-k5l76,13m,274Mi
18:01:29,37,emailservice-66944ff59-zvg4w,4m,56Mi
18:01:29,37,redis-cart-c8ff86559-gpcc7,4m,36Mi
18:01:29,37,shippingservice-f956b6d9f-ml5cg,4m,31Mi
18:01:29,37,checkoutservice-5b6d96c9b7-fwtng,3m,37Mi
18:01:29,37,paymentservice-9bfb7bf5-9mdwz,2m,126Mi
18:01:29,37,productcatalogservice-65bbf699df-2hv25,1m,18Mi
18:01:29,37,productcatalogservice-65bbf699df-8ztwv,1m,19Mi
18:01:29,37,frontend-7bd6f45654-dnhzb,57m,44Mi
18:01:29,37,currencyservice-7c8fc8fc9c-rtbz4,47m,124Mi
18:01:29,37,recommendationservice-7444754ff5-kk4vc,39m,80Mi
18:01:29,37,productcatalogservice-65bbf699df-d9cxl,25m,42Mi
18:01:29,37,cartservice-db96d6fcc-tsdhc,24m,145Mi
18:01:29,37,adservice-574bff445c-k5l76,13m,274Mi
18:01:29,37,emailservice-66944ff59-zvg4w,4m,56Mi
18:01:29,37,redis-cart-c8ff86559-gpcc7,4m,36Mi
18:01:29,37,shippingservice-f956b6d9f-ml5cg,4m,31Mi
18:01:29,37,checkoutservice-5b6d96c9b7-fwtng,3m,37Mi
18:01:29,37,paymentservice-9bfb7bf5-9mdwz,2m,126Mi
18:01:29,37,productcatalogservice-65bbf699df-2hv25,1m,18Mi
18:01:29,37,productcatalogservice-65bbf699df-8ztwv,1m,19Mi
18:01:39,38,frontend-7bd6f45654-dnhzb,18m,44Mi
18:01:39,38,currencyservice-7c8fc8fc9c-rtbz4,15m,124Mi
18:01:39,38,recommendationservice-7444754ff5-kk4vc,14m,80Mi
18:01:39,38,cartservice-db96d6fcc-tsdhc,9m,145Mi
18:01:39,38,productcatalogservice-65bbf699df-d9cxl,7m,42Mi
18:01:39,38,redis-cart-c8ff86559-gpcc7,6m,36Mi
18:01:39,38,emailservice-66944ff59-zvg4w,5m,56Mi
18:01:39,38,adservice-574bff445c-k5l76,4m,274Mi
18:01:39,38,paymentservice-9bfb7bf5-9mdwz,2m,126Mi
18:01:39,38,checkoutservice-5b6d96c9b7-fwtng,2m,37Mi
18:01:39,38,shippingservice-f956b6d9f-ml5cg,2m,31Mi
18:01:39,38,productcatalogservice-65bbf699df-2hv25,1m,18Mi
18:01:39,38,productcatalogservice-65bbf699df-8ztwv,1m,19Mi
18:01:39,38,frontend-7bd6f45654-dnhzb,18m,44Mi
18:01:39,38,currencyservice-7c8fc8fc9c-rtbz4,15m,124Mi
18:01:39,38,recommendationservice-7444754ff5-kk4vc,14m,80Mi
18:01:39,38,cartservice-db96d6fcc-tsdhc,9m,145Mi
18:01:39,38,productcatalogservice-65bbf699df-d9cxl,7m,42Mi
18:01:39,38,redis-cart-c8ff86559-gpcc7,6m,36Mi
18:01:39,38,emailservice-66944ff59-zvg4w,5m,56Mi
18:01:39,38,adservice-574bff445c-k5l76,4m,274Mi
18:01:39,38,paymentservice-9bfb7bf5-9mdwz,2m,126Mi
18:01:39,38,checkoutservice-5b6d96c9b7-fwtng,2m,37Mi
18:01:39,38,shippingservice-f956b6d9f-ml5cg,2m,31Mi
18:01:39,38,productcatalogservice-65bbf699df-2hv25,1m,18Mi
18:01:39,38,productcatalogservice-65bbf699df-8ztwv,1m,19Mi
18:01:49,39,recommendationservice-7444754ff5-kk4vc,4m,80Mi
18:01:49,39,emailservice-66944ff59-zvg4w,4m,56Mi
18:01:49,39,redis-cart-c8ff86559-gpcc7,3m,36Mi
18:01:49,39,adservice-574bff445c-k5l76,2m,274Mi
18:01:49,39,cartservice-db96d6fcc-tsdhc,2m,145Mi
18:01:49,39,paymentservice-9bfb7bf5-9mdwz,1m,126Mi
18:01:49,39,frontend-7bd6f45654-dnhzb,1m,44Mi
18:01:49,39,productcatalogservice-65bbf699df-2hv25,1m,18Mi
18:01:49,39,productcatalogservice-65bbf699df-8ztwv,1m,19Mi
18:01:49,39,productcatalogservice-65bbf699df-d9cxl,1m,42Mi
18:01:49,39,currencyservice-7c8fc8fc9c-rtbz4,1m,124Mi
18:01:49,39,checkoutservice-5b6d96c9b7-fwtng,1m,37Mi
18:01:49,39,shippingservice-f956b6d9f-ml5cg,1m,31Mi
18:01:49,39,recommendationservice-7444754ff5-kk4vc,4m,80Mi
18:01:49,39,emailservice-66944ff59-zvg4w,4m,56Mi
18:01:49,39,redis-cart-c8ff86559-gpcc7,3m,36Mi
18:01:49,39,adservice-574bff445c-k5l76,2m,274Mi
18:01:49,39,cartservice-db96d6fcc-tsdhc,2m,145Mi
18:01:49,39,paymentservice-9bfb7bf5-9mdwz,1m,126Mi
18:01:49,39,frontend-7bd6f45654-dnhzb,1m,44Mi
18:01:49,39,productcatalogservice-65bbf699df-2hv25,1m,18Mi
18:01:49,39,productcatalogservice-65bbf699df-8ztwv,1m,19Mi
18:01:49,39,productcatalogservice-65bbf699df-d9cxl,1m,42Mi
18:01:49,39,currencyservice-7c8fc8fc9c-rtbz4,1m,124Mi
18:01:49,39,checkoutservice-5b6d96c9b7-fwtng,1m,37Mi
18:01:49,39,shippingservice-f956b6d9f-ml5cg,1m,31Mi
18:02:00,40,recommendationservice-7444754ff5-kk4vc,4m,80Mi
18:02:00,40,emailservice-66944ff59-zvg4w,4m,56Mi
18:02:00,40,redis-cart-c8ff86559-gpcc7,3m,36Mi
18:02:00,40,adservice-574bff445c-k5l76,2m,274Mi
18:02:00,40,cartservice-db96d6fcc-tsdhc,2m,145Mi
18:02:00,40,paymentservice-9bfb7bf5-9mdwz,1m,126Mi
18:02:00,40,frontend-7bd6f45654-dnhzb,1m,44Mi
18:02:00,40,productcatalogservice-65bbf699df-2hv25,1m,18Mi
18:02:00,40,productcatalogservice-65bbf699df-8ztwv,1m,19Mi
18:02:00,40,productcatalogservice-65bbf699df-d9cxl,1m,42Mi
18:02:00,40,currencyservice-7c8fc8fc9c-rtbz4,1m,124Mi
18:02:00,40,checkoutservice-5b6d96c9b7-fwtng,1m,37Mi
18:02:00,40,shippingservice-f956b6d9f-ml5cg,1m,31Mi
18:02:00,40,recommendationservice-7444754ff5-kk4vc,4m,80Mi
18:02:00,40,emailservice-66944ff59-zvg4w,4m,56Mi
18:02:00,40,redis-cart-c8ff86559-gpcc7,3m,36Mi
18:02:00,40,adservice-574bff445c-k5l76,2m,274Mi
18:02:00,40,cartservice-db96d6fcc-tsdhc,2m,145Mi
18:02:00,40,paymentservice-9bfb7bf5-9mdwz,1m,126Mi
18:02:00,40,frontend-7bd6f45654-dnhzb,1m,44Mi
18:02:00,40,productcatalogservice-65bbf699df-2hv25,1m,18Mi
18:02:00,40,productcatalogservice-65bbf699df-8ztwv,1m,19Mi
18:02:00,40,productcatalogservice-65bbf699df-d9cxl,1m,42Mi
18:02:00,40,currencyservice-7c8fc8fc9c-rtbz4,1m,124Mi
18:02:00,40,checkoutservice-5b6d96c9b7-fwtng,1m,37Mi
18:02:00,40,shippingservice-f956b6d9f-ml5cg,1m,31Mi
18:02:10,41,recommendationservice-7444754ff5-kk4vc,4m,80Mi
18:02:10,41,emailservice-66944ff59-zvg4w,4m,56Mi
18:02:10,41,redis-cart-c8ff86559-gpcc7,3m,36Mi
18:02:10,41,cartservice-db96d6fcc-tsdhc,2m,145Mi
18:02:10,41,currencyservice-7c8fc8fc9c-rtbz4,2m,124Mi
18:02:10,41,paymentservice-9bfb7bf5-9mdwz,1m,126Mi
18:02:10,41,adservice-574bff445c-k5l76,1m,274Mi
18:02:10,41,productcatalogservice-65bbf699df-2hv25,1m,18Mi
18:02:10,41,productcatalogservice-65bbf699df-8ztwv,1m,19Mi
18:02:10,41,productcatalogservice-65bbf699df-d9cxl,1m,42Mi
18:02:10,41,frontend-7bd6f45654-dnhzb,1m,44Mi
18:02:10,41,checkoutservice-5b6d96c9b7-fwtng,1m,37Mi
18:02:10,41,shippingservice-f956b6d9f-ml5cg,1m,31Mi
18:02:10,41,recommendationservice-7444754ff5-kk4vc,4m,80Mi
18:02:10,41,emailservice-66944ff59-zvg4w,4m,56Mi
18:02:10,41,redis-cart-c8ff86559-gpcc7,3m,36Mi
18:02:10,41,cartservice-db96d6fcc-tsdhc,2m,145Mi
18:02:10,41,currencyservice-7c8fc8fc9c-rtbz4,2m,124Mi
18:02:10,41,paymentservice-9bfb7bf5-9mdwz,1m,126Mi
18:02:10,41,adservice-574bff445c-k5l76,1m,274Mi
18:02:10,41,productcatalogservice-65bbf699df-2hv25,1m,18Mi
18:02:10,41,productcatalogservice-65bbf699df-8ztwv,1m,19Mi
18:02:10,41,productcatalogservice-65bbf699df-d9cxl,1m,42Mi
18:02:10,41,frontend-7bd6f45654-dnhzb,1m,44Mi
18:02:10,41,checkoutservice-5b6d96c9b7-fwtng,1m,37Mi
18:02:10,41,shippingservice-f956b6d9f-ml5cg,1m,31Mi
18:02:20,42,recommendationservice-7444754ff5-kk4vc,5m,80Mi
18:02:20,42,emailservice-66944ff59-zvg4w,4m,56Mi
18:02:20,42,cartservice-db96d6fcc-tsdhc,3m,145Mi
18:02:20,42,redis-cart-c8ff86559-gpcc7,3m,36Mi
18:02:20,42,paymentservice-9bfb7bf5-9mdwz,2m,126Mi
18:02:20,42,currencyservice-7c8fc8fc9c-rtbz4,1m,124Mi
18:02:20,42,frontend-7bd6f45654-dnhzb,1m,44Mi
18:02:20,42,productcatalogservice-65bbf699df-2hv25,1m,18Mi
18:02:20,42,productcatalogservice-65bbf699df-8ztwv,1m,19Mi
18:02:20,42,productcatalogservice-65bbf699df-d9cxl,1m,42Mi
18:02:20,42,adservice-574bff445c-k5l76,1m,274Mi
18:02:20,42,checkoutservice-5b6d96c9b7-fwtng,1m,37Mi
18:02:20,42,shippingservice-f956b6d9f-ml5cg,1m,31Mi
18:02:20,42,recommendationservice-7444754ff5-kk4vc,5m,80Mi
18:02:20,42,emailservice-66944ff59-zvg4w,4m,56Mi
18:02:20,42,cartservice-db96d6fcc-tsdhc,3m,145Mi
18:02:20,42,redis-cart-c8ff86559-gpcc7,3m,36Mi
18:02:20,42,paymentservice-9bfb7bf5-9mdwz,2m,126Mi
18:02:20,42,currencyservice-7c8fc8fc9c-rtbz4,1m,124Mi
18:02:20,42,frontend-7bd6f45654-dnhzb,1m,44Mi
18:02:20,42,productcatalogservice-65bbf699df-2hv25,1m,18Mi
18:02:20,42,productcatalogservice-65bbf699df-8ztwv,1m,19Mi
18:02:20,42,productcatalogservice-65bbf699df-d9cxl,1m,42Mi
18:02:20,42,adservice-574bff445c-k5l76,1m,274Mi
18:02:20,42,checkoutservice-5b6d96c9b7-fwtng,1m,37Mi
18:02:20,42,shippingservice-f956b6d9f-ml5cg,1m,31Mi
18:02:30,43,recommendationservice-7444754ff5-kk4vc,5m,80Mi
18:02:30,43,emailservice-66944ff59-zvg4w,4m,56Mi
18:02:30,43,cartservice-db96d6fcc-tsdhc,3m,145Mi
18:02:30,43,redis-cart-c8ff86559-gpcc7,3m,36Mi
18:02:30,43,paymentservice-9bfb7bf5-9mdwz,2m,126Mi
18:02:30,43,currencyservice-7c8fc8fc9c-rtbz4,1m,124Mi
18:02:30,43,frontend-7bd6f45654-dnhzb,1m,44Mi
18:02:30,43,productcatalogservice-65bbf699df-2hv25,1m,18Mi
18:02:30,43,productcatalogservice-65bbf699df-8ztwv,1m,19Mi
18:02:30,43,productcatalogservice-65bbf699df-d9cxl,1m,42Mi
18:02:30,43,adservice-574bff445c-k5l76,1m,274Mi
18:02:30,43,checkoutservice-5b6d96c9b7-fwtng,1m,37Mi
18:02:30,43,shippingservice-f956b6d9f-ml5cg,1m,31Mi
18:02:30,43,recommendationservice-7444754ff5-kk4vc,5m,80Mi
18:02:30,43,emailservice-66944ff59-zvg4w,4m,56Mi
18:02:30,43,cartservice-db96d6fcc-tsdhc,3m,145Mi
18:02:30,43,redis-cart-c8ff86559-gpcc7,3m,36Mi
18:02:30,43,paymentservice-9bfb7bf5-9mdwz,2m,126Mi
18:02:30,43,currencyservice-7c8fc8fc9c-rtbz4,1m,124Mi
18:02:30,43,frontend-7bd6f45654-dnhzb,1m,44Mi
18:02:30,43,productcatalogservice-65bbf699df-2hv25,1m,18Mi
18:02:30,43,productcatalogservice-65bbf699df-8ztwv,1m,19Mi
18:02:30,43,productcatalogservice-65bbf699df-d9cxl,1m,42Mi
18:02:30,43,adservice-574bff445c-k5l76,1m,274Mi
18:02:30,43,checkoutservice-5b6d96c9b7-fwtng,1m,37Mi
18:02:30,43,shippingservice-f956b6d9f-ml5cg,1m,31Mi
18:02:40,44,frontend-7bd6f45654-dnhzb,17m,43Mi
18:02:40,44,currencyservice-7c8fc8fc9c-rtbz4,14m,124Mi
18:02:40,44,recommendationservice-7444754ff5-kk4vc,13m,80Mi
18:02:40,44,cartservice-db96d6fcc-tsdhc,9m,145Mi
18:02:40,44,productcatalogservice-65bbf699df-d9cxl,7m,42Mi
18:02:40,44,adservice-574bff445c-k5l76,6m,275Mi
18:02:40,44,redis-cart-c8ff86559-gpcc7,6m,36Mi
18:02:40,44,emailservice-66944ff59-zvg4w,4m,56Mi
18:02:40,44,shippingservice-f956b6d9f-ml5cg,2m,31Mi
18:02:40,44,paymentservice-9bfb7bf5-9mdwz,1m,126Mi
18:02:40,44,productcatalogservice-65bbf699df-2hv25,1m,18Mi
18:02:40,44,productcatalogservice-65bbf699df-8ztwv,1m,19Mi
18:02:40,44,checkoutservice-5b6d96c9b7-fwtng,1m,37Mi
18:02:40,44,frontend-7bd6f45654-dnhzb,17m,43Mi
18:02:40,44,currencyservice-7c8fc8fc9c-rtbz4,14m,124Mi
18:02:40,44,recommendationservice-7444754ff5-kk4vc,13m,80Mi
18:02:40,44,cartservice-db96d6fcc-tsdhc,9m,145Mi
18:02:40,44,productcatalogservice-65bbf699df-d9cxl,7m,42Mi
18:02:40,44,adservice-574bff445c-k5l76,6m,275Mi
18:02:40,44,redis-cart-c8ff86559-gpcc7,6m,36Mi
18:02:40,44,emailservice-66944ff59-zvg4w,4m,56Mi
18:02:40,44,shippingservice-f956b6d9f-ml5cg,2m,31Mi
18:02:40,44,paymentservice-9bfb7bf5-9mdwz,1m,126Mi
18:02:40,44,productcatalogservice-65bbf699df-2hv25,1m,18Mi
18:02:40,44,productcatalogservice-65bbf699df-8ztwv,1m,19Mi
18:02:40,44,checkoutservice-5b6d96c9b7-fwtng,1m,37Mi
18:02:50,45,frontend-7bd6f45654-dnhzb,60m,44Mi
18:02:50,45,currencyservice-7c8fc8fc9c-rtbz4,45m,124Mi
18:02:50,45,recommendationservice-7444754ff5-kk4vc,43m,80Mi
18:02:50,45,cartservice-db96d6fcc-tsdhc,29m,145Mi
18:02:50,45,productcatalogservice-65bbf699df-d9cxl,26m,42Mi
18:02:50,45,adservice-574bff445c-k5l76,11m,274Mi
18:02:50,45,shippingservice-f956b6d9f-ml5cg,5m,31Mi
18:02:50,45,emailservice-66944ff59-zvg4w,4m,56Mi
18:02:50,45,checkoutservice-5b6d96c9b7-fwtng,4m,37Mi
18:02:50,45,redis-cart-c8ff86559-gpcc7,4m,36Mi
18:02:50,45,paymentservice-9bfb7bf5-9mdwz,3m,126Mi
18:02:50,45,productcatalogservice-65bbf699df-2hv25,1m,18Mi
18:02:50,45,productcatalogservice-65bbf699df-8ztwv,1m,19Mi
18:02:50,45,frontend-7bd6f45654-dnhzb,60m,44Mi
18:02:50,45,currencyservice-7c8fc8fc9c-rtbz4,45m,124Mi
18:02:50,45,recommendationservice-7444754ff5-kk4vc,43m,80Mi
18:02:50,45,cartservice-db96d6fcc-tsdhc,29m,145Mi
18:02:50,45,productcatalogservice-65bbf699df-d9cxl,26m,42Mi
18:02:50,45,adservice-574bff445c-k5l76,11m,274Mi
18:02:50,45,shippingservice-f956b6d9f-ml5cg,5m,31Mi
18:02:50,45,emailservice-66944ff59-zvg4w,4m,56Mi
18:02:50,45,checkoutservice-5b6d96c9b7-fwtng,4m,37Mi
18:02:50,45,redis-cart-c8ff86559-gpcc7,4m,36Mi
18:02:50,45,paymentservice-9bfb7bf5-9mdwz,3m,126Mi
18:02:50,45,productcatalogservice-65bbf699df-2hv25,1m,18Mi
18:02:50,45,productcatalogservice-65bbf699df-8ztwv,1m,19Mi
18:03:00,46,frontend-7bd6f45654-dnhzb,52m,44Mi
18:03:00,46,currencyservice-7c8fc8fc9c-rtbz4,39m,125Mi
18:03:00,46,recommendationservice-7444754ff5-kk4vc,36m,80Mi
18:03:00,46,cartservice-db96d6fcc-tsdhc,25m,145Mi
18:03:00,46,productcatalogservice-65bbf699df-d9cxl,22m,42Mi
18:03:00,46,adservice-574bff445c-k5l76,11m,275Mi
18:03:00,46,emailservice-66944ff59-zvg4w,5m,56Mi
18:03:00,46,checkoutservice-5b6d96c9b7-fwtng,4m,37Mi
18:03:00,46,redis-cart-c8ff86559-gpcc7,4m,36Mi
18:03:00,46,shippingservice-f956b6d9f-ml5cg,4m,31Mi
18:03:00,46,paymentservice-9bfb7bf5-9mdwz,3m,126Mi
18:03:00,46,productcatalogservice-65bbf699df-2hv25,1m,18Mi
18:03:00,46,productcatalogservice-65bbf699df-8ztwv,1m,19Mi
18:03:00,46,frontend-7bd6f45654-dnhzb,52m,44Mi
18:03:00,46,currencyservice-7c8fc8fc9c-rtbz4,39m,125Mi
18:03:00,46,recommendationservice-7444754ff5-kk4vc,36m,80Mi
18:03:00,46,cartservice-db96d6fcc-tsdhc,25m,145Mi
18:03:00,46,productcatalogservice-65bbf699df-d9cxl,22m,42Mi
18:03:00,46,adservice-574bff445c-k5l76,11m,275Mi
18:03:00,46,emailservice-66944ff59-zvg4w,5m,56Mi
18:03:00,46,checkoutservice-5b6d96c9b7-fwtng,4m,37Mi
18:03:00,46,redis-cart-c8ff86559-gpcc7,4m,36Mi
18:03:00,46,shippingservice-f956b6d9f-ml5cg,4m,31Mi
18:03:00,46,paymentservice-9bfb7bf5-9mdwz,3m,126Mi
18:03:00,46,productcatalogservice-65bbf699df-2hv25,1m,18Mi
18:03:00,46,productcatalogservice-65bbf699df-8ztwv,1m,19Mi
18:03:11,47,frontend-7bd6f45654-dnhzb,52m,44Mi
18:03:11,47,currencyservice-7c8fc8fc9c-rtbz4,39m,125Mi
18:03:11,47,recommendationservice-7444754ff5-kk4vc,36m,80Mi
18:03:11,47,cartservice-db96d6fcc-tsdhc,25m,145Mi
18:03:11,47,productcatalogservice-65bbf699df-d9cxl,22m,42Mi
18:03:11,47,adservice-574bff445c-k5l76,11m,275Mi
18:03:11,47,emailservice-66944ff59-zvg4w,5m,56Mi
18:03:11,47,checkoutservice-5b6d96c9b7-fwtng,4m,37Mi
18:03:11,47,redis-cart-c8ff86559-gpcc7,4m,36Mi
18:03:11,47,shippingservice-f956b6d9f-ml5cg,4m,31Mi
18:03:11,47,paymentservice-9bfb7bf5-9mdwz,3m,126Mi
18:03:11,47,productcatalogservice-65bbf699df-2hv25,1m,18Mi
18:03:11,47,productcatalogservice-65bbf699df-8ztwv,1m,19Mi
18:03:11,47,frontend-7bd6f45654-dnhzb,52m,44Mi
18:03:11,47,currencyservice-7c8fc8fc9c-rtbz4,39m,125Mi
18:03:11,47,recommendationservice-7444754ff5-kk4vc,36m,80Mi
18:03:11,47,cartservice-db96d6fcc-tsdhc,25m,145Mi
18:03:11,47,productcatalogservice-65bbf699df-d9cxl,22m,42Mi
18:03:11,47,adservice-574bff445c-k5l76,11m,275Mi
18:03:11,47,emailservice-66944ff59-zvg4w,5m,56Mi
18:03:11,47,checkoutservice-5b6d96c9b7-fwtng,4m,37Mi
18:03:11,47,redis-cart-c8ff86559-gpcc7,4m,36Mi
18:03:11,47,shippingservice-f956b6d9f-ml5cg,4m,31Mi
18:03:11,47,paymentservice-9bfb7bf5-9mdwz,3m,126Mi
18:03:11,47,productcatalogservice-65bbf699df-2hv25,1m,18Mi
18:03:11,47,productcatalogservice-65bbf699df-8ztwv,1m,19Mi
18:03:21,48,frontend-7bd6f45654-dnhzb,61m,44Mi
18:03:21,48,currencyservice-7c8fc8fc9c-rtbz4,53m,123Mi
18:03:21,48,recommendationservice-7444754ff5-kk4vc,43m,80Mi
18:03:21,48,cartservice-db96d6fcc-tsdhc,29m,145Mi
18:03:21,48,productcatalogservice-65bbf699df-d9cxl,27m,42Mi
18:03:21,48,adservice-574bff445c-k5l76,12m,275Mi
18:03:21,48,emailservice-66944ff59-zvg4w,5m,56Mi
18:03:21,48,checkoutservice-5b6d96c9b7-fwtng,5m,37Mi
18:03:21,48,shippingservice-f956b6d9f-ml5cg,5m,31Mi
18:03:21,48,redis-cart-c8ff86559-gpcc7,4m,36Mi
18:03:21,48,paymentservice-9bfb7bf5-9mdwz,3m,126Mi
18:03:21,48,productcatalogservice-65bbf699df-2hv25,1m,18Mi
18:03:21,48,productcatalogservice-65bbf699df-8ztwv,1m,19Mi
18:03:21,48,frontend-7bd6f45654-dnhzb,61m,44Mi
18:03:21,48,currencyservice-7c8fc8fc9c-rtbz4,53m,123Mi
18:03:21,48,recommendationservice-7444754ff5-kk4vc,43m,80Mi
18:03:21,48,cartservice-db96d6fcc-tsdhc,29m,145Mi
18:03:21,48,productcatalogservice-65bbf699df-d9cxl,27m,42Mi
18:03:21,48,adservice-574bff445c-k5l76,12m,275Mi
18:03:21,48,emailservice-66944ff59-zvg4w,5m,56Mi
18:03:21,48,checkoutservice-5b6d96c9b7-fwtng,5m,37Mi
18:03:21,48,shippingservice-f956b6d9f-ml5cg,5m,31Mi
18:03:21,48,redis-cart-c8ff86559-gpcc7,4m,36Mi
18:03:21,48,paymentservice-9bfb7bf5-9mdwz,3m,126Mi
18:03:21,48,productcatalogservice-65bbf699df-2hv25,1m,18Mi
18:03:21,48,productcatalogservice-65bbf699df-8ztwv,1m,19Mi
18:03:31,49,frontend-7bd6f45654-dnhzb,70m,44Mi
18:03:31,49,currencyservice-7c8fc8fc9c-rtbz4,57m,124Mi
18:03:31,49,recommendationservice-7444754ff5-kk4vc,49m,80Mi
18:03:31,49,cartservice-db96d6fcc-tsdhc,32m,145Mi
18:03:31,49,productcatalogservice-65bbf699df-d9cxl,31m,42Mi
18:03:31,49,adservice-574bff445c-k5l76,14m,275Mi
18:03:31,49,emailservice-66944ff59-zvg4w,5m,56Mi
18:03:31,49,shippingservice-f956b6d9f-ml5cg,5m,31Mi
18:03:31,49,checkoutservice-5b6d96c9b7-fwtng,4m,37Mi
18:03:31,49,redis-cart-c8ff86559-gpcc7,4m,36Mi
18:03:31,49,paymentservice-9bfb7bf5-9mdwz,3m,126Mi
18:03:31,49,productcatalogservice-65bbf699df-8ztwv,2m,19Mi
18:03:31,49,productcatalogservice-65bbf699df-2hv25,1m,18Mi
18:03:31,49,frontend-7bd6f45654-dnhzb,70m,44Mi
18:03:31,49,currencyservice-7c8fc8fc9c-rtbz4,57m,124Mi
18:03:31,49,recommendationservice-7444754ff5-kk4vc,49m,80Mi
18:03:31,49,cartservice-db96d6fcc-tsdhc,32m,145Mi
18:03:31,49,productcatalogservice-65bbf699df-d9cxl,31m,42Mi
18:03:31,49,adservice-574bff445c-k5l76,14m,275Mi
18:03:31,49,emailservice-66944ff59-zvg4w,5m,56Mi
18:03:31,49,shippingservice-f956b6d9f-ml5cg,5m,31Mi
18:03:31,49,checkoutservice-5b6d96c9b7-fwtng,4m,37Mi
18:03:31,49,redis-cart-c8ff86559-gpcc7,4m,36Mi
18:03:31,49,paymentservice-9bfb7bf5-9mdwz,3m,126Mi
18:03:31,49,productcatalogservice-65bbf699df-8ztwv,2m,19Mi
18:03:31,49,productcatalogservice-65bbf699df-2hv25,1m,18Mi
18:03:41,50,frontend-7bd6f45654-dnhzb,70m,44Mi
18:03:41,50,currencyservice-7c8fc8fc9c-rtbz4,57m,124Mi
18:03:41,50,recommendationservice-7444754ff5-kk4vc,49m,80Mi
18:03:41,50,cartservice-db96d6fcc-tsdhc,32m,145Mi
18:03:41,50,productcatalogservice-65bbf699df-d9cxl,31m,42Mi
18:03:41,50,adservice-574bff445c-k5l76,14m,275Mi
18:03:41,50,emailservice-66944ff59-zvg4w,5m,56Mi
18:03:41,50,shippingservice-f956b6d9f-ml5cg,5m,31Mi
18:03:41,50,checkoutservice-5b6d96c9b7-fwtng,4m,37Mi
18:03:41,50,redis-cart-c8ff86559-gpcc7,4m,36Mi
18:03:41,50,paymentservice-9bfb7bf5-9mdwz,3m,126Mi
18:03:41,50,productcatalogservice-65bbf699df-8ztwv,2m,19Mi
18:03:41,50,productcatalogservice-65bbf699df-2hv25,1m,18Mi
18:03:41,50,frontend-7bd6f45654-dnhzb,70m,44Mi
18:03:41,50,currencyservice-7c8fc8fc9c-rtbz4,57m,124Mi
18:03:41,50,recommendationservice-7444754ff5-kk4vc,49m,80Mi
18:03:41,50,cartservice-db96d6fcc-tsdhc,32m,145Mi
18:03:41,50,productcatalogservice-65bbf699df-d9cxl,31m,42Mi
18:03:41,50,adservice-574bff445c-k5l76,14m,275Mi
18:03:41,50,emailservice-66944ff59-zvg4w,5m,56Mi
18:03:41,50,shippingservice-f956b6d9f-ml5cg,5m,31Mi
18:03:41,50,checkoutservice-5b6d96c9b7-fwtng,4m,37Mi
18:03:41,50,redis-cart-c8ff86559-gpcc7,4m,36Mi
18:03:41,50,paymentservice-9bfb7bf5-9mdwz,3m,126Mi
18:03:41,50,productcatalogservice-65bbf699df-8ztwv,2m,19Mi
18:03:41,50,productcatalogservice-65bbf699df-2hv25,1m,18Mi
18:03:51,51,frontend-7bd6f45654-dnhzb,68m,44Mi
18:03:51,51,currencyservice-7c8fc8fc9c-rtbz4,53m,124Mi
18:03:51,51,recommendationservice-7444754ff5-kk4vc,48m,80Mi
18:03:51,51,cartservice-db96d6fcc-tsdhc,33m,145Mi
18:03:51,51,productcatalogservice-65bbf699df-d9cxl,30m,42Mi
18:03:51,51,adservice-574bff445c-k5l76,13m,275Mi
18:03:51,51,checkoutservice-5b6d96c9b7-fwtng,6m,37Mi
18:03:51,51,shippingservice-f956b6d9f-ml5cg,6m,31Mi
18:03:51,51,emailservice-66944ff59-zvg4w,5m,56Mi
18:03:51,51,paymentservice-9bfb7bf5-9mdwz,4m,126Mi
18:03:51,51,redis-cart-c8ff86559-gpcc7,4m,36Mi
18:03:51,51,productcatalogservice-65bbf699df-2hv25,1m,18Mi
18:03:51,51,productcatalogservice-65bbf699df-8ztwv,1m,19Mi
18:03:51,51,frontend-7bd6f45654-dnhzb,68m,44Mi
18:03:51,51,currencyservice-7c8fc8fc9c-rtbz4,53m,124Mi
18:03:51,51,recommendationservice-7444754ff5-kk4vc,48m,80Mi
18:03:51,51,cartservice-db96d6fcc-tsdhc,33m,145Mi
18:03:51,51,productcatalogservice-65bbf699df-d9cxl,30m,42Mi
18:03:51,51,adservice-574bff445c-k5l76,13m,275Mi
18:03:51,51,checkoutservice-5b6d96c9b7-fwtng,6m,37Mi
18:03:51,51,shippingservice-f956b6d9f-ml5cg,6m,31Mi
18:03:51,51,emailservice-66944ff59-zvg4w,5m,56Mi
18:03:51,51,paymentservice-9bfb7bf5-9mdwz,4m,126Mi
18:03:51,51,redis-cart-c8ff86559-gpcc7,4m,36Mi
18:03:51,51,productcatalogservice-65bbf699df-2hv25,1m,18Mi
18:03:51,51,productcatalogservice-65bbf699df-8ztwv,1m,19Mi
18:04:01,52,frontend-7bd6f45654-dnhzb,67m,44Mi
18:04:01,52,currencyservice-7c8fc8fc9c-rtbz4,53m,124Mi
18:04:01,52,recommendationservice-7444754ff5-kk4vc,45m,80Mi
18:04:01,52,cartservice-db96d6fcc-tsdhc,34m,145Mi
18:04:01,52,productcatalogservice-65bbf699df-d9cxl,30m,42Mi
18:04:01,52,adservice-574bff445c-k5l76,12m,275Mi
18:04:01,52,emailservice-66944ff59-zvg4w,6m,56Mi
18:04:01,52,checkoutservice-5b6d96c9b7-fwtng,6m,37Mi
18:04:01,52,shippingservice-f956b6d9f-ml5cg,6m,31Mi
18:04:01,52,paymentservice-9bfb7bf5-9mdwz,4m,126Mi
18:04:01,52,redis-cart-c8ff86559-gpcc7,4m,36Mi
18:04:01,52,productcatalogservice-65bbf699df-2hv25,1m,18Mi
18:04:01,52,productcatalogservice-65bbf699df-8ztwv,1m,19Mi
18:04:01,52,frontend-7bd6f45654-dnhzb,67m,44Mi
18:04:01,52,currencyservice-7c8fc8fc9c-rtbz4,53m,124Mi
18:04:01,52,recommendationservice-7444754ff5-kk4vc,45m,80Mi
18:04:01,52,cartservice-db96d6fcc-tsdhc,34m,145Mi
18:04:01,52,productcatalogservice-65bbf699df-d9cxl,30m,42Mi
18:04:01,52,adservice-574bff445c-k5l76,12m,275Mi
18:04:01,52,emailservice-66944ff59-zvg4w,6m,56Mi
18:04:01,52,checkoutservice-5b6d96c9b7-fwtng,6m,37Mi
18:04:01,52,shippingservice-f956b6d9f-ml5cg,6m,31Mi
18:04:01,52,paymentservice-9bfb7bf5-9mdwz,4m,126Mi
18:04:01,52,redis-cart-c8ff86559-gpcc7,4m,36Mi
18:04:01,52,productcatalogservice-65bbf699df-2hv25,1m,18Mi
18:04:01,52,productcatalogservice-65bbf699df-8ztwv,1m,19Mi
18:04:11,53,frontend-7bd6f45654-dnhzb,67m,44Mi
18:04:11,53,currencyservice-7c8fc8fc9c-rtbz4,53m,124Mi
18:04:11,53,recommendationservice-7444754ff5-kk4vc,45m,80Mi
18:04:11,53,cartservice-db96d6fcc-tsdhc,34m,145Mi
18:04:11,53,productcatalogservice-65bbf699df-d9cxl,30m,42Mi
18:04:11,53,adservice-574bff445c-k5l76,12m,275Mi
18:04:11,53,emailservice-66944ff59-zvg4w,6m,56Mi
18:04:11,53,checkoutservice-5b6d96c9b7-fwtng,6m,37Mi
18:04:11,53,shippingservice-f956b6d9f-ml5cg,6m,31Mi
18:04:11,53,paymentservice-9bfb7bf5-9mdwz,4m,126Mi
18:04:11,53,redis-cart-c8ff86559-gpcc7,4m,36Mi
18:04:11,53,productcatalogservice-65bbf699df-2hv25,1m,18Mi
18:04:11,53,productcatalogservice-65bbf699df-8ztwv,1m,19Mi
18:04:11,53,frontend-7bd6f45654-dnhzb,67m,44Mi
18:04:11,53,currencyservice-7c8fc8fc9c-rtbz4,53m,124Mi
18:04:11,53,recommendationservice-7444754ff5-kk4vc,45m,80Mi
18:04:11,53,cartservice-db96d6fcc-tsdhc,34m,145Mi
18:04:11,53,productcatalogservice-65bbf699df-d9cxl,30m,42Mi
18:04:11,53,adservice-574bff445c-k5l76,12m,275Mi
18:04:11,53,emailservice-66944ff59-zvg4w,6m,56Mi
18:04:11,53,checkoutservice-5b6d96c9b7-fwtng,6m,37Mi
18:04:11,53,shippingservice-f956b6d9f-ml5cg,6m,31Mi
18:04:11,53,paymentservice-9bfb7bf5-9mdwz,4m,126Mi
18:04:11,53,redis-cart-c8ff86559-gpcc7,4m,36Mi
18:04:11,53,productcatalogservice-65bbf699df-2hv25,1m,18Mi
18:04:11,53,productcatalogservice-65bbf699df-8ztwv,1m,19Mi
18:04:21,54,frontend-7bd6f45654-dnhzb,64m,44Mi
18:04:21,54,currencyservice-7c8fc8fc9c-rtbz4,50m,123Mi
18:04:21,54,recommendationservice-7444754ff5-kk4vc,45m,80Mi
18:04:21,54,cartservice-db96d6fcc-tsdhc,32m,145Mi
18:04:21,54,productcatalogservice-65bbf699df-d9cxl,29m,43Mi
18:04:21,54,adservice-574bff445c-k5l76,13m,275Mi
18:04:21,54,emailservice-66944ff59-zvg4w,5m,56Mi
18:04:21,54,shippingservice-f956b6d9f-ml5cg,5m,31Mi
18:04:21,54,checkoutservice-5b6d96c9b7-fwtng,4m,37Mi
18:04:21,54,redis-cart-c8ff86559-gpcc7,4m,36Mi
18:04:21,54,paymentservice-9bfb7bf5-9mdwz,3m,126Mi
18:04:21,54,productcatalogservice-65bbf699df-2hv25,1m,18Mi
18:04:21,54,productcatalogservice-65bbf699df-8ztwv,1m,19Mi
18:04:21,54,frontend-7bd6f45654-dnhzb,64m,44Mi
18:04:21,54,currencyservice-7c8fc8fc9c-rtbz4,50m,123Mi
18:04:21,54,recommendationservice-7444754ff5-kk4vc,45m,80Mi
18:04:21,54,cartservice-db96d6fcc-tsdhc,32m,145Mi
18:04:21,54,productcatalogservice-65bbf699df-d9cxl,29m,43Mi
18:04:21,54,adservice-574bff445c-k5l76,13m,275Mi
18:04:21,54,emailservice-66944ff59-zvg4w,5m,56Mi
18:04:21,54,shippingservice-f956b6d9f-ml5cg,5m,31Mi
18:04:21,54,checkoutservice-5b6d96c9b7-fwtng,4m,37Mi
18:04:21,54,redis-cart-c8ff86559-gpcc7,4m,36Mi
18:04:21,54,paymentservice-9bfb7bf5-9mdwz,3m,126Mi
18:04:21,54,productcatalogservice-65bbf699df-2hv25,1m,18Mi
18:04:21,54,productcatalogservice-65bbf699df-8ztwv,1m,19Mi
18:04:32,55,frontend-7bd6f45654-dnhzb,67m,44Mi
18:04:32,55,currencyservice-7c8fc8fc9c-rtbz4,51m,123Mi
18:04:32,55,recommendationservice-7444754ff5-kk4vc,45m,80Mi
18:04:32,55,cartservice-db96d6fcc-tsdhc,31m,145Mi
18:04:32,55,productcatalogservice-65bbf699df-d9cxl,29m,43Mi
18:04:32,55,adservice-574bff445c-k5l76,14m,275Mi
18:04:32,55,emailservice-66944ff59-zvg4w,5m,56Mi
18:04:32,55,checkoutservice-5b6d96c9b7-fwtng,5m,37Mi
18:04:32,55,shippingservice-f956b6d9f-ml5cg,5m,31Mi
18:04:32,55,redis-cart-c8ff86559-gpcc7,4m,36Mi
18:04:32,55,paymentservice-9bfb7bf5-9mdwz,3m,126Mi
18:04:32,55,productcatalogservice-65bbf699df-2hv25,1m,18Mi
18:04:32,55,productcatalogservice-65bbf699df-8ztwv,1m,19Mi
18:04:32,55,frontend-7bd6f45654-dnhzb,67m,44Mi
18:04:32,55,currencyservice-7c8fc8fc9c-rtbz4,51m,123Mi
18:04:32,55,recommendationservice-7444754ff5-kk4vc,45m,80Mi
18:04:32,55,cartservice-db96d6fcc-tsdhc,31m,145Mi
18:04:32,55,productcatalogservice-65bbf699df-d9cxl,29m,43Mi
18:04:32,55,adservice-574bff445c-k5l76,14m,275Mi
18:04:32,55,emailservice-66944ff59-zvg4w,5m,56Mi
18:04:32,55,checkoutservice-5b6d96c9b7-fwtng,5m,37Mi
18:04:32,55,shippingservice-f956b6d9f-ml5cg,5m,31Mi
18:04:32,55,redis-cart-c8ff86559-gpcc7,4m,36Mi
18:04:32,55,paymentservice-9bfb7bf5-9mdwz,3m,126Mi
18:04:32,55,productcatalogservice-65bbf699df-2hv25,1m,18Mi
18:04:32,55,productcatalogservice-65bbf699df-8ztwv,1m,19Mi
18:04:42,56,frontend-7bd6f45654-dnhzb,67m,44Mi
18:04:42,56,currencyservice-7c8fc8fc9c-rtbz4,51m,123Mi
18:04:42,56,recommendationservice-7444754ff5-kk4vc,45m,80Mi
18:04:42,56,cartservice-db96d6fcc-tsdhc,31m,145Mi
18:04:42,56,productcatalogservice-65bbf699df-d9cxl,29m,43Mi
18:04:42,56,adservice-574bff445c-k5l76,14m,275Mi
18:04:42,56,emailservice-66944ff59-zvg4w,5m,56Mi
18:04:42,56,checkoutservice-5b6d96c9b7-fwtng,5m,37Mi
18:04:42,56,shippingservice-f956b6d9f-ml5cg,5m,31Mi
18:04:42,56,redis-cart-c8ff86559-gpcc7,4m,36Mi
18:04:42,56,paymentservice-9bfb7bf5-9mdwz,3m,126Mi
18:04:42,56,productcatalogservice-65bbf699df-2hv25,1m,18Mi
18:04:42,56,productcatalogservice-65bbf699df-8ztwv,1m,19Mi
18:04:42,56,frontend-7bd6f45654-dnhzb,67m,44Mi
18:04:42,56,currencyservice-7c8fc8fc9c-rtbz4,51m,123Mi
18:04:42,56,recommendationservice-7444754ff5-kk4vc,45m,80Mi
18:04:42,56,cartservice-db96d6fcc-tsdhc,31m,145Mi
18:04:42,56,productcatalogservice-65bbf699df-d9cxl,29m,43Mi
18:04:42,56,adservice-574bff445c-k5l76,14m,275Mi
18:04:42,56,emailservice-66944ff59-zvg4w,5m,56Mi
18:04:42,56,checkoutservice-5b6d96c9b7-fwtng,5m,37Mi
18:04:42,56,shippingservice-f956b6d9f-ml5cg,5m,31Mi
18:04:42,56,redis-cart-c8ff86559-gpcc7,4m,36Mi
18:04:42,56,paymentservice-9bfb7bf5-9mdwz,3m,126Mi
18:04:42,56,productcatalogservice-65bbf699df-2hv25,1m,18Mi
18:04:42,56,productcatalogservice-65bbf699df-8ztwv,1m,19Mi
18:04:52,57,frontend-7bd6f45654-dnhzb,70m,44Mi
18:04:52,57,currencyservice-7c8fc8fc9c-rtbz4,55m,123Mi
18:04:52,57,recommendationservice-7444754ff5-kk4vc,47m,80Mi
18:04:52,57,productcatalogservice-65bbf699df-d9cxl,31m,42Mi
18:04:52,57,cartservice-db96d6fcc-tsdhc,30m,145Mi
18:04:52,57,adservice-574bff445c-k5l76,22m,275Mi
18:04:52,57,emailservice-66944ff59-zvg4w,5m,56Mi
18:04:52,57,checkoutservice-5b6d96c9b7-fwtng,5m,37Mi
18:04:52,57,redis-cart-c8ff86559-gpcc7,5m,36Mi
18:04:52,57,shippingservice-f956b6d9f-ml5cg,5m,31Mi
18:04:52,57,paymentservice-9bfb7bf5-9mdwz,3m,126Mi
18:04:52,57,productcatalogservice-65bbf699df-2hv25,2m,18Mi
18:04:52,57,productcatalogservice-65bbf699df-8ztwv,1m,19Mi
18:04:52,57,frontend-7bd6f45654-dnhzb,70m,44Mi
18:04:52,57,currencyservice-7c8fc8fc9c-rtbz4,55m,123Mi
18:04:52,57,recommendationservice-7444754ff5-kk4vc,47m,80Mi
18:04:52,57,productcatalogservice-65bbf699df-d9cxl,31m,42Mi
18:04:52,57,cartservice-db96d6fcc-tsdhc,30m,145Mi
18:04:52,57,adservice-574bff445c-k5l76,22m,275Mi
18:04:52,57,emailservice-66944ff59-zvg4w,5m,56Mi
18:04:52,57,checkoutservice-5b6d96c9b7-fwtng,5m,37Mi
18:04:52,57,redis-cart-c8ff86559-gpcc7,5m,36Mi
18:04:52,57,shippingservice-f956b6d9f-ml5cg,5m,31Mi
18:04:52,57,paymentservice-9bfb7bf5-9mdwz,3m,126Mi
18:04:52,57,productcatalogservice-65bbf699df-2hv25,2m,18Mi
18:04:52,57,productcatalogservice-65bbf699df-8ztwv,1m,19Mi
18:05:02,58,frontend-7bd6f45654-dnhzb,38m,44Mi
18:05:02,58,currencyservice-7c8fc8fc9c-rtbz4,35m,124Mi
18:05:02,58,recommendationservice-7444754ff5-kk4vc,29m,80Mi
18:05:02,58,productcatalogservice-65bbf699df-d9cxl,18m,42Mi
18:05:02,58,cartservice-db96d6fcc-tsdhc,18m,145Mi
18:05:02,58,adservice-574bff445c-k5l76,10m,275Mi
18:05:02,58,redis-cart-c8ff86559-gpcc7,6m,36Mi
18:05:02,58,emailservice-66944ff59-zvg4w,4m,56Mi
18:05:02,58,checkoutservice-5b6d96c9b7-fwtng,3m,37Mi
18:05:02,58,paymentservice-9bfb7bf5-9mdwz,3m,126Mi
18:05:02,58,shippingservice-f956b6d9f-ml5cg,3m,31Mi
18:05:02,58,productcatalogservice-65bbf699df-2hv25,1m,18Mi
18:05:02,58,productcatalogservice-65bbf699df-8ztwv,1m,19Mi
18:05:12,59,frontend-7bd6f45654-dnhzb,38m,44Mi
18:05:12,59,currencyservice-7c8fc8fc9c-rtbz4,35m,124Mi
18:05:12,59,recommendationservice-7444754ff5-kk4vc,29m,80Mi
18:05:12,59,productcatalogservice-65bbf699df-d9cxl,18m,42Mi
18:05:12,59,cartservice-db96d6fcc-tsdhc,18m,145Mi
18:05:12,59,adservice-574bff445c-k5l76,10m,275Mi
18:05:12,59,redis-cart-c8ff86559-gpcc7,6m,36Mi
18:05:12,59,emailservice-66944ff59-zvg4w,4m,56Mi
18:05:12,59,checkoutservice-5b6d96c9b7-fwtng,3m,37Mi
18:05:12,59,paymentservice-9bfb7bf5-9mdwz,3m,126Mi
18:05:12,59,shippingservice-f956b6d9f-ml5cg,3m,31Mi
18:05:12,59,productcatalogservice-65bbf699df-2hv25,1m,18Mi
18:05:12,59,productcatalogservice-65bbf699df-8ztwv,1m,19Mi
18:05:22,60,loadgenerator-57fc5754d-vb445,102m,64Mi
18:05:22,60,currencyservice-7c8fc8fc9c-rtbz4,16m,124Mi
18:05:22,60,frontend-7bd6f45654-dnhzb,15m,43Mi
18:05:22,60,recommendationservice-7444754ff5-kk4vc,10m,80Mi
18:05:22,60,cartservice-db96d6fcc-tsdhc,7m,145Mi
18:05:22,60,productcatalogservice-65bbf699df-d9cxl,6m,42Mi
18:05:22,60,adservice-574bff445c-k5l76,5m,275Mi
18:05:22,60,emailservice-66944ff59-zvg4w,4m,56Mi
18:05:22,60,redis-cart-c8ff86559-gpcc7,3m,36Mi
18:05:22,60,checkoutservice-5b6d96c9b7-fwtng,2m,37Mi
18:05:22,60,paymentservice-9bfb7bf5-9mdwz,2m,126Mi
18:05:22,60,productcatalogservice-65bbf699df-2hv25,1m,18Mi
18:05:22,60,productcatalogservice-65bbf699df-8ztwv,1m,19Mi
18:05:22,60,shippingservice-f956b6d9f-ml5cg,1m,31Mi
18:05:32,61,recommendationservice-7444754ff5-kk4vc,12m,80Mi
18:05:32,61,frontend-7bd6f45654-dnhzb,12m,43Mi
18:05:32,61,currencyservice-7c8fc8fc9c-rtbz4,11m,124Mi
18:05:32,61,loadgenerator-57fc5754d-vb445,8m,64Mi
18:05:32,61,cartservice-db96d6fcc-tsdhc,7m,145Mi
18:05:32,61,productcatalogservice-65bbf699df-d9cxl,6m,42Mi
18:05:32,61,emailservice-66944ff59-zvg4w,4m,56Mi
18:05:32,61,adservice-574bff445c-k5l76,4m,275Mi
18:05:32,61,redis-cart-c8ff86559-gpcc7,3m,36Mi
18:05:32,61,checkoutservice-5b6d96c9b7-fwtng,1m,37Mi
18:05:32,61,paymentservice-9bfb7bf5-9mdwz,1m,126Mi
18:05:32,61,productcatalogservice-65bbf699df-2hv25,1m,18Mi
18:05:32,61,productcatalogservice-65bbf699df-8ztwv,1m,19Mi
18:05:32,61,shippingservice-f956b6d9f-ml5cg,1m,31Mi
18:05:43,62,recommendationservice-7444754ff5-kk4vc,12m,80Mi
18:05:43,62,frontend-7bd6f45654-dnhzb,12m,43Mi
18:05:43,62,currencyservice-7c8fc8fc9c-rtbz4,11m,124Mi
18:05:43,62,loadgenerator-57fc5754d-vb445,8m,64Mi
18:05:43,62,cartservice-db96d6fcc-tsdhc,7m,145Mi
18:05:43,62,productcatalogservice-65bbf699df-d9cxl,6m,42Mi
18:05:43,62,emailservice-66944ff59-zvg4w,4m,56Mi
18:05:43,62,adservice-574bff445c-k5l76,4m,275Mi
18:05:43,62,redis-cart-c8ff86559-gpcc7,3m,36Mi
18:05:43,62,checkoutservice-5b6d96c9b7-fwtng,1m,37Mi
18:05:43,62,paymentservice-9bfb7bf5-9mdwz,1m,126Mi
18:05:43,62,productcatalogservice-65bbf699df-2hv25,1m,18Mi
18:05:43,62,productcatalogservice-65bbf699df-8ztwv,1m,19Mi
18:05:43,62,shippingservice-f956b6d9f-ml5cg,1m,31Mi
18:05:53,63,recommendationservice-7444754ff5-kk4vc,11m,80Mi
18:05:53,63,frontend-7bd6f45654-dnhzb,11m,43Mi
18:05:53,63,currencyservice-7c8fc8fc9c-rtbz4,10m,124Mi
18:05:53,63,loadgenerator-57fc5754d-vb445,7m,64Mi
18:05:53,63,cartservice-db96d6fcc-tsdhc,7m,145Mi
18:05:53,63,productcatalogservice-65bbf699df-d9cxl,6m,42Mi
18:05:53,63,emailservice-66944ff59-zvg4w,4m,56Mi
18:05:53,63,adservice-574bff445c-k5l76,4m,275Mi
18:05:53,63,redis-cart-c8ff86559-gpcc7,3m,36Mi
18:05:53,63,paymentservice-9bfb7bf5-9mdwz,2m,126Mi
18:05:53,63,productcatalogservice-65bbf699df-2hv25,2m,18Mi
18:05:53,63,shippingservice-f956b6d9f-ml5cg,2m,31Mi
18:05:53,63,checkoutservice-5b6d96c9b7-fwtng,1m,37Mi
18:05:53,63,productcatalogservice-65bbf699df-8ztwv,1m,19Mi
18:06:03,64,recommendationservice-7444754ff5-kk4vc,11m,80Mi
18:06:03,64,frontend-7bd6f45654-dnhzb,10m,43Mi
18:06:03,64,currencyservice-7c8fc8fc9c-rtbz4,9m,124Mi
18:06:03,64,loadgenerator-57fc5754d-vb445,7m,64Mi
18:06:03,64,cartservice-db96d6fcc-tsdhc,6m,145Mi
18:06:03,64,productcatalogservice-65bbf699df-d9cxl,5m,42Mi
18:06:03,64,emailservice-66944ff59-zvg4w,4m,56Mi
18:06:03,64,adservice-574bff445c-k5l76,3m,275Mi
18:06:03,64,redis-cart-c8ff86559-gpcc7,3m,36Mi
18:06:03,64,checkoutservice-5b6d96c9b7-fwtng,1m,37Mi
18:06:03,64,paymentservice-9bfb7bf5-9mdwz,1m,126Mi
18:06:03,64,productcatalogservice-65bbf699df-2hv25,1m,18Mi
18:06:03,64,productcatalogservice-65bbf699df-8ztwv,1m,19Mi
18:06:03,64,shippingservice-f956b6d9f-ml5cg,1m,31Mi
18:06:13,65,recommendationservice-7444754ff5-kk4vc,11m,80Mi
18:06:13,65,frontend-7bd6f45654-dnhzb,10m,43Mi
18:06:13,65,currencyservice-7c8fc8fc9c-rtbz4,9m,124Mi
18:06:13,65,loadgenerator-57fc5754d-vb445,7m,64Mi
18:06:13,65,cartservice-db96d6fcc-tsdhc,6m,145Mi
18:06:13,65,productcatalogservice-65bbf699df-d9cxl,5m,42Mi
18:06:13,65,emailservice-66944ff59-zvg4w,4m,56Mi
18:06:13,65,adservice-574bff445c-k5l76,3m,275Mi
18:06:13,65,redis-cart-c8ff86559-gpcc7,3m,36Mi
18:06:13,65,checkoutservice-5b6d96c9b7-fwtng,1m,37Mi
18:06:13,65,paymentservice-9bfb7bf5-9mdwz,1m,126Mi
18:06:13,65,productcatalogservice-65bbf699df-2hv25,1m,18Mi
18:06:13,65,productcatalogservice-65bbf699df-8ztwv,1m,19Mi
18:06:13,65,shippingservice-f956b6d9f-ml5cg,1m,31Mi
18:06:23,66,recommendationservice-7444754ff5-kk4vc,13m,80Mi
18:06:23,66,frontend-7bd6f45654-dnhzb,11m,43Mi
18:06:23,66,currencyservice-7c8fc8fc9c-rtbz4,10m,124Mi
18:06:23,66,productcatalogservice-65bbf699df-d9cxl,6m,42Mi
18:06:23,66,emailservice-66944ff59-zvg4w,6m,56Mi
18:06:23,66,cartservice-db96d6fcc-tsdhc,6m,145Mi
18:06:23,66,adservice-574bff445c-k5l76,4m,275Mi
18:06:23,66,redis-cart-c8ff86559-gpcc7,4m,36Mi
18:06:23,66,checkoutservice-5b6d96c9b7-fwtng,3m,37Mi
18:06:23,66,paymentservice-9bfb7bf5-9mdwz,2m,126Mi
18:06:23,66,productcatalogservice-65bbf699df-2hv25,1m,18Mi
18:06:23,66,productcatalogservice-65bbf699df-8ztwv,1m,19Mi
18:06:23,66,shippingservice-f956b6d9f-ml5cg,1m,31Mi
18:06:33,67,cartservice-db96d6fcc-x6v6f,331m,58Mi
18:06:33,67,cartservice-db96d6fcc-6kndn,322m,58Mi
18:06:33,67,adservice-574bff445c-4w7zh,286m,98Mi
18:06:33,67,adservice-574bff445c-2zzqg,281m,84Mi
18:06:33,67,currencyservice-7c8fc8fc9c-6tsnv,186m,84Mi
18:06:33,67,paymentservice-9bfb7bf5-w2dt7,183m,59Mi
18:06:33,67,recommendationservice-7444754ff5-w69fs,181m,28Mi
18:06:33,67,currencyservice-7c8fc8fc9c-s92sq,181m,65Mi
18:06:33,67,emailservice-66944ff59-62x8j,178m,36Mi
18:06:33,67,recommendationservice-7444754ff5-w769g,178m,28Mi
18:06:33,67,paymentservice-9bfb7bf5-x4kz9,177m,56Mi
18:06:33,67,emailservice-66944ff59-xh284,176m,36Mi
18:06:33,67,frontend-7bd6f45654-jwp2b,23m,11Mi
18:06:33,67,checkoutservice-5b6d96c9b7-lwnbx,22m,12Mi
18:06:33,67,checkoutservice-5b6d96c9b7-tvvwl,21m,12Mi
18:06:33,67,frontend-7bd6f45654-xmsf8,19m,11Mi
18:06:33,67,recommendationservice-7444754ff5-kk4vc,7m,80Mi
18:06:33,67,emailservice-66944ff59-zvg4w,5m,56Mi
18:06:33,67,adservice-574bff445c-k5l76,5m,275Mi
18:06:33,67,currencyservice-7c8fc8fc9c-rtbz4,4m,124Mi
18:06:33,67,cartservice-db96d6fcc-tsdhc,3m,145Mi
18:06:33,67,paymentservice-9bfb7bf5-9mdwz,2m,126Mi
18:06:33,67,redis-cart-c8ff86559-gpcc7,2m,36Mi
18:06:33,67,frontend-7bd6f45654-dnhzb,1m,43Mi
18:06:33,67,productcatalogservice-65bbf699df-2hv25,1m,18Mi
18:06:33,67,productcatalogservice-65bbf699df-8ztwv,1m,19Mi
18:06:33,67,productcatalogservice-65bbf699df-d9cxl,1m,42Mi
18:06:33,67,checkoutservice-5b6d96c9b7-fwtng,1m,37Mi
18:06:33,67,shippingservice-f956b6d9f-ml5cg,1m,31Mi
18:06:44,68,cartservice-db96d6fcc-x6v6f,331m,58Mi
18:06:44,68,cartservice-db96d6fcc-6kndn,322m,58Mi
18:06:44,68,adservice-574bff445c-4w7zh,286m,98Mi
18:06:44,68,adservice-574bff445c-2zzqg,281m,84Mi
18:06:44,68,currencyservice-7c8fc8fc9c-6tsnv,186m,84Mi
18:06:44,68,paymentservice-9bfb7bf5-w2dt7,183m,59Mi
18:06:44,68,recommendationservice-7444754ff5-w69fs,181m,28Mi
18:06:44,68,currencyservice-7c8fc8fc9c-s92sq,181m,65Mi
18:06:44,68,emailservice-66944ff59-62x8j,178m,36Mi
18:06:44,68,recommendationservice-7444754ff5-w769g,178m,28Mi
18:06:44,68,paymentservice-9bfb7bf5-x4kz9,177m,56Mi
18:06:44,68,emailservice-66944ff59-xh284,176m,36Mi
18:06:44,68,frontend-7bd6f45654-jwp2b,23m,11Mi
18:06:44,68,checkoutservice-5b6d96c9b7-lwnbx,22m,12Mi
18:06:44,68,checkoutservice-5b6d96c9b7-tvvwl,21m,12Mi
18:06:44,68,frontend-7bd6f45654-xmsf8,19m,11Mi
18:06:44,68,recommendationservice-7444754ff5-kk4vc,7m,80Mi
18:06:44,68,emailservice-66944ff59-zvg4w,5m,56Mi
18:06:44,68,adservice-574bff445c-k5l76,5m,275Mi
18:06:44,68,currencyservice-7c8fc8fc9c-rtbz4,4m,124Mi
18:06:44,68,cartservice-db96d6fcc-tsdhc,3m,145Mi
18:06:44,68,paymentservice-9bfb7bf5-9mdwz,2m,126Mi
18:06:44,68,redis-cart-c8ff86559-gpcc7,2m,36Mi
18:06:44,68,frontend-7bd6f45654-dnhzb,1m,43Mi
18:06:44,68,productcatalogservice-65bbf699df-2hv25,1m,18Mi
18:06:44,68,productcatalogservice-65bbf699df-8ztwv,1m,19Mi
18:06:44,68,productcatalogservice-65bbf699df-d9cxl,1m,42Mi
18:06:44,68,checkoutservice-5b6d96c9b7-fwtng,1m,37Mi
18:06:44,68,shippingservice-f956b6d9f-ml5cg,1m,31Mi
18:06:54,69,adservice-574bff445c-2zzqg,218m,144Mi
18:06:54,69,adservice-574bff445c-4w7zh,208m,162Mi
18:06:54,69,cartservice-db96d6fcc-x6v6f,76m,82Mi
18:06:54,69,cartservice-db96d6fcc-6kndn,70m,82Mi
18:06:54,69,emailservice-66944ff59-xh284,65m,56Mi
18:06:54,69,emailservice-66944ff59-62x8j,65m,56Mi
18:06:54,69,recommendationservice-7444754ff5-w69fs,63m,51Mi
18:06:54,69,recommendationservice-7444754ff5-w769g,61m,51Mi
18:06:54,69,currencyservice-7c8fc8fc9c-s92sq,22m,70Mi
18:06:54,69,currencyservice-7c8fc8fc9c-6tsnv,21m,89Mi
18:06:54,69,paymentservice-9bfb7bf5-w2dt7,20m,65Mi
18:06:54,69,paymentservice-9bfb7bf5-x4kz9,20m,63Mi
18:06:54,69,emailservice-66944ff59-zvg4w,3m,56Mi
18:06:54,69,recommendationservice-7444754ff5-kk4vc,3m,80Mi
18:06:54,69,redis-cart-c8ff86559-gpcc7,2m,36Mi
18:06:54,69,cartservice-db96d6fcc-tsdhc,2m,145Mi
18:06:54,69,adservice-574bff445c-k5l76,2m,275Mi
18:06:54,69,frontend-7bd6f45654-jwp2b,2m,13Mi
18:06:54,69,frontend-7bd6f45654-xmsf8,2m,11Mi
18:06:54,69,checkoutservice-5b6d96c9b7-lwnbx,1m,12Mi
18:06:54,69,paymentservice-9bfb7bf5-9mdwz,1m,126Mi
18:06:54,69,productcatalogservice-65bbf699df-2hv25,1m,18Mi
18:06:54,69,productcatalogservice-65bbf699df-8ztwv,1m,19Mi
18:06:54,69,productcatalogservice-65bbf699df-d9cxl,1m,42Mi
18:06:54,69,frontend-7bd6f45654-dnhzb,1m,43Mi
18:06:54,69,currencyservice-7c8fc8fc9c-rtbz4,1m,124Mi
18:06:54,69,checkoutservice-5b6d96c9b7-tvvwl,1m,12Mi
18:06:54,69,checkoutservice-5b6d96c9b7-fwtng,1m,37Mi
18:06:54,69,shippingservice-f956b6d9f-g5j6b,1m,12Mi
18:06:54,69,shippingservice-f956b6d9f-m2h7g,1m,12Mi
18:06:54,69,shippingservice-f956b6d9f-ml5cg,1m,31Mi
18:07:04,70,cartservice-db96d6fcc-6kndn,19m,83Mi
18:07:04,70,cartservice-db96d6fcc-x6v6f,17m,85Mi
18:07:04,70,adservice-574bff445c-4w7zh,6m,161Mi
18:07:04,70,adservice-574bff445c-2zzqg,6m,143Mi
18:07:04,70,recommendationservice-7444754ff5-kk4vc,4m,80Mi
18:07:04,70,recommendationservice-7444754ff5-w69fs,4m,51Mi
18:07:04,70,paymentservice-9bfb7bf5-x4kz9,4m,63Mi
18:07:04,70,recommendationservice-7444754ff5-w769g,4m,51Mi
18:07:04,70,redis-cart-c8ff86559-gpcc7,4m,36Mi
18:07:04,70,emailservice-66944ff59-zvg4w,4m,56Mi
18:07:04,70,currencyservice-7c8fc8fc9c-rtbz4,3m,124Mi
18:07:04,70,currencyservice-7c8fc8fc9c-s92sq,3m,72Mi
18:07:04,70,emailservice-66944ff59-62x8j,3m,56Mi
18:07:04,70,emailservice-66944ff59-xh284,3m,56Mi
18:07:04,70,currencyservice-7c8fc8fc9c-6tsnv,3m,91Mi
18:07:04,70,paymentservice-9bfb7bf5-w2dt7,3m,65Mi
18:07:04,70,cartservice-db96d6fcc-tsdhc,3m,145Mi
18:07:04,70,adservice-574bff445c-k5l76,3m,275Mi
18:07:04,70,frontend-7bd6f45654-dnhzb,2m,43Mi
18:07:04,70,frontend-7bd6f45654-jwp2b,2m,14Mi
18:07:04,70,shippingservice-f956b6d9f-ml5cg,2m,31Mi
18:07:04,70,paymentservice-9bfb7bf5-9mdwz,2m,126Mi
18:07:04,70,checkoutservice-5b6d96c9b7-lwnbx,1m,12Mi
18:07:04,70,productcatalogservice-65bbf699df-d9cxl,1m,42Mi
18:07:04,70,productcatalogservice-65bbf699df-8ztwv,1m,19Mi
18:07:04,70,productcatalogservice-65bbf699df-2hv25,1m,18Mi
18:07:04,70,frontend-7bd6f45654-xmsf8,1m,12Mi
18:07:04,70,checkoutservice-5b6d96c9b7-tvvwl,1m,12Mi
18:07:04,70,shippingservice-f956b6d9f-g5j6b,1m,14Mi
18:07:04,70,shippingservice-f956b6d9f-m2h7g,1m,14Mi
18:07:04,70,checkoutservice-5b6d96c9b7-fwtng,1m,37Mi
18:07:14,71,cartservice-db96d6fcc-6kndn,19m,83Mi
18:07:14,71,cartservice-db96d6fcc-x6v6f,17m,85Mi
18:07:14,71,adservice-574bff445c-4w7zh,6m,161Mi
18:07:14,71,adservice-574bff445c-2zzqg,6m,143Mi
18:07:14,71,recommendationservice-7444754ff5-kk4vc,4m,80Mi
18:07:14,71,recommendationservice-7444754ff5-w69fs,4m,51Mi
18:07:14,71,paymentservice-9bfb7bf5-x4kz9,4m,63Mi
18:07:14,71,recommendationservice-7444754ff5-w769g,4m,51Mi
18:07:14,71,redis-cart-c8ff86559-gpcc7,4m,36Mi
18:07:14,71,emailservice-66944ff59-zvg4w,4m,56Mi
18:07:14,71,currencyservice-7c8fc8fc9c-rtbz4,3m,124Mi
18:07:14,71,currencyservice-7c8fc8fc9c-s92sq,3m,72Mi
18:07:14,71,emailservice-66944ff59-62x8j,3m,56Mi
18:07:14,71,emailservice-66944ff59-xh284,3m,56Mi
18:07:14,71,currencyservice-7c8fc8fc9c-6tsnv,3m,91Mi
18:07:14,71,paymentservice-9bfb7bf5-w2dt7,3m,65Mi
18:07:14,71,cartservice-db96d6fcc-tsdhc,3m,145Mi
18:07:14,71,adservice-574bff445c-k5l76,3m,275Mi
18:07:14,71,frontend-7bd6f45654-dnhzb,2m,43Mi
18:07:14,71,frontend-7bd6f45654-jwp2b,2m,14Mi
18:07:14,71,shippingservice-f956b6d9f-ml5cg,2m,31Mi
18:07:14,71,paymentservice-9bfb7bf5-9mdwz,2m,126Mi
18:07:14,71,checkoutservice-5b6d96c9b7-lwnbx,1m,12Mi
18:07:14,71,productcatalogservice-65bbf699df-d9cxl,1m,42Mi
18:07:14,71,productcatalogservice-65bbf699df-8ztwv,1m,19Mi
18:07:14,71,productcatalogservice-65bbf699df-2hv25,1m,18Mi
18:07:14,71,frontend-7bd6f45654-xmsf8,1m,12Mi
18:07:14,71,checkoutservice-5b6d96c9b7-tvvwl,1m,12Mi
18:07:14,71,shippingservice-f956b6d9f-g5j6b,1m,14Mi
18:07:14,71,shippingservice-f956b6d9f-m2h7g,1m,14Mi
18:07:14,71,checkoutservice-5b6d96c9b7-fwtng,1m,37Mi
18:07:24,72,cartservice-db96d6fcc-6kndn,132m,115Mi
18:07:24,72,currencyservice-7c8fc8fc9c-6tsnv,39m,94Mi
18:07:24,72,adservice-574bff445c-4w7zh,24m,165Mi
18:07:24,72,frontend-7bd6f45654-xmsf8,21m,20Mi
18:07:24,72,recommendationservice-7444754ff5-w69fs,19m,54Mi
18:07:24,72,frontend-7bd6f45654-jwp2b,17m,20Mi
18:07:24,72,cartservice-db96d6fcc-x6v6f,15m,86Mi
18:07:24,72,recommendationservice-7444754ff5-kk4vc,10m,80Mi
18:07:24,72,cartservice-db96d6fcc-tsdhc,8m,145Mi
18:07:24,72,productcatalogservice-65bbf699df-8ztwv,6m,19Mi
18:07:24,72,adservice-574bff445c-2zzqg,6m,144Mi
18:07:24,72,adservice-574bff445c-k5l76,6m,275Mi
18:07:24,72,paymentservice-9bfb7bf5-w2dt7,5m,66Mi
18:07:24,72,productcatalogservice-65bbf699df-d9cxl,5m,42Mi
18:07:24,72,currencyservice-7c8fc8fc9c-rtbz4,4m,124Mi
18:07:24,72,currencyservice-7c8fc8fc9c-s92sq,4m,72Mi
18:07:24,72,emailservice-66944ff59-zvg4w,4m,56Mi
18:07:24,72,frontend-7bd6f45654-dnhzb,4m,43Mi
18:07:24,72,productcatalogservice-65bbf699df-2hv25,3m,19Mi
18:07:24,72,paymentservice-9bfb7bf5-x4kz9,3m,63Mi
18:07:24,72,emailservice-66944ff59-xh284,3m,56Mi
18:07:24,72,emailservice-66944ff59-62x8j,3m,56Mi
18:07:24,72,recommendationservice-7444754ff5-w769g,3m,51Mi
18:07:24,72,redis-cart-c8ff86559-gpcc7,3m,36Mi
18:07:24,72,shippingservice-f956b6d9f-m2h7g,3m,15Mi
18:07:24,72,paymentservice-9bfb7bf5-9mdwz,2m,126Mi
18:07:24,72,checkoutservice-5b6d96c9b7-fwtng,2m,37Mi
18:07:24,72,shippingservice-f956b6d9f-g5j6b,2m,14Mi
18:07:24,72,checkoutservice-5b6d96c9b7-tvvwl,1m,12Mi
18:07:24,72,checkoutservice-5b6d96c9b7-lwnbx,1m,12Mi
18:07:24,72,shippingservice-f956b6d9f-ml5cg,1m,31Mi
18:07:34,73,cartservice-db96d6fcc-6kndn,106m,124Mi
18:07:34,73,currencyservice-7c8fc8fc9c-6tsnv,24m,94Mi
18:07:34,73,cartservice-db96d6fcc-x6v6f,21m,88Mi
18:07:34,73,adservice-574bff445c-4w7zh,19m,168Mi
18:07:34,73,frontend-7bd6f45654-xmsf8,14m,21Mi
18:07:34,73,recommendationservice-7444754ff5-w69fs,12m,54Mi
18:07:34,73,recommendationservice-7444754ff5-kk4vc,10m,80Mi
18:07:34,73,frontend-7bd6f45654-jwp2b,9m,20Mi
18:07:34,73,cartservice-db96d6fcc-tsdhc,8m,145Mi
18:07:34,73,productcatalogservice-65bbf699df-8ztwv,6m,19Mi
18:07:34,73,currencyservice-7c8fc8fc9c-rtbz4,6m,124Mi
18:07:34,73,productcatalogservice-65bbf699df-d9cxl,5m,42Mi
18:07:34,73,adservice-574bff445c-2zzqg,5m,144Mi
18:07:34,73,paymentservice-9bfb7bf5-x4kz9,4m,63Mi
18:07:34,73,emailservice-66944ff59-zvg4w,4m,56Mi
18:07:34,73,frontend-7bd6f45654-dnhzb,4m,43Mi
18:07:34,73,adservice-574bff445c-k5l76,4m,275Mi
18:07:34,73,productcatalogservice-65bbf699df-2hv25,3m,19Mi
18:07:34,73,redis-cart-c8ff86559-gpcc7,3m,36Mi
18:07:34,73,paymentservice-9bfb7bf5-w2dt7,3m,66Mi
18:07:34,73,emailservice-66944ff59-xh284,3m,56Mi
18:07:34,73,emailservice-66944ff59-62x8j,3m,56Mi
18:07:34,73,currencyservice-7c8fc8fc9c-s92sq,3m,72Mi
18:07:34,73,shippingservice-f956b6d9f-ml5cg,3m,31Mi
18:07:34,73,recommendationservice-7444754ff5-w769g,3m,51Mi
18:07:34,73,checkoutservice-5b6d96c9b7-fwtng,2m,37Mi
18:07:34,73,paymentservice-9bfb7bf5-9mdwz,2m,126Mi
18:07:34,73,shippingservice-f956b6d9f-g5j6b,2m,15Mi
18:07:34,73,shippingservice-f956b6d9f-m2h7g,2m,15Mi
18:07:34,73,checkoutservice-5b6d96c9b7-lwnbx,1m,14Mi
18:07:34,73,checkoutservice-5b6d96c9b7-tvvwl,1m,14Mi
18:07:44,74,cartservice-db96d6fcc-6kndn,106m,124Mi
18:07:44,74,currencyservice-7c8fc8fc9c-6tsnv,24m,94Mi
18:07:44,74,cartservice-db96d6fcc-x6v6f,21m,88Mi
18:07:44,74,adservice-574bff445c-4w7zh,19m,168Mi
18:07:44,74,frontend-7bd6f45654-xmsf8,14m,21Mi
18:07:44,74,recommendationservice-7444754ff5-w69fs,12m,54Mi
18:07:44,74,recommendationservice-7444754ff5-kk4vc,10m,80Mi
18:07:44,74,frontend-7bd6f45654-jwp2b,9m,20Mi
18:07:44,74,cartservice-db96d6fcc-tsdhc,8m,145Mi
18:07:44,74,productcatalogservice-65bbf699df-8ztwv,6m,19Mi
18:07:44,74,currencyservice-7c8fc8fc9c-rtbz4,6m,124Mi
18:07:44,74,productcatalogservice-65bbf699df-d9cxl,5m,42Mi
18:07:44,74,adservice-574bff445c-2zzqg,5m,144Mi
18:07:44,74,paymentservice-9bfb7bf5-x4kz9,4m,63Mi
18:07:44,74,emailservice-66944ff59-zvg4w,4m,56Mi
18:07:44,74,frontend-7bd6f45654-dnhzb,4m,43Mi
18:07:44,74,adservice-574bff445c-k5l76,4m,275Mi
18:07:44,74,productcatalogservice-65bbf699df-2hv25,3m,19Mi
18:07:44,74,redis-cart-c8ff86559-gpcc7,3m,36Mi
18:07:44,74,paymentservice-9bfb7bf5-w2dt7,3m,66Mi
18:07:44,74,emailservice-66944ff59-xh284,3m,56Mi
18:07:44,74,emailservice-66944ff59-62x8j,3m,56Mi
18:07:44,74,currencyservice-7c8fc8fc9c-s92sq,3m,72Mi
18:07:44,74,shippingservice-f956b6d9f-ml5cg,3m,31Mi
18:07:44,74,recommendationservice-7444754ff5-w769g,3m,51Mi
18:07:44,74,checkoutservice-5b6d96c9b7-fwtng,2m,37Mi
18:07:44,74,paymentservice-9bfb7bf5-9mdwz,2m,126Mi
18:07:44,74,shippingservice-f956b6d9f-g5j6b,2m,15Mi
18:07:44,74,shippingservice-f956b6d9f-m2h7g,2m,15Mi
18:07:44,74,checkoutservice-5b6d96c9b7-lwnbx,1m,14Mi
18:07:44,74,checkoutservice-5b6d96c9b7-tvvwl,1m,14Mi
18:07:55,75,adservice-574bff445c-4w7zh,27m,173Mi
18:07:55,75,currencyservice-7c8fc8fc9c-6tsnv,16m,95Mi
18:07:55,75,recommendationservice-7444754ff5-kk4vc,15m,80Mi
18:07:55,75,cartservice-db96d6fcc-6kndn,12m,124Mi
18:07:55,75,frontend-7bd6f45654-dnhzb,11m,43Mi
18:07:55,75,currencyservice-7c8fc8fc9c-rtbz4,11m,124Mi
18:07:55,75,cartservice-db96d6fcc-tsdhc,10m,145Mi
18:07:55,75,frontend-7bd6f45654-jwp2b,10m,20Mi
18:07:55,75,productcatalogservice-65bbf699df-d9cxl,9m,42Mi
18:07:55,75,cartservice-db96d6fcc-x6v6f,8m,90Mi
18:07:55,75,adservice-574bff445c-2zzqg,7m,144Mi
18:07:55,75,recommendationservice-7444754ff5-w69fs,6m,54Mi
18:07:55,75,frontend-7bd6f45654-xmsf8,5m,21Mi
18:07:55,75,adservice-574bff445c-k5l76,5m,275Mi
18:07:55,75,emailservice-66944ff59-zvg4w,4m,56Mi
18:07:55,75,emailservice-66944ff59-62x8j,3m,56Mi
18:07:55,75,emailservice-66944ff59-xh284,3m,56Mi
18:07:55,75,redis-cart-c8ff86559-gpcc7,3m,36Mi
18:07:55,75,recommendationservice-7444754ff5-w769g,3m,51Mi
18:07:55,75,checkoutservice-5b6d96c9b7-fwtng,2m,37Mi
18:07:55,75,shippingservice-f956b6d9f-ml5cg,2m,31Mi
18:07:55,75,paymentservice-9bfb7bf5-w2dt7,2m,66Mi
18:07:55,75,productcatalogservice-65bbf699df-8ztwv,2m,19Mi
18:07:55,75,paymentservice-9bfb7bf5-9mdwz,2m,126Mi
18:07:55,75,currencyservice-7c8fc8fc9c-s92sq,2m,73Mi
18:07:55,75,checkoutservice-5b6d96c9b7-tvvwl,2m,15Mi
18:07:55,75,checkoutservice-5b6d96c9b7-lwnbx,1m,14Mi
18:07:55,75,productcatalogservice-65bbf699df-2hv25,1m,19Mi
18:07:55,75,shippingservice-f956b6d9f-g5j6b,1m,15Mi
18:07:55,75,shippingservice-f956b6d9f-m2h7g,1m,15Mi
18:07:55,75,paymentservice-9bfb7bf5-x4kz9,1m,63Mi
18:08:05,76,currencyservice-7c8fc8fc9c-6tsnv,29m,98Mi
18:08:05,76,adservice-574bff445c-4w7zh,19m,177Mi
18:08:05,76,recommendationservice-7444754ff5-kk4vc,18m,80Mi
18:08:05,76,cartservice-db96d6fcc-x6v6f,17m,94Mi
18:08:05,76,currencyservice-7c8fc8fc9c-rtbz4,12m,124Mi
18:08:05,76,frontend-7bd6f45654-dnhzb,12m,43Mi
18:08:05,76,cartservice-db96d6fcc-tsdhc,12m,145Mi
18:08:05,76,frontend-7bd6f45654-jwp2b,12m,20Mi
18:08:05,76,productcatalogservice-65bbf699df-d9cxl,11m,42Mi
18:08:05,76,cartservice-db96d6fcc-6kndn,9m,125Mi
18:08:05,76,recommendationservice-7444754ff5-w69fs,7m,54Mi
18:08:05,76,frontend-7bd6f45654-xmsf8,5m,21Mi
18:08:05,76,emailservice-66944ff59-zvg4w,4m,56Mi
18:08:05,76,adservice-574bff445c-2zzqg,4m,144Mi
18:08:05,76,adservice-574bff445c-k5l76,4m,275Mi
18:08:05,76,emailservice-66944ff59-62x8j,3m,56Mi
18:08:05,76,emailservice-66944ff59-xh284,3m,56Mi
18:08:05,76,recommendationservice-7444754ff5-w769g,3m,51Mi
18:08:05,76,productcatalogservice-65bbf699df-8ztwv,3m,19Mi
18:08:05,76,redis-cart-c8ff86559-gpcc7,3m,36Mi
18:08:05,76,checkoutservice-5b6d96c9b7-fwtng,3m,37Mi
18:08:05,76,checkoutservice-5b6d96c9b7-lwnbx,2m,15Mi
18:08:05,76,paymentservice-9bfb7bf5-x4kz9,2m,63Mi
18:08:05,76,paymentservice-9bfb7bf5-w2dt7,2m,66Mi
18:08:05,76,paymentservice-9bfb7bf5-9mdwz,2m,126Mi
18:08:05,76,currencyservice-7c8fc8fc9c-s92sq,2m,72Mi
18:08:05,76,shippingservice-f956b6d9f-m2h7g,2m,15Mi
18:08:05,76,shippingservice-f956b6d9f-ml5cg,2m,31Mi
18:08:05,76,productcatalogservice-65bbf699df-2hv25,1m,19Mi
18:08:05,76,checkoutservice-5b6d96c9b7-tvvwl,1m,15Mi
18:08:05,76,shippingservice-f956b6d9f-g5j6b,1m,15Mi
18:08:15,77,currencyservice-7c8fc8fc9c-6tsnv,29m,98Mi
18:08:15,77,adservice-574bff445c-4w7zh,19m,177Mi
18:08:15,77,recommendationservice-7444754ff5-kk4vc,18m,80Mi
18:08:15,77,cartservice-db96d6fcc-x6v6f,17m,94Mi
18:08:15,77,currencyservice-7c8fc8fc9c-rtbz4,12m,124Mi
18:08:15,77,frontend-7bd6f45654-dnhzb,12m,43Mi
18:08:15,77,cartservice-db96d6fcc-tsdhc,12m,145Mi
18:08:15,77,frontend-7bd6f45654-jwp2b,12m,20Mi
18:08:15,77,productcatalogservice-65bbf699df-d9cxl,11m,42Mi
18:08:15,77,cartservice-db96d6fcc-6kndn,9m,125Mi
18:08:15,77,recommendationservice-7444754ff5-w69fs,7m,54Mi
18:08:15,77,frontend-7bd6f45654-xmsf8,5m,21Mi
18:08:15,77,emailservice-66944ff59-zvg4w,4m,56Mi
18:08:15,77,adservice-574bff445c-2zzqg,4m,144Mi
18:08:15,77,adservice-574bff445c-k5l76,4m,275Mi
18:08:15,77,emailservice-66944ff59-62x8j,3m,56Mi
18:08:15,77,emailservice-66944ff59-xh284,3m,56Mi
18:08:15,77,recommendationservice-7444754ff5-w769g,3m,51Mi
18:08:15,77,productcatalogservice-65bbf699df-8ztwv,3m,19Mi
18:08:15,77,redis-cart-c8ff86559-gpcc7,3m,36Mi
18:08:15,77,checkoutservice-5b6d96c9b7-fwtng,3m,37Mi
18:08:15,77,checkoutservice-5b6d96c9b7-lwnbx,2m,15Mi
18:08:15,77,paymentservice-9bfb7bf5-x4kz9,2m,63Mi
18:08:15,77,paymentservice-9bfb7bf5-w2dt7,2m,66Mi
18:08:15,77,paymentservice-9bfb7bf5-9mdwz,2m,126Mi
18:08:15,77,currencyservice-7c8fc8fc9c-s92sq,2m,72Mi
18:08:15,77,shippingservice-f956b6d9f-m2h7g,2m,15Mi
18:08:15,77,shippingservice-f956b6d9f-ml5cg,2m,31Mi
18:08:15,77,productcatalogservice-65bbf699df-2hv25,1m,19Mi
18:08:15,77,checkoutservice-5b6d96c9b7-tvvwl,1m,15Mi
18:08:15,77,shippingservice-f956b6d9f-g5j6b,1m,15Mi
18:08:25,78,currencyservice-7c8fc8fc9c-6tsnv,25m,98Mi
18:08:25,78,adservice-574bff445c-4w7zh,23m,178Mi
18:08:25,78,recommendationservice-7444754ff5-kk4vc,22m,80Mi
18:08:25,78,currencyservice-7c8fc8fc9c-rtbz4,21m,124Mi
18:08:25,78,frontend-7bd6f45654-jwp2b,20m,21Mi
18:08:25,78,frontend-7bd6f45654-dnhzb,19m,43Mi
18:08:25,78,cartservice-db96d6fcc-tsdhc,18m,145Mi
18:08:25,78,cartservice-db96d6fcc-6kndn,14m,125Mi
18:08:25,78,productcatalogservice-65bbf699df-d9cxl,14m,42Mi
18:08:25,78,cartservice-db96d6fcc-x6v6f,14m,94Mi
18:08:25,78,adservice-574bff445c-k5l76,10m,275Mi
18:08:25,78,emailservice-66944ff59-xh284,10m,56Mi
18:08:25,78,recommendationservice-7444754ff5-w69fs,9m,54Mi
18:08:25,78,emailservice-66944ff59-62x8j,8m,56Mi
18:08:25,78,frontend-7bd6f45654-xmsf8,8m,21Mi
18:08:25,78,paymentservice-9bfb7bf5-w2dt7,8m,66Mi
18:08:25,78,currencyservice-7c8fc8fc9c-s92sq,7m,73Mi
18:08:25,78,adservice-574bff445c-2zzqg,6m,146Mi
18:08:25,78,emailservice-66944ff59-zvg4w,5m,56Mi
18:08:25,78,recommendationservice-7444754ff5-w769g,5m,51Mi
18:08:25,78,redis-cart-c8ff86559-gpcc7,4m,36Mi
18:08:25,78,paymentservice-9bfb7bf5-x4kz9,4m,64Mi
18:08:25,78,checkoutservice-5b6d96c9b7-fwtng,3m,37Mi
18:08:25,78,productcatalogservice-65bbf699df-8ztwv,3m,19Mi
18:08:25,78,paymentservice-9bfb7bf5-9mdwz,3m,126Mi
18:08:25,78,shippingservice-f956b6d9f-ml5cg,3m,31Mi
18:08:25,78,productcatalogservice-65bbf699df-2hv25,2m,19Mi
18:08:25,78,shippingservice-f956b6d9f-g5j6b,2m,15Mi
18:08:25,78,shippingservice-f956b6d9f-m2h7g,2m,15Mi
18:08:25,78,checkoutservice-5b6d96c9b7-tvvwl,1m,15Mi
18:08:25,78,checkoutservice-5b6d96c9b7-lwnbx,1m,15Mi
18:08:35,79,adservice-574bff445c-4w7zh,30m,181Mi
18:08:35,79,currencyservice-7c8fc8fc9c-6tsnv,28m,98Mi
18:08:35,79,recommendationservice-7444754ff5-kk4vc,17m,80Mi
18:08:35,79,frontend-7bd6f45654-jwp2b,15m,21Mi
18:08:35,79,cartservice-db96d6fcc-x6v6f,15m,94Mi
18:08:35,79,currencyservice-7c8fc8fc9c-s92sq,14m,72Mi
18:08:35,79,frontend-7bd6f45654-dnhzb,13m,43Mi
18:08:35,79,currencyservice-7c8fc8fc9c-rtbz4,13m,124Mi
18:08:35,79,cartservice-db96d6fcc-tsdhc,12m,145Mi
18:08:35,79,productcatalogservice-65bbf699df-d9cxl,12m,42Mi
18:08:35,79,recommendationservice-7444754ff5-w69fs,9m,54Mi
18:08:35,79,paymentservice-9bfb7bf5-x4kz9,9m,66Mi
18:08:35,79,cartservice-db96d6fcc-6kndn,9m,125Mi
18:08:35,79,recommendationservice-7444754ff5-w769g,7m,51Mi
18:08:35,79,adservice-574bff445c-2zzqg,6m,146Mi
18:08:35,79,paymentservice-9bfb7bf5-w2dt7,6m,68Mi
18:08:35,79,emailservice-66944ff59-xh284,6m,56Mi
18:08:35,79,emailservice-66944ff59-zvg4w,5m,56Mi
18:08:35,79,frontend-7bd6f45654-xmsf8,5m,21Mi
18:08:35,79,emailservice-66944ff59-62x8j,5m,56Mi
18:08:35,79,adservice-574bff445c-k5l76,5m,275Mi
18:08:35,79,checkoutservice-5b6d96c9b7-fwtng,4m,37Mi
18:08:35,79,paymentservice-9bfb7bf5-9mdwz,3m,126Mi
18:08:35,79,redis-cart-c8ff86559-gpcc7,3m,36Mi
18:08:35,79,shippingservice-f956b6d9f-g5j6b,2m,15Mi
18:08:35,79,shippingservice-f956b6d9f-m2h7g,2m,15Mi
18:08:35,79,productcatalogservice-65bbf699df-8ztwv,2m,19Mi
18:08:35,79,shippingservice-f956b6d9f-ml5cg,2m,31Mi
18:08:35,79,checkoutservice-5b6d96c9b7-lwnbx,1m,15Mi
18:08:35,79,productcatalogservice-65bbf699df-2hv25,1m,19Mi
18:08:35,79,checkoutservice-5b6d96c9b7-tvvwl,1m,15Mi
18:08:45,80,adservice-574bff445c-4w7zh,18m,185Mi
18:08:45,80,recommendationservice-7444754ff5-kk4vc,18m,80Mi
18:08:45,80,currencyservice-7c8fc8fc9c-6tsnv,14m,98Mi
18:08:45,80,frontend-7bd6f45654-dnhzb,14m,43Mi
18:08:45,80,currencyservice-7c8fc8fc9c-rtbz4,13m,124Mi
18:08:45,80,frontend-7bd6f45654-jwp2b,12m,21Mi
18:08:45,80,productcatalogservice-65bbf699df-d9cxl,11m,43Mi
18:08:45,80,cartservice-db96d6fcc-tsdhc,10m,145Mi
18:08:45,80,cartservice-db96d6fcc-6kndn,10m,123Mi
18:08:45,80,adservice-574bff445c-2zzqg,7m,147Mi
18:08:45,80,recommendationservice-7444754ff5-w69fs,7m,54Mi
18:08:45,80,cartservice-db96d6fcc-x6v6f,6m,94Mi
18:08:45,80,adservice-574bff445c-k5l76,5m,275Mi
18:08:45,80,emailservice-66944ff59-xh284,4m,56Mi
18:08:45,80,emailservice-66944ff59-zvg4w,4m,56Mi
18:08:45,80,emailservice-66944ff59-62x8j,4m,56Mi
18:08:45,80,frontend-7bd6f45654-xmsf8,4m,21Mi
18:08:45,80,productcatalogservice-65bbf699df-8ztwv,4m,19Mi
18:08:45,80,currencyservice-7c8fc8fc9c-s92sq,3m,72Mi
18:08:45,80,recommendationservice-7444754ff5-w769g,3m,51Mi
18:08:45,80,redis-cart-c8ff86559-gpcc7,3m,36Mi
18:08:45,80,checkoutservice-5b6d96c9b7-fwtng,2m,37Mi
18:08:45,80,shippingservice-f956b6d9f-m2h7g,2m,15Mi
18:08:45,80,paymentservice-9bfb7bf5-x4kz9,2m,66Mi
18:08:45,80,paymentservice-9bfb7bf5-w2dt7,2m,68Mi
18:08:45,80,paymentservice-9bfb7bf5-9mdwz,2m,126Mi
18:08:45,80,shippingservice-f956b6d9f-ml5cg,2m,31Mi
18:08:45,80,checkoutservice-5b6d96c9b7-lwnbx,1m,15Mi
18:08:45,80,shippingservice-f956b6d9f-g5j6b,1m,15Mi
18:08:45,80,productcatalogservice-65bbf699df-2hv25,1m,19Mi
18:08:45,80,checkoutservice-5b6d96c9b7-tvvwl,1m,15Mi
18:08:55,81,adservice-574bff445c-4w7zh,18m,185Mi
18:08:55,81,recommendationservice-7444754ff5-kk4vc,18m,80Mi
18:08:55,81,currencyservice-7c8fc8fc9c-6tsnv,14m,98Mi
18:08:55,81,frontend-7bd6f45654-dnhzb,14m,43Mi
18:08:55,81,currencyservice-7c8fc8fc9c-rtbz4,13m,124Mi
18:08:55,81,frontend-7bd6f45654-jwp2b,12m,21Mi
18:08:55,81,productcatalogservice-65bbf699df-d9cxl,11m,43Mi
18:08:55,81,cartservice-db96d6fcc-tsdhc,10m,145Mi
18:08:55,81,cartservice-db96d6fcc-6kndn,10m,123Mi
18:08:55,81,adservice-574bff445c-2zzqg,7m,147Mi
18:08:55,81,recommendationservice-7444754ff5-w69fs,7m,54Mi
18:08:55,81,cartservice-db96d6fcc-x6v6f,6m,94Mi
18:08:55,81,adservice-574bff445c-k5l76,5m,275Mi
18:08:55,81,emailservice-66944ff59-xh284,4m,56Mi
18:08:55,81,emailservice-66944ff59-zvg4w,4m,56Mi
18:08:55,81,emailservice-66944ff59-62x8j,4m,56Mi
18:08:55,81,frontend-7bd6f45654-xmsf8,4m,21Mi
18:08:55,81,productcatalogservice-65bbf699df-8ztwv,4m,19Mi
18:08:55,81,currencyservice-7c8fc8fc9c-s92sq,3m,72Mi
18:08:55,81,recommendationservice-7444754ff5-w769g,3m,51Mi
18:08:55,81,redis-cart-c8ff86559-gpcc7,3m,36Mi
18:08:55,81,checkoutservice-5b6d96c9b7-fwtng,2m,37Mi
18:08:55,81,shippingservice-f956b6d9f-m2h7g,2m,15Mi
18:08:55,81,paymentservice-9bfb7bf5-x4kz9,2m,66Mi
18:08:55,81,paymentservice-9bfb7bf5-w2dt7,2m,68Mi
18:08:55,81,paymentservice-9bfb7bf5-9mdwz,2m,126Mi
18:08:55,81,shippingservice-f956b6d9f-ml5cg,2m,31Mi
18:08:55,81,checkoutservice-5b6d96c9b7-lwnbx,1m,15Mi
18:08:55,81,shippingservice-f956b6d9f-g5j6b,1m,15Mi
18:08:55,81,productcatalogservice-65bbf699df-2hv25,1m,19Mi
18:08:55,81,checkoutservice-5b6d96c9b7-tvvwl,1m,15Mi
18:09:06,82,adservice-574bff445c-4w7zh,27m,188Mi
18:09:06,82,currencyservice-7c8fc8fc9c-6tsnv,20m,100Mi
18:09:06,82,recommendationservice-7444754ff5-kk4vc,19m,80Mi
18:09:06,82,frontend-7bd6f45654-jwp2b,15m,21Mi
18:09:06,82,frontend-7bd6f45654-dnhzb,14m,43Mi
18:09:06,82,productcatalogservice-65bbf699df-d9cxl,14m,43Mi
18:09:06,82,currencyservice-7c8fc8fc9c-rtbz4,13m,124Mi
18:09:06,82,cartservice-db96d6fcc-tsdhc,11m,145Mi
18:09:06,82,cartservice-db96d6fcc-6kndn,10m,126Mi
18:09:06,82,cartservice-db96d6fcc-x6v6f,10m,95Mi
18:09:06,82,adservice-574bff445c-2zzqg,8m,147Mi
18:09:06,82,recommendationservice-7444754ff5-w69fs,6m,54Mi
18:09:06,82,recommendationservice-7444754ff5-w769g,5m,51Mi
18:09:06,82,emailservice-66944ff59-zvg4w,5m,56Mi
18:09:06,82,adservice-574bff445c-k5l76,5m,275Mi
18:09:06,82,frontend-7bd6f45654-xmsf8,5m,21Mi
18:09:06,82,emailservice-66944ff59-xh284,4m,56Mi
18:09:06,82,emailservice-66944ff59-62x8j,4m,56Mi
18:09:06,82,checkoutservice-5b6d96c9b7-fwtng,3m,37Mi
18:09:06,82,paymentservice-9bfb7bf5-w2dt7,3m,68Mi
18:09:06,82,paymentservice-9bfb7bf5-x4kz9,3m,66Mi
18:09:06,82,paymentservice-9bfb7bf5-9mdwz,3m,126Mi
18:09:06,82,currencyservice-7c8fc8fc9c-s92sq,3m,72Mi
18:09:06,82,redis-cart-c8ff86559-gpcc7,3m,36Mi
18:09:06,82,productcatalogservice-65bbf699df-2hv25,2m,19Mi
18:09:06,82,productcatalogservice-65bbf699df-8ztwv,2m,19Mi
18:09:06,82,shippingservice-f956b6d9f-m2h7g,2m,15Mi
18:09:06,82,shippingservice-f956b6d9f-ml5cg,2m,31Mi
18:09:06,82,checkoutservice-5b6d96c9b7-tvvwl,1m,15Mi
18:09:06,82,checkoutservice-5b6d96c9b7-lwnbx,1m,15Mi
18:09:06,82,shippingservice-f956b6d9f-g5j6b,1m,15Mi
18:09:16,83,cartservice-db96d6fcc-x6v6f,31m,98Mi
18:09:16,83,adservice-574bff445c-4w7zh,21m,194Mi
18:09:16,83,cartservice-db96d6fcc-6kndn,17m,126Mi
18:09:16,83,recommendationservice-7444754ff5-kk4vc,16m,80Mi
18:09:16,83,currencyservice-7c8fc8fc9c-6tsnv,14m,100Mi
18:09:16,83,frontend-7bd6f45654-jwp2b,12m,21Mi
18:09:16,83,frontend-7bd6f45654-dnhzb,12m,43Mi
18:09:16,83,productcatalogservice-65bbf699df-d9cxl,11m,43Mi
18:09:16,83,currencyservice-7c8fc8fc9c-rtbz4,10m,124Mi
18:09:16,83,cartservice-db96d6fcc-tsdhc,10m,145Mi
18:09:16,83,recommendationservice-7444754ff5-w69fs,6m,54Mi
18:09:16,83,adservice-574bff445c-2zzqg,6m,147Mi
18:09:16,83,adservice-574bff445c-k5l76,5m,275Mi
18:09:16,83,emailservice-66944ff59-62x8j,4m,56Mi
18:09:16,83,emailservice-66944ff59-zvg4w,4m,56Mi
18:09:16,83,recommendationservice-7444754ff5-w769g,4m,51Mi
18:09:16,83,redis-cart-c8ff86559-gpcc7,3m,36Mi
18:09:16,83,emailservice-66944ff59-xh284,3m,56Mi
18:09:16,83,frontend-7bd6f45654-xmsf8,3m,21Mi
18:09:16,83,checkoutservice-5b6d96c9b7-fwtng,2m,37Mi
18:09:16,83,shippingservice-f956b6d9f-m2h7g,2m,15Mi
18:09:16,83,paymentservice-9bfb7bf5-w2dt7,2m,68Mi
18:09:16,83,productcatalogservice-65bbf699df-8ztwv,2m,19Mi
18:09:16,83,paymentservice-9bfb7bf5-9mdwz,2m,126Mi
18:09:16,83,currencyservice-7c8fc8fc9c-s92sq,2m,72Mi
18:09:16,83,shippingservice-f956b6d9f-ml5cg,2m,31Mi
18:09:16,83,checkoutservice-5b6d96c9b7-lwnbx,1m,15Mi
18:09:16,83,productcatalogservice-65bbf699df-2hv25,1m,19Mi
18:09:16,83,shippingservice-f956b6d9f-g5j6b,1m,15Mi
18:09:16,83,paymentservice-9bfb7bf5-x4kz9,1m,66Mi
18:09:16,83,checkoutservice-5b6d96c9b7-tvvwl,1m,15Mi
18:09:26,84,cartservice-db96d6fcc-x6v6f,31m,98Mi
18:09:26,84,adservice-574bff445c-4w7zh,21m,194Mi
18:09:26,84,cartservice-db96d6fcc-6kndn,17m,126Mi
18:09:26,84,recommendationservice-7444754ff5-kk4vc,16m,80Mi
18:09:26,84,currencyservice-7c8fc8fc9c-6tsnv,14m,100Mi
18:09:26,84,frontend-7bd6f45654-jwp2b,12m,21Mi
18:09:26,84,frontend-7bd6f45654-dnhzb,12m,43Mi
18:09:26,84,productcatalogservice-65bbf699df-d9cxl,11m,43Mi
18:09:26,84,currencyservice-7c8fc8fc9c-rtbz4,10m,124Mi
18:09:26,84,cartservice-db96d6fcc-tsdhc,10m,145Mi
18:09:26,84,recommendationservice-7444754ff5-w69fs,6m,54Mi
18:09:26,84,adservice-574bff445c-2zzqg,6m,147Mi
18:09:26,84,adservice-574bff445c-k5l76,5m,275Mi
18:09:26,84,emailservice-66944ff59-62x8j,4m,56Mi
18:09:26,84,emailservice-66944ff59-zvg4w,4m,56Mi
18:09:26,84,recommendationservice-7444754ff5-w769g,4m,51Mi
18:09:26,84,redis-cart-c8ff86559-gpcc7,3m,36Mi
18:09:26,84,emailservice-66944ff59-xh284,3m,56Mi
18:09:26,84,frontend-7bd6f45654-xmsf8,3m,21Mi
18:09:26,84,checkoutservice-5b6d96c9b7-fwtng,2m,37Mi
18:09:26,84,shippingservice-f956b6d9f-m2h7g,2m,15Mi
18:09:26,84,paymentservice-9bfb7bf5-w2dt7,2m,68Mi
18:09:26,84,productcatalogservice-65bbf699df-8ztwv,2m,19Mi
18:09:26,84,paymentservice-9bfb7bf5-9mdwz,2m,126Mi
18:09:26,84,currencyservice-7c8fc8fc9c-s92sq,2m,72Mi
18:09:26,84,shippingservice-f956b6d9f-ml5cg,2m,31Mi
18:09:26,84,checkoutservice-5b6d96c9b7-lwnbx,1m,15Mi
18:09:26,84,productcatalogservice-65bbf699df-2hv25,1m,19Mi
18:09:26,84,shippingservice-f956b6d9f-g5j6b,1m,15Mi
18:09:26,84,paymentservice-9bfb7bf5-x4kz9,1m,66Mi
18:09:26,84,checkoutservice-5b6d96c9b7-tvvwl,1m,15Mi
18:09:36,85,currencyservice-7c8fc8fc9c-6tsnv,18m,100Mi
18:09:36,85,recommendationservice-7444754ff5-kk4vc,18m,80Mi
18:09:36,85,adservice-574bff445c-4w7zh,16m,194Mi
18:09:36,85,currencyservice-7c8fc8fc9c-rtbz4,15m,124Mi
18:09:36,85,frontend-7bd6f45654-dnhzb,15m,43Mi
18:09:36,85,cartservice-db96d6fcc-tsdhc,13m,145Mi
18:09:36,85,productcatalogservice-65bbf699df-d9cxl,11m,43Mi
18:09:36,85,frontend-7bd6f45654-jwp2b,11m,21Mi
18:09:36,85,cartservice-db96d6fcc-6kndn,10m,127Mi
18:09:36,85,recommendationservice-7444754ff5-w69fs,7m,54Mi
18:09:36,85,adservice-574bff445c-k5l76,7m,275Mi
18:09:36,85,paymentservice-9bfb7bf5-w2dt7,6m,68Mi
18:09:36,85,frontend-7bd6f45654-xmsf8,6m,21Mi
18:09:36,85,currencyservice-7c8fc8fc9c-s92sq,6m,72Mi
18:09:36,85,emailservice-66944ff59-zvg4w,5m,56Mi
18:09:36,85,adservice-574bff445c-2zzqg,5m,147Mi
18:09:36,85,emailservice-66944ff59-62x8j,5m,56Mi
18:09:36,85,cartservice-db96d6fcc-x6v6f,5m,98Mi
18:09:36,85,emailservice-66944ff59-xh284,4m,56Mi
18:09:36,85,recommendationservice-7444754ff5-w769g,4m,51Mi
18:09:36,85,paymentservice-9bfb7bf5-x4kz9,4m,66Mi
18:09:36,85,checkoutservice-5b6d96c9b7-fwtng,3m,37Mi
18:09:36,85,productcatalogservice-65bbf699df-8ztwv,3m,19Mi
18:09:36,85,paymentservice-9bfb7bf5-9mdwz,3m,126Mi
18:09:36,85,redis-cart-c8ff86559-gpcc7,3m,36Mi
18:09:36,85,shippingservice-f956b6d9f-m2h7g,2m,15Mi
18:09:36,85,shippingservice-f956b6d9f-g5j6b,2m,15Mi
18:09:36,85,shippingservice-f956b6d9f-ml5cg,2m,31Mi
18:09:36,85,checkoutservice-5b6d96c9b7-lwnbx,1m,15Mi
18:09:36,85,productcatalogservice-65bbf699df-2hv25,1m,19Mi
18:09:36,85,checkoutservice-5b6d96c9b7-tvvwl,1m,15Mi
18:09:46,86,adservice-574bff445c-2zzqg,8m,147Mi
18:09:46,86,recommendationservice-7444754ff5-kk4vc,5m,80Mi
18:09:46,86,recommendationservice-7444754ff5-w69fs,5m,54Mi
18:09:46,86,emailservice-66944ff59-62x8j,4m,56Mi
18:09:46,86,emailservice-66944ff59-xh284,4m,56Mi
18:09:46,86,emailservice-66944ff59-zvg4w,4m,56Mi
18:09:46,86,recommendationservice-7444754ff5-w769g,4m,51Mi
18:09:46,86,adservice-574bff445c-4w7zh,4m,194Mi
18:09:46,86,redis-cart-c8ff86559-gpcc7,4m,36Mi
18:09:46,86,cartservice-db96d6fcc-6kndn,3m,127Mi
18:09:46,86,cartservice-db96d6fcc-x6v6f,3m,98Mi
18:09:46,86,paymentservice-9bfb7bf5-w2dt7,3m,68Mi
18:09:46,86,currencyservice-7c8fc8fc9c-6tsnv,2m,100Mi
18:09:46,86,currencyservice-7c8fc8fc9c-s92sq,2m,72Mi
18:09:46,86,paymentservice-9bfb7bf5-9mdwz,2m,126Mi
18:09:46,86,cartservice-db96d6fcc-tsdhc,2m,145Mi
18:09:46,86,paymentservice-9bfb7bf5-x4kz9,2m,66Mi
18:09:46,86,checkoutservice-5b6d96c9b7-lwnbx,1m,15Mi
18:09:46,86,frontend-7bd6f45654-xmsf8,1m,21Mi
18:09:46,86,frontend-7bd6f45654-jwp2b,1m,21Mi
18:09:46,86,frontend-7bd6f45654-dnhzb,1m,43Mi
18:09:46,86,productcatalogservice-65bbf699df-2hv25,1m,19Mi
18:09:46,86,productcatalogservice-65bbf699df-8ztwv,1m,19Mi
18:09:46,86,productcatalogservice-65bbf699df-d9cxl,1m,43Mi
18:09:46,86,currencyservice-7c8fc8fc9c-rtbz4,1m,124Mi
18:09:46,86,checkoutservice-5b6d96c9b7-tvvwl,1m,15Mi
18:09:46,86,checkoutservice-5b6d96c9b7-fwtng,1m,37Mi
18:09:46,86,adservice-574bff445c-k5l76,1m,275Mi
18:09:46,86,shippingservice-f956b6d9f-g5j6b,1m,15Mi
18:09:46,86,shippingservice-f956b6d9f-m2h7g,1m,15Mi
18:09:46,86,shippingservice-f956b6d9f-ml5cg,1m,31Mi
18:09:56,87,adservice-574bff445c-2zzqg,8m,147Mi
18:09:56,87,recommendationservice-7444754ff5-kk4vc,5m,80Mi
18:09:56,87,recommendationservice-7444754ff5-w69fs,5m,54Mi
18:09:56,87,emailservice-66944ff59-62x8j,4m,56Mi
18:09:56,87,emailservice-66944ff59-xh284,4m,56Mi
18:09:56,87,emailservice-66944ff59-zvg4w,4m,56Mi
18:09:56,87,recommendationservice-7444754ff5-w769g,4m,51Mi
18:09:56,87,adservice-574bff445c-4w7zh,4m,194Mi
18:09:56,87,redis-cart-c8ff86559-gpcc7,4m,36Mi
18:09:56,87,cartservice-db96d6fcc-6kndn,3m,127Mi
18:09:56,87,cartservice-db96d6fcc-x6v6f,3m,98Mi
18:09:56,87,paymentservice-9bfb7bf5-w2dt7,3m,68Mi
18:09:56,87,currencyservice-7c8fc8fc9c-6tsnv,2m,100Mi
18:09:56,87,currencyservice-7c8fc8fc9c-s92sq,2m,72Mi
18:09:56,87,paymentservice-9bfb7bf5-9mdwz,2m,126Mi
18:09:56,87,cartservice-db96d6fcc-tsdhc,2m,145Mi
18:09:56,87,paymentservice-9bfb7bf5-x4kz9,2m,66Mi
18:09:56,87,checkoutservice-5b6d96c9b7-lwnbx,1m,15Mi
18:09:56,87,frontend-7bd6f45654-xmsf8,1m,21Mi
18:09:56,87,frontend-7bd6f45654-jwp2b,1m,21Mi
18:09:56,87,frontend-7bd6f45654-dnhzb,1m,43Mi
18:09:56,87,productcatalogservice-65bbf699df-2hv25,1m,19Mi
18:09:56,87,productcatalogservice-65bbf699df-8ztwv,1m,19Mi
18:09:56,87,productcatalogservice-65bbf699df-d9cxl,1m,43Mi
18:09:56,87,currencyservice-7c8fc8fc9c-rtbz4,1m,124Mi
18:09:56,87,checkoutservice-5b6d96c9b7-tvvwl,1m,15Mi
18:09:56,87,checkoutservice-5b6d96c9b7-fwtng,1m,37Mi
18:09:56,87,adservice-574bff445c-k5l76,1m,275Mi
18:09:56,87,shippingservice-f956b6d9f-g5j6b,1m,15Mi
18:09:56,87,shippingservice-f956b6d9f-m2h7g,1m,15Mi
18:09:56,87,shippingservice-f956b6d9f-ml5cg,1m,31Mi
18:10:07,88,cartservice-db96d6fcc-6kndn,9m,128Mi
18:10:07,88,cartservice-db96d6fcc-x6v6f,5m,99Mi
18:10:07,88,adservice-574bff445c-4w7zh,5m,194Mi
18:10:07,88,recommendationservice-7444754ff5-kk4vc,5m,80Mi
18:10:07,88,adservice-574bff445c-2zzqg,5m,150Mi
18:10:07,88,recommendationservice-7444754ff5-w769g,4m,51Mi
18:10:07,88,emailservice-66944ff59-62x8j,4m,56Mi
18:10:07,88,recommendationservice-7444754ff5-w69fs,4m,54Mi
18:10:07,88,emailservice-66944ff59-zvg4w,4m,56Mi
18:10:07,88,emailservice-66944ff59-xh284,4m,56Mi
18:10:07,88,paymentservice-9bfb7bf5-x4kz9,3m,66Mi
18:10:07,88,currencyservice-7c8fc8fc9c-s92sq,3m,72Mi
18:10:07,88,redis-cart-c8ff86559-gpcc7,3m,36Mi
18:10:07,88,paymentservice-9bfb7bf5-w2dt7,3m,68Mi
18:10:07,88,currencyservice-7c8fc8fc9c-rtbz4,2m,124Mi
18:10:07,88,currencyservice-7c8fc8fc9c-6tsnv,2m,100Mi
18:10:07,88,checkoutservice-5b6d96c9b7-tvvwl,2m,15Mi
18:10:07,88,cartservice-db96d6fcc-tsdhc,2m,145Mi
18:10:07,88,adservice-574bff445c-k5l76,2m,275Mi
18:10:07,88,paymentservice-9bfb7bf5-9mdwz,2m,126Mi
18:10:07,88,checkoutservice-5b6d96c9b7-lwnbx,1m,15Mi
18:10:07,88,productcatalogservice-65bbf699df-2hv25,1m,19Mi
18:10:07,88,productcatalogservice-65bbf699df-8ztwv,1m,19Mi
18:10:07,88,productcatalogservice-65bbf699df-d9cxl,1m,43Mi
18:10:07,88,frontend-7bd6f45654-xmsf8,1m,21Mi
18:10:07,88,frontend-7bd6f45654-jwp2b,1m,21Mi
18:10:07,88,frontend-7bd6f45654-dnhzb,1m,43Mi
18:10:07,88,checkoutservice-5b6d96c9b7-fwtng,1m,37Mi
18:10:07,88,shippingservice-f956b6d9f-g5j6b,1m,15Mi
18:10:07,88,shippingservice-f956b6d9f-m2h7g,1m,15Mi
18:10:07,88,shippingservice-f956b6d9f-ml5cg,1m,31Mi
18:10:17,89,currencyservice-7c8fc8fc9c-6tsnv,6m,99Mi
18:10:17,89,adservice-574bff445c-2zzqg,6m,150Mi
18:10:17,89,currencyservice-7c8fc8fc9c-s92sq,6m,74Mi
18:10:17,89,cartservice-db96d6fcc-6kndn,5m,128Mi
18:10:17,89,recommendationservice-7444754ff5-w69fs,4m,54Mi
18:10:17,89,recommendationservice-7444754ff5-kk4vc,4m,80Mi
18:10:17,89,emailservice-66944ff59-zvg4w,3m,56Mi
18:10:17,89,adservice-574bff445c-4w7zh,3m,194Mi
18:10:17,89,redis-cart-c8ff86559-gpcc7,3m,36Mi
18:10:17,89,recommendationservice-7444754ff5-w769g,3m,51Mi
18:10:17,89,checkoutservice-5b6d96c9b7-lwnbx,3m,16Mi
18:10:17,89,cartservice-db96d6fcc-x6v6f,3m,99Mi
18:10:17,89,emailservice-66944ff59-62x8j,3m,56Mi
18:10:17,89,emailservice-66944ff59-xh284,3m,56Mi
18:10:17,89,cartservice-db96d6fcc-tsdhc,3m,145Mi
18:10:17,89,paymentservice-9bfb7bf5-w2dt7,2m,68Mi
18:10:17,89,adservice-574bff445c-k5l76,2m,275Mi
18:10:17,89,productcatalogservice-65bbf699df-d9cxl,1m,43Mi
18:10:17,89,frontend-7bd6f45654-jwp2b,1m,21Mi
18:10:17,89,frontend-7bd6f45654-xmsf8,1m,21Mi
18:10:17,89,paymentservice-9bfb7bf5-x4kz9,1m,66Mi
18:10:17,89,productcatalogservice-65bbf699df-2hv25,1m,19Mi
18:10:17,89,productcatalogservice-65bbf699df-8ztwv,1m,19Mi
18:10:17,89,frontend-7bd6f45654-dnhzb,1m,43Mi
18:10:17,89,paymentservice-9bfb7bf5-9mdwz,1m,126Mi
18:10:17,89,currencyservice-7c8fc8fc9c-rtbz4,1m,124Mi
18:10:17,89,checkoutservice-5b6d96c9b7-fwtng,1m,37Mi
18:10:17,89,checkoutservice-5b6d96c9b7-tvvwl,1m,15Mi
18:10:17,89,shippingservice-f956b6d9f-g5j6b,1m,15Mi
18:10:17,89,shippingservice-f956b6d9f-m2h7g,1m,15Mi
18:10:17,89,shippingservice-f956b6d9f-ml5cg,1m,31Mi
18:10:27,90,currencyservice-7c8fc8fc9c-6tsnv,6m,99Mi
18:10:27,90,adservice-574bff445c-2zzqg,6m,150Mi
18:10:27,90,currencyservice-7c8fc8fc9c-s92sq,6m,74Mi
18:10:27,90,cartservice-db96d6fcc-6kndn,5m,128Mi
18:10:27,90,recommendationservice-7444754ff5-w69fs,4m,54Mi
18:10:27,90,recommendationservice-7444754ff5-kk4vc,4m,80Mi
18:10:27,90,emailservice-66944ff59-zvg4w,3m,56Mi
18:10:27,90,adservice-574bff445c-4w7zh,3m,194Mi
18:10:27,90,redis-cart-c8ff86559-gpcc7,3m,36Mi
18:10:27,90,recommendationservice-7444754ff5-w769g,3m,51Mi
18:10:27,90,checkoutservice-5b6d96c9b7-lwnbx,3m,16Mi
18:10:27,90,cartservice-db96d6fcc-x6v6f,3m,99Mi
18:10:27,90,emailservice-66944ff59-62x8j,3m,56Mi
18:10:27,90,emailservice-66944ff59-xh284,3m,56Mi
18:10:27,90,cartservice-db96d6fcc-tsdhc,3m,145Mi
18:10:27,90,paymentservice-9bfb7bf5-w2dt7,2m,68Mi
18:10:27,90,adservice-574bff445c-k5l76,2m,275Mi
18:10:27,90,productcatalogservice-65bbf699df-d9cxl,1m,43Mi
18:10:27,90,frontend-7bd6f45654-jwp2b,1m,21Mi
18:10:27,90,frontend-7bd6f45654-xmsf8,1m,21Mi
18:10:27,90,paymentservice-9bfb7bf5-x4kz9,1m,66Mi
18:10:27,90,productcatalogservice-65bbf699df-2hv25,1m,19Mi
18:10:27,90,productcatalogservice-65bbf699df-8ztwv,1m,19Mi
18:10:27,90,frontend-7bd6f45654-dnhzb,1m,43Mi
18:10:27,90,paymentservice-9bfb7bf5-9mdwz,1m,126Mi
18:10:27,90,currencyservice-7c8fc8fc9c-rtbz4,1m,124Mi
18:10:27,90,checkoutservice-5b6d96c9b7-fwtng,1m,37Mi
18:10:27,90,checkoutservice-5b6d96c9b7-tvvwl,1m,15Mi
18:10:27,90,shippingservice-f956b6d9f-g5j6b,1m,15Mi
18:10:27,90,shippingservice-f956b6d9f-m2h7g,1m,15Mi
18:10:27,90,shippingservice-f956b6d9f-ml5cg,1m,31Mi
18:10:37,91,adservice-574bff445c-2zzqg,9m,150Mi
18:10:37,91,adservice-574bff445c-4w7zh,7m,194Mi
18:10:37,91,emailservice-66944ff59-zvg4w,5m,56Mi
18:10:37,91,emailservice-66944ff59-62x8j,4m,56Mi
18:10:37,91,emailservice-66944ff59-xh284,4m,56Mi
18:10:37,91,cartservice-db96d6fcc-x6v6f,4m,99Mi
18:10:37,91,recommendationservice-7444754ff5-kk4vc,4m,80Mi
18:10:37,91,cartservice-db96d6fcc-6kndn,4m,128Mi
18:10:37,91,recommendationservice-7444754ff5-w769g,4m,51Mi
18:10:37,91,recommendationservice-7444754ff5-w69fs,4m,54Mi
18:10:37,91,currencyservice-7c8fc8fc9c-rtbz4,3m,124Mi
18:10:37,91,cartservice-db96d6fcc-tsdhc,3m,145Mi
18:10:37,91,adservice-574bff445c-k5l76,3m,275Mi
18:10:37,91,redis-cart-c8ff86559-gpcc7,3m,36Mi
18:10:37,91,paymentservice-9bfb7bf5-x4kz9,3m,66Mi
18:10:37,91,currencyservice-7c8fc8fc9c-s92sq,2m,74Mi
18:10:37,91,paymentservice-9bfb7bf5-w2dt7,2m,68Mi
18:10:37,91,currencyservice-7c8fc8fc9c-6tsnv,2m,99Mi
18:10:37,91,checkoutservice-5b6d96c9b7-lwnbx,1m,16Mi
18:10:37,91,paymentservice-9bfb7bf5-9mdwz,1m,126Mi
18:10:37,91,frontend-7bd6f45654-xmsf8,1m,21Mi
18:10:37,91,productcatalogservice-65bbf699df-2hv25,1m,19Mi
18:10:37,91,productcatalogservice-65bbf699df-8ztwv,1m,19Mi
18:10:37,91,productcatalogservice-65bbf699df-d9cxl,1m,43Mi
18:10:37,91,frontend-7bd6f45654-jwp2b,1m,21Mi
18:10:37,91,frontend-7bd6f45654-dnhzb,1m,43Mi
18:10:37,91,checkoutservice-5b6d96c9b7-tvvwl,1m,15Mi
18:10:37,91,checkoutservice-5b6d96c9b7-fwtng,1m,37Mi
18:10:37,91,shippingservice-f956b6d9f-g5j6b,1m,15Mi
18:10:37,91,shippingservice-f956b6d9f-m2h7g,1m,16Mi
18:10:37,91,shippingservice-f956b6d9f-ml5cg,1m,31Mi
18:10:47,92,currencyservice-7c8fc8fc9c-6tsnv,23m,102Mi
18:10:47,92,adservice-574bff445c-4w7zh,15m,197Mi
18:10:47,92,recommendationservice-7444754ff5-kk4vc,13m,80Mi
18:10:47,92,frontend-7bd6f45654-jwp2b,11m,21Mi
18:10:47,92,recommendationservice-7444754ff5-w69fs,10m,54Mi
18:10:47,92,cartservice-db96d6fcc-6kndn,9m,128Mi
18:10:47,92,cartservice-db96d6fcc-tsdhc,9m,145Mi
18:10:47,92,frontend-7bd6f45654-xmsf8,8m,21Mi
18:10:47,92,frontend-7bd6f45654-dnhzb,8m,43Mi
18:10:47,92,productcatalogservice-65bbf699df-d9cxl,7m,43Mi
18:10:47,92,adservice-574bff445c-2zzqg,6m,150Mi
18:10:47,92,currencyservice-7c8fc8fc9c-rtbz4,6m,124Mi
18:10:47,92,cartservice-db96d6fcc-x6v6f,5m,99Mi
18:10:47,92,adservice-574bff445c-k5l76,5m,275Mi
18:10:47,92,emailservice-66944ff59-62x8j,4m,56Mi
18:10:47,92,emailservice-66944ff59-zvg4w,4m,56Mi
18:10:47,92,emailservice-66944ff59-xh284,4m,56Mi
18:10:47,92,currencyservice-7c8fc8fc9c-s92sq,4m,74Mi
18:10:47,92,paymentservice-9bfb7bf5-w2dt7,4m,68Mi
18:10:47,92,recommendationservice-7444754ff5-w769g,4m,51Mi
18:10:47,92,productcatalogservice-65bbf699df-8ztwv,4m,19Mi
18:10:47,92,redis-cart-c8ff86559-gpcc7,4m,36Mi
18:10:47,92,paymentservice-9bfb7bf5-9mdwz,3m,126Mi
18:10:47,92,paymentservice-9bfb7bf5-x4kz9,3m,66Mi
18:10:47,92,productcatalogservice-65bbf699df-2hv25,2m,19Mi
18:10:47,92,checkoutservice-5b6d96c9b7-fwtng,2m,37Mi
18:10:47,92,shippingservice-f956b6d9f-m2h7g,2m,16Mi
18:10:47,92,checkoutservice-5b6d96c9b7-tvvwl,1m,15Mi
18:10:47,92,checkoutservice-5b6d96c9b7-lwnbx,1m,16Mi
18:10:47,92,shippingservice-f956b6d9f-g5j6b,1m,15Mi
18:10:47,92,shippingservice-f956b6d9f-ml5cg,1m,31Mi
18:10:57,93,currencyservice-7c8fc8fc9c-6tsnv,23m,102Mi
18:10:57,93,adservice-574bff445c-4w7zh,15m,197Mi
18:10:57,93,recommendationservice-7444754ff5-kk4vc,13m,80Mi
18:10:57,93,frontend-7bd6f45654-jwp2b,11m,21Mi
18:10:57,93,recommendationservice-7444754ff5-w69fs,10m,54Mi
18:10:57,93,cartservice-db96d6fcc-6kndn,9m,128Mi
18:10:57,93,cartservice-db96d6fcc-tsdhc,9m,145Mi
18:10:57,93,frontend-7bd6f45654-xmsf8,8m,21Mi
18:10:57,93,frontend-7bd6f45654-dnhzb,8m,43Mi
18:10:57,93,productcatalogservice-65bbf699df-d9cxl,7m,43Mi
18:10:57,93,adservice-574bff445c-2zzqg,6m,150Mi
18:10:57,93,currencyservice-7c8fc8fc9c-rtbz4,6m,124Mi
18:10:57,93,cartservice-db96d6fcc-x6v6f,5m,99Mi
18:10:57,93,adservice-574bff445c-k5l76,5m,275Mi
18:10:57,93,emailservice-66944ff59-62x8j,4m,56Mi
18:10:57,93,emailservice-66944ff59-zvg4w,4m,56Mi
18:10:57,93,emailservice-66944ff59-xh284,4m,56Mi
18:10:57,93,currencyservice-7c8fc8fc9c-s92sq,4m,74Mi
18:10:57,93,paymentservice-9bfb7bf5-w2dt7,4m,68Mi
18:10:57,93,recommendationservice-7444754ff5-w769g,4m,51Mi
18:10:57,93,productcatalogservice-65bbf699df-8ztwv,4m,19Mi
18:10:57,93,redis-cart-c8ff86559-gpcc7,4m,36Mi
18:10:57,93,paymentservice-9bfb7bf5-9mdwz,3m,126Mi
18:10:57,93,paymentservice-9bfb7bf5-x4kz9,3m,66Mi
18:10:57,93,productcatalogservice-65bbf699df-2hv25,2m,19Mi
18:10:57,93,checkoutservice-5b6d96c9b7-fwtng,2m,37Mi
18:10:57,93,shippingservice-f956b6d9f-m2h7g,2m,16Mi
18:10:57,93,checkoutservice-5b6d96c9b7-tvvwl,1m,15Mi
18:10:57,93,checkoutservice-5b6d96c9b7-lwnbx,1m,16Mi
18:10:57,93,shippingservice-f956b6d9f-g5j6b,1m,15Mi
18:10:57,93,shippingservice-f956b6d9f-ml5cg,1m,31Mi
18:11:07,94,currencyservice-7c8fc8fc9c-6tsnv,28m,102Mi
18:11:07,94,adservice-574bff445c-4w7zh,26m,199Mi
18:11:07,94,recommendationservice-7444754ff5-kk4vc,18m,80Mi
18:11:07,94,cartservice-db96d6fcc-tsdhc,16m,145Mi
18:11:07,94,frontend-7bd6f45654-jwp2b,16m,21Mi
18:11:07,94,frontend-7bd6f45654-xmsf8,13m,21Mi
18:11:07,94,cartservice-db96d6fcc-6kndn,12m,129Mi
18:11:07,94,currencyservice-7c8fc8fc9c-rtbz4,12m,124Mi
18:11:07,94,frontend-7bd6f45654-dnhzb,11m,43Mi
18:11:07,94,productcatalogservice-65bbf699df-d9cxl,11m,43Mi
18:11:07,94,recommendationservice-7444754ff5-w69fs,11m,54Mi
18:11:07,94,adservice-574bff445c-2zzqg,9m,150Mi
18:11:07,94,adservice-574bff445c-k5l76,6m,275Mi
18:11:07,94,emailservice-66944ff59-zvg4w,5m,56Mi
18:11:07,94,emailservice-66944ff59-62x8j,5m,56Mi
18:11:07,94,recommendationservice-7444754ff5-w769g,5m,51Mi
18:11:07,94,productcatalogservice-65bbf699df-8ztwv,5m,19Mi
18:11:07,94,emailservice-66944ff59-xh284,4m,56Mi
18:11:07,94,cartservice-db96d6fcc-x6v6f,4m,99Mi
18:11:07,94,paymentservice-9bfb7bf5-w2dt7,4m,68Mi
18:11:07,94,paymentservice-9bfb7bf5-x4kz9,4m,66Mi
18:11:07,94,redis-cart-c8ff86559-gpcc7,3m,36Mi
18:11:07,94,currencyservice-7c8fc8fc9c-s92sq,3m,74Mi
18:11:07,94,productcatalogservice-65bbf699df-2hv25,2m,19Mi
18:11:07,94,paymentservice-9bfb7bf5-9mdwz,2m,126Mi
18:11:07,94,shippingservice-f956b6d9f-m2h7g,2m,16Mi
18:11:07,94,checkoutservice-5b6d96c9b7-tvvwl,1m,15Mi
18:11:07,94,checkoutservice-5b6d96c9b7-lwnbx,1m,16Mi
18:11:07,94,checkoutservice-5b6d96c9b7-fwtng,1m,37Mi
18:11:07,94,shippingservice-f956b6d9f-g5j6b,1m,15Mi
18:11:07,94,shippingservice-f956b6d9f-ml5cg,1m,31Mi
18:11:18,95,currencyservice-7c8fc8fc9c-6tsnv,20m,102Mi
18:11:18,95,frontend-7bd6f45654-xmsf8,18m,21Mi
18:11:18,95,cartservice-db96d6fcc-6kndn,17m,129Mi
18:11:18,95,recommendationservice-7444754ff5-kk4vc,14m,80Mi
18:11:18,95,recommendationservice-7444754ff5-w69fs,13m,54Mi
18:11:18,95,cartservice-db96d6fcc-tsdhc,10m,145Mi
18:11:18,95,frontend-7bd6f45654-jwp2b,9m,21Mi
18:11:18,95,frontend-7bd6f45654-dnhzb,9m,43Mi
18:11:18,95,productcatalogservice-65bbf699df-d9cxl,8m,43Mi
18:11:18,95,adservice-574bff445c-4w7zh,8m,200Mi
18:11:18,95,currencyservice-7c8fc8fc9c-rtbz4,7m,124Mi
18:11:18,95,productcatalogservice-65bbf699df-8ztwv,7m,19Mi
18:11:18,95,adservice-574bff445c-2zzqg,6m,150Mi
18:11:18,95,adservice-574bff445c-k5l76,5m,275Mi
18:11:18,95,cartservice-db96d6fcc-x6v6f,4m,99Mi
18:11:18,95,emailservice-66944ff59-62x8j,4m,56Mi
18:11:18,95,emailservice-66944ff59-zvg4w,4m,56Mi
18:11:18,95,productcatalogservice-65bbf699df-2hv25,3m,19Mi
18:11:18,95,redis-cart-c8ff86559-gpcc7,3m,36Mi
18:11:18,95,paymentservice-9bfb7bf5-w2dt7,3m,69Mi
18:11:18,95,recommendationservice-7444754ff5-w769g,3m,51Mi
18:11:18,95,emailservice-66944ff59-xh284,3m,56Mi
18:11:18,95,checkoutservice-5b6d96c9b7-fwtng,3m,37Mi
18:11:18,95,currencyservice-7c8fc8fc9c-s92sq,2m,74Mi
18:11:18,95,paymentservice-9bfb7bf5-9mdwz,2m,126Mi
18:11:18,95,shippingservice-f956b6d9f-m2h7g,2m,16Mi
18:11:18,95,shippingservice-f956b6d9f-ml5cg,2m,31Mi
18:11:18,95,checkoutservice-5b6d96c9b7-tvvwl,1m,15Mi
18:11:18,95,checkoutservice-5b6d96c9b7-lwnbx,1m,16Mi
18:11:18,95,paymentservice-9bfb7bf5-x4kz9,1m,66Mi
18:11:18,95,shippingservice-f956b6d9f-g5j6b,1m,15Mi
18:11:28,96,currencyservice-7c8fc8fc9c-6tsnv,20m,102Mi
18:11:28,96,frontend-7bd6f45654-xmsf8,18m,21Mi
18:11:28,96,cartservice-db96d6fcc-6kndn,17m,129Mi
18:11:28,96,recommendationservice-7444754ff5-kk4vc,14m,80Mi
18:11:28,96,recommendationservice-7444754ff5-w69fs,13m,54Mi
18:11:28,96,cartservice-db96d6fcc-tsdhc,10m,145Mi
18:11:28,96,frontend-7bd6f45654-jwp2b,9m,21Mi
18:11:28,96,frontend-7bd6f45654-dnhzb,9m,43Mi
18:11:28,96,productcatalogservice-65bbf699df-d9cxl,8m,43Mi
18:11:28,96,adservice-574bff445c-4w7zh,8m,200Mi
18:11:28,96,currencyservice-7c8fc8fc9c-rtbz4,7m,124Mi
18:11:28,96,productcatalogservice-65bbf699df-8ztwv,7m,19Mi
18:11:28,96,adservice-574bff445c-2zzqg,6m,150Mi
18:11:28,96,adservice-574bff445c-k5l76,5m,275Mi
18:11:28,96,cartservice-db96d6fcc-x6v6f,4m,99Mi
18:11:28,96,emailservice-66944ff59-62x8j,4m,56Mi
18:11:28,96,emailservice-66944ff59-zvg4w,4m,56Mi
18:11:28,96,productcatalogservice-65bbf699df-2hv25,3m,19Mi
18:11:28,96,redis-cart-c8ff86559-gpcc7,3m,36Mi
18:11:28,96,paymentservice-9bfb7bf5-w2dt7,3m,69Mi
18:11:28,96,recommendationservice-7444754ff5-w769g,3m,51Mi
18:11:28,96,emailservice-66944ff59-xh284,3m,56Mi
18:11:28,96,checkoutservice-5b6d96c9b7-fwtng,3m,37Mi
18:11:28,96,currencyservice-7c8fc8fc9c-s92sq,2m,74Mi
18:11:28,96,paymentservice-9bfb7bf5-9mdwz,2m,126Mi
18:11:28,96,shippingservice-f956b6d9f-m2h7g,2m,16Mi
18:11:28,96,shippingservice-f956b6d9f-ml5cg,2m,31Mi
18:11:28,96,checkoutservice-5b6d96c9b7-tvvwl,1m,15Mi
18:11:28,96,checkoutservice-5b6d96c9b7-lwnbx,1m,16Mi
18:11:28,96,paymentservice-9bfb7bf5-x4kz9,1m,66Mi
18:11:28,96,shippingservice-f956b6d9f-g5j6b,1m,15Mi
18:11:38,97,currencyservice-7c8fc8fc9c-6tsnv,24m,103Mi
18:11:38,97,adservice-574bff445c-4w7zh,22m,203Mi
18:11:38,97,frontend-7bd6f45654-xmsf8,17m,21Mi
18:11:38,97,cartservice-db96d6fcc-6kndn,16m,131Mi
18:11:38,97,recommendationservice-7444754ff5-kk4vc,14m,80Mi
18:11:38,97,cartservice-db96d6fcc-x6v6f,12m,100Mi
18:11:38,97,recommendationservice-7444754ff5-w69fs,12m,54Mi
18:11:38,97,cartservice-db96d6fcc-tsdhc,10m,145Mi
18:11:38,97,frontend-7bd6f45654-jwp2b,10m,21Mi
18:11:38,97,currencyservice-7c8fc8fc9c-rtbz4,8m,124Mi
18:11:38,97,frontend-7bd6f45654-dnhzb,8m,43Mi
18:11:38,97,productcatalogservice-65bbf699df-d9cxl,8m,43Mi
18:11:38,97,productcatalogservice-65bbf699df-8ztwv,6m,19Mi
18:11:38,97,adservice-574bff445c-k5l76,6m,275Mi
18:11:38,97,emailservice-66944ff59-zvg4w,4m,56Mi
18:11:38,97,recommendationservice-7444754ff5-w769g,3m,51Mi
18:11:38,97,emailservice-66944ff59-xh284,3m,56Mi
18:11:38,97,redis-cart-c8ff86559-gpcc7,3m,36Mi
18:11:38,97,emailservice-66944ff59-62x8j,3m,56Mi
18:11:38,97,paymentservice-9bfb7bf5-w2dt7,3m,68Mi
18:11:38,97,paymentservice-9bfb7bf5-x4kz9,3m,66Mi
18:11:38,97,adservice-574bff445c-2zzqg,3m,152Mi
18:11:38,97,currencyservice-7c8fc8fc9c-s92sq,3m,74Mi
18:11:38,97,productcatalogservice-65bbf699df-2hv25,2m,19Mi
18:11:38,97,paymentservice-9bfb7bf5-9mdwz,2m,126Mi
18:11:38,97,checkoutservice-5b6d96c9b7-fwtng,2m,37Mi
18:11:38,97,shippingservice-f956b6d9f-m2h7g,2m,16Mi
18:11:38,97,shippingservice-f956b6d9f-ml5cg,2m,31Mi
18:11:38,97,checkoutservice-5b6d96c9b7-tvvwl,1m,15Mi
18:11:38,97,checkoutservice-5b6d96c9b7-lwnbx,1m,16Mi
18:11:38,97,shippingservice-f956b6d9f-g5j6b,1m,15Mi
18:11:48,98,cartservice-db96d6fcc-x6v6f,59m,104Mi
18:11:48,98,currencyservice-7c8fc8fc9c-6tsnv,26m,103Mi
18:11:48,98,cartservice-db96d6fcc-6kndn,24m,131Mi
18:11:48,98,adservice-574bff445c-4w7zh,20m,207Mi
18:11:48,98,frontend-7bd6f45654-xmsf8,19m,21Mi
18:11:48,98,recommendationservice-7444754ff5-w69fs,13m,54Mi
18:11:48,98,recommendationservice-7444754ff5-kk4vc,13m,80Mi
18:11:48,98,frontend-7bd6f45654-jwp2b,10m,21Mi
18:11:48,98,productcatalogservice-65bbf699df-8ztwv,9m,19Mi
18:11:48,98,cartservice-db96d6fcc-tsdhc,9m,145Mi
18:11:48,98,productcatalogservice-65bbf699df-d9cxl,8m,43Mi
18:11:48,98,currencyservice-7c8fc8fc9c-rtbz4,7m,124Mi
18:11:48,98,frontend-7bd6f45654-dnhzb,7m,43Mi
18:11:48,98,adservice-574bff445c-k5l76,6m,275Mi
18:11:48,98,adservice-574bff445c-2zzqg,4m,153Mi
18:11:48,98,emailservice-66944ff59-zvg4w,4m,56Mi
18:11:48,98,productcatalogservice-65bbf699df-2hv25,3m,19Mi
18:11:48,98,recommendationservice-7444754ff5-w769g,3m,51Mi
18:11:48,98,emailservice-66944ff59-xh284,3m,56Mi
18:11:48,98,emailservice-66944ff59-62x8j,3m,56Mi
18:11:48,98,redis-cart-c8ff86559-gpcc7,3m,36Mi
18:11:48,98,paymentservice-9bfb7bf5-9mdwz,2m,126Mi
18:11:48,98,paymentservice-9bfb7bf5-w2dt7,2m,68Mi
18:11:48,98,shippingservice-f956b6d9f-ml5cg,2m,31Mi
18:11:48,98,shippingservice-f956b6d9f-m2h7g,2m,16Mi
18:11:48,98,checkoutservice-5b6d96c9b7-fwtng,2m,37Mi
18:11:48,98,paymentservice-9bfb7bf5-x4kz9,1m,66Mi
18:11:48,98,checkoutservice-5b6d96c9b7-lwnbx,1m,16Mi
18:11:48,98,shippingservice-f956b6d9f-g5j6b,1m,15Mi
18:11:48,98,checkoutservice-5b6d96c9b7-tvvwl,1m,15Mi
18:11:48,98,currencyservice-7c8fc8fc9c-s92sq,1m,74Mi
18:11:58,99,cartservice-db96d6fcc-x6v6f,59m,104Mi
18:11:58,99,currencyservice-7c8fc8fc9c-6tsnv,26m,103Mi
18:11:58,99,cartservice-db96d6fcc-6kndn,24m,131Mi
18:11:58,99,adservice-574bff445c-4w7zh,20m,207Mi
18:11:58,99,frontend-7bd6f45654-xmsf8,19m,21Mi
18:11:58,99,recommendationservice-7444754ff5-w69fs,13m,54Mi
18:11:58,99,recommendationservice-7444754ff5-kk4vc,13m,80Mi
18:11:58,99,frontend-7bd6f45654-jwp2b,10m,21Mi
18:11:58,99,productcatalogservice-65bbf699df-8ztwv,9m,19Mi
18:11:58,99,cartservice-db96d6fcc-tsdhc,9m,145Mi
18:11:58,99,productcatalogservice-65bbf699df-d9cxl,8m,43Mi
18:11:58,99,currencyservice-7c8fc8fc9c-rtbz4,7m,124Mi
18:11:58,99,frontend-7bd6f45654-dnhzb,7m,43Mi
18:11:58,99,adservice-574bff445c-k5l76,6m,275Mi
18:11:58,99,adservice-574bff445c-2zzqg,4m,153Mi
18:11:58,99,emailservice-66944ff59-zvg4w,4m,56Mi
18:11:58,99,productcatalogservice-65bbf699df-2hv25,3m,19Mi
18:11:58,99,recommendationservice-7444754ff5-w769g,3m,51Mi
18:11:58,99,emailservice-66944ff59-xh284,3m,56Mi
18:11:58,99,emailservice-66944ff59-62x8j,3m,56Mi
18:11:58,99,redis-cart-c8ff86559-gpcc7,3m,36Mi
18:11:58,99,paymentservice-9bfb7bf5-9mdwz,2m,126Mi
18:11:58,99,paymentservice-9bfb7bf5-w2dt7,2m,68Mi
18:11:58,99,shippingservice-f956b6d9f-ml5cg,2m,31Mi
18:11:58,99,shippingservice-f956b6d9f-m2h7g,2m,16Mi
18:11:58,99,checkoutservice-5b6d96c9b7-fwtng,2m,37Mi
18:11:58,99,paymentservice-9bfb7bf5-x4kz9,1m,66Mi
18:11:58,99,checkoutservice-5b6d96c9b7-lwnbx,1m,16Mi
18:11:58,99,shippingservice-f956b6d9f-g5j6b,1m,15Mi
18:11:58,99,checkoutservice-5b6d96c9b7-tvvwl,1m,15Mi
18:11:58,99,currencyservice-7c8fc8fc9c-s92sq,1m,74Mi
18:12:08,100,currencyservice-7c8fc8fc9c-6tsnv,24m,103Mi
18:12:08,100,adservice-574bff445c-4w7zh,22m,210Mi
18:12:08,100,frontend-7bd6f45654-xmsf8,18m,21Mi
18:12:08,100,cartservice-db96d6fcc-6kndn,17m,131Mi
18:12:08,100,recommendationservice-7444754ff5-kk4vc,14m,80Mi
18:12:08,100,recommendationservice-7444754ff5-w69fs,13m,54Mi
18:12:08,100,cartservice-db96d6fcc-tsdhc,10m,145Mi
18:12:08,100,frontend-7bd6f45654-jwp2b,10m,21Mi
18:12:08,100,frontend-7bd6f45654-dnhzb,9m,43Mi
18:12:08,100,productcatalogservice-65bbf699df-d9cxl,9m,43Mi
18:12:08,100,currencyservice-7c8fc8fc9c-rtbz4,9m,124Mi
18:12:08,100,adservice-574bff445c-2zzqg,8m,153Mi
18:12:08,100,productcatalogservice-65bbf699df-8ztwv,7m,19Mi
18:12:08,100,adservice-574bff445c-k5l76,7m,275Mi
18:12:08,100,emailservice-66944ff59-zvg4w,4m,56Mi
18:12:08,100,emailservice-66944ff59-62x8j,4m,56Mi
18:12:08,100,emailservice-66944ff59-xh284,3m,56Mi
18:12:08,100,recommendationservice-7444754ff5-w769g,3m,51Mi
18:12:08,100,redis-cart-c8ff86559-gpcc7,3m,36Mi
18:12:08,100,paymentservice-9bfb7bf5-w2dt7,3m,69Mi
18:12:08,100,paymentservice-9bfb7bf5-x4kz9,3m,66Mi
18:12:08,100,currencyservice-7c8fc8fc9c-s92sq,3m,74Mi
18:12:08,100,productcatalogservice-65bbf699df-2hv25,2m,19Mi
18:12:08,100,paymentservice-9bfb7bf5-9mdwz,2m,126Mi
18:12:08,100,checkoutservice-5b6d96c9b7-fwtng,2m,37Mi
18:12:08,100,cartservice-db96d6fcc-x6v6f,2m,104Mi
18:12:08,100,shippingservice-f956b6d9f-m2h7g,2m,16Mi
18:12:08,100,shippingservice-f956b6d9f-ml5cg,2m,31Mi
18:12:08,100,checkoutservice-5b6d96c9b7-tvvwl,1m,15Mi
18:12:08,100,checkoutservice-5b6d96c9b7-lwnbx,1m,16Mi
18:12:08,100,shippingservice-f956b6d9f-g5j6b,1m,15Mi
18:12:18,101,currencyservice-7c8fc8fc9c-6tsnv,23m,104Mi
18:12:18,101,frontend-7bd6f45654-xmsf8,16m,21Mi
18:12:18,101,recommendationservice-7444754ff5-kk4vc,15m,80Mi
18:12:18,101,recommendationservice-7444754ff5-w69fs,14m,54Mi
18:12:18,101,cartservice-db96d6fcc-6kndn,10m,131Mi
18:12:18,101,cartservice-db96d6fcc-tsdhc,10m,145Mi
18:12:18,101,frontend-7bd6f45654-jwp2b,10m,21Mi
18:12:18,101,frontend-7bd6f45654-dnhzb,10m,43Mi
18:12:18,101,productcatalogservice-65bbf699df-d9cxl,9m,43Mi
18:12:18,101,adservice-574bff445c-4w7zh,9m,211Mi
18:12:18,101,currencyservice-7c8fc8fc9c-rtbz4,8m,124Mi
18:12:18,101,productcatalogservice-65bbf699df-8ztwv,7m,19Mi
18:12:18,101,adservice-574bff445c-k5l76,5m,275Mi
18:12:18,101,emailservice-66944ff59-zvg4w,4m,56Mi
18:12:18,101,productcatalogservice-65bbf699df-2hv25,3m,19Mi
18:12:18,101,emailservice-66944ff59-xh284,3m,56Mi
18:12:18,101,emailservice-66944ff59-62x8j,3m,56Mi
18:12:18,101,redis-cart-c8ff86559-gpcc7,3m,36Mi
18:12:18,101,recommendationservice-7444754ff5-w769g,3m,51Mi
18:12:18,101,paymentservice-9bfb7bf5-w2dt7,2m,69Mi
18:12:18,101,adservice-574bff445c-2zzqg,2m,153Mi
18:12:18,101,checkoutservice-5b6d96c9b7-fwtng,2m,37Mi
18:12:18,101,cartservice-db96d6fcc-x6v6f,2m,104Mi
18:12:18,101,paymentservice-9bfb7bf5-9mdwz,2m,126Mi
18:12:18,101,currencyservice-7c8fc8fc9c-s92sq,2m,75Mi
18:12:18,101,shippingservice-f956b6d9f-m2h7g,2m,16Mi
18:12:18,101,shippingservice-f956b6d9f-ml5cg,2m,31Mi
18:12:18,101,paymentservice-9bfb7bf5-x4kz9,1m,66Mi
18:12:18,101,checkoutservice-5b6d96c9b7-tvvwl,1m,15Mi
18:12:18,101,checkoutservice-5b6d96c9b7-lwnbx,1m,16Mi
18:12:18,101,shippingservice-f956b6d9f-g5j6b,1m,15Mi
18:12:29,102,currencyservice-7c8fc8fc9c-6tsnv,23m,104Mi
18:12:29,102,frontend-7bd6f45654-xmsf8,16m,21Mi
18:12:29,102,recommendationservice-7444754ff5-kk4vc,15m,80Mi
18:12:29,102,recommendationservice-7444754ff5-w69fs,14m,54Mi
18:12:29,102,cartservice-db96d6fcc-6kndn,10m,131Mi
18:12:29,102,cartservice-db96d6fcc-tsdhc,10m,145Mi
18:12:29,102,frontend-7bd6f45654-jwp2b,10m,21Mi
18:12:29,102,frontend-7bd6f45654-dnhzb,10m,43Mi
18:12:29,102,productcatalogservice-65bbf699df-d9cxl,9m,43Mi
18:12:29,102,adservice-574bff445c-4w7zh,9m,211Mi
18:12:29,102,currencyservice-7c8fc8fc9c-rtbz4,8m,124Mi
18:12:29,102,productcatalogservice-65bbf699df-8ztwv,7m,19Mi
18:12:29,102,adservice-574bff445c-k5l76,5m,275Mi
18:12:29,102,emailservice-66944ff59-zvg4w,4m,56Mi
18:12:29,102,productcatalogservice-65bbf699df-2hv25,3m,19Mi
18:12:29,102,emailservice-66944ff59-xh284,3m,56Mi
18:12:29,102,emailservice-66944ff59-62x8j,3m,56Mi
18:12:29,102,redis-cart-c8ff86559-gpcc7,3m,36Mi
18:12:29,102,recommendationservice-7444754ff5-w769g,3m,51Mi
18:12:29,102,paymentservice-9bfb7bf5-w2dt7,2m,69Mi
18:12:29,102,adservice-574bff445c-2zzqg,2m,153Mi
18:12:29,102,checkoutservice-5b6d96c9b7-fwtng,2m,37Mi
18:12:29,102,cartservice-db96d6fcc-x6v6f,2m,104Mi
18:12:29,102,paymentservice-9bfb7bf5-9mdwz,2m,126Mi
18:12:29,102,currencyservice-7c8fc8fc9c-s92sq,2m,75Mi
18:12:29,102,shippingservice-f956b6d9f-m2h7g,2m,16Mi
18:12:29,102,shippingservice-f956b6d9f-ml5cg,2m,31Mi
18:12:29,102,paymentservice-9bfb7bf5-x4kz9,1m,66Mi
18:12:29,102,checkoutservice-5b6d96c9b7-tvvwl,1m,15Mi
18:12:29,102,checkoutservice-5b6d96c9b7-lwnbx,1m,16Mi
18:12:29,102,shippingservice-f956b6d9f-g5j6b,1m,15Mi
18:12:39,103,currencyservice-7c8fc8fc9c-6tsnv,34m,104Mi
18:12:39,103,frontend-7bd6f45654-xmsf8,26m,21Mi
18:12:39,103,cartservice-db96d6fcc-6kndn,20m,131Mi
18:12:39,103,recommendationservice-7444754ff5-w69fs,16m,54Mi
18:12:39,103,recommendationservice-7444754ff5-kk4vc,16m,80Mi
18:12:39,103,currencyservice-7c8fc8fc9c-rtbz4,14m,124Mi
18:12:39,103,frontend-7bd6f45654-dnhzb,13m,43Mi
18:12:39,103,adservice-574bff445c-4w7zh,13m,213Mi
18:12:39,103,cartservice-db96d6fcc-tsdhc,12m,145Mi
18:12:39,103,frontend-7bd6f45654-jwp2b,12m,21Mi
18:12:39,103,productcatalogservice-65bbf699df-d9cxl,10m,43Mi
18:12:39,103,productcatalogservice-65bbf699df-8ztwv,8m,19Mi
18:12:39,103,cartservice-db96d6fcc-x6v6f,8m,105Mi
18:12:39,103,adservice-574bff445c-k5l76,8m,275Mi
18:12:39,103,currencyservice-7c8fc8fc9c-s92sq,7m,75Mi
18:12:39,103,emailservice-66944ff59-62x8j,7m,56Mi
18:12:39,103,emailservice-66944ff59-zvg4w,6m,56Mi
18:12:39,103,emailservice-66944ff59-xh284,6m,56Mi
18:12:39,103,paymentservice-9bfb7bf5-w2dt7,6m,69Mi
18:12:39,103,paymentservice-9bfb7bf5-x4kz9,6m,66Mi
18:12:39,103,adservice-574bff445c-2zzqg,6m,153Mi
18:12:39,103,redis-cart-c8ff86559-gpcc7,5m,36Mi
18:12:39,103,recommendationservice-7444754ff5-w769g,4m,51Mi
18:12:39,103,productcatalogservice-65bbf699df-2hv25,3m,19Mi
18:12:39,103,paymentservice-9bfb7bf5-9mdwz,3m,126Mi
18:12:39,103,checkoutservice-5b6d96c9b7-fwtng,3m,37Mi
18:12:39,103,shippingservice-f956b6d9f-ml5cg,3m,31Mi
18:12:39,103,shippingservice-f956b6d9f-m2h7g,2m,16Mi
18:12:39,103,checkoutservice-5b6d96c9b7-tvvwl,1m,15Mi
18:12:39,103,checkoutservice-5b6d96c9b7-lwnbx,1m,16Mi
18:12:39,103,shippingservice-f956b6d9f-g5j6b,1m,15Mi
18:12:49,104,currencyservice-7c8fc8fc9c-6tsnv,28m,105Mi
18:12:49,104,recommendationservice-7444754ff5-kk4vc,17m,80Mi
18:12:49,104,frontend-7bd6f45654-xmsf8,17m,21Mi
18:12:49,104,adservice-574bff445c-4w7zh,14m,213Mi
18:12:49,104,recommendationservice-7444754ff5-w69fs,13m,54Mi
18:12:49,104,frontend-7bd6f45654-jwp2b,13m,21Mi
18:12:49,104,productcatalogservice-65bbf699df-d9cxl,12m,43Mi
18:12:49,104,currencyservice-7c8fc8fc9c-rtbz4,12m,124Mi
18:12:49,104,frontend-7bd6f45654-dnhzb,11m,43Mi
18:12:49,104,cartservice-db96d6fcc-tsdhc,11m,145Mi
18:12:49,104,cartservice-db96d6fcc-6kndn,10m,131Mi
18:12:49,104,cartservice-db96d6fcc-x6v6f,8m,108Mi
18:12:49,104,adservice-574bff445c-k5l76,8m,275Mi
18:12:49,104,productcatalogservice-65bbf699df-8ztwv,7m,19Mi
18:12:49,104,emailservice-66944ff59-zvg4w,5m,56Mi
18:12:49,104,recommendationservice-7444754ff5-w769g,4m,51Mi
18:12:49,104,emailservice-66944ff59-xh284,4m,56Mi
18:12:49,104,emailservice-66944ff59-62x8j,4m,56Mi
18:12:49,104,currencyservice-7c8fc8fc9c-s92sq,4m,75Mi
18:12:49,104,paymentservice-9bfb7bf5-w2dt7,4m,69Mi
18:12:49,104,checkoutservice-5b6d96c9b7-fwtng,4m,37Mi
18:12:49,104,adservice-574bff445c-2zzqg,4m,153Mi
18:12:49,104,productcatalogservice-65bbf699df-2hv25,3m,21Mi
18:12:49,104,paymentservice-9bfb7bf5-x4kz9,3m,66Mi
18:12:49,104,paymentservice-9bfb7bf5-9mdwz,3m,126Mi
18:12:49,104,redis-cart-c8ff86559-gpcc7,3m,36Mi
18:12:49,104,shippingservice-f956b6d9f-m2h7g,2m,16Mi
18:12:49,104,shippingservice-f956b6d9f-ml5cg,2m,31Mi
18:12:49,104,checkoutservice-5b6d96c9b7-tvvwl,1m,15Mi
18:12:49,104,checkoutservice-5b6d96c9b7-lwnbx,1m,16Mi
18:12:49,104,shippingservice-f956b6d9f-g5j6b,1m,15Mi
18:12:59,105,currencyservice-7c8fc8fc9c-6tsnv,28m,105Mi
18:12:59,105,recommendationservice-7444754ff5-kk4vc,17m,80Mi
18:12:59,105,frontend-7bd6f45654-xmsf8,17m,21Mi
18:12:59,105,adservice-574bff445c-4w7zh,14m,213Mi
18:12:59,105,recommendationservice-7444754ff5-w69fs,13m,54Mi
18:12:59,105,frontend-7bd6f45654-jwp2b,13m,21Mi
18:12:59,105,productcatalogservice-65bbf699df-d9cxl,12m,43Mi
18:12:59,105,currencyservice-7c8fc8fc9c-rtbz4,12m,124Mi
18:12:59,105,frontend-7bd6f45654-dnhzb,11m,43Mi
18:12:59,105,cartservice-db96d6fcc-tsdhc,11m,145Mi
18:12:59,105,cartservice-db96d6fcc-6kndn,10m,131Mi
18:12:59,105,cartservice-db96d6fcc-x6v6f,8m,108Mi
18:12:59,105,adservice-574bff445c-k5l76,8m,275Mi
18:12:59,105,productcatalogservice-65bbf699df-8ztwv,7m,19Mi
18:12:59,105,emailservice-66944ff59-zvg4w,5m,56Mi
18:12:59,105,recommendationservice-7444754ff5-w769g,4m,51Mi
18:12:59,105,emailservice-66944ff59-xh284,4m,56Mi
18:12:59,105,emailservice-66944ff59-62x8j,4m,56Mi
18:12:59,105,currencyservice-7c8fc8fc9c-s92sq,4m,75Mi
18:12:59,105,paymentservice-9bfb7bf5-w2dt7,4m,69Mi
18:12:59,105,checkoutservice-5b6d96c9b7-fwtng,4m,37Mi
18:12:59,105,adservice-574bff445c-2zzqg,4m,153Mi
18:12:59,105,productcatalogservice-65bbf699df-2hv25,3m,21Mi
18:12:59,105,paymentservice-9bfb7bf5-x4kz9,3m,66Mi
18:12:59,105,paymentservice-9bfb7bf5-9mdwz,3m,126Mi
18:12:59,105,redis-cart-c8ff86559-gpcc7,3m,36Mi
18:12:59,105,shippingservice-f956b6d9f-m2h7g,2m,16Mi
18:12:59,105,shippingservice-f956b6d9f-ml5cg,2m,31Mi
18:12:59,105,checkoutservice-5b6d96c9b7-tvvwl,1m,15Mi
18:12:59,105,checkoutservice-5b6d96c9b7-lwnbx,1m,16Mi
18:12:59,105,shippingservice-f956b6d9f-g5j6b,1m,15Mi
18:13:09,106,currencyservice-7c8fc8fc9c-6tsnv,27m,105Mi
18:13:09,106,adservice-574bff445c-4w7zh,22m,216Mi
18:13:09,106,frontend-7bd6f45654-xmsf8,19m,21Mi
18:13:09,106,recommendationservice-7444754ff5-w69fs,16m,54Mi
18:13:09,106,recommendationservice-7444754ff5-kk4vc,15m,80Mi
18:13:09,106,frontend-7bd6f45654-jwp2b,13m,21Mi
18:13:09,106,currencyservice-7c8fc8fc9c-rtbz4,12m,124Mi
18:13:09,106,cartservice-db96d6fcc-6kndn,11m,131Mi
18:13:09,106,productcatalogservice-65bbf699df-d9cxl,10m,43Mi
18:13:09,106,cartservice-db96d6fcc-tsdhc,10m,145Mi
18:13:09,106,frontend-7bd6f45654-dnhzb,9m,43Mi
18:13:09,106,adservice-574bff445c-k5l76,9m,275Mi
18:13:09,106,productcatalogservice-65bbf699df-8ztwv,8m,19Mi
18:13:09,106,adservice-574bff445c-2zzqg,6m,153Mi
18:13:09,106,emailservice-66944ff59-zvg4w,5m,56Mi
18:13:09,106,currencyservice-7c8fc8fc9c-s92sq,4m,75Mi
18:13:09,106,emailservice-66944ff59-62x8j,4m,56Mi
18:13:09,106,emailservice-66944ff59-xh284,4m,56Mi
18:13:09,106,checkoutservice-5b6d96c9b7-fwtng,4m,37Mi
18:13:09,106,recommendationservice-7444754ff5-w769g,4m,51Mi
18:13:09,106,productcatalogservice-65bbf699df-2hv25,3m,21Mi
18:13:09,106,paymentservice-9bfb7bf5-x4kz9,3m,66Mi
18:13:09,106,paymentservice-9bfb7bf5-w2dt7,3m,69Mi
18:13:09,106,paymentservice-9bfb7bf5-9mdwz,3m,126Mi
18:13:09,106,cartservice-db96d6fcc-x6v6f,3m,108Mi
18:13:09,106,redis-cart-c8ff86559-gpcc7,3m,36Mi
18:13:09,106,shippingservice-f956b6d9f-m2h7g,2m,16Mi
18:13:09,106,shippingservice-f956b6d9f-ml5cg,2m,31Mi
18:13:09,106,checkoutservice-5b6d96c9b7-tvvwl,1m,15Mi
18:13:09,106,checkoutservice-5b6d96c9b7-lwnbx,1m,16Mi
18:13:09,106,shippingservice-f956b6d9f-g5j6b,1m,15Mi
18:13:19,107,recommendationservice-7444754ff5-kk4vc,7m,80Mi
18:13:19,107,recommendationservice-7444754ff5-w69fs,5m,54Mi
18:13:19,107,adservice-574bff445c-2zzqg,5m,153Mi
18:13:19,107,redis-cart-c8ff86559-gpcc7,4m,36Mi
18:13:19,107,emailservice-66944ff59-xh284,4m,56Mi
18:13:19,107,cartservice-db96d6fcc-6kndn,4m,131Mi
18:13:19,107,emailservice-66944ff59-zvg4w,4m,56Mi
18:13:19,107,adservice-574bff445c-4w7zh,4m,216Mi
18:13:19,107,cartservice-db96d6fcc-tsdhc,4m,145Mi
18:13:19,107,currencyservice-7c8fc8fc9c-6tsnv,4m,105Mi
18:13:19,107,emailservice-66944ff59-62x8j,4m,56Mi
18:13:19,107,recommendationservice-7444754ff5-w769g,3m,51Mi
18:13:19,107,currencyservice-7c8fc8fc9c-rtbz4,3m,124Mi
18:13:19,107,frontend-7bd6f45654-xmsf8,3m,21Mi
18:13:19,107,productcatalogservice-65bbf699df-d9cxl,3m,43Mi
18:13:19,107,frontend-7bd6f45654-dnhzb,3m,43Mi
18:13:19,107,frontend-7bd6f45654-jwp2b,3m,21Mi
18:13:19,107,shippingservice-f956b6d9f-ml5cg,2m,31Mi
18:13:19,107,paymentservice-9bfb7bf5-9mdwz,2m,126Mi
18:13:19,107,paymentservice-9bfb7bf5-w2dt7,2m,69Mi
18:13:19,107,currencyservice-7c8fc8fc9c-s92sq,2m,75Mi
18:13:19,107,cartservice-db96d6fcc-x6v6f,2m,108Mi
18:13:19,107,productcatalogservice-65bbf699df-8ztwv,2m,19Mi
18:13:19,107,adservice-574bff445c-k5l76,2m,275Mi
18:13:19,107,checkoutservice-5b6d96c9b7-lwnbx,1m,16Mi
18:13:19,107,productcatalogservice-65bbf699df-2hv25,1m,21Mi
18:13:19,107,paymentservice-9bfb7bf5-x4kz9,1m,66Mi
18:13:19,107,checkoutservice-5b6d96c9b7-tvvwl,1m,15Mi
18:13:19,107,shippingservice-f956b6d9f-g5j6b,1m,15Mi
18:13:19,107,shippingservice-f956b6d9f-m2h7g,1m,16Mi
18:13:19,107,checkoutservice-5b6d96c9b7-fwtng,1m,37Mi
18:13:29,108,recommendationservice-7444754ff5-kk4vc,7m,80Mi
18:13:29,108,recommendationservice-7444754ff5-w69fs,5m,54Mi
18:13:29,108,adservice-574bff445c-2zzqg,5m,153Mi
18:13:29,108,redis-cart-c8ff86559-gpcc7,4m,36Mi
18:13:29,108,emailservice-66944ff59-xh284,4m,56Mi
18:13:29,108,cartservice-db96d6fcc-6kndn,4m,131Mi
18:13:29,108,emailservice-66944ff59-zvg4w,4m,56Mi
18:13:29,108,adservice-574bff445c-4w7zh,4m,216Mi
18:13:29,108,cartservice-db96d6fcc-tsdhc,4m,145Mi
18:13:29,108,currencyservice-7c8fc8fc9c-6tsnv,4m,105Mi
18:13:29,108,emailservice-66944ff59-62x8j,4m,56Mi
18:13:29,108,recommendationservice-7444754ff5-w769g,3m,51Mi
18:13:29,108,currencyservice-7c8fc8fc9c-rtbz4,3m,124Mi
18:13:29,108,frontend-7bd6f45654-xmsf8,3m,21Mi
18:13:29,108,productcatalogservice-65bbf699df-d9cxl,3m,43Mi
18:13:29,108,frontend-7bd6f45654-dnhzb,3m,43Mi
18:13:29,108,frontend-7bd6f45654-jwp2b,3m,21Mi
18:13:29,108,shippingservice-f956b6d9f-ml5cg,2m,31Mi
18:13:29,108,paymentservice-9bfb7bf5-9mdwz,2m,126Mi
18:13:29,108,paymentservice-9bfb7bf5-w2dt7,2m,69Mi
18:13:29,108,currencyservice-7c8fc8fc9c-s92sq,2m,75Mi
18:13:29,108,cartservice-db96d6fcc-x6v6f,2m,108Mi
18:13:29,108,productcatalogservice-65bbf699df-8ztwv,2m,19Mi
18:13:29,108,adservice-574bff445c-k5l76,2m,275Mi
18:13:29,108,checkoutservice-5b6d96c9b7-lwnbx,1m,16Mi
18:13:29,108,productcatalogservice-65bbf699df-2hv25,1m,21Mi
18:13:29,108,paymentservice-9bfb7bf5-x4kz9,1m,66Mi
18:13:29,108,checkoutservice-5b6d96c9b7-tvvwl,1m,15Mi
18:13:29,108,shippingservice-f956b6d9f-g5j6b,1m,15Mi
18:13:29,108,shippingservice-f956b6d9f-m2h7g,1m,16Mi
18:13:29,108,checkoutservice-5b6d96c9b7-fwtng,1m,37Mi
18:13:40,109,emailservice-66944ff59-62x8j,4m,56Mi
18:13:40,109,recommendationservice-7444754ff5-kk4vc,4m,80Mi
18:13:40,109,recommendationservice-7444754ff5-w69fs,4m,54Mi
18:13:40,109,recommendationservice-7444754ff5-w769g,4m,51Mi
18:13:40,109,adservice-574bff445c-2zzqg,4m,156Mi
18:13:40,109,emailservice-66944ff59-zvg4w,4m,56Mi
18:13:40,109,emailservice-66944ff59-xh284,4m,56Mi
18:13:40,109,cartservice-db96d6fcc-6kndn,3m,131Mi
18:13:40,109,redis-cart-c8ff86559-gpcc7,3m,37Mi
18:13:40,109,shippingservice-f956b6d9f-m2h7g,3m,16Mi
18:13:40,109,shippingservice-f956b6d9f-g5j6b,3m,16Mi
18:13:40,109,cartservice-db96d6fcc-x6v6f,2m,108Mi
18:13:40,109,currencyservice-7c8fc8fc9c-s92sq,2m,75Mi
18:13:40,109,currencyservice-7c8fc8fc9c-rtbz4,2m,124Mi
18:13:40,109,currencyservice-7c8fc8fc9c-6tsnv,2m,105Mi
18:13:40,109,paymentservice-9bfb7bf5-x4kz9,2m,66Mi
18:13:40,109,cartservice-db96d6fcc-tsdhc,2m,145Mi
18:13:40,109,adservice-574bff445c-k5l76,2m,274Mi
18:13:40,109,adservice-574bff445c-4w7zh,2m,216Mi
18:13:40,109,paymentservice-9bfb7bf5-w2dt7,2m,69Mi
18:13:40,109,checkoutservice-5b6d96c9b7-lwnbx,1m,16Mi
18:13:40,109,productcatalogservice-65bbf699df-2hv25,1m,21Mi
18:13:40,109,productcatalogservice-65bbf699df-8ztwv,1m,19Mi
18:13:40,109,productcatalogservice-65bbf699df-d9cxl,1m,43Mi
18:13:40,109,paymentservice-9bfb7bf5-9mdwz,1m,126Mi
18:13:40,109,frontend-7bd6f45654-xmsf8,1m,21Mi
18:13:40,109,frontend-7bd6f45654-jwp2b,1m,21Mi
18:13:40,109,frontend-7bd6f45654-dnhzb,1m,43Mi
18:13:40,109,checkoutservice-5b6d96c9b7-tvvwl,1m,15Mi
18:13:40,109,checkoutservice-5b6d96c9b7-fwtng,1m,37Mi
18:13:40,109,shippingservice-f956b6d9f-ml5cg,1m,31Mi
18:13:50,110,adservice-574bff445c-2zzqg,6m,156Mi
18:13:50,110,recommendationservice-7444754ff5-kk4vc,5m,80Mi
18:13:50,110,emailservice-66944ff59-62x8j,5m,56Mi
18:13:50,110,recommendationservice-7444754ff5-w69fs,5m,54Mi
18:13:50,110,recommendationservice-7444754ff5-w769g,4m,51Mi
18:13:50,110,emailservice-66944ff59-zvg4w,4m,56Mi
18:13:50,110,cartservice-db96d6fcc-6kndn,4m,132Mi
18:13:50,110,emailservice-66944ff59-xh284,4m,56Mi
18:13:50,110,redis-cart-c8ff86559-gpcc7,3m,36Mi
18:13:50,110,paymentservice-9bfb7bf5-w2dt7,3m,69Mi
18:13:50,110,adservice-574bff445c-4w7zh,3m,216Mi
18:13:50,110,currencyservice-7c8fc8fc9c-6tsnv,3m,105Mi
18:13:50,110,paymentservice-9bfb7bf5-9mdwz,2m,126Mi
18:13:50,110,currencyservice-7c8fc8fc9c-s92sq,2m,75Mi
18:13:50,110,cartservice-db96d6fcc-x6v6f,2m,108Mi
18:13:50,110,cartservice-db96d6fcc-tsdhc,2m,145Mi
18:13:50,110,paymentservice-9bfb7bf5-x4kz9,2m,66Mi
18:13:50,110,checkoutservice-5b6d96c9b7-fwtng,2m,37Mi
18:13:50,110,checkoutservice-5b6d96c9b7-lwnbx,1m,16Mi
18:13:50,110,frontend-7bd6f45654-xmsf8,1m,21Mi
18:13:50,110,frontend-7bd6f45654-jwp2b,1m,21Mi
18:13:50,110,productcatalogservice-65bbf699df-2hv25,1m,21Mi
18:13:50,110,productcatalogservice-65bbf699df-8ztwv,1m,19Mi
18:13:50,110,productcatalogservice-65bbf699df-d9cxl,1m,43Mi
18:13:50,110,frontend-7bd6f45654-dnhzb,1m,43Mi
18:13:50,110,currencyservice-7c8fc8fc9c-rtbz4,1m,124Mi
18:13:50,110,checkoutservice-5b6d96c9b7-tvvwl,1m,15Mi
18:13:50,110,adservice-574bff445c-k5l76,1m,274Mi
18:13:50,110,shippingservice-f956b6d9f-g5j6b,1m,16Mi
18:13:50,110,shippingservice-f956b6d9f-m2h7g,1m,16Mi
18:13:50,110,shippingservice-f956b6d9f-ml5cg,1m,31Mi
18:14:00,111,adservice-574bff445c-2zzqg,6m,156Mi
18:14:00,111,recommendationservice-7444754ff5-kk4vc,5m,80Mi
18:14:00,111,emailservice-66944ff59-62x8j,5m,56Mi
18:14:00,111,recommendationservice-7444754ff5-w69fs,5m,54Mi
18:14:00,111,recommendationservice-7444754ff5-w769g,4m,51Mi
18:14:00,111,emailservice-66944ff59-zvg4w,4m,56Mi
18:14:00,111,cartservice-db96d6fcc-6kndn,4m,132Mi
18:14:00,111,emailservice-66944ff59-xh284,4m,56Mi
18:14:00,111,redis-cart-c8ff86559-gpcc7,3m,36Mi
18:14:00,111,paymentservice-9bfb7bf5-w2dt7,3m,69Mi
18:14:00,111,adservice-574bff445c-4w7zh,3m,216Mi
18:14:00,111,currencyservice-7c8fc8fc9c-6tsnv,3m,105Mi
18:14:00,111,paymentservice-9bfb7bf5-9mdwz,2m,126Mi
18:14:00,111,currencyservice-7c8fc8fc9c-s92sq,2m,75Mi
18:14:00,111,cartservice-db96d6fcc-x6v6f,2m,108Mi
18:14:00,111,cartservice-db96d6fcc-tsdhc,2m,145Mi
18:14:00,111,paymentservice-9bfb7bf5-x4kz9,2m,66Mi
18:14:00,111,checkoutservice-5b6d96c9b7-fwtng,2m,37Mi
18:14:00,111,checkoutservice-5b6d96c9b7-lwnbx,1m,16Mi
18:14:00,111,frontend-7bd6f45654-xmsf8,1m,21Mi
18:14:00,111,frontend-7bd6f45654-jwp2b,1m,21Mi
18:14:00,111,productcatalogservice-65bbf699df-2hv25,1m,21Mi
18:14:00,111,productcatalogservice-65bbf699df-8ztwv,1m,19Mi
18:14:00,111,productcatalogservice-65bbf699df-d9cxl,1m,43Mi
18:14:00,111,frontend-7bd6f45654-dnhzb,1m,43Mi
18:14:00,111,currencyservice-7c8fc8fc9c-rtbz4,1m,124Mi
18:14:00,111,checkoutservice-5b6d96c9b7-tvvwl,1m,15Mi
18:14:00,111,adservice-574bff445c-k5l76,1m,274Mi
18:14:00,111,shippingservice-f956b6d9f-g5j6b,1m,16Mi
18:14:00,111,shippingservice-f956b6d9f-m2h7g,1m,16Mi
18:14:00,111,shippingservice-f956b6d9f-ml5cg,1m,31Mi
18:14:10,112,recommendationservice-7444754ff5-w769g,5m,51Mi
18:14:10,112,recommendationservice-7444754ff5-kk4vc,5m,80Mi
18:14:10,112,recommendationservice-7444754ff5-w69fs,5m,54Mi
18:14:10,112,emailservice-66944ff59-62x8j,4m,56Mi
18:14:10,112,cartservice-db96d6fcc-6kndn,4m,132Mi
18:14:10,112,emailservice-66944ff59-zvg4w,4m,56Mi
18:14:10,112,emailservice-66944ff59-xh284,4m,56Mi
18:14:10,112,adservice-574bff445c-2zzqg,3m,156Mi
18:14:10,112,cartservice-db96d6fcc-tsdhc,3m,145Mi
18:14:10,112,currencyservice-7c8fc8fc9c-rtbz4,3m,124Mi
18:14:10,112,paymentservice-9bfb7bf5-w2dt7,3m,69Mi
18:14:10,112,redis-cart-c8ff86559-gpcc7,3m,36Mi
18:14:10,112,cartservice-db96d6fcc-x6v6f,3m,108Mi
18:14:10,112,adservice-574bff445c-4w7zh,3m,216Mi
18:14:10,112,paymentservice-9bfb7bf5-x4kz9,3m,66Mi
18:14:10,112,currencyservice-7c8fc8fc9c-6tsnv,2m,105Mi
18:14:10,112,currencyservice-7c8fc8fc9c-s92sq,2m,75Mi
18:14:10,112,adservice-574bff445c-k5l76,2m,275Mi
18:14:10,112,paymentservice-9bfb7bf5-9mdwz,2m,126Mi
18:14:10,112,checkoutservice-5b6d96c9b7-lwnbx,1m,16Mi
18:14:10,112,frontend-7bd6f45654-xmsf8,1m,21Mi
18:14:10,112,productcatalogservice-65bbf699df-2hv25,1m,21Mi
18:14:10,112,productcatalogservice-65bbf699df-8ztwv,1m,19Mi
18:14:10,112,productcatalogservice-65bbf699df-d9cxl,1m,43Mi
18:14:10,112,frontend-7bd6f45654-jwp2b,1m,21Mi
18:14:10,112,frontend-7bd6f45654-dnhzb,1m,43Mi
18:14:10,112,checkoutservice-5b6d96c9b7-tvvwl,1m,15Mi
18:14:10,112,checkoutservice-5b6d96c9b7-fwtng,1m,37Mi
18:14:10,112,shippingservice-f956b6d9f-g5j6b,1m,16Mi
18:14:10,112,shippingservice-f956b6d9f-m2h7g,1m,16Mi
18:14:10,112,shippingservice-f956b6d9f-ml5cg,1m,31Mi
18:14:20,113,recommendationservice-7444754ff5-kk4vc,12m,80Mi
18:14:20,113,currencyservice-7c8fc8fc9c-6tsnv,11m,106Mi
18:14:20,113,frontend-7bd6f45654-dnhzb,10m,43Mi
18:14:20,113,frontend-7bd6f45654-xmsf8,10m,21Mi
18:14:20,113,currencyservice-7c8fc8fc9c-rtbz4,10m,124Mi
18:14:20,113,cartservice-db96d6fcc-tsdhc,9m,145Mi
18:14:20,113,recommendationservice-7444754ff5-w69fs,9m,54Mi
18:14:20,113,adservice-574bff445c-4w7zh,8m,216Mi
18:14:20,113,adservice-574bff445c-k5l76,7m,275Mi
18:14:20,113,productcatalogservice-65bbf699df-d9cxl,6m,43Mi
18:14:20,113,cartservice-db96d6fcc-6kndn,6m,132Mi
18:14:20,113,recommendationservice-7444754ff5-w769g,5m,51Mi
18:14:20,113,emailservice-66944ff59-zvg4w,5m,56Mi
18:14:20,113,adservice-574bff445c-2zzqg,5m,156Mi
18:14:20,113,frontend-7bd6f45654-jwp2b,5m,21Mi
18:14:20,113,redis-cart-c8ff86559-gpcc7,5m,36Mi
18:14:20,113,emailservice-66944ff59-62x8j,4m,56Mi
18:14:20,113,emailservice-66944ff59-xh284,4m,56Mi
18:14:20,113,cartservice-db96d6fcc-x6v6f,4m,108Mi
18:14:20,113,productcatalogservice-65bbf699df-8ztwv,4m,19Mi
18:14:20,113,productcatalogservice-65bbf699df-2hv25,3m,21Mi
18:14:20,113,paymentservice-9bfb7bf5-9mdwz,3m,126Mi
18:14:20,113,currencyservice-7c8fc8fc9c-s92sq,3m,75Mi
18:14:20,113,checkoutservice-5b6d96c9b7-tvvwl,3m,15Mi
18:14:20,113,paymentservice-9bfb7bf5-x4kz9,2m,66Mi
18:14:20,113,paymentservice-9bfb7bf5-w2dt7,2m,69Mi
18:14:20,113,checkoutservice-5b6d96c9b7-fwtng,2m,37Mi
18:14:20,113,shippingservice-f956b6d9f-ml5cg,2m,31Mi
18:14:20,113,checkoutservice-5b6d96c9b7-lwnbx,1m,16Mi
18:14:20,113,shippingservice-f956b6d9f-g5j6b,1m,16Mi
18:14:20,113,shippingservice-f956b6d9f-m2h7g,1m,16Mi
18:14:30,114,currencyservice-7c8fc8fc9c-6tsnv,24m,106Mi
18:14:30,114,frontend-7bd6f45654-dnhzb,24m,43Mi
18:14:30,114,currencyservice-7c8fc8fc9c-rtbz4,21m,124Mi
18:14:30,114,recommendationservice-7444754ff5-kk4vc,20m,80Mi
18:14:30,114,frontend-7bd6f45654-xmsf8,18m,21Mi
18:14:30,114,adservice-574bff445c-4w7zh,15m,216Mi
18:14:30,114,cartservice-db96d6fcc-tsdhc,15m,145Mi
18:14:30,114,recommendationservice-7444754ff5-w69fs,13m,54Mi
18:14:30,114,productcatalogservice-65bbf699df-d9cxl,13m,43Mi
18:14:30,114,cartservice-db96d6fcc-6kndn,10m,132Mi
18:14:30,114,adservice-574bff445c-k5l76,9m,275Mi
18:14:30,114,frontend-7bd6f45654-jwp2b,9m,21Mi
18:14:30,114,adservice-574bff445c-2zzqg,8m,156Mi
18:14:30,114,productcatalogservice-65bbf699df-8ztwv,7m,19Mi
18:14:30,114,emailservice-66944ff59-zvg4w,5m,56Mi
18:14:30,114,redis-cart-c8ff86559-gpcc7,4m,36Mi
18:14:30,114,emailservice-66944ff59-xh284,4m,56Mi
18:14:30,114,emailservice-66944ff59-62x8j,4m,56Mi
18:14:30,114,recommendationservice-7444754ff5-w769g,4m,51Mi
18:14:30,114,checkoutservice-5b6d96c9b7-fwtng,3m,37Mi
18:14:30,114,paymentservice-9bfb7bf5-x4kz9,3m,66Mi
18:14:30,114,paymentservice-9bfb7bf5-w2dt7,3m,69Mi
18:14:30,114,paymentservice-9bfb7bf5-9mdwz,3m,126Mi
18:14:30,114,currencyservice-7c8fc8fc9c-s92sq,3m,75Mi
18:14:30,114,shippingservice-f956b6d9f-ml5cg,3m,31Mi
18:14:30,114,cartservice-db96d6fcc-x6v6f,3m,108Mi
18:14:30,114,productcatalogservice-65bbf699df-2hv25,2m,21Mi
18:14:30,114,shippingservice-f956b6d9f-m2h7g,2m,16Mi
18:14:30,114,checkoutservice-5b6d96c9b7-tvvwl,1m,15Mi
18:14:30,114,shippingservice-f956b6d9f-g5j6b,1m,16Mi
18:14:30,114,checkoutservice-5b6d96c9b7-lwnbx,1m,16Mi
18:14:41,115,currencyservice-7c8fc8fc9c-6tsnv,24m,106Mi
18:14:41,115,frontend-7bd6f45654-dnhzb,24m,43Mi
18:14:41,115,currencyservice-7c8fc8fc9c-rtbz4,21m,124Mi
18:14:41,115,recommendationservice-7444754ff5-kk4vc,20m,80Mi
18:14:41,115,frontend-7bd6f45654-xmsf8,18m,21Mi
18:14:41,115,adservice-574bff445c-4w7zh,15m,216Mi
18:14:41,115,cartservice-db96d6fcc-tsdhc,15m,145Mi
18:14:41,115,recommendationservice-7444754ff5-w69fs,13m,54Mi
18:14:41,115,productcatalogservice-65bbf699df-d9cxl,13m,43Mi
18:14:41,115,cartservice-db96d6fcc-6kndn,10m,132Mi
18:14:41,115,adservice-574bff445c-k5l76,9m,275Mi
18:14:41,115,frontend-7bd6f45654-jwp2b,9m,21Mi
18:14:41,115,adservice-574bff445c-2zzqg,8m,156Mi
18:14:41,115,productcatalogservice-65bbf699df-8ztwv,7m,19Mi
18:14:41,115,emailservice-66944ff59-zvg4w,5m,56Mi
18:14:41,115,redis-cart-c8ff86559-gpcc7,4m,36Mi
18:14:41,115,emailservice-66944ff59-xh284,4m,56Mi
18:14:41,115,emailservice-66944ff59-62x8j,4m,56Mi
18:14:41,115,recommendationservice-7444754ff5-w769g,4m,51Mi
18:14:41,115,checkoutservice-5b6d96c9b7-fwtng,3m,37Mi
18:14:41,115,paymentservice-9bfb7bf5-x4kz9,3m,66Mi
18:14:41,115,paymentservice-9bfb7bf5-w2dt7,3m,69Mi
18:14:41,115,paymentservice-9bfb7bf5-9mdwz,3m,126Mi
18:14:41,115,currencyservice-7c8fc8fc9c-s92sq,3m,75Mi
18:14:41,115,shippingservice-f956b6d9f-ml5cg,3m,31Mi
18:14:41,115,cartservice-db96d6fcc-x6v6f,3m,108Mi
18:14:41,115,productcatalogservice-65bbf699df-2hv25,2m,21Mi
18:14:41,115,shippingservice-f956b6d9f-m2h7g,2m,16Mi
18:14:41,115,checkoutservice-5b6d96c9b7-tvvwl,1m,15Mi
18:14:41,115,shippingservice-f956b6d9f-g5j6b,1m,16Mi
18:14:41,115,checkoutservice-5b6d96c9b7-lwnbx,1m,16Mi
18:14:51,116,recommendationservice-7444754ff5-kk4vc,22m,80Mi
18:14:51,116,currencyservice-7c8fc8fc9c-6tsnv,20m,106Mi
18:14:51,116,adservice-574bff445c-4w7zh,17m,219Mi
18:14:51,116,frontend-7bd6f45654-dnhzb,15m,43Mi
18:14:51,116,frontend-7bd6f45654-jwp2b,13m,21Mi
18:14:51,116,currencyservice-7c8fc8fc9c-rtbz4,13m,124Mi
18:14:51,116,cartservice-db96d6fcc-tsdhc,12m,145Mi
18:14:51,116,productcatalogservice-65bbf699df-d9cxl,12m,43Mi
18:14:51,116,recommendationservice-7444754ff5-w69fs,11m,54Mi
18:14:51,116,frontend-7bd6f45654-xmsf8,10m,21Mi
18:14:51,116,adservice-574bff445c-2zzqg,9m,156Mi
18:14:51,116,cartservice-db96d6fcc-6kndn,7m,132Mi
18:14:51,116,adservice-574bff445c-k5l76,7m,275Mi
18:14:51,116,productcatalogservice-65bbf699df-8ztwv,5m,19Mi
18:14:51,116,emailservice-66944ff59-zvg4w,5m,56Mi
18:14:51,116,paymentservice-9bfb7bf5-9mdwz,4m,126Mi
18:14:51,116,emailservice-66944ff59-xh284,4m,56Mi
18:14:51,116,emailservice-66944ff59-62x8j,4m,56Mi
18:14:51,116,recommendationservice-7444754ff5-w769g,4m,51Mi
18:14:51,116,redis-cart-c8ff86559-gpcc7,4m,36Mi
18:14:51,116,shippingservice-f956b6d9f-ml5cg,4m,31Mi
18:14:51,116,paymentservice-9bfb7bf5-w2dt7,3m,69Mi
18:14:51,116,checkoutservice-5b6d96c9b7-fwtng,3m,37Mi
18:14:51,116,cartservice-db96d6fcc-x6v6f,3m,108Mi
18:14:51,116,productcatalogservice-65bbf699df-2hv25,2m,21Mi
18:14:51,116,paymentservice-9bfb7bf5-x4kz9,2m,66Mi
18:14:51,116,currencyservice-7c8fc8fc9c-s92sq,2m,75Mi
18:14:51,116,shippingservice-f956b6d9f-m2h7g,2m,16Mi
18:14:51,116,checkoutservice-5b6d96c9b7-tvvwl,1m,15Mi
18:14:51,116,shippingservice-f956b6d9f-g5j6b,1m,16Mi
18:14:51,116,checkoutservice-5b6d96c9b7-lwnbx,1m,16Mi
18:15:01,117,currencyservice-7c8fc8fc9c-6tsnv,28m,107Mi
18:15:01,117,recommendationservice-7444754ff5-kk4vc,23m,80Mi
18:15:01,117,adservice-574bff445c-4w7zh,20m,219Mi
18:15:01,117,frontend-7bd6f45654-dnhzb,17m,43Mi
18:15:01,117,currencyservice-7c8fc8fc9c-rtbz4,17m,125Mi
18:15:01,117,frontend-7bd6f45654-jwp2b,17m,21Mi
18:15:01,117,productcatalogservice-65bbf699df-d9cxl,15m,43Mi
18:15:01,117,frontend-7bd6f45654-xmsf8,15m,22Mi
18:15:01,117,cartservice-db96d6fcc-tsdhc,14m,145Mi
18:15:01,117,recommendationservice-7444754ff5-w69fs,12m,54Mi
18:15:01,117,adservice-574bff445c-k5l76,9m,275Mi
18:15:01,117,cartservice-db96d6fcc-6kndn,8m,132Mi
18:15:01,117,productcatalogservice-65bbf699df-8ztwv,6m,19Mi
18:15:01,117,emailservice-66944ff59-zvg4w,5m,56Mi
18:15:01,117,adservice-574bff445c-2zzqg,5m,156Mi
18:15:01,117,emailservice-66944ff59-62x8j,4m,56Mi
18:15:01,117,redis-cart-c8ff86559-gpcc7,4m,36Mi
18:15:01,117,emailservice-66944ff59-xh284,3m,56Mi
18:15:01,117,recommendationservice-7444754ff5-w769g,3m,51Mi
18:15:01,117,checkoutservice-5b6d96c9b7-fwtng,3m,37Mi
18:15:01,117,paymentservice-9bfb7bf5-w2dt7,3m,69Mi
18:15:01,117,paymentservice-9bfb7bf5-x4kz9,3m,66Mi
18:15:01,117,productcatalogservice-65bbf699df-2hv25,2m,21Mi
18:15:01,117,paymentservice-9bfb7bf5-9mdwz,2m,126Mi
18:15:01,117,currencyservice-7c8fc8fc9c-s92sq,2m,75Mi
18:15:01,117,cartservice-db96d6fcc-x6v6f,2m,108Mi
18:15:01,117,shippingservice-f956b6d9f-m2h7g,2m,16Mi
18:15:01,117,shippingservice-f956b6d9f-ml5cg,2m,31Mi
18:15:01,117,checkoutservice-5b6d96c9b7-tvvwl,1m,15Mi
18:15:01,117,checkoutservice-5b6d96c9b7-lwnbx,1m,16Mi
18:15:01,117,shippingservice-f956b6d9f-g5j6b,1m,16Mi
18:15:11,118,currencyservice-7c8fc8fc9c-6tsnv,28m,107Mi
18:15:11,118,recommendationservice-7444754ff5-kk4vc,23m,80Mi
18:15:11,118,adservice-574bff445c-4w7zh,20m,219Mi
18:15:11,118,frontend-7bd6f45654-dnhzb,17m,43Mi
18:15:11,118,currencyservice-7c8fc8fc9c-rtbz4,17m,125Mi
18:15:11,118,frontend-7bd6f45654-jwp2b,17m,21Mi
18:15:11,118,productcatalogservice-65bbf699df-d9cxl,15m,43Mi
18:15:11,118,frontend-7bd6f45654-xmsf8,15m,22Mi
18:15:11,118,cartservice-db96d6fcc-tsdhc,14m,145Mi
18:15:11,118,recommendationservice-7444754ff5-w69fs,12m,54Mi
18:15:11,118,adservice-574bff445c-k5l76,9m,275Mi
18:15:11,118,cartservice-db96d6fcc-6kndn,8m,132Mi
18:15:11,118,productcatalogservice-65bbf699df-8ztwv,6m,19Mi
18:15:11,118,emailservice-66944ff59-zvg4w,5m,56Mi
18:15:11,118,adservice-574bff445c-2zzqg,5m,156Mi
18:15:11,118,emailservice-66944ff59-62x8j,4m,56Mi
18:15:11,118,redis-cart-c8ff86559-gpcc7,4m,36Mi
18:15:11,118,emailservice-66944ff59-xh284,3m,56Mi
18:15:11,118,recommendationservice-7444754ff5-w769g,3m,51Mi
18:15:11,118,checkoutservice-5b6d96c9b7-fwtng,3m,37Mi
18:15:11,118,paymentservice-9bfb7bf5-w2dt7,3m,69Mi
18:15:11,118,paymentservice-9bfb7bf5-x4kz9,3m,66Mi
18:15:11,118,productcatalogservice-65bbf699df-2hv25,2m,21Mi
18:15:11,118,paymentservice-9bfb7bf5-9mdwz,2m,126Mi
18:15:11,118,currencyservice-7c8fc8fc9c-s92sq,2m,75Mi
18:15:11,118,cartservice-db96d6fcc-x6v6f,2m,108Mi
18:15:11,118,shippingservice-f956b6d9f-m2h7g,2m,16Mi
18:15:11,118,shippingservice-f956b6d9f-ml5cg,2m,31Mi
18:15:11,118,checkoutservice-5b6d96c9b7-tvvwl,1m,15Mi
18:15:11,118,checkoutservice-5b6d96c9b7-lwnbx,1m,16Mi
18:15:11,118,shippingservice-f956b6d9f-g5j6b,1m,16Mi
18:15:21,119,currencyservice-7c8fc8fc9c-6tsnv,25m,107Mi
18:15:21,119,recommendationservice-7444754ff5-kk4vc,23m,80Mi
18:15:21,119,adservice-574bff445c-4w7zh,23m,222Mi
18:15:21,119,frontend-7bd6f45654-jwp2b,18m,21Mi
18:15:21,119,frontend-7bd6f45654-dnhzb,17m,43Mi
18:15:21,119,currencyservice-7c8fc8fc9c-rtbz4,17m,125Mi
18:15:21,119,cartservice-db96d6fcc-tsdhc,16m,145Mi
18:15:21,119,productcatalogservice-65bbf699df-d9cxl,15m,43Mi
18:15:21,119,frontend-7bd6f45654-xmsf8,14m,22Mi
18:15:21,119,adservice-574bff445c-k5l76,13m,275Mi
18:15:21,119,recommendationservice-7444754ff5-w69fs,13m,54Mi
18:15:21,119,cartservice-db96d6fcc-6kndn,9m,132Mi
18:15:21,119,currencyservice-7c8fc8fc9c-s92sq,6m,75Mi
18:15:21,119,emailservice-66944ff59-62x8j,6m,56Mi
18:15:21,119,productcatalogservice-65bbf699df-8ztwv,6m,19Mi
18:15:21,119,emailservice-66944ff59-zvg4w,5m,56Mi
18:15:21,119,emailservice-66944ff59-xh284,4m,56Mi
18:15:21,119,adservice-574bff445c-2zzqg,4m,156Mi
18:15:21,119,redis-cart-c8ff86559-gpcc7,4m,36Mi
18:15:21,119,recommendationservice-7444754ff5-w769g,4m,51Mi
18:15:21,119,productcatalogservice-65bbf699df-2hv25,3m,21Mi
18:15:21,119,paymentservice-9bfb7bf5-x4kz9,3m,66Mi
18:15:21,119,paymentservice-9bfb7bf5-w2dt7,3m,69Mi
18:15:21,119,paymentservice-9bfb7bf5-9mdwz,3m,126Mi
18:15:21,119,checkoutservice-5b6d96c9b7-fwtng,3m,37Mi
18:15:21,119,cartservice-db96d6fcc-x6v6f,3m,108Mi
18:15:21,119,shippingservice-f956b6d9f-g5j6b,2m,16Mi
18:15:21,119,shippingservice-f956b6d9f-m2h7g,2m,16Mi
18:15:21,119,shippingservice-f956b6d9f-ml5cg,2m,31Mi
18:15:21,119,checkoutservice-5b6d96c9b7-tvvwl,1m,15Mi
18:15:21,119,checkoutservice-5b6d96c9b7-lwnbx,1m,16Mi
18:15:31,120,currencyservice-7c8fc8fc9c-6tsnv,24m,108Mi
18:15:31,120,recommendationservice-7444754ff5-kk4vc,19m,80Mi
18:15:31,120,adservice-574bff445c-4w7zh,18m,225Mi
18:15:31,120,frontend-7bd6f45654-xmsf8,16m,22Mi
18:15:31,120,frontend-7bd6f45654-dnhzb,16m,43Mi
18:15:31,120,currencyservice-7c8fc8fc9c-rtbz4,16m,125Mi
18:15:31,120,frontend-7bd6f45654-jwp2b,15m,21Mi
18:15:31,120,recommendationservice-7444754ff5-w69fs,13m,54Mi
18:15:31,120,cartservice-db96d6fcc-tsdhc,12m,145Mi
18:15:31,120,productcatalogservice-65bbf699df-d9cxl,12m,43Mi
18:15:31,120,cartservice-db96d6fcc-6kndn,8m,132Mi
18:15:31,120,adservice-574bff445c-k5l76,8m,275Mi
18:15:31,120,productcatalogservice-65bbf699df-8ztwv,6m,19Mi
18:15:31,120,checkoutservice-5b6d96c9b7-fwtng,4m,37Mi
18:15:31,120,recommendationservice-7444754ff5-w769g,4m,51Mi
18:15:31,120,emailservice-66944ff59-62x8j,4m,56Mi
18:15:31,120,emailservice-66944ff59-xh284,4m,56Mi
18:15:31,120,emailservice-66944ff59-zvg4w,4m,56Mi
18:15:31,120,productcatalogservice-65bbf699df-2hv25,3m,21Mi
18:15:31,120,paymentservice-9bfb7bf5-w2dt7,3m,69Mi
18:15:31,120,paymentservice-9bfb7bf5-x4kz9,3m,66Mi
18:15:31,120,adservice-574bff445c-2zzqg,3m,156Mi
18:15:31,120,currencyservice-7c8fc8fc9c-s92sq,3m,75Mi
18:15:31,120,redis-cart-c8ff86559-gpcc7,3m,36Mi
18:15:31,120,paymentservice-9bfb7bf5-9mdwz,2m,126Mi
18:15:31,120,cartservice-db96d6fcc-x6v6f,2m,108Mi
18:15:31,120,shippingservice-f956b6d9f-g5j6b,2m,16Mi
18:15:31,120,shippingservice-f956b6d9f-m2h7g,2m,16Mi
18:15:31,120,shippingservice-f956b6d9f-ml5cg,2m,31Mi
18:15:31,120,checkoutservice-5b6d96c9b7-tvvwl,1m,15Mi
18:15:31,120,checkoutservice-5b6d96c9b7-lwnbx,1m,16Mi
18:15:41,121,currencyservice-7c8fc8fc9c-6tsnv,24m,108Mi
18:15:41,121,recommendationservice-7444754ff5-kk4vc,19m,80Mi
18:15:41,121,adservice-574bff445c-4w7zh,18m,225Mi
18:15:41,121,frontend-7bd6f45654-xmsf8,16m,22Mi
18:15:41,121,frontend-7bd6f45654-dnhzb,16m,43Mi
18:15:41,121,currencyservice-7c8fc8fc9c-rtbz4,16m,125Mi
18:15:41,121,frontend-7bd6f45654-jwp2b,15m,21Mi
18:15:41,121,recommendationservice-7444754ff5-w69fs,13m,54Mi
18:15:41,121,cartservice-db96d6fcc-tsdhc,12m,145Mi
18:15:41,121,productcatalogservice-65bbf699df-d9cxl,12m,43Mi
18:15:41,121,cartservice-db96d6fcc-6kndn,8m,132Mi
18:15:41,121,adservice-574bff445c-k5l76,8m,275Mi
18:15:41,121,productcatalogservice-65bbf699df-8ztwv,6m,19Mi
18:15:41,121,checkoutservice-5b6d96c9b7-fwtng,4m,37Mi
18:15:41,121,recommendationservice-7444754ff5-w769g,4m,51Mi
18:15:41,121,emailservice-66944ff59-62x8j,4m,56Mi
18:15:41,121,emailservice-66944ff59-xh284,4m,56Mi
18:15:41,121,emailservice-66944ff59-zvg4w,4m,56Mi
18:15:41,121,productcatalogservice-65bbf699df-2hv25,3m,21Mi
18:15:41,121,paymentservice-9bfb7bf5-w2dt7,3m,69Mi
18:15:41,121,paymentservice-9bfb7bf5-x4kz9,3m,66Mi
18:15:41,121,adservice-574bff445c-2zzqg,3m,156Mi
18:15:41,121,currencyservice-7c8fc8fc9c-s92sq,3m,75Mi
18:15:41,121,redis-cart-c8ff86559-gpcc7,3m,36Mi
18:15:41,121,paymentservice-9bfb7bf5-9mdwz,2m,126Mi
18:15:41,121,cartservice-db96d6fcc-x6v6f,2m,108Mi
18:15:41,121,shippingservice-f956b6d9f-g5j6b,2m,16Mi
18:15:41,121,shippingservice-f956b6d9f-m2h7g,2m,16Mi
18:15:41,121,shippingservice-f956b6d9f-ml5cg,2m,31Mi
18:15:41,121,checkoutservice-5b6d96c9b7-tvvwl,1m,15Mi
18:15:41,121,checkoutservice-5b6d96c9b7-lwnbx,1m,16Mi
18:15:52,122,currencyservice-7c8fc8fc9c-6tsnv,27m,108Mi
18:15:52,122,recommendationservice-7444754ff5-kk4vc,23m,80Mi
18:15:52,122,frontend-7bd6f45654-dnhzb,17m,43Mi
18:15:52,122,adservice-574bff445c-4w7zh,16m,225Mi
18:15:52,122,frontend-7bd6f45654-jwp2b,16m,21Mi
18:15:52,122,currencyservice-7c8fc8fc9c-rtbz4,15m,125Mi
18:15:52,122,productcatalogservice-65bbf699df-d9cxl,15m,43Mi
18:15:52,122,cartservice-db96d6fcc-tsdhc,14m,145Mi
18:15:52,122,frontend-7bd6f45654-xmsf8,14m,22Mi
18:15:52,122,recommendationservice-7444754ff5-w69fs,10m,54Mi
18:15:52,122,cartservice-db96d6fcc-6kndn,10m,132Mi
18:15:52,122,adservice-574bff445c-k5l76,8m,275Mi
18:15:52,122,emailservice-66944ff59-zvg4w,6m,56Mi
18:15:52,122,productcatalogservice-65bbf699df-8ztwv,5m,19Mi
18:15:52,122,emailservice-66944ff59-xh284,4m,56Mi
18:15:52,122,emailservice-66944ff59-62x8j,4m,56Mi
18:15:52,122,recommendationservice-7444754ff5-w769g,4m,51Mi
18:15:52,122,redis-cart-c8ff86559-gpcc7,4m,36Mi
18:15:52,122,checkoutservice-5b6d96c9b7-fwtng,3m,38Mi
18:15:52,122,currencyservice-7c8fc8fc9c-s92sq,3m,75Mi
18:15:52,122,cartservice-db96d6fcc-x6v6f,3m,108Mi
18:15:52,122,adservice-574bff445c-2zzqg,3m,156Mi
18:15:52,122,productcatalogservice-65bbf699df-2hv25,2m,21Mi
18:15:52,122,paymentservice-9bfb7bf5-w2dt7,2m,69Mi
18:15:52,122,paymentservice-9bfb7bf5-9mdwz,2m,126Mi
18:15:52,122,shippingservice-f956b6d9f-m2h7g,2m,16Mi
18:15:52,122,shippingservice-f956b6d9f-ml5cg,2m,31Mi
18:15:52,122,paymentservice-9bfb7bf5-x4kz9,1m,66Mi
18:15:52,122,checkoutservice-5b6d96c9b7-tvvwl,1m,15Mi
18:15:52,122,checkoutservice-5b6d96c9b7-lwnbx,1m,16Mi
18:15:52,122,shippingservice-f956b6d9f-g5j6b,1m,16Mi
18:16:02,123,currencyservice-7c8fc8fc9c-6tsnv,30m,109Mi
18:16:02,123,recommendationservice-7444754ff5-kk4vc,22m,80Mi
18:16:02,123,frontend-7bd6f45654-dnhzb,18m,43Mi
18:16:02,123,currencyservice-7c8fc8fc9c-rtbz4,17m,125Mi
18:16:02,123,frontend-7bd6f45654-xmsf8,17m,22Mi
18:16:02,123,frontend-7bd6f45654-jwp2b,16m,21Mi
18:16:02,123,cartservice-db96d6fcc-tsdhc,15m,145Mi
18:16:02,123,productcatalogservice-65bbf699df-d9cxl,14m,43Mi
18:16:02,123,recommendationservice-7444754ff5-w69fs,12m,54Mi
18:16:02,123,adservice-574bff445c-4w7zh,10m,225Mi
18:16:02,123,adservice-574bff445c-k5l76,10m,275Mi
18:16:02,123,cartservice-db96d6fcc-6kndn,8m,132Mi
18:16:02,123,productcatalogservice-65bbf699df-8ztwv,7m,19Mi
18:16:02,123,adservice-574bff445c-2zzqg,5m,157Mi
18:16:02,123,emailservice-66944ff59-zvg4w,5m,56Mi
18:16:02,123,emailservice-66944ff59-62x8j,4m,56Mi
18:16:02,123,recommendationservice-7444754ff5-w769g,4m,51Mi
18:16:02,123,redis-cart-c8ff86559-gpcc7,4m,36Mi
18:16:02,123,emailservice-66944ff59-xh284,4m,56Mi
18:16:02,123,checkoutservice-5b6d96c9b7-fwtng,3m,37Mi
18:16:02,123,paymentservice-9bfb7bf5-9mdwz,3m,126Mi
18:16:02,123,paymentservice-9bfb7bf5-x4kz9,3m,66Mi
18:16:02,123,productcatalogservice-65bbf699df-2hv25,2m,21Mi
18:16:02,123,paymentservice-9bfb7bf5-w2dt7,2m,69Mi
18:16:02,123,currencyservice-7c8fc8fc9c-s92sq,2m,75Mi
18:16:02,123,cartservice-db96d6fcc-x6v6f,2m,108Mi
18:16:02,123,shippingservice-f956b6d9f-m2h7g,2m,16Mi
18:16:02,123,shippingservice-f956b6d9f-ml5cg,2m,31Mi
18:16:02,123,checkoutservice-5b6d96c9b7-tvvwl,1m,15Mi
18:16:02,123,checkoutservice-5b6d96c9b7-lwnbx,1m,16Mi
18:16:02,123,shippingservice-f956b6d9f-g5j6b,1m,16Mi
18:16:12,124,currencyservice-7c8fc8fc9c-6tsnv,30m,109Mi
18:16:12,124,recommendationservice-7444754ff5-kk4vc,22m,80Mi
18:16:12,124,frontend-7bd6f45654-dnhzb,18m,43Mi
18:16:12,124,currencyservice-7c8fc8fc9c-rtbz4,17m,125Mi
18:16:12,124,frontend-7bd6f45654-xmsf8,17m,22Mi
18:16:12,124,frontend-7bd6f45654-jwp2b,16m,21Mi
18:16:12,124,cartservice-db96d6fcc-tsdhc,15m,145Mi
18:16:12,124,productcatalogservice-65bbf699df-d9cxl,14m,43Mi
18:16:12,124,recommendationservice-7444754ff5-w69fs,12m,54Mi
18:16:12,124,adservice-574bff445c-4w7zh,10m,225Mi
18:16:12,124,adservice-574bff445c-k5l76,10m,275Mi
18:16:12,124,cartservice-db96d6fcc-6kndn,8m,132Mi
18:16:12,124,productcatalogservice-65bbf699df-8ztwv,7m,19Mi
18:16:12,124,adservice-574bff445c-2zzqg,5m,157Mi
18:16:12,124,emailservice-66944ff59-zvg4w,5m,56Mi
18:16:12,124,emailservice-66944ff59-62x8j,4m,56Mi
18:16:12,124,recommendationservice-7444754ff5-w769g,4m,51Mi
18:16:12,124,redis-cart-c8ff86559-gpcc7,4m,36Mi
18:16:12,124,emailservice-66944ff59-xh284,4m,56Mi
18:16:12,124,checkoutservice-5b6d96c9b7-fwtng,3m,37Mi
18:16:12,124,paymentservice-9bfb7bf5-9mdwz,3m,126Mi
18:16:12,124,paymentservice-9bfb7bf5-x4kz9,3m,66Mi
18:16:12,124,productcatalogservice-65bbf699df-2hv25,2m,21Mi
18:16:12,124,paymentservice-9bfb7bf5-w2dt7,2m,69Mi
18:16:12,124,currencyservice-7c8fc8fc9c-s92sq,2m,75Mi
18:16:12,124,cartservice-db96d6fcc-x6v6f,2m,108Mi
18:16:12,124,shippingservice-f956b6d9f-m2h7g,2m,16Mi
18:16:12,124,shippingservice-f956b6d9f-ml5cg,2m,31Mi
18:16:12,124,checkoutservice-5b6d96c9b7-tvvwl,1m,15Mi
18:16:12,124,checkoutservice-5b6d96c9b7-lwnbx,1m,16Mi
18:16:12,124,shippingservice-f956b6d9f-g5j6b,1m,16Mi
18:16:22,125,currencyservice-7c8fc8fc9c-6tsnv,28m,109Mi
18:16:22,125,recommendationservice-7444754ff5-kk4vc,24m,80Mi
18:16:22,125,adservice-574bff445c-4w7zh,23m,233Mi
18:16:22,125,frontend-7bd6f45654-dnhzb,22m,43Mi
18:16:22,125,currencyservice-7c8fc8fc9c-rtbz4,19m,125Mi
18:16:22,125,frontend-7bd6f45654-jwp2b,18m,21Mi
18:16:22,125,frontend-7bd6f45654-xmsf8,16m,22Mi
18:16:22,125,cartservice-db96d6fcc-tsdhc,16m,145Mi
18:16:22,125,productcatalogservice-65bbf699df-d9cxl,16m,43Mi
18:16:22,125,recommendationservice-7444754ff5-w69fs,10m,54Mi
18:16:22,125,adservice-574bff445c-k5l76,9m,275Mi
18:16:22,125,cartservice-db96d6fcc-6kndn,7m,132Mi
18:16:22,125,productcatalogservice-65bbf699df-8ztwv,5m,19Mi
18:16:22,125,emailservice-66944ff59-zvg4w,5m,56Mi
18:16:22,125,redis-cart-c8ff86559-gpcc7,4m,36Mi
18:16:22,125,emailservice-66944ff59-62x8j,4m,56Mi
18:16:22,125,recommendationservice-7444754ff5-w769g,4m,51Mi
18:16:22,125,adservice-574bff445c-2zzqg,4m,157Mi
18:16:22,125,currencyservice-7c8fc8fc9c-s92sq,3m,75Mi
18:16:22,125,paymentservice-9bfb7bf5-w2dt7,3m,69Mi
18:16:22,125,paymentservice-9bfb7bf5-9mdwz,3m,126Mi
18:16:22,125,shippingservice-f956b6d9f-ml5cg,3m,31Mi
18:16:22,125,emailservice-66944ff59-xh284,3m,56Mi
18:16:22,125,productcatalogservice-65bbf699df-2hv25,2m,21Mi
18:16:22,125,paymentservice-9bfb7bf5-x4kz9,2m,66Mi
18:16:22,125,checkoutservice-5b6d96c9b7-fwtng,2m,37Mi
18:16:22,125,shippingservice-f956b6d9f-m2h7g,2m,16Mi
18:16:22,125,cartservice-db96d6fcc-x6v6f,2m,108Mi
18:16:22,125,checkoutservice-5b6d96c9b7-tvvwl,1m,15Mi
18:16:22,125,checkoutservice-5b6d96c9b7-lwnbx,1m,16Mi
18:16:22,125,shippingservice-f956b6d9f-g5j6b,1m,16Mi
18:16:32,126,currencyservice-7c8fc8fc9c-6tsnv,26m,110Mi
18:16:32,126,recommendationservice-7444754ff5-kk4vc,22m,80Mi
18:16:32,126,cartservice-db96d6fcc-tsdhc,17m,145Mi
18:16:32,126,currencyservice-7c8fc8fc9c-rtbz4,17m,125Mi
18:16:32,126,frontend-7bd6f45654-jwp2b,17m,22Mi
18:16:32,126,frontend-7bd6f45654-xmsf8,16m,22Mi
18:16:32,126,frontend-7bd6f45654-dnhzb,16m,43Mi
18:16:32,126,recommendationservice-7444754ff5-w69fs,14m,54Mi
18:16:32,126,adservice-574bff445c-4w7zh,14m,228Mi
18:16:32,126,productcatalogservice-65bbf699df-d9cxl,14m,43Mi
18:16:32,126,cartservice-db96d6fcc-6kndn,10m,132Mi
18:16:32,126,adservice-574bff445c-k5l76,7m,275Mi
18:16:32,126,productcatalogservice-65bbf699df-8ztwv,7m,19Mi
18:16:32,126,emailservice-66944ff59-zvg4w,6m,56Mi
18:16:32,126,checkoutservice-5b6d96c9b7-fwtng,6m,37Mi
18:16:32,126,adservice-574bff445c-2zzqg,6m,157Mi
18:16:32,126,emailservice-66944ff59-xh284,4m,56Mi
18:16:32,126,redis-cart-c8ff86559-gpcc7,4m,36Mi
18:16:32,126,paymentservice-9bfb7bf5-9mdwz,4m,126Mi
18:16:32,126,productcatalogservice-65bbf699df-2hv25,3m,21Mi
18:16:32,126,emailservice-66944ff59-62x8j,3m,56Mi
18:16:32,126,recommendationservice-7444754ff5-w769g,3m,51Mi
18:16:32,126,shippingservice-f956b6d9f-m2h7g,3m,16Mi
18:16:32,126,shippingservice-f956b6d9f-ml5cg,3m,31Mi
18:16:32,126,paymentservice-9bfb7bf5-x4kz9,2m,66Mi
18:16:32,126,paymentservice-9bfb7bf5-w2dt7,2m,69Mi
18:16:32,126,currencyservice-7c8fc8fc9c-s92sq,2m,75Mi
18:16:32,126,cartservice-db96d6fcc-x6v6f,2m,108Mi
18:16:32,126,checkoutservice-5b6d96c9b7-tvvwl,1m,15Mi
18:16:32,126,checkoutservice-5b6d96c9b7-lwnbx,1m,16Mi
18:16:32,126,shippingservice-f956b6d9f-g5j6b,1m,16Mi
18:16:42,127,currencyservice-7c8fc8fc9c-6tsnv,26m,110Mi
18:16:42,127,recommendationservice-7444754ff5-kk4vc,22m,80Mi
18:16:42,127,cartservice-db96d6fcc-tsdhc,17m,145Mi
18:16:42,127,currencyservice-7c8fc8fc9c-rtbz4,17m,125Mi
18:16:42,127,frontend-7bd6f45654-jwp2b,17m,22Mi
18:16:42,127,frontend-7bd6f45654-xmsf8,16m,22Mi
18:16:42,127,frontend-7bd6f45654-dnhzb,16m,43Mi
18:16:42,127,recommendationservice-7444754ff5-w69fs,14m,54Mi
18:16:42,127,adservice-574bff445c-4w7zh,14m,228Mi
18:16:42,127,productcatalogservice-65bbf699df-d9cxl,14m,43Mi
18:16:42,127,cartservice-db96d6fcc-6kndn,10m,132Mi
18:16:42,127,adservice-574bff445c-k5l76,7m,275Mi
18:16:42,127,productcatalogservice-65bbf699df-8ztwv,7m,19Mi
18:16:42,127,emailservice-66944ff59-zvg4w,6m,56Mi
18:16:42,127,checkoutservice-5b6d96c9b7-fwtng,6m,37Mi
18:16:42,127,adservice-574bff445c-2zzqg,6m,157Mi
18:16:42,127,emailservice-66944ff59-xh284,4m,56Mi
18:16:42,127,redis-cart-c8ff86559-gpcc7,4m,36Mi
18:16:42,127,paymentservice-9bfb7bf5-9mdwz,4m,126Mi
18:16:42,127,productcatalogservice-65bbf699df-2hv25,3m,21Mi
18:16:42,127,emailservice-66944ff59-62x8j,3m,56Mi
18:16:42,127,recommendationservice-7444754ff5-w769g,3m,51Mi
18:16:42,127,shippingservice-f956b6d9f-m2h7g,3m,16Mi
18:16:42,127,shippingservice-f956b6d9f-ml5cg,3m,31Mi
18:16:42,127,paymentservice-9bfb7bf5-x4kz9,2m,66Mi
18:16:42,127,paymentservice-9bfb7bf5-w2dt7,2m,69Mi
18:16:42,127,currencyservice-7c8fc8fc9c-s92sq,2m,75Mi
18:16:42,127,cartservice-db96d6fcc-x6v6f,2m,108Mi
18:16:42,127,checkoutservice-5b6d96c9b7-tvvwl,1m,15Mi
18:16:42,127,checkoutservice-5b6d96c9b7-lwnbx,1m,16Mi
18:16:42,127,shippingservice-f956b6d9f-g5j6b,1m,16Mi
18:16:53,128,currencyservice-7c8fc8fc9c-6tsnv,12m,110Mi
18:16:53,128,adservice-574bff445c-4w7zh,9m,228Mi
18:16:53,128,recommendationservice-7444754ff5-kk4vc,9m,80Mi
18:16:53,128,recommendationservice-7444754ff5-w69fs,8m,54Mi
18:16:53,128,cartservice-db96d6fcc-tsdhc,8m,145Mi
18:16:53,128,frontend-7bd6f45654-xmsf8,8m,22Mi
18:16:53,128,frontend-7bd6f45654-dnhzb,7m,43Mi
18:16:53,128,currencyservice-7c8fc8fc9c-rtbz4,7m,125Mi
18:16:53,128,adservice-574bff445c-k5l76,6m,275Mi
18:16:53,128,cartservice-db96d6fcc-6kndn,6m,133Mi
18:16:53,128,frontend-7bd6f45654-jwp2b,6m,21Mi
18:16:53,128,productcatalogservice-65bbf699df-d9cxl,6m,43Mi
18:16:53,128,emailservice-66944ff59-zvg4w,5m,57Mi
18:16:53,128,adservice-574bff445c-2zzqg,5m,159Mi
18:16:53,128,currencyservice-7c8fc8fc9c-s92sq,4m,75Mi
18:16:53,128,emailservice-66944ff59-xh284,4m,56Mi
18:16:53,128,emailservice-66944ff59-62x8j,4m,56Mi
18:16:53,128,cartservice-db96d6fcc-x6v6f,4m,108Mi
18:16:53,128,redis-cart-c8ff86559-gpcc7,4m,36Mi
18:16:53,128,recommendationservice-7444754ff5-w769g,4m,51Mi
18:16:53,128,productcatalogservice-65bbf699df-8ztwv,4m,19Mi
18:16:53,128,paymentservice-9bfb7bf5-w2dt7,3m,69Mi
18:16:53,128,checkoutservice-5b6d96c9b7-fwtng,3m,37Mi
18:16:53,128,productcatalogservice-65bbf699df-2hv25,2m,21Mi
18:16:53,128,paymentservice-9bfb7bf5-x4kz9,2m,66Mi
18:16:53,128,paymentservice-9bfb7bf5-9mdwz,2m,126Mi
18:16:53,128,shippingservice-f956b6d9f-ml5cg,2m,31Mi
18:16:53,128,checkoutservice-5b6d96c9b7-tvvwl,1m,15Mi
18:16:53,128,checkoutservice-5b6d96c9b7-lwnbx,1m,16Mi
18:16:53,128,shippingservice-f956b6d9f-g5j6b,1m,16Mi
18:16:53,128,shippingservice-f956b6d9f-m2h7g,1m,16Mi
18:17:03,129,recommendationservice-7444754ff5-kk4vc,11m,80Mi
18:17:03,129,currencyservice-7c8fc8fc9c-rtbz4,11m,125Mi
18:17:03,129,loadgenerator-57fc5754d-vdlgn,10m,64Mi
18:17:03,129,currencyservice-7c8fc8fc9c-6tsnv,9m,110Mi
18:17:03,129,frontend-7bd6f45654-dnhzb,9m,43Mi
18:17:03,129,adservice-574bff445c-k5l76,8m,275Mi
18:17:03,129,cartservice-db96d6fcc-tsdhc,8m,145Mi
18:17:03,129,adservice-574bff445c-4w7zh,7m,228Mi
18:17:03,129,recommendationservice-7444754ff5-w69fs,6m,54Mi
18:17:03,129,productcatalogservice-65bbf699df-d9cxl,5m,43Mi
18:17:03,129,emailservice-66944ff59-zvg4w,5m,56Mi
18:17:03,129,frontend-7bd6f45654-jwp2b,5m,21Mi
18:17:03,129,frontend-7bd6f45654-xmsf8,5m,22Mi
18:17:03,129,adservice-574bff445c-2zzqg,5m,159Mi
18:17:03,129,emailservice-66944ff59-62x8j,4m,56Mi
18:17:03,129,emailservice-66944ff59-xh284,4m,56Mi
18:17:03,129,recommendationservice-7444754ff5-w769g,4m,51Mi
18:17:03,129,cartservice-db96d6fcc-6kndn,4m,132Mi
18:17:03,129,paymentservice-9bfb7bf5-x4kz9,3m,66Mi
18:17:03,129,currencyservice-7c8fc8fc9c-s92sq,3m,75Mi
18:17:03,129,redis-cart-c8ff86559-gpcc7,3m,36Mi
18:17:03,129,cartservice-db96d6fcc-x6v6f,2m,108Mi
18:17:03,129,productcatalogservice-65bbf699df-8ztwv,2m,19Mi
18:17:03,129,paymentservice-9bfb7bf5-w2dt7,2m,69Mi
18:17:03,129,paymentservice-9bfb7bf5-9mdwz,2m,126Mi
18:17:03,129,checkoutservice-5b6d96c9b7-fwtng,2m,37Mi
18:17:03,129,shippingservice-f956b6d9f-m2h7g,2m,16Mi
18:17:03,129,productcatalogservice-65bbf699df-2hv25,1m,21Mi
18:17:03,129,checkoutservice-5b6d96c9b7-tvvwl,1m,15Mi
18:17:03,129,checkoutservice-5b6d96c9b7-lwnbx,1m,16Mi
18:17:03,129,shippingservice-f956b6d9f-g5j6b,1m,16Mi
18:17:03,129,shippingservice-f956b6d9f-ml5cg,1m,31Mi
18:17:13,130,recommendationservice-7444754ff5-kk4vc,11m,80Mi
18:17:13,130,currencyservice-7c8fc8fc9c-rtbz4,11m,125Mi
18:17:13,130,loadgenerator-57fc5754d-vdlgn,10m,64Mi
18:17:13,130,currencyservice-7c8fc8fc9c-6tsnv,9m,110Mi
18:17:13,130,frontend-7bd6f45654-dnhzb,9m,43Mi
18:17:13,130,adservice-574bff445c-k5l76,8m,275Mi
18:17:13,130,cartservice-db96d6fcc-tsdhc,8m,145Mi
18:17:13,130,adservice-574bff445c-4w7zh,7m,228Mi
18:17:13,130,recommendationservice-7444754ff5-w69fs,6m,54Mi
18:17:13,130,productcatalogservice-65bbf699df-d9cxl,5m,43Mi
18:17:13,130,emailservice-66944ff59-zvg4w,5m,56Mi
18:17:13,130,frontend-7bd6f45654-jwp2b,5m,21Mi
18:17:13,130,frontend-7bd6f45654-xmsf8,5m,22Mi
18:17:13,130,adservice-574bff445c-2zzqg,5m,159Mi
18:17:13,130,emailservice-66944ff59-62x8j,4m,56Mi
18:17:13,130,emailservice-66944ff59-xh284,4m,56Mi
18:17:13,130,recommendationservice-7444754ff5-w769g,4m,51Mi
18:17:13,130,cartservice-db96d6fcc-6kndn,4m,132Mi
18:17:13,130,paymentservice-9bfb7bf5-x4kz9,3m,66Mi
18:17:13,130,currencyservice-7c8fc8fc9c-s92sq,3m,75Mi
18:17:13,130,redis-cart-c8ff86559-gpcc7,3m,36Mi
18:17:13,130,cartservice-db96d6fcc-x6v6f,2m,108Mi
18:17:13,130,productcatalogservice-65bbf699df-8ztwv,2m,19Mi
18:17:13,130,paymentservice-9bfb7bf5-w2dt7,2m,69Mi
18:17:13,130,paymentservice-9bfb7bf5-9mdwz,2m,126Mi
18:17:13,130,checkoutservice-5b6d96c9b7-fwtng,2m,37Mi
18:17:13,130,shippingservice-f956b6d9f-m2h7g,2m,16Mi
18:17:13,130,productcatalogservice-65bbf699df-2hv25,1m,21Mi
18:17:13,130,checkoutservice-5b6d96c9b7-tvvwl,1m,15Mi
18:17:13,130,checkoutservice-5b6d96c9b7-lwnbx,1m,16Mi
18:17:13,130,shippingservice-f956b6d9f-g5j6b,1m,16Mi
18:17:13,130,shippingservice-f956b6d9f-ml5cg,1m,31Mi
18:17:23,131,recommendationservice-7444754ff5-kk4vc,9m,80Mi
18:17:23,131,adservice-574bff445c-2zzqg,8m,160Mi
18:17:23,131,paymentservice-9bfb7bf5-w2dt7,7m,70Mi
18:17:23,131,loadgenerator-57fc5754d-vdlgn,7m,64Mi
18:17:23,131,frontend-7bd6f45654-dnhzb,7m,43Mi
18:17:23,131,currencyservice-7c8fc8fc9c-6tsnv,7m,110Mi
18:17:23,131,currencyservice-7c8fc8fc9c-rtbz4,6m,125Mi
18:17:23,131,recommendationservice-7444754ff5-w69fs,6m,54Mi
18:17:23,131,cartservice-db96d6fcc-6kndn,5m,132Mi
18:17:23,131,paymentservice-9bfb7bf5-x4kz9,5m,66Mi
18:17:23,131,cartservice-db96d6fcc-tsdhc,5m,145Mi
18:17:23,131,frontend-7bd6f45654-xmsf8,5m,22Mi
18:17:23,131,emailservice-66944ff59-62x8j,4m,56Mi
18:17:23,131,emailservice-66944ff59-zvg4w,4m,56Mi
18:17:23,131,recommendationservice-7444754ff5-w769g,4m,51Mi
18:17:23,131,productcatalogservice-65bbf699df-d9cxl,4m,43Mi
18:17:23,131,adservice-574bff445c-4w7zh,4m,230Mi
18:17:23,131,redis-cart-c8ff86559-gpcc7,3m,36Mi
18:17:23,131,currencyservice-7c8fc8fc9c-s92sq,3m,75Mi
18:17:23,131,emailservice-66944ff59-xh284,3m,56Mi
18:17:23,131,adservice-574bff445c-k5l76,3m,275Mi
18:17:23,131,frontend-7bd6f45654-jwp2b,2m,21Mi
18:17:23,131,productcatalogservice-65bbf699df-8ztwv,2m,20Mi
18:17:23,131,paymentservice-9bfb7bf5-9mdwz,2m,126Mi
18:17:23,131,cartservice-db96d6fcc-x6v6f,2m,108Mi
18:17:23,131,productcatalogservice-65bbf699df-2hv25,1m,21Mi
18:17:23,131,checkoutservice-5b6d96c9b7-tvvwl,1m,15Mi
18:17:23,131,checkoutservice-5b6d96c9b7-lwnbx,1m,16Mi
18:17:23,131,checkoutservice-5b6d96c9b7-fwtng,1m,37Mi
18:17:23,131,shippingservice-f956b6d9f-g5j6b,1m,16Mi
18:17:23,131,shippingservice-f956b6d9f-m2h7g,1m,16Mi
18:17:23,131,shippingservice-f956b6d9f-ml5cg,1m,31Mi
18:17:33,132,paymentservice-9bfb7bf5-x4kz9,10m,68Mi
18:17:33,132,recommendationservice-7444754ff5-kk4vc,9m,80Mi
18:17:33,132,adservice-574bff445c-2zzqg,8m,160Mi
18:17:33,132,frontend-7bd6f45654-dnhzb,7m,43Mi
18:17:33,132,loadgenerator-57fc5754d-vdlgn,7m,64Mi
18:17:33,132,currencyservice-7c8fc8fc9c-rtbz4,7m,125Mi
18:17:33,132,currencyservice-7c8fc8fc9c-6tsnv,7m,110Mi
18:17:33,132,cartservice-db96d6fcc-tsdhc,6m,145Mi
18:17:33,132,recommendationservice-7444754ff5-w69fs,6m,54Mi
18:17:33,132,adservice-574bff445c-4w7zh,6m,230Mi
18:17:33,132,productcatalogservice-65bbf699df-d9cxl,4m,43Mi
18:17:33,132,frontend-7bd6f45654-xmsf8,4m,22Mi
18:17:33,132,recommendationservice-7444754ff5-w769g,4m,51Mi
18:17:33,132,emailservice-66944ff59-62x8j,4m,56Mi
18:17:33,132,emailservice-66944ff59-xh284,4m,56Mi
18:17:33,132,emailservice-66944ff59-zvg4w,4m,56Mi
18:17:33,132,adservice-574bff445c-k5l76,4m,275Mi
18:17:33,132,frontend-7bd6f45654-jwp2b,3m,21Mi
18:17:33,132,redis-cart-c8ff86559-gpcc7,3m,36Mi
18:17:33,132,cartservice-db96d6fcc-6kndn,3m,132Mi
18:17:33,132,cartservice-db96d6fcc-x6v6f,2m,108Mi
18:17:33,132,paymentservice-9bfb7bf5-9mdwz,2m,126Mi
18:17:33,132,paymentservice-9bfb7bf5-w2dt7,2m,69Mi
18:17:33,132,currencyservice-7c8fc8fc9c-s92sq,2m,75Mi
18:17:33,132,shippingservice-f956b6d9f-g5j6b,2m,16Mi
18:17:33,132,productcatalogservice-65bbf699df-8ztwv,2m,20Mi
18:17:33,132,checkoutservice-5b6d96c9b7-tvvwl,1m,15Mi
18:17:33,132,checkoutservice-5b6d96c9b7-fwtng,1m,37Mi
18:17:33,132,checkoutservice-5b6d96c9b7-lwnbx,1m,16Mi
18:17:33,132,productcatalogservice-65bbf699df-2hv25,1m,21Mi
18:17:33,132,shippingservice-f956b6d9f-m2h7g,1m,16Mi
18:17:33,132,shippingservice-f956b6d9f-ml5cg,1m,31Mi
18:17:43,133,paymentservice-9bfb7bf5-x4kz9,10m,68Mi
18:17:43,133,recommendationservice-7444754ff5-kk4vc,9m,80Mi
18:17:43,133,adservice-574bff445c-2zzqg,8m,160Mi
18:17:43,133,frontend-7bd6f45654-dnhzb,7m,43Mi
18:17:43,133,loadgenerator-57fc5754d-vdlgn,7m,64Mi
18:17:43,133,currencyservice-7c8fc8fc9c-rtbz4,7m,125Mi
18:17:43,133,currencyservice-7c8fc8fc9c-6tsnv,7m,110Mi
18:17:43,133,cartservice-db96d6fcc-tsdhc,6m,145Mi
18:17:43,133,recommendationservice-7444754ff5-w69fs,6m,54Mi
18:17:43,133,adservice-574bff445c-4w7zh,6m,230Mi
18:17:43,133,productcatalogservice-65bbf699df-d9cxl,4m,43Mi
18:17:43,133,frontend-7bd6f45654-xmsf8,4m,22Mi
18:17:43,133,recommendationservice-7444754ff5-w769g,4m,51Mi
18:17:43,133,emailservice-66944ff59-62x8j,4m,56Mi
18:17:43,133,emailservice-66944ff59-xh284,4m,56Mi
18:17:43,133,emailservice-66944ff59-zvg4w,4m,56Mi
18:17:43,133,adservice-574bff445c-k5l76,4m,275Mi
18:17:43,133,frontend-7bd6f45654-jwp2b,3m,21Mi
18:17:43,133,redis-cart-c8ff86559-gpcc7,3m,36Mi
18:17:43,133,cartservice-db96d6fcc-6kndn,3m,132Mi
18:17:43,133,cartservice-db96d6fcc-x6v6f,2m,108Mi
18:17:43,133,paymentservice-9bfb7bf5-9mdwz,2m,126Mi
18:17:43,133,paymentservice-9bfb7bf5-w2dt7,2m,69Mi
18:17:43,133,currencyservice-7c8fc8fc9c-s92sq,2m,75Mi
18:17:43,133,shippingservice-f956b6d9f-g5j6b,2m,16Mi
18:17:43,133,productcatalogservice-65bbf699df-8ztwv,2m,20Mi
18:17:43,133,checkoutservice-5b6d96c9b7-tvvwl,1m,15Mi
18:17:43,133,checkoutservice-5b6d96c9b7-fwtng,1m,37Mi
18:17:43,133,checkoutservice-5b6d96c9b7-lwnbx,1m,16Mi
18:17:43,133,productcatalogservice-65bbf699df-2hv25,1m,21Mi
18:17:43,133,shippingservice-f956b6d9f-m2h7g,1m,16Mi
18:17:43,133,shippingservice-f956b6d9f-ml5cg,1m,31Mi
18:17:53,134,recommendationservice-7444754ff5-kk4vc,11m,80Mi
18:17:53,134,loadgenerator-57fc5754d-vdlgn,8m,64Mi
18:17:53,134,frontend-7bd6f45654-dnhzb,7m,43Mi
18:17:53,134,currencyservice-7c8fc8fc9c-6tsnv,7m,111Mi
18:17:53,134,currencyservice-7c8fc8fc9c-rtbz4,6m,125Mi
18:17:53,134,recommendationservice-7444754ff5-w69fs,6m,54Mi
18:17:53,134,cartservice-db96d6fcc-tsdhc,6m,145Mi
18:17:53,134,adservice-574bff445c-4w7zh,5m,230Mi
18:17:53,134,productcatalogservice-65bbf699df-d9cxl,5m,43Mi
18:17:53,134,frontend-7bd6f45654-xmsf8,5m,22Mi
18:17:53,134,frontend-7bd6f45654-jwp2b,4m,21Mi
18:17:53,134,cartservice-db96d6fcc-6kndn,4m,132Mi
18:17:53,134,emailservice-66944ff59-zvg4w,4m,56Mi
18:17:53,134,emailservice-66944ff59-62x8j,3m,56Mi
18:17:53,134,emailservice-66944ff59-xh284,3m,56Mi
18:17:53,134,redis-cart-c8ff86559-gpcc7,3m,36Mi
18:17:53,134,recommendationservice-7444754ff5-w769g,3m,51Mi
18:17:53,134,adservice-574bff445c-k5l76,3m,275Mi
18:17:53,134,adservice-574bff445c-2zzqg,2m,160Mi
18:17:53,134,productcatalogservice-65bbf699df-8ztwv,2m,20Mi
18:17:53,134,paymentservice-9bfb7bf5-w2dt7,2m,69Mi
18:17:53,134,currencyservice-7c8fc8fc9c-s92sq,2m,75Mi
18:17:53,134,cartservice-db96d6fcc-x6v6f,2m,108Mi
18:17:53,134,checkoutservice-5b6d96c9b7-fwtng,1m,37Mi
18:17:53,134,productcatalogservice-65bbf699df-2hv25,1m,21Mi
18:17:53,134,paymentservice-9bfb7bf5-9mdwz,1m,126Mi
18:17:53,134,checkoutservice-5b6d96c9b7-lwnbx,1m,16Mi
18:17:53,134,paymentservice-9bfb7bf5-x4kz9,1m,68Mi
18:17:53,134,checkoutservice-5b6d96c9b7-tvvwl,1m,15Mi
18:17:53,134,shippingservice-f956b6d9f-g5j6b,1m,16Mi
18:17:53,134,shippingservice-f956b6d9f-m2h7g,1m,16Mi
18:17:53,134,shippingservice-f956b6d9f-ml5cg,1m,31Mi
18:18:04,135,recommendationservice-7444754ff5-kk4vc,10m,80Mi
18:18:04,135,frontend-7bd6f45654-dnhzb,8m,43Mi
18:18:04,135,currencyservice-7c8fc8fc9c-rtbz4,8m,125Mi
18:18:04,135,loadgenerator-57fc5754d-vdlgn,7m,64Mi
18:18:04,135,cartservice-db96d6fcc-tsdhc,5m,145Mi
18:18:04,135,recommendationservice-7444754ff5-w69fs,5m,54Mi
18:18:04,135,currencyservice-7c8fc8fc9c-6tsnv,5m,111Mi
18:18:04,135,productcatalogservice-65bbf699df-d9cxl,5m,43Mi
18:18:04,135,adservice-574bff445c-4w7zh,5m,230Mi
18:18:04,135,emailservice-66944ff59-62x8j,4m,56Mi
18:18:04,135,emailservice-66944ff59-zvg4w,4m,56Mi
18:18:04,135,redis-cart-c8ff86559-gpcc7,3m,36Mi
18:18:04,135,recommendationservice-7444754ff5-w769g,3m,51Mi
18:18:04,135,frontend-7bd6f45654-xmsf8,3m,22Mi
18:18:04,135,cartservice-db96d6fcc-6kndn,3m,133Mi
18:18:04,135,emailservice-66944ff59-xh284,3m,56Mi
18:18:04,135,adservice-574bff445c-k5l76,3m,275Mi
18:18:04,135,frontend-7bd6f45654-jwp2b,2m,21Mi
18:18:04,135,productcatalogservice-65bbf699df-8ztwv,2m,20Mi
18:18:04,135,paymentservice-9bfb7bf5-9mdwz,2m,126Mi
18:18:04,135,paymentservice-9bfb7bf5-w2dt7,2m,69Mi
18:18:04,135,cartservice-db96d6fcc-x6v6f,2m,108Mi
18:18:04,135,currencyservice-7c8fc8fc9c-s92sq,2m,75Mi
18:18:04,135,paymentservice-9bfb7bf5-x4kz9,1m,68Mi
18:18:04,135,productcatalogservice-65bbf699df-2hv25,1m,21Mi
18:18:04,135,checkoutservice-5b6d96c9b7-tvvwl,1m,15Mi
18:18:04,135,checkoutservice-5b6d96c9b7-lwnbx,1m,16Mi
18:18:04,135,checkoutservice-5b6d96c9b7-fwtng,1m,38Mi
18:18:04,135,adservice-574bff445c-2zzqg,1m,160Mi
18:18:04,135,shippingservice-f956b6d9f-g5j6b,1m,16Mi
18:18:04,135,shippingservice-f956b6d9f-m2h7g,1m,16Mi
18:18:04,135,shippingservice-f956b6d9f-ml5cg,1m,31Mi
18:18:14,136,recommendationservice-7444754ff5-kk4vc,10m,80Mi
18:18:14,136,frontend-7bd6f45654-dnhzb,8m,43Mi
18:18:14,136,currencyservice-7c8fc8fc9c-rtbz4,8m,125Mi
18:18:14,136,loadgenerator-57fc5754d-vdlgn,7m,64Mi
18:18:14,136,cartservice-db96d6fcc-tsdhc,5m,145Mi
18:18:14,136,recommendationservice-7444754ff5-w69fs,5m,54Mi
18:18:14,136,currencyservice-7c8fc8fc9c-6tsnv,5m,111Mi
18:18:14,136,productcatalogservice-65bbf699df-d9cxl,5m,43Mi
18:18:14,136,adservice-574bff445c-4w7zh,5m,230Mi
18:18:14,136,emailservice-66944ff59-62x8j,4m,56Mi
18:18:14,136,emailservice-66944ff59-zvg4w,4m,56Mi
18:18:14,136,redis-cart-c8ff86559-gpcc7,3m,36Mi
18:18:14,136,recommendationservice-7444754ff5-w769g,3m,51Mi
18:18:14,136,frontend-7bd6f45654-xmsf8,3m,22Mi
18:18:14,136,cartservice-db96d6fcc-6kndn,3m,133Mi
18:18:14,136,emailservice-66944ff59-xh284,3m,56Mi
18:18:14,136,adservice-574bff445c-k5l76,3m,275Mi
18:18:14,136,frontend-7bd6f45654-jwp2b,2m,21Mi
18:18:14,136,productcatalogservice-65bbf699df-8ztwv,2m,20Mi
18:18:14,136,paymentservice-9bfb7bf5-9mdwz,2m,126Mi
18:18:14,136,paymentservice-9bfb7bf5-w2dt7,2m,69Mi
18:18:14,136,cartservice-db96d6fcc-x6v6f,2m,108Mi
18:18:14,136,currencyservice-7c8fc8fc9c-s92sq,2m,75Mi
18:18:14,136,paymentservice-9bfb7bf5-x4kz9,1m,68Mi
18:18:14,136,productcatalogservice-65bbf699df-2hv25,1m,21Mi
18:18:14,136,checkoutservice-5b6d96c9b7-tvvwl,1m,15Mi
18:18:14,136,checkoutservice-5b6d96c9b7-lwnbx,1m,16Mi
18:18:14,136,checkoutservice-5b6d96c9b7-fwtng,1m,38Mi
18:18:14,136,adservice-574bff445c-2zzqg,1m,160Mi
18:18:14,136,shippingservice-f956b6d9f-g5j6b,1m,16Mi
18:18:14,136,shippingservice-f956b6d9f-m2h7g,1m,16Mi
18:18:14,136,shippingservice-f956b6d9f-ml5cg,1m,31Mi
18:18:24,137,adservice-574bff445c-4w7zh,12m,233Mi
18:18:24,137,recommendationservice-7444754ff5-kk4vc,9m,80Mi
18:18:24,137,recommendationservice-7444754ff5-w69fs,7m,54Mi
18:18:24,137,cartservice-db96d6fcc-6kndn,7m,132Mi
18:18:24,137,loadgenerator-57fc5754d-vdlgn,7m,64Mi
18:18:24,137,currencyservice-7c8fc8fc9c-6tsnv,7m,111Mi
18:18:24,137,frontend-7bd6f45654-dnhzb,5m,43Mi
18:18:24,137,cartservice-db96d6fcc-tsdhc,5m,145Mi
18:18:24,137,productcatalogservice-65bbf699df-d9cxl,5m,43Mi
18:18:24,137,frontend-7bd6f45654-xmsf8,5m,22Mi
18:18:24,137,frontend-7bd6f45654-jwp2b,4m,21Mi
18:18:24,137,emailservice-66944ff59-zvg4w,4m,56Mi
18:18:24,137,currencyservice-7c8fc8fc9c-rtbz4,4m,125Mi
18:18:24,137,adservice-574bff445c-k5l76,3m,275Mi
18:18:24,137,emailservice-66944ff59-xh284,3m,56Mi
18:18:24,137,emailservice-66944ff59-62x8j,3m,56Mi
18:18:24,137,adservice-574bff445c-2zzqg,3m,160Mi
18:18:24,137,redis-cart-c8ff86559-gpcc7,3m,36Mi
18:18:24,137,recommendationservice-7444754ff5-w769g,3m,51Mi
18:18:24,137,currencyservice-7c8fc8fc9c-s92sq,3m,75Mi
18:18:24,137,productcatalogservice-65bbf699df-8ztwv,3m,19Mi
18:18:24,137,productcatalogservice-65bbf699df-2hv25,2m,21Mi
18:18:24,137,paymentservice-9bfb7bf5-w2dt7,2m,69Mi
18:18:24,137,cartservice-db96d6fcc-x6v6f,2m,108Mi
18:18:24,137,paymentservice-9bfb7bf5-9mdwz,2m,126Mi
18:18:24,137,paymentservice-9bfb7bf5-x4kz9,1m,68Mi
18:18:24,137,checkoutservice-5b6d96c9b7-fwtng,1m,38Mi
18:18:24,137,checkoutservice-5b6d96c9b7-lwnbx,1m,16Mi
18:18:24,137,checkoutservice-5b6d96c9b7-tvvwl,1m,15Mi
18:18:24,137,shippingservice-f956b6d9f-g5j6b,1m,16Mi
18:18:24,137,shippingservice-f956b6d9f-m2h7g,1m,16Mi
18:18:24,137,shippingservice-f956b6d9f-ml5cg,1m,31Mi
18:18:34,138,recommendationservice-7444754ff5-kk4vc,9m,80Mi
18:18:34,138,frontend-7bd6f45654-dnhzb,8m,43Mi
18:18:34,138,currencyservice-7c8fc8fc9c-rtbz4,7m,125Mi
18:18:34,138,loadgenerator-57fc5754d-vdlgn,7m,64Mi
18:18:34,138,recommendationservice-7444754ff5-w69fs,6m,54Mi
18:18:34,138,productcatalogservice-65bbf699df-d9cxl,5m,43Mi
18:18:34,138,cartservice-db96d6fcc-tsdhc,5m,145Mi
18:18:34,138,currencyservice-7c8fc8fc9c-6tsnv,5m,111Mi
18:18:34,138,emailservice-66944ff59-zvg4w,4m,56Mi
18:18:34,138,adservice-574bff445c-2zzqg,4m,162Mi
18:18:34,138,recommendationservice-7444754ff5-w769g,4m,51Mi
18:18:34,138,adservice-574bff445c-4w7zh,4m,233Mi
18:18:34,138,emailservice-66944ff59-62x8j,4m,56Mi
18:18:34,138,frontend-7bd6f45654-jwp2b,3m,21Mi
18:18:34,138,redis-cart-c8ff86559-gpcc7,3m,37Mi
18:18:34,138,frontend-7bd6f45654-xmsf8,3m,22Mi
18:18:34,138,emailservice-66944ff59-xh284,3m,56Mi
18:18:34,138,adservice-574bff445c-k5l76,3m,275Mi
18:18:34,138,cartservice-db96d6fcc-6kndn,3m,132Mi
18:18:34,138,cartservice-db96d6fcc-x6v6f,2m,108Mi
18:18:34,138,currencyservice-7c8fc8fc9c-s92sq,2m,75Mi
18:18:34,138,paymentservice-9bfb7bf5-9mdwz,2m,126Mi
18:18:34,138,paymentservice-9bfb7bf5-w2dt7,2m,69Mi
18:18:34,138,paymentservice-9bfb7bf5-x4kz9,2m,68Mi
18:18:34,138,checkoutservice-5b6d96c9b7-lwnbx,1m,16Mi
18:18:34,138,checkoutservice-5b6d96c9b7-fwtng,1m,38Mi
18:18:34,138,productcatalogservice-65bbf699df-8ztwv,1m,19Mi
18:18:34,138,productcatalogservice-65bbf699df-2hv25,1m,21Mi
18:18:34,138,checkoutservice-5b6d96c9b7-tvvwl,1m,15Mi
18:18:34,138,shippingservice-f956b6d9f-g5j6b,1m,16Mi
18:18:34,138,shippingservice-f956b6d9f-m2h7g,1m,16Mi
18:18:34,138,shippingservice-f956b6d9f-ml5cg,1m,31Mi
18:18:44,139,recommendationservice-7444754ff5-kk4vc,9m,80Mi
18:18:44,139,frontend-7bd6f45654-dnhzb,8m,43Mi
18:18:44,139,currencyservice-7c8fc8fc9c-rtbz4,7m,125Mi
18:18:44,139,loadgenerator-57fc5754d-vdlgn,7m,64Mi
18:18:44,139,recommendationservice-7444754ff5-w69fs,6m,54Mi
18:18:44,139,productcatalogservice-65bbf699df-d9cxl,5m,43Mi
18:18:44,139,cartservice-db96d6fcc-tsdhc,5m,145Mi
18:18:44,139,currencyservice-7c8fc8fc9c-6tsnv,5m,111Mi
18:18:44,139,emailservice-66944ff59-zvg4w,4m,56Mi
18:18:44,139,adservice-574bff445c-2zzqg,4m,162Mi
18:18:44,139,recommendationservice-7444754ff5-w769g,4m,51Mi
18:18:44,139,adservice-574bff445c-4w7zh,4m,233Mi
18:18:44,139,emailservice-66944ff59-62x8j,4m,56Mi
18:18:44,139,frontend-7bd6f45654-jwp2b,3m,21Mi
18:18:44,139,redis-cart-c8ff86559-gpcc7,3m,37Mi
18:18:44,139,frontend-7bd6f45654-xmsf8,3m,22Mi
18:18:44,139,emailservice-66944ff59-xh284,3m,56Mi
18:18:44,139,adservice-574bff445c-k5l76,3m,275Mi
18:18:44,139,cartservice-db96d6fcc-6kndn,3m,132Mi
18:18:44,139,cartservice-db96d6fcc-x6v6f,2m,108Mi
18:18:44,139,currencyservice-7c8fc8fc9c-s92sq,2m,75Mi
18:18:44,139,paymentservice-9bfb7bf5-9mdwz,2m,126Mi
18:18:44,139,paymentservice-9bfb7bf5-w2dt7,2m,69Mi
18:18:44,139,paymentservice-9bfb7bf5-x4kz9,2m,68Mi
18:18:44,139,checkoutservice-5b6d96c9b7-lwnbx,1m,16Mi
18:18:44,139,checkoutservice-5b6d96c9b7-fwtng,1m,38Mi
18:18:44,139,productcatalogservice-65bbf699df-8ztwv,1m,19Mi
18:18:44,139,productcatalogservice-65bbf699df-2hv25,1m,21Mi
18:18:44,139,checkoutservice-5b6d96c9b7-tvvwl,1m,15Mi
18:18:44,139,shippingservice-f956b6d9f-g5j6b,1m,16Mi
18:18:44,139,shippingservice-f956b6d9f-m2h7g,1m,16Mi
18:18:44,139,shippingservice-f956b6d9f-ml5cg,1m,31Mi
18:18:54,140,recommendationservice-7444754ff5-kk4vc,8m,80Mi
18:18:54,140,currencyservice-7c8fc8fc9c-6tsnv,7m,111Mi
18:18:54,140,recommendationservice-7444754ff5-w69fs,6m,54Mi
18:18:54,140,loadgenerator-57fc5754d-vdlgn,6m,64Mi
18:18:54,140,cartservice-db96d6fcc-tsdhc,5m,145Mi
18:18:54,140,emailservice-66944ff59-zvg4w,4m,56Mi
18:18:54,140,recommendationservice-7444754ff5-w769g,4m,51Mi
18:18:54,140,productcatalogservice-65bbf699df-d9cxl,4m,43Mi
18:18:54,140,adservice-574bff445c-2zzqg,4m,162Mi
18:18:54,140,adservice-574bff445c-4w7zh,4m,233Mi
18:18:54,140,currencyservice-7c8fc8fc9c-rtbz4,4m,125Mi
18:18:54,140,frontend-7bd6f45654-dnhzb,4m,43Mi
18:18:54,140,emailservice-66944ff59-62x8j,4m,56Mi
18:18:54,140,emailservice-66944ff59-xh284,4m,56Mi
18:18:54,140,frontend-7bd6f45654-jwp2b,3m,21Mi
18:18:54,140,cartservice-db96d6fcc-6kndn,3m,132Mi
18:18:54,140,redis-cart-c8ff86559-gpcc7,3m,36Mi
18:18:54,140,frontend-7bd6f45654-xmsf8,3m,22Mi
18:18:54,140,adservice-574bff445c-k5l76,3m,275Mi
18:18:54,140,productcatalogservice-65bbf699df-8ztwv,2m,19Mi
18:18:54,140,paymentservice-9bfb7bf5-w2dt7,2m,69Mi
18:18:54,140,paymentservice-9bfb7bf5-x4kz9,2m,68Mi
18:18:54,140,currencyservice-7c8fc8fc9c-s92sq,2m,75Mi
18:18:54,140,cartservice-db96d6fcc-x6v6f,2m,108Mi
18:18:54,140,productcatalogservice-65bbf699df-2hv25,1m,21Mi
18:18:54,140,checkoutservice-5b6d96c9b7-fwtng,1m,38Mi
18:18:54,140,paymentservice-9bfb7bf5-9mdwz,1m,126Mi
18:18:54,140,checkoutservice-5b6d96c9b7-lwnbx,1m,16Mi
18:18:54,140,checkoutservice-5b6d96c9b7-tvvwl,1m,15Mi
18:18:54,140,shippingservice-f956b6d9f-g5j6b,1m,16Mi
18:18:54,140,shippingservice-f956b6d9f-m2h7g,1m,16Mi
18:18:54,140,shippingservice-f956b6d9f-ml5cg,1m,31Mi
18:19:05,141,currencyservice-7c8fc8fc9c-rtbz4,9m,125Mi
18:19:05,141,frontend-7bd6f45654-dnhzb,8m,43Mi
18:19:05,141,recommendationservice-7444754ff5-kk4vc,8m,80Mi
18:19:05,141,paymentservice-9bfb7bf5-x4kz9,8m,66Mi
18:19:05,141,loadgenerator-57fc5754d-vdlgn,7m,64Mi
18:19:05,141,currencyservice-7c8fc8fc9c-6tsnv,7m,111Mi
18:19:05,141,recommendationservice-7444754ff5-w69fs,7m,54Mi
18:19:05,141,frontend-7bd6f45654-xmsf8,6m,22Mi
18:19:05,141,cartservice-db96d6fcc-6kndn,5m,132Mi
18:19:05,141,cartservice-db96d6fcc-tsdhc,5m,145Mi
18:19:05,141,emailservice-66944ff59-zvg4w,4m,57Mi
18:19:05,141,productcatalogservice-65bbf699df-d9cxl,4m,43Mi
18:19:05,141,adservice-574bff445c-k5l76,3m,275Mi
18:19:05,141,emailservice-66944ff59-62x8j,3m,56Mi
18:19:05,141,emailservice-66944ff59-xh284,3m,56Mi
18:19:05,141,recommendationservice-7444754ff5-w769g,3m,51Mi
18:19:05,141,redis-cart-c8ff86559-gpcc7,3m,36Mi
18:19:05,141,cartservice-db96d6fcc-x6v6f,3m,108Mi
18:19:05,141,adservice-574bff445c-4w7zh,3m,233Mi
18:19:05,141,productcatalogservice-65bbf699df-8ztwv,3m,19Mi
18:19:05,141,frontend-7bd6f45654-jwp2b,2m,21Mi
18:19:05,141,paymentservice-9bfb7bf5-w2dt7,2m,69Mi
18:19:05,141,paymentservice-9bfb7bf5-9mdwz,2m,126Mi
18:19:05,141,adservice-574bff445c-2zzqg,2m,162Mi
18:19:05,141,currencyservice-7c8fc8fc9c-s92sq,2m,75Mi
18:19:05,141,shippingservice-f956b6d9f-ml5cg,2m,31Mi
18:19:05,141,productcatalogservice-65bbf699df-2hv25,1m,21Mi
18:19:05,141,checkoutservice-5b6d96c9b7-tvvwl,1m,15Mi
18:19:05,141,checkoutservice-5b6d96c9b7-lwnbx,1m,16Mi
18:19:05,141,checkoutservice-5b6d96c9b7-fwtng,1m,38Mi
18:19:05,141,shippingservice-f956b6d9f-g5j6b,1m,16Mi
18:19:05,141,shippingservice-f956b6d9f-m2h7g,1m,16Mi
18:19:15,142,currencyservice-7c8fc8fc9c-rtbz4,9m,125Mi
18:19:15,142,frontend-7bd6f45654-dnhzb,8m,43Mi
18:19:15,142,recommendationservice-7444754ff5-kk4vc,8m,80Mi
18:19:15,142,paymentservice-9bfb7bf5-x4kz9,8m,66Mi
18:19:15,142,loadgenerator-57fc5754d-vdlgn,7m,64Mi
18:19:15,142,currencyservice-7c8fc8fc9c-6tsnv,7m,111Mi
18:19:15,142,recommendationservice-7444754ff5-w69fs,7m,54Mi
18:19:15,142,frontend-7bd6f45654-xmsf8,6m,22Mi
18:19:15,142,cartservice-db96d6fcc-6kndn,5m,132Mi
18:19:15,142,cartservice-db96d6fcc-tsdhc,5m,145Mi
18:19:15,142,emailservice-66944ff59-zvg4w,4m,57Mi
18:19:15,142,productcatalogservice-65bbf699df-d9cxl,4m,43Mi
18:19:15,142,adservice-574bff445c-k5l76,3m,275Mi
18:19:15,142,emailservice-66944ff59-62x8j,3m,56Mi
18:19:15,142,emailservice-66944ff59-xh284,3m,56Mi
18:19:15,142,recommendationservice-7444754ff5-w769g,3m,51Mi
18:19:15,142,redis-cart-c8ff86559-gpcc7,3m,36Mi
18:19:15,142,cartservice-db96d6fcc-x6v6f,3m,108Mi
18:19:15,142,adservice-574bff445c-4w7zh,3m,233Mi
18:19:15,142,productcatalogservice-65bbf699df-8ztwv,3m,19Mi
18:19:15,142,frontend-7bd6f45654-jwp2b,2m,21Mi
18:19:15,142,paymentservice-9bfb7bf5-w2dt7,2m,69Mi
18:19:15,142,paymentservice-9bfb7bf5-9mdwz,2m,126Mi
18:19:15,142,adservice-574bff445c-2zzqg,2m,162Mi
18:19:15,142,currencyservice-7c8fc8fc9c-s92sq,2m,75Mi
18:19:15,142,shippingservice-f956b6d9f-ml5cg,2m,31Mi
18:19:15,142,productcatalogservice-65bbf699df-2hv25,1m,21Mi
18:19:15,142,checkoutservice-5b6d96c9b7-tvvwl,1m,15Mi
18:19:15,142,checkoutservice-5b6d96c9b7-lwnbx,1m,16Mi
18:19:15,142,checkoutservice-5b6d96c9b7-fwtng,1m,38Mi
18:19:15,142,shippingservice-f956b6d9f-g5j6b,1m,16Mi
18:19:15,142,shippingservice-f956b6d9f-m2h7g,1m,16Mi
18:19:25,143,recommendationservice-7444754ff5-kk4vc,8m,80Mi
18:19:25,143,recommendationservice-7444754ff5-w69fs,7m,54Mi
18:19:25,143,loadgenerator-57fc5754d-vdlgn,7m,64Mi
18:19:25,143,cartservice-db96d6fcc-tsdhc,6m,145Mi
18:19:25,143,currencyservice-7c8fc8fc9c-6tsnv,6m,111Mi
18:19:25,143,frontend-7bd6f45654-dnhzb,6m,43Mi
18:19:25,143,currencyservice-7c8fc8fc9c-rtbz4,6m,125Mi
18:19:25,143,frontend-7bd6f45654-xmsf8,5m,22Mi
18:19:25,143,cartservice-db96d6fcc-6kndn,4m,132Mi
18:19:25,143,adservice-574bff445c-k5l76,4m,275Mi
18:19:25,143,productcatalogservice-65bbf699df-d9cxl,4m,43Mi
18:19:25,143,emailservice-66944ff59-zvg4w,4m,56Mi
18:19:25,143,productcatalogservice-65bbf699df-8ztwv,3m,20Mi
18:19:25,143,emailservice-66944ff59-62x8j,3m,56Mi
18:19:25,143,emailservice-66944ff59-xh284,3m,56Mi
18:19:25,143,recommendationservice-7444754ff5-w769g,3m,51Mi
18:19:25,143,adservice-574bff445c-2zzqg,3m,162Mi
18:19:25,143,redis-cart-c8ff86559-gpcc7,3m,36Mi
18:19:25,143,adservice-574bff445c-4w7zh,3m,233Mi
18:19:25,143,frontend-7bd6f45654-jwp2b,2m,21Mi
18:19:25,143,paymentservice-9bfb7bf5-x4kz9,2m,66Mi
18:19:25,143,paymentservice-9bfb7bf5-9mdwz,2m,126Mi
18:19:25,143,currencyservice-7c8fc8fc9c-s92sq,2m,75Mi
18:19:25,143,cartservice-db96d6fcc-x6v6f,2m,108Mi
18:19:25,143,paymentservice-9bfb7bf5-w2dt7,1m,69Mi
18:19:25,143,productcatalogservice-65bbf699df-2hv25,1m,21Mi
18:19:25,143,checkoutservice-5b6d96c9b7-tvvwl,1m,15Mi
18:19:25,143,checkoutservice-5b6d96c9b7-lwnbx,1m,16Mi
18:19:25,143,checkoutservice-5b6d96c9b7-fwtng,1m,37Mi
18:19:25,143,shippingservice-f956b6d9f-g5j6b,1m,16Mi
18:19:25,143,shippingservice-f956b6d9f-m2h7g,1m,16Mi
18:19:25,143,shippingservice-f956b6d9f-ml5cg,1m,31Mi
18:19:35,144,recommendationservice-7444754ff5-kk4vc,9m,80Mi
18:19:35,144,currencyservice-7c8fc8fc9c-6tsnv,7m,111Mi
18:19:35,144,recommendationservice-7444754ff5-w69fs,7m,54Mi
18:19:35,144,loadgenerator-57fc5754d-vdlgn,6m,64Mi
18:19:35,144,cartservice-db96d6fcc-tsdhc,5m,146Mi
18:19:35,144,productcatalogservice-65bbf699df-d9cxl,4m,43Mi
18:19:35,144,adservice-574bff445c-2zzqg,4m,163Mi
18:19:35,144,recommendationservice-7444754ff5-w769g,4m,51Mi
18:19:35,144,frontend-7bd6f45654-xmsf8,4m,22Mi
18:19:35,144,frontend-7bd6f45654-jwp2b,4m,21Mi
18:19:35,144,currencyservice-7c8fc8fc9c-rtbz4,4m,122Mi
18:19:35,144,frontend-7bd6f45654-dnhzb,4m,43Mi
18:19:35,144,emailservice-66944ff59-62x8j,4m,56Mi
18:19:35,144,emailservice-66944ff59-xh284,3m,56Mi
18:19:35,144,emailservice-66944ff59-zvg4w,3m,56Mi
18:19:35,144,redis-cart-c8ff86559-gpcc7,3m,36Mi
18:19:35,144,adservice-574bff445c-4w7zh,3m,233Mi
18:19:35,144,adservice-574bff445c-k5l76,3m,275Mi
18:19:35,144,cartservice-db96d6fcc-6kndn,3m,132Mi
18:19:35,144,paymentservice-9bfb7bf5-x4kz9,2m,66Mi
18:19:35,144,paymentservice-9bfb7bf5-w2dt7,2m,69Mi
18:19:35,144,productcatalogservice-65bbf699df-8ztwv,2m,20Mi
18:19:35,144,cartservice-db96d6fcc-x6v6f,2m,108Mi
18:19:35,144,currencyservice-7c8fc8fc9c-s92sq,2m,75Mi
18:19:35,144,paymentservice-9bfb7bf5-9mdwz,1m,126Mi
18:19:35,144,productcatalogservice-65bbf699df-2hv25,1m,21Mi
18:19:35,144,checkoutservice-5b6d96c9b7-fwtng,1m,37Mi
18:19:35,144,checkoutservice-5b6d96c9b7-tvvwl,1m,15Mi
18:19:35,144,checkoutservice-5b6d96c9b7-lwnbx,1m,16Mi
18:19:35,144,shippingservice-f956b6d9f-g5j6b,1m,16Mi
18:19:35,144,shippingservice-f956b6d9f-m2h7g,1m,16Mi
18:19:35,144,shippingservice-f956b6d9f-ml5cg,1m,31Mi
18:19:45,145,recommendationservice-7444754ff5-kk4vc,9m,80Mi
18:19:45,145,currencyservice-7c8fc8fc9c-6tsnv,7m,111Mi
18:19:45,145,recommendationservice-7444754ff5-w69fs,7m,54Mi
18:19:45,145,loadgenerator-57fc5754d-vdlgn,6m,64Mi
18:19:45,145,cartservice-db96d6fcc-tsdhc,5m,146Mi
18:19:45,145,productcatalogservice-65bbf699df-d9cxl,4m,43Mi
18:19:45,145,adservice-574bff445c-2zzqg,4m,163Mi
18:19:45,145,recommendationservice-7444754ff5-w769g,4m,51Mi
18:19:45,145,frontend-7bd6f45654-xmsf8,4m,22Mi
18:19:45,145,frontend-7bd6f45654-jwp2b,4m,21Mi
18:19:45,145,currencyservice-7c8fc8fc9c-rtbz4,4m,122Mi
18:19:45,145,frontend-7bd6f45654-dnhzb,4m,43Mi
18:19:45,145,emailservice-66944ff59-62x8j,4m,56Mi
18:19:45,145,emailservice-66944ff59-xh284,3m,56Mi
18:19:45,145,emailservice-66944ff59-zvg4w,3m,56Mi
18:19:45,145,redis-cart-c8ff86559-gpcc7,3m,36Mi
18:19:45,145,adservice-574bff445c-4w7zh,3m,233Mi
18:19:45,145,adservice-574bff445c-k5l76,3m,275Mi
18:19:45,145,cartservice-db96d6fcc-6kndn,3m,132Mi
18:19:45,145,paymentservice-9bfb7bf5-x4kz9,2m,66Mi
18:19:45,145,paymentservice-9bfb7bf5-w2dt7,2m,69Mi
18:19:45,145,productcatalogservice-65bbf699df-8ztwv,2m,20Mi
18:19:45,145,cartservice-db96d6fcc-x6v6f,2m,108Mi
18:19:45,145,currencyservice-7c8fc8fc9c-s92sq,2m,75Mi
18:19:45,145,paymentservice-9bfb7bf5-9mdwz,1m,126Mi
18:19:45,145,productcatalogservice-65bbf699df-2hv25,1m,21Mi
18:19:45,145,checkoutservice-5b6d96c9b7-fwtng,1m,37Mi
18:19:45,145,checkoutservice-5b6d96c9b7-tvvwl,1m,15Mi
18:19:45,145,checkoutservice-5b6d96c9b7-lwnbx,1m,16Mi
18:19:45,145,shippingservice-f956b6d9f-g5j6b,1m,16Mi
18:19:45,145,shippingservice-f956b6d9f-m2h7g,1m,16Mi
18:19:45,145,shippingservice-f956b6d9f-ml5cg,1m,31Mi
18:19:55,146,currencyservice-7c8fc8fc9c-6tsnv,11m,110Mi
18:19:55,146,recommendationservice-7444754ff5-kk4vc,10m,80Mi
18:19:55,146,frontend-7bd6f45654-dnhzb,7m,43Mi
18:19:55,146,currencyservice-7c8fc8fc9c-rtbz4,6m,122Mi
18:19:55,146,loadgenerator-57fc5754d-vdlgn,6m,64Mi
18:19:55,146,cartservice-db96d6fcc-tsdhc,5m,146Mi
18:19:55,146,recommendationservice-7444754ff5-w69fs,5m,54Mi
18:19:55,146,productcatalogservice-65bbf699df-d9cxl,5m,43Mi
18:19:55,146,emailservice-66944ff59-xh284,4m,56Mi
18:19:55,146,emailservice-66944ff59-zvg4w,4m,56Mi
18:19:55,146,frontend-7bd6f45654-xmsf8,4m,22Mi
18:19:55,146,recommendationservice-7444754ff5-w769g,3m,51Mi
18:19:55,146,redis-cart-c8ff86559-gpcc7,3m,36Mi
18:19:55,146,cartservice-db96d6fcc-6kndn,3m,132Mi
18:19:55,146,adservice-574bff445c-k5l76,3m,275Mi
18:19:55,146,emailservice-66944ff59-62x8j,3m,56Mi
18:19:55,146,adservice-574bff445c-4w7zh,3m,233Mi
18:19:55,146,adservice-574bff445c-2zzqg,3m,163Mi
18:19:55,146,frontend-7bd6f45654-jwp2b,2m,21Mi
18:19:55,146,cartservice-db96d6fcc-x6v6f,2m,108Mi
18:19:55,146,paymentservice-9bfb7bf5-w2dt7,2m,69Mi
18:19:55,146,currencyservice-7c8fc8fc9c-s92sq,2m,75Mi
18:19:55,146,productcatalogservice-65bbf699df-2hv25,2m,21Mi
18:19:55,146,productcatalogservice-65bbf699df-8ztwv,2m,19Mi
18:19:55,146,paymentservice-9bfb7bf5-x4kz9,1m,66Mi
18:19:55,146,checkoutservice-5b6d96c9b7-tvvwl,1m,15Mi
18:19:55,146,checkoutservice-5b6d96c9b7-lwnbx,1m,16Mi
18:19:55,146,checkoutservice-5b6d96c9b7-fwtng,1m,37Mi
18:19:55,146,paymentservice-9bfb7bf5-9mdwz,1m,126Mi
18:19:55,146,shippingservice-f956b6d9f-g5j6b,1m,16Mi
18:19:55,146,shippingservice-f956b6d9f-m2h7g,1m,16Mi
18:19:55,146,shippingservice-f956b6d9f-ml5cg,1m,31Mi
18:20:05,147,recommendationservice-7444754ff5-kk4vc,8m,80Mi
18:20:05,147,frontend-7bd6f45654-dnhzb,7m,43Mi
18:20:05,147,currencyservice-7c8fc8fc9c-rtbz4,7m,122Mi
18:20:05,147,loadgenerator-57fc5754d-vdlgn,7m,64Mi
18:20:05,147,recommendationservice-7444754ff5-w69fs,6m,54Mi
18:20:05,147,currencyservice-7c8fc8fc9c-6tsnv,5m,110Mi
18:20:05,147,cartservice-db96d6fcc-tsdhc,5m,146Mi
18:20:05,147,productcatalogservice-65bbf699df-d9cxl,4m,43Mi
18:20:05,147,cartservice-db96d6fcc-6kndn,4m,132Mi
18:20:05,147,emailservice-66944ff59-zvg4w,4m,57Mi
18:20:05,147,adservice-574bff445c-k5l76,4m,275Mi
18:20:05,147,frontend-7bd6f45654-xmsf8,4m,22Mi
18:20:05,147,recommendationservice-7444754ff5-w769g,4m,51Mi
18:20:05,147,frontend-7bd6f45654-jwp2b,3m,21Mi
18:20:05,147,emailservice-66944ff59-62x8j,3m,56Mi
18:20:05,147,adservice-574bff445c-2zzqg,3m,163Mi
18:20:05,147,emailservice-66944ff59-xh284,3m,56Mi
18:20:05,147,paymentservice-9bfb7bf5-w2dt7,3m,69Mi
18:20:05,147,redis-cart-c8ff86559-gpcc7,3m,36Mi
18:20:05,147,adservice-574bff445c-4w7zh,3m,233Mi
18:20:05,147,cartservice-db96d6fcc-x6v6f,2m,108Mi
18:20:05,147,currencyservice-7c8fc8fc9c-s92sq,2m,75Mi
18:20:05,147,paymentservice-9bfb7bf5-9mdwz,2m,126Mi
18:20:05,147,paymentservice-9bfb7bf5-x4kz9,2m,66Mi
18:20:05,147,productcatalogservice-65bbf699df-8ztwv,2m,19Mi
18:20:05,147,checkoutservice-5b6d96c9b7-tvvwl,1m,15Mi
18:20:05,147,checkoutservice-5b6d96c9b7-fwtng,1m,37Mi
18:20:05,147,checkoutservice-5b6d96c9b7-lwnbx,1m,16Mi
18:20:05,147,productcatalogservice-65bbf699df-2hv25,1m,21Mi
18:20:05,147,shippingservice-f956b6d9f-g5j6b,1m,16Mi
18:20:05,147,shippingservice-f956b6d9f-m2h7g,1m,16Mi
18:20:05,147,shippingservice-f956b6d9f-ml5cg,1m,31Mi
18:20:16,148,recommendationservice-7444754ff5-kk4vc,9m,80Mi
18:20:16,148,loadgenerator-57fc5754d-vdlgn,8m,64Mi
18:20:16,148,frontend-7bd6f45654-dnhzb,8m,43Mi
18:20:16,148,currencyservice-7c8fc8fc9c-rtbz4,8m,122Mi
18:20:16,148,currencyservice-7c8fc8fc9c-6tsnv,8m,110Mi
18:20:16,148,cartservice-db96d6fcc-tsdhc,6m,146Mi
18:20:16,148,productcatalogservice-65bbf699df-d9cxl,5m,43Mi
18:20:16,148,recommendationservice-7444754ff5-w69fs,5m,54Mi
18:20:16,148,emailservice-66944ff59-xh284,4m,56Mi
18:20:16,148,frontend-7bd6f45654-xmsf8,4m,22Mi
18:20:16,148,cartservice-db96d6fcc-6kndn,4m,133Mi
18:20:16,148,adservice-574bff445c-k5l76,4m,275Mi
18:20:16,148,emailservice-66944ff59-62x8j,4m,56Mi
18:20:16,148,frontend-7bd6f45654-jwp2b,3m,21Mi
18:20:16,148,redis-cart-c8ff86559-gpcc7,3m,36Mi
18:20:16,148,adservice-574bff445c-2zzqg,3m,163Mi
18:20:16,148,recommendationservice-7444754ff5-w769g,3m,51Mi
18:20:16,148,emailservice-66944ff59-zvg4w,3m,56Mi
18:20:16,148,productcatalogservice-65bbf699df-8ztwv,2m,19Mi
18:20:16,148,paymentservice-9bfb7bf5-9mdwz,2m,127Mi
18:20:16,148,paymentservice-9bfb7bf5-w2dt7,2m,69Mi
18:20:16,148,adservice-574bff445c-4w7zh,2m,233Mi
18:20:16,148,cartservice-db96d6fcc-x6v6f,2m,108Mi
18:20:16,148,checkoutservice-5b6d96c9b7-lwnbx,1m,16Mi
18:20:16,148,checkoutservice-5b6d96c9b7-fwtng,1m,37Mi
18:20:16,148,productcatalogservice-65bbf699df-2hv25,1m,21Mi
18:20:16,148,paymentservice-9bfb7bf5-x4kz9,1m,66Mi
18:20:16,148,checkoutservice-5b6d96c9b7-tvvwl,1m,15Mi
18:20:16,148,currencyservice-7c8fc8fc9c-s92sq,1m,75Mi
18:20:16,148,shippingservice-f956b6d9f-g5j6b,1m,16Mi
18:20:16,148,shippingservice-f956b6d9f-m2h7g,1m,16Mi
18:20:16,148,shippingservice-f956b6d9f-ml5cg,1m,31Mi
18:20:26,149,recommendationservice-7444754ff5-kk4vc,9m,80Mi
18:20:26,149,loadgenerator-57fc5754d-vdlgn,8m,64Mi
18:20:26,149,frontend-7bd6f45654-dnhzb,8m,43Mi
18:20:26,149,currencyservice-7c8fc8fc9c-rtbz4,8m,122Mi
18:20:26,149,currencyservice-7c8fc8fc9c-6tsnv,8m,110Mi
18:20:26,149,cartservice-db96d6fcc-tsdhc,6m,146Mi
18:20:26,149,productcatalogservice-65bbf699df-d9cxl,5m,43Mi
18:20:26,149,recommendationservice-7444754ff5-w69fs,5m,54Mi
18:20:26,149,emailservice-66944ff59-xh284,4m,56Mi
18:20:26,149,frontend-7bd6f45654-xmsf8,4m,22Mi
18:20:26,149,cartservice-db96d6fcc-6kndn,4m,133Mi
18:20:26,149,adservice-574bff445c-k5l76,4m,275Mi
18:20:26,149,emailservice-66944ff59-62x8j,4m,56Mi
18:20:26,149,frontend-7bd6f45654-jwp2b,3m,21Mi
18:20:26,149,redis-cart-c8ff86559-gpcc7,3m,36Mi
18:20:26,149,adservice-574bff445c-2zzqg,3m,163Mi
18:20:26,149,recommendationservice-7444754ff5-w769g,3m,51Mi
18:20:26,149,emailservice-66944ff59-zvg4w,3m,56Mi
18:20:26,149,productcatalogservice-65bbf699df-8ztwv,2m,19Mi
18:20:26,149,paymentservice-9bfb7bf5-9mdwz,2m,127Mi
18:20:26,149,paymentservice-9bfb7bf5-w2dt7,2m,69Mi
18:20:26,149,adservice-574bff445c-4w7zh,2m,233Mi
18:20:26,149,cartservice-db96d6fcc-x6v6f,2m,108Mi
18:20:26,149,checkoutservice-5b6d96c9b7-lwnbx,1m,16Mi
18:20:26,149,checkoutservice-5b6d96c9b7-fwtng,1m,37Mi
18:20:26,149,productcatalogservice-65bbf699df-2hv25,1m,21Mi
18:20:26,149,paymentservice-9bfb7bf5-x4kz9,1m,66Mi
18:20:26,149,checkoutservice-5b6d96c9b7-tvvwl,1m,15Mi
18:20:26,149,currencyservice-7c8fc8fc9c-s92sq,1m,75Mi
18:20:26,149,shippingservice-f956b6d9f-g5j6b,1m,16Mi
18:20:26,149,shippingservice-f956b6d9f-m2h7g,1m,16Mi
18:20:26,149,shippingservice-f956b6d9f-ml5cg,1m,31Mi
18:20:36,150,adservice-574bff445c-4w7zh,15m,247Mi
18:20:36,150,currencyservice-7c8fc8fc9c-6tsnv,9m,110Mi
18:20:36,150,recommendationservice-7444754ff5-kk4vc,8m,80Mi
18:20:36,150,loadgenerator-57fc5754d-vdlgn,7m,64Mi
18:20:36,150,recommendationservice-7444754ff5-w69fs,6m,54Mi
18:20:36,150,cartservice-db96d6fcc-tsdhc,6m,145Mi
18:20:36,150,frontend-7bd6f45654-xmsf8,6m,22Mi
18:20:36,150,currencyservice-7c8fc8fc9c-rtbz4,6m,123Mi
18:20:36,150,frontend-7bd6f45654-dnhzb,5m,43Mi
18:20:36,150,productcatalogservice-65bbf699df-d9cxl,4m,43Mi
18:20:36,150,emailservice-66944ff59-62x8j,4m,56Mi
18:20:36,150,emailservice-66944ff59-xh284,4m,56Mi
18:20:36,150,emailservice-66944ff59-zvg4w,4m,56Mi
18:20:36,150,frontend-7bd6f45654-jwp2b,4m,21Mi
18:20:36,150,cartservice-db96d6fcc-6kndn,4m,132Mi
18:20:36,150,adservice-574bff445c-2zzqg,3m,163Mi
18:20:36,150,currencyservice-7c8fc8fc9c-s92sq,3m,75Mi
18:20:36,150,redis-cart-c8ff86559-gpcc7,3m,37Mi
18:20:36,150,recommendationservice-7444754ff5-w769g,3m,51Mi
18:20:36,150,adservice-574bff445c-k5l76,3m,275Mi
18:20:36,150,paymentservice-9bfb7bf5-w2dt7,2m,69Mi
18:20:36,150,paymentservice-9bfb7bf5-x4kz9,2m,67Mi
18:20:36,150,productcatalogservice-65bbf699df-8ztwv,2m,20Mi
18:20:36,150,paymentservice-9bfb7bf5-9mdwz,2m,126Mi
18:20:36,150,cartservice-db96d6fcc-x6v6f,2m,108Mi
18:20:36,150,checkoutservice-5b6d96c9b7-fwtng,2m,37Mi
18:20:36,150,productcatalogservice-65bbf699df-2hv25,1m,21Mi
18:20:36,150,checkoutservice-5b6d96c9b7-tvvwl,1m,15Mi
18:20:36,150,checkoutservice-5b6d96c9b7-lwnbx,1m,16Mi
18:20:36,150,shippingservice-f956b6d9f-g5j6b,1m,16Mi
18:20:36,150,shippingservice-f956b6d9f-m2h7g,1m,16Mi
18:20:36,150,shippingservice-f956b6d9f-ml5cg,1m,31Mi
18:20:46,151,currencyservice-7c8fc8fc9c-6tsnv,10m,110Mi
18:20:46,151,recommendationservice-7444754ff5-kk4vc,8m,80Mi
18:20:46,151,loadgenerator-57fc5754d-vdlgn,8m,64Mi
18:20:46,151,recommendationservice-7444754ff5-w69fs,7m,54Mi
18:20:46,151,currencyservice-7c8fc8fc9c-rtbz4,6m,123Mi
18:20:46,151,cartservice-db96d6fcc-tsdhc,6m,145Mi
18:20:46,151,frontend-7bd6f45654-dnhzb,6m,43Mi
18:20:46,151,paymentservice-9bfb7bf5-x4kz9,5m,66Mi
18:20:46,151,frontend-7bd6f45654-xmsf8,5m,22Mi
18:20:46,151,emailservice-66944ff59-xh284,5m,56Mi
18:20:46,151,productcatalogservice-65bbf699df-d9cxl,4m,43Mi
18:20:46,151,cartservice-db96d6fcc-6kndn,4m,133Mi
18:20:46,151,emailservice-66944ff59-62x8j,4m,56Mi
18:20:46,151,adservice-574bff445c-4w7zh,4m,233Mi
18:20:46,151,emailservice-66944ff59-zvg4w,4m,56Mi
18:20:46,151,paymentservice-9bfb7bf5-w2dt7,4m,69Mi
18:20:46,151,frontend-7bd6f45654-jwp2b,4m,21Mi
18:20:46,151,recommendationservice-7444754ff5-w769g,3m,51Mi
18:20:46,151,currencyservice-7c8fc8fc9c-s92sq,3m,76Mi
18:20:46,151,redis-cart-c8ff86559-gpcc7,3m,36Mi
18:20:46,151,productcatalogservice-65bbf699df-8ztwv,3m,20Mi
18:20:46,151,adservice-574bff445c-2zzqg,3m,163Mi
18:20:46,151,adservice-574bff445c-k5l76,3m,275Mi
18:20:46,151,cartservice-db96d6fcc-x6v6f,2m,108Mi
18:20:46,151,paymentservice-9bfb7bf5-9mdwz,2m,126Mi
18:20:46,151,checkoutservice-5b6d96c9b7-fwtng,2m,37Mi
18:20:46,151,checkoutservice-5b6d96c9b7-lwnbx,1m,16Mi
18:20:46,151,checkoutservice-5b6d96c9b7-tvvwl,1m,15Mi
18:20:46,151,productcatalogservice-65bbf699df-2hv25,1m,21Mi
18:20:46,151,shippingservice-f956b6d9f-g5j6b,1m,16Mi
18:20:46,151,shippingservice-f956b6d9f-m2h7g,1m,16Mi
18:20:46,151,shippingservice-f956b6d9f-ml5cg,1m,31Mi
18:20:56,152,currencyservice-7c8fc8fc9c-6tsnv,10m,110Mi
18:20:56,152,recommendationservice-7444754ff5-kk4vc,8m,80Mi
18:20:56,152,loadgenerator-57fc5754d-vdlgn,8m,64Mi
18:20:56,152,recommendationservice-7444754ff5-w69fs,7m,54Mi
18:20:56,152,currencyservice-7c8fc8fc9c-rtbz4,6m,123Mi
18:20:56,152,cartservice-db96d6fcc-tsdhc,6m,145Mi
18:20:56,152,frontend-7bd6f45654-dnhzb,6m,43Mi
18:20:56,152,paymentservice-9bfb7bf5-x4kz9,5m,66Mi
18:20:56,152,frontend-7bd6f45654-xmsf8,5m,22Mi
18:20:56,152,emailservice-66944ff59-xh284,5m,56Mi
18:20:56,152,productcatalogservice-65bbf699df-d9cxl,4m,43Mi
18:20:56,152,cartservice-db96d6fcc-6kndn,4m,133Mi
18:20:56,152,emailservice-66944ff59-62x8j,4m,56Mi
18:20:56,152,adservice-574bff445c-4w7zh,4m,233Mi
18:20:56,152,emailservice-66944ff59-zvg4w,4m,56Mi
18:20:56,152,paymentservice-9bfb7bf5-w2dt7,4m,69Mi
18:20:56,152,frontend-7bd6f45654-jwp2b,4m,21Mi
18:20:56,152,recommendationservice-7444754ff5-w769g,3m,51Mi
18:20:56,152,currencyservice-7c8fc8fc9c-s92sq,3m,76Mi
18:20:56,152,redis-cart-c8ff86559-gpcc7,3m,36Mi
18:20:56,152,productcatalogservice-65bbf699df-8ztwv,3m,20Mi
18:20:56,152,adservice-574bff445c-2zzqg,3m,163Mi
18:20:56,152,adservice-574bff445c-k5l76,3m,275Mi
18:20:56,152,cartservice-db96d6fcc-x6v6f,2m,108Mi
18:20:56,152,paymentservice-9bfb7bf5-9mdwz,2m,126Mi
18:20:56,152,checkoutservice-5b6d96c9b7-fwtng,2m,37Mi
18:20:56,152,checkoutservice-5b6d96c9b7-lwnbx,1m,16Mi
18:20:56,152,checkoutservice-5b6d96c9b7-tvvwl,1m,15Mi
18:20:56,152,productcatalogservice-65bbf699df-2hv25,1m,21Mi
18:20:56,152,shippingservice-f956b6d9f-g5j6b,1m,16Mi
18:20:56,152,shippingservice-f956b6d9f-m2h7g,1m,16Mi
18:20:56,152,shippingservice-f956b6d9f-ml5cg,1m,31Mi
18:21:06,153,currencyservice-7c8fc8fc9c-rtbz4,16m,121Mi
18:21:06,153,frontend-7bd6f45654-dnhzb,9m,43Mi
18:21:06,153,recommendationservice-7444754ff5-kk4vc,9m,80Mi
18:21:06,153,adservice-574bff445c-4w7zh,9m,233Mi
18:21:06,153,cartservice-db96d6fcc-tsdhc,8m,145Mi
18:21:06,153,loadgenerator-57fc5754d-vdlgn,8m,64Mi
18:21:06,153,currencyservice-7c8fc8fc9c-6tsnv,7m,110Mi
18:21:06,153,recommendationservice-7444754ff5-w69fs,7m,54Mi
18:21:06,153,adservice-574bff445c-k5l76,7m,275Mi
18:21:06,153,adservice-574bff445c-2zzqg,5m,163Mi
18:21:06,153,productcatalogservice-65bbf699df-d9cxl,5m,43Mi
18:21:06,153,recommendationservice-7444754ff5-w769g,4m,51Mi
18:21:06,153,emailservice-66944ff59-62x8j,4m,56Mi
18:21:06,153,emailservice-66944ff59-zvg4w,4m,56Mi
18:21:06,153,emailservice-66944ff59-xh284,4m,56Mi
18:21:06,153,frontend-7bd6f45654-xmsf8,4m,22Mi
18:21:06,153,cartservice-db96d6fcc-6kndn,4m,132Mi
18:21:06,153,currencyservice-7c8fc8fc9c-s92sq,3m,75Mi
18:21:06,153,paymentservice-9bfb7bf5-x4kz9,3m,66Mi
18:21:06,153,redis-cart-c8ff86559-gpcc7,3m,36Mi
18:21:06,153,paymentservice-9bfb7bf5-w2dt7,3m,69Mi
18:21:06,153,frontend-7bd6f45654-jwp2b,2m,21Mi
18:21:06,153,productcatalogservice-65bbf699df-8ztwv,2m,20Mi
18:21:06,153,paymentservice-9bfb7bf5-9mdwz,2m,126Mi
18:21:06,153,cartservice-db96d6fcc-x6v6f,2m,108Mi
18:21:06,153,shippingservice-f956b6d9f-ml5cg,2m,31Mi
18:21:06,153,productcatalogservice-65bbf699df-2hv25,1m,21Mi
18:21:06,153,checkoutservice-5b6d96c9b7-tvvwl,1m,15Mi
18:21:06,153,checkoutservice-5b6d96c9b7-lwnbx,1m,16Mi
18:21:06,153,checkoutservice-5b6d96c9b7-fwtng,1m,37Mi
18:21:06,153,shippingservice-f956b6d9f-g5j6b,1m,16Mi
18:21:06,153,shippingservice-f956b6d9f-m2h7g,1m,16Mi
18:21:17,154,recommendationservice-7444754ff5-kk4vc,8m,80Mi
18:21:17,154,recommendationservice-7444754ff5-w69fs,6m,54Mi
18:21:17,154,loadgenerator-57fc5754d-vdlgn,6m,64Mi
18:21:17,154,currencyservice-7c8fc8fc9c-6tsnv,6m,110Mi
18:21:17,154,emailservice-66944ff59-62x8j,4m,56Mi
18:21:17,154,recommendationservice-7444754ff5-w769g,4m,51Mi
18:21:17,154,cartservice-db96d6fcc-6kndn,4m,132Mi
18:21:17,154,cartservice-db96d6fcc-tsdhc,4m,145Mi
18:21:17,154,frontend-7bd6f45654-xmsf8,4m,22Mi
18:21:17,154,frontend-7bd6f45654-dnhzb,4m,43Mi
18:21:17,154,currencyservice-7c8fc8fc9c-rtbz4,4m,121Mi
18:21:17,154,emailservice-66944ff59-xh284,4m,56Mi
18:21:17,154,productcatalogservice-65bbf699df-d9cxl,3m,43Mi
18:21:17,154,emailservice-66944ff59-zvg4w,3m,56Mi
18:21:17,154,redis-cart-c8ff86559-gpcc7,3m,36Mi
18:21:17,154,frontend-7bd6f45654-jwp2b,3m,21Mi
18:21:17,154,adservice-574bff445c-4w7zh,3m,233Mi
18:21:17,154,adservice-574bff445c-k5l76,3m,275Mi
18:21:17,154,productcatalogservice-65bbf699df-8ztwv,2m,19Mi
18:21:17,154,cartservice-db96d6fcc-x6v6f,2m,108Mi
18:21:17,154,adservice-574bff445c-2zzqg,2m,163Mi
18:21:17,154,checkoutservice-5b6d96c9b7-lwnbx,1m,16Mi
18:21:17,154,productcatalogservice-65bbf699df-2hv25,1m,21Mi
18:21:17,154,paymentservice-9bfb7bf5-x4kz9,1m,66Mi
18:21:17,154,paymentservice-9bfb7bf5-w2dt7,1m,69Mi
18:21:17,154,paymentservice-9bfb7bf5-9mdwz,1m,127Mi
18:21:17,154,checkoutservice-5b6d96c9b7-fwtng,1m,37Mi
18:21:17,154,currencyservice-7c8fc8fc9c-s92sq,1m,75Mi
18:21:17,154,checkoutservice-5b6d96c9b7-tvvwl,1m,15Mi
18:21:17,154,shippingservice-f956b6d9f-g5j6b,1m,16Mi
18:21:17,154,shippingservice-f956b6d9f-m2h7g,1m,16Mi
18:21:17,154,shippingservice-f956b6d9f-ml5cg,1m,31Mi
18:21:27,155,recommendationservice-7444754ff5-kk4vc,8m,80Mi
18:21:27,155,recommendationservice-7444754ff5-w69fs,6m,54Mi
18:21:27,155,loadgenerator-57fc5754d-vdlgn,6m,64Mi
18:21:27,155,currencyservice-7c8fc8fc9c-6tsnv,6m,110Mi
18:21:27,155,emailservice-66944ff59-62x8j,4m,56Mi
18:21:27,155,recommendationservice-7444754ff5-w769g,4m,51Mi
18:21:27,155,cartservice-db96d6fcc-6kndn,4m,132Mi
18:21:27,155,cartservice-db96d6fcc-tsdhc,4m,145Mi
18:21:27,155,frontend-7bd6f45654-xmsf8,4m,22Mi
18:21:27,155,frontend-7bd6f45654-dnhzb,4m,43Mi
18:21:27,155,currencyservice-7c8fc8fc9c-rtbz4,4m,121Mi
18:21:27,155,emailservice-66944ff59-xh284,4m,56Mi
18:21:27,155,productcatalogservice-65bbf699df-d9cxl,3m,43Mi
18:21:27,155,emailservice-66944ff59-zvg4w,3m,56Mi
18:21:27,155,redis-cart-c8ff86559-gpcc7,3m,36Mi
18:21:27,155,frontend-7bd6f45654-jwp2b,3m,21Mi
18:21:27,155,adservice-574bff445c-4w7zh,3m,233Mi
18:21:27,155,adservice-574bff445c-k5l76,3m,275Mi
18:21:27,155,productcatalogservice-65bbf699df-8ztwv,2m,19Mi
18:21:27,155,cartservice-db96d6fcc-x6v6f,2m,108Mi
18:21:27,155,adservice-574bff445c-2zzqg,2m,163Mi
18:21:27,155,checkoutservice-5b6d96c9b7-lwnbx,1m,16Mi
18:21:27,155,productcatalogservice-65bbf699df-2hv25,1m,21Mi
18:21:27,155,paymentservice-9bfb7bf5-x4kz9,1m,66Mi
18:21:27,155,paymentservice-9bfb7bf5-w2dt7,1m,69Mi
18:21:27,155,paymentservice-9bfb7bf5-9mdwz,1m,127Mi
18:21:27,155,checkoutservice-5b6d96c9b7-fwtng,1m,37Mi
18:21:27,155,currencyservice-7c8fc8fc9c-s92sq,1m,75Mi
18:21:27,155,checkoutservice-5b6d96c9b7-tvvwl,1m,15Mi
18:21:27,155,shippingservice-f956b6d9f-g5j6b,1m,16Mi
18:21:27,155,shippingservice-f956b6d9f-m2h7g,1m,16Mi
18:21:27,155,shippingservice-f956b6d9f-ml5cg,1m,31Mi
18:21:37,156,currencyservice-7c8fc8fc9c-rtbz4,9m,121Mi
18:21:37,156,recommendationservice-7444754ff5-w69fs,8m,54Mi
18:21:37,156,frontend-7bd6f45654-dnhzb,8m,43Mi
18:21:37,156,recommendationservice-7444754ff5-kk4vc,8m,80Mi
18:21:37,156,currencyservice-7c8fc8fc9c-6tsnv,8m,110Mi
18:21:37,156,loadgenerator-57fc5754d-vdlgn,8m,64Mi
18:21:37,156,frontend-7bd6f45654-xmsf8,7m,22Mi
18:21:37,156,cartservice-db96d6fcc-tsdhc,6m,145Mi
18:21:37,156,cartservice-db96d6fcc-6kndn,5m,132Mi
18:21:37,156,productcatalogservice-65bbf699df-d9cxl,4m,43Mi
18:21:37,156,emailservice-66944ff59-zvg4w,4m,56Mi
18:21:37,156,adservice-574bff445c-k5l76,4m,275Mi
18:21:37,156,emailservice-66944ff59-62x8j,4m,56Mi
18:21:37,156,emailservice-66944ff59-xh284,4m,56Mi
18:21:37,156,frontend-7bd6f45654-jwp2b,3m,21Mi
18:21:37,156,recommendationservice-7444754ff5-w769g,3m,51Mi
18:21:37,156,redis-cart-c8ff86559-gpcc7,3m,36Mi
18:21:37,156,adservice-574bff445c-4w7zh,3m,235Mi
18:21:37,156,productcatalogservice-65bbf699df-8ztwv,3m,19Mi
18:21:37,156,adservice-574bff445c-2zzqg,2m,163Mi
18:21:37,156,paymentservice-9bfb7bf5-w2dt7,2m,69Mi
18:21:37,156,paymentservice-9bfb7bf5-x4kz9,2m,66Mi
18:21:37,156,productcatalogservice-65bbf699df-2hv25,2m,21Mi
18:21:37,156,checkoutservice-5b6d96c9b7-fwtng,2m,37Mi
18:21:37,156,currencyservice-7c8fc8fc9c-s92sq,2m,75Mi
18:21:37,156,paymentservice-9bfb7bf5-9mdwz,2m,126Mi
18:21:37,156,checkoutservice-5b6d96c9b7-lwnbx,1m,16Mi
18:21:37,156,cartservice-db96d6fcc-x6v6f,1m,108Mi
18:21:37,156,checkoutservice-5b6d96c9b7-tvvwl,1m,15Mi
18:21:37,156,shippingservice-f956b6d9f-g5j6b,1m,16Mi
18:21:37,156,shippingservice-f956b6d9f-m2h7g,1m,16Mi
18:21:37,156,shippingservice-f956b6d9f-ml5cg,1m,31Mi
18:21:47,157,recommendationservice-7444754ff5-kk4vc,8m,80Mi
18:21:47,157,currencyservice-7c8fc8fc9c-rtbz4,7m,121Mi
18:21:47,157,frontend-7bd6f45654-dnhzb,7m,43Mi
18:21:47,157,loadgenerator-57fc5754d-vdlgn,6m,64Mi
18:21:47,157,currencyservice-7c8fc8fc9c-6tsnv,6m,110Mi
18:21:47,157,recommendationservice-7444754ff5-w69fs,5m,54Mi
18:21:47,157,cartservice-db96d6fcc-tsdhc,5m,145Mi
18:21:47,157,emailservice-66944ff59-xh284,4m,56Mi
18:21:47,157,adservice-574bff445c-4w7zh,4m,235Mi
18:21:47,157,adservice-574bff445c-k5l76,4m,275Mi
18:21:47,157,cartservice-db96d6fcc-x6v6f,4m,109Mi
18:21:47,157,productcatalogservice-65bbf699df-d9cxl,4m,43Mi
18:21:47,157,frontend-7bd6f45654-jwp2b,3m,21Mi
18:21:47,157,emailservice-66944ff59-zvg4w,3m,56Mi
18:21:47,157,adservice-574bff445c-2zzqg,3m,163Mi
18:21:47,157,frontend-7bd6f45654-xmsf8,3m,22Mi
18:21:47,157,redis-cart-c8ff86559-gpcc7,3m,36Mi
18:21:47,157,recommendationservice-7444754ff5-w769g,3m,51Mi
18:21:47,157,emailservice-66944ff59-62x8j,3m,56Mi
18:21:47,157,cartservice-db96d6fcc-6kndn,3m,132Mi
18:21:47,157,productcatalogservice-65bbf699df-8ztwv,2m,19Mi
18:21:47,157,currencyservice-7c8fc8fc9c-s92sq,2m,75Mi
18:21:47,157,paymentservice-9bfb7bf5-w2dt7,2m,69Mi
18:21:47,157,paymentservice-9bfb7bf5-x4kz9,1m,66Mi
18:21:47,157,checkoutservice-5b6d96c9b7-lwnbx,1m,16Mi
18:21:47,157,checkoutservice-5b6d96c9b7-fwtng,1m,37Mi
18:21:47,157,productcatalogservice-65bbf699df-2hv25,1m,21Mi
18:21:47,157,paymentservice-9bfb7bf5-9mdwz,1m,126Mi
18:21:47,157,checkoutservice-5b6d96c9b7-tvvwl,1m,15Mi
18:21:47,157,shippingservice-f956b6d9f-g5j6b,1m,16Mi
18:21:47,157,shippingservice-f956b6d9f-m2h7g,1m,16Mi
18:21:47,157,shippingservice-f956b6d9f-ml5cg,1m,31Mi
18:21:57,158,recommendationservice-7444754ff5-kk4vc,8m,80Mi
18:21:57,158,currencyservice-7c8fc8fc9c-rtbz4,7m,121Mi
18:21:57,158,frontend-7bd6f45654-dnhzb,7m,43Mi
18:21:57,158,loadgenerator-57fc5754d-vdlgn,6m,64Mi
18:21:57,158,currencyservice-7c8fc8fc9c-6tsnv,6m,110Mi
18:21:57,158,recommendationservice-7444754ff5-w69fs,5m,54Mi
18:21:57,158,cartservice-db96d6fcc-tsdhc,5m,145Mi
18:21:57,158,emailservice-66944ff59-xh284,4m,56Mi
18:21:57,158,adservice-574bff445c-4w7zh,4m,235Mi
18:21:57,158,adservice-574bff445c-k5l76,4m,275Mi
18:21:57,158,cartservice-db96d6fcc-x6v6f,4m,109Mi
18:21:57,158,productcatalogservice-65bbf699df-d9cxl,4m,43Mi
18:21:57,158,frontend-7bd6f45654-jwp2b,3m,21Mi
18:21:57,158,emailservice-66944ff59-zvg4w,3m,56Mi
18:21:57,158,adservice-574bff445c-2zzqg,3m,163Mi
18:21:57,158,frontend-7bd6f45654-xmsf8,3m,22Mi
18:21:57,158,redis-cart-c8ff86559-gpcc7,3m,36Mi
18:21:57,158,recommendationservice-7444754ff5-w769g,3m,51Mi
18:21:57,158,emailservice-66944ff59-62x8j,3m,56Mi
18:21:57,158,cartservice-db96d6fcc-6kndn,3m,132Mi
18:21:57,158,productcatalogservice-65bbf699df-8ztwv,2m,19Mi
18:21:57,158,currencyservice-7c8fc8fc9c-s92sq,2m,75Mi
18:21:57,158,paymentservice-9bfb7bf5-w2dt7,2m,69Mi
18:21:57,158,paymentservice-9bfb7bf5-x4kz9,1m,66Mi
18:21:57,158,checkoutservice-5b6d96c9b7-lwnbx,1m,16Mi
18:21:57,158,checkoutservice-5b6d96c9b7-fwtng,1m,37Mi
18:21:57,158,productcatalogservice-65bbf699df-2hv25,1m,21Mi
18:21:57,158,paymentservice-9bfb7bf5-9mdwz,1m,126Mi
18:21:57,158,checkoutservice-5b6d96c9b7-tvvwl,1m,15Mi
18:21:57,158,shippingservice-f956b6d9f-g5j6b,1m,16Mi
18:21:57,158,shippingservice-f956b6d9f-m2h7g,1m,16Mi
18:21:57,158,shippingservice-f956b6d9f-ml5cg,1m,31Mi
18:22:07,159,recommendationservice-7444754ff5-kk4vc,9m,80Mi
18:22:07,159,frontend-7bd6f45654-dnhzb,7m,43Mi
18:22:07,159,recommendationservice-7444754ff5-w69fs,6m,54Mi
18:22:07,159,currencyservice-7c8fc8fc9c-rtbz4,6m,121Mi
18:22:07,159,loadgenerator-57fc5754d-vdlgn,6m,64Mi
18:22:07,159,cartservice-db96d6fcc-tsdhc,5m,145Mi
18:22:07,159,adservice-574bff445c-k5l76,5m,275Mi
18:22:07,159,adservice-574bff445c-4w7zh,5m,235Mi
18:22:07,159,cartservice-db96d6fcc-6kndn,4m,132Mi
18:22:07,159,currencyservice-7c8fc8fc9c-6tsnv,4m,110Mi
18:22:07,159,emailservice-66944ff59-62x8j,4m,56Mi
18:22:07,159,emailservice-66944ff59-xh284,4m,56Mi
18:22:07,159,productcatalogservice-65bbf699df-d9cxl,4m,43Mi
18:22:07,159,recommendationservice-7444754ff5-w769g,3m,51Mi
18:22:07,159,redis-cart-c8ff86559-gpcc7,3m,36Mi
18:22:07,159,currencyservice-7c8fc8fc9c-s92sq,3m,75Mi
18:22:07,159,emailservice-66944ff59-zvg4w,3m,56Mi
18:22:07,159,frontend-7bd6f45654-xmsf8,3m,22Mi
18:22:07,159,frontend-7bd6f45654-jwp2b,2m,21Mi
18:22:07,159,cartservice-db96d6fcc-x6v6f,2m,109Mi
18:22:07,159,paymentservice-9bfb7bf5-w2dt7,2m,69Mi
18:22:07,159,paymentservice-9bfb7bf5-x4kz9,2m,67Mi
18:22:07,159,paymentservice-9bfb7bf5-9mdwz,2m,127Mi
18:22:07,159,productcatalogservice-65bbf699df-8ztwv,2m,19Mi
18:22:07,159,adservice-574bff445c-2zzqg,2m,163Mi
18:22:07,159,productcatalogservice-65bbf699df-2hv25,1m,21Mi
18:22:07,159,checkoutservice-5b6d96c9b7-lwnbx,1m,16Mi
18:22:07,159,checkoutservice-5b6d96c9b7-fwtng,1m,37Mi
18:22:07,159,checkoutservice-5b6d96c9b7-tvvwl,1m,15Mi
18:22:07,159,shippingservice-f956b6d9f-g5j6b,1m,16Mi
18:22:07,159,shippingservice-f956b6d9f-m2h7g,1m,16Mi
18:22:07,159,shippingservice-f956b6d9f-ml5cg,1m,31Mi
18:22:17,160,currencyservice-7c8fc8fc9c-6tsnv,10m,110Mi
18:22:17,160,recommendationservice-7444754ff5-kk4vc,9m,80Mi
18:22:17,160,adservice-574bff445c-2zzqg,9m,164Mi
18:22:17,160,adservice-574bff445c-4w7zh,7m,235Mi
18:22:17,160,recommendationservice-7444754ff5-w69fs,7m,54Mi
18:22:17,160,loadgenerator-57fc5754d-vdlgn,7m,65Mi
18:22:17,160,frontend-7bd6f45654-xmsf8,7m,22Mi
18:22:17,160,cartservice-db96d6fcc-tsdhc,6m,145Mi
18:22:17,160,cartservice-db96d6fcc-6kndn,5m,132Mi
18:22:17,160,productcatalogservice-65bbf699df-d9cxl,4m,43Mi
18:22:17,160,currencyservice-7c8fc8fc9c-rtbz4,4m,121Mi
18:22:17,160,emailservice-66944ff59-62x8j,4m,56Mi
18:22:17,160,emailservice-66944ff59-xh284,4m,56Mi
18:22:17,160,emailservice-66944ff59-zvg4w,4m,56Mi
18:22:17,160,frontend-7bd6f45654-dnhzb,4m,43Mi
18:22:17,160,frontend-7bd6f45654-jwp2b,4m,21Mi
18:22:17,160,recommendationservice-7444754ff5-w769g,4m,51Mi
18:22:17,160,adservice-574bff445c-k5l76,4m,275Mi
18:22:17,160,redis-cart-c8ff86559-gpcc7,3m,36Mi
18:22:17,160,productcatalogservice-65bbf699df-8ztwv,3m,20Mi
18:22:17,160,paymentservice-9bfb7bf5-w2dt7,2m,69Mi
18:22:17,160,paymentservice-9bfb7bf5-x4kz9,2m,67Mi
18:22:17,160,productcatalogservice-65bbf699df-2hv25,2m,21Mi
18:22:17,160,paymentservice-9bfb7bf5-9mdwz,2m,127Mi
18:22:17,160,cartservice-db96d6fcc-x6v6f,2m,109Mi
18:22:17,160,currencyservice-7c8fc8fc9c-s92sq,2m,75Mi
18:22:17,160,checkoutservice-5b6d96c9b7-fwtng,1m,37Mi
18:22:17,160,checkoutservice-5b6d96c9b7-lwnbx,1m,16Mi
18:22:17,160,checkoutservice-5b6d96c9b7-tvvwl,1m,15Mi
18:22:17,160,shippingservice-f956b6d9f-g5j6b,1m,16Mi
18:22:17,160,shippingservice-f956b6d9f-m2h7g,1m,16Mi
18:22:17,160,shippingservice-f956b6d9f-ml5cg,1m,31Mi
18:22:28,161,currencyservice-7c8fc8fc9c-6tsnv,10m,110Mi
18:22:28,161,recommendationservice-7444754ff5-kk4vc,9m,80Mi
18:22:28,161,adservice-574bff445c-2zzqg,9m,164Mi
18:22:28,161,adservice-574bff445c-4w7zh,7m,235Mi
18:22:28,161,recommendationservice-7444754ff5-w69fs,7m,54Mi
18:22:28,161,loadgenerator-57fc5754d-vdlgn,7m,65Mi
18:22:28,161,frontend-7bd6f45654-xmsf8,7m,22Mi
18:22:28,161,cartservice-db96d6fcc-tsdhc,6m,145Mi
18:22:28,161,cartservice-db96d6fcc-6kndn,5m,132Mi
18:22:28,161,productcatalogservice-65bbf699df-d9cxl,4m,43Mi
18:22:28,161,currencyservice-7c8fc8fc9c-rtbz4,4m,121Mi
18:22:28,161,emailservice-66944ff59-62x8j,4m,56Mi
18:22:28,161,emailservice-66944ff59-xh284,4m,56Mi
18:22:28,161,emailservice-66944ff59-zvg4w,4m,56Mi
18:22:28,161,frontend-7bd6f45654-dnhzb,4m,43Mi
18:22:28,161,frontend-7bd6f45654-jwp2b,4m,21Mi
18:22:28,161,recommendationservice-7444754ff5-w769g,4m,51Mi
18:22:28,161,adservice-574bff445c-k5l76,4m,275Mi
18:22:28,161,redis-cart-c8ff86559-gpcc7,3m,36Mi
18:22:28,161,productcatalogservice-65bbf699df-8ztwv,3m,20Mi
18:22:28,161,paymentservice-9bfb7bf5-w2dt7,2m,69Mi
18:22:28,161,paymentservice-9bfb7bf5-x4kz9,2m,67Mi
18:22:28,161,productcatalogservice-65bbf699df-2hv25,2m,21Mi
18:22:28,161,paymentservice-9bfb7bf5-9mdwz,2m,127Mi
18:22:28,161,cartservice-db96d6fcc-x6v6f,2m,109Mi
18:22:28,161,currencyservice-7c8fc8fc9c-s92sq,2m,75Mi
18:22:28,161,checkoutservice-5b6d96c9b7-fwtng,1m,37Mi
18:22:28,161,checkoutservice-5b6d96c9b7-lwnbx,1m,16Mi
18:22:28,161,checkoutservice-5b6d96c9b7-tvvwl,1m,15Mi
18:22:28,161,shippingservice-f956b6d9f-g5j6b,1m,16Mi
18:22:28,161,shippingservice-f956b6d9f-m2h7g,1m,16Mi
18:22:28,161,shippingservice-f956b6d9f-ml5cg,1m,31Mi
18:22:38,162,recommendationservice-7444754ff5-kk4vc,12m,80Mi
18:22:38,162,frontend-7bd6f45654-dnhzb,9m,43Mi
18:22:38,162,currencyservice-7c8fc8fc9c-rtbz4,9m,121Mi
18:22:38,162,currencyservice-7c8fc8fc9c-6tsnv,8m,110Mi
18:22:38,162,loadgenerator-57fc5754d-vdlgn,8m,65Mi
18:22:38,162,cartservice-db96d6fcc-tsdhc,7m,146Mi
18:22:38,162,recommendationservice-7444754ff5-w69fs,7m,54Mi
18:22:38,162,adservice-574bff445c-2zzqg,7m,164Mi
18:22:38,162,productcatalogservice-65bbf699df-d9cxl,6m,43Mi
18:22:38,162,adservice-574bff445c-4w7zh,6m,236Mi
18:22:38,162,cartservice-db96d6fcc-6kndn,4m,133Mi
18:22:38,162,recommendationservice-7444754ff5-w769g,4m,51Mi
18:22:38,162,frontend-7bd6f45654-xmsf8,4m,22Mi
18:22:38,162,emailservice-66944ff59-62x8j,4m,56Mi
18:22:38,162,emailservice-66944ff59-xh284,4m,56Mi
18:22:38,162,emailservice-66944ff59-zvg4w,4m,56Mi
18:22:38,162,frontend-7bd6f45654-jwp2b,3m,21Mi
18:22:38,162,paymentservice-9bfb7bf5-x4kz9,3m,67Mi
18:22:38,162,redis-cart-c8ff86559-gpcc7,3m,36Mi
18:22:38,162,adservice-574bff445c-k5l76,3m,275Mi
18:22:38,162,productcatalogservice-65bbf699df-8ztwv,2m,20Mi
18:22:38,162,paymentservice-9bfb7bf5-w2dt7,2m,69Mi
18:22:38,162,currencyservice-7c8fc8fc9c-s92sq,2m,75Mi
18:22:38,162,cartservice-db96d6fcc-x6v6f,2m,109Mi
18:22:38,162,paymentservice-9bfb7bf5-9mdwz,2m,127Mi
18:22:38,162,shippingservice-f956b6d9f-ml5cg,2m,31Mi
18:22:38,162,productcatalogservice-65bbf699df-2hv25,1m,21Mi
18:22:38,162,checkoutservice-5b6d96c9b7-lwnbx,1m,16Mi
18:22:38,162,checkoutservice-5b6d96c9b7-fwtng,1m,37Mi
18:22:38,162,checkoutservice-5b6d96c9b7-tvvwl,1m,15Mi
18:22:38,162,shippingservice-f956b6d9f-g5j6b,1m,16Mi
18:22:38,162,shippingservice-f956b6d9f-m2h7g,1m,16Mi
18:22:48,163,adservice-574bff445c-4w7zh,18m,251Mi
18:22:48,163,adservice-574bff445c-2zzqg,8m,167Mi
18:22:48,163,recommendationservice-7444754ff5-kk4vc,8m,80Mi
18:22:48,163,currencyservice-7c8fc8fc9c-rtbz4,7m,121Mi
18:22:48,163,loadgenerator-57fc5754d-vdlgn,7m,65Mi
18:22:48,163,frontend-7bd6f45654-dnhzb,7m,43Mi
18:22:48,163,recommendationservice-7444754ff5-w69fs,6m,54Mi
18:22:48,163,currencyservice-7c8fc8fc9c-6tsnv,6m,110Mi
18:22:48,163,cartservice-db96d6fcc-tsdhc,6m,145Mi
18:22:48,163,productcatalogservice-65bbf699df-d9cxl,4m,43Mi
18:22:48,163,emailservice-66944ff59-62x8j,4m,56Mi
18:22:48,163,emailservice-66944ff59-xh284,4m,56Mi
18:22:48,163,emailservice-66944ff59-zvg4w,4m,56Mi
18:22:48,163,cartservice-db96d6fcc-6kndn,4m,133Mi
18:22:48,163,frontend-7bd6f45654-xmsf8,4m,22Mi
18:22:48,163,recommendationservice-7444754ff5-w769g,3m,51Mi
18:22:48,163,redis-cart-c8ff86559-gpcc7,3m,36Mi
18:22:48,163,shippingservice-f956b6d9f-ml5cg,3m,31Mi
18:22:48,163,adservice-574bff445c-k5l76,3m,275Mi
18:22:48,163,frontend-7bd6f45654-jwp2b,2m,21Mi
18:22:48,163,productcatalogservice-65bbf699df-8ztwv,2m,19Mi
18:22:48,163,paymentservice-9bfb7bf5-9mdwz,2m,127Mi
18:22:48,163,cartservice-db96d6fcc-x6v6f,2m,109Mi
18:22:48,163,paymentservice-9bfb7bf5-w2dt7,1m,69Mi
18:22:48,163,paymentservice-9bfb7bf5-x4kz9,1m,67Mi
18:22:48,163,productcatalogservice-65bbf699df-2hv25,1m,21Mi
18:22:48,163,currencyservice-7c8fc8fc9c-s92sq,1m,75Mi
18:22:48,163,checkoutservice-5b6d96c9b7-tvvwl,1m,15Mi
18:22:48,163,checkoutservice-5b6d96c9b7-lwnbx,1m,16Mi
18:22:48,163,checkoutservice-5b6d96c9b7-fwtng,1m,37Mi
18:22:48,163,shippingservice-f956b6d9f-g5j6b,1m,16Mi
18:22:48,163,shippingservice-f956b6d9f-m2h7g,1m,16Mi
18:22:58,164,adservice-574bff445c-4w7zh,18m,251Mi
18:22:58,164,adservice-574bff445c-2zzqg,8m,167Mi
18:22:58,164,recommendationservice-7444754ff5-kk4vc,8m,80Mi
18:22:58,164,currencyservice-7c8fc8fc9c-rtbz4,7m,121Mi
18:22:58,164,loadgenerator-57fc5754d-vdlgn,7m,65Mi
18:22:58,164,frontend-7bd6f45654-dnhzb,7m,43Mi
18:22:58,164,recommendationservice-7444754ff5-w69fs,6m,54Mi
18:22:58,164,currencyservice-7c8fc8fc9c-6tsnv,6m,110Mi
18:22:58,164,cartservice-db96d6fcc-tsdhc,6m,145Mi
18:22:58,164,productcatalogservice-65bbf699df-d9cxl,4m,43Mi
18:22:58,164,emailservice-66944ff59-62x8j,4m,56Mi
18:22:58,164,emailservice-66944ff59-xh284,4m,56Mi
18:22:58,164,emailservice-66944ff59-zvg4w,4m,56Mi
18:22:58,164,cartservice-db96d6fcc-6kndn,4m,133Mi
18:22:58,164,frontend-7bd6f45654-xmsf8,4m,22Mi
18:22:58,164,recommendationservice-7444754ff5-w769g,3m,51Mi
18:22:58,164,redis-cart-c8ff86559-gpcc7,3m,36Mi
18:22:58,164,shippingservice-f956b6d9f-ml5cg,3m,31Mi
18:22:58,164,adservice-574bff445c-k5l76,3m,275Mi
18:22:58,164,frontend-7bd6f45654-jwp2b,2m,21Mi
18:22:58,164,productcatalogservice-65bbf699df-8ztwv,2m,19Mi
18:22:58,164,paymentservice-9bfb7bf5-9mdwz,2m,127Mi
18:22:58,164,cartservice-db96d6fcc-x6v6f,2m,109Mi
18:22:58,164,paymentservice-9bfb7bf5-w2dt7,1m,69Mi
18:22:58,164,paymentservice-9bfb7bf5-x4kz9,1m,67Mi
18:22:58,164,productcatalogservice-65bbf699df-2hv25,1m,21Mi
18:22:58,164,currencyservice-7c8fc8fc9c-s92sq,1m,75Mi
18:22:58,164,checkoutservice-5b6d96c9b7-tvvwl,1m,15Mi
18:22:58,164,checkoutservice-5b6d96c9b7-lwnbx,1m,16Mi
18:22:58,164,checkoutservice-5b6d96c9b7-fwtng,1m,37Mi
18:22:58,164,shippingservice-f956b6d9f-g5j6b,1m,16Mi
18:22:58,164,shippingservice-f956b6d9f-m2h7g,1m,16Mi
18:23:08,165,recommendationservice-7444754ff5-kk4vc,9m,80Mi
18:23:08,165,loadgenerator-57fc5754d-vdlgn,8m,65Mi
18:23:08,165,currencyservice-7c8fc8fc9c-6tsnv,8m,110Mi
18:23:08,165,recommendationservice-7444754ff5-w69fs,7m,54Mi
18:23:08,165,adservice-574bff445c-4w7zh,6m,238Mi
18:23:08,165,frontend-7bd6f45654-dnhzb,6m,43Mi
18:23:08,165,currencyservice-7c8fc8fc9c-rtbz4,6m,121Mi
18:23:08,165,cartservice-db96d6fcc-tsdhc,5m,146Mi
18:23:08,165,frontend-7bd6f45654-xmsf8,5m,22Mi
18:23:08,165,productcatalogservice-65bbf699df-d9cxl,4m,43Mi
18:23:08,165,adservice-574bff445c-2zzqg,4m,167Mi
18:23:08,165,cartservice-db96d6fcc-6kndn,4m,133Mi
18:23:08,165,emailservice-66944ff59-62x8j,4m,56Mi
18:23:08,165,emailservice-66944ff59-xh284,4m,56Mi
18:23:08,165,emailservice-66944ff59-zvg4w,4m,56Mi
18:23:08,165,adservice-574bff445c-k5l76,4m,275Mi
18:23:08,165,frontend-7bd6f45654-jwp2b,3m,21Mi
18:23:08,165,recommendationservice-7444754ff5-w769g,3m,51Mi
18:23:08,165,redis-cart-c8ff86559-gpcc7,3m,36Mi
18:23:08,165,productcatalogservice-65bbf699df-8ztwv,2m,19Mi
18:23:08,165,paymentservice-9bfb7bf5-w2dt7,2m,69Mi
18:23:08,165,paymentservice-9bfb7bf5-x4kz9,2m,67Mi
18:23:08,165,productcatalogservice-65bbf699df-2hv25,2m,21Mi
18:23:08,165,currencyservice-7c8fc8fc9c-s92sq,2m,76Mi
18:23:08,165,checkoutservice-5b6d96c9b7-lwnbx,1m,16Mi
18:23:08,165,checkoutservice-5b6d96c9b7-fwtng,1m,37Mi
18:23:08,165,cartservice-db96d6fcc-x6v6f,1m,109Mi
18:23:08,165,paymentservice-9bfb7bf5-9mdwz,1m,127Mi
18:23:08,165,checkoutservice-5b6d96c9b7-tvvwl,1m,15Mi
18:23:08,165,shippingservice-f956b6d9f-g5j6b,1m,16Mi
18:23:08,165,shippingservice-f956b6d9f-m2h7g,1m,16Mi
18:23:08,165,shippingservice-f956b6d9f-ml5cg,1m,31Mi
18:23:18,166,recommendationservice-7444754ff5-kk4vc,8m,80Mi
18:23:18,166,loadgenerator-57fc5754d-vdlgn,7m,65Mi
18:23:18,166,currencyservice-7c8fc8fc9c-6tsnv,7m,110Mi
18:23:18,166,frontend-7bd6f45654-dnhzb,6m,43Mi
18:23:18,166,recommendationservice-7444754ff5-w69fs,6m,54Mi
18:23:18,166,currencyservice-7c8fc8fc9c-rtbz4,6m,121Mi
18:23:18,166,cartservice-db96d6fcc-tsdhc,5m,146Mi
18:23:18,166,cartservice-db96d6fcc-6kndn,4m,133Mi
18:23:18,166,frontend-7bd6f45654-xmsf8,4m,22Mi
18:23:18,166,productcatalogservice-65bbf699df-d9cxl,4m,43Mi
18:23:18,166,emailservice-66944ff59-xh284,4m,56Mi
18:23:18,166,adservice-574bff445c-4w7zh,4m,238Mi
18:23:18,166,emailservice-66944ff59-62x8j,4m,56Mi
18:23:18,166,frontend-7bd6f45654-jwp2b,3m,21Mi
18:23:18,166,cartservice-db96d6fcc-x6v6f,3m,109Mi
18:23:18,166,emailservice-66944ff59-zvg4w,3m,56Mi
18:23:18,166,redis-cart-c8ff86559-gpcc7,3m,36Mi
18:23:18,166,recommendationservice-7444754ff5-w769g,3m,51Mi
18:23:18,166,currencyservice-7c8fc8fc9c-s92sq,2m,75Mi
18:23:18,166,adservice-574bff445c-2zzqg,2m,167Mi
18:23:18,166,shippingservice-f956b6d9f-m2h7g,2m,16Mi
18:23:18,166,paymentservice-9bfb7bf5-w2dt7,2m,69Mi
18:23:18,166,adservice-574bff445c-k5l76,2m,275Mi
18:23:18,166,productcatalogservice-65bbf699df-8ztwv,2m,19Mi
18:23:18,166,checkoutservice-5b6d96c9b7-lwnbx,1m,16Mi
18:23:18,166,checkoutservice-5b6d96c9b7-fwtng,1m,37Mi
18:23:18,166,productcatalogservice-65bbf699df-2hv25,1m,21Mi
18:23:18,166,paymentservice-9bfb7bf5-x4kz9,1m,67Mi
18:23:18,166,paymentservice-9bfb7bf5-9mdwz,1m,127Mi
18:23:18,166,shippingservice-f956b6d9f-g5j6b,1m,16Mi
18:23:18,166,checkoutservice-5b6d96c9b7-tvvwl,1m,15Mi
18:23:18,166,shippingservice-f956b6d9f-ml5cg,1m,31Mi
18:23:28,167,recommendationservice-7444754ff5-kk4vc,8m,80Mi
18:23:28,167,loadgenerator-57fc5754d-vdlgn,7m,65Mi
18:23:28,167,currencyservice-7c8fc8fc9c-6tsnv,7m,110Mi
18:23:28,167,frontend-7bd6f45654-dnhzb,6m,43Mi
18:23:28,167,recommendationservice-7444754ff5-w69fs,6m,54Mi
18:23:28,167,currencyservice-7c8fc8fc9c-rtbz4,6m,121Mi
18:23:28,167,cartservice-db96d6fcc-tsdhc,5m,146Mi
18:23:28,167,cartservice-db96d6fcc-6kndn,4m,133Mi
18:23:28,167,frontend-7bd6f45654-xmsf8,4m,22Mi
18:23:28,167,productcatalogservice-65bbf699df-d9cxl,4m,43Mi
18:23:28,167,emailservice-66944ff59-xh284,4m,56Mi
18:23:28,167,adservice-574bff445c-4w7zh,4m,238Mi
18:23:28,167,emailservice-66944ff59-62x8j,4m,56Mi
18:23:28,167,frontend-7bd6f45654-jwp2b,3m,21Mi
18:23:28,167,cartservice-db96d6fcc-x6v6f,3m,109Mi
18:23:28,167,emailservice-66944ff59-zvg4w,3m,56Mi
18:23:28,167,redis-cart-c8ff86559-gpcc7,3m,36Mi
18:23:28,167,recommendationservice-7444754ff5-w769g,3m,51Mi
18:23:28,167,currencyservice-7c8fc8fc9c-s92sq,2m,75Mi
18:23:28,167,adservice-574bff445c-2zzqg,2m,167Mi
18:23:28,167,shippingservice-f956b6d9f-m2h7g,2m,16Mi
18:23:28,167,paymentservice-9bfb7bf5-w2dt7,2m,69Mi
18:23:28,167,adservice-574bff445c-k5l76,2m,275Mi
18:23:28,167,productcatalogservice-65bbf699df-8ztwv,2m,19Mi
18:23:28,167,checkoutservice-5b6d96c9b7-lwnbx,1m,16Mi
18:23:28,167,checkoutservice-5b6d96c9b7-fwtng,1m,37Mi
18:23:28,167,productcatalogservice-65bbf699df-2hv25,1m,21Mi
18:23:28,167,paymentservice-9bfb7bf5-x4kz9,1m,67Mi
18:23:28,167,paymentservice-9bfb7bf5-9mdwz,1m,127Mi
18:23:28,167,shippingservice-f956b6d9f-g5j6b,1m,16Mi
18:23:28,167,checkoutservice-5b6d96c9b7-tvvwl,1m,15Mi
18:23:28,167,shippingservice-f956b6d9f-ml5cg,1m,31Mi
18:23:39,168,recommendationservice-7444754ff5-kk4vc,10m,80Mi
18:23:39,168,frontend-7bd6f45654-dnhzb,8m,43Mi
18:23:39,168,currencyservice-7c8fc8fc9c-rtbz4,8m,121Mi
18:23:39,168,loadgenerator-57fc5754d-vdlgn,8m,65Mi
18:23:39,168,currencyservice-7c8fc8fc9c-6tsnv,7m,110Mi
18:23:39,168,recommendationservice-7444754ff5-w69fs,7m,54Mi
18:23:39,168,cartservice-db96d6fcc-tsdhc,6m,146Mi
18:23:39,168,productcatalogservice-65bbf699df-d9cxl,5m,43Mi
18:23:39,168,frontend-7bd6f45654-xmsf8,5m,22Mi
18:23:39,168,emailservice-66944ff59-xh284,4m,56Mi
18:23:39,168,cartservice-db96d6fcc-6kndn,4m,133Mi
18:23:39,168,emailservice-66944ff59-zvg4w,4m,56Mi
18:23:39,168,emailservice-66944ff59-62x8j,4m,56Mi
18:23:39,168,redis-cart-c8ff86559-gpcc7,3m,36Mi
18:23:39,168,adservice-574bff445c-4w7zh,3m,238Mi
18:23:39,168,productcatalogservice-65bbf699df-8ztwv,3m,20Mi
18:23:39,168,adservice-574bff445c-2zzqg,3m,167Mi
18:23:39,168,adservice-574bff445c-k5l76,3m,275Mi
18:23:39,168,recommendationservice-7444754ff5-w769g,3m,51Mi
18:23:39,168,shippingservice-f956b6d9f-g5j6b,3m,16Mi
18:23:39,168,frontend-7bd6f45654-jwp2b,2m,21Mi
18:23:39,168,paymentservice-9bfb7bf5-x4kz9,2m,67Mi
18:23:39,168,paymentservice-9bfb7bf5-w2dt7,2m,69Mi
18:23:39,168,paymentservice-9bfb7bf5-9mdwz,2m,127Mi
18:23:39,168,currencyservice-7c8fc8fc9c-s92sq,2m,75Mi
18:23:39,168,cartservice-db96d6fcc-x6v6f,2m,109Mi
18:23:39,168,productcatalogservice-65bbf699df-2hv25,1m,21Mi
18:23:39,168,checkoutservice-5b6d96c9b7-tvvwl,1m,15Mi
18:23:39,168,checkoutservice-5b6d96c9b7-lwnbx,1m,16Mi
18:23:39,168,checkoutservice-5b6d96c9b7-fwtng,1m,37Mi
18:23:39,168,shippingservice-f956b6d9f-m2h7g,1m,16Mi
18:23:39,168,shippingservice-f956b6d9f-ml5cg,1m,31Mi
18:23:49,169,recommendationservice-7444754ff5-kk4vc,9m,80Mi
18:23:49,169,currencyservice-7c8fc8fc9c-6tsnv,8m,110Mi
18:23:49,169,loadgenerator-57fc5754d-vdlgn,8m,65Mi
18:23:49,169,frontend-7bd6f45654-dnhzb,8m,43Mi
18:23:49,169,currencyservice-7c8fc8fc9c-rtbz4,7m,121Mi
18:23:49,169,recommendationservice-7444754ff5-w69fs,6m,54Mi
18:23:49,169,cartservice-db96d6fcc-tsdhc,6m,146Mi
18:23:49,169,productcatalogservice-65bbf699df-d9cxl,5m,43Mi
18:23:49,169,frontend-7bd6f45654-xmsf8,5m,22Mi
18:23:49,169,frontend-7bd6f45654-jwp2b,4m,21Mi
18:23:49,169,cartservice-db96d6fcc-6kndn,3m,133Mi
18:23:49,169,redis-cart-c8ff86559-gpcc7,3m,36Mi
18:23:49,169,emailservice-66944ff59-62x8j,3m,56Mi
18:23:49,169,emailservice-66944ff59-xh284,3m,56Mi
18:23:49,169,emailservice-66944ff59-zvg4w,3m,56Mi
18:23:49,169,recommendationservice-7444754ff5-w769g,3m,51Mi
18:23:49,169,adservice-574bff445c-4w7zh,3m,238Mi
18:23:49,169,adservice-574bff445c-k5l76,3m,275Mi
18:23:49,169,paymentservice-9bfb7bf5-w2dt7,2m,69Mi
18:23:49,169,adservice-574bff445c-2zzqg,2m,167Mi
18:23:49,169,currencyservice-7c8fc8fc9c-s92sq,2m,76Mi
18:23:49,169,paymentservice-9bfb7bf5-x4kz9,2m,67Mi
18:23:49,169,paymentservice-9bfb7bf5-9mdwz,2m,127Mi
18:23:49,169,productcatalogservice-65bbf699df-8ztwv,2m,20Mi
18:23:49,169,productcatalogservice-65bbf699df-2hv25,1m,21Mi
18:23:49,169,checkoutservice-5b6d96c9b7-fwtng,1m,37Mi
18:23:49,169,cartservice-db96d6fcc-x6v6f,1m,109Mi
18:23:49,169,checkoutservice-5b6d96c9b7-lwnbx,1m,16Mi
18:23:49,169,checkoutservice-5b6d96c9b7-tvvwl,1m,15Mi
18:23:49,169,shippingservice-f956b6d9f-g5j6b,1m,16Mi
18:23:49,169,shippingservice-f956b6d9f-m2h7g,1m,16Mi
18:23:49,169,shippingservice-f956b6d9f-ml5cg,1m,31Mi
18:23:59,170,recommendationservice-7444754ff5-kk4vc,9m,80Mi
18:23:59,170,currencyservice-7c8fc8fc9c-6tsnv,8m,110Mi
18:23:59,170,loadgenerator-57fc5754d-vdlgn,8m,65Mi
18:23:59,170,frontend-7bd6f45654-dnhzb,8m,43Mi
18:23:59,170,currencyservice-7c8fc8fc9c-rtbz4,7m,121Mi
18:23:59,170,recommendationservice-7444754ff5-w69fs,6m,54Mi
18:23:59,170,cartservice-db96d6fcc-tsdhc,6m,146Mi
18:23:59,170,productcatalogservice-65bbf699df-d9cxl,5m,43Mi
18:23:59,170,frontend-7bd6f45654-xmsf8,5m,22Mi
18:23:59,170,frontend-7bd6f45654-jwp2b,4m,21Mi
18:23:59,170,cartservice-db96d6fcc-6kndn,3m,133Mi
18:23:59,170,redis-cart-c8ff86559-gpcc7,3m,36Mi
18:23:59,170,emailservice-66944ff59-62x8j,3m,56Mi
18:23:59,170,emailservice-66944ff59-xh284,3m,56Mi
18:23:59,170,emailservice-66944ff59-zvg4w,3m,56Mi
18:23:59,170,recommendationservice-7444754ff5-w769g,3m,51Mi
18:23:59,170,adservice-574bff445c-4w7zh,3m,238Mi
18:23:59,170,adservice-574bff445c-k5l76,3m,275Mi
18:23:59,170,paymentservice-9bfb7bf5-w2dt7,2m,69Mi
18:23:59,170,adservice-574bff445c-2zzqg,2m,167Mi
18:23:59,170,currencyservice-7c8fc8fc9c-s92sq,2m,76Mi
18:23:59,170,paymentservice-9bfb7bf5-x4kz9,2m,67Mi
18:23:59,170,paymentservice-9bfb7bf5-9mdwz,2m,127Mi
18:23:59,170,productcatalogservice-65bbf699df-8ztwv,2m,20Mi
18:23:59,170,productcatalogservice-65bbf699df-2hv25,1m,21Mi
18:23:59,170,checkoutservice-5b6d96c9b7-fwtng,1m,37Mi
18:23:59,170,cartservice-db96d6fcc-x6v6f,1m,109Mi
18:23:59,170,checkoutservice-5b6d96c9b7-lwnbx,1m,16Mi
18:23:59,170,checkoutservice-5b6d96c9b7-tvvwl,1m,15Mi
18:23:59,170,shippingservice-f956b6d9f-g5j6b,1m,16Mi
18:23:59,170,shippingservice-f956b6d9f-m2h7g,1m,16Mi
18:23:59,170,shippingservice-f956b6d9f-ml5cg,1m,31Mi
18:24:09,171,currencyservice-7c8fc8fc9c-6tsnv,9m,110Mi
18:24:09,171,recommendationservice-7444754ff5-kk4vc,8m,80Mi
18:24:09,171,loadgenerator-57fc5754d-vdlgn,7m,65Mi
18:24:09,171,recommendationservice-7444754ff5-w69fs,6m,54Mi
18:24:09,171,frontend-7bd6f45654-dnhzb,6m,43Mi
18:24:09,171,currencyservice-7c8fc8fc9c-rtbz4,6m,121Mi
18:24:09,171,cartservice-db96d6fcc-tsdhc,5m,146Mi
18:24:09,171,frontend-7bd6f45654-xmsf8,5m,22Mi
18:24:09,171,adservice-574bff445c-k5l76,4m,275Mi
18:24:09,171,productcatalogservice-65bbf699df-d9cxl,4m,43Mi
18:24:09,171,cartservice-db96d6fcc-6kndn,4m,133Mi
18:24:09,171,adservice-574bff445c-4w7zh,4m,238Mi
18:24:09,171,emailservice-66944ff59-62x8j,4m,56Mi
18:24:09,171,emailservice-66944ff59-xh284,4m,56Mi
18:24:09,171,adservice-574bff445c-2zzqg,4m,167Mi
18:24:09,171,frontend-7bd6f45654-jwp2b,3m,21Mi
18:24:09,171,emailservice-66944ff59-zvg4w,3m,57Mi
18:24:09,171,redis-cart-c8ff86559-gpcc7,3m,36Mi
18:24:09,171,recommendationservice-7444754ff5-w769g,3m,51Mi
18:24:09,171,paymentservice-9bfb7bf5-w2dt7,2m,69Mi
18:24:09,171,productcatalogservice-65bbf699df-8ztwv,2m,20Mi
18:24:09,171,cartservice-db96d6fcc-x6v6f,2m,109Mi
18:24:09,171,currencyservice-7c8fc8fc9c-s92sq,2m,76Mi
18:24:09,171,paymentservice-9bfb7bf5-9mdwz,1m,127Mi
18:24:09,171,paymentservice-9bfb7bf5-x4kz9,1m,67Mi
18:24:09,171,productcatalogservice-65bbf699df-2hv25,1m,21Mi
18:24:09,171,checkoutservice-5b6d96c9b7-lwnbx,1m,16Mi
18:24:09,171,checkoutservice-5b6d96c9b7-fwtng,1m,37Mi
18:24:09,171,checkoutservice-5b6d96c9b7-tvvwl,1m,15Mi
18:24:09,171,shippingservice-f956b6d9f-g5j6b,1m,16Mi
18:24:09,171,shippingservice-f956b6d9f-m2h7g,1m,16Mi
18:24:09,171,shippingservice-f956b6d9f-ml5cg,1m,31Mi
18:24:19,172,recommendationservice-7444754ff5-kk4vc,9m,80Mi
18:24:19,172,currencyservice-7c8fc8fc9c-6tsnv,6m,110Mi
18:24:19,172,loadgenerator-57fc5754d-vdlgn,6m,65Mi
18:24:19,172,frontend-7bd6f45654-dnhzb,6m,43Mi
18:24:19,172,adservice-574bff445c-4w7zh,5m,238Mi
18:24:19,172,recommendationservice-7444754ff5-w69fs,5m,54Mi
18:24:19,172,cartservice-db96d6fcc-tsdhc,5m,145Mi
18:24:19,172,currencyservice-7c8fc8fc9c-rtbz4,5m,121Mi
18:24:19,172,productcatalogservice-65bbf699df-d9cxl,4m,43Mi
18:24:19,172,frontend-7bd6f45654-jwp2b,3m,21Mi
18:24:19,172,cartservice-db96d6fcc-6kndn,3m,133Mi
18:24:19,172,redis-cart-c8ff86559-gpcc7,3m,36Mi
18:24:19,172,emailservice-66944ff59-62x8j,3m,56Mi
18:24:19,172,emailservice-66944ff59-xh284,3m,56Mi
18:24:19,172,emailservice-66944ff59-zvg4w,3m,57Mi
18:24:19,172,recommendationservice-7444754ff5-w769g,3m,51Mi
18:24:19,172,adservice-574bff445c-2zzqg,3m,167Mi
18:24:19,172,frontend-7bd6f45654-xmsf8,3m,22Mi
18:24:19,172,adservice-574bff445c-k5l76,3m,275Mi
18:24:19,172,paymentservice-9bfb7bf5-w2dt7,2m,69Mi
18:24:19,172,productcatalogservice-65bbf699df-8ztwv,2m,19Mi
18:24:19,172,cartservice-db96d6fcc-x6v6f,2m,109Mi
18:24:19,172,currencyservice-7c8fc8fc9c-s92sq,2m,76Mi
18:24:19,172,shippingservice-f956b6d9f-ml5cg,2m,31Mi
18:24:19,172,checkoutservice-5b6d96c9b7-tvvwl,1m,15Mi
18:24:19,172,paymentservice-9bfb7bf5-x4kz9,1m,67Mi
18:24:19,172,productcatalogservice-65bbf699df-2hv25,1m,21Mi
18:24:19,172,paymentservice-9bfb7bf5-9mdwz,1m,127Mi
18:24:19,172,checkoutservice-5b6d96c9b7-fwtng,1m,37Mi
18:24:19,172,checkoutservice-5b6d96c9b7-lwnbx,1m,16Mi
18:24:19,172,shippingservice-f956b6d9f-g5j6b,1m,16Mi
18:24:19,172,shippingservice-f956b6d9f-m2h7g,1m,16Mi
18:24:29,173,recommendationservice-7444754ff5-kk4vc,9m,80Mi
18:24:29,173,currencyservice-7c8fc8fc9c-6tsnv,6m,110Mi
18:24:29,173,loadgenerator-57fc5754d-vdlgn,6m,65Mi
18:24:29,173,frontend-7bd6f45654-dnhzb,6m,43Mi
18:24:29,173,adservice-574bff445c-4w7zh,5m,238Mi
18:24:29,173,recommendationservice-7444754ff5-w69fs,5m,54Mi
18:24:29,173,cartservice-db96d6fcc-tsdhc,5m,145Mi
18:24:29,173,currencyservice-7c8fc8fc9c-rtbz4,5m,121Mi
18:24:29,173,productcatalogservice-65bbf699df-d9cxl,4m,43Mi
18:24:29,173,frontend-7bd6f45654-jwp2b,3m,21Mi
18:24:29,173,cartservice-db96d6fcc-6kndn,3m,133Mi
18:24:29,173,redis-cart-c8ff86559-gpcc7,3m,36Mi
18:24:29,173,emailservice-66944ff59-62x8j,3m,56Mi
18:24:29,173,emailservice-66944ff59-xh284,3m,56Mi
18:24:29,173,emailservice-66944ff59-zvg4w,3m,57Mi
18:24:29,173,recommendationservice-7444754ff5-w769g,3m,51Mi
18:24:29,173,adservice-574bff445c-2zzqg,3m,167Mi
18:24:29,173,frontend-7bd6f45654-xmsf8,3m,22Mi
18:24:29,173,adservice-574bff445c-k5l76,3m,275Mi
18:24:29,173,paymentservice-9bfb7bf5-w2dt7,2m,69Mi
18:24:29,173,productcatalogservice-65bbf699df-8ztwv,2m,19Mi
18:24:29,173,cartservice-db96d6fcc-x6v6f,2m,109Mi
18:24:29,173,currencyservice-7c8fc8fc9c-s92sq,2m,76Mi
18:24:29,173,shippingservice-f956b6d9f-ml5cg,2m,31Mi
18:24:29,173,checkoutservice-5b6d96c9b7-tvvwl,1m,15Mi
18:24:29,173,paymentservice-9bfb7bf5-x4kz9,1m,67Mi
18:24:29,173,productcatalogservice-65bbf699df-2hv25,1m,21Mi
18:24:29,173,paymentservice-9bfb7bf5-9mdwz,1m,127Mi
18:24:29,173,checkoutservice-5b6d96c9b7-fwtng,1m,37Mi
18:24:29,173,checkoutservice-5b6d96c9b7-lwnbx,1m,16Mi
18:24:29,173,shippingservice-f956b6d9f-g5j6b,1m,16Mi
18:24:29,173,shippingservice-f956b6d9f-m2h7g,1m,16Mi
18:24:40,174,recommendationservice-7444754ff5-kk4vc,8m,80Mi
18:24:40,174,recommendationservice-7444754ff5-w69fs,7m,54Mi
18:24:40,174,frontend-7bd6f45654-dnhzb,6m,43Mi
18:24:40,174,loadgenerator-57fc5754d-vdlgn,6m,65Mi
18:24:40,174,currencyservice-7c8fc8fc9c-rtbz4,6m,121Mi
18:24:40,174,adservice-574bff445c-k5l76,5m,275Mi
18:24:40,174,cartservice-db96d6fcc-6kndn,5m,133Mi
18:24:40,174,currencyservice-7c8fc8fc9c-6tsnv,5m,110Mi
18:24:40,174,cartservice-db96d6fcc-tsdhc,4m,145Mi
18:24:40,174,productcatalogservice-65bbf699df-d9cxl,4m,43Mi
18:24:40,174,emailservice-66944ff59-62x8j,4m,56Mi
18:24:40,174,emailservice-66944ff59-xh284,4m,56Mi
18:24:40,174,adservice-574bff445c-2zzqg,4m,167Mi
18:24:40,174,frontend-7bd6f45654-xmsf8,4m,22Mi
18:24:40,174,recommendationservice-7444754ff5-w769g,3m,51Mi
18:24:40,174,redis-cart-c8ff86559-gpcc7,3m,36Mi
18:24:40,174,emailservice-66944ff59-zvg4w,3m,56Mi
18:24:40,174,adservice-574bff445c-4w7zh,3m,238Mi
18:24:40,174,frontend-7bd6f45654-jwp2b,2m,21Mi
18:24:40,174,cartservice-db96d6fcc-x6v6f,2m,109Mi
18:24:40,174,paymentservice-9bfb7bf5-w2dt7,2m,69Mi
18:24:40,174,paymentservice-9bfb7bf5-x4kz9,2m,67Mi
18:24:40,174,paymentservice-9bfb7bf5-9mdwz,2m,127Mi
18:24:40,174,productcatalogservice-65bbf699df-8ztwv,2m,19Mi
18:24:40,174,currencyservice-7c8fc8fc9c-s92sq,2m,76Mi
18:24:40,174,productcatalogservice-65bbf699df-2hv25,1m,21Mi
18:24:40,174,checkoutservice-5b6d96c9b7-lwnbx,1m,16Mi
18:24:40,174,checkoutservice-5b6d96c9b7-fwtng,1m,37Mi
18:24:40,174,checkoutservice-5b6d96c9b7-tvvwl,1m,15Mi
18:24:40,174,shippingservice-f956b6d9f-g5j6b,1m,16Mi
18:24:40,174,shippingservice-f956b6d9f-m2h7g,1m,16Mi
18:24:40,174,shippingservice-f956b6d9f-ml5cg,1m,31Mi
18:24:50,175,recommendationservice-7444754ff5-kk4vc,8m,80Mi
18:24:50,175,currencyservice-7c8fc8fc9c-6tsnv,7m,110Mi
18:24:50,175,recommendationservice-7444754ff5-w69fs,6m,54Mi
18:24:50,175,loadgenerator-57fc5754d-vdlgn,6m,65Mi
18:24:50,175,currencyservice-7c8fc8fc9c-rtbz4,6m,121Mi
18:24:50,175,cartservice-db96d6fcc-tsdhc,5m,146Mi
18:24:50,175,frontend-7bd6f45654-dnhzb,5m,43Mi
18:24:50,175,emailservice-66944ff59-62x8j,4m,56Mi
18:24:50,175,adservice-574bff445c-4w7zh,4m,238Mi
18:24:50,175,recommendationservice-7444754ff5-w769g,4m,51Mi
18:24:50,175,productcatalogservice-65bbf699df-d9cxl,4m,43Mi
18:24:50,175,emailservice-66944ff59-xh284,4m,56Mi
18:24:50,175,frontend-7bd6f45654-jwp2b,3m,21Mi
18:24:50,175,emailservice-66944ff59-zvg4w,3m,56Mi
18:24:50,175,redis-cart-c8ff86559-gpcc7,3m,36Mi
18:24:50,175,frontend-7bd6f45654-xmsf8,3m,22Mi
18:24:50,175,cartservice-db96d6fcc-6kndn,3m,133Mi
18:24:50,175,currencyservice-7c8fc8fc9c-s92sq,2m,76Mi
18:24:50,175,adservice-574bff445c-2zzqg,2m,167Mi
18:24:50,175,adservice-574bff445c-k5l76,2m,275Mi
18:24:50,175,productcatalogservice-65bbf699df-8ztwv,2m,19Mi
18:24:50,175,paymentservice-9bfb7bf5-x4kz9,1m,67Mi
18:24:50,175,productcatalogservice-65bbf699df-2hv25,1m,21Mi
18:24:50,175,paymentservice-9bfb7bf5-w2dt7,1m,69Mi
18:24:50,175,checkoutservice-5b6d96c9b7-fwtng,1m,37Mi
18:24:50,175,cartservice-db96d6fcc-x6v6f,1m,109Mi
18:24:50,175,paymentservice-9bfb7bf5-9mdwz,1m,127Mi
18:24:50,175,checkoutservice-5b6d96c9b7-lwnbx,1m,16Mi
18:24:50,175,checkoutservice-5b6d96c9b7-tvvwl,1m,15Mi
18:24:50,175,shippingservice-f956b6d9f-g5j6b,1m,16Mi
18:24:50,175,shippingservice-f956b6d9f-m2h7g,1m,16Mi
18:24:50,175,shippingservice-f956b6d9f-ml5cg,1m,31Mi
18:25:00,176,recommendationservice-7444754ff5-kk4vc,8m,80Mi
18:25:00,176,currencyservice-7c8fc8fc9c-6tsnv,7m,110Mi
18:25:00,176,recommendationservice-7444754ff5-w69fs,6m,54Mi
18:25:00,176,loadgenerator-57fc5754d-vdlgn,6m,65Mi
18:25:00,176,currencyservice-7c8fc8fc9c-rtbz4,6m,121Mi
18:25:00,176,cartservice-db96d6fcc-tsdhc,5m,146Mi
18:25:00,176,frontend-7bd6f45654-dnhzb,5m,43Mi
18:25:00,176,emailservice-66944ff59-62x8j,4m,56Mi
18:25:00,176,adservice-574bff445c-4w7zh,4m,238Mi
18:25:00,176,recommendationservice-7444754ff5-w769g,4m,51Mi
18:25:00,176,productcatalogservice-65bbf699df-d9cxl,4m,43Mi
18:25:00,176,emailservice-66944ff59-xh284,4m,56Mi
18:25:00,176,frontend-7bd6f45654-jwp2b,3m,21Mi
18:25:00,176,emailservice-66944ff59-zvg4w,3m,56Mi
18:25:00,176,redis-cart-c8ff86559-gpcc7,3m,36Mi
18:25:00,176,frontend-7bd6f45654-xmsf8,3m,22Mi
18:25:00,176,cartservice-db96d6fcc-6kndn,3m,133Mi
18:25:00,176,currencyservice-7c8fc8fc9c-s92sq,2m,76Mi
18:25:00,176,adservice-574bff445c-2zzqg,2m,167Mi
18:25:00,176,adservice-574bff445c-k5l76,2m,275Mi
18:25:00,176,productcatalogservice-65bbf699df-8ztwv,2m,19Mi
18:25:00,176,paymentservice-9bfb7bf5-x4kz9,1m,67Mi
18:25:00,176,productcatalogservice-65bbf699df-2hv25,1m,21Mi
18:25:00,176,paymentservice-9bfb7bf5-w2dt7,1m,69Mi
18:25:00,176,checkoutservice-5b6d96c9b7-fwtng,1m,37Mi
18:25:00,176,cartservice-db96d6fcc-x6v6f,1m,109Mi
18:25:00,176,paymentservice-9bfb7bf5-9mdwz,1m,127Mi
18:25:00,176,checkoutservice-5b6d96c9b7-lwnbx,1m,16Mi
18:25:00,176,checkoutservice-5b6d96c9b7-tvvwl,1m,15Mi
18:25:00,176,shippingservice-f956b6d9f-g5j6b,1m,16Mi
18:25:00,176,shippingservice-f956b6d9f-m2h7g,1m,16Mi
18:25:00,176,shippingservice-f956b6d9f-ml5cg,1m,31Mi
18:25:10,177,currencyservice-7c8fc8fc9c-6tsnv,10m,110Mi
18:25:10,177,recommendationservice-7444754ff5-kk4vc,10m,80Mi
18:25:10,177,loadgenerator-57fc5754d-vdlgn,8m,65Mi
18:25:10,177,frontend-7bd6f45654-dnhzb,8m,43Mi
18:25:10,177,currencyservice-7c8fc8fc9c-rtbz4,8m,121Mi
18:25:10,177,recommendationservice-7444754ff5-w69fs,7m,54Mi
18:25:10,177,cartservice-db96d6fcc-tsdhc,6m,146Mi
18:25:10,177,frontend-7bd6f45654-xmsf8,6m,22Mi
18:25:10,177,productcatalogservice-65bbf699df-d9cxl,5m,43Mi
18:25:10,177,frontend-7bd6f45654-jwp2b,4m,21Mi
18:25:10,177,emailservice-66944ff59-62x8j,4m,56Mi
18:25:10,177,emailservice-66944ff59-xh284,4m,56Mi
18:25:10,177,emailservice-66944ff59-zvg4w,4m,56Mi
18:25:10,177,cartservice-db96d6fcc-6kndn,4m,133Mi
18:25:10,177,productcatalogservice-65bbf699df-8ztwv,3m,19Mi
18:25:10,177,redis-cart-c8ff86559-gpcc7,3m,36Mi
18:25:10,177,recommendationservice-7444754ff5-w769g,3m,51Mi
18:25:10,177,adservice-574bff445c-2zzqg,3m,167Mi
18:25:10,177,adservice-574bff445c-4w7zh,3m,238Mi
18:25:10,177,adservice-574bff445c-k5l76,3m,275Mi
18:25:10,177,paymentservice-9bfb7bf5-w2dt7,2m,69Mi
18:25:10,177,paymentservice-9bfb7bf5-x4kz9,2m,67Mi
18:25:10,177,paymentservice-9bfb7bf5-9mdwz,2m,127Mi
18:25:10,177,cartservice-db96d6fcc-x6v6f,2m,109Mi
18:25:10,177,checkoutservice-5b6d96c9b7-fwtng,2m,37Mi
18:25:10,177,currencyservice-7c8fc8fc9c-s92sq,2m,76Mi
18:25:10,177,shippingservice-f956b6d9f-ml5cg,2m,31Mi
18:25:10,177,productcatalogservice-65bbf699df-2hv25,1m,21Mi
18:25:10,177,checkoutservice-5b6d96c9b7-tvvwl,1m,15Mi
18:25:10,177,checkoutservice-5b6d96c9b7-lwnbx,1m,16Mi
18:25:10,177,shippingservice-f956b6d9f-g5j6b,1m,16Mi
18:25:10,177,shippingservice-f956b6d9f-m2h7g,1m,16Mi
18:25:20,178,recommendationservice-7444754ff5-kk4vc,10m,80Mi
18:25:20,178,loadgenerator-57fc5754d-vdlgn,8m,65Mi
18:25:20,178,currencyservice-7c8fc8fc9c-rtbz4,8m,121Mi
18:25:20,178,frontend-7bd6f45654-dnhzb,8m,43Mi
18:25:20,178,adservice-574bff445c-4w7zh,7m,240Mi
18:25:20,178,recommendationservice-7444754ff5-w69fs,7m,54Mi
18:25:20,178,cartservice-db96d6fcc-tsdhc,7m,146Mi
18:25:20,178,currencyservice-7c8fc8fc9c-6tsnv,7m,110Mi
18:25:20,178,cartservice-db96d6fcc-6kndn,5m,133Mi
18:25:20,178,productcatalogservice-65bbf699df-d9cxl,5m,43Mi
18:25:20,178,emailservice-66944ff59-zvg4w,4m,57Mi
18:25:20,178,frontend-7bd6f45654-xmsf8,4m,22Mi
18:25:20,178,frontend-7bd6f45654-jwp2b,3m,21Mi
18:25:20,178,emailservice-66944ff59-62x8j,3m,56Mi
18:25:20,178,adservice-574bff445c-2zzqg,3m,167Mi
18:25:20,178,emailservice-66944ff59-xh284,3m,56Mi
18:25:20,178,redis-cart-c8ff86559-gpcc7,3m,36Mi
18:25:20,178,recommendationservice-7444754ff5-w769g,3m,51Mi
18:25:20,178,adservice-574bff445c-k5l76,3m,275Mi
18:25:20,178,cartservice-db96d6fcc-x6v6f,2m,109Mi
18:25:20,178,shippingservice-f956b6d9f-ml5cg,2m,31Mi
18:25:20,178,paymentservice-9bfb7bf5-9mdwz,2m,127Mi
18:25:20,178,paymentservice-9bfb7bf5-w2dt7,2m,69Mi
18:25:20,178,productcatalogservice-65bbf699df-2hv25,2m,21Mi
18:25:20,178,productcatalogservice-65bbf699df-8ztwv,2m,19Mi
18:25:20,178,checkoutservice-5b6d96c9b7-tvvwl,1m,15Mi
18:25:20,178,checkoutservice-5b6d96c9b7-fwtng,1m,37Mi
18:25:20,178,paymentservice-9bfb7bf5-x4kz9,1m,67Mi
18:25:20,178,checkoutservice-5b6d96c9b7-lwnbx,1m,16Mi
18:25:20,178,shippingservice-f956b6d9f-g5j6b,1m,16Mi
18:25:20,178,shippingservice-f956b6d9f-m2h7g,1m,16Mi
18:25:20,178,currencyservice-7c8fc8fc9c-s92sq,1m,76Mi
18:25:30,179,recommendationservice-7444754ff5-kk4vc,9m,80Mi
18:25:30,179,frontend-7bd6f45654-dnhzb,8m,43Mi
18:25:30,179,currencyservice-7c8fc8fc9c-rtbz4,8m,121Mi
18:25:30,179,loadgenerator-57fc5754d-vdlgn,7m,65Mi
18:25:30,179,currencyservice-7c8fc8fc9c-6tsnv,7m,110Mi
18:25:30,179,cartservice-db96d6fcc-tsdhc,6m,146Mi
18:25:30,179,recommendationservice-7444754ff5-w69fs,5m,54Mi
18:25:30,179,frontend-7bd6f45654-xmsf8,5m,22Mi
18:25:30,179,productcatalogservice-65bbf699df-d9cxl,4m,43Mi
18:25:30,179,emailservice-66944ff59-62x8j,4m,56Mi
18:25:30,179,paymentservice-9bfb7bf5-9mdwz,3m,126Mi
18:25:30,179,cartservice-db96d6fcc-6kndn,3m,133Mi
18:25:30,179,recommendationservice-7444754ff5-w769g,3m,51Mi
18:25:30,179,emailservice-66944ff59-xh284,3m,56Mi
18:25:30,179,emailservice-66944ff59-zvg4w,3m,56Mi
18:25:30,179,adservice-574bff445c-k5l76,3m,275Mi
18:25:30,179,adservice-574bff445c-2zzqg,3m,167Mi
18:25:30,179,redis-cart-c8ff86559-gpcc7,3m,36Mi
18:25:30,179,adservice-574bff445c-4w7zh,3m,240Mi
18:25:30,179,frontend-7bd6f45654-jwp2b,2m,21Mi
18:25:30,179,paymentservice-9bfb7bf5-x4kz9,2m,67Mi
18:25:30,179,productcatalogservice-65bbf699df-8ztwv,2m,20Mi
18:25:30,179,checkoutservice-5b6d96c9b7-fwtng,2m,37Mi
18:25:30,179,paymentservice-9bfb7bf5-w2dt7,1m,69Mi
18:25:30,179,productcatalogservice-65bbf699df-2hv25,1m,21Mi
18:25:30,179,currencyservice-7c8fc8fc9c-s92sq,1m,76Mi
18:25:30,179,checkoutservice-5b6d96c9b7-tvvwl,1m,15Mi
18:25:30,179,checkoutservice-5b6d96c9b7-lwnbx,1m,16Mi
18:25:30,179,cartservice-db96d6fcc-x6v6f,1m,109Mi
18:25:30,179,shippingservice-f956b6d9f-g5j6b,1m,16Mi
18:25:30,179,shippingservice-f956b6d9f-m2h7g,1m,16Mi
18:25:30,179,shippingservice-f956b6d9f-ml5cg,1m,31Mi
18:25:40,180,recommendationservice-7444754ff5-kk4vc,9m,80Mi
18:25:40,180,frontend-7bd6f45654-dnhzb,8m,43Mi
18:25:40,180,currencyservice-7c8fc8fc9c-rtbz4,8m,121Mi
18:25:40,180,loadgenerator-57fc5754d-vdlgn,7m,65Mi
18:25:40,180,currencyservice-7c8fc8fc9c-6tsnv,7m,110Mi
18:25:40,180,cartservice-db96d6fcc-tsdhc,6m,146Mi
18:25:40,180,recommendationservice-7444754ff5-w69fs,5m,54Mi
18:25:40,180,frontend-7bd6f45654-xmsf8,5m,22Mi
18:25:40,180,productcatalogservice-65bbf699df-d9cxl,4m,43Mi
18:25:40,180,emailservice-66944ff59-62x8j,4m,56Mi
18:25:40,180,paymentservice-9bfb7bf5-9mdwz,3m,126Mi
18:25:40,180,cartservice-db96d6fcc-6kndn,3m,133Mi
18:25:40,180,recommendationservice-7444754ff5-w769g,3m,51Mi
18:25:40,180,emailservice-66944ff59-xh284,3m,56Mi
18:25:40,180,emailservice-66944ff59-zvg4w,3m,56Mi
18:25:40,180,adservice-574bff445c-k5l76,3m,275Mi
18:25:40,180,adservice-574bff445c-2zzqg,3m,167Mi
18:25:40,180,redis-cart-c8ff86559-gpcc7,3m,36Mi
18:25:40,180,adservice-574bff445c-4w7zh,3m,240Mi
18:25:40,180,frontend-7bd6f45654-jwp2b,2m,21Mi
18:25:40,180,paymentservice-9bfb7bf5-x4kz9,2m,67Mi
18:25:40,180,productcatalogservice-65bbf699df-8ztwv,2m,20Mi
18:25:40,180,checkoutservice-5b6d96c9b7-fwtng,2m,37Mi
18:25:40,180,paymentservice-9bfb7bf5-w2dt7,1m,69Mi
18:25:40,180,productcatalogservice-65bbf699df-2hv25,1m,21Mi
18:25:40,180,currencyservice-7c8fc8fc9c-s92sq,1m,76Mi
18:25:40,180,checkoutservice-5b6d96c9b7-tvvwl,1m,15Mi
18:25:40,180,checkoutservice-5b6d96c9b7-lwnbx,1m,16Mi
18:25:40,180,cartservice-db96d6fcc-x6v6f,1m,109Mi
18:25:40,180,shippingservice-f956b6d9f-g5j6b,1m,16Mi
18:25:40,180,shippingservice-f956b6d9f-m2h7g,1m,16Mi
18:25:40,180,shippingservice-f956b6d9f-ml5cg,1m,31Mi
18:25:51,181,adservice-574bff445c-4w7zh,10m,243Mi
18:25:51,181,recommendationservice-7444754ff5-kk4vc,8m,80Mi
18:25:51,181,currencyservice-7c8fc8fc9c-6tsnv,7m,110Mi
18:25:51,181,recommendationservice-7444754ff5-w69fs,6m,54Mi
18:25:51,181,loadgenerator-57fc5754d-vdlgn,6m,65Mi
18:25:51,181,frontend-7bd6f45654-dnhzb,6m,43Mi
18:25:51,181,currencyservice-7c8fc8fc9c-rtbz4,6m,121Mi
18:25:51,181,cartservice-db96d6fcc-tsdhc,5m,146Mi
18:25:51,181,adservice-574bff445c-2zzqg,5m,167Mi
18:25:51,181,productcatalogservice-65bbf699df-d9cxl,4m,43Mi
18:25:51,181,emailservice-66944ff59-62x8j,4m,56Mi
18:25:51,181,emailservice-66944ff59-xh284,4m,56Mi
18:25:51,181,emailservice-66944ff59-zvg4w,4m,56Mi
18:25:51,181,recommendationservice-7444754ff5-w769g,4m,51Mi
18:25:51,181,frontend-7bd6f45654-jwp2b,4m,21Mi
18:25:51,181,frontend-7bd6f45654-xmsf8,4m,22Mi
18:25:51,181,cartservice-db96d6fcc-6kndn,4m,133Mi
18:25:51,181,cartservice-db96d6fcc-x6v6f,3m,109Mi
18:25:51,181,redis-cart-c8ff86559-gpcc7,3m,36Mi
18:25:51,181,adservice-574bff445c-k5l76,3m,275Mi
18:25:51,181,paymentservice-9bfb7bf5-w2dt7,2m,69Mi
18:25:51,181,productcatalogservice-65bbf699df-8ztwv,2m,20Mi
18:25:51,181,currencyservice-7c8fc8fc9c-s92sq,2m,76Mi
18:25:51,181,paymentservice-9bfb7bf5-x4kz9,1m,67Mi
18:25:51,181,productcatalogservice-65bbf699df-2hv25,1m,21Mi
18:25:51,181,checkoutservice-5b6d96c9b7-tvvwl,1m,15Mi
18:25:51,181,paymentservice-9bfb7bf5-9mdwz,1m,126Mi
18:25:51,181,checkoutservice-5b6d96c9b7-fwtng,1m,37Mi
18:25:51,181,checkoutservice-5b6d96c9b7-lwnbx,1m,16Mi
18:25:51,181,shippingservice-f956b6d9f-g5j6b,1m,16Mi
18:25:51,181,shippingservice-f956b6d9f-m2h7g,1m,16Mi
18:25:51,181,shippingservice-f956b6d9f-ml5cg,1m,31Mi
18:26:01,182,recommendationservice-7444754ff5-w69fs,8m,54Mi
18:26:01,182,currencyservice-7c8fc8fc9c-6tsnv,8m,110Mi
18:26:01,182,recommendationservice-7444754ff5-kk4vc,7m,80Mi
18:26:01,182,loadgenerator-57fc5754d-vdlgn,7m,65Mi
18:26:01,182,frontend-7bd6f45654-xmsf8,6m,22Mi
18:26:01,182,frontend-7bd6f45654-dnhzb,6m,43Mi
18:26:01,182,currencyservice-7c8fc8fc9c-rtbz4,6m,121Mi
18:26:01,182,adservice-574bff445c-4w7zh,5m,243Mi
18:26:01,182,cartservice-db96d6fcc-6kndn,5m,133Mi
18:26:01,182,emailservice-66944ff59-62x8j,4m,56Mi
18:26:01,182,cartservice-db96d6fcc-tsdhc,4m,146Mi
18:26:01,182,emailservice-66944ff59-zvg4w,4m,56Mi
18:26:01,182,productcatalogservice-65bbf699df-d9cxl,3m,43Mi
18:26:01,182,productcatalogservice-65bbf699df-8ztwv,3m,19Mi
18:26:01,182,redis-cart-c8ff86559-gpcc7,3m,36Mi
18:26:01,182,recommendationservice-7444754ff5-w769g,3m,51Mi
18:26:01,182,frontend-7bd6f45654-jwp2b,3m,21Mi
18:26:01,182,adservice-574bff445c-k5l76,3m,275Mi
18:26:01,182,emailservice-66944ff59-xh284,3m,56Mi
18:26:01,182,adservice-574bff445c-2zzqg,3m,167Mi
18:26:01,182,cartservice-db96d6fcc-x6v6f,2m,109Mi
18:26:01,182,paymentservice-9bfb7bf5-x4kz9,2m,67Mi
18:26:01,182,paymentservice-9bfb7bf5-w2dt7,2m,69Mi
18:26:01,182,paymentservice-9bfb7bf5-9mdwz,2m,126Mi
18:26:01,182,currencyservice-7c8fc8fc9c-s92sq,2m,76Mi
18:26:01,182,productcatalogservice-65bbf699df-2hv25,1m,21Mi
18:26:01,182,checkoutservice-5b6d96c9b7-fwtng,1m,37Mi
18:26:01,182,checkoutservice-5b6d96c9b7-lwnbx,1m,16Mi
18:26:01,182,checkoutservice-5b6d96c9b7-tvvwl,1m,15Mi
18:26:01,182,shippingservice-f956b6d9f-g5j6b,1m,16Mi
18:26:01,182,shippingservice-f956b6d9f-m2h7g,1m,16Mi
18:26:01,182,shippingservice-f956b6d9f-ml5cg,1m,31Mi
18:26:11,183,recommendationservice-7444754ff5-w69fs,8m,54Mi
18:26:11,183,currencyservice-7c8fc8fc9c-6tsnv,8m,110Mi
18:26:11,183,recommendationservice-7444754ff5-kk4vc,7m,80Mi
18:26:11,183,loadgenerator-57fc5754d-vdlgn,7m,65Mi
18:26:11,183,frontend-7bd6f45654-xmsf8,6m,22Mi
18:26:11,183,frontend-7bd6f45654-dnhzb,6m,43Mi
18:26:11,183,currencyservice-7c8fc8fc9c-rtbz4,6m,121Mi
18:26:11,183,adservice-574bff445c-4w7zh,5m,243Mi
18:26:11,183,cartservice-db96d6fcc-6kndn,5m,133Mi
18:26:11,183,emailservice-66944ff59-62x8j,4m,56Mi
18:26:11,183,cartservice-db96d6fcc-tsdhc,4m,146Mi
18:26:11,183,emailservice-66944ff59-zvg4w,4m,56Mi
18:26:11,183,productcatalogservice-65bbf699df-d9cxl,3m,43Mi
18:26:11,183,productcatalogservice-65bbf699df-8ztwv,3m,19Mi
18:26:11,183,redis-cart-c8ff86559-gpcc7,3m,36Mi
18:26:11,183,recommendationservice-7444754ff5-w769g,3m,51Mi
18:26:11,183,frontend-7bd6f45654-jwp2b,3m,21Mi
18:26:11,183,adservice-574bff445c-k5l76,3m,275Mi
18:26:11,183,emailservice-66944ff59-xh284,3m,56Mi
18:26:11,183,adservice-574bff445c-2zzqg,3m,167Mi
18:26:11,183,cartservice-db96d6fcc-x6v6f,2m,109Mi
18:26:11,183,paymentservice-9bfb7bf5-x4kz9,2m,67Mi
18:26:11,183,paymentservice-9bfb7bf5-w2dt7,2m,69Mi
18:26:11,183,paymentservice-9bfb7bf5-9mdwz,2m,126Mi
18:26:11,183,currencyservice-7c8fc8fc9c-s92sq,2m,76Mi
18:26:11,183,productcatalogservice-65bbf699df-2hv25,1m,21Mi
18:26:11,183,checkoutservice-5b6d96c9b7-fwtng,1m,37Mi
18:26:11,183,checkoutservice-5b6d96c9b7-lwnbx,1m,16Mi
18:26:11,183,checkoutservice-5b6d96c9b7-tvvwl,1m,15Mi
18:26:11,183,shippingservice-f956b6d9f-g5j6b,1m,16Mi
18:26:11,183,shippingservice-f956b6d9f-m2h7g,1m,16Mi
18:26:11,183,shippingservice-f956b6d9f-ml5cg,1m,31Mi
18:26:21,184,recommendationservice-7444754ff5-kk4vc,9m,80Mi
18:26:21,184,loadgenerator-57fc5754d-vdlgn,7m,65Mi
18:26:21,184,currencyservice-7c8fc8fc9c-6tsnv,7m,110Mi
18:26:21,184,currencyservice-7c8fc8fc9c-rtbz4,7m,121Mi
18:26:21,184,frontend-7bd6f45654-dnhzb,7m,43Mi
18:26:21,184,cartservice-db96d6fcc-tsdhc,6m,146Mi
18:26:21,184,recommendationservice-7444754ff5-w69fs,5m,54Mi
18:26:21,184,adservice-574bff445c-4w7zh,4m,243Mi
18:26:21,184,productcatalogservice-65bbf699df-d9cxl,4m,43Mi
18:26:21,184,emailservice-66944ff59-zvg4w,4m,56Mi
18:26:21,184,frontend-7bd6f45654-xmsf8,4m,22Mi
18:26:21,184,adservice-574bff445c-2zzqg,4m,167Mi
18:26:21,184,emailservice-66944ff59-62x8j,4m,56Mi
18:26:21,184,frontend-7bd6f45654-jwp2b,3m,21Mi
18:26:21,184,redis-cart-c8ff86559-gpcc7,3m,36Mi
18:26:21,184,recommendationservice-7444754ff5-w769g,3m,51Mi
18:26:21,184,adservice-574bff445c-k5l76,3m,275Mi
18:26:21,184,emailservice-66944ff59-xh284,3m,56Mi
18:26:21,184,cartservice-db96d6fcc-6kndn,3m,133Mi
18:26:21,184,productcatalogservice-65bbf699df-8ztwv,2m,20Mi
18:26:21,184,paymentservice-9bfb7bf5-9mdwz,2m,126Mi
18:26:21,184,cartservice-db96d6fcc-x6v6f,2m,109Mi
18:26:21,184,checkoutservice-5b6d96c9b7-fwtng,1m,37Mi
18:26:21,184,productcatalogservice-65bbf699df-2hv25,1m,21Mi
18:26:21,184,paymentservice-9bfb7bf5-x4kz9,1m,67Mi
18:26:21,184,paymentservice-9bfb7bf5-w2dt7,1m,69Mi
18:26:21,184,checkoutservice-5b6d96c9b7-lwnbx,1m,16Mi
18:26:21,184,checkoutservice-5b6d96c9b7-tvvwl,1m,16Mi
18:26:21,184,currencyservice-7c8fc8fc9c-s92sq,1m,76Mi
18:26:21,184,shippingservice-f956b6d9f-g5j6b,1m,16Mi
18:26:21,184,shippingservice-f956b6d9f-m2h7g,1m,16Mi
18:26:21,184,shippingservice-f956b6d9f-ml5cg,1m,31Mi
18:26:31,185,adservice-574bff445c-4w7zh,10m,243Mi
18:26:31,185,recommendationservice-7444754ff5-kk4vc,10m,80Mi
18:26:31,185,currencyservice-7c8fc8fc9c-6tsnv,9m,110Mi
18:26:31,185,loadgenerator-57fc5754d-vdlgn,8m,65Mi
18:26:31,185,adservice-574bff445c-k5l76,7m,275Mi
18:26:31,185,recommendationservice-7444754ff5-w69fs,7m,54Mi
18:26:31,185,frontend-7bd6f45654-dnhzb,7m,43Mi
18:26:31,185,currencyservice-7c8fc8fc9c-rtbz4,7m,121Mi
18:26:31,185,cartservice-db96d6fcc-tsdhc,6m,146Mi
18:26:31,185,productcatalogservice-65bbf699df-d9cxl,5m,43Mi
18:26:31,185,frontend-7bd6f45654-jwp2b,5m,21Mi
18:26:31,185,frontend-7bd6f45654-xmsf8,5m,22Mi
18:26:31,185,adservice-574bff445c-2zzqg,5m,168Mi
18:26:31,185,emailservice-66944ff59-62x8j,4m,56Mi
18:26:31,185,emailservice-66944ff59-xh284,4m,56Mi
18:26:31,185,emailservice-66944ff59-zvg4w,4m,56Mi
18:26:31,185,recommendationservice-7444754ff5-w769g,4m,51Mi
18:26:31,185,cartservice-db96d6fcc-6kndn,4m,133Mi
18:26:31,185,paymentservice-9bfb7bf5-x4kz9,3m,67Mi
18:26:31,185,currencyservice-7c8fc8fc9c-s92sq,3m,76Mi
18:26:31,185,redis-cart-c8ff86559-gpcc7,3m,36Mi
18:26:31,185,cartservice-db96d6fcc-x6v6f,2m,109Mi
18:26:31,185,productcatalogservice-65bbf699df-2hv25,2m,21Mi
18:26:31,185,productcatalogservice-65bbf699df-8ztwv,2m,19Mi
18:26:31,185,paymentservice-9bfb7bf5-w2dt7,2m,69Mi
18:26:31,185,paymentservice-9bfb7bf5-9mdwz,2m,126Mi
18:26:31,185,checkoutservice-5b6d96c9b7-tvvwl,1m,15Mi
18:26:31,185,checkoutservice-5b6d96c9b7-fwtng,1m,37Mi
18:26:31,185,checkoutservice-5b6d96c9b7-lwnbx,1m,16Mi
18:26:31,185,shippingservice-f956b6d9f-g5j6b,1m,16Mi
18:26:31,185,shippingservice-f956b6d9f-m2h7g,1m,16Mi
18:26:31,185,shippingservice-f956b6d9f-ml5cg,1m,31Mi
18:26:41,186,adservice-574bff445c-4w7zh,10m,243Mi
18:26:41,186,recommendationservice-7444754ff5-kk4vc,10m,80Mi
18:26:41,186,currencyservice-7c8fc8fc9c-6tsnv,9m,110Mi
18:26:41,186,loadgenerator-57fc5754d-vdlgn,8m,65Mi
18:26:41,186,adservice-574bff445c-k5l76,7m,275Mi
18:26:41,186,recommendationservice-7444754ff5-w69fs,7m,54Mi
18:26:41,186,frontend-7bd6f45654-dnhzb,7m,43Mi
18:26:41,186,currencyservice-7c8fc8fc9c-rtbz4,7m,121Mi
18:26:41,186,cartservice-db96d6fcc-tsdhc,6m,146Mi
18:26:41,186,productcatalogservice-65bbf699df-d9cxl,5m,43Mi
18:26:41,186,frontend-7bd6f45654-jwp2b,5m,21Mi
18:26:41,186,frontend-7bd6f45654-xmsf8,5m,22Mi
18:26:41,186,adservice-574bff445c-2zzqg,5m,168Mi
18:26:41,186,emailservice-66944ff59-62x8j,4m,56Mi
18:26:41,186,emailservice-66944ff59-xh284,4m,56Mi
18:26:41,186,emailservice-66944ff59-zvg4w,4m,56Mi
18:26:41,186,recommendationservice-7444754ff5-w769g,4m,51Mi
18:26:41,186,cartservice-db96d6fcc-6kndn,4m,133Mi
18:26:41,186,paymentservice-9bfb7bf5-x4kz9,3m,67Mi
18:26:41,186,currencyservice-7c8fc8fc9c-s92sq,3m,76Mi
18:26:41,186,redis-cart-c8ff86559-gpcc7,3m,36Mi
18:26:41,186,cartservice-db96d6fcc-x6v6f,2m,109Mi
18:26:41,186,productcatalogservice-65bbf699df-2hv25,2m,21Mi
18:26:41,186,productcatalogservice-65bbf699df-8ztwv,2m,19Mi
18:26:41,186,paymentservice-9bfb7bf5-w2dt7,2m,69Mi
18:26:41,186,paymentservice-9bfb7bf5-9mdwz,2m,126Mi
18:26:41,186,checkoutservice-5b6d96c9b7-tvvwl,1m,15Mi
18:26:41,186,checkoutservice-5b6d96c9b7-fwtng,1m,37Mi
18:26:41,186,checkoutservice-5b6d96c9b7-lwnbx,1m,16Mi
18:26:41,186,shippingservice-f956b6d9f-g5j6b,1m,16Mi
18:26:41,186,shippingservice-f956b6d9f-m2h7g,1m,16Mi
18:26:41,186,shippingservice-f956b6d9f-ml5cg,1m,31Mi
18:26:52,187,recommendationservice-7444754ff5-kk4vc,10m,80Mi
18:26:52,187,currencyservice-7c8fc8fc9c-6tsnv,8m,110Mi
18:26:52,187,loadgenerator-57fc5754d-vdlgn,7m,65Mi
18:26:52,187,frontend-7bd6f45654-dnhzb,7m,43Mi
18:26:52,187,recommendationservice-7444754ff5-w69fs,6m,54Mi
18:26:52,187,currencyservice-7c8fc8fc9c-rtbz4,6m,121Mi
18:26:52,187,cartservice-db96d6fcc-tsdhc,5m,146Mi
18:26:52,187,productcatalogservice-65bbf699df-d9cxl,5m,43Mi
18:26:52,187,frontend-7bd6f45654-xmsf8,5m,22Mi
18:26:52,187,adservice-574bff445c-k5l76,4m,275Mi
18:26:52,187,cartservice-db96d6fcc-6kndn,4m,133Mi
18:26:52,187,recommendationservice-7444754ff5-w769g,4m,51Mi
18:26:52,187,emailservice-66944ff59-zvg4w,4m,56Mi
18:26:52,187,emailservice-66944ff59-62x8j,4m,56Mi
18:26:52,187,frontend-7bd6f45654-jwp2b,3m,21Mi
18:26:52,187,adservice-574bff445c-4w7zh,3m,243Mi
18:26:52,187,adservice-574bff445c-2zzqg,3m,168Mi
18:26:52,187,redis-cart-c8ff86559-gpcc7,3m,36Mi
18:26:52,187,emailservice-66944ff59-xh284,3m,56Mi
18:26:52,187,productcatalogservice-65bbf699df-8ztwv,3m,19Mi
18:26:52,187,checkoutservice-5b6d96c9b7-fwtng,2m,37Mi
18:26:52,187,cartservice-db96d6fcc-x6v6f,2m,109Mi
18:26:52,187,currencyservice-7c8fc8fc9c-s92sq,2m,76Mi
18:26:52,187,paymentservice-9bfb7bf5-w2dt7,1m,69Mi
18:26:52,187,paymentservice-9bfb7bf5-x4kz9,1m,67Mi
18:26:52,187,productcatalogservice-65bbf699df-2hv25,1m,21Mi
18:26:52,187,paymentservice-9bfb7bf5-9mdwz,1m,126Mi
18:26:52,187,checkoutservice-5b6d96c9b7-lwnbx,1m,16Mi
18:26:52,187,checkoutservice-5b6d96c9b7-tvvwl,1m,16Mi
18:26:52,187,shippingservice-f956b6d9f-g5j6b,1m,16Mi
18:26:52,187,shippingservice-f956b6d9f-m2h7g,1m,16Mi
18:26:52,187,shippingservice-f956b6d9f-ml5cg,1m,31Mi
18:27:02,188,currencyservice-7c8fc8fc9c-6tsnv,10m,110Mi
18:27:02,188,frontend-7bd6f45654-dnhzb,9m,43Mi
18:27:02,188,recommendationservice-7444754ff5-kk4vc,9m,80Mi
18:27:02,188,currencyservice-7c8fc8fc9c-rtbz4,9m,121Mi
18:27:02,188,loadgenerator-57fc5754d-vdlgn,8m,65Mi
18:27:02,188,recommendationservice-7444754ff5-w69fs,7m,54Mi
18:27:02,188,frontend-7bd6f45654-xmsf8,7m,22Mi
18:27:02,188,adservice-574bff445c-k5l76,5m,275Mi
18:27:02,188,cartservice-db96d6fcc-6kndn,5m,133Mi
18:27:02,188,cartservice-db96d6fcc-tsdhc,5m,146Mi
18:27:02,188,productcatalogservice-65bbf699df-d9cxl,5m,43Mi
18:27:02,188,frontend-7bd6f45654-jwp2b,4m,21Mi
18:27:02,188,emailservice-66944ff59-xh284,4m,56Mi
18:27:02,188,emailservice-66944ff59-zvg4w,4m,56Mi
18:27:02,188,adservice-574bff445c-4w7zh,4m,243Mi
18:27:02,188,adservice-574bff445c-2zzqg,4m,168Mi
18:27:02,188,emailservice-66944ff59-62x8j,4m,56Mi
18:27:02,188,recommendationservice-7444754ff5-w769g,3m,51Mi
18:27:02,188,redis-cart-c8ff86559-gpcc7,3m,36Mi
18:27:02,188,productcatalogservice-65bbf699df-8ztwv,3m,20Mi
18:27:02,188,currencyservice-7c8fc8fc9c-s92sq,2m,76Mi
18:27:02,188,paymentservice-9bfb7bf5-x4kz9,2m,67Mi
18:27:02,188,paymentservice-9bfb7bf5-w2dt7,2m,69Mi
18:27:02,188,paymentservice-9bfb7bf5-9mdwz,2m,126Mi
18:27:02,188,cartservice-db96d6fcc-x6v6f,2m,109Mi
18:27:02,188,checkoutservice-5b6d96c9b7-tvvwl,1m,16Mi
18:27:02,188,checkoutservice-5b6d96c9b7-fwtng,1m,37Mi
18:27:02,188,productcatalogservice-65bbf699df-2hv25,1m,21Mi
18:27:02,188,checkoutservice-5b6d96c9b7-lwnbx,1m,16Mi
18:27:02,188,shippingservice-f956b6d9f-g5j6b,1m,16Mi
18:27:02,188,shippingservice-f956b6d9f-m2h7g,1m,16Mi
18:27:02,188,shippingservice-f956b6d9f-ml5cg,1m,31Mi
18:27:12,189,currencyservice-7c8fc8fc9c-6tsnv,10m,110Mi
18:27:12,189,frontend-7bd6f45654-dnhzb,9m,43Mi
18:27:12,189,recommendationservice-7444754ff5-kk4vc,9m,80Mi
18:27:12,189,currencyservice-7c8fc8fc9c-rtbz4,9m,121Mi
18:27:12,189,loadgenerator-57fc5754d-vdlgn,8m,65Mi
18:27:12,189,recommendationservice-7444754ff5-w69fs,7m,54Mi
18:27:12,189,frontend-7bd6f45654-xmsf8,7m,22Mi
18:27:12,189,adservice-574bff445c-k5l76,5m,275Mi
18:27:12,189,cartservice-db96d6fcc-6kndn,5m,133Mi
18:27:12,189,cartservice-db96d6fcc-tsdhc,5m,146Mi
18:27:12,189,productcatalogservice-65bbf699df-d9cxl,5m,43Mi
18:27:12,189,frontend-7bd6f45654-jwp2b,4m,21Mi
18:27:12,189,emailservice-66944ff59-xh284,4m,56Mi
18:27:12,189,emailservice-66944ff59-zvg4w,4m,56Mi
18:27:12,189,adservice-574bff445c-4w7zh,4m,243Mi
18:27:12,189,adservice-574bff445c-2zzqg,4m,168Mi
18:27:12,189,emailservice-66944ff59-62x8j,4m,56Mi
18:27:12,189,recommendationservice-7444754ff5-w769g,3m,51Mi
18:27:12,189,redis-cart-c8ff86559-gpcc7,3m,36Mi
18:27:12,189,productcatalogservice-65bbf699df-8ztwv,3m,20Mi
18:27:12,189,currencyservice-7c8fc8fc9c-s92sq,2m,76Mi
18:27:12,189,paymentservice-9bfb7bf5-x4kz9,2m,67Mi
18:27:12,189,paymentservice-9bfb7bf5-w2dt7,2m,69Mi
18:27:12,189,paymentservice-9bfb7bf5-9mdwz,2m,126Mi
18:27:12,189,cartservice-db96d6fcc-x6v6f,2m,109Mi
18:27:12,189,checkoutservice-5b6d96c9b7-tvvwl,1m,16Mi
18:27:12,189,checkoutservice-5b6d96c9b7-fwtng,1m,37Mi
18:27:12,189,productcatalogservice-65bbf699df-2hv25,1m,21Mi
18:27:12,189,checkoutservice-5b6d96c9b7-lwnbx,1m,16Mi
18:27:12,189,shippingservice-f956b6d9f-g5j6b,1m,16Mi
18:27:12,189,shippingservice-f956b6d9f-m2h7g,1m,16Mi
18:27:12,189,shippingservice-f956b6d9f-ml5cg,1m,31Mi
18:27:22,190,recommendationservice-7444754ff5-kk4vc,10m,80Mi
18:27:22,190,currencyservice-7c8fc8fc9c-6tsnv,8m,110Mi
18:27:22,190,loadgenerator-57fc5754d-vdlgn,8m,65Mi
18:27:22,190,frontend-7bd6f45654-dnhzb,7m,43Mi
18:27:22,190,recommendationservice-7444754ff5-w69fs,7m,54Mi
18:27:22,190,productcatalogservice-65bbf699df-d9cxl,6m,43Mi
18:27:22,190,cartservice-db96d6fcc-tsdhc,6m,146Mi
18:27:22,190,currencyservice-7c8fc8fc9c-rtbz4,6m,122Mi
18:27:22,190,frontend-7bd6f45654-xmsf8,5m,22Mi
18:27:22,190,emailservice-66944ff59-zvg4w,4m,56Mi
18:27:22,190,cartservice-db96d6fcc-6kndn,4m,133Mi
18:27:22,190,adservice-574bff445c-4w7zh,4m,243Mi
18:27:22,190,emailservice-66944ff59-62x8j,4m,56Mi
18:27:22,190,emailservice-66944ff59-xh284,4m,56Mi
18:27:22,190,frontend-7bd6f45654-jwp2b,3m,21Mi
18:27:22,190,recommendationservice-7444754ff5-w769g,3m,51Mi
18:27:22,190,redis-cart-c8ff86559-gpcc7,3m,36Mi
18:27:22,190,adservice-574bff445c-k5l76,3m,275Mi
18:27:22,190,productcatalogservice-65bbf699df-8ztwv,3m,19Mi
18:27:22,190,adservice-574bff445c-2zzqg,2m,170Mi
18:27:22,190,productcatalogservice-65bbf699df-2hv25,2m,21Mi
18:27:22,190,checkoutservice-5b6d96c9b7-fwtng,2m,37Mi
18:27:22,190,currencyservice-7c8fc8fc9c-s92sq,2m,76Mi
18:27:22,190,paymentservice-9bfb7bf5-9mdwz,2m,126Mi
18:27:22,190,paymentservice-9bfb7bf5-w2dt7,1m,69Mi
18:27:22,190,paymentservice-9bfb7bf5-x4kz9,1m,67Mi
18:27:22,190,checkoutservice-5b6d96c9b7-lwnbx,1m,16Mi
18:27:22,190,cartservice-db96d6fcc-x6v6f,1m,109Mi
18:27:22,190,checkoutservice-5b6d96c9b7-tvvwl,1m,16Mi
18:27:22,190,shippingservice-f956b6d9f-g5j6b,1m,16Mi
18:27:22,190,shippingservice-f956b6d9f-m2h7g,1m,16Mi
18:27:22,190,shippingservice-f956b6d9f-ml5cg,1m,31Mi
18:27:32,191,recommendationservice-7444754ff5-kk4vc,11m,80Mi
18:27:32,191,currencyservice-7c8fc8fc9c-6tsnv,8m,110Mi
18:27:32,191,loadgenerator-57fc5754d-vdlgn,7m,65Mi
18:27:32,191,recommendationservice-7444754ff5-w69fs,6m,54Mi
18:27:32,191,cartservice-db96d6fcc-tsdhc,6m,146Mi
18:27:32,191,frontend-7bd6f45654-dnhzb,6m,43Mi
18:27:32,191,currencyservice-7c8fc8fc9c-rtbz4,6m,121Mi
18:27:32,191,productcatalogservice-65bbf699df-d9cxl,5m,43Mi
18:27:32,191,frontend-7bd6f45654-jwp2b,5m,21Mi
18:27:32,191,emailservice-66944ff59-62x8j,4m,56Mi
18:27:32,191,emailservice-66944ff59-zvg4w,4m,56Mi
18:27:32,191,emailservice-66944ff59-xh284,4m,56Mi
18:27:32,191,adservice-574bff445c-4w7zh,3m,243Mi
18:27:32,191,adservice-574bff445c-k5l76,3m,275Mi
18:27:32,191,redis-cart-c8ff86559-gpcc7,3m,36Mi
18:27:32,191,recommendationservice-7444754ff5-w769g,3m,51Mi
18:27:32,191,cartservice-db96d6fcc-6kndn,3m,133Mi
18:27:32,191,frontend-7bd6f45654-xmsf8,3m,22Mi
18:27:32,191,adservice-574bff445c-2zzqg,2m,170Mi
18:27:32,191,cartservice-db96d6fcc-x6v6f,2m,109Mi
18:27:32,191,paymentservice-9bfb7bf5-w2dt7,2m,69Mi
18:27:32,191,paymentservice-9bfb7bf5-x4kz9,2m,68Mi
18:27:32,191,shippingservice-f956b6d9f-ml5cg,2m,31Mi
18:27:32,191,productcatalogservice-65bbf699df-8ztwv,2m,19Mi
18:27:32,191,currencyservice-7c8fc8fc9c-s92sq,2m,76Mi
18:27:32,191,checkoutservice-5b6d96c9b7-fwtng,2m,37Mi
18:27:32,191,productcatalogservice-65bbf699df-2hv25,1m,21Mi
18:27:32,191,paymentservice-9bfb7bf5-9mdwz,1m,126Mi
18:27:32,191,shippingservice-f956b6d9f-m2h7g,1m,16Mi
18:27:32,191,shippingservice-f956b6d9f-g5j6b,1m,16Mi
18:27:32,191,checkoutservice-5b6d96c9b7-tvvwl,1m,16Mi
18:27:32,191,checkoutservice-5b6d96c9b7-lwnbx,1m,16Mi
18:27:42,192,recommendationservice-7444754ff5-kk4vc,11m,80Mi
18:27:42,192,currencyservice-7c8fc8fc9c-6tsnv,8m,110Mi
18:27:42,192,loadgenerator-57fc5754d-vdlgn,7m,65Mi
18:27:42,192,recommendationservice-7444754ff5-w69fs,6m,54Mi
18:27:42,192,cartservice-db96d6fcc-tsdhc,6m,146Mi
18:27:42,192,frontend-7bd6f45654-dnhzb,6m,43Mi
18:27:42,192,currencyservice-7c8fc8fc9c-rtbz4,6m,121Mi
18:27:42,192,productcatalogservice-65bbf699df-d9cxl,5m,43Mi
18:27:42,192,frontend-7bd6f45654-jwp2b,5m,21Mi
18:27:42,192,emailservice-66944ff59-62x8j,4m,56Mi
18:27:42,192,emailservice-66944ff59-zvg4w,4m,56Mi
18:27:42,192,emailservice-66944ff59-xh284,4m,56Mi
18:27:42,192,adservice-574bff445c-4w7zh,3m,243Mi
18:27:42,192,adservice-574bff445c-k5l76,3m,275Mi
18:27:42,192,redis-cart-c8ff86559-gpcc7,3m,36Mi
18:27:42,192,recommendationservice-7444754ff5-w769g,3m,51Mi
18:27:42,192,cartservice-db96d6fcc-6kndn,3m,133Mi
18:27:42,192,frontend-7bd6f45654-xmsf8,3m,22Mi
18:27:42,192,adservice-574bff445c-2zzqg,2m,170Mi
18:27:42,192,cartservice-db96d6fcc-x6v6f,2m,109Mi
18:27:42,192,paymentservice-9bfb7bf5-w2dt7,2m,69Mi
18:27:42,192,paymentservice-9bfb7bf5-x4kz9,2m,68Mi
18:27:42,192,shippingservice-f956b6d9f-ml5cg,2m,31Mi
18:27:42,192,productcatalogservice-65bbf699df-8ztwv,2m,19Mi
18:27:42,192,currencyservice-7c8fc8fc9c-s92sq,2m,76Mi
18:27:42,192,checkoutservice-5b6d96c9b7-fwtng,2m,37Mi
18:27:42,192,productcatalogservice-65bbf699df-2hv25,1m,21Mi
18:27:42,192,paymentservice-9bfb7bf5-9mdwz,1m,126Mi
18:27:42,192,shippingservice-f956b6d9f-m2h7g,1m,16Mi
18:27:42,192,shippingservice-f956b6d9f-g5j6b,1m,16Mi
18:27:42,192,checkoutservice-5b6d96c9b7-tvvwl,1m,16Mi
18:27:42,192,checkoutservice-5b6d96c9b7-lwnbx,1m,16Mi
18:27:52,193,recommendationservice-7444754ff5-kk4vc,8m,80Mi
18:27:52,193,paymentservice-9bfb7bf5-w2dt7,7m,73Mi
18:27:52,193,frontend-7bd6f45654-dnhzb,7m,43Mi
18:27:52,193,currencyservice-7c8fc8fc9c-6tsnv,6m,110Mi
18:27:52,193,recommendationservice-7444754ff5-w69fs,6m,54Mi
18:27:52,193,loadgenerator-57fc5754d-vdlgn,6m,65Mi
18:27:52,193,cartservice-db96d6fcc-6kndn,5m,134Mi
18:27:52,193,currencyservice-7c8fc8fc9c-rtbz4,5m,121Mi
18:27:52,193,productcatalogservice-65bbf699df-d9cxl,4m,43Mi
18:27:52,193,cartservice-db96d6fcc-tsdhc,4m,146Mi
18:27:52,193,recommendationservice-7444754ff5-w769g,4m,51Mi
18:27:52,193,frontend-7bd6f45654-xmsf8,4m,22Mi
18:27:52,193,emailservice-66944ff59-62x8j,4m,56Mi
18:27:52,193,emailservice-66944ff59-xh284,4m,56Mi
18:27:52,193,adservice-574bff445c-2zzqg,4m,170Mi
18:27:52,193,frontend-7bd6f45654-jwp2b,3m,21Mi
18:27:52,193,adservice-574bff445c-k5l76,3m,275Mi
18:27:52,193,currencyservice-7c8fc8fc9c-s92sq,3m,76Mi
18:27:52,193,redis-cart-c8ff86559-gpcc7,3m,36Mi
18:27:52,193,emailservice-66944ff59-zvg4w,3m,56Mi
18:27:52,193,adservice-574bff445c-4w7zh,3m,243Mi
18:27:52,193,paymentservice-9bfb7bf5-9mdwz,2m,126Mi
18:27:52,193,paymentservice-9bfb7bf5-x4kz9,2m,67Mi
18:27:52,193,productcatalogservice-65bbf699df-2hv25,2m,21Mi
18:27:52,193,productcatalogservice-65bbf699df-8ztwv,2m,19Mi
18:27:52,193,cartservice-db96d6fcc-x6v6f,2m,109Mi
18:27:52,193,checkoutservice-5b6d96c9b7-lwnbx,1m,16Mi
18:27:52,193,checkoutservice-5b6d96c9b7-fwtng,1m,37Mi
18:27:52,193,checkoutservice-5b6d96c9b7-tvvwl,1m,16Mi
18:27:52,193,shippingservice-f956b6d9f-g5j6b,1m,16Mi
18:27:52,193,shippingservice-f956b6d9f-m2h7g,1m,16Mi
18:27:52,193,shippingservice-f956b6d9f-ml5cg,1m,31Mi
18:28:03,194,recommendationservice-7444754ff5-kk4vc,10m,80Mi
18:28:03,194,currencyservice-7c8fc8fc9c-6tsnv,8m,112Mi
18:28:03,194,loadgenerator-57fc5754d-vdlgn,8m,65Mi
18:28:03,194,frontend-7bd6f45654-dnhzb,8m,43Mi
18:28:03,194,currencyservice-7c8fc8fc9c-rtbz4,8m,121Mi
18:28:03,194,paymentservice-9bfb7bf5-w2dt7,7m,71Mi
18:28:03,194,recommendationservice-7444754ff5-w69fs,6m,54Mi
18:28:03,194,cartservice-db96d6fcc-tsdhc,6m,146Mi
18:28:03,194,productcatalogservice-65bbf699df-d9cxl,5m,43Mi
18:28:03,194,frontend-7bd6f45654-jwp2b,4m,21Mi
18:28:03,194,cartservice-db96d6fcc-6kndn,4m,134Mi
18:28:03,194,emailservice-66944ff59-62x8j,4m,56Mi
18:28:03,194,emailservice-66944ff59-xh284,4m,56Mi
18:28:03,194,emailservice-66944ff59-zvg4w,4m,56Mi
18:28:03,194,frontend-7bd6f45654-xmsf8,4m,22Mi
18:28:03,194,recommendationservice-7444754ff5-w769g,4m,51Mi
18:28:03,194,currencyservice-7c8fc8fc9c-s92sq,3m,76Mi
18:28:03,194,redis-cart-c8ff86559-gpcc7,3m,36Mi
18:28:03,194,adservice-574bff445c-2zzqg,3m,170Mi
18:28:03,194,adservice-574bff445c-4w7zh,3m,243Mi
18:28:03,194,adservice-574bff445c-k5l76,3m,275Mi
18:28:03,194,paymentservice-9bfb7bf5-x4kz9,3m,67Mi
18:28:03,194,cartservice-db96d6fcc-x6v6f,2m,109Mi
18:28:03,194,productcatalogservice-65bbf699df-8ztwv,2m,19Mi
18:28:03,194,paymentservice-9bfb7bf5-9mdwz,2m,126Mi
18:28:03,194,productcatalogservice-65bbf699df-2hv25,1m,21Mi
18:28:03,194,checkoutservice-5b6d96c9b7-tvvwl,1m,16Mi
18:28:03,194,checkoutservice-5b6d96c9b7-fwtng,1m,37Mi
18:28:03,194,checkoutservice-5b6d96c9b7-lwnbx,1m,16Mi
18:28:03,194,shippingservice-f956b6d9f-g5j6b,1m,16Mi
18:28:03,194,shippingservice-f956b6d9f-m2h7g,1m,16Mi
18:28:03,194,shippingservice-f956b6d9f-ml5cg,1m,31Mi
18:28:13,195,recommendationservice-7444754ff5-kk4vc,10m,80Mi
18:28:13,195,currencyservice-7c8fc8fc9c-6tsnv,8m,112Mi
18:28:13,195,loadgenerator-57fc5754d-vdlgn,8m,65Mi
18:28:13,195,frontend-7bd6f45654-dnhzb,8m,43Mi
18:28:13,195,currencyservice-7c8fc8fc9c-rtbz4,8m,121Mi
18:28:13,195,paymentservice-9bfb7bf5-w2dt7,7m,71Mi
18:28:13,195,recommendationservice-7444754ff5-w69fs,6m,54Mi
18:28:13,195,cartservice-db96d6fcc-tsdhc,6m,146Mi
18:28:13,195,productcatalogservice-65bbf699df-d9cxl,5m,43Mi
18:28:13,195,frontend-7bd6f45654-jwp2b,4m,21Mi
18:28:13,195,cartservice-db96d6fcc-6kndn,4m,134Mi
18:28:13,195,emailservice-66944ff59-62x8j,4m,56Mi
18:28:13,195,emailservice-66944ff59-xh284,4m,56Mi
18:28:13,195,emailservice-66944ff59-zvg4w,4m,56Mi
18:28:13,195,frontend-7bd6f45654-xmsf8,4m,22Mi
18:28:13,195,recommendationservice-7444754ff5-w769g,4m,51Mi
18:28:13,195,currencyservice-7c8fc8fc9c-s92sq,3m,76Mi
18:28:13,195,redis-cart-c8ff86559-gpcc7,3m,36Mi
18:28:13,195,adservice-574bff445c-2zzqg,3m,170Mi
18:28:13,195,adservice-574bff445c-4w7zh,3m,243Mi
18:28:13,195,adservice-574bff445c-k5l76,3m,275Mi
18:28:13,195,paymentservice-9bfb7bf5-x4kz9,3m,67Mi
18:28:13,195,cartservice-db96d6fcc-x6v6f,2m,109Mi
18:28:13,195,productcatalogservice-65bbf699df-8ztwv,2m,19Mi
18:28:13,195,paymentservice-9bfb7bf5-9mdwz,2m,126Mi
18:28:13,195,productcatalogservice-65bbf699df-2hv25,1m,21Mi
18:28:13,195,checkoutservice-5b6d96c9b7-tvvwl,1m,16Mi
18:28:13,195,checkoutservice-5b6d96c9b7-fwtng,1m,37Mi
18:28:13,195,checkoutservice-5b6d96c9b7-lwnbx,1m,16Mi
18:28:13,195,shippingservice-f956b6d9f-g5j6b,1m,16Mi
18:28:13,195,shippingservice-f956b6d9f-m2h7g,1m,16Mi
18:28:13,195,shippingservice-f956b6d9f-ml5cg,1m,31Mi
18:28:23,196,recommendationservice-7444754ff5-kk4vc,11m,80Mi
18:28:23,196,currencyservice-7c8fc8fc9c-6tsnv,8m,112Mi
18:28:23,196,frontend-7bd6f45654-dnhzb,8m,43Mi
18:28:23,196,loadgenerator-57fc5754d-vdlgn,8m,65Mi
18:28:23,196,adservice-574bff445c-4w7zh,7m,243Mi
18:28:23,196,recommendationservice-7444754ff5-w69fs,7m,54Mi
18:28:23,196,cartservice-db96d6fcc-tsdhc,7m,146Mi
18:28:23,196,currencyservice-7c8fc8fc9c-rtbz4,7m,121Mi
18:28:23,196,frontend-7bd6f45654-xmsf8,7m,22Mi
18:28:23,196,productcatalogservice-65bbf699df-d9cxl,6m,43Mi
18:28:23,196,emailservice-66944ff59-zvg4w,4m,56Mi
18:28:23,196,cartservice-db96d6fcc-6kndn,4m,134Mi
18:28:23,196,emailservice-66944ff59-62x8j,4m,56Mi
18:28:23,196,emailservice-66944ff59-xh284,4m,56Mi
18:28:23,196,frontend-7bd6f45654-jwp2b,3m,21Mi
18:28:23,196,recommendationservice-7444754ff5-w769g,3m,51Mi
18:28:23,196,redis-cart-c8ff86559-gpcc7,3m,36Mi
18:28:23,196,adservice-574bff445c-k5l76,3m,275Mi
18:28:23,196,productcatalogservice-65bbf699df-8ztwv,3m,20Mi
18:28:23,196,cartservice-db96d6fcc-x6v6f,2m,109Mi
18:28:23,196,paymentservice-9bfb7bf5-w2dt7,2m,72Mi
18:28:23,196,productcatalogservice-65bbf699df-2hv25,2m,21Mi
18:28:23,196,checkoutservice-5b6d96c9b7-fwtng,2m,37Mi
18:28:23,196,paymentservice-9bfb7bf5-9mdwz,2m,126Mi
18:28:23,196,currencyservice-7c8fc8fc9c-s92sq,2m,76Mi
18:28:23,196,adservice-574bff445c-2zzqg,2m,170Mi
18:28:23,196,shippingservice-f956b6d9f-ml5cg,2m,31Mi
18:28:23,196,paymentservice-9bfb7bf5-x4kz9,1m,67Mi
18:28:23,196,checkoutservice-5b6d96c9b7-lwnbx,1m,16Mi
18:28:23,196,checkoutservice-5b6d96c9b7-tvvwl,1m,16Mi
18:28:23,196,shippingservice-f956b6d9f-g5j6b,1m,16Mi
18:28:23,196,shippingservice-f956b6d9f-m2h7g,1m,16Mi
18:28:33,197,recommendationservice-7444754ff5-kk4vc,9m,80Mi
18:28:33,197,currencyservice-7c8fc8fc9c-6tsnv,8m,112Mi
18:28:33,197,loadgenerator-57fc5754d-vdlgn,8m,65Mi
18:28:33,197,recommendationservice-7444754ff5-w69fs,7m,54Mi
18:28:33,197,frontend-7bd6f45654-dnhzb,6m,43Mi
18:28:33,197,currencyservice-7c8fc8fc9c-rtbz4,6m,121Mi
18:28:33,197,frontend-7bd6f45654-xmsf8,6m,22Mi
18:28:33,197,adservice-574bff445c-2zzqg,5m,170Mi
18:28:33,197,cartservice-db96d6fcc-tsdhc,5m,146Mi
18:28:33,197,cartservice-db96d6fcc-6kndn,4m,134Mi
18:28:33,197,productcatalogservice-65bbf699df-d9cxl,4m,43Mi
18:28:33,197,emailservice-66944ff59-xh284,4m,56Mi
18:28:33,197,adservice-574bff445c-4w7zh,4m,243Mi
18:28:33,197,frontend-7bd6f45654-jwp2b,3m,21Mi
18:28:33,197,emailservice-66944ff59-62x8j,3m,56Mi
18:28:33,197,redis-cart-c8ff86559-gpcc7,3m,36Mi
18:28:33,197,emailservice-66944ff59-zvg4w,3m,56Mi
18:28:33,197,paymentservice-9bfb7bf5-w2dt7,3m,71Mi
18:28:33,197,recommendationservice-7444754ff5-w769g,3m,51Mi
18:28:33,197,productcatalogservice-65bbf699df-8ztwv,3m,20Mi
18:28:33,197,adservice-574bff445c-k5l76,3m,275Mi
18:28:33,197,cartservice-db96d6fcc-x6v6f,2m,109Mi
18:28:33,197,currencyservice-7c8fc8fc9c-s92sq,2m,76Mi
18:28:33,197,paymentservice-9bfb7bf5-9mdwz,2m,126Mi
18:28:33,197,paymentservice-9bfb7bf5-x4kz9,2m,67Mi
18:28:33,197,checkoutservice-5b6d96c9b7-lwnbx,1m,16Mi
18:28:33,197,checkoutservice-5b6d96c9b7-fwtng,1m,37Mi
18:28:33,197,productcatalogservice-65bbf699df-2hv25,1m,21Mi
18:28:33,197,checkoutservice-5b6d96c9b7-tvvwl,1m,16Mi
18:28:33,197,shippingservice-f956b6d9f-g5j6b,1m,16Mi
18:28:33,197,shippingservice-f956b6d9f-m2h7g,1m,16Mi
18:28:33,197,shippingservice-f956b6d9f-ml5cg,1m,31Mi
18:28:43,198,recommendationservice-7444754ff5-kk4vc,9m,80Mi
18:28:43,198,currencyservice-7c8fc8fc9c-6tsnv,8m,112Mi
18:28:43,198,loadgenerator-57fc5754d-vdlgn,8m,65Mi
18:28:43,198,recommendationservice-7444754ff5-w69fs,7m,54Mi
18:28:43,198,frontend-7bd6f45654-dnhzb,6m,43Mi
18:28:43,198,currencyservice-7c8fc8fc9c-rtbz4,6m,121Mi
18:28:43,198,frontend-7bd6f45654-xmsf8,6m,22Mi
18:28:43,198,adservice-574bff445c-2zzqg,5m,170Mi
18:28:43,198,cartservice-db96d6fcc-tsdhc,5m,146Mi
18:28:43,198,cartservice-db96d6fcc-6kndn,4m,134Mi
18:28:43,198,productcatalogservice-65bbf699df-d9cxl,4m,43Mi
18:28:43,198,emailservice-66944ff59-xh284,4m,56Mi
18:28:43,198,adservice-574bff445c-4w7zh,4m,243Mi
18:28:43,198,frontend-7bd6f45654-jwp2b,3m,21Mi
18:28:43,198,emailservice-66944ff59-62x8j,3m,56Mi
18:28:43,198,redis-cart-c8ff86559-gpcc7,3m,36Mi
18:28:43,198,emailservice-66944ff59-zvg4w,3m,56Mi
18:28:43,198,paymentservice-9bfb7bf5-w2dt7,3m,71Mi
18:28:43,198,recommendationservice-7444754ff5-w769g,3m,51Mi
18:28:43,198,productcatalogservice-65bbf699df-8ztwv,3m,20Mi
18:28:43,198,adservice-574bff445c-k5l76,3m,275Mi
18:28:43,198,cartservice-db96d6fcc-x6v6f,2m,109Mi
18:28:43,198,currencyservice-7c8fc8fc9c-s92sq,2m,76Mi
18:28:43,198,paymentservice-9bfb7bf5-9mdwz,2m,126Mi
18:28:43,198,paymentservice-9bfb7bf5-x4kz9,2m,67Mi
18:28:43,198,checkoutservice-5b6d96c9b7-lwnbx,1m,16Mi
18:28:43,198,checkoutservice-5b6d96c9b7-fwtng,1m,37Mi
18:28:43,198,productcatalogservice-65bbf699df-2hv25,1m,21Mi
18:28:43,198,checkoutservice-5b6d96c9b7-tvvwl,1m,16Mi
18:28:43,198,shippingservice-f956b6d9f-g5j6b,1m,16Mi
18:28:43,198,shippingservice-f956b6d9f-m2h7g,1m,16Mi
18:28:43,198,shippingservice-f956b6d9f-ml5cg,1m,31Mi
18:28:53,199,currencyservice-7c8fc8fc9c-6tsnv,8m,112Mi
18:28:53,199,recommendationservice-7444754ff5-kk4vc,8m,80Mi
18:28:53,199,recommendationservice-7444754ff5-w69fs,7m,54Mi
18:28:53,199,loadgenerator-57fc5754d-vdlgn,7m,65Mi
18:28:53,199,frontend-7bd6f45654-xmsf8,6m,22Mi
18:28:53,199,adservice-574bff445c-4w7zh,5m,243Mi
18:28:53,199,cartservice-db96d6fcc-tsdhc,5m,146Mi
18:28:53,199,frontend-7bd6f45654-dnhzb,5m,43Mi
18:28:53,199,currencyservice-7c8fc8fc9c-rtbz4,5m,121Mi
18:28:53,199,productcatalogservice-65bbf699df-d9cxl,4m,43Mi
18:28:53,199,emailservice-66944ff59-62x8j,4m,56Mi
18:28:53,199,emailservice-66944ff59-xh284,4m,56Mi
18:28:53,199,emailservice-66944ff59-zvg4w,4m,56Mi
18:28:53,199,frontend-7bd6f45654-jwp2b,4m,21Mi
18:28:53,199,cartservice-db96d6fcc-6kndn,4m,134Mi
18:28:53,199,productcatalogservice-65bbf699df-8ztwv,3m,19Mi
18:28:53,199,redis-cart-c8ff86559-gpcc7,3m,36Mi
18:28:53,199,recommendationservice-7444754ff5-w769g,3m,51Mi
18:28:53,199,adservice-574bff445c-k5l76,3m,275Mi
18:28:53,199,cartservice-db96d6fcc-x6v6f,2m,109Mi
18:28:53,199,adservice-574bff445c-2zzqg,2m,170Mi
18:28:53,199,checkoutservice-5b6d96c9b7-lwnbx,1m,16Mi
18:28:53,199,productcatalogservice-65bbf699df-2hv25,1m,21Mi
18:28:53,199,paymentservice-9bfb7bf5-x4kz9,1m,68Mi
18:28:53,199,paymentservice-9bfb7bf5-w2dt7,1m,72Mi
18:28:53,199,paymentservice-9bfb7bf5-9mdwz,1m,126Mi
18:28:53,199,checkoutservice-5b6d96c9b7-fwtng,1m,37Mi
18:28:53,199,checkoutservice-5b6d96c9b7-tvvwl,1m,16Mi
18:28:53,199,currencyservice-7c8fc8fc9c-s92sq,1m,76Mi
18:28:53,199,shippingservice-f956b6d9f-g5j6b,1m,16Mi
18:28:53,199,shippingservice-f956b6d9f-m2h7g,1m,16Mi
18:28:53,199,shippingservice-f956b6d9f-ml5cg,1m,31Mi
18:29:03,200,currencyservice-7c8fc8fc9c-6tsnv,8m,112Mi
18:29:03,200,recommendationservice-7444754ff5-kk4vc,8m,80Mi
18:29:03,200,loadgenerator-57fc5754d-vdlgn,7m,65Mi
18:29:03,200,recommendationservice-7444754ff5-w69fs,6m,54Mi
18:29:03,200,frontend-7bd6f45654-dnhzb,6m,43Mi
18:29:03,200,currencyservice-7c8fc8fc9c-rtbz4,6m,121Mi
18:29:03,200,cartservice-db96d6fcc-6kndn,5m,134Mi
18:29:03,200,frontend-7bd6f45654-xmsf8,5m,22Mi
18:29:03,200,cartservice-db96d6fcc-tsdhc,5m,146Mi
18:29:03,200,productcatalogservice-65bbf699df-d9cxl,4m,43Mi
18:29:03,200,emailservice-66944ff59-zvg4w,4m,56Mi
18:29:03,200,adservice-574bff445c-k5l76,4m,275Mi
18:29:03,200,emailservice-66944ff59-62x8j,4m,56Mi
18:29:03,200,emailservice-66944ff59-xh284,4m,56Mi
18:29:03,200,frontend-7bd6f45654-jwp2b,3m,21Mi
18:29:03,200,recommendationservice-7444754ff5-w769g,3m,51Mi
18:29:03,200,adservice-574bff445c-2zzqg,3m,170Mi
18:29:03,200,redis-cart-c8ff86559-gpcc7,3m,36Mi
18:29:03,200,paymentservice-9bfb7bf5-9mdwz,2m,127Mi
18:29:03,200,productcatalogservice-65bbf699df-8ztwv,2m,19Mi
18:29:03,200,adservice-574bff445c-4w7zh,2m,243Mi
18:29:03,200,paymentservice-9bfb7bf5-x4kz9,2m,67Mi
18:29:03,200,currencyservice-7c8fc8fc9c-s92sq,2m,76Mi
18:29:03,200,cartservice-db96d6fcc-x6v6f,1m,109Mi
18:29:03,200,checkoutservice-5b6d96c9b7-fwtng,1m,37Mi
18:29:03,200,productcatalogservice-65bbf699df-2hv25,1m,21Mi
18:29:03,200,paymentservice-9bfb7bf5-w2dt7,1m,72Mi
18:29:03,200,checkoutservice-5b6d96c9b7-lwnbx,1m,16Mi
18:29:03,200,checkoutservice-5b6d96c9b7-tvvwl,1m,16Mi
18:29:03,200,shippingservice-f956b6d9f-g5j6b,1m,16Mi
18:29:03,200,shippingservice-f956b6d9f-m2h7g,1m,16Mi
18:29:03,200,shippingservice-f956b6d9f-ml5cg,1m,31Mi
18:29:14,201,currencyservice-7c8fc8fc9c-6tsnv,8m,112Mi
18:29:14,201,recommendationservice-7444754ff5-kk4vc,8m,80Mi
18:29:14,201,loadgenerator-57fc5754d-vdlgn,7m,65Mi
18:29:14,201,recommendationservice-7444754ff5-w69fs,6m,54Mi
18:29:14,201,frontend-7bd6f45654-dnhzb,6m,43Mi
18:29:14,201,currencyservice-7c8fc8fc9c-rtbz4,6m,121Mi
18:29:14,201,cartservice-db96d6fcc-6kndn,5m,134Mi
18:29:14,201,frontend-7bd6f45654-xmsf8,5m,22Mi
18:29:14,201,cartservice-db96d6fcc-tsdhc,5m,146Mi
18:29:14,201,productcatalogservice-65bbf699df-d9cxl,4m,43Mi
18:29:14,201,emailservice-66944ff59-zvg4w,4m,56Mi
18:29:14,201,adservice-574bff445c-k5l76,4m,275Mi
18:29:14,201,emailservice-66944ff59-62x8j,4m,56Mi
18:29:14,201,emailservice-66944ff59-xh284,4m,56Mi
18:29:14,201,frontend-7bd6f45654-jwp2b,3m,21Mi
18:29:14,201,recommendationservice-7444754ff5-w769g,3m,51Mi
18:29:14,201,adservice-574bff445c-2zzqg,3m,170Mi
18:29:14,201,redis-cart-c8ff86559-gpcc7,3m,36Mi
18:29:14,201,paymentservice-9bfb7bf5-9mdwz,2m,127Mi
18:29:14,201,productcatalogservice-65bbf699df-8ztwv,2m,19Mi
18:29:14,201,adservice-574bff445c-4w7zh,2m,243Mi
18:29:14,201,paymentservice-9bfb7bf5-x4kz9,2m,67Mi
18:29:14,201,currencyservice-7c8fc8fc9c-s92sq,2m,76Mi
18:29:14,201,cartservice-db96d6fcc-x6v6f,1m,109Mi
18:29:14,201,checkoutservice-5b6d96c9b7-fwtng,1m,37Mi
18:29:14,201,productcatalogservice-65bbf699df-2hv25,1m,21Mi
18:29:14,201,paymentservice-9bfb7bf5-w2dt7,1m,72Mi
18:29:14,201,checkoutservice-5b6d96c9b7-lwnbx,1m,16Mi
18:29:14,201,checkoutservice-5b6d96c9b7-tvvwl,1m,16Mi
18:29:14,201,shippingservice-f956b6d9f-g5j6b,1m,16Mi
18:29:14,201,shippingservice-f956b6d9f-m2h7g,1m,16Mi
18:29:14,201,shippingservice-f956b6d9f-ml5cg,1m,31Mi
18:29:24,202,recommendationservice-7444754ff5-kk4vc,9m,80Mi
18:29:24,202,currencyservice-7c8fc8fc9c-6tsnv,7m,112Mi
18:29:24,202,loadgenerator-57fc5754d-vdlgn,7m,65Mi
18:29:24,202,frontend-7bd6f45654-dnhzb,6m,43Mi
18:29:24,202,currencyservice-7c8fc8fc9c-rtbz4,6m,121Mi
18:29:24,202,recommendationservice-7444754ff5-w69fs,5m,54Mi
18:29:24,202,cartservice-db96d6fcc-tsdhc,5m,146Mi
18:29:24,202,frontend-7bd6f45654-xmsf8,5m,22Mi
18:29:24,202,productcatalogservice-65bbf699df-d9cxl,4m,43Mi
18:29:24,202,emailservice-66944ff59-62x8j,4m,56Mi
18:29:24,202,frontend-7bd6f45654-jwp2b,4m,21Mi
18:29:24,202,emailservice-66944ff59-xh284,4m,56Mi
18:29:24,202,adservice-574bff445c-2zzqg,3m,170Mi
18:29:24,202,adservice-574bff445c-k5l76,3m,275Mi
18:29:24,202,emailservice-66944ff59-zvg4w,3m,57Mi
18:29:24,202,redis-cart-c8ff86559-gpcc7,3m,37Mi
18:29:24,202,recommendationservice-7444754ff5-w769g,3m,51Mi
18:29:24,202,adservice-574bff445c-4w7zh,3m,243Mi
18:29:24,202,cartservice-db96d6fcc-6kndn,3m,134Mi
18:29:24,202,cartservice-db96d6fcc-x6v6f,2m,109Mi
18:29:24,202,paymentservice-9bfb7bf5-w2dt7,2m,72Mi
18:29:24,202,paymentservice-9bfb7bf5-x4kz9,2m,67Mi
18:29:24,202,productcatalogservice-65bbf699df-8ztwv,2m,20Mi
18:29:24,202,currencyservice-7c8fc8fc9c-s92sq,2m,76Mi
18:29:24,202,shippingservice-f956b6d9f-ml5cg,2m,31Mi
18:29:24,202,productcatalogservice-65bbf699df-2hv25,1m,21Mi
18:29:24,202,checkoutservice-5b6d96c9b7-tvvwl,1m,16Mi
18:29:24,202,paymentservice-9bfb7bf5-9mdwz,1m,127Mi
18:29:24,202,checkoutservice-5b6d96c9b7-lwnbx,1m,16Mi
18:29:24,202,checkoutservice-5b6d96c9b7-fwtng,1m,37Mi
18:29:24,202,shippingservice-f956b6d9f-g5j6b,1m,16Mi
18:29:24,202,shippingservice-f956b6d9f-m2h7g,1m,16Mi
18:29:34,203,recommendationservice-7444754ff5-kk4vc,11m,80Mi
18:29:34,203,frontend-7bd6f45654-dnhzb,10m,43Mi
18:29:34,203,currencyservice-7c8fc8fc9c-rtbz4,10m,121Mi
18:29:34,203,loadgenerator-57fc5754d-vdlgn,9m,65Mi
18:29:34,203,paymentservice-9bfb7bf5-w2dt7,9m,69Mi
18:29:34,203,currencyservice-7c8fc8fc9c-6tsnv,8m,112Mi
18:29:34,203,frontend-7bd6f45654-xmsf8,7m,22Mi
18:29:34,203,recommendationservice-7444754ff5-w69fs,7m,54Mi
18:29:34,203,productcatalogservice-65bbf699df-d9cxl,7m,43Mi
18:29:34,203,cartservice-db96d6fcc-tsdhc,6m,146Mi
18:29:34,203,adservice-574bff445c-k5l76,6m,275Mi
18:29:34,203,cartservice-db96d6fcc-6kndn,4m,134Mi
18:29:34,203,emailservice-66944ff59-62x8j,4m,56Mi
18:29:34,203,emailservice-66944ff59-xh284,4m,56Mi
18:29:34,203,emailservice-66944ff59-zvg4w,4m,56Mi
18:29:34,203,recommendationservice-7444754ff5-w769g,4m,51Mi
18:29:34,203,frontend-7bd6f45654-jwp2b,3m,21Mi
18:29:34,203,paymentservice-9bfb7bf5-x4kz9,3m,67Mi
18:29:34,203,redis-cart-c8ff86559-gpcc7,3m,36Mi
18:29:34,203,adservice-574bff445c-4w7zh,3m,243Mi
18:29:34,203,productcatalogservice-65bbf699df-8ztwv,3m,19Mi
18:29:34,203,cartservice-db96d6fcc-x6v6f,2m,109Mi
18:29:34,203,adservice-574bff445c-2zzqg,2m,170Mi
18:29:34,203,paymentservice-9bfb7bf5-9mdwz,2m,127Mi
18:29:34,203,currencyservice-7c8fc8fc9c-s92sq,2m,76Mi
18:29:34,203,shippingservice-f956b6d9f-g5j6b,2m,16Mi
18:29:34,203,productcatalogservice-65bbf699df-2hv25,1m,21Mi
18:29:34,203,checkoutservice-5b6d96c9b7-tvvwl,1m,16Mi
18:29:34,203,checkoutservice-5b6d96c9b7-lwnbx,1m,16Mi
18:29:34,203,checkoutservice-5b6d96c9b7-fwtng,1m,37Mi
18:29:34,203,shippingservice-f956b6d9f-m2h7g,1m,16Mi
18:29:34,203,shippingservice-f956b6d9f-ml5cg,1m,31Mi
18:29:44,204,recommendationservice-7444754ff5-kk4vc,11m,80Mi
18:29:44,204,frontend-7bd6f45654-dnhzb,10m,43Mi
18:29:44,204,currencyservice-7c8fc8fc9c-rtbz4,10m,121Mi
18:29:44,204,loadgenerator-57fc5754d-vdlgn,9m,65Mi
18:29:44,204,paymentservice-9bfb7bf5-w2dt7,9m,69Mi
18:29:44,204,currencyservice-7c8fc8fc9c-6tsnv,8m,112Mi
18:29:44,204,frontend-7bd6f45654-xmsf8,7m,22Mi
18:29:44,204,recommendationservice-7444754ff5-w69fs,7m,54Mi
18:29:44,204,productcatalogservice-65bbf699df-d9cxl,7m,43Mi
18:29:44,204,cartservice-db96d6fcc-tsdhc,6m,146Mi
18:29:44,204,adservice-574bff445c-k5l76,6m,275Mi
18:29:44,204,cartservice-db96d6fcc-6kndn,4m,134Mi
18:29:44,204,emailservice-66944ff59-62x8j,4m,56Mi
18:29:44,204,emailservice-66944ff59-xh284,4m,56Mi
18:29:44,204,emailservice-66944ff59-zvg4w,4m,56Mi
18:29:44,204,recommendationservice-7444754ff5-w769g,4m,51Mi
18:29:44,204,frontend-7bd6f45654-jwp2b,3m,21Mi
18:29:44,204,paymentservice-9bfb7bf5-x4kz9,3m,67Mi
18:29:44,204,redis-cart-c8ff86559-gpcc7,3m,36Mi
18:29:44,204,adservice-574bff445c-4w7zh,3m,243Mi
18:29:44,204,productcatalogservice-65bbf699df-8ztwv,3m,19Mi
18:29:44,204,cartservice-db96d6fcc-x6v6f,2m,109Mi
18:29:44,204,adservice-574bff445c-2zzqg,2m,170Mi
18:29:44,204,paymentservice-9bfb7bf5-9mdwz,2m,127Mi
18:29:44,204,currencyservice-7c8fc8fc9c-s92sq,2m,76Mi
18:29:44,204,shippingservice-f956b6d9f-g5j6b,2m,16Mi
18:29:44,204,productcatalogservice-65bbf699df-2hv25,1m,21Mi
18:29:44,204,checkoutservice-5b6d96c9b7-tvvwl,1m,16Mi
18:29:44,204,checkoutservice-5b6d96c9b7-lwnbx,1m,16Mi
18:29:44,204,checkoutservice-5b6d96c9b7-fwtng,1m,37Mi
18:29:44,204,shippingservice-f956b6d9f-m2h7g,1m,16Mi
18:29:44,204,shippingservice-f956b6d9f-ml5cg,1m,31Mi
18:29:54,205,recommendationservice-7444754ff5-kk4vc,15m,80Mi
18:29:54,205,loadgenerator-57fc5754d-vdlgn,14m,65Mi
18:29:54,205,frontend-7bd6f45654-dnhzb,13m,43Mi
18:29:54,205,currencyservice-7c8fc8fc9c-rtbz4,12m,121Mi
18:29:54,205,currencyservice-7c8fc8fc9c-6tsnv,10m,112Mi
18:29:54,205,cartservice-db96d6fcc-tsdhc,10m,146Mi
18:29:54,205,productcatalogservice-65bbf699df-d9cxl,9m,43Mi
18:29:54,205,recommendationservice-7444754ff5-w69fs,7m,54Mi
18:29:54,205,paymentservice-9bfb7bf5-w2dt7,6m,71Mi
18:29:54,205,adservice-574bff445c-k5l76,6m,275Mi
18:29:54,205,frontend-7bd6f45654-xmsf8,6m,22Mi
18:29:54,205,adservice-574bff445c-4w7zh,6m,243Mi
18:29:54,205,emailservice-66944ff59-zvg4w,5m,57Mi
18:29:54,205,cartservice-db96d6fcc-6kndn,5m,134Mi
18:29:54,205,frontend-7bd6f45654-jwp2b,4m,21Mi
18:29:54,205,emailservice-66944ff59-xh284,4m,56Mi
18:29:54,205,adservice-574bff445c-2zzqg,4m,170Mi
18:29:54,205,emailservice-66944ff59-62x8j,4m,56Mi
18:29:54,205,recommendationservice-7444754ff5-w769g,4m,51Mi
18:29:54,205,paymentservice-9bfb7bf5-9mdwz,3m,127Mi
18:29:54,205,productcatalogservice-65bbf699df-8ztwv,3m,19Mi
18:29:54,205,checkoutservice-5b6d96c9b7-fwtng,3m,37Mi
18:29:54,205,cartservice-db96d6fcc-x6v6f,3m,109Mi
18:29:54,205,redis-cart-c8ff86559-gpcc7,3m,36Mi
18:29:54,205,shippingservice-f956b6d9f-ml5cg,3m,31Mi
18:29:54,205,paymentservice-9bfb7bf5-x4kz9,2m,67Mi
18:29:54,205,productcatalogservice-65bbf699df-2hv25,2m,21Mi
18:29:54,205,currencyservice-7c8fc8fc9c-s92sq,2m,76Mi
18:29:54,205,checkoutservice-5b6d96c9b7-tvvwl,1m,16Mi
18:29:54,205,checkoutservice-5b6d96c9b7-lwnbx,1m,16Mi
18:29:54,205,shippingservice-f956b6d9f-g5j6b,1m,16Mi
18:29:54,205,shippingservice-f956b6d9f-m2h7g,1m,16Mi
18:30:04,206,recommendationservice-7444754ff5-kk4vc,9m,80Mi
18:30:04,206,loadgenerator-57fc5754d-vdlgn,7m,65Mi
18:30:04,206,currencyservice-7c8fc8fc9c-6tsnv,7m,112Mi
18:30:04,206,recommendationservice-7444754ff5-w69fs,6m,54Mi
18:30:04,206,frontend-7bd6f45654-dnhzb,6m,43Mi
18:30:04,206,currencyservice-7c8fc8fc9c-rtbz4,6m,121Mi
18:30:04,206,cartservice-db96d6fcc-tsdhc,5m,146Mi
18:30:04,206,frontend-7bd6f45654-xmsf8,5m,22Mi
18:30:04,206,productcatalogservice-65bbf699df-d9cxl,4m,43Mi
18:30:04,206,cartservice-db96d6fcc-6kndn,4m,134Mi
18:30:04,206,emailservice-66944ff59-62x8j,4m,56Mi
18:30:04,206,emailservice-66944ff59-xh284,4m,56Mi
18:30:04,206,emailservice-66944ff59-zvg4w,4m,56Mi
18:30:04,206,adservice-574bff445c-k5l76,4m,275Mi
18:30:04,206,recommendationservice-7444754ff5-w769g,3m,51Mi
18:30:04,206,cartservice-db96d6fcc-x6v6f,3m,109Mi
18:30:04,206,currencyservice-7c8fc8fc9c-s92sq,3m,76Mi
18:30:04,206,adservice-574bff445c-2zzqg,3m,171Mi
18:30:04,206,redis-cart-c8ff86559-gpcc7,3m,36Mi
18:30:04,206,frontend-7bd6f45654-jwp2b,2m,21Mi
18:30:04,206,paymentservice-9bfb7bf5-w2dt7,2m,71Mi
18:30:04,206,paymentservice-9bfb7bf5-x4kz9,2m,68Mi
18:30:04,206,productcatalogservice-65bbf699df-8ztwv,2m,19Mi
18:30:04,206,paymentservice-9bfb7bf5-9mdwz,2m,127Mi
18:30:04,206,checkoutservice-5b6d96c9b7-fwtng,2m,37Mi
18:30:04,206,adservice-574bff445c-4w7zh,2m,243Mi
18:30:04,206,shippingservice-f956b6d9f-m2h7g,2m,16Mi
18:30:04,206,productcatalogservice-65bbf699df-2hv25,1m,21Mi
18:30:04,206,checkoutservice-5b6d96c9b7-tvvwl,1m,16Mi
18:30:04,206,checkoutservice-5b6d96c9b7-lwnbx,1m,16Mi
18:30:04,206,shippingservice-f956b6d9f-g5j6b,1m,16Mi
18:30:04,206,shippingservice-f956b6d9f-ml5cg,1m,31Mi
18:30:15,207,recommendationservice-7444754ff5-kk4vc,9m,80Mi
18:30:15,207,loadgenerator-57fc5754d-vdlgn,7m,65Mi
18:30:15,207,currencyservice-7c8fc8fc9c-6tsnv,7m,112Mi
18:30:15,207,recommendationservice-7444754ff5-w69fs,6m,54Mi
18:30:15,207,frontend-7bd6f45654-dnhzb,6m,43Mi
18:30:15,207,currencyservice-7c8fc8fc9c-rtbz4,6m,121Mi
18:30:15,207,cartservice-db96d6fcc-tsdhc,5m,146Mi
18:30:15,207,frontend-7bd6f45654-xmsf8,5m,22Mi
18:30:15,207,productcatalogservice-65bbf699df-d9cxl,4m,43Mi
18:30:15,207,cartservice-db96d6fcc-6kndn,4m,134Mi
18:30:15,207,emailservice-66944ff59-62x8j,4m,56Mi
18:30:15,207,emailservice-66944ff59-xh284,4m,56Mi
18:30:15,207,emailservice-66944ff59-zvg4w,4m,56Mi
18:30:15,207,adservice-574bff445c-k5l76,4m,275Mi
18:30:15,207,recommendationservice-7444754ff5-w769g,3m,51Mi
18:30:15,207,cartservice-db96d6fcc-x6v6f,3m,109Mi
18:30:15,207,currencyservice-7c8fc8fc9c-s92sq,3m,76Mi
18:30:15,207,adservice-574bff445c-2zzqg,3m,171Mi
18:30:15,207,redis-cart-c8ff86559-gpcc7,3m,36Mi
18:30:15,207,frontend-7bd6f45654-jwp2b,2m,21Mi
18:30:15,207,paymentservice-9bfb7bf5-w2dt7,2m,71Mi
18:30:15,207,paymentservice-9bfb7bf5-x4kz9,2m,68Mi
18:30:15,207,productcatalogservice-65bbf699df-8ztwv,2m,19Mi
18:30:15,207,paymentservice-9bfb7bf5-9mdwz,2m,127Mi
18:30:15,207,checkoutservice-5b6d96c9b7-fwtng,2m,37Mi
18:30:15,207,adservice-574bff445c-4w7zh,2m,243Mi
18:30:15,207,shippingservice-f956b6d9f-m2h7g,2m,16Mi
18:30:15,207,productcatalogservice-65bbf699df-2hv25,1m,21Mi
18:30:15,207,checkoutservice-5b6d96c9b7-tvvwl,1m,16Mi
18:30:15,207,checkoutservice-5b6d96c9b7-lwnbx,1m,16Mi
18:30:15,207,shippingservice-f956b6d9f-g5j6b,1m,16Mi
18:30:15,207,shippingservice-f956b6d9f-ml5cg,1m,31Mi
18:30:25,208,recommendationservice-7444754ff5-kk4vc,10m,80Mi
18:30:25,208,adservice-574bff445c-4w7zh,8m,244Mi
18:30:25,208,recommendationservice-7444754ff5-w69fs,8m,54Mi
18:30:25,208,loadgenerator-57fc5754d-vdlgn,8m,65Mi
18:30:25,208,currencyservice-7c8fc8fc9c-6tsnv,8m,112Mi
18:30:25,208,frontend-7bd6f45654-dnhzb,7m,43Mi
18:30:25,208,cartservice-db96d6fcc-tsdhc,7m,146Mi
18:30:25,208,currencyservice-7c8fc8fc9c-rtbz4,6m,121Mi
18:30:25,208,adservice-574bff445c-k5l76,5m,275Mi
18:30:25,208,productcatalogservice-65bbf699df-d9cxl,5m,43Mi
18:30:25,208,frontend-7bd6f45654-xmsf8,5m,22Mi
18:30:25,208,frontend-7bd6f45654-jwp2b,4m,22Mi
18:30:25,208,emailservice-66944ff59-62x8j,4m,56Mi
18:30:25,208,emailservice-66944ff59-xh284,4m,56Mi
18:30:25,208,emailservice-66944ff59-zvg4w,4m,56Mi
18:30:25,208,adservice-574bff445c-2zzqg,4m,171Mi
18:30:25,208,cartservice-db96d6fcc-6kndn,4m,134Mi
18:30:25,208,redis-cart-c8ff86559-gpcc7,3m,36Mi
18:30:25,208,recommendationservice-7444754ff5-w769g,3m,51Mi
18:30:25,208,productcatalogservice-65bbf699df-8ztwv,3m,19Mi
18:30:25,208,paymentservice-9bfb7bf5-w2dt7,3m,71Mi
18:30:25,208,paymentservice-9bfb7bf5-x4kz9,3m,68Mi
18:30:25,208,productcatalogservice-65bbf699df-2hv25,2m,21Mi
18:30:25,208,cartservice-db96d6fcc-x6v6f,2m,109Mi
18:30:25,208,currencyservice-7c8fc8fc9c-s92sq,2m,76Mi
18:30:25,208,paymentservice-9bfb7bf5-9mdwz,1m,127Mi
18:30:25,208,checkoutservice-5b6d96c9b7-fwtng,1m,37Mi
18:30:25,208,checkoutservice-5b6d96c9b7-lwnbx,1m,17Mi
18:30:25,208,checkoutservice-5b6d96c9b7-tvvwl,1m,16Mi
18:30:25,208,shippingservice-f956b6d9f-g5j6b,1m,16Mi
18:30:25,208,shippingservice-f956b6d9f-m2h7g,1m,16Mi
18:30:25,208,shippingservice-f956b6d9f-ml5cg,1m,31Mi
18:30:35,209,loadgenerator-57fc5754d-vdlgn,18m,65Mi
18:30:35,209,currencyservice-7c8fc8fc9c-6tsnv,18m,112Mi
18:30:35,209,currencyservice-7c8fc8fc9c-rtbz4,16m,121Mi
18:30:35,209,recommendationservice-7444754ff5-w69fs,12m,54Mi
18:30:35,209,recommendationservice-7444754ff5-kk4vc,12m,80Mi
18:30:35,209,frontend-7bd6f45654-xmsf8,11m,22Mi
18:30:35,209,frontend-7bd6f45654-dnhzb,10m,43Mi
18:30:35,209,adservice-574bff445c-4w7zh,8m,243Mi
18:30:35,209,cartservice-db96d6fcc-6kndn,8m,134Mi
18:30:35,209,cartservice-db96d6fcc-tsdhc,8m,146Mi
18:30:35,209,productcatalogservice-65bbf699df-d9cxl,7m,43Mi
18:30:35,209,adservice-574bff445c-2zzqg,7m,171Mi
18:30:35,209,frontend-7bd6f45654-jwp2b,7m,22Mi
18:30:35,209,paymentservice-9bfb7bf5-9mdwz,6m,127Mi
18:30:35,209,emailservice-66944ff59-62x8j,6m,56Mi
18:30:35,209,emailservice-66944ff59-xh284,6m,56Mi
18:30:35,209,emailservice-66944ff59-zvg4w,6m,56Mi
18:30:35,209,adservice-574bff445c-k5l76,5m,275Mi
18:30:35,209,cartservice-db96d6fcc-x6v6f,5m,109Mi
18:30:35,209,recommendationservice-7444754ff5-w769g,5m,51Mi
18:30:35,209,productcatalogservice-65bbf699df-8ztwv,5m,20Mi
18:30:35,209,redis-cart-c8ff86559-gpcc7,4m,36Mi
18:30:35,209,checkoutservice-5b6d96c9b7-fwtng,4m,37Mi
18:30:35,209,currencyservice-7c8fc8fc9c-s92sq,4m,76Mi
18:30:35,209,paymentservice-9bfb7bf5-x4kz9,3m,67Mi
18:30:35,209,paymentservice-9bfb7bf5-w2dt7,3m,71Mi
18:30:35,209,shippingservice-f956b6d9f-ml5cg,3m,31Mi
18:30:35,209,productcatalogservice-65bbf699df-2hv25,2m,21Mi
18:30:35,209,shippingservice-f956b6d9f-m2h7g,2m,16Mi
18:30:35,209,checkoutservice-5b6d96c9b7-tvvwl,1m,16Mi
18:30:35,209,checkoutservice-5b6d96c9b7-lwnbx,1m,16Mi
18:30:35,209,shippingservice-f956b6d9f-g5j6b,1m,16Mi
18:30:45,210,loadgenerator-57fc5754d-vdlgn,18m,65Mi
18:30:45,210,currencyservice-7c8fc8fc9c-6tsnv,18m,112Mi
18:30:45,210,currencyservice-7c8fc8fc9c-rtbz4,16m,121Mi
18:30:45,210,recommendationservice-7444754ff5-w69fs,12m,54Mi
18:30:45,210,recommendationservice-7444754ff5-kk4vc,12m,80Mi
18:30:45,210,frontend-7bd6f45654-xmsf8,11m,22Mi
18:30:45,210,frontend-7bd6f45654-dnhzb,10m,43Mi
18:30:45,210,adservice-574bff445c-4w7zh,8m,243Mi
18:30:45,210,cartservice-db96d6fcc-6kndn,8m,134Mi
18:30:45,210,cartservice-db96d6fcc-tsdhc,8m,146Mi
18:30:45,210,productcatalogservice-65bbf699df-d9cxl,7m,43Mi
18:30:45,210,adservice-574bff445c-2zzqg,7m,171Mi
18:30:45,210,frontend-7bd6f45654-jwp2b,7m,22Mi
18:30:45,210,paymentservice-9bfb7bf5-9mdwz,6m,127Mi
18:30:45,210,emailservice-66944ff59-62x8j,6m,56Mi
18:30:45,210,emailservice-66944ff59-xh284,6m,56Mi
18:30:45,210,emailservice-66944ff59-zvg4w,6m,56Mi
18:30:45,210,adservice-574bff445c-k5l76,5m,275Mi
18:30:45,210,cartservice-db96d6fcc-x6v6f,5m,109Mi
18:30:45,210,recommendationservice-7444754ff5-w769g,5m,51Mi
18:30:45,210,productcatalogservice-65bbf699df-8ztwv,5m,20Mi
18:30:45,210,redis-cart-c8ff86559-gpcc7,4m,36Mi
18:30:45,210,checkoutservice-5b6d96c9b7-fwtng,4m,37Mi
18:30:45,210,currencyservice-7c8fc8fc9c-s92sq,4m,76Mi
18:30:45,210,paymentservice-9bfb7bf5-x4kz9,3m,67Mi
18:30:45,210,paymentservice-9bfb7bf5-w2dt7,3m,71Mi
18:30:45,210,shippingservice-f956b6d9f-ml5cg,3m,31Mi
18:30:45,210,productcatalogservice-65bbf699df-2hv25,2m,21Mi
18:30:45,210,shippingservice-f956b6d9f-m2h7g,2m,16Mi
18:30:45,210,checkoutservice-5b6d96c9b7-tvvwl,1m,16Mi
18:30:45,210,checkoutservice-5b6d96c9b7-lwnbx,1m,16Mi
18:30:45,210,shippingservice-f956b6d9f-g5j6b,1m,16Mi
18:30:55,211,recommendationservice-7444754ff5-kk4vc,9m,80Mi
18:30:55,211,loadgenerator-57fc5754d-vdlgn,8m,65Mi
18:30:55,211,frontend-7bd6f45654-dnhzb,8m,43Mi
18:30:55,211,currencyservice-7c8fc8fc9c-rtbz4,8m,121Mi
18:30:55,211,currencyservice-7c8fc8fc9c-6tsnv,7m,112Mi
18:30:55,211,adservice-574bff445c-2zzqg,6m,171Mi
18:30:55,211,cartservice-db96d6fcc-tsdhc,6m,146Mi
18:30:55,211,recommendationservice-7444754ff5-w69fs,6m,54Mi
18:30:55,211,productcatalogservice-65bbf699df-d9cxl,5m,43Mi
18:30:55,211,cartservice-db96d6fcc-6kndn,5m,134Mi
18:30:55,211,adservice-574bff445c-4w7zh,5m,243Mi
18:30:55,211,recommendationservice-7444754ff5-w769g,4m,51Mi
18:30:55,211,currencyservice-7c8fc8fc9c-s92sq,4m,76Mi
18:30:55,211,emailservice-66944ff59-62x8j,4m,56Mi
18:30:55,211,emailservice-66944ff59-xh284,4m,56Mi
18:30:55,211,emailservice-66944ff59-zvg4w,4m,56Mi
18:30:55,211,adservice-574bff445c-k5l76,4m,275Mi
18:30:55,211,frontend-7bd6f45654-xmsf8,4m,22Mi
18:30:55,211,frontend-7bd6f45654-jwp2b,3m,22Mi
18:30:55,211,productcatalogservice-65bbf699df-8ztwv,3m,20Mi
18:30:55,211,paymentservice-9bfb7bf5-w2dt7,3m,71Mi
18:30:55,211,redis-cart-c8ff86559-gpcc7,3m,36Mi
18:30:55,211,productcatalogservice-65bbf699df-2hv25,2m,21Mi
18:30:55,211,paymentservice-9bfb7bf5-9mdwz,2m,127Mi
18:30:55,211,checkoutservice-5b6d96c9b7-lwnbx,2m,16Mi
18:30:55,211,cartservice-db96d6fcc-x6v6f,2m,109Mi
18:30:55,211,shippingservice-f956b6d9f-ml5cg,2m,31Mi
18:30:55,211,checkoutservice-5b6d96c9b7-tvvwl,1m,16Mi
18:30:55,211,checkoutservice-5b6d96c9b7-fwtng,1m,37Mi
18:30:55,211,paymentservice-9bfb7bf5-x4kz9,1m,67Mi
18:30:55,211,shippingservice-f956b6d9f-g5j6b,1m,16Mi
18:30:55,211,shippingservice-f956b6d9f-m2h7g,1m,16Mi
18:31:05,212,loadgenerator-57fc5754d-vdlgn,21m,65Mi
18:31:05,212,recommendationservice-7444754ff5-kk4vc,20m,80Mi
18:31:05,212,currencyservice-7c8fc8fc9c-rtbz4,18m,121Mi
18:31:05,212,emailservice-66944ff59-62x8j,16m,56Mi
18:31:05,212,frontend-7bd6f45654-dnhzb,16m,43Mi
18:31:05,212,cartservice-db96d6fcc-tsdhc,15m,146Mi
18:31:05,212,recommendationservice-7444754ff5-w69fs,13m,54Mi
18:31:05,212,currencyservice-7c8fc8fc9c-6tsnv,13m,113Mi
18:31:05,212,currencyservice-7c8fc8fc9c-s92sq,12m,77Mi
18:31:05,212,productcatalogservice-65bbf699df-d9cxl,10m,43Mi
18:31:05,212,emailservice-66944ff59-zvg4w,9m,56Mi
18:31:05,212,frontend-7bd6f45654-xmsf8,9m,22Mi
18:31:05,212,recommendationservice-7444754ff5-w769g,9m,51Mi
18:31:05,212,redis-cart-c8ff86559-gpcc7,9m,36Mi
18:31:05,212,adservice-574bff445c-k5l76,8m,275Mi
18:31:05,212,emailservice-66944ff59-xh284,8m,56Mi
18:31:05,212,cartservice-db96d6fcc-6kndn,8m,134Mi
18:31:05,212,cartservice-db96d6fcc-x6v6f,8m,109Mi
18:31:05,212,frontend-7bd6f45654-jwp2b,7m,21Mi
18:31:05,212,checkoutservice-5b6d96c9b7-fwtng,7m,37Mi
18:31:05,212,productcatalogservice-65bbf699df-8ztwv,6m,20Mi
18:31:05,212,adservice-574bff445c-4w7zh,6m,243Mi
18:31:05,212,adservice-574bff445c-2zzqg,5m,171Mi
18:31:05,212,paymentservice-9bfb7bf5-w2dt7,4m,71Mi
18:31:05,212,paymentservice-9bfb7bf5-x4kz9,4m,68Mi
18:31:05,212,paymentservice-9bfb7bf5-9mdwz,4m,127Mi
18:31:05,212,shippingservice-f956b6d9f-ml5cg,3m,31Mi
18:31:05,212,productcatalogservice-65bbf699df-2hv25,2m,21Mi
18:31:05,212,shippingservice-f956b6d9f-g5j6b,2m,16Mi
18:31:05,212,shippingservice-f956b6d9f-m2h7g,2m,16Mi
18:31:05,212,checkoutservice-5b6d96c9b7-tvvwl,2m,16Mi
18:31:05,212,checkoutservice-5b6d96c9b7-lwnbx,1m,16Mi
18:31:16,213,frontend-7bd6f45654-dnhzb,11m,42Mi
18:31:16,213,recommendationservice-7444754ff5-kk4vc,10m,80Mi
18:31:16,213,recommendationservice-7444754ff5-w69fs,9m,54Mi
18:31:16,213,loadgenerator-57fc5754d-vdlgn,9m,65Mi
18:31:16,213,currencyservice-7c8fc8fc9c-rtbz4,8m,122Mi
18:31:16,213,adservice-574bff445c-2zzqg,8m,171Mi
18:31:16,213,cartservice-db96d6fcc-6kndn,8m,134Mi
18:31:16,213,currencyservice-7c8fc8fc9c-6tsnv,8m,113Mi
18:31:16,213,paymentservice-9bfb7bf5-w2dt7,7m,72Mi
18:31:16,213,cartservice-db96d6fcc-tsdhc,7m,146Mi
18:31:16,213,frontend-7bd6f45654-xmsf8,6m,22Mi
18:31:16,213,emailservice-66944ff59-zvg4w,6m,56Mi
18:31:16,213,adservice-574bff445c-4w7zh,6m,243Mi
18:31:16,213,emailservice-66944ff59-62x8j,5m,56Mi
18:31:16,213,adservice-574bff445c-k5l76,5m,275Mi
18:31:16,213,productcatalogservice-65bbf699df-d9cxl,5m,43Mi
18:31:16,213,recommendationservice-7444754ff5-w769g,5m,51Mi
18:31:16,213,currencyservice-7c8fc8fc9c-s92sq,4m,76Mi
18:31:16,213,emailservice-66944ff59-xh284,4m,56Mi
18:31:16,213,productcatalogservice-65bbf699df-8ztwv,4m,20Mi
18:31:16,213,cartservice-db96d6fcc-x6v6f,4m,109Mi
18:31:16,213,frontend-7bd6f45654-jwp2b,3m,21Mi
18:31:16,213,paymentservice-9bfb7bf5-9mdwz,3m,127Mi
18:31:16,213,checkoutservice-5b6d96c9b7-fwtng,3m,37Mi
18:31:16,213,redis-cart-c8ff86559-gpcc7,3m,36Mi
18:31:16,213,productcatalogservice-65bbf699df-2hv25,2m,21Mi
18:31:16,213,paymentservice-9bfb7bf5-x4kz9,2m,68Mi
18:31:16,213,checkoutservice-5b6d96c9b7-tvvwl,1m,16Mi
18:31:16,213,checkoutservice-5b6d96c9b7-lwnbx,1m,16Mi
18:31:16,213,shippingservice-f956b6d9f-g5j6b,1m,16Mi
18:31:16,213,shippingservice-f956b6d9f-m2h7g,1m,16Mi
18:31:16,213,shippingservice-f956b6d9f-ml5cg,1m,31Mi
18:31:26,214,frontend-7bd6f45654-dnhzb,11m,42Mi
18:31:26,214,recommendationservice-7444754ff5-kk4vc,10m,80Mi
18:31:26,214,recommendationservice-7444754ff5-w69fs,9m,54Mi
18:31:26,214,loadgenerator-57fc5754d-vdlgn,9m,65Mi
18:31:26,214,currencyservice-7c8fc8fc9c-rtbz4,8m,122Mi
18:31:26,214,adservice-574bff445c-2zzqg,8m,171Mi
18:31:26,214,cartservice-db96d6fcc-6kndn,8m,134Mi
18:31:26,214,currencyservice-7c8fc8fc9c-6tsnv,8m,113Mi
18:31:26,214,paymentservice-9bfb7bf5-w2dt7,7m,72Mi
18:31:26,214,cartservice-db96d6fcc-tsdhc,7m,146Mi
18:31:26,214,frontend-7bd6f45654-xmsf8,6m,22Mi
18:31:26,214,emailservice-66944ff59-zvg4w,6m,56Mi
18:31:26,214,adservice-574bff445c-4w7zh,6m,243Mi
18:31:26,214,emailservice-66944ff59-62x8j,5m,56Mi
18:31:26,214,adservice-574bff445c-k5l76,5m,275Mi
18:31:26,214,productcatalogservice-65bbf699df-d9cxl,5m,43Mi
18:31:26,214,recommendationservice-7444754ff5-w769g,5m,51Mi
18:31:26,214,currencyservice-7c8fc8fc9c-s92sq,4m,76Mi
18:31:26,214,emailservice-66944ff59-xh284,4m,56Mi
18:31:26,214,productcatalogservice-65bbf699df-8ztwv,4m,20Mi
18:31:26,214,cartservice-db96d6fcc-x6v6f,4m,109Mi
18:31:26,214,frontend-7bd6f45654-jwp2b,3m,21Mi
18:31:26,214,paymentservice-9bfb7bf5-9mdwz,3m,127Mi
18:31:26,214,checkoutservice-5b6d96c9b7-fwtng,3m,37Mi
18:31:26,214,redis-cart-c8ff86559-gpcc7,3m,36Mi
18:31:26,214,productcatalogservice-65bbf699df-2hv25,2m,21Mi
18:31:26,214,paymentservice-9bfb7bf5-x4kz9,2m,68Mi
18:31:26,214,checkoutservice-5b6d96c9b7-tvvwl,1m,16Mi
18:31:26,214,checkoutservice-5b6d96c9b7-lwnbx,1m,16Mi
18:31:26,214,shippingservice-f956b6d9f-g5j6b,1m,16Mi
18:31:26,214,shippingservice-f956b6d9f-m2h7g,1m,16Mi
18:31:26,214,shippingservice-f956b6d9f-ml5cg,1m,31Mi
18:31:36,215,currencyservice-7c8fc8fc9c-6tsnv,10m,113Mi
18:31:36,215,recommendationservice-7444754ff5-kk4vc,10m,80Mi
18:31:36,215,loadgenerator-57fc5754d-vdlgn,9m,65Mi
18:31:36,215,currencyservice-7c8fc8fc9c-rtbz4,9m,121Mi
18:31:36,215,frontend-7bd6f45654-dnhzb,8m,42Mi
18:31:36,215,recommendationservice-7444754ff5-w69fs,7m,54Mi
18:31:36,215,productcatalogservice-65bbf699df-d9cxl,7m,43Mi
18:31:36,215,cartservice-db96d6fcc-tsdhc,7m,146Mi
18:31:36,215,adservice-574bff445c-2zzqg,7m,173Mi
18:31:36,215,frontend-7bd6f45654-jwp2b,6m,21Mi
18:31:36,215,adservice-574bff445c-4w7zh,6m,243Mi
18:31:36,215,frontend-7bd6f45654-xmsf8,5m,22Mi
18:31:36,215,cartservice-db96d6fcc-6kndn,5m,134Mi
18:31:36,215,emailservice-66944ff59-xh284,5m,56Mi
18:31:36,215,paymentservice-9bfb7bf5-w2dt7,5m,71Mi
18:31:36,215,adservice-574bff445c-k5l76,4m,275Mi
18:31:36,215,emailservice-66944ff59-62x8j,4m,56Mi
18:31:36,215,recommendationservice-7444754ff5-w769g,4m,51Mi
18:31:36,215,currencyservice-7c8fc8fc9c-s92sq,4m,76Mi
18:31:36,215,paymentservice-9bfb7bf5-x4kz9,4m,68Mi
18:31:36,215,emailservice-66944ff59-zvg4w,4m,56Mi
18:31:36,215,paymentservice-9bfb7bf5-9mdwz,3m,127Mi
18:31:36,215,productcatalogservice-65bbf699df-8ztwv,3m,20Mi
18:31:36,215,cartservice-db96d6fcc-x6v6f,3m,109Mi
18:31:36,215,redis-cart-c8ff86559-gpcc7,3m,36Mi
18:31:36,215,productcatalogservice-65bbf699df-2hv25,2m,21Mi
18:31:36,215,shippingservice-f956b6d9f-m2h7g,2m,16Mi
18:31:36,215,checkoutservice-5b6d96c9b7-fwtng,1m,37Mi
18:31:36,215,checkoutservice-5b6d96c9b7-tvvwl,1m,16Mi
18:31:36,215,checkoutservice-5b6d96c9b7-lwnbx,1m,16Mi
18:31:36,215,shippingservice-f956b6d9f-g5j6b,1m,16Mi
18:31:36,215,shippingservice-f956b6d9f-ml5cg,1m,31Mi
18:31:46,216,recommendationservice-7444754ff5-kk4vc,8m,80Mi
18:31:46,216,currencyservice-7c8fc8fc9c-6tsnv,8m,113Mi
18:31:46,216,loadgenerator-57fc5754d-vdlgn,7m,65Mi
18:31:46,216,frontend-7bd6f45654-dnhzb,6m,42Mi
18:31:46,216,currencyservice-7c8fc8fc9c-rtbz4,6m,121Mi
18:31:46,216,frontend-7bd6f45654-xmsf8,6m,22Mi
18:31:46,216,cartservice-db96d6fcc-tsdhc,6m,146Mi
18:31:46,216,recommendationservice-7444754ff5-w69fs,6m,54Mi
18:31:46,216,productcatalogservice-65bbf699df-d9cxl,5m,43Mi
18:31:46,216,adservice-574bff445c-k5l76,5m,275Mi
18:31:46,216,adservice-574bff445c-2zzqg,4m,173Mi
18:31:46,216,emailservice-66944ff59-zvg4w,4m,56Mi
18:31:46,216,cartservice-db96d6fcc-6kndn,4m,134Mi
18:31:46,216,currencyservice-7c8fc8fc9c-s92sq,3m,82Mi
18:31:46,216,emailservice-66944ff59-62x8j,3m,56Mi
18:31:46,216,emailservice-66944ff59-xh284,3m,56Mi
18:31:46,216,recommendationservice-7444754ff5-w769g,3m,51Mi
18:31:46,216,redis-cart-c8ff86559-gpcc7,3m,36Mi
18:31:46,216,adservice-574bff445c-4w7zh,3m,243Mi
18:31:46,216,paymentservice-9bfb7bf5-9mdwz,3m,126Mi
18:31:46,216,frontend-7bd6f45654-jwp2b,2m,21Mi
18:31:46,216,paymentservice-9bfb7bf5-x4kz9,2m,68Mi
18:31:46,216,productcatalogservice-65bbf699df-8ztwv,2m,20Mi
18:31:46,216,paymentservice-9bfb7bf5-w2dt7,2m,71Mi
18:31:46,216,checkoutservice-5b6d96c9b7-fwtng,2m,37Mi
18:31:46,216,cartservice-db96d6fcc-x6v6f,2m,109Mi
18:31:46,216,shippingservice-f956b6d9f-m2h7g,2m,16Mi
18:31:46,216,productcatalogservice-65bbf699df-2hv25,1m,21Mi
18:31:46,216,checkoutservice-5b6d96c9b7-tvvwl,1m,16Mi
18:31:46,216,checkoutservice-5b6d96c9b7-lwnbx,1m,16Mi
18:31:46,216,shippingservice-f956b6d9f-g5j6b,1m,16Mi
18:31:46,216,shippingservice-f956b6d9f-ml5cg,1m,31Mi
18:31:56,217,recommendationservice-7444754ff5-kk4vc,8m,80Mi
18:31:56,217,currencyservice-7c8fc8fc9c-6tsnv,8m,113Mi
18:31:56,217,loadgenerator-57fc5754d-vdlgn,7m,65Mi
18:31:56,217,frontend-7bd6f45654-dnhzb,6m,42Mi
18:31:56,217,currencyservice-7c8fc8fc9c-rtbz4,6m,121Mi
18:31:56,217,frontend-7bd6f45654-xmsf8,6m,22Mi
18:31:56,217,cartservice-db96d6fcc-tsdhc,6m,146Mi
18:31:56,217,recommendationservice-7444754ff5-w69fs,6m,54Mi
18:31:56,217,productcatalogservice-65bbf699df-d9cxl,5m,43Mi
18:31:56,217,adservice-574bff445c-k5l76,5m,275Mi
18:31:56,217,adservice-574bff445c-2zzqg,4m,173Mi
18:31:56,217,emailservice-66944ff59-zvg4w,4m,56Mi
18:31:56,217,cartservice-db96d6fcc-6kndn,4m,134Mi
18:31:56,217,currencyservice-7c8fc8fc9c-s92sq,3m,82Mi
18:31:56,217,emailservice-66944ff59-62x8j,3m,56Mi
18:31:56,217,emailservice-66944ff59-xh284,3m,56Mi
18:31:56,217,recommendationservice-7444754ff5-w769g,3m,51Mi
18:31:56,217,redis-cart-c8ff86559-gpcc7,3m,36Mi
18:31:56,217,adservice-574bff445c-4w7zh,3m,243Mi
18:31:56,217,paymentservice-9bfb7bf5-9mdwz,3m,126Mi
18:31:56,217,frontend-7bd6f45654-jwp2b,2m,21Mi
18:31:56,217,paymentservice-9bfb7bf5-x4kz9,2m,68Mi
18:31:56,217,productcatalogservice-65bbf699df-8ztwv,2m,20Mi
18:31:56,217,paymentservice-9bfb7bf5-w2dt7,2m,71Mi
18:31:56,217,checkoutservice-5b6d96c9b7-fwtng,2m,37Mi
18:31:56,217,cartservice-db96d6fcc-x6v6f,2m,109Mi
18:31:56,217,shippingservice-f956b6d9f-m2h7g,2m,16Mi
18:31:56,217,productcatalogservice-65bbf699df-2hv25,1m,21Mi
18:31:56,217,checkoutservice-5b6d96c9b7-tvvwl,1m,16Mi
18:31:56,217,checkoutservice-5b6d96c9b7-lwnbx,1m,16Mi
18:31:56,217,shippingservice-f956b6d9f-g5j6b,1m,16Mi
18:31:56,217,shippingservice-f956b6d9f-ml5cg,1m,31Mi
18:32:07,218,recommendationservice-7444754ff5-kk4vc,40m,80Mi
18:32:07,218,emailservice-66944ff59-62x8j,36m,56Mi
18:32:07,218,currencyservice-7c8fc8fc9c-rtbz4,35m,121Mi
18:32:07,218,loadgenerator-57fc5754d-vdlgn,33m,65Mi
18:32:07,218,adservice-574bff445c-2zzqg,33m,173Mi
18:32:07,218,cartservice-db96d6fcc-tsdhc,31m,146Mi
18:32:07,218,currencyservice-7c8fc8fc9c-6tsnv,27m,113Mi
18:32:07,218,emailservice-66944ff59-zvg4w,27m,56Mi
18:32:07,218,adservice-574bff445c-4w7zh,25m,245Mi
18:32:07,218,cartservice-db96d6fcc-x6v6f,23m,109Mi
18:32:07,218,recommendationservice-7444754ff5-w69fs,21m,54Mi
18:32:07,218,adservice-574bff445c-k5l76,20m,275Mi
18:32:07,218,frontend-7bd6f45654-dnhzb,19m,42Mi
18:32:07,218,cartservice-db96d6fcc-6kndn,15m,134Mi
18:32:07,218,recommendationservice-7444754ff5-w769g,14m,51Mi
18:32:07,218,paymentservice-9bfb7bf5-9mdwz,12m,126Mi
18:32:07,218,emailservice-66944ff59-xh284,11m,56Mi
18:32:07,218,frontend-7bd6f45654-xmsf8,11m,22Mi
18:32:07,218,redis-cart-c8ff86559-gpcc7,10m,36Mi
18:32:07,218,paymentservice-9bfb7bf5-w2dt7,10m,71Mi
18:32:07,218,productcatalogservice-65bbf699df-d9cxl,9m,43Mi
18:32:07,218,frontend-7bd6f45654-jwp2b,9m,21Mi
18:32:07,218,paymentservice-9bfb7bf5-x4kz9,7m,70Mi
18:32:07,218,currencyservice-7c8fc8fc9c-s92sq,6m,81Mi
18:32:07,218,productcatalogservice-65bbf699df-8ztwv,5m,20Mi
18:32:07,218,shippingservice-f956b6d9f-ml5cg,4m,31Mi
18:32:07,218,productcatalogservice-65bbf699df-2hv25,2m,21Mi
18:32:07,218,checkoutservice-5b6d96c9b7-fwtng,2m,37Mi
18:32:07,218,shippingservice-f956b6d9f-g5j6b,2m,16Mi
18:32:07,218,shippingservice-f956b6d9f-m2h7g,2m,16Mi
18:32:07,218,checkoutservice-5b6d96c9b7-tvvwl,1m,16Mi
18:32:07,218,checkoutservice-5b6d96c9b7-lwnbx,1m,16Mi
18:32:17,219,adservice-574bff445c-4w7zh,22m,245Mi
18:32:17,219,loadgenerator-57fc5754d-vdlgn,21m,65Mi
18:32:17,219,recommendationservice-7444754ff5-kk4vc,20m,80Mi
18:32:17,219,currencyservice-7c8fc8fc9c-rtbz4,20m,121Mi
18:32:17,219,currencyservice-7c8fc8fc9c-6tsnv,16m,113Mi
18:32:17,219,frontend-7bd6f45654-dnhzb,14m,42Mi
18:32:17,219,frontend-7bd6f45654-jwp2b,13m,21Mi
18:32:17,219,emailservice-66944ff59-zvg4w,13m,56Mi
18:32:17,219,productcatalogservice-65bbf699df-d9cxl,10m,43Mi
18:32:17,219,adservice-574bff445c-k5l76,10m,275Mi
18:32:17,219,recommendationservice-7444754ff5-w69fs,9m,54Mi
18:32:17,219,emailservice-66944ff59-xh284,9m,56Mi
18:32:17,219,cartservice-db96d6fcc-tsdhc,9m,146Mi
18:32:17,219,cartservice-db96d6fcc-6kndn,8m,134Mi
18:32:17,219,paymentservice-9bfb7bf5-w2dt7,6m,71Mi
18:32:17,219,emailservice-66944ff59-62x8j,6m,56Mi
18:32:17,219,recommendationservice-7444754ff5-w769g,5m,51Mi
18:32:17,219,checkoutservice-5b6d96c9b7-tvvwl,5m,16Mi
18:32:17,219,frontend-7bd6f45654-xmsf8,5m,22Mi
18:32:17,219,adservice-574bff445c-2zzqg,4m,173Mi
18:32:17,219,paymentservice-9bfb7bf5-9mdwz,4m,126Mi
18:32:17,219,currencyservice-7c8fc8fc9c-s92sq,4m,81Mi
18:32:17,219,redis-cart-c8ff86559-gpcc7,4m,36Mi
18:32:17,219,paymentservice-9bfb7bf5-x4kz9,3m,70Mi
18:32:17,219,productcatalogservice-65bbf699df-8ztwv,3m,20Mi
18:32:17,219,cartservice-db96d6fcc-x6v6f,3m,109Mi
18:32:17,219,checkoutservice-5b6d96c9b7-fwtng,3m,37Mi
18:32:17,219,shippingservice-f956b6d9f-g5j6b,3m,16Mi
18:32:17,219,shippingservice-f956b6d9f-m2h7g,3m,16Mi
18:32:17,219,checkoutservice-5b6d96c9b7-lwnbx,2m,16Mi
18:32:17,219,shippingservice-f956b6d9f-ml5cg,2m,31Mi
18:32:17,219,productcatalogservice-65bbf699df-2hv25,1m,21Mi
18:32:27,220,adservice-574bff445c-4w7zh,22m,245Mi
18:32:27,220,loadgenerator-57fc5754d-vdlgn,21m,65Mi
18:32:27,220,recommendationservice-7444754ff5-kk4vc,20m,80Mi
18:32:27,220,currencyservice-7c8fc8fc9c-rtbz4,20m,121Mi
18:32:27,220,currencyservice-7c8fc8fc9c-6tsnv,16m,113Mi
18:32:27,220,frontend-7bd6f45654-dnhzb,14m,42Mi
18:32:27,220,frontend-7bd6f45654-jwp2b,13m,21Mi
18:32:27,220,emailservice-66944ff59-zvg4w,13m,56Mi
18:32:27,220,productcatalogservice-65bbf699df-d9cxl,10m,43Mi
18:32:27,220,adservice-574bff445c-k5l76,10m,275Mi
18:32:27,220,recommendationservice-7444754ff5-w69fs,9m,54Mi
18:32:27,220,emailservice-66944ff59-xh284,9m,56Mi
18:32:27,220,cartservice-db96d6fcc-tsdhc,9m,146Mi
18:32:27,220,cartservice-db96d6fcc-6kndn,8m,134Mi
18:32:27,220,paymentservice-9bfb7bf5-w2dt7,6m,71Mi
18:32:27,220,emailservice-66944ff59-62x8j,6m,56Mi
18:32:27,220,recommendationservice-7444754ff5-w769g,5m,51Mi
18:32:27,220,checkoutservice-5b6d96c9b7-tvvwl,5m,16Mi
18:32:27,220,frontend-7bd6f45654-xmsf8,5m,22Mi
18:32:27,220,adservice-574bff445c-2zzqg,4m,173Mi
18:32:27,220,paymentservice-9bfb7bf5-9mdwz,4m,126Mi
18:32:27,220,currencyservice-7c8fc8fc9c-s92sq,4m,81Mi
18:32:27,220,redis-cart-c8ff86559-gpcc7,4m,36Mi
18:32:27,220,paymentservice-9bfb7bf5-x4kz9,3m,70Mi
18:32:27,220,productcatalogservice-65bbf699df-8ztwv,3m,20Mi
18:32:27,220,cartservice-db96d6fcc-x6v6f,3m,109Mi
18:32:27,220,checkoutservice-5b6d96c9b7-fwtng,3m,37Mi
18:32:27,220,shippingservice-f956b6d9f-g5j6b,3m,16Mi
18:32:27,220,shippingservice-f956b6d9f-m2h7g,3m,16Mi
18:32:27,220,checkoutservice-5b6d96c9b7-lwnbx,2m,16Mi
18:32:27,220,shippingservice-f956b6d9f-ml5cg,2m,31Mi
18:32:27,220,productcatalogservice-65bbf699df-2hv25,1m,21Mi
18:32:37,221,currencyservice-7c8fc8fc9c-rtbz4,11m,121Mi
18:32:37,221,currencyservice-7c8fc8fc9c-6tsnv,10m,113Mi
18:32:37,221,recommendationservice-7444754ff5-kk4vc,9m,80Mi
18:32:37,221,loadgenerator-57fc5754d-vdlgn,9m,65Mi
18:32:37,221,frontend-7bd6f45654-dnhzb,8m,42Mi
18:32:37,221,recommendationservice-7444754ff5-w69fs,7m,54Mi
18:32:37,221,cartservice-db96d6fcc-tsdhc,6m,146Mi
18:32:37,221,adservice-574bff445c-4w7zh,6m,245Mi
18:32:37,221,frontend-7bd6f45654-xmsf8,6m,22Mi
18:32:37,221,emailservice-66944ff59-62x8j,6m,56Mi
18:32:37,221,cartservice-db96d6fcc-6kndn,5m,134Mi
18:32:37,221,productcatalogservice-65bbf699df-d9cxl,5m,43Mi
18:32:37,221,adservice-574bff445c-k5l76,5m,275Mi
18:32:37,221,emailservice-66944ff59-xh284,5m,56Mi
18:32:37,221,emailservice-66944ff59-zvg4w,5m,56Mi
18:32:37,221,frontend-7bd6f45654-jwp2b,4m,21Mi
18:32:37,221,recommendationservice-7444754ff5-w769g,4m,51Mi
18:32:37,221,productcatalogservice-65bbf699df-8ztwv,3m,20Mi
18:32:37,221,currencyservice-7c8fc8fc9c-s92sq,3m,81Mi
18:32:37,221,redis-cart-c8ff86559-gpcc7,3m,36Mi
18:32:37,221,paymentservice-9bfb7bf5-9mdwz,3m,126Mi
18:32:37,221,adservice-574bff445c-2zzqg,3m,173Mi
18:32:37,221,paymentservice-9bfb7bf5-w2dt7,2m,71Mi
18:32:37,221,checkoutservice-5b6d96c9b7-fwtng,2m,37Mi
18:32:37,221,cartservice-db96d6fcc-x6v6f,2m,109Mi
18:32:37,221,paymentservice-9bfb7bf5-x4kz9,2m,70Mi
18:32:37,221,shippingservice-f956b6d9f-g5j6b,2m,16Mi
18:32:37,221,shippingservice-f956b6d9f-ml5cg,2m,31Mi
18:32:37,221,productcatalogservice-65bbf699df-2hv25,1m,21Mi
18:32:37,221,checkoutservice-5b6d96c9b7-lwnbx,1m,16Mi
18:32:37,221,checkoutservice-5b6d96c9b7-tvvwl,1m,16Mi
18:32:37,221,shippingservice-f956b6d9f-m2h7g,1m,16Mi
18:32:47,222,cartservice-db96d6fcc-tsdhc,16m,146Mi
18:32:47,222,currencyservice-7c8fc8fc9c-rtbz4,15m,122Mi
18:32:47,222,loadgenerator-57fc5754d-vdlgn,12m,65Mi
18:32:47,222,frontend-7bd6f45654-dnhzb,10m,42Mi
18:32:47,222,currencyservice-7c8fc8fc9c-6tsnv,10m,113Mi
18:32:47,222,recommendationservice-7444754ff5-kk4vc,9m,80Mi
18:32:47,222,recommendationservice-7444754ff5-w69fs,8m,54Mi
18:32:47,222,adservice-574bff445c-4w7zh,7m,245Mi
18:32:47,222,adservice-574bff445c-2zzqg,6m,174Mi
18:32:47,222,cartservice-db96d6fcc-6kndn,6m,134Mi
18:32:47,222,productcatalogservice-65bbf699df-d9cxl,6m,43Mi
18:32:47,222,frontend-7bd6f45654-xmsf8,6m,22Mi
18:32:47,222,recommendationservice-7444754ff5-w769g,5m,51Mi
18:32:47,222,redis-cart-c8ff86559-gpcc7,5m,36Mi
18:32:47,222,emailservice-66944ff59-zvg4w,5m,56Mi
18:32:47,222,emailservice-66944ff59-62x8j,4m,56Mi
18:32:47,222,emailservice-66944ff59-xh284,4m,56Mi
18:32:47,222,adservice-574bff445c-k5l76,4m,275Mi
18:32:47,222,checkoutservice-5b6d96c9b7-tvvwl,3m,16Mi
18:32:47,222,productcatalogservice-65bbf699df-8ztwv,3m,20Mi
18:32:47,222,paymentservice-9bfb7bf5-w2dt7,3m,71Mi
18:32:47,222,frontend-7bd6f45654-jwp2b,3m,21Mi
18:32:47,222,currencyservice-7c8fc8fc9c-s92sq,2m,81Mi
18:32:47,222,productcatalogservice-65bbf699df-2hv25,2m,21Mi
18:32:47,222,paymentservice-9bfb7bf5-x4kz9,2m,70Mi
18:32:47,222,paymentservice-9bfb7bf5-9mdwz,2m,126Mi
18:32:47,222,checkoutservice-5b6d96c9b7-fwtng,2m,37Mi
18:32:47,222,cartservice-db96d6fcc-x6v6f,2m,109Mi
18:32:47,222,shippingservice-f956b6d9f-ml5cg,2m,31Mi
18:32:47,222,checkoutservice-5b6d96c9b7-lwnbx,1m,16Mi
18:32:47,222,shippingservice-f956b6d9f-g5j6b,1m,16Mi
18:32:47,222,shippingservice-f956b6d9f-m2h7g,1m,16Mi
18:32:58,223,cartservice-db96d6fcc-tsdhc,16m,146Mi
18:32:58,223,currencyservice-7c8fc8fc9c-rtbz4,15m,122Mi
18:32:58,223,loadgenerator-57fc5754d-vdlgn,12m,65Mi
18:32:58,223,frontend-7bd6f45654-dnhzb,10m,42Mi
18:32:58,223,currencyservice-7c8fc8fc9c-6tsnv,10m,113Mi
18:32:58,223,recommendationservice-7444754ff5-kk4vc,9m,80Mi
18:32:58,223,recommendationservice-7444754ff5-w69fs,8m,54Mi
18:32:58,223,adservice-574bff445c-4w7zh,7m,245Mi
18:32:58,223,adservice-574bff445c-2zzqg,6m,174Mi
18:32:58,223,cartservice-db96d6fcc-6kndn,6m,134Mi
18:32:58,223,productcatalogservice-65bbf699df-d9cxl,6m,43Mi
18:32:58,223,frontend-7bd6f45654-xmsf8,6m,22Mi
18:32:58,223,recommendationservice-7444754ff5-w769g,5m,51Mi
18:32:58,223,redis-cart-c8ff86559-gpcc7,5m,36Mi
18:32:58,223,emailservice-66944ff59-zvg4w,5m,56Mi
18:32:58,223,emailservice-66944ff59-62x8j,4m,56Mi
18:32:58,223,emailservice-66944ff59-xh284,4m,56Mi
18:32:58,223,adservice-574bff445c-k5l76,4m,275Mi
18:32:58,223,checkoutservice-5b6d96c9b7-tvvwl,3m,16Mi
18:32:58,223,productcatalogservice-65bbf699df-8ztwv,3m,20Mi
18:32:58,223,paymentservice-9bfb7bf5-w2dt7,3m,71Mi
18:32:58,223,frontend-7bd6f45654-jwp2b,3m,21Mi
18:32:58,223,currencyservice-7c8fc8fc9c-s92sq,2m,81Mi
18:32:58,223,productcatalogservice-65bbf699df-2hv25,2m,21Mi
18:32:58,223,paymentservice-9bfb7bf5-x4kz9,2m,70Mi
18:32:58,223,paymentservice-9bfb7bf5-9mdwz,2m,126Mi
18:32:58,223,checkoutservice-5b6d96c9b7-fwtng,2m,37Mi
18:32:58,223,cartservice-db96d6fcc-x6v6f,2m,109Mi
18:32:58,223,shippingservice-f956b6d9f-ml5cg,2m,31Mi
18:32:58,223,checkoutservice-5b6d96c9b7-lwnbx,1m,16Mi
18:32:58,223,shippingservice-f956b6d9f-g5j6b,1m,16Mi
18:32:58,223,shippingservice-f956b6d9f-m2h7g,1m,16Mi
18:33:08,224,adservice-574bff445c-k5l76,9m,276Mi
18:33:08,224,recommendationservice-7444754ff5-kk4vc,8m,80Mi
18:33:08,224,currencyservice-7c8fc8fc9c-6tsnv,7m,113Mi
18:33:08,224,loadgenerator-57fc5754d-vdlgn,7m,65Mi
18:33:08,224,recommendationservice-7444754ff5-w69fs,6m,54Mi
18:33:08,224,currencyservice-7c8fc8fc9c-rtbz4,6m,122Mi
18:33:08,224,cartservice-db96d6fcc-tsdhc,5m,146Mi
18:33:08,224,frontend-7bd6f45654-dnhzb,5m,42Mi
18:33:08,224,adservice-574bff445c-2zzqg,5m,176Mi
18:33:08,224,recommendationservice-7444754ff5-w769g,4m,51Mi
18:33:08,224,emailservice-66944ff59-62x8j,4m,56Mi
18:33:08,224,emailservice-66944ff59-xh284,4m,56Mi
18:33:08,224,frontend-7bd6f45654-xmsf8,4m,22Mi
18:33:08,224,redis-cart-c8ff86559-gpcc7,3m,36Mi
18:33:08,224,cartservice-db96d6fcc-6kndn,3m,134Mi
18:33:08,224,adservice-574bff445c-4w7zh,3m,245Mi
18:33:08,224,productcatalogservice-65bbf699df-d9cxl,3m,43Mi
18:33:08,224,emailservice-66944ff59-zvg4w,3m,56Mi
18:33:08,224,frontend-7bd6f45654-jwp2b,2m,21Mi
18:33:08,224,cartservice-db96d6fcc-x6v6f,2m,109Mi
18:33:08,224,paymentservice-9bfb7bf5-w2dt7,2m,71Mi
18:33:08,224,paymentservice-9bfb7bf5-x4kz9,2m,70Mi
18:33:08,224,paymentservice-9bfb7bf5-9mdwz,2m,126Mi
18:33:08,224,productcatalogservice-65bbf699df-8ztwv,2m,20Mi
18:33:08,224,currencyservice-7c8fc8fc9c-s92sq,2m,81Mi
18:33:08,224,shippingservice-f956b6d9f-g5j6b,2m,16Mi
18:33:08,224,productcatalogservice-65bbf699df-2hv25,1m,21Mi
18:33:08,224,checkoutservice-5b6d96c9b7-fwtng,1m,37Mi
18:33:08,224,checkoutservice-5b6d96c9b7-lwnbx,1m,16Mi
18:33:08,224,checkoutservice-5b6d96c9b7-tvvwl,1m,16Mi
18:33:08,224,shippingservice-f956b6d9f-m2h7g,1m,16Mi
18:33:08,224,shippingservice-f956b6d9f-ml5cg,1m,31Mi
18:33:18,225,recommendationservice-7444754ff5-kk4vc,11m,80Mi
18:33:18,225,frontend-7bd6f45654-dnhzb,9m,42Mi
18:33:18,225,currencyservice-7c8fc8fc9c-rtbz4,8m,122Mi
18:33:18,225,loadgenerator-57fc5754d-vdlgn,8m,65Mi
18:33:18,225,currencyservice-7c8fc8fc9c-6tsnv,8m,113Mi
18:33:18,225,adservice-574bff445c-4w7zh,7m,245Mi
18:33:18,225,cartservice-db96d6fcc-tsdhc,7m,146Mi
18:33:18,225,recommendationservice-7444754ff5-w69fs,6m,54Mi
18:33:18,225,productcatalogservice-65bbf699df-d9cxl,6m,43Mi
18:33:18,225,frontend-7bd6f45654-xmsf8,5m,22Mi
18:33:18,225,frontend-7bd6f45654-jwp2b,4m,21Mi
18:33:18,225,cartservice-db96d6fcc-6kndn,4m,134Mi
18:33:18,225,adservice-574bff445c-k5l76,4m,275Mi
18:33:18,225,adservice-574bff445c-2zzqg,3m,176Mi
18:33:18,225,emailservice-66944ff59-zvg4w,3m,56Mi
18:33:18,225,redis-cart-c8ff86559-gpcc7,3m,36Mi
18:33:18,225,recommendationservice-7444754ff5-w769g,3m,51Mi
18:33:18,225,emailservice-66944ff59-62x8j,3m,56Mi
18:33:18,225,emailservice-66944ff59-xh284,3m,56Mi
18:33:18,225,productcatalogservice-65bbf699df-2hv25,2m,21Mi
18:33:18,225,paymentservice-9bfb7bf5-9mdwz,2m,126Mi
18:33:18,225,productcatalogservice-65bbf699df-8ztwv,2m,20Mi
18:33:18,225,cartservice-db96d6fcc-x6v6f,2m,109Mi
18:33:18,225,paymentservice-9bfb7bf5-w2dt7,1m,72Mi
18:33:18,225,paymentservice-9bfb7bf5-x4kz9,1m,70Mi
18:33:18,225,checkoutservice-5b6d96c9b7-fwtng,1m,37Mi
18:33:18,225,checkoutservice-5b6d96c9b7-lwnbx,1m,16Mi
18:33:18,225,currencyservice-7c8fc8fc9c-s92sq,1m,81Mi
18:33:18,225,checkoutservice-5b6d96c9b7-tvvwl,1m,16Mi
18:33:18,225,shippingservice-f956b6d9f-g5j6b,1m,16Mi
18:33:18,225,shippingservice-f956b6d9f-m2h7g,1m,16Mi
18:33:18,225,shippingservice-f956b6d9f-ml5cg,1m,31Mi
18:33:28,226,recommendationservice-7444754ff5-kk4vc,11m,80Mi
18:33:28,226,frontend-7bd6f45654-dnhzb,9m,42Mi
18:33:28,226,currencyservice-7c8fc8fc9c-rtbz4,8m,122Mi
18:33:28,226,loadgenerator-57fc5754d-vdlgn,8m,65Mi
18:33:28,226,currencyservice-7c8fc8fc9c-6tsnv,8m,113Mi
18:33:28,226,adservice-574bff445c-4w7zh,7m,245Mi
18:33:28,226,cartservice-db96d6fcc-tsdhc,7m,146Mi
18:33:28,226,recommendationservice-7444754ff5-w69fs,6m,54Mi
18:33:28,226,productcatalogservice-65bbf699df-d9cxl,6m,43Mi
18:33:28,226,frontend-7bd6f45654-xmsf8,5m,22Mi
18:33:28,226,frontend-7bd6f45654-jwp2b,4m,21Mi
18:33:28,226,cartservice-db96d6fcc-6kndn,4m,134Mi
18:33:28,226,adservice-574bff445c-k5l76,4m,275Mi
18:33:28,226,adservice-574bff445c-2zzqg,3m,176Mi
18:33:28,226,emailservice-66944ff59-zvg4w,3m,56Mi
18:33:28,226,redis-cart-c8ff86559-gpcc7,3m,36Mi
18:33:28,226,recommendationservice-7444754ff5-w769g,3m,51Mi
18:33:28,226,emailservice-66944ff59-62x8j,3m,56Mi
18:33:28,226,emailservice-66944ff59-xh284,3m,56Mi
18:33:28,226,productcatalogservice-65bbf699df-2hv25,2m,21Mi
18:33:28,226,paymentservice-9bfb7bf5-9mdwz,2m,126Mi
18:33:28,226,productcatalogservice-65bbf699df-8ztwv,2m,20Mi
18:33:28,226,cartservice-db96d6fcc-x6v6f,2m,109Mi
18:33:28,226,paymentservice-9bfb7bf5-w2dt7,1m,72Mi
18:33:28,226,paymentservice-9bfb7bf5-x4kz9,1m,70Mi
18:33:28,226,checkoutservice-5b6d96c9b7-fwtng,1m,37Mi
18:33:28,226,checkoutservice-5b6d96c9b7-lwnbx,1m,16Mi
18:33:28,226,currencyservice-7c8fc8fc9c-s92sq,1m,81Mi
18:33:28,226,checkoutservice-5b6d96c9b7-tvvwl,1m,16Mi
18:33:28,226,shippingservice-f956b6d9f-g5j6b,1m,16Mi
18:33:28,226,shippingservice-f956b6d9f-m2h7g,1m,16Mi
18:33:28,226,shippingservice-f956b6d9f-ml5cg,1m,31Mi
18:33:38,227,frontend-7bd6f45654-dnhzb,10m,42Mi
18:33:38,227,recommendationservice-7444754ff5-kk4vc,10m,80Mi
18:33:38,227,currencyservice-7c8fc8fc9c-rtbz4,9m,122Mi
18:33:38,227,currencyservice-7c8fc8fc9c-6tsnv,8m,113Mi
18:33:38,227,loadgenerator-57fc5754d-vdlgn,8m,65Mi
18:33:38,227,adservice-574bff445c-2zzqg,7m,176Mi
18:33:38,227,cartservice-db96d6fcc-tsdhc,7m,146Mi
18:33:38,227,recommendationservice-7444754ff5-w69fs,6m,54Mi
18:33:38,227,productcatalogservice-65bbf699df-d9cxl,5m,43Mi
18:33:38,227,adservice-574bff445c-4w7zh,5m,245Mi
18:33:38,227,frontend-7bd6f45654-xmsf8,4m,22Mi
18:33:38,227,recommendationservice-7444754ff5-w769g,4m,51Mi
18:33:38,227,cartservice-db96d6fcc-6kndn,4m,134Mi
18:33:38,227,emailservice-66944ff59-62x8j,4m,56Mi
18:33:38,227,emailservice-66944ff59-xh284,4m,56Mi
18:33:38,227,emailservice-66944ff59-zvg4w,4m,56Mi
18:33:38,227,adservice-574bff445c-k5l76,4m,275Mi
18:33:38,227,frontend-7bd6f45654-jwp2b,3m,21Mi
18:33:38,227,cartservice-db96d6fcc-x6v6f,3m,109Mi
18:33:38,227,paymentservice-9bfb7bf5-9mdwz,3m,126Mi
18:33:38,227,redis-cart-c8ff86559-gpcc7,3m,36Mi
18:33:38,227,paymentservice-9bfb7bf5-x4kz9,2m,70Mi
18:33:38,227,productcatalogservice-65bbf699df-8ztwv,2m,20Mi
18:33:38,227,checkoutservice-5b6d96c9b7-fwtng,2m,37Mi
18:33:38,227,currencyservice-7c8fc8fc9c-s92sq,2m,81Mi
18:33:38,227,paymentservice-9bfb7bf5-w2dt7,2m,72Mi
18:33:38,227,shippingservice-f956b6d9f-g5j6b,2m,16Mi
18:33:38,227,shippingservice-f956b6d9f-m2h7g,2m,16Mi
18:33:38,227,productcatalogservice-65bbf699df-2hv25,1m,21Mi
18:33:38,227,checkoutservice-5b6d96c9b7-tvvwl,1m,16Mi
18:33:38,227,checkoutservice-5b6d96c9b7-lwnbx,1m,16Mi
18:33:38,227,shippingservice-f956b6d9f-ml5cg,1m,31Mi
18:33:49,228,loadgenerator-57fc5754d-vdlgn,26m,65Mi
18:33:49,228,recommendationservice-7444754ff5-kk4vc,17m,80Mi
18:33:49,228,recommendationservice-7444754ff5-w69fs,16m,54Mi
18:33:49,228,frontend-7bd6f45654-dnhzb,15m,42Mi
18:33:49,228,currencyservice-7c8fc8fc9c-rtbz4,15m,122Mi
18:33:49,228,emailservice-66944ff59-xh284,14m,56Mi
18:33:49,228,adservice-574bff445c-2zzqg,13m,176Mi
18:33:49,228,adservice-574bff445c-k5l76,13m,275Mi
18:33:49,228,currencyservice-7c8fc8fc9c-6tsnv,13m,113Mi
18:33:49,228,currencyservice-7c8fc8fc9c-s92sq,12m,81Mi
18:33:49,228,productcatalogservice-65bbf699df-d9cxl,12m,43Mi
18:33:49,228,cartservice-db96d6fcc-tsdhc,11m,146Mi
18:33:49,228,cartservice-db96d6fcc-6kndn,11m,134Mi
18:33:49,228,recommendationservice-7444754ff5-w769g,8m,51Mi
18:33:49,228,emailservice-66944ff59-zvg4w,8m,57Mi
18:33:49,228,adservice-574bff445c-4w7zh,8m,246Mi
18:33:49,228,emailservice-66944ff59-62x8j,7m,56Mi
18:33:49,228,paymentservice-9bfb7bf5-9mdwz,7m,126Mi
18:33:49,228,frontend-7bd6f45654-jwp2b,6m,21Mi
18:33:49,228,frontend-7bd6f45654-xmsf8,6m,22Mi
18:33:49,228,checkoutservice-5b6d96c9b7-fwtng,6m,37Mi
18:33:49,228,cartservice-db96d6fcc-x6v6f,5m,109Mi
18:33:49,228,redis-cart-c8ff86559-gpcc7,5m,36Mi
18:33:49,228,paymentservice-9bfb7bf5-w2dt7,3m,72Mi
18:33:49,228,paymentservice-9bfb7bf5-x4kz9,3m,70Mi
18:33:49,228,productcatalogservice-65bbf699df-8ztwv,3m,20Mi
18:33:49,228,shippingservice-f956b6d9f-m2h7g,3m,16Mi
18:33:49,228,productcatalogservice-65bbf699df-2hv25,2m,21Mi
18:33:49,228,shippingservice-f956b6d9f-g5j6b,2m,16Mi
18:33:49,228,checkoutservice-5b6d96c9b7-tvvwl,2m,16Mi
18:33:49,228,shippingservice-f956b6d9f-ml5cg,2m,31Mi
18:33:49,228,checkoutservice-5b6d96c9b7-lwnbx,1m,16Mi
18:33:59,229,loadgenerator-57fc5754d-vdlgn,26m,65Mi
18:33:59,229,recommendationservice-7444754ff5-kk4vc,17m,80Mi
18:33:59,229,recommendationservice-7444754ff5-w69fs,16m,54Mi
18:33:59,229,frontend-7bd6f45654-dnhzb,15m,42Mi
18:33:59,229,currencyservice-7c8fc8fc9c-rtbz4,15m,122Mi
18:33:59,229,emailservice-66944ff59-xh284,14m,56Mi
18:33:59,229,adservice-574bff445c-2zzqg,13m,176Mi
18:33:59,229,adservice-574bff445c-k5l76,13m,275Mi
18:33:59,229,currencyservice-7c8fc8fc9c-6tsnv,13m,113Mi
18:33:59,229,currencyservice-7c8fc8fc9c-s92sq,12m,81Mi
18:33:59,229,productcatalogservice-65bbf699df-d9cxl,12m,43Mi
18:33:59,229,cartservice-db96d6fcc-tsdhc,11m,146Mi
18:33:59,229,cartservice-db96d6fcc-6kndn,11m,134Mi
18:33:59,229,recommendationservice-7444754ff5-w769g,8m,51Mi
18:33:59,229,emailservice-66944ff59-zvg4w,8m,57Mi
18:33:59,229,adservice-574bff445c-4w7zh,8m,246Mi
18:33:59,229,emailservice-66944ff59-62x8j,7m,56Mi
18:33:59,229,paymentservice-9bfb7bf5-9mdwz,7m,126Mi
18:33:59,229,frontend-7bd6f45654-jwp2b,6m,21Mi
18:33:59,229,frontend-7bd6f45654-xmsf8,6m,22Mi
18:33:59,229,checkoutservice-5b6d96c9b7-fwtng,6m,37Mi
18:33:59,229,cartservice-db96d6fcc-x6v6f,5m,109Mi
18:33:59,229,redis-cart-c8ff86559-gpcc7,5m,36Mi
18:33:59,229,paymentservice-9bfb7bf5-w2dt7,3m,72Mi
18:33:59,229,paymentservice-9bfb7bf5-x4kz9,3m,70Mi
18:33:59,229,productcatalogservice-65bbf699df-8ztwv,3m,20Mi
18:33:59,229,shippingservice-f956b6d9f-m2h7g,3m,16Mi
18:33:59,229,productcatalogservice-65bbf699df-2hv25,2m,21Mi
18:33:59,229,shippingservice-f956b6d9f-g5j6b,2m,16Mi
18:33:59,229,checkoutservice-5b6d96c9b7-tvvwl,2m,16Mi
18:33:59,229,shippingservice-f956b6d9f-ml5cg,2m,31Mi
18:33:59,229,checkoutservice-5b6d96c9b7-lwnbx,1m,16Mi
18:34:09,230,currencyservice-7c8fc8fc9c-6tsnv,17m,105Mi
18:34:09,230,recommendationservice-7444754ff5-kk4vc,8m,80Mi
18:34:09,230,loadgenerator-57fc5754d-vdlgn,8m,65Mi
18:34:09,230,currencyservice-7c8fc8fc9c-rtbz4,8m,122Mi
18:34:09,230,adservice-574bff445c-4w7zh,8m,246Mi
18:34:09,230,recommendationservice-7444754ff5-w69fs,7m,54Mi
18:34:09,230,frontend-7bd6f45654-dnhzb,7m,42Mi
18:34:09,230,cartservice-db96d6fcc-tsdhc,7m,146Mi
18:34:09,230,frontend-7bd6f45654-xmsf8,6m,22Mi
18:34:09,230,cartservice-db96d6fcc-6kndn,5m,134Mi
18:34:09,230,productcatalogservice-65bbf699df-d9cxl,4m,43Mi
18:34:09,230,adservice-574bff445c-k5l76,4m,275Mi
18:34:09,230,emailservice-66944ff59-62x8j,4m,56Mi
18:34:09,230,emailservice-66944ff59-xh284,4m,56Mi
18:34:09,230,adservice-574bff445c-2zzqg,4m,176Mi
18:34:09,230,frontend-7bd6f45654-jwp2b,3m,21Mi
18:34:09,230,emailservice-66944ff59-zvg4w,3m,56Mi
18:34:09,230,redis-cart-c8ff86559-gpcc7,3m,36Mi
18:34:09,230,recommendationservice-7444754ff5-w769g,3m,51Mi
18:34:09,230,productcatalogservice-65bbf699df-8ztwv,3m,20Mi
18:34:09,230,paymentservice-9bfb7bf5-w2dt7,2m,72Mi
18:34:09,230,paymentservice-9bfb7bf5-x4kz9,2m,70Mi
18:34:09,230,paymentservice-9bfb7bf5-9mdwz,2m,126Mi
18:34:09,230,cartservice-db96d6fcc-x6v6f,2m,109Mi
18:34:09,230,currencyservice-7c8fc8fc9c-s92sq,2m,81Mi
18:34:09,230,productcatalogservice-65bbf699df-2hv25,1m,21Mi
18:34:09,230,checkoutservice-5b6d96c9b7-lwnbx,1m,16Mi
18:34:09,230,checkoutservice-5b6d96c9b7-fwtng,1m,37Mi
18:34:09,230,checkoutservice-5b6d96c9b7-tvvwl,1m,16Mi
18:34:09,230,shippingservice-f956b6d9f-g5j6b,1m,16Mi
18:34:09,230,shippingservice-f956b6d9f-m2h7g,1m,16Mi
18:34:09,230,shippingservice-f956b6d9f-ml5cg,1m,31Mi
18:34:19,231,currencyservice-7c8fc8fc9c-6tsnv,8m,105Mi
18:34:19,231,recommendationservice-7444754ff5-kk4vc,7m,80Mi
18:34:19,231,frontend-7bd6f45654-dnhzb,7m,42Mi
18:34:19,231,currencyservice-7c8fc8fc9c-rtbz4,7m,122Mi
18:34:19,231,loadgenerator-57fc5754d-vdlgn,7m,65Mi
18:34:19,231,recommendationservice-7444754ff5-w69fs,6m,54Mi
18:34:19,231,cartservice-db96d6fcc-tsdhc,6m,146Mi
18:34:19,231,adservice-574bff445c-4w7zh,6m,246Mi
18:34:19,231,recommendationservice-7444754ff5-w769g,4m,51Mi
18:34:19,231,productcatalogservice-65bbf699df-d9cxl,4m,43Mi
18:34:19,231,cartservice-db96d6fcc-6kndn,4m,134Mi
18:34:19,231,frontend-7bd6f45654-xmsf8,4m,22Mi
18:34:19,231,emailservice-66944ff59-62x8j,4m,56Mi
18:34:19,231,emailservice-66944ff59-xh284,4m,56Mi
18:34:19,231,emailservice-66944ff59-zvg4w,4m,56Mi
18:34:19,231,frontend-7bd6f45654-jwp2b,3m,21Mi
18:34:19,231,adservice-574bff445c-2zzqg,3m,176Mi
18:34:19,231,redis-cart-c8ff86559-gpcc7,3m,36Mi
18:34:19,231,adservice-574bff445c-k5l76,3m,275Mi
18:34:19,231,paymentservice-9bfb7bf5-w2dt7,2m,72Mi
18:34:19,231,paymentservice-9bfb7bf5-9mdwz,2m,126Mi
18:34:19,231,productcatalogservice-65bbf699df-8ztwv,2m,20Mi
18:34:19,231,shippingservice-f956b6d9f-ml5cg,2m,31Mi
18:34:19,231,paymentservice-9bfb7bf5-x4kz9,1m,70Mi
18:34:19,231,productcatalogservice-65bbf699df-2hv25,1m,21Mi
18:34:19,231,checkoutservice-5b6d96c9b7-lwnbx,1m,16Mi
18:34:19,231,checkoutservice-5b6d96c9b7-fwtng,1m,37Mi
18:34:19,231,cartservice-db96d6fcc-x6v6f,1m,109Mi
18:34:19,231,checkoutservice-5b6d96c9b7-tvvwl,1m,16Mi
18:34:19,231,currencyservice-7c8fc8fc9c-s92sq,1m,81Mi
18:34:19,231,shippingservice-f956b6d9f-g5j6b,1m,16Mi
18:34:19,231,shippingservice-f956b6d9f-m2h7g,1m,16Mi
18:34:29,232,currencyservice-7c8fc8fc9c-6tsnv,8m,105Mi
18:34:29,232,recommendationservice-7444754ff5-kk4vc,7m,80Mi
18:34:29,232,frontend-7bd6f45654-dnhzb,7m,42Mi
18:34:29,232,currencyservice-7c8fc8fc9c-rtbz4,7m,122Mi
18:34:29,232,loadgenerator-57fc5754d-vdlgn,7m,65Mi
18:34:29,232,recommendationservice-7444754ff5-w69fs,6m,54Mi
18:34:29,232,cartservice-db96d6fcc-tsdhc,6m,146Mi
18:34:29,232,adservice-574bff445c-4w7zh,6m,246Mi
18:34:29,232,recommendationservice-7444754ff5-w769g,4m,51Mi
18:34:29,232,productcatalogservice-65bbf699df-d9cxl,4m,43Mi
18:34:29,232,cartservice-db96d6fcc-6kndn,4m,134Mi
18:34:29,232,frontend-7bd6f45654-xmsf8,4m,22Mi
18:34:29,232,emailservice-66944ff59-62x8j,4m,56Mi
18:34:29,232,emailservice-66944ff59-xh284,4m,56Mi
18:34:29,232,emailservice-66944ff59-zvg4w,4m,56Mi
18:34:29,232,frontend-7bd6f45654-jwp2b,3m,21Mi
18:34:29,232,adservice-574bff445c-2zzqg,3m,176Mi
18:34:29,232,redis-cart-c8ff86559-gpcc7,3m,36Mi
18:34:29,232,adservice-574bff445c-k5l76,3m,275Mi
18:34:29,232,paymentservice-9bfb7bf5-w2dt7,2m,72Mi
18:34:29,232,paymentservice-9bfb7bf5-9mdwz,2m,126Mi
18:34:29,232,productcatalogservice-65bbf699df-8ztwv,2m,20Mi
18:34:29,232,shippingservice-f956b6d9f-ml5cg,2m,31Mi
18:34:29,232,paymentservice-9bfb7bf5-x4kz9,1m,70Mi
18:34:29,232,productcatalogservice-65bbf699df-2hv25,1m,21Mi
18:34:29,232,checkoutservice-5b6d96c9b7-lwnbx,1m,16Mi
18:34:29,232,checkoutservice-5b6d96c9b7-fwtng,1m,37Mi
18:34:29,232,cartservice-db96d6fcc-x6v6f,1m,109Mi
18:34:29,232,checkoutservice-5b6d96c9b7-tvvwl,1m,16Mi
18:34:29,232,currencyservice-7c8fc8fc9c-s92sq,1m,81Mi
18:34:29,232,shippingservice-f956b6d9f-g5j6b,1m,16Mi
18:34:29,232,shippingservice-f956b6d9f-m2h7g,1m,16Mi
18:34:39,233,currencyservice-7c8fc8fc9c-6tsnv,8m,105Mi
18:34:39,233,recommendationservice-7444754ff5-kk4vc,8m,80Mi
18:34:39,233,loadgenerator-57fc5754d-vdlgn,8m,65Mi
18:34:39,233,currencyservice-7c8fc8fc9c-rtbz4,8m,122Mi
18:34:39,233,recommendationservice-7444754ff5-w69fs,6m,54Mi
18:34:39,233,cartservice-db96d6fcc-tsdhc,6m,146Mi
18:34:39,233,frontend-7bd6f45654-dnhzb,6m,42Mi
18:34:39,233,adservice-574bff445c-2zzqg,5m,176Mi
18:34:39,233,frontend-7bd6f45654-xmsf8,5m,22Mi
18:34:39,233,productcatalogservice-65bbf699df-d9cxl,4m,43Mi
18:34:39,233,emailservice-66944ff59-62x8j,4m,56Mi
18:34:39,233,emailservice-66944ff59-xh284,4m,56Mi
18:34:39,233,emailservice-66944ff59-zvg4w,4m,56Mi
18:34:39,233,frontend-7bd6f45654-jwp2b,4m,21Mi
18:34:39,233,recommendationservice-7444754ff5-w769g,4m,51Mi
18:34:39,233,adservice-574bff445c-4w7zh,4m,246Mi
18:34:39,233,adservice-574bff445c-k5l76,4m,275Mi
18:34:39,233,cartservice-db96d6fcc-6kndn,4m,134Mi
18:34:39,233,paymentservice-9bfb7bf5-x4kz9,3m,70Mi
18:34:39,233,currencyservice-7c8fc8fc9c-s92sq,3m,81Mi
18:34:39,233,redis-cart-c8ff86559-gpcc7,3m,36Mi
18:34:39,233,paymentservice-9bfb7bf5-w2dt7,2m,72Mi
18:34:39,233,productcatalogservice-65bbf699df-8ztwv,2m,20Mi
18:34:39,233,paymentservice-9bfb7bf5-9mdwz,2m,126Mi
18:34:39,233,cartservice-db96d6fcc-x6v6f,2m,109Mi
18:34:39,233,shippingservice-f956b6d9f-m2h7g,2m,16Mi
18:34:39,233,shippingservice-f956b6d9f-ml5cg,2m,31Mi
18:34:39,233,productcatalogservice-65bbf699df-2hv25,1m,21Mi
18:34:39,233,checkoutservice-5b6d96c9b7-tvvwl,1m,16Mi
18:34:39,233,checkoutservice-5b6d96c9b7-fwtng,1m,37Mi
18:34:39,233,checkoutservice-5b6d96c9b7-lwnbx,1m,16Mi
18:34:39,233,shippingservice-f956b6d9f-g5j6b,1m,16Mi
18:34:49,234,currencyservice-7c8fc8fc9c-6tsnv,7m,105Mi
18:34:49,234,recommendationservice-7444754ff5-kk4vc,7m,80Mi
18:34:49,234,loadgenerator-57fc5754d-vdlgn,7m,65Mi
18:34:49,234,recommendationservice-7444754ff5-w69fs,7m,54Mi
18:34:49,234,currencyservice-7c8fc8fc9c-rtbz4,7m,122Mi
18:34:49,234,frontend-7bd6f45654-dnhzb,6m,42Mi
18:34:49,234,frontend-7bd6f45654-xmsf8,6m,22Mi
18:34:49,234,adservice-574bff445c-k5l76,5m,275Mi
18:34:49,234,cartservice-db96d6fcc-tsdhc,5m,146Mi
18:34:49,234,cartservice-db96d6fcc-6kndn,5m,134Mi
18:34:49,234,emailservice-66944ff59-xh284,4m,56Mi
18:34:49,234,productcatalogservice-65bbf699df-d9cxl,4m,43Mi
18:34:49,234,adservice-574bff445c-4w7zh,4m,246Mi
18:34:49,234,emailservice-66944ff59-62x8j,4m,56Mi
18:34:49,234,emailservice-66944ff59-zvg4w,4m,56Mi
18:34:49,234,currencyservice-7c8fc8fc9c-s92sq,3m,81Mi
18:34:49,234,recommendationservice-7444754ff5-w769g,3m,51Mi
18:34:49,234,adservice-574bff445c-2zzqg,3m,176Mi
18:34:49,234,redis-cart-c8ff86559-gpcc7,3m,36Mi
18:34:49,234,productcatalogservice-65bbf699df-8ztwv,3m,20Mi
18:34:49,234,cartservice-db96d6fcc-x6v6f,3m,109Mi
18:34:49,234,paymentservice-9bfb7bf5-x4kz9,3m,70Mi
18:34:49,234,checkoutservice-5b6d96c9b7-tvvwl,2m,16Mi
18:34:49,234,productcatalogservice-65bbf699df-2hv25,2m,21Mi
18:34:49,234,paymentservice-9bfb7bf5-w2dt7,2m,72Mi
18:34:49,234,paymentservice-9bfb7bf5-9mdwz,2m,126Mi
18:34:49,234,frontend-7bd6f45654-jwp2b,2m,21Mi
18:34:49,234,checkoutservice-5b6d96c9b7-fwtng,2m,37Mi
18:34:49,234,checkoutservice-5b6d96c9b7-lwnbx,1m,16Mi
18:34:49,234,shippingservice-f956b6d9f-g5j6b,1m,16Mi
18:34:49,234,shippingservice-f956b6d9f-m2h7g,1m,16Mi
18:34:49,234,shippingservice-f956b6d9f-ml5cg,1m,31Mi
18:35:00,235,currencyservice-7c8fc8fc9c-6tsnv,7m,105Mi
18:35:00,235,recommendationservice-7444754ff5-kk4vc,7m,80Mi
18:35:00,235,loadgenerator-57fc5754d-vdlgn,7m,65Mi
18:35:00,235,recommendationservice-7444754ff5-w69fs,7m,54Mi
18:35:00,235,currencyservice-7c8fc8fc9c-rtbz4,7m,122Mi
18:35:00,235,frontend-7bd6f45654-dnhzb,6m,42Mi
18:35:00,235,frontend-7bd6f45654-xmsf8,6m,22Mi
18:35:00,235,adservice-574bff445c-k5l76,5m,275Mi
18:35:00,235,cartservice-db96d6fcc-tsdhc,5m,146Mi
18:35:00,235,cartservice-db96d6fcc-6kndn,5m,134Mi
18:35:00,235,emailservice-66944ff59-xh284,4m,56Mi
18:35:00,235,productcatalogservice-65bbf699df-d9cxl,4m,43Mi
18:35:00,235,adservice-574bff445c-4w7zh,4m,246Mi
18:35:00,235,emailservice-66944ff59-62x8j,4m,56Mi
18:35:00,235,emailservice-66944ff59-zvg4w,4m,56Mi
18:35:00,235,currencyservice-7c8fc8fc9c-s92sq,3m,81Mi
18:35:00,235,recommendationservice-7444754ff5-w769g,3m,51Mi
18:35:00,235,adservice-574bff445c-2zzqg,3m,176Mi
18:35:00,235,redis-cart-c8ff86559-gpcc7,3m,36Mi
18:35:00,235,productcatalogservice-65bbf699df-8ztwv,3m,20Mi
18:35:00,235,cartservice-db96d6fcc-x6v6f,3m,109Mi
18:35:00,235,paymentservice-9bfb7bf5-x4kz9,3m,70Mi
18:35:00,235,checkoutservice-5b6d96c9b7-tvvwl,2m,16Mi
18:35:00,235,productcatalogservice-65bbf699df-2hv25,2m,21Mi
18:35:00,235,paymentservice-9bfb7bf5-w2dt7,2m,72Mi
18:35:00,235,paymentservice-9bfb7bf5-9mdwz,2m,126Mi
18:35:00,235,frontend-7bd6f45654-jwp2b,2m,21Mi
18:35:00,235,checkoutservice-5b6d96c9b7-fwtng,2m,37Mi
18:35:00,235,checkoutservice-5b6d96c9b7-lwnbx,1m,16Mi
18:35:00,235,shippingservice-f956b6d9f-g5j6b,1m,16Mi
18:35:00,235,shippingservice-f956b6d9f-m2h7g,1m,16Mi
18:35:00,235,shippingservice-f956b6d9f-ml5cg,1m,31Mi
18:35:10,236,recommendationservice-7444754ff5-kk4vc,9m,80Mi
18:35:10,236,currencyservice-7c8fc8fc9c-rtbz4,9m,122Mi
18:35:10,236,currencyservice-7c8fc8fc9c-6tsnv,8m,105Mi
18:35:10,236,loadgenerator-57fc5754d-vdlgn,8m,65Mi
18:35:10,236,frontend-7bd6f45654-dnhzb,8m,42Mi
18:35:10,236,cartservice-db96d6fcc-tsdhc,7m,146Mi
18:35:10,236,adservice-574bff445c-k5l76,6m,275Mi
18:35:10,236,productcatalogservice-65bbf699df-d9cxl,5m,43Mi
18:35:10,236,emailservice-66944ff59-62x8j,5m,56Mi
18:35:10,236,frontend-7bd6f45654-jwp2b,4m,21Mi
18:35:10,236,recommendationservice-7444754ff5-w69fs,4m,54Mi
18:35:10,236,cartservice-db96d6fcc-6kndn,3m,134Mi
18:35:10,236,redis-cart-c8ff86559-gpcc7,3m,36Mi
18:35:10,236,recommendationservice-7444754ff5-w769g,3m,51Mi
18:35:10,236,emailservice-66944ff59-xh284,3m,56Mi
18:35:10,236,emailservice-66944ff59-zvg4w,3m,56Mi
18:35:10,236,adservice-574bff445c-2zzqg,3m,176Mi
18:35:10,236,frontend-7bd6f45654-xmsf8,3m,22Mi
18:35:10,236,adservice-574bff445c-4w7zh,3m,246Mi
18:35:10,236,paymentservice-9bfb7bf5-w2dt7,2m,72Mi
18:35:10,236,paymentservice-9bfb7bf5-x4kz9,2m,70Mi
18:35:10,236,productcatalogservice-65bbf699df-8ztwv,2m,20Mi
18:35:10,236,checkoutservice-5b6d96c9b7-tvvwl,1m,16Mi
18:35:10,236,productcatalogservice-65bbf699df-2hv25,1m,21Mi
18:35:10,236,paymentservice-9bfb7bf5-9mdwz,1m,126Mi
18:35:10,236,cartservice-db96d6fcc-x6v6f,1m,109Mi
18:35:10,236,checkoutservice-5b6d96c9b7-fwtng,1m,37Mi
18:35:10,236,checkoutservice-5b6d96c9b7-lwnbx,1m,16Mi
18:35:10,236,currencyservice-7c8fc8fc9c-s92sq,1m,81Mi
18:35:10,236,shippingservice-f956b6d9f-g5j6b,1m,16Mi
18:35:10,236,shippingservice-f956b6d9f-m2h7g,1m,16Mi
18:35:10,236,shippingservice-f956b6d9f-ml5cg,1m,31Mi
18:35:20,237,recommendationservice-7444754ff5-kk4vc,9m,80Mi
18:35:20,237,loadgenerator-57fc5754d-vdlgn,8m,65Mi
18:35:20,237,frontend-7bd6f45654-dnhzb,8m,42Mi
18:35:20,237,currencyservice-7c8fc8fc9c-rtbz4,8m,122Mi
18:35:20,237,currencyservice-7c8fc8fc9c-6tsnv,7m,105Mi
18:35:20,237,recommendationservice-7444754ff5-w69fs,6m,54Mi
18:35:20,237,cartservice-db96d6fcc-tsdhc,6m,146Mi
18:35:20,237,productcatalogservice-65bbf699df-d9cxl,5m,43Mi
18:35:20,237,frontend-7bd6f45654-jwp2b,4m,21Mi
18:35:20,237,cartservice-db96d6fcc-6kndn,4m,134Mi
18:35:20,237,adservice-574bff445c-4w7zh,4m,246Mi
18:35:20,237,frontend-7bd6f45654-xmsf8,4m,22Mi
18:35:20,237,emailservice-66944ff59-62x8j,4m,56Mi
18:35:20,237,emailservice-66944ff59-xh284,4m,56Mi
18:35:20,237,emailservice-66944ff59-zvg4w,4m,56Mi
18:35:20,237,adservice-574bff445c-k5l76,3m,275Mi
18:35:20,237,redis-cart-c8ff86559-gpcc7,3m,36Mi
18:35:20,237,currencyservice-7c8fc8fc9c-s92sq,3m,81Mi
18:35:20,237,recommendationservice-7444754ff5-w769g,3m,51Mi
18:35:20,237,paymentservice-9bfb7bf5-9mdwz,2m,126Mi
18:35:20,237,productcatalogservice-65bbf699df-8ztwv,2m,20Mi
18:35:20,237,cartservice-db96d6fcc-x6v6f,2m,109Mi
18:35:20,237,adservice-574bff445c-2zzqg,2m,176Mi
18:35:20,237,shippingservice-f956b6d9f-ml5cg,2m,31Mi
18:35:20,237,paymentservice-9bfb7bf5-w2dt7,1m,72Mi
18:35:20,237,paymentservice-9bfb7bf5-x4kz9,1m,70Mi
18:35:20,237,productcatalogservice-65bbf699df-2hv25,1m,21Mi
18:35:20,237,checkoutservice-5b6d96c9b7-tvvwl,1m,16Mi
18:35:20,237,checkoutservice-5b6d96c9b7-fwtng,1m,37Mi
18:35:20,237,checkoutservice-5b6d96c9b7-lwnbx,1m,16Mi
18:35:20,237,shippingservice-f956b6d9f-g5j6b,1m,16Mi
18:35:20,237,shippingservice-f956b6d9f-m2h7g,1m,16Mi
18:35:30,238,recommendationservice-7444754ff5-kk4vc,9m,80Mi
18:35:30,238,loadgenerator-57fc5754d-vdlgn,8m,65Mi
18:35:30,238,frontend-7bd6f45654-dnhzb,8m,42Mi
18:35:30,238,currencyservice-7c8fc8fc9c-rtbz4,8m,122Mi
18:35:30,238,currencyservice-7c8fc8fc9c-6tsnv,7m,105Mi
18:35:30,238,recommendationservice-7444754ff5-w69fs,6m,54Mi
18:35:30,238,cartservice-db96d6fcc-tsdhc,6m,146Mi
18:35:30,238,productcatalogservice-65bbf699df-d9cxl,5m,43Mi
18:35:30,238,frontend-7bd6f45654-jwp2b,4m,21Mi
18:35:30,238,cartservice-db96d6fcc-6kndn,4m,134Mi
18:35:30,238,adservice-574bff445c-4w7zh,4m,246Mi
18:35:30,238,frontend-7bd6f45654-xmsf8,4m,22Mi
18:35:30,238,emailservice-66944ff59-62x8j,4m,56Mi
18:35:30,238,emailservice-66944ff59-xh284,4m,56Mi
18:35:30,238,emailservice-66944ff59-zvg4w,4m,56Mi
18:35:30,238,adservice-574bff445c-k5l76,3m,275Mi
18:35:30,238,redis-cart-c8ff86559-gpcc7,3m,36Mi
18:35:30,238,currencyservice-7c8fc8fc9c-s92sq,3m,81Mi
18:35:30,238,recommendationservice-7444754ff5-w769g,3m,51Mi
18:35:30,238,paymentservice-9bfb7bf5-9mdwz,2m,126Mi
18:35:30,238,productcatalogservice-65bbf699df-8ztwv,2m,20Mi
18:35:30,238,cartservice-db96d6fcc-x6v6f,2m,109Mi
18:35:30,238,adservice-574bff445c-2zzqg,2m,176Mi
18:35:30,238,shippingservice-f956b6d9f-ml5cg,2m,31Mi
18:35:30,238,paymentservice-9bfb7bf5-w2dt7,1m,72Mi
18:35:30,238,paymentservice-9bfb7bf5-x4kz9,1m,70Mi
18:35:30,238,productcatalogservice-65bbf699df-2hv25,1m,21Mi
18:35:30,238,checkoutservice-5b6d96c9b7-tvvwl,1m,16Mi
18:35:30,238,checkoutservice-5b6d96c9b7-fwtng,1m,37Mi
18:35:30,238,checkoutservice-5b6d96c9b7-lwnbx,1m,16Mi
18:35:30,238,shippingservice-f956b6d9f-g5j6b,1m,16Mi
18:35:30,238,shippingservice-f956b6d9f-m2h7g,1m,16Mi
18:35:40,239,recommendationservice-7444754ff5-kk4vc,8m,80Mi
18:35:40,239,currencyservice-7c8fc8fc9c-6tsnv,7m,105Mi
18:35:40,239,recommendationservice-7444754ff5-w69fs,7m,54Mi
18:35:40,239,loadgenerator-57fc5754d-vdlgn,7m,65Mi
18:35:40,239,currencyservice-7c8fc8fc9c-rtbz4,7m,122Mi
18:35:40,239,frontend-7bd6f45654-dnhzb,6m,42Mi
18:35:40,239,cartservice-db96d6fcc-tsdhc,5m,146Mi
18:35:40,239,adservice-574bff445c-4w7zh,5m,246Mi
18:35:40,239,recommendationservice-7444754ff5-w769g,4m,51Mi
18:35:40,239,cartservice-db96d6fcc-6kndn,4m,134Mi
18:35:40,239,productcatalogservice-65bbf699df-d9cxl,4m,43Mi
18:35:40,239,emailservice-66944ff59-zvg4w,4m,56Mi
18:35:40,239,frontend-7bd6f45654-xmsf8,4m,22Mi
18:35:40,239,frontend-7bd6f45654-jwp2b,3m,21Mi
18:35:40,239,cartservice-db96d6fcc-x6v6f,3m,109Mi
18:35:40,239,emailservice-66944ff59-62x8j,3m,56Mi
18:35:40,239,adservice-574bff445c-2zzqg,3m,176Mi
18:35:40,239,emailservice-66944ff59-xh284,3m,56Mi
18:35:40,239,paymentservice-9bfb7bf5-9mdwz,3m,124Mi
18:35:40,239,redis-cart-c8ff86559-gpcc7,3m,36Mi
18:35:40,239,adservice-574bff445c-k5l76,3m,275Mi
18:35:40,239,currencyservice-7c8fc8fc9c-s92sq,2m,81Mi
18:35:40,239,paymentservice-9bfb7bf5-w2dt7,2m,72Mi
18:35:40,239,paymentservice-9bfb7bf5-x4kz9,2m,70Mi
18:35:40,239,productcatalogservice-65bbf699df-8ztwv,2m,20Mi
18:35:40,239,checkoutservice-5b6d96c9b7-tvvwl,1m,16Mi
18:35:40,239,checkoutservice-5b6d96c9b7-fwtng,1m,37Mi
18:35:40,239,checkoutservice-5b6d96c9b7-lwnbx,1m,16Mi
18:35:40,239,productcatalogservice-65bbf699df-2hv25,1m,21Mi
18:35:40,239,shippingservice-f956b6d9f-g5j6b,1m,16Mi
18:35:40,239,shippingservice-f956b6d9f-m2h7g,1m,16Mi
18:35:40,239,shippingservice-f956b6d9f-ml5cg,1m,31Mi
18:35:50,240,recommendationservice-7444754ff5-kk4vc,9m,80Mi
18:35:50,240,frontend-7bd6f45654-dnhzb,8m,42Mi
18:35:50,240,loadgenerator-57fc5754d-vdlgn,8m,65Mi
18:35:50,240,currencyservice-7c8fc8fc9c-rtbz4,7m,122Mi
18:35:50,240,currencyservice-7c8fc8fc9c-6tsnv,7m,105Mi
18:35:50,240,frontend-7bd6f45654-xmsf8,6m,22Mi
18:35:50,240,cartservice-db96d6fcc-tsdhc,6m,146Mi
18:35:50,240,recommendationservice-7444754ff5-w69fs,6m,54Mi
18:35:50,240,productcatalogservice-65bbf699df-d9cxl,5m,43Mi
18:35:50,240,recommendationservice-7444754ff5-w769g,4m,51Mi
18:35:50,240,cartservice-db96d6fcc-6kndn,4m,134Mi
18:35:50,240,adservice-574bff445c-k5l76,4m,275Mi
18:35:50,240,emailservice-66944ff59-62x8j,4m,56Mi
18:35:50,240,emailservice-66944ff59-xh284,4m,56Mi
18:35:50,240,emailservice-66944ff59-zvg4w,4m,57Mi
18:35:50,240,adservice-574bff445c-4w7zh,4m,246Mi
18:35:50,240,adservice-574bff445c-2zzqg,4m,176Mi
18:35:50,240,frontend-7bd6f45654-jwp2b,3m,21Mi
18:35:50,240,shippingservice-f956b6d9f-ml5cg,3m,31Mi
18:35:50,240,redis-cart-c8ff86559-gpcc7,3m,36Mi
18:35:50,240,cartservice-db96d6fcc-x6v6f,2m,109Mi
18:35:50,240,paymentservice-9bfb7bf5-9mdwz,2m,124Mi
18:35:50,240,paymentservice-9bfb7bf5-w2dt7,2m,72Mi
18:35:50,240,currencyservice-7c8fc8fc9c-s92sq,2m,81Mi
18:35:50,240,productcatalogservice-65bbf699df-2hv25,2m,21Mi
18:35:50,240,productcatalogservice-65bbf699df-8ztwv,2m,20Mi
18:35:50,240,checkoutservice-5b6d96c9b7-fwtng,2m,37Mi
18:35:50,240,paymentservice-9bfb7bf5-x4kz9,1m,70Mi
18:35:50,240,checkoutservice-5b6d96c9b7-lwnbx,1m,16Mi
18:35:50,240,shippingservice-f956b6d9f-g5j6b,1m,16Mi
18:35:50,240,shippingservice-f956b6d9f-m2h7g,1m,16Mi
18:35:50,240,checkoutservice-5b6d96c9b7-tvvwl,1m,16Mi
18:36:01,241,recommendationservice-7444754ff5-kk4vc,8m,80Mi
18:36:01,241,currencyservice-7c8fc8fc9c-rtbz4,8m,122Mi
18:36:01,241,currencyservice-7c8fc8fc9c-6tsnv,7m,105Mi
18:36:01,241,loadgenerator-57fc5754d-vdlgn,7m,65Mi
18:36:01,241,recommendationservice-7444754ff5-w69fs,6m,54Mi
18:36:01,241,frontend-7bd6f45654-dnhzb,6m,42Mi
18:36:01,241,cartservice-db96d6fcc-tsdhc,5m,146Mi
18:36:01,241,adservice-574bff445c-4w7zh,5m,246Mi
18:36:01,241,frontend-7bd6f45654-xmsf8,5m,22Mi
18:36:01,241,cartservice-db96d6fcc-6kndn,4m,134Mi
18:36:01,241,recommendationservice-7444754ff5-w769g,4m,51Mi
18:36:01,241,productcatalogservice-65bbf699df-d9cxl,4m,43Mi
18:36:01,241,emailservice-66944ff59-62x8j,4m,56Mi
18:36:01,241,emailservice-66944ff59-xh284,4m,56Mi
18:36:01,241,emailservice-66944ff59-zvg4w,4m,57Mi
18:36:01,241,frontend-7bd6f45654-jwp2b,3m,21Mi
18:36:01,241,cartservice-db96d6fcc-x6v6f,3m,109Mi
18:36:01,241,redis-cart-c8ff86559-gpcc7,3m,36Mi
18:36:01,241,adservice-574bff445c-k5l76,3m,275Mi
18:36:01,241,paymentservice-9bfb7bf5-9mdwz,3m,124Mi
18:36:01,241,adservice-574bff445c-2zzqg,3m,176Mi
18:36:01,241,paymentservice-9bfb7bf5-w2dt7,2m,72Mi
18:36:01,241,productcatalogservice-65bbf699df-8ztwv,2m,20Mi
18:36:01,241,paymentservice-9bfb7bf5-x4kz9,2m,70Mi
18:36:01,241,currencyservice-7c8fc8fc9c-s92sq,2m,81Mi
18:36:01,241,productcatalogservice-65bbf699df-2hv25,1m,21Mi
18:36:01,241,checkoutservice-5b6d96c9b7-lwnbx,1m,16Mi
18:36:01,241,checkoutservice-5b6d96c9b7-fwtng,1m,37Mi
18:36:01,241,checkoutservice-5b6d96c9b7-tvvwl,1m,16Mi
18:36:01,241,shippingservice-f956b6d9f-g5j6b,1m,16Mi
18:36:01,241,shippingservice-f956b6d9f-m2h7g,1m,16Mi
18:36:01,241,shippingservice-f956b6d9f-ml5cg,1m,31Mi
18:36:11,242,recommendationservice-7444754ff5-kk4vc,8m,80Mi
18:36:11,242,currencyservice-7c8fc8fc9c-rtbz4,8m,122Mi
18:36:11,242,currencyservice-7c8fc8fc9c-6tsnv,7m,105Mi
18:36:11,242,loadgenerator-57fc5754d-vdlgn,7m,65Mi
18:36:11,242,recommendationservice-7444754ff5-w69fs,6m,54Mi
18:36:11,242,frontend-7bd6f45654-dnhzb,6m,42Mi
18:36:11,242,cartservice-db96d6fcc-tsdhc,5m,146Mi
18:36:11,242,adservice-574bff445c-4w7zh,5m,246Mi
18:36:11,242,frontend-7bd6f45654-xmsf8,5m,22Mi
18:36:11,242,cartservice-db96d6fcc-6kndn,4m,134Mi
18:36:11,242,recommendationservice-7444754ff5-w769g,4m,51Mi
18:36:11,242,productcatalogservice-65bbf699df-d9cxl,4m,43Mi
18:36:11,242,emailservice-66944ff59-62x8j,4m,56Mi
18:36:11,242,emailservice-66944ff59-xh284,4m,56Mi
18:36:11,242,emailservice-66944ff59-zvg4w,4m,57Mi
18:36:11,242,frontend-7bd6f45654-jwp2b,3m,21Mi
18:36:11,242,cartservice-db96d6fcc-x6v6f,3m,109Mi
18:36:11,242,redis-cart-c8ff86559-gpcc7,3m,36Mi
18:36:11,242,adservice-574bff445c-k5l76,3m,275Mi
18:36:11,242,paymentservice-9bfb7bf5-9mdwz,3m,124Mi
18:36:11,242,adservice-574bff445c-2zzqg,3m,176Mi
18:36:11,242,paymentservice-9bfb7bf5-w2dt7,2m,72Mi
18:36:11,242,productcatalogservice-65bbf699df-8ztwv,2m,20Mi
18:36:11,242,paymentservice-9bfb7bf5-x4kz9,2m,70Mi
18:36:11,242,currencyservice-7c8fc8fc9c-s92sq,2m,81Mi
18:36:11,242,productcatalogservice-65bbf699df-2hv25,1m,21Mi
18:36:11,242,checkoutservice-5b6d96c9b7-lwnbx,1m,16Mi
18:36:11,242,checkoutservice-5b6d96c9b7-fwtng,1m,37Mi
18:36:11,242,checkoutservice-5b6d96c9b7-tvvwl,1m,16Mi
18:36:11,242,shippingservice-f956b6d9f-g5j6b,1m,16Mi
18:36:11,242,shippingservice-f956b6d9f-m2h7g,1m,16Mi
18:36:11,242,shippingservice-f956b6d9f-ml5cg,1m,31Mi
18:36:21,243,recommendationservice-7444754ff5-kk4vc,10m,80Mi
18:36:21,243,frontend-7bd6f45654-dnhzb,9m,42Mi
18:36:21,243,currencyservice-7c8fc8fc9c-rtbz4,9m,122Mi
18:36:21,243,adservice-574bff445c-4w7zh,8m,248Mi
18:36:21,243,loadgenerator-57fc5754d-vdlgn,8m,65Mi
18:36:21,243,recommendationservice-7444754ff5-w69fs,7m,54Mi
18:36:21,243,cartservice-db96d6fcc-tsdhc,7m,146Mi
18:36:21,243,currencyservice-7c8fc8fc9c-6tsnv,7m,105Mi
18:36:21,243,emailservice-66944ff59-zvg4w,6m,56Mi
18:36:21,243,productcatalogservice-65bbf699df-d9cxl,6m,43Mi
18:36:21,243,adservice-574bff445c-2zzqg,5m,176Mi
18:36:21,243,frontend-7bd6f45654-jwp2b,4m,21Mi
18:36:21,243,recommendationservice-7444754ff5-w769g,4m,51Mi
18:36:21,243,emailservice-66944ff59-xh284,4m,56Mi
18:36:21,243,emailservice-66944ff59-62x8j,4m,56Mi
18:36:21,243,frontend-7bd6f45654-xmsf8,4m,22Mi
18:36:21,243,redis-cart-c8ff86559-gpcc7,3m,36Mi
18:36:21,243,adservice-574bff445c-k5l76,3m,275Mi
18:36:21,243,currencyservice-7c8fc8fc9c-s92sq,3m,81Mi
18:36:21,243,paymentservice-9bfb7bf5-9mdwz,3m,124Mi
18:36:21,243,cartservice-db96d6fcc-x6v6f,3m,109Mi
18:36:21,243,cartservice-db96d6fcc-6kndn,3m,134Mi
18:36:21,243,paymentservice-9bfb7bf5-x4kz9,2m,70Mi
18:36:21,243,paymentservice-9bfb7bf5-w2dt7,2m,72Mi
18:36:21,243,productcatalogservice-65bbf699df-8ztwv,2m,20Mi
18:36:21,243,checkoutservice-5b6d96c9b7-fwtng,2m,37Mi
18:36:21,243,checkoutservice-5b6d96c9b7-lwnbx,2m,16Mi
18:36:21,243,shippingservice-f956b6d9f-ml5cg,2m,31Mi
18:36:21,243,checkoutservice-5b6d96c9b7-tvvwl,1m,16Mi
18:36:21,243,productcatalogservice-65bbf699df-2hv25,1m,21Mi
18:36:21,243,shippingservice-f956b6d9f-g5j6b,1m,16Mi
18:36:21,243,shippingservice-f956b6d9f-m2h7g,1m,16Mi
18:36:31,244,currencyservice-7c8fc8fc9c-6tsnv,8m,105Mi
18:36:31,244,recommendationservice-7444754ff5-kk4vc,7m,80Mi
18:36:31,244,frontend-7bd6f45654-dnhzb,7m,42Mi
18:36:31,244,loadgenerator-57fc5754d-vdlgn,7m,65Mi
18:36:31,244,currencyservice-7c8fc8fc9c-rtbz4,6m,122Mi
18:36:31,244,cartservice-db96d6fcc-tsdhc,5m,146Mi
18:36:31,244,recommendationservice-7444754ff5-w69fs,5m,54Mi
18:36:31,244,frontend-7bd6f45654-xmsf8,5m,22Mi
18:36:31,244,adservice-574bff445c-k5l76,4m,275Mi
18:36:31,244,cartservice-db96d6fcc-6kndn,4m,134Mi
18:36:31,244,productcatalogservice-65bbf699df-d9cxl,4m,43Mi
18:36:31,244,adservice-574bff445c-4w7zh,4m,248Mi
18:36:31,244,emailservice-66944ff59-62x8j,4m,56Mi
18:36:31,244,emailservice-66944ff59-xh284,4m,56Mi
18:36:31,244,frontend-7bd6f45654-jwp2b,3m,21Mi
18:36:31,244,recommendationservice-7444754ff5-w769g,3m,51Mi
18:36:31,244,adservice-574bff445c-2zzqg,3m,176Mi
18:36:31,244,currencyservice-7c8fc8fc9c-s92sq,3m,81Mi
18:36:31,244,redis-cart-c8ff86559-gpcc7,3m,36Mi
18:36:31,244,emailservice-66944ff59-zvg4w,3m,57Mi
18:36:31,244,paymentservice-9bfb7bf5-9mdwz,2m,124Mi
18:36:31,244,paymentservice-9bfb7bf5-x4kz9,2m,70Mi
18:36:31,244,productcatalogservice-65bbf699df-8ztwv,2m,20Mi
18:36:31,244,cartservice-db96d6fcc-x6v6f,2m,109Mi
18:36:31,244,paymentservice-9bfb7bf5-w2dt7,2m,72Mi
18:36:31,244,productcatalogservice-65bbf699df-2hv25,1m,21Mi
18:36:31,244,checkoutservice-5b6d96c9b7-lwnbx,1m,16Mi
18:36:31,244,checkoutservice-5b6d96c9b7-fwtng,1m,37Mi
18:36:31,244,checkoutservice-5b6d96c9b7-tvvwl,1m,16Mi
18:36:31,244,shippingservice-f956b6d9f-g5j6b,1m,16Mi
18:36:31,244,shippingservice-f956b6d9f-m2h7g,1m,16Mi
18:36:31,244,shippingservice-f956b6d9f-ml5cg,1m,31Mi
18:36:41,245,currencyservice-7c8fc8fc9c-6tsnv,8m,105Mi
18:36:41,245,recommendationservice-7444754ff5-kk4vc,7m,80Mi
18:36:41,245,frontend-7bd6f45654-dnhzb,7m,42Mi
18:36:41,245,loadgenerator-57fc5754d-vdlgn,7m,65Mi
18:36:41,245,currencyservice-7c8fc8fc9c-rtbz4,6m,122Mi
18:36:41,245,cartservice-db96d6fcc-tsdhc,5m,146Mi
18:36:41,245,recommendationservice-7444754ff5-w69fs,5m,54Mi
18:36:41,245,frontend-7bd6f45654-xmsf8,5m,22Mi
18:36:41,245,adservice-574bff445c-k5l76,4m,275Mi
18:36:41,245,cartservice-db96d6fcc-6kndn,4m,134Mi
18:36:41,245,productcatalogservice-65bbf699df-d9cxl,4m,43Mi
18:36:41,245,adservice-574bff445c-4w7zh,4m,248Mi
18:36:41,245,emailservice-66944ff59-62x8j,4m,56Mi
18:36:41,245,emailservice-66944ff59-xh284,4m,56Mi
18:36:41,245,frontend-7bd6f45654-jwp2b,3m,21Mi
18:36:41,245,recommendationservice-7444754ff5-w769g,3m,51Mi
18:36:41,245,adservice-574bff445c-2zzqg,3m,176Mi
18:36:41,245,currencyservice-7c8fc8fc9c-s92sq,3m,81Mi
18:36:41,245,redis-cart-c8ff86559-gpcc7,3m,36Mi
18:36:41,245,emailservice-66944ff59-zvg4w,3m,57Mi
18:36:41,245,paymentservice-9bfb7bf5-9mdwz,2m,124Mi
18:36:41,245,paymentservice-9bfb7bf5-x4kz9,2m,70Mi
18:36:41,245,productcatalogservice-65bbf699df-8ztwv,2m,20Mi
18:36:41,245,cartservice-db96d6fcc-x6v6f,2m,109Mi
18:36:41,245,paymentservice-9bfb7bf5-w2dt7,2m,72Mi
18:36:41,245,productcatalogservice-65bbf699df-2hv25,1m,21Mi
18:36:41,245,checkoutservice-5b6d96c9b7-lwnbx,1m,16Mi
18:36:41,245,checkoutservice-5b6d96c9b7-fwtng,1m,37Mi
18:36:41,245,checkoutservice-5b6d96c9b7-tvvwl,1m,16Mi
18:36:41,245,shippingservice-f956b6d9f-g5j6b,1m,16Mi
18:36:41,245,shippingservice-f956b6d9f-m2h7g,1m,16Mi
18:36:41,245,shippingservice-f956b6d9f-ml5cg,1m,31Mi
18:36:51,246,recommendationservice-7444754ff5-kk4vc,8m,80Mi
18:36:51,246,currencyservice-7c8fc8fc9c-6tsnv,7m,105Mi
18:36:51,246,recommendationservice-7444754ff5-w69fs,6m,54Mi
18:36:51,246,loadgenerator-57fc5754d-vdlgn,6m,65Mi
18:36:51,246,adservice-574bff445c-4w7zh,5m,248Mi
18:36:51,246,frontend-7bd6f45654-dnhzb,5m,42Mi
18:36:51,246,cartservice-db96d6fcc-tsdhc,5m,146Mi
18:36:51,246,currencyservice-7c8fc8fc9c-rtbz4,5m,122Mi
18:36:51,246,frontend-7bd6f45654-xmsf8,5m,22Mi
18:36:51,246,cartservice-db96d6fcc-6kndn,4m,134Mi
18:36:51,246,productcatalogservice-65bbf699df-d9cxl,4m,43Mi
18:36:51,246,adservice-574bff445c-2zzqg,4m,176Mi
18:36:51,246,emailservice-66944ff59-zvg4w,4m,56Mi
18:36:51,246,frontend-7bd6f45654-jwp2b,3m,21Mi
18:36:51,246,emailservice-66944ff59-xh284,3m,56Mi
18:36:51,246,emailservice-66944ff59-62x8j,3m,56Mi
18:36:51,246,redis-cart-c8ff86559-gpcc7,3m,36Mi
18:36:51,246,recommendationservice-7444754ff5-w769g,3m,51Mi
18:36:51,246,adservice-574bff445c-k5l76,3m,275Mi
18:36:51,246,productcatalogservice-65bbf699df-8ztwv,3m,20Mi
18:36:51,246,productcatalogservice-65bbf699df-2hv25,2m,21Mi
18:36:51,246,paymentservice-9bfb7bf5-9mdwz,2m,124Mi
18:36:51,246,cartservice-db96d6fcc-x6v6f,2m,109Mi
18:36:51,246,currencyservice-7c8fc8fc9c-s92sq,2m,81Mi
18:36:51,246,paymentservice-9bfb7bf5-x4kz9,1m,70Mi
18:36:51,246,paymentservice-9bfb7bf5-w2dt7,1m,72Mi
18:36:51,246,checkoutservice-5b6d96c9b7-fwtng,1m,37Mi
18:36:51,246,checkoutservice-5b6d96c9b7-lwnbx,1m,16Mi
18:36:51,246,checkoutservice-5b6d96c9b7-tvvwl,1m,16Mi
18:36:51,246,shippingservice-f956b6d9f-g5j6b,1m,16Mi
18:36:51,246,shippingservice-f956b6d9f-m2h7g,1m,16Mi
18:36:51,246,shippingservice-f956b6d9f-ml5cg,1m,31Mi
18:37:01,247,adservice-574bff445c-4w7zh,9m,254Mi
18:37:01,247,frontend-7bd6f45654-dnhzb,8m,42Mi
18:37:01,247,recommendationservice-7444754ff5-kk4vc,8m,80Mi
18:37:01,247,currencyservice-7c8fc8fc9c-6tsnv,7m,105Mi
18:37:01,247,recommendationservice-7444754ff5-w69fs,6m,54Mi
18:37:01,247,cartservice-db96d6fcc-tsdhc,6m,146Mi
18:37:01,247,currencyservice-7c8fc8fc9c-rtbz4,6m,122Mi
18:37:01,247,loadgenerator-57fc5754d-vdlgn,6m,65Mi
18:37:01,247,frontend-7bd6f45654-xmsf8,5m,22Mi
18:37:01,247,cartservice-db96d6fcc-6kndn,4m,134Mi
18:37:01,247,productcatalogservice-65bbf699df-d9cxl,4m,43Mi
18:37:01,247,emailservice-66944ff59-zvg4w,4m,56Mi
18:37:01,247,emailservice-66944ff59-62x8j,4m,56Mi
18:37:01,247,emailservice-66944ff59-xh284,4m,56Mi
18:37:01,247,frontend-7bd6f45654-jwp2b,3m,22Mi
18:37:01,247,adservice-574bff445c-k5l76,3m,275Mi
18:37:01,247,adservice-574bff445c-2zzqg,3m,176Mi
18:37:01,247,redis-cart-c8ff86559-gpcc7,3m,36Mi
18:37:01,247,recommendationservice-7444754ff5-w769g,3m,51Mi
18:37:01,247,paymentservice-9bfb7bf5-9mdwz,2m,124Mi
18:37:01,247,paymentservice-9bfb7bf5-x4kz9,2m,70Mi
18:37:01,247,productcatalogservice-65bbf699df-8ztwv,2m,20Mi
18:37:01,247,checkoutservice-5b6d96c9b7-fwtng,2m,37Mi
18:37:01,247,cartservice-db96d6fcc-x6v6f,2m,109Mi
18:37:01,247,currencyservice-7c8fc8fc9c-s92sq,2m,81Mi
18:37:01,247,paymentservice-9bfb7bf5-w2dt7,1m,72Mi
18:37:01,247,productcatalogservice-65bbf699df-2hv25,1m,21Mi
18:37:01,247,checkoutservice-5b6d96c9b7-lwnbx,1m,16Mi
18:37:01,247,checkoutservice-5b6d96c9b7-tvvwl,1m,16Mi
18:37:01,247,shippingservice-f956b6d9f-g5j6b,1m,16Mi
18:37:01,247,shippingservice-f956b6d9f-m2h7g,1m,16Mi
18:37:01,247,shippingservice-f956b6d9f-ml5cg,1m,31Mi
18:37:12,248,adservice-574bff445c-4w7zh,9m,254Mi
18:37:12,248,frontend-7bd6f45654-dnhzb,8m,42Mi
18:37:12,248,recommendationservice-7444754ff5-kk4vc,8m,80Mi
18:37:12,248,currencyservice-7c8fc8fc9c-6tsnv,7m,105Mi
18:37:12,248,recommendationservice-7444754ff5-w69fs,6m,54Mi
18:37:12,248,cartservice-db96d6fcc-tsdhc,6m,146Mi
18:37:12,248,currencyservice-7c8fc8fc9c-rtbz4,6m,122Mi
18:37:12,248,loadgenerator-57fc5754d-vdlgn,6m,65Mi
18:37:12,248,frontend-7bd6f45654-xmsf8,5m,22Mi
18:37:12,248,cartservice-db96d6fcc-6kndn,4m,134Mi
18:37:12,248,productcatalogservice-65bbf699df-d9cxl,4m,43Mi
18:37:12,248,emailservice-66944ff59-zvg4w,4m,56Mi
18:37:12,248,emailservice-66944ff59-62x8j,4m,56Mi
18:37:12,248,emailservice-66944ff59-xh284,4m,56Mi
18:37:12,248,frontend-7bd6f45654-jwp2b,3m,22Mi
18:37:12,248,adservice-574bff445c-k5l76,3m,275Mi
18:37:12,248,adservice-574bff445c-2zzqg,3m,176Mi
18:37:12,248,redis-cart-c8ff86559-gpcc7,3m,36Mi
18:37:12,248,recommendationservice-7444754ff5-w769g,3m,51Mi
18:37:12,248,paymentservice-9bfb7bf5-9mdwz,2m,124Mi
18:37:12,248,paymentservice-9bfb7bf5-x4kz9,2m,70Mi
18:37:12,248,productcatalogservice-65bbf699df-8ztwv,2m,20Mi
18:37:12,248,checkoutservice-5b6d96c9b7-fwtng,2m,37Mi
18:37:12,248,cartservice-db96d6fcc-x6v6f,2m,109Mi
18:37:12,248,currencyservice-7c8fc8fc9c-s92sq,2m,81Mi
18:37:12,248,paymentservice-9bfb7bf5-w2dt7,1m,72Mi
18:37:12,248,productcatalogservice-65bbf699df-2hv25,1m,21Mi
18:37:12,248,checkoutservice-5b6d96c9b7-lwnbx,1m,16Mi
18:37:12,248,checkoutservice-5b6d96c9b7-tvvwl,1m,16Mi
18:37:12,248,shippingservice-f956b6d9f-g5j6b,1m,16Mi
18:37:12,248,shippingservice-f956b6d9f-m2h7g,1m,16Mi
18:37:12,248,shippingservice-f956b6d9f-ml5cg,1m,31Mi
18:37:22,249,recommendationservice-7444754ff5-kk4vc,9m,80Mi
18:37:22,249,loadgenerator-57fc5754d-vdlgn,8m,65Mi
18:37:22,249,cartservice-db96d6fcc-6kndn,7m,136Mi
18:37:22,249,currencyservice-7c8fc8fc9c-6tsnv,7m,105Mi
18:37:22,249,currencyservice-7c8fc8fc9c-rtbz4,7m,122Mi
18:37:22,249,frontend-7bd6f45654-dnhzb,7m,42Mi
18:37:22,249,cartservice-db96d6fcc-tsdhc,6m,146Mi
18:37:22,249,recommendationservice-7444754ff5-w69fs,6m,54Mi
18:37:22,249,frontend-7bd6f45654-xmsf8,6m,22Mi
18:37:22,249,productcatalogservice-65bbf699df-d9cxl,5m,43Mi
18:37:22,249,emailservice-66944ff59-zvg4w,4m,56Mi
18:37:22,249,adservice-574bff445c-k5l76,4m,275Mi
18:37:22,249,adservice-574bff445c-4w7zh,4m,248Mi
18:37:22,249,frontend-7bd6f45654-jwp2b,3m,22Mi
18:37:22,249,emailservice-66944ff59-62x8j,3m,56Mi
18:37:22,249,adservice-574bff445c-2zzqg,3m,176Mi
18:37:22,249,emailservice-66944ff59-xh284,3m,56Mi
18:37:22,249,redis-cart-c8ff86559-gpcc7,3m,36Mi
18:37:22,249,recommendationservice-7444754ff5-w769g,3m,51Mi
18:37:22,249,productcatalogservice-65bbf699df-8ztwv,3m,20Mi
18:37:22,249,checkoutservice-5b6d96c9b7-fwtng,2m,37Mi
18:37:22,249,currencyservice-7c8fc8fc9c-s92sq,2m,81Mi
18:37:22,249,paymentservice-9bfb7bf5-9mdwz,2m,124Mi
18:37:22,249,cartservice-db96d6fcc-x6v6f,2m,109Mi
18:37:22,249,checkoutservice-5b6d96c9b7-tvvwl,1m,16Mi
18:37:22,249,checkoutservice-5b6d96c9b7-lwnbx,1m,16Mi
18:37:22,249,productcatalogservice-65bbf699df-2hv25,1m,21Mi
18:37:22,249,paymentservice-9bfb7bf5-x4kz9,1m,70Mi
18:37:22,249,paymentservice-9bfb7bf5-w2dt7,1m,72Mi
18:37:22,249,shippingservice-f956b6d9f-g5j6b,1m,16Mi
18:37:22,249,shippingservice-f956b6d9f-m2h7g,1m,16Mi
18:37:22,249,shippingservice-f956b6d9f-ml5cg,1m,31Mi
18:37:32,250,currencyservice-7c8fc8fc9c-6tsnv,10m,105Mi
18:37:32,250,recommendationservice-7444754ff5-kk4vc,10m,80Mi
18:37:32,250,loadgenerator-57fc5754d-vdlgn,9m,65Mi
18:37:32,250,cartservice-db96d6fcc-tsdhc,9m,146Mi
18:37:32,250,recommendationservice-7444754ff5-w69fs,7m,54Mi
18:37:32,250,frontend-7bd6f45654-dnhzb,7m,42Mi
18:37:32,250,currencyservice-7c8fc8fc9c-rtbz4,7m,122Mi
18:37:32,250,productcatalogservice-65bbf699df-d9cxl,5m,43Mi
18:37:32,250,emailservice-66944ff59-62x8j,5m,56Mi
18:37:32,250,adservice-574bff445c-4w7zh,5m,248Mi
18:37:32,250,frontend-7bd6f45654-xmsf8,5m,22Mi
18:37:32,250,frontend-7bd6f45654-jwp2b,5m,22Mi
18:37:32,250,emailservice-66944ff59-zvg4w,4m,56Mi
18:37:32,250,cartservice-db96d6fcc-6kndn,4m,136Mi
18:37:32,250,adservice-574bff445c-k5l76,4m,275Mi
18:37:32,250,emailservice-66944ff59-xh284,4m,56Mi
18:37:32,250,paymentservice-9bfb7bf5-x4kz9,3m,70Mi
18:37:32,250,adservice-574bff445c-2zzqg,3m,176Mi
18:37:32,250,shippingservice-f956b6d9f-g5j6b,3m,16Mi
18:37:32,250,redis-cart-c8ff86559-gpcc7,3m,36Mi
18:37:32,250,recommendationservice-7444754ff5-w769g,3m,51Mi
18:37:32,250,cartservice-db96d6fcc-x6v6f,3m,109Mi
18:37:32,250,productcatalogservice-65bbf699df-8ztwv,2m,20Mi
18:37:32,250,checkoutservice-5b6d96c9b7-fwtng,2m,37Mi
18:37:32,250,paymentservice-9bfb7bf5-w2dt7,2m,72Mi
18:37:32,250,paymentservice-9bfb7bf5-9mdwz,2m,124Mi
18:37:32,250,currencyservice-7c8fc8fc9c-s92sq,2m,81Mi
18:37:32,250,productcatalogservice-65bbf699df-2hv25,1m,21Mi
18:37:32,250,checkoutservice-5b6d96c9b7-tvvwl,1m,16Mi
18:37:32,250,checkoutservice-5b6d96c9b7-lwnbx,1m,16Mi
18:37:32,250,shippingservice-f956b6d9f-m2h7g,1m,16Mi
18:37:32,250,shippingservice-f956b6d9f-ml5cg,1m,31Mi
18:37:42,251,currencyservice-7c8fc8fc9c-6tsnv,10m,105Mi
18:37:42,251,recommendationservice-7444754ff5-kk4vc,10m,80Mi
18:37:42,251,loadgenerator-57fc5754d-vdlgn,9m,65Mi
18:37:42,251,cartservice-db96d6fcc-tsdhc,9m,146Mi
18:37:42,251,recommendationservice-7444754ff5-w69fs,7m,54Mi
18:37:42,251,frontend-7bd6f45654-dnhzb,7m,42Mi
18:37:42,251,currencyservice-7c8fc8fc9c-rtbz4,7m,122Mi
18:37:42,251,productcatalogservice-65bbf699df-d9cxl,5m,43Mi
18:37:42,251,emailservice-66944ff59-62x8j,5m,56Mi
18:37:42,251,adservice-574bff445c-4w7zh,5m,248Mi
18:37:42,251,frontend-7bd6f45654-xmsf8,5m,22Mi
18:37:42,251,frontend-7bd6f45654-jwp2b,5m,22Mi
18:37:42,251,emailservice-66944ff59-zvg4w,4m,56Mi
18:37:42,251,cartservice-db96d6fcc-6kndn,4m,136Mi
18:37:42,251,adservice-574bff445c-k5l76,4m,275Mi
18:37:42,251,emailservice-66944ff59-xh284,4m,56Mi
18:37:42,251,paymentservice-9bfb7bf5-x4kz9,3m,70Mi
18:37:42,251,adservice-574bff445c-2zzqg,3m,176Mi
18:37:42,251,shippingservice-f956b6d9f-g5j6b,3m,16Mi
18:37:42,251,redis-cart-c8ff86559-gpcc7,3m,36Mi
18:37:42,251,recommendationservice-7444754ff5-w769g,3m,51Mi
18:37:42,251,cartservice-db96d6fcc-x6v6f,3m,109Mi
18:37:42,251,productcatalogservice-65bbf699df-8ztwv,2m,20Mi
18:37:42,251,checkoutservice-5b6d96c9b7-fwtng,2m,37Mi
18:37:42,251,paymentservice-9bfb7bf5-w2dt7,2m,72Mi
18:37:42,251,paymentservice-9bfb7bf5-9mdwz,2m,124Mi
18:37:42,251,currencyservice-7c8fc8fc9c-s92sq,2m,81Mi
18:37:42,251,productcatalogservice-65bbf699df-2hv25,1m,21Mi
18:37:42,251,checkoutservice-5b6d96c9b7-tvvwl,1m,16Mi
18:37:42,251,checkoutservice-5b6d96c9b7-lwnbx,1m,16Mi
18:37:42,251,shippingservice-f956b6d9f-m2h7g,1m,16Mi
18:37:42,251,shippingservice-f956b6d9f-ml5cg,1m,31Mi
18:37:52,252,recommendationservice-7444754ff5-kk4vc,9m,80Mi
18:37:52,252,frontend-7bd6f45654-dnhzb,7m,42Mi
18:37:52,252,currencyservice-7c8fc8fc9c-rtbz4,7m,122Mi
18:37:52,252,loadgenerator-57fc5754d-vdlgn,7m,65Mi
18:37:52,252,currencyservice-7c8fc8fc9c-6tsnv,6m,105Mi
18:37:52,252,recommendationservice-7444754ff5-w69fs,6m,54Mi
18:37:52,252,cartservice-db96d6fcc-tsdhc,6m,146Mi
18:37:52,252,adservice-574bff445c-4w7zh,6m,248Mi
18:37:52,252,productcatalogservice-65bbf699df-d9cxl,5m,43Mi
18:37:52,252,cartservice-db96d6fcc-6kndn,4m,136Mi
18:37:52,252,emailservice-66944ff59-zvg4w,4m,56Mi
18:37:52,252,recommendationservice-7444754ff5-w769g,4m,51Mi
18:37:52,252,frontend-7bd6f45654-xmsf8,4m,22Mi
18:37:52,252,adservice-574bff445c-2zzqg,4m,176Mi
18:37:52,252,frontend-7bd6f45654-jwp2b,3m,22Mi
18:37:52,252,emailservice-66944ff59-xh284,3m,56Mi
18:37:52,252,emailservice-66944ff59-62x8j,3m,56Mi
18:37:52,252,redis-cart-c8ff86559-gpcc7,3m,36Mi
18:37:52,252,adservice-574bff445c-k5l76,3m,275Mi
18:37:52,252,productcatalogservice-65bbf699df-8ztwv,2m,20Mi
18:37:52,252,paymentservice-9bfb7bf5-w2dt7,2m,72Mi
18:37:52,252,checkoutservice-5b6d96c9b7-fwtng,2m,37Mi
18:37:52,252,cartservice-db96d6fcc-x6v6f,2m,109Mi
18:37:52,252,currencyservice-7c8fc8fc9c-s92sq,2m,81Mi
18:37:52,252,paymentservice-9bfb7bf5-x4kz9,1m,70Mi
18:37:52,252,productcatalogservice-65bbf699df-2hv25,1m,21Mi
18:37:52,252,paymentservice-9bfb7bf5-9mdwz,1m,124Mi
18:37:52,252,checkoutservice-5b6d96c9b7-lwnbx,1m,16Mi
18:37:52,252,checkoutservice-5b6d96c9b7-tvvwl,1m,16Mi
18:37:52,252,shippingservice-f956b6d9f-g5j6b,1m,16Mi
18:37:52,252,shippingservice-f956b6d9f-m2h7g,1m,16Mi
18:37:52,252,shippingservice-f956b6d9f-ml5cg,1m,31Mi
18:38:02,253,recommendationservice-7444754ff5-kk4vc,9m,80Mi
18:38:02,253,loadgenerator-57fc5754d-vdlgn,7m,65Mi
18:38:02,253,frontend-7bd6f45654-dnhzb,7m,42Mi
18:38:02,253,currencyservice-7c8fc8fc9c-rtbz4,7m,122Mi
18:38:02,253,currencyservice-7c8fc8fc9c-6tsnv,6m,105Mi
18:38:02,253,recommendationservice-7444754ff5-w69fs,6m,54Mi
18:38:02,253,adservice-574bff445c-4w7zh,5m,248Mi
18:38:02,253,cartservice-db96d6fcc-tsdhc,5m,146Mi
18:38:02,253,productcatalogservice-65bbf699df-d9cxl,5m,43Mi
18:38:02,253,frontend-7bd6f45654-jwp2b,4m,22Mi
18:38:02,253,frontend-7bd6f45654-xmsf8,4m,22Mi
18:38:02,253,cartservice-db96d6fcc-6kndn,4m,135Mi
18:38:02,253,emailservice-66944ff59-62x8j,4m,56Mi
18:38:02,253,emailservice-66944ff59-xh284,4m,56Mi
18:38:02,253,emailservice-66944ff59-zvg4w,4m,56Mi
18:38:02,253,adservice-574bff445c-2zzqg,3m,176Mi
18:38:02,253,redis-cart-c8ff86559-gpcc7,3m,36Mi
18:38:02,253,recommendationservice-7444754ff5-w769g,3m,51Mi
18:38:02,253,adservice-574bff445c-k5l76,3m,275Mi
18:38:02,253,currencyservice-7c8fc8fc9c-s92sq,3m,81Mi
18:38:02,253,cartservice-db96d6fcc-x6v6f,2m,109Mi
18:38:02,253,paymentservice-9bfb7bf5-9mdwz,2m,124Mi
18:38:02,253,paymentservice-9bfb7bf5-x4kz9,2m,70Mi
18:38:02,253,productcatalogservice-65bbf699df-8ztwv,2m,20Mi
18:38:02,253,checkoutservice-5b6d96c9b7-lwnbx,1m,16Mi
18:38:02,253,productcatalogservice-65bbf699df-2hv25,1m,21Mi
18:38:02,253,paymentservice-9bfb7bf5-w2dt7,1m,72Mi
18:38:02,253,checkoutservice-5b6d96c9b7-fwtng,1m,37Mi
18:38:02,253,checkoutservice-5b6d96c9b7-tvvwl,1m,16Mi
18:38:02,253,shippingservice-f956b6d9f-g5j6b,1m,16Mi
18:38:02,253,shippingservice-f956b6d9f-m2h7g,1m,16Mi
18:38:02,253,shippingservice-f956b6d9f-ml5cg,1m,31Mi
18:38:12,254,recommendationservice-7444754ff5-kk4vc,9m,80Mi
18:38:12,254,loadgenerator-57fc5754d-vdlgn,7m,65Mi
18:38:12,254,frontend-7bd6f45654-dnhzb,7m,42Mi
18:38:12,254,currencyservice-7c8fc8fc9c-rtbz4,7m,122Mi
18:38:12,254,currencyservice-7c8fc8fc9c-6tsnv,6m,105Mi
18:38:12,254,recommendationservice-7444754ff5-w69fs,6m,54Mi
18:38:12,254,adservice-574bff445c-4w7zh,5m,248Mi
18:38:12,254,cartservice-db96d6fcc-tsdhc,5m,146Mi
18:38:12,254,productcatalogservice-65bbf699df-d9cxl,5m,43Mi
18:38:12,254,frontend-7bd6f45654-jwp2b,4m,22Mi
18:38:12,254,frontend-7bd6f45654-xmsf8,4m,22Mi
18:38:12,254,cartservice-db96d6fcc-6kndn,4m,135Mi
18:38:12,254,emailservice-66944ff59-62x8j,4m,56Mi
18:38:12,254,emailservice-66944ff59-xh284,4m,56Mi
18:38:12,254,emailservice-66944ff59-zvg4w,4m,56Mi
18:38:12,254,adservice-574bff445c-2zzqg,3m,176Mi
18:38:12,254,redis-cart-c8ff86559-gpcc7,3m,36Mi
18:38:12,254,recommendationservice-7444754ff5-w769g,3m,51Mi
18:38:12,254,adservice-574bff445c-k5l76,3m,275Mi
18:38:12,254,currencyservice-7c8fc8fc9c-s92sq,3m,81Mi
18:38:12,254,cartservice-db96d6fcc-x6v6f,2m,109Mi
18:38:12,254,paymentservice-9bfb7bf5-9mdwz,2m,124Mi
18:38:12,254,paymentservice-9bfb7bf5-x4kz9,2m,70Mi
18:38:12,254,productcatalogservice-65bbf699df-8ztwv,2m,20Mi
18:38:12,254,checkoutservice-5b6d96c9b7-lwnbx,1m,16Mi
18:38:12,254,productcatalogservice-65bbf699df-2hv25,1m,21Mi
18:38:12,254,paymentservice-9bfb7bf5-w2dt7,1m,72Mi
18:38:12,254,checkoutservice-5b6d96c9b7-fwtng,1m,37Mi
18:38:12,254,checkoutservice-5b6d96c9b7-tvvwl,1m,16Mi
18:38:12,254,shippingservice-f956b6d9f-g5j6b,1m,16Mi
18:38:12,254,shippingservice-f956b6d9f-m2h7g,1m,16Mi
18:38:12,254,shippingservice-f956b6d9f-ml5cg,1m,31Mi
18:38:23,255,recommendationservice-7444754ff5-kk4vc,9m,80Mi
18:38:23,255,loadgenerator-57fc5754d-vdlgn,7m,65Mi
18:38:23,255,currencyservice-7c8fc8fc9c-6tsnv,6m,105Mi
18:38:23,255,recommendationservice-7444754ff5-w69fs,6m,54Mi
18:38:23,255,adservice-574bff445c-4w7zh,6m,248Mi
18:38:23,255,frontend-7bd6f45654-dnhzb,6m,42Mi
18:38:23,255,currencyservice-7c8fc8fc9c-rtbz4,6m,122Mi
18:38:23,255,cartservice-db96d6fcc-6kndn,5m,135Mi
18:38:23,255,cartservice-db96d6fcc-tsdhc,5m,146Mi
18:38:23,255,productcatalogservice-65bbf699df-d9cxl,5m,43Mi
18:38:23,255,recommendationservice-7444754ff5-w769g,4m,51Mi
18:38:23,255,adservice-574bff445c-2zzqg,4m,176Mi
18:38:23,255,emailservice-66944ff59-62x8j,4m,56Mi
18:38:23,255,emailservice-66944ff59-xh284,4m,56Mi
18:38:23,255,emailservice-66944ff59-zvg4w,4m,56Mi
18:38:23,255,frontend-7bd6f45654-jwp2b,3m,22Mi
18:38:23,255,adservice-574bff445c-k5l76,3m,275Mi
18:38:23,255,frontend-7bd6f45654-xmsf8,3m,22Mi
18:38:23,255,redis-cart-c8ff86559-gpcc7,3m,36Mi
18:38:23,255,paymentservice-9bfb7bf5-w2dt7,2m,72Mi
18:38:23,255,currencyservice-7c8fc8fc9c-s92sq,2m,81Mi
18:38:23,255,productcatalogservice-65bbf699df-2hv25,2m,21Mi
18:38:23,255,productcatalogservice-65bbf699df-8ztwv,2m,20Mi
18:38:23,255,cartservice-db96d6fcc-x6v6f,2m,109Mi
18:38:23,255,paymentservice-9bfb7bf5-9mdwz,2m,125Mi
18:38:23,255,paymentservice-9bfb7bf5-x4kz9,1m,70Mi
18:38:23,255,checkoutservice-5b6d96c9b7-lwnbx,1m,16Mi
18:38:23,255,checkoutservice-5b6d96c9b7-fwtng,1m,37Mi
18:38:23,255,checkoutservice-5b6d96c9b7-tvvwl,1m,16Mi
18:38:23,255,shippingservice-f956b6d9f-g5j6b,1m,16Mi
18:38:23,255,shippingservice-f956b6d9f-m2h7g,1m,16Mi
18:38:23,255,shippingservice-f956b6d9f-ml5cg,1m,31Mi
18:38:33,256,adservice-574bff445c-4w7zh,8m,249Mi
18:38:33,256,adservice-574bff445c-2zzqg,8m,177Mi
18:38:33,256,recommendationservice-7444754ff5-kk4vc,8m,80Mi
18:38:33,256,recommendationservice-7444754ff5-w69fs,7m,54Mi
18:38:33,256,loadgenerator-57fc5754d-vdlgn,7m,65Mi
18:38:33,256,frontend-7bd6f45654-dnhzb,7m,42Mi
18:38:33,256,currencyservice-7c8fc8fc9c-rtbz4,7m,122Mi
18:38:33,256,cartservice-db96d6fcc-tsdhc,6m,146Mi
18:38:33,256,currencyservice-7c8fc8fc9c-6tsnv,6m,105Mi
18:38:33,256,frontend-7bd6f45654-xmsf8,5m,22Mi
18:38:33,256,emailservice-66944ff59-62x8j,4m,56Mi
18:38:33,256,emailservice-66944ff59-xh284,4m,56Mi
18:38:33,256,emailservice-66944ff59-zvg4w,4m,56Mi
18:38:33,256,productcatalogservice-65bbf699df-d9cxl,4m,43Mi
18:38:33,256,cartservice-db96d6fcc-6kndn,4m,135Mi
18:38:33,256,recommendationservice-7444754ff5-w769g,3m,51Mi
18:38:33,256,redis-cart-c8ff86559-gpcc7,3m,36Mi
18:38:33,256,currencyservice-7c8fc8fc9c-s92sq,3m,81Mi
18:38:33,256,adservice-574bff445c-k5l76,3m,275Mi
18:38:33,256,frontend-7bd6f45654-jwp2b,2m,22Mi
18:38:33,256,paymentservice-9bfb7bf5-w2dt7,2m,72Mi
18:38:33,256,paymentservice-9bfb7bf5-x4kz9,2m,70Mi
18:38:33,256,productcatalogservice-65bbf699df-8ztwv,2m,20Mi
18:38:33,256,paymentservice-9bfb7bf5-9mdwz,2m,124Mi
18:38:33,256,cartservice-db96d6fcc-x6v6f,2m,109Mi
18:38:33,256,productcatalogservice-65bbf699df-2hv25,1m,21Mi
18:38:33,256,checkoutservice-5b6d96c9b7-tvvwl,1m,16Mi
18:38:33,256,checkoutservice-5b6d96c9b7-lwnbx,1m,16Mi
18:38:33,256,checkoutservice-5b6d96c9b7-fwtng,1m,37Mi
18:38:33,256,shippingservice-f956b6d9f-g5j6b,1m,16Mi
18:38:33,256,shippingservice-f956b6d9f-m2h7g,1m,16Mi
18:38:33,256,shippingservice-f956b6d9f-ml5cg,1m,31Mi
18:38:43,257,adservice-574bff445c-4w7zh,8m,249Mi
18:38:43,257,adservice-574bff445c-2zzqg,8m,177Mi
18:38:43,257,recommendationservice-7444754ff5-kk4vc,8m,80Mi
18:38:43,257,recommendationservice-7444754ff5-w69fs,7m,54Mi
18:38:43,257,loadgenerator-57fc5754d-vdlgn,7m,65Mi
18:38:43,257,frontend-7bd6f45654-dnhzb,7m,42Mi
18:38:43,257,currencyservice-7c8fc8fc9c-rtbz4,7m,122Mi
18:38:43,257,cartservice-db96d6fcc-tsdhc,6m,146Mi
18:38:43,257,currencyservice-7c8fc8fc9c-6tsnv,6m,105Mi
18:38:43,257,frontend-7bd6f45654-xmsf8,5m,22Mi
18:38:43,257,emailservice-66944ff59-62x8j,4m,56Mi
18:38:43,257,emailservice-66944ff59-xh284,4m,56Mi
18:38:43,257,emailservice-66944ff59-zvg4w,4m,56Mi
18:38:43,257,productcatalogservice-65bbf699df-d9cxl,4m,43Mi
18:38:43,257,cartservice-db96d6fcc-6kndn,4m,135Mi
18:38:43,257,recommendationservice-7444754ff5-w769g,3m,51Mi
18:38:43,257,redis-cart-c8ff86559-gpcc7,3m,36Mi
18:38:43,257,currencyservice-7c8fc8fc9c-s92sq,3m,81Mi
18:38:43,257,adservice-574bff445c-k5l76,3m,275Mi
18:38:43,257,frontend-7bd6f45654-jwp2b,2m,22Mi
18:38:43,257,paymentservice-9bfb7bf5-w2dt7,2m,72Mi
18:38:43,257,paymentservice-9bfb7bf5-x4kz9,2m,70Mi
18:38:43,257,productcatalogservice-65bbf699df-8ztwv,2m,20Mi
18:38:43,257,paymentservice-9bfb7bf5-9mdwz,2m,124Mi
18:38:43,257,cartservice-db96d6fcc-x6v6f,2m,109Mi
18:38:43,257,productcatalogservice-65bbf699df-2hv25,1m,21Mi
18:38:43,257,checkoutservice-5b6d96c9b7-tvvwl,1m,16Mi
18:38:43,257,checkoutservice-5b6d96c9b7-lwnbx,1m,16Mi
18:38:43,257,checkoutservice-5b6d96c9b7-fwtng,1m,37Mi
18:38:43,257,shippingservice-f956b6d9f-g5j6b,1m,16Mi
18:38:43,257,shippingservice-f956b6d9f-m2h7g,1m,16Mi
18:38:43,257,shippingservice-f956b6d9f-ml5cg,1m,31Mi
18:38:53,258,adservice-574bff445c-4w7zh,12m,252Mi
18:38:53,258,recommendationservice-7444754ff5-kk4vc,8m,80Mi
18:38:53,258,adservice-574bff445c-2zzqg,8m,180Mi
18:38:53,258,currencyservice-7c8fc8fc9c-6tsnv,6m,106Mi
18:38:53,258,recommendationservice-7444754ff5-w69fs,6m,54Mi
18:38:53,258,loadgenerator-57fc5754d-vdlgn,6m,65Mi
18:38:53,258,frontend-7bd6f45654-dnhzb,6m,42Mi
18:38:53,258,cartservice-db96d6fcc-tsdhc,5m,146Mi
18:38:53,258,cartservice-db96d6fcc-6kndn,5m,135Mi
18:38:53,258,currencyservice-7c8fc8fc9c-rtbz4,5m,122Mi
18:38:53,258,productcatalogservice-65bbf699df-d9cxl,4m,43Mi
18:38:53,258,emailservice-66944ff59-zvg4w,4m,56Mi
18:38:53,258,frontend-7bd6f45654-xmsf8,4m,22Mi
18:38:53,258,adservice-574bff445c-k5l76,4m,275Mi
18:38:53,258,frontend-7bd6f45654-jwp2b,3m,22Mi
18:38:53,258,emailservice-66944ff59-xh284,3m,56Mi
18:38:53,258,emailservice-66944ff59-62x8j,3m,56Mi
18:38:53,258,redis-cart-c8ff86559-gpcc7,3m,36Mi
18:38:53,258,recommendationservice-7444754ff5-w769g,3m,51Mi
18:38:53,258,productcatalogservice-65bbf699df-8ztwv,2m,20Mi
18:38:53,258,paymentservice-9bfb7bf5-w2dt7,2m,72Mi
18:38:53,258,cartservice-db96d6fcc-x6v6f,2m,109Mi
18:38:53,258,checkoutservice-5b6d96c9b7-tvvwl,2m,16Mi
18:38:53,258,currencyservice-7c8fc8fc9c-s92sq,2m,81Mi
18:38:53,258,paymentservice-9bfb7bf5-x4kz9,1m,70Mi
18:38:53,258,productcatalogservice-65bbf699df-2hv25,1m,21Mi
18:38:53,258,paymentservice-9bfb7bf5-9mdwz,1m,124Mi
18:38:53,258,checkoutservice-5b6d96c9b7-lwnbx,1m,16Mi
18:38:53,258,checkoutservice-5b6d96c9b7-fwtng,1m,37Mi
18:38:53,258,shippingservice-f956b6d9f-g5j6b,1m,16Mi
18:38:53,258,shippingservice-f956b6d9f-m2h7g,1m,16Mi
18:38:53,258,shippingservice-f956b6d9f-ml5cg,1m,31Mi
18:39:03,259,recommendationservice-7444754ff5-kk4vc,9m,80Mi
18:39:03,259,currencyservice-7c8fc8fc9c-6tsnv,7m,106Mi
18:39:03,259,loadgenerator-57fc5754d-vdlgn,7m,65Mi
18:39:03,259,recommendationservice-7444754ff5-w69fs,6m,54Mi
18:39:03,259,cartservice-db96d6fcc-tsdhc,6m,146Mi
18:39:03,259,frontend-7bd6f45654-dnhzb,6m,42Mi
18:39:03,259,currencyservice-7c8fc8fc9c-rtbz4,6m,122Mi
18:39:03,259,adservice-574bff445c-4w7zh,5m,251Mi
18:39:03,259,productcatalogservice-65bbf699df-d9cxl,5m,43Mi
18:39:03,259,frontend-7bd6f45654-jwp2b,4m,22Mi
18:39:03,259,emailservice-66944ff59-62x8j,4m,56Mi
18:39:03,259,emailservice-66944ff59-xh284,4m,56Mi
18:39:03,259,emailservice-66944ff59-zvg4w,4m,56Mi
18:39:03,259,adservice-574bff445c-2zzqg,4m,180Mi
18:39:03,259,frontend-7bd6f45654-xmsf8,4m,22Mi
18:39:03,259,recommendationservice-7444754ff5-w769g,4m,51Mi
18:39:03,259,cartservice-db96d6fcc-6kndn,4m,135Mi
18:39:03,259,productcatalogservice-65bbf699df-8ztwv,3m,20Mi
18:39:03,259,shippingservice-f956b6d9f-ml5cg,3m,31Mi
18:39:03,259,redis-cart-c8ff86559-gpcc7,3m,36Mi
18:39:03,259,adservice-574bff445c-k5l76,3m,275Mi
18:39:03,259,paymentservice-9bfb7bf5-w2dt7,2m,72Mi
18:39:03,259,paymentservice-9bfb7bf5-x4kz9,2m,70Mi
18:39:03,259,cartservice-db96d6fcc-x6v6f,2m,109Mi
18:39:03,259,paymentservice-9bfb7bf5-9mdwz,2m,124Mi
18:39:03,259,checkoutservice-5b6d96c9b7-fwtng,2m,37Mi
18:39:03,259,currencyservice-7c8fc8fc9c-s92sq,2m,81Mi
18:39:03,259,productcatalogservice-65bbf699df-2hv25,1m,21Mi
18:39:03,259,checkoutservice-5b6d96c9b7-tvvwl,1m,16Mi
18:39:03,259,checkoutservice-5b6d96c9b7-lwnbx,1m,16Mi
18:39:03,259,shippingservice-f956b6d9f-g5j6b,1m,16Mi
18:39:03,259,shippingservice-f956b6d9f-m2h7g,1m,16Mi
18:39:13,260,recommendationservice-7444754ff5-kk4vc,9m,80Mi
18:39:13,260,currencyservice-7c8fc8fc9c-6tsnv,7m,106Mi
18:39:13,260,loadgenerator-57fc5754d-vdlgn,7m,65Mi
18:39:13,260,recommendationservice-7444754ff5-w69fs,6m,54Mi
18:39:13,260,cartservice-db96d6fcc-tsdhc,6m,146Mi
18:39:13,260,frontend-7bd6f45654-dnhzb,6m,42Mi
18:39:13,260,currencyservice-7c8fc8fc9c-rtbz4,6m,122Mi
18:39:13,260,adservice-574bff445c-4w7zh,5m,251Mi
18:39:13,260,productcatalogservice-65bbf699df-d9cxl,5m,43Mi
18:39:13,260,frontend-7bd6f45654-jwp2b,4m,22Mi
18:39:13,260,emailservice-66944ff59-62x8j,4m,56Mi
18:39:13,260,emailservice-66944ff59-xh284,4m,56Mi
18:39:13,260,emailservice-66944ff59-zvg4w,4m,56Mi
18:39:13,260,adservice-574bff445c-2zzqg,4m,180Mi
18:39:13,260,frontend-7bd6f45654-xmsf8,4m,22Mi
18:39:13,260,recommendationservice-7444754ff5-w769g,4m,51Mi
18:39:13,260,cartservice-db96d6fcc-6kndn,4m,135Mi
18:39:13,260,productcatalogservice-65bbf699df-8ztwv,3m,20Mi
18:39:13,260,shippingservice-f956b6d9f-ml5cg,3m,31Mi
18:39:13,260,redis-cart-c8ff86559-gpcc7,3m,36Mi
18:39:13,260,adservice-574bff445c-k5l76,3m,275Mi
18:39:13,260,paymentservice-9bfb7bf5-w2dt7,2m,72Mi
18:39:13,260,paymentservice-9bfb7bf5-x4kz9,2m,70Mi
18:39:13,260,cartservice-db96d6fcc-x6v6f,2m,109Mi
18:39:13,260,paymentservice-9bfb7bf5-9mdwz,2m,124Mi
18:39:13,260,checkoutservice-5b6d96c9b7-fwtng,2m,37Mi
18:39:13,260,currencyservice-7c8fc8fc9c-s92sq,2m,81Mi
18:39:13,260,productcatalogservice-65bbf699df-2hv25,1m,21Mi
18:39:13,260,checkoutservice-5b6d96c9b7-tvvwl,1m,16Mi
18:39:13,260,checkoutservice-5b6d96c9b7-lwnbx,1m,16Mi
18:39:13,260,shippingservice-f956b6d9f-g5j6b,1m,16Mi
18:39:13,260,shippingservice-f956b6d9f-m2h7g,1m,16Mi
18:39:24,261,recommendationservice-7444754ff5-kk4vc,9m,80Mi
18:39:24,261,currencyservice-7c8fc8fc9c-6tsnv,8m,106Mi
18:39:24,261,loadgenerator-57fc5754d-vdlgn,7m,65Mi
18:39:24,261,frontend-7bd6f45654-dnhzb,6m,42Mi
18:39:24,261,cartservice-db96d6fcc-tsdhc,6m,146Mi
18:39:24,261,currencyservice-7c8fc8fc9c-rtbz4,5m,122Mi
18:39:24,261,productcatalogservice-65bbf699df-d9cxl,4m,43Mi
18:39:24,261,cartservice-db96d6fcc-6kndn,4m,134Mi
18:39:24,261,recommendationservice-7444754ff5-w69fs,4m,54Mi
18:39:24,261,frontend-7bd6f45654-xmsf8,4m,22Mi
18:39:24,261,cartservice-db96d6fcc-x6v6f,4m,110Mi
18:39:24,261,frontend-7bd6f45654-jwp2b,4m,22Mi
18:39:24,261,emailservice-66944ff59-62x8j,4m,56Mi
18:39:24,261,emailservice-66944ff59-xh284,4m,56Mi
18:39:24,261,adservice-574bff445c-4w7zh,3m,251Mi
18:39:24,261,emailservice-66944ff59-zvg4w,3m,56Mi
18:39:24,261,redis-cart-c8ff86559-gpcc7,3m,36Mi
18:39:24,261,recommendationservice-7444754ff5-w769g,3m,51Mi
18:39:24,261,paymentservice-9bfb7bf5-9mdwz,2m,125Mi
18:39:24,261,adservice-574bff445c-2zzqg,2m,180Mi
18:39:24,261,shippingservice-f956b6d9f-m2h7g,2m,16Mi
18:39:24,261,currencyservice-7c8fc8fc9c-s92sq,2m,81Mi
18:39:24,261,adservice-574bff445c-k5l76,2m,275Mi
18:39:24,261,productcatalogservice-65bbf699df-2hv25,1m,21Mi
18:39:24,261,productcatalogservice-65bbf699df-8ztwv,1m,20Mi
18:39:24,261,checkoutservice-5b6d96c9b7-lwnbx,1m,16Mi
18:39:24,261,checkoutservice-5b6d96c9b7-tvvwl,1m,16Mi
18:39:24,261,checkoutservice-5b6d96c9b7-fwtng,1m,37Mi
18:39:24,261,paymentservice-9bfb7bf5-x4kz9,1m,70Mi
18:39:24,261,shippingservice-f956b6d9f-g5j6b,1m,16Mi
18:39:24,261,paymentservice-9bfb7bf5-w2dt7,1m,72Mi
18:39:24,261,shippingservice-f956b6d9f-ml5cg,1m,31Mi
18:39:34,262,recommendationservice-7444754ff5-kk4vc,10m,80Mi
18:39:34,262,loadgenerator-57fc5754d-vdlgn,8m,65Mi
18:39:34,262,frontend-7bd6f45654-dnhzb,8m,42Mi
18:39:34,262,currencyservice-7c8fc8fc9c-rtbz4,8m,122Mi
18:39:34,262,recommendationservice-7444754ff5-w69fs,7m,54Mi
18:39:34,262,currencyservice-7c8fc8fc9c-6tsnv,6m,106Mi
18:39:34,262,adservice-574bff445c-4w7zh,6m,251Mi
18:39:34,262,cartservice-db96d6fcc-tsdhc,6m,146Mi
18:39:34,262,productcatalogservice-65bbf699df-d9cxl,5m,43Mi
18:39:34,262,frontend-7bd6f45654-jwp2b,4m,22Mi
18:39:34,262,adservice-574bff445c-k5l76,4m,275Mi
18:39:34,262,emailservice-66944ff59-62x8j,4m,56Mi
18:39:34,262,emailservice-66944ff59-xh284,4m,56Mi
18:39:34,262,emailservice-66944ff59-zvg4w,4m,56Mi
18:39:34,262,recommendationservice-7444754ff5-w769g,4m,51Mi
18:39:34,262,cartservice-db96d6fcc-x6v6f,4m,111Mi
18:39:34,262,frontend-7bd6f45654-xmsf8,4m,22Mi
18:39:34,262,cartservice-db96d6fcc-6kndn,4m,135Mi
18:39:34,262,redis-cart-c8ff86559-gpcc7,3m,36Mi
18:39:34,262,adservice-574bff445c-2zzqg,2m,180Mi
18:39:34,262,paymentservice-9bfb7bf5-9mdwz,2m,125Mi
18:39:34,262,checkoutservice-5b6d96c9b7-fwtng,2m,37Mi
18:39:34,262,productcatalogservice-65bbf699df-8ztwv,2m,20Mi
18:39:34,262,checkoutservice-5b6d96c9b7-lwnbx,1m,16Mi
18:39:34,262,productcatalogservice-65bbf699df-2hv25,1m,21Mi
18:39:34,262,paymentservice-9bfb7bf5-x4kz9,1m,70Mi
18:39:34,262,paymentservice-9bfb7bf5-w2dt7,1m,72Mi
18:39:34,262,checkoutservice-5b6d96c9b7-tvvwl,1m,16Mi
18:39:34,262,currencyservice-7c8fc8fc9c-s92sq,1m,81Mi
18:39:34,262,shippingservice-f956b6d9f-g5j6b,1m,16Mi
18:39:34,262,shippingservice-f956b6d9f-m2h7g,1m,16Mi
18:39:34,262,shippingservice-f956b6d9f-ml5cg,1m,31Mi
18:39:44,263,recommendationservice-7444754ff5-kk4vc,10m,80Mi
18:39:44,263,loadgenerator-57fc5754d-vdlgn,8m,65Mi
18:39:44,263,frontend-7bd6f45654-dnhzb,8m,42Mi
18:39:44,263,currencyservice-7c8fc8fc9c-rtbz4,8m,122Mi
18:39:44,263,recommendationservice-7444754ff5-w69fs,7m,54Mi
18:39:44,263,currencyservice-7c8fc8fc9c-6tsnv,6m,106Mi
18:39:44,263,adservice-574bff445c-4w7zh,6m,251Mi
18:39:44,263,cartservice-db96d6fcc-tsdhc,6m,146Mi
18:39:44,263,productcatalogservice-65bbf699df-d9cxl,5m,43Mi
18:39:44,263,frontend-7bd6f45654-jwp2b,4m,22Mi
18:39:44,263,adservice-574bff445c-k5l76,4m,275Mi
18:39:44,263,emailservice-66944ff59-62x8j,4m,56Mi
18:39:44,263,emailservice-66944ff59-xh284,4m,56Mi
18:39:44,263,emailservice-66944ff59-zvg4w,4m,56Mi
18:39:44,263,recommendationservice-7444754ff5-w769g,4m,51Mi
18:39:44,263,cartservice-db96d6fcc-x6v6f,4m,111Mi
18:39:44,263,frontend-7bd6f45654-xmsf8,4m,22Mi
18:39:44,263,cartservice-db96d6fcc-6kndn,4m,135Mi
18:39:44,263,redis-cart-c8ff86559-gpcc7,3m,36Mi
18:39:44,263,adservice-574bff445c-2zzqg,2m,180Mi
18:39:44,263,paymentservice-9bfb7bf5-9mdwz,2m,125Mi
18:39:44,263,checkoutservice-5b6d96c9b7-fwtng,2m,37Mi
18:39:44,263,productcatalogservice-65bbf699df-8ztwv,2m,20Mi
18:39:44,263,checkoutservice-5b6d96c9b7-lwnbx,1m,16Mi
18:39:44,263,productcatalogservice-65bbf699df-2hv25,1m,21Mi
18:39:44,263,paymentservice-9bfb7bf5-x4kz9,1m,70Mi
18:39:44,263,paymentservice-9bfb7bf5-w2dt7,1m,72Mi
18:39:44,263,checkoutservice-5b6d96c9b7-tvvwl,1m,16Mi
18:39:44,263,currencyservice-7c8fc8fc9c-s92sq,1m,81Mi
18:39:44,263,shippingservice-f956b6d9f-g5j6b,1m,16Mi
18:39:44,263,shippingservice-f956b6d9f-m2h7g,1m,16Mi
18:39:44,263,shippingservice-f956b6d9f-ml5cg,1m,31Mi
18:39:54,264,recommendationservice-7444754ff5-w69fs,6m,54Mi
18:39:54,264,adservice-574bff445c-4w7zh,6m,251Mi
18:39:54,264,loadgenerator-57fc5754d-vdlgn,6m,65Mi
18:39:54,264,adservice-574bff445c-2zzqg,6m,180Mi
18:39:54,264,recommendationservice-7444754ff5-kk4vc,6m,80Mi
18:39:54,264,currencyservice-7c8fc8fc9c-6tsnv,6m,106Mi
18:39:54,264,frontend-7bd6f45654-dnhzb,5m,42Mi
18:39:54,264,cartservice-db96d6fcc-6kndn,5m,135Mi
18:39:54,264,frontend-7bd6f45654-xmsf8,5m,22Mi
18:39:54,264,currencyservice-7c8fc8fc9c-rtbz4,5m,122Mi
18:39:54,264,cartservice-db96d6fcc-x6v6f,4m,111Mi
18:39:54,264,cartservice-db96d6fcc-tsdhc,4m,146Mi
18:39:54,264,emailservice-66944ff59-zvg4w,4m,56Mi
18:39:54,264,recommendationservice-7444754ff5-w769g,4m,51Mi
18:39:54,264,productcatalogservice-65bbf699df-d9cxl,4m,43Mi
18:39:54,264,emailservice-66944ff59-62x8j,3m,56Mi
18:39:54,264,emailservice-66944ff59-xh284,3m,56Mi
18:39:54,264,paymentservice-9bfb7bf5-w2dt7,3m,72Mi
18:39:54,264,redis-cart-c8ff86559-gpcc7,3m,36Mi
18:39:54,264,adservice-574bff445c-k5l76,3m,275Mi
18:39:54,264,frontend-7bd6f45654-jwp2b,2m,22Mi
18:39:54,264,paymentservice-9bfb7bf5-x4kz9,2m,70Mi
18:39:54,264,productcatalogservice-65bbf699df-8ztwv,2m,20Mi
18:39:54,264,paymentservice-9bfb7bf5-9mdwz,2m,125Mi
18:39:54,264,currencyservice-7c8fc8fc9c-s92sq,2m,81Mi
18:39:54,264,checkoutservice-5b6d96c9b7-fwtng,2m,37Mi
18:39:54,264,productcatalogservice-65bbf699df-2hv25,1m,21Mi
18:39:54,264,checkoutservice-5b6d96c9b7-tvvwl,1m,16Mi
18:39:54,264,checkoutservice-5b6d96c9b7-lwnbx,1m,16Mi
18:39:54,264,shippingservice-f956b6d9f-g5j6b,1m,16Mi
18:39:54,264,shippingservice-f956b6d9f-m2h7g,1m,16Mi
18:39:54,264,shippingservice-f956b6d9f-ml5cg,1m,31Mi
18:40:04,265,recommendationservice-7444754ff5-kk4vc,8m,80Mi
18:40:04,265,loadgenerator-57fc5754d-vdlgn,8m,65Mi
18:40:04,265,recommendationservice-7444754ff5-w69fs,7m,54Mi
18:40:04,265,currencyservice-7c8fc8fc9c-6tsnv,7m,106Mi
18:40:04,265,currencyservice-7c8fc8fc9c-rtbz4,6m,122Mi
18:40:04,265,adservice-574bff445c-4w7zh,6m,251Mi
18:40:04,265,cartservice-db96d6fcc-tsdhc,6m,146Mi
18:40:04,265,frontend-7bd6f45654-dnhzb,6m,42Mi
18:40:04,265,cartservice-db96d6fcc-6kndn,5m,135Mi
18:40:04,265,frontend-7bd6f45654-xmsf8,5m,22Mi
18:40:04,265,productcatalogservice-65bbf699df-d9cxl,4m,43Mi
18:40:04,265,adservice-574bff445c-k5l76,4m,275Mi
18:40:04,265,emailservice-66944ff59-62x8j,4m,56Mi
18:40:04,265,recommendationservice-7444754ff5-w769g,4m,51Mi
18:40:04,265,emailservice-66944ff59-zvg4w,4m,56Mi
18:40:04,265,adservice-574bff445c-2zzqg,4m,180Mi
18:40:04,265,frontend-7bd6f45654-jwp2b,4m,22Mi
18:40:04,265,paymentservice-9bfb7bf5-x4kz9,3m,70Mi
18:40:04,265,redis-cart-c8ff86559-gpcc7,3m,36Mi
18:40:04,265,emailservice-66944ff59-xh284,3m,56Mi
18:40:04,265,cartservice-db96d6fcc-x6v6f,3m,110Mi
18:40:04,265,productcatalogservice-65bbf699df-8ztwv,2m,20Mi
18:40:04,265,productcatalogservice-65bbf699df-2hv25,2m,21Mi
18:40:04,265,paymentservice-9bfb7bf5-w2dt7,2m,72Mi
18:40:04,265,currencyservice-7c8fc8fc9c-s92sq,2m,81Mi
18:40:04,265,paymentservice-9bfb7bf5-9mdwz,2m,125Mi
18:40:04,265,shippingservice-f956b6d9f-m2h7g,2m,16Mi
18:40:04,265,checkoutservice-5b6d96c9b7-lwnbx,1m,16Mi
18:40:04,265,checkoutservice-5b6d96c9b7-tvvwl,1m,16Mi
18:40:04,265,checkoutservice-5b6d96c9b7-fwtng,1m,37Mi
18:40:04,265,shippingservice-f956b6d9f-g5j6b,1m,16Mi
18:40:04,265,shippingservice-f956b6d9f-ml5cg,1m,31Mi
18:40:14,266,recommendationservice-7444754ff5-kk4vc,8m,80Mi
18:40:14,266,loadgenerator-57fc5754d-vdlgn,8m,65Mi
18:40:14,266,recommendationservice-7444754ff5-w69fs,7m,54Mi
18:40:14,266,currencyservice-7c8fc8fc9c-6tsnv,7m,106Mi
18:40:14,266,currencyservice-7c8fc8fc9c-rtbz4,6m,122Mi
18:40:14,266,adservice-574bff445c-4w7zh,6m,251Mi
18:40:14,266,cartservice-db96d6fcc-tsdhc,6m,146Mi
18:40:14,266,frontend-7bd6f45654-dnhzb,6m,42Mi
18:40:14,266,cartservice-db96d6fcc-6kndn,5m,135Mi
18:40:14,266,frontend-7bd6f45654-xmsf8,5m,22Mi
18:40:14,266,productcatalogservice-65bbf699df-d9cxl,4m,43Mi
18:40:14,266,adservice-574bff445c-k5l76,4m,275Mi
18:40:14,266,emailservice-66944ff59-62x8j,4m,56Mi
18:40:14,266,recommendationservice-7444754ff5-w769g,4m,51Mi
18:40:14,266,emailservice-66944ff59-zvg4w,4m,56Mi
18:40:14,266,adservice-574bff445c-2zzqg,4m,180Mi
18:40:14,266,frontend-7bd6f45654-jwp2b,4m,22Mi
18:40:14,266,paymentservice-9bfb7bf5-x4kz9,3m,70Mi
18:40:14,266,redis-cart-c8ff86559-gpcc7,3m,36Mi
18:40:14,266,emailservice-66944ff59-xh284,3m,56Mi
18:40:14,266,cartservice-db96d6fcc-x6v6f,3m,110Mi
18:40:14,266,productcatalogservice-65bbf699df-8ztwv,2m,20Mi
18:40:14,266,productcatalogservice-65bbf699df-2hv25,2m,21Mi
18:40:14,266,paymentservice-9bfb7bf5-w2dt7,2m,72Mi
18:40:14,266,currencyservice-7c8fc8fc9c-s92sq,2m,81Mi
18:40:14,266,paymentservice-9bfb7bf5-9mdwz,2m,125Mi
18:40:14,266,shippingservice-f956b6d9f-m2h7g,2m,16Mi
18:40:14,266,checkoutservice-5b6d96c9b7-lwnbx,1m,16Mi
18:40:14,266,checkoutservice-5b6d96c9b7-tvvwl,1m,16Mi
18:40:14,266,checkoutservice-5b6d96c9b7-fwtng,1m,37Mi
18:40:14,266,shippingservice-f956b6d9f-g5j6b,1m,16Mi
18:40:14,266,shippingservice-f956b6d9f-ml5cg,1m,31Mi
18:40:24,267,recommendationservice-7444754ff5-kk4vc,9m,80Mi
18:40:24,267,frontend-7bd6f45654-dnhzb,9m,42Mi
18:40:24,267,loadgenerator-57fc5754d-vdlgn,8m,65Mi
18:40:24,267,currencyservice-7c8fc8fc9c-rtbz4,8m,122Mi
18:40:24,267,currencyservice-7c8fc8fc9c-6tsnv,7m,106Mi
18:40:24,267,cartservice-db96d6fcc-tsdhc,7m,146Mi
18:40:24,267,productcatalogservice-65bbf699df-d9cxl,7m,43Mi
18:40:24,267,adservice-574bff445c-4w7zh,5m,251Mi
18:40:24,267,recommendationservice-7444754ff5-w69fs,5m,54Mi
18:40:24,267,frontend-7bd6f45654-jwp2b,4m,22Mi
18:40:24,267,emailservice-66944ff59-xh284,4m,56Mi
18:40:24,267,emailservice-66944ff59-zvg4w,4m,56Mi
18:40:24,267,frontend-7bd6f45654-xmsf8,4m,22Mi
18:40:24,267,adservice-574bff445c-k5l76,4m,275Mi
18:40:24,267,cartservice-db96d6fcc-6kndn,3m,135Mi
18:40:24,267,redis-cart-c8ff86559-gpcc7,3m,36Mi
18:40:24,267,emailservice-66944ff59-62x8j,3m,56Mi
18:40:24,267,recommendationservice-7444754ff5-w769g,3m,51Mi
18:40:24,267,adservice-574bff445c-2zzqg,3m,180Mi
18:40:24,267,paymentservice-9bfb7bf5-w2dt7,2m,72Mi
18:40:24,267,productcatalogservice-65bbf699df-8ztwv,2m,20Mi
18:40:24,267,cartservice-db96d6fcc-x6v6f,2m,110Mi
18:40:24,267,paymentservice-9bfb7bf5-9mdwz,2m,125Mi
18:40:24,267,checkoutservice-5b6d96c9b7-fwtng,2m,37Mi
18:40:24,267,currencyservice-7c8fc8fc9c-s92sq,2m,81Mi
18:40:24,267,checkoutservice-5b6d96c9b7-tvvwl,1m,16Mi
18:40:24,267,paymentservice-9bfb7bf5-x4kz9,1m,70Mi
18:40:24,267,productcatalogservice-65bbf699df-2hv25,1m,21Mi
18:40:24,267,checkoutservice-5b6d96c9b7-lwnbx,1m,16Mi
18:40:24,267,shippingservice-f956b6d9f-g5j6b,1m,16Mi
18:40:24,267,shippingservice-f956b6d9f-m2h7g,1m,16Mi
18:40:24,267,shippingservice-f956b6d9f-ml5cg,1m,31Mi
18:40:35,268,currencyservice-7c8fc8fc9c-6tsnv,15m,104Mi
18:40:35,268,recommendationservice-7444754ff5-kk4vc,9m,80Mi
18:40:35,268,currencyservice-7c8fc8fc9c-rtbz4,9m,122Mi
18:40:35,268,loadgenerator-57fc5754d-vdlgn,8m,65Mi
18:40:35,268,cartservice-db96d6fcc-tsdhc,7m,146Mi
18:40:35,268,frontend-7bd6f45654-dnhzb,7m,42Mi
18:40:35,268,recommendationservice-7444754ff5-w69fs,6m,54Mi
18:40:35,268,adservice-574bff445c-4w7zh,5m,251Mi
18:40:35,268,productcatalogservice-65bbf699df-d9cxl,5m,43Mi
18:40:35,268,frontend-7bd6f45654-jwp2b,4m,22Mi
18:40:35,268,emailservice-66944ff59-62x8j,4m,56Mi
18:40:35,268,emailservice-66944ff59-xh284,4m,56Mi
18:40:35,268,emailservice-66944ff59-zvg4w,4m,56Mi
18:40:35,268,recommendationservice-7444754ff5-w769g,4m,51Mi
18:40:35,268,adservice-574bff445c-k5l76,4m,275Mi
18:40:35,268,paymentservice-9bfb7bf5-x4kz9,3m,70Mi
18:40:35,268,redis-cart-c8ff86559-gpcc7,3m,36Mi
18:40:35,268,adservice-574bff445c-2zzqg,3m,180Mi
18:40:35,268,frontend-7bd6f45654-xmsf8,3m,22Mi
18:40:35,268,cartservice-db96d6fcc-6kndn,3m,135Mi
18:40:35,268,paymentservice-9bfb7bf5-w2dt7,2m,72Mi
18:40:35,268,productcatalogservice-65bbf699df-8ztwv,2m,20Mi
18:40:35,268,cartservice-db96d6fcc-x6v6f,2m,110Mi
18:40:35,268,paymentservice-9bfb7bf5-9mdwz,2m,125Mi
18:40:35,268,currencyservice-7c8fc8fc9c-s92sq,2m,81Mi
18:40:35,268,checkoutservice-5b6d96c9b7-tvvwl,1m,16Mi
18:40:35,268,productcatalogservice-65bbf699df-2hv25,1m,21Mi
18:40:35,268,checkoutservice-5b6d96c9b7-fwtng,1m,37Mi
18:40:35,268,checkoutservice-5b6d96c9b7-lwnbx,1m,16Mi
18:40:35,268,shippingservice-f956b6d9f-g5j6b,1m,16Mi
18:40:35,268,shippingservice-f956b6d9f-m2h7g,1m,16Mi
18:40:35,268,shippingservice-f956b6d9f-ml5cg,1m,31Mi
18:40:45,269,currencyservice-7c8fc8fc9c-6tsnv,15m,104Mi
18:40:45,269,recommendationservice-7444754ff5-kk4vc,9m,80Mi
18:40:45,269,currencyservice-7c8fc8fc9c-rtbz4,9m,122Mi
18:40:45,269,loadgenerator-57fc5754d-vdlgn,8m,65Mi
18:40:45,269,cartservice-db96d6fcc-tsdhc,7m,146Mi
18:40:45,269,frontend-7bd6f45654-dnhzb,7m,42Mi
18:40:45,269,recommendationservice-7444754ff5-w69fs,6m,54Mi
18:40:45,269,adservice-574bff445c-4w7zh,5m,251Mi
18:40:45,269,productcatalogservice-65bbf699df-d9cxl,5m,43Mi
18:40:45,269,frontend-7bd6f45654-jwp2b,4m,22Mi
18:40:45,269,emailservice-66944ff59-62x8j,4m,56Mi
18:40:45,269,emailservice-66944ff59-xh284,4m,56Mi
18:40:45,269,emailservice-66944ff59-zvg4w,4m,56Mi
18:40:45,269,recommendationservice-7444754ff5-w769g,4m,51Mi
18:40:45,269,adservice-574bff445c-k5l76,4m,275Mi
18:40:45,269,paymentservice-9bfb7bf5-x4kz9,3m,70Mi
18:40:45,269,redis-cart-c8ff86559-gpcc7,3m,36Mi
18:40:45,269,adservice-574bff445c-2zzqg,3m,180Mi
18:40:45,269,frontend-7bd6f45654-xmsf8,3m,22Mi
18:40:45,269,cartservice-db96d6fcc-6kndn,3m,135Mi
18:40:45,269,paymentservice-9bfb7bf5-w2dt7,2m,72Mi
18:40:45,269,productcatalogservice-65bbf699df-8ztwv,2m,20Mi
18:40:45,269,cartservice-db96d6fcc-x6v6f,2m,110Mi
18:40:45,269,paymentservice-9bfb7bf5-9mdwz,2m,125Mi
18:40:45,269,currencyservice-7c8fc8fc9c-s92sq,2m,81Mi
18:40:45,269,checkoutservice-5b6d96c9b7-tvvwl,1m,16Mi
18:40:45,269,productcatalogservice-65bbf699df-2hv25,1m,21Mi
18:40:45,269,checkoutservice-5b6d96c9b7-fwtng,1m,37Mi
18:40:45,269,checkoutservice-5b6d96c9b7-lwnbx,1m,16Mi
18:40:45,269,shippingservice-f956b6d9f-g5j6b,1m,16Mi
18:40:45,269,shippingservice-f956b6d9f-m2h7g,1m,16Mi
18:40:45,269,shippingservice-f956b6d9f-ml5cg,1m,31Mi
18:40:55,270,recommendationservice-7444754ff5-kk4vc,9m,80Mi
18:40:55,270,currencyservice-7c8fc8fc9c-6tsnv,9m,105Mi
18:40:55,270,recommendationservice-7444754ff5-w69fs,8m,54Mi
18:40:55,270,loadgenerator-57fc5754d-vdlgn,8m,65Mi
18:40:55,270,frontend-7bd6f45654-xmsf8,8m,22Mi
18:40:55,270,cartservice-db96d6fcc-tsdhc,6m,146Mi
18:40:55,270,frontend-7bd6f45654-dnhzb,6m,42Mi
18:40:55,270,currencyservice-7c8fc8fc9c-rtbz4,6m,122Mi
18:40:55,270,currencyservice-7c8fc8fc9c-s92sq,5m,81Mi
18:40:55,270,cartservice-db96d6fcc-6kndn,5m,134Mi
18:40:55,270,productcatalogservice-65bbf699df-d9cxl,5m,43Mi
18:40:55,270,frontend-7bd6f45654-jwp2b,4m,22Mi
18:40:55,270,emailservice-66944ff59-62x8j,4m,56Mi
18:40:55,270,emailservice-66944ff59-xh284,4m,56Mi
18:40:55,270,emailservice-66944ff59-zvg4w,4m,56Mi
18:40:55,270,recommendationservice-7444754ff5-w769g,4m,51Mi
18:40:55,270,adservice-574bff445c-k5l76,4m,275Mi
18:40:55,270,productcatalogservice-65bbf699df-8ztwv,4m,20Mi
18:40:55,270,redis-cart-c8ff86559-gpcc7,3m,36Mi
18:40:55,270,adservice-574bff445c-2zzqg,3m,180Mi
18:40:55,270,adservice-574bff445c-4w7zh,3m,251Mi
18:40:55,270,paymentservice-9bfb7bf5-w2dt7,3m,73Mi
18:40:55,270,productcatalogservice-65bbf699df-2hv25,2m,21Mi
18:40:55,270,paymentservice-9bfb7bf5-x4kz9,2m,70Mi
18:40:55,270,cartservice-db96d6fcc-x6v6f,2m,110Mi
18:40:55,270,shippingservice-f956b6d9f-ml5cg,2m,31Mi
18:40:55,270,paymentservice-9bfb7bf5-9mdwz,1m,125Mi
18:40:55,270,checkoutservice-5b6d96c9b7-fwtng,1m,37Mi
18:40:55,270,checkoutservice-5b6d96c9b7-lwnbx,1m,16Mi
18:40:55,270,checkoutservice-5b6d96c9b7-tvvwl,1m,16Mi
18:40:55,270,shippingservice-f956b6d9f-g5j6b,1m,16Mi
18:40:55,270,shippingservice-f956b6d9f-m2h7g,1m,16Mi
18:41:05,271,currencyservice-7c8fc8fc9c-rtbz4,11m,123Mi
18:41:05,271,frontend-7bd6f45654-dnhzb,10m,42Mi
18:41:05,271,loadgenerator-57fc5754d-vdlgn,9m,65Mi
18:41:05,271,recommendationservice-7444754ff5-w69fs,9m,54Mi
18:41:05,271,recommendationservice-7444754ff5-kk4vc,9m,80Mi
18:41:05,271,currencyservice-7c8fc8fc9c-6tsnv,7m,105Mi
18:41:05,271,cartservice-db96d6fcc-tsdhc,7m,146Mi
18:41:05,271,adservice-574bff445c-4w7zh,6m,250Mi
18:41:05,271,adservice-574bff445c-2zzqg,6m,182Mi
18:41:05,271,currencyservice-7c8fc8fc9c-s92sq,5m,81Mi
18:41:05,271,emailservice-66944ff59-62x8j,5m,56Mi
18:41:05,271,recommendationservice-7444754ff5-w769g,5m,51Mi
18:41:05,271,frontend-7bd6f45654-xmsf8,5m,22Mi
18:41:05,271,paymentservice-9bfb7bf5-x4kz9,5m,70Mi
18:41:05,271,adservice-574bff445c-k5l76,4m,275Mi
18:41:05,271,productcatalogservice-65bbf699df-d9cxl,4m,43Mi
18:41:05,271,emailservice-66944ff59-xh284,4m,56Mi
18:41:05,271,emailservice-66944ff59-zvg4w,4m,57Mi
18:41:05,271,paymentservice-9bfb7bf5-w2dt7,4m,72Mi
18:41:05,271,cartservice-db96d6fcc-6kndn,4m,134Mi
18:41:05,271,frontend-7bd6f45654-jwp2b,3m,22Mi
18:41:05,271,cartservice-db96d6fcc-x6v6f,3m,110Mi
18:41:05,271,redis-cart-c8ff86559-gpcc7,3m,36Mi
18:41:05,271,paymentservice-9bfb7bf5-9mdwz,2m,125Mi
18:41:05,271,productcatalogservice-65bbf699df-8ztwv,2m,20Mi
18:41:05,271,productcatalogservice-65bbf699df-2hv25,1m,21Mi
18:41:05,271,checkoutservice-5b6d96c9b7-tvvwl,1m,16Mi
18:41:05,271,checkoutservice-5b6d96c9b7-lwnbx,1m,16Mi
18:41:05,271,checkoutservice-5b6d96c9b7-fwtng,1m,37Mi
18:41:05,271,shippingservice-f956b6d9f-g5j6b,1m,16Mi
18:41:05,271,shippingservice-f956b6d9f-m2h7g,1m,16Mi
18:41:05,271,shippingservice-f956b6d9f-ml5cg,1m,31Mi
18:41:15,272,recommendationservice-7444754ff5-kk4vc,8m,80Mi
18:41:15,272,loadgenerator-57fc5754d-vdlgn,8m,65Mi
18:41:15,272,recommendationservice-7444754ff5-w69fs,7m,54Mi
18:41:15,272,currencyservice-7c8fc8fc9c-6tsnv,7m,105Mi
18:41:15,272,currencyservice-7c8fc8fc9c-rtbz4,7m,123Mi
18:41:15,272,frontend-7bd6f45654-dnhzb,6m,42Mi
18:41:15,272,cartservice-db96d6fcc-6kndn,5m,134Mi
18:41:15,272,cartservice-db96d6fcc-tsdhc,5m,146Mi
18:41:15,272,productcatalogservice-65bbf699df-d9cxl,5m,43Mi
18:41:15,272,frontend-7bd6f45654-xmsf8,5m,22Mi
18:41:15,272,adservice-574bff445c-2zzqg,5m,182Mi
18:41:15,272,frontend-7bd6f45654-jwp2b,4m,22Mi
18:41:15,272,emailservice-66944ff59-62x8j,4m,56Mi
18:41:15,272,emailservice-66944ff59-xh284,4m,56Mi
18:41:15,272,emailservice-66944ff59-zvg4w,4m,56Mi
18:41:15,272,redis-cart-c8ff86559-gpcc7,3m,36Mi
18:41:15,272,recommendationservice-7444754ff5-w769g,3m,51Mi
18:41:15,272,adservice-574bff445c-4w7zh,3m,250Mi
18:41:15,272,adservice-574bff445c-k5l76,3m,275Mi
18:41:15,272,productcatalogservice-65bbf699df-8ztwv,3m,20Mi
18:41:15,272,paymentservice-9bfb7bf5-w2dt7,3m,73Mi
18:41:15,272,productcatalogservice-65bbf699df-2hv25,2m,21Mi
18:41:15,272,paymentservice-9bfb7bf5-x4kz9,2m,70Mi
18:41:15,272,paymentservice-9bfb7bf5-9mdwz,2m,125Mi
18:41:15,272,cartservice-db96d6fcc-x6v6f,2m,110Mi
18:41:15,272,checkoutservice-5b6d96c9b7-fwtng,2m,37Mi
18:41:15,272,currencyservice-7c8fc8fc9c-s92sq,2m,82Mi
18:41:15,272,shippingservice-f956b6d9f-ml5cg,2m,31Mi
18:41:15,272,checkoutservice-5b6d96c9b7-lwnbx,1m,16Mi
18:41:15,272,checkoutservice-5b6d96c9b7-tvvwl,1m,16Mi
18:41:15,272,shippingservice-f956b6d9f-g5j6b,1m,16Mi
18:41:15,272,shippingservice-f956b6d9f-m2h7g,1m,16Mi
18:41:25,273,recommendationservice-7444754ff5-kk4vc,8m,80Mi
18:41:25,273,loadgenerator-57fc5754d-vdlgn,8m,65Mi
18:41:25,273,recommendationservice-7444754ff5-w69fs,7m,54Mi
18:41:25,273,currencyservice-7c8fc8fc9c-6tsnv,7m,105Mi
18:41:25,273,currencyservice-7c8fc8fc9c-rtbz4,7m,123Mi
18:41:25,273,frontend-7bd6f45654-dnhzb,6m,42Mi
18:41:25,273,cartservice-db96d6fcc-6kndn,5m,134Mi
18:41:25,273,cartservice-db96d6fcc-tsdhc,5m,146Mi
18:41:25,273,productcatalogservice-65bbf699df-d9cxl,5m,43Mi
18:41:25,273,frontend-7bd6f45654-xmsf8,5m,22Mi
18:41:25,273,adservice-574bff445c-2zzqg,5m,182Mi
18:41:25,273,frontend-7bd6f45654-jwp2b,4m,22Mi
18:41:25,273,emailservice-66944ff59-62x8j,4m,56Mi
18:41:25,273,emailservice-66944ff59-xh284,4m,56Mi
18:41:25,273,emailservice-66944ff59-zvg4w,4m,56Mi
18:41:25,273,redis-cart-c8ff86559-gpcc7,3m,36Mi
18:41:25,273,recommendationservice-7444754ff5-w769g,3m,51Mi
18:41:25,273,adservice-574bff445c-4w7zh,3m,250Mi
18:41:25,273,adservice-574bff445c-k5l76,3m,275Mi
18:41:25,273,productcatalogservice-65bbf699df-8ztwv,3m,20Mi
18:41:25,273,paymentservice-9bfb7bf5-w2dt7,3m,73Mi
18:41:25,273,productcatalogservice-65bbf699df-2hv25,2m,21Mi
18:41:25,273,paymentservice-9bfb7bf5-x4kz9,2m,70Mi
18:41:25,273,paymentservice-9bfb7bf5-9mdwz,2m,125Mi
18:41:25,273,cartservice-db96d6fcc-x6v6f,2m,110Mi
18:41:25,273,checkoutservice-5b6d96c9b7-fwtng,2m,37Mi
18:41:25,273,currencyservice-7c8fc8fc9c-s92sq,2m,82Mi
18:41:25,273,shippingservice-f956b6d9f-ml5cg,2m,31Mi
18:41:25,273,checkoutservice-5b6d96c9b7-lwnbx,1m,16Mi
18:41:25,273,checkoutservice-5b6d96c9b7-tvvwl,1m,16Mi
18:41:25,273,shippingservice-f956b6d9f-g5j6b,1m,16Mi
18:41:25,273,shippingservice-f956b6d9f-m2h7g,1m,16Mi
18:41:36,274,loadgenerator-57fc5754d-vdlgn,9m,65Mi
18:41:36,274,currencyservice-7c8fc8fc9c-6tsnv,9m,105Mi
18:41:36,274,recommendationservice-7444754ff5-kk4vc,8m,80Mi
18:41:36,274,currencyservice-7c8fc8fc9c-rtbz4,7m,123Mi
18:41:36,274,recommendationservice-7444754ff5-w69fs,7m,54Mi
18:41:36,274,frontend-7bd6f45654-dnhzb,6m,42Mi
18:41:36,274,adservice-574bff445c-4w7zh,5m,250Mi
18:41:36,274,cartservice-db96d6fcc-tsdhc,5m,146Mi
18:41:36,274,frontend-7bd6f45654-xmsf8,5m,22Mi
18:41:36,274,frontend-7bd6f45654-jwp2b,5m,22Mi
18:41:36,274,productcatalogservice-65bbf699df-d9cxl,4m,43Mi
18:41:36,274,emailservice-66944ff59-62x8j,4m,56Mi
18:41:36,274,emailservice-66944ff59-xh284,4m,56Mi
18:41:36,274,emailservice-66944ff59-zvg4w,4m,56Mi
18:41:36,274,recommendationservice-7444754ff5-w769g,4m,51Mi
18:41:36,274,adservice-574bff445c-k5l76,4m,275Mi
18:41:36,274,cartservice-db96d6fcc-6kndn,4m,134Mi
18:41:36,274,adservice-574bff445c-2zzqg,3m,182Mi
18:41:36,274,redis-cart-c8ff86559-gpcc7,3m,36Mi
18:41:36,274,paymentservice-9bfb7bf5-9mdwz,3m,125Mi
18:41:36,274,paymentservice-9bfb7bf5-x4kz9,2m,70Mi
18:41:36,274,currencyservice-7c8fc8fc9c-s92sq,2m,81Mi
18:41:36,274,productcatalogservice-65bbf699df-8ztwv,2m,20Mi
18:41:36,274,paymentservice-9bfb7bf5-w2dt7,2m,72Mi
18:41:36,274,cartservice-db96d6fcc-x6v6f,2m,110Mi
18:41:36,274,checkoutservice-5b6d96c9b7-fwtng,2m,37Mi
18:41:36,274,productcatalogservice-65bbf699df-2hv25,1m,21Mi
18:41:36,274,checkoutservice-5b6d96c9b7-lwnbx,1m,16Mi
18:41:36,274,checkoutservice-5b6d96c9b7-tvvwl,1m,16Mi
18:41:36,274,shippingservice-f956b6d9f-g5j6b,1m,16Mi
18:41:36,274,shippingservice-f956b6d9f-m2h7g,1m,16Mi
18:41:36,274,shippingservice-f956b6d9f-ml5cg,1m,31Mi
18:41:46,275,recommendationservice-7444754ff5-kk4vc,8m,80Mi
18:41:46,275,loadgenerator-57fc5754d-vdlgn,8m,65Mi
18:41:46,275,frontend-7bd6f45654-dnhzb,7m,42Mi
18:41:46,275,recommendationservice-7444754ff5-w69fs,7m,54Mi
18:41:46,275,currencyservice-7c8fc8fc9c-6tsnv,7m,105Mi
18:41:46,275,currencyservice-7c8fc8fc9c-rtbz4,7m,123Mi
18:41:46,275,paymentservice-9bfb7bf5-x4kz9,6m,70Mi
18:41:46,275,adservice-574bff445c-k5l76,5m,275Mi
18:41:46,275,cartservice-db96d6fcc-6kndn,5m,134Mi
18:41:46,275,cartservice-db96d6fcc-tsdhc,5m,146Mi
18:41:46,275,productcatalogservice-65bbf699df-d9cxl,5m,43Mi
18:41:46,275,frontend-7bd6f45654-xmsf8,5m,22Mi
18:41:46,275,frontend-7bd6f45654-jwp2b,4m,22Mi
18:41:46,275,emailservice-66944ff59-zvg4w,4m,56Mi
18:41:46,275,emailservice-66944ff59-62x8j,4m,56Mi
18:41:46,275,recommendationservice-7444754ff5-w769g,4m,51Mi
18:41:46,275,adservice-574bff445c-4w7zh,4m,250Mi
18:41:46,275,emailservice-66944ff59-xh284,4m,56Mi
18:41:46,275,productcatalogservice-65bbf699df-8ztwv,3m,20Mi
18:41:46,275,adservice-574bff445c-2zzqg,3m,182Mi
18:41:46,275,redis-cart-c8ff86559-gpcc7,3m,36Mi
18:41:46,275,cartservice-db96d6fcc-x6v6f,2m,110Mi
18:41:46,275,productcatalogservice-65bbf699df-2hv25,2m,21Mi
18:41:46,275,checkoutservice-5b6d96c9b7-fwtng,2m,37Mi
18:41:46,275,paymentservice-9bfb7bf5-w2dt7,2m,72Mi
18:41:46,275,paymentservice-9bfb7bf5-9mdwz,2m,125Mi
18:41:46,275,currencyservice-7c8fc8fc9c-s92sq,2m,81Mi
18:41:46,275,shippingservice-f956b6d9f-ml5cg,2m,31Mi
18:41:46,275,checkoutservice-5b6d96c9b7-lwnbx,1m,16Mi
18:41:46,275,checkoutservice-5b6d96c9b7-tvvwl,1m,16Mi
18:41:46,275,shippingservice-f956b6d9f-g5j6b,1m,16Mi
18:41:46,275,shippingservice-f956b6d9f-m2h7g,1m,16Mi
18:41:56,276,recommendationservice-7444754ff5-kk4vc,8m,80Mi
18:41:56,276,loadgenerator-57fc5754d-vdlgn,8m,65Mi
18:41:56,276,frontend-7bd6f45654-dnhzb,7m,42Mi
18:41:56,276,recommendationservice-7444754ff5-w69fs,7m,54Mi
18:41:56,276,currencyservice-7c8fc8fc9c-6tsnv,7m,105Mi
18:41:56,276,currencyservice-7c8fc8fc9c-rtbz4,7m,123Mi
18:41:56,276,paymentservice-9bfb7bf5-x4kz9,6m,70Mi
18:41:56,276,adservice-574bff445c-k5l76,5m,275Mi
18:41:56,276,cartservice-db96d6fcc-6kndn,5m,134Mi
18:41:56,276,cartservice-db96d6fcc-tsdhc,5m,146Mi
18:41:56,276,productcatalogservice-65bbf699df-d9cxl,5m,43Mi
18:41:56,276,frontend-7bd6f45654-xmsf8,5m,22Mi
18:41:56,276,frontend-7bd6f45654-jwp2b,4m,22Mi
18:41:56,276,emailservice-66944ff59-zvg4w,4m,56Mi
18:41:56,276,emailservice-66944ff59-62x8j,4m,56Mi
18:41:56,276,recommendationservice-7444754ff5-w769g,4m,51Mi
18:41:56,276,adservice-574bff445c-4w7zh,4m,250Mi
18:41:56,276,emailservice-66944ff59-xh284,4m,56Mi
18:41:56,276,productcatalogservice-65bbf699df-8ztwv,3m,20Mi
18:41:56,276,adservice-574bff445c-2zzqg,3m,182Mi
18:41:56,276,redis-cart-c8ff86559-gpcc7,3m,36Mi
18:41:56,276,cartservice-db96d6fcc-x6v6f,2m,110Mi
18:41:56,276,productcatalogservice-65bbf699df-2hv25,2m,21Mi
18:41:56,276,checkoutservice-5b6d96c9b7-fwtng,2m,37Mi
18:41:56,276,paymentservice-9bfb7bf5-w2dt7,2m,72Mi
18:41:56,276,paymentservice-9bfb7bf5-9mdwz,2m,125Mi
18:41:56,276,currencyservice-7c8fc8fc9c-s92sq,2m,81Mi
18:41:56,276,shippingservice-f956b6d9f-ml5cg,2m,31Mi
18:41:56,276,checkoutservice-5b6d96c9b7-lwnbx,1m,16Mi
18:41:56,276,checkoutservice-5b6d96c9b7-tvvwl,1m,16Mi
18:41:56,276,shippingservice-f956b6d9f-g5j6b,1m,16Mi
18:41:56,276,shippingservice-f956b6d9f-m2h7g,1m,16Mi
18:42:06,277,frontend-7bd6f45654-dnhzb,9m,42Mi
18:42:06,277,loadgenerator-57fc5754d-vdlgn,8m,65Mi
18:42:06,277,currencyservice-7c8fc8fc9c-rtbz4,8m,123Mi
18:42:06,277,recommendationservice-7444754ff5-w69fs,8m,54Mi
18:42:06,277,recommendationservice-7444754ff5-kk4vc,8m,80Mi
18:42:06,277,currencyservice-7c8fc8fc9c-6tsnv,7m,105Mi
18:42:06,277,cartservice-db96d6fcc-tsdhc,6m,146Mi
18:42:06,277,recommendationservice-7444754ff5-w769g,6m,51Mi
18:42:06,277,emailservice-66944ff59-62x8j,5m,56Mi
18:42:06,277,cartservice-db96d6fcc-6kndn,5m,134Mi
18:42:06,277,frontend-7bd6f45654-xmsf8,5m,22Mi
18:42:06,277,adservice-574bff445c-2zzqg,5m,182Mi
18:42:06,277,productcatalogservice-65bbf699df-d9cxl,4m,43Mi
18:42:06,277,adservice-574bff445c-k5l76,4m,275Mi
18:42:06,277,emailservice-66944ff59-xh284,4m,56Mi
18:42:06,277,emailservice-66944ff59-zvg4w,4m,56Mi
18:42:06,277,adservice-574bff445c-4w7zh,4m,250Mi
18:42:06,277,frontend-7bd6f45654-jwp2b,3m,22Mi
18:42:06,277,cartservice-db96d6fcc-x6v6f,3m,110Mi
18:42:06,277,redis-cart-c8ff86559-gpcc7,3m,36Mi
18:42:06,277,paymentservice-9bfb7bf5-w2dt7,3m,72Mi
18:42:06,277,paymentservice-9bfb7bf5-x4kz9,3m,70Mi
18:42:06,277,currencyservice-7c8fc8fc9c-s92sq,3m,81Mi
18:42:06,277,productcatalogservice-65bbf699df-8ztwv,2m,20Mi
18:42:06,277,paymentservice-9bfb7bf5-9mdwz,2m,125Mi
18:42:06,277,checkoutservice-5b6d96c9b7-tvvwl,1m,16Mi
18:42:06,277,checkoutservice-5b6d96c9b7-lwnbx,1m,16Mi
18:42:06,277,checkoutservice-5b6d96c9b7-fwtng,1m,37Mi
18:42:06,277,productcatalogservice-65bbf699df-2hv25,1m,21Mi
18:42:06,277,shippingservice-f956b6d9f-g5j6b,1m,16Mi
18:42:06,277,shippingservice-f956b6d9f-m2h7g,1m,16Mi
18:42:06,277,shippingservice-f956b6d9f-ml5cg,1m,31Mi
18:42:16,278,recommendationservice-7444754ff5-kk4vc,9m,80Mi
18:42:16,278,currencyservice-7c8fc8fc9c-6tsnv,8m,105Mi
18:42:16,278,loadgenerator-57fc5754d-vdlgn,8m,65Mi
18:42:16,278,frontend-7bd6f45654-dnhzb,7m,42Mi
18:42:16,278,recommendationservice-7444754ff5-w69fs,6m,54Mi
18:42:16,278,adservice-574bff445c-k5l76,6m,275Mi
18:42:16,278,cartservice-db96d6fcc-tsdhc,6m,146Mi
18:42:16,278,currencyservice-7c8fc8fc9c-rtbz4,6m,123Mi
18:42:16,278,productcatalogservice-65bbf699df-d9cxl,5m,43Mi
18:42:16,278,frontend-7bd6f45654-jwp2b,5m,22Mi
18:42:16,278,cartservice-db96d6fcc-6kndn,5m,135Mi
18:42:16,278,recommendationservice-7444754ff5-w769g,4m,51Mi
18:42:16,278,emailservice-66944ff59-62x8j,4m,56Mi
18:42:16,278,emailservice-66944ff59-xh284,4m,56Mi
18:42:16,278,emailservice-66944ff59-zvg4w,4m,56Mi
18:42:16,278,frontend-7bd6f45654-xmsf8,4m,22Mi
18:42:16,278,adservice-574bff445c-2zzqg,3m,182Mi
18:42:16,278,adservice-574bff445c-4w7zh,3m,250Mi
18:42:16,278,redis-cart-c8ff86559-gpcc7,3m,36Mi
18:42:16,278,paymentservice-9bfb7bf5-w2dt7,3m,72Mi
18:42:16,278,paymentservice-9bfb7bf5-9mdwz,2m,125Mi
18:42:16,278,productcatalogservice-65bbf699df-8ztwv,2m,20Mi
18:42:16,278,currencyservice-7c8fc8fc9c-s92sq,2m,81Mi
18:42:16,278,checkoutservice-5b6d96c9b7-fwtng,2m,37Mi
18:42:16,278,cartservice-db96d6fcc-x6v6f,2m,110Mi
18:42:16,278,shippingservice-f956b6d9f-m2h7g,2m,16Mi
18:42:16,278,shippingservice-f956b6d9f-ml5cg,2m,31Mi
18:42:16,278,paymentservice-9bfb7bf5-x4kz9,1m,70Mi
18:42:16,278,productcatalogservice-65bbf699df-2hv25,1m,21Mi
18:42:16,278,checkoutservice-5b6d96c9b7-tvvwl,1m,16Mi
18:42:16,278,checkoutservice-5b6d96c9b7-lwnbx,1m,16Mi
18:42:16,278,shippingservice-f956b6d9f-g5j6b,1m,16Mi
18:42:26,279,recommendationservice-7444754ff5-kk4vc,9m,80Mi
18:42:26,279,currencyservice-7c8fc8fc9c-6tsnv,8m,105Mi
18:42:26,279,loadgenerator-57fc5754d-vdlgn,8m,65Mi
18:42:26,279,frontend-7bd6f45654-dnhzb,7m,42Mi
18:42:26,279,recommendationservice-7444754ff5-w69fs,6m,54Mi
18:42:26,279,adservice-574bff445c-k5l76,6m,275Mi
18:42:26,279,cartservice-db96d6fcc-tsdhc,6m,146Mi
18:42:26,279,currencyservice-7c8fc8fc9c-rtbz4,6m,123Mi
18:42:26,279,productcatalogservice-65bbf699df-d9cxl,5m,43Mi
18:42:26,279,frontend-7bd6f45654-jwp2b,5m,22Mi
18:42:26,279,cartservice-db96d6fcc-6kndn,5m,135Mi
18:42:26,279,recommendationservice-7444754ff5-w769g,4m,51Mi
18:42:26,279,emailservice-66944ff59-62x8j,4m,56Mi
18:42:26,279,emailservice-66944ff59-xh284,4m,56Mi
18:42:26,279,emailservice-66944ff59-zvg4w,4m,56Mi
18:42:26,279,frontend-7bd6f45654-xmsf8,4m,22Mi
18:42:26,279,adservice-574bff445c-2zzqg,3m,182Mi
18:42:26,279,adservice-574bff445c-4w7zh,3m,250Mi
18:42:26,279,redis-cart-c8ff86559-gpcc7,3m,36Mi
18:42:26,279,paymentservice-9bfb7bf5-w2dt7,3m,72Mi
18:42:26,279,paymentservice-9bfb7bf5-9mdwz,2m,125Mi
18:42:26,279,productcatalogservice-65bbf699df-8ztwv,2m,20Mi
18:42:26,279,currencyservice-7c8fc8fc9c-s92sq,2m,81Mi
18:42:26,279,checkoutservice-5b6d96c9b7-fwtng,2m,37Mi
18:42:26,279,cartservice-db96d6fcc-x6v6f,2m,110Mi
18:42:26,279,shippingservice-f956b6d9f-m2h7g,2m,16Mi
18:42:26,279,shippingservice-f956b6d9f-ml5cg,2m,31Mi
18:42:26,279,paymentservice-9bfb7bf5-x4kz9,1m,70Mi
18:42:26,279,productcatalogservice-65bbf699df-2hv25,1m,21Mi
18:42:26,279,checkoutservice-5b6d96c9b7-tvvwl,1m,16Mi
18:42:26,279,checkoutservice-5b6d96c9b7-lwnbx,1m,16Mi
18:42:26,279,shippingservice-f956b6d9f-g5j6b,1m,16Mi
18:42:36,280,recommendationservice-7444754ff5-kk4vc,10m,80Mi
18:42:36,280,recommendationservice-7444754ff5-w69fs,9m,54Mi
18:42:36,280,loadgenerator-57fc5754d-vdlgn,9m,65Mi
18:42:36,280,currencyservice-7c8fc8fc9c-6tsnv,8m,105Mi
18:42:36,280,currencyservice-7c8fc8fc9c-rtbz4,7m,123Mi
18:42:36,280,frontend-7bd6f45654-dnhzb,7m,42Mi
18:42:36,280,frontend-7bd6f45654-xmsf8,7m,22Mi
18:42:36,280,adservice-574bff445c-4w7zh,6m,252Mi
18:42:36,280,emailservice-66944ff59-xh284,6m,56Mi
18:42:36,280,cartservice-db96d6fcc-tsdhc,6m,146Mi
18:42:36,280,emailservice-66944ff59-62x8j,5m,56Mi
18:42:36,280,recommendationservice-7444754ff5-w769g,5m,51Mi
18:42:36,280,cartservice-db96d6fcc-6kndn,5m,135Mi
18:42:36,280,emailservice-66944ff59-zvg4w,5m,57Mi
18:42:36,280,adservice-574bff445c-k5l76,5m,275Mi
18:42:36,280,adservice-574bff445c-2zzqg,5m,182Mi
18:42:36,280,productcatalogservice-65bbf699df-d9cxl,4m,43Mi
18:42:36,280,frontend-7bd6f45654-jwp2b,3m,22Mi
18:42:36,280,productcatalogservice-65bbf699df-8ztwv,3m,20Mi
18:42:36,280,paymentservice-9bfb7bf5-9mdwz,3m,125Mi
18:42:36,280,redis-cart-c8ff86559-gpcc7,3m,36Mi
18:42:36,280,paymentservice-9bfb7bf5-x4kz9,3m,70Mi
18:42:36,280,cartservice-db96d6fcc-x6v6f,2m,110Mi
18:42:36,280,productcatalogservice-65bbf699df-2hv25,2m,21Mi
18:42:36,280,checkoutservice-5b6d96c9b7-fwtng,2m,37Mi
18:42:36,280,currencyservice-7c8fc8fc9c-s92sq,2m,81Mi
18:42:36,280,paymentservice-9bfb7bf5-w2dt7,2m,72Mi
18:42:36,280,shippingservice-f956b6d9f-ml5cg,2m,31Mi
18:42:36,280,checkoutservice-5b6d96c9b7-tvvwl,1m,16Mi
18:42:36,280,checkoutservice-5b6d96c9b7-lwnbx,1m,16Mi
18:42:36,280,shippingservice-f956b6d9f-g5j6b,1m,16Mi
18:42:36,280,shippingservice-f956b6d9f-m2h7g,1m,16Mi
18:42:47,281,recommendationservice-7444754ff5-kk4vc,10m,80Mi
18:42:47,281,recommendationservice-7444754ff5-w69fs,9m,54Mi
18:42:47,281,recommendationservice-7444754ff5-w769g,5m,51Mi
18:42:57,282,cartservice-db96d6fcc-m446d,357m,43Mi
18:42:57,282,adservice-574bff445c-bxv9t,231m,58Mi
18:42:57,282,recommendationservice-7444754ff5-w69fs,14m,54Mi
18:43:08,283,adservice-574bff445c-bxv9t,296m,83Mi
18:43:08,283,recommendationservice-7444754ff5-w69fs,8m,54Mi
18:43:18,284,recommendationservice-7444754ff5-mg2r4,164m,51Mi
18:43:18,284,emailservice-66944ff59-ngs9h,148m,53Mi
18:43:18,284,paymentservice-9bfb7bf5-mfk9z,37m,62Mi
18:43:18,284,currencyservice-7c8fc8fc9c-d7brn,18m,66Mi
18:43:18,284,paymentservice-9bfb7bf5-2dzbv,10m,58Mi
18:43:18,284,recommendationservice-7444754ff5-w69fs,6m,54Mi
