timestamp,load_label,pod,cpu_m,ram_mi
14:55:11,idle,adservice-574bff445c-jlcsd,5,185
14:55:11,idle,adservice-574bff445c-t4fs9,132,139
14:55:11,idle,adservice-574bff445c-zmjkn,134,137
14:55:11,idle,cartservice-7c84fdfb6-2zq5m,79,83
14:55:11,idle,cartservice-7c84fdfb6-9vg9m,75,83
14:55:11,idle,cartservice-7c84fdfb6-tz7d8,22,133
14:55:11,idle,checkoutservice-6f4dbd65bf-6rst2,1,12
14:55:11,idle,checkoutservice-6f4dbd65bf-gjtpl,1,12
14:55:11,idle,checkoutservice-6f4dbd65bf-gzr5s,1,11
14:55:11,idle,currencyservice-7c8fc8fc9c-p8hlf,2,82
14:55:11,idle,currencyservice-7c8fc8fc9c-ss7w5,3,64
14:55:11,idle,currencyservice-7c8fc8fc9c-vksqd,3,63
14:55:11,idle,emailservice-66944ff59-924vd,9,56
14:55:11,idle,emailservice-66944ff59-rspdn,3,56
14:55:11,idle,emailservice-66944ff59-ztv9n,11,56
14:55:11,idle,envoy-grpc-lb-648f879c96-b7d94,5,21
14:55:11,idle,frontend-56d4848657-465mj,1,14
14:55:11,idle,frontend-56d4848657-4s4hv,19,13
14:55:11,idle,frontend-56d4848657-8z4sk,1,11
14:55:11,idle,paymentservice-9bfb7bf5-dmwrc,2,60
14:55:11,idle,paymentservice-9bfb7bf5-mpf2j,3,62
14:55:11,idle,paymentservice-9bfb7bf5-n8v8z,3,93
14:55:11,idle,productcatalogservice-65bbf699df-hlwh8,1,17
14:55:11,idle,productcatalogservice-65bbf699df-lw2bl,1,16
14:55:11,idle,productcatalogservice-65bbf699df-t64z2,1,20
14:55:11,idle,recommendationservice-7444754ff5-nn2jd,3,54
14:55:11,idle,recommendationservice-7d7f9f7777-6s2rv,7,51
14:55:11,idle,recommendationservice-7d7f9f7777-mptll,3,51
14:55:11,idle,recommendationservice-7d7f9f7777-pdnlv,158,51
14:55:11,idle,redis-cart-c8ff86559-zwp6z,2,10
14:55:11,idle,shippingservice-f956b6d9f-bw9bp,1,15
14:55:11,idle,shippingservice-f956b6d9f-g9wg4,1,12
14:55:11,idle,shippingservice-f956b6d9f-hcwkr,1,12
14:55:21,100u,adservice-574bff445c-jlcsd,5,185
14:55:21,100u,adservice-574bff445c-t4fs9,132,139
14:55:21,100u,adservice-574bff445c-zmjkn,134,137
14:55:21,100u,cartservice-7c84fdfb6-2zq5m,79,83
14:55:21,100u,cartservice-7c84fdfb6-9vg9m,75,83
14:55:21,100u,cartservice-7c84fdfb6-tz7d8,22,133
14:55:21,100u,checkoutservice-6f4dbd65bf-6rst2,1,12
14:55:21,100u,checkoutservice-6f4dbd65bf-gjtpl,1,12
14:55:21,100u,checkoutservice-6f4dbd65bf-gzr5s,1,11
14:55:21,100u,currencyservice-7c8fc8fc9c-p8hlf,2,82
14:55:21,100u,currencyservice-7c8fc8fc9c-ss7w5,3,64
14:55:21,100u,currencyservice-7c8fc8fc9c-vksqd,3,63
14:55:21,100u,emailservice-66944ff59-924vd,9,56
14:55:21,100u,emailservice-66944ff59-rspdn,3,56
14:55:21,100u,emailservice-66944ff59-ztv9n,11,56
14:55:21,100u,envoy-grpc-lb-648f879c96-b7d94,5,21
14:55:21,100u,frontend-56d4848657-465mj,1,14
14:55:21,100u,frontend-56d4848657-4s4hv,19,13
14:55:21,100u,frontend-56d4848657-8z4sk,1,11
14:55:21,100u,paymentservice-9bfb7bf5-dmwrc,2,60
14:55:21,100u,paymentservice-9bfb7bf5-mpf2j,3,62
14:55:21,100u,paymentservice-9bfb7bf5-n8v8z,3,93
14:55:21,100u,productcatalogservice-65bbf699df-hlwh8,1,17
14:55:21,100u,productcatalogservice-65bbf699df-lw2bl,1,16
14:55:21,100u,productcatalogservice-65bbf699df-t64z2,1,20
14:55:21,100u,recommendationservice-7d7f9f7777-6s2rv,7,51
14:55:21,100u,recommendationservice-7d7f9f7777-mptll,3,51
14:55:21,100u,recommendationservice-7d7f9f7777-pdnlv,158,51
14:55:21,100u,redis-cart-c8ff86559-zwp6z,2,10
14:55:21,100u,shippingservice-f956b6d9f-bw9bp,1,15
14:55:21,100u,shippingservice-f956b6d9f-g9wg4,1,12
14:55:21,100u,shippingservice-f956b6d9f-hcwkr,1,12
14:55:32,100u,adservice-574bff445c-jlcsd,91,201
14:55:32,100u,adservice-574bff445c-t4fs9,69,149
14:55:32,100u,adservice-574bff445c-zmjkn,75,150
14:55:32,100u,cartservice-7c84fdfb6-2zq5m,127,109
14:55:32,100u,cartservice-7c84fdfb6-9vg9m,126,112
14:55:32,100u,cartservice-7c84fdfb6-tz7d8,39,133
14:55:32,100u,checkoutservice-6f4dbd65bf-6rst2,8,17
14:55:32,100u,checkoutservice-6f4dbd65bf-gjtpl,10,17
14:55:32,100u,checkoutservice-6f4dbd65bf-gzr5s,8,17
14:55:32,100u,currencyservice-7c8fc8fc9c-p8hlf,59,87
14:55:32,100u,currencyservice-7c8fc8fc9c-ss7w5,73,73
14:55:32,100u,currencyservice-7c8fc8fc9c-vksqd,69,72
14:55:32,100u,emailservice-66944ff59-924vd,5,56
14:55:32,100u,emailservice-66944ff59-rspdn,5,56
14:55:32,100u,emailservice-66944ff59-ztv9n,5,56
14:55:32,100u,envoy-grpc-lb-648f879c96-b7d94,115,31
14:55:32,100u,frontend-56d4848657-465mj,59,21
14:55:32,100u,frontend-56d4848657-4s4hv,44,23
14:55:32,100u,frontend-56d4848657-8z4sk,54,21
14:55:32,100u,paymentservice-9bfb7bf5-dmwrc,10,65
14:55:32,100u,paymentservice-9bfb7bf5-mpf2j,9,63
14:55:32,100u,paymentservice-9bfb7bf5-n8v8z,6,93
14:55:32,100u,productcatalogservice-65bbf699df-hlwh8,21,18
14:55:32,100u,productcatalogservice-65bbf699df-lw2bl,21,18
14:55:32,100u,productcatalogservice-65bbf699df-t64z2,23,20
14:55:32,100u,recommendationservice-7d7f9f7777-6s2rv,37,54
14:55:32,100u,recommendationservice-7d7f9f7777-mptll,32,54
14:55:32,100u,recommendationservice-7d7f9f7777-pdnlv,35,54
14:55:32,100u,redis-cart-c8ff86559-zwp6z,7,10
14:55:32,100u,shippingservice-f956b6d9f-bw9bp,3,15
14:55:32,100u,shippingservice-f956b6d9f-g9wg4,4,15
14:55:32,100u,shippingservice-f956b6d9f-hcwkr,5,15
14:55:42,100u,adservice-574bff445c-jlcsd,153,230
14:55:42,100u,adservice-574bff445c-t4fs9,188,183
14:55:42,100u,adservice-574bff445c-zmjkn,183,181
14:55:42,100u,cartservice-7c84fdfb6-2zq5m,199,132
14:55:42,100u,cartservice-7c84fdfb6-9vg9m,191,135
14:55:42,100u,cartservice-7c84fdfb6-tz7d8,77,135
14:55:42,100u,checkoutservice-6f4dbd65bf-6rst2,13,18
14:55:42,100u,checkoutservice-6f4dbd65bf-gjtpl,10,18
14:55:42,100u,checkoutservice-6f4dbd65bf-gzr5s,9,18
14:55:42,100u,currencyservice-7c8fc8fc9c-p8hlf,129,93
14:55:42,100u,currencyservice-7c8fc8fc9c-ss7w5,135,81
14:55:42,100u,currencyservice-7c8fc8fc9c-vksqd,136,80
14:55:42,100u,emailservice-66944ff59-924vd,8,56
14:55:42,100u,emailservice-66944ff59-rspdn,7,56
14:55:42,100u,emailservice-66944ff59-ztv9n,8,56
14:55:42,100u,envoy-grpc-lb-648f879c96-b7d94,325,31
14:55:42,100u,frontend-56d4848657-465mj,124,22
14:55:42,100u,frontend-56d4848657-4s4hv,117,24
14:55:42,100u,frontend-56d4848657-8z4sk,131,22
14:55:42,100u,paymentservice-9bfb7bf5-dmwrc,10,66
14:55:42,100u,paymentservice-9bfb7bf5-mpf2j,11,65
14:55:42,100u,paymentservice-9bfb7bf5-n8v8z,7,93
14:55:42,100u,productcatalogservice-65bbf699df-hlwh8,65,21
14:55:42,100u,productcatalogservice-65bbf699df-lw2bl,63,19
14:55:42,100u,productcatalogservice-65bbf699df-t64z2,67,21
14:55:42,100u,recommendationservice-7d7f9f7777-6s2rv,79,54
14:55:42,100u,recommendationservice-7d7f9f7777-mptll,82,54
14:55:42,100u,recommendationservice-7d7f9f7777-pdnlv,83,54
14:55:42,100u,redis-cart-c8ff86559-zwp6z,10,10
14:55:42,100u,shippingservice-f956b6d9f-bw9bp,8,16
14:55:42,100u,shippingservice-f956b6d9f-g9wg4,7,15
14:55:42,100u,shippingservice-f956b6d9f-hcwkr,7,15
14:55:52,100u,adservice-574bff445c-jlcsd,153,230
14:55:52,100u,adservice-574bff445c-t4fs9,188,183
14:55:52,100u,adservice-574bff445c-zmjkn,183,181
14:55:52,100u,cartservice-7c84fdfb6-2zq5m,199,132
14:55:52,100u,cartservice-7c84fdfb6-9vg9m,191,135
14:55:52,100u,cartservice-7c84fdfb6-tz7d8,77,135
14:55:52,100u,checkoutservice-6f4dbd65bf-6rst2,13,18
14:55:52,100u,checkoutservice-6f4dbd65bf-gjtpl,10,18
14:55:52,100u,checkoutservice-6f4dbd65bf-gzr5s,9,18
14:55:52,100u,currencyservice-7c8fc8fc9c-p8hlf,129,93
14:55:52,100u,currencyservice-7c8fc8fc9c-ss7w5,135,81
14:55:52,100u,currencyservice-7c8fc8fc9c-vksqd,136,80
14:55:52,100u,emailservice-66944ff59-924vd,8,56
14:55:52,100u,emailservice-66944ff59-rspdn,7,56
14:55:52,100u,emailservice-66944ff59-ztv9n,8,56
14:55:52,100u,envoy-grpc-lb-648f879c96-b7d94,325,31
14:55:52,100u,frontend-56d4848657-465mj,124,22
14:55:52,100u,frontend-56d4848657-4s4hv,117,24
14:55:52,100u,frontend-56d4848657-8z4sk,131,22
14:55:52,100u,paymentservice-9bfb7bf5-dmwrc,10,66
14:55:52,100u,paymentservice-9bfb7bf5-mpf2j,11,65
14:55:52,100u,paymentservice-9bfb7bf5-n8v8z,7,93
14:55:52,100u,productcatalogservice-65bbf699df-hlwh8,65,21
14:55:52,100u,productcatalogservice-65bbf699df-lw2bl,63,19
14:55:52,100u,productcatalogservice-65bbf699df-t64z2,67,21
14:55:52,100u,recommendationservice-7d7f9f7777-6s2rv,79,54
14:55:52,100u,recommendationservice-7d7f9f7777-mptll,82,54
14:55:52,100u,recommendationservice-7d7f9f7777-pdnlv,83,54
14:55:52,100u,redis-cart-c8ff86559-zwp6z,10,10
14:55:52,100u,shippingservice-f956b6d9f-bw9bp,8,16
14:55:52,100u,shippingservice-f956b6d9f-g9wg4,7,15
14:55:52,100u,shippingservice-f956b6d9f-hcwkr,7,15
14:56:02,100u,adservice-574bff445c-jlcsd,89,234
14:56:02,100u,adservice-574bff445c-t4fs9,117,202
14:56:02,100u,adservice-574bff445c-zmjkn,129,195
14:56:02,100u,cartservice-7c84fdfb6-2zq5m,182,141
14:56:02,100u,cartservice-7c84fdfb6-9vg9m,180,141
14:56:02,100u,cartservice-7c84fdfb6-tz7d8,52,135
14:56:02,100u,checkoutservice-6f4dbd65bf-6rst2,8,18
14:56:02,100u,checkoutservice-6f4dbd65bf-gjtpl,9,18
14:56:02,100u,checkoutservice-6f4dbd65bf-gzr5s,7,18
14:56:02,100u,currencyservice-7c8fc8fc9c-p8hlf,95,96
14:56:02,100u,currencyservice-7c8fc8fc9c-ss7w5,90,84
14:56:02,100u,currencyservice-7c8fc8fc9c-vksqd,91,82
14:56:02,100u,emailservice-66944ff59-924vd,8,56
14:56:02,100u,emailservice-66944ff59-rspdn,6,56
14:56:02,100u,emailservice-66944ff59-ztv9n,7,56
14:56:02,100u,envoy-grpc-lb-648f879c96-b7d94,257,34
14:56:02,100u,frontend-56d4848657-465mj,92,24
14:56:02,100u,frontend-56d4848657-4s4hv,80,24
14:56:02,100u,frontend-56d4848657-8z4sk,121,22
14:56:02,100u,paymentservice-9bfb7bf5-dmwrc,9,66
14:56:02,100u,paymentservice-9bfb7bf5-mpf2j,7,66
14:56:02,100u,paymentservice-9bfb7bf5-n8v8z,8,94
14:56:02,100u,productcatalogservice-65bbf699df-hlwh8,53,21
14:56:02,100u,productcatalogservice-65bbf699df-lw2bl,50,19
14:56:02,100u,productcatalogservice-65bbf699df-t64z2,51,21
14:56:02,100u,recommendationservice-7d7f9f7777-6s2rv,66,54
14:56:02,100u,recommendationservice-7d7f9f7777-mptll,70,54
14:56:02,100u,recommendationservice-7d7f9f7777-pdnlv,65,54
14:56:02,100u,redis-cart-c8ff86559-zwp6z,8,10
14:56:02,100u,shippingservice-f956b6d9f-bw9bp,6,16
14:56:02,100u,shippingservice-f956b6d9f-g9wg4,6,15
14:56:02,100u,shippingservice-f956b6d9f-hcwkr,5,15
14:56:13,100u,adservice-574bff445c-jlcsd,124,248
14:56:13,100u,adservice-574bff445c-t4fs9,127,209
14:56:13,100u,adservice-574bff445c-zmjkn,127,210
14:56:13,100u,cartservice-7c84fdfb6-2zq5m,105,145
14:56:13,100u,cartservice-7c84fdfb6-9vg9m,82,142
14:56:13,100u,cartservice-7c84fdfb6-tz7d8,74,137
14:56:13,100u,checkoutservice-6f4dbd65bf-6rst2,13,18
14:56:13,100u,checkoutservice-6f4dbd65bf-gjtpl,12,18
14:56:13,100u,checkoutservice-6f4dbd65bf-gzr5s,15,18
14:56:13,100u,currencyservice-7c8fc8fc9c-p8hlf,157,98
14:56:13,100u,currencyservice-7c8fc8fc9c-ss7w5,160,84
14:56:13,100u,currencyservice-7c8fc8fc9c-vksqd,157,83
14:56:13,100u,emailservice-66944ff59-924vd,9,56
14:56:13,100u,emailservice-66944ff59-rspdn,9,56
14:56:13,100u,emailservice-66944ff59-ztv9n,9,56
14:56:13,100u,envoy-grpc-lb-648f879c96-b7d94,434,34
14:56:13,100u,frontend-56d4848657-465mj,135,25
14:56:13,100u,frontend-56d4848657-4s4hv,169,25
14:56:13,100u,frontend-56d4848657-8z4sk,185,23
14:56:13,100u,paymentservice-9bfb7bf5-dmwrc,10,66
14:56:13,100u,paymentservice-9bfb7bf5-mpf2j,7,66
14:56:13,100u,paymentservice-9bfb7bf5-n8v8z,9,96
14:56:13,100u,productcatalogservice-65bbf699df-hlwh8,87,21
14:56:13,100u,productcatalogservice-65bbf699df-lw2bl,89,19
14:56:13,100u,productcatalogservice-65bbf699df-t64z2,92,21
14:56:13,100u,recommendationservice-7d7f9f7777-6s2rv,113,54
14:56:13,100u,recommendationservice-7d7f9f7777-mptll,110,54
14:56:13,100u,recommendationservice-7d7f9f7777-pdnlv,111,54
14:56:13,100u,redis-cart-c8ff86559-zwp6z,13,10
14:56:13,100u,shippingservice-f956b6d9f-bw9bp,11,16
14:56:13,100u,shippingservice-f956b6d9f-g9wg4,10,16
14:56:13,100u,shippingservice-f956b6d9f-hcwkr,10,16
14:56:23,100u,adservice-574bff445c-jlcsd,124,248
14:56:23,100u,adservice-574bff445c-t4fs9,127,209
14:56:23,100u,adservice-574bff445c-zmjkn,127,210
14:56:23,100u,cartservice-7c84fdfb6-2zq5m,105,145
14:56:23,100u,cartservice-7c84fdfb6-9vg9m,82,142
14:56:23,100u,cartservice-7c84fdfb6-tz7d8,74,137
14:56:23,100u,checkoutservice-6f4dbd65bf-6rst2,13,18
14:56:23,100u,checkoutservice-6f4dbd65bf-gjtpl,12,18
14:56:23,100u,checkoutservice-6f4dbd65bf-gzr5s,15,18
14:56:23,100u,currencyservice-7c8fc8fc9c-p8hlf,157,98
14:56:23,100u,currencyservice-7c8fc8fc9c-ss7w5,160,84
14:56:23,100u,currencyservice-7c8fc8fc9c-vksqd,157,83
14:56:23,100u,emailservice-66944ff59-924vd,9,56
14:56:23,100u,emailservice-66944ff59-rspdn,9,56
14:56:23,100u,emailservice-66944ff59-ztv9n,9,56
14:56:23,100u,envoy-grpc-lb-648f879c96-b7d94,434,34
14:56:23,100u,frontend-56d4848657-465mj,135,25
14:56:23,100u,frontend-56d4848657-4s4hv,169,25
14:56:23,100u,frontend-56d4848657-8z4sk,185,23
14:56:23,100u,paymentservice-9bfb7bf5-dmwrc,10,66
14:56:23,100u,paymentservice-9bfb7bf5-mpf2j,7,66
14:56:23,100u,paymentservice-9bfb7bf5-n8v8z,9,96
14:56:23,100u,productcatalogservice-65bbf699df-hlwh8,87,21
14:56:23,100u,productcatalogservice-65bbf699df-lw2bl,89,19
14:56:23,100u,productcatalogservice-65bbf699df-t64z2,92,21
14:56:23,100u,recommendationservice-7d7f9f7777-6s2rv,113,54
14:56:23,100u,recommendationservice-7d7f9f7777-mptll,110,54
14:56:23,100u,recommendationservice-7d7f9f7777-pdnlv,111,54
14:56:23,100u,redis-cart-c8ff86559-zwp6z,13,10
14:56:23,100u,shippingservice-f956b6d9f-bw9bp,11,16
14:56:23,100u,shippingservice-f956b6d9f-g9wg4,10,16
14:56:23,100u,shippingservice-f956b6d9f-hcwkr,10,16
14:56:33,100u,adservice-574bff445c-jlcsd,134,249
14:56:33,100u,adservice-574bff445c-t4fs9,167,220
14:56:33,100u,adservice-574bff445c-zmjkn,169,220
14:56:33,100u,cartservice-7c84fdfb6-2zq5m,78,145
14:56:33,100u,cartservice-7c84fdfb6-9vg9m,99,142
14:56:33,100u,cartservice-7c84fdfb6-tz7d8,90,137
14:56:33,100u,checkoutservice-6f4dbd65bf-6rst2,23,19
14:56:33,100u,checkoutservice-6f4dbd65bf-gjtpl,22,19
14:56:33,100u,checkoutservice-6f4dbd65bf-gzr5s,22,18
14:56:33,100u,currencyservice-7c8fc8fc9c-p8hlf,196,101
14:56:33,100u,currencyservice-7c8fc8fc9c-ss7w5,193,87
14:56:33,100u,currencyservice-7c8fc8fc9c-vksqd,192,86
14:56:33,100u,emailservice-66944ff59-924vd,13,56
14:56:33,100u,emailservice-66944ff59-rspdn,10,56
14:56:33,100u,emailservice-66944ff59-ztv9n,13,56
14:56:33,100u,envoy-grpc-lb-648f879c96-b7d94,500,33
14:56:33,100u,frontend-56d4848657-465mj,181,26
14:56:33,100u,frontend-56d4848657-4s4hv,197,28
14:56:33,100u,frontend-56d4848657-8z4sk,197,25
14:56:33,100u,paymentservice-9bfb7bf5-dmwrc,13,67
14:56:33,100u,paymentservice-9bfb7bf5-mpf2j,14,66
14:56:33,100u,paymentservice-9bfb7bf5-n8v8z,21,96
14:56:33,100u,productcatalogservice-65bbf699df-hlwh8,106,21
14:56:33,100u,productcatalogservice-65bbf699df-lw2bl,106,19
14:56:33,100u,productcatalogservice-65bbf699df-t64z2,109,21
14:56:33,100u,recommendationservice-7d7f9f7777-6s2rv,168,54
14:56:33,100u,recommendationservice-7d7f9f7777-mptll,164,54
14:56:33,100u,recommendationservice-7d7f9f7777-pdnlv,169,54
14:56:33,100u,redis-cart-c8ff86559-zwp6z,15,10
14:56:33,100u,shippingservice-f956b6d9f-bw9bp,12,16
14:56:33,100u,shippingservice-f956b6d9f-g9wg4,13,16
14:56:33,100u,shippingservice-f956b6d9f-hcwkr,12,16
14:56:44,100u,adservice-574bff445c-jlcsd,169,257
14:56:44,100u,adservice-574bff445c-t4fs9,159,241
14:56:44,100u,adservice-574bff445c-zmjkn,167,244
14:56:44,100u,cartservice-7c84fdfb6-2zq5m,92,145
14:56:44,100u,cartservice-7c84fdfb6-9vg9m,94,142
14:56:44,100u,cartservice-7c84fdfb6-tz7d8,98,137
14:56:44,100u,checkoutservice-6f4dbd65bf-6rst2,29,19
14:56:44,100u,checkoutservice-6f4dbd65bf-gjtpl,23,19
14:56:44,100u,checkoutservice-6f4dbd65bf-gzr5s,22,18
14:56:44,100u,currencyservice-7c8fc8fc9c-p8hlf,200,102
14:56:44,100u,currencyservice-7c8fc8fc9c-ss7w5,199,88
14:56:44,100u,currencyservice-7c8fc8fc9c-vksqd,199,87
14:56:44,100u,emailservice-66944ff59-924vd,13,56
14:56:44,100u,emailservice-66944ff59-rspdn,14,56
14:56:44,100u,emailservice-66944ff59-ztv9n,12,56
14:56:44,100u,envoy-grpc-lb-648f879c96-b7d94,495,35
14:56:44,100u,frontend-56d4848657-465mj,191,26
14:56:44,100u,frontend-56d4848657-4s4hv,197,28
14:56:44,100u,frontend-56d4848657-8z4sk,196,25
14:56:44,100u,paymentservice-9bfb7bf5-dmwrc,12,69
14:56:44,100u,paymentservice-9bfb7bf5-mpf2j,12,68
14:56:44,100u,paymentservice-9bfb7bf5-n8v8z,13,98
14:56:44,100u,productcatalogservice-65bbf699df-hlwh8,107,21
14:56:44,100u,productcatalogservice-65bbf699df-lw2bl,108,19
14:56:44,100u,productcatalogservice-65bbf699df-t64z2,110,21
14:56:44,100u,recommendationservice-7d7f9f7777-6s2rv,188,54
14:56:44,100u,recommendationservice-7d7f9f7777-mptll,190,54
14:56:44,100u,recommendationservice-7d7f9f7777-pdnlv,186,54
14:56:44,100u,redis-cart-c8ff86559-zwp6z,16,10
14:56:44,100u,shippingservice-f956b6d9f-bw9bp,14,16
14:56:44,100u,shippingservice-f956b6d9f-g9wg4,14,16
14:56:44,100u,shippingservice-f956b6d9f-hcwkr,15,16
14:56:54,100u,adservice-574bff445c-jlcsd,169,257
14:56:54,100u,adservice-574bff445c-t4fs9,159,241
14:56:54,100u,adservice-574bff445c-zmjkn,167,244
14:56:54,100u,cartservice-7c84fdfb6-2zq5m,92,145
14:56:54,100u,cartservice-7c84fdfb6-9vg9m,94,142
14:56:54,100u,cartservice-7c84fdfb6-tz7d8,98,137
14:56:54,100u,checkoutservice-6f4dbd65bf-6rst2,29,19
14:56:54,100u,checkoutservice-6f4dbd65bf-gjtpl,23,19
14:56:54,100u,checkoutservice-6f4dbd65bf-gzr5s,22,18
14:56:54,100u,currencyservice-7c8fc8fc9c-p8hlf,200,102
14:56:54,100u,currencyservice-7c8fc8fc9c-ss7w5,199,88
14:56:54,100u,currencyservice-7c8fc8fc9c-vksqd,199,87
14:56:54,100u,emailservice-66944ff59-924vd,13,56
14:56:54,100u,emailservice-66944ff59-rspdn,14,56
14:56:54,100u,emailservice-66944ff59-ztv9n,12,56
14:56:54,100u,envoy-grpc-lb-648f879c96-b7d94,495,35
14:56:54,100u,frontend-56d4848657-465mj,191,26
14:56:54,100u,frontend-56d4848657-4s4hv,197,28
14:56:54,100u,frontend-56d4848657-8z4sk,196,25
14:56:54,100u,paymentservice-9bfb7bf5-dmwrc,12,69
14:56:54,100u,paymentservice-9bfb7bf5-mpf2j,12,68
14:56:54,100u,paymentservice-9bfb7bf5-n8v8z,13,98
14:56:54,100u,productcatalogservice-65bbf699df-hlwh8,107,21
14:56:54,100u,productcatalogservice-65bbf699df-lw2bl,108,19
14:56:54,100u,productcatalogservice-65bbf699df-t64z2,110,21
14:56:54,100u,recommendationservice-7d7f9f7777-6s2rv,188,54
14:56:54,100u,recommendationservice-7d7f9f7777-mptll,190,54
14:56:54,100u,recommendationservice-7d7f9f7777-pdnlv,186,54
14:56:54,100u,redis-cart-c8ff86559-zwp6z,16,10
14:56:54,100u,shippingservice-f956b6d9f-bw9bp,14,16
14:56:54,100u,shippingservice-f956b6d9f-g9wg4,14,16
14:56:54,100u,shippingservice-f956b6d9f-hcwkr,15,16
14:57:04,100u,adservice-574bff445c-jlcsd,140,261
14:57:04,100u,adservice-574bff445c-t4fs9,106,230
14:57:04,100u,adservice-574bff445c-zmjkn,147,237
14:57:04,100u,cartservice-7c84fdfb6-2zq5m,84,145
14:57:04,100u,cartservice-7c84fdfb6-9vg9m,104,144
14:57:04,100u,cartservice-7c84fdfb6-tz7d8,93,137
14:57:04,100u,checkoutservice-6f4dbd65bf-6rst2,23,19
14:57:04,100u,checkoutservice-6f4dbd65bf-gjtpl,23,19
14:57:04,100u,checkoutservice-6f4dbd65bf-gzr5s,23,19
14:57:04,100u,currencyservice-7c8fc8fc9c-p8hlf,200,102
14:57:04,100u,currencyservice-7c8fc8fc9c-ss7w5,198,91
14:57:04,100u,currencyservice-7c8fc8fc9c-vksqd,199,89
14:57:04,100u,emailservice-66944ff59-924vd,12,56
14:57:04,100u,emailservice-66944ff59-rspdn,11,56
14:57:04,100u,emailservice-66944ff59-ztv9n,13,56
14:57:04,100u,envoy-grpc-lb-648f879c96-b7d94,498,35
14:57:04,100u,frontend-56d4848657-465mj,195,27
14:57:04,100u,frontend-56d4848657-4s4hv,198,29
14:57:04,100u,frontend-56d4848657-8z4sk,197,26
14:57:04,100u,paymentservice-9bfb7bf5-dmwrc,23,71
14:57:04,100u,paymentservice-9bfb7bf5-mpf2j,23,68
14:57:04,100u,paymentservice-9bfb7bf5-n8v8z,15,98
14:57:04,100u,productcatalogservice-65bbf699df-hlwh8,105,22
14:57:04,100u,productcatalogservice-65bbf699df-lw2bl,107,19
14:57:04,100u,productcatalogservice-65bbf699df-t64z2,108,21
14:57:04,100u,recommendationservice-7d7f9f7777-6s2rv,185,54
14:57:04,100u,recommendationservice-7d7f9f7777-mptll,185,54
14:57:04,100u,recommendationservice-7d7f9f7777-pdnlv,189,55
14:57:04,100u,redis-cart-c8ff86559-zwp6z,17,10
14:57:04,100u,shippingservice-f956b6d9f-bw9bp,15,16
14:57:04,100u,shippingservice-f956b6d9f-g9wg4,14,16
14:57:04,100u,shippingservice-f956b6d9f-hcwkr,13,16
14:57:15,100u,adservice-574bff445c-jlcsd,133,267
14:57:15,100u,adservice-574bff445c-t4fs9,149,237
14:57:15,100u,adservice-574bff445c-zmjkn,159,237
14:57:15,100u,cartservice-7c84fdfb6-2zq5m,96,146
14:57:15,100u,cartservice-7c84fdfb6-9vg9m,95,145
14:57:15,100u,cartservice-7c84fdfb6-tz7d8,89,137
14:57:15,100u,checkoutservice-6f4dbd65bf-6rst2,28,19
14:57:15,100u,checkoutservice-6f4dbd65bf-gjtpl,24,19
14:57:15,100u,checkoutservice-6f4dbd65bf-gzr5s,20,18
14:57:15,100u,currencyservice-7c8fc8fc9c-p8hlf,199,102
14:57:15,100u,currencyservice-7c8fc8fc9c-ss7w5,200,91
14:57:15,100u,currencyservice-7c8fc8fc9c-vksqd,200,90
14:57:15,100u,emailservice-66944ff59-924vd,14,56
14:57:15,100u,emailservice-66944ff59-rspdn,15,56
14:57:15,100u,emailservice-66944ff59-ztv9n,12,56
14:57:15,100u,envoy-grpc-lb-648f879c96-b7d94,499,36
14:57:15,100u,frontend-56d4848657-465mj,194,26
14:57:15,100u,frontend-56d4848657-4s4hv,199,29
14:57:15,100u,frontend-56d4848657-8z4sk,198,26
14:57:15,100u,paymentservice-9bfb7bf5-dmwrc,12,71
14:57:15,100u,paymentservice-9bfb7bf5-mpf2j,13,70
14:57:15,100u,paymentservice-9bfb7bf5-n8v8z,13,98
14:57:15,100u,productcatalogservice-65bbf699df-hlwh8,106,22
14:57:15,100u,productcatalogservice-65bbf699df-lw2bl,108,19
14:57:15,100u,productcatalogservice-65bbf699df-t64z2,108,21
14:57:15,100u,recommendationservice-7d7f9f7777-6s2rv,189,55
14:57:15,100u,recommendationservice-7d7f9f7777-mptll,187,55
14:57:15,100u,recommendationservice-7d7f9f7777-pdnlv,186,55
14:57:15,100u,redis-cart-c8ff86559-zwp6z,16,10
14:57:15,100u,shippingservice-f956b6d9f-bw9bp,15,16
14:57:15,100u,shippingservice-f956b6d9f-g9wg4,15,16
14:57:15,100u,shippingservice-f956b6d9f-hcwkr,14,16
14:57:25,100u,adservice-574bff445c-jlcsd,98,268
14:57:25,100u,adservice-574bff445c-t4fs9,114,242
14:57:25,100u,adservice-574bff445c-zmjkn,117,238
14:57:25,100u,cartservice-7c84fdfb6-2zq5m,101,146
14:57:25,100u,cartservice-7c84fdfb6-9vg9m,75,147
14:57:25,100u,cartservice-7c84fdfb6-tz7d8,95,138
14:57:25,100u,checkoutservice-6f4dbd65bf-6rst2,26,19
14:57:25,100u,checkoutservice-6f4dbd65bf-gjtpl,20,19
14:57:25,100u,checkoutservice-6f4dbd65bf-gzr5s,26,19
14:57:25,100u,currencyservice-7c8fc8fc9c-p8hlf,200,104
14:57:25,100u,currencyservice-7c8fc8fc9c-ss7w5,199,91
14:57:25,100u,currencyservice-7c8fc8fc9c-vksqd,199,90
14:57:25,100u,emailservice-66944ff59-924vd,12,56
14:57:25,100u,emailservice-66944ff59-rspdn,12,56
14:57:25,100u,emailservice-66944ff59-ztv9n,12,56
14:57:25,100u,envoy-grpc-lb-648f879c96-b7d94,498,35
14:57:25,100u,frontend-56d4848657-465mj,195,27
14:57:25,100u,frontend-56d4848657-4s4hv,198,29
14:57:25,100u,frontend-56d4848657-8z4sk,198,25
14:57:25,100u,paymentservice-9bfb7bf5-dmwrc,15,71
14:57:25,100u,paymentservice-9bfb7bf5-mpf2j,9,70
14:57:25,100u,paymentservice-9bfb7bf5-n8v8z,10,98
14:57:25,100u,productcatalogservice-65bbf699df-hlwh8,106,22
14:57:25,100u,productcatalogservice-65bbf699df-lw2bl,110,19
14:57:25,100u,productcatalogservice-65bbf699df-t64z2,109,21
14:57:25,100u,recommendationservice-7d7f9f7777-6s2rv,187,54
14:57:25,100u,recommendationservice-7d7f9f7777-mptll,189,55
14:57:25,100u,recommendationservice-7d7f9f7777-pdnlv,190,55
14:57:25,100u,redis-cart-c8ff86559-zwp6z,16,10
14:57:25,100u,shippingservice-f956b6d9f-bw9bp,15,16
14:57:25,100u,shippingservice-f956b6d9f-g9wg4,15,16
14:57:25,100u,shippingservice-f956b6d9f-hcwkr,14,16
14:57:35,100u,adservice-574bff445c-jlcsd,98,268
14:57:35,100u,adservice-574bff445c-t4fs9,114,242
14:57:35,100u,adservice-574bff445c-zmjkn,117,238
14:57:35,100u,cartservice-7c84fdfb6-2zq5m,101,146
14:57:35,100u,cartservice-7c84fdfb6-9vg9m,75,147
14:57:35,100u,cartservice-7c84fdfb6-tz7d8,95,138
14:57:35,100u,checkoutservice-6f4dbd65bf-6rst2,26,19
14:57:35,100u,checkoutservice-6f4dbd65bf-gjtpl,20,19
14:57:35,100u,checkoutservice-6f4dbd65bf-gzr5s,26,19
14:57:35,100u,currencyservice-7c8fc8fc9c-p8hlf,200,104
14:57:35,100u,currencyservice-7c8fc8fc9c-ss7w5,199,91
14:57:35,100u,currencyservice-7c8fc8fc9c-vksqd,199,90
14:57:35,100u,emailservice-66944ff59-924vd,12,56
14:57:35,100u,emailservice-66944ff59-rspdn,12,56
14:57:35,100u,emailservice-66944ff59-ztv9n,12,56
14:57:35,100u,envoy-grpc-lb-648f879c96-b7d94,498,35
14:57:35,100u,frontend-56d4848657-465mj,195,27
14:57:35,100u,frontend-56d4848657-4s4hv,198,29
14:57:35,100u,frontend-56d4848657-8z4sk,198,25
14:57:35,100u,paymentservice-9bfb7bf5-dmwrc,15,71
14:57:35,100u,paymentservice-9bfb7bf5-mpf2j,9,70
14:57:35,100u,paymentservice-9bfb7bf5-n8v8z,10,98
14:57:35,100u,productcatalogservice-65bbf699df-hlwh8,106,22
14:57:35,100u,productcatalogservice-65bbf699df-lw2bl,110,19
14:57:35,100u,productcatalogservice-65bbf699df-t64z2,109,21
14:57:35,100u,recommendationservice-7d7f9f7777-6s2rv,187,54
14:57:35,100u,recommendationservice-7d7f9f7777-mptll,189,55
14:57:35,100u,recommendationservice-7d7f9f7777-pdnlv,190,55
14:57:35,100u,redis-cart-c8ff86559-zwp6z,16,10
14:57:35,100u,shippingservice-f956b6d9f-bw9bp,15,16
14:57:35,100u,shippingservice-f956b6d9f-g9wg4,15,16
14:57:35,100u,shippingservice-f956b6d9f-hcwkr,14,16
14:57:46,100u,adservice-574bff445c-jlcsd,101,266
14:57:46,100u,adservice-574bff445c-t4fs9,86,244
14:57:46,100u,adservice-574bff445c-zmjkn,108,238
14:57:46,100u,cartservice-7c84fdfb6-2zq5m,94,148
14:57:46,100u,cartservice-7c84fdfb6-9vg9m,85,147
14:57:46,100u,cartservice-7c84fdfb6-tz7d8,93,138
14:57:46,100u,checkoutservice-6f4dbd65bf-6rst2,24,19
14:57:46,100u,checkoutservice-6f4dbd65bf-gjtpl,20,19
14:57:46,100u,checkoutservice-6f4dbd65bf-gzr5s,26,19
14:57:46,100u,currencyservice-7c8fc8fc9c-p8hlf,199,106
14:57:46,100u,currencyservice-7c8fc8fc9c-ss7w5,200,91
14:57:46,100u,currencyservice-7c8fc8fc9c-vksqd,199,92
14:57:46,100u,emailservice-66944ff59-924vd,13,56
14:57:46,100u,emailservice-66944ff59-rspdn,12,56
14:57:46,100u,emailservice-66944ff59-ztv9n,12,56
14:57:46,100u,envoy-grpc-lb-648f879c96-b7d94,501,35
14:57:46,100u,frontend-56d4848657-465mj,196,27
14:57:46,100u,frontend-56d4848657-4s4hv,200,29
14:57:46,100u,frontend-56d4848657-8z4sk,199,27
14:57:46,100u,paymentservice-9bfb7bf5-dmwrc,11,71
14:57:46,100u,paymentservice-9bfb7bf5-mpf2j,13,71
14:57:46,100u,paymentservice-9bfb7bf5-n8v8z,10,98
14:57:46,100u,productcatalogservice-65bbf699df-hlwh8,107,22
14:57:46,100u,productcatalogservice-65bbf699df-lw2bl,109,19
14:57:46,100u,productcatalogservice-65bbf699df-t64z2,111,21
14:57:46,100u,recommendationservice-7d7f9f7777-6s2rv,188,55
14:57:46,100u,recommendationservice-7d7f9f7777-mptll,193,54
14:57:46,100u,recommendationservice-7d7f9f7777-pdnlv,188,55
14:57:46,100u,redis-cart-c8ff86559-zwp6z,16,11
14:57:46,100u,shippingservice-f956b6d9f-bw9bp,14,16
14:57:46,100u,shippingservice-f956b6d9f-g9wg4,14,16
14:57:46,100u,shippingservice-f956b6d9f-hcwkr,17,16
14:57:56,100u,adservice-574bff445c-jlcsd,26,264
14:57:56,100u,adservice-574bff445c-t4fs9,21,244
14:57:56,100u,adservice-574bff445c-zmjkn,23,238
14:57:56,100u,cartservice-7c84fdfb6-2zq5m,18,148
14:57:56,100u,cartservice-7c84fdfb6-9vg9m,41,149
14:57:56,100u,cartservice-7c84fdfb6-tz7d8,30,138
14:57:56,100u,checkoutservice-6f4dbd65bf-6rst2,8,19
14:57:56,100u,checkoutservice-6f4dbd65bf-gjtpl,7,19
14:57:56,100u,checkoutservice-6f4dbd65bf-gzr5s,6,19
14:57:56,100u,currencyservice-7c8fc8fc9c-p8hlf,56,106
14:57:56,100u,currencyservice-7c8fc8fc9c-ss7w5,55,90
14:57:56,100u,currencyservice-7c8fc8fc9c-vksqd,57,92
14:57:56,100u,emailservice-66944ff59-924vd,6,56
14:57:56,100u,emailservice-66944ff59-rspdn,8,56
14:57:56,100u,emailservice-66944ff59-ztv9n,5,56
14:57:56,100u,envoy-grpc-lb-648f879c96-b7d94,141,35
14:57:56,100u,frontend-56d4848657-465mj,51,26
14:57:56,100u,frontend-56d4848657-4s4hv,55,29
14:57:56,100u,frontend-56d4848657-8z4sk,55,27
14:57:56,100u,paymentservice-9bfb7bf5-dmwrc,6,71
14:57:56,100u,paymentservice-9bfb7bf5-mpf2j,5,71
14:57:56,100u,paymentservice-9bfb7bf5-n8v8z,4,98
14:57:56,100u,productcatalogservice-65bbf699df-hlwh8,30,22
14:57:56,100u,productcatalogservice-65bbf699df-lw2bl,30,19
14:57:56,100u,productcatalogservice-65bbf699df-t64z2,30,21
14:57:56,100u,recommendationservice-7d7f9f7777-6s2rv,52,54
14:57:56,100u,recommendationservice-7d7f9f7777-mptll,55,56
14:57:56,100u,recommendationservice-7d7f9f7777-pdnlv,52,55
14:57:56,100u,redis-cart-c8ff86559-zwp6z,7,10
14:57:56,100u,shippingservice-f956b6d9f-bw9bp,5,16
14:57:56,100u,shippingservice-f956b6d9f-g9wg4,4,16
14:57:56,100u,shippingservice-f956b6d9f-hcwkr,4,16
14:58:06,100u,adservice-574bff445c-jlcsd,26,264
14:58:06,100u,adservice-574bff445c-t4fs9,21,244
14:58:06,100u,adservice-574bff445c-zmjkn,23,238
14:58:06,100u,cartservice-7c84fdfb6-2zq5m,18,148
14:58:06,100u,cartservice-7c84fdfb6-9vg9m,41,149
14:58:06,100u,cartservice-7c84fdfb6-tz7d8,30,138
14:58:06,100u,checkoutservice-6f4dbd65bf-6rst2,8,19
14:58:06,100u,checkoutservice-6f4dbd65bf-gjtpl,7,19
14:58:06,100u,checkoutservice-6f4dbd65bf-gzr5s,6,19
14:58:06,100u,currencyservice-7c8fc8fc9c-p8hlf,56,106
14:58:06,100u,currencyservice-7c8fc8fc9c-ss7w5,55,90
14:58:06,100u,currencyservice-7c8fc8fc9c-vksqd,57,92
14:58:06,100u,emailservice-66944ff59-924vd,6,56
14:58:06,100u,emailservice-66944ff59-rspdn,8,56
14:58:06,100u,emailservice-66944ff59-ztv9n,5,56
14:58:06,100u,envoy-grpc-lb-648f879c96-b7d94,141,35
14:58:06,100u,frontend-56d4848657-465mj,51,26
14:58:06,100u,frontend-56d4848657-4s4hv,55,29
14:58:06,100u,frontend-56d4848657-8z4sk,55,27
14:58:06,100u,paymentservice-9bfb7bf5-dmwrc,6,71
14:58:06,100u,paymentservice-9bfb7bf5-mpf2j,5,71
14:58:06,100u,paymentservice-9bfb7bf5-n8v8z,4,98
14:58:06,100u,productcatalogservice-65bbf699df-hlwh8,30,22
14:58:06,100u,productcatalogservice-65bbf699df-lw2bl,30,19
14:58:06,100u,productcatalogservice-65bbf699df-t64z2,30,21
14:58:06,100u,recommendationservice-7d7f9f7777-6s2rv,52,54
14:58:06,100u,recommendationservice-7d7f9f7777-mptll,55,56
14:58:06,100u,recommendationservice-7d7f9f7777-pdnlv,52,55
14:58:06,100u,redis-cart-c8ff86559-zwp6z,7,10
14:58:06,100u,shippingservice-f956b6d9f-bw9bp,5,16
14:58:06,100u,shippingservice-f956b6d9f-g9wg4,4,16
14:58:06,100u,shippingservice-f956b6d9f-hcwkr,4,16
14:58:16,100u,adservice-574bff445c-jlcsd,4,263
14:58:16,100u,adservice-574bff445c-t4fs9,2,244
14:58:16,100u,adservice-574bff445c-zmjkn,3,238
14:58:16,100u,cartservice-7c84fdfb6-2zq5m,3,148
14:58:16,100u,cartservice-7c84fdfb6-9vg9m,4,149
14:58:16,100u,cartservice-7c84fdfb6-tz7d8,3,138
14:58:16,100u,checkoutservice-6f4dbd65bf-6rst2,1,19
14:58:16,100u,checkoutservice-6f4dbd65bf-gjtpl,1,19
14:58:16,100u,checkoutservice-6f4dbd65bf-gzr5s,1,19
14:58:16,100u,currencyservice-7c8fc8fc9c-p8hlf,2,106
14:58:16,100u,currencyservice-7c8fc8fc9c-ss7w5,2,90
14:58:16,100u,currencyservice-7c8fc8fc9c-vksqd,2,92
14:58:16,100u,emailservice-66944ff59-924vd,4,56
14:58:16,100u,emailservice-66944ff59-rspdn,4,56
14:58:16,100u,emailservice-66944ff59-ztv9n,5,56
14:58:16,100u,envoy-grpc-lb-648f879c96-b7d94,6,35
14:58:16,100u,frontend-56d4848657-465mj,1,26
14:58:16,100u,frontend-56d4848657-4s4hv,1,29
14:58:16,100u,frontend-56d4848657-8z4sk,1,27
14:58:16,100u,paymentservice-9bfb7bf5-dmwrc,2,72
14:58:16,100u,paymentservice-9bfb7bf5-mpf2j,2,71
14:58:16,100u,paymentservice-9bfb7bf5-n8v8z,9,99
14:58:16,100u,productcatalogservice-65bbf699df-hlwh8,1,22
14:58:16,100u,productcatalogservice-65bbf699df-lw2bl,1,19
14:58:16,100u,productcatalogservice-65bbf699df-t64z2,1,21
14:58:16,100u,recommendationservice-7d7f9f7777-6s2rv,4,54
14:58:16,100u,recommendationservice-7d7f9f7777-mptll,4,56
14:58:16,100u,recommendationservice-7d7f9f7777-pdnlv,4,55
14:58:16,100u,redis-cart-c8ff86559-zwp6z,3,10
14:58:16,100u,shippingservice-f956b6d9f-bw9bp,1,16
14:58:16,100u,shippingservice-f956b6d9f-g9wg4,1,16
14:58:16,100u,shippingservice-f956b6d9f-hcwkr,1,16
14:58:27,100u,adservice-574bff445c-jlcsd,3,263
14:58:27,100u,adservice-574bff445c-t4fs9,4,244
14:58:27,100u,adservice-574bff445c-zmjkn,4,237
14:58:27,100u,cartservice-7c84fdfb6-2zq5m,5,148
14:58:27,100u,cartservice-7c84fdfb6-9vg9m,5,149
14:58:27,100u,cartservice-7c84fdfb6-tz7d8,3,138
14:58:27,100u,checkoutservice-6f4dbd65bf-6rst2,2,19
14:58:27,100u,checkoutservice-6f4dbd65bf-gjtpl,1,19
14:58:27,100u,checkoutservice-6f4dbd65bf-gzr5s,1,19
14:58:27,100u,currencyservice-7c8fc8fc9c-p8hlf,2,106
14:58:27,100u,currencyservice-7c8fc8fc9c-ss7w5,2,90
14:58:27,100u,currencyservice-7c8fc8fc9c-vksqd,3,92
14:58:27,100u,emailservice-66944ff59-924vd,4,56
14:58:27,100u,emailservice-66944ff59-rspdn,4,56
14:58:27,100u,emailservice-66944ff59-ztv9n,4,56
14:58:27,100u,envoy-grpc-lb-648f879c96-b7d94,6,35
14:58:27,100u,frontend-56d4848657-465mj,1,26
14:58:27,100u,frontend-56d4848657-4s4hv,1,29
14:58:27,100u,frontend-56d4848657-8z4sk,1,27
14:58:27,100u,paymentservice-9bfb7bf5-dmwrc,2,72
14:58:27,100u,paymentservice-9bfb7bf5-mpf2j,2,71
14:58:27,100u,paymentservice-9bfb7bf5-n8v8z,2,99
14:58:27,100u,productcatalogservice-65bbf699df-hlwh8,1,22
14:58:27,100u,productcatalogservice-65bbf699df-lw2bl,1,19
14:58:27,100u,productcatalogservice-65bbf699df-t64z2,2,21
14:58:27,100u,recommendationservice-7d7f9f7777-6s2rv,4,54
14:58:27,100u,recommendationservice-7d7f9f7777-mptll,3,56
14:58:27,100u,recommendationservice-7d7f9f7777-pdnlv,4,55
14:58:27,100u,redis-cart-c8ff86559-zwp6z,3,10
14:58:27,100u,shippingservice-f956b6d9f-bw9bp,1,16
14:58:27,100u,shippingservice-f956b6d9f-g9wg4,1,16
14:58:27,100u,shippingservice-f956b6d9f-hcwkr,1,16
14:58:37,100u,adservice-574bff445c-jlcsd,3,263
14:58:37,100u,adservice-574bff445c-t4fs9,4,244
14:58:37,100u,adservice-574bff445c-zmjkn,4,237
14:58:37,100u,cartservice-7c84fdfb6-2zq5m,5,148
14:58:37,100u,cartservice-7c84fdfb6-9vg9m,5,149
14:58:37,100u,cartservice-7c84fdfb6-tz7d8,3,138
14:58:37,100u,checkoutservice-6f4dbd65bf-6rst2,2,19
14:58:37,100u,checkoutservice-6f4dbd65bf-gjtpl,1,19
14:58:37,100u,checkoutservice-6f4dbd65bf-gzr5s,1,19
14:58:37,100u,currencyservice-7c8fc8fc9c-p8hlf,2,106
14:58:37,100u,currencyservice-7c8fc8fc9c-ss7w5,2,90
14:58:37,100u,currencyservice-7c8fc8fc9c-vksqd,3,92
14:58:37,100u,emailservice-66944ff59-924vd,4,56
14:58:37,100u,emailservice-66944ff59-rspdn,4,56
14:58:37,100u,emailservice-66944ff59-ztv9n,4,56
14:58:37,100u,envoy-grpc-lb-648f879c96-b7d94,6,35
14:58:37,100u,frontend-56d4848657-465mj,1,26
14:58:37,100u,frontend-56d4848657-4s4hv,1,29
14:58:37,100u,frontend-56d4848657-8z4sk,1,27
14:58:37,100u,paymentservice-9bfb7bf5-dmwrc,2,72
14:58:37,100u,paymentservice-9bfb7bf5-mpf2j,2,71
14:58:37,100u,paymentservice-9bfb7bf5-n8v8z,2,99
14:58:37,100u,productcatalogservice-65bbf699df-hlwh8,1,22
14:58:37,100u,productcatalogservice-65bbf699df-lw2bl,1,19
14:58:37,100u,productcatalogservice-65bbf699df-t64z2,2,21
14:58:37,100u,recommendationservice-7d7f9f7777-6s2rv,4,54
14:58:37,100u,recommendationservice-7d7f9f7777-mptll,3,56
14:58:37,100u,recommendationservice-7d7f9f7777-pdnlv,4,55
14:58:37,100u,redis-cart-c8ff86559-zwp6z,3,10
14:58:37,100u,shippingservice-f956b6d9f-bw9bp,1,16
14:58:37,100u,shippingservice-f956b6d9f-g9wg4,1,16
14:58:37,100u,shippingservice-f956b6d9f-hcwkr,1,16
14:58:47,200u,adservice-574bff445c-jlcsd,3,263
14:58:47,200u,adservice-574bff445c-t4fs9,4,244
14:58:47,200u,adservice-574bff445c-zmjkn,4,237
14:58:47,200u,cartservice-7c84fdfb6-2zq5m,4,148
14:58:47,200u,cartservice-7c84fdfb6-9vg9m,4,149
14:58:47,200u,cartservice-7c84fdfb6-tz7d8,4,138
14:58:47,200u,checkoutservice-6f4dbd65bf-6rst2,1,19
14:58:47,200u,checkoutservice-6f4dbd65bf-gjtpl,1,19
14:58:47,200u,checkoutservice-6f4dbd65bf-gzr5s,1,19
14:58:47,200u,currencyservice-7c8fc8fc9c-p8hlf,1,106
14:58:47,200u,currencyservice-7c8fc8fc9c-ss7w5,2,91
14:58:47,200u,currencyservice-7c8fc8fc9c-vksqd,2,92
14:58:47,200u,emailservice-66944ff59-924vd,4,56
14:58:47,200u,emailservice-66944ff59-rspdn,4,56
14:58:47,200u,emailservice-66944ff59-ztv9n,4,56
14:58:47,200u,envoy-grpc-lb-648f879c96-b7d94,6,35
14:58:47,200u,frontend-56d4848657-465mj,1,26
14:58:47,200u,frontend-56d4848657-4s4hv,1,29
14:58:47,200u,frontend-56d4848657-8z4sk,1,27
14:58:47,200u,paymentservice-9bfb7bf5-dmwrc,12,69
14:58:47,200u,paymentservice-9bfb7bf5-mpf2j,13,69
14:58:47,200u,paymentservice-9bfb7bf5-n8v8z,2,99
14:58:47,200u,productcatalogservice-65bbf699df-hlwh8,1,22
14:58:47,200u,productcatalogservice-65bbf699df-lw2bl,1,19
14:58:47,200u,productcatalogservice-65bbf699df-t64z2,1,21
14:58:47,200u,recommendationservice-7d7f9f7777-6s2rv,5,54
14:58:47,200u,recommendationservice-7d7f9f7777-mptll,4,56
14:58:47,200u,recommendationservice-7d7f9f7777-pdnlv,3,55
14:58:47,200u,redis-cart-c8ff86559-zwp6z,3,10
14:58:47,200u,shippingservice-f956b6d9f-bw9bp,1,16
14:58:47,200u,shippingservice-f956b6d9f-g9wg4,3,16
14:58:47,200u,shippingservice-f956b6d9f-hcwkr,2,16
14:58:57,200u,adservice-574bff445c-jlcsd,15,263
14:58:57,200u,adservice-574bff445c-t4fs9,17,244
14:58:57,200u,adservice-574bff445c-zmjkn,11,237
14:58:57,200u,cartservice-7c84fdfb6-2zq5m,13,148
14:58:57,200u,cartservice-7c84fdfb6-9vg9m,15,149
14:58:57,200u,cartservice-7c84fdfb6-tz7d8,13,138
14:58:57,200u,checkoutservice-6f4dbd65bf-6rst2,4,19
14:58:57,200u,checkoutservice-6f4dbd65bf-gjtpl,4,21
14:58:57,200u,checkoutservice-6f4dbd65bf-gzr5s,2,19
14:58:57,200u,currencyservice-7c8fc8fc9c-p8hlf,26,106
14:58:57,200u,currencyservice-7c8fc8fc9c-ss7w5,25,90
14:58:57,200u,currencyservice-7c8fc8fc9c-vksqd,27,92
14:58:57,200u,emailservice-66944ff59-924vd,5,56
14:58:57,200u,emailservice-66944ff59-rspdn,5,56
14:58:57,200u,emailservice-66944ff59-ztv9n,4,56
14:58:57,200u,envoy-grpc-lb-648f879c96-b7d94,73,35
14:58:57,200u,frontend-56d4848657-465mj,2,26
14:58:57,200u,frontend-56d4848657-4s4hv,38,28
14:58:57,200u,frontend-56d4848657-8z4sk,38,26
14:58:57,200u,paymentservice-9bfb7bf5-dmwrc,3,69
14:58:57,200u,paymentservice-9bfb7bf5-mpf2j,4,69
14:58:57,200u,paymentservice-9bfb7bf5-n8v8z,7,99
14:58:57,200u,productcatalogservice-65bbf699df-hlwh8,14,22
14:58:57,200u,productcatalogservice-65bbf699df-lw2bl,14,19
14:58:57,200u,productcatalogservice-65bbf699df-t64z2,16,21
14:58:57,200u,recommendationservice-7d7f9f7777-6s2rv,20,54
14:58:57,200u,recommendationservice-7d7f9f7777-mptll,18,56
14:58:57,200u,recommendationservice-7d7f9f7777-pdnlv,19,55
14:58:57,200u,redis-cart-c8ff86559-zwp6z,5,10
14:58:57,200u,shippingservice-f956b6d9f-bw9bp,2,16
14:58:57,200u,shippingservice-f956b6d9f-g9wg4,3,16
14:58:57,200u,shippingservice-f956b6d9f-hcwkr,2,16
14:59:07,200u,adservice-574bff445c-jlcsd,15,263
14:59:07,200u,adservice-574bff445c-t4fs9,17,244
14:59:07,200u,adservice-574bff445c-zmjkn,11,237
14:59:07,200u,cartservice-7c84fdfb6-2zq5m,13,148
14:59:07,200u,cartservice-7c84fdfb6-9vg9m,15,149
14:59:07,200u,cartservice-7c84fdfb6-tz7d8,13,138
14:59:07,200u,checkoutservice-6f4dbd65bf-6rst2,4,19
14:59:07,200u,checkoutservice-6f4dbd65bf-gjtpl,4,21
14:59:07,200u,checkoutservice-6f4dbd65bf-gzr5s,2,19
14:59:07,200u,currencyservice-7c8fc8fc9c-p8hlf,26,106
14:59:07,200u,currencyservice-7c8fc8fc9c-ss7w5,25,90
14:59:07,200u,currencyservice-7c8fc8fc9c-vksqd,27,92
14:59:07,200u,emailservice-66944ff59-924vd,5,56
14:59:07,200u,emailservice-66944ff59-rspdn,5,56
14:59:07,200u,emailservice-66944ff59-ztv9n,4,56
14:59:07,200u,envoy-grpc-lb-648f879c96-b7d94,73,35
14:59:07,200u,frontend-56d4848657-465mj,2,26
14:59:07,200u,frontend-56d4848657-4s4hv,38,28
14:59:07,200u,frontend-56d4848657-8z4sk,38,26
14:59:07,200u,paymentservice-9bfb7bf5-dmwrc,3,69
14:59:07,200u,paymentservice-9bfb7bf5-mpf2j,4,69
14:59:07,200u,paymentservice-9bfb7bf5-n8v8z,7,99
14:59:07,200u,productcatalogservice-65bbf699df-hlwh8,14,22
14:59:07,200u,productcatalogservice-65bbf699df-lw2bl,14,19
14:59:07,200u,productcatalogservice-65bbf699df-t64z2,16,21
14:59:07,200u,recommendationservice-7d7f9f7777-6s2rv,20,54
14:59:07,200u,recommendationservice-7d7f9f7777-mptll,18,56
14:59:07,200u,recommendationservice-7d7f9f7777-pdnlv,19,55
14:59:07,200u,redis-cart-c8ff86559-zwp6z,5,10
14:59:07,200u,shippingservice-f956b6d9f-bw9bp,2,16
14:59:07,200u,shippingservice-f956b6d9f-g9wg4,3,16
14:59:07,200u,shippingservice-f956b6d9f-hcwkr,2,16
14:59:18,200u,adservice-574bff445c-jlcsd,48,265
14:59:18,200u,adservice-574bff445c-t4fs9,46,245
14:59:18,200u,adservice-574bff445c-zmjkn,52,237
14:59:18,200u,cartservice-7c84fdfb6-2zq5m,61,149
14:59:18,200u,cartservice-7c84fdfb6-9vg9m,71,152
14:59:18,200u,cartservice-7c84fdfb6-tz7d8,61,138
14:59:18,200u,checkoutservice-6f4dbd65bf-6rst2,15,19
14:59:18,200u,checkoutservice-6f4dbd65bf-gjtpl,15,21
14:59:18,200u,checkoutservice-6f4dbd65bf-gzr5s,13,19
14:59:18,200u,currencyservice-7c8fc8fc9c-p8hlf,139,107
14:59:18,200u,currencyservice-7c8fc8fc9c-ss7w5,149,91
14:59:18,200u,currencyservice-7c8fc8fc9c-vksqd,146,93
14:59:18,200u,emailservice-66944ff59-924vd,8,56
14:59:18,200u,emailservice-66944ff59-rspdn,9,56
14:59:18,200u,emailservice-66944ff59-ztv9n,9,56
14:59:18,200u,envoy-grpc-lb-648f879c96-b7d94,402,36
14:59:18,200u,frontend-56d4848657-465mj,106,26
14:59:18,200u,frontend-56d4848657-4s4hv,164,28
14:59:18,200u,frontend-56d4848657-8z4sk,180,27
14:59:18,200u,paymentservice-9bfb7bf5-dmwrc,9,70
14:59:18,200u,paymentservice-9bfb7bf5-mpf2j,8,70
14:59:18,200u,paymentservice-9bfb7bf5-n8v8z,10,100
14:59:18,200u,productcatalogservice-65bbf699df-hlwh8,78,22
14:59:18,200u,productcatalogservice-65bbf699df-lw2bl,82,19
14:59:18,200u,productcatalogservice-65bbf699df-t64z2,81,21
14:59:18,200u,recommendationservice-7d7f9f7777-6s2rv,97,54
14:59:18,200u,recommendationservice-7d7f9f7777-mptll,102,56
14:59:18,200u,recommendationservice-7d7f9f7777-pdnlv,96,55
14:59:18,200u,redis-cart-c8ff86559-zwp6z,12,10
14:59:18,200u,shippingservice-f956b6d9f-bw9bp,9,16
14:59:18,200u,shippingservice-f956b6d9f-g9wg4,11,16
14:59:18,200u,shippingservice-f956b6d9f-hcwkr,10,16
14:59:28,200u,adservice-574bff445c-jlcsd,66,263
14:59:28,200u,adservice-574bff445c-t4fs9,35,246
14:59:28,200u,adservice-574bff445c-zmjkn,37,237
14:59:28,200u,cartservice-7c84fdfb6-2zq5m,39,148
14:59:28,200u,cartservice-7c84fdfb6-9vg9m,55,152
14:59:28,200u,cartservice-7c84fdfb6-tz7d8,51,138
14:59:28,200u,checkoutservice-6f4dbd65bf-6rst2,8,19
14:59:28,200u,checkoutservice-6f4dbd65bf-gjtpl,10,21
14:59:28,200u,checkoutservice-6f4dbd65bf-gzr5s,11,19
14:59:28,200u,currencyservice-7c8fc8fc9c-p8hlf,105,108
14:59:28,200u,currencyservice-7c8fc8fc9c-ss7w5,107,92
14:59:28,200u,currencyservice-7c8fc8fc9c-vksqd,106,92
14:59:28,200u,emailservice-66944ff59-924vd,8,56
14:59:28,200u,emailservice-66944ff59-rspdn,8,56
14:59:28,200u,emailservice-66944ff59-ztv9n,9,56
14:59:28,200u,envoy-grpc-lb-648f879c96-b7d94,294,35
14:59:28,200u,frontend-56d4848657-465mj,98,25
14:59:28,200u,frontend-56d4848657-4s4hv,114,27
14:59:28,200u,frontend-56d4848657-8z4sk,123,26
14:59:28,200u,paymentservice-9bfb7bf5-dmwrc,7,72
14:59:28,200u,paymentservice-9bfb7bf5-mpf2j,8,72
14:59:28,200u,paymentservice-9bfb7bf5-n8v8z,7,100
14:59:28,200u,productcatalogservice-65bbf699df-hlwh8,64,22
14:59:28,200u,productcatalogservice-65bbf699df-lw2bl,61,19
14:59:28,200u,productcatalogservice-65bbf699df-t64z2,61,21
14:59:28,200u,recommendationservice-7d7f9f7777-6s2rv,82,54
14:59:28,200u,recommendationservice-7d7f9f7777-mptll,78,56
14:59:28,200u,recommendationservice-7d7f9f7777-pdnlv,82,55
14:59:28,200u,redis-cart-c8ff86559-zwp6z,9,10
14:59:28,200u,shippingservice-f956b6d9f-bw9bp,7,16
14:59:28,200u,shippingservice-f956b6d9f-g9wg4,7,16
14:59:28,200u,shippingservice-f956b6d9f-hcwkr,7,16
14:59:38,200u,adservice-574bff445c-jlcsd,66,263
14:59:38,200u,adservice-574bff445c-t4fs9,35,246
14:59:38,200u,adservice-574bff445c-zmjkn,37,237
14:59:38,200u,cartservice-7c84fdfb6-2zq5m,39,148
14:59:38,200u,cartservice-7c84fdfb6-9vg9m,55,152
14:59:38,200u,cartservice-7c84fdfb6-tz7d8,51,138
14:59:38,200u,checkoutservice-6f4dbd65bf-6rst2,8,19
14:59:38,200u,checkoutservice-6f4dbd65bf-gjtpl,10,21
14:59:38,200u,checkoutservice-6f4dbd65bf-gzr5s,11,19
14:59:38,200u,currencyservice-7c8fc8fc9c-p8hlf,105,108
14:59:38,200u,currencyservice-7c8fc8fc9c-ss7w5,107,92
14:59:38,200u,currencyservice-7c8fc8fc9c-vksqd,106,92
14:59:38,200u,emailservice-66944ff59-924vd,8,56
14:59:38,200u,emailservice-66944ff59-rspdn,8,56
14:59:38,200u,emailservice-66944ff59-ztv9n,9,56
14:59:38,200u,envoy-grpc-lb-648f879c96-b7d94,294,35
14:59:38,200u,frontend-56d4848657-465mj,98,25
14:59:38,200u,frontend-56d4848657-4s4hv,114,27
14:59:38,200u,frontend-56d4848657-8z4sk,123,26
14:59:38,200u,paymentservice-9bfb7bf5-dmwrc,7,72
14:59:38,200u,paymentservice-9bfb7bf5-mpf2j,8,72
14:59:38,200u,paymentservice-9bfb7bf5-n8v8z,7,100
14:59:38,200u,productcatalogservice-65bbf699df-hlwh8,64,22
14:59:38,200u,productcatalogservice-65bbf699df-lw2bl,61,19
14:59:38,200u,productcatalogservice-65bbf699df-t64z2,61,21
14:59:38,200u,recommendationservice-7d7f9f7777-6s2rv,82,54
14:59:38,200u,recommendationservice-7d7f9f7777-mptll,78,56
14:59:38,200u,recommendationservice-7d7f9f7777-pdnlv,82,55
14:59:38,200u,redis-cart-c8ff86559-zwp6z,9,10
14:59:38,200u,shippingservice-f956b6d9f-bw9bp,7,16
14:59:38,200u,shippingservice-f956b6d9f-g9wg4,7,16
14:59:38,200u,shippingservice-f956b6d9f-hcwkr,7,16
14:59:49,200u,adservice-574bff445c-jlcsd,134,277
14:59:49,200u,adservice-574bff445c-t4fs9,69,240
14:59:49,200u,adservice-574bff445c-zmjkn,54,238
14:59:49,200u,cartservice-7c84fdfb6-2zq5m,76,150
14:59:49,200u,cartservice-7c84fdfb6-9vg9m,83,153
14:59:49,200u,cartservice-7c84fdfb6-tz7d8,62,139
14:59:49,200u,checkoutservice-6f4dbd65bf-6rst2,15,19
14:59:49,200u,checkoutservice-6f4dbd65bf-gjtpl,11,21
14:59:49,200u,checkoutservice-6f4dbd65bf-gzr5s,14,19
14:59:49,200u,currencyservice-7c8fc8fc9c-p8hlf,144,106
14:59:49,200u,currencyservice-7c8fc8fc9c-ss7w5,160,86
14:59:49,200u,currencyservice-7c8fc8fc9c-vksqd,143,92
14:59:49,200u,emailservice-66944ff59-924vd,9,56
14:59:49,200u,emailservice-66944ff59-rspdn,11,56
14:59:49,200u,emailservice-66944ff59-ztv9n,9,56
14:59:49,200u,envoy-grpc-lb-648f879c96-b7d94,392,35
14:59:49,200u,frontend-56d4848657-465mj,120,26
14:59:49,200u,frontend-56d4848657-4s4hv,162,28
14:59:49,200u,frontend-56d4848657-8z4sk,162,27
14:59:49,200u,paymentservice-9bfb7bf5-dmwrc,7,73
14:59:49,200u,paymentservice-9bfb7bf5-mpf2j,8,72
14:59:49,200u,paymentservice-9bfb7bf5-n8v8z,10,100
14:59:49,200u,productcatalogservice-65bbf699df-hlwh8,76,22
14:59:49,200u,productcatalogservice-65bbf699df-lw2bl,81,19
14:59:49,200u,productcatalogservice-65bbf699df-t64z2,79,21
14:59:49,200u,recommendationservice-7d7f9f7777-6s2rv,97,54
14:59:49,200u,recommendationservice-7d7f9f7777-mptll,93,56
14:59:49,200u,recommendationservice-7d7f9f7777-pdnlv,100,55
14:59:49,200u,redis-cart-c8ff86559-zwp6z,12,11
14:59:49,200u,shippingservice-f956b6d9f-bw9bp,9,16
14:59:49,200u,shippingservice-f956b6d9f-g9wg4,9,16
14:59:49,200u,shippingservice-f956b6d9f-hcwkr,9,16
14:59:59,200u,adservice-574bff445c-jlcsd,93,264
14:59:59,200u,adservice-574bff445c-t4fs9,174,249
14:59:59,200u,adservice-574bff445c-zmjkn,138,251
14:59:59,200u,cartservice-7c84fdfb6-2zq5m,62,150
14:59:59,200u,cartservice-7c84fdfb6-9vg9m,78,154
14:59:59,200u,cartservice-7c84fdfb6-tz7d8,90,139
14:59:59,200u,checkoutservice-6f4dbd65bf-6rst2,18,19
14:59:59,200u,checkoutservice-6f4dbd65bf-gjtpl,18,21
14:59:59,200u,checkoutservice-6f4dbd65bf-gzr5s,17,19
14:59:59,200u,currencyservice-7c8fc8fc9c-p8hlf,185,108
14:59:59,200u,currencyservice-7c8fc8fc9c-ss7w5,194,90
14:59:59,200u,currencyservice-7c8fc8fc9c-vksqd,186,94
14:59:59,200u,emailservice-66944ff59-924vd,10,56
14:59:59,200u,emailservice-66944ff59-rspdn,10,56
14:59:59,200u,emailservice-66944ff59-ztv9n,11,56
14:59:59,200u,envoy-grpc-lb-648f879c96-b7d94,494,36
14:59:59,200u,frontend-56d4848657-465mj,180,27
14:59:59,200u,frontend-56d4848657-4s4hv,197,28
14:59:59,200u,frontend-56d4848657-8z4sk,190,27
14:59:59,200u,paymentservice-9bfb7bf5-dmwrc,8,73
14:59:59,200u,paymentservice-9bfb7bf5-mpf2j,10,72
14:59:59,200u,paymentservice-9bfb7bf5-n8v8z,8,100
14:59:59,200u,productcatalogservice-65bbf699df-hlwh8,102,22
14:59:59,200u,productcatalogservice-65bbf699df-lw2bl,104,19
14:59:59,200u,productcatalogservice-65bbf699df-t64z2,105,21
14:59:59,200u,recommendationservice-7d7f9f7777-6s2rv,152,55
14:59:59,200u,recommendationservice-7d7f9f7777-mptll,154,56
14:59:59,200u,recommendationservice-7d7f9f7777-pdnlv,148,55
14:59:59,200u,redis-cart-c8ff86559-zwp6z,14,11
14:59:59,200u,shippingservice-f956b6d9f-bw9bp,12,16
14:59:59,200u,shippingservice-f956b6d9f-g9wg4,13,16
14:59:59,200u,shippingservice-f956b6d9f-hcwkr,12,16
15:00:09,200u,adservice-574bff445c-jlcsd,93,264
15:00:09,200u,adservice-574bff445c-t4fs9,174,249
15:00:09,200u,adservice-574bff445c-zmjkn,138,251
15:00:09,200u,cartservice-7c84fdfb6-2zq5m,62,150
15:00:09,200u,cartservice-7c84fdfb6-9vg9m,78,154
15:00:09,200u,cartservice-7c84fdfb6-tz7d8,90,139
15:00:09,200u,checkoutservice-6f4dbd65bf-6rst2,18,19
15:00:09,200u,checkoutservice-6f4dbd65bf-gjtpl,18,21
15:00:09,200u,checkoutservice-6f4dbd65bf-gzr5s,17,19
15:00:09,200u,currencyservice-7c8fc8fc9c-p8hlf,185,108
15:00:09,200u,currencyservice-7c8fc8fc9c-ss7w5,194,90
15:00:09,200u,currencyservice-7c8fc8fc9c-vksqd,186,94
15:00:09,200u,emailservice-66944ff59-924vd,10,56
15:00:09,200u,emailservice-66944ff59-rspdn,10,56
15:00:09,200u,emailservice-66944ff59-ztv9n,11,56
15:00:09,200u,envoy-grpc-lb-648f879c96-b7d94,494,36
15:00:09,200u,frontend-56d4848657-465mj,180,27
15:00:09,200u,frontend-56d4848657-4s4hv,197,28
15:00:09,200u,frontend-56d4848657-8z4sk,190,27
15:00:09,200u,paymentservice-9bfb7bf5-dmwrc,8,73
15:00:09,200u,paymentservice-9bfb7bf5-mpf2j,10,72
15:00:09,200u,paymentservice-9bfb7bf5-n8v8z,8,100
15:00:09,200u,productcatalogservice-65bbf699df-hlwh8,102,22
15:00:09,200u,productcatalogservice-65bbf699df-lw2bl,104,19
15:00:09,200u,productcatalogservice-65bbf699df-t64z2,105,21
15:00:09,200u,recommendationservice-7d7f9f7777-6s2rv,152,55
15:00:09,200u,recommendationservice-7d7f9f7777-mptll,154,56
15:00:09,200u,recommendationservice-7d7f9f7777-pdnlv,148,55
15:00:09,200u,redis-cart-c8ff86559-zwp6z,14,11
15:00:09,200u,shippingservice-f956b6d9f-bw9bp,12,16
15:00:09,200u,shippingservice-f956b6d9f-g9wg4,13,16
15:00:09,200u,shippingservice-f956b6d9f-hcwkr,12,16
15:00:19,200u,adservice-574bff445c-jlcsd,84,266
15:00:19,200u,adservice-574bff445c-t4fs9,83,241
15:00:19,200u,adservice-574bff445c-zmjkn,160,242
15:00:19,200u,cartservice-7c84fdfb6-2zq5m,91,151
15:00:19,200u,cartservice-7c84fdfb6-9vg9m,99,154
15:00:19,200u,cartservice-7c84fdfb6-tz7d8,80,140
15:00:19,200u,checkoutservice-6f4dbd65bf-6rst2,23,19
15:00:19,200u,checkoutservice-6f4dbd65bf-gjtpl,26,21
15:00:19,200u,checkoutservice-6f4dbd65bf-gzr5s,21,19
15:00:19,200u,currencyservice-7c8fc8fc9c-p8hlf,196,106
15:00:19,200u,currencyservice-7c8fc8fc9c-ss7w5,197,93
15:00:19,200u,currencyservice-7c8fc8fc9c-vksqd,196,93
15:00:19,200u,emailservice-66944ff59-924vd,12,56
15:00:19,200u,emailservice-66944ff59-rspdn,13,56
15:00:19,200u,emailservice-66944ff59-ztv9n,11,56
15:00:19,200u,envoy-grpc-lb-648f879c96-b7d94,499,36
15:00:19,200u,frontend-56d4848657-465mj,195,27
15:00:19,200u,frontend-56d4848657-4s4hv,195,30
15:00:19,200u,frontend-56d4848657-8z4sk,196,28
15:00:19,200u,paymentservice-9bfb7bf5-dmwrc,8,73
15:00:19,200u,paymentservice-9bfb7bf5-mpf2j,12,72
15:00:19,200u,paymentservice-9bfb7bf5-n8v8z,14,102
15:00:19,200u,productcatalogservice-65bbf699df-hlwh8,106,22
15:00:19,200u,productcatalogservice-65bbf699df-lw2bl,105,19
15:00:19,200u,productcatalogservice-65bbf699df-t64z2,106,21
15:00:19,200u,recommendationservice-7d7f9f7777-6s2rv,176,54
15:00:19,200u,recommendationservice-7d7f9f7777-mptll,179,56
15:00:19,200u,recommendationservice-7d7f9f7777-pdnlv,179,55
15:00:19,200u,redis-cart-c8ff86559-zwp6z,16,11
15:00:19,200u,shippingservice-f956b6d9f-bw9bp,14,16
15:00:19,200u,shippingservice-f956b6d9f-g9wg4,13,16
15:00:19,200u,shippingservice-f956b6d9f-hcwkr,14,16
15:00:30,200u,adservice-574bff445c-jlcsd,76,264
15:00:30,200u,adservice-574bff445c-t4fs9,87,242
15:00:30,200u,adservice-574bff445c-zmjkn,88,241
15:00:30,200u,cartservice-7c84fdfb6-2zq5m,107,151
15:00:30,200u,cartservice-7c84fdfb6-9vg9m,85,154
15:00:30,200u,cartservice-7c84fdfb6-tz7d8,93,140
15:00:30,200u,checkoutservice-6f4dbd65bf-6rst2,24,19
15:00:30,200u,checkoutservice-6f4dbd65bf-gjtpl,27,21
15:00:30,200u,checkoutservice-6f4dbd65bf-gzr5s,29,19
15:00:30,200u,currencyservice-7c8fc8fc9c-p8hlf,200,107
15:00:30,200u,currencyservice-7c8fc8fc9c-ss7w5,200,95
15:00:30,200u,currencyservice-7c8fc8fc9c-vksqd,200,97
15:00:30,200u,emailservice-66944ff59-924vd,12,56
15:00:30,200u,emailservice-66944ff59-rspdn,13,56
15:00:30,200u,emailservice-66944ff59-ztv9n,14,56
15:00:30,200u,envoy-grpc-lb-648f879c96-b7d94,500,36
15:00:30,200u,frontend-56d4848657-465mj,198,28
15:00:30,200u,frontend-56d4848657-4s4hv,198,31
15:00:30,200u,frontend-56d4848657-8z4sk,198,31
15:00:30,200u,paymentservice-9bfb7bf5-dmwrc,16,72
15:00:30,200u,paymentservice-9bfb7bf5-mpf2j,14,72
15:00:30,200u,paymentservice-9bfb7bf5-n8v8z,13,102
15:00:30,200u,productcatalogservice-65bbf699df-hlwh8,106,22
15:00:30,200u,productcatalogservice-65bbf699df-lw2bl,107,20
15:00:30,200u,productcatalogservice-65bbf699df-t64z2,105,21
15:00:30,200u,recommendationservice-7d7f9f7777-6s2rv,195,55
15:00:30,200u,recommendationservice-7d7f9f7777-mptll,198,57
15:00:30,200u,recommendationservice-7d7f9f7777-pdnlv,193,55
15:00:30,200u,redis-cart-c8ff86559-zwp6z,17,11
15:00:30,200u,shippingservice-f956b6d9f-bw9bp,16,16
15:00:30,200u,shippingservice-f956b6d9f-g9wg4,16,16
15:00:30,200u,shippingservice-f956b6d9f-hcwkr,15,16
15:00:40,200u,adservice-574bff445c-jlcsd,106,266
15:00:40,200u,adservice-574bff445c-t4fs9,83,242
15:00:40,200u,adservice-574bff445c-zmjkn,78,239
15:00:40,200u,cartservice-7c84fdfb6-2zq5m,109,151
15:00:40,200u,cartservice-7c84fdfb6-9vg9m,104,154
15:00:40,200u,cartservice-7c84fdfb6-tz7d8,86,140
15:00:40,200u,checkoutservice-6f4dbd65bf-6rst2,27,19
15:00:40,200u,checkoutservice-6f4dbd65bf-gjtpl,25,21
15:00:40,200u,checkoutservice-6f4dbd65bf-gzr5s,25,19
15:00:40,200u,currencyservice-7c8fc8fc9c-p8hlf,200,108
15:00:40,200u,currencyservice-7c8fc8fc9c-ss7w5,199,97
15:00:40,200u,currencyservice-7c8fc8fc9c-vksqd,199,97
15:00:40,200u,emailservice-66944ff59-924vd,12,56
15:00:40,200u,emailservice-66944ff59-rspdn,14,56
15:00:40,200u,emailservice-66944ff59-ztv9n,12,56
15:00:40,200u,envoy-grpc-lb-648f879c96-b7d94,500,38
15:00:40,200u,frontend-56d4848657-465mj,198,31
15:00:40,200u,frontend-56d4848657-4s4hv,197,33
15:00:40,200u,frontend-56d4848657-8z4sk,198,32
15:00:40,200u,paymentservice-9bfb7bf5-dmwrc,11,72
15:00:40,200u,paymentservice-9bfb7bf5-mpf2j,11,72
15:00:40,200u,paymentservice-9bfb7bf5-n8v8z,13,102
15:00:40,200u,productcatalogservice-65bbf699df-hlwh8,100,22
15:00:40,200u,productcatalogservice-65bbf699df-lw2bl,103,19
15:00:40,200u,productcatalogservice-65bbf699df-t64z2,105,21
15:00:40,200u,recommendationservice-7d7f9f7777-6s2rv,198,55
15:00:40,200u,recommendationservice-7d7f9f7777-mptll,199,57
15:00:40,200u,recommendationservice-7d7f9f7777-pdnlv,196,55
15:00:40,200u,redis-cart-c8ff86559-zwp6z,18,11
15:00:40,200u,shippingservice-f956b6d9f-bw9bp,15,16
15:00:40,200u,shippingservice-f956b6d9f-g9wg4,17,16
15:00:40,200u,shippingservice-f956b6d9f-hcwkr,15,16
15:00:50,200u,adservice-574bff445c-jlcsd,106,266
15:00:50,200u,adservice-574bff445c-t4fs9,83,242
15:00:50,200u,adservice-574bff445c-zmjkn,78,239
15:00:50,200u,cartservice-7c84fdfb6-2zq5m,109,151
15:00:50,200u,cartservice-7c84fdfb6-9vg9m,104,154
15:00:50,200u,cartservice-7c84fdfb6-tz7d8,86,140
15:00:50,200u,checkoutservice-6f4dbd65bf-6rst2,27,19
15:00:50,200u,checkoutservice-6f4dbd65bf-gjtpl,25,21
15:00:50,200u,checkoutservice-6f4dbd65bf-gzr5s,25,19
15:00:50,200u,currencyservice-7c8fc8fc9c-p8hlf,200,108
15:00:50,200u,currencyservice-7c8fc8fc9c-ss7w5,199,97
15:00:50,200u,currencyservice-7c8fc8fc9c-vksqd,199,97
15:00:50,200u,emailservice-66944ff59-924vd,12,56
15:00:50,200u,emailservice-66944ff59-rspdn,14,56
15:00:50,200u,emailservice-66944ff59-ztv9n,12,56
15:00:50,200u,envoy-grpc-lb-648f879c96-b7d94,500,38
15:00:50,200u,frontend-56d4848657-465mj,198,31
15:00:50,200u,frontend-56d4848657-4s4hv,197,33
15:00:50,200u,frontend-56d4848657-8z4sk,198,32
15:00:50,200u,paymentservice-9bfb7bf5-dmwrc,11,72
15:00:50,200u,paymentservice-9bfb7bf5-mpf2j,11,72
15:00:50,200u,paymentservice-9bfb7bf5-n8v8z,13,102
15:00:50,200u,productcatalogservice-65bbf699df-hlwh8,100,22
15:00:50,200u,productcatalogservice-65bbf699df-lw2bl,103,19
15:00:50,200u,productcatalogservice-65bbf699df-t64z2,105,21
15:00:50,200u,recommendationservice-7d7f9f7777-6s2rv,198,55
15:00:50,200u,recommendationservice-7d7f9f7777-mptll,199,57
15:00:50,200u,recommendationservice-7d7f9f7777-pdnlv,196,55
15:00:50,200u,redis-cart-c8ff86559-zwp6z,18,11
15:00:50,200u,shippingservice-f956b6d9f-bw9bp,15,16
15:00:50,200u,shippingservice-f956b6d9f-g9wg4,17,16
15:00:50,200u,shippingservice-f956b6d9f-hcwkr,15,16
15:01:00,200u,adservice-574bff445c-jlcsd,77,265
15:01:00,200u,adservice-574bff445c-t4fs9,87,242
15:01:00,200u,adservice-574bff445c-zmjkn,72,239
15:01:00,200u,cartservice-7c84fdfb6-2zq5m,109,151
15:01:00,200u,cartservice-7c84fdfb6-9vg9m,104,154
15:01:00,200u,cartservice-7c84fdfb6-tz7d8,79,140
15:01:00,200u,checkoutservice-6f4dbd65bf-6rst2,26,19
15:01:00,200u,checkoutservice-6f4dbd65bf-gjtpl,23,21
15:01:00,200u,checkoutservice-6f4dbd65bf-gzr5s,31,19
15:01:00,200u,currencyservice-7c8fc8fc9c-p8hlf,199,109
15:01:00,200u,currencyservice-7c8fc8fc9c-ss7w5,199,99
15:01:00,200u,currencyservice-7c8fc8fc9c-vksqd,199,99
15:01:00,200u,emailservice-66944ff59-924vd,15,56
15:01:00,200u,emailservice-66944ff59-rspdn,16,56
15:01:00,200u,emailservice-66944ff59-ztv9n,14,56
15:01:00,200u,envoy-grpc-lb-648f879c96-b7d94,498,38
15:01:00,200u,frontend-56d4848657-465mj,197,31
15:01:00,200u,frontend-56d4848657-4s4hv,198,34
15:01:00,200u,frontend-56d4848657-8z4sk,199,33
15:01:00,200u,paymentservice-9bfb7bf5-dmwrc,12,72
15:01:00,200u,paymentservice-9bfb7bf5-mpf2j,14,72
15:01:00,200u,paymentservice-9bfb7bf5-n8v8z,11,102
15:01:00,200u,productcatalogservice-65bbf699df-hlwh8,102,22
15:01:00,200u,productcatalogservice-65bbf699df-lw2bl,103,19
15:01:00,200u,productcatalogservice-65bbf699df-t64z2,104,21
15:01:00,200u,recommendationservice-7d7f9f7777-6s2rv,199,55
15:01:00,200u,recommendationservice-7d7f9f7777-mptll,197,57
15:01:00,200u,recommendationservice-7d7f9f7777-pdnlv,198,55
15:01:00,200u,redis-cart-c8ff86559-zwp6z,19,11
15:01:00,200u,shippingservice-f956b6d9f-bw9bp,18,16
15:01:00,200u,shippingservice-f956b6d9f-g9wg4,17,16
15:01:00,200u,shippingservice-f956b6d9f-hcwkr,17,16
15:01:10,200u,adservice-574bff445c-jlcsd,81,265
15:01:10,200u,adservice-574bff445c-t4fs9,100,250
15:01:10,200u,adservice-574bff445c-zmjkn,78,239
15:01:10,200u,cartservice-7c84fdfb6-2zq5m,117,151
15:01:10,200u,cartservice-7c84fdfb6-9vg9m,92,154
15:01:10,200u,cartservice-7c84fdfb6-tz7d8,87,141
15:01:10,200u,checkoutservice-6f4dbd65bf-6rst2,28,19
15:01:10,200u,checkoutservice-6f4dbd65bf-gjtpl,28,21
15:01:10,200u,checkoutservice-6f4dbd65bf-gzr5s,28,19
15:01:10,200u,currencyservice-7c8fc8fc9c-p8hlf,201,111
15:01:10,200u,currencyservice-7c8fc8fc9c-ss7w5,199,100
15:01:10,200u,currencyservice-7c8fc8fc9c-vksqd,199,99
15:01:10,200u,emailservice-66944ff59-924vd,14,56
15:01:10,200u,emailservice-66944ff59-rspdn,14,56
15:01:10,200u,emailservice-66944ff59-ztv9n,14,56
15:01:10,200u,envoy-grpc-lb-648f879c96-b7d94,500,38
15:01:10,200u,frontend-56d4848657-465mj,198,33
15:01:10,200u,frontend-56d4848657-4s4hv,198,35
15:01:10,200u,frontend-56d4848657-8z4sk,199,31
15:01:10,200u,paymentservice-9bfb7bf5-dmwrc,12,73
15:01:10,200u,paymentservice-9bfb7bf5-mpf2j,11,72
15:01:10,200u,paymentservice-9bfb7bf5-n8v8z,12,102
15:01:10,200u,productcatalogservice-65bbf699df-hlwh8,102,22
15:01:10,200u,productcatalogservice-65bbf699df-lw2bl,103,19
15:01:10,200u,productcatalogservice-65bbf699df-t64z2,105,22
15:01:10,200u,recommendationservice-7d7f9f7777-6s2rv,199,55
15:01:10,200u,recommendationservice-7d7f9f7777-mptll,200,57
15:01:10,200u,recommendationservice-7d7f9f7777-pdnlv,199,55
15:01:10,200u,redis-cart-c8ff86559-zwp6z,18,11
15:01:10,200u,shippingservice-f956b6d9f-bw9bp,19,16
15:01:10,200u,shippingservice-f956b6d9f-g9wg4,16,16
15:01:10,200u,shippingservice-f956b6d9f-hcwkr,18,16
15:01:21,200u,adservice-574bff445c-jlcsd,81,265
15:01:21,200u,adservice-574bff445c-t4fs9,100,250
15:01:21,200u,adservice-574bff445c-zmjkn,78,239
15:01:21,200u,cartservice-7c84fdfb6-2zq5m,117,151
15:01:21,200u,cartservice-7c84fdfb6-9vg9m,92,154
15:01:21,200u,cartservice-7c84fdfb6-tz7d8,87,141
15:01:21,200u,checkoutservice-6f4dbd65bf-6rst2,28,19
15:01:21,200u,checkoutservice-6f4dbd65bf-gjtpl,28,21
15:01:21,200u,checkoutservice-6f4dbd65bf-gzr5s,28,19
15:01:21,200u,currencyservice-7c8fc8fc9c-p8hlf,201,111
15:01:21,200u,currencyservice-7c8fc8fc9c-ss7w5,199,100
15:01:21,200u,currencyservice-7c8fc8fc9c-vksqd,199,99
15:01:21,200u,emailservice-66944ff59-924vd,14,56
15:01:21,200u,emailservice-66944ff59-rspdn,14,56
15:01:21,200u,emailservice-66944ff59-ztv9n,14,56
15:01:21,200u,envoy-grpc-lb-648f879c96-b7d94,500,38
15:01:21,200u,frontend-56d4848657-465mj,198,33
15:01:21,200u,frontend-56d4848657-4s4hv,198,35
15:01:21,200u,frontend-56d4848657-8z4sk,199,31
15:01:21,200u,paymentservice-9bfb7bf5-dmwrc,12,73
15:01:21,200u,paymentservice-9bfb7bf5-mpf2j,11,72
15:01:21,200u,paymentservice-9bfb7bf5-n8v8z,12,102
15:01:21,200u,productcatalogservice-65bbf699df-hlwh8,102,22
15:01:21,200u,productcatalogservice-65bbf699df-lw2bl,103,19
15:01:21,200u,productcatalogservice-65bbf699df-t64z2,105,22
15:01:21,200u,recommendationservice-7d7f9f7777-6s2rv,199,55
15:01:21,200u,recommendationservice-7d7f9f7777-mptll,200,57
15:01:21,200u,recommendationservice-7d7f9f7777-pdnlv,199,55
15:01:21,200u,redis-cart-c8ff86559-zwp6z,18,11
15:01:21,200u,shippingservice-f956b6d9f-bw9bp,19,16
15:01:21,200u,shippingservice-f956b6d9f-g9wg4,16,16
15:01:21,200u,shippingservice-f956b6d9f-hcwkr,18,16
15:01:31,200u,adservice-574bff445c-jlcsd,36,267
15:01:31,200u,adservice-574bff445c-t4fs9,41,242
15:01:31,200u,adservice-574bff445c-zmjkn,41,239
15:01:31,200u,cartservice-7c84fdfb6-2zq5m,56,151
15:01:31,200u,cartservice-7c84fdfb6-9vg9m,45,154
15:01:31,200u,cartservice-7c84fdfb6-tz7d8,50,141
15:01:31,200u,checkoutservice-6f4dbd65bf-6rst2,18,19
15:01:31,200u,checkoutservice-6f4dbd65bf-gjtpl,15,21
15:01:31,200u,checkoutservice-6f4dbd65bf-gzr5s,14,19
15:01:31,200u,currencyservice-7c8fc8fc9c-p8hlf,104,111
15:01:31,200u,currencyservice-7c8fc8fc9c-ss7w5,102,102
15:01:31,200u,currencyservice-7c8fc8fc9c-vksqd,108,101
15:01:31,200u,emailservice-66944ff59-924vd,10,56
15:01:31,200u,emailservice-66944ff59-rspdn,10,56
15:01:31,200u,emailservice-66944ff59-ztv9n,10,56
15:01:31,200u,envoy-grpc-lb-648f879c96-b7d94,255,39
15:01:31,200u,frontend-56d4848657-465mj,100,35
15:01:31,200u,frontend-56d4848657-4s4hv,102,34
15:01:31,200u,frontend-56d4848657-8z4sk,103,30
15:01:31,200u,paymentservice-9bfb7bf5-dmwrc,8,73
15:01:31,200u,paymentservice-9bfb7bf5-mpf2j,17,73
15:01:31,200u,paymentservice-9bfb7bf5-n8v8z,16,103
15:01:31,200u,productcatalogservice-65bbf699df-hlwh8,50,22
15:01:31,200u,productcatalogservice-65bbf699df-lw2bl,50,19
15:01:31,200u,productcatalogservice-65bbf699df-t64z2,51,21
15:01:31,200u,recommendationservice-7d7f9f7777-6s2rv,106,55
15:01:31,200u,recommendationservice-7d7f9f7777-mptll,106,57
15:01:31,200u,recommendationservice-7d7f9f7777-pdnlv,105,55
15:01:31,200u,redis-cart-c8ff86559-zwp6z,12,11
15:01:31,200u,shippingservice-f956b6d9f-bw9bp,8,16
15:01:31,200u,shippingservice-f956b6d9f-g9wg4,8,16
15:01:31,200u,shippingservice-f956b6d9f-hcwkr,10,16
15:01:41,200u,adservice-574bff445c-jlcsd,3,267
15:01:41,200u,adservice-574bff445c-t4fs9,3,242
15:01:41,200u,adservice-574bff445c-zmjkn,4,239
15:01:41,200u,cartservice-7c84fdfb6-2zq5m,4,151
15:01:41,200u,cartservice-7c84fdfb6-9vg9m,2,154
15:01:41,200u,cartservice-7c84fdfb6-tz7d8,3,141
15:01:41,200u,checkoutservice-6f4dbd65bf-6rst2,1,19
15:01:41,200u,checkoutservice-6f4dbd65bf-gjtpl,1,21
15:01:41,200u,checkoutservice-6f4dbd65bf-gzr5s,1,19
15:01:41,200u,currencyservice-7c8fc8fc9c-p8hlf,2,111
15:01:41,200u,currencyservice-7c8fc8fc9c-ss7w5,2,102
15:01:41,200u,currencyservice-7c8fc8fc9c-vksqd,2,101
15:01:41,200u,emailservice-66944ff59-924vd,4,56
15:01:41,200u,emailservice-66944ff59-rspdn,4,56
15:01:41,200u,emailservice-66944ff59-ztv9n,4,56
15:01:41,200u,envoy-grpc-lb-648f879c96-b7d94,6,39
15:01:41,200u,frontend-56d4848657-465mj,1,35
15:01:41,200u,frontend-56d4848657-4s4hv,1,34
15:01:41,200u,frontend-56d4848657-8z4sk,1,30
15:01:41,200u,paymentservice-9bfb7bf5-dmwrc,1,73
15:01:41,200u,paymentservice-9bfb7bf5-mpf2j,1,73
15:01:41,200u,paymentservice-9bfb7bf5-n8v8z,2,103
15:01:41,200u,productcatalogservice-65bbf699df-hlwh8,1,22
15:01:41,200u,productcatalogservice-65bbf699df-lw2bl,1,19
15:01:41,200u,productcatalogservice-65bbf699df-t64z2,1,21
15:01:41,200u,recommendationservice-7d7f9f7777-6s2rv,4,55
15:01:41,200u,recommendationservice-7d7f9f7777-mptll,3,57
15:01:41,200u,recommendationservice-7d7f9f7777-pdnlv,4,55
15:01:41,200u,redis-cart-c8ff86559-zwp6z,3,11
15:01:41,200u,shippingservice-f956b6d9f-bw9bp,1,16
15:01:41,200u,shippingservice-f956b6d9f-g9wg4,1,16
15:01:41,200u,shippingservice-f956b6d9f-hcwkr,1,16
15:01:51,200u,adservice-574bff445c-jlcsd,3,267
15:01:51,200u,adservice-574bff445c-t4fs9,3,242
15:01:51,200u,adservice-574bff445c-zmjkn,4,239
15:01:51,200u,cartservice-7c84fdfb6-2zq5m,4,151
15:01:51,200u,cartservice-7c84fdfb6-9vg9m,2,154
15:01:51,200u,cartservice-7c84fdfb6-tz7d8,3,141
15:01:51,200u,checkoutservice-6f4dbd65bf-6rst2,1,19
15:01:51,200u,checkoutservice-6f4dbd65bf-gjtpl,1,21
15:01:51,200u,checkoutservice-6f4dbd65bf-gzr5s,1,19
15:01:51,200u,currencyservice-7c8fc8fc9c-p8hlf,2,111
15:01:51,200u,currencyservice-7c8fc8fc9c-ss7w5,2,102
15:01:51,200u,currencyservice-7c8fc8fc9c-vksqd,2,101
15:01:51,200u,emailservice-66944ff59-924vd,4,56
15:01:51,200u,emailservice-66944ff59-rspdn,4,56
15:01:51,200u,emailservice-66944ff59-ztv9n,4,56
15:01:51,200u,envoy-grpc-lb-648f879c96-b7d94,6,39
15:01:51,200u,frontend-56d4848657-465mj,1,35
15:01:51,200u,frontend-56d4848657-4s4hv,1,34
15:01:51,200u,frontend-56d4848657-8z4sk,1,30
15:01:51,200u,paymentservice-9bfb7bf5-dmwrc,1,73
15:01:51,200u,paymentservice-9bfb7bf5-mpf2j,1,73
15:01:51,200u,paymentservice-9bfb7bf5-n8v8z,2,103
15:01:51,200u,productcatalogservice-65bbf699df-hlwh8,1,22
15:01:51,200u,productcatalogservice-65bbf699df-lw2bl,1,19
15:01:51,200u,productcatalogservice-65bbf699df-t64z2,1,21
15:01:51,200u,recommendationservice-7d7f9f7777-6s2rv,4,55
15:01:51,200u,recommendationservice-7d7f9f7777-mptll,3,57
15:01:51,200u,recommendationservice-7d7f9f7777-pdnlv,4,55
15:01:51,200u,redis-cart-c8ff86559-zwp6z,3,11
15:01:51,200u,shippingservice-f956b6d9f-bw9bp,1,16
15:01:51,200u,shippingservice-f956b6d9f-g9wg4,1,16
15:01:51,200u,shippingservice-f956b6d9f-hcwkr,1,16
15:02:01,200u,adservice-574bff445c-jlcsd,3,269
15:02:01,200u,adservice-574bff445c-t4fs9,4,242
15:02:01,200u,adservice-574bff445c-zmjkn,6,239
15:02:01,200u,cartservice-7c84fdfb6-2zq5m,3,151
15:02:01,200u,cartservice-7c84fdfb6-9vg9m,3,154
15:02:01,200u,cartservice-7c84fdfb6-tz7d8,2,141
15:02:01,200u,checkoutservice-6f4dbd65bf-6rst2,1,19
15:02:01,200u,checkoutservice-6f4dbd65bf-gjtpl,2,21
15:02:01,200u,checkoutservice-6f4dbd65bf-gzr5s,1,19
15:02:01,200u,currencyservice-7c8fc8fc9c-p8hlf,2,111
15:02:01,200u,currencyservice-7c8fc8fc9c-ss7w5,4,102
15:02:01,200u,currencyservice-7c8fc8fc9c-vksqd,3,101
15:02:01,200u,emailservice-66944ff59-924vd,4,56
15:02:01,200u,emailservice-66944ff59-rspdn,4,56
15:02:01,200u,emailservice-66944ff59-ztv9n,4,56
15:02:01,200u,envoy-grpc-lb-648f879c96-b7d94,6,39
15:02:01,200u,frontend-56d4848657-465mj,2,35
15:02:01,200u,frontend-56d4848657-4s4hv,1,34
15:02:01,200u,frontend-56d4848657-8z4sk,1,30
15:02:01,200u,paymentservice-9bfb7bf5-dmwrc,3,73
15:02:01,200u,paymentservice-9bfb7bf5-mpf2j,2,73
15:02:01,200u,paymentservice-9bfb7bf5-n8v8z,2,103
15:02:01,200u,productcatalogservice-65bbf699df-hlwh8,2,22
15:02:01,200u,productcatalogservice-65bbf699df-lw2bl,1,19
15:02:01,200u,productcatalogservice-65bbf699df-t64z2,1,21
15:02:01,200u,recommendationservice-7d7f9f7777-6s2rv,4,55
15:02:01,200u,recommendationservice-7d7f9f7777-mptll,4,57
15:02:01,200u,recommendationservice-7d7f9f7777-pdnlv,4,55
15:02:01,200u,redis-cart-c8ff86559-zwp6z,3,11
15:02:01,200u,shippingservice-f956b6d9f-bw9bp,1,16
15:02:01,200u,shippingservice-f956b6d9f-g9wg4,1,16
15:02:01,200u,shippingservice-f956b6d9f-hcwkr,1,16
15:02:12,200u,adservice-574bff445c-jlcsd,2,269
15:02:12,200u,adservice-574bff445c-t4fs9,4,242
15:02:12,200u,adservice-574bff445c-zmjkn,5,239
15:02:12,200u,cartservice-7c84fdfb6-2zq5m,3,151
15:02:12,200u,cartservice-7c84fdfb6-9vg9m,3,154
15:02:12,200u,cartservice-7c84fdfb6-tz7d8,3,141
15:02:12,200u,checkoutservice-6f4dbd65bf-6rst2,1,19
15:02:12,200u,checkoutservice-6f4dbd65bf-gjtpl,1,21
15:02:12,200u,checkoutservice-6f4dbd65bf-gzr5s,1,19
15:02:12,200u,currencyservice-7c8fc8fc9c-p8hlf,2,111
15:02:12,200u,currencyservice-7c8fc8fc9c-ss7w5,2,102
15:02:12,200u,currencyservice-7c8fc8fc9c-vksqd,2,101
15:02:12,200u,emailservice-66944ff59-924vd,4,56
15:02:12,200u,emailservice-66944ff59-rspdn,5,56
15:02:12,200u,emailservice-66944ff59-ztv9n,4,56
15:02:12,200u,envoy-grpc-lb-648f879c96-b7d94,7,39
15:02:12,200u,frontend-56d4848657-465mj,1,33
15:02:12,200u,frontend-56d4848657-4s4hv,1,34
15:02:12,200u,frontend-56d4848657-8z4sk,1,30
15:02:12,200u,paymentservice-9bfb7bf5-dmwrc,2,73
15:02:12,200u,paymentservice-9bfb7bf5-mpf2j,2,73
15:02:12,200u,paymentservice-9bfb7bf5-n8v8z,3,103
15:02:12,200u,productcatalogservice-65bbf699df-hlwh8,1,22
15:02:12,200u,productcatalogservice-65bbf699df-lw2bl,1,19
15:02:12,200u,productcatalogservice-65bbf699df-t64z2,1,21
15:02:12,200u,recommendationservice-7d7f9f7777-6s2rv,5,55
15:02:12,200u,recommendationservice-7d7f9f7777-mptll,4,57
15:02:12,200u,recommendationservice-7d7f9f7777-pdnlv,4,55
15:02:12,200u,redis-cart-c8ff86559-zwp6z,3,11
15:02:12,200u,shippingservice-f956b6d9f-bw9bp,1,16
15:02:12,200u,shippingservice-f956b6d9f-g9wg4,1,16
15:02:12,200u,shippingservice-f956b6d9f-hcwkr,1,16
15:02:22,300u,adservice-574bff445c-jlcsd,2,269
15:02:22,300u,adservice-574bff445c-t4fs9,4,242
15:02:22,300u,adservice-574bff445c-zmjkn,5,239
15:02:22,300u,cartservice-7c84fdfb6-2zq5m,3,151
15:02:22,300u,cartservice-7c84fdfb6-9vg9m,3,154
15:02:22,300u,cartservice-7c84fdfb6-tz7d8,3,141
15:02:22,300u,checkoutservice-6f4dbd65bf-6rst2,1,19
15:02:22,300u,checkoutservice-6f4dbd65bf-gjtpl,1,21
15:02:22,300u,checkoutservice-6f4dbd65bf-gzr5s,1,19
15:02:22,300u,currencyservice-7c8fc8fc9c-p8hlf,2,111
15:02:22,300u,currencyservice-7c8fc8fc9c-ss7w5,2,102
15:02:22,300u,currencyservice-7c8fc8fc9c-vksqd,2,101
15:02:22,300u,emailservice-66944ff59-924vd,4,56
15:02:22,300u,emailservice-66944ff59-rspdn,5,56
15:02:22,300u,emailservice-66944ff59-ztv9n,4,56
15:02:22,300u,envoy-grpc-lb-648f879c96-b7d94,7,39
15:02:22,300u,frontend-56d4848657-465mj,1,33
15:02:22,300u,frontend-56d4848657-4s4hv,1,34
15:02:22,300u,frontend-56d4848657-8z4sk,1,30
15:02:22,300u,paymentservice-9bfb7bf5-dmwrc,2,73
15:02:22,300u,paymentservice-9bfb7bf5-mpf2j,2,73
15:02:22,300u,paymentservice-9bfb7bf5-n8v8z,3,103
15:02:22,300u,productcatalogservice-65bbf699df-hlwh8,1,22
15:02:22,300u,productcatalogservice-65bbf699df-lw2bl,1,19
15:02:22,300u,productcatalogservice-65bbf699df-t64z2,1,21
15:02:22,300u,recommendationservice-7d7f9f7777-6s2rv,5,55
15:02:22,300u,recommendationservice-7d7f9f7777-mptll,4,57
15:02:22,300u,recommendationservice-7d7f9f7777-pdnlv,4,55
15:02:22,300u,redis-cart-c8ff86559-zwp6z,3,11
15:02:22,300u,shippingservice-f956b6d9f-bw9bp,1,16
15:02:22,300u,shippingservice-f956b6d9f-g9wg4,1,16
15:02:22,300u,shippingservice-f956b6d9f-hcwkr,1,16
15:02:32,300u,adservice-574bff445c-jlcsd,9,268
15:02:32,300u,adservice-574bff445c-t4fs9,7,242
15:02:32,300u,adservice-574bff445c-zmjkn,6,239
15:02:32,300u,cartservice-7c84fdfb6-2zq5m,8,151
15:02:32,300u,cartservice-7c84fdfb6-9vg9m,7,154
15:02:32,300u,cartservice-7c84fdfb6-tz7d8,6,141
15:02:32,300u,checkoutservice-6f4dbd65bf-6rst2,3,19
15:02:32,300u,checkoutservice-6f4dbd65bf-gjtpl,2,21
15:02:32,300u,checkoutservice-6f4dbd65bf-gzr5s,2,19
15:02:32,300u,currencyservice-7c8fc8fc9c-p8hlf,12,111
15:02:32,300u,currencyservice-7c8fc8fc9c-ss7w5,13,102
15:02:32,300u,currencyservice-7c8fc8fc9c-vksqd,11,101
15:02:32,300u,emailservice-66944ff59-924vd,4,56
15:02:32,300u,emailservice-66944ff59-rspdn,5,56
15:02:32,300u,emailservice-66944ff59-ztv9n,4,56
15:02:32,300u,envoy-grpc-lb-648f879c96-b7d94,35,39
15:02:32,300u,frontend-56d4848657-465mj,8,31
15:02:32,300u,frontend-56d4848657-4s4hv,18,31
15:02:32,300u,frontend-56d4848657-8z4sk,9,27
15:02:32,300u,paymentservice-9bfb7bf5-dmwrc,3,73
15:02:32,300u,paymentservice-9bfb7bf5-mpf2j,2,73
15:02:32,300u,paymentservice-9bfb7bf5-n8v8z,3,103
15:02:32,300u,productcatalogservice-65bbf699df-hlwh8,6,22
15:02:32,300u,productcatalogservice-65bbf699df-lw2bl,6,19
15:02:32,300u,productcatalogservice-65bbf699df-t64z2,6,21
15:02:32,300u,recommendationservice-7d7f9f7777-6s2rv,11,55
15:02:32,300u,recommendationservice-7d7f9f7777-mptll,9,57
15:02:32,300u,recommendationservice-7d7f9f7777-pdnlv,9,55
15:02:32,300u,redis-cart-c8ff86559-zwp6z,4,11
15:02:32,300u,shippingservice-f956b6d9f-bw9bp,2,16
15:02:32,300u,shippingservice-f956b6d9f-g9wg4,1,16
15:02:32,300u,shippingservice-f956b6d9f-hcwkr,2,16
15:02:42,300u,adservice-574bff445c-jlcsd,34,269
15:02:42,300u,adservice-574bff445c-t4fs9,28,242
15:02:42,300u,adservice-574bff445c-zmjkn,32,239
15:02:42,300u,cartservice-7c84fdfb6-2zq5m,51,152
15:02:42,300u,cartservice-7c84fdfb6-9vg9m,48,154
15:02:42,300u,cartservice-7c84fdfb6-tz7d8,49,141
15:02:42,300u,checkoutservice-6f4dbd65bf-6rst2,8,19
15:02:42,300u,checkoutservice-6f4dbd65bf-gjtpl,8,21
15:02:42,300u,checkoutservice-6f4dbd65bf-gzr5s,10,19
15:02:42,300u,currencyservice-7c8fc8fc9c-p8hlf,122,111
15:02:42,300u,currencyservice-7c8fc8fc9c-ss7w5,118,102
15:02:42,300u,currencyservice-7c8fc8fc9c-vksqd,115,101
15:02:42,300u,emailservice-66944ff59-924vd,6,56
15:02:42,300u,emailservice-66944ff59-rspdn,7,56
15:02:42,300u,emailservice-66944ff59-ztv9n,6,56
15:02:42,300u,envoy-grpc-lb-648f879c96-b7d94,326,40
15:02:42,300u,frontend-56d4848657-465mj,101,32
15:02:42,300u,frontend-56d4848657-4s4hv,157,32
15:02:42,300u,frontend-56d4848657-8z4sk,120,28
15:02:42,300u,paymentservice-9bfb7bf5-dmwrc,5,73
15:02:42,300u,paymentservice-9bfb7bf5-mpf2j,6,73
15:02:42,300u,paymentservice-9bfb7bf5-n8v8z,6,103
15:02:42,300u,productcatalogservice-65bbf699df-hlwh8,65,22
15:02:42,300u,productcatalogservice-65bbf699df-lw2bl,65,19
15:02:42,300u,productcatalogservice-65bbf699df-t64z2,66,21
15:02:42,300u,recommendationservice-7d7f9f7777-6s2rv,85,55
15:02:42,300u,recommendationservice-7d7f9f7777-mptll,76,57
15:02:42,300u,recommendationservice-7d7f9f7777-pdnlv,78,55
15:02:42,300u,redis-cart-c8ff86559-zwp6z,10,11
15:02:42,300u,shippingservice-f956b6d9f-bw9bp,8,17
15:02:42,300u,shippingservice-f956b6d9f-g9wg4,8,16
15:02:42,300u,shippingservice-f956b6d9f-hcwkr,7,16
15:02:53,300u,adservice-574bff445c-jlcsd,34,269
15:02:53,300u,adservice-574bff445c-t4fs9,28,242
15:02:53,300u,adservice-574bff445c-zmjkn,32,239
15:02:53,300u,cartservice-7c84fdfb6-2zq5m,51,152
15:02:53,300u,cartservice-7c84fdfb6-9vg9m,48,154
15:02:53,300u,cartservice-7c84fdfb6-tz7d8,49,141
15:02:53,300u,checkoutservice-6f4dbd65bf-6rst2,8,19
15:02:53,300u,checkoutservice-6f4dbd65bf-gjtpl,8,21
15:02:53,300u,checkoutservice-6f4dbd65bf-gzr5s,10,19
15:02:53,300u,currencyservice-7c8fc8fc9c-p8hlf,122,111
15:02:53,300u,currencyservice-7c8fc8fc9c-ss7w5,118,102
15:02:53,300u,currencyservice-7c8fc8fc9c-vksqd,115,101
15:02:53,300u,emailservice-66944ff59-924vd,6,56
15:02:53,300u,emailservice-66944ff59-rspdn,7,56
15:02:53,300u,emailservice-66944ff59-ztv9n,6,56
15:02:53,300u,envoy-grpc-lb-648f879c96-b7d94,326,40
15:02:53,300u,frontend-56d4848657-465mj,101,32
15:02:53,300u,frontend-56d4848657-4s4hv,157,32
15:02:53,300u,frontend-56d4848657-8z4sk,120,28
15:02:53,300u,paymentservice-9bfb7bf5-dmwrc,5,73
15:02:53,300u,paymentservice-9bfb7bf5-mpf2j,6,73
15:02:53,300u,paymentservice-9bfb7bf5-n8v8z,6,103
15:02:53,300u,productcatalogservice-65bbf699df-hlwh8,65,22
15:02:53,300u,productcatalogservice-65bbf699df-lw2bl,65,19
15:02:53,300u,productcatalogservice-65bbf699df-t64z2,66,21
15:02:53,300u,recommendationservice-7d7f9f7777-6s2rv,85,55
15:02:53,300u,recommendationservice-7d7f9f7777-mptll,76,57
15:02:53,300u,recommendationservice-7d7f9f7777-pdnlv,78,55
15:02:53,300u,redis-cart-c8ff86559-zwp6z,10,11
15:02:53,300u,shippingservice-f956b6d9f-bw9bp,8,17
15:02:53,300u,shippingservice-f956b6d9f-g9wg4,8,16
15:02:53,300u,shippingservice-f956b6d9f-hcwkr,7,16
15:03:03,300u,adservice-574bff445c-jlcsd,39,272
15:03:03,300u,adservice-574bff445c-t4fs9,35,242
15:03:03,300u,adservice-574bff445c-zmjkn,59,244
15:03:03,300u,cartservice-7c84fdfb6-2zq5m,58,151
15:03:03,300u,cartservice-7c84fdfb6-9vg9m,53,154
15:03:03,300u,cartservice-7c84fdfb6-tz7d8,56,141
15:03:03,300u,checkoutservice-6f4dbd65bf-6rst2,13,19
15:03:03,300u,checkoutservice-6f4dbd65bf-gjtpl,14,21
15:03:03,300u,checkoutservice-6f4dbd65bf-gzr5s,15,19
15:03:03,300u,currencyservice-7c8fc8fc9c-p8hlf,128,111
15:03:03,300u,currencyservice-7c8fc8fc9c-ss7w5,128,103
15:03:03,300u,currencyservice-7c8fc8fc9c-vksqd,128,102
15:03:03,300u,emailservice-66944ff59-924vd,8,56
15:03:03,300u,emailservice-66944ff59-rspdn,10,56
15:03:03,300u,emailservice-66944ff59-ztv9n,8,56
15:03:03,300u,envoy-grpc-lb-648f879c96-b7d94,360,39
15:03:03,300u,frontend-56d4848657-465mj,138,31
15:03:03,300u,frontend-56d4848657-4s4hv,144,31
15:03:03,300u,frontend-56d4848657-8z4sk,123,27
15:03:03,300u,paymentservice-9bfb7bf5-dmwrc,12,75
15:03:03,300u,paymentservice-9bfb7bf5-mpf2j,7,73
15:03:03,300u,paymentservice-9bfb7bf5-n8v8z,6,103
15:03:03,300u,productcatalogservice-65bbf699df-hlwh8,75,22
15:03:03,300u,productcatalogservice-65bbf699df-lw2bl,76,19
15:03:03,300u,productcatalogservice-65bbf699df-t64z2,75,21
15:03:03,300u,recommendationservice-7d7f9f7777-6s2rv,104,55
15:03:03,300u,recommendationservice-7d7f9f7777-mptll,107,57
15:03:03,300u,recommendationservice-7d7f9f7777-pdnlv,100,55
15:03:03,300u,redis-cart-c8ff86559-zwp6z,11,11
15:03:03,300u,shippingservice-f956b6d9f-bw9bp,9,16
15:03:03,300u,shippingservice-f956b6d9f-g9wg4,9,16
15:03:03,300u,shippingservice-f956b6d9f-hcwkr,9,16
15:03:13,300u,adservice-574bff445c-jlcsd,39,280
15:03:13,300u,adservice-574bff445c-t4fs9,31,242
15:03:13,300u,adservice-574bff445c-zmjkn,47,240
15:03:13,300u,cartservice-7c84fdfb6-2zq5m,51,151
15:03:13,300u,cartservice-7c84fdfb6-9vg9m,43,154
15:03:13,300u,cartservice-7c84fdfb6-tz7d8,48,141
15:03:13,300u,checkoutservice-6f4dbd65bf-6rst2,9,19
15:03:13,300u,checkoutservice-6f4dbd65bf-gjtpl,9,21
15:03:13,300u,checkoutservice-6f4dbd65bf-gzr5s,10,19
15:03:13,300u,currencyservice-7c8fc8fc9c-p8hlf,111,112
15:03:13,300u,currencyservice-7c8fc8fc9c-ss7w5,127,99
15:03:13,300u,currencyservice-7c8fc8fc9c-vksqd,121,93
15:03:13,300u,emailservice-66944ff59-924vd,7,56
15:03:13,300u,emailservice-66944ff59-rspdn,8,56
15:03:13,300u,emailservice-66944ff59-ztv9n,7,56
15:03:13,300u,envoy-grpc-lb-648f879c96-b7d94,320,40
15:03:13,300u,frontend-56d4848657-465mj,110,32
15:03:13,300u,frontend-56d4848657-4s4hv,131,31
15:03:13,300u,frontend-56d4848657-8z4sk,131,28
15:03:13,300u,paymentservice-9bfb7bf5-dmwrc,6,75
15:03:13,300u,paymentservice-9bfb7bf5-mpf2j,5,73
15:03:13,300u,paymentservice-9bfb7bf5-n8v8z,6,103
15:03:13,300u,productcatalogservice-65bbf699df-hlwh8,62,22
15:03:13,300u,productcatalogservice-65bbf699df-lw2bl,63,19
15:03:13,300u,productcatalogservice-65bbf699df-t64z2,67,21
15:03:13,300u,recommendationservice-7d7f9f7777-6s2rv,81,55
15:03:13,300u,recommendationservice-7d7f9f7777-mptll,79,57
15:03:13,300u,recommendationservice-7d7f9f7777-pdnlv,75,55
15:03:13,300u,redis-cart-c8ff86559-zwp6z,10,11
15:03:13,300u,shippingservice-f956b6d9f-bw9bp,7,16
15:03:13,300u,shippingservice-f956b6d9f-g9wg4,7,16
15:03:13,300u,shippingservice-f956b6d9f-hcwkr,7,16
15:03:24,300u,adservice-574bff445c-jlcsd,39,280
15:03:24,300u,adservice-574bff445c-t4fs9,31,242
15:03:24,300u,adservice-574bff445c-zmjkn,47,240
15:03:24,300u,cartservice-7c84fdfb6-2zq5m,51,151
15:03:24,300u,cartservice-7c84fdfb6-9vg9m,43,154
15:03:24,300u,cartservice-7c84fdfb6-tz7d8,48,141
15:03:24,300u,checkoutservice-6f4dbd65bf-6rst2,9,19
15:03:24,300u,checkoutservice-6f4dbd65bf-gjtpl,9,21
15:03:24,300u,checkoutservice-6f4dbd65bf-gzr5s,10,19
15:03:24,300u,currencyservice-7c8fc8fc9c-p8hlf,111,112
15:03:24,300u,currencyservice-7c8fc8fc9c-ss7w5,127,99
15:03:24,300u,currencyservice-7c8fc8fc9c-vksqd,121,93
15:03:24,300u,emailservice-66944ff59-924vd,7,56
15:03:24,300u,emailservice-66944ff59-rspdn,8,56
15:03:24,300u,emailservice-66944ff59-ztv9n,7,56
15:03:24,300u,envoy-grpc-lb-648f879c96-b7d94,320,40
15:03:24,300u,frontend-56d4848657-465mj,110,32
15:03:24,300u,frontend-56d4848657-4s4hv,131,31
15:03:24,300u,frontend-56d4848657-8z4sk,131,28
15:03:24,300u,paymentservice-9bfb7bf5-dmwrc,6,75
15:03:24,300u,paymentservice-9bfb7bf5-mpf2j,5,73
15:03:24,300u,paymentservice-9bfb7bf5-n8v8z,6,103
15:03:24,300u,productcatalogservice-65bbf699df-hlwh8,62,22
15:03:24,300u,productcatalogservice-65bbf699df-lw2bl,63,19
15:03:24,300u,productcatalogservice-65bbf699df-t64z2,67,21
15:03:24,300u,recommendationservice-7d7f9f7777-6s2rv,81,55
15:03:24,300u,recommendationservice-7d7f9f7777-mptll,79,57
15:03:24,300u,recommendationservice-7d7f9f7777-pdnlv,75,55
15:03:24,300u,redis-cart-c8ff86559-zwp6z,10,11
15:03:24,300u,shippingservice-f956b6d9f-bw9bp,7,16
15:03:24,300u,shippingservice-f956b6d9f-g9wg4,7,16
15:03:24,300u,shippingservice-f956b6d9f-hcwkr,7,16
15:03:34,300u,adservice-574bff445c-jlcsd,50,269
15:03:34,300u,adservice-574bff445c-t4fs9,45,242
15:03:34,300u,adservice-574bff445c-zmjkn,38,240
15:03:34,300u,cartservice-7c84fdfb6-2zq5m,75,151
15:03:34,300u,cartservice-7c84fdfb6-9vg9m,69,154
15:03:34,300u,cartservice-7c84fdfb6-tz7d8,64,141
15:03:34,300u,checkoutservice-6f4dbd65bf-6rst2,18,19
15:03:34,300u,checkoutservice-6f4dbd65bf-gjtpl,18,21
15:03:34,300u,checkoutservice-6f4dbd65bf-gzr5s,18,19
15:03:34,300u,currencyservice-7c8fc8fc9c-p8hlf,181,111
15:03:34,300u,currencyservice-7c8fc8fc9c-ss7w5,181,103
15:03:34,300u,currencyservice-7c8fc8fc9c-vksqd,180,99
15:03:34,300u,emailservice-66944ff59-924vd,10,56
15:03:34,300u,emailservice-66944ff59-rspdn,11,56
15:03:34,300u,emailservice-66944ff59-ztv9n,10,56
15:03:34,300u,envoy-grpc-lb-648f879c96-b7d94,483,40
15:03:34,300u,frontend-56d4848657-465mj,174,34
15:03:34,300u,frontend-56d4848657-4s4hv,185,32
15:03:34,300u,frontend-56d4848657-8z4sk,190,28
15:03:34,300u,paymentservice-9bfb7bf5-dmwrc,8,75
15:03:34,300u,paymentservice-9bfb7bf5-mpf2j,16,75
15:03:34,300u,paymentservice-9bfb7bf5-n8v8z,13,106
15:03:34,300u,productcatalogservice-65bbf699df-hlwh8,99,22
15:03:34,300u,productcatalogservice-65bbf699df-lw2bl,99,19
15:03:34,300u,productcatalogservice-65bbf699df-t64z2,100,21
15:03:34,300u,recommendationservice-7d7f9f7777-6s2rv,141,55
15:03:34,300u,recommendationservice-7d7f9f7777-mptll,135,57
15:03:34,300u,recommendationservice-7d7f9f7777-pdnlv,140,55
15:03:34,300u,redis-cart-c8ff86559-zwp6z,14,11
15:03:34,300u,shippingservice-f956b6d9f-bw9bp,11,16
15:03:34,300u,shippingservice-f956b6d9f-g9wg4,12,16
15:03:34,300u,shippingservice-f956b6d9f-hcwkr,13,16
15:03:44,300u,adservice-574bff445c-jlcsd,50,269
15:03:44,300u,adservice-574bff445c-t4fs9,56,243
15:03:44,300u,adservice-574bff445c-zmjkn,68,241
15:03:44,300u,cartservice-7c84fdfb6-2zq5m,88,151
15:03:44,300u,cartservice-7c84fdfb6-9vg9m,91,154
15:03:44,300u,cartservice-7c84fdfb6-tz7d8,88,141
15:03:44,300u,checkoutservice-6f4dbd65bf-6rst2,20,19
15:03:44,300u,checkoutservice-6f4dbd65bf-gjtpl,20,21
15:03:44,300u,checkoutservice-6f4dbd65bf-gzr5s,23,19
15:03:44,300u,currencyservice-7c8fc8fc9c-p8hlf,196,113
15:03:44,300u,currencyservice-7c8fc8fc9c-ss7w5,198,105
15:03:44,300u,currencyservice-7c8fc8fc9c-vksqd,197,101
15:03:44,300u,emailservice-66944ff59-924vd,13,56
15:03:44,300u,emailservice-66944ff59-rspdn,11,56
15:03:44,300u,emailservice-66944ff59-ztv9n,11,56
15:03:44,300u,envoy-grpc-lb-648f879c96-b7d94,498,40
15:03:44,300u,frontend-56d4848657-465mj,197,35
15:03:44,300u,frontend-56d4848657-4s4hv,193,32
15:03:44,300u,frontend-56d4848657-8z4sk,199,28
15:03:44,300u,paymentservice-9bfb7bf5-dmwrc,10,75
15:03:44,300u,paymentservice-9bfb7bf5-mpf2j,10,75
15:03:44,300u,paymentservice-9bfb7bf5-n8v8z,8,106
15:03:44,300u,productcatalogservice-65bbf699df-hlwh8,105,22
15:03:44,300u,productcatalogservice-65bbf699df-lw2bl,111,19
15:03:44,300u,productcatalogservice-65bbf699df-t64z2,107,21
15:03:44,300u,recommendationservice-7d7f9f7777-6s2rv,177,55
15:03:44,300u,recommendationservice-7d7f9f7777-mptll,185,57
15:03:44,300u,recommendationservice-7d7f9f7777-pdnlv,178,55
15:03:44,300u,redis-cart-c8ff86559-zwp6z,16,11
15:03:44,300u,shippingservice-f956b6d9f-bw9bp,14,16
15:03:44,300u,shippingservice-f956b6d9f-g9wg4,13,16
15:03:44,300u,shippingservice-f956b6d9f-hcwkr,14,16
15:03:54,300u,adservice-574bff445c-jlcsd,50,269
15:03:54,300u,adservice-574bff445c-t4fs9,56,243
15:03:54,300u,adservice-574bff445c-zmjkn,68,241
15:03:54,300u,cartservice-7c84fdfb6-2zq5m,88,151
15:03:54,300u,cartservice-7c84fdfb6-9vg9m,91,154
15:03:54,300u,cartservice-7c84fdfb6-tz7d8,88,141
15:03:54,300u,checkoutservice-6f4dbd65bf-6rst2,20,19
15:03:54,300u,checkoutservice-6f4dbd65bf-gjtpl,20,21
15:03:54,300u,checkoutservice-6f4dbd65bf-gzr5s,23,19
15:03:54,300u,currencyservice-7c8fc8fc9c-p8hlf,196,113
15:03:54,300u,currencyservice-7c8fc8fc9c-ss7w5,198,105
15:03:54,300u,currencyservice-7c8fc8fc9c-vksqd,197,101
15:03:54,300u,emailservice-66944ff59-924vd,13,56
15:03:54,300u,emailservice-66944ff59-rspdn,11,56
15:03:54,300u,emailservice-66944ff59-ztv9n,11,56
15:03:54,300u,envoy-grpc-lb-648f879c96-b7d94,498,40
15:03:54,300u,frontend-56d4848657-465mj,197,35
15:03:54,300u,frontend-56d4848657-4s4hv,193,32
15:03:54,300u,frontend-56d4848657-8z4sk,199,28
15:03:54,300u,paymentservice-9bfb7bf5-dmwrc,10,75
15:03:54,300u,paymentservice-9bfb7bf5-mpf2j,10,75
15:03:54,300u,paymentservice-9bfb7bf5-n8v8z,8,106
15:03:54,300u,productcatalogservice-65bbf699df-hlwh8,105,22
15:03:54,300u,productcatalogservice-65bbf699df-lw2bl,111,19
15:03:54,300u,productcatalogservice-65bbf699df-t64z2,107,21
15:03:54,300u,recommendationservice-7d7f9f7777-6s2rv,177,55
15:03:54,300u,recommendationservice-7d7f9f7777-mptll,185,57
15:03:54,300u,recommendationservice-7d7f9f7777-pdnlv,178,55
15:03:54,300u,redis-cart-c8ff86559-zwp6z,16,11
15:03:54,300u,shippingservice-f956b6d9f-bw9bp,14,16
15:03:54,300u,shippingservice-f956b6d9f-g9wg4,13,16
15:03:54,300u,shippingservice-f956b6d9f-hcwkr,14,16
15:04:05,300u,adservice-574bff445c-jlcsd,67,269
15:04:05,300u,adservice-574bff445c-t4fs9,53,243
15:04:05,300u,adservice-574bff445c-zmjkn,55,240
15:04:05,300u,cartservice-7c84fdfb6-2zq5m,98,151
15:04:05,300u,cartservice-7c84fdfb6-9vg9m,98,154
15:04:05,300u,cartservice-7c84fdfb6-tz7d8,93,141
15:04:05,300u,checkoutservice-6f4dbd65bf-6rst2,22,19
15:04:05,300u,checkoutservice-6f4dbd65bf-gjtpl,22,21
15:04:05,300u,checkoutservice-6f4dbd65bf-gzr5s,26,19
15:04:05,300u,currencyservice-7c8fc8fc9c-p8hlf,200,114
15:04:05,300u,currencyservice-7c8fc8fc9c-ss7w5,199,108
15:04:05,300u,currencyservice-7c8fc8fc9c-vksqd,200,102
15:04:05,300u,emailservice-66944ff59-924vd,12,56
15:04:05,300u,emailservice-66944ff59-rspdn,12,56
15:04:05,300u,emailservice-66944ff59-ztv9n,11,56
15:04:05,300u,envoy-grpc-lb-648f879c96-b7d94,500,40
15:04:05,300u,frontend-56d4848657-465mj,196,35
15:04:05,300u,frontend-56d4848657-4s4hv,199,33
15:04:05,300u,frontend-56d4848657-8z4sk,198,29
15:04:05,300u,paymentservice-9bfb7bf5-dmwrc,18,76
15:04:05,300u,paymentservice-9bfb7bf5-mpf2j,8,76
15:04:05,300u,paymentservice-9bfb7bf5-n8v8z,11,106
15:04:05,300u,productcatalogservice-65bbf699df-hlwh8,106,22
15:04:05,300u,productcatalogservice-65bbf699df-lw2bl,107,19
15:04:05,300u,productcatalogservice-65bbf699df-t64z2,109,21
15:04:05,300u,recommendationservice-7d7f9f7777-6s2rv,196,55
15:04:05,300u,recommendationservice-7d7f9f7777-mptll,199,57
15:04:05,300u,recommendationservice-7d7f9f7777-pdnlv,194,55
15:04:05,300u,redis-cart-c8ff86559-zwp6z,17,11
15:04:05,300u,shippingservice-f956b6d9f-bw9bp,15,16
15:04:05,300u,shippingservice-f956b6d9f-g9wg4,15,16
15:04:05,300u,shippingservice-f956b6d9f-hcwkr,13,16
15:04:15,300u,adservice-574bff445c-jlcsd,58,269
15:04:15,300u,adservice-574bff445c-t4fs9,69,243
15:04:15,300u,adservice-574bff445c-zmjkn,60,240
15:04:15,300u,cartservice-7c84fdfb6-2zq5m,103,151
15:04:15,300u,cartservice-7c84fdfb6-9vg9m,106,154
15:04:15,300u,cartservice-7c84fdfb6-tz7d8,99,141
15:04:15,300u,checkoutservice-6f4dbd65bf-6rst2,24,19
15:04:15,300u,checkoutservice-6f4dbd65bf-gjtpl,26,21
15:04:15,300u,checkoutservice-6f4dbd65bf-gzr5s,27,19
15:04:15,300u,currencyservice-7c8fc8fc9c-p8hlf,200,114
15:04:15,300u,currencyservice-7c8fc8fc9c-ss7w5,200,108
15:04:15,300u,currencyservice-7c8fc8fc9c-vksqd,200,105
15:04:15,300u,emailservice-66944ff59-924vd,11,56
15:04:15,300u,emailservice-66944ff59-rspdn,13,56
15:04:15,300u,emailservice-66944ff59-ztv9n,13,56
15:04:15,300u,envoy-grpc-lb-648f879c96-b7d94,501,39
15:04:15,300u,frontend-56d4848657-465mj,199,36
15:04:15,300u,frontend-56d4848657-4s4hv,199,34
15:04:15,300u,frontend-56d4848657-8z4sk,198,31
15:04:15,300u,paymentservice-9bfb7bf5-dmwrc,8,76
15:04:15,300u,paymentservice-9bfb7bf5-mpf2j,12,76
15:04:15,300u,paymentservice-9bfb7bf5-n8v8z,9,106
15:04:15,300u,productcatalogservice-65bbf699df-hlwh8,104,22
15:04:15,300u,productcatalogservice-65bbf699df-lw2bl,107,19
15:04:15,300u,productcatalogservice-65bbf699df-t64z2,107,21
15:04:15,300u,recommendationservice-7d7f9f7777-6s2rv,200,55
15:04:15,300u,recommendationservice-7d7f9f7777-mptll,200,57
15:04:15,300u,recommendationservice-7d7f9f7777-pdnlv,199,55
15:04:15,300u,redis-cart-c8ff86559-zwp6z,18,11
15:04:15,300u,shippingservice-f956b6d9f-bw9bp,16,16
15:04:15,300u,shippingservice-f956b6d9f-g9wg4,16,16
15:04:15,300u,shippingservice-f956b6d9f-hcwkr,15,16
15:04:25,300u,adservice-574bff445c-jlcsd,57,269
15:04:25,300u,adservice-574bff445c-t4fs9,57,243
15:04:25,300u,adservice-574bff445c-zmjkn,62,240
15:04:25,300u,cartservice-7c84fdfb6-2zq5m,97,151
15:04:25,300u,cartservice-7c84fdfb6-9vg9m,104,154
15:04:25,300u,cartservice-7c84fdfb6-tz7d8,91,141
15:04:25,300u,checkoutservice-6f4dbd65bf-6rst2,28,19
15:04:25,300u,checkoutservice-6f4dbd65bf-gjtpl,34,21
15:04:25,300u,checkoutservice-6f4dbd65bf-gzr5s,26,19
15:04:25,300u,currencyservice-7c8fc8fc9c-p8hlf,198,116
15:04:25,300u,currencyservice-7c8fc8fc9c-ss7w5,197,109
15:04:25,300u,currencyservice-7c8fc8fc9c-vksqd,198,105
15:04:25,300u,emailservice-66944ff59-924vd,13,56
15:04:25,300u,emailservice-66944ff59-rspdn,13,56
15:04:25,300u,emailservice-66944ff59-ztv9n,14,56
15:04:25,300u,envoy-grpc-lb-648f879c96-b7d94,498,40
15:04:25,300u,frontend-56d4848657-465mj,198,37
15:04:25,300u,frontend-56d4848657-4s4hv,198,34
15:04:25,300u,frontend-56d4848657-8z4sk,199,31
15:04:25,300u,paymentservice-9bfb7bf5-dmwrc,11,76
15:04:25,300u,paymentservice-9bfb7bf5-mpf2j,10,76
15:04:25,300u,paymentservice-9bfb7bf5-n8v8z,12,106
15:04:25,300u,productcatalogservice-65bbf699df-hlwh8,100,22
15:04:25,300u,productcatalogservice-65bbf699df-lw2bl,102,19
15:04:25,300u,productcatalogservice-65bbf699df-t64z2,103,21
15:04:25,300u,recommendationservice-7d7f9f7777-6s2rv,200,55
15:04:25,300u,recommendationservice-7d7f9f7777-mptll,199,57
15:04:25,300u,recommendationservice-7d7f9f7777-pdnlv,198,55
15:04:25,300u,redis-cart-c8ff86559-zwp6z,17,11
15:04:25,300u,shippingservice-f956b6d9f-bw9bp,17,17
15:04:25,300u,shippingservice-f956b6d9f-g9wg4,16,16
15:04:25,300u,shippingservice-f956b6d9f-hcwkr,17,16
15:04:35,300u,adservice-574bff445c-jlcsd,57,269
15:04:35,300u,adservice-574bff445c-t4fs9,57,243
15:04:35,300u,adservice-574bff445c-zmjkn,62,240
15:04:35,300u,cartservice-7c84fdfb6-2zq5m,97,151
15:04:35,300u,cartservice-7c84fdfb6-9vg9m,104,154
15:04:35,300u,cartservice-7c84fdfb6-tz7d8,91,141
15:04:35,300u,checkoutservice-6f4dbd65bf-6rst2,28,19
15:04:35,300u,checkoutservice-6f4dbd65bf-gjtpl,34,21
15:04:35,300u,checkoutservice-6f4dbd65bf-gzr5s,26,19
15:04:35,300u,currencyservice-7c8fc8fc9c-p8hlf,198,116
15:04:35,300u,currencyservice-7c8fc8fc9c-ss7w5,197,109
15:04:35,300u,currencyservice-7c8fc8fc9c-vksqd,198,105
15:04:35,300u,emailservice-66944ff59-924vd,13,56
15:04:35,300u,emailservice-66944ff59-rspdn,13,56
15:04:35,300u,emailservice-66944ff59-ztv9n,14,56
15:04:35,300u,envoy-grpc-lb-648f879c96-b7d94,498,40
15:04:35,300u,frontend-56d4848657-465mj,198,37
15:04:35,300u,frontend-56d4848657-4s4hv,198,34
15:04:35,300u,frontend-56d4848657-8z4sk,199,31
15:04:35,300u,paymentservice-9bfb7bf5-dmwrc,11,76
15:04:35,300u,paymentservice-9bfb7bf5-mpf2j,10,76
15:04:35,300u,paymentservice-9bfb7bf5-n8v8z,12,106
15:04:35,300u,productcatalogservice-65bbf699df-hlwh8,100,22
15:04:35,300u,productcatalogservice-65bbf699df-lw2bl,102,19
15:04:35,300u,productcatalogservice-65bbf699df-t64z2,103,21
15:04:35,300u,recommendationservice-7d7f9f7777-6s2rv,200,55
15:04:35,300u,recommendationservice-7d7f9f7777-mptll,199,57
15:04:35,300u,recommendationservice-7d7f9f7777-pdnlv,198,55
15:04:35,300u,redis-cart-c8ff86559-zwp6z,17,11
15:04:35,300u,shippingservice-f956b6d9f-bw9bp,17,17
15:04:35,300u,shippingservice-f956b6d9f-g9wg4,16,16
15:04:35,300u,shippingservice-f956b6d9f-hcwkr,17,16
15:04:46,300u,adservice-574bff445c-jlcsd,65,269
15:04:46,300u,adservice-574bff445c-t4fs9,65,243
15:04:46,300u,adservice-574bff445c-zmjkn,69,240
15:04:46,300u,cartservice-7c84fdfb6-2zq5m,90,152
15:04:46,300u,cartservice-7c84fdfb6-9vg9m,108,154
15:04:46,300u,cartservice-7c84fdfb6-tz7d8,77,141
15:04:46,300u,checkoutservice-6f4dbd65bf-6rst2,31,19
15:04:46,300u,checkoutservice-6f4dbd65bf-gjtpl,26,21
15:04:46,300u,checkoutservice-6f4dbd65bf-gzr5s,27,19
15:04:46,300u,currencyservice-7c8fc8fc9c-p8hlf,200,116
15:04:46,300u,currencyservice-7c8fc8fc9c-ss7w5,199,111
15:04:46,300u,currencyservice-7c8fc8fc9c-vksqd,200,108
15:04:46,300u,emailservice-66944ff59-924vd,15,56
15:04:46,300u,emailservice-66944ff59-rspdn,12,56
15:04:46,300u,emailservice-66944ff59-ztv9n,13,56
15:04:46,300u,envoy-grpc-lb-648f879c96-b7d94,501,39
15:04:46,300u,frontend-56d4848657-465mj,199,38
15:04:46,300u,frontend-56d4848657-4s4hv,198,35
15:04:46,300u,frontend-56d4848657-8z4sk,200,33
15:04:46,300u,paymentservice-9bfb7bf5-dmwrc,11,76
15:04:46,300u,paymentservice-9bfb7bf5-mpf2j,11,76
15:04:46,300u,paymentservice-9bfb7bf5-n8v8z,11,106
15:04:46,300u,productcatalogservice-65bbf699df-hlwh8,101,22
15:04:46,300u,productcatalogservice-65bbf699df-lw2bl,103,20
15:04:46,300u,productcatalogservice-65bbf699df-t64z2,102,21
15:04:46,300u,recommendationservice-7d7f9f7777-6s2rv,198,55
15:04:46,300u,recommendationservice-7d7f9f7777-mptll,201,57
15:04:46,300u,recommendationservice-7d7f9f7777-pdnlv,199,55
15:04:46,300u,redis-cart-c8ff86559-zwp6z,17,11
15:04:46,300u,shippingservice-f956b6d9f-bw9bp,17,17
15:04:46,300u,shippingservice-f956b6d9f-g9wg4,16,16
15:04:46,300u,shippingservice-f956b6d9f-hcwkr,19,16
15:04:56,300u,adservice-574bff445c-jlcsd,44,269
15:04:56,300u,adservice-574bff445c-t4fs9,44,243
15:04:56,300u,adservice-574bff445c-zmjkn,48,240
15:04:56,300u,cartservice-7c84fdfb6-2zq5m,70,152
15:04:56,300u,cartservice-7c84fdfb6-9vg9m,80,154
15:04:56,300u,cartservice-7c84fdfb6-tz7d8,75,143
15:04:56,300u,checkoutservice-6f4dbd65bf-6rst2,22,20
15:04:56,300u,checkoutservice-6f4dbd65bf-gjtpl,20,21
15:04:56,300u,checkoutservice-6f4dbd65bf-gzr5s,19,19
15:04:56,300u,currencyservice-7c8fc8fc9c-p8hlf,144,118
15:04:56,300u,currencyservice-7c8fc8fc9c-ss7w5,145,111
15:04:56,300u,currencyservice-7c8fc8fc9c-vksqd,146,107
15:04:56,300u,emailservice-66944ff59-924vd,12,56
15:04:56,300u,emailservice-66944ff59-rspdn,12,56
15:04:56,300u,emailservice-66944ff59-ztv9n,11,56
15:04:56,300u,envoy-grpc-lb-648f879c96-b7d94,363,39
15:04:56,300u,frontend-56d4848657-465mj,143,38
15:04:56,300u,frontend-56d4848657-4s4hv,145,35
15:04:56,300u,frontend-56d4848657-8z4sk,144,32
15:04:56,300u,paymentservice-9bfb7bf5-dmwrc,12,77
15:04:56,300u,paymentservice-9bfb7bf5-mpf2j,8,76
15:04:56,300u,paymentservice-9bfb7bf5-n8v8z,9,106
15:04:56,300u,productcatalogservice-65bbf699df-hlwh8,73,22
15:04:56,300u,productcatalogservice-65bbf699df-lw2bl,73,19
15:04:56,300u,productcatalogservice-65bbf699df-t64z2,75,22
15:04:56,300u,recommendationservice-7d7f9f7777-6s2rv,148,55
15:04:56,300u,recommendationservice-7d7f9f7777-mptll,146,57
15:04:56,300u,recommendationservice-7d7f9f7777-pdnlv,147,55
15:04:56,300u,redis-cart-c8ff86559-zwp6z,15,11
15:04:56,300u,shippingservice-f956b6d9f-bw9bp,14,17
15:04:56,300u,shippingservice-f956b6d9f-g9wg4,12,16
15:04:56,300u,shippingservice-f956b6d9f-hcwkr,13,16
15:05:06,300u,adservice-574bff445c-jlcsd,44,269
15:05:06,300u,adservice-574bff445c-t4fs9,44,243
15:05:06,300u,adservice-574bff445c-zmjkn,48,240
15:05:06,300u,cartservice-7c84fdfb6-2zq5m,70,152
15:05:06,300u,cartservice-7c84fdfb6-9vg9m,80,154
15:05:06,300u,cartservice-7c84fdfb6-tz7d8,75,143
15:05:06,300u,checkoutservice-6f4dbd65bf-6rst2,22,20
15:05:06,300u,checkoutservice-6f4dbd65bf-gjtpl,20,21
15:05:06,300u,checkoutservice-6f4dbd65bf-gzr5s,19,19
15:05:06,300u,currencyservice-7c8fc8fc9c-p8hlf,144,118
15:05:06,300u,currencyservice-7c8fc8fc9c-ss7w5,145,111
15:05:06,300u,currencyservice-7c8fc8fc9c-vksqd,146,107
15:05:06,300u,emailservice-66944ff59-924vd,12,56
15:05:06,300u,emailservice-66944ff59-rspdn,12,56
15:05:06,300u,emailservice-66944ff59-ztv9n,11,56
15:05:06,300u,envoy-grpc-lb-648f879c96-b7d94,363,39
15:05:06,300u,frontend-56d4848657-465mj,143,38
15:05:06,300u,frontend-56d4848657-4s4hv,145,35
15:05:06,300u,frontend-56d4848657-8z4sk,144,32
15:05:06,300u,paymentservice-9bfb7bf5-dmwrc,12,77
15:05:06,300u,paymentservice-9bfb7bf5-mpf2j,8,76
15:05:06,300u,paymentservice-9bfb7bf5-n8v8z,9,106
15:05:06,300u,productcatalogservice-65bbf699df-hlwh8,73,22
15:05:06,300u,productcatalogservice-65bbf699df-lw2bl,73,19
15:05:06,300u,productcatalogservice-65bbf699df-t64z2,75,22
15:05:06,300u,recommendationservice-7d7f9f7777-6s2rv,148,55
15:05:06,300u,recommendationservice-7d7f9f7777-mptll,146,57
15:05:06,300u,recommendationservice-7d7f9f7777-pdnlv,147,55
15:05:06,300u,redis-cart-c8ff86559-zwp6z,15,11
15:05:06,300u,shippingservice-f956b6d9f-bw9bp,14,17
15:05:06,300u,shippingservice-f956b6d9f-g9wg4,12,16
15:05:06,300u,shippingservice-f956b6d9f-hcwkr,13,16
15:05:16,300u,adservice-574bff445c-jlcsd,3,269
15:05:16,300u,adservice-574bff445c-t4fs9,6,243
15:05:16,300u,adservice-574bff445c-zmjkn,6,240
15:05:16,300u,cartservice-7c84fdfb6-2zq5m,4,152
15:05:16,300u,cartservice-7c84fdfb6-9vg9m,5,154
15:05:16,300u,cartservice-7c84fdfb6-tz7d8,3,143
15:05:16,300u,checkoutservice-6f4dbd65bf-6rst2,1,20
15:05:16,300u,checkoutservice-6f4dbd65bf-gjtpl,1,21
15:05:16,300u,checkoutservice-6f4dbd65bf-gzr5s,1,19
15:05:16,300u,currencyservice-7c8fc8fc9c-p8hlf,2,118
15:05:16,300u,currencyservice-7c8fc8fc9c-ss7w5,2,111
15:05:16,300u,currencyservice-7c8fc8fc9c-vksqd,2,107
15:05:16,300u,emailservice-66944ff59-924vd,4,56
15:05:16,300u,emailservice-66944ff59-rspdn,5,56
15:05:16,300u,emailservice-66944ff59-ztv9n,5,56
15:05:16,300u,envoy-grpc-lb-648f879c96-b7d94,7,39
15:05:16,300u,frontend-56d4848657-465mj,1,38
15:05:16,300u,frontend-56d4848657-4s4hv,1,35
15:05:16,300u,frontend-56d4848657-8z4sk,1,32
15:05:16,300u,paymentservice-9bfb7bf5-dmwrc,2,76
15:05:16,300u,paymentservice-9bfb7bf5-mpf2j,2,76
15:05:16,300u,paymentservice-9bfb7bf5-n8v8z,2,106
15:05:16,300u,productcatalogservice-65bbf699df-hlwh8,1,22
15:05:16,300u,productcatalogservice-65bbf699df-lw2bl,1,19
15:05:16,300u,productcatalogservice-65bbf699df-t64z2,1,22
15:05:16,300u,recommendationservice-7d7f9f7777-6s2rv,5,55
15:05:16,300u,recommendationservice-7d7f9f7777-mptll,4,57
15:05:16,300u,recommendationservice-7d7f9f7777-pdnlv,4,55
15:05:16,300u,redis-cart-c8ff86559-zwp6z,3,11
15:05:16,300u,shippingservice-f956b6d9f-bw9bp,1,17
15:05:16,300u,shippingservice-f956b6d9f-g9wg4,1,16
15:05:16,300u,shippingservice-f956b6d9f-hcwkr,1,16
15:05:26,300u,adservice-574bff445c-jlcsd,3,269
15:05:26,300u,adservice-574bff445c-t4fs9,6,243
15:05:26,300u,adservice-574bff445c-zmjkn,6,240
15:05:26,300u,cartservice-7c84fdfb6-2zq5m,3,152
15:05:26,300u,cartservice-7c84fdfb6-9vg9m,3,154
15:05:26,300u,cartservice-7c84fdfb6-tz7d8,3,143
15:05:26,300u,checkoutservice-6f4dbd65bf-6rst2,1,20
15:05:26,300u,checkoutservice-6f4dbd65bf-gjtpl,2,21
15:05:26,300u,checkoutservice-6f4dbd65bf-gzr5s,1,19
15:05:26,300u,currencyservice-7c8fc8fc9c-p8hlf,2,118
15:05:26,300u,currencyservice-7c8fc8fc9c-ss7w5,2,111
15:05:26,300u,currencyservice-7c8fc8fc9c-vksqd,2,107
15:05:26,300u,emailservice-66944ff59-924vd,4,56
15:05:26,300u,emailservice-66944ff59-rspdn,4,56
15:05:26,300u,emailservice-66944ff59-ztv9n,4,56
15:05:26,300u,envoy-grpc-lb-648f879c96-b7d94,6,39
15:05:26,300u,frontend-56d4848657-465mj,1,38
15:05:26,300u,frontend-56d4848657-4s4hv,1,35
15:05:26,300u,frontend-56d4848657-8z4sk,1,32
15:05:26,300u,paymentservice-9bfb7bf5-dmwrc,2,76
15:05:26,300u,paymentservice-9bfb7bf5-mpf2j,2,76
15:05:26,300u,paymentservice-9bfb7bf5-n8v8z,2,106
15:05:26,300u,productcatalogservice-65bbf699df-hlwh8,1,22
15:05:26,300u,productcatalogservice-65bbf699df-lw2bl,1,19
15:05:26,300u,productcatalogservice-65bbf699df-t64z2,1,22
15:05:26,300u,recommendationservice-7d7f9f7777-6s2rv,4,55
15:05:26,300u,recommendationservice-7d7f9f7777-mptll,4,57
15:05:26,300u,recommendationservice-7d7f9f7777-pdnlv,4,55
15:05:26,300u,redis-cart-c8ff86559-zwp6z,3,11
15:05:26,300u,shippingservice-f956b6d9f-bw9bp,1,17
15:05:26,300u,shippingservice-f956b6d9f-g9wg4,1,16
15:05:26,300u,shippingservice-f956b6d9f-hcwkr,1,16
15:05:37,300u,adservice-574bff445c-jlcsd,3,269
15:05:37,300u,adservice-574bff445c-t4fs9,6,243
15:05:37,300u,adservice-574bff445c-zmjkn,6,240
15:05:37,300u,cartservice-7c84fdfb6-2zq5m,3,152
15:05:37,300u,cartservice-7c84fdfb6-9vg9m,3,154
15:05:37,300u,cartservice-7c84fdfb6-tz7d8,3,143
15:05:37,300u,checkoutservice-6f4dbd65bf-6rst2,1,20
15:05:37,300u,checkoutservice-6f4dbd65bf-gjtpl,2,21
15:05:37,300u,checkoutservice-6f4dbd65bf-gzr5s,1,19
15:05:37,300u,currencyservice-7c8fc8fc9c-p8hlf,2,118
15:05:37,300u,currencyservice-7c8fc8fc9c-ss7w5,2,111
15:05:37,300u,currencyservice-7c8fc8fc9c-vksqd,2,107
15:05:37,300u,emailservice-66944ff59-924vd,4,56
15:05:37,300u,emailservice-66944ff59-rspdn,4,56
15:05:37,300u,emailservice-66944ff59-ztv9n,4,56
15:05:37,300u,envoy-grpc-lb-648f879c96-b7d94,6,39
15:05:37,300u,frontend-56d4848657-465mj,1,38
15:05:37,300u,frontend-56d4848657-4s4hv,1,35
15:05:37,300u,frontend-56d4848657-8z4sk,1,32
15:05:37,300u,paymentservice-9bfb7bf5-dmwrc,2,76
15:05:37,300u,paymentservice-9bfb7bf5-mpf2j,2,76
15:05:37,300u,paymentservice-9bfb7bf5-n8v8z,2,106
15:05:37,300u,productcatalogservice-65bbf699df-hlwh8,1,22
15:05:37,300u,productcatalogservice-65bbf699df-lw2bl,1,19
15:05:37,300u,productcatalogservice-65bbf699df-t64z2,1,22
15:05:37,300u,recommendationservice-7d7f9f7777-6s2rv,4,55
15:05:37,300u,recommendationservice-7d7f9f7777-mptll,4,57
15:05:37,300u,recommendationservice-7d7f9f7777-pdnlv,4,55
15:05:37,300u,redis-cart-c8ff86559-zwp6z,3,11
15:05:37,300u,shippingservice-f956b6d9f-bw9bp,1,17
15:05:37,300u,shippingservice-f956b6d9f-g9wg4,1,16
15:05:37,300u,shippingservice-f956b6d9f-hcwkr,1,16
15:05:47,300u,adservice-574bff445c-jlcsd,4,269
15:05:47,300u,adservice-574bff445c-t4fs9,6,243
15:05:47,300u,adservice-574bff445c-zmjkn,4,240
15:05:47,300u,cartservice-7c84fdfb6-2zq5m,3,152
15:05:47,300u,cartservice-7c84fdfb6-9vg9m,3,154
15:05:47,300u,cartservice-7c84fdfb6-tz7d8,3,143
15:05:47,300u,checkoutservice-6f4dbd65bf-6rst2,1,20
15:05:47,300u,checkoutservice-6f4dbd65bf-gjtpl,1,21
15:05:47,300u,checkoutservice-6f4dbd65bf-gzr5s,1,21
15:05:47,300u,currencyservice-7c8fc8fc9c-p8hlf,2,118
15:05:47,300u,currencyservice-7c8fc8fc9c-ss7w5,2,111
15:05:47,300u,currencyservice-7c8fc8fc9c-vksqd,2,107
15:05:47,300u,emailservice-66944ff59-924vd,4,56
15:05:47,300u,emailservice-66944ff59-rspdn,4,56
15:05:47,300u,emailservice-66944ff59-ztv9n,4,56
15:05:47,300u,envoy-grpc-lb-648f879c96-b7d94,6,39
15:05:47,300u,frontend-56d4848657-465mj,1,38
15:05:47,300u,frontend-56d4848657-4s4hv,1,35
15:05:47,300u,frontend-56d4848657-8z4sk,1,32
15:05:47,300u,paymentservice-9bfb7bf5-dmwrc,2,76
15:05:47,300u,paymentservice-9bfb7bf5-mpf2j,2,76
15:05:47,300u,paymentservice-9bfb7bf5-n8v8z,2,107
15:05:47,300u,productcatalogservice-65bbf699df-hlwh8,1,22
15:05:47,300u,productcatalogservice-65bbf699df-lw2bl,1,19
15:05:47,300u,productcatalogservice-65bbf699df-t64z2,1,22
15:05:47,300u,recommendationservice-7d7f9f7777-6s2rv,5,55
15:05:47,300u,recommendationservice-7d7f9f7777-mptll,4,57
15:05:47,300u,recommendationservice-7d7f9f7777-pdnlv,3,55
15:05:47,300u,redis-cart-c8ff86559-zwp6z,3,11
15:05:47,300u,shippingservice-f956b6d9f-bw9bp,1,17
15:05:47,300u,shippingservice-f956b6d9f-g9wg4,1,16
15:05:47,300u,shippingservice-f956b6d9f-hcwkr,1,16
15:05:57,400u,adservice-574bff445c-jlcsd,7,269
15:05:57,400u,adservice-574bff445c-t4fs9,6,243
15:05:57,400u,adservice-574bff445c-zmjkn,5,240
15:05:57,400u,cartservice-7c84fdfb6-2zq5m,4,152
15:05:57,400u,cartservice-7c84fdfb6-9vg9m,4,154
15:05:57,400u,cartservice-7c84fdfb6-tz7d8,3,143
15:05:57,400u,checkoutservice-6f4dbd65bf-6rst2,1,22
15:05:57,400u,checkoutservice-6f4dbd65bf-gjtpl,1,21
15:05:57,400u,checkoutservice-6f4dbd65bf-gzr5s,1,21
15:05:57,400u,currencyservice-7c8fc8fc9c-p8hlf,4,118
15:05:57,400u,currencyservice-7c8fc8fc9c-ss7w5,5,111
15:05:57,400u,currencyservice-7c8fc8fc9c-vksqd,4,107
15:05:57,400u,emailservice-66944ff59-924vd,5,56
15:05:57,400u,emailservice-66944ff59-rspdn,4,56
15:05:57,400u,emailservice-66944ff59-ztv9n,4,56
15:05:57,400u,envoy-grpc-lb-648f879c96-b7d94,11,39
15:05:57,400u,frontend-56d4848657-465mj,2,38
15:05:57,400u,frontend-56d4848657-4s4hv,5,33
15:05:57,400u,frontend-56d4848657-8z4sk,1,32
15:05:57,400u,paymentservice-9bfb7bf5-dmwrc,3,76
15:05:57,400u,paymentservice-9bfb7bf5-mpf2j,3,76
15:05:57,400u,paymentservice-9bfb7bf5-n8v8z,3,106
15:05:57,400u,productcatalogservice-65bbf699df-hlwh8,2,22
15:05:57,400u,productcatalogservice-65bbf699df-lw2bl,2,20
15:05:57,400u,productcatalogservice-65bbf699df-t64z2,2,22
15:05:57,400u,recommendationservice-7d7f9f7777-6s2rv,6,55
15:05:57,400u,recommendationservice-7d7f9f7777-mptll,4,57
15:05:57,400u,recommendationservice-7d7f9f7777-pdnlv,5,55
15:05:57,400u,redis-cart-c8ff86559-zwp6z,4,11
15:05:57,400u,shippingservice-f956b6d9f-bw9bp,1,17
15:05:57,400u,shippingservice-f956b6d9f-g9wg4,1,16
15:05:57,400u,shippingservice-f956b6d9f-hcwkr,1,16
15:06:07,400u,adservice-574bff445c-jlcsd,7,269
15:06:07,400u,adservice-574bff445c-t4fs9,6,243
15:06:07,400u,adservice-574bff445c-zmjkn,5,240
15:06:07,400u,cartservice-7c84fdfb6-2zq5m,4,152
15:06:07,400u,cartservice-7c84fdfb6-9vg9m,4,154
15:06:07,400u,cartservice-7c84fdfb6-tz7d8,3,143
15:06:07,400u,checkoutservice-6f4dbd65bf-6rst2,1,22
15:06:07,400u,checkoutservice-6f4dbd65bf-gjtpl,1,21
15:06:07,400u,checkoutservice-6f4dbd65bf-gzr5s,1,21
15:06:07,400u,currencyservice-7c8fc8fc9c-p8hlf,4,118
15:06:07,400u,currencyservice-7c8fc8fc9c-ss7w5,5,111
15:06:07,400u,currencyservice-7c8fc8fc9c-vksqd,4,107
15:06:07,400u,emailservice-66944ff59-924vd,5,56
15:06:07,400u,emailservice-66944ff59-rspdn,4,56
15:06:07,400u,emailservice-66944ff59-ztv9n,4,56
15:06:07,400u,envoy-grpc-lb-648f879c96-b7d94,11,39
15:06:07,400u,frontend-56d4848657-465mj,2,38
15:06:07,400u,frontend-56d4848657-4s4hv,5,33
15:06:07,400u,frontend-56d4848657-8z4sk,1,32
15:06:07,400u,paymentservice-9bfb7bf5-dmwrc,3,76
15:06:07,400u,paymentservice-9bfb7bf5-mpf2j,3,76
15:06:07,400u,paymentservice-9bfb7bf5-n8v8z,3,106
15:06:07,400u,productcatalogservice-65bbf699df-hlwh8,2,22
15:06:07,400u,productcatalogservice-65bbf699df-lw2bl,2,20
15:06:07,400u,productcatalogservice-65bbf699df-t64z2,2,22
15:06:07,400u,recommendationservice-7d7f9f7777-6s2rv,6,55
15:06:07,400u,recommendationservice-7d7f9f7777-mptll,4,57
15:06:07,400u,recommendationservice-7d7f9f7777-pdnlv,5,55
15:06:07,400u,redis-cart-c8ff86559-zwp6z,4,11
15:06:07,400u,shippingservice-f956b6d9f-bw9bp,1,17
15:06:07,400u,shippingservice-f956b6d9f-g9wg4,1,16
15:06:07,400u,shippingservice-f956b6d9f-hcwkr,1,16
15:06:17,400u,adservice-574bff445c-jlcsd,22,269
15:06:17,400u,adservice-574bff445c-t4fs9,22,243
15:06:17,400u,adservice-574bff445c-zmjkn,20,240
15:06:17,400u,cartservice-7c84fdfb6-2zq5m,33,152
15:06:17,400u,cartservice-7c84fdfb6-9vg9m,38,154
15:06:17,400u,cartservice-7c84fdfb6-tz7d8,37,143
15:06:17,400u,checkoutservice-6f4dbd65bf-6rst2,7,21
15:06:17,400u,checkoutservice-6f4dbd65bf-gjtpl,9,21
15:06:17,400u,checkoutservice-6f4dbd65bf-gzr5s,6,21
15:06:17,400u,currencyservice-7c8fc8fc9c-p8hlf,82,118
15:06:17,400u,currencyservice-7c8fc8fc9c-ss7w5,82,111
15:06:17,400u,currencyservice-7c8fc8fc9c-vksqd,85,108
15:06:17,400u,emailservice-66944ff59-924vd,7,56
15:06:17,400u,emailservice-66944ff59-rspdn,6,56
15:06:17,400u,emailservice-66944ff59-ztv9n,6,56
15:06:17,400u,envoy-grpc-lb-648f879c96-b7d94,234,39
15:06:17,400u,frontend-56d4848657-465mj,94,34
15:06:17,400u,frontend-56d4848657-4s4hv,110,32
15:06:17,400u,frontend-56d4848657-8z4sk,68,30
15:06:17,400u,paymentservice-9bfb7bf5-dmwrc,6,77
15:06:17,400u,paymentservice-9bfb7bf5-mpf2j,5,76
15:06:17,400u,paymentservice-9bfb7bf5-n8v8z,4,106
15:06:17,400u,productcatalogservice-65bbf699df-hlwh8,48,22
15:06:17,400u,productcatalogservice-65bbf699df-lw2bl,47,19
15:06:17,400u,productcatalogservice-65bbf699df-t64z2,46,21
15:06:17,400u,recommendationservice-7d7f9f7777-6s2rv,65,55
15:06:17,400u,recommendationservice-7d7f9f7777-mptll,57,57
15:06:17,400u,recommendationservice-7d7f9f7777-pdnlv,55,55
15:06:17,400u,redis-cart-c8ff86559-zwp6z,8,11
15:06:17,400u,shippingservice-f956b6d9f-bw9bp,6,17
15:06:17,400u,shippingservice-f956b6d9f-g9wg4,7,16
15:06:17,400u,shippingservice-f956b6d9f-hcwkr,6,16
15:06:28,400u,adservice-574bff445c-jlcsd,45,269
15:06:28,400u,adservice-574bff445c-t4fs9,34,243
15:06:28,400u,adservice-574bff445c-zmjkn,39,240
15:06:28,400u,cartservice-7c84fdfb6-2zq5m,62,152
15:06:28,400u,cartservice-7c84fdfb6-9vg9m,75,154
15:06:28,400u,cartservice-7c84fdfb6-tz7d8,80,143
15:06:28,400u,checkoutservice-6f4dbd65bf-6rst2,17,21
15:06:28,400u,checkoutservice-6f4dbd65bf-gjtpl,16,21
15:06:28,400u,checkoutservice-6f4dbd65bf-gzr5s,14,21
15:06:28,400u,currencyservice-7c8fc8fc9c-p8hlf,163,119
15:06:28,400u,currencyservice-7c8fc8fc9c-ss7w5,164,111
15:06:28,400u,currencyservice-7c8fc8fc9c-vksqd,160,109
15:06:28,400u,emailservice-66944ff59-924vd,9,56
15:06:28,400u,emailservice-66944ff59-rspdn,9,56
15:06:28,400u,emailservice-66944ff59-ztv9n,8,56
15:06:28,400u,envoy-grpc-lb-648f879c96-b7d94,449,39
15:06:28,400u,frontend-56d4848657-465mj,165,34
15:06:28,400u,frontend-56d4848657-4s4hv,186,32
15:06:28,400u,frontend-56d4848657-8z4sk,162,31
15:06:28,400u,paymentservice-9bfb7bf5-dmwrc,6,77
15:06:28,400u,paymentservice-9bfb7bf5-mpf2j,8,76
15:06:28,400u,paymentservice-9bfb7bf5-n8v8z,6,106
15:06:28,400u,productcatalogservice-65bbf699df-hlwh8,94,22
15:06:28,400u,productcatalogservice-65bbf699df-lw2bl,94,19
15:06:28,400u,productcatalogservice-65bbf699df-t64z2,94,21
15:06:28,400u,recommendationservice-7d7f9f7777-6s2rv,126,55
15:06:28,400u,recommendationservice-7d7f9f7777-mptll,129,57
15:06:28,400u,recommendationservice-7d7f9f7777-pdnlv,126,55
15:06:28,400u,redis-cart-c8ff86559-zwp6z,14,11
15:06:28,400u,shippingservice-f956b6d9f-bw9bp,11,17
15:06:28,400u,shippingservice-f956b6d9f-g9wg4,11,16
15:06:28,400u,shippingservice-f956b6d9f-hcwkr,10,16
15:06:38,400u,adservice-574bff445c-jlcsd,45,269
15:06:38,400u,adservice-574bff445c-t4fs9,34,243
15:06:38,400u,adservice-574bff445c-zmjkn,39,240
15:06:38,400u,cartservice-7c84fdfb6-2zq5m,62,152
15:06:38,400u,cartservice-7c84fdfb6-9vg9m,75,154
15:06:38,400u,cartservice-7c84fdfb6-tz7d8,80,143
15:06:38,400u,checkoutservice-6f4dbd65bf-6rst2,17,21
15:06:38,400u,checkoutservice-6f4dbd65bf-gjtpl,16,21
15:06:38,400u,checkoutservice-6f4dbd65bf-gzr5s,14,21
15:06:38,400u,currencyservice-7c8fc8fc9c-p8hlf,163,119
15:06:38,400u,currencyservice-7c8fc8fc9c-ss7w5,164,111
15:06:38,400u,currencyservice-7c8fc8fc9c-vksqd,160,109
15:06:38,400u,emailservice-66944ff59-924vd,9,56
15:06:38,400u,emailservice-66944ff59-rspdn,9,56
15:06:38,400u,emailservice-66944ff59-ztv9n,8,56
15:06:38,400u,envoy-grpc-lb-648f879c96-b7d94,449,39
15:06:38,400u,frontend-56d4848657-465mj,165,34
15:06:38,400u,frontend-56d4848657-4s4hv,186,32
15:06:38,400u,frontend-56d4848657-8z4sk,162,31
15:06:38,400u,paymentservice-9bfb7bf5-dmwrc,6,77
15:06:38,400u,paymentservice-9bfb7bf5-mpf2j,8,76
15:06:38,400u,paymentservice-9bfb7bf5-n8v8z,6,106
15:06:38,400u,productcatalogservice-65bbf699df-hlwh8,94,22
15:06:38,400u,productcatalogservice-65bbf699df-lw2bl,94,19
15:06:38,400u,productcatalogservice-65bbf699df-t64z2,94,21
15:06:38,400u,recommendationservice-7d7f9f7777-6s2rv,126,55
15:06:38,400u,recommendationservice-7d7f9f7777-mptll,129,57
15:06:38,400u,recommendationservice-7d7f9f7777-pdnlv,126,55
15:06:38,400u,redis-cart-c8ff86559-zwp6z,14,11
15:06:38,400u,shippingservice-f956b6d9f-bw9bp,11,17
15:06:38,400u,shippingservice-f956b6d9f-g9wg4,11,16
15:06:38,400u,shippingservice-f956b6d9f-hcwkr,10,16
15:06:48,400u,adservice-574bff445c-jlcsd,15,269
15:06:48,400u,adservice-574bff445c-t4fs9,17,243
15:06:48,400u,adservice-574bff445c-zmjkn,18,240
15:06:48,400u,cartservice-7c84fdfb6-2zq5m,36,152
15:06:48,400u,cartservice-7c84fdfb6-9vg9m,36,154
15:06:48,400u,cartservice-7c84fdfb6-tz7d8,36,143
15:06:48,400u,checkoutservice-6f4dbd65bf-6rst2,7,21
15:06:48,400u,checkoutservice-6f4dbd65bf-gjtpl,9,21
15:06:48,400u,checkoutservice-6f4dbd65bf-gzr5s,6,21
15:06:48,400u,currencyservice-7c8fc8fc9c-p8hlf,79,120
15:06:48,400u,currencyservice-7c8fc8fc9c-ss7w5,83,111
15:06:48,400u,currencyservice-7c8fc8fc9c-vksqd,80,103
15:06:48,400u,emailservice-66944ff59-924vd,6,56
15:06:48,400u,emailservice-66944ff59-rspdn,8,56
15:06:48,400u,emailservice-66944ff59-ztv9n,6,56
15:06:48,400u,envoy-grpc-lb-648f879c96-b7d94,230,39
15:06:48,400u,frontend-56d4848657-465mj,94,34
15:06:48,400u,frontend-56d4848657-4s4hv,91,32
15:06:48,400u,frontend-56d4848657-8z4sk,79,30
15:06:48,400u,paymentservice-9bfb7bf5-dmwrc,5,77
15:06:48,400u,paymentservice-9bfb7bf5-mpf2j,4,76
15:06:48,400u,paymentservice-9bfb7bf5-n8v8z,5,106
15:06:48,400u,productcatalogservice-65bbf699df-hlwh8,44,22
15:06:48,400u,productcatalogservice-65bbf699df-lw2bl,45,19
15:06:48,400u,productcatalogservice-65bbf699df-t64z2,46,21
15:06:48,400u,recommendationservice-7d7f9f7777-6s2rv,56,55
15:06:48,400u,recommendationservice-7d7f9f7777-mptll,55,57
15:06:48,400u,recommendationservice-7d7f9f7777-pdnlv,53,55
15:06:48,400u,redis-cart-c8ff86559-zwp6z,8,11
15:06:48,400u,shippingservice-f956b6d9f-bw9bp,6,17
15:06:48,400u,shippingservice-f956b6d9f-g9wg4,5,16
15:06:48,400u,shippingservice-f956b6d9f-hcwkr,6,16
15:06:59,400u,adservice-574bff445c-jlcsd,40,269
15:06:59,400u,adservice-574bff445c-t4fs9,37,243
15:06:59,400u,adservice-574bff445c-zmjkn,37,240
15:06:59,400u,cartservice-7c84fdfb6-2zq5m,71,152
15:06:59,400u,cartservice-7c84fdfb6-9vg9m,76,154
15:06:59,400u,cartservice-7c84fdfb6-tz7d8,67,143
15:06:59,400u,checkoutservice-6f4dbd65bf-6rst2,13,22
15:06:59,400u,checkoutservice-6f4dbd65bf-gjtpl,16,21
15:06:59,400u,checkoutservice-6f4dbd65bf-gzr5s,17,21
15:06:59,400u,currencyservice-7c8fc8fc9c-p8hlf,178,118
15:06:59,400u,currencyservice-7c8fc8fc9c-ss7w5,178,112
15:06:59,400u,currencyservice-7c8fc8fc9c-vksqd,181,106
15:06:59,400u,emailservice-66944ff59-924vd,9,56
15:06:59,400u,emailservice-66944ff59-rspdn,8,56
15:06:59,400u,emailservice-66944ff59-ztv9n,9,56
15:06:59,400u,envoy-grpc-lb-648f879c96-b7d94,485,40
15:06:59,400u,frontend-56d4848657-465mj,189,34
15:06:59,400u,frontend-56d4848657-4s4hv,187,32
15:06:59,400u,frontend-56d4848657-8z4sk,187,30
15:06:59,400u,paymentservice-9bfb7bf5-dmwrc,6,77
15:06:59,400u,paymentservice-9bfb7bf5-mpf2j,7,76
15:06:59,400u,paymentservice-9bfb7bf5-n8v8z,7,107
15:06:59,400u,productcatalogservice-65bbf699df-hlwh8,98,22
15:06:59,400u,productcatalogservice-65bbf699df-lw2bl,99,19
15:06:59,400u,productcatalogservice-65bbf699df-t64z2,100,21
15:06:59,400u,recommendationservice-7d7f9f7777-6s2rv,129,55
15:06:59,400u,recommendationservice-7d7f9f7777-mptll,131,57
15:06:59,400u,recommendationservice-7d7f9f7777-pdnlv,135,55
15:06:59,400u,redis-cart-c8ff86559-zwp6z,14,11
15:06:59,400u,shippingservice-f956b6d9f-bw9bp,11,17
15:06:59,400u,shippingservice-f956b6d9f-g9wg4,11,16
15:06:59,400u,shippingservice-f956b6d9f-hcwkr,11,16
15:07:09,400u,adservice-574bff445c-jlcsd,40,269
15:07:09,400u,adservice-574bff445c-t4fs9,37,243
15:07:09,400u,adservice-574bff445c-zmjkn,37,240
15:07:09,400u,cartservice-7c84fdfb6-2zq5m,71,152
15:07:09,400u,cartservice-7c84fdfb6-9vg9m,76,154
15:07:09,400u,cartservice-7c84fdfb6-tz7d8,67,143
15:07:09,400u,checkoutservice-6f4dbd65bf-6rst2,13,22
15:07:09,400u,checkoutservice-6f4dbd65bf-gjtpl,16,21
15:07:09,400u,checkoutservice-6f4dbd65bf-gzr5s,17,21
15:07:09,400u,currencyservice-7c8fc8fc9c-p8hlf,178,118
15:07:09,400u,currencyservice-7c8fc8fc9c-ss7w5,178,112
15:07:09,400u,currencyservice-7c8fc8fc9c-vksqd,181,106
15:07:09,400u,emailservice-66944ff59-924vd,9,56
15:07:09,400u,emailservice-66944ff59-rspdn,8,56
15:07:09,400u,emailservice-66944ff59-ztv9n,9,56
15:07:09,400u,envoy-grpc-lb-648f879c96-b7d94,485,40
15:07:09,400u,frontend-56d4848657-465mj,189,34
15:07:09,400u,frontend-56d4848657-4s4hv,187,32
15:07:09,400u,frontend-56d4848657-8z4sk,187,30
15:07:09,400u,paymentservice-9bfb7bf5-dmwrc,6,77
15:07:09,400u,paymentservice-9bfb7bf5-mpf2j,7,76
15:07:09,400u,paymentservice-9bfb7bf5-n8v8z,7,107
15:07:09,400u,productcatalogservice-65bbf699df-hlwh8,98,22
15:07:09,400u,productcatalogservice-65bbf699df-lw2bl,99,19
15:07:09,400u,productcatalogservice-65bbf699df-t64z2,100,21
15:07:09,400u,recommendationservice-7d7f9f7777-6s2rv,129,55
15:07:09,400u,recommendationservice-7d7f9f7777-mptll,131,57
15:07:09,400u,recommendationservice-7d7f9f7777-pdnlv,135,55
15:07:09,400u,redis-cart-c8ff86559-zwp6z,14,11
15:07:09,400u,shippingservice-f956b6d9f-bw9bp,11,17
15:07:09,400u,shippingservice-f956b6d9f-g9wg4,11,16
15:07:09,400u,shippingservice-f956b6d9f-hcwkr,11,16
15:07:19,400u,adservice-574bff445c-jlcsd,43,269
15:07:19,400u,adservice-574bff445c-t4fs9,46,243
15:07:19,400u,adservice-574bff445c-zmjkn,49,240
15:07:19,400u,cartservice-7c84fdfb6-2zq5m,76,152
15:07:19,400u,cartservice-7c84fdfb6-9vg9m,92,154
15:07:19,400u,cartservice-7c84fdfb6-tz7d8,77,143
15:07:19,400u,checkoutservice-6f4dbd65bf-6rst2,21,21
15:07:19,400u,checkoutservice-6f4dbd65bf-gjtpl,20,21
15:07:19,400u,checkoutservice-6f4dbd65bf-gzr5s,19,21
15:07:19,400u,currencyservice-7c8fc8fc9c-p8hlf,197,120
15:07:19,400u,currencyservice-7c8fc8fc9c-ss7w5,196,114
15:07:19,400u,currencyservice-7c8fc8fc9c-vksqd,197,109
15:07:19,400u,emailservice-66944ff59-924vd,10,56
15:07:19,400u,emailservice-66944ff59-rspdn,11,56
15:07:19,400u,emailservice-66944ff59-ztv9n,10,56
15:07:19,400u,envoy-grpc-lb-648f879c96-b7d94,498,40
15:07:19,400u,frontend-56d4848657-465mj,191,34
15:07:19,400u,frontend-56d4848657-4s4hv,199,33
15:07:19,400u,frontend-56d4848657-8z4sk,196,31
15:07:19,400u,paymentservice-9bfb7bf5-dmwrc,7,77
15:07:19,400u,paymentservice-9bfb7bf5-mpf2j,9,76
15:07:19,400u,paymentservice-9bfb7bf5-n8v8z,8,107
15:07:19,400u,productcatalogservice-65bbf699df-hlwh8,105,22
15:07:19,400u,productcatalogservice-65bbf699df-lw2bl,110,19
15:07:19,400u,productcatalogservice-65bbf699df-t64z2,109,21
15:07:19,400u,recommendationservice-7d7f9f7777-6s2rv,172,55
15:07:19,400u,recommendationservice-7d7f9f7777-mptll,176,57
15:07:19,400u,recommendationservice-7d7f9f7777-pdnlv,171,55
15:07:19,400u,redis-cart-c8ff86559-zwp6z,15,11
15:07:19,400u,shippingservice-f956b6d9f-bw9bp,13,17
15:07:19,400u,shippingservice-f956b6d9f-g9wg4,13,16
15:07:19,400u,shippingservice-f956b6d9f-hcwkr,13,16
15:07:29,400u,adservice-574bff445c-jlcsd,51,269
15:07:29,400u,adservice-574bff445c-t4fs9,49,243
15:07:29,400u,adservice-574bff445c-zmjkn,50,240
15:07:29,400u,cartservice-7c84fdfb6-2zq5m,100,152
15:07:29,400u,cartservice-7c84fdfb6-9vg9m,102,154
15:07:29,400u,cartservice-7c84fdfb6-tz7d8,73,143
15:07:29,400u,checkoutservice-6f4dbd65bf-6rst2,26,21
15:07:29,400u,checkoutservice-6f4dbd65bf-gjtpl,24,21
15:07:29,400u,checkoutservice-6f4dbd65bf-gzr5s,25,21
15:07:29,400u,currencyservice-7c8fc8fc9c-p8hlf,199,122
15:07:29,400u,currencyservice-7c8fc8fc9c-ss7w5,198,113
15:07:29,400u,currencyservice-7c8fc8fc9c-vksqd,198,111
15:07:29,400u,emailservice-66944ff59-924vd,12,56
15:07:29,400u,emailservice-66944ff59-rspdn,14,56
15:07:29,400u,emailservice-66944ff59-ztv9n,11,56
15:07:29,400u,envoy-grpc-lb-648f879c96-b7d94,500,40
15:07:29,400u,frontend-56d4848657-465mj,194,35
15:07:29,400u,frontend-56d4848657-4s4hv,198,31
15:07:29,400u,frontend-56d4848657-8z4sk,198,32
15:07:29,400u,paymentservice-9bfb7bf5-dmwrc,9,77
15:07:29,400u,paymentservice-9bfb7bf5-mpf2j,11,76
15:07:29,400u,paymentservice-9bfb7bf5-n8v8z,11,107
15:07:29,400u,productcatalogservice-65bbf699df-hlwh8,106,22
15:07:29,400u,productcatalogservice-65bbf699df-lw2bl,106,19
15:07:29,400u,productcatalogservice-65bbf699df-t64z2,107,21
15:07:29,400u,recommendationservice-7d7f9f7777-6s2rv,193,55
15:07:29,400u,recommendationservice-7d7f9f7777-mptll,194,57
15:07:29,400u,recommendationservice-7d7f9f7777-pdnlv,191,55
15:07:29,400u,redis-cart-c8ff86559-zwp6z,16,11
15:07:29,400u,shippingservice-f956b6d9f-bw9bp,14,17
15:07:29,400u,shippingservice-f956b6d9f-g9wg4,15,16
15:07:29,400u,shippingservice-f956b6d9f-hcwkr,15,16
15:07:40,400u,adservice-574bff445c-jlcsd,52,270
15:07:40,400u,adservice-574bff445c-t4fs9,53,243
15:07:40,400u,adservice-574bff445c-zmjkn,53,241
15:07:40,400u,cartservice-7c84fdfb6-2zq5m,102,152
15:07:40,400u,cartservice-7c84fdfb6-9vg9m,91,154
15:07:40,400u,cartservice-7c84fdfb6-tz7d8,88,143
15:07:40,400u,checkoutservice-6f4dbd65bf-6rst2,29,21
15:07:40,400u,checkoutservice-6f4dbd65bf-gjtpl,27,21
15:07:40,400u,checkoutservice-6f4dbd65bf-gzr5s,25,21
15:07:40,400u,currencyservice-7c8fc8fc9c-p8hlf,200,122
15:07:40,400u,currencyservice-7c8fc8fc9c-ss7w5,199,114
15:07:40,400u,currencyservice-7c8fc8fc9c-vksqd,199,114
15:07:40,400u,emailservice-66944ff59-924vd,13,56
15:07:40,400u,emailservice-66944ff59-rspdn,13,56
15:07:40,400u,emailservice-66944ff59-ztv9n,14,56
15:07:40,400u,envoy-grpc-lb-648f879c96-b7d94,500,40
15:07:40,400u,frontend-56d4848657-465mj,198,36
15:07:40,400u,frontend-56d4848657-4s4hv,199,33
15:07:40,400u,frontend-56d4848657-8z4sk,199,32
15:07:40,400u,paymentservice-9bfb7bf5-dmwrc,10,77
15:07:40,400u,paymentservice-9bfb7bf5-mpf2j,10,78
15:07:40,400u,paymentservice-9bfb7bf5-n8v8z,10,107
15:07:40,400u,productcatalogservice-65bbf699df-hlwh8,103,22
15:07:40,400u,productcatalogservice-65bbf699df-lw2bl,103,19
15:07:40,400u,productcatalogservice-65bbf699df-t64z2,105,21
15:07:40,400u,recommendationservice-7d7f9f7777-6s2rv,198,55
15:07:40,400u,recommendationservice-7d7f9f7777-mptll,200,57
15:07:40,400u,recommendationservice-7d7f9f7777-pdnlv,199,55
15:07:40,400u,redis-cart-c8ff86559-zwp6z,17,11
15:07:40,400u,shippingservice-f956b6d9f-bw9bp,16,17
15:07:40,400u,shippingservice-f956b6d9f-g9wg4,16,16
15:07:40,400u,shippingservice-f956b6d9f-hcwkr,16,16
15:07:50,400u,adservice-574bff445c-jlcsd,52,270
15:07:50,400u,adservice-574bff445c-t4fs9,53,243
15:07:50,400u,adservice-574bff445c-zmjkn,53,241
15:07:50,400u,cartservice-7c84fdfb6-2zq5m,102,152
15:07:50,400u,cartservice-7c84fdfb6-9vg9m,91,154
15:07:50,400u,cartservice-7c84fdfb6-tz7d8,88,143
15:07:50,400u,checkoutservice-6f4dbd65bf-6rst2,29,21
15:07:50,400u,checkoutservice-6f4dbd65bf-gjtpl,27,21
15:07:50,400u,checkoutservice-6f4dbd65bf-gzr5s,25,21
15:07:50,400u,currencyservice-7c8fc8fc9c-p8hlf,200,122
15:07:50,400u,currencyservice-7c8fc8fc9c-ss7w5,199,114
15:07:50,400u,currencyservice-7c8fc8fc9c-vksqd,199,114
15:07:50,400u,emailservice-66944ff59-924vd,13,56
15:07:50,400u,emailservice-66944ff59-rspdn,13,56
15:07:50,400u,emailservice-66944ff59-ztv9n,14,56
15:07:50,400u,envoy-grpc-lb-648f879c96-b7d94,500,40
15:07:50,400u,frontend-56d4848657-465mj,198,36
15:07:50,400u,frontend-56d4848657-4s4hv,199,33
15:07:50,400u,frontend-56d4848657-8z4sk,199,32
15:07:50,400u,paymentservice-9bfb7bf5-dmwrc,10,77
15:07:50,400u,paymentservice-9bfb7bf5-mpf2j,10,78
15:07:50,400u,paymentservice-9bfb7bf5-n8v8z,10,107
15:07:50,400u,productcatalogservice-65bbf699df-hlwh8,103,22
15:07:50,400u,productcatalogservice-65bbf699df-lw2bl,103,19
15:07:50,400u,productcatalogservice-65bbf699df-t64z2,105,21
15:07:50,400u,recommendationservice-7d7f9f7777-6s2rv,198,55
15:07:50,400u,recommendationservice-7d7f9f7777-mptll,200,57
15:07:50,400u,recommendationservice-7d7f9f7777-pdnlv,199,55
15:07:50,400u,redis-cart-c8ff86559-zwp6z,17,11
15:07:50,400u,shippingservice-f956b6d9f-bw9bp,16,17
15:07:50,400u,shippingservice-f956b6d9f-g9wg4,16,16
15:07:50,400u,shippingservice-f956b6d9f-hcwkr,16,16
15:08:00,400u,adservice-574bff445c-jlcsd,60,270
15:08:00,400u,adservice-574bff445c-t4fs9,58,243
15:08:00,400u,adservice-574bff445c-zmjkn,59,241
15:08:00,400u,cartservice-7c84fdfb6-2zq5m,81,152
15:08:00,400u,cartservice-7c84fdfb6-9vg9m,98,155
15:08:00,400u,cartservice-7c84fdfb6-tz7d8,100,143
15:08:00,400u,checkoutservice-6f4dbd65bf-6rst2,28,21
15:08:00,400u,checkoutservice-6f4dbd65bf-gjtpl,27,22
15:08:00,400u,checkoutservice-6f4dbd65bf-gzr5s,26,21
15:08:00,400u,currencyservice-7c8fc8fc9c-p8hlf,200,122
15:08:00,400u,currencyservice-7c8fc8fc9c-ss7w5,199,116
15:08:00,400u,currencyservice-7c8fc8fc9c-vksqd,199,114
15:08:00,400u,emailservice-66944ff59-924vd,15,56
15:08:00,400u,emailservice-66944ff59-rspdn,13,56
15:08:00,400u,emailservice-66944ff59-ztv9n,12,56
15:08:00,400u,envoy-grpc-lb-648f879c96-b7d94,499,40
15:08:00,400u,frontend-56d4848657-465mj,198,36
15:08:00,400u,frontend-56d4848657-4s4hv,198,34
15:08:00,400u,frontend-56d4848657-8z4sk,199,34
15:08:00,400u,paymentservice-9bfb7bf5-dmwrc,10,77
15:08:00,400u,paymentservice-9bfb7bf5-mpf2j,10,79
15:08:00,400u,paymentservice-9bfb7bf5-n8v8z,10,107
15:08:00,400u,productcatalogservice-65bbf699df-hlwh8,102,22
15:08:00,400u,productcatalogservice-65bbf699df-lw2bl,104,19
15:08:00,400u,productcatalogservice-65bbf699df-t64z2,103,21
15:08:00,400u,recommendationservice-7d7f9f7777-6s2rv,200,55
15:08:00,400u,recommendationservice-7d7f9f7777-mptll,200,57
15:08:00,400u,recommendationservice-7d7f9f7777-pdnlv,199,55
15:08:00,400u,redis-cart-c8ff86559-zwp6z,17,11
15:08:00,400u,shippingservice-f956b6d9f-bw9bp,16,17
15:08:00,400u,shippingservice-f956b6d9f-g9wg4,17,16
15:08:00,400u,shippingservice-f956b6d9f-hcwkr,16,16
15:08:10,400u,adservice-574bff445c-jlcsd,61,270
15:08:10,400u,adservice-574bff445c-t4fs9,54,243
15:08:10,400u,adservice-574bff445c-zmjkn,57,241
15:08:10,400u,cartservice-7c84fdfb6-2zq5m,110,152
15:08:10,400u,cartservice-7c84fdfb6-9vg9m,98,155
15:08:10,400u,cartservice-7c84fdfb6-tz7d8,101,143
15:08:10,400u,checkoutservice-6f4dbd65bf-6rst2,33,21
15:08:10,400u,checkoutservice-6f4dbd65bf-gjtpl,29,22
15:08:10,400u,checkoutservice-6f4dbd65bf-gzr5s,29,21
15:08:10,400u,currencyservice-7c8fc8fc9c-p8hlf,199,124
15:08:10,400u,currencyservice-7c8fc8fc9c-ss7w5,200,116
15:08:10,400u,currencyservice-7c8fc8fc9c-vksqd,201,116
15:08:10,400u,emailservice-66944ff59-924vd,13,56
15:08:10,400u,emailservice-66944ff59-rspdn,15,56
15:08:10,400u,emailservice-66944ff59-ztv9n,15,56
15:08:10,400u,envoy-grpc-lb-648f879c96-b7d94,501,40
15:08:10,400u,frontend-56d4848657-465mj,198,36
15:08:10,400u,frontend-56d4848657-4s4hv,199,34
15:08:10,400u,frontend-56d4848657-8z4sk,200,34
15:08:10,400u,paymentservice-9bfb7bf5-dmwrc,12,77
15:08:10,400u,paymentservice-9bfb7bf5-mpf2j,9,79
15:08:10,400u,paymentservice-9bfb7bf5-n8v8z,13,109
15:08:10,400u,productcatalogservice-65bbf699df-hlwh8,100,22
15:08:10,400u,productcatalogservice-65bbf699df-lw2bl,101,19
15:08:10,400u,productcatalogservice-65bbf699df-t64z2,102,21
15:08:10,400u,recommendationservice-7d7f9f7777-6s2rv,199,55
15:08:10,400u,recommendationservice-7d7f9f7777-mptll,199,57
15:08:10,400u,recommendationservice-7d7f9f7777-pdnlv,198,55
15:08:10,400u,redis-cart-c8ff86559-zwp6z,19,11
15:08:10,400u,shippingservice-f956b6d9f-bw9bp,18,17
15:08:10,400u,shippingservice-f956b6d9f-g9wg4,18,16
15:08:10,400u,shippingservice-f956b6d9f-hcwkr,18,16
15:08:21,400u,adservice-574bff445c-jlcsd,61,270
15:08:21,400u,adservice-574bff445c-t4fs9,54,243
15:08:21,400u,adservice-574bff445c-zmjkn,57,241
15:08:21,400u,cartservice-7c84fdfb6-2zq5m,110,152
15:08:21,400u,cartservice-7c84fdfb6-9vg9m,98,155
15:08:21,400u,cartservice-7c84fdfb6-tz7d8,101,143
15:08:21,400u,checkoutservice-6f4dbd65bf-6rst2,33,21
15:08:21,400u,checkoutservice-6f4dbd65bf-gjtpl,29,22
15:08:21,400u,checkoutservice-6f4dbd65bf-gzr5s,29,21
15:08:21,400u,currencyservice-7c8fc8fc9c-p8hlf,199,124
15:08:21,400u,currencyservice-7c8fc8fc9c-ss7w5,200,116
15:08:21,400u,currencyservice-7c8fc8fc9c-vksqd,201,116
15:08:21,400u,emailservice-66944ff59-924vd,13,56
15:08:21,400u,emailservice-66944ff59-rspdn,15,56
15:08:21,400u,emailservice-66944ff59-ztv9n,15,56
15:08:21,400u,envoy-grpc-lb-648f879c96-b7d94,501,40
15:08:21,400u,frontend-56d4848657-465mj,198,36
15:08:21,400u,frontend-56d4848657-4s4hv,199,34
15:08:21,400u,frontend-56d4848657-8z4sk,200,34
15:08:21,400u,paymentservice-9bfb7bf5-dmwrc,12,77
15:08:21,400u,paymentservice-9bfb7bf5-mpf2j,9,79
15:08:21,400u,paymentservice-9bfb7bf5-n8v8z,13,109
15:08:21,400u,productcatalogservice-65bbf699df-hlwh8,100,22
15:08:21,400u,productcatalogservice-65bbf699df-lw2bl,101,19
15:08:21,400u,productcatalogservice-65bbf699df-t64z2,102,21
15:08:21,400u,recommendationservice-7d7f9f7777-6s2rv,199,55
15:08:21,400u,recommendationservice-7d7f9f7777-mptll,199,57
15:08:21,400u,recommendationservice-7d7f9f7777-pdnlv,198,55
15:08:21,400u,redis-cart-c8ff86559-zwp6z,19,11
15:08:21,400u,shippingservice-f956b6d9f-bw9bp,18,17
15:08:21,400u,shippingservice-f956b6d9f-g9wg4,18,16
15:08:21,400u,shippingservice-f956b6d9f-hcwkr,18,16
