/Users/edias/Library/Python/3.9/lib/python/site-packages/urllib3/__init__.py:35: NotOpenSSLWarning: urllib3 v2 only supports OpenSSL 1.1.1+, currently the 'ssl' module is compiled with 'LibreSSL 2.8.3'. See: https://github.com/urllib3/urllib3/issues/3020
  warnings.warn(
[2026-05-24 16:14:47,348] Mac/WARNING/locust.main: Python 3.9 support is deprecated and will be removed soon
Type     Name                                                                          # reqs      # fails |    Avg     Min     Max    Med |   req/s  failures/s
--------|----------------------------------------------------------------------------|-------|-------------|-------|-------|-------|-------|--------|-----------
--------|----------------------------------------------------------------------------|-------|-------------|-------|-------|-------|-------|--------|-----------
         Aggregated                                                                         0     0(0.00%) |      0       0       0      0 |    0.00        0.00

Type     Name                                                                          # reqs      # fails |    Avg     Min     Max    Med |   req/s  failures/s
--------|----------------------------------------------------------------------------|-------|-------------|-------|-------|-------|-------|--------|-----------
GET      /                                                                                  2     0(0.00%) |     14      13      16     13 |    0.00        0.00
GET      /cart                                                                              2     0(0.00%) |     28      15      41     15 |    0.00        0.00
POST     /cart [add]                                                                        3     0(0.00%) |     20      16      23     22 |    0.00        0.00
GET      /product/[id]                                                                     16     0(0.00%) |     14       7      23     13 |    0.00        0.00
POST     /setCurrency                                                                       1     0(0.00%) |     23      23      23     23 |    0.00        0.00
--------|----------------------------------------------------------------------------|-------|-------------|-------|-------|-------|-------|--------|-----------
         Aggregated                                                                        24     0(0.00%) |     16       7      41     15 |    0.00        0.00

Type     Name                                                                          # reqs      # fails |    Avg     Min     Max    Med |   req/s  failures/s
--------|----------------------------------------------------------------------------|-------|-------------|-------|-------|-------|-------|--------|-----------
GET      /                                                                                  5     0(0.00%) |     13      12      16     13 |    1.00        0.00
GET      /cart                                                                             11     0(0.00%) |     14       6      41     12 |    1.00        0.00
POST     /cart [add]                                                                        9     0(0.00%) |     18      10      26     17 |    1.50        0.00
POST     /cart/checkout                                                                     2     0(0.00%) |     14      14      14     14 |    0.00        0.00
GET      /product/[id]                                                                     44     0(0.00%) |     11       5      23      9 |    7.00        0.00
POST     /setCurrency                                                                       4     0(0.00%) |     20      13      23     21 |    0.00        0.00
--------|----------------------------------------------------------------------------|-------|-------------|-------|-------|-------|-------|--------|-----------
         Aggregated                                                                        75     0(0.00%) |     13       5      41     12 |   10.50        0.00

Type     Name                                                                          # reqs      # fails |    Avg     Min     Max    Med |   req/s  failures/s
--------|----------------------------------------------------------------------------|-------|-------------|-------|-------|-------|-------|--------|-----------
GET      /                                                                                  8     0(0.00%) |     14      12      18     14 |    1.00        0.00
GET      /cart                                                                             26     0(0.00%) |     10       4      41      9 |    2.50        0.00
POST     /cart [add]                                                                       19     0(0.00%) |     15       9      26     14 |    2.00        0.00
POST     /cart/checkout                                                                     7     0(0.00%) |     13      10      15     14 |    0.50        0.00
GET      /product/[id]                                                                     87     0(0.00%) |      9       4      23      9 |    9.50        0.00
POST     /setCurrency                                                                      10     0(0.00%) |     18      13      24     16 |    1.00        0.00
--------|----------------------------------------------------------------------------|-------|-------------|-------|-------|-------|-------|--------|-----------
         Aggregated                                                                       157     0(0.00%) |     11       4      41     10 |   16.50        0.00

Type     Name                                                                          # reqs      # fails |    Avg     Min     Max    Med |   req/s  failures/s
--------|----------------------------------------------------------------------------|-------|-------------|-------|-------|-------|-------|--------|-----------
GET      /                                                                                 12     0(0.00%) |     14      12      18     14 |    1.17        0.00
GET      /cart                                                                             39     0(0.00%) |      9       4      41      9 |    4.00        0.00
POST     /cart [add]                                                                       45     0(0.00%) |     13       8      26     12 |    3.00        0.00
POST     /cart/checkout                                                                    20     0(0.00%) |     12       9      16     12 |    1.17        0.00
GET      /product/[id]                                                                    137     0(0.00%) |      8       4      23      8 |   12.83        0.00
POST     /setCurrency                                                                      21     0(0.00%) |     17      13      24     15 |    1.50        0.00
--------|----------------------------------------------------------------------------|-------|-------------|-------|-------|-------|-------|--------|-----------
         Aggregated                                                                       274     0(0.00%) |     11       4      41     10 |   23.67        0.00

Type     Name                                                                          # reqs      # fails |    Avg     Min     Max    Med |   req/s  failures/s
--------|----------------------------------------------------------------------------|-------|-------------|-------|-------|-------|-------|--------|-----------
GET      /                                                                                 14     0(0.00%) |     13      10      18     13 |    1.50        0.00
GET      /cart                                                                             52     0(0.00%) |      9       4      41      8 |    4.62        0.00
POST     /cart [add]                                                                       70     0(0.00%) |     13       7      26     12 |    5.12        0.00
POST     /cart/checkout                                                                    31     0(0.00%) |     12       9      20     12 |    2.25        0.00
GET      /product/[id]                                                                    219     0(0.00%) |      8       4      23      8 |   15.62        0.00
POST     /setCurrency                                                                      32     0(0.00%) |     16      11      24     15 |    2.50        0.00
--------|----------------------------------------------------------------------------|-------|-------------|-------|-------|-------|-------|--------|-----------
         Aggregated                                                                       418     0(0.00%) |     10       4      41      9 |   31.62        0.00

Type     Name                                                                          # reqs      # fails |    Avg     Min     Max    Med |   req/s  failures/s
--------|----------------------------------------------------------------------------|-------|-------------|-------|-------|-------|-------|--------|-----------
GET      /                                                                                 20     0(0.00%) |     24      10     242     13 |    1.30        0.00
GET      /cart                                                                             67     0(0.00%) |     16       4     234      8 |    5.00        0.00
POST     /cart [add]                                                                       93     0(0.00%) |     17       6     222     12 |    6.30        0.00
POST     /cart/checkout                                                                    40     0(0.00%) |     20       8     184     12 |    2.60        0.00
GET      /product/[id]                                                                    303     0(0.00%) |     13       3     302      8 |   20.60        0.00
POST     /setCurrency                                                                      49     0(0.00%) |     21      11     275     16 |    3.10        0.00
--------|----------------------------------------------------------------------------|-------|-------------|-------|-------|-------|-------|--------|-----------
         Aggregated                                                                       572     0(0.00%) |     16       3     302      9 |   38.90        0.00

Type     Name                                                                          # reqs      # fails |    Avg     Min     Max    Med |   req/s  failures/s
--------|----------------------------------------------------------------------------|-------|-------------|-------|-------|-------|-------|--------|-----------
GET      /                                                                                 21     0(0.00%) |     24      10     242     13 |    1.60        0.00
GET      /cart                                                                             95     0(0.00%) |     14       4     234      8 |    6.30        0.00
POST     /cart [add]                                                                      123     0(0.00%) |     17       6     222     12 |    8.30        0.00
POST     /cart/checkout                                                                    46     0(0.00%) |     19       8     184     12 |    3.80        0.00
GET      /product/[id]                                                                    415     0(0.00%) |     13       3     302      7 |   27.30        0.00
POST     /setCurrency                                                                      72     0(0.00%) |     19      10     275     16 |    4.70        0.00
--------|----------------------------------------------------------------------------|-------|-------------|-------|-------|-------|-------|--------|-----------
         Aggregated                                                                       772     0(0.00%) |     15       3     302      9 |   52.00        0.00

Type     Name                                                                          # reqs      # fails |    Avg     Min     Max    Med |   req/s  failures/s
--------|----------------------------------------------------------------------------|-------|-------------|-------|-------|-------|-------|--------|-----------
GET      /                                                                                 28     0(0.00%) |     22       9     242     13 |    1.70        0.00
GET      /cart                                                                            128     0(0.00%) |     16       4     234      8 |    7.70        0.00
POST     /cart [add]                                                                      157     0(0.00%) |     18       6     222     12 |   11.00        0.00
POST     /cart/checkout                                                                    54     0(0.00%) |     19       8     184     12 |    4.20        0.00
GET      /product/[id]                                                                    527     0(0.00%) |     13       3     302      8 |   35.70        0.00
POST     /setCurrency                                                                      88     0(0.00%) |     20      10     275     16 |    6.60        0.00
--------|----------------------------------------------------------------------------|-------|-------------|-------|-------|-------|-------|--------|-----------
         Aggregated                                                                       982     0(0.00%) |     15       3     302      9 |   66.90        0.00

Type     Name                                                                          # reqs      # fails |    Avg     Min     Max    Med |   req/s  failures/s
--------|----------------------------------------------------------------------------|-------|-------------|-------|-------|-------|-------|--------|-----------
GET      /                                                                                 37     0(0.00%) |     27       9     242     14 |    2.00        0.00
GET      /cart                                                                            162     0(0.00%) |     21       4     234      9 |   10.00        0.00
POST     /cart [add]                                                                      188     0(0.00%) |     24       6     222     13 |   13.30        0.00
POST     /cart/checkout                                                                    67     0(0.00%) |     24       8     184     13 |    4.60        0.00
GET      /product/[id]                                                                    642     0(0.00%) |     18       3     302      8 |   43.10        0.00
POST     /setCurrency                                                                     116     0(0.00%) |     32      10     275     16 |    7.30        0.00
--------|----------------------------------------------------------------------------|-------|-------------|-------|-------|-------|-------|--------|-----------
         Aggregated                                                                      1212     0(0.00%) |     21       3     302     10 |   80.30        0.00

Type     Name                                                                          # reqs      # fails |    Avg     Min     Max    Med |   req/s  failures/s
--------|----------------------------------------------------------------------------|-------|-------------|-------|-------|-------|-------|--------|-----------
GET      /                                                                                 42     0(0.00%) |     27       9     242     14 |    2.40        0.00
GET      /cart                                                                            201     0(0.00%) |     22       3     234      9 |   11.70        0.00
POST     /cart [add]                                                                      229     0(0.00%) |     27       6     222     13 |   14.30        0.00
POST     /cart/checkout                                                                    82     0(0.00%) |     24       8     184     12 |    4.70        0.00
GET      /product/[id]                                                                    773     0(0.00%) |     20       3     302      8 |   49.30        0.00
POST     /setCurrency                                                                     142     0(0.00%) |     37       9     302     16 |    9.20        0.00
--------|----------------------------------------------------------------------------|-------|-------------|-------|-------|-------|-------|--------|-----------
         Aggregated                                                                      1469     0(0.00%) |     24       3     302     11 |   91.60        0.00

Type     Name                                                                          # reqs      # fails |    Avg     Min     Max    Med |   req/s  failures/s
--------|----------------------------------------------------------------------------|-------|-------------|-------|-------|-------|-------|--------|-----------
GET      /                                                                                 47     0(0.00%) |     37       9     242     14 |    2.60        0.00
GET      /cart                                                                            235     0(0.00%) |     28       3     234     10 |   14.20        0.00
POST     /cart [add]                                                                      276     0(0.00%) |     40       6     254     15 |   16.00        0.00
POST     /cart/checkout                                                                    99     0(0.00%) |     31       8     195     13 |    5.40        0.00
GET      /product/[id]                                                                    881     0(0.00%) |     25       3     302      9 |   54.10        0.00
POST     /setCurrency                                                                     170     0(0.00%) |     51       9     302     17 |   10.80        0.00
--------|----------------------------------------------------------------------------|-------|-------------|-------|-------|-------|-------|--------|-----------
         Aggregated                                                                      1708     0(0.00%) |     31       3     302     12 |  103.10        0.00

Type     Name                                                                          # reqs      # fails |    Avg     Min     Max    Med |   req/s  failures/s
--------|----------------------------------------------------------------------------|-------|-------------|-------|-------|-------|-------|--------|-----------
GET      /                                                                                 53     0(0.00%) |     49       9     242     15 |    2.70        0.00
GET      /cart                                                                            271     0(0.00%) |     30       3     234     11 |   16.30        0.00
POST     /cart [add]                                                                      330     0(0.00%) |     50       6     254     18 |   18.70        0.00
POST     /cart/checkout                                                                   128     0(0.00%) |     44       8     195     15 |    5.90        0.00
GET      /product/[id]                                                                   1017     0(0.00%) |     29       3     302     10 |   56.30        0.00
POST     /setCurrency                                                                     190     0(0.00%) |     58       9     302     19 |   11.70        0.00
--------|----------------------------------------------------------------------------|-------|-------------|-------|-------|-------|-------|--------|-----------
         Aggregated                                                                      1989     0(0.00%) |     37       3     302     14 |  111.60        0.00

Type     Name                                                                          # reqs      # fails |    Avg     Min     Max    Med |   req/s  failures/s
--------|----------------------------------------------------------------------------|-------|-------------|-------|-------|-------|-------|--------|-----------
GET      /                                                                                 64     0(0.00%) |     64       9     396     18 |    3.10        0.00
GET      /cart                                                                            307     0(0.00%) |     37       3     273     15 |   17.90        0.00
POST     /cart [add]                                                                      371     0(0.00%) |     61       6     387     24 |   20.20        0.00
POST     /cart/checkout                                                                   139     0(0.00%) |     48       8     195     17 |    7.90        0.00
GET      /product/[id]                                                                   1140     0(0.00%) |     35       3     302     11 |   60.20        0.00
POST     /setCurrency                                                                     220     0(0.00%) |     74       9     369     24 |   11.50        0.00
--------|----------------------------------------------------------------------------|-------|-------------|-------|-------|-------|-------|--------|-----------
         Aggregated                                                                      2241     0(0.00%) |     45       3     396     16 |  120.80        0.00

Type     Name                                                                          # reqs      # fails |    Avg     Min     Max    Med |   req/s  failures/s
--------|----------------------------------------------------------------------------|-------|-------------|-------|-------|-------|-------|--------|-----------
GET      /                                                                                 76     0(0.00%) |     73       9     396     37 |    3.60        0.00
GET      /cart                                                                            343     0(0.00%) |     41       3     273     17 |   17.10        0.00
POST     /cart [add]                                                                      420     0(0.00%) |     68       6     387     34 |   21.00        0.00
POST     /cart/checkout                                                                   155     0(0.00%) |     54       8     195     29 |    8.30        0.00
GET      /product/[id]                                                                   1266     0(0.00%) |     39       3     302     14 |   60.80        0.00
POST     /setCurrency                                                                     253     0(0.00%) |     83       9     369     44 |   12.50        0.00
--------|----------------------------------------------------------------------------|-------|-------------|-------|-------|-------|-------|--------|-----------
         Aggregated                                                                      2513     0(0.00%) |     51       3     396     20 |  123.30        0.00

Type     Name                                                                          # reqs      # fails |    Avg     Min     Max    Med |   req/s  failures/s
--------|----------------------------------------------------------------------------|-------|-------------|-------|-------|-------|-------|--------|-----------
GET      /                                                                                 82     0(0.00%) |     70       8     396     37 |    3.80        0.00
GET      /cart                                                                            392     0(0.00%) |     41       3     273     17 |   18.30        0.00
POST     /cart [add]                                                                      468     0(0.00%) |     65       6     387     34 |   22.80        0.00
POST     /cart/checkout                                                                   177     0(0.00%) |     52       7     293     19 |    8.80        0.00
GET      /product/[id]                                                                   1445     0(0.00%) |     40       3     302     16 |   62.10        0.00
POST     /setCurrency                                                                     276     0(0.00%) |     81       9     369     41 |   13.20        0.00
--------|----------------------------------------------------------------------------|-------|-------------|-------|-------|-------|-------|--------|-----------
         Aggregated                                                                      2840     0(0.00%) |     50       3     396     21 |  129.00        0.00

Type     Name                                                                          # reqs      # fails |    Avg     Min     Max    Med |   req/s  failures/s
--------|----------------------------------------------------------------------------|-------|-------------|-------|-------|-------|-------|--------|-----------
GET      /                                                                                 95     0(0.00%) |     70       8     396     44 |    4.20        0.00
GET      /cart                                                                            423     0(0.00%) |     41       3     273     18 |   19.30        0.00
POST     /cart [add]                                                                      526     0(0.00%) |     65       6     387     37 |   23.60        0.00
POST     /cart/checkout                                                                   203     0(0.00%) |     53       6     293     33 |    9.30        0.00
GET      /product/[id]                                                                   1592     0(0.00%) |     40       3     302     17 |   66.80        0.00
POST     /setCurrency                                                                     310     0(0.00%) |     81       8     369     48 |   13.30        0.00
--------|----------------------------------------------------------------------------|-------|-------------|-------|-------|-------|-------|--------|-----------
         Aggregated                                                                      3149     0(0.00%) |     50       3     396     23 |  136.50        0.00

Type     Name                                                                          # reqs      # fails |    Avg     Min     Max    Med |   req/s  failures/s
--------|----------------------------------------------------------------------------|-------|-------------|-------|-------|-------|-------|--------|-----------
GET      /                                                                                104     0(0.00%) |     79       8     396     47 |    4.80        0.00
GET      /cart                                                                            465     0(0.00%) |     46       3     301     23 |   19.20        0.00
POST     /cart [add]                                                                      564     0(0.00%) |     70       6     387     42 |   24.30        0.00
POST     /cart/checkout                                                                   212     0(0.00%) |     54       6     293     35 |   10.00        0.00
GET      /product/[id]                                                                   1696     0(0.00%) |     43       3     302     21 |   72.20        0.00
POST     /setCurrency                                                                     332     0(0.00%) |     88       8     369     56 |   14.10        0.00
--------|----------------------------------------------------------------------------|-------|-------------|-------|-------|-------|-------|--------|-----------
         Aggregated                                                                      3373     0(0.00%) |     54       3     396     27 |  144.60        0.00

Type     Name                                                                          # reqs      # fails |    Avg     Min     Max    Med |   req/s  failures/s
--------|----------------------------------------------------------------------------|-------|-------------|-------|-------|-------|-------|--------|-----------
GET      /                                                                                108     0(0.00%) |     94       8     583     54 |    5.20        0.00
GET      /cart                                                                            491     0(0.00%) |     56       3     755     27 |   19.60        0.00
POST     /cart [add]                                                                      599     0(0.00%) |     81       6     922     45 |   24.20        0.00
POST     /cart/checkout                                                                   227     0(0.00%) |     59       6     495     38 |    8.90        0.00
GET      /product/[id]                                                                   1797     0(0.00%) |     54       3     832     24 |   69.90        0.00
POST     /setCurrency                                                                     355     0(0.00%) |    110       8     901     68 |   14.70        0.00
--------|----------------------------------------------------------------------------|-------|-------------|-------|-------|-------|-------|--------|-----------
         Aggregated                                                                      3577     0(0.00%) |     66       3     922     32 |  142.50        0.00

Type     Name                                                                          # reqs      # fails |    Avg     Min     Max    Med |   req/s  failures/s
--------|----------------------------------------------------------------------------|-------|-------------|-------|-------|-------|-------|--------|-----------
GET      /                                                                                115     0(0.00%) |     95       8     583     56 |    4.50        0.00
GET      /cart                                                                            523     0(0.00%) |     58       3     755     29 |   19.30        0.00
POST     /cart [add]                                                                      654     0(0.00%) |     82       6     922     48 |   23.00        0.00
POST     /cart/checkout                                                                   249     0(0.00%) |     60       6     495     39 |    8.90        0.00
GET      /product/[id]                                                                   1936     0(0.00%) |     56       3     832     27 |   66.00        0.00
POST     /setCurrency                                                                     386     0(0.00%) |    113       8     901     73 |   14.10        0.00
--------|----------------------------------------------------------------------------|-------|-------------|-------|-------|-------|-------|--------|-----------
         Aggregated                                                                      3863     0(0.00%) |     68       3     922     34 |  135.80        0.00

Type     Name                                                                          # reqs      # fails |    Avg     Min     Max    Med |   req/s  failures/s
--------|----------------------------------------------------------------------------|-------|-------------|-------|-------|-------|-------|--------|-----------
GET      /                                                                                127     0(0.00%) |     94       8     583     57 |    4.00        0.00
GET      /cart                                                                            557     0(0.00%) |     58       3     755     31 |   17.60        0.00
POST     /cart [add]                                                                      695     0(0.00%) |     82       6     922     49 |   23.20        0.00
POST     /cart/checkout                                                                   265     0(0.00%) |     61       6     495     39 |    9.20        0.00
GET      /product/[id]                                                                   2088     0(0.00%) |     57       3     832     28 |   66.40        0.00
POST     /setCurrency                                                                     418     0(0.00%) |    111       8     901     71 |   13.60        0.00
--------|----------------------------------------------------------------------------|-------|-------------|-------|-------|-------|-------|--------|-----------
         Aggregated                                                                      4150     0(0.00%) |     68       3     922     35 |  134.00        0.00

Type     Name                                                                          # reqs      # fails |    Avg     Min     Max    Med |   req/s  failures/s
--------|----------------------------------------------------------------------------|-------|-------------|-------|-------|-------|-------|--------|-----------
GET      /                                                                                135     0(0.00%) |     94       8     583     57 |    4.30        0.00
GET      /cart                                                                            599     0(0.00%) |     58       3     755     31 |   16.50        0.00
POST     /cart [add]                                                                      755     0(0.00%) |     80       6     922     48 |   22.80        0.00
POST     /cart/checkout                                                                   284     0(0.00%) |     59       6     495     37 |    8.80        0.00
GET      /product/[id]                                                                   2256     0(0.00%) |     55       3     832     27 |   64.50        0.00
POST     /setCurrency                                                                     440     0(0.00%) |    109       8     901     70 |   13.80        0.00
--------|----------------------------------------------------------------------------|-------|-------------|-------|-------|-------|-------|--------|-----------
         Aggregated                                                                      4469     0(0.00%) |     66       3     922     35 |  130.70        0.00

Type     Name                                                                          # reqs      # fails |    Avg     Min     Max    Med |   req/s  failures/s
--------|----------------------------------------------------------------------------|-------|-------------|-------|-------|-------|-------|--------|-----------
GET      /                                                                                145     0(0.00%) |     93       8     583     56 |    4.20        0.00
GET      /cart                                                                            641     0(0.00%) |     58       3     755     32 |   16.90        0.00
POST     /cart [add]                                                                      797     0(0.00%) |     81       6     922     49 |   23.10        0.00
POST     /cart/checkout                                                                   298     0(0.00%) |     60       6     495     38 |    8.50        0.00
GET      /product/[id]                                                                   2399     0(0.00%) |     56       3     832     30 |   65.00        0.00
POST     /setCurrency                                                                     469     0(0.00%) |    111       8     901     71 |   13.00        0.00
--------|----------------------------------------------------------------------------|-------|-------------|-------|-------|-------|-------|--------|-----------
         Aggregated                                                                      4749     0(0.00%) |     67       3     922     37 |  130.70        0.00

Type     Name                                                                          # reqs      # fails |    Avg     Min     Max    Med |   req/s  failures/s
--------|----------------------------------------------------------------------------|-------|-------------|-------|-------|-------|-------|--------|-----------
GET      /                                                                                152     0(0.00%) |     95       8     583     58 |    3.90        0.00
GET      /cart                                                                            677     0(0.00%) |     59       3     755     33 |   16.70        0.00
POST     /cart [add]                                                                      846     0(0.00%) |     82       6     922     52 |   22.30        0.00
POST     /cart/checkout                                                                   318     0(0.00%) |     63       6     495     46 |    8.30        0.00
GET      /product/[id]                                                                   2542     0(0.00%) |     56       3     832     32 |   67.70        0.00
POST     /setCurrency                                                                     494     0(0.00%) |    111       8     901     71 |   13.30        0.00
--------|----------------------------------------------------------------------------|-------|-------------|-------|-------|-------|-------|--------|-----------
         Aggregated                                                                      5029     0(0.00%) |     68       3     922     39 |  132.20        0.00

Type     Name                                                                          # reqs      # fails |    Avg     Min     Max    Med |   req/s  failures/s
--------|----------------------------------------------------------------------------|-------|-------------|-------|-------|-------|-------|--------|-----------
GET      /                                                                                157     0(0.00%) |     96       8     583     63 |    4.20        0.00
GET      /cart                                                                            722     0(0.00%) |     60       3     755     34 |   18.50        0.00
POST     /cart [add]                                                                      898     0(0.00%) |     84       6     922     56 |   24.20        0.00
POST     /cart/checkout                                                                   333     0(0.00%) |     63       6     495     50 |    8.90        0.00
GET      /product/[id]                                                                   2682     0(0.00%) |     57       3     832     34 |   74.10        0.00
POST     /setCurrency                                                                     520     0(0.00%) |    111       8     901     71 |   14.10        0.00
--------|----------------------------------------------------------------------------|-------|-------------|-------|-------|-------|-------|--------|-----------
         Aggregated                                                                      5312     0(0.00%) |     69       3     922     40 |  144.00        0.00

Type     Name                                                                          # reqs      # fails |    Avg     Min     Max    Med |   req/s  failures/s
--------|----------------------------------------------------------------------------|-------|-------------|-------|-------|-------|-------|--------|-----------
GET      /                                                                                163     0(0.00%) |     97       8     583     59 |    4.20        0.00
GET      /cart                                                                            768     0(0.00%) |     58       3     755     34 |   20.10        0.00
POST     /cart [add]                                                                      964     0(0.00%) |     83       6     922     54 |   24.80        0.00
POST     /cart/checkout                                                                   362     0(0.00%) |     63       6     495     46 |    8.70        0.00
GET      /product/[id]                                                                   2828     0(0.00%) |     56       3     832     34 |   74.90        0.00
POST     /setCurrency                                                                     551     0(0.00%) |    109       8     901     71 |   13.90        0.00
--------|----------------------------------------------------------------------------|-------|-------------|-------|-------|-------|-------|--------|-----------
         Aggregated                                                                      5636     0(0.00%) |     68       3     922     40 |  146.60        0.00

Type     Name                                                                          # reqs      # fails |    Avg     Min     Max    Med |   req/s  failures/s
--------|----------------------------------------------------------------------------|-------|-------------|-------|-------|-------|-------|--------|-----------
GET      /                                                                                171     0(0.00%) |     95       8     583     59 |    3.90        0.00
GET      /cart                                                                            812     0(0.00%) |     58       3     755     35 |   20.90        0.00
POST     /cart [add]                                                                     1010     0(0.00%) |     82       6     922     54 |   26.00        0.00
POST     /cart/checkout                                                                   387     0(0.00%) |     63       6     495     50 |    9.70        0.00
GET      /product/[id]                                                                   2976     0(0.00%) |     55       3     832     34 |   74.00        0.00
POST     /setCurrency                                                                     594     0(0.00%) |    106       8     901     71 |   13.80        0.00
--------|----------------------------------------------------------------------------|-------|-------------|-------|-------|-------|-------|--------|-----------
         Aggregated                                                                      5950     0(0.00%) |     67       3     922     40 |  148.30        0.00

Type     Name                                                                          # reqs      # fails |    Avg     Min     Max    Med |   req/s  failures/s
--------|----------------------------------------------------------------------------|-------|-------------|-------|-------|-------|-------|--------|-----------
GET      /                                                                                186     0(0.00%) |     96       8     583     70 |    3.50        0.00
GET      /cart                                                                            853     0(0.00%) |     57       3     755     36 |   21.40        0.00
POST     /cart [add]                                                                     1069     0(0.00%) |     81       6     922     54 |   25.40        0.00
POST     /cart/checkout                                                                   411     0(0.00%) |     63       6     495     50 |   10.10        0.00
GET      /product/[id]                                                                   3123     0(0.00%) |     55       3     832     34 |   72.60        0.00
POST     /setCurrency                                                                     621     0(0.00%) |    105       8     901     71 |   14.90        0.00
--------|----------------------------------------------------------------------------|-------|-------------|-------|-------|-------|-------|--------|-----------
         Aggregated                                                                      6263     0(0.00%) |     66       3     922     41 |  147.90        0.00

Type     Name                                                                          # reqs      # fails |    Avg     Min     Max    Med |   req/s  failures/s
--------|----------------------------------------------------------------------------|-------|-------------|-------|-------|-------|-------|--------|-----------
GET      /                                                                                191     0(0.00%) |     96       8     583     71 |    3.90        0.00
GET      /cart                                                                            878     0(0.00%) |     57       3     755     35 |   21.80        0.00
POST     /cart [add]                                                                     1124     0(0.00%) |     80       6     922     53 |   27.20        0.00
POST     /cart/checkout                                                                   430     0(0.00%) |     62       6     495     50 |   11.20        0.00
GET      /product/[id]                                                                   3262     0(0.00%) |     54       3     832     34 |   72.10        0.00
POST     /setCurrency                                                                     653     0(0.00%) |    104       8     901     71 |   14.70        0.00
--------|----------------------------------------------------------------------------|-------|-------------|-------|-------|-------|-------|--------|-----------
         Aggregated                                                                      6538     0(0.00%) |     66       3     922     40 |  150.90        0.00

Type     Name                                                                          # reqs      # fails |    Avg     Min     Max    Med |   req/s  failures/s
--------|----------------------------------------------------------------------------|-------|-------------|-------|-------|-------|-------|--------|-----------
GET      /                                                                                194     0(0.00%) |     98       8     583     71 |    4.00        0.00
GET      /cart                                                                            886     0(0.00%) |     59       3     755     35 |   20.50        0.00
POST     /cart [add]                                                                     1143     0(0.00%) |     83       6     922     53 |   28.50        0.00
POST     /cart/checkout                                                                   439     0(0.00%) |     61       6     495     46 |   11.20        0.00
GET      /product/[id]                                                                   3342     0(0.00%) |     61       3    1013     34 |   72.70        0.00
POST     /setCurrency                                                                     667     0(0.00%) |    110       8     901     74 |   16.30        0.00
--------|----------------------------------------------------------------------------|-------|-------------|-------|-------|-------|-------|--------|-----------
         Aggregated                                                                      6671     0(0.00%) |     70       3    1013     40 |  153.20        0.00

Type     Name                                                                          # reqs      # fails |    Avg     Min     Max    Med |   req/s  failures/s
--------|----------------------------------------------------------------------------|-------|-------------|-------|-------|-------|-------|--------|-----------
GET      /                                                                                200     0(0.00%) |    115       8    1175     75 |    3.90        0.00
GET      /cart                                                                            906     0(0.00%) |     66       3    1192     36 |   19.40        0.00
POST     /cart [add]                                                                     1174     0(0.00%) |     96       6    1224     56 |   26.90        0.00
POST     /cart/checkout                                                                   451     0(0.00%) |     61       6     495     45 |   11.30        0.00
GET      /product/[id]                                                                   3413     0(0.00%) |     67       3    1025     35 |   70.20        0.00
POST     /setCurrency                                                                     686     0(0.00%) |    124       8    1302     77 |   16.40        0.00
--------|----------------------------------------------------------------------------|-------|-------------|-------|-------|-------|-------|--------|-----------
         Aggregated                                                                      6830     0(0.00%) |     79       3    1302     42 |  148.10        0.00

Type     Name                                                                          # reqs      # fails |    Avg     Min     Max    Med |   req/s  failures/s
--------|----------------------------------------------------------------------------|-------|-------------|-------|-------|-------|-------|--------|-----------
GET      /                                                                                208     0(0.00%) |    115       8    1175     74 |    3.70        0.00
GET      /cart                                                                            950     0(0.00%) |     66       3    1192     36 |   14.70        0.00
POST     /cart [add]                                                                     1240     0(0.00%) |     97       6    1224     53 |   22.70        0.00
POST     /cart/checkout                                                                   475     0(0.00%) |     59       6     495     39 |    9.30        0.00
GET      /product/[id]                                                                   3584     0(0.00%) |     67       3    1025     35 |   61.30        0.00
POST     /setCurrency                                                                     715     0(0.00%) |    125       8    1302     77 |   13.80        0.00
--------|----------------------------------------------------------------------------|-------|-------------|-------|-------|-------|-------|--------|-----------
         Aggregated                                                                      7172     0(0.00%) |     79       3    1302     41 |  125.50        0.00

Type     Name                                                                          # reqs      # fails |    Avg     Min     Max    Med |   req/s  failures/s
--------|----------------------------------------------------------------------------|-------|-------------|-------|-------|-------|-------|--------|-----------
GET      /                                                                                221     0(0.00%) |    111       8    1175     72 |    3.60        0.00
GET      /cart                                                                            991     0(0.00%) |     65       3    1192     36 |   14.10        0.00
POST     /cart [add]                                                                     1293     0(0.00%) |     95       6    1224     53 |   23.10        0.00
POST     /cart/checkout                                                                   494     0(0.00%) |     59       6     495     42 |    8.80        0.00
GET      /product/[id]                                                                   3742     0(0.00%) |     66       3    1025     35 |   59.50        0.00
POST     /setCurrency                                                                     747     0(0.00%) |    123       8    1302     76 |   12.50        0.00
--------|----------------------------------------------------------------------------|-------|-------------|-------|-------|-------|-------|--------|-----------
         Aggregated                                                                      7488     0(0.00%) |     78       3    1302     41 |  121.60        0.00

Type     Name                                                                          # reqs      # fails |    Avg     Min     Max    Med |   req/s  failures/s
--------|----------------------------------------------------------------------------|-------|-------------|-------|-------|-------|-------|--------|-----------
GET      /                                                                                229     0(0.00%) |    128       8    1175     74 |    3.70        0.00
GET      /cart                                                                           1013     0(0.00%) |     67       3    1192     36 |   13.70        0.00
POST     /cart [add]                                                                     1311     0(0.00%) |     96       6    1224     54 |   22.30        0.00
POST     /cart/checkout                                                                   501     0(0.00%) |     59       6     495     42 |    8.50        0.00
GET      /product/[id]                                                                   3830     0(0.00%) |     72       3    1093     36 |   61.30        0.00
POST     /setCurrency                                                                     775     0(0.00%) |    125       8    1302     76 |   12.70        0.00
--------|----------------------------------------------------------------------------|-------|-------------|-------|-------|-------|-------|--------|-----------
         Aggregated                                                                      7659     0(0.00%) |     82       3    1302     42 |  122.20        0.00

Type     Name                                                                          # reqs      # fails |    Avg     Min     Max    Med |   req/s  failures/s
--------|----------------------------------------------------------------------------|-------|-------------|-------|-------|-------|-------|--------|-----------
GET      /                                                                                233     0(0.00%) |    129       8    1175     74 |    3.40        0.00
GET      /cart                                                                           1038     0(0.00%) |     67       3    1192     36 |   13.20        0.00
POST     /cart [add]                                                                     1354     0(0.00%) |    108       6    2065     54 |   19.20        0.00
POST     /cart/checkout                                                                   519     0(0.00%) |     60       6     495     45 |    7.50        0.00
GET      /product/[id]                                                                   3915     0(0.00%) |     76       3    1093     37 |   55.70        0.00
POST     /setCurrency                                                                     797     0(0.00%) |    129       8    1302     76 |   12.00        0.00
--------|----------------------------------------------------------------------------|-------|-------------|-------|-------|-------|-------|--------|-----------
         Aggregated                                                                      7856     0(0.00%) |     86       3    2065     43 |  111.00        0.00

Type     Name                                                                          # reqs      # fails |    Avg     Min     Max    Med |   req/s  failures/s
--------|----------------------------------------------------------------------------|-------|-------------|-------|-------|-------|-------|--------|-----------
GET      /                                                                                242     0(0.00%) |    127       8    1175     72 |    3.70        0.00
GET      /cart                                                                           1077     0(0.00%) |     66       3    1192     36 |   14.00        0.00
POST     /cart [add]                                                                     1413     0(0.00%) |    106       5    2065     54 |   19.90        0.00
POST     /cart/checkout                                                                   543     0(0.00%) |     60       6     495     46 |    7.40        0.00
GET      /product/[id]                                                                   4070     0(0.00%) |     75       3    1093     36 |   56.20        0.00
POST     /setCurrency                                                                     827     0(0.00%) |    127       8    1302     76 |   12.30        0.00
--------|----------------------------------------------------------------------------|-------|-------------|-------|-------|-------|-------|--------|-----------
         Aggregated                                                                      8172     0(0.00%) |     85       3    2065     42 |  113.50        0.00

Type     Name                                                                          # reqs      # fails |    Avg     Min     Max    Med |   req/s  failures/s
--------|----------------------------------------------------------------------------|-------|-------------|-------|-------|-------|-------|--------|-----------
GET      /                                                                                250     0(0.00%) |    124       8    1175     71 |    3.90        0.00
GET      /cart                                                                           1124     0(0.00%) |     65       3    1192     36 |   15.90        0.00
POST     /cart [add]                                                                     1470     0(0.00%) |    104       5    2065     53 |   22.30        0.00
POST     /cart/checkout                                                                   564     0(0.00%) |     60       6     495     48 |    8.90        0.00
GET      /product/[id]                                                                   4219     0(0.00%) |     74       3    1093     37 |   62.90        0.00
POST     /setCurrency                                                                     854     0(0.00%) |    125       8    1302     74 |   13.50        0.00
--------|----------------------------------------------------------------------------|-------|-------------|-------|-------|-------|-------|--------|-----------
         Aggregated                                                                      8481     0(0.00%) |     84       3    2065     43 |  127.40        0.00

Type     Name                                                                          # reqs      # fails |    Avg     Min     Max    Med |   req/s  failures/s
--------|----------------------------------------------------------------------------|-------|-------------|-------|-------|-------|-------|--------|-----------
GET      /                                                                                258     0(0.00%) |    122       8    1175     69 |    4.20        0.00
GET      /cart                                                                           1168     0(0.00%) |     64       3    1192     35 |   17.30        0.00
POST     /cart [add]                                                                     1523     0(0.00%) |    102       5    2065     53 |   22.40        0.00
POST     /cart/checkout                                                                   582     0(0.00%) |     60       6     495     48 |    8.30        0.00
GET      /product/[id]                                                                   4390     0(0.00%) |     72       3    1093     36 |   64.90        0.00
POST     /setCurrency                                                                     880     0(0.00%) |    123       8    1302     71 |   14.00        0.00
--------|----------------------------------------------------------------------------|-------|-------------|-------|-------|-------|-------|--------|-----------
         Aggregated                                                                      8801     0(0.00%) |     82       3    2065     42 |  131.10        0.00

Type     Name                                                                          # reqs      # fails |    Avg     Min     Max    Med |   req/s  failures/s
--------|----------------------------------------------------------------------------|-------|-------------|-------|-------|-------|-------|--------|-----------
GET      /                                                                                268     0(0.00%) |    125       8    1175     72 |    3.80        0.00
GET      /cart                                                                           1210     0(0.00%) |     64       3    1192     36 |   17.60        0.00
POST     /cart [add]                                                                     1563     0(0.00%) |    101       5    2065     53 |   23.70        0.00
POST     /cart/checkout                                                                   600     0(0.00%) |     60       6     495     50 |    8.90        0.00
GET      /product/[id]                                                                   4554     0(0.00%) |     72       3    1093     36 |   65.70        0.00
POST     /setCurrency                                                                     907     0(0.00%) |    123       8    1302     73 |   13.60        0.00
--------|----------------------------------------------------------------------------|-------|-------------|-------|-------|-------|-------|--------|-----------
         Aggregated                                                                      9102     0(0.00%) |     82       3    2065     42 |  133.30        0.00

Type     Name                                                                          # reqs      # fails |    Avg     Min     Max    Med |   req/s  failures/s
--------|----------------------------------------------------------------------------|-------|-------------|-------|-------|-------|-------|--------|-----------
GET      /                                                                                281     2(0.71%) |    122       2    1175     69 |    4.30        0.00
GET      /cart                                                                           1254     9(0.72%) |     63       1    1192     36 |   19.30        0.00
POST     /cart [add]                                                                     1624    12(0.74%) |     99       3    2065     52 |   24.20        0.00
POST     /cart/checkout                                                                   610     1(0.16%) |     60       6     495     48 |    9.10        0.00
GET      /product/[id]                                                                   4719    28(0.59%) |     71       1    1093     36 |   70.80        0.00
POST     /setCurrency                                                                     935     5(0.53%) |    120       3    1302     71 |   12.80        0.00
--------|----------------------------------------------------------------------------|-------|-------------|-------|-------|-------|-------|--------|-----------
         Aggregated                                                                      9423    57(0.60%) |     80       1    2065     41 |  140.50        0.00

Type     Name                                                                          # reqs      # fails |    Avg     Min     Max    Med |   req/s  failures/s
--------|----------------------------------------------------------------------------|-------|-------------|-------|-------|-------|-------|--------|-----------
GET      /                                                                                293    14(4.78%) |    117       1    1175     65 |    4.70        0.00
GET      /cart                                                                           1307    62(4.74%) |     61       0    1192     33 |   21.80        0.00
POST     /cart [add]                                                                     1708    96(5.62%) |     95       2    2065     47 |   26.80        0.00
POST     /cart/checkout                                                                   610     1(0.16%) |     60       6     495     48 |    9.60        0.00
GET      /product/[id]                                                                   4906   215(4.38%) |     68       1    1093     33 |   79.50        0.00
POST     /setCurrency                                                                     965    35(3.63%) |    117       1    1302     68 |   13.90        0.00
--------|----------------------------------------------------------------------------|-------|-------------|-------|-------|-------|-------|--------|-----------
         Aggregated                                                                      9789   423(4.32%) |     77       0    2065     39 |  156.30        0.00

Type     Name                                                                          # reqs      # fails |    Avg     Min     Max    Med |   req/s  failures/s
--------|----------------------------------------------------------------------------|-------|-------------|-------|-------|-------|-------|--------|-----------
GET      /                                                                                299    20(6.69%) |    115       1    1175     62 |    5.10        1.10
GET      /cart                                                                           1361   116(8.52%) |     59       0    1192     30 |   23.20        5.20
POST     /cart [add]                                                                     1773   161(9.08%) |     92       2    2065     43 |   29.30        7.80
POST     /cart/checkout                                                                   610     1(0.16%) |     60       6     495     48 |    7.00        0.10
GET      /product/[id]                                                                   5118   427(8.34%) |     65       1    1093     30 |   82.50       17.60
POST     /setCurrency                                                                     994    64(6.44%) |    114       1    1302     65 |   13.70        2.80
--------|----------------------------------------------------------------------------|-------|-------------|-------|-------|-------|-------|--------|-----------
         Aggregated                                                                     10155   789(7.77%) |     75       0    2065     36 |  160.80       34.60

Type     Name                                                                          # reqs      # fails |    Avg     Min     Max    Med |   req/s  failures/s
--------|----------------------------------------------------------------------------|-------|-------------|-------|-------|-------|-------|--------|-----------
GET      /                                                                                309    30(9.71%) |    111       1    1175     58 |    5.00        1.90
GET      /cart                                                                           1410  165(11.70%) |     57       0    1192     28 |   23.30       10.50
POST     /cart [add]                                                                     1843  231(12.53%) |     88       2    2065     40 |   30.10       14.50
POST     /cart/checkout                                                                   610     1(0.16%) |     60       6     495     48 |    5.60        0.10
GET      /product/[id]                                                                   5330  639(11.99%) |     63       0    1093     27 |   87.70       37.80
POST     /setCurrency                                                                    1020    90(8.82%) |    111       1    1302     63 |   13.80        5.70
--------|----------------------------------------------------------------------------|-------|-------------|-------|-------|-------|-------|--------|-----------
         Aggregated                                                                     10522 1156(10.99%) |     72       0    2065     33 |  165.50       70.50

Type     Name                                                                          # reqs      # fails |    Avg     Min     Max    Med |   req/s  failures/s
--------|----------------------------------------------------------------------------|-------|-------------|-------|-------|-------|-------|--------|-----------
GET      /                                                                                319   40(12.54%) |    108       1    1175     54 |    5.10        2.90
GET      /cart                                                                           1464  219(14.96%) |     55       0    1192     25 |   23.70       15.20
POST     /cart [add]                                                                     1912  300(15.69%) |     85       2    2065     36 |   30.70       21.20
POST     /cart/checkout                                                                   610     1(0.16%) |     60       6     495     48 |    2.90        0.10
GET      /product/[id]                                                                   5522  831(15.05%) |     61       0    1093     25 |   91.80       59.10
POST     /setCurrency                                                                    1051  121(11.51%) |    108       1    1302     61 |   13.80        8.30
--------|----------------------------------------------------------------------------|-------|-------------|-------|-------|-------|-------|--------|-----------
         Aggregated                                                                     10878 1512(13.90%) |     70       0    2065     31 |  168.00      106.80

Type     Name                                                                          # reqs      # fails |    Avg     Min     Max    Med |   req/s  failures/s
--------|----------------------------------------------------------------------------|-------|-------------|-------|-------|-------|-------|--------|-----------
GET      /                                                                                328   49(14.94%) |    105       1    1175     47 |    5.00        3.80
GET      /cart                                                                           1512  267(17.66%) |     53       0    1192     23 |   24.80       20.60
POST     /cart [add]                                                                     1977  365(18.46%) |     83       2    2065     34 |   34.90       28.90
POST     /cart/checkout                                                                   610     1(0.16%) |     60       6     495     48 |    1.80        0.10
GET      /product/[id]                                                                   5716 1025(17.93%) |     59       0    1093     23 |   96.70       78.50
POST     /setCurrency                                                                    1092  162(14.84%) |    104       1    1302     54 |   14.40       11.40
--------|----------------------------------------------------------------------------|-------|-------------|-------|-------|-------|-------|--------|-----------
         Aggregated                                                                     11235 1869(16.64%) |     68       0    2065     28 |  177.60      143.30

Type     Name                                                                          # reqs      # fails |    Avg     Min     Max    Med |   req/s  failures/s
--------|----------------------------------------------------------------------------|-------|-------------|-------|-------|-------|-------|--------|-----------
GET      /                                                                                338   59(17.46%) |    102       1    1175     44 |    4.50        4.40
GET      /cart                                                                           1553  308(19.83%) |     52       0    1192     22 |   25.20       25.10
POST     /cart [add]                                                                     2045  433(21.17%) |     81       2    2065     31 |   34.60       34.40
POST     /cart/checkout                                                                   610     1(0.16%) |     60       6     495     48 |    0.10        0.10
GET      /product/[id]                                                                   5901 1210(20.50%) |     57       0    1093     21 |  100.50       99.50
POST     /setCurrency                                                                    1136  206(18.13%) |    100       1    1302     50 |   15.40       15.30
--------|----------------------------------------------------------------------------|-------|-------------|-------|-------|-------|-------|--------|-----------
         Aggregated                                                                     11583 2217(19.14%) |     66       0    2065     26 |  180.30      178.80

Type     Name                                                                          # reqs      # fails |    Avg     Min     Max    Med |   req/s  failures/s
--------|----------------------------------------------------------------------------|-------|-------------|-------|-------|-------|-------|--------|-----------
GET      /                                                                                348   69(19.83%) |     99       1    1175     42 |    4.40        4.40
GET      /cart                                                                           1608  363(22.57%) |     50       0    1192     19 |   24.50       24.50
POST     /cart [add]                                                                     2118  506(23.89%) |     78       2    2065     29 |   34.10       34.10
POST     /cart/checkout                                                                   610     1(0.16%) |     60       6     495     48 |    0.00        0.00
GET      /product/[id]                                                                   6089 1398(22.96%) |     56       0    1093     18 |   99.30       99.30
POST     /setCurrency                                                                    1164  234(20.10%) |     98       1    1302     48 |   17.20       17.20
--------|----------------------------------------------------------------------------|-------|-------------|-------|-------|-------|-------|--------|-----------
         Aggregated                                                                     11937 2571(21.54%) |     65       0    2065     24 |  179.50      179.50

Type     Name                                                                          # reqs      # fails |    Avg     Min     Max    Med |   req/s  failures/s
--------|----------------------------------------------------------------------------|-------|-------------|-------|-------|-------|-------|--------|-----------
GET      /                                                                                349   69(19.77%) |    103       1    1524     42 |    4.60        4.60
GET      /cart                                                                           1616  363(22.46%) |     57       0    1889     19 |   24.70       24.70
POST     /cart [add]                                                                     2125  506(23.81%) |     83       2    2065     29 |   34.00       34.00
POST     /cart/checkout                                                                   611     1(0.16%) |     61       6     696     50 |    0.00        0.00
GET      /product/[id]                                                                   6134 1398(22.79%) |     59       0    1093     19 |   98.50       98.50
POST     /setCurrency                                                                    1172  234(19.97%) |    107       1    1693     48 |   17.30       17.30
--------|----------------------------------------------------------------------------|-------|-------------|-------|-------|-------|-------|--------|-----------
         Aggregated                                                                     12007 2571(21.41%) |     69       0    2065     24 |  179.10      179.10

Type     Name                                                                          # reqs      # fails |    Avg     Min     Max    Med |   req/s  failures/s
--------|----------------------------------------------------------------------------|-------|-------------|-------|-------|-------|-------|--------|-----------
GET      /                                                                                352   69(19.60%) |    115       1    1701     42 |    4.00        4.00
GET      /cart                                                                           1637  363(22.17%) |     69       0    1889     21 |   21.40       21.10
POST     /cart [add]                                                                     2142  506(23.62%) |     91       2    2065     29 |   29.50       29.40
POST     /cart/checkout                                                                   617     1(0.16%) |     72       6    1894     52 |    0.00        0.00
GET      /product/[id]                                                                   6180 1398(22.62%) |     62       0    1106     20 |   83.90       80.70
POST     /setCurrency                                                                    1177  234(19.88%) |    112       1    1693     49 |   15.10       15.10
--------|----------------------------------------------------------------------------|-------|-------------|-------|-------|-------|-------|--------|-----------
         Aggregated                                                                     12105 2571(21.24%) |     75       0    2065     25 |  153.90      150.30

Type     Name                                                                          # reqs      # fails |    Avg     Min     Max    Med |   req/s  failures/s
--------|----------------------------------------------------------------------------|-------|-------------|-------|-------|-------|-------|--------|-----------
GET      /                                                                                358   69(19.27%) |    115       1    1701     44 |    3.40        3.10
GET      /cart                                                                           1665  363(21.80%) |     71       0    1889     22 |   17.10       15.70
POST     /cart [add]                                                                     2181  506(23.20%) |     93       2    2065     31 |   22.90       21.70
POST     /cart/checkout                                                                   636     1(0.16%) |     75       6    1894     57 |    0.10        0.00
GET      /product/[id]                                                                   6301 1398(22.19%) |     63       0    1106     21 |   69.30       61.30
POST     /setCurrency                                                                    1198  234(19.53%) |    113       1    1693     50 |   13.00       12.00
--------|----------------------------------------------------------------------------|-------|-------------|-------|-------|-------|-------|--------|-----------
         Aggregated                                                                     12339 2571(20.84%) |     77       0    2065     26 |  125.80      113.80

Type     Name                                                                          # reqs      # fails |    Avg     Min     Max    Med |   req/s  failures/s
--------|----------------------------------------------------------------------------|-------|-------------|-------|-------|-------|-------|--------|-----------
GET      /                                                                                361   69(19.11%) |    115       1    1701     44 |    3.40        2.50
GET      /cart                                                                           1713  363(21.19%) |     72       0    1889     23 |   16.10       11.20
POST     /cart [add]                                                                     2233  506(22.66%) |     94       2    2065     32 |   21.40       16.20
POST     /cart/checkout                                                                   658     1(0.15%) |     76       6    1894     58 |    1.90        0.00
GET      /product/[id]                                                                   6425 1398(21.76%) |     63       0    1106     21 |   58.10       40.30
POST     /setCurrency                                                                    1223  234(19.13%) |    114       1    1693     52 |   10.90        8.10
--------|----------------------------------------------------------------------------|-------|-------------|-------|-------|-------|-------|--------|-----------
         Aggregated                                                                     12613 2571(20.38%) |     77       0    2065     27 |  111.80       78.30

Type     Name                                                                          # reqs      # fails |    Avg     Min     Max    Med |   req/s  failures/s
--------|----------------------------------------------------------------------------|-------|-------------|-------|-------|-------|-------|--------|-----------
GET      /                                                                                370   69(18.65%) |    115       1    1701     45 |    2.60        1.40
GET      /cart                                                                           1749  363(20.75%) |     72       0    1889     24 |   16.10        6.60
POST     /cart [add]                                                                     2272  506(22.27%) |     95       2    2065     34 |   18.70        8.70
POST     /cart/checkout                                                                   677     1(0.15%) |     77       6    1894     59 |    4.30        0.00
GET      /product/[id]                                                                   6551 1398(21.34%) |     63       0    1106     22 |   53.40       22.90
POST     /setCurrency                                                                    1252  234(18.69%) |    115       1    1693     54 |    8.40        3.40
--------|----------------------------------------------------------------------------|-------|-------------|-------|-------|-------|-------|--------|-----------
         Aggregated                                                                     12871 2571(19.98%) |     77       0    2065     28 |  103.50       43.00

Type     Name                                                                          # reqs      # fails |    Avg     Min     Max    Med |   req/s  failures/s
--------|----------------------------------------------------------------------------|-------|-------------|-------|-------|-------|-------|--------|-----------
GET      /                                                                                381   69(18.11%) |    115       1    1701     44 |    2.30        0.40
GET      /cart                                                                           1779  363(20.40%) |     72       0    1889     24 |   14.20        1.10
POST     /cart [add]                                                                     2325  506(21.76%) |     95       2    2065     34 |   16.60        2.10
POST     /cart/checkout                                                                   698     1(0.14%) |     77       6    1894     59 |    6.30        0.00
GET      /product/[id]                                                                   6699 1398(20.87%) |     63       0    1106     23 |   47.50        3.50
POST     /setCurrency                                                                    1278  234(18.31%) |    116       1    1693     55 |    8.90        0.40
--------|----------------------------------------------------------------------------|-------|-------------|-------|-------|-------|-------|--------|-----------
         Aggregated                                                                     13160 2571(19.54%) |     78       0    2065     29 |   95.80        7.50

Type     Name                                                                          # reqs      # fails |    Avg     Min     Max    Med |   req/s  failures/s
--------|----------------------------------------------------------------------------|-------|-------------|-------|-------|-------|-------|--------|-----------
GET      /                                                                                396   69(17.42%) |    114       1    1701     45 |    3.00        0.00
GET      /cart                                                                           1820  363(19.95%) |     72       0    1889     24 |   16.00        0.00
POST     /cart [add]                                                                     2375  506(21.31%) |     95       2    2065     35 |   19.00        0.00
POST     /cart/checkout                                                                   715     1(0.14%) |     77       6    1894     59 |    8.40        0.00
GET      /product/[id]                                                                   6845 1398(20.42%) |     63       0    1106     23 |   53.90        0.00
POST     /setCurrency                                                                    1303  234(17.96%) |    115       1    1693     55 |   10.90        0.00
--------|----------------------------------------------------------------------------|-------|-------------|-------|-------|-------|-------|--------|-----------
         Aggregated                                                                     13454 2571(19.11%) |     77       0    2065     29 |  111.20        0.00

Type     Name                                                                          # reqs      # fails |    Avg     Min     Max    Med |   req/s  failures/s
--------|----------------------------------------------------------------------------|-------|-------------|-------|-------|-------|-------|--------|-----------
GET      /                                                                                406   69(17.00%) |    116       1    1701     48 |    4.20        0.00
GET      /cart                                                                           1862  363(19.50%) |     72       0    1889     25 |   19.10        0.00
POST     /cart [add]                                                                     2420  506(20.91%) |     95       2    2065     36 |   23.30        0.00
POST     /cart/checkout                                                                   728     1(0.14%) |     77       6    1894     59 |   10.00        0.00
GET      /product/[id]                                                                   6997 1398(19.98%) |     63       0    1106     24 |   64.10        0.00
POST     /setCurrency                                                                    1332  234(17.57%) |    116       1    1693     57 |   12.30        0.00
--------|----------------------------------------------------------------------------|-------|-------------|-------|-------|-------|-------|--------|-----------
         Aggregated                                                                     13745 2571(18.70%) |     77       0    2065     30 |  133.00        0.00

Type     Name                                                                          # reqs      # fails |    Avg     Min     Max    Med |   req/s  failures/s
--------|----------------------------------------------------------------------------|-------|-------------|-------|-------|-------|-------|--------|-----------
GET      /                                                                                414   69(16.67%) |    116       1    1701     54 |    4.70        0.00
GET      /cart                                                                           1898  363(19.13%) |     72       0    1889     27 |   19.50        0.00
POST     /cart [add]                                                                     2468  506(20.50%) |     95       2    2065     37 |   24.20        0.00
POST     /cart/checkout                                                                   742     1(0.13%) |     77       6    1894     59 |    9.60        0.00
GET      /product/[id]                                                                   7121 1398(19.63%) |     63       0    1106     25 |   69.70        0.00
POST     /setCurrency                                                                    1358  234(17.23%) |    116       1    1693     58 |   13.20        0.00
--------|----------------------------------------------------------------------------|-------|-------------|-------|-------|-------|-------|--------|-----------
         Aggregated                                                                     14001 2571(18.36%) |     77       0    2065     31 |  140.90        0.00

Type     Name                                                                          # reqs      # fails |    Avg     Min     Max    Med |   req/s  failures/s
--------|----------------------------------------------------------------------------|-------|-------------|-------|-------|-------|-------|--------|-----------
GET      /                                                                                423   69(16.31%) |    117       1    1701     57 |    5.10        0.00
GET      /cart                                                                           1935  363(18.76%) |     73       0    1889     27 |   19.20        0.00
POST     /cart [add]                                                                     2513  506(20.14%) |     95       2    2065     39 |   24.00        0.00
POST     /cart/checkout                                                                   762     1(0.13%) |     78       6    1894     61 |    8.70        0.00
GET      /product/[id]                                                                   7278 1398(19.21%) |     63       0    1106     25 |   70.60        0.00
POST     /setCurrency                                                                    1384  234(16.91%) |    117       1    1693     61 |   14.00        0.00
--------|----------------------------------------------------------------------------|-------|-------------|-------|-------|-------|-------|--------|-----------
         Aggregated                                                                     14295 2571(17.99%) |     78       0    2065     32 |  141.60        0.00

Type     Name                                                                          # reqs      # fails |    Avg     Min     Max    Med |   req/s  failures/s
--------|----------------------------------------------------------------------------|-------|-------------|-------|-------|-------|-------|--------|-----------
GET      /                                                                                432   69(15.97%) |    116       1    1701     57 |    5.60        0.00
GET      /cart                                                                           1981  363(18.32%) |     72       0    1889     28 |   18.60        0.00
POST     /cart [add]                                                                     2557  506(19.79%) |     95       2    2065     40 |   24.20        0.00
POST     /cart/checkout                                                                   776     1(0.13%) |     77       6    1894     61 |    8.40        0.00
GET      /product/[id]                                                                   7444 1398(18.78%) |     63       0    1106     25 |   70.70        0.00
POST     /setCurrency                                                                    1404  234(16.67%) |    116       1    1693     61 |   13.00        0.00
--------|----------------------------------------------------------------------------|-------|-------------|-------|-------|-------|-------|--------|-----------
         Aggregated                                                                     14594 2571(17.62%) |     77       0    2065     32 |  140.50        0.00

Type     Name                                                                          # reqs      # fails |    Avg     Min     Max    Med |   req/s  failures/s
--------|----------------------------------------------------------------------------|-------|-------------|-------|-------|-------|-------|--------|-----------
GET      /                                                                                438   69(15.75%) |    116       1    1701     58 |    5.40        0.00
GET      /cart                                                                           2014  363(18.02%) |     71       0    1889     28 |   20.50        0.00
POST     /cart [add]                                                                     2619  506(19.32%) |     95       2    2065     40 |   24.30        0.00
POST     /cart/checkout                                                                   794     1(0.13%) |     77       6    1894     61 |    7.90        0.00
GET      /product/[id]                                                                   7582 1398(18.44%) |     62       0    1106     26 |   74.30        0.00
POST     /setCurrency                                                                    1437  234(16.28%) |    116       1    1693     62 |   12.80        0.00
--------|----------------------------------------------------------------------------|-------|-------------|-------|-------|-------|-------|--------|-----------
         Aggregated                                                                     14884 2571(17.27%) |     77       0    2065     33 |  145.20        0.00

Type     Name                                                                          # reqs      # fails |    Avg     Min     Max    Med |   req/s  failures/s
--------|----------------------------------------------------------------------------|-------|-------------|-------|-------|-------|-------|--------|-----------
GET      /                                                                                445   69(15.51%) |    117       1    1701     59 |    4.30        0.00
GET      /cart                                                                           2050  363(17.71%) |     75       0    1889     28 |   19.50        0.00
POST     /cart [add]                                                                     2647  506(19.12%) |     96       2    2065     41 |   23.50        0.00
POST     /cart/checkout                                                                   802     1(0.12%) |     77       6    1894     61 |    7.70        0.00
GET      /product/[id]                                                                   7684 1398(18.19%) |     65       0    1106     27 |   74.30        0.00
POST     /setCurrency                                                                    1458  234(16.05%) |    118       1    1693     62 |   13.40        0.00
--------|----------------------------------------------------------------------------|-------|-------------|-------|-------|-------|-------|--------|-----------
         Aggregated                                                                     15086 2571(17.04%) |     79       0    2065     34 |  142.70        0.00

Type     Name                                                                          # reqs      # fails |    Avg     Min     Max    Med |   req/s  failures/s
--------|----------------------------------------------------------------------------|-------|-------------|-------|-------|-------|-------|--------|-----------
GET      /                                                                                450   69(15.33%) |    118       1    1701     60 |    3.75        0.58
GET      /cart                                                                           2078  363(17.47%) |     75       0    1889     29 |   17.33        3.03
POST     /cart [add]                                                                     2674  506(18.92%) |     96       2    2065     42 |   22.30        4.22
POST     /cart/checkout                                                                   814     1(0.12%) |     78       6    1894     62 |    6.79        0.01
GET      /product/[id]                                                                   7796 1398(17.93%) |     65       0    1106     27 |   65.01       11.66
POST     /setCurrency                                                                    1479  234(15.82%) |    119       1    1693     64 |   12.33        1.95
--------|----------------------------------------------------------------------------|-------|-------------|-------|-------|-------|-------|--------|-----------
         Aggregated                                                                     15291 2571(16.81%) |     79       0    2065     35 |  127.52       21.44

Response time percentiles (approximated)
Type     Name                                                                                  50%    66%    75%    80%    90%    95%    98%    99%  99.9% 99.99%   100% # reqs
--------|--------------------------------------------------------------------------------|--------|------|------|------|------|------|------|------|------|------|------|------
GET      /                                                                                      61    110    140    170    240    400    860   1100   1700   1700   1700    450
GET      /cart                                                                                  29     54     73     87    150    250    690   1100   1700   1900   1900   2078
POST     /cart [add]                                                                            42     79    110    130    190    280    730   1200   1900   2100   2100   2674
POST     /cart/checkout                                                                         62     92     97    100    150    190    290    400   1900   1900   1900    814
GET      /product/[id]                                                                          27     54     71     84    130    210    640    820   1000   1100   1100   7796
POST     /setCurrency                                                                           64    100    140    160    270    390    830   1100   1700   1700   1700   1479
--------|--------------------------------------------------------------------------------|--------|------|------|------|------|------|------|------|------|------|------|------
         Aggregated                                                                             35     65     87     99    170    270    660    900   1700   2000   2100  15291

Error report
# occurrences      Error                                                                                               
------------------|---------------------------------------------------------------------------------------------------------------------------------------------
1                  POST /cart/checkout: HTTPError('500 Server Error: Internal Server Error for url: /cart/checkout')   
363                GET /cart: HTTPError('500 Server Error: Internal Server Error for url: /cart')                      
1398               GET /product/[id]: HTTPError('500 Server Error: Internal Server Error for url: /product/[id]')      
234                POST /setCurrency: HTTPError('500 Server Error: Internal Server Error for url: /setCurrency')       
186                POST /cart [add]: add falhou (500), skip checkout                                                   
320                POST /cart [add]: HTTPError('500 Server Error: Internal Server Error for url: /cart [add]')         
69                 GET /: HTTPError('500 Server Error: Internal Server Error for url: /')                              
------------------|---------------------------------------------------------------------------------------------------------------------------------------------

