timestamp,load_label,pod,cpu_m,ram_mi
16:24:46,idle,adservice-6b57f598-9456d,3,170
16:24:46,idle,adservice-6b57f598-p6vkh,206,139
16:24:46,idle,adservice-6b57f598-rrz8r,2,139
16:24:46,idle,cartservice-5c9cb955f-4dbt9,42,80
16:24:46,idle,cartservice-5c9cb955f-9lj5d,86,60
16:24:46,idle,cartservice-5c9cb955f-rt5kp,2,127
16:24:46,idle,checkoutservice-6f4dbd65bf-dgbw9,1,22
16:24:46,idle,checkoutservice-6f4dbd65bf-kmlms,1,22
16:24:46,idle,checkoutservice-6f4dbd65bf-svwng,1,22
16:24:46,idle,currencyservice-85c6cd6dbb-8pc2d,7,49
16:24:46,idle,currencyservice-85c6cd6dbb-kfvch,1,55
16:24:46,idle,currencyservice-85c6cd6dbb-t74rc,7,49
16:24:46,idle,emailservice-58fdf4955b-lx9n2,3,59
16:24:46,idle,emailservice-58fdf4955b-q25zn,2,59
16:24:46,idle,emailservice-58fdf4955b-t69q8,3,59
16:24:46,idle,envoy-grpc-lb-648f879c96-mjscl,6,25
16:24:46,idle,frontend-56d4848657-kdp2g,1,24
16:24:46,idle,frontend-56d4848657-nmdlk,29,23
16:24:46,idle,frontend-56d4848657-sng5f,2,23
16:24:46,idle,paymentservice-8496df49b8-2fqnb,1,50
16:24:46,idle,paymentservice-8496df49b8-lktgk,7,46
16:24:46,idle,paymentservice-8496df49b8-tl6pp,64,45
16:24:46,idle,productcatalogservice-5f85bf894b-blwzq,1,21
16:24:46,idle,productcatalogservice-5f85bf894b-d9xgg,1,18
16:24:46,idle,productcatalogservice-5f85bf894b-gdkbb,1,22
16:24:46,idle,recommendationservice-7d7f9f7777-5lpf2,3,57
16:24:46,idle,recommendationservice-7d7f9f7777-s2tp8,3,57
16:24:46,idle,recommendationservice-7d7f9f7777-t9jvv,52,57
16:24:46,idle,redis-cart-c8ff86559-stdzn,2,10
16:24:46,idle,shippingservice-68d7cfb5f8-lxf2h,5,21
16:24:46,idle,shippingservice-68d7cfb5f8-mtt26,5,17
16:24:46,idle,shippingservice-68d7cfb5f8-x26bd,1,18
16:24:56,25u,adservice-6b57f598-9456d,3,170
16:24:56,25u,adservice-6b57f598-p6vkh,206,139
16:24:56,25u,adservice-6b57f598-rrz8r,2,139
16:24:56,25u,cartservice-5c9cb955f-4dbt9,42,80
16:24:56,25u,cartservice-5c9cb955f-9lj5d,86,60
16:24:56,25u,cartservice-5c9cb955f-rt5kp,2,127
16:24:56,25u,checkoutservice-6f4dbd65bf-dgbw9,1,22
16:24:56,25u,checkoutservice-6f4dbd65bf-kmlms,1,22
16:24:56,25u,checkoutservice-6f4dbd65bf-svwng,1,22
16:24:56,25u,currencyservice-85c6cd6dbb-8pc2d,7,49
16:24:56,25u,currencyservice-85c6cd6dbb-kfvch,1,55
16:24:56,25u,currencyservice-85c6cd6dbb-t74rc,7,49
16:24:56,25u,emailservice-58fdf4955b-lx9n2,3,59
16:24:56,25u,emailservice-58fdf4955b-q25zn,2,59
16:24:56,25u,emailservice-58fdf4955b-t69q8,3,59
16:24:56,25u,envoy-grpc-lb-648f879c96-mjscl,6,25
16:24:56,25u,frontend-56d4848657-kdp2g,1,24
16:24:56,25u,frontend-56d4848657-nmdlk,29,23
16:24:56,25u,frontend-56d4848657-sng5f,2,23
16:24:56,25u,paymentservice-8496df49b8-2fqnb,1,50
16:24:56,25u,paymentservice-8496df49b8-lktgk,7,46
16:24:56,25u,paymentservice-8496df49b8-tl6pp,64,45
16:24:56,25u,productcatalogservice-5f85bf894b-blwzq,1,21
16:24:56,25u,productcatalogservice-5f85bf894b-d9xgg,1,18
16:24:56,25u,productcatalogservice-5f85bf894b-gdkbb,1,22
16:24:56,25u,recommendationservice-7d7f9f7777-5lpf2,3,57
16:24:56,25u,recommendationservice-7d7f9f7777-s2tp8,3,57
16:24:56,25u,recommendationservice-7d7f9f7777-t9jvv,52,57
16:24:56,25u,redis-cart-c8ff86559-stdzn,2,10
16:24:56,25u,shippingservice-68d7cfb5f8-lxf2h,5,21
16:24:56,25u,shippingservice-68d7cfb5f8-mtt26,5,17
16:24:56,25u,shippingservice-68d7cfb5f8-x26bd,1,18
16:25:06,25u,adservice-6b57f598-9456d,30,177
16:25:06,25u,adservice-6b57f598-p6vkh,23,158
16:25:06,25u,adservice-6b57f598-rrz8r,53,160
16:25:06,25u,cartservice-5c9cb955f-4dbt9,48,101
16:25:06,25u,cartservice-5c9cb955f-9lj5d,79,103
16:25:06,25u,cartservice-5c9cb955f-rt5kp,8,130
16:25:06,25u,checkoutservice-6f4dbd65bf-dgbw9,1,22
16:25:06,25u,checkoutservice-6f4dbd65bf-kmlms,2,23
16:25:06,25u,checkoutservice-6f4dbd65bf-svwng,2,23
16:25:06,25u,currencyservice-85c6cd6dbb-8pc2d,28,53
16:25:06,25u,currencyservice-85c6cd6dbb-kfvch,3,55
16:25:06,25u,currencyservice-85c6cd6dbb-t74rc,27,52
16:25:06,25u,emailservice-58fdf4955b-lx9n2,2,59
16:25:06,25u,emailservice-58fdf4955b-q25zn,2,59
16:25:06,25u,emailservice-58fdf4955b-t69q8,2,59
16:25:06,25u,envoy-grpc-lb-648f879c96-mjscl,16,30
16:25:06,25u,frontend-56d4848657-kdp2g,16,29
16:25:06,25u,frontend-56d4848657-nmdlk,27,23
16:25:06,25u,frontend-56d4848657-sng5f,5,26
16:25:06,25u,paymentservice-8496df49b8-2fqnb,1,50
16:25:06,25u,paymentservice-8496df49b8-lktgk,4,47
16:25:06,25u,paymentservice-8496df49b8-tl6pp,5,46
16:25:06,25u,productcatalogservice-5f85bf894b-blwzq,9,21
16:25:06,25u,productcatalogservice-5f85bf894b-d9xgg,6,21
16:25:06,25u,productcatalogservice-5f85bf894b-gdkbb,2,22
16:25:06,25u,recommendationservice-7d7f9f7777-5lpf2,3,57
16:25:06,25u,recommendationservice-7d7f9f7777-s2tp8,10,57
16:25:06,25u,recommendationservice-7d7f9f7777-t9jvv,11,57
16:25:06,25u,redis-cart-c8ff86559-stdzn,3,10
16:25:06,25u,shippingservice-68d7cfb5f8-lxf2h,2,21
16:25:06,25u,shippingservice-68d7cfb5f8-mtt26,1,17
16:25:06,25u,shippingservice-68d7cfb5f8-x26bd,2,18
16:25:16,25u,adservice-6b57f598-9456d,74,191
16:25:16,25u,adservice-6b57f598-p6vkh,86,191
16:25:16,25u,adservice-6b57f598-rrz8r,95,189
16:25:16,25u,cartservice-5c9cb955f-4dbt9,107,126
16:25:16,25u,cartservice-5c9cb955f-9lj5d,106,122
16:25:16,25u,cartservice-5c9cb955f-rt5kp,57,135
16:25:16,25u,checkoutservice-6f4dbd65bf-dgbw9,5,23
16:25:16,25u,checkoutservice-6f4dbd65bf-kmlms,5,23
16:25:16,25u,checkoutservice-6f4dbd65bf-svwng,5,23
16:25:16,25u,currencyservice-85c6cd6dbb-8pc2d,94,60
16:25:16,25u,currencyservice-85c6cd6dbb-kfvch,73,64
16:25:16,25u,currencyservice-85c6cd6dbb-t74rc,90,58
16:25:16,25u,emailservice-58fdf4955b-lx9n2,4,59
16:25:16,25u,emailservice-58fdf4955b-q25zn,3,59
16:25:16,25u,emailservice-58fdf4955b-t69q8,4,59
16:25:16,25u,envoy-grpc-lb-648f879c96-mjscl,168,32
16:25:16,25u,frontend-56d4848657-kdp2g,59,30
16:25:16,25u,frontend-56d4848657-nmdlk,42,28
16:25:16,25u,frontend-56d4848657-sng5f,83,31
16:25:16,25u,paymentservice-8496df49b8-2fqnb,5,51
16:25:16,25u,paymentservice-8496df49b8-lktgk,4,48
16:25:16,25u,paymentservice-8496df49b8-tl6pp,5,48
16:25:16,25u,productcatalogservice-5f85bf894b-blwzq,46,22
16:25:16,25u,productcatalogservice-5f85bf894b-d9xgg,40,21
16:25:16,25u,productcatalogservice-5f85bf894b-gdkbb,38,24
16:25:16,25u,recommendationservice-7d7f9f7777-5lpf2,25,58
16:25:16,25u,recommendationservice-7d7f9f7777-s2tp8,35,58
16:25:16,25u,recommendationservice-7d7f9f7777-t9jvv,38,58
16:25:16,25u,redis-cart-c8ff86559-stdzn,6,11
16:25:16,25u,shippingservice-68d7cfb5f8-lxf2h,6,22
16:25:16,25u,shippingservice-68d7cfb5f8-mtt26,4,18
16:25:16,25u,shippingservice-68d7cfb5f8-x26bd,5,19
16:25:26,25u,adservice-6b57f598-9456d,74,191
16:25:26,25u,adservice-6b57f598-p6vkh,86,191
16:25:26,25u,adservice-6b57f598-rrz8r,95,189
16:25:26,25u,cartservice-5c9cb955f-4dbt9,107,126
16:25:26,25u,cartservice-5c9cb955f-9lj5d,106,122
16:25:26,25u,cartservice-5c9cb955f-rt5kp,57,135
16:25:26,25u,checkoutservice-6f4dbd65bf-dgbw9,5,23
16:25:26,25u,checkoutservice-6f4dbd65bf-kmlms,5,23
16:25:26,25u,checkoutservice-6f4dbd65bf-svwng,5,23
16:25:26,25u,currencyservice-85c6cd6dbb-8pc2d,94,60
16:25:26,25u,currencyservice-85c6cd6dbb-kfvch,73,64
16:25:26,25u,currencyservice-85c6cd6dbb-t74rc,90,58
16:25:26,25u,emailservice-58fdf4955b-lx9n2,4,59
16:25:26,25u,emailservice-58fdf4955b-q25zn,3,59
16:25:26,25u,emailservice-58fdf4955b-t69q8,4,59
16:25:26,25u,envoy-grpc-lb-648f879c96-mjscl,168,32
16:25:26,25u,frontend-56d4848657-kdp2g,59,30
16:25:26,25u,frontend-56d4848657-nmdlk,42,28
16:25:26,25u,frontend-56d4848657-sng5f,83,31
16:25:26,25u,paymentservice-8496df49b8-2fqnb,5,51
16:25:26,25u,paymentservice-8496df49b8-lktgk,4,48
16:25:26,25u,paymentservice-8496df49b8-tl6pp,5,48
16:25:26,25u,productcatalogservice-5f85bf894b-blwzq,46,22
16:25:26,25u,productcatalogservice-5f85bf894b-d9xgg,40,21
16:25:26,25u,productcatalogservice-5f85bf894b-gdkbb,38,24
16:25:26,25u,recommendationservice-7d7f9f7777-5lpf2,25,58
16:25:26,25u,recommendationservice-7d7f9f7777-s2tp8,35,58
16:25:26,25u,recommendationservice-7d7f9f7777-t9jvv,38,58
16:25:26,25u,redis-cart-c8ff86559-stdzn,6,11
16:25:26,25u,shippingservice-68d7cfb5f8-lxf2h,6,22
16:25:26,25u,shippingservice-68d7cfb5f8-mtt26,4,18
16:25:26,25u,shippingservice-68d7cfb5f8-x26bd,5,19
16:25:36,25u,adservice-6b57f598-9456d,48,206
16:25:36,25u,adservice-6b57f598-p6vkh,46,196
16:25:36,25u,adservice-6b57f598-rrz8r,45,197
16:25:36,25u,cartservice-5c9cb955f-4dbt9,29,126
16:25:36,25u,cartservice-5c9cb955f-9lj5d,31,124
16:25:36,25u,cartservice-5c9cb955f-rt5kp,48,135
16:25:36,25u,checkoutservice-6f4dbd65bf-dgbw9,5,23
16:25:36,25u,checkoutservice-6f4dbd65bf-kmlms,7,23
16:25:36,25u,checkoutservice-6f4dbd65bf-svwng,6,24
16:25:36,25u,currencyservice-85c6cd6dbb-8pc2d,56,61
16:25:36,25u,currencyservice-85c6cd6dbb-kfvch,77,68
16:25:36,25u,currencyservice-85c6cd6dbb-t74rc,69,62
16:25:36,25u,emailservice-58fdf4955b-lx9n2,4,59
16:25:36,25u,emailservice-58fdf4955b-q25zn,4,59
16:25:36,25u,emailservice-58fdf4955b-t69q8,4,59
16:25:36,25u,envoy-grpc-lb-648f879c96-mjscl,125,32
16:25:36,25u,frontend-56d4848657-kdp2g,59,30
16:25:36,25u,frontend-56d4848657-nmdlk,83,32
16:25:36,25u,frontend-56d4848657-sng5f,61,31
16:25:36,25u,paymentservice-8496df49b8-2fqnb,4,52
16:25:36,25u,paymentservice-8496df49b8-lktgk,5,48
16:25:36,25u,paymentservice-8496df49b8-tl6pp,7,47
16:25:36,25u,productcatalogservice-5f85bf894b-blwzq,30,22
16:25:36,25u,productcatalogservice-5f85bf894b-d9xgg,39,22
16:25:36,25u,productcatalogservice-5f85bf894b-gdkbb,39,23
16:25:36,25u,recommendationservice-7d7f9f7777-5lpf2,25,58
16:25:36,25u,recommendationservice-7d7f9f7777-s2tp8,27,58
16:25:36,25u,recommendationservice-7d7f9f7777-t9jvv,22,58
16:25:36,25u,redis-cart-c8ff86559-stdzn,7,11
16:25:36,25u,shippingservice-68d7cfb5f8-lxf2h,4,22
16:25:36,25u,shippingservice-68d7cfb5f8-mtt26,5,18
16:25:36,25u,shippingservice-68d7cfb5f8-x26bd,5,19
16:25:46,25u,adservice-6b57f598-9456d,58,213
16:25:46,25u,adservice-6b57f598-p6vkh,53,204
16:25:46,25u,adservice-6b57f598-rrz8r,53,203
16:25:46,25u,cartservice-5c9cb955f-4dbt9,29,128
16:25:46,25u,cartservice-5c9cb955f-9lj5d,35,126
16:25:46,25u,cartservice-5c9cb955f-rt5kp,30,135
16:25:46,25u,checkoutservice-6f4dbd65bf-dgbw9,5,23
16:25:46,25u,checkoutservice-6f4dbd65bf-kmlms,6,23
16:25:46,25u,checkoutservice-6f4dbd65bf-svwng,6,24
16:25:46,25u,currencyservice-85c6cd6dbb-8pc2d,89,64
16:25:46,25u,currencyservice-85c6cd6dbb-kfvch,82,68
16:25:46,25u,currencyservice-85c6cd6dbb-t74rc,69,62
16:25:46,25u,emailservice-58fdf4955b-lx9n2,4,59
16:25:46,25u,emailservice-58fdf4955b-q25zn,3,59
16:25:46,25u,emailservice-58fdf4955b-t69q8,4,59
16:25:46,25u,envoy-grpc-lb-648f879c96-mjscl,125,32
16:25:46,25u,frontend-56d4848657-kdp2g,28,30
16:25:46,25u,frontend-56d4848657-nmdlk,86,34
16:25:46,25u,frontend-56d4848657-sng5f,69,31
16:25:46,25u,paymentservice-8496df49b8-2fqnb,3,52
16:25:46,25u,paymentservice-8496df49b8-lktgk,3,48
16:25:46,25u,paymentservice-8496df49b8-tl6pp,3,48
16:25:46,25u,productcatalogservice-5f85bf894b-blwzq,40,22
16:25:46,25u,productcatalogservice-5f85bf894b-d9xgg,36,22
16:25:46,25u,productcatalogservice-5f85bf894b-gdkbb,36,23
16:25:46,25u,recommendationservice-7d7f9f7777-5lpf2,28,58
16:25:46,25u,recommendationservice-7d7f9f7777-s2tp8,27,58
16:25:46,25u,recommendationservice-7d7f9f7777-t9jvv,34,58
16:25:46,25u,redis-cart-c8ff86559-stdzn,5,11
16:25:46,25u,shippingservice-68d7cfb5f8-lxf2h,5,22
16:25:46,25u,shippingservice-68d7cfb5f8-mtt26,5,18
16:25:46,25u,shippingservice-68d7cfb5f8-x26bd,6,19
16:25:56,25u,adservice-6b57f598-9456d,58,213
16:25:56,25u,adservice-6b57f598-p6vkh,53,204
16:25:56,25u,adservice-6b57f598-rrz8r,53,203
16:25:56,25u,cartservice-5c9cb955f-4dbt9,29,128
16:25:56,25u,cartservice-5c9cb955f-9lj5d,35,126
16:25:56,25u,cartservice-5c9cb955f-rt5kp,30,135
16:25:56,25u,checkoutservice-6f4dbd65bf-dgbw9,5,23
16:25:56,25u,checkoutservice-6f4dbd65bf-kmlms,6,23
16:25:56,25u,checkoutservice-6f4dbd65bf-svwng,6,24
16:25:56,25u,currencyservice-85c6cd6dbb-8pc2d,89,64
16:25:56,25u,currencyservice-85c6cd6dbb-kfvch,82,68
16:25:56,25u,currencyservice-85c6cd6dbb-t74rc,69,62
16:25:56,25u,emailservice-58fdf4955b-lx9n2,4,59
16:25:56,25u,emailservice-58fdf4955b-q25zn,3,59
16:25:56,25u,emailservice-58fdf4955b-t69q8,4,59
16:25:56,25u,envoy-grpc-lb-648f879c96-mjscl,125,32
16:25:56,25u,frontend-56d4848657-kdp2g,28,30
16:25:56,25u,frontend-56d4848657-nmdlk,86,34
16:25:56,25u,frontend-56d4848657-sng5f,69,31
16:25:56,25u,paymentservice-8496df49b8-2fqnb,3,52
16:25:56,25u,paymentservice-8496df49b8-lktgk,3,48
16:25:56,25u,paymentservice-8496df49b8-tl6pp,3,48
16:25:56,25u,productcatalogservice-5f85bf894b-blwzq,40,22
16:25:56,25u,productcatalogservice-5f85bf894b-d9xgg,36,22
16:25:56,25u,productcatalogservice-5f85bf894b-gdkbb,36,23
16:25:56,25u,recommendationservice-7d7f9f7777-5lpf2,28,58
16:25:56,25u,recommendationservice-7d7f9f7777-s2tp8,27,58
16:25:56,25u,recommendationservice-7d7f9f7777-t9jvv,34,58
16:25:56,25u,redis-cart-c8ff86559-stdzn,5,11
16:25:56,25u,shippingservice-68d7cfb5f8-lxf2h,5,22
16:25:56,25u,shippingservice-68d7cfb5f8-mtt26,5,18
16:25:56,25u,shippingservice-68d7cfb5f8-x26bd,6,19
16:26:07,25u,adservice-6b57f598-9456d,54,226
16:26:07,25u,adservice-6b57f598-p6vkh,65,215
16:26:07,25u,adservice-6b57f598-rrz8r,65,211
16:26:07,25u,cartservice-5c9cb955f-4dbt9,29,128
16:26:07,25u,cartservice-5c9cb955f-9lj5d,33,126
16:26:07,25u,cartservice-5c9cb955f-rt5kp,43,136
16:26:07,25u,checkoutservice-6f4dbd65bf-dgbw9,6,24
16:26:07,25u,checkoutservice-6f4dbd65bf-kmlms,6,24
16:26:07,25u,checkoutservice-6f4dbd65bf-svwng,6,24
16:26:07,25u,currencyservice-85c6cd6dbb-8pc2d,95,64
16:26:07,25u,currencyservice-85c6cd6dbb-kfvch,100,71
16:26:07,25u,currencyservice-85c6cd6dbb-t74rc,95,63
16:26:07,25u,emailservice-58fdf4955b-lx9n2,4,59
16:26:07,25u,emailservice-58fdf4955b-q25zn,3,59
16:26:07,25u,emailservice-58fdf4955b-t69q8,4,59
16:26:07,25u,envoy-grpc-lb-648f879c96-mjscl,184,32
16:26:07,25u,frontend-56d4848657-kdp2g,57,31
16:26:07,25u,frontend-56d4848657-nmdlk,117,34
16:26:07,25u,frontend-56d4848657-sng5f,70,31
16:26:07,25u,paymentservice-8496df49b8-2fqnb,4,51
16:26:07,25u,paymentservice-8496df49b8-lktgk,3,48
16:26:07,25u,paymentservice-8496df49b8-tl6pp,3,49
16:26:07,25u,productcatalogservice-5f85bf894b-blwzq,45,22
16:26:07,25u,productcatalogservice-5f85bf894b-d9xgg,44,22
16:26:07,25u,productcatalogservice-5f85bf894b-gdkbb,45,24
16:26:07,25u,recommendationservice-7d7f9f7777-5lpf2,37,58
16:26:07,25u,recommendationservice-7d7f9f7777-s2tp8,35,58
16:26:07,25u,recommendationservice-7d7f9f7777-t9jvv,37,58
16:26:07,25u,redis-cart-c8ff86559-stdzn,7,11
16:26:07,25u,shippingservice-68d7cfb5f8-lxf2h,5,23
16:26:07,25u,shippingservice-68d7cfb5f8-mtt26,4,19
16:26:07,25u,shippingservice-68d7cfb5f8-x26bd,6,19
16:26:17,25u,adservice-6b57f598-9456d,48,227
16:26:17,25u,adservice-6b57f598-p6vkh,61,220
16:26:17,25u,adservice-6b57f598-rrz8r,53,219
16:26:17,25u,cartservice-5c9cb955f-4dbt9,33,126
16:26:17,25u,cartservice-5c9cb955f-9lj5d,31,126
16:26:17,25u,cartservice-5c9cb955f-rt5kp,34,136
16:26:17,25u,checkoutservice-6f4dbd65bf-dgbw9,5,24
16:26:17,25u,checkoutservice-6f4dbd65bf-kmlms,7,24
16:26:17,25u,checkoutservice-6f4dbd65bf-svwng,6,24
16:26:17,25u,currencyservice-85c6cd6dbb-8pc2d,93,66
16:26:17,25u,currencyservice-85c6cd6dbb-kfvch,97,75
16:26:17,25u,currencyservice-85c6cd6dbb-t74rc,97,65
16:26:17,25u,emailservice-58fdf4955b-lx9n2,4,59
16:26:17,25u,emailservice-58fdf4955b-q25zn,4,59
16:26:17,25u,emailservice-58fdf4955b-t69q8,4,59
16:26:17,25u,envoy-grpc-lb-648f879c96-mjscl,188,34
16:26:17,25u,frontend-56d4848657-kdp2g,53,31
16:26:17,25u,frontend-56d4848657-nmdlk,118,34
16:26:17,25u,frontend-56d4848657-sng5f,67,32
16:26:17,25u,paymentservice-8496df49b8-2fqnb,3,52
16:26:17,25u,paymentservice-8496df49b8-lktgk,3,48
16:26:17,25u,paymentservice-8496df49b8-tl6pp,3,49
16:26:17,25u,productcatalogservice-5f85bf894b-blwzq,44,22
16:26:17,25u,productcatalogservice-5f85bf894b-d9xgg,45,22
16:26:17,25u,productcatalogservice-5f85bf894b-gdkbb,45,24
16:26:17,25u,recommendationservice-7d7f9f7777-5lpf2,37,58
16:26:17,25u,recommendationservice-7d7f9f7777-s2tp8,37,58
16:26:17,25u,recommendationservice-7d7f9f7777-t9jvv,37,58
16:26:17,25u,redis-cart-c8ff86559-stdzn,7,11
16:26:17,25u,shippingservice-68d7cfb5f8-lxf2h,5,23
16:26:17,25u,shippingservice-68d7cfb5f8-mtt26,6,19
16:26:17,25u,shippingservice-68d7cfb5f8-x26bd,6,19
16:26:27,25u,adservice-6b57f598-9456d,48,227
16:26:27,25u,adservice-6b57f598-p6vkh,61,220
16:26:27,25u,adservice-6b57f598-rrz8r,53,219
16:26:27,25u,cartservice-5c9cb955f-4dbt9,33,126
16:26:27,25u,cartservice-5c9cb955f-9lj5d,31,126
16:26:27,25u,cartservice-5c9cb955f-rt5kp,34,136
16:26:27,25u,checkoutservice-6f4dbd65bf-dgbw9,5,24
16:26:27,25u,checkoutservice-6f4dbd65bf-kmlms,7,24
16:26:27,25u,checkoutservice-6f4dbd65bf-svwng,6,24
16:26:27,25u,currencyservice-85c6cd6dbb-8pc2d,93,66
16:26:27,25u,currencyservice-85c6cd6dbb-kfvch,97,75
16:26:27,25u,currencyservice-85c6cd6dbb-t74rc,97,65
16:26:27,25u,emailservice-58fdf4955b-lx9n2,4,59
16:26:27,25u,emailservice-58fdf4955b-q25zn,4,59
16:26:27,25u,emailservice-58fdf4955b-t69q8,4,59
16:26:27,25u,envoy-grpc-lb-648f879c96-mjscl,188,34
16:26:27,25u,frontend-56d4848657-kdp2g,53,31
16:26:27,25u,frontend-56d4848657-nmdlk,118,34
16:26:27,25u,frontend-56d4848657-sng5f,67,32
16:26:27,25u,paymentservice-8496df49b8-2fqnb,3,52
16:26:27,25u,paymentservice-8496df49b8-lktgk,3,48
16:26:27,25u,paymentservice-8496df49b8-tl6pp,3,49
16:26:27,25u,productcatalogservice-5f85bf894b-blwzq,44,22
16:26:27,25u,productcatalogservice-5f85bf894b-d9xgg,45,22
16:26:27,25u,productcatalogservice-5f85bf894b-gdkbb,45,24
16:26:27,25u,recommendationservice-7d7f9f7777-5lpf2,37,58
16:26:27,25u,recommendationservice-7d7f9f7777-s2tp8,37,58
16:26:27,25u,recommendationservice-7d7f9f7777-t9jvv,37,58
16:26:27,25u,redis-cart-c8ff86559-stdzn,7,11
16:26:27,25u,shippingservice-68d7cfb5f8-lxf2h,5,23
16:26:27,25u,shippingservice-68d7cfb5f8-mtt26,6,19
16:26:27,25u,shippingservice-68d7cfb5f8-x26bd,6,19
16:26:37,25u,adservice-6b57f598-9456d,37,232
16:26:37,25u,adservice-6b57f598-p6vkh,37,226
16:26:37,25u,adservice-6b57f598-rrz8r,35,221
16:26:37,25u,cartservice-5c9cb955f-4dbt9,33,126
16:26:37,25u,cartservice-5c9cb955f-9lj5d,32,126
16:26:37,25u,cartservice-5c9cb955f-rt5kp,34,136
16:26:37,25u,checkoutservice-6f4dbd65bf-dgbw9,5,24
16:26:37,25u,checkoutservice-6f4dbd65bf-kmlms,7,24
16:26:37,25u,checkoutservice-6f4dbd65bf-svwng,7,24
16:26:37,25u,currencyservice-85c6cd6dbb-8pc2d,98,65
16:26:37,25u,currencyservice-85c6cd6dbb-kfvch,99,74
16:26:37,25u,currencyservice-85c6cd6dbb-t74rc,97,65
16:26:37,25u,emailservice-58fdf4955b-lx9n2,4,59
16:26:37,25u,emailservice-58fdf4955b-q25zn,4,59
16:26:37,25u,emailservice-58fdf4955b-t69q8,4,59
16:26:37,25u,envoy-grpc-lb-648f879c96-mjscl,188,34
16:26:37,25u,frontend-56d4848657-kdp2g,56,31
16:26:37,25u,frontend-56d4848657-nmdlk,118,34
16:26:37,25u,frontend-56d4848657-sng5f,70,32
16:26:37,25u,paymentservice-8496df49b8-2fqnb,4,52
16:26:37,25u,paymentservice-8496df49b8-lktgk,3,48
16:26:37,25u,paymentservice-8496df49b8-tl6pp,3,48
16:26:37,25u,productcatalogservice-5f85bf894b-blwzq,46,22
16:26:37,25u,productcatalogservice-5f85bf894b-d9xgg,46,22
16:26:37,25u,productcatalogservice-5f85bf894b-gdkbb,46,24
16:26:37,25u,recommendationservice-7d7f9f7777-5lpf2,38,58
16:26:37,25u,recommendationservice-7d7f9f7777-s2tp8,37,58
16:26:37,25u,recommendationservice-7d7f9f7777-t9jvv,40,58
16:26:37,25u,redis-cart-c8ff86559-stdzn,7,11
16:26:37,25u,shippingservice-68d7cfb5f8-lxf2h,6,23
16:26:37,25u,shippingservice-68d7cfb5f8-mtt26,6,19
16:26:37,25u,shippingservice-68d7cfb5f8-x26bd,5,19
16:26:47,25u,adservice-6b57f598-9456d,40,237
16:26:47,25u,adservice-6b57f598-p6vkh,45,234
16:26:47,25u,adservice-6b57f598-rrz8r,42,239
16:26:47,25u,cartservice-5c9cb955f-4dbt9,34,127
16:26:47,25u,cartservice-5c9cb955f-9lj5d,33,126
16:26:47,25u,cartservice-5c9cb955f-rt5kp,37,136
16:26:47,25u,checkoutservice-6f4dbd65bf-dgbw9,8,24
16:26:47,25u,checkoutservice-6f4dbd65bf-kmlms,7,24
16:26:47,25u,checkoutservice-6f4dbd65bf-svwng,6,24
16:26:47,25u,currencyservice-85c6cd6dbb-8pc2d,101,65
16:26:47,25u,currencyservice-85c6cd6dbb-kfvch,100,75
16:26:47,25u,currencyservice-85c6cd6dbb-t74rc,102,65
16:26:47,25u,emailservice-58fdf4955b-lx9n2,4,59
16:26:47,25u,emailservice-58fdf4955b-q25zn,4,59
16:26:47,25u,emailservice-58fdf4955b-t69q8,4,59
16:26:47,25u,envoy-grpc-lb-648f879c96-mjscl,201,34
16:26:47,25u,frontend-56d4848657-kdp2g,56,31
16:26:47,25u,frontend-56d4848657-nmdlk,125,34
16:26:47,25u,frontend-56d4848657-sng5f,73,32
16:26:47,25u,paymentservice-8496df49b8-2fqnb,4,52
16:26:47,25u,paymentservice-8496df49b8-lktgk,4,49
16:26:47,25u,paymentservice-8496df49b8-tl6pp,3,49
16:26:47,25u,productcatalogservice-5f85bf894b-blwzq,47,22
16:26:47,25u,productcatalogservice-5f85bf894b-d9xgg,47,22
16:26:47,25u,productcatalogservice-5f85bf894b-gdkbb,46,24
16:26:47,25u,recommendationservice-7d7f9f7777-5lpf2,39,58
16:26:47,25u,recommendationservice-7d7f9f7777-s2tp8,37,58
16:26:47,25u,recommendationservice-7d7f9f7777-t9jvv,40,58
16:26:47,25u,redis-cart-c8ff86559-stdzn,7,11
16:26:47,25u,shippingservice-68d7cfb5f8-lxf2h,6,23
16:26:47,25u,shippingservice-68d7cfb5f8-mtt26,6,19
16:26:47,25u,shippingservice-68d7cfb5f8-x26bd,6,19
16:26:57,25u,adservice-6b57f598-9456d,40,237
16:26:57,25u,adservice-6b57f598-p6vkh,45,234
16:26:57,25u,adservice-6b57f598-rrz8r,42,239
16:26:57,25u,cartservice-5c9cb955f-4dbt9,34,127
16:26:57,25u,cartservice-5c9cb955f-9lj5d,33,126
16:26:57,25u,cartservice-5c9cb955f-rt5kp,37,136
16:26:57,25u,checkoutservice-6f4dbd65bf-dgbw9,8,24
16:26:57,25u,checkoutservice-6f4dbd65bf-kmlms,7,24
16:26:57,25u,checkoutservice-6f4dbd65bf-svwng,6,24
16:26:57,25u,currencyservice-85c6cd6dbb-8pc2d,101,65
16:26:57,25u,currencyservice-85c6cd6dbb-kfvch,100,75
16:26:57,25u,currencyservice-85c6cd6dbb-t74rc,102,65
16:26:57,25u,emailservice-58fdf4955b-lx9n2,4,59
16:26:57,25u,emailservice-58fdf4955b-q25zn,4,59
16:26:57,25u,emailservice-58fdf4955b-t69q8,4,59
16:26:57,25u,envoy-grpc-lb-648f879c96-mjscl,201,34
16:26:57,25u,frontend-56d4848657-kdp2g,56,31
16:26:57,25u,frontend-56d4848657-nmdlk,125,34
16:26:57,25u,frontend-56d4848657-sng5f,73,32
16:26:57,25u,paymentservice-8496df49b8-2fqnb,4,52
16:26:57,25u,paymentservice-8496df49b8-lktgk,4,49
16:26:57,25u,paymentservice-8496df49b8-tl6pp,3,49
16:26:57,25u,productcatalogservice-5f85bf894b-blwzq,47,22
16:26:57,25u,productcatalogservice-5f85bf894b-d9xgg,47,22
16:26:57,25u,productcatalogservice-5f85bf894b-gdkbb,46,24
16:26:57,25u,recommendationservice-7d7f9f7777-5lpf2,39,58
16:26:57,25u,recommendationservice-7d7f9f7777-s2tp8,37,58
16:26:57,25u,recommendationservice-7d7f9f7777-t9jvv,40,58
16:26:57,25u,redis-cart-c8ff86559-stdzn,7,11
16:26:57,25u,shippingservice-68d7cfb5f8-lxf2h,6,23
16:26:57,25u,shippingservice-68d7cfb5f8-mtt26,6,19
16:26:57,25u,shippingservice-68d7cfb5f8-x26bd,6,19
16:34:48,25u,adservice-6b57f598-9456d,32,240
16:34:48,25u,adservice-6b57f598-p6vkh,34,239
16:34:48,25u,adservice-6b57f598-rrz8r,41,234
16:34:48,25u,cartservice-5c9cb955f-4dbt9,31,127
16:34:48,25u,cartservice-5c9cb955f-9lj5d,36,126
16:34:48,25u,cartservice-5c9cb955f-rt5kp,36,136
16:34:48,25u,checkoutservice-6f4dbd65bf-dgbw9,7,24
16:34:48,25u,checkoutservice-6f4dbd65bf-kmlms,6,24
16:34:48,25u,checkoutservice-6f4dbd65bf-svwng,4,24
16:34:48,25u,currencyservice-85c6cd6dbb-8pc2d,97,66
16:34:48,25u,currencyservice-85c6cd6dbb-kfvch,98,75
16:34:48,25u,currencyservice-85c6cd6dbb-t74rc,94,66
16:34:48,25u,emailservice-58fdf4955b-lx9n2,3,59
16:34:48,25u,emailservice-58fdf4955b-q25zn,3,59
16:34:48,25u,emailservice-58fdf4955b-t69q8,3,59
16:34:48,25u,envoy-grpc-lb-648f879c96-mjscl,190,34
16:34:48,25u,frontend-56d4848657-kdp2g,56,31
16:34:48,25u,frontend-56d4848657-nmdlk,119,34
16:34:48,25u,frontend-56d4848657-sng5f,66,32
16:34:48,25u,paymentservice-8496df49b8-2fqnb,4,52
16:34:48,25u,paymentservice-8496df49b8-lktgk,3,49
16:34:48,25u,paymentservice-8496df49b8-tl6pp,3,49
16:34:48,25u,productcatalogservice-5f85bf894b-blwzq,44,23
16:34:48,25u,productcatalogservice-5f85bf894b-d9xgg,43,22
16:34:48,25u,productcatalogservice-5f85bf894b-gdkbb,42,24
16:34:48,25u,recommendationservice-7d7f9f7777-5lpf2,35,58
16:34:48,25u,recommendationservice-7d7f9f7777-s2tp8,37,58
16:34:48,25u,recommendationservice-7d7f9f7777-t9jvv,37,58
16:34:48,25u,redis-cart-c8ff86559-stdzn,7,11
16:34:48,25u,shippingservice-68d7cfb5f8-lxf2h,5,23
16:34:48,25u,shippingservice-68d7cfb5f8-mtt26,6,19
16:34:48,25u,shippingservice-68d7cfb5f8-x26bd,6,19
16:34:58,25u,adservice-6b57f598-9456d,32,240
16:34:58,25u,adservice-6b57f598-p6vkh,9,239
16:34:58,25u,adservice-6b57f598-rrz8r,20,236
16:34:58,25u,cartservice-5c9cb955f-4dbt9,1,127
16:34:58,25u,cartservice-5c9cb955f-9lj5d,2,130
16:34:58,25u,cartservice-5c9cb955f-rt5kp,34,136
16:34:58,25u,checkoutservice-6f4dbd65bf-dgbw9,4,24
16:34:58,25u,checkoutservice-6f4dbd65bf-kmlms,5,24
16:34:58,25u,checkoutservice-6f4dbd65bf-svwng,1,24
16:34:58,25u,currencyservice-85c6cd6dbb-8pc2d,97,66
16:34:58,25u,currencyservice-85c6cd6dbb-kfvch,2,75
16:34:58,25u,currencyservice-85c6cd6dbb-t74rc,94,66
16:34:58,25u,emailservice-58fdf4955b-lx9n2,4,59
16:34:58,25u,emailservice-58fdf4955b-q25zn,1,59
16:34:58,25u,emailservice-58fdf4955b-t69q8,3,59
16:34:58,25u,envoy-grpc-lb-648f879c96-mjscl,4,33
16:34:58,25u,frontend-56d4848657-kdp2g,56,31
16:34:58,25u,frontend-56d4848657-nmdlk,3,34
16:34:58,25u,frontend-56d4848657-sng5f,1,32
16:34:58,25u,paymentservice-8496df49b8-2fqnb,3,52
16:34:58,25u,paymentservice-8496df49b8-lktgk,1,49
16:34:58,25u,paymentservice-8496df49b8-tl6pp,1,49
16:34:58,25u,productcatalogservice-5f85bf894b-blwzq,1,23
16:34:58,25u,productcatalogservice-5f85bf894b-d9xgg,27,22
16:34:58,25u,productcatalogservice-5f85bf894b-gdkbb,42,24
16:34:58,25u,recommendationservice-7d7f9f7777-5lpf2,1,58
16:34:58,25u,recommendationservice-7d7f9f7777-s2tp8,27,58
16:34:58,25u,recommendationservice-7d7f9f7777-t9jvv,29,59
16:34:58,25u,redis-cart-c8ff86559-stdzn,8,11
16:34:58,25u,shippingservice-68d7cfb5f8-lxf2h,4,23
16:34:58,25u,shippingservice-68d7cfb5f8-mtt26,1,19
16:34:58,25u,shippingservice-68d7cfb5f8-x26bd,4,19
16:35:09,25u,adservice-6b57f598-9456d,32,240
16:35:09,25u,adservice-6b57f598-p6vkh,9,239
16:35:09,25u,adservice-6b57f598-rrz8r,20,236
16:35:09,25u,cartservice-5c9cb955f-4dbt9,1,127
16:35:09,25u,cartservice-5c9cb955f-9lj5d,2,130
16:35:09,25u,cartservice-5c9cb955f-rt5kp,34,136
16:35:09,25u,checkoutservice-6f4dbd65bf-dgbw9,4,24
16:35:09,25u,checkoutservice-6f4dbd65bf-kmlms,5,24
16:35:09,25u,checkoutservice-6f4dbd65bf-svwng,1,24
16:35:09,25u,currencyservice-85c6cd6dbb-8pc2d,97,66
16:35:09,25u,currencyservice-85c6cd6dbb-kfvch,2,75
16:35:09,25u,currencyservice-85c6cd6dbb-t74rc,94,66
16:35:09,25u,emailservice-58fdf4955b-lx9n2,4,59
16:35:09,25u,emailservice-58fdf4955b-q25zn,1,59
16:35:09,25u,emailservice-58fdf4955b-t69q8,3,59
16:35:09,25u,envoy-grpc-lb-648f879c96-mjscl,4,33
16:35:09,25u,frontend-56d4848657-kdp2g,56,31
16:35:09,25u,frontend-56d4848657-nmdlk,3,34
16:35:09,25u,frontend-56d4848657-sng5f,1,32
16:35:09,25u,paymentservice-8496df49b8-2fqnb,3,52
16:35:09,25u,paymentservice-8496df49b8-lktgk,1,49
16:35:09,25u,paymentservice-8496df49b8-tl6pp,1,49
16:35:09,25u,productcatalogservice-5f85bf894b-blwzq,1,23
16:35:09,25u,productcatalogservice-5f85bf894b-d9xgg,27,22
16:35:09,25u,productcatalogservice-5f85bf894b-gdkbb,42,24
16:35:09,25u,recommendationservice-7d7f9f7777-5lpf2,1,58
16:35:09,25u,recommendationservice-7d7f9f7777-s2tp8,27,58
16:35:09,25u,recommendationservice-7d7f9f7777-t9jvv,29,59
16:35:09,25u,redis-cart-c8ff86559-stdzn,8,11
16:35:09,25u,shippingservice-68d7cfb5f8-lxf2h,4,23
16:35:09,25u,shippingservice-68d7cfb5f8-mtt26,1,19
16:35:09,25u,shippingservice-68d7cfb5f8-x26bd,4,19
16:35:19,25u,adservice-6b57f598-9456d,1,242
16:35:19,25u,adservice-6b57f598-p6vkh,1,239
16:35:19,25u,adservice-6b57f598-rrz8r,1,236
16:35:19,25u,cartservice-5c9cb955f-4dbt9,4,129
16:35:19,25u,cartservice-5c9cb955f-9lj5d,4,130
16:35:19,25u,cartservice-5c9cb955f-rt5kp,1,136
16:35:19,25u,checkoutservice-6f4dbd65bf-dgbw9,1,24
16:35:19,25u,checkoutservice-6f4dbd65bf-kmlms,1,24
16:35:19,25u,checkoutservice-6f4dbd65bf-svwng,1,24
16:35:19,25u,currencyservice-85c6cd6dbb-8pc2d,1,57
16:35:19,25u,currencyservice-85c6cd6dbb-kfvch,2,75
16:35:19,25u,currencyservice-85c6cd6dbb-t74rc,1,57
16:35:19,25u,emailservice-58fdf4955b-lx9n2,1,59
16:35:19,25u,emailservice-58fdf4955b-q25zn,4,59
16:35:19,25u,emailservice-58fdf4955b-t69q8,1,59
16:35:19,25u,envoy-grpc-lb-648f879c96-mjscl,6,33
16:35:19,25u,frontend-56d4848657-kdp2g,1,31
16:35:19,25u,frontend-56d4848657-nmdlk,1,34
16:35:19,25u,frontend-56d4848657-sng5f,1,32
16:35:19,25u,paymentservice-8496df49b8-2fqnb,1,52
16:35:19,25u,paymentservice-8496df49b8-lktgk,1,49
16:35:19,25u,paymentservice-8496df49b8-tl6pp,1,49
16:35:19,25u,productcatalogservice-5f85bf894b-blwzq,1,23
16:35:19,25u,productcatalogservice-5f85bf894b-d9xgg,1,22
16:35:19,25u,productcatalogservice-5f85bf894b-gdkbb,1,24
16:35:19,25u,recommendationservice-7d7f9f7777-5lpf2,4,58
16:35:19,25u,recommendationservice-7d7f9f7777-s2tp8,1,58
16:35:19,25u,recommendationservice-7d7f9f7777-t9jvv,1,59
16:35:19,25u,redis-cart-c8ff86559-stdzn,1,11
16:35:19,25u,shippingservice-68d7cfb5f8-lxf2h,1,23
16:35:19,25u,shippingservice-68d7cfb5f8-mtt26,1,19
16:35:19,25u,shippingservice-68d7cfb5f8-x26bd,1,19
16:35:29,25u,adservice-6b57f598-9456d,3,242
16:35:29,25u,adservice-6b57f598-p6vkh,5,239
16:35:29,25u,adservice-6b57f598-rrz8r,4,236
16:35:29,25u,cartservice-5c9cb955f-4dbt9,5,129
16:35:29,25u,cartservice-5c9cb955f-9lj5d,3,130
16:35:29,25u,cartservice-5c9cb955f-rt5kp,3,136
16:35:29,25u,checkoutservice-6f4dbd65bf-dgbw9,1,24
16:35:29,25u,checkoutservice-6f4dbd65bf-kmlms,1,24
16:35:29,25u,checkoutservice-6f4dbd65bf-svwng,1,24
16:35:29,25u,currencyservice-85c6cd6dbb-8pc2d,5,57
16:35:29,25u,currencyservice-85c6cd6dbb-kfvch,1,75
16:35:29,25u,currencyservice-85c6cd6dbb-t74rc,2,57
16:35:29,25u,emailservice-58fdf4955b-lx9n2,3,59
16:35:29,25u,emailservice-58fdf4955b-q25zn,3,59
16:35:29,25u,emailservice-58fdf4955b-t69q8,3,59
16:35:29,25u,envoy-grpc-lb-648f879c96-mjscl,7,33
16:35:29,25u,frontend-56d4848657-kdp2g,1,31
16:35:29,25u,frontend-56d4848657-nmdlk,1,34
16:35:29,25u,frontend-56d4848657-sng5f,1,32
16:35:29,25u,paymentservice-8496df49b8-2fqnb,1,53
16:35:29,25u,paymentservice-8496df49b8-lktgk,1,49
16:35:29,25u,paymentservice-8496df49b8-tl6pp,2,50
16:35:29,25u,productcatalogservice-5f85bf894b-blwzq,1,23
16:35:29,25u,productcatalogservice-5f85bf894b-d9xgg,1,22
16:35:29,25u,productcatalogservice-5f85bf894b-gdkbb,1,24
16:35:29,25u,recommendationservice-7d7f9f7777-5lpf2,4,58
16:35:29,25u,recommendationservice-7d7f9f7777-s2tp8,4,58
16:35:29,25u,recommendationservice-7d7f9f7777-t9jvv,4,59
16:35:29,25u,redis-cart-c8ff86559-stdzn,4,11
16:35:29,25u,shippingservice-68d7cfb5f8-lxf2h,1,23
16:35:29,25u,shippingservice-68d7cfb5f8-mtt26,1,19
16:35:29,25u,shippingservice-68d7cfb5f8-x26bd,1,19
16:35:39,25u,adservice-6b57f598-9456d,3,242
16:35:39,25u,adservice-6b57f598-p6vkh,5,239
16:35:39,25u,adservice-6b57f598-rrz8r,4,236
16:35:39,25u,cartservice-5c9cb955f-4dbt9,5,129
16:35:39,25u,cartservice-5c9cb955f-9lj5d,3,130
16:35:39,25u,cartservice-5c9cb955f-rt5kp,3,136
16:35:39,25u,checkoutservice-6f4dbd65bf-dgbw9,1,24
16:35:39,25u,checkoutservice-6f4dbd65bf-kmlms,1,24
16:35:39,25u,checkoutservice-6f4dbd65bf-svwng,1,24
16:35:39,25u,currencyservice-85c6cd6dbb-8pc2d,5,57
16:35:39,25u,currencyservice-85c6cd6dbb-kfvch,1,75
16:35:39,25u,currencyservice-85c6cd6dbb-t74rc,2,57
16:35:39,25u,emailservice-58fdf4955b-lx9n2,3,59
16:35:39,25u,emailservice-58fdf4955b-q25zn,3,59
16:35:39,25u,emailservice-58fdf4955b-t69q8,3,59
16:35:39,25u,envoy-grpc-lb-648f879c96-mjscl,7,33
16:35:39,25u,frontend-56d4848657-kdp2g,1,31
16:35:39,25u,frontend-56d4848657-nmdlk,1,34
16:35:39,25u,frontend-56d4848657-sng5f,1,32
16:35:39,25u,paymentservice-8496df49b8-2fqnb,1,53
16:35:39,25u,paymentservice-8496df49b8-lktgk,1,49
16:35:39,25u,paymentservice-8496df49b8-tl6pp,2,50
16:35:39,25u,productcatalogservice-5f85bf894b-blwzq,1,23
16:35:39,25u,productcatalogservice-5f85bf894b-d9xgg,1,22
16:35:39,25u,productcatalogservice-5f85bf894b-gdkbb,1,24
16:35:39,25u,recommendationservice-7d7f9f7777-5lpf2,4,58
16:35:39,25u,recommendationservice-7d7f9f7777-s2tp8,4,58
16:35:39,25u,recommendationservice-7d7f9f7777-t9jvv,4,59
16:35:39,25u,redis-cart-c8ff86559-stdzn,4,11
16:35:39,25u,shippingservice-68d7cfb5f8-lxf2h,1,23
16:35:39,25u,shippingservice-68d7cfb5f8-mtt26,1,19
16:35:39,25u,shippingservice-68d7cfb5f8-x26bd,1,19
16:35:49,50u,adservice-6b57f598-9456d,3,242
16:35:49,50u,adservice-6b57f598-p6vkh,5,239
16:35:49,50u,adservice-6b57f598-rrz8r,4,236
16:35:49,50u,cartservice-5c9cb955f-4dbt9,5,129
16:35:49,50u,cartservice-5c9cb955f-9lj5d,4,130
16:35:49,50u,cartservice-5c9cb955f-rt5kp,3,136
16:35:49,50u,checkoutservice-6f4dbd65bf-dgbw9,1,24
16:35:49,50u,checkoutservice-6f4dbd65bf-kmlms,1,24
16:35:49,50u,checkoutservice-6f4dbd65bf-svwng,1,24
16:35:49,50u,currencyservice-85c6cd6dbb-8pc2d,2,57
16:35:49,50u,currencyservice-85c6cd6dbb-kfvch,1,75
16:35:49,50u,currencyservice-85c6cd6dbb-t74rc,1,57
16:35:49,50u,emailservice-58fdf4955b-lx9n2,3,59
16:35:49,50u,emailservice-58fdf4955b-q25zn,3,59
16:35:49,50u,emailservice-58fdf4955b-t69q8,3,59
16:35:49,50u,envoy-grpc-lb-648f879c96-mjscl,7,33
16:35:49,50u,frontend-56d4848657-kdp2g,1,31
16:35:49,50u,frontend-56d4848657-nmdlk,1,34
16:35:49,50u,frontend-56d4848657-sng5f,1,32
16:35:49,50u,paymentservice-8496df49b8-2fqnb,1,53
16:35:49,50u,paymentservice-8496df49b8-lktgk,1,49
16:35:49,50u,paymentservice-8496df49b8-tl6pp,2,49
16:35:49,50u,productcatalogservice-5f85bf894b-blwzq,1,23
16:35:49,50u,productcatalogservice-5f85bf894b-d9xgg,1,23
16:35:49,50u,productcatalogservice-5f85bf894b-gdkbb,1,24
16:35:49,50u,recommendationservice-7d7f9f7777-5lpf2,4,58
16:35:49,50u,recommendationservice-7d7f9f7777-s2tp8,4,58
16:35:49,50u,recommendationservice-7d7f9f7777-t9jvv,3,59
16:35:49,50u,redis-cart-c8ff86559-stdzn,4,11
16:35:49,50u,shippingservice-68d7cfb5f8-lxf2h,2,23
16:35:49,50u,shippingservice-68d7cfb5f8-mtt26,1,19
16:35:49,50u,shippingservice-68d7cfb5f8-x26bd,1,19
16:35:59,50u,adservice-6b57f598-9456d,15,242
16:35:59,50u,adservice-6b57f598-p6vkh,3,239
16:35:59,50u,adservice-6b57f598-rrz8r,5,238
16:35:59,50u,cartservice-5c9cb955f-4dbt9,11,130
16:35:59,50u,cartservice-5c9cb955f-9lj5d,12,130
16:35:59,50u,cartservice-5c9cb955f-rt5kp,3,136
16:35:59,50u,checkoutservice-6f4dbd65bf-dgbw9,2,24
16:35:59,50u,checkoutservice-6f4dbd65bf-kmlms,1,24
16:35:59,50u,checkoutservice-6f4dbd65bf-svwng,2,25
16:35:59,50u,currencyservice-85c6cd6dbb-8pc2d,18,60
16:35:59,50u,currencyservice-85c6cd6dbb-kfvch,1,75
16:35:59,50u,currencyservice-85c6cd6dbb-t74rc,36,62
16:35:59,50u,emailservice-58fdf4955b-lx9n2,3,59
16:35:59,50u,emailservice-58fdf4955b-q25zn,3,59
16:35:59,50u,emailservice-58fdf4955b-t69q8,3,59
16:35:59,50u,envoy-grpc-lb-648f879c96-mjscl,40,34
16:35:59,50u,frontend-56d4848657-kdp2g,24,32
16:35:59,50u,frontend-56d4848657-nmdlk,3,34
16:35:59,50u,frontend-56d4848657-sng5f,25,32
16:35:59,50u,paymentservice-8496df49b8-2fqnb,2,53
16:35:59,50u,paymentservice-8496df49b8-lktgk,1,50
16:35:59,50u,paymentservice-8496df49b8-tl6pp,2,49
16:35:59,50u,productcatalogservice-5f85bf894b-blwzq,14,23
16:35:59,50u,productcatalogservice-5f85bf894b-d9xgg,4,23
16:35:59,50u,productcatalogservice-5f85bf894b-gdkbb,1,24
16:35:59,50u,recommendationservice-7d7f9f7777-5lpf2,6,58
16:35:59,50u,recommendationservice-7d7f9f7777-s2tp8,4,58
16:35:59,50u,recommendationservice-7d7f9f7777-t9jvv,8,59
16:35:59,50u,redis-cart-c8ff86559-stdzn,4,11
16:35:59,50u,shippingservice-68d7cfb5f8-lxf2h,1,23
16:35:59,50u,shippingservice-68d7cfb5f8-mtt26,1,19
16:35:59,50u,shippingservice-68d7cfb5f8-x26bd,1,19
16:36:09,50u,adservice-6b57f598-9456d,15,242
16:36:09,50u,adservice-6b57f598-p6vkh,3,239
16:36:09,50u,adservice-6b57f598-rrz8r,5,238
16:36:09,50u,cartservice-5c9cb955f-4dbt9,11,130
16:36:09,50u,cartservice-5c9cb955f-9lj5d,12,130
16:36:09,50u,cartservice-5c9cb955f-rt5kp,3,136
16:36:09,50u,checkoutservice-6f4dbd65bf-dgbw9,2,24
16:36:09,50u,checkoutservice-6f4dbd65bf-kmlms,1,24
16:36:09,50u,checkoutservice-6f4dbd65bf-svwng,2,25
16:36:09,50u,currencyservice-85c6cd6dbb-8pc2d,18,60
16:36:09,50u,currencyservice-85c6cd6dbb-kfvch,1,75
16:36:09,50u,currencyservice-85c6cd6dbb-t74rc,36,62
16:36:09,50u,emailservice-58fdf4955b-lx9n2,3,59
16:36:09,50u,emailservice-58fdf4955b-q25zn,3,59
16:36:09,50u,emailservice-58fdf4955b-t69q8,3,59
16:36:09,50u,envoy-grpc-lb-648f879c96-mjscl,40,34
16:36:09,50u,frontend-56d4848657-kdp2g,24,32
16:36:09,50u,frontend-56d4848657-nmdlk,3,34
16:36:09,50u,frontend-56d4848657-sng5f,25,32
16:36:09,50u,paymentservice-8496df49b8-2fqnb,2,53
16:36:09,50u,paymentservice-8496df49b8-lktgk,1,50
16:36:09,50u,paymentservice-8496df49b8-tl6pp,2,49
16:36:09,50u,productcatalogservice-5f85bf894b-blwzq,14,23
16:36:09,50u,productcatalogservice-5f85bf894b-d9xgg,4,23
16:36:09,50u,productcatalogservice-5f85bf894b-gdkbb,1,24
16:36:09,50u,recommendationservice-7d7f9f7777-5lpf2,6,58
16:36:09,50u,recommendationservice-7d7f9f7777-s2tp8,4,58
16:36:09,50u,recommendationservice-7d7f9f7777-t9jvv,8,59
16:36:09,50u,redis-cart-c8ff86559-stdzn,4,11
16:36:09,50u,shippingservice-68d7cfb5f8-lxf2h,1,23
16:36:09,50u,shippingservice-68d7cfb5f8-mtt26,1,19
16:36:09,50u,shippingservice-68d7cfb5f8-x26bd,1,19
16:36:19,50u,adservice-6b57f598-9456d,54,249
16:36:19,50u,adservice-6b57f598-p6vkh,29,246
16:36:19,50u,adservice-6b57f598-rrz8r,32,241
16:36:19,50u,cartservice-5c9cb955f-4dbt9,47,130
16:36:19,50u,cartservice-5c9cb955f-9lj5d,52,130
16:36:19,50u,cartservice-5c9cb955f-rt5kp,36,136
16:36:19,50u,checkoutservice-6f4dbd65bf-dgbw9,2,24
16:36:19,50u,checkoutservice-6f4dbd65bf-kmlms,5,24
16:36:19,50u,checkoutservice-6f4dbd65bf-svwng,8,24
16:36:19,50u,currencyservice-85c6cd6dbb-8pc2d,116,65
16:36:19,50u,currencyservice-85c6cd6dbb-kfvch,104,75
16:36:19,50u,currencyservice-85c6cd6dbb-t74rc,137,65
16:36:19,50u,emailservice-58fdf4955b-lx9n2,3,59
16:36:19,50u,emailservice-58fdf4955b-q25zn,4,59
16:36:19,50u,emailservice-58fdf4955b-t69q8,4,59
16:36:19,50u,envoy-grpc-lb-648f879c96-mjscl,220,34
16:36:19,50u,frontend-56d4848657-kdp2g,156,34
16:36:19,50u,frontend-56d4848657-nmdlk,36,35
16:36:19,50u,frontend-56d4848657-sng5f,105,32
16:36:19,50u,paymentservice-8496df49b8-2fqnb,3,53
16:36:19,50u,paymentservice-8496df49b8-lktgk,3,49
16:36:19,50u,paymentservice-8496df49b8-tl6pp,2,50
16:36:19,50u,productcatalogservice-5f85bf894b-blwzq,65,23
16:36:19,50u,productcatalogservice-5f85bf894b-d9xgg,47,23
16:36:19,50u,productcatalogservice-5f85bf894b-gdkbb,27,24
16:36:19,50u,recommendationservice-7d7f9f7777-5lpf2,40,58
16:36:19,50u,recommendationservice-7d7f9f7777-s2tp8,37,58
16:36:19,50u,recommendationservice-7d7f9f7777-t9jvv,46,59
16:36:19,50u,redis-cart-c8ff86559-stdzn,7,11
16:36:19,50u,shippingservice-68d7cfb5f8-lxf2h,5,23
16:36:19,50u,shippingservice-68d7cfb5f8-mtt26,6,19
16:36:19,50u,shippingservice-68d7cfb5f8-x26bd,5,19
16:36:29,50u,adservice-6b57f598-9456d,22,250
16:36:29,50u,adservice-6b57f598-p6vkh,43,249
16:36:29,50u,adservice-6b57f598-rrz8r,62,245
16:36:29,50u,cartservice-5c9cb955f-4dbt9,47,130
16:36:29,50u,cartservice-5c9cb955f-9lj5d,48,131
16:36:29,50u,cartservice-5c9cb955f-rt5kp,69,136
16:36:29,50u,checkoutservice-6f4dbd65bf-dgbw9,9,24
16:36:29,50u,checkoutservice-6f4dbd65bf-kmlms,6,25
16:36:29,50u,checkoutservice-6f4dbd65bf-svwng,9,24
16:36:29,50u,currencyservice-85c6cd6dbb-8pc2d,136,69
16:36:29,50u,currencyservice-85c6cd6dbb-kfvch,80,75
16:36:29,50u,currencyservice-85c6cd6dbb-t74rc,111,68
16:36:29,50u,emailservice-58fdf4955b-lx9n2,4,59
16:36:29,50u,emailservice-58fdf4955b-q25zn,4,59
16:36:29,50u,emailservice-58fdf4955b-t69q8,5,59
16:36:29,50u,envoy-grpc-lb-648f879c96-mjscl,266,34
16:36:29,50u,frontend-56d4848657-kdp2g,77,34
16:36:29,50u,frontend-56d4848657-nmdlk,103,35
16:36:29,50u,frontend-56d4848657-sng5f,91,32
16:36:29,50u,paymentservice-8496df49b8-2fqnb,4,53
16:36:29,50u,paymentservice-8496df49b8-lktgk,3,49
16:36:29,50u,paymentservice-8496df49b8-tl6pp,5,50
16:36:29,50u,productcatalogservice-5f85bf894b-blwzq,39,23
16:36:29,50u,productcatalogservice-5f85bf894b-d9xgg,48,22
16:36:29,50u,productcatalogservice-5f85bf894b-gdkbb,78,24
16:36:29,50u,recommendationservice-7d7f9f7777-5lpf2,49,58
16:36:29,50u,recommendationservice-7d7f9f7777-s2tp8,37,58
16:36:29,50u,recommendationservice-7d7f9f7777-t9jvv,39,59
16:36:29,50u,redis-cart-c8ff86559-stdzn,8,11
16:36:29,50u,shippingservice-68d7cfb5f8-lxf2h,8,23
16:36:29,50u,shippingservice-68d7cfb5f8-mtt26,6,19
16:36:29,50u,shippingservice-68d7cfb5f8-x26bd,6,19
16:36:39,50u,adservice-6b57f598-9456d,22,250
16:36:39,50u,adservice-6b57f598-p6vkh,43,249
16:36:39,50u,adservice-6b57f598-rrz8r,62,245
16:36:39,50u,cartservice-5c9cb955f-4dbt9,47,130
16:36:39,50u,cartservice-5c9cb955f-9lj5d,48,131
16:36:39,50u,cartservice-5c9cb955f-rt5kp,69,136
16:36:39,50u,checkoutservice-6f4dbd65bf-dgbw9,9,24
16:36:39,50u,checkoutservice-6f4dbd65bf-kmlms,6,25
16:36:39,50u,checkoutservice-6f4dbd65bf-svwng,9,24
16:36:39,50u,currencyservice-85c6cd6dbb-8pc2d,136,69
16:36:39,50u,currencyservice-85c6cd6dbb-kfvch,80,75
16:36:39,50u,currencyservice-85c6cd6dbb-t74rc,111,68
16:36:39,50u,emailservice-58fdf4955b-lx9n2,4,59
16:36:39,50u,emailservice-58fdf4955b-q25zn,4,59
16:36:39,50u,emailservice-58fdf4955b-t69q8,5,59
16:36:39,50u,envoy-grpc-lb-648f879c96-mjscl,266,34
16:36:39,50u,frontend-56d4848657-kdp2g,77,34
16:36:39,50u,frontend-56d4848657-nmdlk,103,35
16:36:39,50u,frontend-56d4848657-sng5f,91,32
16:36:39,50u,paymentservice-8496df49b8-2fqnb,4,53
16:36:39,50u,paymentservice-8496df49b8-lktgk,3,49
16:36:39,50u,paymentservice-8496df49b8-tl6pp,5,50
16:36:39,50u,productcatalogservice-5f85bf894b-blwzq,39,23
16:36:39,50u,productcatalogservice-5f85bf894b-d9xgg,48,22
16:36:39,50u,productcatalogservice-5f85bf894b-gdkbb,78,24
16:36:39,50u,recommendationservice-7d7f9f7777-5lpf2,49,58
16:36:39,50u,recommendationservice-7d7f9f7777-s2tp8,37,58
16:36:39,50u,recommendationservice-7d7f9f7777-t9jvv,39,59
16:36:39,50u,redis-cart-c8ff86559-stdzn,8,11
16:36:39,50u,shippingservice-68d7cfb5f8-lxf2h,8,23
16:36:39,50u,shippingservice-68d7cfb5f8-mtt26,6,19
16:36:39,50u,shippingservice-68d7cfb5f8-x26bd,6,19
16:36:50,50u,adservice-6b57f598-9456d,39,248
16:36:50,50u,adservice-6b57f598-p6vkh,43,249
16:36:50,50u,adservice-6b57f598-rrz8r,27,250
16:36:50,50u,cartservice-5c9cb955f-4dbt9,48,131
16:36:50,50u,cartservice-5c9cb955f-9lj5d,48,131
16:36:50,50u,cartservice-5c9cb955f-rt5kp,28,136
16:36:50,50u,checkoutservice-6f4dbd65bf-dgbw9,6,24
16:36:50,50u,checkoutservice-6f4dbd65bf-kmlms,7,25
16:36:50,50u,checkoutservice-6f4dbd65bf-svwng,6,25
16:36:50,50u,currencyservice-85c6cd6dbb-8pc2d,101,67
16:36:50,50u,currencyservice-85c6cd6dbb-kfvch,80,75
16:36:50,50u,currencyservice-85c6cd6dbb-t74rc,95,66
16:36:50,50u,emailservice-58fdf4955b-lx9n2,4,59
16:36:50,50u,emailservice-58fdf4955b-q25zn,4,60
16:36:50,50u,emailservice-58fdf4955b-t69q8,3,59
16:36:50,50u,envoy-grpc-lb-648f879c96-mjscl,192,34
16:36:50,50u,frontend-56d4848657-kdp2g,112,34
16:36:50,50u,frontend-56d4848657-nmdlk,60,35
16:36:50,50u,frontend-56d4848657-sng5f,91,32
16:36:50,50u,paymentservice-8496df49b8-2fqnb,4,53
16:36:50,50u,paymentservice-8496df49b8-lktgk,3,50
16:36:50,50u,paymentservice-8496df49b8-tl6pp,3,50
16:36:50,50u,productcatalogservice-5f85bf894b-blwzq,68,22
16:36:50,50u,productcatalogservice-5f85bf894b-d9xgg,67,22
16:36:50,50u,productcatalogservice-5f85bf894b-gdkbb,32,24
16:36:50,50u,recommendationservice-7d7f9f7777-5lpf2,36,58
16:36:50,50u,recommendationservice-7d7f9f7777-s2tp8,33,59
16:36:50,50u,recommendationservice-7d7f9f7777-t9jvv,39,59
16:36:50,50u,redis-cart-c8ff86559-stdzn,9,11
16:36:50,50u,shippingservice-68d7cfb5f8-lxf2h,5,23
16:36:50,50u,shippingservice-68d7cfb5f8-mtt26,5,19
16:36:50,50u,shippingservice-68d7cfb5f8-x26bd,6,19
16:37:00,50u,adservice-6b57f598-9456d,48,246
16:37:00,50u,adservice-6b57f598-p6vkh,49,243
16:37:00,50u,adservice-6b57f598-rrz8r,69,241
16:37:00,50u,cartservice-5c9cb955f-4dbt9,82,131
16:37:00,50u,cartservice-5c9cb955f-9lj5d,62,131
16:37:00,50u,cartservice-5c9cb955f-rt5kp,62,136
16:37:00,50u,checkoutservice-6f4dbd65bf-dgbw9,12,24
16:37:00,50u,checkoutservice-6f4dbd65bf-kmlms,13,24
16:37:00,50u,checkoutservice-6f4dbd65bf-svwng,11,24
16:37:00,50u,currencyservice-85c6cd6dbb-8pc2d,185,68
16:37:00,50u,currencyservice-85c6cd6dbb-kfvch,164,76
16:37:00,50u,currencyservice-85c6cd6dbb-t74rc,177,68
16:37:00,50u,emailservice-58fdf4955b-lx9n2,6,59
16:37:00,50u,emailservice-58fdf4955b-q25zn,5,60
16:37:00,50u,emailservice-58fdf4955b-t69q8,5,59
16:37:00,50u,envoy-grpc-lb-648f879c96-mjscl,383,34
16:37:00,50u,frontend-56d4848657-kdp2g,167,35
16:37:00,50u,frontend-56d4848657-nmdlk,165,35
16:37:00,50u,frontend-56d4848657-sng5f,146,32
16:37:00,50u,paymentservice-8496df49b8-2fqnb,5,54
16:37:00,50u,paymentservice-8496df49b8-lktgk,5,50
16:37:00,50u,paymentservice-8496df49b8-tl6pp,5,50
16:37:00,50u,productcatalogservice-5f85bf894b-blwzq,90,23
16:37:00,50u,productcatalogservice-5f85bf894b-d9xgg,67,22
16:37:00,50u,productcatalogservice-5f85bf894b-gdkbb,82,24
16:37:00,50u,recommendationservice-7d7f9f7777-5lpf2,77,59
16:37:00,50u,recommendationservice-7d7f9f7777-s2tp8,71,59
16:37:00,50u,recommendationservice-7d7f9f7777-t9jvv,64,59
16:37:00,50u,redis-cart-c8ff86559-stdzn,13,11
16:37:00,50u,shippingservice-68d7cfb5f8-lxf2h,10,23
16:37:00,50u,shippingservice-68d7cfb5f8-mtt26,9,19
16:37:00,50u,shippingservice-68d7cfb5f8-x26bd,10,19
16:37:10,50u,adservice-6b57f598-9456d,48,246
16:37:10,50u,adservice-6b57f598-p6vkh,49,243
16:37:10,50u,adservice-6b57f598-rrz8r,69,241
16:37:10,50u,cartservice-5c9cb955f-4dbt9,82,131
16:37:10,50u,cartservice-5c9cb955f-9lj5d,62,131
16:37:10,50u,cartservice-5c9cb955f-rt5kp,62,136
16:37:10,50u,checkoutservice-6f4dbd65bf-dgbw9,12,24
16:37:10,50u,checkoutservice-6f4dbd65bf-kmlms,13,24
16:37:10,50u,checkoutservice-6f4dbd65bf-svwng,11,24
16:37:10,50u,currencyservice-85c6cd6dbb-8pc2d,185,68
16:37:10,50u,currencyservice-85c6cd6dbb-kfvch,164,76
16:37:10,50u,currencyservice-85c6cd6dbb-t74rc,177,68
16:37:10,50u,emailservice-58fdf4955b-lx9n2,6,59
16:37:10,50u,emailservice-58fdf4955b-q25zn,5,60
16:37:10,50u,emailservice-58fdf4955b-t69q8,5,59
16:37:10,50u,envoy-grpc-lb-648f879c96-mjscl,383,34
16:37:10,50u,frontend-56d4848657-kdp2g,167,35
16:37:10,50u,frontend-56d4848657-nmdlk,165,35
16:37:10,50u,frontend-56d4848657-sng5f,146,32
16:37:10,50u,paymentservice-8496df49b8-2fqnb,5,54
16:37:10,50u,paymentservice-8496df49b8-lktgk,5,50
16:37:10,50u,paymentservice-8496df49b8-tl6pp,5,50
16:37:10,50u,productcatalogservice-5f85bf894b-blwzq,90,23
16:37:10,50u,productcatalogservice-5f85bf894b-d9xgg,67,22
16:37:10,50u,productcatalogservice-5f85bf894b-gdkbb,82,24
16:37:10,50u,recommendationservice-7d7f9f7777-5lpf2,77,59
16:37:10,50u,recommendationservice-7d7f9f7777-s2tp8,71,59
16:37:10,50u,recommendationservice-7d7f9f7777-t9jvv,64,59
16:37:10,50u,redis-cart-c8ff86559-stdzn,13,11
16:37:10,50u,shippingservice-68d7cfb5f8-lxf2h,10,23
16:37:10,50u,shippingservice-68d7cfb5f8-mtt26,9,19
16:37:10,50u,shippingservice-68d7cfb5f8-x26bd,10,19
16:37:20,50u,adservice-6b57f598-9456d,48,246
16:37:20,50u,adservice-6b57f598-p6vkh,45,242
16:37:20,50u,adservice-6b57f598-rrz8r,51,244
16:37:20,50u,cartservice-5c9cb955f-4dbt9,80,132
16:37:20,50u,cartservice-5c9cb955f-9lj5d,82,131
16:37:20,50u,cartservice-5c9cb955f-rt5kp,65,136
16:37:20,50u,checkoutservice-6f4dbd65bf-dgbw9,10,24
16:37:20,50u,checkoutservice-6f4dbd65bf-kmlms,15,25
16:37:20,50u,checkoutservice-6f4dbd65bf-svwng,13,24
16:37:20,50u,currencyservice-85c6cd6dbb-8pc2d,184,69
16:37:20,50u,currencyservice-85c6cd6dbb-kfvch,186,76
16:37:20,50u,currencyservice-85c6cd6dbb-t74rc,185,69
16:37:20,50u,emailservice-58fdf4955b-lx9n2,5,59
16:37:20,50u,emailservice-58fdf4955b-q25zn,6,60
16:37:20,50u,emailservice-58fdf4955b-t69q8,5,59
16:37:20,50u,envoy-grpc-lb-648f879c96-mjscl,395,34
16:37:20,50u,frontend-56d4848657-kdp2g,163,35
16:37:20,50u,frontend-56d4848657-nmdlk,167,36
16:37:20,50u,frontend-56d4848657-sng5f,169,32
16:37:20,50u,paymentservice-8496df49b8-2fqnb,5,54
16:37:20,50u,paymentservice-8496df49b8-lktgk,6,50
16:37:20,50u,paymentservice-8496df49b8-tl6pp,5,50
16:37:20,50u,productcatalogservice-5f85bf894b-blwzq,90,23
16:37:20,50u,productcatalogservice-5f85bf894b-d9xgg,92,22
16:37:20,50u,productcatalogservice-5f85bf894b-gdkbb,91,24
16:37:20,50u,recommendationservice-7d7f9f7777-5lpf2,76,59
16:37:20,50u,recommendationservice-7d7f9f7777-s2tp8,76,59
16:37:20,50u,recommendationservice-7d7f9f7777-t9jvv,64,59
16:37:20,50u,redis-cart-c8ff86559-stdzn,13,11
16:37:20,50u,shippingservice-68d7cfb5f8-lxf2h,10,24
16:37:20,50u,shippingservice-68d7cfb5f8-mtt26,9,19
16:37:20,50u,shippingservice-68d7cfb5f8-x26bd,11,19
16:37:58,50u,adservice-6b57f598-9456d,44,247
16:37:58,50u,adservice-6b57f598-p6vkh,51,244
16:37:58,50u,adservice-6b57f598-rrz8r,55,242
16:37:58,50u,cartservice-5c9cb955f-4dbt9,77,132
16:37:58,50u,cartservice-5c9cb955f-9lj5d,79,131
16:37:58,50u,cartservice-5c9cb955f-rt5kp,65,137
16:37:58,50u,checkoutservice-6f4dbd65bf-dgbw9,14,24
16:37:58,50u,checkoutservice-6f4dbd65bf-kmlms,12,24
16:37:58,50u,checkoutservice-6f4dbd65bf-svwng,13,25
16:37:58,50u,currencyservice-85c6cd6dbb-8pc2d,181,69
16:37:58,50u,currencyservice-85c6cd6dbb-kfvch,178,77
16:37:58,50u,currencyservice-85c6cd6dbb-t74rc,182,70
16:37:58,50u,emailservice-58fdf4955b-lx9n2,5,59
16:37:58,50u,emailservice-58fdf4955b-q25zn,4,60
16:37:58,50u,emailservice-58fdf4955b-t69q8,5,59
16:37:58,50u,envoy-grpc-lb-648f879c96-mjscl,386,34
16:37:58,50u,frontend-56d4848657-kdp2g,163,35
16:37:58,50u,frontend-56d4848657-nmdlk,164,35
16:37:58,50u,frontend-56d4848657-sng5f,165,32
16:37:58,50u,paymentservice-8496df49b8-2fqnb,6,54
16:37:58,50u,paymentservice-8496df49b8-lktgk,5,51
16:37:58,50u,paymentservice-8496df49b8-tl6pp,6,50
16:37:58,50u,productcatalogservice-5f85bf894b-blwzq,90,23
16:37:58,50u,productcatalogservice-5f85bf894b-d9xgg,90,22
16:37:58,50u,productcatalogservice-5f85bf894b-gdkbb,91,24
16:37:58,50u,recommendationservice-7d7f9f7777-5lpf2,77,59
16:37:58,50u,recommendationservice-7d7f9f7777-s2tp8,75,59
16:37:58,50u,recommendationservice-7d7f9f7777-t9jvv,76,59
16:37:58,50u,redis-cart-c8ff86559-stdzn,13,11
16:37:58,50u,shippingservice-68d7cfb5f8-lxf2h,10,23
16:37:58,50u,shippingservice-68d7cfb5f8-mtt26,11,19
16:37:58,50u,shippingservice-68d7cfb5f8-x26bd,10,19
16:38:08,50u,adservice-6b57f598-9456d,64,258
16:38:08,50u,adservice-6b57f598-p6vkh,88,253
16:38:08,50u,adservice-6b57f598-rrz8r,85,253
16:38:08,50u,cartservice-5c9cb955f-4dbt9,64,132
16:38:08,50u,cartservice-5c9cb955f-9lj5d,80,133
16:38:08,50u,cartservice-5c9cb955f-rt5kp,65,137
16:38:08,50u,checkoutservice-6f4dbd65bf-dgbw9,14,24
16:38:08,50u,checkoutservice-6f4dbd65bf-kmlms,14,25
16:38:08,50u,checkoutservice-6f4dbd65bf-svwng,9,24
16:38:08,50u,currencyservice-85c6cd6dbb-8pc2d,182,70
16:38:08,50u,currencyservice-85c6cd6dbb-kfvch,178,77
16:38:08,50u,currencyservice-85c6cd6dbb-t74rc,182,70
16:38:08,50u,emailservice-58fdf4955b-lx9n2,5,59
16:38:08,50u,emailservice-58fdf4955b-q25zn,5,60
16:38:08,50u,emailservice-58fdf4955b-t69q8,5,59
16:38:08,50u,envoy-grpc-lb-648f879c96-mjscl,386,34
16:38:08,50u,frontend-56d4848657-kdp2g,155,35
16:38:08,50u,frontend-56d4848657-nmdlk,164,35
16:38:08,50u,frontend-56d4848657-sng5f,166,33
16:38:08,50u,paymentservice-8496df49b8-2fqnb,5,54
16:38:08,50u,paymentservice-8496df49b8-lktgk,7,51
16:38:08,50u,paymentservice-8496df49b8-tl6pp,6,51
16:38:08,50u,productcatalogservice-5f85bf894b-blwzq,90,23
16:38:08,50u,productcatalogservice-5f85bf894b-d9xgg,90,22
16:38:08,50u,productcatalogservice-5f85bf894b-gdkbb,89,24
16:38:08,50u,recommendationservice-7d7f9f7777-5lpf2,85,59
16:38:08,50u,recommendationservice-7d7f9f7777-s2tp8,80,59
16:38:08,50u,recommendationservice-7d7f9f7777-t9jvv,80,59
16:38:08,50u,redis-cart-c8ff86559-stdzn,13,11
16:38:08,50u,shippingservice-68d7cfb5f8-lxf2h,10,23
16:38:08,50u,shippingservice-68d7cfb5f8-mtt26,10,19
16:38:08,50u,shippingservice-68d7cfb5f8-x26bd,10,19
16:38:18,50u,adservice-6b57f598-9456d,64,258
16:38:18,50u,adservice-6b57f598-p6vkh,88,253
16:38:18,50u,adservice-6b57f598-rrz8r,85,253
16:38:18,50u,cartservice-5c9cb955f-4dbt9,64,132
16:38:18,50u,cartservice-5c9cb955f-9lj5d,80,133
16:38:18,50u,cartservice-5c9cb955f-rt5kp,65,137
16:38:18,50u,checkoutservice-6f4dbd65bf-dgbw9,14,24
16:38:18,50u,checkoutservice-6f4dbd65bf-kmlms,14,25
16:38:18,50u,checkoutservice-6f4dbd65bf-svwng,9,24
16:38:18,50u,currencyservice-85c6cd6dbb-8pc2d,182,70
16:38:18,50u,currencyservice-85c6cd6dbb-kfvch,178,77
16:38:18,50u,currencyservice-85c6cd6dbb-t74rc,182,70
16:38:18,50u,emailservice-58fdf4955b-lx9n2,5,59
16:38:18,50u,emailservice-58fdf4955b-q25zn,5,60
16:38:18,50u,emailservice-58fdf4955b-t69q8,5,59
16:38:18,50u,envoy-grpc-lb-648f879c96-mjscl,386,34
16:38:18,50u,frontend-56d4848657-kdp2g,155,35
16:38:18,50u,frontend-56d4848657-nmdlk,164,35
16:38:18,50u,frontend-56d4848657-sng5f,166,33
16:38:18,50u,paymentservice-8496df49b8-2fqnb,5,54
16:38:18,50u,paymentservice-8496df49b8-lktgk,7,51
16:38:18,50u,paymentservice-8496df49b8-tl6pp,6,51
16:38:18,50u,productcatalogservice-5f85bf894b-blwzq,90,23
16:38:18,50u,productcatalogservice-5f85bf894b-d9xgg,90,22
16:38:18,50u,productcatalogservice-5f85bf894b-gdkbb,89,24
16:38:18,50u,recommendationservice-7d7f9f7777-5lpf2,85,59
16:38:18,50u,recommendationservice-7d7f9f7777-s2tp8,80,59
16:38:18,50u,recommendationservice-7d7f9f7777-t9jvv,80,59
16:38:18,50u,redis-cart-c8ff86559-stdzn,13,11
16:38:18,50u,shippingservice-68d7cfb5f8-lxf2h,10,23
16:38:18,50u,shippingservice-68d7cfb5f8-mtt26,10,19
16:38:18,50u,shippingservice-68d7cfb5f8-x26bd,10,19
16:38:28,50u,adservice-6b57f598-9456d,73,247
16:38:28,50u,adservice-6b57f598-p6vkh,54,243
16:38:28,50u,adservice-6b57f598-rrz8r,46,243
16:38:28,50u,cartservice-5c9cb955f-4dbt9,64,132
16:38:28,50u,cartservice-5c9cb955f-9lj5d,59,133
16:38:28,50u,cartservice-5c9cb955f-rt5kp,65,137
16:38:28,50u,checkoutservice-6f4dbd65bf-dgbw9,14,24
16:38:28,50u,checkoutservice-6f4dbd65bf-kmlms,12,25
16:38:28,50u,checkoutservice-6f4dbd65bf-svwng,12,25
16:38:28,50u,currencyservice-85c6cd6dbb-8pc2d,33,71
16:38:28,50u,currencyservice-85c6cd6dbb-kfvch,182,77
16:38:28,50u,currencyservice-85c6cd6dbb-t74rc,46,71
16:38:28,50u,emailservice-58fdf4955b-lx9n2,2,59
16:38:28,50u,emailservice-58fdf4955b-q25zn,2,60
16:38:28,50u,emailservice-58fdf4955b-t69q8,5,59
16:38:28,50u,envoy-grpc-lb-648f879c96-mjscl,394,36
16:38:28,50u,frontend-56d4848657-kdp2g,161,35
16:38:28,50u,frontend-56d4848657-nmdlk,148,35
16:38:28,50u,frontend-56d4848657-sng5f,26,33
16:38:28,50u,paymentservice-8496df49b8-2fqnb,1,54
16:38:28,50u,paymentservice-8496df49b8-lktgk,6,51
16:38:28,50u,paymentservice-8496df49b8-tl6pp,2,51
16:38:28,50u,productcatalogservice-5f85bf894b-blwzq,90,23
16:38:28,50u,productcatalogservice-5f85bf894b-d9xgg,33,22
16:38:28,50u,productcatalogservice-5f85bf894b-gdkbb,30,25
16:38:28,50u,recommendationservice-7d7f9f7777-5lpf2,72,59
16:38:28,50u,recommendationservice-7d7f9f7777-s2tp8,72,59
16:38:28,50u,recommendationservice-7d7f9f7777-t9jvv,75,59
16:38:28,50u,redis-cart-c8ff86559-stdzn,3,11
16:38:28,50u,shippingservice-68d7cfb5f8-lxf2h,8,24
16:38:28,50u,shippingservice-68d7cfb5f8-mtt26,11,19
16:38:28,50u,shippingservice-68d7cfb5f8-x26bd,3,19
16:38:38,50u,adservice-6b57f598-9456d,4,247
16:38:38,50u,adservice-6b57f598-p6vkh,1,243
16:38:38,50u,adservice-6b57f598-rrz8r,1,243
16:38:38,50u,cartservice-5c9cb955f-4dbt9,7,132
16:38:38,50u,cartservice-5c9cb955f-9lj5d,1,133
16:38:38,50u,cartservice-5c9cb955f-rt5kp,7,137
16:38:38,50u,checkoutservice-6f4dbd65bf-dgbw9,2,24
16:38:38,50u,checkoutservice-6f4dbd65bf-kmlms,1,25
16:38:38,50u,checkoutservice-6f4dbd65bf-svwng,2,25
16:38:38,50u,currencyservice-85c6cd6dbb-8pc2d,1,71
16:38:38,50u,currencyservice-85c6cd6dbb-kfvch,10,77
16:38:38,50u,currencyservice-85c6cd6dbb-t74rc,1,71
16:38:38,50u,emailservice-58fdf4955b-lx9n2,3,59
16:38:38,50u,emailservice-58fdf4955b-q25zn,3,60
16:38:38,50u,emailservice-58fdf4955b-t69q8,2,59
16:38:38,50u,envoy-grpc-lb-648f879c96-mjscl,22,35
16:38:38,50u,frontend-56d4848657-kdp2g,1,35
16:38:38,50u,frontend-56d4848657-nmdlk,1,35
16:38:38,50u,frontend-56d4848657-sng5f,26,33
16:38:38,50u,paymentservice-8496df49b8-2fqnb,2,54
16:38:38,50u,paymentservice-8496df49b8-lktgk,1,52
16:38:38,50u,paymentservice-8496df49b8-tl6pp,2,51
16:38:38,50u,productcatalogservice-5f85bf894b-blwzq,10,23
16:38:38,50u,productcatalogservice-5f85bf894b-d9xgg,1,22
16:38:38,50u,productcatalogservice-5f85bf894b-gdkbb,1,25
16:38:38,50u,recommendationservice-7d7f9f7777-5lpf2,2,59
16:38:38,50u,recommendationservice-7d7f9f7777-s2tp8,3,59
16:38:38,50u,recommendationservice-7d7f9f7777-t9jvv,3,59
16:38:38,50u,redis-cart-c8ff86559-stdzn,3,11
16:38:38,50u,shippingservice-68d7cfb5f8-lxf2h,1,24
16:38:38,50u,shippingservice-68d7cfb5f8-mtt26,1,19
16:38:38,50u,shippingservice-68d7cfb5f8-x26bd,1,19
16:38:48,50u,adservice-6b57f598-9456d,4,247
16:38:48,50u,adservice-6b57f598-p6vkh,1,243
16:38:48,50u,adservice-6b57f598-rrz8r,1,243
16:38:48,50u,cartservice-5c9cb955f-4dbt9,7,132
16:38:48,50u,cartservice-5c9cb955f-9lj5d,1,133
16:38:48,50u,cartservice-5c9cb955f-rt5kp,7,137
16:38:48,50u,checkoutservice-6f4dbd65bf-dgbw9,2,24
16:38:48,50u,checkoutservice-6f4dbd65bf-kmlms,1,25
16:38:48,50u,checkoutservice-6f4dbd65bf-svwng,2,25
16:38:48,50u,currencyservice-85c6cd6dbb-8pc2d,1,71
16:38:48,50u,currencyservice-85c6cd6dbb-kfvch,10,77
16:38:48,50u,currencyservice-85c6cd6dbb-t74rc,1,71
16:38:48,50u,emailservice-58fdf4955b-lx9n2,3,59
16:38:48,50u,emailservice-58fdf4955b-q25zn,3,60
16:38:48,50u,emailservice-58fdf4955b-t69q8,2,59
16:38:48,50u,envoy-grpc-lb-648f879c96-mjscl,22,35
16:38:48,50u,frontend-56d4848657-kdp2g,1,35
16:38:48,50u,frontend-56d4848657-nmdlk,1,35
16:38:48,50u,frontend-56d4848657-sng5f,26,33
16:38:48,50u,paymentservice-8496df49b8-2fqnb,2,54
16:38:48,50u,paymentservice-8496df49b8-lktgk,1,52
16:38:48,50u,paymentservice-8496df49b8-tl6pp,2,51
16:38:48,50u,productcatalogservice-5f85bf894b-blwzq,10,23
16:38:48,50u,productcatalogservice-5f85bf894b-d9xgg,1,22
16:38:48,50u,productcatalogservice-5f85bf894b-gdkbb,1,25
16:38:48,50u,recommendationservice-7d7f9f7777-5lpf2,2,59
16:38:48,50u,recommendationservice-7d7f9f7777-s2tp8,3,59
16:38:48,50u,recommendationservice-7d7f9f7777-t9jvv,3,59
16:38:48,50u,redis-cart-c8ff86559-stdzn,3,11
16:38:48,50u,shippingservice-68d7cfb5f8-lxf2h,1,24
16:38:48,50u,shippingservice-68d7cfb5f8-mtt26,1,19
16:38:48,50u,shippingservice-68d7cfb5f8-x26bd,1,19
16:38:58,50u,adservice-6b57f598-9456d,3,247
16:38:58,50u,adservice-6b57f598-p6vkh,3,243
16:38:58,50u,adservice-6b57f598-rrz8r,4,243
16:38:58,50u,cartservice-5c9cb955f-4dbt9,3,132
16:38:58,50u,cartservice-5c9cb955f-9lj5d,3,133
16:38:58,50u,cartservice-5c9cb955f-rt5kp,3,137
16:38:58,50u,checkoutservice-6f4dbd65bf-dgbw9,1,24
16:38:58,50u,checkoutservice-6f4dbd65bf-kmlms,1,25
16:38:58,50u,checkoutservice-6f4dbd65bf-svwng,2,25
16:38:58,50u,currencyservice-85c6cd6dbb-8pc2d,1,71
16:38:58,50u,currencyservice-85c6cd6dbb-kfvch,1,77
16:38:58,50u,currencyservice-85c6cd6dbb-t74rc,2,70
16:38:58,50u,emailservice-58fdf4955b-lx9n2,3,59
16:38:58,50u,emailservice-58fdf4955b-q25zn,3,60
16:38:58,50u,emailservice-58fdf4955b-t69q8,3,59
16:38:58,50u,envoy-grpc-lb-648f879c96-mjscl,7,35
16:38:58,50u,frontend-56d4848657-kdp2g,1,35
16:38:58,50u,frontend-56d4848657-nmdlk,1,35
16:38:58,50u,frontend-56d4848657-sng5f,1,33
16:38:58,50u,paymentservice-8496df49b8-2fqnb,2,54
16:38:58,50u,paymentservice-8496df49b8-lktgk,2,51
16:38:58,50u,paymentservice-8496df49b8-tl6pp,1,51
16:38:58,50u,productcatalogservice-5f85bf894b-blwzq,1,23
16:38:58,50u,productcatalogservice-5f85bf894b-d9xgg,1,22
16:38:58,50u,productcatalogservice-5f85bf894b-gdkbb,1,25
16:38:58,50u,recommendationservice-7d7f9f7777-5lpf2,4,59
16:38:58,50u,recommendationservice-7d7f9f7777-s2tp8,4,59
16:38:58,50u,recommendationservice-7d7f9f7777-t9jvv,3,59
16:38:58,50u,redis-cart-c8ff86559-stdzn,3,11
16:38:58,50u,shippingservice-68d7cfb5f8-lxf2h,1,24
16:38:58,50u,shippingservice-68d7cfb5f8-mtt26,1,19
16:38:58,50u,shippingservice-68d7cfb5f8-x26bd,1,19
16:39:08,50u,adservice-6b57f598-9456d,4,247
16:39:08,50u,adservice-6b57f598-p6vkh,4,243
16:39:08,50u,adservice-6b57f598-rrz8r,5,243
16:39:08,50u,cartservice-5c9cb955f-4dbt9,3,132
16:39:08,50u,cartservice-5c9cb955f-9lj5d,3,133
16:39:08,50u,cartservice-5c9cb955f-rt5kp,4,137
16:39:08,50u,checkoutservice-6f4dbd65bf-dgbw9,1,24
16:39:08,50u,checkoutservice-6f4dbd65bf-kmlms,1,25
16:39:08,50u,checkoutservice-6f4dbd65bf-svwng,1,25
16:39:08,50u,currencyservice-85c6cd6dbb-8pc2d,2,71
16:39:08,50u,currencyservice-85c6cd6dbb-kfvch,2,77
16:39:08,50u,currencyservice-85c6cd6dbb-t74rc,1,70
16:39:08,50u,emailservice-58fdf4955b-lx9n2,3,59
16:39:08,50u,emailservice-58fdf4955b-q25zn,3,60
16:39:08,50u,emailservice-58fdf4955b-t69q8,3,59
16:39:08,50u,envoy-grpc-lb-648f879c96-mjscl,7,35
16:39:08,50u,frontend-56d4848657-kdp2g,1,35
16:39:08,50u,frontend-56d4848657-nmdlk,1,35
16:39:08,50u,frontend-56d4848657-sng5f,1,33
16:39:08,50u,paymentservice-8496df49b8-2fqnb,2,55
16:39:08,50u,paymentservice-8496df49b8-lktgk,1,51
16:39:08,50u,paymentservice-8496df49b8-tl6pp,1,51
16:39:08,50u,productcatalogservice-5f85bf894b-blwzq,1,23
16:39:08,50u,productcatalogservice-5f85bf894b-d9xgg,1,22
16:39:08,50u,productcatalogservice-5f85bf894b-gdkbb,1,25
16:39:08,50u,recommendationservice-7d7f9f7777-5lpf2,3,59
16:39:08,50u,recommendationservice-7d7f9f7777-s2tp8,3,59
16:39:08,50u,recommendationservice-7d7f9f7777-t9jvv,3,59
16:39:08,50u,redis-cart-c8ff86559-stdzn,3,11
16:39:08,50u,shippingservice-68d7cfb5f8-lxf2h,1,24
16:39:08,50u,shippingservice-68d7cfb5f8-mtt26,1,19
16:39:08,50u,shippingservice-68d7cfb5f8-x26bd,1,19
16:39:18,75u,adservice-6b57f598-9456d,4,247
16:39:18,75u,adservice-6b57f598-p6vkh,4,243
16:39:18,75u,adservice-6b57f598-rrz8r,5,243
16:39:18,75u,cartservice-5c9cb955f-4dbt9,3,132
16:39:18,75u,cartservice-5c9cb955f-9lj5d,3,133
16:39:18,75u,cartservice-5c9cb955f-rt5kp,4,137
16:39:18,75u,checkoutservice-6f4dbd65bf-dgbw9,1,24
16:39:18,75u,checkoutservice-6f4dbd65bf-kmlms,1,25
16:39:18,75u,checkoutservice-6f4dbd65bf-svwng,1,25
16:39:18,75u,currencyservice-85c6cd6dbb-8pc2d,2,71
16:39:18,75u,currencyservice-85c6cd6dbb-kfvch,2,77
16:39:18,75u,currencyservice-85c6cd6dbb-t74rc,1,70
16:39:18,75u,emailservice-58fdf4955b-lx9n2,3,59
16:39:18,75u,emailservice-58fdf4955b-q25zn,3,60
16:39:18,75u,emailservice-58fdf4955b-t69q8,3,59
16:39:18,75u,envoy-grpc-lb-648f879c96-mjscl,7,35
16:39:18,75u,frontend-56d4848657-kdp2g,1,35
16:39:18,75u,frontend-56d4848657-nmdlk,1,35
16:39:18,75u,frontend-56d4848657-sng5f,1,33
16:39:18,75u,paymentservice-8496df49b8-2fqnb,2,55
16:39:18,75u,paymentservice-8496df49b8-lktgk,1,51
16:39:18,75u,paymentservice-8496df49b8-tl6pp,1,51
16:39:18,75u,productcatalogservice-5f85bf894b-blwzq,1,23
16:39:18,75u,productcatalogservice-5f85bf894b-d9xgg,1,22
16:39:18,75u,productcatalogservice-5f85bf894b-gdkbb,1,25
16:39:18,75u,recommendationservice-7d7f9f7777-5lpf2,3,59
16:39:18,75u,recommendationservice-7d7f9f7777-s2tp8,3,59
16:39:18,75u,recommendationservice-7d7f9f7777-t9jvv,3,59
16:39:18,75u,redis-cart-c8ff86559-stdzn,3,11
16:39:18,75u,shippingservice-68d7cfb5f8-lxf2h,1,24
16:39:18,75u,shippingservice-68d7cfb5f8-mtt26,1,19
16:39:18,75u,shippingservice-68d7cfb5f8-x26bd,1,19
16:39:29,75u,adservice-6b57f598-9456d,3,246
16:39:29,75u,adservice-6b57f598-p6vkh,5,243
16:39:29,75u,adservice-6b57f598-rrz8r,3,242
16:39:29,75u,cartservice-5c9cb955f-4dbt9,3,132
16:39:29,75u,cartservice-5c9cb955f-9lj5d,8,133
16:39:29,75u,cartservice-5c9cb955f-rt5kp,4,137
16:39:29,75u,checkoutservice-6f4dbd65bf-dgbw9,1,25
16:39:29,75u,checkoutservice-6f4dbd65bf-kmlms,1,25
16:39:29,75u,checkoutservice-6f4dbd65bf-svwng,1,25
16:39:29,75u,currencyservice-85c6cd6dbb-8pc2d,2,71
16:39:29,75u,currencyservice-85c6cd6dbb-kfvch,11,77
16:39:29,75u,currencyservice-85c6cd6dbb-t74rc,21,71
16:39:29,75u,emailservice-58fdf4955b-lx9n2,3,59
16:39:29,75u,emailservice-58fdf4955b-q25zn,3,60
16:39:29,75u,emailservice-58fdf4955b-t69q8,3,59
16:39:29,75u,envoy-grpc-lb-648f879c96-mjscl,36,36
16:39:29,75u,frontend-56d4848657-kdp2g,16,35
16:39:29,75u,frontend-56d4848657-nmdlk,1,35
16:39:29,75u,frontend-56d4848657-sng5f,1,33
16:39:29,75u,paymentservice-8496df49b8-2fqnb,2,55
16:39:29,75u,paymentservice-8496df49b8-lktgk,2,51
16:39:29,75u,paymentservice-8496df49b8-tl6pp,1,51
16:39:29,75u,productcatalogservice-5f85bf894b-blwzq,3,23
16:39:29,75u,productcatalogservice-5f85bf894b-d9xgg,2,23
16:39:29,75u,productcatalogservice-5f85bf894b-gdkbb,1,25
16:39:29,75u,recommendationservice-7d7f9f7777-5lpf2,3,59
16:39:29,75u,recommendationservice-7d7f9f7777-s2tp8,3,59
16:39:29,75u,recommendationservice-7d7f9f7777-t9jvv,3,59
16:39:29,75u,redis-cart-c8ff86559-stdzn,4,11
16:39:29,75u,shippingservice-68d7cfb5f8-lxf2h,1,24
16:39:29,75u,shippingservice-68d7cfb5f8-mtt26,1,19
16:39:29,75u,shippingservice-68d7cfb5f8-x26bd,2,19
16:39:39,75u,adservice-6b57f598-9456d,12,247
16:39:39,75u,adservice-6b57f598-p6vkh,13,243
16:39:39,75u,adservice-6b57f598-rrz8r,13,242
16:39:39,75u,cartservice-5c9cb955f-4dbt9,14,132
16:39:39,75u,cartservice-5c9cb955f-9lj5d,8,133
16:39:39,75u,cartservice-5c9cb955f-rt5kp,44,138
16:39:39,75u,checkoutservice-6f4dbd65bf-dgbw9,6,25
16:39:39,75u,checkoutservice-6f4dbd65bf-kmlms,1,25
16:39:39,75u,checkoutservice-6f4dbd65bf-svwng,5,24
16:39:39,75u,currencyservice-85c6cd6dbb-8pc2d,38,71
16:39:39,75u,currencyservice-85c6cd6dbb-kfvch,99,76
16:39:39,75u,currencyservice-85c6cd6dbb-t74rc,113,70
16:39:39,75u,emailservice-58fdf4955b-lx9n2,3,59
16:39:39,75u,emailservice-58fdf4955b-q25zn,3,60
16:39:39,75u,emailservice-58fdf4955b-t69q8,4,59
16:39:39,75u,envoy-grpc-lb-648f879c96-mjscl,215,36
16:39:39,75u,frontend-56d4848657-kdp2g,116,35
16:39:39,75u,frontend-56d4848657-nmdlk,81,35
16:39:39,75u,frontend-56d4848657-sng5f,41,33
16:39:39,75u,paymentservice-8496df49b8-2fqnb,2,55
16:39:39,75u,paymentservice-8496df49b8-lktgk,3,52
16:39:39,75u,paymentservice-8496df49b8-tl6pp,1,51
16:39:39,75u,productcatalogservice-5f85bf894b-blwzq,28,23
16:39:39,75u,productcatalogservice-5f85bf894b-d9xgg,25,23
16:39:39,75u,productcatalogservice-5f85bf894b-gdkbb,19,24
16:39:39,75u,recommendationservice-7d7f9f7777-5lpf2,12,59
16:39:39,75u,recommendationservice-7d7f9f7777-s2tp8,12,59
16:39:39,75u,recommendationservice-7d7f9f7777-t9jvv,20,59
16:39:39,75u,redis-cart-c8ff86559-stdzn,8,11
16:39:39,75u,shippingservice-68d7cfb5f8-lxf2h,2,24
16:39:39,75u,shippingservice-68d7cfb5f8-mtt26,5,19
16:39:39,75u,shippingservice-68d7cfb5f8-x26bd,5,19
16:39:49,75u,adservice-6b57f598-9456d,12,247
16:39:49,75u,adservice-6b57f598-p6vkh,13,243
16:39:49,75u,adservice-6b57f598-rrz8r,13,242
16:39:49,75u,cartservice-5c9cb955f-4dbt9,14,132
16:39:49,75u,cartservice-5c9cb955f-9lj5d,8,133
16:39:49,75u,cartservice-5c9cb955f-rt5kp,44,138
16:39:49,75u,checkoutservice-6f4dbd65bf-dgbw9,6,25
16:39:49,75u,checkoutservice-6f4dbd65bf-kmlms,1,25
16:39:49,75u,checkoutservice-6f4dbd65bf-svwng,5,24
16:39:49,75u,currencyservice-85c6cd6dbb-8pc2d,38,71
16:39:49,75u,currencyservice-85c6cd6dbb-kfvch,99,76
16:39:49,75u,currencyservice-85c6cd6dbb-t74rc,113,70
16:39:49,75u,emailservice-58fdf4955b-lx9n2,3,59
16:39:49,75u,emailservice-58fdf4955b-q25zn,3,60
16:39:49,75u,emailservice-58fdf4955b-t69q8,4,59
16:39:49,75u,envoy-grpc-lb-648f879c96-mjscl,215,36
16:39:49,75u,frontend-56d4848657-kdp2g,116,35
16:39:49,75u,frontend-56d4848657-nmdlk,81,35
16:39:49,75u,frontend-56d4848657-sng5f,41,33
16:39:49,75u,paymentservice-8496df49b8-2fqnb,2,55
16:39:49,75u,paymentservice-8496df49b8-lktgk,3,52
16:39:49,75u,paymentservice-8496df49b8-tl6pp,1,51
16:39:49,75u,productcatalogservice-5f85bf894b-blwzq,28,23
16:39:49,75u,productcatalogservice-5f85bf894b-d9xgg,25,23
16:39:49,75u,productcatalogservice-5f85bf894b-gdkbb,19,24
16:39:49,75u,recommendationservice-7d7f9f7777-5lpf2,12,59
16:39:49,75u,recommendationservice-7d7f9f7777-s2tp8,12,59
16:39:49,75u,recommendationservice-7d7f9f7777-t9jvv,20,59
16:39:49,75u,redis-cart-c8ff86559-stdzn,8,11
16:39:49,75u,shippingservice-68d7cfb5f8-lxf2h,2,24
16:39:49,75u,shippingservice-68d7cfb5f8-mtt26,5,19
16:39:49,75u,shippingservice-68d7cfb5f8-x26bd,5,19
16:39:59,75u,adservice-6b57f598-9456d,24,247
16:39:59,75u,adservice-6b57f598-p6vkh,25,243
16:39:59,75u,adservice-6b57f598-rrz8r,31,242
16:39:59,75u,cartservice-5c9cb955f-4dbt9,49,132
16:39:59,75u,cartservice-5c9cb955f-9lj5d,41,133
16:39:59,75u,cartservice-5c9cb955f-rt5kp,57,138
16:39:59,75u,checkoutservice-6f4dbd65bf-dgbw9,9,24
16:39:59,75u,checkoutservice-6f4dbd65bf-kmlms,9,25
16:39:59,75u,checkoutservice-6f4dbd65bf-svwng,10,24
16:39:59,75u,currencyservice-85c6cd6dbb-8pc2d,154,71
16:39:59,75u,currencyservice-85c6cd6dbb-kfvch,141,77
16:39:59,75u,currencyservice-85c6cd6dbb-t74rc,139,71
16:39:59,75u,emailservice-58fdf4955b-lx9n2,4,59
16:39:59,75u,emailservice-58fdf4955b-q25zn,5,60
16:39:59,75u,emailservice-58fdf4955b-t69q8,6,59
16:39:59,75u,envoy-grpc-lb-648f879c96-mjscl,299,36
16:39:59,75u,frontend-56d4848657-kdp2g,138,35
16:39:59,75u,frontend-56d4848657-nmdlk,119,35
16:39:59,75u,frontend-56d4848657-sng5f,91,32
16:39:59,75u,paymentservice-8496df49b8-2fqnb,5,55
16:39:59,75u,paymentservice-8496df49b8-lktgk,4,52
16:39:59,75u,paymentservice-8496df49b8-tl6pp,4,52
16:39:59,75u,productcatalogservice-5f85bf894b-blwzq,72,23
16:39:59,75u,productcatalogservice-5f85bf894b-d9xgg,58,23
16:39:59,75u,productcatalogservice-5f85bf894b-gdkbb,73,24
16:39:59,75u,recommendationservice-7d7f9f7777-5lpf2,58,60
16:39:59,75u,recommendationservice-7d7f9f7777-s2tp8,56,59
16:39:59,75u,recommendationservice-7d7f9f7777-t9jvv,63,59
16:39:59,75u,redis-cart-c8ff86559-stdzn,9,11
16:39:59,75u,shippingservice-68d7cfb5f8-lxf2h,7,23
16:39:59,75u,shippingservice-68d7cfb5f8-mtt26,8,19
16:39:59,75u,shippingservice-68d7cfb5f8-x26bd,9,19
16:40:09,75u,adservice-6b57f598-9456d,20,247
16:40:09,75u,adservice-6b57f598-p6vkh,25,243
16:40:09,75u,adservice-6b57f598-rrz8r,18,242
16:40:09,75u,cartservice-5c9cb955f-4dbt9,25,132
16:40:09,75u,cartservice-5c9cb955f-9lj5d,41,133
16:40:09,75u,cartservice-5c9cb955f-rt5kp,42,138
16:40:09,75u,checkoutservice-6f4dbd65bf-dgbw9,9,24
16:40:09,75u,checkoutservice-6f4dbd65bf-kmlms,5,24
16:40:09,75u,checkoutservice-6f4dbd65bf-svwng,7,25
16:40:09,75u,currencyservice-85c6cd6dbb-8pc2d,69,71
16:40:09,75u,currencyservice-85c6cd6dbb-kfvch,96,77
16:40:09,75u,currencyservice-85c6cd6dbb-t74rc,104,71
16:40:09,75u,emailservice-58fdf4955b-lx9n2,3,59
16:40:09,75u,emailservice-58fdf4955b-q25zn,3,60
16:40:09,75u,emailservice-58fdf4955b-t69q8,3,59
16:40:09,75u,envoy-grpc-lb-648f879c96-mjscl,151,36
16:40:09,75u,frontend-56d4848657-kdp2g,60,35
16:40:09,75u,frontend-56d4848657-nmdlk,119,35
16:40:09,75u,frontend-56d4848657-sng5f,72,33
16:40:09,75u,paymentservice-8496df49b8-2fqnb,4,55
16:40:09,75u,paymentservice-8496df49b8-lktgk,2,52
16:40:09,75u,paymentservice-8496df49b8-tl6pp,4,52
16:40:09,75u,productcatalogservice-5f85bf894b-blwzq,37,23
16:40:09,75u,productcatalogservice-5f85bf894b-d9xgg,58,23
16:40:09,75u,productcatalogservice-5f85bf894b-gdkbb,34,24
16:40:09,75u,recommendationservice-7d7f9f7777-5lpf2,41,59
16:40:09,75u,recommendationservice-7d7f9f7777-s2tp8,33,59
16:40:09,75u,recommendationservice-7d7f9f7777-t9jvv,26,59
16:40:09,75u,redis-cart-c8ff86559-stdzn,8,11
16:40:09,75u,shippingservice-68d7cfb5f8-lxf2h,6,23
16:40:09,75u,shippingservice-68d7cfb5f8-mtt26,4,19
16:40:09,75u,shippingservice-68d7cfb5f8-x26bd,5,19
16:40:19,75u,adservice-6b57f598-9456d,20,247
16:40:19,75u,adservice-6b57f598-p6vkh,25,243
16:40:19,75u,adservice-6b57f598-rrz8r,18,242
16:40:19,75u,cartservice-5c9cb955f-4dbt9,25,132
16:40:19,75u,cartservice-5c9cb955f-9lj5d,41,133
16:40:19,75u,cartservice-5c9cb955f-rt5kp,42,138
16:40:19,75u,checkoutservice-6f4dbd65bf-dgbw9,9,24
16:40:19,75u,checkoutservice-6f4dbd65bf-kmlms,5,24
16:40:19,75u,checkoutservice-6f4dbd65bf-svwng,7,25
16:40:19,75u,currencyservice-85c6cd6dbb-8pc2d,69,71
16:40:19,75u,currencyservice-85c6cd6dbb-kfvch,96,77
16:40:19,75u,currencyservice-85c6cd6dbb-t74rc,104,71
16:40:19,75u,emailservice-58fdf4955b-lx9n2,3,59
16:40:19,75u,emailservice-58fdf4955b-q25zn,3,60
16:40:19,75u,emailservice-58fdf4955b-t69q8,3,59
16:40:19,75u,envoy-grpc-lb-648f879c96-mjscl,151,36
16:40:19,75u,frontend-56d4848657-kdp2g,60,35
16:40:19,75u,frontend-56d4848657-nmdlk,119,35
16:40:19,75u,frontend-56d4848657-sng5f,72,33
16:40:19,75u,paymentservice-8496df49b8-2fqnb,4,55
16:40:19,75u,paymentservice-8496df49b8-lktgk,2,52
16:40:19,75u,paymentservice-8496df49b8-tl6pp,4,52
16:40:19,75u,productcatalogservice-5f85bf894b-blwzq,37,23
16:40:19,75u,productcatalogservice-5f85bf894b-d9xgg,58,23
16:40:19,75u,productcatalogservice-5f85bf894b-gdkbb,34,24
16:40:19,75u,recommendationservice-7d7f9f7777-5lpf2,41,59
16:40:19,75u,recommendationservice-7d7f9f7777-s2tp8,33,59
16:40:19,75u,recommendationservice-7d7f9f7777-t9jvv,26,59
16:40:19,75u,redis-cart-c8ff86559-stdzn,8,11
16:40:19,75u,shippingservice-68d7cfb5f8-lxf2h,6,23
16:40:19,75u,shippingservice-68d7cfb5f8-mtt26,4,19
16:40:19,75u,shippingservice-68d7cfb5f8-x26bd,5,19
16:40:29,75u,adservice-6b57f598-9456d,31,247
16:40:29,75u,adservice-6b57f598-p6vkh,22,243
16:40:29,75u,adservice-6b57f598-rrz8r,27,243
16:40:29,75u,cartservice-5c9cb955f-4dbt9,55,132
16:40:29,75u,cartservice-5c9cb955f-9lj5d,41,134
16:40:29,75u,cartservice-5c9cb955f-rt5kp,71,138
16:40:29,75u,checkoutservice-6f4dbd65bf-dgbw9,8,24
16:40:29,75u,checkoutservice-6f4dbd65bf-kmlms,11,25
16:40:29,75u,checkoutservice-6f4dbd65bf-svwng,16,25
16:40:29,75u,currencyservice-85c6cd6dbb-8pc2d,151,71
16:40:29,75u,currencyservice-85c6cd6dbb-kfvch,96,77
16:40:29,75u,currencyservice-85c6cd6dbb-t74rc,104,71
16:40:29,75u,emailservice-58fdf4955b-lx9n2,4,59
16:40:29,75u,emailservice-58fdf4955b-q25zn,5,60
16:40:29,75u,emailservice-58fdf4955b-t69q8,6,59
16:40:29,75u,envoy-grpc-lb-648f879c96-mjscl,328,36
16:40:29,75u,frontend-56d4848657-kdp2g,60,35
16:40:29,75u,frontend-56d4848657-nmdlk,136,36
16:40:29,75u,frontend-56d4848657-sng5f,169,33
16:40:29,75u,paymentservice-8496df49b8-2fqnb,5,56
16:40:29,75u,paymentservice-8496df49b8-lktgk,5,52
16:40:29,75u,paymentservice-8496df49b8-tl6pp,6,52
16:40:29,75u,productcatalogservice-5f85bf894b-blwzq,76,22
16:40:29,75u,productcatalogservice-5f85bf894b-d9xgg,64,23
16:40:29,75u,productcatalogservice-5f85bf894b-gdkbb,72,24
16:40:29,75u,recommendationservice-7d7f9f7777-5lpf2,82,59
16:40:29,75u,recommendationservice-7d7f9f7777-s2tp8,66,59
16:40:29,75u,recommendationservice-7d7f9f7777-t9jvv,76,60
16:40:29,75u,redis-cart-c8ff86559-stdzn,8,11
16:40:29,75u,shippingservice-68d7cfb5f8-lxf2h,9,23
16:40:29,75u,shippingservice-68d7cfb5f8-mtt26,10,19
16:40:29,75u,shippingservice-68d7cfb5f8-x26bd,11,19
16:40:39,75u,adservice-6b57f598-9456d,44,247
16:40:39,75u,adservice-6b57f598-p6vkh,39,244
16:40:39,75u,adservice-6b57f598-rrz8r,47,243
16:40:39,75u,cartservice-5c9cb955f-4dbt9,64,132
16:40:39,75u,cartservice-5c9cb955f-9lj5d,80,133
16:40:39,75u,cartservice-5c9cb955f-rt5kp,87,139
16:40:39,75u,checkoutservice-6f4dbd65bf-dgbw9,15,24
16:40:39,75u,checkoutservice-6f4dbd65bf-kmlms,20,25
16:40:39,75u,checkoutservice-6f4dbd65bf-svwng,18,25
16:40:39,75u,currencyservice-85c6cd6dbb-8pc2d,197,72
16:40:39,75u,currencyservice-85c6cd6dbb-kfvch,193,78
16:40:39,75u,currencyservice-85c6cd6dbb-t74rc,194,71
16:40:39,75u,emailservice-58fdf4955b-lx9n2,7,59
16:40:39,75u,emailservice-58fdf4955b-q25zn,6,60
16:40:39,75u,emailservice-58fdf4955b-t69q8,6,59
16:40:39,75u,envoy-grpc-lb-648f879c96-mjscl,456,36
16:40:39,75u,frontend-56d4848657-kdp2g,179,37
16:40:39,75u,frontend-56d4848657-nmdlk,194,37
16:40:39,75u,frontend-56d4848657-sng5f,188,34
16:40:39,75u,paymentservice-8496df49b8-2fqnb,7,56
16:40:39,75u,paymentservice-8496df49b8-lktgk,8,53
16:40:39,75u,paymentservice-8496df49b8-tl6pp,6,52
16:40:39,75u,productcatalogservice-5f85bf894b-blwzq,108,23
16:40:39,75u,productcatalogservice-5f85bf894b-d9xgg,106,23
16:40:39,75u,productcatalogservice-5f85bf894b-gdkbb,111,24
16:40:39,75u,recommendationservice-7d7f9f7777-5lpf2,98,59
16:40:39,75u,recommendationservice-7d7f9f7777-s2tp8,99,59
16:40:39,75u,recommendationservice-7d7f9f7777-t9jvv,76,60
16:40:39,75u,redis-cart-c8ff86559-stdzn,14,11
16:40:39,75u,shippingservice-68d7cfb5f8-lxf2h,14,23
16:40:39,75u,shippingservice-68d7cfb5f8-mtt26,12,19
16:40:39,75u,shippingservice-68d7cfb5f8-x26bd,13,19
16:40:49,75u,adservice-6b57f598-9456d,44,247
16:40:49,75u,adservice-6b57f598-p6vkh,39,244
16:40:49,75u,adservice-6b57f598-rrz8r,47,243
16:40:49,75u,cartservice-5c9cb955f-4dbt9,64,132
16:40:49,75u,cartservice-5c9cb955f-9lj5d,80,133
16:40:49,75u,cartservice-5c9cb955f-rt5kp,87,139
16:40:49,75u,checkoutservice-6f4dbd65bf-dgbw9,15,24
16:40:49,75u,checkoutservice-6f4dbd65bf-kmlms,20,25
16:40:49,75u,checkoutservice-6f4dbd65bf-svwng,18,25
16:40:49,75u,currencyservice-85c6cd6dbb-8pc2d,197,72
16:40:49,75u,currencyservice-85c6cd6dbb-kfvch,193,78
16:40:49,75u,currencyservice-85c6cd6dbb-t74rc,194,71
16:40:49,75u,emailservice-58fdf4955b-lx9n2,7,59
16:40:49,75u,emailservice-58fdf4955b-q25zn,6,60
16:40:49,75u,emailservice-58fdf4955b-t69q8,6,59
16:40:49,75u,envoy-grpc-lb-648f879c96-mjscl,456,36
16:40:49,75u,frontend-56d4848657-kdp2g,179,37
16:40:49,75u,frontend-56d4848657-nmdlk,194,37
16:40:49,75u,frontend-56d4848657-sng5f,188,34
16:40:49,75u,paymentservice-8496df49b8-2fqnb,7,56
16:40:49,75u,paymentservice-8496df49b8-lktgk,8,53
16:40:49,75u,paymentservice-8496df49b8-tl6pp,6,52
16:40:49,75u,productcatalogservice-5f85bf894b-blwzq,108,23
16:40:49,75u,productcatalogservice-5f85bf894b-d9xgg,106,23
16:40:49,75u,productcatalogservice-5f85bf894b-gdkbb,111,24
16:40:49,75u,recommendationservice-7d7f9f7777-5lpf2,98,59
16:40:49,75u,recommendationservice-7d7f9f7777-s2tp8,99,59
16:40:49,75u,recommendationservice-7d7f9f7777-t9jvv,76,60
16:40:49,75u,redis-cart-c8ff86559-stdzn,14,11
16:40:49,75u,shippingservice-68d7cfb5f8-lxf2h,14,23
16:40:49,75u,shippingservice-68d7cfb5f8-mtt26,12,19
16:40:49,75u,shippingservice-68d7cfb5f8-x26bd,13,19
16:40:59,75u,adservice-6b57f598-9456d,38,248
16:40:59,75u,adservice-6b57f598-p6vkh,45,244
16:40:59,75u,adservice-6b57f598-rrz8r,40,243
16:40:59,75u,cartservice-5c9cb955f-4dbt9,80,133
16:40:59,75u,cartservice-5c9cb955f-9lj5d,80,133
16:40:59,75u,cartservice-5c9cb955f-rt5kp,90,140
16:40:59,75u,checkoutservice-6f4dbd65bf-dgbw9,17,25
16:40:59,75u,checkoutservice-6f4dbd65bf-kmlms,20,25
16:40:59,75u,checkoutservice-6f4dbd65bf-svwng,18,25
16:40:59,75u,currencyservice-85c6cd6dbb-8pc2d,199,72
16:40:59,75u,currencyservice-85c6cd6dbb-kfvch,200,78
16:40:59,75u,currencyservice-85c6cd6dbb-t74rc,199,72
16:40:59,75u,emailservice-58fdf4955b-lx9n2,6,59
16:40:59,75u,emailservice-58fdf4955b-q25zn,5,60
16:40:59,75u,emailservice-58fdf4955b-t69q8,7,59
16:40:59,75u,envoy-grpc-lb-648f879c96-mjscl,465,36
16:40:59,75u,frontend-56d4848657-kdp2g,196,36
16:40:59,75u,frontend-56d4848657-nmdlk,194,37
16:40:59,75u,frontend-56d4848657-sng5f,192,31
16:40:59,75u,paymentservice-8496df49b8-2fqnb,6,56
16:40:59,75u,paymentservice-8496df49b8-lktgk,7,53
16:40:59,75u,paymentservice-8496df49b8-tl6pp,6,52
16:40:59,75u,productcatalogservice-5f85bf894b-blwzq,110,23
16:40:59,75u,productcatalogservice-5f85bf894b-d9xgg,109,23
16:40:59,75u,productcatalogservice-5f85bf894b-gdkbb,108,24
16:40:59,75u,recommendationservice-7d7f9f7777-5lpf2,101,59
16:40:59,75u,recommendationservice-7d7f9f7777-s2tp8,98,60
16:40:59,75u,recommendationservice-7d7f9f7777-t9jvv,96,60
16:40:59,75u,redis-cart-c8ff86559-stdzn,15,11
16:40:59,75u,shippingservice-68d7cfb5f8-lxf2h,13,24
16:40:59,75u,shippingservice-68d7cfb5f8-mtt26,13,19
16:40:59,75u,shippingservice-68d7cfb5f8-x26bd,12,19
16:41:09,75u,adservice-6b57f598-9456d,48,248
16:41:09,75u,adservice-6b57f598-p6vkh,45,244
16:41:09,75u,adservice-6b57f598-rrz8r,45,243
16:41:09,75u,cartservice-5c9cb955f-4dbt9,80,133
16:41:09,75u,cartservice-5c9cb955f-9lj5d,75,133
16:41:09,75u,cartservice-5c9cb955f-rt5kp,86,140
16:41:09,75u,checkoutservice-6f4dbd65bf-dgbw9,16,25
16:41:09,75u,checkoutservice-6f4dbd65bf-kmlms,17,25
16:41:09,75u,checkoutservice-6f4dbd65bf-svwng,16,25
16:41:09,75u,currencyservice-85c6cd6dbb-8pc2d,199,72
16:41:09,75u,currencyservice-85c6cd6dbb-kfvch,199,78
16:41:09,75u,currencyservice-85c6cd6dbb-t74rc,200,72
16:41:09,75u,emailservice-58fdf4955b-lx9n2,6,59
16:41:09,75u,emailservice-58fdf4955b-q25zn,6,60
16:41:09,75u,emailservice-58fdf4955b-t69q8,6,59
16:41:09,75u,envoy-grpc-lb-648f879c96-mjscl,468,36
16:41:09,75u,frontend-56d4848657-kdp2g,195,36
16:41:09,75u,frontend-56d4848657-nmdlk,197,37
16:41:09,75u,frontend-56d4848657-sng5f,190,32
16:41:09,75u,paymentservice-8496df49b8-2fqnb,8,61
16:41:09,75u,paymentservice-8496df49b8-lktgk,9,56
16:41:09,75u,paymentservice-8496df49b8-tl6pp,7,53
16:41:09,75u,productcatalogservice-5f85bf894b-blwzq,111,23
16:41:09,75u,productcatalogservice-5f85bf894b-d9xgg,114,23
16:41:09,75u,productcatalogservice-5f85bf894b-gdkbb,111,24
16:41:09,75u,recommendationservice-7d7f9f7777-5lpf2,102,60
16:41:09,75u,recommendationservice-7d7f9f7777-s2tp8,104,60
16:41:09,75u,recommendationservice-7d7f9f7777-t9jvv,98,60
16:41:09,75u,redis-cart-c8ff86559-stdzn,15,11
16:41:09,75u,shippingservice-68d7cfb5f8-lxf2h,12,24
16:41:09,75u,shippingservice-68d7cfb5f8-mtt26,13,19
16:41:09,75u,shippingservice-68d7cfb5f8-x26bd,12,19
16:41:20,75u,adservice-6b57f598-9456d,48,248
16:41:20,75u,adservice-6b57f598-p6vkh,45,244
16:41:20,75u,adservice-6b57f598-rrz8r,45,243
16:41:20,75u,cartservice-5c9cb955f-4dbt9,80,133
16:41:20,75u,cartservice-5c9cb955f-9lj5d,75,133
16:41:20,75u,cartservice-5c9cb955f-rt5kp,86,140
16:41:20,75u,checkoutservice-6f4dbd65bf-dgbw9,16,25
16:41:20,75u,checkoutservice-6f4dbd65bf-kmlms,17,25
16:41:20,75u,checkoutservice-6f4dbd65bf-svwng,16,25
16:41:20,75u,currencyservice-85c6cd6dbb-8pc2d,199,72
16:41:20,75u,currencyservice-85c6cd6dbb-kfvch,199,78
16:41:20,75u,currencyservice-85c6cd6dbb-t74rc,200,72
16:41:20,75u,emailservice-58fdf4955b-lx9n2,6,59
16:41:20,75u,emailservice-58fdf4955b-q25zn,6,60
16:41:20,75u,emailservice-58fdf4955b-t69q8,6,59
16:41:20,75u,envoy-grpc-lb-648f879c96-mjscl,468,36
16:41:20,75u,frontend-56d4848657-kdp2g,195,36
16:41:20,75u,frontend-56d4848657-nmdlk,197,37
16:41:20,75u,frontend-56d4848657-sng5f,190,32
16:41:20,75u,paymentservice-8496df49b8-2fqnb,8,61
16:41:20,75u,paymentservice-8496df49b8-lktgk,9,56
16:41:20,75u,paymentservice-8496df49b8-tl6pp,7,53
16:41:20,75u,productcatalogservice-5f85bf894b-blwzq,111,23
16:41:20,75u,productcatalogservice-5f85bf894b-d9xgg,114,23
16:41:20,75u,productcatalogservice-5f85bf894b-gdkbb,111,24
16:41:20,75u,recommendationservice-7d7f9f7777-5lpf2,102,60
16:41:20,75u,recommendationservice-7d7f9f7777-s2tp8,104,60
16:41:20,75u,recommendationservice-7d7f9f7777-t9jvv,98,60
16:41:20,75u,redis-cart-c8ff86559-stdzn,15,11
16:41:20,75u,shippingservice-68d7cfb5f8-lxf2h,12,24
16:41:20,75u,shippingservice-68d7cfb5f8-mtt26,13,19
16:41:20,75u,shippingservice-68d7cfb5f8-x26bd,12,19
16:41:30,75u,adservice-6b57f598-9456d,41,248
16:41:30,75u,adservice-6b57f598-p6vkh,45,244
16:41:30,75u,adservice-6b57f598-rrz8r,43,243
16:41:30,75u,cartservice-5c9cb955f-4dbt9,95,133
16:41:30,75u,cartservice-5c9cb955f-9lj5d,74,134
16:41:30,75u,cartservice-5c9cb955f-rt5kp,83,140
16:41:30,75u,checkoutservice-6f4dbd65bf-dgbw9,14,25
16:41:30,75u,checkoutservice-6f4dbd65bf-kmlms,19,25
16:41:30,75u,checkoutservice-6f4dbd65bf-svwng,20,25
16:41:30,75u,currencyservice-85c6cd6dbb-8pc2d,200,72
16:41:30,75u,currencyservice-85c6cd6dbb-kfvch,199,78
16:41:30,75u,currencyservice-85c6cd6dbb-t74rc,200,72
16:41:30,75u,emailservice-58fdf4955b-lx9n2,5,59
16:41:30,75u,emailservice-58fdf4955b-q25zn,6,60
16:41:30,75u,emailservice-58fdf4955b-t69q8,6,59
16:41:30,75u,envoy-grpc-lb-648f879c96-mjscl,461,36
16:41:30,75u,frontend-56d4848657-kdp2g,195,36
16:41:30,75u,frontend-56d4848657-nmdlk,195,37
16:41:30,75u,frontend-56d4848657-sng5f,192,33
16:41:30,75u,paymentservice-8496df49b8-2fqnb,8,61
16:41:30,75u,paymentservice-8496df49b8-lktgk,6,56
16:41:30,75u,paymentservice-8496df49b8-tl6pp,8,56
16:41:30,75u,productcatalogservice-5f85bf894b-blwzq,111,23
16:41:30,75u,productcatalogservice-5f85bf894b-d9xgg,111,23
16:41:30,75u,productcatalogservice-5f85bf894b-gdkbb,110,24
16:41:30,75u,recommendationservice-7d7f9f7777-5lpf2,102,60
16:41:30,75u,recommendationservice-7d7f9f7777-s2tp8,104,60
16:41:30,75u,recommendationservice-7d7f9f7777-t9jvv,99,60
16:41:30,75u,redis-cart-c8ff86559-stdzn,15,11
16:41:30,75u,shippingservice-68d7cfb5f8-lxf2h,13,23
16:41:30,75u,shippingservice-68d7cfb5f8-mtt26,13,19
16:41:30,75u,shippingservice-68d7cfb5f8-x26bd,13,19
16:41:40,75u,adservice-6b57f598-9456d,43,255
16:41:40,75u,adservice-6b57f598-p6vkh,40,244
16:41:40,75u,adservice-6b57f598-rrz8r,47,243
16:41:40,75u,cartservice-5c9cb955f-4dbt9,97,133
16:41:40,75u,cartservice-5c9cb955f-9lj5d,67,134
16:41:40,75u,cartservice-5c9cb955f-rt5kp,82,140
16:41:40,75u,checkoutservice-6f4dbd65bf-dgbw9,18,25
16:41:40,75u,checkoutservice-6f4dbd65bf-kmlms,18,25
16:41:40,75u,checkoutservice-6f4dbd65bf-svwng,15,25
16:41:40,75u,currencyservice-85c6cd6dbb-8pc2d,197,72
16:41:40,75u,currencyservice-85c6cd6dbb-kfvch,198,78
16:41:40,75u,currencyservice-85c6cd6dbb-t74rc,197,72
16:41:40,75u,emailservice-58fdf4955b-lx9n2,6,59
16:41:40,75u,emailservice-58fdf4955b-q25zn,6,60
16:41:40,75u,emailservice-58fdf4955b-t69q8,6,59
16:41:40,75u,envoy-grpc-lb-648f879c96-mjscl,452,36
16:41:40,75u,frontend-56d4848657-kdp2g,194,36
16:41:40,75u,frontend-56d4848657-nmdlk,195,38
16:41:40,75u,frontend-56d4848657-sng5f,186,33
16:41:40,75u,paymentservice-8496df49b8-2fqnb,7,61
16:41:40,75u,paymentservice-8496df49b8-lktgk,6,56
16:41:40,75u,paymentservice-8496df49b8-tl6pp,8,56
16:41:40,75u,productcatalogservice-5f85bf894b-blwzq,111,23
16:41:40,75u,productcatalogservice-5f85bf894b-d9xgg,111,23
16:41:40,75u,productcatalogservice-5f85bf894b-gdkbb,106,24
16:41:40,75u,recommendationservice-7d7f9f7777-5lpf2,104,60
16:41:40,75u,recommendationservice-7d7f9f7777-s2tp8,100,60
16:41:40,75u,recommendationservice-7d7f9f7777-t9jvv,98,60
16:41:40,75u,redis-cart-c8ff86559-stdzn,14,11
16:41:40,75u,shippingservice-68d7cfb5f8-lxf2h,12,24
16:41:40,75u,shippingservice-68d7cfb5f8-mtt26,12,19
16:41:40,75u,shippingservice-68d7cfb5f8-x26bd,13,19
16:41:50,75u,adservice-6b57f598-9456d,43,255
16:41:50,75u,adservice-6b57f598-p6vkh,40,244
16:41:50,75u,adservice-6b57f598-rrz8r,47,243
16:41:50,75u,cartservice-5c9cb955f-4dbt9,97,133
16:41:50,75u,cartservice-5c9cb955f-9lj5d,67,134
16:41:50,75u,cartservice-5c9cb955f-rt5kp,82,140
16:41:50,75u,checkoutservice-6f4dbd65bf-dgbw9,18,25
16:41:50,75u,checkoutservice-6f4dbd65bf-kmlms,18,25
16:41:50,75u,checkoutservice-6f4dbd65bf-svwng,15,25
16:41:50,75u,currencyservice-85c6cd6dbb-8pc2d,197,72
16:41:50,75u,currencyservice-85c6cd6dbb-kfvch,198,78
16:41:50,75u,currencyservice-85c6cd6dbb-t74rc,197,72
16:41:50,75u,emailservice-58fdf4955b-lx9n2,6,59
16:41:50,75u,emailservice-58fdf4955b-q25zn,6,60
16:41:50,75u,emailservice-58fdf4955b-t69q8,6,59
16:41:50,75u,envoy-grpc-lb-648f879c96-mjscl,452,36
16:41:50,75u,frontend-56d4848657-kdp2g,194,36
16:41:50,75u,frontend-56d4848657-nmdlk,195,38
16:41:50,75u,frontend-56d4848657-sng5f,186,33
16:41:50,75u,paymentservice-8496df49b8-2fqnb,7,61
16:41:50,75u,paymentservice-8496df49b8-lktgk,6,56
16:41:50,75u,paymentservice-8496df49b8-tl6pp,8,56
16:41:50,75u,productcatalogservice-5f85bf894b-blwzq,111,23
16:41:50,75u,productcatalogservice-5f85bf894b-d9xgg,111,23
16:41:50,75u,productcatalogservice-5f85bf894b-gdkbb,106,24
16:41:50,75u,recommendationservice-7d7f9f7777-5lpf2,104,60
16:41:50,75u,recommendationservice-7d7f9f7777-s2tp8,100,60
16:41:50,75u,recommendationservice-7d7f9f7777-t9jvv,98,60
16:41:50,75u,redis-cart-c8ff86559-stdzn,14,11
16:41:50,75u,shippingservice-68d7cfb5f8-lxf2h,12,24
16:41:50,75u,shippingservice-68d7cfb5f8-mtt26,12,19
16:41:50,75u,shippingservice-68d7cfb5f8-x26bd,13,19
16:42:00,75u,adservice-6b57f598-9456d,43,255
16:42:00,75u,adservice-6b57f598-p6vkh,24,244
16:42:00,75u,adservice-6b57f598-rrz8r,41,243
16:42:00,75u,cartservice-5c9cb955f-4dbt9,53,133
16:42:00,75u,cartservice-5c9cb955f-9lj5d,65,134
16:42:00,75u,cartservice-5c9cb955f-rt5kp,88,141
16:42:00,75u,checkoutservice-6f4dbd65bf-dgbw9,14,25
16:42:00,75u,checkoutservice-6f4dbd65bf-kmlms,13,25
16:42:00,75u,checkoutservice-6f4dbd65bf-svwng,20,25
16:42:00,75u,currencyservice-85c6cd6dbb-8pc2d,169,73
16:42:00,75u,currencyservice-85c6cd6dbb-kfvch,197,79
16:42:00,75u,currencyservice-85c6cd6dbb-t74rc,174,72
16:42:00,75u,emailservice-58fdf4955b-lx9n2,5,59
16:42:00,75u,emailservice-58fdf4955b-q25zn,6,60
16:42:00,75u,emailservice-58fdf4955b-t69q8,6,59
16:42:00,75u,envoy-grpc-lb-648f879c96-mjscl,472,36
16:42:00,75u,frontend-56d4848657-kdp2g,110,36
16:42:00,75u,frontend-56d4848657-nmdlk,195,37
16:42:00,75u,frontend-56d4848657-sng5f,194,33
16:42:00,75u,paymentservice-8496df49b8-2fqnb,8,61
16:42:00,75u,paymentservice-8496df49b8-lktgk,6,56
16:42:00,75u,paymentservice-8496df49b8-tl6pp,6,56
16:42:00,75u,productcatalogservice-5f85bf894b-blwzq,109,23
16:42:00,75u,productcatalogservice-5f85bf894b-d9xgg,111,23
16:42:00,75u,productcatalogservice-5f85bf894b-gdkbb,65,24
16:42:00,75u,recommendationservice-7d7f9f7777-5lpf2,108,60
16:42:00,75u,recommendationservice-7d7f9f7777-s2tp8,80,60
16:42:00,75u,recommendationservice-7d7f9f7777-t9jvv,98,60
16:42:00,75u,redis-cart-c8ff86559-stdzn,10,11
16:42:00,75u,shippingservice-68d7cfb5f8-lxf2h,13,24
16:42:00,75u,shippingservice-68d7cfb5f8-mtt26,14,19
16:42:00,75u,shippingservice-68d7cfb5f8-x26bd,12,19
16:42:10,75u,adservice-6b57f598-9456d,22,248
16:42:10,75u,adservice-6b57f598-p6vkh,3,244
16:42:10,75u,adservice-6b57f598-rrz8r,5,243
16:42:10,75u,cartservice-5c9cb955f-4dbt9,3,133
16:42:10,75u,cartservice-5c9cb955f-9lj5d,9,134
16:42:10,75u,cartservice-5c9cb955f-rt5kp,5,141
16:42:10,75u,checkoutservice-6f4dbd65bf-dgbw9,1,25
16:42:10,75u,checkoutservice-6f4dbd65bf-kmlms,1,25
16:42:10,75u,checkoutservice-6f4dbd65bf-svwng,1,25
16:42:10,75u,currencyservice-85c6cd6dbb-8pc2d,2,73
16:42:10,75u,currencyservice-85c6cd6dbb-kfvch,21,79
16:42:10,75u,currencyservice-85c6cd6dbb-t74rc,2,72
16:42:10,75u,emailservice-58fdf4955b-lx9n2,3,59
16:42:10,75u,emailservice-58fdf4955b-q25zn,4,60
16:42:10,75u,emailservice-58fdf4955b-t69q8,3,59
16:42:10,75u,envoy-grpc-lb-648f879c96-mjscl,21,35
16:42:10,75u,frontend-56d4848657-kdp2g,1,36
16:42:10,75u,frontend-56d4848657-nmdlk,6,37
16:42:10,75u,frontend-56d4848657-sng5f,40,32
16:42:10,75u,paymentservice-8496df49b8-2fqnb,3,61
16:42:10,75u,paymentservice-8496df49b8-lktgk,2,56
16:42:10,75u,paymentservice-8496df49b8-tl6pp,2,56
16:42:10,75u,productcatalogservice-5f85bf894b-blwzq,15,23
16:42:10,75u,productcatalogservice-5f85bf894b-d9xgg,39,23
16:42:10,75u,productcatalogservice-5f85bf894b-gdkbb,65,24
16:42:10,75u,recommendationservice-7d7f9f7777-5lpf2,31,60
16:42:10,75u,recommendationservice-7d7f9f7777-s2tp8,4,60
16:42:10,75u,recommendationservice-7d7f9f7777-t9jvv,28,60
16:42:10,75u,redis-cart-c8ff86559-stdzn,4,11
16:42:10,75u,shippingservice-68d7cfb5f8-lxf2h,2,23
16:42:10,75u,shippingservice-68d7cfb5f8-mtt26,5,19
16:42:10,75u,shippingservice-68d7cfb5f8-x26bd,3,19
16:42:20,75u,adservice-6b57f598-9456d,22,248
16:42:20,75u,adservice-6b57f598-p6vkh,3,244
16:42:20,75u,adservice-6b57f598-rrz8r,5,243
16:42:20,75u,cartservice-5c9cb955f-4dbt9,3,133
16:42:20,75u,cartservice-5c9cb955f-9lj5d,9,134
16:42:20,75u,cartservice-5c9cb955f-rt5kp,5,141
16:42:20,75u,checkoutservice-6f4dbd65bf-dgbw9,1,25
16:42:20,75u,checkoutservice-6f4dbd65bf-kmlms,1,25
16:42:20,75u,checkoutservice-6f4dbd65bf-svwng,1,25
16:42:20,75u,currencyservice-85c6cd6dbb-8pc2d,2,73
16:42:20,75u,currencyservice-85c6cd6dbb-kfvch,21,79
16:42:20,75u,currencyservice-85c6cd6dbb-t74rc,2,72
16:42:20,75u,emailservice-58fdf4955b-lx9n2,3,59
16:42:20,75u,emailservice-58fdf4955b-q25zn,4,60
16:42:20,75u,emailservice-58fdf4955b-t69q8,3,59
16:42:20,75u,envoy-grpc-lb-648f879c96-mjscl,21,35
16:42:20,75u,frontend-56d4848657-kdp2g,1,36
16:42:20,75u,frontend-56d4848657-nmdlk,6,37
16:42:20,75u,frontend-56d4848657-sng5f,40,32
16:42:20,75u,paymentservice-8496df49b8-2fqnb,3,61
16:42:20,75u,paymentservice-8496df49b8-lktgk,2,56
16:42:20,75u,paymentservice-8496df49b8-tl6pp,2,56
16:42:20,75u,productcatalogservice-5f85bf894b-blwzq,15,23
16:42:20,75u,productcatalogservice-5f85bf894b-d9xgg,39,23
16:42:20,75u,productcatalogservice-5f85bf894b-gdkbb,65,24
16:42:20,75u,recommendationservice-7d7f9f7777-5lpf2,31,60
16:42:20,75u,recommendationservice-7d7f9f7777-s2tp8,4,60
16:42:20,75u,recommendationservice-7d7f9f7777-t9jvv,28,60
16:42:20,75u,redis-cart-c8ff86559-stdzn,4,11
16:42:20,75u,shippingservice-68d7cfb5f8-lxf2h,2,23
16:42:20,75u,shippingservice-68d7cfb5f8-mtt26,5,19
16:42:20,75u,shippingservice-68d7cfb5f8-x26bd,3,19
16:42:30,75u,adservice-6b57f598-9456d,2,248
16:42:30,75u,adservice-6b57f598-p6vkh,3,244
16:42:30,75u,adservice-6b57f598-rrz8r,5,243
16:42:30,75u,cartservice-5c9cb955f-4dbt9,3,133
16:42:30,75u,cartservice-5c9cb955f-9lj5d,3,134
16:42:30,75u,cartservice-5c9cb955f-rt5kp,3,141
16:42:30,75u,checkoutservice-6f4dbd65bf-dgbw9,1,25
16:42:30,75u,checkoutservice-6f4dbd65bf-kmlms,1,25
16:42:30,75u,checkoutservice-6f4dbd65bf-svwng,1,25
16:42:30,75u,currencyservice-85c6cd6dbb-8pc2d,2,73
16:42:30,75u,currencyservice-85c6cd6dbb-kfvch,2,79
16:42:30,75u,currencyservice-85c6cd6dbb-t74rc,1,71
16:42:30,75u,emailservice-58fdf4955b-lx9n2,3,59
16:42:30,75u,emailservice-58fdf4955b-q25zn,4,60
16:42:30,75u,emailservice-58fdf4955b-t69q8,3,59
16:42:30,75u,envoy-grpc-lb-648f879c96-mjscl,7,35
16:42:30,75u,frontend-56d4848657-kdp2g,1,36
16:42:30,75u,frontend-56d4848657-nmdlk,1,37
16:42:30,75u,frontend-56d4848657-sng5f,1,32
16:42:30,75u,paymentservice-8496df49b8-2fqnb,2,62
16:42:30,75u,paymentservice-8496df49b8-lktgk,1,57
16:42:30,75u,paymentservice-8496df49b8-tl6pp,1,57
16:42:30,75u,productcatalogservice-5f85bf894b-blwzq,1,23
16:42:30,75u,productcatalogservice-5f85bf894b-d9xgg,1,23
16:42:30,75u,productcatalogservice-5f85bf894b-gdkbb,1,24
16:42:30,75u,recommendationservice-7d7f9f7777-5lpf2,4,60
16:42:30,75u,recommendationservice-7d7f9f7777-s2tp8,4,60
16:42:30,75u,recommendationservice-7d7f9f7777-t9jvv,4,60
16:42:30,75u,redis-cart-c8ff86559-stdzn,3,11
16:42:30,75u,shippingservice-68d7cfb5f8-lxf2h,1,23
16:42:30,75u,shippingservice-68d7cfb5f8-mtt26,2,19
16:42:30,75u,shippingservice-68d7cfb5f8-x26bd,1,19
16:42:40,75u,adservice-6b57f598-9456d,3,248
16:42:40,75u,adservice-6b57f598-p6vkh,4,244
16:42:40,75u,adservice-6b57f598-rrz8r,3,243
16:42:40,75u,cartservice-5c9cb955f-4dbt9,3,133
16:42:40,75u,cartservice-5c9cb955f-9lj5d,2,134
16:42:40,75u,cartservice-5c9cb955f-rt5kp,3,141
16:42:40,75u,checkoutservice-6f4dbd65bf-dgbw9,1,25
16:42:40,75u,checkoutservice-6f4dbd65bf-kmlms,1,25
16:42:40,75u,checkoutservice-6f4dbd65bf-svwng,1,25
16:42:40,75u,currencyservice-85c6cd6dbb-8pc2d,1,73
16:42:40,75u,currencyservice-85c6cd6dbb-kfvch,2,79
16:42:40,75u,currencyservice-85c6cd6dbb-t74rc,2,71
16:42:40,75u,emailservice-58fdf4955b-lx9n2,3,59
16:42:40,75u,emailservice-58fdf4955b-q25zn,3,60
16:42:40,75u,emailservice-58fdf4955b-t69q8,3,59
16:42:40,75u,envoy-grpc-lb-648f879c96-mjscl,7,35
16:42:40,75u,frontend-56d4848657-kdp2g,1,36
16:42:40,75u,frontend-56d4848657-nmdlk,1,37
16:42:40,75u,frontend-56d4848657-sng5f,1,32
16:42:40,75u,paymentservice-8496df49b8-2fqnb,2,62
16:42:40,75u,paymentservice-8496df49b8-lktgk,1,57
16:42:40,75u,paymentservice-8496df49b8-tl6pp,2,57
16:42:40,75u,productcatalogservice-5f85bf894b-blwzq,1,23
16:42:40,75u,productcatalogservice-5f85bf894b-d9xgg,1,23
16:42:40,75u,productcatalogservice-5f85bf894b-gdkbb,1,24
16:42:40,75u,recommendationservice-7d7f9f7777-5lpf2,4,60
16:42:40,75u,recommendationservice-7d7f9f7777-s2tp8,4,60
16:42:40,75u,recommendationservice-7d7f9f7777-t9jvv,4,60
16:42:40,75u,redis-cart-c8ff86559-stdzn,4,11
16:42:40,75u,shippingservice-68d7cfb5f8-lxf2h,1,23
16:42:40,75u,shippingservice-68d7cfb5f8-mtt26,1,20
16:42:40,75u,shippingservice-68d7cfb5f8-x26bd,1,19
16:42:51,100u,adservice-6b57f598-9456d,3,248
16:42:51,100u,adservice-6b57f598-p6vkh,4,244
16:42:51,100u,adservice-6b57f598-rrz8r,3,243
16:42:51,100u,cartservice-5c9cb955f-4dbt9,3,133
16:42:51,100u,cartservice-5c9cb955f-9lj5d,2,134
16:42:51,100u,cartservice-5c9cb955f-rt5kp,3,141
16:42:51,100u,checkoutservice-6f4dbd65bf-dgbw9,1,25
16:42:51,100u,checkoutservice-6f4dbd65bf-kmlms,1,25
16:42:51,100u,checkoutservice-6f4dbd65bf-svwng,1,25
16:42:51,100u,currencyservice-85c6cd6dbb-8pc2d,1,73
16:42:51,100u,currencyservice-85c6cd6dbb-kfvch,2,79
16:42:51,100u,currencyservice-85c6cd6dbb-t74rc,2,71
16:42:51,100u,emailservice-58fdf4955b-lx9n2,3,59
16:42:51,100u,emailservice-58fdf4955b-q25zn,3,60
16:42:51,100u,emailservice-58fdf4955b-t69q8,3,59
16:42:51,100u,envoy-grpc-lb-648f879c96-mjscl,7,35
16:42:51,100u,frontend-56d4848657-kdp2g,1,36
16:42:51,100u,frontend-56d4848657-nmdlk,1,37
16:42:51,100u,frontend-56d4848657-sng5f,1,32
16:42:51,100u,paymentservice-8496df49b8-2fqnb,2,62
16:42:51,100u,paymentservice-8496df49b8-lktgk,1,57
16:42:51,100u,paymentservice-8496df49b8-tl6pp,2,57
16:42:51,100u,productcatalogservice-5f85bf894b-blwzq,1,23
16:42:51,100u,productcatalogservice-5f85bf894b-d9xgg,1,23
16:42:51,100u,productcatalogservice-5f85bf894b-gdkbb,1,24
16:42:51,100u,recommendationservice-7d7f9f7777-5lpf2,4,60
16:42:51,100u,recommendationservice-7d7f9f7777-s2tp8,4,60
16:42:51,100u,recommendationservice-7d7f9f7777-t9jvv,4,60
16:42:51,100u,redis-cart-c8ff86559-stdzn,4,11
16:42:51,100u,shippingservice-68d7cfb5f8-lxf2h,1,23
16:42:51,100u,shippingservice-68d7cfb5f8-mtt26,1,20
16:42:51,100u,shippingservice-68d7cfb5f8-x26bd,1,19
16:43:01,100u,adservice-6b57f598-9456d,3,248
16:43:01,100u,adservice-6b57f598-p6vkh,5,244
16:43:01,100u,adservice-6b57f598-rrz8r,3,243
16:43:01,100u,cartservice-5c9cb955f-4dbt9,8,133
16:43:01,100u,cartservice-5c9cb955f-9lj5d,7,134
16:43:01,100u,cartservice-5c9cb955f-rt5kp,3,141
16:43:01,100u,checkoutservice-6f4dbd65bf-dgbw9,1,25
16:43:01,100u,checkoutservice-6f4dbd65bf-kmlms,1,25
16:43:01,100u,checkoutservice-6f4dbd65bf-svwng,2,25
16:43:01,100u,currencyservice-85c6cd6dbb-8pc2d,5,70
16:43:01,100u,currencyservice-85c6cd6dbb-kfvch,5,76
16:43:01,100u,currencyservice-85c6cd6dbb-t74rc,10,71
16:43:01,100u,emailservice-58fdf4955b-lx9n2,3,59
16:43:01,100u,emailservice-58fdf4955b-q25zn,3,60
16:43:01,100u,emailservice-58fdf4955b-t69q8,3,59
16:43:01,100u,envoy-grpc-lb-648f879c96-mjscl,7,35
16:43:01,100u,frontend-56d4848657-kdp2g,1,36
16:43:01,100u,frontend-56d4848657-nmdlk,1,37
16:43:01,100u,frontend-56d4848657-sng5f,1,32
16:43:01,100u,paymentservice-8496df49b8-2fqnb,1,62
16:43:01,100u,paymentservice-8496df49b8-lktgk,2,56
16:43:01,100u,paymentservice-8496df49b8-tl6pp,1,57
16:43:01,100u,productcatalogservice-5f85bf894b-blwzq,4,23
16:43:01,100u,productcatalogservice-5f85bf894b-d9xgg,3,23
16:43:01,100u,productcatalogservice-5f85bf894b-gdkbb,1,24
16:43:01,100u,recommendationservice-7d7f9f7777-5lpf2,4,60
16:43:01,100u,recommendationservice-7d7f9f7777-s2tp8,4,60
16:43:01,100u,recommendationservice-7d7f9f7777-t9jvv,5,60
16:43:01,100u,redis-cart-c8ff86559-stdzn,3,11
16:43:01,100u,shippingservice-68d7cfb5f8-lxf2h,1,23
16:43:01,100u,shippingservice-68d7cfb5f8-mtt26,1,20
16:43:01,100u,shippingservice-68d7cfb5f8-x26bd,1,19
16:43:11,100u,adservice-6b57f598-9456d,14,248
16:43:11,100u,adservice-6b57f598-p6vkh,5,244
16:43:11,100u,adservice-6b57f598-rrz8r,5,243
16:43:11,100u,cartservice-5c9cb955f-4dbt9,8,133
16:43:11,100u,cartservice-5c9cb955f-9lj5d,7,134
16:43:11,100u,cartservice-5c9cb955f-rt5kp,14,141
16:43:11,100u,checkoutservice-6f4dbd65bf-dgbw9,5,25
16:43:11,100u,checkoutservice-6f4dbd65bf-kmlms,4,26
16:43:11,100u,checkoutservice-6f4dbd65bf-svwng,6,25
16:43:11,100u,currencyservice-85c6cd6dbb-8pc2d,36,72
16:43:11,100u,currencyservice-85c6cd6dbb-kfvch,24,77
16:43:11,100u,currencyservice-85c6cd6dbb-t74rc,82,72
16:43:11,100u,emailservice-58fdf4955b-lx9n2,3,59
16:43:11,100u,emailservice-58fdf4955b-q25zn,3,60
16:43:11,100u,emailservice-58fdf4955b-t69q8,3,59
16:43:11,100u,envoy-grpc-lb-648f879c96-mjscl,103,36
16:43:11,100u,frontend-56d4848657-kdp2g,22,36
16:43:11,100u,frontend-56d4848657-nmdlk,35,36
16:43:11,100u,frontend-56d4848657-sng5f,45,32
16:43:11,100u,paymentservice-8496df49b8-2fqnb,2,62
16:43:11,100u,paymentservice-8496df49b8-lktgk,2,57
16:43:11,100u,paymentservice-8496df49b8-tl6pp,4,57
16:43:11,100u,productcatalogservice-5f85bf894b-blwzq,42,23
16:43:11,100u,productcatalogservice-5f85bf894b-d9xgg,43,23
16:43:11,100u,productcatalogservice-5f85bf894b-gdkbb,32,24
16:43:11,100u,recommendationservice-7d7f9f7777-5lpf2,28,60
16:43:11,100u,recommendationservice-7d7f9f7777-s2tp8,23,60
16:43:11,100u,recommendationservice-7d7f9f7777-t9jvv,41,60
16:43:11,100u,redis-cart-c8ff86559-stdzn,5,11
16:43:11,100u,shippingservice-68d7cfb5f8-lxf2h,2,24
16:43:11,100u,shippingservice-68d7cfb5f8-mtt26,2,19
16:43:11,100u,shippingservice-68d7cfb5f8-x26bd,3,20
16:43:21,100u,adservice-6b57f598-9456d,14,248
16:43:21,100u,adservice-6b57f598-p6vkh,5,244
16:43:21,100u,adservice-6b57f598-rrz8r,5,243
16:43:21,100u,cartservice-5c9cb955f-4dbt9,8,133
16:43:21,100u,cartservice-5c9cb955f-9lj5d,7,134
16:43:21,100u,cartservice-5c9cb955f-rt5kp,14,141
16:43:21,100u,checkoutservice-6f4dbd65bf-dgbw9,5,25
16:43:21,100u,checkoutservice-6f4dbd65bf-kmlms,4,26
16:43:21,100u,checkoutservice-6f4dbd65bf-svwng,6,25
16:43:21,100u,currencyservice-85c6cd6dbb-8pc2d,36,72
16:43:21,100u,currencyservice-85c6cd6dbb-kfvch,24,77
16:43:21,100u,currencyservice-85c6cd6dbb-t74rc,82,72
16:43:21,100u,emailservice-58fdf4955b-lx9n2,3,59
16:43:21,100u,emailservice-58fdf4955b-q25zn,3,60
16:43:21,100u,emailservice-58fdf4955b-t69q8,3,59
16:43:21,100u,envoy-grpc-lb-648f879c96-mjscl,103,36
16:43:21,100u,frontend-56d4848657-kdp2g,22,36
16:43:21,100u,frontend-56d4848657-nmdlk,35,36
16:43:21,100u,frontend-56d4848657-sng5f,45,32
16:43:21,100u,paymentservice-8496df49b8-2fqnb,2,62
16:43:21,100u,paymentservice-8496df49b8-lktgk,2,57
16:43:21,100u,paymentservice-8496df49b8-tl6pp,4,57
16:43:21,100u,productcatalogservice-5f85bf894b-blwzq,42,23
16:43:21,100u,productcatalogservice-5f85bf894b-d9xgg,43,23
16:43:21,100u,productcatalogservice-5f85bf894b-gdkbb,32,24
16:43:21,100u,recommendationservice-7d7f9f7777-5lpf2,28,60
16:43:21,100u,recommendationservice-7d7f9f7777-s2tp8,23,60
16:43:21,100u,recommendationservice-7d7f9f7777-t9jvv,41,60
16:43:21,100u,redis-cart-c8ff86559-stdzn,5,11
16:43:21,100u,shippingservice-68d7cfb5f8-lxf2h,2,24
16:43:21,100u,shippingservice-68d7cfb5f8-mtt26,2,19
16:43:21,100u,shippingservice-68d7cfb5f8-x26bd,3,20
16:43:31,100u,adservice-6b57f598-9456d,30,248
16:43:31,100u,adservice-6b57f598-p6vkh,16,244
16:43:31,100u,adservice-6b57f598-rrz8r,19,243
16:43:31,100u,cartservice-5c9cb955f-4dbt9,54,133
16:43:31,100u,cartservice-5c9cb955f-9lj5d,38,134
16:43:31,100u,cartservice-5c9cb955f-rt5kp,48,141
16:43:31,100u,checkoutservice-6f4dbd65bf-dgbw9,13,25
16:43:31,100u,checkoutservice-6f4dbd65bf-kmlms,11,25
16:43:31,100u,checkoutservice-6f4dbd65bf-svwng,8,25
16:43:31,100u,currencyservice-85c6cd6dbb-8pc2d,148,73
16:43:31,100u,currencyservice-85c6cd6dbb-kfvch,117,78
16:43:31,100u,currencyservice-85c6cd6dbb-t74rc,132,73
16:43:31,100u,emailservice-58fdf4955b-lx9n2,4,59
16:43:31,100u,emailservice-58fdf4955b-q25zn,4,60
16:43:31,100u,emailservice-58fdf4955b-t69q8,4,59
16:43:31,100u,envoy-grpc-lb-648f879c96-mjscl,319,36
16:43:31,100u,frontend-56d4848657-kdp2g,128,36
16:43:31,100u,frontend-56d4848657-nmdlk,35,36
16:43:31,100u,frontend-56d4848657-sng5f,120,32
16:43:31,100u,paymentservice-8496df49b8-2fqnb,5,62
16:43:31,100u,paymentservice-8496df49b8-lktgk,5,57
16:43:31,100u,paymentservice-8496df49b8-tl6pp,4,57
16:43:31,100u,productcatalogservice-5f85bf894b-blwzq,65,23
16:43:31,100u,productcatalogservice-5f85bf894b-d9xgg,43,23
16:43:31,100u,productcatalogservice-5f85bf894b-gdkbb,62,24
16:43:31,100u,recommendationservice-7d7f9f7777-5lpf2,61,60
16:43:31,100u,recommendationservice-7d7f9f7777-s2tp8,70,60
16:43:31,100u,recommendationservice-7d7f9f7777-t9jvv,60,60
16:43:31,100u,redis-cart-c8ff86559-stdzn,9,11
16:43:31,100u,shippingservice-68d7cfb5f8-lxf2h,7,23
16:43:31,100u,shippingservice-68d7cfb5f8-mtt26,9,19
16:43:31,100u,shippingservice-68d7cfb5f8-x26bd,8,19
16:43:41,100u,adservice-6b57f598-9456d,7,248
16:43:41,100u,adservice-6b57f598-p6vkh,17,244
16:43:41,100u,adservice-6b57f598-rrz8r,18,243
16:43:41,100u,cartservice-5c9cb955f-4dbt9,38,133
16:43:41,100u,cartservice-5c9cb955f-9lj5d,38,134
16:43:41,100u,cartservice-5c9cb955f-rt5kp,34,141
16:43:41,100u,checkoutservice-6f4dbd65bf-dgbw9,5,25
16:43:41,100u,checkoutservice-6f4dbd65bf-kmlms,3,25
16:43:41,100u,checkoutservice-6f4dbd65bf-svwng,8,25
16:43:41,100u,currencyservice-85c6cd6dbb-8pc2d,69,72
16:43:41,100u,currencyservice-85c6cd6dbb-kfvch,117,78
16:43:41,100u,currencyservice-85c6cd6dbb-t74rc,92,72
16:43:41,100u,emailservice-58fdf4955b-lx9n2,4,59
16:43:41,100u,emailservice-58fdf4955b-q25zn,4,60
16:43:41,100u,emailservice-58fdf4955b-t69q8,4,59
16:43:41,100u,envoy-grpc-lb-648f879c96-mjscl,186,35
16:43:41,100u,frontend-56d4848657-kdp2g,80,36
16:43:41,100u,frontend-56d4848657-nmdlk,98,37
16:43:41,100u,frontend-56d4848657-sng5f,76,33
16:43:41,100u,paymentservice-8496df49b8-2fqnb,3,62
16:43:41,100u,paymentservice-8496df49b8-lktgk,3,57
16:43:41,100u,paymentservice-8496df49b8-tl6pp,3,57
16:43:41,100u,productcatalogservice-5f85bf894b-blwzq,46,23
16:43:41,100u,productcatalogservice-5f85bf894b-d9xgg,57,23
16:43:41,100u,productcatalogservice-5f85bf894b-gdkbb,62,24
16:43:41,100u,recommendationservice-7d7f9f7777-5lpf2,33,60
16:43:41,100u,recommendationservice-7d7f9f7777-s2tp8,23,60
16:43:41,100u,recommendationservice-7d7f9f7777-t9jvv,30,60
16:43:41,100u,redis-cart-c8ff86559-stdzn,8,11
16:43:41,100u,shippingservice-68d7cfb5f8-lxf2h,6,24
16:43:41,100u,shippingservice-68d7cfb5f8-mtt26,4,19
16:43:41,100u,shippingservice-68d7cfb5f8-x26bd,6,19
16:43:51,100u,adservice-6b57f598-9456d,7,248
16:43:51,100u,adservice-6b57f598-p6vkh,17,244
16:43:51,100u,adservice-6b57f598-rrz8r,18,243
16:43:51,100u,cartservice-5c9cb955f-4dbt9,38,133
16:43:51,100u,cartservice-5c9cb955f-9lj5d,38,134
16:43:51,100u,cartservice-5c9cb955f-rt5kp,34,141
16:43:51,100u,checkoutservice-6f4dbd65bf-dgbw9,5,25
16:43:51,100u,checkoutservice-6f4dbd65bf-kmlms,3,25
16:43:51,100u,checkoutservice-6f4dbd65bf-svwng,8,25
16:43:51,100u,currencyservice-85c6cd6dbb-8pc2d,69,72
16:43:51,100u,currencyservice-85c6cd6dbb-kfvch,117,78
16:43:51,100u,currencyservice-85c6cd6dbb-t74rc,92,72
16:43:51,100u,emailservice-58fdf4955b-lx9n2,4,59
16:43:51,100u,emailservice-58fdf4955b-q25zn,4,60
16:43:51,100u,emailservice-58fdf4955b-t69q8,4,59
16:43:51,100u,envoy-grpc-lb-648f879c96-mjscl,186,35
16:43:51,100u,frontend-56d4848657-kdp2g,80,36
16:43:51,100u,frontend-56d4848657-nmdlk,98,37
16:43:51,100u,frontend-56d4848657-sng5f,76,33
16:43:51,100u,paymentservice-8496df49b8-2fqnb,3,62
16:43:51,100u,paymentservice-8496df49b8-lktgk,3,57
16:43:51,100u,paymentservice-8496df49b8-tl6pp,3,57
16:43:51,100u,productcatalogservice-5f85bf894b-blwzq,46,23
16:43:51,100u,productcatalogservice-5f85bf894b-d9xgg,57,23
16:43:51,100u,productcatalogservice-5f85bf894b-gdkbb,62,24
16:43:51,100u,recommendationservice-7d7f9f7777-5lpf2,33,60
16:43:51,100u,recommendationservice-7d7f9f7777-s2tp8,23,60
16:43:51,100u,recommendationservice-7d7f9f7777-t9jvv,30,60
16:43:51,100u,redis-cart-c8ff86559-stdzn,8,11
16:43:51,100u,shippingservice-68d7cfb5f8-lxf2h,6,24
16:43:51,100u,shippingservice-68d7cfb5f8-mtt26,4,19
16:43:51,100u,shippingservice-68d7cfb5f8-x26bd,6,19
16:44:01,100u,adservice-6b57f598-9456d,22,248
16:44:01,100u,adservice-6b57f598-p6vkh,20,244
16:44:01,100u,adservice-6b57f598-rrz8r,28,244
16:44:01,100u,cartservice-5c9cb955f-4dbt9,69,133
16:44:01,100u,cartservice-5c9cb955f-9lj5d,42,134
16:44:01,100u,cartservice-5c9cb955f-rt5kp,69,141
16:44:01,100u,checkoutservice-6f4dbd65bf-dgbw9,5,25
16:44:01,100u,checkoutservice-6f4dbd65bf-kmlms,12,25
16:44:01,100u,checkoutservice-6f4dbd65bf-svwng,8,25
16:44:01,100u,currencyservice-85c6cd6dbb-8pc2d,166,73
16:44:01,100u,currencyservice-85c6cd6dbb-kfvch,109,78
16:44:01,100u,currencyservice-85c6cd6dbb-t74rc,181,73
16:44:01,100u,emailservice-58fdf4955b-lx9n2,4,59
16:44:01,100u,emailservice-58fdf4955b-q25zn,4,60
16:44:01,100u,emailservice-58fdf4955b-t69q8,4,59
16:44:01,100u,envoy-grpc-lb-648f879c96-mjscl,338,36
16:44:01,100u,frontend-56d4848657-kdp2g,101,36
16:44:01,100u,frontend-56d4848657-nmdlk,123,36
16:44:01,100u,frontend-56d4848657-sng5f,144,32
16:44:01,100u,paymentservice-8496df49b8-2fqnb,5,63
16:44:01,100u,paymentservice-8496df49b8-lktgk,5,57
16:44:01,100u,paymentservice-8496df49b8-tl6pp,4,58
16:44:01,100u,productcatalogservice-5f85bf894b-blwzq,93,23
16:44:01,100u,productcatalogservice-5f85bf894b-d9xgg,64,23
16:44:01,100u,productcatalogservice-5f85bf894b-gdkbb,69,24
16:44:01,100u,recommendationservice-7d7f9f7777-5lpf2,84,60
16:44:01,100u,recommendationservice-7d7f9f7777-s2tp8,56,60
16:44:01,100u,recommendationservice-7d7f9f7777-t9jvv,71,60
16:44:01,100u,redis-cart-c8ff86559-stdzn,10,11
16:44:01,100u,shippingservice-68d7cfb5f8-lxf2h,9,24
16:44:01,100u,shippingservice-68d7cfb5f8-mtt26,10,19
16:44:01,100u,shippingservice-68d7cfb5f8-x26bd,11,20
16:44:11,100u,adservice-6b57f598-9456d,41,248
16:44:11,100u,adservice-6b57f598-p6vkh,40,244
16:44:11,100u,adservice-6b57f598-rrz8r,39,244
16:44:11,100u,cartservice-5c9cb955f-4dbt9,94,134
16:44:11,100u,cartservice-5c9cb955f-9lj5d,75,134
16:44:11,100u,cartservice-5c9cb955f-rt5kp,77,141
16:44:11,100u,checkoutservice-6f4dbd65bf-dgbw9,13,25
16:44:11,100u,checkoutservice-6f4dbd65bf-kmlms,18,25
16:44:11,100u,checkoutservice-6f4dbd65bf-svwng,16,25
16:44:11,100u,currencyservice-85c6cd6dbb-8pc2d,200,73
16:44:11,100u,currencyservice-85c6cd6dbb-kfvch,196,79
16:44:11,100u,currencyservice-85c6cd6dbb-t74rc,200,73
16:44:11,100u,emailservice-58fdf4955b-lx9n2,6,59
16:44:11,100u,emailservice-58fdf4955b-q25zn,6,60
16:44:11,100u,emailservice-58fdf4955b-t69q8,6,59
16:44:11,100u,envoy-grpc-lb-648f879c96-mjscl,461,36
16:44:11,100u,frontend-56d4848657-kdp2g,183,37
16:44:11,100u,frontend-56d4848657-nmdlk,193,37
16:44:11,100u,frontend-56d4848657-sng5f,195,34
16:44:11,100u,paymentservice-8496df49b8-2fqnb,7,63
16:44:11,100u,paymentservice-8496df49b8-lktgk,7,58
16:44:11,100u,paymentservice-8496df49b8-tl6pp,6,58
16:44:11,100u,productcatalogservice-5f85bf894b-blwzq,113,27
16:44:11,100u,productcatalogservice-5f85bf894b-d9xgg,106,23
16:44:11,100u,productcatalogservice-5f85bf894b-gdkbb,69,24
16:44:11,100u,recommendationservice-7d7f9f7777-5lpf2,117,60
16:44:11,100u,recommendationservice-7d7f9f7777-s2tp8,100,60
16:44:11,100u,recommendationservice-7d7f9f7777-t9jvv,103,60
16:44:11,100u,redis-cart-c8ff86559-stdzn,15,11
16:44:11,100u,shippingservice-68d7cfb5f8-lxf2h,13,23
16:44:11,100u,shippingservice-68d7cfb5f8-mtt26,12,19
16:44:11,100u,shippingservice-68d7cfb5f8-x26bd,13,20
16:44:21,100u,adservice-6b57f598-9456d,41,248
16:44:21,100u,adservice-6b57f598-p6vkh,40,244
16:44:21,100u,adservice-6b57f598-rrz8r,39,244
16:44:21,100u,cartservice-5c9cb955f-4dbt9,94,134
16:44:21,100u,cartservice-5c9cb955f-9lj5d,75,134
16:44:21,100u,cartservice-5c9cb955f-rt5kp,77,141
16:44:21,100u,checkoutservice-6f4dbd65bf-dgbw9,13,25
16:44:21,100u,checkoutservice-6f4dbd65bf-kmlms,18,25
16:44:21,100u,checkoutservice-6f4dbd65bf-svwng,16,25
16:44:21,100u,currencyservice-85c6cd6dbb-8pc2d,200,73
16:44:21,100u,currencyservice-85c6cd6dbb-kfvch,196,79
16:44:21,100u,currencyservice-85c6cd6dbb-t74rc,200,73
16:44:21,100u,emailservice-58fdf4955b-lx9n2,6,59
16:44:21,100u,emailservice-58fdf4955b-q25zn,6,60
16:44:21,100u,emailservice-58fdf4955b-t69q8,6,59
16:44:21,100u,envoy-grpc-lb-648f879c96-mjscl,461,36
16:44:21,100u,frontend-56d4848657-kdp2g,183,37
16:44:21,100u,frontend-56d4848657-nmdlk,193,37
16:44:21,100u,frontend-56d4848657-sng5f,195,34
16:44:21,100u,paymentservice-8496df49b8-2fqnb,7,63
16:44:21,100u,paymentservice-8496df49b8-lktgk,7,58
16:44:21,100u,paymentservice-8496df49b8-tl6pp,6,58
16:44:21,100u,productcatalogservice-5f85bf894b-blwzq,113,27
16:44:21,100u,productcatalogservice-5f85bf894b-d9xgg,106,23
16:44:21,100u,productcatalogservice-5f85bf894b-gdkbb,69,24
16:44:21,100u,recommendationservice-7d7f9f7777-5lpf2,117,60
16:44:21,100u,recommendationservice-7d7f9f7777-s2tp8,100,60
16:44:21,100u,recommendationservice-7d7f9f7777-t9jvv,103,60
16:44:21,100u,redis-cart-c8ff86559-stdzn,15,11
16:44:21,100u,shippingservice-68d7cfb5f8-lxf2h,13,23
16:44:21,100u,shippingservice-68d7cfb5f8-mtt26,12,19
16:44:21,100u,shippingservice-68d7cfb5f8-x26bd,13,20
16:44:32,100u,adservice-6b57f598-9456d,44,248
16:44:32,100u,adservice-6b57f598-p6vkh,41,245
16:44:32,100u,adservice-6b57f598-rrz8r,39,244
16:44:32,100u,cartservice-5c9cb955f-4dbt9,88,134
16:44:32,100u,cartservice-5c9cb955f-9lj5d,81,134
16:44:32,100u,cartservice-5c9cb955f-rt5kp,88,141
16:44:32,100u,checkoutservice-6f4dbd65bf-dgbw9,19,25
16:44:32,100u,checkoutservice-6f4dbd65bf-kmlms,23,25
16:44:32,100u,checkoutservice-6f4dbd65bf-svwng,16,25
16:44:32,100u,currencyservice-85c6cd6dbb-8pc2d,200,73
16:44:32,100u,currencyservice-85c6cd6dbb-kfvch,200,79
16:44:32,100u,currencyservice-85c6cd6dbb-t74rc,200,73
16:44:32,100u,emailservice-58fdf4955b-lx9n2,7,59
16:44:32,100u,emailservice-58fdf4955b-q25zn,7,60
16:44:32,100u,emailservice-58fdf4955b-t69q8,6,59
16:44:32,100u,envoy-grpc-lb-648f879c96-mjscl,470,36
16:44:32,100u,frontend-56d4848657-kdp2g,194,37
16:44:32,100u,frontend-56d4848657-nmdlk,196,38
16:44:32,100u,frontend-56d4848657-sng5f,197,35
16:44:32,100u,paymentservice-8496df49b8-2fqnb,6,63
16:44:32,100u,paymentservice-8496df49b8-lktgk,6,58
16:44:32,100u,paymentservice-8496df49b8-tl6pp,8,58
16:44:32,100u,productcatalogservice-5f85bf894b-blwzq,121,28
16:44:32,100u,productcatalogservice-5f85bf894b-d9xgg,113,23
16:44:32,100u,productcatalogservice-5f85bf894b-gdkbb,117,24
16:44:32,100u,recommendationservice-7d7f9f7777-5lpf2,121,60
16:44:32,100u,recommendationservice-7d7f9f7777-s2tp8,115,60
16:44:32,100u,recommendationservice-7d7f9f7777-t9jvv,114,60
16:44:32,100u,redis-cart-c8ff86559-stdzn,16,11
16:44:32,100u,shippingservice-68d7cfb5f8-lxf2h,14,24
16:44:32,100u,shippingservice-68d7cfb5f8-mtt26,14,19
16:44:32,100u,shippingservice-68d7cfb5f8-x26bd,14,19
16:44:42,100u,adservice-6b57f598-9456d,42,248
16:44:42,100u,adservice-6b57f598-p6vkh,42,244
16:44:42,100u,adservice-6b57f598-rrz8r,39,244
16:44:42,100u,cartservice-5c9cb955f-4dbt9,81,134
16:44:42,100u,cartservice-5c9cb955f-9lj5d,95,134
16:44:42,100u,cartservice-5c9cb955f-rt5kp,100,141
16:44:42,100u,checkoutservice-6f4dbd65bf-dgbw9,21,25
16:44:42,100u,checkoutservice-6f4dbd65bf-kmlms,20,25
16:44:42,100u,checkoutservice-6f4dbd65bf-svwng,20,25
16:44:42,100u,currencyservice-85c6cd6dbb-8pc2d,200,74
16:44:42,100u,currencyservice-85c6cd6dbb-kfvch,200,80
16:44:42,100u,currencyservice-85c6cd6dbb-t74rc,200,73
16:44:42,100u,emailservice-58fdf4955b-lx9n2,8,59
16:44:42,100u,emailservice-58fdf4955b-q25zn,7,60
16:44:42,100u,emailservice-58fdf4955b-t69q8,7,59
16:44:42,100u,envoy-grpc-lb-648f879c96-mjscl,489,36
16:44:42,100u,frontend-56d4848657-kdp2g,197,37
16:44:42,100u,frontend-56d4848657-nmdlk,197,39
16:44:42,100u,frontend-56d4848657-sng5f,197,35
16:44:42,100u,paymentservice-8496df49b8-2fqnb,8,63
16:44:42,100u,paymentservice-8496df49b8-lktgk,8,59
16:44:42,100u,paymentservice-8496df49b8-tl6pp,8,58
16:44:42,100u,productcatalogservice-5f85bf894b-blwzq,119,28
16:44:42,100u,productcatalogservice-5f85bf894b-d9xgg,121,23
16:44:42,100u,productcatalogservice-5f85bf894b-gdkbb,118,25
16:44:42,100u,recommendationservice-7d7f9f7777-5lpf2,122,60
16:44:42,100u,recommendationservice-7d7f9f7777-s2tp8,115,60
16:44:42,100u,recommendationservice-7d7f9f7777-t9jvv,117,60
16:44:42,100u,redis-cart-c8ff86559-stdzn,16,11
16:44:42,100u,shippingservice-68d7cfb5f8-lxf2h,14,24
16:44:42,100u,shippingservice-68d7cfb5f8-mtt26,14,19
16:44:42,100u,shippingservice-68d7cfb5f8-x26bd,15,19
16:44:52,100u,adservice-6b57f598-9456d,42,248
16:44:52,100u,adservice-6b57f598-p6vkh,42,244
16:44:52,100u,adservice-6b57f598-rrz8r,39,244
16:44:52,100u,cartservice-5c9cb955f-4dbt9,81,134
16:44:52,100u,cartservice-5c9cb955f-9lj5d,95,134
16:44:52,100u,cartservice-5c9cb955f-rt5kp,100,141
16:44:52,100u,checkoutservice-6f4dbd65bf-dgbw9,21,25
16:44:52,100u,checkoutservice-6f4dbd65bf-kmlms,20,25
16:44:52,100u,checkoutservice-6f4dbd65bf-svwng,20,25
16:44:52,100u,currencyservice-85c6cd6dbb-8pc2d,200,74
16:44:52,100u,currencyservice-85c6cd6dbb-kfvch,200,80
16:44:52,100u,currencyservice-85c6cd6dbb-t74rc,200,73
16:44:52,100u,emailservice-58fdf4955b-lx9n2,8,59
16:44:52,100u,emailservice-58fdf4955b-q25zn,7,60
16:44:52,100u,emailservice-58fdf4955b-t69q8,7,59
16:44:52,100u,envoy-grpc-lb-648f879c96-mjscl,489,36
16:44:52,100u,frontend-56d4848657-kdp2g,197,37
16:44:52,100u,frontend-56d4848657-nmdlk,197,39
16:44:52,100u,frontend-56d4848657-sng5f,197,35
16:44:52,100u,paymentservice-8496df49b8-2fqnb,8,63
16:44:52,100u,paymentservice-8496df49b8-lktgk,8,59
16:44:52,100u,paymentservice-8496df49b8-tl6pp,8,58
16:44:52,100u,productcatalogservice-5f85bf894b-blwzq,119,28
16:44:52,100u,productcatalogservice-5f85bf894b-d9xgg,121,23
16:44:52,100u,productcatalogservice-5f85bf894b-gdkbb,118,25
16:44:52,100u,recommendationservice-7d7f9f7777-5lpf2,122,60
16:44:52,100u,recommendationservice-7d7f9f7777-s2tp8,115,60
16:44:52,100u,recommendationservice-7d7f9f7777-t9jvv,117,60
16:44:52,100u,redis-cart-c8ff86559-stdzn,16,11
16:44:52,100u,shippingservice-68d7cfb5f8-lxf2h,14,24
16:44:52,100u,shippingservice-68d7cfb5f8-mtt26,14,19
16:44:52,100u,shippingservice-68d7cfb5f8-x26bd,15,19
16:45:02,100u,adservice-6b57f598-9456d,37,248
16:45:02,100u,adservice-6b57f598-p6vkh,40,245
16:45:02,100u,adservice-6b57f598-rrz8r,37,244
16:45:02,100u,cartservice-5c9cb955f-4dbt9,91,134
16:45:02,100u,cartservice-5c9cb955f-9lj5d,92,134
16:45:02,100u,cartservice-5c9cb955f-rt5kp,95,141
16:45:02,100u,checkoutservice-6f4dbd65bf-dgbw9,18,25
16:45:02,100u,checkoutservice-6f4dbd65bf-kmlms,20,25
16:45:02,100u,checkoutservice-6f4dbd65bf-svwng,19,25
16:45:02,100u,currencyservice-85c6cd6dbb-8pc2d,200,73
16:45:02,100u,currencyservice-85c6cd6dbb-kfvch,201,79
16:45:02,100u,currencyservice-85c6cd6dbb-t74rc,200,74
16:45:02,100u,emailservice-58fdf4955b-lx9n2,8,59
16:45:02,100u,emailservice-58fdf4955b-q25zn,6,60
16:45:02,100u,emailservice-58fdf4955b-t69q8,6,59
16:45:02,100u,envoy-grpc-lb-648f879c96-mjscl,481,36
16:45:02,100u,frontend-56d4848657-kdp2g,194,36
16:45:02,100u,frontend-56d4848657-nmdlk,197,37
16:45:02,100u,frontend-56d4848657-sng5f,197,36
16:45:02,100u,paymentservice-8496df49b8-2fqnb,8,63
16:45:02,100u,paymentservice-8496df49b8-lktgk,6,59
16:45:02,100u,paymentservice-8496df49b8-tl6pp,8,58
16:45:02,100u,productcatalogservice-5f85bf894b-blwzq,119,27
16:45:02,100u,productcatalogservice-5f85bf894b-d9xgg,117,23
16:45:02,100u,productcatalogservice-5f85bf894b-gdkbb,119,24
16:45:02,100u,recommendationservice-7d7f9f7777-5lpf2,119,60
16:45:02,100u,recommendationservice-7d7f9f7777-s2tp8,112,60
16:45:02,100u,recommendationservice-7d7f9f7777-t9jvv,113,60
16:45:02,100u,redis-cart-c8ff86559-stdzn,16,11
16:45:02,100u,shippingservice-68d7cfb5f8-lxf2h,14,24
16:45:02,100u,shippingservice-68d7cfb5f8-mtt26,14,19
16:45:02,100u,shippingservice-68d7cfb5f8-x26bd,14,20
16:45:12,100u,adservice-6b57f598-9456d,37,248
16:45:12,100u,adservice-6b57f598-p6vkh,42,245
16:45:12,100u,adservice-6b57f598-rrz8r,40,244
16:45:12,100u,cartservice-5c9cb955f-4dbt9,86,134
16:45:12,100u,cartservice-5c9cb955f-9lj5d,87,134
16:45:12,100u,cartservice-5c9cb955f-rt5kp,98,141
16:45:12,100u,checkoutservice-6f4dbd65bf-dgbw9,15,25
16:45:12,100u,checkoutservice-6f4dbd65bf-kmlms,20,25
16:45:12,100u,checkoutservice-6f4dbd65bf-svwng,20,25
16:45:12,100u,currencyservice-85c6cd6dbb-8pc2d,200,74
16:45:12,100u,currencyservice-85c6cd6dbb-kfvch,200,79
16:45:12,100u,currencyservice-85c6cd6dbb-t74rc,200,73
16:45:12,100u,emailservice-58fdf4955b-lx9n2,6,59
16:45:12,100u,emailservice-58fdf4955b-q25zn,6,60
16:45:12,100u,emailservice-58fdf4955b-t69q8,7,59
16:45:12,100u,envoy-grpc-lb-648f879c96-mjscl,484,36
16:45:12,100u,frontend-56d4848657-kdp2g,196,37
16:45:12,100u,frontend-56d4848657-nmdlk,197,37
16:45:12,100u,frontend-56d4848657-sng5f,197,36
16:45:12,100u,paymentservice-8496df49b8-2fqnb,8,63
16:45:12,100u,paymentservice-8496df49b8-lktgk,8,59
16:45:12,100u,paymentservice-8496df49b8-tl6pp,7,59
16:45:12,100u,productcatalogservice-5f85bf894b-blwzq,118,27
16:45:12,100u,productcatalogservice-5f85bf894b-d9xgg,119,23
16:45:12,100u,productcatalogservice-5f85bf894b-gdkbb,119,24
16:45:12,100u,recommendationservice-7d7f9f7777-5lpf2,120,60
16:45:12,100u,recommendationservice-7d7f9f7777-s2tp8,114,60
16:45:12,100u,recommendationservice-7d7f9f7777-t9jvv,117,60
16:45:12,100u,redis-cart-c8ff86559-stdzn,16,11
16:45:12,100u,shippingservice-68d7cfb5f8-lxf2h,14,24
16:45:12,100u,shippingservice-68d7cfb5f8-mtt26,13,20
16:45:12,100u,shippingservice-68d7cfb5f8-x26bd,14,19
16:45:22,100u,adservice-6b57f598-9456d,37,248
16:45:22,100u,adservice-6b57f598-p6vkh,42,245
16:45:22,100u,adservice-6b57f598-rrz8r,40,244
16:45:22,100u,cartservice-5c9cb955f-4dbt9,86,134
16:45:22,100u,cartservice-5c9cb955f-9lj5d,87,134
16:45:22,100u,cartservice-5c9cb955f-rt5kp,98,141
16:45:22,100u,checkoutservice-6f4dbd65bf-dgbw9,15,25
16:45:22,100u,checkoutservice-6f4dbd65bf-kmlms,20,25
16:45:22,100u,checkoutservice-6f4dbd65bf-svwng,20,25
16:45:22,100u,currencyservice-85c6cd6dbb-8pc2d,200,74
16:45:22,100u,currencyservice-85c6cd6dbb-kfvch,200,79
16:45:22,100u,currencyservice-85c6cd6dbb-t74rc,200,73
16:45:22,100u,emailservice-58fdf4955b-lx9n2,6,59
16:45:22,100u,emailservice-58fdf4955b-q25zn,6,60
16:45:22,100u,emailservice-58fdf4955b-t69q8,7,59
16:45:22,100u,envoy-grpc-lb-648f879c96-mjscl,484,36
16:45:22,100u,frontend-56d4848657-kdp2g,196,37
16:45:22,100u,frontend-56d4848657-nmdlk,197,37
16:45:22,100u,frontend-56d4848657-sng5f,197,36
16:45:22,100u,paymentservice-8496df49b8-2fqnb,8,63
16:45:22,100u,paymentservice-8496df49b8-lktgk,8,59
16:45:22,100u,paymentservice-8496df49b8-tl6pp,7,59
16:45:22,100u,productcatalogservice-5f85bf894b-blwzq,118,27
16:45:22,100u,productcatalogservice-5f85bf894b-d9xgg,119,23
16:45:22,100u,productcatalogservice-5f85bf894b-gdkbb,119,24
16:45:22,100u,recommendationservice-7d7f9f7777-5lpf2,120,60
16:45:22,100u,recommendationservice-7d7f9f7777-s2tp8,114,60
16:45:22,100u,recommendationservice-7d7f9f7777-t9jvv,117,60
16:45:22,100u,redis-cart-c8ff86559-stdzn,16,11
16:45:22,100u,shippingservice-68d7cfb5f8-lxf2h,14,24
16:45:22,100u,shippingservice-68d7cfb5f8-mtt26,13,20
16:45:22,100u,shippingservice-68d7cfb5f8-x26bd,14,19
16:53:18,100u,adservice-6b57f598-9456d,37,248
16:53:18,100u,adservice-6b57f598-p6vkh,43,245
16:53:18,100u,adservice-6b57f598-rrz8r,28,244
16:53:18,100u,cartservice-5c9cb955f-4dbt9,68,134
16:53:18,100u,cartservice-5c9cb955f-9lj5d,109,134
16:53:18,100u,cartservice-5c9cb955f-rt5kp,90,141
16:53:18,100u,checkoutservice-6f4dbd65bf-dgbw9,23,25
16:53:18,100u,checkoutservice-6f4dbd65bf-kmlms,15,25
16:53:18,100u,checkoutservice-6f4dbd65bf-svwng,14,25
16:53:18,100u,currencyservice-85c6cd6dbb-8pc2d,201,74
16:53:18,100u,currencyservice-85c6cd6dbb-kfvch,200,79
16:53:18,100u,currencyservice-85c6cd6dbb-t74rc,171,74
16:53:18,100u,emailservice-58fdf4955b-lx9n2,7,59
16:53:18,100u,emailservice-58fdf4955b-q25zn,6,60
16:53:18,100u,emailservice-58fdf4955b-t69q8,7,59
16:53:18,100u,envoy-grpc-lb-648f879c96-mjscl,479,36
16:53:18,100u,frontend-56d4848657-kdp2g,157,37
16:53:18,100u,frontend-56d4848657-nmdlk,153,38
16:53:18,100u,frontend-56d4848657-sng5f,196,36
16:53:18,100u,paymentservice-8496df49b8-2fqnb,9,63
16:53:18,100u,paymentservice-8496df49b8-lktgk,7,59
16:53:18,100u,paymentservice-8496df49b8-tl6pp,9,59
16:53:18,100u,productcatalogservice-5f85bf894b-blwzq,119,28
16:53:18,100u,productcatalogservice-5f85bf894b-d9xgg,118,23
16:53:18,100u,productcatalogservice-5f85bf894b-gdkbb,92,24
16:53:18,100u,recommendationservice-7d7f9f7777-5lpf2,117,60
16:53:18,100u,recommendationservice-7d7f9f7777-s2tp8,116,60
16:53:18,100u,recommendationservice-7d7f9f7777-t9jvv,117,60
16:53:18,100u,redis-cart-c8ff86559-stdzn,17,11
16:53:18,100u,shippingservice-68d7cfb5f8-lxf2h,9,24
16:53:18,100u,shippingservice-68d7cfb5f8-mtt26,10,19
16:53:18,100u,shippingservice-68d7cfb5f8-x26bd,15,20
16:53:29,100u,adservice-6b57f598-9456d,16,248
16:53:29,100u,adservice-6b57f598-p6vkh,11,245
16:53:29,100u,adservice-6b57f598-rrz8r,3,244
16:53:29,100u,cartservice-5c9cb955f-4dbt9,2,134
16:53:29,100u,cartservice-5c9cb955f-9lj5d,7,134
16:53:29,100u,cartservice-5c9cb955f-rt5kp,11,141
16:53:29,100u,checkoutservice-6f4dbd65bf-dgbw9,6,25
16:53:29,100u,checkoutservice-6f4dbd65bf-kmlms,15,25
16:53:29,100u,checkoutservice-6f4dbd65bf-svwng,14,25
16:53:29,100u,currencyservice-85c6cd6dbb-8pc2d,29,74
16:53:29,100u,currencyservice-85c6cd6dbb-kfvch,25,80
16:53:29,100u,currencyservice-85c6cd6dbb-t74rc,2,74
16:53:29,100u,emailservice-58fdf4955b-lx9n2,4,59
16:53:29,100u,emailservice-58fdf4955b-q25zn,6,60
16:53:29,100u,emailservice-58fdf4955b-t69q8,4,59
16:53:29,100u,envoy-grpc-lb-648f879c96-mjscl,153,35
16:53:29,100u,frontend-56d4848657-kdp2g,1,37
16:53:29,100u,frontend-56d4848657-nmdlk,1,38
16:53:29,100u,frontend-56d4848657-sng5f,62,34
16:53:29,100u,paymentservice-8496df49b8-2fqnb,2,63
16:53:29,100u,paymentservice-8496df49b8-lktgk,3,59
16:53:29,100u,paymentservice-8496df49b8-tl6pp,2,59
16:53:29,100u,productcatalogservice-5f85bf894b-blwzq,47,27
16:53:29,100u,productcatalogservice-5f85bf894b-d9xgg,18,23
16:53:29,100u,productcatalogservice-5f85bf894b-gdkbb,92,24
16:53:29,100u,recommendationservice-7d7f9f7777-5lpf2,23,60
16:53:29,100u,recommendationservice-7d7f9f7777-s2tp8,17,60
16:53:29,100u,recommendationservice-7d7f9f7777-t9jvv,59,60
16:53:29,100u,redis-cart-c8ff86559-stdzn,4,11
16:53:29,100u,shippingservice-68d7cfb5f8-lxf2h,1,24
16:53:29,100u,shippingservice-68d7cfb5f8-mtt26,1,19
16:53:29,100u,shippingservice-68d7cfb5f8-x26bd,4,20
16:53:40,100u,adservice-6b57f598-9456d,16,248
16:53:40,100u,adservice-6b57f598-p6vkh,1,245
16:53:40,100u,adservice-6b57f598-rrz8r,1,244
16:53:40,100u,cartservice-5c9cb955f-4dbt9,3,134
16:53:40,100u,cartservice-5c9cb955f-9lj5d,1,134
16:53:40,100u,cartservice-5c9cb955f-rt5kp,2,141
16:53:40,100u,checkoutservice-6f4dbd65bf-dgbw9,1,25
16:53:40,100u,checkoutservice-6f4dbd65bf-kmlms,1,25
16:53:40,100u,checkoutservice-6f4dbd65bf-svwng,1,25
16:53:40,100u,currencyservice-85c6cd6dbb-8pc2d,2,74
16:53:40,100u,currencyservice-85c6cd6dbb-kfvch,2,80
16:53:40,100u,currencyservice-85c6cd6dbb-t74rc,2,74
16:53:40,100u,emailservice-58fdf4955b-lx9n2,4,59
16:53:40,100u,emailservice-58fdf4955b-q25zn,1,60
16:53:40,100u,emailservice-58fdf4955b-t69q8,1,59
16:53:40,100u,envoy-grpc-lb-648f879c96-mjscl,7,35
16:53:40,100u,frontend-56d4848657-kdp2g,1,37
16:53:40,100u,frontend-56d4848657-nmdlk,1,38
16:53:40,100u,frontend-56d4848657-sng5f,1,34
16:53:40,100u,paymentservice-8496df49b8-2fqnb,1,63
16:53:40,100u,paymentservice-8496df49b8-lktgk,2,59
16:53:40,100u,paymentservice-8496df49b8-tl6pp,2,60
16:53:40,100u,productcatalogservice-5f85bf894b-blwzq,1,27
16:53:40,100u,productcatalogservice-5f85bf894b-d9xgg,1,24
16:53:40,100u,productcatalogservice-5f85bf894b-gdkbb,1,24
16:53:40,100u,recommendationservice-7d7f9f7777-5lpf2,1,60
16:53:40,100u,recommendationservice-7d7f9f7777-s2tp8,4,60
16:53:40,100u,recommendationservice-7d7f9f7777-t9jvv,4,60
16:53:40,100u,redis-cart-c8ff86559-stdzn,4,11
16:53:40,100u,shippingservice-68d7cfb5f8-lxf2h,1,24
16:53:40,100u,shippingservice-68d7cfb5f8-mtt26,1,20
16:53:40,100u,shippingservice-68d7cfb5f8-x26bd,1,20
16:59:04,100u,adservice-6b57f598-9456d,16,248
16:59:04,100u,adservice-6b57f598-p6vkh,1,245
16:59:04,100u,adservice-6b57f598-rrz8r,1,244
16:59:04,100u,cartservice-5c9cb955f-4dbt9,3,134
16:59:04,100u,cartservice-5c9cb955f-9lj5d,1,134
16:59:04,100u,cartservice-5c9cb955f-rt5kp,2,141
16:59:04,100u,checkoutservice-6f4dbd65bf-dgbw9,1,25
16:59:04,100u,checkoutservice-6f4dbd65bf-kmlms,1,25
16:59:04,100u,checkoutservice-6f4dbd65bf-svwng,1,25
16:59:04,100u,currencyservice-85c6cd6dbb-8pc2d,2,74
16:59:04,100u,currencyservice-85c6cd6dbb-kfvch,2,80
16:59:04,100u,currencyservice-85c6cd6dbb-t74rc,2,74
16:59:04,100u,emailservice-58fdf4955b-lx9n2,4,59
16:59:04,100u,emailservice-58fdf4955b-q25zn,1,60
16:59:04,100u,emailservice-58fdf4955b-t69q8,1,59
16:59:04,100u,envoy-grpc-lb-648f879c96-mjscl,7,35
16:59:04,100u,frontend-56d4848657-kdp2g,1,37
16:59:04,100u,frontend-56d4848657-nmdlk,1,38
16:59:04,100u,frontend-56d4848657-sng5f,1,34
16:59:04,100u,paymentservice-8496df49b8-2fqnb,1,63
16:59:04,100u,paymentservice-8496df49b8-lktgk,2,59
16:59:04,100u,paymentservice-8496df49b8-tl6pp,2,60
16:59:04,100u,productcatalogservice-5f85bf894b-blwzq,1,27
16:59:04,100u,productcatalogservice-5f85bf894b-d9xgg,1,24
16:59:04,100u,productcatalogservice-5f85bf894b-gdkbb,1,24
16:59:04,100u,recommendationservice-7d7f9f7777-5lpf2,1,60
16:59:04,100u,recommendationservice-7d7f9f7777-s2tp8,4,60
16:59:04,100u,recommendationservice-7d7f9f7777-t9jvv,4,60
16:59:04,100u,redis-cart-c8ff86559-stdzn,4,11
16:59:04,100u,shippingservice-68d7cfb5f8-lxf2h,1,24
16:59:04,100u,shippingservice-68d7cfb5f8-mtt26,1,20
16:59:04,100u,shippingservice-68d7cfb5f8-x26bd,1,20
16:59:14,100u,adservice-6b57f598-9456d,1,248
16:59:14,100u,adservice-6b57f598-p6vkh,2,245
16:59:14,100u,adservice-6b57f598-rrz8r,2,244
16:59:14,100u,cartservice-5c9cb955f-4dbt9,1,134
16:59:14,100u,cartservice-5c9cb955f-9lj5d,3,134
16:59:14,100u,cartservice-5c9cb955f-rt5kp,1,141
16:59:14,100u,checkoutservice-6f4dbd65bf-dgbw9,1,25
16:59:14,100u,checkoutservice-6f4dbd65bf-kmlms,1,25
16:59:14,100u,checkoutservice-6f4dbd65bf-svwng,1,25
16:59:14,100u,currencyservice-85c6cd6dbb-8pc2d,1,74
16:59:14,100u,currencyservice-85c6cd6dbb-kfvch,1,79
16:59:14,100u,currencyservice-85c6cd6dbb-t74rc,1,74
16:59:14,100u,emailservice-58fdf4955b-lx9n2,1,59
16:59:14,100u,emailservice-58fdf4955b-q25zn,1,60
16:59:14,100u,emailservice-58fdf4955b-t69q8,4,59
16:59:14,100u,envoy-grpc-lb-648f879c96-mjscl,1,35
16:59:14,100u,frontend-56d4848657-kdp2g,1,37
16:59:14,100u,frontend-56d4848657-nmdlk,1,38
16:59:14,100u,frontend-56d4848657-sng5f,1,34
16:59:14,100u,paymentservice-8496df49b8-2fqnb,1,63
16:59:14,100u,paymentservice-8496df49b8-lktgk,1,59
16:59:14,100u,paymentservice-8496df49b8-tl6pp,1,60
16:59:14,100u,productcatalogservice-5f85bf894b-blwzq,1,27
16:59:14,100u,productcatalogservice-5f85bf894b-d9xgg,1,24
16:59:14,100u,productcatalogservice-5f85bf894b-gdkbb,1,24
16:59:14,100u,recommendationservice-7d7f9f7777-5lpf2,3,60
16:59:14,100u,recommendationservice-7d7f9f7777-s2tp8,1,60
16:59:14,100u,recommendationservice-7d7f9f7777-t9jvv,1,60
16:59:14,100u,redis-cart-c8ff86559-stdzn,1,11
16:59:14,100u,shippingservice-68d7cfb5f8-lxf2h,1,24
16:59:14,100u,shippingservice-68d7cfb5f8-mtt26,1,20
16:59:14,100u,shippingservice-68d7cfb5f8-x26bd,1,20
16:59:24,125u,adservice-6b57f598-9456d,4,248
16:59:24,125u,adservice-6b57f598-p6vkh,1,244
16:59:24,125u,adservice-6b57f598-rrz8r,4,244
16:59:24,125u,cartservice-5c9cb955f-4dbt9,1,134
16:59:24,125u,cartservice-5c9cb955f-9lj5d,1,134
16:59:24,125u,cartservice-5c9cb955f-rt5kp,3,141
16:59:24,125u,checkoutservice-6f4dbd65bf-dgbw9,1,25
16:59:24,125u,checkoutservice-6f4dbd65bf-kmlms,1,25
16:59:24,125u,checkoutservice-6f4dbd65bf-svwng,1,25
16:59:24,125u,currencyservice-85c6cd6dbb-8pc2d,2,73
16:59:24,125u,currencyservice-85c6cd6dbb-kfvch,1,79
16:59:24,125u,currencyservice-85c6cd6dbb-t74rc,1,72
16:59:24,125u,emailservice-58fdf4955b-lx9n2,1,59
16:59:24,125u,emailservice-58fdf4955b-q25zn,3,60
16:59:24,125u,emailservice-58fdf4955b-t69q8,4,59
16:59:24,125u,envoy-grpc-lb-648f879c96-mjscl,1,36
16:59:24,125u,frontend-56d4848657-kdp2g,1,37
16:59:24,125u,frontend-56d4848657-nmdlk,1,38
16:59:24,125u,frontend-56d4848657-sng5f,1,34
16:59:24,125u,paymentservice-8496df49b8-2fqnb,2,63
16:59:24,125u,paymentservice-8496df49b8-lktgk,2,59
16:59:24,125u,paymentservice-8496df49b8-tl6pp,2,59
16:59:24,125u,productcatalogservice-5f85bf894b-blwzq,1,27
16:59:24,125u,productcatalogservice-5f85bf894b-d9xgg,1,24
16:59:24,125u,productcatalogservice-5f85bf894b-gdkbb,1,24
16:59:24,125u,recommendationservice-7d7f9f7777-5lpf2,3,60
16:59:24,125u,recommendationservice-7d7f9f7777-s2tp8,5,60
16:59:24,125u,recommendationservice-7d7f9f7777-t9jvv,1,60
16:59:24,125u,redis-cart-c8ff86559-stdzn,4,11
16:59:24,125u,shippingservice-68d7cfb5f8-lxf2h,1,24
16:59:24,125u,shippingservice-68d7cfb5f8-mtt26,1,20
16:59:24,125u,shippingservice-68d7cfb5f8-x26bd,2,20
16:59:34,125u,adservice-6b57f598-9456d,4,248
16:59:34,125u,adservice-6b57f598-p6vkh,1,244
16:59:34,125u,adservice-6b57f598-rrz8r,4,244
16:59:34,125u,cartservice-5c9cb955f-4dbt9,1,134
16:59:34,125u,cartservice-5c9cb955f-9lj5d,1,134
16:59:34,125u,cartservice-5c9cb955f-rt5kp,3,141
16:59:34,125u,checkoutservice-6f4dbd65bf-dgbw9,1,25
16:59:34,125u,checkoutservice-6f4dbd65bf-kmlms,1,25
16:59:34,125u,checkoutservice-6f4dbd65bf-svwng,1,25
16:59:34,125u,currencyservice-85c6cd6dbb-8pc2d,2,73
16:59:34,125u,currencyservice-85c6cd6dbb-kfvch,1,79
16:59:34,125u,currencyservice-85c6cd6dbb-t74rc,1,72
16:59:34,125u,emailservice-58fdf4955b-lx9n2,1,59
16:59:34,125u,emailservice-58fdf4955b-q25zn,3,60
16:59:34,125u,emailservice-58fdf4955b-t69q8,4,59
16:59:34,125u,envoy-grpc-lb-648f879c96-mjscl,1,36
16:59:34,125u,frontend-56d4848657-kdp2g,1,37
16:59:34,125u,frontend-56d4848657-nmdlk,1,38
16:59:34,125u,frontend-56d4848657-sng5f,1,34
16:59:34,125u,paymentservice-8496df49b8-2fqnb,2,63
16:59:34,125u,paymentservice-8496df49b8-lktgk,2,59
16:59:34,125u,paymentservice-8496df49b8-tl6pp,2,59
16:59:34,125u,productcatalogservice-5f85bf894b-blwzq,1,27
16:59:34,125u,productcatalogservice-5f85bf894b-d9xgg,1,24
16:59:34,125u,productcatalogservice-5f85bf894b-gdkbb,1,24
16:59:34,125u,recommendationservice-7d7f9f7777-5lpf2,3,60
16:59:34,125u,recommendationservice-7d7f9f7777-s2tp8,5,60
16:59:34,125u,recommendationservice-7d7f9f7777-t9jvv,1,60
16:59:34,125u,redis-cart-c8ff86559-stdzn,4,11
16:59:34,125u,shippingservice-68d7cfb5f8-lxf2h,1,24
16:59:34,125u,shippingservice-68d7cfb5f8-mtt26,1,20
16:59:34,125u,shippingservice-68d7cfb5f8-x26bd,2,20
16:59:44,125u,adservice-6b57f598-9456d,1,248
16:59:44,125u,adservice-6b57f598-p6vkh,10,244
16:59:44,125u,adservice-6b57f598-rrz8r,1,244
16:59:44,125u,cartservice-5c9cb955f-4dbt9,1,134
16:59:44,125u,cartservice-5c9cb955f-9lj5d,36,134
16:59:44,125u,cartservice-5c9cb955f-rt5kp,2,141
16:59:44,125u,checkoutservice-6f4dbd65bf-dgbw9,5,25
16:59:44,125u,checkoutservice-6f4dbd65bf-kmlms,1,26
16:59:44,125u,checkoutservice-6f4dbd65bf-svwng,5,25
16:59:44,125u,currencyservice-85c6cd6dbb-8pc2d,2,74
16:59:44,125u,currencyservice-85c6cd6dbb-kfvch,1,79
16:59:44,125u,currencyservice-85c6cd6dbb-t74rc,87,74
16:59:44,125u,emailservice-58fdf4955b-lx9n2,1,59
16:59:44,125u,emailservice-58fdf4955b-q25zn,1,60
16:59:44,125u,emailservice-58fdf4955b-t69q8,1,59
16:59:44,125u,envoy-grpc-lb-648f879c96-mjscl,130,36
16:59:44,125u,frontend-56d4848657-kdp2g,63,36
16:59:44,125u,frontend-56d4848657-nmdlk,3,37
16:59:44,125u,frontend-56d4848657-sng5f,58,34
16:59:44,125u,paymentservice-8496df49b8-2fqnb,1,63
16:59:44,125u,paymentservice-8496df49b8-lktgk,1,60
16:59:44,125u,paymentservice-8496df49b8-tl6pp,1,60
16:59:44,125u,productcatalogservice-5f85bf894b-blwzq,1,28
16:59:44,125u,productcatalogservice-5f85bf894b-d9xgg,33,23
16:59:44,125u,productcatalogservice-5f85bf894b-gdkbb,2,24
16:59:44,125u,recommendationservice-7d7f9f7777-5lpf2,1,60
16:59:44,125u,recommendationservice-7d7f9f7777-s2tp8,2,60
16:59:44,125u,recommendationservice-7d7f9f7777-t9jvv,36,60
16:59:44,125u,redis-cart-c8ff86559-stdzn,1,11
16:59:44,125u,shippingservice-68d7cfb5f8-lxf2h,1,24
16:59:44,125u,shippingservice-68d7cfb5f8-mtt26,1,20
16:59:44,125u,shippingservice-68d7cfb5f8-x26bd,1,19
16:59:54,125u,adservice-6b57f598-9456d,19,248
16:59:54,125u,adservice-6b57f598-p6vkh,26,245
16:59:54,125u,adservice-6b57f598-rrz8r,21,244
16:59:54,125u,cartservice-5c9cb955f-4dbt9,47,134
16:59:54,125u,cartservice-5c9cb955f-9lj5d,73,134
16:59:54,125u,cartservice-5c9cb955f-rt5kp,48,141
16:59:54,125u,checkoutservice-6f4dbd65bf-dgbw9,11,25
16:59:54,125u,checkoutservice-6f4dbd65bf-kmlms,10,25
16:59:54,125u,checkoutservice-6f4dbd65bf-svwng,11,25
16:59:54,125u,currencyservice-85c6cd6dbb-8pc2d,119,74
16:59:54,125u,currencyservice-85c6cd6dbb-kfvch,120,79
16:59:54,125u,currencyservice-85c6cd6dbb-t74rc,87,74
16:59:54,125u,emailservice-58fdf4955b-lx9n2,4,59
16:59:54,125u,emailservice-58fdf4955b-q25zn,3,60
16:59:54,125u,emailservice-58fdf4955b-t69q8,4,59
16:59:54,125u,envoy-grpc-lb-648f879c96-mjscl,324,36
16:59:54,125u,frontend-56d4848657-kdp2g,156,36
16:59:54,125u,frontend-56d4848657-nmdlk,143,37
16:59:54,125u,frontend-56d4848657-sng5f,141,35
16:59:54,125u,paymentservice-8496df49b8-2fqnb,5,63
16:59:54,125u,paymentservice-8496df49b8-lktgk,5,60
16:59:54,125u,paymentservice-8496df49b8-tl6pp,6,60
16:59:54,125u,productcatalogservice-5f85bf894b-blwzq,61,28
16:59:54,125u,productcatalogservice-5f85bf894b-d9xgg,80,23
16:59:54,125u,productcatalogservice-5f85bf894b-gdkbb,69,24
16:59:54,125u,recommendationservice-7d7f9f7777-5lpf2,55,60
16:59:54,125u,recommendationservice-7d7f9f7777-s2tp8,54,60
16:59:54,125u,recommendationservice-7d7f9f7777-t9jvv,36,60
16:59:54,125u,redis-cart-c8ff86559-stdzn,10,11
16:59:54,125u,shippingservice-68d7cfb5f8-lxf2h,6,23
16:59:54,125u,shippingservice-68d7cfb5f8-mtt26,8,20
16:59:54,125u,shippingservice-68d7cfb5f8-x26bd,9,19
17:00:04,125u,adservice-6b57f598-9456d,19,248
17:00:04,125u,adservice-6b57f598-p6vkh,26,245
17:00:04,125u,adservice-6b57f598-rrz8r,21,244
17:00:04,125u,cartservice-5c9cb955f-4dbt9,47,134
17:00:04,125u,cartservice-5c9cb955f-9lj5d,73,134
17:00:04,125u,cartservice-5c9cb955f-rt5kp,48,141
17:00:04,125u,checkoutservice-6f4dbd65bf-dgbw9,11,25
17:00:04,125u,checkoutservice-6f4dbd65bf-kmlms,10,25
17:00:04,125u,checkoutservice-6f4dbd65bf-svwng,11,25
17:00:04,125u,currencyservice-85c6cd6dbb-8pc2d,119,74
17:00:04,125u,currencyservice-85c6cd6dbb-kfvch,120,79
17:00:04,125u,currencyservice-85c6cd6dbb-t74rc,87,74
17:00:04,125u,emailservice-58fdf4955b-lx9n2,4,59
17:00:04,125u,emailservice-58fdf4955b-q25zn,3,60
17:00:04,125u,emailservice-58fdf4955b-t69q8,4,59
17:00:04,125u,envoy-grpc-lb-648f879c96-mjscl,324,36
17:00:04,125u,frontend-56d4848657-kdp2g,156,36
17:00:04,125u,frontend-56d4848657-nmdlk,143,37
17:00:04,125u,frontend-56d4848657-sng5f,141,35
17:00:04,125u,paymentservice-8496df49b8-2fqnb,5,63
17:00:04,125u,paymentservice-8496df49b8-lktgk,5,60
17:00:04,125u,paymentservice-8496df49b8-tl6pp,6,60
17:00:04,125u,productcatalogservice-5f85bf894b-blwzq,61,28
17:00:04,125u,productcatalogservice-5f85bf894b-d9xgg,80,23
17:00:04,125u,productcatalogservice-5f85bf894b-gdkbb,69,24
17:00:04,125u,recommendationservice-7d7f9f7777-5lpf2,55,60
17:00:04,125u,recommendationservice-7d7f9f7777-s2tp8,54,60
17:00:04,125u,recommendationservice-7d7f9f7777-t9jvv,36,60
17:00:04,125u,redis-cart-c8ff86559-stdzn,10,11
17:00:04,125u,shippingservice-68d7cfb5f8-lxf2h,6,23
17:00:04,125u,shippingservice-68d7cfb5f8-mtt26,8,20
17:00:04,125u,shippingservice-68d7cfb5f8-x26bd,9,19
17:00:15,125u,adservice-6b57f598-9456d,10,248
17:00:15,125u,adservice-6b57f598-p6vkh,26,245
17:00:15,125u,adservice-6b57f598-rrz8r,13,244
17:00:15,125u,cartservice-5c9cb955f-4dbt9,46,137
17:00:15,125u,cartservice-5c9cb955f-9lj5d,26,134
17:00:15,125u,cartservice-5c9cb955f-rt5kp,48,141
17:00:15,125u,checkoutservice-6f4dbd65bf-dgbw9,5,25
17:00:15,125u,checkoutservice-6f4dbd65bf-kmlms,5,25
17:00:15,125u,checkoutservice-6f4dbd65bf-svwng,5,25
17:00:15,125u,currencyservice-85c6cd6dbb-8pc2d,109,74
17:00:15,125u,currencyservice-85c6cd6dbb-kfvch,99,80
17:00:15,125u,currencyservice-85c6cd6dbb-t74rc,121,74
17:00:15,125u,emailservice-58fdf4955b-lx9n2,3,59
17:00:15,125u,emailservice-58fdf4955b-q25zn,4,60
17:00:15,125u,emailservice-58fdf4955b-t69q8,4,59
17:00:15,125u,envoy-grpc-lb-648f879c96-mjscl,167,36
17:00:15,125u,frontend-56d4848657-kdp2g,69,36
17:00:15,125u,frontend-56d4848657-nmdlk,94,37
17:00:15,125u,frontend-56d4848657-sng5f,63,34
17:00:15,125u,paymentservice-8496df49b8-2fqnb,5,63
17:00:15,125u,paymentservice-8496df49b8-lktgk,3,60
17:00:15,125u,paymentservice-8496df49b8-tl6pp,3,60
17:00:15,125u,productcatalogservice-5f85bf894b-blwzq,47,28
17:00:15,125u,productcatalogservice-5f85bf894b-d9xgg,28,23
17:00:15,125u,productcatalogservice-5f85bf894b-gdkbb,44,24
17:00:15,125u,recommendationservice-7d7f9f7777-5lpf2,36,60
17:00:15,125u,recommendationservice-7d7f9f7777-s2tp8,54,60
17:00:15,125u,recommendationservice-7d7f9f7777-t9jvv,47,60
17:00:15,125u,redis-cart-c8ff86559-stdzn,8,11
17:00:15,125u,shippingservice-68d7cfb5f8-lxf2h,7,23
17:00:15,125u,shippingservice-68d7cfb5f8-mtt26,5,19
17:00:15,125u,shippingservice-68d7cfb5f8-x26bd,5,24
17:00:25,125u,adservice-6b57f598-9456d,21,248
17:00:25,125u,adservice-6b57f598-p6vkh,13,245
17:00:25,125u,adservice-6b57f598-rrz8r,21,244
17:00:25,125u,cartservice-5c9cb955f-4dbt9,56,136
17:00:25,125u,cartservice-5c9cb955f-9lj5d,69,134
17:00:25,125u,cartservice-5c9cb955f-rt5kp,43,141
17:00:25,125u,checkoutservice-6f4dbd65bf-dgbw9,14,25
17:00:25,125u,checkoutservice-6f4dbd65bf-kmlms,15,25
17:00:25,125u,checkoutservice-6f4dbd65bf-svwng,5,25
17:00:25,125u,currencyservice-85c6cd6dbb-8pc2d,152,74
17:00:25,125u,currencyservice-85c6cd6dbb-kfvch,122,80
17:00:25,125u,currencyservice-85c6cd6dbb-t74rc,123,74
17:00:25,125u,emailservice-58fdf4955b-lx9n2,4,59
17:00:25,125u,emailservice-58fdf4955b-q25zn,5,60
17:00:25,125u,emailservice-58fdf4955b-t69q8,4,59
17:00:25,125u,envoy-grpc-lb-648f879c96-mjscl,386,36
17:00:25,125u,frontend-56d4848657-kdp2g,182,36
17:00:25,125u,frontend-56d4848657-nmdlk,138,37
17:00:25,125u,frontend-56d4848657-sng5f,63,34
17:00:25,125u,paymentservice-8496df49b8-2fqnb,4,63
17:00:25,125u,paymentservice-8496df49b8-lktgk,5,60
17:00:25,125u,paymentservice-8496df49b8-tl6pp,3,60
17:00:25,125u,productcatalogservice-5f85bf894b-blwzq,69,28
17:00:25,125u,productcatalogservice-5f85bf894b-d9xgg,77,23
17:00:25,125u,productcatalogservice-5f85bf894b-gdkbb,96,24
17:00:25,125u,recommendationservice-7d7f9f7777-5lpf2,72,60
17:00:25,125u,recommendationservice-7d7f9f7777-s2tp8,62,60
17:00:25,125u,recommendationservice-7d7f9f7777-t9jvv,56,60
17:00:25,125u,redis-cart-c8ff86559-stdzn,13,11
17:00:25,125u,shippingservice-68d7cfb5f8-lxf2h,6,23
17:00:25,125u,shippingservice-68d7cfb5f8-mtt26,10,19
17:00:25,125u,shippingservice-68d7cfb5f8-x26bd,5,24
17:00:35,125u,adservice-6b57f598-9456d,21,248
17:00:35,125u,adservice-6b57f598-p6vkh,13,245
17:00:35,125u,adservice-6b57f598-rrz8r,21,244
17:00:35,125u,cartservice-5c9cb955f-4dbt9,56,136
17:00:35,125u,cartservice-5c9cb955f-9lj5d,69,134
17:00:35,125u,cartservice-5c9cb955f-rt5kp,43,141
17:00:35,125u,checkoutservice-6f4dbd65bf-dgbw9,14,25
17:00:35,125u,checkoutservice-6f4dbd65bf-kmlms,15,25
17:00:35,125u,checkoutservice-6f4dbd65bf-svwng,5,25
17:00:35,125u,currencyservice-85c6cd6dbb-8pc2d,152,74
17:00:35,125u,currencyservice-85c6cd6dbb-kfvch,122,80
17:00:35,125u,currencyservice-85c6cd6dbb-t74rc,123,74
17:00:35,125u,emailservice-58fdf4955b-lx9n2,4,59
17:00:35,125u,emailservice-58fdf4955b-q25zn,5,60
17:00:35,125u,emailservice-58fdf4955b-t69q8,4,59
17:00:35,125u,envoy-grpc-lb-648f879c96-mjscl,386,36
17:00:35,125u,frontend-56d4848657-kdp2g,182,36
17:00:35,125u,frontend-56d4848657-nmdlk,138,37
17:00:35,125u,frontend-56d4848657-sng5f,63,34
17:00:35,125u,paymentservice-8496df49b8-2fqnb,4,63
17:00:35,125u,paymentservice-8496df49b8-lktgk,5,60
17:00:35,125u,paymentservice-8496df49b8-tl6pp,3,60
17:00:35,125u,productcatalogservice-5f85bf894b-blwzq,69,28
17:00:35,125u,productcatalogservice-5f85bf894b-d9xgg,77,23
17:00:35,125u,productcatalogservice-5f85bf894b-gdkbb,96,24
17:00:35,125u,recommendationservice-7d7f9f7777-5lpf2,72,60
17:00:35,125u,recommendationservice-7d7f9f7777-s2tp8,62,60
17:00:35,125u,recommendationservice-7d7f9f7777-t9jvv,56,60
17:00:35,125u,redis-cart-c8ff86559-stdzn,13,11
17:00:35,125u,shippingservice-68d7cfb5f8-lxf2h,6,23
17:00:35,125u,shippingservice-68d7cfb5f8-mtt26,10,19
17:00:35,125u,shippingservice-68d7cfb5f8-x26bd,5,24
17:00:45,125u,adservice-6b57f598-9456d,32,248
17:00:45,125u,adservice-6b57f598-p6vkh,33,245
17:00:45,125u,adservice-6b57f598-rrz8r,32,244
17:00:45,125u,cartservice-5c9cb955f-4dbt9,62,137
17:00:45,125u,cartservice-5c9cb955f-9lj5d,69,134
17:00:45,125u,cartservice-5c9cb955f-rt5kp,77,141
17:00:45,125u,checkoutservice-6f4dbd65bf-dgbw9,16,25
17:00:45,125u,checkoutservice-6f4dbd65bf-kmlms,17,25
17:00:45,125u,checkoutservice-6f4dbd65bf-svwng,14,25
17:00:45,125u,currencyservice-85c6cd6dbb-8pc2d,200,74
17:00:45,125u,currencyservice-85c6cd6dbb-kfvch,194,80
17:00:45,125u,currencyservice-85c6cd6dbb-t74rc,195,74
17:00:45,125u,emailservice-58fdf4955b-lx9n2,6,59
17:00:45,125u,emailservice-58fdf4955b-q25zn,6,60
17:00:45,125u,emailservice-58fdf4955b-t69q8,6,59
17:00:45,125u,envoy-grpc-lb-648f879c96-mjscl,458,36
17:00:45,125u,frontend-56d4848657-kdp2g,195,38
17:00:45,125u,frontend-56d4848657-nmdlk,138,37
17:00:45,125u,frontend-56d4848657-sng5f,162,34
17:00:45,125u,paymentservice-8496df49b8-2fqnb,6,63
17:00:45,125u,paymentservice-8496df49b8-lktgk,8,60
17:00:45,125u,paymentservice-8496df49b8-tl6pp,6,60
17:00:45,125u,productcatalogservice-5f85bf894b-blwzq,102,28
17:00:45,125u,productcatalogservice-5f85bf894b-d9xgg,109,24
17:00:45,125u,productcatalogservice-5f85bf894b-gdkbb,110,24
17:00:45,125u,recommendationservice-7d7f9f7777-5lpf2,95,60
17:00:45,125u,recommendationservice-7d7f9f7777-s2tp8,106,60
17:00:45,125u,recommendationservice-7d7f9f7777-t9jvv,95,60
17:00:45,125u,redis-cart-c8ff86559-stdzn,15,11
17:00:45,125u,shippingservice-68d7cfb5f8-lxf2h,11,23
17:00:45,125u,shippingservice-68d7cfb5f8-mtt26,12,19
17:00:45,125u,shippingservice-68d7cfb5f8-x26bd,10,24
17:00:55,125u,adservice-6b57f598-9456d,37,248
17:00:55,125u,adservice-6b57f598-p6vkh,33,245
17:00:55,125u,adservice-6b57f598-rrz8r,32,244
17:00:55,125u,cartservice-5c9cb955f-4dbt9,100,137
17:00:55,125u,cartservice-5c9cb955f-9lj5d,93,135
17:00:55,125u,cartservice-5c9cb955f-rt5kp,88,142
17:00:55,125u,checkoutservice-6f4dbd65bf-dgbw9,16,25
17:00:55,125u,checkoutservice-6f4dbd65bf-kmlms,23,25
17:00:55,125u,checkoutservice-6f4dbd65bf-svwng,19,25
17:00:55,125u,currencyservice-85c6cd6dbb-8pc2d,200,74
17:00:55,125u,currencyservice-85c6cd6dbb-kfvch,199,80
17:00:55,125u,currencyservice-85c6cd6dbb-t74rc,200,74
17:00:55,125u,emailservice-58fdf4955b-lx9n2,7,59
17:00:55,125u,emailservice-58fdf4955b-q25zn,7,60
17:00:55,125u,emailservice-58fdf4955b-t69q8,7,59
17:00:55,125u,envoy-grpc-lb-648f879c96-mjscl,458,36
17:00:55,125u,frontend-56d4848657-kdp2g,195,39
17:00:55,125u,frontend-56d4848657-nmdlk,195,37
17:00:55,125u,frontend-56d4848657-sng5f,191,35
17:00:55,125u,paymentservice-8496df49b8-2fqnb,9,63
17:00:55,125u,paymentservice-8496df49b8-lktgk,8,60
17:00:55,125u,paymentservice-8496df49b8-tl6pp,9,61
17:00:55,125u,productcatalogservice-5f85bf894b-blwzq,110,28
17:00:55,125u,productcatalogservice-5f85bf894b-d9xgg,112,23
17:00:55,125u,productcatalogservice-5f85bf894b-gdkbb,114,24
17:00:55,125u,recommendationservice-7d7f9f7777-5lpf2,117,60
17:00:55,125u,recommendationservice-7d7f9f7777-s2tp8,120,60
17:00:55,125u,recommendationservice-7d7f9f7777-t9jvv,121,60
17:00:55,125u,redis-cart-c8ff86559-stdzn,16,11
17:00:55,125u,shippingservice-68d7cfb5f8-lxf2h,11,23
17:00:55,125u,shippingservice-68d7cfb5f8-mtt26,14,20
17:00:55,125u,shippingservice-68d7cfb5f8-x26bd,13,24
17:01:05,125u,adservice-6b57f598-9456d,37,248
17:01:05,125u,adservice-6b57f598-p6vkh,33,245
17:01:05,125u,adservice-6b57f598-rrz8r,32,244
17:01:05,125u,cartservice-5c9cb955f-4dbt9,100,137
17:01:05,125u,cartservice-5c9cb955f-9lj5d,93,135
17:01:05,125u,cartservice-5c9cb955f-rt5kp,88,142
17:01:05,125u,checkoutservice-6f4dbd65bf-dgbw9,16,25
17:01:05,125u,checkoutservice-6f4dbd65bf-kmlms,23,25
17:01:05,125u,checkoutservice-6f4dbd65bf-svwng,19,25
17:01:05,125u,currencyservice-85c6cd6dbb-8pc2d,200,74
17:01:05,125u,currencyservice-85c6cd6dbb-kfvch,199,80
17:01:05,125u,currencyservice-85c6cd6dbb-t74rc,200,74
17:01:05,125u,emailservice-58fdf4955b-lx9n2,7,59
17:01:05,125u,emailservice-58fdf4955b-q25zn,7,60
17:01:05,125u,emailservice-58fdf4955b-t69q8,7,59
17:01:05,125u,envoy-grpc-lb-648f879c96-mjscl,458,36
17:01:05,125u,frontend-56d4848657-kdp2g,195,39
17:01:05,125u,frontend-56d4848657-nmdlk,195,37
17:01:05,125u,frontend-56d4848657-sng5f,191,35
17:01:05,125u,paymentservice-8496df49b8-2fqnb,9,63
17:01:05,125u,paymentservice-8496df49b8-lktgk,8,60
17:01:05,125u,paymentservice-8496df49b8-tl6pp,9,61
17:01:05,125u,productcatalogservice-5f85bf894b-blwzq,110,28
17:01:05,125u,productcatalogservice-5f85bf894b-d9xgg,112,23
17:01:05,125u,productcatalogservice-5f85bf894b-gdkbb,114,24
17:01:05,125u,recommendationservice-7d7f9f7777-5lpf2,117,60
17:01:05,125u,recommendationservice-7d7f9f7777-s2tp8,120,60
17:01:05,125u,recommendationservice-7d7f9f7777-t9jvv,121,60
17:01:05,125u,redis-cart-c8ff86559-stdzn,16,11
17:01:05,125u,shippingservice-68d7cfb5f8-lxf2h,11,23
17:01:05,125u,shippingservice-68d7cfb5f8-mtt26,14,20
17:01:05,125u,shippingservice-68d7cfb5f8-x26bd,13,24
17:01:15,125u,adservice-6b57f598-9456d,40,248
17:01:15,125u,adservice-6b57f598-p6vkh,39,245
17:01:15,125u,adservice-6b57f598-rrz8r,40,244
17:01:15,125u,cartservice-5c9cb955f-4dbt9,92,137
17:01:15,125u,cartservice-5c9cb955f-9lj5d,85,135
17:01:15,125u,cartservice-5c9cb955f-rt5kp,103,142
17:01:15,125u,checkoutservice-6f4dbd65bf-dgbw9,20,25
17:01:15,125u,checkoutservice-6f4dbd65bf-kmlms,21,25
17:01:15,125u,checkoutservice-6f4dbd65bf-svwng,19,25
17:01:15,125u,currencyservice-85c6cd6dbb-8pc2d,199,75
17:01:15,125u,currencyservice-85c6cd6dbb-kfvch,200,80
17:01:15,125u,currencyservice-85c6cd6dbb-t74rc,200,77
17:01:15,125u,emailservice-58fdf4955b-lx9n2,5,59
17:01:15,125u,emailservice-58fdf4955b-q25zn,7,60
17:01:15,125u,emailservice-58fdf4955b-t69q8,8,59
17:01:15,125u,envoy-grpc-lb-648f879c96-mjscl,473,38
17:01:15,125u,frontend-56d4848657-kdp2g,196,40
17:01:15,125u,frontend-56d4848657-nmdlk,195,41
17:01:15,125u,frontend-56d4848657-sng5f,196,36
17:01:15,125u,paymentservice-8496df49b8-2fqnb,7,63
17:01:15,125u,paymentservice-8496df49b8-lktgk,7,61
17:01:15,125u,paymentservice-8496df49b8-tl6pp,8,60
17:01:15,125u,productcatalogservice-5f85bf894b-blwzq,119,28
17:01:15,125u,productcatalogservice-5f85bf894b-d9xgg,122,23
17:01:15,125u,productcatalogservice-5f85bf894b-gdkbb,121,25
17:01:15,125u,recommendationservice-7d7f9f7777-5lpf2,132,60
17:01:15,125u,recommendationservice-7d7f9f7777-s2tp8,129,60
17:01:15,125u,recommendationservice-7d7f9f7777-t9jvv,132,60
17:01:15,125u,redis-cart-c8ff86559-stdzn,17,11
17:01:15,125u,shippingservice-68d7cfb5f8-lxf2h,14,23
17:01:15,125u,shippingservice-68d7cfb5f8-mtt26,15,20
17:01:15,125u,shippingservice-68d7cfb5f8-x26bd,16,24
17:01:25,125u,adservice-6b57f598-9456d,39,249
17:01:25,125u,adservice-6b57f598-p6vkh,38,245
17:01:25,125u,adservice-6b57f598-rrz8r,40,244
17:01:25,125u,cartservice-5c9cb955f-4dbt9,100,137
17:01:25,125u,cartservice-5c9cb955f-9lj5d,85,135
17:01:25,125u,cartservice-5c9cb955f-rt5kp,79,142
17:01:25,125u,checkoutservice-6f4dbd65bf-dgbw9,20,25
17:01:25,125u,checkoutservice-6f4dbd65bf-kmlms,20,25
17:01:25,125u,checkoutservice-6f4dbd65bf-svwng,23,25
17:01:25,125u,currencyservice-85c6cd6dbb-8pc2d,200,75
17:01:25,125u,currencyservice-85c6cd6dbb-kfvch,200,81
17:01:25,125u,currencyservice-85c6cd6dbb-t74rc,200,77
17:01:25,125u,emailservice-58fdf4955b-lx9n2,6,59
17:01:25,125u,emailservice-58fdf4955b-q25zn,6,60
17:01:25,125u,emailservice-58fdf4955b-t69q8,6,59
17:01:25,125u,envoy-grpc-lb-648f879c96-mjscl,456,38
17:01:25,125u,frontend-56d4848657-kdp2g,196,40
17:01:25,125u,frontend-56d4848657-nmdlk,195,40
17:01:25,125u,frontend-56d4848657-sng5f,196,36
17:01:25,125u,paymentservice-8496df49b8-2fqnb,8,63
17:01:25,125u,paymentservice-8496df49b8-lktgk,8,60
17:01:25,125u,paymentservice-8496df49b8-tl6pp,9,60
17:01:25,125u,productcatalogservice-5f85bf894b-blwzq,119,28
17:01:25,125u,productcatalogservice-5f85bf894b-d9xgg,115,24
17:01:25,125u,productcatalogservice-5f85bf894b-gdkbb,112,25
17:01:25,125u,recommendationservice-7d7f9f7777-5lpf2,128,60
17:01:25,125u,recommendationservice-7d7f9f7777-s2tp8,125,60
17:01:25,125u,recommendationservice-7d7f9f7777-t9jvv,124,60
17:01:25,125u,redis-cart-c8ff86559-stdzn,15,11
17:01:25,125u,shippingservice-68d7cfb5f8-lxf2h,15,23
17:01:25,125u,shippingservice-68d7cfb5f8-mtt26,14,20
17:01:25,125u,shippingservice-68d7cfb5f8-x26bd,14,24
17:01:35,125u,adservice-6b57f598-9456d,39,249
17:01:35,125u,adservice-6b57f598-p6vkh,38,245
17:01:35,125u,adservice-6b57f598-rrz8r,40,244
17:01:35,125u,cartservice-5c9cb955f-4dbt9,100,137
17:01:35,125u,cartservice-5c9cb955f-9lj5d,85,135
17:01:35,125u,cartservice-5c9cb955f-rt5kp,79,142
17:01:35,125u,checkoutservice-6f4dbd65bf-dgbw9,20,25
17:01:35,125u,checkoutservice-6f4dbd65bf-kmlms,20,25
17:01:35,125u,checkoutservice-6f4dbd65bf-svwng,23,25
17:01:35,125u,currencyservice-85c6cd6dbb-8pc2d,200,75
17:01:35,125u,currencyservice-85c6cd6dbb-kfvch,200,81
17:01:35,125u,currencyservice-85c6cd6dbb-t74rc,200,77
17:01:35,125u,emailservice-58fdf4955b-lx9n2,6,59
17:01:35,125u,emailservice-58fdf4955b-q25zn,6,60
17:01:35,125u,emailservice-58fdf4955b-t69q8,6,59
17:01:35,125u,envoy-grpc-lb-648f879c96-mjscl,456,38
17:01:35,125u,frontend-56d4848657-kdp2g,196,40
17:01:35,125u,frontend-56d4848657-nmdlk,195,40
17:01:35,125u,frontend-56d4848657-sng5f,196,36
17:01:35,125u,paymentservice-8496df49b8-2fqnb,8,63
17:01:35,125u,paymentservice-8496df49b8-lktgk,8,60
17:01:35,125u,paymentservice-8496df49b8-tl6pp,9,60
17:01:35,125u,productcatalogservice-5f85bf894b-blwzq,119,28
17:01:35,125u,productcatalogservice-5f85bf894b-d9xgg,115,24
17:01:35,125u,productcatalogservice-5f85bf894b-gdkbb,112,25
17:01:35,125u,recommendationservice-7d7f9f7777-5lpf2,128,60
17:01:35,125u,recommendationservice-7d7f9f7777-s2tp8,125,60
17:01:35,125u,recommendationservice-7d7f9f7777-t9jvv,124,60
17:01:35,125u,redis-cart-c8ff86559-stdzn,15,11
17:01:35,125u,shippingservice-68d7cfb5f8-lxf2h,15,23
17:01:35,125u,shippingservice-68d7cfb5f8-mtt26,14,20
17:01:35,125u,shippingservice-68d7cfb5f8-x26bd,14,24
17:01:45,125u,adservice-6b57f598-9456d,38,249
17:01:45,125u,adservice-6b57f598-p6vkh,42,246
17:01:45,125u,adservice-6b57f598-rrz8r,39,244
17:01:45,125u,cartservice-5c9cb955f-4dbt9,85,137
17:01:45,125u,cartservice-5c9cb955f-9lj5d,84,135
17:01:45,125u,cartservice-5c9cb955f-rt5kp,95,142
17:01:45,125u,checkoutservice-6f4dbd65bf-dgbw9,21,25
17:01:45,125u,checkoutservice-6f4dbd65bf-kmlms,21,25
17:01:45,125u,checkoutservice-6f4dbd65bf-svwng,22,25
17:01:45,125u,currencyservice-85c6cd6dbb-8pc2d,200,75
17:01:45,125u,currencyservice-85c6cd6dbb-kfvch,200,81
17:01:45,125u,currencyservice-85c6cd6dbb-t74rc,199,76
17:01:45,125u,emailservice-58fdf4955b-lx9n2,6,59
17:01:45,125u,emailservice-58fdf4955b-q25zn,7,60
17:01:45,125u,emailservice-58fdf4955b-t69q8,6,59
17:01:45,125u,envoy-grpc-lb-648f879c96-mjscl,473,38
17:01:45,125u,frontend-56d4848657-kdp2g,195,41
17:01:45,125u,frontend-56d4848657-nmdlk,197,41
17:01:45,125u,frontend-56d4848657-sng5f,195,36
17:01:45,125u,paymentservice-8496df49b8-2fqnb,8,63
17:01:45,125u,paymentservice-8496df49b8-lktgk,7,61
17:01:45,125u,paymentservice-8496df49b8-tl6pp,8,61
17:01:45,125u,productcatalogservice-5f85bf894b-blwzq,115,28
17:01:45,125u,productcatalogservice-5f85bf894b-d9xgg,116,23
17:01:45,125u,productcatalogservice-5f85bf894b-gdkbb,117,25
17:01:45,125u,recommendationservice-7d7f9f7777-5lpf2,129,60
17:01:45,125u,recommendationservice-7d7f9f7777-s2tp8,128,60
17:01:45,125u,recommendationservice-7d7f9f7777-t9jvv,128,60
17:01:45,125u,redis-cart-c8ff86559-stdzn,16,11
17:01:45,125u,shippingservice-68d7cfb5f8-lxf2h,13,23
17:01:45,125u,shippingservice-68d7cfb5f8-mtt26,14,19
17:01:45,125u,shippingservice-68d7cfb5f8-x26bd,15,24
17:01:56,125u,adservice-6b57f598-9456d,38,249
17:01:56,125u,adservice-6b57f598-p6vkh,36,245
17:01:56,125u,adservice-6b57f598-rrz8r,39,244
17:01:56,125u,cartservice-5c9cb955f-4dbt9,96,137
17:01:56,125u,cartservice-5c9cb955f-9lj5d,85,136
17:01:56,125u,cartservice-5c9cb955f-rt5kp,67,142
17:01:56,125u,checkoutservice-6f4dbd65bf-dgbw9,22,25
17:01:56,125u,checkoutservice-6f4dbd65bf-kmlms,25,26
17:01:56,125u,checkoutservice-6f4dbd65bf-svwng,20,25
17:01:56,125u,currencyservice-85c6cd6dbb-8pc2d,201,77
17:01:56,125u,currencyservice-85c6cd6dbb-kfvch,201,81
17:01:56,125u,currencyservice-85c6cd6dbb-t74rc,190,77
17:01:56,125u,emailservice-58fdf4955b-lx9n2,7,59
17:01:56,125u,emailservice-58fdf4955b-q25zn,6,60
17:01:56,125u,emailservice-58fdf4955b-t69q8,7,59
17:01:56,125u,envoy-grpc-lb-648f879c96-mjscl,363,37
17:01:56,125u,frontend-56d4848657-kdp2g,140,41
17:01:56,125u,frontend-56d4848657-nmdlk,166,42
17:01:56,125u,frontend-56d4848657-sng5f,196,36
17:01:56,125u,paymentservice-8496df49b8-2fqnb,7,64
17:01:56,125u,paymentservice-8496df49b8-lktgk,9,61
17:01:56,125u,paymentservice-8496df49b8-tl6pp,8,61
17:01:56,125u,productcatalogservice-5f85bf894b-blwzq,118,28
17:01:56,125u,productcatalogservice-5f85bf894b-d9xgg,115,23
17:01:56,125u,productcatalogservice-5f85bf894b-gdkbb,114,25
17:01:56,125u,recommendationservice-7d7f9f7777-5lpf2,126,60
17:01:56,125u,recommendationservice-7d7f9f7777-s2tp8,128,60
17:01:56,125u,recommendationservice-7d7f9f7777-t9jvv,131,60
17:01:56,125u,redis-cart-c8ff86559-stdzn,17,11
17:01:56,125u,shippingservice-68d7cfb5f8-lxf2h,15,24
17:01:56,125u,shippingservice-68d7cfb5f8-mtt26,14,19
17:01:56,125u,shippingservice-68d7cfb5f8-x26bd,15,24
17:02:06,125u,adservice-6b57f598-9456d,38,249
17:02:06,125u,adservice-6b57f598-p6vkh,36,245
17:02:06,125u,adservice-6b57f598-rrz8r,39,244
17:02:06,125u,cartservice-5c9cb955f-4dbt9,96,137
17:02:06,125u,cartservice-5c9cb955f-9lj5d,85,136
17:02:06,125u,cartservice-5c9cb955f-rt5kp,67,142
17:02:06,125u,checkoutservice-6f4dbd65bf-dgbw9,22,25
17:02:06,125u,checkoutservice-6f4dbd65bf-kmlms,25,26
17:02:06,125u,checkoutservice-6f4dbd65bf-svwng,20,25
17:02:06,125u,currencyservice-85c6cd6dbb-8pc2d,201,77
17:02:06,125u,currencyservice-85c6cd6dbb-kfvch,201,81
17:02:06,125u,currencyservice-85c6cd6dbb-t74rc,190,77
17:02:06,125u,emailservice-58fdf4955b-lx9n2,7,59
17:02:06,125u,emailservice-58fdf4955b-q25zn,6,60
17:02:06,125u,emailservice-58fdf4955b-t69q8,7,59
17:02:06,125u,envoy-grpc-lb-648f879c96-mjscl,363,37
17:02:06,125u,frontend-56d4848657-kdp2g,140,41
17:02:06,125u,frontend-56d4848657-nmdlk,166,42
17:02:06,125u,frontend-56d4848657-sng5f,196,36
17:02:06,125u,paymentservice-8496df49b8-2fqnb,7,64
17:02:06,125u,paymentservice-8496df49b8-lktgk,9,61
17:02:06,125u,paymentservice-8496df49b8-tl6pp,8,61
17:02:06,125u,productcatalogservice-5f85bf894b-blwzq,118,28
17:02:06,125u,productcatalogservice-5f85bf894b-d9xgg,115,23
17:02:06,125u,productcatalogservice-5f85bf894b-gdkbb,114,25
17:02:06,125u,recommendationservice-7d7f9f7777-5lpf2,126,60
17:02:06,125u,recommendationservice-7d7f9f7777-s2tp8,128,60
17:02:06,125u,recommendationservice-7d7f9f7777-t9jvv,131,60
17:02:06,125u,redis-cart-c8ff86559-stdzn,17,11
17:02:06,125u,shippingservice-68d7cfb5f8-lxf2h,15,24
17:02:06,125u,shippingservice-68d7cfb5f8-mtt26,14,19
17:02:06,125u,shippingservice-68d7cfb5f8-x26bd,15,24
17:02:16,125u,adservice-6b57f598-9456d,6,249
17:02:16,125u,adservice-6b57f598-p6vkh,3,245
17:02:16,125u,adservice-6b57f598-rrz8r,5,244
17:02:16,125u,cartservice-5c9cb955f-4dbt9,49,137
17:02:16,125u,cartservice-5c9cb955f-9lj5d,24,136
17:02:16,125u,cartservice-5c9cb955f-rt5kp,3,142
17:02:16,125u,checkoutservice-6f4dbd65bf-dgbw9,11,25
17:02:16,125u,checkoutservice-6f4dbd65bf-kmlms,11,25
17:02:16,125u,checkoutservice-6f4dbd65bf-svwng,9,25
17:02:16,125u,currencyservice-85c6cd6dbb-8pc2d,39,77
17:02:16,125u,currencyservice-85c6cd6dbb-kfvch,17,81
17:02:16,125u,currencyservice-85c6cd6dbb-t74rc,1,77
17:02:16,125u,emailservice-58fdf4955b-lx9n2,4,59
17:02:16,125u,emailservice-58fdf4955b-q25zn,3,60
17:02:16,125u,emailservice-58fdf4955b-t69q8,5,59
17:02:16,125u,envoy-grpc-lb-648f879c96-mjscl,7,37
17:02:16,125u,frontend-56d4848657-kdp2g,1,41
17:02:16,125u,frontend-56d4848657-nmdlk,166,42
17:02:16,125u,frontend-56d4848657-sng5f,44,35
17:02:16,125u,paymentservice-8496df49b8-2fqnb,1,64
17:02:16,125u,paymentservice-8496df49b8-lktgk,2,61
17:02:16,125u,paymentservice-8496df49b8-tl6pp,2,61
17:02:16,125u,productcatalogservice-5f85bf894b-blwzq,14,28
17:02:16,125u,productcatalogservice-5f85bf894b-d9xgg,25,23
17:02:16,125u,productcatalogservice-5f85bf894b-gdkbb,43,25
17:02:16,125u,recommendationservice-7d7f9f7777-5lpf2,17,60
17:02:16,125u,recommendationservice-7d7f9f7777-s2tp8,68,60
17:02:16,125u,recommendationservice-7d7f9f7777-t9jvv,21,60
17:02:16,125u,redis-cart-c8ff86559-stdzn,7,11
17:02:16,125u,shippingservice-68d7cfb5f8-lxf2h,6,24
17:02:16,125u,shippingservice-68d7cfb5f8-mtt26,3,20
17:02:16,125u,shippingservice-68d7cfb5f8-x26bd,4,24
17:02:26,125u,adservice-6b57f598-9456d,3,249
17:02:26,125u,adservice-6b57f598-p6vkh,5,245
17:02:26,125u,adservice-6b57f598-rrz8r,4,244
17:02:26,125u,cartservice-5c9cb955f-4dbt9,3,137
17:02:26,125u,cartservice-5c9cb955f-9lj5d,3,136
17:02:26,125u,cartservice-5c9cb955f-rt5kp,3,142
17:02:26,125u,checkoutservice-6f4dbd65bf-dgbw9,1,25
17:02:26,125u,checkoutservice-6f4dbd65bf-kmlms,1,25
17:02:26,125u,checkoutservice-6f4dbd65bf-svwng,1,25
17:02:26,125u,currencyservice-85c6cd6dbb-8pc2d,2,77
17:02:26,125u,currencyservice-85c6cd6dbb-kfvch,2,81
17:02:26,125u,currencyservice-85c6cd6dbb-t74rc,2,77
17:02:26,125u,emailservice-58fdf4955b-lx9n2,3,59
17:02:26,125u,emailservice-58fdf4955b-q25zn,3,60
17:02:26,125u,emailservice-58fdf4955b-t69q8,3,59
17:02:26,125u,envoy-grpc-lb-648f879c96-mjscl,7,37
17:02:26,125u,frontend-56d4848657-kdp2g,1,41
17:02:26,125u,frontend-56d4848657-nmdlk,1,42
17:02:26,125u,frontend-56d4848657-sng5f,2,35
17:02:26,125u,paymentservice-8496df49b8-2fqnb,1,64
17:02:26,125u,paymentservice-8496df49b8-lktgk,2,61
17:02:26,125u,paymentservice-8496df49b8-tl6pp,1,61
17:02:26,125u,productcatalogservice-5f85bf894b-blwzq,1,28
17:02:26,125u,productcatalogservice-5f85bf894b-d9xgg,1,23
17:02:26,125u,productcatalogservice-5f85bf894b-gdkbb,1,25
17:02:26,125u,recommendationservice-7d7f9f7777-5lpf2,4,60
17:02:26,125u,recommendationservice-7d7f9f7777-s2tp8,4,60
17:02:26,125u,recommendationservice-7d7f9f7777-t9jvv,4,60
17:02:26,125u,redis-cart-c8ff86559-stdzn,3,11
17:02:26,125u,shippingservice-68d7cfb5f8-lxf2h,1,24
17:02:26,125u,shippingservice-68d7cfb5f8-mtt26,2,20
17:02:26,125u,shippingservice-68d7cfb5f8-x26bd,2,24
17:02:36,125u,adservice-6b57f598-9456d,3,249
17:02:36,125u,adservice-6b57f598-p6vkh,5,245
17:02:36,125u,adservice-6b57f598-rrz8r,4,244
17:02:36,125u,cartservice-5c9cb955f-4dbt9,3,137
17:02:36,125u,cartservice-5c9cb955f-9lj5d,3,136
17:02:36,125u,cartservice-5c9cb955f-rt5kp,3,142
17:02:36,125u,checkoutservice-6f4dbd65bf-dgbw9,1,25
17:02:36,125u,checkoutservice-6f4dbd65bf-kmlms,1,25
17:02:36,125u,checkoutservice-6f4dbd65bf-svwng,1,25
17:02:36,125u,currencyservice-85c6cd6dbb-8pc2d,2,77
17:02:36,125u,currencyservice-85c6cd6dbb-kfvch,2,81
17:02:36,125u,currencyservice-85c6cd6dbb-t74rc,2,77
17:02:36,125u,emailservice-58fdf4955b-lx9n2,3,59
17:02:36,125u,emailservice-58fdf4955b-q25zn,3,60
17:02:36,125u,emailservice-58fdf4955b-t69q8,3,59
17:02:36,125u,envoy-grpc-lb-648f879c96-mjscl,7,37
17:02:36,125u,frontend-56d4848657-kdp2g,1,41
17:02:36,125u,frontend-56d4848657-nmdlk,1,42
17:02:36,125u,frontend-56d4848657-sng5f,2,35
17:02:36,125u,paymentservice-8496df49b8-2fqnb,1,64
17:02:36,125u,paymentservice-8496df49b8-lktgk,2,61
17:02:36,125u,paymentservice-8496df49b8-tl6pp,1,61
17:02:36,125u,productcatalogservice-5f85bf894b-blwzq,1,28
17:02:36,125u,productcatalogservice-5f85bf894b-d9xgg,1,23
17:02:36,125u,productcatalogservice-5f85bf894b-gdkbb,1,25
17:02:36,125u,recommendationservice-7d7f9f7777-5lpf2,4,60
17:02:36,125u,recommendationservice-7d7f9f7777-s2tp8,4,60
17:02:36,125u,recommendationservice-7d7f9f7777-t9jvv,4,60
17:02:36,125u,redis-cart-c8ff86559-stdzn,3,11
17:02:36,125u,shippingservice-68d7cfb5f8-lxf2h,1,24
17:02:36,125u,shippingservice-68d7cfb5f8-mtt26,2,20
17:02:36,125u,shippingservice-68d7cfb5f8-x26bd,2,24
17:02:46,125u,adservice-6b57f598-9456d,3,249
17:02:46,125u,adservice-6b57f598-p6vkh,3,245
17:02:46,125u,adservice-6b57f598-rrz8r,3,244
17:02:46,125u,cartservice-5c9cb955f-4dbt9,3,137
17:02:46,125u,cartservice-5c9cb955f-9lj5d,3,136
17:02:46,125u,cartservice-5c9cb955f-rt5kp,3,142
17:02:46,125u,checkoutservice-6f4dbd65bf-dgbw9,1,26
17:02:46,125u,checkoutservice-6f4dbd65bf-kmlms,1,25
17:02:46,125u,checkoutservice-6f4dbd65bf-svwng,1,26
17:02:46,125u,currencyservice-85c6cd6dbb-8pc2d,1,77
17:02:46,125u,currencyservice-85c6cd6dbb-kfvch,2,80
17:02:46,125u,currencyservice-85c6cd6dbb-t74rc,1,77
17:02:46,125u,emailservice-58fdf4955b-lx9n2,3,59
17:02:46,125u,emailservice-58fdf4955b-q25zn,3,60
17:02:46,125u,emailservice-58fdf4955b-t69q8,3,59
17:02:46,125u,envoy-grpc-lb-648f879c96-mjscl,7,37
17:02:46,125u,frontend-56d4848657-kdp2g,1,41
17:02:46,125u,frontend-56d4848657-nmdlk,1,42
17:02:46,125u,frontend-56d4848657-sng5f,1,35
17:02:46,125u,paymentservice-8496df49b8-2fqnb,2,64
17:02:46,125u,paymentservice-8496df49b8-lktgk,2,61
17:02:46,125u,paymentservice-8496df49b8-tl6pp,1,60
17:02:46,125u,productcatalogservice-5f85bf894b-blwzq,1,28
17:02:46,125u,productcatalogservice-5f85bf894b-d9xgg,1,23
17:02:46,125u,productcatalogservice-5f85bf894b-gdkbb,1,25
17:02:46,125u,recommendationservice-7d7f9f7777-5lpf2,3,60
17:02:46,125u,recommendationservice-7d7f9f7777-s2tp8,4,60
17:02:46,125u,recommendationservice-7d7f9f7777-t9jvv,4,60
17:02:46,125u,redis-cart-c8ff86559-stdzn,4,11
17:02:46,125u,shippingservice-68d7cfb5f8-lxf2h,1,24
17:02:46,125u,shippingservice-68d7cfb5f8-mtt26,2,20
17:02:46,125u,shippingservice-68d7cfb5f8-x26bd,1,24
17:02:56,150u,adservice-6b57f598-9456d,4,249
17:02:56,150u,adservice-6b57f598-p6vkh,3,245
17:02:56,150u,adservice-6b57f598-rrz8r,3,244
17:02:56,150u,cartservice-5c9cb955f-4dbt9,3,137
17:02:56,150u,cartservice-5c9cb955f-9lj5d,3,136
17:02:56,150u,cartservice-5c9cb955f-rt5kp,3,142
17:02:56,150u,checkoutservice-6f4dbd65bf-dgbw9,1,26
17:02:56,150u,checkoutservice-6f4dbd65bf-kmlms,1,25
17:02:56,150u,checkoutservice-6f4dbd65bf-svwng,2,26
17:02:56,150u,currencyservice-85c6cd6dbb-8pc2d,4,75
17:02:56,150u,currencyservice-85c6cd6dbb-kfvch,2,80
17:02:56,150u,currencyservice-85c6cd6dbb-t74rc,1,77
17:02:56,150u,emailservice-58fdf4955b-lx9n2,3,59
17:02:56,150u,emailservice-58fdf4955b-q25zn,3,60
17:02:56,150u,emailservice-58fdf4955b-t69q8,3,59
17:02:56,150u,envoy-grpc-lb-648f879c96-mjscl,7,37
17:02:56,150u,frontend-56d4848657-kdp2g,2,38
17:02:56,150u,frontend-56d4848657-nmdlk,1,42
17:02:56,150u,frontend-56d4848657-sng5f,1,35
17:02:56,150u,paymentservice-8496df49b8-2fqnb,2,64
17:02:56,150u,paymentservice-8496df49b8-lktgk,1,61
17:02:56,150u,paymentservice-8496df49b8-tl6pp,1,61
17:02:56,150u,productcatalogservice-5f85bf894b-blwzq,1,28
17:02:56,150u,productcatalogservice-5f85bf894b-d9xgg,1,24
17:02:56,150u,productcatalogservice-5f85bf894b-gdkbb,1,25
17:02:56,150u,recommendationservice-7d7f9f7777-5lpf2,5,60
17:02:56,150u,recommendationservice-7d7f9f7777-s2tp8,4,60
17:02:56,150u,recommendationservice-7d7f9f7777-t9jvv,4,60
17:02:56,150u,redis-cart-c8ff86559-stdzn,4,11
17:02:56,150u,shippingservice-68d7cfb5f8-lxf2h,1,24
17:02:56,150u,shippingservice-68d7cfb5f8-mtt26,1,20
17:02:56,150u,shippingservice-68d7cfb5f8-x26bd,1,24
17:03:06,150u,adservice-6b57f598-9456d,4,249
17:03:06,150u,adservice-6b57f598-p6vkh,3,245
17:03:06,150u,adservice-6b57f598-rrz8r,3,244
17:03:06,150u,cartservice-5c9cb955f-4dbt9,3,137
17:03:06,150u,cartservice-5c9cb955f-9lj5d,3,136
17:03:06,150u,cartservice-5c9cb955f-rt5kp,3,142
17:03:06,150u,checkoutservice-6f4dbd65bf-dgbw9,1,26
17:03:06,150u,checkoutservice-6f4dbd65bf-kmlms,1,25
17:03:06,150u,checkoutservice-6f4dbd65bf-svwng,2,26
17:03:06,150u,currencyservice-85c6cd6dbb-8pc2d,4,75
17:03:06,150u,currencyservice-85c6cd6dbb-kfvch,2,80
17:03:06,150u,currencyservice-85c6cd6dbb-t74rc,1,77
17:03:06,150u,emailservice-58fdf4955b-lx9n2,3,59
17:03:06,150u,emailservice-58fdf4955b-q25zn,3,60
17:03:06,150u,emailservice-58fdf4955b-t69q8,3,59
17:03:06,150u,envoy-grpc-lb-648f879c96-mjscl,7,37
17:03:06,150u,frontend-56d4848657-kdp2g,2,38
17:03:06,150u,frontend-56d4848657-nmdlk,1,42
17:03:06,150u,frontend-56d4848657-sng5f,1,35
17:03:06,150u,paymentservice-8496df49b8-2fqnb,2,64
17:03:06,150u,paymentservice-8496df49b8-lktgk,1,61
17:03:06,150u,paymentservice-8496df49b8-tl6pp,1,61
17:03:06,150u,productcatalogservice-5f85bf894b-blwzq,1,28
17:03:06,150u,productcatalogservice-5f85bf894b-d9xgg,1,24
17:03:06,150u,productcatalogservice-5f85bf894b-gdkbb,1,25
17:03:06,150u,recommendationservice-7d7f9f7777-5lpf2,5,60
17:03:06,150u,recommendationservice-7d7f9f7777-s2tp8,4,60
17:03:06,150u,recommendationservice-7d7f9f7777-t9jvv,4,60
17:03:06,150u,redis-cart-c8ff86559-stdzn,4,11
17:03:06,150u,shippingservice-68d7cfb5f8-lxf2h,1,24
17:03:06,150u,shippingservice-68d7cfb5f8-mtt26,1,20
17:03:06,150u,shippingservice-68d7cfb5f8-x26bd,1,24
17:03:16,150u,adservice-6b57f598-9456d,8,249
17:03:16,150u,adservice-6b57f598-p6vkh,3,245
17:03:16,150u,adservice-6b57f598-rrz8r,8,244
17:03:16,150u,cartservice-5c9cb955f-4dbt9,26,137
17:03:16,150u,cartservice-5c9cb955f-9lj5d,6,135
17:03:16,150u,cartservice-5c9cb955f-rt5kp,15,142
17:03:16,150u,checkoutservice-6f4dbd65bf-dgbw9,1,25
17:03:16,150u,checkoutservice-6f4dbd65bf-kmlms,2,26
17:03:16,150u,checkoutservice-6f4dbd65bf-svwng,3,26
17:03:16,150u,currencyservice-85c6cd6dbb-8pc2d,63,77
17:03:16,150u,currencyservice-85c6cd6dbb-kfvch,45,81
17:03:16,150u,currencyservice-85c6cd6dbb-t74rc,12,77
17:03:16,150u,emailservice-58fdf4955b-lx9n2,3,59
17:03:16,150u,emailservice-58fdf4955b-q25zn,3,60
17:03:16,150u,emailservice-58fdf4955b-t69q8,2,59
17:03:16,150u,envoy-grpc-lb-648f879c96-mjscl,82,38
17:03:16,150u,frontend-56d4848657-kdp2g,67,39
17:03:16,150u,frontend-56d4848657-nmdlk,46,39
17:03:16,150u,frontend-56d4848657-sng5f,42,34
17:03:16,150u,paymentservice-8496df49b8-2fqnb,2,64
17:03:16,150u,paymentservice-8496df49b8-lktgk,2,61
17:03:16,150u,paymentservice-8496df49b8-tl6pp,1,61
17:03:16,150u,productcatalogservice-5f85bf894b-blwzq,20,28
17:03:16,150u,productcatalogservice-5f85bf894b-d9xgg,15,23
17:03:16,150u,productcatalogservice-5f85bf894b-gdkbb,11,24
17:03:16,150u,recommendationservice-7d7f9f7777-5lpf2,36,60
17:03:16,150u,recommendationservice-7d7f9f7777-s2tp8,11,60
17:03:16,150u,recommendationservice-7d7f9f7777-t9jvv,15,60
17:03:16,150u,redis-cart-c8ff86559-stdzn,5,11
17:03:16,150u,shippingservice-68d7cfb5f8-lxf2h,4,24
17:03:16,150u,shippingservice-68d7cfb5f8-mtt26,2,20
17:03:16,150u,shippingservice-68d7cfb5f8-x26bd,5,24
17:03:27,150u,adservice-6b57f598-9456d,19,249
17:03:27,150u,adservice-6b57f598-p6vkh,11,245
17:03:27,150u,adservice-6b57f598-rrz8r,16,244
17:03:27,150u,cartservice-5c9cb955f-4dbt9,64,137
17:03:27,150u,cartservice-5c9cb955f-9lj5d,51,135
17:03:27,150u,cartservice-5c9cb955f-rt5kp,49,143
17:03:27,150u,checkoutservice-6f4dbd65bf-dgbw9,7,25
17:03:27,150u,checkoutservice-6f4dbd65bf-kmlms,7,25
17:03:27,150u,checkoutservice-6f4dbd65bf-svwng,11,25
17:03:27,150u,currencyservice-85c6cd6dbb-8pc2d,137,77
17:03:27,150u,currencyservice-85c6cd6dbb-kfvch,136,81
17:03:27,150u,currencyservice-85c6cd6dbb-t74rc,118,78
17:03:27,150u,emailservice-58fdf4955b-lx9n2,3,59
17:03:27,150u,emailservice-58fdf4955b-q25zn,3,60
17:03:27,150u,emailservice-58fdf4955b-t69q8,4,59
17:03:27,150u,envoy-grpc-lb-648f879c96-mjscl,338,38
17:03:27,150u,frontend-56d4848657-kdp2g,143,38
17:03:27,150u,frontend-56d4848657-nmdlk,130,39
17:03:27,150u,frontend-56d4848657-sng5f,117,35
17:03:27,150u,paymentservice-8496df49b8-2fqnb,3,64
17:03:27,150u,paymentservice-8496df49b8-lktgk,5,61
17:03:27,150u,paymentservice-8496df49b8-tl6pp,4,61
17:03:27,150u,productcatalogservice-5f85bf894b-blwzq,73,28
17:03:27,150u,productcatalogservice-5f85bf894b-d9xgg,69,23
17:03:27,150u,productcatalogservice-5f85bf894b-gdkbb,55,24
17:03:27,150u,recommendationservice-7d7f9f7777-5lpf2,79,60
17:03:27,150u,recommendationservice-7d7f9f7777-s2tp8,42,60
17:03:27,150u,recommendationservice-7d7f9f7777-t9jvv,52,60
17:03:27,150u,redis-cart-c8ff86559-stdzn,11,11
17:03:27,150u,shippingservice-68d7cfb5f8-lxf2h,8,23
17:03:27,150u,shippingservice-68d7cfb5f8-mtt26,5,20
17:03:27,150u,shippingservice-68d7cfb5f8-x26bd,8,24
17:03:37,150u,adservice-6b57f598-9456d,19,249
17:03:37,150u,adservice-6b57f598-p6vkh,11,245
17:03:37,150u,adservice-6b57f598-rrz8r,16,244
17:03:37,150u,cartservice-5c9cb955f-4dbt9,64,137
17:03:37,150u,cartservice-5c9cb955f-9lj5d,51,135
17:03:37,150u,cartservice-5c9cb955f-rt5kp,49,143
17:03:37,150u,checkoutservice-6f4dbd65bf-dgbw9,7,25
17:03:37,150u,checkoutservice-6f4dbd65bf-kmlms,7,25
17:03:37,150u,checkoutservice-6f4dbd65bf-svwng,11,25
17:03:37,150u,currencyservice-85c6cd6dbb-8pc2d,137,77
17:03:37,150u,currencyservice-85c6cd6dbb-kfvch,136,81
17:03:37,150u,currencyservice-85c6cd6dbb-t74rc,118,78
17:03:37,150u,emailservice-58fdf4955b-lx9n2,3,59
17:03:37,150u,emailservice-58fdf4955b-q25zn,3,60
17:03:37,150u,emailservice-58fdf4955b-t69q8,4,59
17:03:37,150u,envoy-grpc-lb-648f879c96-mjscl,338,38
17:03:37,150u,frontend-56d4848657-kdp2g,143,38
17:03:37,150u,frontend-56d4848657-nmdlk,130,39
17:03:37,150u,frontend-56d4848657-sng5f,117,35
17:03:37,150u,paymentservice-8496df49b8-2fqnb,3,64
17:03:37,150u,paymentservice-8496df49b8-lktgk,5,61
17:03:37,150u,paymentservice-8496df49b8-tl6pp,4,61
17:03:37,150u,productcatalogservice-5f85bf894b-blwzq,73,28
17:03:37,150u,productcatalogservice-5f85bf894b-d9xgg,69,23
17:03:37,150u,productcatalogservice-5f85bf894b-gdkbb,55,24
17:03:37,150u,recommendationservice-7d7f9f7777-5lpf2,79,60
17:03:37,150u,recommendationservice-7d7f9f7777-s2tp8,42,60
17:03:37,150u,recommendationservice-7d7f9f7777-t9jvv,52,60
17:03:37,150u,redis-cart-c8ff86559-stdzn,11,11
17:03:37,150u,shippingservice-68d7cfb5f8-lxf2h,8,23
17:03:37,150u,shippingservice-68d7cfb5f8-mtt26,5,20
17:03:37,150u,shippingservice-68d7cfb5f8-x26bd,8,24
17:03:47,150u,adservice-6b57f598-9456d,11,249
17:03:47,150u,adservice-6b57f598-p6vkh,14,245
17:03:47,150u,adservice-6b57f598-rrz8r,14,244
17:03:47,150u,cartservice-5c9cb955f-4dbt9,31,137
17:03:47,150u,cartservice-5c9cb955f-9lj5d,51,135
17:03:47,150u,cartservice-5c9cb955f-rt5kp,29,143
17:03:47,150u,checkoutservice-6f4dbd65bf-dgbw9,7,25
17:03:47,150u,checkoutservice-6f4dbd65bf-kmlms,6,26
17:03:47,150u,checkoutservice-6f4dbd65bf-svwng,5,25
17:03:47,150u,currencyservice-85c6cd6dbb-8pc2d,100,78
17:03:47,150u,currencyservice-85c6cd6dbb-kfvch,86,81
17:03:47,150u,currencyservice-85c6cd6dbb-t74rc,118,78
17:03:47,150u,emailservice-58fdf4955b-lx9n2,3,59
17:03:47,150u,emailservice-58fdf4955b-q25zn,4,60
17:03:47,150u,emailservice-58fdf4955b-t69q8,4,59
17:03:47,150u,envoy-grpc-lb-648f879c96-mjscl,144,37
17:03:47,150u,frontend-56d4848657-kdp2g,70,38
17:03:47,150u,frontend-56d4848657-nmdlk,95,39
17:03:47,150u,frontend-56d4848657-sng5f,52,34
17:03:47,150u,paymentservice-8496df49b8-2fqnb,4,64
17:03:47,150u,paymentservice-8496df49b8-lktgk,3,61
17:03:47,150u,paymentservice-8496df49b8-tl6pp,3,61
17:03:47,150u,productcatalogservice-5f85bf894b-blwzq,39,27
17:03:47,150u,productcatalogservice-5f85bf894b-d9xgg,40,23
17:03:47,150u,productcatalogservice-5f85bf894b-gdkbb,55,24
17:03:47,150u,recommendationservice-7d7f9f7777-5lpf2,26,60
17:03:47,150u,recommendationservice-7d7f9f7777-s2tp8,43,60
17:03:47,150u,recommendationservice-7d7f9f7777-t9jvv,34,60
17:03:47,150u,redis-cart-c8ff86559-stdzn,11,11
17:03:47,150u,shippingservice-68d7cfb5f8-lxf2h,6,24
17:03:47,150u,shippingservice-68d7cfb5f8-mtt26,7,19
17:03:47,150u,shippingservice-68d7cfb5f8-x26bd,5,24
17:03:57,150u,adservice-6b57f598-9456d,17,249
17:03:57,150u,adservice-6b57f598-p6vkh,21,245
17:03:57,150u,adservice-6b57f598-rrz8r,19,244
17:03:57,150u,cartservice-5c9cb955f-4dbt9,31,137
17:03:57,150u,cartservice-5c9cb955f-9lj5d,55,136
17:03:57,150u,cartservice-5c9cb955f-rt5kp,64,144
17:03:57,150u,checkoutservice-6f4dbd65bf-dgbw9,9,25
17:03:57,150u,checkoutservice-6f4dbd65bf-kmlms,13,25
17:03:57,150u,checkoutservice-6f4dbd65bf-svwng,13,25
17:03:57,150u,currencyservice-85c6cd6dbb-8pc2d,157,78
17:03:57,150u,currencyservice-85c6cd6dbb-kfvch,174,82
17:03:57,150u,currencyservice-85c6cd6dbb-t74rc,92,77
17:03:57,150u,emailservice-58fdf4955b-lx9n2,4,59
17:03:57,150u,emailservice-58fdf4955b-q25zn,3,60
17:03:57,150u,emailservice-58fdf4955b-t69q8,5,59
17:03:57,150u,envoy-grpc-lb-648f879c96-mjscl,320,38
17:03:57,150u,frontend-56d4848657-kdp2g,156,39
17:03:57,150u,frontend-56d4848657-nmdlk,154,39
17:03:57,150u,frontend-56d4848657-sng5f,123,35
17:03:57,150u,paymentservice-8496df49b8-2fqnb,5,65
17:03:57,150u,paymentservice-8496df49b8-lktgk,5,61
17:03:57,150u,paymentservice-8496df49b8-tl6pp,5,62
17:03:57,150u,productcatalogservice-5f85bf894b-blwzq,76,28
17:03:57,150u,productcatalogservice-5f85bf894b-d9xgg,74,23
17:03:57,150u,productcatalogservice-5f85bf894b-gdkbb,52,24
17:03:57,150u,recommendationservice-7d7f9f7777-5lpf2,69,60
17:03:57,150u,recommendationservice-7d7f9f7777-s2tp8,57,60
17:03:57,150u,recommendationservice-7d7f9f7777-t9jvv,63,60
17:03:57,150u,redis-cart-c8ff86559-stdzn,7,11
17:03:57,150u,shippingservice-68d7cfb5f8-lxf2h,8,23
17:03:57,150u,shippingservice-68d7cfb5f8-mtt26,6,20
17:03:57,150u,shippingservice-68d7cfb5f8-x26bd,5,24
17:04:07,150u,adservice-6b57f598-9456d,17,249
17:04:07,150u,adservice-6b57f598-p6vkh,21,245
17:04:07,150u,adservice-6b57f598-rrz8r,19,244
17:04:07,150u,cartservice-5c9cb955f-4dbt9,31,137
17:04:07,150u,cartservice-5c9cb955f-9lj5d,55,136
17:04:07,150u,cartservice-5c9cb955f-rt5kp,64,144
17:04:07,150u,checkoutservice-6f4dbd65bf-dgbw9,9,25
17:04:07,150u,checkoutservice-6f4dbd65bf-kmlms,13,25
17:04:07,150u,checkoutservice-6f4dbd65bf-svwng,13,25
17:04:07,150u,currencyservice-85c6cd6dbb-8pc2d,157,78
17:04:07,150u,currencyservice-85c6cd6dbb-kfvch,174,82
17:04:07,150u,currencyservice-85c6cd6dbb-t74rc,92,77
17:04:07,150u,emailservice-58fdf4955b-lx9n2,4,59
17:04:07,150u,emailservice-58fdf4955b-q25zn,3,60
17:04:07,150u,emailservice-58fdf4955b-t69q8,5,59
17:04:07,150u,envoy-grpc-lb-648f879c96-mjscl,320,38
17:04:07,150u,frontend-56d4848657-kdp2g,156,39
17:04:07,150u,frontend-56d4848657-nmdlk,154,39
17:04:07,150u,frontend-56d4848657-sng5f,123,35
17:04:07,150u,paymentservice-8496df49b8-2fqnb,5,65
17:04:07,150u,paymentservice-8496df49b8-lktgk,5,61
17:04:07,150u,paymentservice-8496df49b8-tl6pp,5,62
17:04:07,150u,productcatalogservice-5f85bf894b-blwzq,76,28
17:04:07,150u,productcatalogservice-5f85bf894b-d9xgg,74,23
17:04:07,150u,productcatalogservice-5f85bf894b-gdkbb,52,24
17:04:07,150u,recommendationservice-7d7f9f7777-5lpf2,69,60
17:04:07,150u,recommendationservice-7d7f9f7777-s2tp8,57,60
17:04:07,150u,recommendationservice-7d7f9f7777-t9jvv,63,60
17:04:07,150u,redis-cart-c8ff86559-stdzn,7,11
17:04:07,150u,shippingservice-68d7cfb5f8-lxf2h,8,23
17:04:07,150u,shippingservice-68d7cfb5f8-mtt26,6,20
17:04:07,150u,shippingservice-68d7cfb5f8-x26bd,5,24
17:04:17,150u,adservice-6b57f598-9456d,30,249
17:04:17,150u,adservice-6b57f598-p6vkh,21,245
17:04:17,150u,adservice-6b57f598-rrz8r,30,244
17:04:17,150u,cartservice-5c9cb955f-4dbt9,88,138
17:04:17,150u,cartservice-5c9cb955f-9lj5d,55,136
17:04:17,150u,cartservice-5c9cb955f-rt5kp,76,143
17:04:17,150u,checkoutservice-6f4dbd65bf-dgbw9,9,25
17:04:17,150u,checkoutservice-6f4dbd65bf-kmlms,18,26
17:04:17,150u,checkoutservice-6f4dbd65bf-svwng,13,25
17:04:17,150u,currencyservice-85c6cd6dbb-8pc2d,198,78
17:04:17,150u,currencyservice-85c6cd6dbb-kfvch,200,82
17:04:17,150u,currencyservice-85c6cd6dbb-t74rc,189,78
17:04:17,150u,emailservice-58fdf4955b-lx9n2,5,59
17:04:17,150u,emailservice-58fdf4955b-q25zn,5,60
17:04:17,150u,emailservice-58fdf4955b-t69q8,7,59
17:04:17,150u,envoy-grpc-lb-648f879c96-mjscl,464,38
17:04:17,150u,frontend-56d4848657-kdp2g,194,40
17:04:17,150u,frontend-56d4848657-nmdlk,198,40
17:04:17,150u,frontend-56d4848657-sng5f,181,36
17:04:17,150u,paymentservice-8496df49b8-2fqnb,7,65
17:04:17,150u,paymentservice-8496df49b8-lktgk,7,61
17:04:17,150u,paymentservice-8496df49b8-tl6pp,5,62
17:04:17,150u,productcatalogservice-5f85bf894b-blwzq,115,28
17:04:17,150u,productcatalogservice-5f85bf894b-d9xgg,110,23
17:04:17,150u,productcatalogservice-5f85bf894b-gdkbb,101,25
17:04:17,150u,recommendationservice-7d7f9f7777-5lpf2,104,60
17:04:17,150u,recommendationservice-7d7f9f7777-s2tp8,103,60
17:04:17,150u,recommendationservice-7d7f9f7777-t9jvv,100,60
17:04:17,150u,redis-cart-c8ff86559-stdzn,13,11
17:04:17,150u,shippingservice-68d7cfb5f8-lxf2h,11,24
17:04:17,150u,shippingservice-68d7cfb5f8-mtt26,11,20
17:04:17,150u,shippingservice-68d7cfb5f8-x26bd,11,24
17:04:27,150u,adservice-6b57f598-9456d,37,249
17:04:27,150u,adservice-6b57f598-p6vkh,36,245
17:04:27,150u,adservice-6b57f598-rrz8r,35,244
17:04:27,150u,cartservice-5c9cb955f-4dbt9,107,138
17:04:27,150u,cartservice-5c9cb955f-9lj5d,80,136
17:04:27,150u,cartservice-5c9cb955f-rt5kp,85,143
17:04:27,150u,checkoutservice-6f4dbd65bf-dgbw9,19,25
17:04:27,150u,checkoutservice-6f4dbd65bf-kmlms,21,26
17:04:27,150u,checkoutservice-6f4dbd65bf-svwng,18,25
17:04:27,150u,currencyservice-85c6cd6dbb-8pc2d,200,78
17:04:27,150u,currencyservice-85c6cd6dbb-kfvch,200,82
17:04:27,150u,currencyservice-85c6cd6dbb-t74rc,200,78
17:04:27,150u,emailservice-58fdf4955b-lx9n2,6,59
17:04:27,150u,emailservice-58fdf4955b-q25zn,7,60
17:04:27,150u,emailservice-58fdf4955b-t69q8,7,59
17:04:27,150u,envoy-grpc-lb-648f879c96-mjscl,477,38
17:04:27,150u,frontend-56d4848657-kdp2g,196,40
17:04:27,150u,frontend-56d4848657-nmdlk,198,40
17:04:27,150u,frontend-56d4848657-sng5f,197,36
17:04:27,150u,paymentservice-8496df49b8-2fqnb,7,65
17:04:27,150u,paymentservice-8496df49b8-lktgk,7,61
17:04:27,150u,paymentservice-8496df49b8-tl6pp,7,61
17:04:27,150u,productcatalogservice-5f85bf894b-blwzq,115,28
17:04:27,150u,productcatalogservice-5f85bf894b-d9xgg,118,23
17:04:27,150u,productcatalogservice-5f85bf894b-gdkbb,117,24
17:04:27,150u,recommendationservice-7d7f9f7777-5lpf2,104,60
17:04:27,150u,recommendationservice-7d7f9f7777-s2tp8,118,60
17:04:27,150u,recommendationservice-7d7f9f7777-t9jvv,118,60
17:04:27,150u,redis-cart-c8ff86559-stdzn,16,11
17:04:27,150u,shippingservice-68d7cfb5f8-lxf2h,14,24
17:04:27,150u,shippingservice-68d7cfb5f8-mtt26,13,20
17:04:27,150u,shippingservice-68d7cfb5f8-x26bd,13,24
17:04:37,150u,adservice-6b57f598-9456d,37,249
17:04:37,150u,adservice-6b57f598-p6vkh,36,245
17:04:37,150u,adservice-6b57f598-rrz8r,35,244
17:04:37,150u,cartservice-5c9cb955f-4dbt9,107,138
17:04:37,150u,cartservice-5c9cb955f-9lj5d,80,136
17:04:37,150u,cartservice-5c9cb955f-rt5kp,85,143
17:04:37,150u,checkoutservice-6f4dbd65bf-dgbw9,19,25
17:04:37,150u,checkoutservice-6f4dbd65bf-kmlms,21,26
17:04:37,150u,checkoutservice-6f4dbd65bf-svwng,18,25
17:04:37,150u,currencyservice-85c6cd6dbb-8pc2d,200,78
17:04:37,150u,currencyservice-85c6cd6dbb-kfvch,200,82
17:04:37,150u,currencyservice-85c6cd6dbb-t74rc,200,78
17:04:37,150u,emailservice-58fdf4955b-lx9n2,6,59
17:04:37,150u,emailservice-58fdf4955b-q25zn,7,60
17:04:37,150u,emailservice-58fdf4955b-t69q8,7,59
17:04:37,150u,envoy-grpc-lb-648f879c96-mjscl,477,38
17:04:37,150u,frontend-56d4848657-kdp2g,196,40
17:04:37,150u,frontend-56d4848657-nmdlk,198,40
17:04:37,150u,frontend-56d4848657-sng5f,197,36
17:04:37,150u,paymentservice-8496df49b8-2fqnb,7,65
17:04:37,150u,paymentservice-8496df49b8-lktgk,7,61
17:04:37,150u,paymentservice-8496df49b8-tl6pp,7,61
17:04:37,150u,productcatalogservice-5f85bf894b-blwzq,115,28
17:04:37,150u,productcatalogservice-5f85bf894b-d9xgg,118,23
17:04:37,150u,productcatalogservice-5f85bf894b-gdkbb,117,24
17:04:37,150u,recommendationservice-7d7f9f7777-5lpf2,104,60
17:04:37,150u,recommendationservice-7d7f9f7777-s2tp8,118,60
17:04:37,150u,recommendationservice-7d7f9f7777-t9jvv,118,60
17:04:37,150u,redis-cart-c8ff86559-stdzn,16,11
17:04:37,150u,shippingservice-68d7cfb5f8-lxf2h,14,24
17:04:37,150u,shippingservice-68d7cfb5f8-mtt26,13,20
17:04:37,150u,shippingservice-68d7cfb5f8-x26bd,13,24
17:04:47,150u,adservice-6b57f598-9456d,38,249
17:04:47,150u,adservice-6b57f598-p6vkh,39,245
17:04:47,150u,adservice-6b57f598-rrz8r,40,244
17:04:47,150u,cartservice-5c9cb955f-4dbt9,118,138
17:04:47,150u,cartservice-5c9cb955f-9lj5d,82,136
17:04:47,150u,cartservice-5c9cb955f-rt5kp,84,143
17:04:47,150u,checkoutservice-6f4dbd65bf-dgbw9,23,25
17:04:47,150u,checkoutservice-6f4dbd65bf-kmlms,20,25
17:04:47,150u,checkoutservice-6f4dbd65bf-svwng,24,25
17:04:47,150u,currencyservice-85c6cd6dbb-8pc2d,200,78
17:04:47,150u,currencyservice-85c6cd6dbb-kfvch,200,82
17:04:47,150u,currencyservice-85c6cd6dbb-t74rc,200,78
17:04:47,150u,emailservice-58fdf4955b-lx9n2,7,59
17:04:47,150u,emailservice-58fdf4955b-q25zn,6,60
17:04:47,150u,emailservice-58fdf4955b-t69q8,8,59
17:04:47,150u,envoy-grpc-lb-648f879c96-mjscl,487,38
17:04:47,150u,frontend-56d4848657-kdp2g,196,40
17:04:47,150u,frontend-56d4848657-nmdlk,196,41
17:04:47,150u,frontend-56d4848657-sng5f,197,39
17:04:47,150u,paymentservice-8496df49b8-2fqnb,7,65
17:04:47,150u,paymentservice-8496df49b8-lktgk,7,62
17:04:47,150u,paymentservice-8496df49b8-tl6pp,9,61
17:04:47,150u,productcatalogservice-5f85bf894b-blwzq,120,28
17:04:47,150u,productcatalogservice-5f85bf894b-d9xgg,121,23
17:04:47,150u,productcatalogservice-5f85bf894b-gdkbb,122,25
17:04:47,150u,recommendationservice-7d7f9f7777-5lpf2,124,60
17:04:47,150u,recommendationservice-7d7f9f7777-s2tp8,133,60
17:04:47,150u,recommendationservice-7d7f9f7777-t9jvv,134,60
17:04:47,150u,redis-cart-c8ff86559-stdzn,17,11
17:04:47,150u,shippingservice-68d7cfb5f8-lxf2h,15,24
17:04:47,150u,shippingservice-68d7cfb5f8-mtt26,16,19
17:04:47,150u,shippingservice-68d7cfb5f8-x26bd,14,24
17:04:57,150u,adservice-6b57f598-9456d,43,249
17:04:57,150u,adservice-6b57f598-p6vkh,40,245
17:04:57,150u,adservice-6b57f598-rrz8r,43,244
17:04:57,150u,cartservice-5c9cb955f-4dbt9,114,138
17:04:57,150u,cartservice-5c9cb955f-9lj5d,98,136
17:04:57,150u,cartservice-5c9cb955f-rt5kp,93,143
17:04:57,150u,checkoutservice-6f4dbd65bf-dgbw9,22,26
17:04:57,150u,checkoutservice-6f4dbd65bf-kmlms,22,25
17:04:57,150u,checkoutservice-6f4dbd65bf-svwng,24,25
17:04:57,150u,currencyservice-85c6cd6dbb-8pc2d,200,78
17:04:57,150u,currencyservice-85c6cd6dbb-kfvch,200,82
17:04:57,150u,currencyservice-85c6cd6dbb-t74rc,200,79
17:04:57,150u,emailservice-58fdf4955b-lx9n2,7,59
17:04:57,150u,emailservice-58fdf4955b-q25zn,9,60
17:04:57,150u,emailservice-58fdf4955b-t69q8,7,59
17:04:57,150u,envoy-grpc-lb-648f879c96-mjscl,481,38
17:04:57,150u,frontend-56d4848657-kdp2g,196,40
17:04:57,150u,frontend-56d4848657-nmdlk,194,43
17:04:57,150u,frontend-56d4848657-sng5f,198,39
17:04:57,150u,paymentservice-8496df49b8-2fqnb,9,65
17:04:57,150u,paymentservice-8496df49b8-lktgk,9,61
17:04:57,150u,paymentservice-8496df49b8-tl6pp,9,61
17:04:57,150u,productcatalogservice-5f85bf894b-blwzq,122,28
17:04:57,150u,productcatalogservice-5f85bf894b-d9xgg,122,23
17:04:57,150u,productcatalogservice-5f85bf894b-gdkbb,123,24
17:04:57,150u,recommendationservice-7d7f9f7777-5lpf2,144,60
17:04:57,150u,recommendationservice-7d7f9f7777-s2tp8,133,60
17:04:57,150u,recommendationservice-7d7f9f7777-t9jvv,137,60
17:04:57,150u,redis-cart-c8ff86559-stdzn,17,11
17:04:57,150u,shippingservice-68d7cfb5f8-lxf2h,15,24
17:04:57,150u,shippingservice-68d7cfb5f8-mtt26,17,20
17:04:57,150u,shippingservice-68d7cfb5f8-x26bd,16,24
17:05:08,150u,adservice-6b57f598-9456d,43,249
17:05:08,150u,adservice-6b57f598-p6vkh,40,245
17:05:08,150u,adservice-6b57f598-rrz8r,43,244
17:05:08,150u,cartservice-5c9cb955f-4dbt9,114,138
17:05:08,150u,cartservice-5c9cb955f-9lj5d,98,136
17:05:08,150u,cartservice-5c9cb955f-rt5kp,93,143
17:05:08,150u,checkoutservice-6f4dbd65bf-dgbw9,22,26
17:05:08,150u,checkoutservice-6f4dbd65bf-kmlms,22,25
17:05:08,150u,checkoutservice-6f4dbd65bf-svwng,24,25
17:05:08,150u,currencyservice-85c6cd6dbb-8pc2d,200,78
17:05:08,150u,currencyservice-85c6cd6dbb-kfvch,200,82
17:05:08,150u,currencyservice-85c6cd6dbb-t74rc,200,79
17:05:08,150u,emailservice-58fdf4955b-lx9n2,7,59
17:05:08,150u,emailservice-58fdf4955b-q25zn,9,60
17:05:08,150u,emailservice-58fdf4955b-t69q8,7,59
17:05:08,150u,envoy-grpc-lb-648f879c96-mjscl,481,38
17:05:08,150u,frontend-56d4848657-kdp2g,196,40
17:05:08,150u,frontend-56d4848657-nmdlk,194,43
17:05:08,150u,frontend-56d4848657-sng5f,198,39
17:05:08,150u,paymentservice-8496df49b8-2fqnb,9,65
17:05:08,150u,paymentservice-8496df49b8-lktgk,9,61
17:05:08,150u,paymentservice-8496df49b8-tl6pp,9,61
17:05:08,150u,productcatalogservice-5f85bf894b-blwzq,122,28
17:05:08,150u,productcatalogservice-5f85bf894b-d9xgg,122,23
17:05:08,150u,productcatalogservice-5f85bf894b-gdkbb,123,24
17:05:08,150u,recommendationservice-7d7f9f7777-5lpf2,144,60
17:05:08,150u,recommendationservice-7d7f9f7777-s2tp8,133,60
17:05:08,150u,recommendationservice-7d7f9f7777-t9jvv,137,60
17:05:08,150u,redis-cart-c8ff86559-stdzn,17,11
17:05:08,150u,shippingservice-68d7cfb5f8-lxf2h,15,24
17:05:08,150u,shippingservice-68d7cfb5f8-mtt26,17,20
17:05:08,150u,shippingservice-68d7cfb5f8-x26bd,16,24
17:05:18,150u,adservice-6b57f598-9456d,40,249
17:05:18,150u,adservice-6b57f598-p6vkh,42,246
17:05:18,150u,adservice-6b57f598-rrz8r,42,244
17:05:18,150u,cartservice-5c9cb955f-4dbt9,114,138
17:05:18,150u,cartservice-5c9cb955f-9lj5d,101,136
17:05:18,150u,cartservice-5c9cb955f-rt5kp,105,143
17:05:18,150u,checkoutservice-6f4dbd65bf-dgbw9,22,26
17:05:18,150u,checkoutservice-6f4dbd65bf-kmlms,25,25
17:05:18,150u,checkoutservice-6f4dbd65bf-svwng,24,25
17:05:18,150u,currencyservice-85c6cd6dbb-8pc2d,200,78
17:05:18,150u,currencyservice-85c6cd6dbb-kfvch,200,84
17:05:18,150u,currencyservice-85c6cd6dbb-t74rc,200,78
17:05:18,150u,emailservice-58fdf4955b-lx9n2,8,59
17:05:18,150u,emailservice-58fdf4955b-q25zn,7,60
17:05:18,150u,emailservice-58fdf4955b-t69q8,8,59
17:05:18,150u,envoy-grpc-lb-648f879c96-mjscl,481,38
17:05:18,150u,frontend-56d4848657-kdp2g,195,41
17:05:18,150u,frontend-56d4848657-nmdlk,194,42
17:05:18,150u,frontend-56d4848657-sng5f,197,39
17:05:18,150u,paymentservice-8496df49b8-2fqnb,8,66
17:05:18,150u,paymentservice-8496df49b8-lktgk,8,61
17:05:18,150u,paymentservice-8496df49b8-tl6pp,10,61
17:05:18,150u,productcatalogservice-5f85bf894b-blwzq,121,28
17:05:18,150u,productcatalogservice-5f85bf894b-d9xgg,121,23
17:05:18,150u,productcatalogservice-5f85bf894b-gdkbb,122,24
17:05:18,150u,recommendationservice-7d7f9f7777-5lpf2,140,60
17:05:18,150u,recommendationservice-7d7f9f7777-s2tp8,138,60
17:05:18,150u,recommendationservice-7d7f9f7777-t9jvv,140,60
17:05:18,150u,redis-cart-c8ff86559-stdzn,18,11
17:05:18,150u,shippingservice-68d7cfb5f8-lxf2h,16,24
17:05:18,150u,shippingservice-68d7cfb5f8-mtt26,17,20
17:05:18,150u,shippingservice-68d7cfb5f8-x26bd,16,24
