/Users/edias/Library/Python/3.9/lib/python/site-packages/urllib3/__init__.py:35: NotOpenSSLWarning: urllib3 v2 only supports OpenSSL 1.1.1+, currently the 'ssl' module is compiled with 'LibreSSL 2.8.3'. See: https://github.com/urllib3/urllib3/issues/3020
  warnings.warn(
[2026-04-26 10:26:28,093] Mac/WARNING/locust.main: Python 3.9 support is deprecated and will be removed soon
Type     Name                                                                          # reqs      # fails |    Avg     Min     Max    Med |   req/s  failures/s
--------|----------------------------------------------------------------------------|-------|-------------|-------|-------|-------|-------|--------|-----------
--------|----------------------------------------------------------------------------|-------|-------------|-------|-------|-------|-------|--------|-----------
         Aggregated                                                                         0     0(0.00%) |      0       0       0      0 |    0.00        0.00

Type     Name                                                                          # reqs      # fails |    Avg     Min     Max    Med |   req/s  failures/s
--------|----------------------------------------------------------------------------|-------|-------------|-------|-------|-------|-------|--------|-----------
GET      /cart                                                                              6     0(0.00%) |     20      10      40     15 |    0.00        0.00
POST     /cart [add]                                                                        7     0(0.00%) |     23      15      40     19 |    0.00        0.00
POST     /cart/checkout                                                                     1     0(0.00%) |     36      36      36     36 |    0.00        0.00
GET      /product/[id]                                                                      9     0(0.00%) |     19      14      28     17 |    0.00        0.00
POST     /setCurrency                                                                       1     0(0.00%) |     34      34      34     34 |    0.00        0.00
--------|----------------------------------------------------------------------------|-------|-------------|-------|-------|-------|-------|--------|-----------
         Aggregated                                                                        24     0(0.00%) |     22      10      40     17 |    0.00        0.00

Type     Name                                                                          # reqs      # fails |    Avg     Min     Max    Med |   req/s  failures/s
--------|----------------------------------------------------------------------------|-------|-------------|-------|-------|-------|-------|--------|-----------
GET      /                                                                                  1     0(0.00%) |     14      14      14     14 |    0.00        0.00
GET      /cart                                                                             15     0(0.00%) |     54      10     562     16 |    2.50        0.00
POST     /cart [add]                                                                       16     0(0.00%) |     22      13      40     21 |    3.50        0.00
POST     /cart/checkout                                                                     7     0(0.00%) |    108      18     619     22 |    0.50        0.00
GET      /product/[id]                                                                     21     0(0.00%) |    124      12     594     19 |    4.00        0.00
POST     /setCurrency                                                                       4     0(0.00%) |    145      18     492     35 |    0.50        0.00
--------|----------------------------------------------------------------------------|-------|-------------|-------|-------|-------|-------|--------|-----------
         Aggregated                                                                        64     0(0.00%) |     80      10     619     19 |   11.00        0.00

Type     Name                                                                          # reqs      # fails |    Avg     Min     Max    Med |   req/s  failures/s
--------|----------------------------------------------------------------------------|-------|-------------|-------|-------|-------|-------|--------|-----------
GET      /                                                                                  2     0(0.00%) |     15      14      16     15 |    0.00        0.00
GET      /cart                                                                             25     0(0.00%) |    108       7     643     15 |    3.50        0.00
POST     /cart [add]                                                                       24     0(0.00%) |     72      12     643     19 |    3.75        0.00
POST     /cart/checkout                                                                     8     0(0.00%) |     97      18     619     21 |    1.75        0.00
GET      /product/[id]                                                                     51     0(0.00%) |    124       8     706     16 |    5.00        0.00
POST     /setCurrency                                                                       9     0(0.00%) |     75      17     492     22 |    1.00        0.00
--------|----------------------------------------------------------------------------|-------|-------------|-------|-------|-------|-------|--------|-----------
         Aggregated                                                                       119     0(0.00%) |    103       7     706     17 |   15.00        0.00

Type     Name                                                                          # reqs      # fails |    Avg     Min     Max    Med |   req/s  failures/s
--------|----------------------------------------------------------------------------|-------|-------------|-------|-------|-------|-------|--------|-----------
GET      /                                                                                  6     0(0.00%) |     43      14      94     25 |    0.33        0.00
GET      /cart                                                                             35     0(0.00%) |     85       7     643     15 |    4.00        0.00
POST     /cart [add]                                                                       39     0(0.00%) |     63      12     643     23 |    3.83        0.00
POST     /cart/checkout                                                                    15     0(0.00%) |     65      18     619     21 |    1.33        0.00
GET      /product/[id]                                                                     98     0(0.00%) |     80       8     706     17 |    8.00        0.00
POST     /setCurrency                                                                      23     0(0.00%) |     86      17     492     67 |    1.50        0.00
--------|----------------------------------------------------------------------------|-------|-------------|-------|-------|-------|-------|--------|-----------
         Aggregated                                                                       216     0(0.00%) |     76       7     706     20 |   19.00        0.00

Type     Name                                                                          # reqs      # fails |    Avg     Min     Max    Med |   req/s  failures/s
--------|----------------------------------------------------------------------------|-------|-------------|-------|-------|-------|-------|--------|-----------
GET      /                                                                                 12     0(0.00%) |     43      14     126     25 |    0.75        0.00
GET      /cart                                                                             48     0(0.00%) |     80       7     643     15 |    4.38        0.00
POST     /cart [add]                                                                       61     0(0.00%) |     55      12     643     21 |    4.75        0.00
POST     /cart/checkout                                                                    23     0(0.00%) |     57      16     619     21 |    1.88        0.00
GET      /product/[id]                                                                    162     0(0.00%) |     61       8     706     16 |   12.00        0.00
POST     /setCurrency                                                                      34     0(0.00%) |     94      17     492     40 |    2.88        0.00
--------|----------------------------------------------------------------------------|-------|-------------|-------|-------|-------|-------|--------|-----------
         Aggregated                                                                       340     0(0.00%) |     65       7     706     18 |   26.62        0.00

Type     Name                                                                          # reqs      # fails |    Avg     Min     Max    Med |   req/s  failures/s
--------|----------------------------------------------------------------------------|-------|-------------|-------|-------|-------|-------|--------|-----------
GET      /                                                                                 13     0(0.00%) |     45      14     126     30 |    1.00        0.00
GET      /cart                                                                             71     0(0.00%) |     59       7     643     15 |    4.70        0.00
POST     /cart [add]                                                                       86     0(0.00%) |     45      12     643     18 |    6.00        0.00
POST     /cart/checkout                                                                    35     0(0.00%) |     50      16     619     21 |    2.30        0.00
GET      /product/[id]                                                                    241     0(0.00%) |     48       8     706     15 |   15.70        0.00
POST     /setCurrency                                                                      53     0(0.00%) |     72      16     492     32 |    3.40        0.00
--------|----------------------------------------------------------------------------|-------|-------------|-------|-------|-------|-------|--------|-----------
         Aggregated                                                                       499     0(0.00%) |     52       7     706     18 |   33.10        0.00

Type     Name                                                                          # reqs      # fails |    Avg     Min     Max    Med |   req/s  failures/s
--------|----------------------------------------------------------------------------|-------|-------------|-------|-------|-------|-------|--------|-----------
GET      /                                                                                 18     0(0.00%) |     48      14     164     26 |    1.30        0.00
GET      /cart                                                                             84     0(0.00%) |     61       7     643     15 |    6.60        0.00
POST     /cart [add]                                                                      115     0(0.00%) |     50      12     643     21 |    7.80        0.00
POST     /cart/checkout                                                                    52     0(0.00%) |     50      16     619     23 |    3.40        0.00
GET      /product/[id]                                                                    329     0(0.00%) |     46       8     706     16 |   23.10        0.00
POST     /setCurrency                                                                      77     0(0.00%) |     74      16     492     45 |    5.10        0.00
--------|----------------------------------------------------------------------------|-------|-------------|-------|-------|-------|-------|--------|-----------
         Aggregated                                                                       675     0(0.00%) |     52       7     706     20 |   47.30        0.00

Type     Name                                                                          # reqs      # fails |    Avg     Min     Max    Med |   req/s  failures/s
--------|----------------------------------------------------------------------------|-------|-------------|-------|-------|-------|-------|--------|-----------
GET      /                                                                                 23     0(0.00%) |     49      14     164     30 |    1.80        0.00
GET      /cart                                                                            112     0(0.00%) |     52       7     643     15 |    7.00        0.00
POST     /cart [add]                                                                      155     0(0.00%) |     48      12     643     23 |    9.70        0.00
POST     /cart/checkout                                                                    66     0(0.00%) |     48      15     619     23 |    4.40        0.00
GET      /product/[id]                                                                    442     0(0.00%) |     42       7     706     17 |   30.40        0.00
POST     /setCurrency                                                                      92     0(0.00%) |     69      15     492     42 |    7.20        0.00
--------|----------------------------------------------------------------------------|-------|-------------|-------|-------|-------|-------|--------|-----------
         Aggregated                                                                       890     0(0.00%) |     48       7     706     20 |   60.50        0.00

Type     Name                                                                          # reqs      # fails |    Avg     Min     Max    Med |   req/s  failures/s
--------|----------------------------------------------------------------------------|-------|-------------|-------|-------|-------|-------|--------|-----------
GET      /                                                                                 25     0(0.00%) |     73      14     680     30 |    2.00        0.00
GET      /cart                                                                            117     0(0.00%) |     79       7    1052     15 |    7.70        0.00
POST     /cart [add]                                                                      155     0(0.00%) |     48      12     643     23 |   11.90        0.00
POST     /cart/checkout                                                                    67     0(0.00%) |     49      15     619     23 |    5.20        0.00
GET      /product/[id]                                                                    470     0(0.00%) |     87       7    1127     18 |   33.40        0.00
POST     /setCurrency                                                                      97     0(0.00%) |     94      15    1070     45 |    7.50        0.00
--------|----------------------------------------------------------------------------|-------|-------------|-------|-------|-------|-------|--------|-----------
         Aggregated                                                                       931     0(0.00%) |     77       7    1127     21 |   67.70        0.00

Type     Name                                                                          # reqs      # fails |    Avg     Min     Max    Med |   req/s  failures/s
--------|----------------------------------------------------------------------------|-------|-------------|-------|-------|-------|-------|--------|-----------
GET      /                                                                                 27     0(0.00%) |     94      14     680     41 |    1.90        0.00
GET      /cart                                                                            136     0(0.00%) |     97       7    1052     17 |    8.20        0.00
POST     /cart [add]                                                                      189     0(0.00%) |    103      12    1993     32 |   11.70        0.00
POST     /cart/checkout                                                                    80     0(0.00%) |     59      15     619     24 |    5.20        0.00
GET      /product/[id]                                                                    574     0(0.00%) |    103       7    1127     22 |   37.40        0.00
POST     /setCurrency                                                                     125     0(0.00%) |    122      15    1070     66 |    7.40        0.00
--------|----------------------------------------------------------------------------|-------|-------------|-------|-------|-------|-------|--------|-----------
         Aggregated                                                                      1131     0(0.00%) |    101       7    1993     26 |   71.80        0.00

Type     Name                                                                          # reqs      # fails |    Avg     Min     Max    Med |   req/s  failures/s
--------|----------------------------------------------------------------------------|-------|-------------|-------|-------|-------|-------|--------|-----------
GET      /                                                                                 33     0(0.00%) |    124      14     680     46 |    1.70        0.00
GET      /cart                                                                            159     0(0.00%) |    101       7    1052     20 |    8.80        0.00
POST     /cart [add]                                                                      232     0(0.00%) |    110      12    1993     41 |   12.70        0.00
POST     /cart/checkout                                                                    98     0(0.00%) |     64      15     619     36 |    5.60        0.00
GET      /product/[id]                                                                    678     0(0.00%) |    105       7    1127     29 |   41.70        0.00
POST     /setCurrency                                                                     152     0(0.00%) |    128      15    1070     73 |    9.10        0.00
--------|----------------------------------------------------------------------------|-------|-------------|-------|-------|-------|-------|--------|-----------
         Aggregated                                                                      1352     0(0.00%) |    105       7    1993     36 |   79.60        0.00

Type     Name                                                                          # reqs      # fails |    Avg     Min     Max    Med |   req/s  failures/s
--------|----------------------------------------------------------------------------|-------|-------------|-------|-------|-------|-------|--------|-----------
GET      /                                                                                 40     0(0.00%) |    133      14     680     55 |    2.00        0.00
GET      /cart                                                                            189     0(0.00%) |    107       7    1052     34 |    8.80        0.00
POST     /cart [add]                                                                      273     0(0.00%) |    116      12    1993     60 |   14.60        0.00
POST     /cart/checkout                                                                   113     0(0.00%) |     74      15     619     67 |    6.30        0.00
GET      /product/[id]                                                                    796     0(0.00%) |    107       7    1127     38 |   42.80        0.00
POST     /setCurrency                                                                     171     0(0.00%) |    126      15    1070     79 |    9.70        0.00
--------|----------------------------------------------------------------------------|-------|-------------|-------|-------|-------|-------|--------|-----------
         Aggregated                                                                      1582     0(0.00%) |    109       7    1993     48 |   84.20        0.00

Type     Name                                                                          # reqs      # fails |    Avg     Min     Max    Med |   req/s  failures/s
--------|----------------------------------------------------------------------------|-------|-------------|-------|-------|-------|-------|--------|-----------
GET      /                                                                                 47     0(0.00%) |    130      14     680     60 |    2.00        0.00
GET      /cart                                                                            224     0(0.00%) |    114       7    1052     61 |   10.40        0.00
POST     /cart [add]                                                                      314     0(0.00%) |    124      12    1993     77 |   15.80        0.00
POST     /cart/checkout                                                                   125     0(0.00%) |     79      15     619     76 |    5.90        0.00
GET      /product/[id]                                                                    925     0(0.00%) |    109       7    1127     50 |   46.40        0.00
POST     /setCurrency                                                                     194     0(0.00%) |    123      15    1070     80 |    9.40        0.00
--------|----------------------------------------------------------------------------|-------|-------------|-------|-------|-------|-------|--------|-----------
         Aggregated                                                                      1829     0(0.00%) |    112       7    1993     61 |   89.90        0.00

Type     Name                                                                          # reqs      # fails |    Avg     Min     Max    Med |   req/s  failures/s
--------|----------------------------------------------------------------------------|-------|-------------|-------|-------|-------|-------|--------|-----------
GET      /                                                                                 54     0(0.00%) |    128      14     680     68 |    2.30        0.00
GET      /cart                                                                            260     0(0.00%) |    125       7    1052     70 |   11.00        0.00
POST     /cart [add]                                                                      358     0(0.00%) |    137      12    1993     90 |   16.10        0.00
POST     /cart/checkout                                                                   141     0(0.00%) |     95      15     619     80 |    6.20        0.00
GET      /product/[id]                                                                   1037     0(0.00%) |    114       7    1127     56 |   47.90        0.00
POST     /setCurrency                                                                     215     0(0.00%) |    131      15    1070     92 |   10.20        0.00
--------|----------------------------------------------------------------------------|-------|-------------|-------|-------|-------|-------|--------|-----------
         Aggregated                                                                      2065     0(0.00%) |    120       7    1993     69 |   93.70        0.00

Type     Name                                                                          # reqs      # fails |    Avg     Min     Max    Med |   req/s  failures/s
--------|----------------------------------------------------------------------------|-------|-------------|-------|-------|-------|-------|--------|-----------
GET      /                                                                                 58     0(0.00%) |    128      14     680     69 |    2.80        0.00
GET      /cart                                                                            295     0(0.00%) |    129       7    1052     79 |   13.60        0.00
POST     /cart [add]                                                                      404     0(0.00%) |    142      12    1993     96 |   19.50        0.00
POST     /cart/checkout                                                                   157     0(0.00%) |    103      15     619     84 |    7.40        0.00
GET      /product/[id]                                                                   1163     0(0.00%) |    119       7    1127     62 |   55.40        0.00
POST     /setCurrency                                                                     248     0(0.00%) |    130      15    1070     97 |   11.40        0.00
--------|----------------------------------------------------------------------------|-------|-------------|-------|-------|-------|-------|--------|-----------
         Aggregated                                                                      2325     0(0.00%) |    125       7    1993     76 |  110.10        0.00

Type     Name                                                                          # reqs      # fails |    Avg     Min     Max    Med |   req/s  failures/s
--------|----------------------------------------------------------------------------|-------|-------------|-------|-------|-------|-------|--------|-----------
GET      /                                                                                 67     0(0.00%) |    124      14     680     72 |    3.00        0.00
GET      /cart                                                                            323     0(0.00%) |    135       7    1052     89 |   15.90        0.00
POST     /cart [add]                                                                      444     0(0.00%) |    149      12    1993    110 |   21.20        0.00
POST     /cart/checkout                                                                   178     0(0.00%) |    111      15     619     88 |    7.80        0.00
GET      /product/[id]                                                                   1299     0(0.00%) |    129       7    1127     72 |   58.30        0.00
POST     /setCurrency                                                                     277     0(0.00%) |    128      15    1070     99 |   12.30        0.00
--------|----------------------------------------------------------------------------|-------|-------------|-------|-------|-------|-------|--------|-----------
         Aggregated                                                                      2588     0(0.00%) |    132       7    1993     85 |  118.50        0.00

Type     Name                                                                          # reqs      # fails |    Avg     Min     Max    Med |   req/s  failures/s
--------|----------------------------------------------------------------------------|-------|-------------|-------|-------|-------|-------|--------|-----------
GET      /                                                                                 80     0(0.00%) |    127      14     680     89 |    3.30        0.00
GET      /cart                                                                            364     0(0.00%) |    149       7    1052     97 |   16.20        0.00
POST     /cart [add]                                                                      489     0(0.00%) |    166      12    1993    110 |   21.10        0.00
POST     /cart/checkout                                                                   194     0(0.00%) |    125      15     619     93 |    7.80        0.00
GET      /product/[id]                                                                   1411     0(0.00%) |    138       7    1127     79 |   62.60        0.00
POST     /setCurrency                                                                     288     0(0.00%) |    129      15    1070    100 |   12.50        0.00
--------|----------------------------------------------------------------------------|-------|-------------|-------|-------|-------|-------|--------|-----------
         Aggregated                                                                      2826     0(0.00%) |    142       7    1993     91 |  123.50        0.00

Type     Name                                                                          # reqs      # fails |    Avg     Min     Max    Med |   req/s  failures/s
--------|----------------------------------------------------------------------------|-------|-------------|-------|-------|-------|-------|--------|-----------
GET      /                                                                                 93     0(0.00%) |    127      14     680     93 |    4.20        0.00
GET      /cart                                                                            411     0(0.00%) |    155       7    1052    110 |   17.10        0.00
POST     /cart [add]                                                                      525     0(0.00%) |    173      12    1993    130 |   20.90        0.00
POST     /cart/checkout                                                                   206     0(0.00%) |    132      15     619     94 |    8.20        0.00
GET      /product/[id]                                                                   1551     0(0.00%) |    146       7    1127     86 |   61.40        0.00
POST     /setCurrency                                                                     314     0(0.00%) |    136      15    1070    100 |   11.80        0.00
--------|----------------------------------------------------------------------------|-------|-------------|-------|-------|-------|-------|--------|-----------
         Aggregated                                                                      3100     0(0.00%) |    149       7    1993     95 |  123.60        0.00

Type     Name                                                                          # reqs      # fails |    Avg     Min     Max    Med |   req/s  failures/s
--------|----------------------------------------------------------------------------|-------|-------------|-------|-------|-------|-------|--------|-----------
GET      /                                                                                102     0(0.00%) |    123      14     680     93 |    4.60        0.00
GET      /cart                                                                            447     0(0.00%) |    163       7    1052    120 |   18.50        0.00
POST     /cart [add]                                                                      574     0(0.00%) |    184      12    1993    140 |   21.00        0.00
POST     /cart/checkout                                                                   226     0(0.00%) |    148      15     619     97 |    8.10        0.00
GET      /product/[id]                                                                   1690     0(0.00%) |    155       7    1127     90 |   63.00        0.00
POST     /setCurrency                                                                     333     0(0.00%) |    134      15    1070    100 |   12.00        0.00
--------|----------------------------------------------------------------------------|-------|-------------|-------|-------|-------|-------|--------|-----------
         Aggregated                                                                      3372     0(0.00%) |    157       7    1993    100 |  127.20        0.00

Type     Name                                                                          # reqs      # fails |    Avg     Min     Max    Med |   req/s  failures/s
--------|----------------------------------------------------------------------------|-------|-------------|-------|-------|-------|-------|--------|-----------
GET      /                                                                                115     0(0.00%) |    138      14     680    110 |    4.80        0.00
GET      /cart                                                                            482     0(0.00%) |    176       7    1052    130 |   19.20        0.00
POST     /cart [add]                                                                      615     0(0.00%) |    200      12    1993    150 |   22.40        0.00
POST     /cart/checkout                                                                   237     0(0.00%) |    153      15     807     97 |    8.40        0.00
GET      /product/[id]                                                                   1822     0(0.00%) |    167       7    1127     96 |   65.50        0.00
POST     /setCurrency                                                                     359     0(0.00%) |    138      15    1070    110 |   12.10        0.00
--------|----------------------------------------------------------------------------|-------|-------------|-------|-------|-------|-------|--------|-----------
         Aggregated                                                                      3630     0(0.00%) |    169       7    1993    110 |  132.40        0.00

Type     Name                                                                          # reqs      # fails |    Avg     Min     Max    Med |   req/s  failures/s
--------|----------------------------------------------------------------------------|-------|-------------|-------|-------|-------|-------|--------|-----------
GET      /                                                                                123     0(0.00%) |    137      14     680    100 |    5.70        0.00
GET      /cart                                                                            527     0(0.00%) |    181       7    1052    130 |   18.20        0.00
POST     /cart [add]                                                                      665     0(0.00%) |    205      12    1993    150 |   21.40        0.00
POST     /cart/checkout                                                                   250     0(0.00%) |    156      15     807     97 |    7.90        0.00
GET      /product/[id]                                                                   1981     0(0.00%) |    178       7    1127    100 |   65.50        0.00
POST     /setCurrency                                                                     379     0(0.00%) |    137      15    1070    110 |   10.80        0.00
--------|----------------------------------------------------------------------------|-------|-------------|-------|-------|-------|-------|--------|-----------
         Aggregated                                                                      3925     0(0.00%) |    176       7    1993    110 |  129.50        0.00

Type     Name                                                                          # reqs      # fails |    Avg     Min     Max    Med |   req/s  failures/s
--------|----------------------------------------------------------------------------|-------|-------------|-------|-------|-------|-------|--------|-----------
GET      /                                                                                129     0(0.00%) |    139      14     680    110 |    5.60        0.00
GET      /cart                                                                            560     0(0.00%) |    191       7    1052    130 |   20.30        0.00
POST     /cart [add]                                                                      705     0(0.00%) |    213      12    1993    150 |   21.90        0.00
POST     /cart/checkout                                                                   265     0(0.00%) |    164      15     807     97 |    7.30        0.00
GET      /product/[id]                                                                   2135     0(0.00%) |    188       7    1127    110 |   67.80        0.00
POST     /setCurrency                                                                     403     0(0.00%) |    139      15    1070    110 |   10.20        0.00
--------|----------------------------------------------------------------------------|-------|-------------|-------|-------|-------|-------|--------|-----------
         Aggregated                                                                      4197     0(0.00%) |    185       7    1993    110 |  133.10        0.00

Type     Name                                                                          # reqs      # fails |    Avg     Min     Max    Med |   req/s  failures/s
--------|----------------------------------------------------------------------------|-------|-------------|-------|-------|-------|-------|--------|-----------
GET      /                                                                                134     0(0.00%) |    144      14     680    110 |    4.90        0.00
GET      /cart                                                                            596     0(0.00%) |    203       7    1052    150 |   20.00        0.00
POST     /cart [add]                                                                      757     0(0.00%) |    225      12    1993    160 |   22.30        0.00
POST     /cart/checkout                                                                   285     0(0.00%) |    171      15     823     98 |    7.20        0.00
GET      /product/[id]                                                                   2271     0(0.00%) |    199       7    1127    110 |   72.00        0.00
POST     /setCurrency                                                                     436     0(0.00%) |    149      15    1070    110 |   11.50        0.00
--------|----------------------------------------------------------------------------|-------|-------------|-------|-------|-------|-------|--------|-----------
         Aggregated                                                                      4479     0(0.00%) |    196       7    1993    120 |  137.90        0.00

Type     Name                                                                          # reqs      # fails |    Avg     Min     Max    Med |   req/s  failures/s
--------|----------------------------------------------------------------------------|-------|-------------|-------|-------|-------|-------|--------|-----------
GET      /                                                                                139     0(0.00%) |    158      14     833    110 |    4.20        0.00
GET      /cart                                                                            623     0(0.00%) |    213       7    1052    150 |   18.70        0.00
POST     /cart [add]                                                                      791     0(0.00%) |    237      12    1993    160 |   23.40        0.00
POST     /cart/checkout                                                                   294     0(0.00%) |    188      15    1466     98 |    7.90        0.00
GET      /product/[id]                                                                   2404     0(0.00%) |    217       7    1256    120 |   71.60        0.00
POST     /setCurrency                                                                     457     0(0.00%) |    155      15    1070    110 |   11.80        0.00
--------|----------------------------------------------------------------------------|-------|-------------|-------|-------|-------|-------|--------|-----------
         Aggregated                                                                      4708     0(0.00%) |    210       7    1993    130 |  137.60        0.00

Type     Name                                                                          # reqs      # fails |    Avg     Min     Max    Med |   req/s  failures/s
--------|----------------------------------------------------------------------------|-------|-------------|-------|-------|-------|-------|--------|-----------
GET      /                                                                                147     0(0.00%) |    170      14     833    110 |    3.80        0.00
GET      /cart                                                                            651     0(0.00%) |    224       7    1052    150 |   17.70        0.00
POST     /cart [add]                                                                      827     0(0.00%) |    248      12    1993    170 |   21.50        0.00
POST     /cart/checkout                                                                   308     0(0.00%) |    202      15    1466    100 |    6.60        0.00
GET      /product/[id]                                                                   2565     0(0.00%) |    228       7    1256    130 |   71.10        0.00
POST     /setCurrency                                                                     492     0(0.00%) |    172      15    1070    120 |   12.20        0.00
--------|----------------------------------------------------------------------------|-------|-------------|-------|-------|-------|-------|--------|-----------
         Aggregated                                                                      4990     0(0.00%) |    222       7    1993    140 |  132.90        0.00

Type     Name                                                                          # reqs      # fails |    Avg     Min     Max    Med |   req/s  failures/s
--------|----------------------------------------------------------------------------|-------|-------------|-------|-------|-------|-------|--------|-----------
GET      /                                                                                154     0(0.00%) |    171      14     833    110 |    3.30        0.00
GET      /cart                                                                            687     0(0.00%) |    233       7    1052    160 |   17.40        0.00
POST     /cart [add]                                                                      876     0(0.00%) |    257      12    1993    180 |   21.10        0.00
POST     /cart/checkout                                                                   320     0(0.00%) |    209      15    1466    100 |    7.00        0.00
GET      /product/[id]                                                                   2706     0(0.00%) |    237       7    1256    140 |   73.40        0.00
POST     /setCurrency                                                                     517     0(0.00%) |    172      15    1070    120 |   13.40        0.00
--------|----------------------------------------------------------------------------|-------|-------------|-------|-------|-------|-------|--------|-----------
         Aggregated                                                                      5260     0(0.00%) |    230       7    1993    140 |  135.60        0.00

Type     Name                                                                          # reqs      # fails |    Avg     Min     Max    Med |   req/s  failures/s
--------|----------------------------------------------------------------------------|-------|-------------|-------|-------|-------|-------|--------|-----------
GET      /                                                                                170     0(0.00%) |    188      14    1243    120 |    3.20        0.00
GET      /cart                                                                            727     0(0.00%) |    244       7    1101    160 |   16.20        0.00
POST     /cart [add]                                                                      920     0(0.00%) |    277      12    1993    190 |   21.40        0.00
POST     /cart/checkout                                                                   338     0(0.00%) |    231      15    1706    100 |    7.10        0.00
GET      /product/[id]                                                                   2830     0(0.00%) |    251       7    1369    150 |   73.30        0.00
POST     /setCurrency                                                                     550     0(0.00%) |    182      15    1105    130 |   14.10        0.00
--------|----------------------------------------------------------------------------|-------|-------------|-------|-------|-------|-------|--------|-----------
         Aggregated                                                                      5535     0(0.00%) |    244       7    1993    150 |  135.30        0.00

Type     Name                                                                          # reqs      # fails |    Avg     Min     Max    Med |   req/s  failures/s
--------|----------------------------------------------------------------------------|-------|-------------|-------|-------|-------|-------|--------|-----------
GET      /                                                                                179     0(0.00%) |    185      14    1243    130 |    4.00        0.00
GET      /cart                                                                            770     0(0.00%) |    263       7    1101    170 |   16.30        0.00
POST     /cart [add]                                                                      966     0(0.00%) |    286      12    1993    190 |   21.20        0.00
POST     /cart/checkout                                                                   352     0(0.00%) |    236      15    1706    100 |    7.40        0.00
GET      /product/[id]                                                                   2985     0(0.00%) |    262       7    1369    160 |   69.90        0.00
POST     /setCurrency                                                                     575     0(0.00%) |    182      15    1105    130 |   14.00        0.00
--------|----------------------------------------------------------------------------|-------|-------------|-------|-------|-------|-------|--------|-----------
         Aggregated                                                                      5827     0(0.00%) |    254       7    1993    160 |  132.80        0.00

Type     Name                                                                          # reqs      # fails |    Avg     Min     Max    Med |   req/s  failures/s
--------|----------------------------------------------------------------------------|-------|-------------|-------|-------|-------|-------|--------|-----------
GET      /                                                                                192     0(0.00%) |    206      14    1243    130 |    4.50        0.00
GET      /cart                                                                            796     0(0.00%) |    269       7    1101    180 |   17.20        0.00
POST     /cart [add]                                                                      995     0(0.00%) |    304      12    1993    200 |   20.60        0.00
POST     /cart/checkout                                                                   364     0(0.00%) |    255      15    1799    100 |    6.70        0.00
GET      /product/[id]                                                                   3118     0(0.00%) |    276       7    1398    170 |   71.30        0.00
POST     /setCurrency                                                                     604     0(0.00%) |    198      15    1241    140 |   14.40        0.00
--------|----------------------------------------------------------------------------|-------|-------------|-------|-------|-------|-------|--------|-----------
         Aggregated                                                                      6069     0(0.00%) |    268       7    1993    170 |  134.70        0.00

Type     Name                                                                          # reqs      # fails |    Avg     Min     Max    Med |   req/s  failures/s
--------|----------------------------------------------------------------------------|-------|-------------|-------|-------|-------|-------|--------|-----------
GET      /                                                                                205     0(0.00%) |    209      14    1243    140 |    5.30        0.00
GET      /cart                                                                            830     0(0.00%) |    279       7    1138    180 |   17.40        0.00
POST     /cart [add]                                                                     1048     0(0.00%) |    319      12    1993    210 |   20.30        0.00
POST     /cart/checkout                                                                   378     0(0.00%) |    263      15    1799    100 |    7.30        0.00
GET      /product/[id]                                                                   3257     0(0.00%) |    288       7    1398    180 |   71.80        0.00
POST     /setCurrency                                                                     639     0(0.00%) |    203      15    1241    150 |   15.00        0.00
--------|----------------------------------------------------------------------------|-------|-------------|-------|-------|-------|-------|--------|-----------
         Aggregated                                                                      6357     0(0.00%) |    280       7    1993    170 |  137.10        0.00

Type     Name                                                                          # reqs      # fails |    Avg     Min     Max    Med |   req/s  failures/s
--------|----------------------------------------------------------------------------|-------|-------------|-------|-------|-------|-------|--------|-----------
GET      /                                                                                216     0(0.00%) |    207      14    1243    140 |    5.60        0.00
GET      /cart                                                                            870     0(0.00%) |    294       7    1138    190 |   17.70        0.00
POST     /cart [add]                                                                     1099     0(0.00%) |    330      12    1993    230 |   21.70        0.00
POST     /cart/checkout                                                                   394     0(0.00%) |    270      15    1799    110 |    7.20        0.00
GET      /product/[id]                                                                   3406     0(0.00%) |    300       7    1398    190 |   69.60        0.00
POST     /setCurrency                                                                     670     0(0.00%) |    202      15    1241    150 |   14.40        0.00
--------|----------------------------------------------------------------------------|-------|-------------|-------|-------|-------|-------|--------|-----------
         Aggregated                                                                      6655     0(0.00%) |    290       7    1993    180 |  136.20        0.00

Type     Name                                                                          # reqs      # fails |    Avg     Min     Max    Med |   req/s  failures/s
--------|----------------------------------------------------------------------------|-------|-------------|-------|-------|-------|-------|--------|-----------
GET      /                                                                                223     0(0.00%) |    204      14    1243    140 |    6.00        0.00
GET      /cart                                                                            900     0(0.00%) |    305       7    1184    200 |   17.90        0.00
POST     /cart [add]                                                                     1138     0(0.00%) |    340      12    1993    230 |   21.80        0.00
POST     /cart/checkout                                                                   412     0(0.00%) |    285      15    1799    120 |    7.30        0.00
GET      /product/[id]                                                                   3565     0(0.00%) |    313       7    1398    210 |   68.70        0.00
POST     /setCurrency                                                                     693     0(0.00%) |    201      15    1241    150 |   14.80        0.00
--------|----------------------------------------------------------------------------|-------|-------------|-------|-------|-------|-------|--------|-----------
         Aggregated                                                                      6931     0(0.00%) |    300       7    1993    190 |  136.50        0.00

Type     Name                                                                          # reqs      # fails |    Avg     Min     Max    Med |   req/s  failures/s
--------|----------------------------------------------------------------------------|-------|-------------|-------|-------|-------|-------|--------|-----------
GET      /                                                                                239     0(0.00%) |    223      14    1243    150 |    5.40        0.00
GET      /cart                                                                            936     0(0.00%) |    318       7    1432    210 |   17.80        0.00
POST     /cart [add]                                                                     1178     0(0.00%) |    352      12    1993    240 |   22.40        0.00
POST     /cart/checkout                                                                   430     0(0.00%) |    302      15    1799    150 |    7.40        0.00
GET      /product/[id]                                                                   3707     0(0.00%) |    324       7    1398    220 |   72.70        0.00
POST     /setCurrency                                                                     736     0(0.00%) |    215      15    1241    150 |   15.00        0.00
--------|----------------------------------------------------------------------------|-------|-------------|-------|-------|-------|-------|--------|-----------
         Aggregated                                                                      7226     0(0.00%) |    312       7    1993    200 |  140.70        0.00

Type     Name                                                                          # reqs      # fails |    Avg     Min     Max    Med |   req/s  failures/s
--------|----------------------------------------------------------------------------|-------|-------------|-------|-------|-------|-------|--------|-----------
GET      /                                                                                259     0(0.00%) |    231      14    1243    160 |    5.60        0.00
GET      /cart                                                                            979     0(0.00%) |    328       7    1432    220 |   16.60        0.00
POST     /cart [add]                                                                     1214     0(0.00%) |    357      12    1993    250 |   21.00        0.00
POST     /cart/checkout                                                                   440     0(0.00%) |    306      15    1799    150 |    7.80        0.00
GET      /product/[id]                                                                   3862     0(0.00%) |    332       7    1398    220 |   71.70        0.00
POST     /setCurrency                                                                     772     0(0.00%) |    223      15    1241    160 |   15.80        0.00
--------|----------------------------------------------------------------------------|-------|-------------|-------|-------|-------|-------|--------|-----------
         Aggregated                                                                      7526     0(0.00%) |    320       7    1993    200 |  138.50        0.00

Type     Name                                                                          # reqs      # fails |    Avg     Min     Max    Med |   req/s  failures/s
--------|----------------------------------------------------------------------------|-------|-------------|-------|-------|-------|-------|--------|-----------
GET      /                                                                                267     0(0.00%) |    235      14    1243    160 |    6.60        0.00
GET      /cart                                                                           1012     0(0.00%) |    336       7    1432    230 |   18.10        0.00
POST     /cart [add]                                                                     1248     0(0.00%) |    367      12    1993    260 |   21.80        0.00
POST     /cart/checkout                                                                   450     0(0.00%) |    314      15    1799    170 |    7.50        0.00
GET      /product/[id]                                                                   4006     0(0.00%) |    342       7    1398    230 |   74.50        0.00
POST     /setCurrency                                                                     794     0(0.00%) |    227      15    1241    160 |   16.60        0.00
--------|----------------------------------------------------------------------------|-------|-------------|-------|-------|-------|-------|--------|-----------
         Aggregated                                                                      7777     0(0.00%) |    328       7    1993    210 |  145.10        0.00

Type     Name                                                                          # reqs      # fails |    Avg     Min     Max    Med |   req/s  failures/s
--------|----------------------------------------------------------------------------|-------|-------------|-------|-------|-------|-------|--------|-----------
GET      /                                                                                283     0(0.00%) |    253      14    1259    170 |    6.40        0.00
GET      /cart                                                                           1042     0(0.00%) |    347       7    1432    240 |   17.80        0.00
POST     /cart [add]                                                                     1284     0(0.00%) |    381      12    1993    260 |   20.70        0.00
POST     /cart/checkout                                                                   464     0(0.00%) |    324      15    1799    180 |    7.20        0.00
GET      /product/[id]                                                                   4122     0(0.00%) |    353       7    1398    240 |   73.30        0.00
POST     /setCurrency                                                                     834     0(0.00%) |    250      15    1469    170 |   16.00        0.00
--------|----------------------------------------------------------------------------|-------|-------------|-------|-------|-------|-------|--------|-----------
         Aggregated                                                                      8029     0(0.00%) |    341       7    1993    220 |  141.40        0.00

Type     Name                                                                          # reqs      # fails |    Avg     Min     Max    Med |   req/s  failures/s
--------|----------------------------------------------------------------------------|-------|-------------|-------|-------|-------|-------|--------|-----------
GET      /                                                                                296     0(0.00%) |    258      14    1259    170 |    6.70        0.00
GET      /cart                                                                           1064     0(0.00%) |    355       7    1432    250 |   17.60        0.00
POST     /cart [add]                                                                     1334     0(0.00%) |    397      12    1993    280 |   18.90        0.00
POST     /cart/checkout                                                                   485     0(0.00%) |    334      15    1799    190 |    6.80        0.00
GET      /product/[id]                                                                   4267     0(0.00%) |    361       7    1398    250 |   71.70        0.00
POST     /setCurrency                                                                     855     0(0.00%) |    253      15    1469    170 |   16.90        0.00
--------|----------------------------------------------------------------------------|-------|-------------|-------|-------|-------|-------|--------|-----------
         Aggregated                                                                      8301     0(0.00%) |    350       7    1993    230 |  138.60        0.00

Type     Name                                                                          # reqs      # fails |    Avg     Min     Max    Med |   req/s  failures/s
--------|----------------------------------------------------------------------------|-------|-------------|-------|-------|-------|-------|--------|-----------
GET      /                                                                                307     4(1.30%) |    260      14    1259    170 |    7.30        0.00
GET      /cart                                                                           1099    11(1.00%) |    358       7    1432    250 |   16.40        0.00
POST     /cart [add]                                                                     1384    20(1.45%) |    408      12    1993    280 |   19.60        0.00
POST     /cart/checkout                                                                   500     5(1.00%) |    346      15    1799    190 |    6.90        0.00
GET      /product/[id]                                                                   4453    27(0.61%) |    368       7    1398    260 |   71.30        0.00
POST     /setCurrency                                                                     891     9(1.01%) |    257      15    1469    170 |   16.20        0.00
--------|----------------------------------------------------------------------------|-------|-------------|-------|-------|-------|-------|--------|-----------
         Aggregated                                                                      8634    76(0.88%) |    357       7    1993    240 |  137.70        0.00

Type     Name                                                                          # reqs      # fails |    Avg     Min     Max    Med |   req/s  failures/s
--------|----------------------------------------------------------------------------|-------|-------------|-------|-------|-------|-------|--------|-----------
GET      /                                                                                312     4(1.28%) |    270      14    1631    170 |    6.80        0.00
GET      /cart                                                                           1125    11(0.98%) |    365       7    1432    260 |   15.60        0.00
POST     /cart [add]                                                                     1414    20(1.41%) |    416      12    2031    290 |   19.10        0.00
POST     /cart/checkout                                                                   509     5(0.98%) |    351      15    1799    200 |    6.50        0.00
GET      /product/[id]                                                                   4553    27(0.59%) |    372       7    1414    260 |   72.90        0.00
POST     /setCurrency                                                                     906     9(0.99%) |    261      15    1469    180 |   14.90        0.00
--------|----------------------------------------------------------------------------|-------|-------------|-------|-------|-------|-------|--------|-----------
         Aggregated                                                                      8819    76(0.86%) |    362       7    2031    240 |  135.80        0.00

Type     Name                                                                          # reqs      # fails |    Avg     Min     Max    Med |   req/s  failures/s
--------|----------------------------------------------------------------------------|-------|-------------|-------|-------|-------|-------|--------|-----------
GET      /                                                                                322     4(1.24%) |    277      14    1688    170 |    5.30        0.40
GET      /cart                                                                           1157    11(0.95%) |    375       7    1723    270 |   14.80        1.10
POST     /cart [add]                                                                     1462    20(1.37%) |    431      12    2031    300 |   20.40        2.00
POST     /cart/checkout                                                                   530     5(0.94%) |    365      15    1799    200 |    7.00        0.50
GET      /product/[id]                                                                   4682    27(0.58%) |    385       7    1768    270 |   69.80        2.70
POST     /setCurrency                                                                     930     9(0.97%) |    263      15    1469    180 |   13.60        0.90
--------|----------------------------------------------------------------------------|-------|-------------|-------|-------|-------|-------|--------|-----------
         Aggregated                                                                      9083    76(0.84%) |    373       7    2031    250 |  130.90        7.60

Type     Name                                                                          # reqs      # fails |    Avg     Min     Max    Med |   req/s  failures/s
--------|----------------------------------------------------------------------------|-------|-------------|-------|-------|-------|-------|--------|-----------
GET      /                                                                                335     4(1.19%) |    283      14    1688    180 |    5.40        0.40
GET      /cart                                                                           1203    11(0.91%) |    386       7    1723    280 |   15.10        1.10
POST     /cart [add]                                                                     1506    20(1.33%) |    438      12    2031    310 |   21.30        2.00
POST     /cart/checkout                                                                   543     5(0.92%) |    367      15    1799    200 |    7.80        0.50
GET      /product/[id]                                                                   4846    27(0.56%) |    392       7    1768    280 |   69.70        2.70
POST     /setCurrency                                                                     959     9(0.94%) |    264      15    1469    180 |   13.40        0.90
--------|----------------------------------------------------------------------------|-------|-------------|-------|-------|-------|-------|--------|-----------
         Aggregated                                                                      9392    76(0.81%) |    380       7    2031    260 |  132.70        7.60

Type     Name                                                                          # reqs      # fails |    Avg     Min     Max    Med |   req/s  failures/s
--------|----------------------------------------------------------------------------|-------|-------------|-------|-------|-------|-------|--------|-----------
GET      /                                                                                347     4(1.15%) |    279      14    1688    170 |    5.30        0.40
GET      /cart                                                                           1245    11(0.88%) |    388       7    1723    280 |   15.60        1.10
POST     /cart [add]                                                                     1547    20(1.29%) |    441      12    2031    310 |   22.00        2.00
POST     /cart/checkout                                                                   559     5(0.89%) |    372      15    1799    200 |    8.10        0.50
GET      /product/[id]                                                                   4994    27(0.54%) |    398       7    1768    280 |   72.60        2.70
POST     /setCurrency                                                                     998     9(0.90%) |    262      15    1469    180 |   12.30        0.90
--------|----------------------------------------------------------------------------|-------|-------------|-------|-------|-------|-------|--------|-----------
         Aggregated                                                                      9690    76(0.78%) |    383       7    2031    260 |  135.90        7.60

Type     Name                                                                          # reqs      # fails |    Avg     Min     Max    Med |   req/s  failures/s
--------|----------------------------------------------------------------------------|-------|-------------|-------|-------|-------|-------|--------|-----------
GET      /                                                                                355     4(1.13%) |    277      14    1688    170 |    4.90        0.40
GET      /cart                                                                           1276    11(0.86%) |    394       7    1723    280 |   17.80        1.10
POST     /cart [add]                                                                     1592    20(1.26%) |    450      12    2031    320 |   21.10        2.00
POST     /cart/checkout                                                                   577     5(0.87%) |    377      15    1799    210 |    7.60        0.50
GET      /product/[id]                                                                   5130    27(0.53%) |    405       7    1768    290 |   72.00        2.70
POST     /setCurrency                                                                    1027     9(0.88%) |    265      15    1469    180 |   13.70        0.90
--------|----------------------------------------------------------------------------|-------|-------------|-------|-------|-------|-------|--------|-----------
         Aggregated                                                                      9957    76(0.76%) |    390       7    2031    270 |  137.10        7.60

Type     Name                                                                          # reqs      # fails |    Avg     Min     Max    Med |   req/s  failures/s
--------|----------------------------------------------------------------------------|-------|-------------|-------|-------|-------|-------|--------|-----------
GET      /                                                                                370     4(1.08%) |    276      14    1688    170 |    5.00        0.40
GET      /cart                                                                           1306    11(0.84%) |    402       7    1723    300 |   18.40        1.10
POST     /cart [add]                                                                     1649    20(1.21%) |    455      12    2031    330 |   22.80        2.00
POST     /cart/checkout                                                                   601     5(0.83%) |    386      15    1799    210 |    8.10        0.50
GET      /product/[id]                                                                   5272    27(0.51%) |    409       7    1768    290 |   70.30        2.70
POST     /setCurrency                                                                    1058     9(0.85%) |    264      15    1469    180 |   14.50        0.90
--------|----------------------------------------------------------------------------|-------|-------------|-------|-------|-------|-------|--------|-----------
         Aggregated                                                                     10256    76(0.74%) |    394       7    2031    270 |  139.10        7.60

Type     Name                                                                          # reqs      # fails |    Avg     Min     Max    Med |   req/s  failures/s
--------|----------------------------------------------------------------------------|-------|-------------|-------|-------|-------|-------|--------|-----------
GET      /                                                                                381     4(1.05%) |    277      14    1688    170 |    5.80        0.00
GET      /cart                                                                           1335    11(0.82%) |    405       7    1723    300 |   17.80        0.00
POST     /cart [add]                                                                     1691    20(1.18%) |    462      12    2031    340 |   23.30        0.00
POST     /cart/checkout                                                                   627     5(0.80%) |    403      15    1799    240 |    9.20        0.00
GET      /product/[id]                                                                   5401    27(0.50%) |    416       7    1768    300 |   71.10        0.00
POST     /setCurrency                                                                    1084     9(0.83%) |    264      15    1469    180 |   15.00        0.00
--------|----------------------------------------------------------------------------|-------|-------------|-------|-------|-------|-------|--------|-----------
         Aggregated                                                                     10519    76(0.72%) |    401       7    2031    280 |  142.20        0.00

Type     Name                                                                          # reqs      # fails |    Avg     Min     Max    Med |   req/s  failures/s
--------|----------------------------------------------------------------------------|-------|-------------|-------|-------|-------|-------|--------|-----------
GET      /                                                                                390     4(1.03%) |    273      14    1688    170 |    5.90        0.00
GET      /cart                                                                           1370    11(0.80%) |    413       7    1723    300 |   17.60        0.00
POST     /cart [add]                                                                     1733    20(1.15%) |    468      12    2031    350 |   22.40        0.00
POST     /cart/checkout                                                                   645     5(0.78%) |    412      15    1799    250 |    9.80        0.00
GET      /product/[id]                                                                   5546    27(0.49%) |    422       7    1768    300 |   71.00        0.00
POST     /setCurrency                                                                    1115     9(0.81%) |    260      15    1469    180 |   15.50        0.00
--------|----------------------------------------------------------------------------|-------|-------------|-------|-------|-------|-------|--------|-----------
         Aggregated                                                                     10799    76(0.70%) |    405       7    2031    280 |  142.20        0.00

Type     Name                                                                          # reqs      # fails |    Avg     Min     Max    Med |   req/s  failures/s
--------|----------------------------------------------------------------------------|-------|-------------|-------|-------|-------|-------|--------|-----------
GET      /                                                                                397     4(1.01%) |    272      14    1688    170 |    5.50        0.00
GET      /cart                                                                           1410    11(0.78%) |    421       7    1723    310 |   17.20        0.00
POST     /cart [add]                                                                     1775    20(1.13%) |    473      12    2031    350 |   22.80        0.00
POST     /cart/checkout                                                                   661     5(0.76%) |    419      15    1799    260 |   10.10        0.00
GET      /product/[id]                                                                   5672    27(0.48%) |    427       7    1768    300 |   69.30        0.00
POST     /setCurrency                                                                    1131     9(0.80%) |    259      15    1469    180 |   15.50        0.00
--------|----------------------------------------------------------------------------|-------|-------------|-------|-------|-------|-------|--------|-----------
         Aggregated                                                                     11046    76(0.69%) |    410       7    2031    280 |  140.40        0.00

Type     Name                                                                          # reqs      # fails |    Avg     Min     Max    Med |   req/s  failures/s
--------|----------------------------------------------------------------------------|-------|-------------|-------|-------|-------|-------|--------|-----------
GET      /                                                                                408     4(0.98%) |    277      13    1688    170 |    5.20        0.00
GET      /cart                                                                           1439    11(0.76%) |    425       7    1723    310 |   16.70        0.00
POST     /cart [add]                                                                     1811    20(1.10%) |    481      12    2031    350 |   22.90        0.00
POST     /cart/checkout                                                                   677     5(0.74%) |    434      15    1829    280 |   10.30        0.00
GET      /product/[id]                                                                   5820    27(0.46%) |    434       7    1768    310 |   67.60        0.00
POST     /setCurrency                                                                    1168     9(0.77%) |    258      15    1469    180 |   13.90        0.00
--------|----------------------------------------------------------------------------|-------|-------------|-------|-------|-------|-------|--------|-----------
         Aggregated                                                                     11323    76(0.67%) |    416       7    2031    290 |  136.60        0.00

Type     Name                                                                          # reqs      # fails |    Avg     Min     Max    Med |   req/s  failures/s
--------|----------------------------------------------------------------------------|-------|-------------|-------|-------|-------|-------|--------|-----------
GET      /                                                                                414     4(0.97%) |    275      13    1688    170 |    5.50        0.00
GET      /cart                                                                           1478    11(0.74%) |    427       7    1723    310 |   16.50        0.00
POST     /cart [add]                                                                     1858    20(1.08%) |    486      12    2031    360 |   21.80        0.00
POST     /cart/checkout                                                                   694     5(0.72%) |    437      15    1829    290 |    9.70        0.00
GET      /product/[id]                                                                   5980    27(0.45%) |    437       7    1768    320 |   68.00        0.00
POST     /setCurrency                                                                    1199     9(0.75%) |    254      15    1469    170 |   13.60        0.00
--------|----------------------------------------------------------------------------|-------|-------------|-------|-------|-------|-------|--------|-----------
         Aggregated                                                                     11623    76(0.65%) |    419       7    2031    290 |  135.10        0.00

Type     Name                                                                          # reqs      # fails |    Avg     Min     Max    Med |   req/s  failures/s
--------|----------------------------------------------------------------------------|-------|-------------|-------|-------|-------|-------|--------|-----------
GET      /                                                                                427     4(0.94%) |    271      13    1688    170 |    4.50        0.00
GET      /cart                                                                           1508    11(0.73%) |    429       7    1723    310 |   17.00        0.00
POST     /cart [add]                                                                     1904    20(1.05%) |    490      12    2031    360 |   20.70        0.00
POST     /cart/checkout                                                                   714     5(0.70%) |    445      15    1829    290 |    9.00        0.00
GET      /product/[id]                                                                   6137    27(0.44%) |    441       7    1768    320 |   70.60        0.00
POST     /setCurrency                                                                    1236     9(0.73%) |    251      15    1469    170 |   13.90        0.00
--------|----------------------------------------------------------------------------|-------|-------------|-------|-------|-------|-------|--------|-----------
         Aggregated                                                                     11926    76(0.64%) |    422       7    2031    290 |  135.70        0.00

Type     Name                                                                          # reqs      # fails |    Avg     Min     Max    Med |   req/s  failures/s
--------|----------------------------------------------------------------------------|-------|-------------|-------|-------|-------|-------|--------|-----------
GET      /                                                                                441     4(0.91%) |    268      13    1688    170 |    4.70        0.00
GET      /cart                                                                           1538    11(0.72%) |    432       7    1723    320 |   17.40        0.00
POST     /cart [add]                                                                     1953    20(1.02%) |    495      12    2031    370 |   21.60        0.00
POST     /cart/checkout                                                                   737     5(0.68%) |    453      15    1829    290 |    8.60        0.00
GET      /product/[id]                                                                   6278    27(0.43%) |    444       7    1768    320 |   74.10        0.00
POST     /setCurrency                                                                    1278     9(0.70%) |    250      15    1469    170 |   15.10        0.00
--------|----------------------------------------------------------------------------|-------|-------------|-------|-------|-------|-------|--------|-----------
         Aggregated                                                                     12225    76(0.62%) |    424       7    2031    290 |  141.50        0.00

Type     Name                                                                          # reqs      # fails |    Avg     Min     Max    Med |   req/s  failures/s
--------|----------------------------------------------------------------------------|-------|-------------|-------|-------|-------|-------|--------|-----------
GET      /                                                                                449     4(0.89%) |    265      13    1688    170 |    5.00        0.00
GET      /cart                                                                           1583    11(0.69%) |    436       7    1723    330 |   16.80        0.00
POST     /cart [add]                                                                     1996    20(1.00%) |    495      12    2031    370 |   21.90        0.00
POST     /cart/checkout                                                                   757     5(0.66%) |    457      15    1829    290 |    9.30        0.00
GET      /product/[id]                                                                   6430    27(0.42%) |    448       7    1768    330 |   73.60        0.00
POST     /setCurrency                                                                    1305     9(0.69%) |    248      15    1469    170 |   15.80        0.00
--------|----------------------------------------------------------------------------|-------|-------------|-------|-------|-------|-------|--------|-----------
         Aggregated                                                                     12520    76(0.61%) |    427       7    2031    300 |  142.40        0.00

Type     Name                                                                          # reqs      # fails |    Avg     Min     Max    Med |   req/s  failures/s
--------|----------------------------------------------------------------------------|-------|-------------|-------|-------|-------|-------|--------|-----------
GET      /                                                                                459     4(0.87%) |    261      13    1688    170 |    5.10        0.00
GET      /cart                                                                           1619    11(0.68%) |    442       7    1723    330 |   16.90        0.00
POST     /cart [add]                                                                     2036    20(0.98%) |    499      12    2031    370 |   21.60        0.00
POST     /cart/checkout                                                                   772     5(0.65%) |    460      15    1829    290 |    9.60        0.00
GET      /product/[id]                                                                   6574    27(0.41%) |    453       7    1768    330 |   75.90        0.00
POST     /setCurrency                                                                    1334     9(0.67%) |    244      15    1469    170 |   16.80        0.00
--------|----------------------------------------------------------------------------|-------|-------------|-------|-------|-------|-------|--------|-----------
         Aggregated                                                                     12794    76(0.59%) |    431       7    2031    300 |  145.90        0.00

Type     Name                                                                          # reqs      # fails |    Avg     Min     Max    Med |   req/s  failures/s
--------|----------------------------------------------------------------------------|-------|-------------|-------|-------|-------|-------|--------|-----------
GET      /                                                                                466     4(0.86%) |    258      13    1688    160 |    5.00        0.00
GET      /cart                                                                           1651    11(0.67%) |    445       7    1723    340 |   17.50        0.00
POST     /cart [add]                                                                     2076    20(0.96%) |    502      12    2031    380 |   22.50        0.00
POST     /cart/checkout                                                                   788     5(0.63%) |    461      15    1829    290 |    9.70        0.00
GET      /product/[id]                                                                   6725    27(0.40%) |    456       7    1768    340 |   75.40        0.00
POST     /setCurrency                                                                    1365     9(0.66%) |    242      15    1469    170 |   16.70        0.00
--------|----------------------------------------------------------------------------|-------|-------------|-------|-------|-------|-------|--------|-----------
         Aggregated                                                                     13071    76(0.58%) |    433       7    2031    300 |  146.80        0.00

Type     Name                                                                          # reqs      # fails |    Avg     Min     Max    Med |   req/s  failures/s
--------|----------------------------------------------------------------------------|-------|-------------|-------|-------|-------|-------|--------|-----------
GET      /                                                                                484     4(0.83%) |    253      13    1688    160 |    5.20        0.00
GET      /cart                                                                           1687    11(0.65%) |    451       7    1723    340 |   17.70        0.00
POST     /cart [add]                                                                     2131    20(0.94%) |    506      12    2031    380 |   22.20        0.00
POST     /cart/checkout                                                                   800     5(0.62%) |    465      15    1829    300 |    9.50        0.00
GET      /product/[id]                                                                   6857    27(0.39%) |    461       7    1768    340 |   74.80        0.00
POST     /setCurrency                                                                    1391     9(0.65%) |    240      15    1469    170 |   16.80        0.00
--------|----------------------------------------------------------------------------|-------|-------------|-------|-------|-------|-------|--------|-----------
         Aggregated                                                                     13350    76(0.57%) |    436       7    2031    300 |  146.20        0.00

Type     Name                                                                          # reqs      # fails |    Avg     Min     Max    Med |   req/s  failures/s
--------|----------------------------------------------------------------------------|-------|-------------|-------|-------|-------|-------|--------|-----------
GET      /                                                                                496     4(0.81%) |    249      13    1688    160 |    5.50        0.00
GET      /cart                                                                           1716    11(0.64%) |    453       7    1723    340 |   17.90        0.00
POST     /cart [add]                                                                     2165    20(0.92%) |    508      12    2031    380 |   22.80        0.00
POST     /cart/checkout                                                                   812     5(0.62%) |    468      15    1829    300 |    8.80        0.00
GET      /product/[id]                                                                   7021    27(0.38%) |    465       7    1768    350 |   72.00        0.00
POST     /setCurrency                                                                    1407     9(0.64%) |    238      15    1469    170 |   15.60        0.00
--------|----------------------------------------------------------------------------|-------|-------------|-------|-------|-------|-------|--------|-----------
         Aggregated                                                                     13617    76(0.56%) |    439       7    2031    310 |  142.60        0.00

Type     Name                                                                          # reqs      # fails |    Avg     Min     Max    Med |   req/s  failures/s
--------|----------------------------------------------------------------------------|-------|-------------|-------|-------|-------|-------|--------|-----------
GET      /                                                                                505     4(0.79%) |    247      13    1688    160 |    5.60        0.00
GET      /cart                                                                           1757    11(0.63%) |    457       7    1723    350 |   17.90        0.00
POST     /cart [add]                                                                     2209    20(0.91%) |    512      12    2031    380 |   21.60        0.00
POST     /cart/checkout                                                                   830     5(0.60%) |    473      15    1829    300 |    7.50        0.00
GET      /product/[id]                                                                   7180    27(0.38%) |    468       7    1768    350 |   74.80        0.00
POST     /setCurrency                                                                    1442     9(0.62%) |    237      15    1469    160 |   13.60        0.00
--------|----------------------------------------------------------------------------|-------|-------------|-------|-------|-------|-------|--------|-----------
         Aggregated                                                                     13923    76(0.55%) |    442       7    2031    310 |  141.00        0.00

Type     Name                                                                          # reqs      # fails |    Avg     Min     Max    Med |   req/s  failures/s
--------|----------------------------------------------------------------------------|-------|-------------|-------|-------|-------|-------|--------|-----------
GET      /                                                                                513     4(0.78%) |    245      13    1688    160 |    5.70        0.00
GET      /cart                                                                           1794    11(0.61%) |    459       7    1723    350 |   17.60        0.00
POST     /cart [add]                                                                     2252    20(0.89%) |    513      12    2031    380 |   21.30        0.00
POST     /cart/checkout                                                                   841     5(0.59%) |    475      15    1829    300 |    7.40        0.00
GET      /product/[id]                                                                   7345    27(0.37%) |    470       7    1768    350 |   74.90        0.00
POST     /setCurrency                                                                    1473     9(0.61%) |    234      15    1469    160 |   14.00        0.00
--------|----------------------------------------------------------------------------|-------|-------------|-------|-------|-------|-------|--------|-----------
         Aggregated                                                                     14218    76(0.53%) |    444       7    2031    310 |  140.90        0.00

Type     Name                                                                          # reqs      # fails |    Avg     Min     Max    Med |   req/s  failures/s
--------|----------------------------------------------------------------------------|-------|-------------|-------|-------|-------|-------|--------|-----------
GET      /                                                                                523     4(0.76%) |    243      13    1688    150 |    5.40        0.00
GET      /cart                                                                           1827    11(0.60%) |    460       7    1723    350 |   17.60        0.00
POST     /cart [add]                                                                     2305    20(0.87%) |    514      12    2031    390 |   21.40        0.00
POST     /cart/checkout                                                                   870     5(0.57%) |    477      15    1829    300 |    6.80        0.00
GET      /product/[id]                                                                   7493    27(0.36%) |    472       7    1768    360 |   77.10        0.00
POST     /setCurrency                                                                    1511     9(0.60%) |    234      15    1469    160 |   14.00        0.00
--------|----------------------------------------------------------------------------|-------|-------------|-------|-------|-------|-------|--------|-----------
         Aggregated                                                                     14529    76(0.52%) |    445       7    2031    310 |  142.30        0.00

Type     Name                                                                          # reqs      # fails |    Avg     Min     Max    Med |   req/s  failures/s
--------|----------------------------------------------------------------------------|-------|-------------|-------|-------|-------|-------|--------|-----------
GET      /                                                                                537     4(0.74%) |    239      13    1688    150 |    4.48        0.03
GET      /cart                                                                           1861    11(0.59%) |    462       7    1723    350 |   15.53        0.09
POST     /cart [add]                                                                     2346    20(0.85%) |    514      12    2031    390 |   19.58        0.17
POST     /cart/checkout                                                                   883     5(0.57%) |    478      15    1829    300 |    7.37        0.04
GET      /product/[id]                                                                   7624    27(0.35%) |    475       7    1768    360 |   63.64        0.23
POST     /setCurrency                                                                    1539     9(0.58%) |    232      15    1469    160 |   12.85        0.08
--------|----------------------------------------------------------------------------|-------|-------------|-------|-------|-------|-------|--------|-----------
         Aggregated                                                                     14790    76(0.51%) |    446       7    2031    310 |  123.46        0.63

Response time percentiles (approximated)
Type     Name                                                                                  50%    66%    75%    80%    90%    95%    98%    99%  99.9% 99.99%   100% # reqs
--------|--------------------------------------------------------------------------------|--------|------|------|------|------|------|------|------|------|------|------|------
GET      /                                                                                     150    230    310    380    590    800   1100   1200   1700   1700   1700    537
GET      /cart                                                                                 350    600    790    860    970   1000   1200   1200   1700   1700   1700   1861
POST     /cart [add]                                                                           390    710    860    910   1000   1100   1300   1500   2000   2000   2000   2346
POST     /cart/checkout                                                                        300    640    890    910   1000   1100   1300   1500   1800   1800   1800    883
GET      /product/[id]                                                                         360    700    830    870    960   1000   1100   1200   1600   1800   1800   7624
POST     /setCurrency                                                                          160    230    300    360    560    730    920   1100   1400   1500   1500   1539
--------|--------------------------------------------------------------------------------|--------|------|------|------|------|------|------|------|------|------|------|------
         Aggregated                                                                            310    580    790    860    970   1000   1200   1300   1700   2000   2000  14790

Error report
# occurrences      Error                                                                                               
------------------|---------------------------------------------------------------------------------------------------------------------------------------------
27                 GET /product/[id]: HTTPError('500 Server Error: Internal Server Error for url: /product/[id]')      
13                 POST /cart [add]: HTTPError('500 Server Error: Internal Server Error for url: /cart [add]')         
7                  POST /cart [add]: add falhou (500), skip checkout                                                   
5                  POST /cart/checkout: HTTPError('500 Server Error: Internal Server Error for url: /cart/checkout')   
11                 GET /cart: HTTPError('500 Server Error: Internal Server Error for url: /cart')                      
9                  POST /setCurrency: HTTPError('500 Server Error: Internal Server Error for url: /setCurrency')       
4                  GET /: HTTPError('500 Server Error: Internal Server Error for url: /')                              
------------------|---------------------------------------------------------------------------------------------------------------------------------------------

