timestamp,load_label,pod,cpu_m,ram_mi
09:32:25,idle,adservice-574bff445c-grt9z,2,156
09:32:25,idle,adservice-574bff445c-h47zv,2,156
09:32:25,idle,adservice-574bff445c-wppcl,92,276
09:32:25,idle,cartservice-7c84fdfb6-hsn24,1,111
09:32:25,idle,cartservice-7c84fdfb6-s4cp2,151,167
09:32:25,idle,cartservice-7c84fdfb6-sf94w,6,135
09:32:25,idle,checkoutservice-5b6d96c9b7-cfmrc,12,35
09:32:25,idle,checkoutservice-5b6d96c9b7-h4wfv,21,19
09:32:25,idle,checkoutservice-5b6d96c9b7-jdqn7,9,22
09:32:25,idle,currencyservice-7c8fc8fc9c-dlzht,125,118
09:32:25,idle,currencyservice-7c8fc8fc9c-mvsgf,177,120
09:32:25,idle,currencyservice-7c8fc8fc9c-wqrfs,8,93
09:32:25,idle,emailservice-66944ff59-478c4,2,56
09:32:25,idle,emailservice-66944ff59-4fvm9,11,94
09:32:25,idle,emailservice-66944ff59-txwj8,11,58
09:32:25,idle,frontend-7bd6f45654-7bcq6,121,28
09:32:25,idle,frontend-7bd6f45654-7gwtd,161,46
09:32:25,idle,frontend-7bd6f45654-xm79g,177,30
09:32:25,idle,paymentservice-9bfb7bf5-46sq4,4,76
09:32:25,idle,paymentservice-9bfb7bf5-pktv4,1,66
09:32:25,idle,paymentservice-9bfb7bf5-snj4k,12,119
09:32:25,idle,productcatalogservice-65bbf699df-8zzd2,124,42
09:32:25,idle,productcatalogservice-65bbf699df-qmltb,1,18
09:32:25,idle,productcatalogservice-65bbf699df-rh24h,70,22
09:32:25,idle,recommendationservice-7444754ff5-b7pgl,184,80
09:32:25,idle,recommendationservice-7444754ff5-hsxb8,2,51
09:32:25,idle,recommendationservice-7444754ff5-xm2x5,171,55
09:32:25,idle,redis-cart-c8ff86559-jrlvk,12,36
09:32:25,idle,shippingservice-f956b6d9f-2g46p,23,30
09:32:25,idle,shippingservice-f956b6d9f-4kzvq,6,15
09:32:25,idle,shippingservice-f956b6d9f-nmnfn,3,16
09:32:35,25u,adservice-574bff445c-grt9z,3,156
09:32:35,25u,adservice-574bff445c-h47zv,3,156
09:32:35,25u,adservice-574bff445c-wppcl,15,277
09:32:35,25u,cartservice-7c84fdfb6-hsn24,1,111
09:32:35,25u,cartservice-7c84fdfb6-s4cp2,29,167
09:32:35,25u,cartservice-7c84fdfb6-sf94w,3,135
09:32:35,25u,checkoutservice-5b6d96c9b7-cfmrc,4,35
09:32:35,25u,checkoutservice-5b6d96c9b7-h4wfv,2,19
09:32:35,25u,checkoutservice-5b6d96c9b7-jdqn7,2,22
09:32:35,25u,currencyservice-7c8fc8fc9c-dlzht,27,117
09:32:35,25u,currencyservice-7c8fc8fc9c-mvsgf,27,120
09:32:35,25u,currencyservice-7c8fc8fc9c-wqrfs,2,93
09:32:35,25u,emailservice-66944ff59-478c4,3,56
09:32:35,25u,emailservice-66944ff59-4fvm9,5,94
09:32:35,25u,emailservice-66944ff59-txwj8,4,58
09:32:35,25u,frontend-7bd6f45654-7bcq6,22,27
09:32:35,25u,frontend-7bd6f45654-7gwtd,31,44
09:32:35,25u,frontend-7bd6f45654-xm79g,18,29
09:32:35,25u,paymentservice-9bfb7bf5-46sq4,2,76
09:32:35,25u,paymentservice-9bfb7bf5-pktv4,1,67
09:32:35,25u,paymentservice-9bfb7bf5-snj4k,3,119
09:32:35,25u,productcatalogservice-65bbf699df-8zzd2,24,42
09:32:35,25u,productcatalogservice-65bbf699df-qmltb,1,18
09:32:35,25u,productcatalogservice-65bbf699df-rh24h,8,21
09:32:35,25u,recommendationservice-7444754ff5-b7pgl,32,80
09:32:35,25u,recommendationservice-7444754ff5-hsxb8,3,51
09:32:35,25u,recommendationservice-7444754ff5-xm2x5,13,55
09:32:35,25u,redis-cart-c8ff86559-jrlvk,5,36
09:32:35,25u,shippingservice-f956b6d9f-2g46p,5,30
09:32:35,25u,shippingservice-f956b6d9f-4kzvq,2,15
09:32:35,25u,shippingservice-f956b6d9f-nmnfn,1,16
09:32:45,25u,adservice-574bff445c-grt9z,3,156
09:32:45,25u,adservice-574bff445c-h47zv,3,156
09:32:45,25u,adservice-574bff445c-wppcl,15,277
09:32:45,25u,cartservice-7c84fdfb6-hsn24,1,111
09:32:45,25u,cartservice-7c84fdfb6-s4cp2,29,167
09:32:45,25u,cartservice-7c84fdfb6-sf94w,3,135
09:32:45,25u,checkoutservice-5b6d96c9b7-cfmrc,4,35
09:32:45,25u,checkoutservice-5b6d96c9b7-h4wfv,2,19
09:32:45,25u,checkoutservice-5b6d96c9b7-jdqn7,2,22
09:32:45,25u,currencyservice-7c8fc8fc9c-dlzht,27,117
09:32:45,25u,currencyservice-7c8fc8fc9c-mvsgf,27,120
09:32:45,25u,currencyservice-7c8fc8fc9c-wqrfs,2,93
09:32:45,25u,emailservice-66944ff59-478c4,3,56
09:32:45,25u,emailservice-66944ff59-4fvm9,5,94
09:32:45,25u,emailservice-66944ff59-txwj8,4,58
09:32:45,25u,frontend-7bd6f45654-7bcq6,22,27
09:32:45,25u,frontend-7bd6f45654-7gwtd,31,44
09:32:45,25u,frontend-7bd6f45654-xm79g,18,29
09:32:45,25u,paymentservice-9bfb7bf5-46sq4,2,76
09:32:45,25u,paymentservice-9bfb7bf5-pktv4,1,67
09:32:45,25u,paymentservice-9bfb7bf5-snj4k,3,119
09:32:45,25u,productcatalogservice-65bbf699df-8zzd2,24,42
09:32:45,25u,productcatalogservice-65bbf699df-qmltb,1,18
09:32:45,25u,productcatalogservice-65bbf699df-rh24h,8,21
09:32:45,25u,recommendationservice-7444754ff5-b7pgl,32,80
09:32:45,25u,recommendationservice-7444754ff5-hsxb8,3,51
09:32:45,25u,recommendationservice-7444754ff5-xm2x5,13,55
09:32:45,25u,redis-cart-c8ff86559-jrlvk,5,36
09:32:45,25u,shippingservice-f956b6d9f-2g46p,5,30
09:32:45,25u,shippingservice-f956b6d9f-4kzvq,2,15
09:32:45,25u,shippingservice-f956b6d9f-nmnfn,1,16
09:32:55,25u,adservice-574bff445c-grt9z,1,156
09:32:55,25u,adservice-574bff445c-h47zv,2,156
09:32:55,25u,adservice-574bff445c-wppcl,45,277
09:32:55,25u,cartservice-7c84fdfb6-hsn24,1,111
09:32:55,25u,cartservice-7c84fdfb6-s4cp2,89,167
09:32:55,25u,cartservice-7c84fdfb6-sf94w,9,135
09:32:55,25u,checkoutservice-5b6d96c9b7-cfmrc,9,35
09:32:55,25u,checkoutservice-5b6d96c9b7-h4wfv,4,19
09:32:55,25u,checkoutservice-5b6d96c9b7-jdqn7,11,22
09:32:55,25u,currencyservice-7c8fc8fc9c-dlzht,74,118
09:32:55,25u,currencyservice-7c8fc8fc9c-mvsgf,120,120
09:32:55,25u,currencyservice-7c8fc8fc9c-wqrfs,9,93
09:32:55,25u,emailservice-66944ff59-478c4,2,56
09:32:55,25u,emailservice-66944ff59-4fvm9,11,94
09:32:55,25u,emailservice-66944ff59-txwj8,4,58
09:32:55,25u,frontend-7bd6f45654-7bcq6,122,27
09:32:55,25u,frontend-7bd6f45654-7gwtd,102,44
09:32:55,25u,frontend-7bd6f45654-xm79g,62,30
09:32:55,25u,paymentservice-9bfb7bf5-46sq4,5,76
09:32:55,25u,paymentservice-9bfb7bf5-pktv4,1,67
09:32:55,25u,paymentservice-9bfb7bf5-snj4k,5,119
09:32:55,25u,productcatalogservice-65bbf699df-8zzd2,95,42
09:32:55,25u,productcatalogservice-65bbf699df-qmltb,1,18
09:32:55,25u,productcatalogservice-65bbf699df-rh24h,28,21
09:32:55,25u,recommendationservice-7444754ff5-b7pgl,141,80
09:32:55,25u,recommendationservice-7444754ff5-hsxb8,2,51
09:32:55,25u,recommendationservice-7444754ff5-xm2x5,39,55
09:32:55,25u,redis-cart-c8ff86559-jrlvk,8,36
09:32:55,25u,shippingservice-f956b6d9f-2g46p,15,30
09:32:55,25u,shippingservice-f956b6d9f-4kzvq,2,15
09:32:55,25u,shippingservice-f956b6d9f-nmnfn,3,16
09:33:05,25u,adservice-574bff445c-grt9z,1,156
09:33:05,25u,adservice-574bff445c-h47zv,2,157
09:33:05,25u,adservice-574bff445c-wppcl,35,277
09:33:05,25u,cartservice-7c84fdfb6-hsn24,1,111
09:33:05,25u,cartservice-7c84fdfb6-s4cp2,75,167
09:33:05,25u,cartservice-7c84fdfb6-sf94w,6,135
09:33:05,25u,checkoutservice-5b6d96c9b7-cfmrc,4,35
09:33:05,25u,checkoutservice-5b6d96c9b7-h4wfv,3,19
09:33:05,25u,checkoutservice-5b6d96c9b7-jdqn7,8,22
09:33:05,25u,currencyservice-7c8fc8fc9c-dlzht,57,118
09:33:05,25u,currencyservice-7c8fc8fc9c-mvsgf,90,120
09:33:05,25u,currencyservice-7c8fc8fc9c-wqrfs,7,93
09:33:05,25u,emailservice-66944ff59-478c4,3,56
09:33:05,25u,emailservice-66944ff59-4fvm9,7,94
09:33:05,25u,emailservice-66944ff59-txwj8,4,58
09:33:05,25u,frontend-7bd6f45654-7bcq6,89,26
09:33:05,25u,frontend-7bd6f45654-7gwtd,73,44
09:33:05,25u,frontend-7bd6f45654-xm79g,54,30
09:33:05,25u,paymentservice-9bfb7bf5-46sq4,4,76
09:33:05,25u,paymentservice-9bfb7bf5-pktv4,1,67
09:33:05,25u,paymentservice-9bfb7bf5-snj4k,4,119
09:33:05,25u,productcatalogservice-65bbf699df-8zzd2,68,42
09:33:05,25u,productcatalogservice-65bbf699df-qmltb,1,18
09:33:05,25u,productcatalogservice-65bbf699df-rh24h,22,21
09:33:05,25u,recommendationservice-7444754ff5-b7pgl,101,80
09:33:05,25u,recommendationservice-7444754ff5-hsxb8,2,51
09:33:05,25u,recommendationservice-7444754ff5-xm2x5,33,55
09:33:05,25u,redis-cart-c8ff86559-jrlvk,6,36
09:33:05,25u,shippingservice-f956b6d9f-2g46p,11,30
09:33:05,25u,shippingservice-f956b6d9f-4kzvq,1,15
09:33:05,25u,shippingservice-f956b6d9f-nmnfn,3,16
09:33:15,25u,adservice-574bff445c-grt9z,1,156
09:33:15,25u,adservice-574bff445c-h47zv,2,157
09:33:15,25u,adservice-574bff445c-wppcl,35,277
09:33:15,25u,cartservice-7c84fdfb6-hsn24,1,111
09:33:15,25u,cartservice-7c84fdfb6-s4cp2,75,167
09:33:15,25u,cartservice-7c84fdfb6-sf94w,6,135
09:33:15,25u,checkoutservice-5b6d96c9b7-cfmrc,4,35
09:33:15,25u,checkoutservice-5b6d96c9b7-h4wfv,3,19
09:33:15,25u,checkoutservice-5b6d96c9b7-jdqn7,8,22
09:33:15,25u,currencyservice-7c8fc8fc9c-dlzht,57,118
09:33:15,25u,currencyservice-7c8fc8fc9c-mvsgf,90,120
09:33:15,25u,currencyservice-7c8fc8fc9c-wqrfs,7,93
09:33:15,25u,emailservice-66944ff59-478c4,3,56
09:33:15,25u,emailservice-66944ff59-4fvm9,7,94
09:33:15,25u,emailservice-66944ff59-txwj8,4,58
09:33:15,25u,frontend-7bd6f45654-7bcq6,89,26
09:33:15,25u,frontend-7bd6f45654-7gwtd,73,44
09:33:15,25u,frontend-7bd6f45654-xm79g,54,30
09:33:15,25u,paymentservice-9bfb7bf5-46sq4,4,76
09:33:15,25u,paymentservice-9bfb7bf5-pktv4,1,67
09:33:15,25u,paymentservice-9bfb7bf5-snj4k,4,119
09:33:15,25u,productcatalogservice-65bbf699df-8zzd2,68,42
09:33:15,25u,productcatalogservice-65bbf699df-qmltb,1,18
09:33:15,25u,productcatalogservice-65bbf699df-rh24h,22,21
09:33:15,25u,recommendationservice-7444754ff5-b7pgl,101,80
09:33:15,25u,recommendationservice-7444754ff5-hsxb8,2,51
09:33:15,25u,recommendationservice-7444754ff5-xm2x5,33,55
09:33:15,25u,redis-cart-c8ff86559-jrlvk,6,36
09:33:15,25u,shippingservice-f956b6d9f-2g46p,11,30
09:33:15,25u,shippingservice-f956b6d9f-4kzvq,1,15
09:33:15,25u,shippingservice-f956b6d9f-nmnfn,3,16
09:33:25,25u,adservice-574bff445c-grt9z,2,156
09:33:25,25u,adservice-574bff445c-h47zv,2,159
09:33:25,25u,adservice-574bff445c-wppcl,42,276
09:33:25,25u,cartservice-7c84fdfb6-hsn24,1,111
09:33:25,25u,cartservice-7c84fdfb6-s4cp2,89,167
09:33:25,25u,cartservice-7c84fdfb6-sf94w,9,135
09:33:25,25u,checkoutservice-5b6d96c9b7-cfmrc,6,35
09:33:25,25u,checkoutservice-5b6d96c9b7-h4wfv,5,19
09:33:25,25u,checkoutservice-5b6d96c9b7-jdqn7,12,22
09:33:25,25u,currencyservice-7c8fc8fc9c-dlzht,54,118
09:33:25,25u,currencyservice-7c8fc8fc9c-mvsgf,123,121
09:33:25,25u,currencyservice-7c8fc8fc9c-wqrfs,10,93
09:33:25,25u,emailservice-66944ff59-478c4,2,56
09:33:25,25u,emailservice-66944ff59-4fvm9,10,94
09:33:25,25u,emailservice-66944ff59-txwj8,4,58
09:33:25,25u,frontend-7bd6f45654-7bcq6,131,27
09:33:25,25u,frontend-7bd6f45654-7gwtd,75,44
09:33:25,25u,frontend-7bd6f45654-xm79g,66,30
09:33:25,25u,paymentservice-9bfb7bf5-46sq4,5,76
09:33:25,25u,paymentservice-9bfb7bf5-pktv4,2,67
09:33:25,25u,paymentservice-9bfb7bf5-snj4k,5,119
09:33:25,25u,productcatalogservice-65bbf699df-8zzd2,87,42
09:33:25,25u,productcatalogservice-65bbf699df-qmltb,1,18
09:33:25,25u,productcatalogservice-65bbf699df-rh24h,29,22
09:33:25,25u,recommendationservice-7444754ff5-b7pgl,132,80
09:33:25,25u,recommendationservice-7444754ff5-hsxb8,2,51
09:33:25,25u,recommendationservice-7444754ff5-xm2x5,43,55
09:33:25,25u,redis-cart-c8ff86559-jrlvk,8,36
09:33:25,25u,shippingservice-f956b6d9f-2g46p,14,30
09:33:25,25u,shippingservice-f956b6d9f-4kzvq,2,15
09:33:25,25u,shippingservice-f956b6d9f-nmnfn,5,16
09:33:36,25u,adservice-574bff445c-grt9z,2,158
09:33:36,25u,adservice-574bff445c-h47zv,2,159
09:33:36,25u,adservice-574bff445c-wppcl,51,276
09:33:36,25u,cartservice-7c84fdfb6-hsn24,1,111
09:33:36,25u,cartservice-7c84fdfb6-s4cp2,115,167
09:33:36,25u,cartservice-7c84fdfb6-sf94w,9,135
09:33:36,25u,checkoutservice-5b6d96c9b7-cfmrc,6,35
09:33:36,25u,checkoutservice-5b6d96c9b7-h4wfv,6,19
09:33:36,25u,checkoutservice-5b6d96c9b7-jdqn7,13,22
09:33:36,25u,currencyservice-7c8fc8fc9c-dlzht,72,118
09:33:36,25u,currencyservice-7c8fc8fc9c-mvsgf,148,122
09:33:36,25u,currencyservice-7c8fc8fc9c-wqrfs,11,94
09:33:36,25u,emailservice-66944ff59-478c4,3,56
09:33:36,25u,emailservice-66944ff59-4fvm9,10,94
09:33:36,25u,emailservice-66944ff59-txwj8,5,58
09:33:36,25u,frontend-7bd6f45654-7bcq6,163,27
09:33:36,25u,frontend-7bd6f45654-7gwtd,92,44
09:33:36,25u,frontend-7bd6f45654-xm79g,76,30
09:33:36,25u,paymentservice-9bfb7bf5-46sq4,5,76
09:33:36,25u,paymentservice-9bfb7bf5-pktv4,3,66
09:33:36,25u,paymentservice-9bfb7bf5-snj4k,5,119
09:33:36,25u,productcatalogservice-65bbf699df-8zzd2,109,42
09:33:36,25u,productcatalogservice-65bbf699df-qmltb,1,18
09:33:36,25u,productcatalogservice-65bbf699df-rh24h,32,22
09:33:36,25u,recommendationservice-7444754ff5-b7pgl,160,80
09:33:36,25u,recommendationservice-7444754ff5-hsxb8,2,51
09:33:36,25u,recommendationservice-7444754ff5-xm2x5,45,55
09:33:36,25u,redis-cart-c8ff86559-jrlvk,9,36
09:33:36,25u,shippingservice-f956b6d9f-2g46p,16,30
09:33:36,25u,shippingservice-f956b6d9f-4kzvq,2,15
09:33:36,25u,shippingservice-f956b6d9f-nmnfn,4,16
09:33:46,25u,adservice-574bff445c-grt9z,2,158
09:33:46,25u,adservice-574bff445c-h47zv,2,159
09:33:46,25u,adservice-574bff445c-wppcl,51,276
09:33:46,25u,cartservice-7c84fdfb6-hsn24,1,111
09:33:46,25u,cartservice-7c84fdfb6-s4cp2,115,167
09:33:46,25u,cartservice-7c84fdfb6-sf94w,9,135
09:33:46,25u,checkoutservice-5b6d96c9b7-cfmrc,6,35
09:33:46,25u,checkoutservice-5b6d96c9b7-h4wfv,6,19
09:33:46,25u,checkoutservice-5b6d96c9b7-jdqn7,13,22
09:33:46,25u,currencyservice-7c8fc8fc9c-dlzht,72,118
09:33:46,25u,currencyservice-7c8fc8fc9c-mvsgf,148,122
09:33:46,25u,currencyservice-7c8fc8fc9c-wqrfs,11,94
09:33:46,25u,emailservice-66944ff59-478c4,3,56
09:33:46,25u,emailservice-66944ff59-4fvm9,10,94
09:33:46,25u,emailservice-66944ff59-txwj8,5,58
09:33:46,25u,frontend-7bd6f45654-7bcq6,163,27
09:33:46,25u,frontend-7bd6f45654-7gwtd,92,44
09:33:46,25u,frontend-7bd6f45654-xm79g,76,30
09:33:46,25u,paymentservice-9bfb7bf5-46sq4,5,76
09:33:46,25u,paymentservice-9bfb7bf5-pktv4,3,66
09:33:46,25u,paymentservice-9bfb7bf5-snj4k,5,119
09:33:46,25u,productcatalogservice-65bbf699df-8zzd2,109,42
09:33:46,25u,productcatalogservice-65bbf699df-qmltb,1,18
09:33:46,25u,productcatalogservice-65bbf699df-rh24h,32,22
09:33:46,25u,recommendationservice-7444754ff5-b7pgl,160,80
09:33:46,25u,recommendationservice-7444754ff5-hsxb8,2,51
09:33:46,25u,recommendationservice-7444754ff5-xm2x5,45,55
09:33:46,25u,redis-cart-c8ff86559-jrlvk,9,36
09:33:46,25u,shippingservice-f956b6d9f-2g46p,16,30
09:33:46,25u,shippingservice-f956b6d9f-4kzvq,2,15
09:33:46,25u,shippingservice-f956b6d9f-nmnfn,4,16
09:33:56,25u,adservice-574bff445c-grt9z,2,158
09:33:56,25u,adservice-574bff445c-h47zv,2,159
09:33:56,25u,adservice-574bff445c-wppcl,41,276
09:33:56,25u,cartservice-7c84fdfb6-hsn24,1,112
09:33:56,25u,cartservice-7c84fdfb6-s4cp2,84,167
09:33:56,25u,cartservice-7c84fdfb6-sf94w,9,135
09:33:56,25u,checkoutservice-5b6d96c9b7-cfmrc,5,35
09:33:56,25u,checkoutservice-5b6d96c9b7-h4wfv,6,20
09:33:56,25u,checkoutservice-5b6d96c9b7-jdqn7,11,22
09:33:56,25u,currencyservice-7c8fc8fc9c-dlzht,61,119
09:33:56,25u,currencyservice-7c8fc8fc9c-mvsgf,127,122
09:33:56,25u,currencyservice-7c8fc8fc9c-wqrfs,10,94
09:33:56,25u,emailservice-66944ff59-478c4,3,56
09:33:56,25u,emailservice-66944ff59-4fvm9,9,94
09:33:56,25u,emailservice-66944ff59-txwj8,5,58
09:33:56,25u,frontend-7bd6f45654-7bcq6,137,27
09:33:56,25u,frontend-7bd6f45654-7gwtd,74,44
09:33:56,25u,frontend-7bd6f45654-xm79g,63,30
09:33:56,25u,paymentservice-9bfb7bf5-46sq4,5,76
09:33:56,25u,paymentservice-9bfb7bf5-pktv4,1,66
09:33:56,25u,paymentservice-9bfb7bf5-snj4k,4,119
09:33:56,25u,productcatalogservice-65bbf699df-8zzd2,88,42
09:33:56,25u,productcatalogservice-65bbf699df-qmltb,1,18
09:33:56,25u,productcatalogservice-65bbf699df-rh24h,28,22
09:33:56,25u,recommendationservice-7444754ff5-b7pgl,131,80
09:33:56,25u,recommendationservice-7444754ff5-hsxb8,2,51
09:33:56,25u,recommendationservice-7444754ff5-xm2x5,41,55
09:33:56,25u,redis-cart-c8ff86559-jrlvk,8,36
09:33:56,25u,shippingservice-f956b6d9f-2g46p,14,30
09:33:56,25u,shippingservice-f956b6d9f-4kzvq,2,16
09:33:56,25u,shippingservice-f956b6d9f-nmnfn,3,16
09:34:06,25u,adservice-574bff445c-grt9z,1,158
09:34:06,25u,adservice-574bff445c-h47zv,1,159
09:34:06,25u,adservice-574bff445c-wppcl,50,276
09:34:06,25u,cartservice-7c84fdfb6-hsn24,1,112
09:34:06,25u,cartservice-7c84fdfb6-s4cp2,97,167
09:34:06,25u,cartservice-7c84fdfb6-sf94w,9,135
09:34:06,25u,checkoutservice-5b6d96c9b7-cfmrc,5,35
09:34:06,25u,checkoutservice-5b6d96c9b7-h4wfv,6,19
09:34:06,25u,checkoutservice-5b6d96c9b7-jdqn7,14,22
09:34:06,25u,currencyservice-7c8fc8fc9c-dlzht,68,120
09:34:06,25u,currencyservice-7c8fc8fc9c-mvsgf,146,122
09:34:06,25u,currencyservice-7c8fc8fc9c-wqrfs,11,94
09:34:06,25u,emailservice-66944ff59-478c4,3,56
09:34:06,25u,emailservice-66944ff59-4fvm9,10,94
09:34:06,25u,emailservice-66944ff59-txwj8,5,58
09:34:06,25u,frontend-7bd6f45654-7bcq6,161,27
09:34:06,25u,frontend-7bd6f45654-7gwtd,87,44
09:34:06,25u,frontend-7bd6f45654-xm79g,71,30
09:34:06,25u,paymentservice-9bfb7bf5-46sq4,6,76
09:34:06,25u,paymentservice-9bfb7bf5-pktv4,1,66
09:34:06,25u,paymentservice-9bfb7bf5-snj4k,5,119
09:34:06,25u,productcatalogservice-65bbf699df-8zzd2,103,42
09:34:06,25u,productcatalogservice-65bbf699df-qmltb,1,18
09:34:06,25u,productcatalogservice-65bbf699df-rh24h,31,22
09:34:06,25u,recommendationservice-7444754ff5-b7pgl,151,80
09:34:06,25u,recommendationservice-7444754ff5-hsxb8,3,51
09:34:06,25u,recommendationservice-7444754ff5-xm2x5,46,55
09:34:06,25u,redis-cart-c8ff86559-jrlvk,9,36
09:34:06,25u,shippingservice-f956b6d9f-2g46p,15,30
09:34:06,25u,shippingservice-f956b6d9f-4kzvq,2,16
09:34:06,25u,shippingservice-f956b6d9f-nmnfn,4,16
09:34:16,25u,adservice-574bff445c-grt9z,1,158
09:34:16,25u,adservice-574bff445c-h47zv,1,159
09:34:16,25u,adservice-574bff445c-wppcl,50,276
09:34:16,25u,cartservice-7c84fdfb6-hsn24,1,112
09:34:16,25u,cartservice-7c84fdfb6-s4cp2,97,167
09:34:16,25u,cartservice-7c84fdfb6-sf94w,9,135
09:34:16,25u,checkoutservice-5b6d96c9b7-cfmrc,5,35
09:34:16,25u,checkoutservice-5b6d96c9b7-h4wfv,6,19
09:34:16,25u,checkoutservice-5b6d96c9b7-jdqn7,14,22
09:34:16,25u,currencyservice-7c8fc8fc9c-dlzht,68,120
09:34:16,25u,currencyservice-7c8fc8fc9c-mvsgf,146,122
09:34:16,25u,currencyservice-7c8fc8fc9c-wqrfs,11,94
09:34:16,25u,emailservice-66944ff59-478c4,3,56
09:34:16,25u,emailservice-66944ff59-4fvm9,10,94
09:34:16,25u,emailservice-66944ff59-txwj8,5,58
09:34:16,25u,frontend-7bd6f45654-7bcq6,161,27
09:34:16,25u,frontend-7bd6f45654-7gwtd,87,44
09:34:16,25u,frontend-7bd6f45654-xm79g,71,30
09:34:16,25u,paymentservice-9bfb7bf5-46sq4,6,76
09:34:16,25u,paymentservice-9bfb7bf5-pktv4,1,66
09:34:16,25u,paymentservice-9bfb7bf5-snj4k,5,119
09:34:16,25u,productcatalogservice-65bbf699df-8zzd2,103,42
09:34:16,25u,productcatalogservice-65bbf699df-qmltb,1,18
09:34:16,25u,productcatalogservice-65bbf699df-rh24h,31,22
09:34:16,25u,recommendationservice-7444754ff5-b7pgl,151,80
09:34:16,25u,recommendationservice-7444754ff5-hsxb8,3,51
09:34:16,25u,recommendationservice-7444754ff5-xm2x5,46,55
09:34:16,25u,redis-cart-c8ff86559-jrlvk,9,36
09:34:16,25u,shippingservice-f956b6d9f-2g46p,15,30
09:34:16,25u,shippingservice-f956b6d9f-4kzvq,2,16
09:34:16,25u,shippingservice-f956b6d9f-nmnfn,4,16
09:34:26,25u,adservice-574bff445c-grt9z,2,158
09:34:26,25u,adservice-574bff445c-h47zv,2,159
09:34:26,25u,adservice-574bff445c-wppcl,48,276
09:34:26,25u,cartservice-7c84fdfb6-hsn24,1,112
09:34:26,25u,cartservice-7c84fdfb6-s4cp2,102,167
09:34:26,25u,cartservice-7c84fdfb6-sf94w,10,135
09:34:26,25u,checkoutservice-5b6d96c9b7-cfmrc,5,35
09:34:26,25u,checkoutservice-5b6d96c9b7-h4wfv,7,19
09:34:26,25u,checkoutservice-5b6d96c9b7-jdqn7,13,22
09:34:26,25u,currencyservice-7c8fc8fc9c-dlzht,62,120
09:34:26,25u,currencyservice-7c8fc8fc9c-mvsgf,144,122
09:34:26,25u,currencyservice-7c8fc8fc9c-wqrfs,11,94
09:34:26,25u,emailservice-66944ff59-478c4,2,56
09:34:26,25u,emailservice-66944ff59-4fvm9,10,94
09:34:26,25u,emailservice-66944ff59-txwj8,5,58
09:34:26,25u,frontend-7bd6f45654-7bcq6,154,27
09:34:26,25u,frontend-7bd6f45654-7gwtd,84,44
09:34:26,25u,frontend-7bd6f45654-xm79g,75,30
09:34:26,25u,paymentservice-9bfb7bf5-46sq4,5,76
09:34:26,25u,paymentservice-9bfb7bf5-pktv4,1,67
09:34:26,25u,paymentservice-9bfb7bf5-snj4k,5,119
09:34:26,25u,productcatalogservice-65bbf699df-8zzd2,103,42
09:34:26,25u,productcatalogservice-65bbf699df-qmltb,1,18
09:34:26,25u,productcatalogservice-65bbf699df-rh24h,33,22
09:34:26,25u,recommendationservice-7444754ff5-b7pgl,152,80
09:34:26,25u,recommendationservice-7444754ff5-hsxb8,2,51
09:34:26,25u,recommendationservice-7444754ff5-xm2x5,47,55
09:34:26,25u,redis-cart-c8ff86559-jrlvk,9,36
09:34:26,25u,shippingservice-f956b6d9f-2g46p,15,30
09:34:26,25u,shippingservice-f956b6d9f-4kzvq,2,16
09:34:26,25u,shippingservice-f956b6d9f-nmnfn,4,16
09:34:36,25u,adservice-574bff445c-grt9z,1,158
09:34:36,25u,adservice-574bff445c-h47zv,2,159
09:34:36,25u,adservice-574bff445c-wppcl,50,276
09:34:36,25u,cartservice-7c84fdfb6-hsn24,1,112
09:34:36,25u,cartservice-7c84fdfb6-s4cp2,109,167
09:34:36,25u,cartservice-7c84fdfb6-sf94w,12,135
09:34:36,25u,checkoutservice-5b6d96c9b7-cfmrc,5,35
09:34:36,25u,checkoutservice-5b6d96c9b7-h4wfv,5,19
09:34:36,25u,checkoutservice-5b6d96c9b7-jdqn7,16,22
09:34:36,25u,currencyservice-7c8fc8fc9c-dlzht,66,120
09:34:36,25u,currencyservice-7c8fc8fc9c-mvsgf,146,123
09:34:36,25u,currencyservice-7c8fc8fc9c-wqrfs,13,95
09:34:36,25u,emailservice-66944ff59-478c4,2,56
09:34:36,25u,emailservice-66944ff59-4fvm9,11,94
09:34:36,25u,emailservice-66944ff59-txwj8,5,58
09:34:36,25u,frontend-7bd6f45654-7bcq6,165,27
09:34:36,25u,frontend-7bd6f45654-7gwtd,88,44
09:34:36,25u,frontend-7bd6f45654-xm79g,76,30
09:34:36,25u,paymentservice-9bfb7bf5-46sq4,6,76
09:34:36,25u,paymentservice-9bfb7bf5-pktv4,1,67
09:34:36,25u,paymentservice-9bfb7bf5-snj4k,4,119
09:34:36,25u,productcatalogservice-65bbf699df-8zzd2,109,42
09:34:36,25u,productcatalogservice-65bbf699df-qmltb,1,18
09:34:36,25u,productcatalogservice-65bbf699df-rh24h,34,22
09:34:36,25u,recommendationservice-7444754ff5-b7pgl,162,80
09:34:36,25u,recommendationservice-7444754ff5-hsxb8,2,51
09:34:36,25u,recommendationservice-7444754ff5-xm2x5,46,55
09:34:36,25u,redis-cart-c8ff86559-jrlvk,9,36
09:34:36,25u,shippingservice-f956b6d9f-2g46p,16,30
09:34:36,25u,shippingservice-f956b6d9f-4kzvq,2,16
09:34:36,25u,shippingservice-f956b6d9f-nmnfn,5,16
09:34:46,25u,adservice-574bff445c-grt9z,1,158
09:34:46,25u,adservice-574bff445c-h47zv,2,159
09:34:46,25u,adservice-574bff445c-wppcl,50,276
09:34:46,25u,cartservice-7c84fdfb6-hsn24,1,112
09:34:46,25u,cartservice-7c84fdfb6-s4cp2,109,167
09:34:46,25u,cartservice-7c84fdfb6-sf94w,12,135
09:34:46,25u,checkoutservice-5b6d96c9b7-cfmrc,5,35
09:34:46,25u,checkoutservice-5b6d96c9b7-h4wfv,5,19
09:34:46,25u,checkoutservice-5b6d96c9b7-jdqn7,16,22
09:34:46,25u,currencyservice-7c8fc8fc9c-dlzht,66,120
09:34:46,25u,currencyservice-7c8fc8fc9c-mvsgf,146,123
09:34:46,25u,currencyservice-7c8fc8fc9c-wqrfs,13,95
09:34:46,25u,emailservice-66944ff59-478c4,2,56
09:34:46,25u,emailservice-66944ff59-4fvm9,11,94
09:34:46,25u,emailservice-66944ff59-txwj8,5,58
09:34:46,25u,frontend-7bd6f45654-7bcq6,165,27
09:34:46,25u,frontend-7bd6f45654-7gwtd,88,44
09:34:46,25u,frontend-7bd6f45654-xm79g,76,30
09:34:46,25u,paymentservice-9bfb7bf5-46sq4,6,76
09:34:46,25u,paymentservice-9bfb7bf5-pktv4,1,67
09:34:46,25u,paymentservice-9bfb7bf5-snj4k,4,119
09:34:46,25u,productcatalogservice-65bbf699df-8zzd2,109,42
09:34:46,25u,productcatalogservice-65bbf699df-qmltb,1,18
09:34:46,25u,productcatalogservice-65bbf699df-rh24h,34,22
09:34:46,25u,recommendationservice-7444754ff5-b7pgl,162,80
09:34:46,25u,recommendationservice-7444754ff5-hsxb8,2,51
09:34:46,25u,recommendationservice-7444754ff5-xm2x5,46,55
09:34:46,25u,redis-cart-c8ff86559-jrlvk,9,36
09:34:46,25u,shippingservice-f956b6d9f-2g46p,16,30
09:34:46,25u,shippingservice-f956b6d9f-4kzvq,2,16
09:34:46,25u,shippingservice-f956b6d9f-nmnfn,5,16
09:34:57,25u,adservice-574bff445c-grt9z,3,159
09:34:57,25u,adservice-574bff445c-h47zv,3,159
09:34:57,25u,adservice-574bff445c-wppcl,50,276
09:34:57,25u,cartservice-7c84fdfb6-hsn24,2,112
09:34:57,25u,cartservice-7c84fdfb6-s4cp2,100,167
09:34:57,25u,cartservice-7c84fdfb6-sf94w,9,135
09:34:57,25u,checkoutservice-5b6d96c9b7-cfmrc,5,35
09:34:57,25u,checkoutservice-5b6d96c9b7-h4wfv,6,19
09:34:57,25u,checkoutservice-5b6d96c9b7-jdqn7,12,22
09:34:57,25u,currencyservice-7c8fc8fc9c-dlzht,66,120
09:34:57,25u,currencyservice-7c8fc8fc9c-mvsgf,146,124
09:34:57,25u,currencyservice-7c8fc8fc9c-wqrfs,10,95
09:34:57,25u,emailservice-66944ff59-478c4,3,56
09:34:57,25u,emailservice-66944ff59-4fvm9,9,94
09:34:57,25u,emailservice-66944ff59-txwj8,5,58
09:34:57,25u,frontend-7bd6f45654-7bcq6,158,27
09:34:57,25u,frontend-7bd6f45654-7gwtd,86,44
09:34:57,25u,frontend-7bd6f45654-xm79g,75,30
09:34:57,25u,paymentservice-9bfb7bf5-46sq4,5,77
09:34:57,25u,paymentservice-9bfb7bf5-pktv4,1,67
09:34:57,25u,paymentservice-9bfb7bf5-snj4k,4,121
09:34:57,25u,productcatalogservice-65bbf699df-8zzd2,101,42
09:34:57,25u,productcatalogservice-65bbf699df-qmltb,1,18
09:34:57,25u,productcatalogservice-65bbf699df-rh24h,33,22
09:34:57,25u,recommendationservice-7444754ff5-b7pgl,153,80
09:34:57,25u,recommendationservice-7444754ff5-hsxb8,3,51
09:34:57,25u,recommendationservice-7444754ff5-xm2x5,46,55
09:34:57,25u,redis-cart-c8ff86559-jrlvk,8,36
09:34:57,25u,shippingservice-f956b6d9f-2g46p,15,30
09:34:57,25u,shippingservice-f956b6d9f-4kzvq,2,16
09:34:57,25u,shippingservice-f956b6d9f-nmnfn,4,16
09:35:07,25u,adservice-574bff445c-grt9z,4,159
09:35:07,25u,adservice-574bff445c-h47zv,4,160
09:35:07,25u,adservice-574bff445c-wppcl,25,276
09:35:07,25u,cartservice-7c84fdfb6-hsn24,1,112
09:35:07,25u,cartservice-7c84fdfb6-s4cp2,48,167
09:35:07,25u,cartservice-7c84fdfb6-sf94w,6,135
09:35:07,25u,checkoutservice-5b6d96c9b7-cfmrc,2,35
09:35:07,25u,checkoutservice-5b6d96c9b7-h4wfv,3,19
09:35:07,25u,checkoutservice-5b6d96c9b7-jdqn7,7,22
09:35:07,25u,currencyservice-7c8fc8fc9c-dlzht,35,119
09:35:07,25u,currencyservice-7c8fc8fc9c-mvsgf,65,124
09:35:07,25u,currencyservice-7c8fc8fc9c-wqrfs,6,95
09:35:07,25u,emailservice-66944ff59-478c4,3,56
09:35:07,25u,emailservice-66944ff59-4fvm9,7,94
09:35:07,25u,emailservice-66944ff59-txwj8,4,58
09:35:07,25u,frontend-7bd6f45654-7bcq6,74,27
09:35:07,25u,frontend-7bd6f45654-7gwtd,42,44
09:35:07,25u,frontend-7bd6f45654-xm79g,34,30
09:35:07,25u,paymentservice-9bfb7bf5-46sq4,3,77
09:35:07,25u,paymentservice-9bfb7bf5-pktv4,1,67
09:35:07,25u,paymentservice-9bfb7bf5-snj4k,3,121
09:35:07,25u,productcatalogservice-65bbf699df-8zzd2,49,42
09:35:07,25u,productcatalogservice-65bbf699df-qmltb,1,18
09:35:07,25u,productcatalogservice-65bbf699df-rh24h,16,22
09:35:07,25u,recommendationservice-7444754ff5-b7pgl,74,80
09:35:07,25u,recommendationservice-7444754ff5-hsxb8,3,51
09:35:07,25u,recommendationservice-7444754ff5-xm2x5,24,55
09:35:07,25u,redis-cart-c8ff86559-jrlvk,6,36
09:35:07,25u,shippingservice-f956b6d9f-2g46p,8,30
09:35:07,25u,shippingservice-f956b6d9f-4kzvq,2,16
09:35:07,25u,shippingservice-f956b6d9f-nmnfn,3,16
09:35:17,25u,adservice-574bff445c-grt9z,4,159
09:35:17,25u,adservice-574bff445c-h47zv,4,160
09:35:17,25u,adservice-574bff445c-wppcl,25,276
09:35:17,25u,cartservice-7c84fdfb6-hsn24,1,112
09:35:17,25u,cartservice-7c84fdfb6-s4cp2,48,167
09:35:17,25u,cartservice-7c84fdfb6-sf94w,6,135
09:35:17,25u,checkoutservice-5b6d96c9b7-cfmrc,2,35
09:35:17,25u,checkoutservice-5b6d96c9b7-h4wfv,3,19
09:35:17,25u,checkoutservice-5b6d96c9b7-jdqn7,7,22
09:35:17,25u,currencyservice-7c8fc8fc9c-dlzht,35,119
09:35:17,25u,currencyservice-7c8fc8fc9c-mvsgf,65,124
09:35:17,25u,currencyservice-7c8fc8fc9c-wqrfs,6,95
09:35:17,25u,emailservice-66944ff59-478c4,3,56
09:35:17,25u,emailservice-66944ff59-4fvm9,7,94
09:35:17,25u,emailservice-66944ff59-txwj8,4,58
09:35:17,25u,frontend-7bd6f45654-7bcq6,74,27
09:35:17,25u,frontend-7bd6f45654-7gwtd,42,44
09:35:17,25u,frontend-7bd6f45654-xm79g,34,30
09:35:17,25u,paymentservice-9bfb7bf5-46sq4,3,77
09:35:17,25u,paymentservice-9bfb7bf5-pktv4,1,67
09:35:17,25u,paymentservice-9bfb7bf5-snj4k,3,121
09:35:17,25u,productcatalogservice-65bbf699df-8zzd2,49,42
09:35:17,25u,productcatalogservice-65bbf699df-qmltb,1,18
09:35:17,25u,productcatalogservice-65bbf699df-rh24h,16,22
09:35:17,25u,recommendationservice-7444754ff5-b7pgl,74,80
09:35:17,25u,recommendationservice-7444754ff5-hsxb8,3,51
09:35:17,25u,recommendationservice-7444754ff5-xm2x5,24,55
09:35:17,25u,redis-cart-c8ff86559-jrlvk,6,36
09:35:17,25u,shippingservice-f956b6d9f-2g46p,8,30
09:35:17,25u,shippingservice-f956b6d9f-4kzvq,2,16
09:35:17,25u,shippingservice-f956b6d9f-nmnfn,3,16
09:35:27,25u,adservice-574bff445c-grt9z,6,159
09:35:27,25u,adservice-574bff445c-h47zv,7,160
09:35:27,25u,adservice-574bff445c-wppcl,2,276
09:35:27,25u,cartservice-7c84fdfb6-hsn24,1,112
09:35:27,25u,cartservice-7c84fdfb6-s4cp2,2,167
09:35:27,25u,cartservice-7c84fdfb6-sf94w,2,135
09:35:27,25u,checkoutservice-5b6d96c9b7-cfmrc,1,35
09:35:27,25u,checkoutservice-5b6d96c9b7-h4wfv,1,19
09:35:27,25u,checkoutservice-5b6d96c9b7-jdqn7,1,22
09:35:27,25u,currencyservice-7c8fc8fc9c-dlzht,1,119
09:35:27,25u,currencyservice-7c8fc8fc9c-mvsgf,1,125
09:35:27,25u,currencyservice-7c8fc8fc9c-wqrfs,1,95
09:35:27,25u,emailservice-66944ff59-478c4,3,56
09:35:27,25u,emailservice-66944ff59-4fvm9,3,94
09:35:27,25u,emailservice-66944ff59-txwj8,3,58
09:35:27,25u,frontend-7bd6f45654-7bcq6,1,27
09:35:27,25u,frontend-7bd6f45654-7gwtd,1,44
09:35:27,25u,frontend-7bd6f45654-xm79g,1,30
09:35:27,25u,paymentservice-9bfb7bf5-46sq4,1,77
09:35:27,25u,paymentservice-9bfb7bf5-pktv4,1,67
09:35:27,25u,paymentservice-9bfb7bf5-snj4k,1,121
09:35:27,25u,productcatalogservice-65bbf699df-8zzd2,1,42
09:35:27,25u,productcatalogservice-65bbf699df-qmltb,1,18
09:35:27,25u,productcatalogservice-65bbf699df-rh24h,1,22
09:35:27,25u,recommendationservice-7444754ff5-b7pgl,4,80
09:35:27,25u,recommendationservice-7444754ff5-hsxb8,3,51
09:35:27,25u,recommendationservice-7444754ff5-xm2x5,4,55
09:35:27,25u,redis-cart-c8ff86559-jrlvk,3,36
09:35:27,25u,shippingservice-f956b6d9f-2g46p,1,30
09:35:27,25u,shippingservice-f956b6d9f-4kzvq,1,16
09:35:27,25u,shippingservice-f956b6d9f-nmnfn,1,16
09:35:37,25u,adservice-574bff445c-grt9z,2,160
09:35:37,25u,adservice-574bff445c-h47zv,3,160
09:35:37,25u,adservice-574bff445c-wppcl,3,276
09:35:37,25u,cartservice-7c84fdfb6-hsn24,2,112
09:35:37,25u,cartservice-7c84fdfb6-s4cp2,2,167
09:35:37,25u,cartservice-7c84fdfb6-sf94w,2,135
09:35:37,25u,checkoutservice-5b6d96c9b7-cfmrc,1,35
09:35:37,25u,checkoutservice-5b6d96c9b7-h4wfv,1,19
09:35:37,25u,checkoutservice-5b6d96c9b7-jdqn7,1,22
09:35:37,25u,currencyservice-7c8fc8fc9c-dlzht,1,120
09:35:37,25u,currencyservice-7c8fc8fc9c-mvsgf,1,125
09:35:37,25u,currencyservice-7c8fc8fc9c-wqrfs,1,95
09:35:37,25u,emailservice-66944ff59-478c4,3,56
09:35:37,25u,emailservice-66944ff59-4fvm9,3,94
09:35:37,25u,emailservice-66944ff59-txwj8,3,58
09:35:37,25u,frontend-7bd6f45654-7bcq6,1,27
09:35:37,25u,frontend-7bd6f45654-7gwtd,1,44
09:35:37,25u,frontend-7bd6f45654-xm79g,1,30
09:35:37,25u,paymentservice-9bfb7bf5-46sq4,1,77
09:35:37,25u,paymentservice-9bfb7bf5-pktv4,1,67
09:35:37,25u,paymentservice-9bfb7bf5-snj4k,1,121
09:35:37,25u,productcatalogservice-65bbf699df-8zzd2,1,42
09:35:37,25u,productcatalogservice-65bbf699df-qmltb,1,18
09:35:37,25u,productcatalogservice-65bbf699df-rh24h,1,22
09:35:37,25u,recommendationservice-7444754ff5-b7pgl,3,80
09:35:37,25u,recommendationservice-7444754ff5-hsxb8,3,51
09:35:37,25u,recommendationservice-7444754ff5-xm2x5,4,55
09:35:37,25u,redis-cart-c8ff86559-jrlvk,3,36
09:35:37,25u,shippingservice-f956b6d9f-2g46p,1,30
09:35:37,25u,shippingservice-f956b6d9f-4kzvq,1,16
09:35:37,25u,shippingservice-f956b6d9f-nmnfn,1,16
09:35:47,25u,adservice-574bff445c-grt9z,2,160
09:35:47,25u,adservice-574bff445c-h47zv,3,160
09:35:47,25u,adservice-574bff445c-wppcl,3,276
09:35:47,25u,cartservice-7c84fdfb6-hsn24,2,112
09:35:47,25u,cartservice-7c84fdfb6-s4cp2,2,167
09:35:47,25u,cartservice-7c84fdfb6-sf94w,2,135
09:35:47,25u,checkoutservice-5b6d96c9b7-cfmrc,1,35
09:35:47,25u,checkoutservice-5b6d96c9b7-h4wfv,1,19
09:35:47,25u,checkoutservice-5b6d96c9b7-jdqn7,1,22
09:35:47,25u,currencyservice-7c8fc8fc9c-dlzht,1,120
09:35:47,25u,currencyservice-7c8fc8fc9c-mvsgf,1,125
09:35:47,25u,currencyservice-7c8fc8fc9c-wqrfs,1,95
09:35:47,25u,emailservice-66944ff59-478c4,3,56
09:35:47,25u,emailservice-66944ff59-4fvm9,3,94
09:35:47,25u,emailservice-66944ff59-txwj8,3,58
09:35:47,25u,frontend-7bd6f45654-7bcq6,1,27
09:35:47,25u,frontend-7bd6f45654-7gwtd,1,44
09:35:47,25u,frontend-7bd6f45654-xm79g,1,30
09:35:47,25u,paymentservice-9bfb7bf5-46sq4,1,77
09:35:47,25u,paymentservice-9bfb7bf5-pktv4,1,67
09:35:47,25u,paymentservice-9bfb7bf5-snj4k,1,121
09:35:47,25u,productcatalogservice-65bbf699df-8zzd2,1,42
09:35:47,25u,productcatalogservice-65bbf699df-qmltb,1,18
09:35:47,25u,productcatalogservice-65bbf699df-rh24h,1,22
09:35:47,25u,recommendationservice-7444754ff5-b7pgl,3,80
09:35:47,25u,recommendationservice-7444754ff5-hsxb8,3,51
09:35:47,25u,recommendationservice-7444754ff5-xm2x5,4,55
09:35:47,25u,redis-cart-c8ff86559-jrlvk,3,36
09:35:47,25u,shippingservice-f956b6d9f-2g46p,1,30
09:35:47,25u,shippingservice-f956b6d9f-4kzvq,1,16
09:35:47,25u,shippingservice-f956b6d9f-nmnfn,1,16
09:35:57,25u,adservice-574bff445c-grt9z,2,159
09:35:57,25u,adservice-574bff445c-h47zv,2,160
09:35:57,25u,adservice-574bff445c-wppcl,2,276
09:35:57,25u,cartservice-7c84fdfb6-hsn24,1,112
09:35:57,25u,cartservice-7c84fdfb6-s4cp2,3,167
09:35:57,25u,cartservice-7c84fdfb6-sf94w,2,135
09:35:57,25u,checkoutservice-5b6d96c9b7-cfmrc,1,35
09:35:57,25u,checkoutservice-5b6d96c9b7-h4wfv,1,19
09:35:57,25u,checkoutservice-5b6d96c9b7-jdqn7,1,22
09:35:57,25u,currencyservice-7c8fc8fc9c-dlzht,1,120
09:35:57,25u,currencyservice-7c8fc8fc9c-mvsgf,1,125
09:35:57,25u,currencyservice-7c8fc8fc9c-wqrfs,1,95
09:35:57,25u,emailservice-66944ff59-478c4,3,56
09:35:57,25u,emailservice-66944ff59-4fvm9,3,94
09:35:57,25u,emailservice-66944ff59-txwj8,3,58
09:35:57,25u,frontend-7bd6f45654-7bcq6,1,27
09:35:57,25u,frontend-7bd6f45654-7gwtd,1,44
09:35:57,25u,frontend-7bd6f45654-xm79g,1,30
09:35:57,25u,paymentservice-9bfb7bf5-46sq4,1,77
09:35:57,25u,paymentservice-9bfb7bf5-pktv4,1,67
09:35:57,25u,paymentservice-9bfb7bf5-snj4k,1,121
09:35:57,25u,productcatalogservice-65bbf699df-8zzd2,1,42
09:35:57,25u,productcatalogservice-65bbf699df-qmltb,1,18
09:35:57,25u,productcatalogservice-65bbf699df-rh24h,1,22
09:35:57,25u,recommendationservice-7444754ff5-b7pgl,3,80
09:35:57,25u,recommendationservice-7444754ff5-hsxb8,3,51
09:35:57,25u,recommendationservice-7444754ff5-xm2x5,3,55
09:35:57,25u,redis-cart-c8ff86559-jrlvk,3,36
09:35:57,25u,shippingservice-f956b6d9f-2g46p,1,30
09:35:57,25u,shippingservice-f956b6d9f-4kzvq,1,16
09:35:57,25u,shippingservice-f956b6d9f-nmnfn,1,16
09:36:08,50u,adservice-574bff445c-grt9z,2,160
09:36:08,50u,adservice-574bff445c-h47zv,2,162
09:36:08,50u,adservice-574bff445c-wppcl,8,276
09:36:08,50u,cartservice-7c84fdfb6-hsn24,1,112
09:36:08,50u,cartservice-7c84fdfb6-s4cp2,18,167
09:36:08,50u,cartservice-7c84fdfb6-sf94w,3,135
09:36:08,50u,checkoutservice-5b6d96c9b7-cfmrc,2,35
09:36:08,50u,checkoutservice-5b6d96c9b7-h4wfv,1,19
09:36:08,50u,checkoutservice-5b6d96c9b7-jdqn7,3,22
09:36:08,50u,currencyservice-7c8fc8fc9c-dlzht,6,119
09:36:08,50u,currencyservice-7c8fc8fc9c-mvsgf,23,125
09:36:08,50u,currencyservice-7c8fc8fc9c-wqrfs,2,95
09:36:08,50u,emailservice-66944ff59-478c4,3,56
09:36:08,50u,emailservice-66944ff59-4fvm9,4,94
09:36:08,50u,emailservice-66944ff59-txwj8,4,58
09:36:08,50u,frontend-7bd6f45654-7bcq6,21,27
09:36:08,50u,frontend-7bd6f45654-7gwtd,7,44
09:36:08,50u,frontend-7bd6f45654-xm79g,12,30
09:36:08,50u,paymentservice-9bfb7bf5-46sq4,2,77
09:36:08,50u,paymentservice-9bfb7bf5-pktv4,1,67
09:36:08,50u,paymentservice-9bfb7bf5-snj4k,2,121
09:36:08,50u,productcatalogservice-65bbf699df-8zzd2,12,42
09:36:08,50u,productcatalogservice-65bbf699df-qmltb,1,18
09:36:08,50u,productcatalogservice-65bbf699df-rh24h,5,22
09:36:08,50u,recommendationservice-7444754ff5-b7pgl,18,80
09:36:08,50u,recommendationservice-7444754ff5-hsxb8,3,51
09:36:08,50u,recommendationservice-7444754ff5-xm2x5,10,55
09:36:08,50u,redis-cart-c8ff86559-jrlvk,4,36
09:36:08,50u,shippingservice-f956b6d9f-2g46p,3,30
09:36:08,50u,shippingservice-f956b6d9f-4kzvq,1,16
09:36:08,50u,shippingservice-f956b6d9f-nmnfn,2,16
09:36:18,50u,adservice-574bff445c-grt9z,2,160
09:36:18,50u,adservice-574bff445c-h47zv,2,162
09:36:18,50u,adservice-574bff445c-wppcl,8,276
09:36:18,50u,cartservice-7c84fdfb6-hsn24,1,112
09:36:18,50u,cartservice-7c84fdfb6-s4cp2,18,167
09:36:18,50u,cartservice-7c84fdfb6-sf94w,3,135
09:36:18,50u,checkoutservice-5b6d96c9b7-cfmrc,2,35
09:36:18,50u,checkoutservice-5b6d96c9b7-h4wfv,1,19
09:36:18,50u,checkoutservice-5b6d96c9b7-jdqn7,3,22
09:36:18,50u,currencyservice-7c8fc8fc9c-dlzht,6,119
09:36:18,50u,currencyservice-7c8fc8fc9c-mvsgf,23,125
09:36:18,50u,currencyservice-7c8fc8fc9c-wqrfs,2,95
09:36:18,50u,emailservice-66944ff59-478c4,3,56
09:36:18,50u,emailservice-66944ff59-4fvm9,4,94
09:36:18,50u,emailservice-66944ff59-txwj8,4,58
09:36:18,50u,frontend-7bd6f45654-7bcq6,21,27
09:36:18,50u,frontend-7bd6f45654-7gwtd,7,44
09:36:18,50u,frontend-7bd6f45654-xm79g,12,30
09:36:18,50u,paymentservice-9bfb7bf5-46sq4,2,77
09:36:18,50u,paymentservice-9bfb7bf5-pktv4,1,67
09:36:18,50u,paymentservice-9bfb7bf5-snj4k,2,121
09:36:18,50u,productcatalogservice-65bbf699df-8zzd2,12,42
09:36:18,50u,productcatalogservice-65bbf699df-qmltb,1,18
09:36:18,50u,productcatalogservice-65bbf699df-rh24h,5,22
09:36:18,50u,recommendationservice-7444754ff5-b7pgl,18,80
09:36:18,50u,recommendationservice-7444754ff5-hsxb8,3,51
09:36:18,50u,recommendationservice-7444754ff5-xm2x5,10,55
09:36:18,50u,redis-cart-c8ff86559-jrlvk,4,36
09:36:18,50u,shippingservice-f956b6d9f-2g46p,3,30
09:36:18,50u,shippingservice-f956b6d9f-4kzvq,1,16
09:36:18,50u,shippingservice-f956b6d9f-nmnfn,2,16
09:36:28,50u,adservice-574bff445c-grt9z,2,160
09:36:28,50u,adservice-574bff445c-h47zv,1,162
09:36:28,50u,adservice-574bff445c-wppcl,47,276
09:36:28,50u,cartservice-7c84fdfb6-hsn24,1,112
09:36:28,50u,cartservice-7c84fdfb6-s4cp2,95,167
09:36:28,50u,cartservice-7c84fdfb6-sf94w,3,135
09:36:28,50u,checkoutservice-5b6d96c9b7-cfmrc,11,35
09:36:28,50u,checkoutservice-5b6d96c9b7-h4wfv,8,19
09:36:28,50u,checkoutservice-5b6d96c9b7-jdqn7,3,22
09:36:28,50u,currencyservice-7c8fc8fc9c-dlzht,92,121
09:36:28,50u,currencyservice-7c8fc8fc9c-mvsgf,121,124
09:36:28,50u,currencyservice-7c8fc8fc9c-wqrfs,3,95
09:36:28,50u,emailservice-66944ff59-478c4,2,56
09:36:28,50u,emailservice-66944ff59-4fvm9,9,94
09:36:28,50u,emailservice-66944ff59-txwj8,6,58
09:36:28,50u,frontend-7bd6f45654-7bcq6,66,27
09:36:28,50u,frontend-7bd6f45654-7gwtd,121,45
09:36:28,50u,frontend-7bd6f45654-xm79g,114,30
09:36:28,50u,paymentservice-9bfb7bf5-46sq4,2,77
09:36:28,50u,paymentservice-9bfb7bf5-pktv4,2,67
09:36:28,50u,paymentservice-9bfb7bf5-snj4k,9,121
09:36:28,50u,productcatalogservice-65bbf699df-8zzd2,85,42
09:36:28,50u,productcatalogservice-65bbf699df-qmltb,1,18
09:36:28,50u,productcatalogservice-65bbf699df-rh24h,46,22
09:36:28,50u,recommendationservice-7444754ff5-b7pgl,118,80
09:36:28,50u,recommendationservice-7444754ff5-hsxb8,3,51
09:36:28,50u,recommendationservice-7444754ff5-xm2x5,75,55
09:36:28,50u,redis-cart-c8ff86559-jrlvk,8,36
09:36:28,50u,shippingservice-f956b6d9f-2g46p,16,30
09:36:28,50u,shippingservice-f956b6d9f-4kzvq,3,16
09:36:28,50u,shippingservice-f956b6d9f-nmnfn,2,16
09:36:38,50u,adservice-574bff445c-grt9z,2,160
09:36:38,50u,adservice-574bff445c-h47zv,2,162
09:36:38,50u,adservice-574bff445c-wppcl,43,277
09:36:38,50u,cartservice-7c84fdfb6-hsn24,1,112
09:36:38,50u,cartservice-7c84fdfb6-s4cp2,87,167
09:36:38,50u,cartservice-7c84fdfb6-sf94w,5,135
09:36:38,50u,checkoutservice-5b6d96c9b7-cfmrc,6,35
09:36:38,50u,checkoutservice-5b6d96c9b7-h4wfv,10,19
09:36:38,50u,checkoutservice-5b6d96c9b7-jdqn7,7,22
09:36:38,50u,currencyservice-7c8fc8fc9c-dlzht,78,122
09:36:38,50u,currencyservice-7c8fc8fc9c-mvsgf,103,125
09:36:38,50u,currencyservice-7c8fc8fc9c-wqrfs,5,95
09:36:38,50u,emailservice-66944ff59-478c4,3,56
09:36:38,50u,emailservice-66944ff59-4fvm9,7,94
09:36:38,50u,emailservice-66944ff59-txwj8,7,58
09:36:38,50u,frontend-7bd6f45654-7bcq6,66,27
09:36:38,50u,frontend-7bd6f45654-7gwtd,104,44
09:36:38,50u,frontend-7bd6f45654-xm79g,105,29
09:36:38,50u,paymentservice-9bfb7bf5-46sq4,3,77
09:36:38,50u,paymentservice-9bfb7bf5-pktv4,1,67
09:36:38,50u,paymentservice-9bfb7bf5-snj4k,7,122
09:36:38,50u,productcatalogservice-65bbf699df-8zzd2,74,42
09:36:38,50u,productcatalogservice-65bbf699df-qmltb,1,18
09:36:38,50u,productcatalogservice-65bbf699df-rh24h,45,22
09:36:38,50u,recommendationservice-7444754ff5-b7pgl,112,80
09:36:38,50u,recommendationservice-7444754ff5-hsxb8,3,51
09:36:38,50u,recommendationservice-7444754ff5-xm2x5,78,55
09:36:38,50u,redis-cart-c8ff86559-jrlvk,7,36
09:36:38,50u,shippingservice-f956b6d9f-2g46p,15,30
09:36:38,50u,shippingservice-f956b6d9f-4kzvq,4,16
09:36:38,50u,shippingservice-f956b6d9f-nmnfn,2,16
09:36:48,50u,adservice-574bff445c-grt9z,2,160
09:36:48,50u,adservice-574bff445c-h47zv,2,162
09:36:48,50u,adservice-574bff445c-wppcl,43,277
09:36:48,50u,cartservice-7c84fdfb6-hsn24,1,112
09:36:48,50u,cartservice-7c84fdfb6-s4cp2,87,167
09:36:48,50u,cartservice-7c84fdfb6-sf94w,5,135
09:36:48,50u,checkoutservice-5b6d96c9b7-cfmrc,6,35
09:36:48,50u,checkoutservice-5b6d96c9b7-h4wfv,10,19
09:36:48,50u,checkoutservice-5b6d96c9b7-jdqn7,7,22
09:36:48,50u,currencyservice-7c8fc8fc9c-dlzht,78,122
09:36:48,50u,currencyservice-7c8fc8fc9c-mvsgf,103,125
09:36:48,50u,currencyservice-7c8fc8fc9c-wqrfs,5,95
09:36:48,50u,emailservice-66944ff59-478c4,3,56
09:36:48,50u,emailservice-66944ff59-4fvm9,7,94
09:36:48,50u,emailservice-66944ff59-txwj8,7,58
09:36:48,50u,frontend-7bd6f45654-7bcq6,66,27
09:36:48,50u,frontend-7bd6f45654-7gwtd,104,44
09:36:48,50u,frontend-7bd6f45654-xm79g,105,29
09:36:48,50u,paymentservice-9bfb7bf5-46sq4,3,77
09:36:48,50u,paymentservice-9bfb7bf5-pktv4,1,67
09:36:48,50u,paymentservice-9bfb7bf5-snj4k,7,122
09:36:48,50u,productcatalogservice-65bbf699df-8zzd2,74,42
09:36:48,50u,productcatalogservice-65bbf699df-qmltb,1,18
09:36:48,50u,productcatalogservice-65bbf699df-rh24h,45,22
09:36:48,50u,recommendationservice-7444754ff5-b7pgl,112,80
09:36:48,50u,recommendationservice-7444754ff5-hsxb8,3,51
09:36:48,50u,recommendationservice-7444754ff5-xm2x5,78,55
09:36:48,50u,redis-cart-c8ff86559-jrlvk,7,36
09:36:48,50u,shippingservice-f956b6d9f-2g46p,15,30
09:36:48,50u,shippingservice-f956b6d9f-4kzvq,4,16
09:36:48,50u,shippingservice-f956b6d9f-nmnfn,2,16
09:36:58,50u,adservice-574bff445c-grt9z,2,160
09:36:58,50u,adservice-574bff445c-h47zv,3,162
09:36:58,50u,adservice-574bff445c-wppcl,51,277
09:36:58,50u,cartservice-7c84fdfb6-hsn24,1,112
09:36:58,50u,cartservice-7c84fdfb6-s4cp2,109,167
09:36:58,50u,cartservice-7c84fdfb6-sf94w,4,135
09:36:58,50u,checkoutservice-5b6d96c9b7-cfmrc,12,34
09:36:58,50u,checkoutservice-5b6d96c9b7-h4wfv,7,19
09:36:58,50u,checkoutservice-5b6d96c9b7-jdqn7,5,22
09:36:58,50u,currencyservice-7c8fc8fc9c-dlzht,113,121
09:36:58,50u,currencyservice-7c8fc8fc9c-mvsgf,121,124
09:36:58,50u,currencyservice-7c8fc8fc9c-wqrfs,4,95
09:36:58,50u,emailservice-66944ff59-478c4,3,56
09:36:58,50u,emailservice-66944ff59-4fvm9,9,94
09:36:58,50u,emailservice-66944ff59-txwj8,6,58
09:36:58,50u,frontend-7bd6f45654-7bcq6,76,27
09:36:58,50u,frontend-7bd6f45654-7gwtd,152,46
09:36:58,50u,frontend-7bd6f45654-xm79g,103,30
09:36:58,50u,paymentservice-9bfb7bf5-46sq4,3,77
09:36:58,50u,paymentservice-9bfb7bf5-pktv4,1,67
09:36:58,50u,paymentservice-9bfb7bf5-snj4k,8,122
09:36:58,50u,productcatalogservice-65bbf699df-8zzd2,101,42
09:36:58,50u,productcatalogservice-65bbf699df-qmltb,1,18
09:36:58,50u,productcatalogservice-65bbf699df-rh24h,41,22
09:36:58,50u,recommendationservice-7444754ff5-b7pgl,148,81
09:36:58,50u,recommendationservice-7444754ff5-hsxb8,3,51
09:36:58,50u,recommendationservice-7444754ff5-xm2x5,63,55
09:36:58,50u,redis-cart-c8ff86559-jrlvk,9,36
09:36:58,50u,shippingservice-f956b6d9f-2g46p,17,30
09:36:58,50u,shippingservice-f956b6d9f-4kzvq,3,16
09:36:58,50u,shippingservice-f956b6d9f-nmnfn,2,16
09:37:08,50u,adservice-574bff445c-grt9z,2,160
09:37:08,50u,adservice-574bff445c-h47zv,2,162
09:37:08,50u,adservice-574bff445c-wppcl,60,277
09:37:08,50u,cartservice-7c84fdfb6-hsn24,1,112
09:37:08,50u,cartservice-7c84fdfb6-s4cp2,114,168
09:37:08,50u,cartservice-7c84fdfb6-sf94w,7,135
09:37:08,50u,checkoutservice-5b6d96c9b7-cfmrc,13,35
09:37:08,50u,checkoutservice-5b6d96c9b7-h4wfv,5,19
09:37:08,50u,checkoutservice-5b6d96c9b7-jdqn7,7,22
09:37:08,50u,currencyservice-7c8fc8fc9c-dlzht,122,122
09:37:08,50u,currencyservice-7c8fc8fc9c-mvsgf,133,125
09:37:08,50u,currencyservice-7c8fc8fc9c-wqrfs,6,96
09:37:08,50u,emailservice-66944ff59-478c4,3,56
09:37:08,50u,emailservice-66944ff59-4fvm9,11,94
09:37:08,50u,emailservice-66944ff59-txwj8,5,58
09:37:08,50u,frontend-7bd6f45654-7bcq6,100,27
09:37:08,50u,frontend-7bd6f45654-7gwtd,165,45
09:37:08,50u,frontend-7bd6f45654-xm79g,108,30
09:37:08,50u,paymentservice-9bfb7bf5-46sq4,3,77
09:37:08,50u,paymentservice-9bfb7bf5-pktv4,1,67
09:37:08,50u,paymentservice-9bfb7bf5-snj4k,7,122
09:37:08,50u,productcatalogservice-65bbf699df-8zzd2,110,42
09:37:08,50u,productcatalogservice-65bbf699df-qmltb,1,19
09:37:08,50u,productcatalogservice-65bbf699df-rh24h,44,22
09:37:08,50u,recommendationservice-7444754ff5-b7pgl,179,81
09:37:08,50u,recommendationservice-7444754ff5-hsxb8,3,51
09:37:08,50u,recommendationservice-7444754ff5-xm2x5,68,55
09:37:08,50u,redis-cart-c8ff86559-jrlvk,9,36
09:37:08,50u,shippingservice-f956b6d9f-2g46p,19,30
09:37:08,50u,shippingservice-f956b6d9f-4kzvq,2,16
09:37:08,50u,shippingservice-f956b6d9f-nmnfn,3,16
09:37:19,50u,adservice-574bff445c-grt9z,2,160
09:37:19,50u,adservice-574bff445c-h47zv,2,162
09:37:19,50u,adservice-574bff445c-wppcl,60,277
09:37:19,50u,cartservice-7c84fdfb6-hsn24,1,112
09:37:19,50u,cartservice-7c84fdfb6-s4cp2,114,168
09:37:19,50u,cartservice-7c84fdfb6-sf94w,7,135
09:37:19,50u,checkoutservice-5b6d96c9b7-cfmrc,13,35
09:37:19,50u,checkoutservice-5b6d96c9b7-h4wfv,5,19
09:37:19,50u,checkoutservice-5b6d96c9b7-jdqn7,7,22
09:37:19,50u,currencyservice-7c8fc8fc9c-dlzht,122,122
09:37:19,50u,currencyservice-7c8fc8fc9c-mvsgf,133,125
09:37:19,50u,currencyservice-7c8fc8fc9c-wqrfs,6,96
09:37:19,50u,emailservice-66944ff59-478c4,3,56
09:37:19,50u,emailservice-66944ff59-4fvm9,11,94
09:37:19,50u,emailservice-66944ff59-txwj8,5,58
09:37:19,50u,frontend-7bd6f45654-7bcq6,100,27
09:37:19,50u,frontend-7bd6f45654-7gwtd,165,45
09:37:19,50u,frontend-7bd6f45654-xm79g,108,30
09:37:19,50u,paymentservice-9bfb7bf5-46sq4,3,77
09:37:19,50u,paymentservice-9bfb7bf5-pktv4,1,67
09:37:19,50u,paymentservice-9bfb7bf5-snj4k,7,122
09:37:19,50u,productcatalogservice-65bbf699df-8zzd2,110,42
09:37:19,50u,productcatalogservice-65bbf699df-qmltb,1,19
09:37:19,50u,productcatalogservice-65bbf699df-rh24h,44,22
09:37:19,50u,recommendationservice-7444754ff5-b7pgl,179,81
09:37:19,50u,recommendationservice-7444754ff5-hsxb8,3,51
09:37:19,50u,recommendationservice-7444754ff5-xm2x5,68,55
09:37:19,50u,redis-cart-c8ff86559-jrlvk,9,36
09:37:19,50u,shippingservice-f956b6d9f-2g46p,19,30
09:37:19,50u,shippingservice-f956b6d9f-4kzvq,2,16
09:37:19,50u,shippingservice-f956b6d9f-nmnfn,3,16
09:37:29,50u,adservice-574bff445c-grt9z,3,160
09:37:29,50u,adservice-574bff445c-h47zv,2,163
09:37:29,50u,adservice-574bff445c-wppcl,59,277
09:37:29,50u,cartservice-7c84fdfb6-hsn24,1,113
09:37:29,50u,cartservice-7c84fdfb6-s4cp2,117,168
09:37:29,50u,cartservice-7c84fdfb6-sf94w,7,135
09:37:29,50u,checkoutservice-5b6d96c9b7-cfmrc,17,35
09:37:29,50u,checkoutservice-5b6d96c9b7-h4wfv,8,19
09:37:29,50u,checkoutservice-5b6d96c9b7-jdqn7,8,22
09:37:29,50u,currencyservice-7c8fc8fc9c-dlzht,124,124
09:37:29,50u,currencyservice-7c8fc8fc9c-mvsgf,138,124
09:37:29,50u,currencyservice-7c8fc8fc9c-wqrfs,7,96
09:37:29,50u,emailservice-66944ff59-478c4,3,56
09:37:29,50u,emailservice-66944ff59-4fvm9,13,94
09:37:29,50u,emailservice-66944ff59-txwj8,6,58
09:37:29,50u,frontend-7bd6f45654-7bcq6,100,27
09:37:29,50u,frontend-7bd6f45654-7gwtd,162,45
09:37:29,50u,frontend-7bd6f45654-xm79g,109,30
09:37:29,50u,paymentservice-9bfb7bf5-46sq4,4,77
09:37:29,50u,paymentservice-9bfb7bf5-pktv4,1,68
09:37:29,50u,paymentservice-9bfb7bf5-snj4k,9,122
09:37:29,50u,productcatalogservice-65bbf699df-8zzd2,110,42
09:37:29,50u,productcatalogservice-65bbf699df-qmltb,1,19
09:37:29,50u,productcatalogservice-65bbf699df-rh24h,45,22
09:37:29,50u,recommendationservice-7444754ff5-b7pgl,177,81
09:37:29,50u,recommendationservice-7444754ff5-hsxb8,3,51
09:37:29,50u,recommendationservice-7444754ff5-xm2x5,71,55
09:37:29,50u,redis-cart-c8ff86559-jrlvk,10,36
09:37:29,50u,shippingservice-f956b6d9f-2g46p,20,30
09:37:29,50u,shippingservice-f956b6d9f-4kzvq,3,16
09:37:29,50u,shippingservice-f956b6d9f-nmnfn,3,16
09:37:39,50u,adservice-574bff445c-grt9z,2,160
09:37:39,50u,adservice-574bff445c-h47zv,2,163
09:37:39,50u,adservice-574bff445c-wppcl,64,277
09:37:39,50u,cartservice-7c84fdfb6-hsn24,1,113
09:37:39,50u,cartservice-7c84fdfb6-s4cp2,129,168
09:37:39,50u,cartservice-7c84fdfb6-sf94w,6,135
09:37:39,50u,checkoutservice-5b6d96c9b7-cfmrc,12,35
09:37:39,50u,checkoutservice-5b6d96c9b7-h4wfv,9,19
09:37:39,50u,checkoutservice-5b6d96c9b7-jdqn7,7,22
09:37:39,50u,currencyservice-7c8fc8fc9c-dlzht,133,124
09:37:39,50u,currencyservice-7c8fc8fc9c-mvsgf,147,125
09:37:39,50u,currencyservice-7c8fc8fc9c-wqrfs,7,96
09:37:39,50u,emailservice-66944ff59-478c4,3,56
09:37:39,50u,emailservice-66944ff59-4fvm9,10,94
09:37:39,50u,emailservice-66944ff59-txwj8,6,58
09:37:39,50u,frontend-7bd6f45654-7bcq6,112,27
09:37:39,50u,frontend-7bd6f45654-7gwtd,179,45
09:37:39,50u,frontend-7bd6f45654-xm79g,119,30
09:37:39,50u,paymentservice-9bfb7bf5-46sq4,3,77
09:37:39,50u,paymentservice-9bfb7bf5-pktv4,1,67
09:37:39,50u,paymentservice-9bfb7bf5-snj4k,8,122
09:37:39,50u,productcatalogservice-65bbf699df-8zzd2,119,42
09:37:39,50u,productcatalogservice-65bbf699df-qmltb,1,19
09:37:39,50u,productcatalogservice-65bbf699df-rh24h,49,22
09:37:39,50u,recommendationservice-7444754ff5-b7pgl,191,81
09:37:39,50u,recommendationservice-7444754ff5-hsxb8,3,51
09:37:39,50u,recommendationservice-7444754ff5-xm2x5,78,55
09:37:39,50u,redis-cart-c8ff86559-jrlvk,10,36
09:37:39,50u,shippingservice-f956b6d9f-2g46p,21,30
09:37:39,50u,shippingservice-f956b6d9f-4kzvq,3,16
09:37:39,50u,shippingservice-f956b6d9f-nmnfn,2,16
09:37:49,50u,adservice-574bff445c-grt9z,2,160
09:37:49,50u,adservice-574bff445c-h47zv,2,163
09:37:49,50u,adservice-574bff445c-wppcl,70,277
09:37:49,50u,cartservice-7c84fdfb6-hsn24,1,112
09:37:49,50u,cartservice-7c84fdfb6-s4cp2,147,168
09:37:49,50u,cartservice-7c84fdfb6-sf94w,6,135
09:37:49,50u,checkoutservice-5b6d96c9b7-cfmrc,18,35
09:37:49,50u,checkoutservice-5b6d96c9b7-h4wfv,7,19
09:37:49,50u,checkoutservice-5b6d96c9b7-jdqn7,7,22
09:37:49,50u,currencyservice-7c8fc8fc9c-dlzht,140,124
09:37:49,50u,currencyservice-7c8fc8fc9c-mvsgf,151,126
09:37:49,50u,currencyservice-7c8fc8fc9c-wqrfs,5,96
09:37:49,50u,emailservice-66944ff59-478c4,2,56
09:37:49,50u,emailservice-66944ff59-4fvm9,12,94
09:37:49,50u,emailservice-66944ff59-txwj8,5,58
09:37:49,50u,frontend-7bd6f45654-7bcq6,109,27
09:37:49,50u,frontend-7bd6f45654-7gwtd,186,46
09:37:49,50u,frontend-7bd6f45654-xm79g,122,30
09:37:49,50u,paymentservice-9bfb7bf5-46sq4,3,77
09:37:49,50u,paymentservice-9bfb7bf5-pktv4,1,67
09:37:49,50u,paymentservice-9bfb7bf5-snj4k,9,122
09:37:49,50u,productcatalogservice-65bbf699df-8zzd2,123,42
09:37:49,50u,productcatalogservice-65bbf699df-qmltb,1,19
09:37:49,50u,productcatalogservice-65bbf699df-rh24h,50,22
09:37:49,50u,recommendationservice-7444754ff5-b7pgl,201,81
09:37:49,50u,recommendationservice-7444754ff5-hsxb8,2,51
09:37:49,50u,recommendationservice-7444754ff5-xm2x5,77,55
09:37:49,50u,redis-cart-c8ff86559-jrlvk,10,36
09:37:49,50u,shippingservice-f956b6d9f-2g46p,23,31
09:37:49,50u,shippingservice-f956b6d9f-4kzvq,2,16
09:37:49,50u,shippingservice-f956b6d9f-nmnfn,2,16
09:37:59,50u,adservice-574bff445c-grt9z,2,160
09:37:59,50u,adservice-574bff445c-h47zv,2,163
09:37:59,50u,adservice-574bff445c-wppcl,70,277
09:37:59,50u,cartservice-7c84fdfb6-hsn24,1,112
09:37:59,50u,cartservice-7c84fdfb6-s4cp2,147,168
09:37:59,50u,cartservice-7c84fdfb6-sf94w,6,135
09:37:59,50u,checkoutservice-5b6d96c9b7-cfmrc,18,35
09:37:59,50u,checkoutservice-5b6d96c9b7-h4wfv,7,19
09:37:59,50u,checkoutservice-5b6d96c9b7-jdqn7,7,22
09:37:59,50u,currencyservice-7c8fc8fc9c-dlzht,140,124
09:37:59,50u,currencyservice-7c8fc8fc9c-mvsgf,151,126
09:37:59,50u,currencyservice-7c8fc8fc9c-wqrfs,5,96
09:37:59,50u,emailservice-66944ff59-478c4,2,56
09:37:59,50u,emailservice-66944ff59-4fvm9,12,94
09:37:59,50u,emailservice-66944ff59-txwj8,5,58
09:37:59,50u,frontend-7bd6f45654-7bcq6,109,27
09:37:59,50u,frontend-7bd6f45654-7gwtd,186,46
09:37:59,50u,frontend-7bd6f45654-xm79g,122,30
09:37:59,50u,paymentservice-9bfb7bf5-46sq4,3,77
09:37:59,50u,paymentservice-9bfb7bf5-pktv4,1,67
09:37:59,50u,paymentservice-9bfb7bf5-snj4k,9,122
09:37:59,50u,productcatalogservice-65bbf699df-8zzd2,123,42
09:37:59,50u,productcatalogservice-65bbf699df-qmltb,1,19
09:37:59,50u,productcatalogservice-65bbf699df-rh24h,50,22
09:37:59,50u,recommendationservice-7444754ff5-b7pgl,201,81
09:37:59,50u,recommendationservice-7444754ff5-hsxb8,2,51
09:37:59,50u,recommendationservice-7444754ff5-xm2x5,77,55
09:37:59,50u,redis-cart-c8ff86559-jrlvk,10,36
09:37:59,50u,shippingservice-f956b6d9f-2g46p,23,31
09:37:59,50u,shippingservice-f956b6d9f-4kzvq,2,16
09:37:59,50u,shippingservice-f956b6d9f-nmnfn,2,16
09:38:09,50u,adservice-574bff445c-grt9z,2,162
09:38:09,50u,adservice-574bff445c-h47zv,2,163
09:38:09,50u,adservice-574bff445c-wppcl,65,277
09:38:09,50u,cartservice-7c84fdfb6-hsn24,1,112
09:38:09,50u,cartservice-7c84fdfb6-s4cp2,151,168
09:38:09,50u,cartservice-7c84fdfb6-sf94w,5,135
09:38:09,50u,checkoutservice-5b6d96c9b7-cfmrc,14,35
09:38:09,50u,checkoutservice-5b6d96c9b7-h4wfv,8,19
09:38:09,50u,checkoutservice-5b6d96c9b7-jdqn7,5,22
09:38:09,50u,currencyservice-7c8fc8fc9c-dlzht,135,124
09:38:09,50u,currencyservice-7c8fc8fc9c-mvsgf,151,126
09:38:09,50u,currencyservice-7c8fc8fc9c-wqrfs,5,96
09:38:09,50u,emailservice-66944ff59-478c4,3,56
09:38:09,50u,emailservice-66944ff59-4fvm9,10,94
09:38:09,50u,emailservice-66944ff59-txwj8,6,58
09:38:09,50u,frontend-7bd6f45654-7bcq6,112,27
09:38:09,50u,frontend-7bd6f45654-7gwtd,182,45
09:38:09,50u,frontend-7bd6f45654-xm79g,127,30
09:38:09,50u,paymentservice-9bfb7bf5-46sq4,3,77
09:38:09,50u,paymentservice-9bfb7bf5-pktv4,1,67
09:38:09,50u,paymentservice-9bfb7bf5-snj4k,8,123
09:38:09,50u,productcatalogservice-65bbf699df-8zzd2,124,42
09:38:09,50u,productcatalogservice-65bbf699df-qmltb,1,19
09:38:09,50u,productcatalogservice-65bbf699df-rh24h,53,22
09:38:09,50u,recommendationservice-7444754ff5-b7pgl,199,81
09:38:09,50u,recommendationservice-7444754ff5-hsxb8,2,51
09:38:09,50u,recommendationservice-7444754ff5-xm2x5,79,55
09:38:09,50u,redis-cart-c8ff86559-jrlvk,10,36
09:38:09,50u,shippingservice-f956b6d9f-2g46p,23,30
09:38:09,50u,shippingservice-f956b6d9f-4kzvq,3,16
09:38:09,50u,shippingservice-f956b6d9f-nmnfn,2,16
09:38:19,50u,adservice-574bff445c-grt9z,2,162
09:38:19,50u,adservice-574bff445c-h47zv,3,163
09:38:19,50u,adservice-574bff445c-wppcl,63,277
09:38:19,50u,cartservice-7c84fdfb6-hsn24,1,112
09:38:19,50u,cartservice-7c84fdfb6-s4cp2,146,168
09:38:19,50u,cartservice-7c84fdfb6-sf94w,7,135
09:38:19,50u,checkoutservice-5b6d96c9b7-cfmrc,17,35
09:38:19,50u,checkoutservice-5b6d96c9b7-h4wfv,9,19
09:38:19,50u,checkoutservice-5b6d96c9b7-jdqn7,8,22
09:38:19,50u,currencyservice-7c8fc8fc9c-dlzht,137,124
09:38:19,50u,currencyservice-7c8fc8fc9c-mvsgf,149,125
09:38:19,50u,currencyservice-7c8fc8fc9c-wqrfs,7,96
09:38:19,50u,emailservice-66944ff59-478c4,3,56
09:38:19,50u,emailservice-66944ff59-4fvm9,12,94
09:38:19,50u,emailservice-66944ff59-txwj8,6,58
09:38:19,50u,frontend-7bd6f45654-7bcq6,110,27
09:38:19,50u,frontend-7bd6f45654-7gwtd,183,46
09:38:19,50u,frontend-7bd6f45654-xm79g,123,30
09:38:19,50u,paymentservice-9bfb7bf5-46sq4,3,77
09:38:19,50u,paymentservice-9bfb7bf5-pktv4,1,67
09:38:19,50u,paymentservice-9bfb7bf5-snj4k,10,123
09:38:19,50u,productcatalogservice-65bbf699df-8zzd2,124,42
09:38:19,50u,productcatalogservice-65bbf699df-qmltb,1,19
09:38:19,50u,productcatalogservice-65bbf699df-rh24h,50,22
09:38:19,50u,recommendationservice-7444754ff5-b7pgl,201,81
09:38:19,50u,recommendationservice-7444754ff5-hsxb8,2,51
09:38:19,50u,recommendationservice-7444754ff5-xm2x5,77,55
09:38:19,50u,redis-cart-c8ff86559-jrlvk,10,36
09:38:19,50u,shippingservice-f956b6d9f-2g46p,24,31
09:38:19,50u,shippingservice-f956b6d9f-4kzvq,3,16
09:38:19,50u,shippingservice-f956b6d9f-nmnfn,3,16
09:38:30,50u,adservice-574bff445c-grt9z,2,162
09:38:30,50u,adservice-574bff445c-h47zv,3,163
09:38:30,50u,adservice-574bff445c-wppcl,63,277
09:38:30,50u,cartservice-7c84fdfb6-hsn24,1,112
09:38:30,50u,cartservice-7c84fdfb6-s4cp2,146,168
09:38:30,50u,cartservice-7c84fdfb6-sf94w,7,135
09:38:30,50u,checkoutservice-5b6d96c9b7-cfmrc,17,35
09:38:30,50u,checkoutservice-5b6d96c9b7-h4wfv,9,19
09:38:30,50u,checkoutservice-5b6d96c9b7-jdqn7,8,22
09:38:30,50u,currencyservice-7c8fc8fc9c-dlzht,137,124
09:38:30,50u,currencyservice-7c8fc8fc9c-mvsgf,149,125
09:38:30,50u,currencyservice-7c8fc8fc9c-wqrfs,7,96
09:38:30,50u,emailservice-66944ff59-478c4,3,56
09:38:30,50u,emailservice-66944ff59-4fvm9,12,94
09:38:30,50u,emailservice-66944ff59-txwj8,6,58
09:38:30,50u,frontend-7bd6f45654-7bcq6,110,27
09:38:30,50u,frontend-7bd6f45654-7gwtd,183,46
09:38:30,50u,frontend-7bd6f45654-xm79g,123,30
09:38:30,50u,paymentservice-9bfb7bf5-46sq4,3,77
09:38:30,50u,paymentservice-9bfb7bf5-pktv4,1,67
09:38:30,50u,paymentservice-9bfb7bf5-snj4k,10,123
09:38:30,50u,productcatalogservice-65bbf699df-8zzd2,124,42
09:38:30,50u,productcatalogservice-65bbf699df-qmltb,1,19
09:38:30,50u,productcatalogservice-65bbf699df-rh24h,50,22
09:38:30,50u,recommendationservice-7444754ff5-b7pgl,201,81
09:38:30,50u,recommendationservice-7444754ff5-hsxb8,2,51
09:38:30,50u,recommendationservice-7444754ff5-xm2x5,77,55
09:38:30,50u,redis-cart-c8ff86559-jrlvk,10,36
09:38:30,50u,shippingservice-f956b6d9f-2g46p,24,31
09:38:30,50u,shippingservice-f956b6d9f-4kzvq,3,16
09:38:30,50u,shippingservice-f956b6d9f-nmnfn,3,16
09:38:40,50u,adservice-574bff445c-grt9z,2,162
09:38:40,50u,adservice-574bff445c-h47zv,2,163
09:38:40,50u,adservice-574bff445c-wppcl,44,277
09:38:40,50u,cartservice-7c84fdfb6-hsn24,2,113
09:38:40,50u,cartservice-7c84fdfb6-s4cp2,87,168
09:38:40,50u,cartservice-7c84fdfb6-sf94w,4,135
09:38:40,50u,checkoutservice-5b6d96c9b7-cfmrc,10,35
09:38:40,50u,checkoutservice-5b6d96c9b7-h4wfv,8,19
09:38:40,50u,checkoutservice-5b6d96c9b7-jdqn7,3,22
09:38:40,50u,currencyservice-7c8fc8fc9c-dlzht,90,124
09:38:40,50u,currencyservice-7c8fc8fc9c-mvsgf,98,125
09:38:40,50u,currencyservice-7c8fc8fc9c-wqrfs,3,96
09:38:40,50u,emailservice-66944ff59-478c4,3,56
09:38:40,50u,emailservice-66944ff59-4fvm9,8,94
09:38:40,50u,emailservice-66944ff59-txwj8,6,58
09:38:40,50u,frontend-7bd6f45654-7bcq6,74,27
09:38:40,50u,frontend-7bd6f45654-7gwtd,122,46
09:38:40,50u,frontend-7bd6f45654-xm79g,80,30
09:38:40,50u,paymentservice-9bfb7bf5-46sq4,2,77
09:38:40,50u,paymentservice-9bfb7bf5-pktv4,1,68
09:38:40,50u,paymentservice-9bfb7bf5-snj4k,7,123
09:38:40,50u,productcatalogservice-65bbf699df-8zzd2,81,42
09:38:40,50u,productcatalogservice-65bbf699df-qmltb,1,19
09:38:40,50u,productcatalogservice-65bbf699df-rh24h,33,22
09:38:40,50u,recommendationservice-7444754ff5-b7pgl,131,80
09:38:40,50u,recommendationservice-7444754ff5-hsxb8,3,51
09:38:40,50u,recommendationservice-7444754ff5-xm2x5,53,55
09:38:40,50u,redis-cart-c8ff86559-jrlvk,9,36
09:38:40,50u,shippingservice-f956b6d9f-2g46p,15,30
09:38:40,50u,shippingservice-f956b6d9f-4kzvq,3,16
09:38:40,50u,shippingservice-f956b6d9f-nmnfn,1,16
09:38:50,50u,adservice-574bff445c-grt9z,2,162
09:38:50,50u,adservice-574bff445c-h47zv,2,163
09:38:50,50u,adservice-574bff445c-wppcl,1,277
09:38:50,50u,cartservice-7c84fdfb6-hsn24,1,113
09:38:50,50u,cartservice-7c84fdfb6-s4cp2,2,168
09:38:50,50u,cartservice-7c84fdfb6-sf94w,2,135
09:38:50,50u,checkoutservice-5b6d96c9b7-cfmrc,1,35
09:38:50,50u,checkoutservice-5b6d96c9b7-h4wfv,1,19
09:38:50,50u,checkoutservice-5b6d96c9b7-jdqn7,1,22
09:38:50,50u,currencyservice-7c8fc8fc9c-dlzht,1,124
09:38:50,50u,currencyservice-7c8fc8fc9c-mvsgf,1,125
09:38:50,50u,currencyservice-7c8fc8fc9c-wqrfs,1,96
09:38:50,50u,emailservice-66944ff59-478c4,3,56
09:38:50,50u,emailservice-66944ff59-4fvm9,4,94
09:38:50,50u,emailservice-66944ff59-txwj8,3,58
09:38:50,50u,frontend-7bd6f45654-7bcq6,1,27
09:38:50,50u,frontend-7bd6f45654-7gwtd,1,46
09:38:50,50u,frontend-7bd6f45654-xm79g,1,30
09:38:50,50u,paymentservice-9bfb7bf5-46sq4,1,77
09:38:50,50u,paymentservice-9bfb7bf5-pktv4,1,68
09:38:50,50u,paymentservice-9bfb7bf5-snj4k,1,123
09:38:50,50u,productcatalogservice-65bbf699df-8zzd2,1,42
09:38:50,50u,productcatalogservice-65bbf699df-qmltb,1,19
09:38:50,50u,productcatalogservice-65bbf699df-rh24h,1,22
09:38:50,50u,recommendationservice-7444754ff5-b7pgl,4,80
09:38:50,50u,recommendationservice-7444754ff5-hsxb8,3,51
09:38:50,50u,recommendationservice-7444754ff5-xm2x5,4,55
09:38:50,50u,redis-cart-c8ff86559-jrlvk,3,36
09:38:50,50u,shippingservice-f956b6d9f-2g46p,1,30
09:38:50,50u,shippingservice-f956b6d9f-4kzvq,1,16
09:38:50,50u,shippingservice-f956b6d9f-nmnfn,1,16
09:39:00,50u,adservice-574bff445c-grt9z,2,162
09:39:00,50u,adservice-574bff445c-h47zv,2,163
09:39:00,50u,adservice-574bff445c-wppcl,1,277
09:39:00,50u,cartservice-7c84fdfb6-hsn24,1,113
09:39:00,50u,cartservice-7c84fdfb6-s4cp2,2,168
09:39:00,50u,cartservice-7c84fdfb6-sf94w,2,135
09:39:00,50u,checkoutservice-5b6d96c9b7-cfmrc,1,35
09:39:00,50u,checkoutservice-5b6d96c9b7-h4wfv,1,19
09:39:00,50u,checkoutservice-5b6d96c9b7-jdqn7,1,22
09:39:00,50u,currencyservice-7c8fc8fc9c-dlzht,1,124
09:39:00,50u,currencyservice-7c8fc8fc9c-mvsgf,1,125
09:39:00,50u,currencyservice-7c8fc8fc9c-wqrfs,1,96
09:39:00,50u,emailservice-66944ff59-478c4,3,56
09:39:00,50u,emailservice-66944ff59-4fvm9,4,94
09:39:00,50u,emailservice-66944ff59-txwj8,3,58
09:39:00,50u,frontend-7bd6f45654-7bcq6,1,27
09:39:00,50u,frontend-7bd6f45654-7gwtd,1,46
09:39:00,50u,frontend-7bd6f45654-xm79g,1,30
09:39:00,50u,paymentservice-9bfb7bf5-46sq4,1,77
09:39:00,50u,paymentservice-9bfb7bf5-pktv4,1,68
09:39:00,50u,paymentservice-9bfb7bf5-snj4k,1,123
09:39:00,50u,productcatalogservice-65bbf699df-8zzd2,1,42
09:39:00,50u,productcatalogservice-65bbf699df-qmltb,1,19
09:39:00,50u,productcatalogservice-65bbf699df-rh24h,1,22
09:39:00,50u,recommendationservice-7444754ff5-b7pgl,4,80
09:39:00,50u,recommendationservice-7444754ff5-hsxb8,3,51
09:39:00,50u,recommendationservice-7444754ff5-xm2x5,4,55
09:39:00,50u,redis-cart-c8ff86559-jrlvk,3,36
09:39:00,50u,shippingservice-f956b6d9f-2g46p,1,30
09:39:00,50u,shippingservice-f956b6d9f-4kzvq,1,16
09:39:00,50u,shippingservice-f956b6d9f-nmnfn,1,16
09:39:10,50u,adservice-574bff445c-grt9z,3,162
09:39:10,50u,adservice-574bff445c-h47zv,3,163
09:39:10,50u,adservice-574bff445c-wppcl,2,277
09:39:10,50u,cartservice-7c84fdfb6-hsn24,1,113
09:39:10,50u,cartservice-7c84fdfb6-s4cp2,2,168
09:39:10,50u,cartservice-7c84fdfb6-sf94w,2,135
09:39:10,50u,checkoutservice-5b6d96c9b7-cfmrc,1,35
09:39:10,50u,checkoutservice-5b6d96c9b7-h4wfv,1,19
09:39:10,50u,checkoutservice-5b6d96c9b7-jdqn7,1,22
09:39:10,50u,currencyservice-7c8fc8fc9c-dlzht,1,124
09:39:10,50u,currencyservice-7c8fc8fc9c-mvsgf,1,125
09:39:10,50u,currencyservice-7c8fc8fc9c-wqrfs,1,96
09:39:10,50u,emailservice-66944ff59-478c4,3,56
09:39:10,50u,emailservice-66944ff59-4fvm9,4,94
09:39:10,50u,emailservice-66944ff59-txwj8,3,58
09:39:10,50u,frontend-7bd6f45654-7bcq6,1,27
09:39:10,50u,frontend-7bd6f45654-7gwtd,1,46
09:39:10,50u,frontend-7bd6f45654-xm79g,1,30
09:39:10,50u,paymentservice-9bfb7bf5-46sq4,1,77
09:39:10,50u,paymentservice-9bfb7bf5-pktv4,1,67
09:39:10,50u,paymentservice-9bfb7bf5-snj4k,1,123
09:39:10,50u,productcatalogservice-65bbf699df-8zzd2,1,42
09:39:10,50u,productcatalogservice-65bbf699df-qmltb,1,19
09:39:10,50u,productcatalogservice-65bbf699df-rh24h,1,22
09:39:10,50u,recommendationservice-7444754ff5-b7pgl,3,80
09:39:10,50u,recommendationservice-7444754ff5-hsxb8,4,51
09:39:10,50u,recommendationservice-7444754ff5-xm2x5,4,55
09:39:10,50u,redis-cart-c8ff86559-jrlvk,3,36
09:39:10,50u,shippingservice-f956b6d9f-2g46p,1,30
09:39:10,50u,shippingservice-f956b6d9f-4kzvq,1,16
09:39:10,50u,shippingservice-f956b6d9f-nmnfn,1,16
09:39:20,50u,adservice-574bff445c-grt9z,3,162
09:39:20,50u,adservice-574bff445c-h47zv,3,163
09:39:20,50u,adservice-574bff445c-wppcl,1,276
09:39:20,50u,cartservice-7c84fdfb6-hsn24,1,113
09:39:20,50u,cartservice-7c84fdfb6-s4cp2,2,168
09:39:20,50u,cartservice-7c84fdfb6-sf94w,2,135
09:39:20,50u,checkoutservice-5b6d96c9b7-cfmrc,1,35
09:39:20,50u,checkoutservice-5b6d96c9b7-h4wfv,1,19
09:39:20,50u,checkoutservice-5b6d96c9b7-jdqn7,1,22
09:39:20,50u,currencyservice-7c8fc8fc9c-dlzht,1,124
09:39:20,50u,currencyservice-7c8fc8fc9c-mvsgf,1,125
09:39:20,50u,currencyservice-7c8fc8fc9c-wqrfs,1,96
09:39:20,50u,emailservice-66944ff59-478c4,3,56
09:39:20,50u,emailservice-66944ff59-4fvm9,4,94
09:39:20,50u,emailservice-66944ff59-txwj8,3,58
09:39:20,50u,frontend-7bd6f45654-7bcq6,1,27
09:39:20,50u,frontend-7bd6f45654-7gwtd,1,46
09:39:20,50u,frontend-7bd6f45654-xm79g,1,30
09:39:20,50u,paymentservice-9bfb7bf5-46sq4,1,77
09:39:20,50u,paymentservice-9bfb7bf5-pktv4,1,67
09:39:20,50u,paymentservice-9bfb7bf5-snj4k,1,123
09:39:20,50u,productcatalogservice-65bbf699df-8zzd2,1,42
09:39:20,50u,productcatalogservice-65bbf699df-qmltb,1,19
09:39:20,50u,productcatalogservice-65bbf699df-rh24h,1,22
09:39:20,50u,recommendationservice-7444754ff5-b7pgl,4,80
09:39:20,50u,recommendationservice-7444754ff5-hsxb8,3,51
09:39:20,50u,recommendationservice-7444754ff5-xm2x5,3,55
09:39:20,50u,redis-cart-c8ff86559-jrlvk,3,36
09:39:20,50u,shippingservice-f956b6d9f-2g46p,1,30
09:39:20,50u,shippingservice-f956b6d9f-4kzvq,1,16
09:39:20,50u,shippingservice-f956b6d9f-nmnfn,1,16
09:39:31,75u,adservice-574bff445c-grt9z,3,162
09:39:31,75u,adservice-574bff445c-h47zv,3,163
09:39:31,75u,adservice-574bff445c-wppcl,1,276
09:39:31,75u,cartservice-7c84fdfb6-hsn24,1,113
09:39:31,75u,cartservice-7c84fdfb6-s4cp2,2,168
09:39:31,75u,cartservice-7c84fdfb6-sf94w,2,135
09:39:31,75u,checkoutservice-5b6d96c9b7-cfmrc,1,35
09:39:31,75u,checkoutservice-5b6d96c9b7-h4wfv,1,19
09:39:31,75u,checkoutservice-5b6d96c9b7-jdqn7,1,22
09:39:31,75u,currencyservice-7c8fc8fc9c-dlzht,1,124
09:39:31,75u,currencyservice-7c8fc8fc9c-mvsgf,1,125
09:39:31,75u,currencyservice-7c8fc8fc9c-wqrfs,1,96
09:39:31,75u,emailservice-66944ff59-478c4,3,56
09:39:31,75u,emailservice-66944ff59-4fvm9,4,94
09:39:31,75u,emailservice-66944ff59-txwj8,3,58
09:39:31,75u,frontend-7bd6f45654-7bcq6,1,27
09:39:31,75u,frontend-7bd6f45654-7gwtd,1,46
09:39:31,75u,frontend-7bd6f45654-xm79g,1,30
09:39:31,75u,paymentservice-9bfb7bf5-46sq4,1,77
09:39:31,75u,paymentservice-9bfb7bf5-pktv4,1,67
09:39:31,75u,paymentservice-9bfb7bf5-snj4k,1,123
09:39:31,75u,productcatalogservice-65bbf699df-8zzd2,1,42
09:39:31,75u,productcatalogservice-65bbf699df-qmltb,1,19
09:39:31,75u,productcatalogservice-65bbf699df-rh24h,1,22
09:39:31,75u,recommendationservice-7444754ff5-b7pgl,4,80
09:39:31,75u,recommendationservice-7444754ff5-hsxb8,3,51
09:39:31,75u,recommendationservice-7444754ff5-xm2x5,3,55
09:39:31,75u,redis-cart-c8ff86559-jrlvk,3,36
09:39:31,75u,shippingservice-f956b6d9f-2g46p,1,30
09:39:31,75u,shippingservice-f956b6d9f-4kzvq,1,16
09:39:31,75u,shippingservice-f956b6d9f-nmnfn,1,16
09:39:41,75u,adservice-574bff445c-grt9z,2,163
09:39:41,75u,adservice-574bff445c-h47zv,2,163
09:39:41,75u,adservice-574bff445c-wppcl,4,276
09:39:41,75u,cartservice-7c84fdfb6-hsn24,2,113
09:39:41,75u,cartservice-7c84fdfb6-s4cp2,10,168
09:39:41,75u,cartservice-7c84fdfb6-sf94w,2,135
09:39:41,75u,checkoutservice-5b6d96c9b7-cfmrc,1,35
09:39:41,75u,checkoutservice-5b6d96c9b7-h4wfv,1,19
09:39:41,75u,checkoutservice-5b6d96c9b7-jdqn7,1,22
09:39:41,75u,currencyservice-7c8fc8fc9c-dlzht,1,124
09:39:41,75u,currencyservice-7c8fc8fc9c-mvsgf,13,125
09:39:41,75u,currencyservice-7c8fc8fc9c-wqrfs,1,96
09:39:41,75u,emailservice-66944ff59-478c4,3,56
09:39:41,75u,emailservice-66944ff59-4fvm9,4,94
09:39:41,75u,emailservice-66944ff59-txwj8,3,58
09:39:41,75u,frontend-7bd6f45654-7bcq6,12,27
09:39:41,75u,frontend-7bd6f45654-7gwtd,1,46
09:39:41,75u,frontend-7bd6f45654-xm79g,6,30
09:39:41,75u,paymentservice-9bfb7bf5-46sq4,1,77
09:39:41,75u,paymentservice-9bfb7bf5-pktv4,1,67
09:39:41,75u,paymentservice-9bfb7bf5-snj4k,2,123
09:39:41,75u,productcatalogservice-65bbf699df-8zzd2,6,42
09:39:41,75u,productcatalogservice-65bbf699df-qmltb,1,19
09:39:41,75u,productcatalogservice-65bbf699df-rh24h,3,22
09:39:41,75u,recommendationservice-7444754ff5-b7pgl,10,80
09:39:41,75u,recommendationservice-7444754ff5-hsxb8,3,51
09:39:41,75u,recommendationservice-7444754ff5-xm2x5,6,55
09:39:41,75u,redis-cart-c8ff86559-jrlvk,3,36
09:39:41,75u,shippingservice-f956b6d9f-2g46p,2,30
09:39:41,75u,shippingservice-f956b6d9f-4kzvq,1,16
09:39:41,75u,shippingservice-f956b6d9f-nmnfn,1,16
09:39:51,75u,adservice-574bff445c-grt9z,2,163
09:39:51,75u,adservice-574bff445c-h47zv,2,163
09:39:51,75u,adservice-574bff445c-wppcl,46,276
09:39:51,75u,cartservice-7c84fdfb6-hsn24,1,113
09:39:51,75u,cartservice-7c84fdfb6-s4cp2,107,168
09:39:51,75u,cartservice-7c84fdfb6-sf94w,7,135
09:39:51,75u,checkoutservice-5b6d96c9b7-cfmrc,4,35
09:39:51,75u,checkoutservice-5b6d96c9b7-h4wfv,8,19
09:39:51,75u,checkoutservice-5b6d96c9b7-jdqn7,9,22
09:39:51,75u,currencyservice-7c8fc8fc9c-dlzht,58,123
09:39:51,75u,currencyservice-7c8fc8fc9c-mvsgf,135,125
09:39:51,75u,currencyservice-7c8fc8fc9c-wqrfs,10,98
09:39:51,75u,emailservice-66944ff59-478c4,2,56
09:39:51,75u,emailservice-66944ff59-4fvm9,8,94
09:39:51,75u,emailservice-66944ff59-txwj8,6,58
09:39:51,75u,frontend-7bd6f45654-7bcq6,119,27
09:39:51,75u,frontend-7bd6f45654-7gwtd,76,45
09:39:51,75u,frontend-7bd6f45654-xm79g,95,30
09:39:51,75u,paymentservice-9bfb7bf5-46sq4,4,77
09:39:51,75u,paymentservice-9bfb7bf5-pktv4,1,67
09:39:51,75u,paymentservice-9bfb7bf5-snj4k,5,123
09:39:51,75u,productcatalogservice-65bbf699df-8zzd2,82,42
09:39:51,75u,productcatalogservice-65bbf699df-qmltb,1,19
09:39:51,75u,productcatalogservice-65bbf699df-rh24h,39,22
09:39:51,75u,recommendationservice-7444754ff5-b7pgl,118,80
09:39:51,75u,recommendationservice-7444754ff5-hsxb8,2,51
09:39:51,75u,recommendationservice-7444754ff5-xm2x5,60,55
09:39:51,75u,redis-cart-c8ff86559-jrlvk,8,36
09:39:51,75u,shippingservice-f956b6d9f-2g46p,13,30
09:39:51,75u,shippingservice-f956b6d9f-4kzvq,3,16
09:39:51,75u,shippingservice-f956b6d9f-nmnfn,3,16
09:40:01,75u,adservice-574bff445c-grt9z,2,163
09:40:01,75u,adservice-574bff445c-h47zv,2,163
09:40:01,75u,adservice-574bff445c-wppcl,46,276
09:40:01,75u,cartservice-7c84fdfb6-hsn24,1,113
09:40:01,75u,cartservice-7c84fdfb6-s4cp2,107,168
09:40:01,75u,cartservice-7c84fdfb6-sf94w,7,135
09:40:01,75u,checkoutservice-5b6d96c9b7-cfmrc,4,35
09:40:01,75u,checkoutservice-5b6d96c9b7-h4wfv,8,19
09:40:01,75u,checkoutservice-5b6d96c9b7-jdqn7,9,22
09:40:01,75u,currencyservice-7c8fc8fc9c-dlzht,58,123
09:40:01,75u,currencyservice-7c8fc8fc9c-mvsgf,135,125
09:40:01,75u,currencyservice-7c8fc8fc9c-wqrfs,10,98
09:40:01,75u,emailservice-66944ff59-478c4,2,56
09:40:01,75u,emailservice-66944ff59-4fvm9,8,94
09:40:01,75u,emailservice-66944ff59-txwj8,6,58
09:40:01,75u,frontend-7bd6f45654-7bcq6,119,27
09:40:01,75u,frontend-7bd6f45654-7gwtd,76,45
09:40:01,75u,frontend-7bd6f45654-xm79g,95,30
09:40:01,75u,paymentservice-9bfb7bf5-46sq4,4,77
09:40:01,75u,paymentservice-9bfb7bf5-pktv4,1,67
09:40:01,75u,paymentservice-9bfb7bf5-snj4k,5,123
09:40:01,75u,productcatalogservice-65bbf699df-8zzd2,82,42
09:40:01,75u,productcatalogservice-65bbf699df-qmltb,1,19
09:40:01,75u,productcatalogservice-65bbf699df-rh24h,39,22
09:40:01,75u,recommendationservice-7444754ff5-b7pgl,118,80
09:40:01,75u,recommendationservice-7444754ff5-hsxb8,2,51
09:40:01,75u,recommendationservice-7444754ff5-xm2x5,60,55
09:40:01,75u,redis-cart-c8ff86559-jrlvk,8,36
09:40:01,75u,shippingservice-f956b6d9f-2g46p,13,30
09:40:01,75u,shippingservice-f956b6d9f-4kzvq,3,16
09:40:01,75u,shippingservice-f956b6d9f-nmnfn,3,16
09:40:11,75u,adservice-574bff445c-grt9z,2,163
09:40:11,75u,adservice-574bff445c-h47zv,2,163
09:40:11,75u,adservice-574bff445c-wppcl,59,277
09:40:11,75u,cartservice-7c84fdfb6-hsn24,1,113
09:40:11,75u,cartservice-7c84fdfb6-s4cp2,140,169
09:40:11,75u,cartservice-7c84fdfb6-sf94w,8,135
09:40:11,75u,checkoutservice-5b6d96c9b7-cfmrc,9,35
09:40:11,75u,checkoutservice-5b6d96c9b7-h4wfv,13,19
09:40:11,75u,checkoutservice-5b6d96c9b7-jdqn7,11,22
09:40:11,75u,currencyservice-7c8fc8fc9c-dlzht,83,124
09:40:11,75u,currencyservice-7c8fc8fc9c-mvsgf,156,125
09:40:11,75u,currencyservice-7c8fc8fc9c-wqrfs,9,98
09:40:11,75u,emailservice-66944ff59-478c4,3,56
09:40:11,75u,emailservice-66944ff59-4fvm9,11,94
09:40:11,75u,emailservice-66944ff59-txwj8,8,58
09:40:11,75u,frontend-7bd6f45654-7bcq6,138,27
09:40:11,75u,frontend-7bd6f45654-7gwtd,110,43
09:40:11,75u,frontend-7bd6f45654-xm79g,140,30
09:40:11,75u,paymentservice-9bfb7bf5-46sq4,4,77
09:40:11,75u,paymentservice-9bfb7bf5-pktv4,1,68
09:40:11,75u,paymentservice-9bfb7bf5-snj4k,9,123
09:40:11,75u,productcatalogservice-65bbf699df-8zzd2,105,42
09:40:11,75u,productcatalogservice-65bbf699df-qmltb,1,19
09:40:11,75u,productcatalogservice-65bbf699df-rh24h,58,22
09:40:11,75u,recommendationservice-7444754ff5-b7pgl,161,80
09:40:11,75u,recommendationservice-7444754ff5-hsxb8,2,51
09:40:11,75u,recommendationservice-7444754ff5-xm2x5,93,55
09:40:11,75u,redis-cart-c8ff86559-jrlvk,10,36
09:40:11,75u,shippingservice-f956b6d9f-2g46p,20,30
09:40:11,75u,shippingservice-f956b6d9f-4kzvq,4,16
09:40:11,75u,shippingservice-f956b6d9f-nmnfn,3,16
09:40:21,75u,adservice-574bff445c-grt9z,2,163
09:40:21,75u,adservice-574bff445c-h47zv,2,163
09:40:21,75u,adservice-574bff445c-wppcl,43,277
09:40:21,75u,cartservice-7c84fdfb6-hsn24,1,113
09:40:21,75u,cartservice-7c84fdfb6-s4cp2,106,169
09:40:21,75u,cartservice-7c84fdfb6-sf94w,4,136
09:40:21,75u,checkoutservice-5b6d96c9b7-cfmrc,12,35
09:40:21,75u,checkoutservice-5b6d96c9b7-h4wfv,5,19
09:40:21,75u,checkoutservice-5b6d96c9b7-jdqn7,4,22
09:40:21,75u,currencyservice-7c8fc8fc9c-dlzht,102,124
09:40:21,75u,currencyservice-7c8fc8fc9c-mvsgf,88,125
09:40:21,75u,currencyservice-7c8fc8fc9c-wqrfs,4,98
09:40:21,75u,emailservice-66944ff59-478c4,3,56
09:40:21,75u,emailservice-66944ff59-4fvm9,9,94
09:40:21,75u,emailservice-66944ff59-txwj8,5,58
09:40:21,75u,frontend-7bd6f45654-7bcq6,52,27
09:40:21,75u,frontend-7bd6f45654-7gwtd,142,44
09:40:21,75u,frontend-7bd6f45654-xm79g,84,30
09:40:21,75u,paymentservice-9bfb7bf5-46sq4,2,77
09:40:21,75u,paymentservice-9bfb7bf5-pktv4,1,67
09:40:21,75u,paymentservice-9bfb7bf5-snj4k,7,123
09:40:21,75u,productcatalogservice-65bbf699df-8zzd2,85,42
09:40:21,75u,productcatalogservice-65bbf699df-qmltb,1,19
09:40:21,75u,productcatalogservice-65bbf699df-rh24h,34,21
09:40:21,75u,recommendationservice-7444754ff5-b7pgl,124,80
09:40:21,75u,recommendationservice-7444754ff5-hsxb8,2,51
09:40:21,75u,recommendationservice-7444754ff5-xm2x5,56,55
09:40:21,75u,redis-cart-c8ff86559-jrlvk,8,36
09:40:21,75u,shippingservice-f956b6d9f-2g46p,16,30
09:40:21,75u,shippingservice-f956b6d9f-4kzvq,2,16
09:40:21,75u,shippingservice-f956b6d9f-nmnfn,2,16
09:40:31,75u,adservice-574bff445c-grt9z,2,163
09:40:31,75u,adservice-574bff445c-h47zv,2,163
09:40:31,75u,adservice-574bff445c-wppcl,43,277
09:40:31,75u,cartservice-7c84fdfb6-hsn24,1,113
09:40:31,75u,cartservice-7c84fdfb6-s4cp2,106,169
09:40:31,75u,cartservice-7c84fdfb6-sf94w,4,136
09:40:31,75u,checkoutservice-5b6d96c9b7-cfmrc,12,35
09:40:31,75u,checkoutservice-5b6d96c9b7-h4wfv,5,19
09:40:31,75u,checkoutservice-5b6d96c9b7-jdqn7,4,22
09:40:31,75u,currencyservice-7c8fc8fc9c-dlzht,102,124
09:40:31,75u,currencyservice-7c8fc8fc9c-mvsgf,88,125
09:40:31,75u,currencyservice-7c8fc8fc9c-wqrfs,4,98
09:40:31,75u,emailservice-66944ff59-478c4,3,56
09:40:31,75u,emailservice-66944ff59-4fvm9,9,94
09:40:31,75u,emailservice-66944ff59-txwj8,5,58
09:40:31,75u,frontend-7bd6f45654-7bcq6,52,27
09:40:31,75u,frontend-7bd6f45654-7gwtd,142,44
09:40:31,75u,frontend-7bd6f45654-xm79g,84,30
09:40:31,75u,paymentservice-9bfb7bf5-46sq4,2,77
09:40:31,75u,paymentservice-9bfb7bf5-pktv4,1,67
09:40:31,75u,paymentservice-9bfb7bf5-snj4k,7,123
09:40:31,75u,productcatalogservice-65bbf699df-8zzd2,85,42
09:40:31,75u,productcatalogservice-65bbf699df-qmltb,1,19
09:40:31,75u,productcatalogservice-65bbf699df-rh24h,34,21
09:40:31,75u,recommendationservice-7444754ff5-b7pgl,124,80
09:40:31,75u,recommendationservice-7444754ff5-hsxb8,2,51
09:40:31,75u,recommendationservice-7444754ff5-xm2x5,56,55
09:40:31,75u,redis-cart-c8ff86559-jrlvk,8,36
09:40:31,75u,shippingservice-f956b6d9f-2g46p,16,30
09:40:31,75u,shippingservice-f956b6d9f-4kzvq,2,16
09:40:31,75u,shippingservice-f956b6d9f-nmnfn,2,16
09:40:41,75u,adservice-574bff445c-grt9z,2,163
09:40:41,75u,adservice-574bff445c-h47zv,3,164
09:40:41,75u,adservice-574bff445c-wppcl,78,277
09:40:41,75u,cartservice-7c84fdfb6-hsn24,1,113
09:40:41,75u,cartservice-7c84fdfb6-s4cp2,168,169
09:40:41,75u,cartservice-7c84fdfb6-sf94w,7,136
09:40:41,75u,checkoutservice-5b6d96c9b7-cfmrc,16,35
09:40:41,75u,checkoutservice-5b6d96c9b7-h4wfv,12,19
09:40:41,75u,checkoutservice-5b6d96c9b7-jdqn7,7,22
09:40:41,75u,currencyservice-7c8fc8fc9c-dlzht,141,124
09:40:41,75u,currencyservice-7c8fc8fc9c-mvsgf,179,125
09:40:41,75u,currencyservice-7c8fc8fc9c-wqrfs,6,98
09:40:41,75u,emailservice-66944ff59-478c4,2,56
09:40:41,75u,emailservice-66944ff59-4fvm9,11,94
09:40:41,75u,emailservice-66944ff59-txwj8,7,58
09:40:41,75u,frontend-7bd6f45654-7bcq6,120,27
09:40:41,75u,frontend-7bd6f45654-7gwtd,185,45
09:40:41,75u,frontend-7bd6f45654-xm79g,174,30
09:40:41,75u,paymentservice-9bfb7bf5-46sq4,3,77
09:40:41,75u,paymentservice-9bfb7bf5-pktv4,1,67
09:40:41,75u,paymentservice-9bfb7bf5-snj4k,10,123
09:40:41,75u,productcatalogservice-65bbf699df-8zzd2,131,42
09:40:41,75u,productcatalogservice-65bbf699df-qmltb,1,19
09:40:41,75u,productcatalogservice-65bbf699df-rh24h,73,22
09:40:41,75u,recommendationservice-7444754ff5-b7pgl,200,81
09:40:41,75u,recommendationservice-7444754ff5-hsxb8,2,51
09:40:41,75u,recommendationservice-7444754ff5-xm2x5,121,55
09:40:41,75u,redis-cart-c8ff86559-jrlvk,12,36
09:40:41,75u,shippingservice-f956b6d9f-2g46p,25,31
09:40:41,75u,shippingservice-f956b6d9f-4kzvq,4,16
09:40:41,75u,shippingservice-f956b6d9f-nmnfn,2,16
09:40:52,75u,adservice-574bff445c-grt9z,1,163
09:40:52,75u,adservice-574bff445c-h47zv,1,164
09:40:52,75u,adservice-574bff445c-wppcl,82,277
09:40:52,75u,cartservice-7c84fdfb6-hsn24,1,113
09:40:52,75u,cartservice-7c84fdfb6-s4cp2,152,169
09:40:52,75u,cartservice-7c84fdfb6-sf94w,8,136
09:40:52,75u,checkoutservice-5b6d96c9b7-cfmrc,12,35
09:40:52,75u,checkoutservice-5b6d96c9b7-h4wfv,16,19
09:40:52,75u,checkoutservice-5b6d96c9b7-jdqn7,9,22
09:40:52,75u,currencyservice-7c8fc8fc9c-dlzht,125,125
09:40:52,75u,currencyservice-7c8fc8fc9c-mvsgf,190,126
09:40:52,75u,currencyservice-7c8fc8fc9c-wqrfs,8,98
09:40:52,75u,emailservice-66944ff59-478c4,2,56
09:40:52,75u,emailservice-66944ff59-4fvm9,11,94
09:40:52,75u,emailservice-66944ff59-txwj8,9,58
09:40:52,75u,frontend-7bd6f45654-7bcq6,136,28
09:40:52,75u,frontend-7bd6f45654-7gwtd,168,45
09:40:52,75u,frontend-7bd6f45654-xm79g,188,30
09:40:52,75u,paymentservice-9bfb7bf5-46sq4,4,77
09:40:52,75u,paymentservice-9bfb7bf5-pktv4,1,67
09:40:52,75u,paymentservice-9bfb7bf5-snj4k,11,123
09:40:52,75u,productcatalogservice-65bbf699df-8zzd2,132,42
09:40:52,75u,productcatalogservice-65bbf699df-qmltb,1,19
09:40:52,75u,productcatalogservice-65bbf699df-rh24h,81,22
09:40:52,75u,recommendationservice-7444754ff5-b7pgl,195,81
09:40:52,75u,recommendationservice-7444754ff5-hsxb8,2,51
09:40:52,75u,recommendationservice-7444754ff5-xm2x5,145,55
09:40:52,75u,redis-cart-c8ff86559-jrlvk,12,36
09:40:52,75u,shippingservice-f956b6d9f-2g46p,25,30
09:40:52,75u,shippingservice-f956b6d9f-4kzvq,5,16
09:40:52,75u,shippingservice-f956b6d9f-nmnfn,3,16
09:41:02,75u,adservice-574bff445c-grt9z,1,163
09:41:02,75u,adservice-574bff445c-h47zv,1,164
09:41:02,75u,adservice-574bff445c-wppcl,82,277
09:41:02,75u,cartservice-7c84fdfb6-hsn24,1,113
09:41:02,75u,cartservice-7c84fdfb6-s4cp2,152,169
09:41:02,75u,cartservice-7c84fdfb6-sf94w,8,136
09:41:02,75u,checkoutservice-5b6d96c9b7-cfmrc,12,35
09:41:02,75u,checkoutservice-5b6d96c9b7-h4wfv,16,19
09:41:02,75u,checkoutservice-5b6d96c9b7-jdqn7,9,22
09:41:02,75u,currencyservice-7c8fc8fc9c-dlzht,125,125
09:41:02,75u,currencyservice-7c8fc8fc9c-mvsgf,190,126
09:41:02,75u,currencyservice-7c8fc8fc9c-wqrfs,8,98
09:41:02,75u,emailservice-66944ff59-478c4,2,56
09:41:02,75u,emailservice-66944ff59-4fvm9,11,94
09:41:02,75u,emailservice-66944ff59-txwj8,9,58
09:41:02,75u,frontend-7bd6f45654-7bcq6,136,28
09:41:02,75u,frontend-7bd6f45654-7gwtd,168,45
09:41:02,75u,frontend-7bd6f45654-xm79g,188,30
09:41:02,75u,paymentservice-9bfb7bf5-46sq4,4,77
09:41:02,75u,paymentservice-9bfb7bf5-pktv4,1,67
09:41:02,75u,paymentservice-9bfb7bf5-snj4k,11,123
09:41:02,75u,productcatalogservice-65bbf699df-8zzd2,132,42
09:41:02,75u,productcatalogservice-65bbf699df-qmltb,1,19
09:41:02,75u,productcatalogservice-65bbf699df-rh24h,81,22
09:41:02,75u,recommendationservice-7444754ff5-b7pgl,195,81
09:41:02,75u,recommendationservice-7444754ff5-hsxb8,2,51
09:41:02,75u,recommendationservice-7444754ff5-xm2x5,145,55
09:41:02,75u,redis-cart-c8ff86559-jrlvk,12,36
09:41:02,75u,shippingservice-f956b6d9f-2g46p,25,30
09:41:02,75u,shippingservice-f956b6d9f-4kzvq,5,16
09:41:02,75u,shippingservice-f956b6d9f-nmnfn,3,16
09:41:12,75u,adservice-574bff445c-grt9z,2,163
09:41:12,75u,adservice-574bff445c-h47zv,2,164
09:41:12,75u,adservice-574bff445c-wppcl,84,277
09:41:12,75u,cartservice-7c84fdfb6-hsn24,1,113
09:41:12,75u,cartservice-7c84fdfb6-s4cp2,143,169
09:41:12,75u,cartservice-7c84fdfb6-sf94w,7,137
09:41:12,75u,checkoutservice-5b6d96c9b7-cfmrc,11,35
09:41:12,75u,checkoutservice-5b6d96c9b7-h4wfv,17,19
09:41:12,75u,checkoutservice-5b6d96c9b7-jdqn7,8,22
09:41:12,75u,currencyservice-7c8fc8fc9c-dlzht,119,124
09:41:12,75u,currencyservice-7c8fc8fc9c-mvsgf,182,126
09:41:12,75u,currencyservice-7c8fc8fc9c-wqrfs,7,98
09:41:12,75u,emailservice-66944ff59-478c4,3,56
09:41:12,75u,emailservice-66944ff59-4fvm9,10,94
09:41:12,75u,emailservice-66944ff59-txwj8,9,58
09:41:12,75u,frontend-7bd6f45654-7bcq6,130,28
09:41:12,75u,frontend-7bd6f45654-7gwtd,156,45
09:41:12,75u,frontend-7bd6f45654-xm79g,180,30
09:41:12,75u,paymentservice-9bfb7bf5-46sq4,4,77
09:41:12,75u,paymentservice-9bfb7bf5-pktv4,1,68
09:41:12,75u,paymentservice-9bfb7bf5-snj4k,10,123
09:41:12,75u,productcatalogservice-65bbf699df-8zzd2,128,42
09:41:12,75u,productcatalogservice-65bbf699df-qmltb,1,19
09:41:12,75u,productcatalogservice-65bbf699df-rh24h,78,22
09:41:12,75u,recommendationservice-7444754ff5-b7pgl,188,81
09:41:12,75u,recommendationservice-7444754ff5-hsxb8,2,51
09:41:12,75u,recommendationservice-7444754ff5-xm2x5,140,55
09:41:12,75u,redis-cart-c8ff86559-jrlvk,11,37
09:41:12,75u,shippingservice-f956b6d9f-2g46p,23,30
09:41:12,75u,shippingservice-f956b6d9f-4kzvq,5,16
09:41:12,75u,shippingservice-f956b6d9f-nmnfn,3,16
09:41:22,75u,adservice-574bff445c-grt9z,1,163
09:41:22,75u,adservice-574bff445c-h47zv,2,164
09:41:22,75u,adservice-574bff445c-wppcl,85,277
09:41:22,75u,cartservice-7c84fdfb6-hsn24,1,113
09:41:22,75u,cartservice-7c84fdfb6-s4cp2,150,170
09:41:22,75u,cartservice-7c84fdfb6-sf94w,8,137
09:41:22,75u,checkoutservice-5b6d96c9b7-cfmrc,13,35
09:41:22,75u,checkoutservice-5b6d96c9b7-h4wfv,18,19
09:41:22,75u,checkoutservice-5b6d96c9b7-jdqn7,9,22
09:41:22,75u,currencyservice-7c8fc8fc9c-dlzht,121,125
09:41:22,75u,currencyservice-7c8fc8fc9c-mvsgf,187,126
09:41:22,75u,currencyservice-7c8fc8fc9c-wqrfs,7,98
09:41:22,75u,emailservice-66944ff59-478c4,3,56
09:41:22,75u,emailservice-66944ff59-4fvm9,11,94
09:41:22,75u,emailservice-66944ff59-txwj8,9,58
09:41:22,75u,frontend-7bd6f45654-7bcq6,135,28
09:41:22,75u,frontend-7bd6f45654-7gwtd,162,45
09:41:22,75u,frontend-7bd6f45654-xm79g,186,30
09:41:22,75u,paymentservice-9bfb7bf5-46sq4,4,77
09:41:22,75u,paymentservice-9bfb7bf5-pktv4,1,68
09:41:22,75u,paymentservice-9bfb7bf5-snj4k,10,124
09:41:22,75u,productcatalogservice-65bbf699df-8zzd2,129,42
09:41:22,75u,productcatalogservice-65bbf699df-qmltb,1,19
09:41:22,75u,productcatalogservice-65bbf699df-rh24h,81,22
09:41:22,75u,recommendationservice-7444754ff5-b7pgl,193,81
09:41:22,75u,recommendationservice-7444754ff5-hsxb8,2,51
09:41:22,75u,recommendationservice-7444754ff5-xm2x5,148,55
09:41:22,75u,redis-cart-c8ff86559-jrlvk,11,36
09:41:22,75u,shippingservice-f956b6d9f-2g46p,24,30
09:41:22,75u,shippingservice-f956b6d9f-4kzvq,5,16
09:41:22,75u,shippingservice-f956b6d9f-nmnfn,3,16
09:41:32,75u,adservice-574bff445c-grt9z,1,163
09:41:32,75u,adservice-574bff445c-h47zv,2,164
09:41:32,75u,adservice-574bff445c-wppcl,85,277
09:41:32,75u,cartservice-7c84fdfb6-hsn24,1,113
09:41:32,75u,cartservice-7c84fdfb6-s4cp2,150,170
09:41:32,75u,cartservice-7c84fdfb6-sf94w,8,137
09:41:32,75u,checkoutservice-5b6d96c9b7-cfmrc,13,35
09:41:32,75u,checkoutservice-5b6d96c9b7-h4wfv,18,19
09:41:32,75u,checkoutservice-5b6d96c9b7-jdqn7,9,22
09:41:32,75u,currencyservice-7c8fc8fc9c-dlzht,121,125
09:41:32,75u,currencyservice-7c8fc8fc9c-mvsgf,187,126
09:41:32,75u,currencyservice-7c8fc8fc9c-wqrfs,7,98
09:41:32,75u,emailservice-66944ff59-478c4,3,56
09:41:32,75u,emailservice-66944ff59-4fvm9,11,94
09:41:32,75u,emailservice-66944ff59-txwj8,9,58
09:41:32,75u,frontend-7bd6f45654-7bcq6,135,28
09:41:32,75u,frontend-7bd6f45654-7gwtd,162,45
09:41:32,75u,frontend-7bd6f45654-xm79g,186,30
09:41:32,75u,paymentservice-9bfb7bf5-46sq4,4,77
09:41:32,75u,paymentservice-9bfb7bf5-pktv4,1,68
09:41:32,75u,paymentservice-9bfb7bf5-snj4k,10,124
09:41:32,75u,productcatalogservice-65bbf699df-8zzd2,129,42
09:41:32,75u,productcatalogservice-65bbf699df-qmltb,1,19
09:41:32,75u,productcatalogservice-65bbf699df-rh24h,81,22
09:41:32,75u,recommendationservice-7444754ff5-b7pgl,193,81
09:41:32,75u,recommendationservice-7444754ff5-hsxb8,2,51
09:41:32,75u,recommendationservice-7444754ff5-xm2x5,148,55
09:41:32,75u,redis-cart-c8ff86559-jrlvk,11,36
09:41:32,75u,shippingservice-f956b6d9f-2g46p,24,30
09:41:32,75u,shippingservice-f956b6d9f-4kzvq,5,16
09:41:32,75u,shippingservice-f956b6d9f-nmnfn,3,16
09:41:42,75u,adservice-574bff445c-grt9z,2,163
09:41:42,75u,adservice-574bff445c-h47zv,2,166
09:41:42,75u,adservice-574bff445c-wppcl,91,277
09:41:42,75u,cartservice-7c84fdfb6-hsn24,1,113
09:41:42,75u,cartservice-7c84fdfb6-s4cp2,179,168
09:41:42,75u,cartservice-7c84fdfb6-sf94w,8,137
09:41:42,75u,checkoutservice-5b6d96c9b7-cfmrc,12,35
09:41:42,75u,checkoutservice-5b6d96c9b7-h4wfv,16,19
09:41:42,75u,checkoutservice-5b6d96c9b7-jdqn7,10,22
09:41:42,75u,currencyservice-7c8fc8fc9c-dlzht,132,125
09:41:42,75u,currencyservice-7c8fc8fc9c-mvsgf,197,126
09:41:42,75u,currencyservice-7c8fc8fc9c-wqrfs,9,98
09:41:42,75u,emailservice-66944ff59-478c4,3,56
09:41:42,75u,emailservice-66944ff59-4fvm9,11,94
09:41:42,75u,emailservice-66944ff59-txwj8,9,58
09:41:42,75u,frontend-7bd6f45654-7bcq6,145,28
09:41:42,75u,frontend-7bd6f45654-7gwtd,175,46
09:41:42,75u,frontend-7bd6f45654-xm79g,195,30
09:41:42,75u,paymentservice-9bfb7bf5-46sq4,4,77
09:41:42,75u,paymentservice-9bfb7bf5-pktv4,1,68
09:41:42,75u,paymentservice-9bfb7bf5-snj4k,10,124
09:41:42,75u,productcatalogservice-65bbf699df-8zzd2,138,42
09:41:42,75u,productcatalogservice-65bbf699df-qmltb,1,19
09:41:42,75u,productcatalogservice-65bbf699df-rh24h,86,22
09:41:42,75u,recommendationservice-7444754ff5-b7pgl,200,81
09:41:42,75u,recommendationservice-7444754ff5-hsxb8,2,51
09:41:42,75u,recommendationservice-7444754ff5-xm2x5,155,55
09:41:42,75u,redis-cart-c8ff86559-jrlvk,12,36
09:41:42,75u,shippingservice-f956b6d9f-2g46p,26,30
09:41:42,75u,shippingservice-f956b6d9f-4kzvq,5,16
09:41:42,75u,shippingservice-f956b6d9f-nmnfn,3,16
09:41:52,75u,adservice-574bff445c-grt9z,2,163
09:41:52,75u,adservice-574bff445c-h47zv,2,166
09:41:52,75u,adservice-574bff445c-wppcl,88,278
09:41:52,75u,cartservice-7c84fdfb6-hsn24,1,113
09:41:52,75u,cartservice-7c84fdfb6-s4cp2,177,169
09:41:52,75u,cartservice-7c84fdfb6-sf94w,8,137
09:41:52,75u,checkoutservice-5b6d96c9b7-cfmrc,13,35
09:41:52,75u,checkoutservice-5b6d96c9b7-h4wfv,16,20
09:41:52,75u,checkoutservice-5b6d96c9b7-jdqn7,10,22
09:41:52,75u,currencyservice-7c8fc8fc9c-dlzht,131,125
09:41:52,75u,currencyservice-7c8fc8fc9c-mvsgf,197,126
09:41:52,75u,currencyservice-7c8fc8fc9c-wqrfs,9,98
09:41:52,75u,emailservice-66944ff59-478c4,2,56
09:41:52,75u,emailservice-66944ff59-4fvm9,11,94
09:41:52,75u,emailservice-66944ff59-txwj8,9,58
09:41:52,75u,frontend-7bd6f45654-7bcq6,139,28
09:41:52,75u,frontend-7bd6f45654-7gwtd,171,46
09:41:52,75u,frontend-7bd6f45654-xm79g,197,30
09:41:52,75u,paymentservice-9bfb7bf5-46sq4,4,78
09:41:52,75u,paymentservice-9bfb7bf5-pktv4,1,67
09:41:52,75u,paymentservice-9bfb7bf5-snj4k,10,124
09:41:52,75u,productcatalogservice-65bbf699df-8zzd2,136,42
09:41:52,75u,productcatalogservice-65bbf699df-qmltb,1,19
09:41:52,75u,productcatalogservice-65bbf699df-rh24h,84,22
09:41:52,75u,recommendationservice-7444754ff5-b7pgl,200,81
09:41:52,75u,recommendationservice-7444754ff5-hsxb8,2,51
09:41:52,75u,recommendationservice-7444754ff5-xm2x5,155,55
09:41:52,75u,redis-cart-c8ff86559-jrlvk,12,36
09:41:52,75u,shippingservice-f956b6d9f-2g46p,25,30
09:41:52,75u,shippingservice-f956b6d9f-4kzvq,4,16
09:41:52,75u,shippingservice-f956b6d9f-nmnfn,3,16
09:42:03,75u,adservice-574bff445c-grt9z,2,163
09:42:03,75u,adservice-574bff445c-h47zv,2,166
09:42:03,75u,adservice-574bff445c-wppcl,88,278
09:42:03,75u,cartservice-7c84fdfb6-hsn24,1,113
09:42:03,75u,cartservice-7c84fdfb6-s4cp2,177,169
09:42:03,75u,cartservice-7c84fdfb6-sf94w,8,137
09:42:03,75u,checkoutservice-5b6d96c9b7-cfmrc,13,35
09:42:03,75u,checkoutservice-5b6d96c9b7-h4wfv,16,20
09:42:03,75u,checkoutservice-5b6d96c9b7-jdqn7,10,22
09:42:03,75u,currencyservice-7c8fc8fc9c-dlzht,131,125
09:42:03,75u,currencyservice-7c8fc8fc9c-mvsgf,197,126
09:42:03,75u,currencyservice-7c8fc8fc9c-wqrfs,9,98
09:42:03,75u,emailservice-66944ff59-478c4,2,56
09:42:03,75u,emailservice-66944ff59-4fvm9,11,94
09:42:03,75u,emailservice-66944ff59-txwj8,9,58
09:42:03,75u,frontend-7bd6f45654-7bcq6,139,28
09:42:03,75u,frontend-7bd6f45654-7gwtd,171,46
09:42:03,75u,frontend-7bd6f45654-xm79g,197,30
09:42:03,75u,paymentservice-9bfb7bf5-46sq4,4,78
09:42:03,75u,paymentservice-9bfb7bf5-pktv4,1,67
09:42:03,75u,paymentservice-9bfb7bf5-snj4k,10,124
09:42:03,75u,productcatalogservice-65bbf699df-8zzd2,136,42
09:42:03,75u,productcatalogservice-65bbf699df-qmltb,1,19
09:42:03,75u,productcatalogservice-65bbf699df-rh24h,84,22
09:42:03,75u,recommendationservice-7444754ff5-b7pgl,200,81
09:42:03,75u,recommendationservice-7444754ff5-hsxb8,2,51
09:42:03,75u,recommendationservice-7444754ff5-xm2x5,155,55
09:42:03,75u,redis-cart-c8ff86559-jrlvk,12,36
09:42:03,75u,shippingservice-f956b6d9f-2g46p,25,30
09:42:03,75u,shippingservice-f956b6d9f-4kzvq,4,16
09:42:03,75u,shippingservice-f956b6d9f-nmnfn,3,16
09:42:13,75u,adservice-574bff445c-grt9z,2,163
09:42:13,75u,adservice-574bff445c-h47zv,3,166
09:42:13,75u,adservice-574bff445c-wppcl,71,278
09:42:13,75u,cartservice-7c84fdfb6-hsn24,1,113
09:42:13,75u,cartservice-7c84fdfb6-s4cp2,140,169
09:42:13,75u,cartservice-7c84fdfb6-sf94w,6,137
09:42:13,75u,checkoutservice-5b6d96c9b7-cfmrc,10,35
09:42:13,75u,checkoutservice-5b6d96c9b7-h4wfv,16,19
09:42:13,75u,checkoutservice-5b6d96c9b7-jdqn7,8,22
09:42:13,75u,currencyservice-7c8fc8fc9c-dlzht,112,125
09:42:13,75u,currencyservice-7c8fc8fc9c-mvsgf,157,126
09:42:13,75u,currencyservice-7c8fc8fc9c-wqrfs,7,98
09:42:13,75u,emailservice-66944ff59-478c4,3,56
09:42:13,75u,emailservice-66944ff59-4fvm9,9,94
09:42:13,75u,emailservice-66944ff59-txwj8,9,58
09:42:13,75u,frontend-7bd6f45654-7bcq6,115,28
09:42:13,75u,frontend-7bd6f45654-7gwtd,144,45
09:42:13,75u,frontend-7bd6f45654-xm79g,157,30
09:42:13,75u,paymentservice-9bfb7bf5-46sq4,3,78
09:42:13,75u,paymentservice-9bfb7bf5-pktv4,1,68
09:42:13,75u,paymentservice-9bfb7bf5-snj4k,9,124
09:42:13,75u,productcatalogservice-65bbf699df-8zzd2,111,42
09:42:13,75u,productcatalogservice-65bbf699df-qmltb,1,19
09:42:13,75u,productcatalogservice-65bbf699df-rh24h,68,22
09:42:13,75u,recommendationservice-7444754ff5-b7pgl,162,80
09:42:13,75u,recommendationservice-7444754ff5-hsxb8,3,51
09:42:13,75u,recommendationservice-7444754ff5-xm2x5,125,55
09:42:13,75u,redis-cart-c8ff86559-jrlvk,11,36
09:42:13,75u,shippingservice-f956b6d9f-2g46p,21,30
09:42:13,75u,shippingservice-f956b6d9f-4kzvq,4,16
09:42:13,75u,shippingservice-f956b6d9f-nmnfn,2,16
09:42:23,75u,adservice-574bff445c-grt9z,2,163
09:42:23,75u,adservice-574bff445c-h47zv,2,166
09:42:23,75u,adservice-574bff445c-wppcl,2,278
09:42:23,75u,cartservice-7c84fdfb6-hsn24,1,113
09:42:23,75u,cartservice-7c84fdfb6-s4cp2,3,169
09:42:23,75u,cartservice-7c84fdfb6-sf94w,2,137
09:42:23,75u,checkoutservice-5b6d96c9b7-cfmrc,1,35
09:42:23,75u,checkoutservice-5b6d96c9b7-h4wfv,1,19
09:42:23,75u,checkoutservice-5b6d96c9b7-jdqn7,1,22
09:42:23,75u,currencyservice-7c8fc8fc9c-dlzht,2,125
09:42:23,75u,currencyservice-7c8fc8fc9c-mvsgf,1,126
09:42:23,75u,currencyservice-7c8fc8fc9c-wqrfs,1,98
09:42:23,75u,emailservice-66944ff59-478c4,3,56
09:42:23,75u,emailservice-66944ff59-4fvm9,4,94
09:42:23,75u,emailservice-66944ff59-txwj8,4,58
09:42:23,75u,frontend-7bd6f45654-7bcq6,1,28
09:42:23,75u,frontend-7bd6f45654-7gwtd,1,45
09:42:23,75u,frontend-7bd6f45654-xm79g,1,30
09:42:23,75u,paymentservice-9bfb7bf5-46sq4,1,78
09:42:23,75u,paymentservice-9bfb7bf5-pktv4,1,68
09:42:23,75u,paymentservice-9bfb7bf5-snj4k,3,124
09:42:23,75u,productcatalogservice-65bbf699df-8zzd2,1,42
09:42:23,75u,productcatalogservice-65bbf699df-qmltb,1,19
09:42:23,75u,productcatalogservice-65bbf699df-rh24h,1,22
09:42:23,75u,recommendationservice-7444754ff5-b7pgl,3,80
09:42:23,75u,recommendationservice-7444754ff5-hsxb8,3,51
09:42:23,75u,recommendationservice-7444754ff5-xm2x5,4,55
09:42:23,75u,redis-cart-c8ff86559-jrlvk,3,36
09:42:23,75u,shippingservice-f956b6d9f-2g46p,1,30
09:42:23,75u,shippingservice-f956b6d9f-4kzvq,1,16
09:42:23,75u,shippingservice-f956b6d9f-nmnfn,1,16
09:42:33,75u,adservice-574bff445c-grt9z,2,163
09:42:33,75u,adservice-574bff445c-h47zv,2,166
09:42:33,75u,adservice-574bff445c-wppcl,2,278
09:42:33,75u,cartservice-7c84fdfb6-hsn24,1,113
09:42:33,75u,cartservice-7c84fdfb6-s4cp2,3,169
09:42:33,75u,cartservice-7c84fdfb6-sf94w,2,137
09:42:33,75u,checkoutservice-5b6d96c9b7-cfmrc,1,35
09:42:33,75u,checkoutservice-5b6d96c9b7-h4wfv,1,19
09:42:33,75u,checkoutservice-5b6d96c9b7-jdqn7,1,22
09:42:33,75u,currencyservice-7c8fc8fc9c-dlzht,2,125
09:42:33,75u,currencyservice-7c8fc8fc9c-mvsgf,1,126
09:42:33,75u,currencyservice-7c8fc8fc9c-wqrfs,1,98
09:42:33,75u,emailservice-66944ff59-478c4,3,56
09:42:33,75u,emailservice-66944ff59-4fvm9,4,94
09:42:33,75u,emailservice-66944ff59-txwj8,4,58
09:42:33,75u,frontend-7bd6f45654-7bcq6,1,28
09:42:33,75u,frontend-7bd6f45654-7gwtd,1,45
09:42:33,75u,frontend-7bd6f45654-xm79g,1,30
09:42:33,75u,paymentservice-9bfb7bf5-46sq4,1,78
09:42:33,75u,paymentservice-9bfb7bf5-pktv4,1,68
09:42:33,75u,paymentservice-9bfb7bf5-snj4k,3,124
09:42:33,75u,productcatalogservice-65bbf699df-8zzd2,1,42
09:42:33,75u,productcatalogservice-65bbf699df-qmltb,1,19
09:42:33,75u,productcatalogservice-65bbf699df-rh24h,1,22
09:42:33,75u,recommendationservice-7444754ff5-b7pgl,3,80
09:42:33,75u,recommendationservice-7444754ff5-hsxb8,3,51
09:42:33,75u,recommendationservice-7444754ff5-xm2x5,4,55
09:42:33,75u,redis-cart-c8ff86559-jrlvk,3,36
09:42:33,75u,shippingservice-f956b6d9f-2g46p,1,30
09:42:33,75u,shippingservice-f956b6d9f-4kzvq,1,16
09:42:33,75u,shippingservice-f956b6d9f-nmnfn,1,16
09:42:43,75u,adservice-574bff445c-grt9z,2,163
09:42:43,75u,adservice-574bff445c-h47zv,2,166
09:42:43,75u,adservice-574bff445c-wppcl,1,278
09:42:43,75u,cartservice-7c84fdfb6-hsn24,1,113
09:42:43,75u,cartservice-7c84fdfb6-s4cp2,2,168
09:42:43,75u,cartservice-7c84fdfb6-sf94w,2,137
09:42:43,75u,checkoutservice-5b6d96c9b7-cfmrc,1,35
09:42:43,75u,checkoutservice-5b6d96c9b7-h4wfv,1,19
09:42:43,75u,checkoutservice-5b6d96c9b7-jdqn7,1,22
09:42:43,75u,currencyservice-7c8fc8fc9c-dlzht,1,125
09:42:43,75u,currencyservice-7c8fc8fc9c-mvsgf,1,126
09:42:43,75u,currencyservice-7c8fc8fc9c-wqrfs,1,98
09:42:43,75u,emailservice-66944ff59-478c4,3,56
09:42:43,75u,emailservice-66944ff59-4fvm9,4,94
09:42:43,75u,emailservice-66944ff59-txwj8,3,58
09:42:43,75u,frontend-7bd6f45654-7bcq6,1,28
09:42:43,75u,frontend-7bd6f45654-7gwtd,1,45
09:42:43,75u,frontend-7bd6f45654-xm79g,1,30
09:42:43,75u,paymentservice-9bfb7bf5-46sq4,1,78
09:42:43,75u,paymentservice-9bfb7bf5-pktv4,1,68
09:42:43,75u,paymentservice-9bfb7bf5-snj4k,1,124
09:42:43,75u,productcatalogservice-65bbf699df-8zzd2,1,42
09:42:43,75u,productcatalogservice-65bbf699df-qmltb,1,19
09:42:43,75u,productcatalogservice-65bbf699df-rh24h,1,22
09:42:43,75u,recommendationservice-7444754ff5-b7pgl,3,80
09:42:43,75u,recommendationservice-7444754ff5-hsxb8,3,51
09:42:43,75u,recommendationservice-7444754ff5-xm2x5,3,55
09:42:43,75u,redis-cart-c8ff86559-jrlvk,3,36
09:42:43,75u,shippingservice-f956b6d9f-2g46p,1,30
09:42:43,75u,shippingservice-f956b6d9f-4kzvq,1,16
09:42:43,75u,shippingservice-f956b6d9f-nmnfn,1,16
09:42:53,75u,adservice-574bff445c-grt9z,3,163
09:42:53,75u,adservice-574bff445c-h47zv,3,166
09:42:53,75u,adservice-574bff445c-wppcl,3,278
09:42:53,75u,cartservice-7c84fdfb6-hsn24,2,113
09:42:53,75u,cartservice-7c84fdfb6-s4cp2,2,168
09:42:53,75u,cartservice-7c84fdfb6-sf94w,2,137
09:42:53,75u,checkoutservice-5b6d96c9b7-cfmrc,1,35
09:42:53,75u,checkoutservice-5b6d96c9b7-h4wfv,1,19
09:42:53,75u,checkoutservice-5b6d96c9b7-jdqn7,1,22
09:42:53,75u,currencyservice-7c8fc8fc9c-dlzht,1,125
09:42:53,75u,currencyservice-7c8fc8fc9c-mvsgf,1,126
09:42:53,75u,currencyservice-7c8fc8fc9c-wqrfs,1,98
09:42:53,75u,emailservice-66944ff59-478c4,3,56
09:42:53,75u,emailservice-66944ff59-4fvm9,3,94
09:42:53,75u,emailservice-66944ff59-txwj8,4,58
09:42:53,75u,frontend-7bd6f45654-7bcq6,1,28
09:42:53,75u,frontend-7bd6f45654-7gwtd,1,45
09:42:53,75u,frontend-7bd6f45654-xm79g,1,30
09:42:53,75u,paymentservice-9bfb7bf5-46sq4,2,78
09:42:53,75u,paymentservice-9bfb7bf5-pktv4,2,68
09:42:53,75u,paymentservice-9bfb7bf5-snj4k,1,124
09:42:53,75u,productcatalogservice-65bbf699df-8zzd2,1,42
09:42:53,75u,productcatalogservice-65bbf699df-qmltb,1,19
09:42:53,75u,productcatalogservice-65bbf699df-rh24h,1,22
09:42:53,75u,recommendationservice-7444754ff5-b7pgl,3,80
09:42:53,75u,recommendationservice-7444754ff5-hsxb8,4,51
09:42:53,75u,recommendationservice-7444754ff5-xm2x5,4,55
09:42:53,75u,redis-cart-c8ff86559-jrlvk,3,36
09:42:53,75u,shippingservice-f956b6d9f-2g46p,1,30
09:42:53,75u,shippingservice-f956b6d9f-4kzvq,1,16
09:42:53,75u,shippingservice-f956b6d9f-nmnfn,1,16
09:43:04,100u,adservice-574bff445c-grt9z,4,166
09:43:04,100u,adservice-574bff445c-h47zv,4,167
09:43:04,100u,adservice-574bff445c-wppcl,4,277
09:43:04,100u,cartservice-7c84fdfb6-hsn24,2,113
09:43:04,100u,cartservice-7c84fdfb6-s4cp2,3,168
09:43:04,100u,cartservice-7c84fdfb6-sf94w,2,137
09:43:04,100u,checkoutservice-5b6d96c9b7-cfmrc,1,35
09:43:04,100u,checkoutservice-5b6d96c9b7-h4wfv,1,19
09:43:04,100u,checkoutservice-5b6d96c9b7-jdqn7,1,22
09:43:04,100u,currencyservice-7c8fc8fc9c-dlzht,2,126
09:43:04,100u,currencyservice-7c8fc8fc9c-mvsgf,5,126
09:43:04,100u,currencyservice-7c8fc8fc9c-wqrfs,2,98
09:43:04,100u,emailservice-66944ff59-478c4,3,56
09:43:04,100u,emailservice-66944ff59-4fvm9,4,94
09:43:04,100u,emailservice-66944ff59-txwj8,4,58
09:43:04,100u,frontend-7bd6f45654-7bcq6,3,28
09:43:04,100u,frontend-7bd6f45654-7gwtd,1,45
09:43:04,100u,frontend-7bd6f45654-xm79g,3,31
09:43:04,100u,paymentservice-9bfb7bf5-46sq4,2,78
09:43:04,100u,paymentservice-9bfb7bf5-pktv4,1,68
09:43:04,100u,paymentservice-9bfb7bf5-snj4k,1,124
09:43:04,100u,productcatalogservice-65bbf699df-8zzd2,2,42
09:43:04,100u,productcatalogservice-65bbf699df-qmltb,1,19
09:43:04,100u,productcatalogservice-65bbf699df-rh24h,2,22
09:43:04,100u,recommendationservice-7444754ff5-b7pgl,5,80
09:43:04,100u,recommendationservice-7444754ff5-hsxb8,4,51
09:43:04,100u,recommendationservice-7444754ff5-xm2x5,5,55
09:43:04,100u,redis-cart-c8ff86559-jrlvk,3,36
09:43:04,100u,shippingservice-f956b6d9f-2g46p,2,30
09:43:04,100u,shippingservice-f956b6d9f-4kzvq,1,16
09:43:04,100u,shippingservice-f956b6d9f-nmnfn,1,16
09:43:14,100u,adservice-574bff445c-grt9z,4,166
09:43:14,100u,adservice-574bff445c-h47zv,4,167
09:43:14,100u,adservice-574bff445c-wppcl,4,277
09:43:14,100u,cartservice-7c84fdfb6-hsn24,2,113
09:43:14,100u,cartservice-7c84fdfb6-s4cp2,3,168
09:43:14,100u,cartservice-7c84fdfb6-sf94w,2,137
09:43:14,100u,checkoutservice-5b6d96c9b7-cfmrc,1,35
09:43:14,100u,checkoutservice-5b6d96c9b7-h4wfv,1,19
09:43:14,100u,checkoutservice-5b6d96c9b7-jdqn7,1,22
09:43:14,100u,currencyservice-7c8fc8fc9c-dlzht,2,126
09:43:14,100u,currencyservice-7c8fc8fc9c-mvsgf,5,126
09:43:14,100u,currencyservice-7c8fc8fc9c-wqrfs,2,98
09:43:14,100u,emailservice-66944ff59-478c4,3,56
09:43:14,100u,emailservice-66944ff59-4fvm9,4,94
09:43:14,100u,emailservice-66944ff59-txwj8,4,58
09:43:14,100u,frontend-7bd6f45654-7bcq6,3,28
09:43:14,100u,frontend-7bd6f45654-7gwtd,1,45
09:43:14,100u,frontend-7bd6f45654-xm79g,3,31
09:43:14,100u,paymentservice-9bfb7bf5-46sq4,2,78
09:43:14,100u,paymentservice-9bfb7bf5-pktv4,1,68
09:43:14,100u,paymentservice-9bfb7bf5-snj4k,1,124
09:43:14,100u,productcatalogservice-65bbf699df-8zzd2,2,42
09:43:14,100u,productcatalogservice-65bbf699df-qmltb,1,19
09:43:14,100u,productcatalogservice-65bbf699df-rh24h,2,22
09:43:14,100u,recommendationservice-7444754ff5-b7pgl,5,80
09:43:14,100u,recommendationservice-7444754ff5-hsxb8,4,51
09:43:14,100u,recommendationservice-7444754ff5-xm2x5,5,55
09:43:14,100u,redis-cart-c8ff86559-jrlvk,3,36
09:43:14,100u,shippingservice-f956b6d9f-2g46p,2,30
09:43:14,100u,shippingservice-f956b6d9f-4kzvq,1,16
09:43:14,100u,shippingservice-f956b6d9f-nmnfn,1,16
09:43:24,100u,adservice-574bff445c-grt9z,6,168
09:43:24,100u,adservice-574bff445c-h47zv,5,169
09:43:24,100u,adservice-574bff445c-wppcl,35,277
09:43:24,100u,cartservice-7c84fdfb6-hsn24,1,113
09:43:24,100u,cartservice-7c84fdfb6-s4cp2,68,168
09:43:24,100u,cartservice-7c84fdfb6-sf94w,6,137
09:43:24,100u,checkoutservice-5b6d96c9b7-cfmrc,4,35
09:43:24,100u,checkoutservice-5b6d96c9b7-h4wfv,3,19
09:43:24,100u,checkoutservice-5b6d96c9b7-jdqn7,8,22
09:43:24,100u,currencyservice-7c8fc8fc9c-dlzht,40,125
09:43:24,100u,currencyservice-7c8fc8fc9c-mvsgf,98,127
09:43:24,100u,currencyservice-7c8fc8fc9c-wqrfs,7,98
09:43:24,100u,emailservice-66944ff59-478c4,3,56
09:43:24,100u,emailservice-66944ff59-4fvm9,7,94
09:43:24,100u,emailservice-66944ff59-txwj8,4,58
09:43:24,100u,frontend-7bd6f45654-7bcq6,98,27
09:43:24,100u,frontend-7bd6f45654-7gwtd,56,44
09:43:24,100u,frontend-7bd6f45654-xm79g,62,30
09:43:24,100u,paymentservice-9bfb7bf5-46sq4,4,78
09:43:24,100u,paymentservice-9bfb7bf5-pktv4,1,68
09:43:24,100u,paymentservice-9bfb7bf5-snj4k,3,126
09:43:24,100u,productcatalogservice-65bbf699df-8zzd2,67,42
09:43:24,100u,productcatalogservice-65bbf699df-qmltb,1,19
09:43:24,100u,productcatalogservice-65bbf699df-rh24h,26,22
09:43:24,100u,recommendationservice-7444754ff5-b7pgl,96,80
09:43:24,100u,recommendationservice-7444754ff5-hsxb8,3,51
09:43:24,100u,recommendationservice-7444754ff5-xm2x5,40,55
09:43:24,100u,redis-cart-c8ff86559-jrlvk,6,36
09:43:24,100u,shippingservice-f956b6d9f-2g46p,10,30
09:43:24,100u,shippingservice-f956b6d9f-4kzvq,2,16
09:43:24,100u,shippingservice-f956b6d9f-nmnfn,4,16
09:43:34,100u,adservice-574bff445c-grt9z,2,168
09:43:34,100u,adservice-574bff445c-h47zv,2,169
09:43:34,100u,adservice-574bff445c-wppcl,69,277
09:43:34,100u,cartservice-7c84fdfb6-hsn24,1,113
09:43:34,100u,cartservice-7c84fdfb6-s4cp2,123,168
09:43:34,100u,cartservice-7c84fdfb6-sf94w,10,137
09:43:34,100u,checkoutservice-5b6d96c9b7-cfmrc,8,35
09:43:34,100u,checkoutservice-5b6d96c9b7-h4wfv,12,19
09:43:34,100u,checkoutservice-5b6d96c9b7-jdqn7,13,22
09:43:34,100u,currencyservice-7c8fc8fc9c-dlzht,89,126
09:43:34,100u,currencyservice-7c8fc8fc9c-mvsgf,174,126
09:43:34,100u,currencyservice-7c8fc8fc9c-wqrfs,11,98
09:43:34,100u,emailservice-66944ff59-478c4,2,56
09:43:34,100u,emailservice-66944ff59-4fvm9,10,94
09:43:34,100u,emailservice-66944ff59-txwj8,7,58
09:43:34,100u,frontend-7bd6f45654-7bcq6,152,27
09:43:34,100u,frontend-7bd6f45654-7gwtd,114,45
09:43:34,100u,frontend-7bd6f45654-xm79g,157,30
09:43:34,100u,paymentservice-9bfb7bf5-46sq4,5,78
09:43:34,100u,paymentservice-9bfb7bf5-pktv4,1,68
09:43:34,100u,paymentservice-9bfb7bf5-snj4k,8,126
09:43:34,100u,productcatalogservice-65bbf699df-8zzd2,115,42
09:43:34,100u,productcatalogservice-65bbf699df-qmltb,1,19
09:43:34,100u,productcatalogservice-65bbf699df-rh24h,67,22
09:43:34,100u,recommendationservice-7444754ff5-b7pgl,171,80
09:43:34,100u,recommendationservice-7444754ff5-hsxb8,2,51
09:43:34,100u,recommendationservice-7444754ff5-xm2x5,117,55
09:43:34,100u,redis-cart-c8ff86559-jrlvk,10,36
09:43:34,100u,shippingservice-f956b6d9f-2g46p,20,30
09:43:34,100u,shippingservice-f956b6d9f-4kzvq,4,16
09:43:34,100u,shippingservice-f956b6d9f-nmnfn,4,16
09:43:44,100u,adservice-574bff445c-grt9z,2,168
09:43:44,100u,adservice-574bff445c-h47zv,2,169
09:43:44,100u,adservice-574bff445c-wppcl,69,277
09:43:44,100u,cartservice-7c84fdfb6-hsn24,1,113
09:43:44,100u,cartservice-7c84fdfb6-s4cp2,123,168
09:43:44,100u,cartservice-7c84fdfb6-sf94w,10,137
09:43:44,100u,checkoutservice-5b6d96c9b7-cfmrc,8,35
09:43:44,100u,checkoutservice-5b6d96c9b7-h4wfv,12,19
09:43:44,100u,checkoutservice-5b6d96c9b7-jdqn7,13,22
09:43:44,100u,currencyservice-7c8fc8fc9c-dlzht,89,126
09:43:44,100u,currencyservice-7c8fc8fc9c-mvsgf,174,126
09:43:44,100u,currencyservice-7c8fc8fc9c-wqrfs,11,98
09:43:44,100u,emailservice-66944ff59-478c4,2,56
09:43:44,100u,emailservice-66944ff59-4fvm9,10,94
09:43:44,100u,emailservice-66944ff59-txwj8,7,58
09:43:44,100u,frontend-7bd6f45654-7bcq6,152,27
09:43:44,100u,frontend-7bd6f45654-7gwtd,114,45
09:43:44,100u,frontend-7bd6f45654-xm79g,157,30
09:43:44,100u,paymentservice-9bfb7bf5-46sq4,5,78
09:43:44,100u,paymentservice-9bfb7bf5-pktv4,1,68
09:43:44,100u,paymentservice-9bfb7bf5-snj4k,8,126
09:43:44,100u,productcatalogservice-65bbf699df-8zzd2,115,42
09:43:44,100u,productcatalogservice-65bbf699df-qmltb,1,19
09:43:44,100u,productcatalogservice-65bbf699df-rh24h,67,22
09:43:44,100u,recommendationservice-7444754ff5-b7pgl,171,80
09:43:44,100u,recommendationservice-7444754ff5-hsxb8,2,51
09:43:44,100u,recommendationservice-7444754ff5-xm2x5,117,55
09:43:44,100u,redis-cart-c8ff86559-jrlvk,10,36
09:43:44,100u,shippingservice-f956b6d9f-2g46p,20,30
09:43:44,100u,shippingservice-f956b6d9f-4kzvq,4,16
09:43:44,100u,shippingservice-f956b6d9f-nmnfn,4,16
09:43:54,100u,adservice-574bff445c-grt9z,3,168
09:43:54,100u,adservice-574bff445c-h47zv,3,169
09:43:54,100u,adservice-574bff445c-wppcl,37,277
09:43:54,100u,cartservice-7c84fdfb6-hsn24,2,113
09:43:54,100u,cartservice-7c84fdfb6-s4cp2,90,168
09:43:54,100u,cartservice-7c84fdfb6-sf94w,5,137
09:43:54,100u,checkoutservice-5b6d96c9b7-cfmrc,6,35
09:43:54,100u,checkoutservice-5b6d96c9b7-h4wfv,9,19
09:43:54,100u,checkoutservice-5b6d96c9b7-jdqn7,5,22
09:43:54,100u,currencyservice-7c8fc8fc9c-dlzht,48,126
09:43:54,100u,currencyservice-7c8fc8fc9c-mvsgf,108,126
09:43:54,100u,currencyservice-7c8fc8fc9c-wqrfs,4,98
09:43:54,100u,emailservice-66944ff59-478c4,3,56
09:43:54,100u,emailservice-66944ff59-4fvm9,7,94
09:43:54,100u,emailservice-66944ff59-txwj8,7,58
09:43:54,100u,frontend-7bd6f45654-7bcq6,65,27
09:43:54,100u,frontend-7bd6f45654-7gwtd,66,44
09:43:54,100u,frontend-7bd6f45654-xm79g,106,30
09:43:54,100u,paymentservice-9bfb7bf5-46sq4,2,78
09:43:54,100u,paymentservice-9bfb7bf5-pktv4,1,68
09:43:54,100u,paymentservice-9bfb7bf5-snj4k,7,124
09:43:54,100u,productcatalogservice-65bbf699df-8zzd2,61,42
09:43:54,100u,productcatalogservice-65bbf699df-qmltb,1,19
09:43:54,100u,productcatalogservice-65bbf699df-rh24h,42,22
09:43:54,100u,recommendationservice-7444754ff5-b7pgl,80,80
09:43:54,100u,recommendationservice-7444754ff5-hsxb8,3,51
09:43:54,100u,recommendationservice-7444754ff5-xm2x5,70,55
09:43:54,100u,redis-cart-c8ff86559-jrlvk,7,36
09:43:54,100u,shippingservice-f956b6d9f-2g46p,12,30
09:43:54,100u,shippingservice-f956b6d9f-4kzvq,3,16
09:43:54,100u,shippingservice-f956b6d9f-nmnfn,2,16
09:44:05,100u,adservice-574bff445c-grt9z,3,168
09:44:05,100u,adservice-574bff445c-h47zv,3,169
09:44:05,100u,adservice-574bff445c-wppcl,80,277
09:44:05,100u,cartservice-7c84fdfb6-hsn24,1,113
09:44:05,100u,cartservice-7c84fdfb6-s4cp2,161,169
09:44:05,100u,cartservice-7c84fdfb6-sf94w,8,137
09:44:05,100u,checkoutservice-5b6d96c9b7-cfmrc,8,35
09:44:05,100u,checkoutservice-5b6d96c9b7-h4wfv,18,19
09:44:05,100u,checkoutservice-5b6d96c9b7-jdqn7,11,22
09:44:05,100u,currencyservice-7c8fc8fc9c-dlzht,100,126
09:44:05,100u,currencyservice-7c8fc8fc9c-mvsgf,193,126
09:44:05,100u,currencyservice-7c8fc8fc9c-wqrfs,10,98
09:44:05,100u,emailservice-66944ff59-478c4,2,56
09:44:05,100u,emailservice-66944ff59-4fvm9,10,94
09:44:05,100u,emailservice-66944ff59-txwj8,9,58
09:44:05,100u,frontend-7bd6f45654-7bcq6,145,27
09:44:05,100u,frontend-7bd6f45654-7gwtd,136,44
09:44:05,100u,frontend-7bd6f45654-xm79g,192,31
09:44:05,100u,paymentservice-9bfb7bf5-46sq4,4,78
09:44:05,100u,paymentservice-9bfb7bf5-pktv4,1,68
09:44:05,100u,paymentservice-9bfb7bf5-snj4k,9,125
09:44:05,100u,productcatalogservice-65bbf699df-8zzd2,128,42
09:44:05,100u,productcatalogservice-65bbf699df-qmltb,1,19
09:44:05,100u,productcatalogservice-65bbf699df-rh24h,82,22
09:44:05,100u,recommendationservice-7444754ff5-b7pgl,182,80
09:44:05,100u,recommendationservice-7444754ff5-hsxb8,2,51
09:44:05,100u,recommendationservice-7444754ff5-xm2x5,154,55
09:44:05,100u,redis-cart-c8ff86559-jrlvk,11,36
09:44:05,100u,shippingservice-f956b6d9f-2g46p,24,30
09:44:05,100u,shippingservice-f956b6d9f-4kzvq,5,16
09:44:05,100u,shippingservice-f956b6d9f-nmnfn,3,16
09:44:15,100u,adservice-574bff445c-grt9z,3,168
09:44:15,100u,adservice-574bff445c-h47zv,3,169
09:44:15,100u,adservice-574bff445c-wppcl,80,277
09:44:15,100u,cartservice-7c84fdfb6-hsn24,1,113
09:44:15,100u,cartservice-7c84fdfb6-s4cp2,161,169
09:44:15,100u,cartservice-7c84fdfb6-sf94w,8,137
09:44:15,100u,checkoutservice-5b6d96c9b7-cfmrc,8,35
09:44:15,100u,checkoutservice-5b6d96c9b7-h4wfv,18,19
09:44:15,100u,checkoutservice-5b6d96c9b7-jdqn7,11,22
09:44:15,100u,currencyservice-7c8fc8fc9c-dlzht,100,126
09:44:15,100u,currencyservice-7c8fc8fc9c-mvsgf,193,126
09:44:15,100u,currencyservice-7c8fc8fc9c-wqrfs,10,98
09:44:15,100u,emailservice-66944ff59-478c4,2,56
09:44:15,100u,emailservice-66944ff59-4fvm9,10,94
09:44:15,100u,emailservice-66944ff59-txwj8,9,58
09:44:15,100u,frontend-7bd6f45654-7bcq6,145,27
09:44:15,100u,frontend-7bd6f45654-7gwtd,136,44
09:44:15,100u,frontend-7bd6f45654-xm79g,192,31
09:44:15,100u,paymentservice-9bfb7bf5-46sq4,4,78
09:44:15,100u,paymentservice-9bfb7bf5-pktv4,1,68
09:44:15,100u,paymentservice-9bfb7bf5-snj4k,9,125
09:44:15,100u,productcatalogservice-65bbf699df-8zzd2,128,42
09:44:15,100u,productcatalogservice-65bbf699df-qmltb,1,19
09:44:15,100u,productcatalogservice-65bbf699df-rh24h,82,22
09:44:15,100u,recommendationservice-7444754ff5-b7pgl,182,80
09:44:15,100u,recommendationservice-7444754ff5-hsxb8,2,51
09:44:15,100u,recommendationservice-7444754ff5-xm2x5,154,55
09:44:15,100u,redis-cart-c8ff86559-jrlvk,11,36
09:44:15,100u,shippingservice-f956b6d9f-2g46p,24,30
09:44:15,100u,shippingservice-f956b6d9f-4kzvq,5,16
09:44:15,100u,shippingservice-f956b6d9f-nmnfn,3,16
09:44:25,100u,adservice-574bff445c-grt9z,1,168
09:44:25,100u,adservice-574bff445c-h47zv,1,169
09:44:25,100u,adservice-574bff445c-wppcl,78,277
09:44:25,100u,cartservice-7c84fdfb6-hsn24,1,113
09:44:25,100u,cartservice-7c84fdfb6-s4cp2,117,169
09:44:25,100u,cartservice-7c84fdfb6-sf94w,11,137
09:44:25,100u,checkoutservice-5b6d96c9b7-cfmrc,10,35
09:44:25,100u,checkoutservice-5b6d96c9b7-h4wfv,15,20
09:44:25,100u,checkoutservice-5b6d96c9b7-jdqn7,14,22
09:44:25,100u,currencyservice-7c8fc8fc9c-dlzht,99,125
09:44:25,100u,currencyservice-7c8fc8fc9c-mvsgf,175,126
09:44:25,100u,currencyservice-7c8fc8fc9c-wqrfs,11,98
09:44:25,100u,emailservice-66944ff59-478c4,2,56
09:44:25,100u,emailservice-66944ff59-4fvm9,12,94
09:44:25,100u,emailservice-66944ff59-txwj8,8,58
09:44:25,100u,frontend-7bd6f45654-7bcq6,142,28
09:44:25,100u,frontend-7bd6f45654-7gwtd,124,45
09:44:25,100u,frontend-7bd6f45654-xm79g,174,32
09:44:25,100u,paymentservice-9bfb7bf5-46sq4,6,78
09:44:25,100u,paymentservice-9bfb7bf5-pktv4,1,68
09:44:25,100u,paymentservice-9bfb7bf5-snj4k,8,125
09:44:25,100u,productcatalogservice-65bbf699df-8zzd2,118,42
09:44:25,100u,productcatalogservice-65bbf699df-qmltb,1,19
09:44:25,100u,productcatalogservice-65bbf699df-rh24h,73,22
09:44:25,100u,recommendationservice-7444754ff5-b7pgl,178,81
09:44:25,100u,recommendationservice-7444754ff5-hsxb8,2,51
09:44:25,100u,recommendationservice-7444754ff5-xm2x5,162,55
09:44:25,100u,redis-cart-c8ff86559-jrlvk,10,36
09:44:25,100u,shippingservice-f956b6d9f-2g46p,23,30
09:44:25,100u,shippingservice-f956b6d9f-4kzvq,4,16
09:44:25,100u,shippingservice-f956b6d9f-nmnfn,5,16
09:44:35,100u,adservice-574bff445c-grt9z,2,168
09:44:35,100u,adservice-574bff445c-h47zv,1,169
09:44:35,100u,adservice-574bff445c-wppcl,92,279
09:44:35,100u,cartservice-7c84fdfb6-hsn24,1,113
09:44:35,100u,cartservice-7c84fdfb6-s4cp2,147,169
09:44:35,100u,cartservice-7c84fdfb6-sf94w,9,137
09:44:35,100u,checkoutservice-5b6d96c9b7-cfmrc,8,35
09:44:35,100u,checkoutservice-5b6d96c9b7-h4wfv,20,19
09:44:35,100u,checkoutservice-5b6d96c9b7-jdqn7,10,22
09:44:35,100u,currencyservice-7c8fc8fc9c-dlzht,106,125
09:44:35,100u,currencyservice-7c8fc8fc9c-mvsgf,185,125
09:44:35,100u,currencyservice-7c8fc8fc9c-wqrfs,9,98
09:44:35,100u,emailservice-66944ff59-478c4,2,56
09:44:35,100u,emailservice-66944ff59-4fvm9,10,94
09:44:35,100u,emailservice-66944ff59-txwj8,10,58
09:44:35,100u,frontend-7bd6f45654-7bcq6,144,28
09:44:35,100u,frontend-7bd6f45654-7gwtd,142,46
09:44:35,100u,frontend-7bd6f45654-xm79g,180,32
09:44:35,100u,paymentservice-9bfb7bf5-46sq4,4,78
09:44:35,100u,paymentservice-9bfb7bf5-pktv4,1,68
09:44:35,100u,paymentservice-9bfb7bf5-snj4k,10,125
09:44:35,100u,productcatalogservice-65bbf699df-8zzd2,127,42
09:44:35,100u,productcatalogservice-65bbf699df-qmltb,1,19
09:44:35,100u,productcatalogservice-65bbf699df-rh24h,71,22
09:44:35,100u,recommendationservice-7444754ff5-b7pgl,188,81
09:44:35,100u,recommendationservice-7444754ff5-hsxb8,2,51
09:44:35,100u,recommendationservice-7444754ff5-xm2x5,179,55
09:44:35,100u,redis-cart-c8ff86559-jrlvk,12,36
09:44:35,100u,shippingservice-f956b6d9f-2g46p,23,30
09:44:35,100u,shippingservice-f956b6d9f-4kzvq,6,16
09:44:35,100u,shippingservice-f956b6d9f-nmnfn,3,16
09:44:45,100u,adservice-574bff445c-grt9z,2,168
09:44:45,100u,adservice-574bff445c-h47zv,1,169
09:44:45,100u,adservice-574bff445c-wppcl,92,279
09:44:45,100u,cartservice-7c84fdfb6-hsn24,1,113
09:44:45,100u,cartservice-7c84fdfb6-s4cp2,147,169
09:44:45,100u,cartservice-7c84fdfb6-sf94w,9,137
09:44:45,100u,checkoutservice-5b6d96c9b7-cfmrc,8,35
09:44:45,100u,checkoutservice-5b6d96c9b7-h4wfv,20,19
09:44:45,100u,checkoutservice-5b6d96c9b7-jdqn7,10,22
09:44:45,100u,currencyservice-7c8fc8fc9c-dlzht,106,125
09:44:45,100u,currencyservice-7c8fc8fc9c-mvsgf,185,125
09:44:45,100u,currencyservice-7c8fc8fc9c-wqrfs,9,98
09:44:45,100u,emailservice-66944ff59-478c4,2,56
09:44:45,100u,emailservice-66944ff59-4fvm9,10,94
09:44:45,100u,emailservice-66944ff59-txwj8,10,58
09:44:45,100u,frontend-7bd6f45654-7bcq6,144,28
09:44:45,100u,frontend-7bd6f45654-7gwtd,142,46
09:44:45,100u,frontend-7bd6f45654-xm79g,180,32
09:44:45,100u,paymentservice-9bfb7bf5-46sq4,4,78
09:44:45,100u,paymentservice-9bfb7bf5-pktv4,1,68
09:44:45,100u,paymentservice-9bfb7bf5-snj4k,10,125
09:44:45,100u,productcatalogservice-65bbf699df-8zzd2,127,42
09:44:45,100u,productcatalogservice-65bbf699df-qmltb,1,19
09:44:45,100u,productcatalogservice-65bbf699df-rh24h,71,22
09:44:45,100u,recommendationservice-7444754ff5-b7pgl,188,81
09:44:45,100u,recommendationservice-7444754ff5-hsxb8,2,51
09:44:45,100u,recommendationservice-7444754ff5-xm2x5,179,55
09:44:45,100u,redis-cart-c8ff86559-jrlvk,12,36
09:44:45,100u,shippingservice-f956b6d9f-2g46p,23,30
09:44:45,100u,shippingservice-f956b6d9f-4kzvq,6,16
09:44:45,100u,shippingservice-f956b6d9f-nmnfn,3,16
09:44:55,100u,adservice-574bff445c-grt9z,2,168
09:44:55,100u,adservice-574bff445c-h47zv,2,169
09:44:55,100u,adservice-574bff445c-wppcl,99,279
09:44:55,100u,cartservice-7c84fdfb6-hsn24,1,113
09:44:55,100u,cartservice-7c84fdfb6-s4cp2,155,169
09:44:55,100u,cartservice-7c84fdfb6-sf94w,9,137
09:44:55,100u,checkoutservice-5b6d96c9b7-cfmrc,12,35
09:44:55,100u,checkoutservice-5b6d96c9b7-h4wfv,24,19
09:44:55,100u,checkoutservice-5b6d96c9b7-jdqn7,12,22
09:44:55,100u,currencyservice-7c8fc8fc9c-dlzht,121,126
09:44:55,100u,currencyservice-7c8fc8fc9c-mvsgf,200,127
09:44:55,100u,currencyservice-7c8fc8fc9c-wqrfs,10,98
09:44:55,100u,emailservice-66944ff59-478c4,2,56
09:44:55,100u,emailservice-66944ff59-4fvm9,11,94
09:44:55,100u,emailservice-66944ff59-txwj8,12,58
09:44:55,100u,frontend-7bd6f45654-7bcq6,159,29
09:44:55,100u,frontend-7bd6f45654-7gwtd,155,46
09:44:55,100u,frontend-7bd6f45654-xm79g,196,32
09:44:55,100u,paymentservice-9bfb7bf5-46sq4,4,78
09:44:55,100u,paymentservice-9bfb7bf5-pktv4,1,68
09:44:55,100u,paymentservice-9bfb7bf5-snj4k,12,125
09:44:55,100u,productcatalogservice-65bbf699df-8zzd2,139,42
09:44:55,100u,productcatalogservice-65bbf699df-qmltb,1,19
09:44:55,100u,productcatalogservice-65bbf699df-rh24h,76,22
09:44:55,100u,recommendationservice-7444754ff5-b7pgl,201,81
09:44:55,100u,recommendationservice-7444754ff5-hsxb8,2,51
09:44:55,100u,recommendationservice-7444754ff5-xm2x5,191,55
09:44:55,100u,redis-cart-c8ff86559-jrlvk,12,37
09:44:55,100u,shippingservice-f956b6d9f-2g46p,25,30
09:44:55,100u,shippingservice-f956b6d9f-4kzvq,6,16
09:44:55,100u,shippingservice-f956b6d9f-nmnfn,3,16
09:45:05,100u,adservice-574bff445c-grt9z,1,168
09:45:05,100u,adservice-574bff445c-h47zv,1,169
09:45:05,100u,adservice-574bff445c-wppcl,83,279
09:45:05,100u,cartservice-7c84fdfb6-hsn24,1,113
09:45:05,100u,cartservice-7c84fdfb6-s4cp2,132,169
09:45:05,100u,cartservice-7c84fdfb6-sf94w,11,137
09:45:05,100u,checkoutservice-5b6d96c9b7-cfmrc,9,35
09:45:05,100u,checkoutservice-5b6d96c9b7-h4wfv,19,19
09:45:05,100u,checkoutservice-5b6d96c9b7-jdqn7,15,22
09:45:05,100u,currencyservice-7c8fc8fc9c-dlzht,105,125
09:45:05,100u,currencyservice-7c8fc8fc9c-mvsgf,136,90
09:45:05,100u,currencyservice-7c8fc8fc9c-wqrfs,170,101
09:45:05,100u,emailservice-66944ff59-478c4,2,56
09:45:05,100u,emailservice-66944ff59-4fvm9,12,94
09:45:05,100u,emailservice-66944ff59-txwj8,9,58
09:45:05,100u,frontend-7bd6f45654-7bcq6,146,29
09:45:05,100u,frontend-7bd6f45654-7gwtd,137,46
09:45:05,100u,frontend-7bd6f45654-xm79g,182,30
09:45:05,100u,paymentservice-9bfb7bf5-46sq4,6,78
09:45:05,100u,paymentservice-9bfb7bf5-pktv4,1,68
09:45:05,100u,paymentservice-9bfb7bf5-snj4k,9,125
09:45:05,100u,productcatalogservice-65bbf699df-8zzd2,123,42
09:45:05,100u,productcatalogservice-65bbf699df-qmltb,1,19
09:45:05,100u,productcatalogservice-65bbf699df-rh24h,74,22
09:45:05,100u,recommendationservice-7444754ff5-b7pgl,191,81
09:45:05,100u,recommendationservice-7444754ff5-hsxb8,2,51
09:45:05,100u,recommendationservice-7444754ff5-xm2x5,171,55
09:45:05,100u,redis-cart-c8ff86559-jrlvk,11,36
09:45:05,100u,shippingservice-f956b6d9f-2g46p,23,30
09:45:05,100u,shippingservice-f956b6d9f-4kzvq,5,16
09:45:05,100u,shippingservice-f956b6d9f-nmnfn,4,16
09:45:16,100u,adservice-574bff445c-grt9z,1,168
09:45:16,100u,adservice-574bff445c-h47zv,1,169
09:45:16,100u,adservice-574bff445c-wppcl,83,279
09:45:16,100u,cartservice-7c84fdfb6-hsn24,1,113
09:45:16,100u,cartservice-7c84fdfb6-s4cp2,132,169
09:45:16,100u,cartservice-7c84fdfb6-sf94w,11,137
09:45:16,100u,checkoutservice-5b6d96c9b7-cfmrc,9,35
09:45:16,100u,checkoutservice-5b6d96c9b7-h4wfv,19,19
09:45:16,100u,checkoutservice-5b6d96c9b7-jdqn7,15,22
09:45:16,100u,currencyservice-7c8fc8fc9c-dlzht,105,125
09:45:16,100u,currencyservice-7c8fc8fc9c-mvsgf,136,90
09:45:16,100u,currencyservice-7c8fc8fc9c-wqrfs,170,101
09:45:16,100u,emailservice-66944ff59-478c4,2,56
09:45:16,100u,emailservice-66944ff59-4fvm9,12,94
09:45:16,100u,emailservice-66944ff59-txwj8,9,58
09:45:16,100u,frontend-7bd6f45654-7bcq6,146,29
09:45:16,100u,frontend-7bd6f45654-7gwtd,137,46
09:45:16,100u,frontend-7bd6f45654-xm79g,182,30
09:45:16,100u,paymentservice-9bfb7bf5-46sq4,6,78
09:45:16,100u,paymentservice-9bfb7bf5-pktv4,1,68
09:45:16,100u,paymentservice-9bfb7bf5-snj4k,9,125
09:45:16,100u,productcatalogservice-65bbf699df-8zzd2,123,42
09:45:16,100u,productcatalogservice-65bbf699df-qmltb,1,19
09:45:16,100u,productcatalogservice-65bbf699df-rh24h,74,22
09:45:16,100u,recommendationservice-7444754ff5-b7pgl,191,81
09:45:16,100u,recommendationservice-7444754ff5-hsxb8,2,51
09:45:16,100u,recommendationservice-7444754ff5-xm2x5,171,55
09:45:16,100u,redis-cart-c8ff86559-jrlvk,11,36
09:45:16,100u,shippingservice-f956b6d9f-2g46p,23,30
09:45:16,100u,shippingservice-f956b6d9f-4kzvq,5,16
09:45:16,100u,shippingservice-f956b6d9f-nmnfn,4,16
09:45:26,100u,adservice-574bff445c-grt9z,2,168
09:45:26,100u,adservice-574bff445c-h47zv,3,169
09:45:26,100u,adservice-574bff445c-wppcl,97,279
09:45:26,100u,cartservice-7c84fdfb6-hsn24,1,113
09:45:26,100u,cartservice-7c84fdfb6-s4cp2,144,170
09:45:26,100u,cartservice-7c84fdfb6-sf94w,12,139
09:45:26,100u,checkoutservice-5b6d96c9b7-cfmrc,9,35
09:45:26,100u,checkoutservice-5b6d96c9b7-h4wfv,26,19
09:45:26,100u,checkoutservice-5b6d96c9b7-jdqn7,14,22
09:45:26,100u,currencyservice-7c8fc8fc9c-dlzht,112,125
09:45:26,100u,currencyservice-7c8fc8fc9c-mvsgf,2,92
09:45:26,100u,currencyservice-7c8fc8fc9c-wqrfs,196,104
09:45:26,100u,emailservice-66944ff59-478c4,2,56
09:45:26,100u,emailservice-66944ff59-4fvm9,12,94
09:45:26,100u,emailservice-66944ff59-txwj8,12,58
09:45:26,100u,frontend-7bd6f45654-7bcq6,153,29
09:45:26,100u,frontend-7bd6f45654-7gwtd,150,46
09:45:26,100u,frontend-7bd6f45654-xm79g,188,30
09:45:26,100u,paymentservice-9bfb7bf5-46sq4,5,78
09:45:26,100u,paymentservice-9bfb7bf5-pktv4,1,68
09:45:26,100u,paymentservice-9bfb7bf5-snj4k,12,125
09:45:26,100u,productcatalogservice-65bbf699df-8zzd2,130,42
09:45:26,100u,productcatalogservice-65bbf699df-qmltb,1,19
09:45:26,100u,productcatalogservice-65bbf699df-rh24h,73,22
09:45:26,100u,recommendationservice-7444754ff5-b7pgl,197,81
09:45:26,100u,recommendationservice-7444754ff5-hsxb8,2,51
09:45:26,100u,recommendationservice-7444754ff5-xm2x5,186,55
09:45:26,100u,redis-cart-c8ff86559-jrlvk,12,36
09:45:26,100u,shippingservice-f956b6d9f-2g46p,23,30
09:45:26,100u,shippingservice-f956b6d9f-4kzvq,7,16
09:45:26,100u,shippingservice-f956b6d9f-nmnfn,4,16
