/Users/edias/Library/Python/3.9/lib/python/site-packages/urllib3/__init__.py:35: NotOpenSSLWarning: urllib3 v2 only supports OpenSSL 1.1.1+, currently the 'ssl' module is compiled with 'LibreSSL 2.8.3'. See: https://github.com/urllib3/urllib3/issues/3020
  warnings.warn(
[2026-04-25 20:30:27,881] Mac/WARNING/locust.main: Python 3.9 support is deprecated and will be removed soon
Type     Name                                                                          # reqs      # fails |    Avg     Min     Max    Med |   req/s  failures/s
--------|----------------------------------------------------------------------------|-------|-------------|-------|-------|-------|-------|--------|-----------
--------|----------------------------------------------------------------------------|-------|-------------|-------|-------|-------|-------|--------|-----------
         Aggregated                                                                         0     0(0.00%) |      0       0       0      0 |    0.00        0.00

Type     Name                                                                          # reqs      # fails |    Avg     Min     Max    Med |   req/s  failures/s
--------|----------------------------------------------------------------------------|-------|-------------|-------|-------|-------|-------|--------|-----------
GET      /                                                                                  1     0(0.00%) |    787     787     787    787 |    0.00        0.00
POST     /cart [add]                                                                        2     0(0.00%) |    420     385     454    390 |    0.00        0.00
POST     /cart/checkout                                                                     1     0(0.00%) |    307     307     307    307 |    0.00        0.00
GET      /product/[id]                                                                      7     0(0.00%) |    123      28     386     39 |    0.00        0.00
POST     /setCurrency                                                                       1     0(0.00%) |    776     776     776    776 |    0.00        0.00
--------|----------------------------------------------------------------------------|-------|-------------|-------|-------|-------|-------|--------|-----------
         Aggregated                                                                        12     0(0.00%) |    298      28     787    210 |    0.00        0.00

Type     Name                                                                          # reqs      # fails |    Avg     Min     Max    Med |   req/s  failures/s
--------|----------------------------------------------------------------------------|-------|-------------|-------|-------|-------|-------|--------|-----------
GET      /                                                                                  1     0(0.00%) |    787     787     787    787 |    0.00        0.00
GET      /cart                                                                              4     0(0.00%) |    305     122     475    290 |    0.00        0.00
POST     /cart [add]                                                                        5     0(0.00%) |    399     330     457    390 |    0.50        0.00
POST     /cart/checkout                                                                     1     0(0.00%) |    307     307     307    307 |    0.00        0.00
GET      /product/[id]                                                                     21     0(0.00%) |    190      28     386    200 |    2.50        0.00
POST     /setCurrency                                                                       2     0(0.00%) |    916     776    1056    780 |    0.00        0.00
--------|----------------------------------------------------------------------------|-------|-------------|-------|-------|-------|-------|--------|-----------
         Aggregated                                                                        34     0(0.00%) |    298      28    1056    260 |    3.00        0.00

Type     Name                                                                          # reqs      # fails |    Avg     Min     Max    Med |   req/s  failures/s
--------|----------------------------------------------------------------------------|-------|-------------|-------|-------|-------|-------|--------|-----------
GET      /                                                                                  1     0(0.00%) |    787     787     787    787 |    0.25        0.00
GET      /cart                                                                              5     0(0.00%) |    333     122     475    340 |    0.25        0.00
POST     /cart [add]                                                                        6     0(0.00%) |    525     330    1157    390 |    1.00        0.00
POST     /cart/checkout                                                                     1     0(0.00%) |    307     307     307    307 |    0.25        0.00
GET      /product/[id]                                                                     24     0(0.00%) |    220      28     469    210 |    3.00        0.00
POST     /setCurrency                                                                       3     0(0.00%) |   1149     776    1615   1100 |    0.50        0.00
--------|----------------------------------------------------------------------------|-------|-------------|-------|-------|-------|-------|--------|-----------
         Aggregated                                                                        40     0(0.00%) |    366      28    1615    290 |    5.25        0.00

Type     Name                                                                          # reqs      # fails |    Avg     Min     Max    Med |   req/s  failures/s
--------|----------------------------------------------------------------------------|-------|-------------|-------|-------|-------|-------|--------|-----------
GET      /                                                                                  1     0(0.00%) |    787     787     787    787 |    0.17        0.00
GET      /cart                                                                              8     0(0.00%) |    957     122    2001    450 |    0.83        0.00
POST     /cart [add]                                                                       10     0(0.00%) |   1164     330    2579    460 |    0.83        0.00
POST     /cart/checkout                                                                     1     0(0.00%) |    307     307     307    307 |    0.17        0.00
GET      /product/[id]                                                                     34     0(0.00%) |    528      28    1803    260 |    4.00        0.00
POST     /setCurrency                                                                       3     0(0.00%) |   1149     776    1615   1100 |    0.33        0.00
--------|----------------------------------------------------------------------------|-------|-------------|-------|-------|-------|-------|--------|-----------
         Aggregated                                                                        57     0(0.00%) |    733      28    2579    390 |    6.33        0.00

Type     Name                                                                          # reqs      # fails |    Avg     Min     Max    Med |   req/s  failures/s
--------|----------------------------------------------------------------------------|-------|-------------|-------|-------|-------|-------|--------|-----------
GET      /                                                                                  2     0(0.00%) |   3113     787    5439    790 |    0.12        0.00
GET      /cart                                                                              9     0(0.00%) |   1029     122    2001    480 |    0.88        0.00
POST     /cart [add]                                                                       12     0(0.00%) |   1243     330    2579   1200 |    1.00        0.00
POST     /cart/checkout                                                                     4     0(0.00%) |   1282     307    2006   1300 |    0.12        0.00
GET      /product/[id]                                                                     44     0(0.00%) |    682      28    1803    390 |    3.75        0.00
POST     /setCurrency                                                                       3     0(0.00%) |   1149     776    1615   1100 |    0.38        0.00
--------|----------------------------------------------------------------------------|-------|-------------|-------|-------|-------|-------|--------|-----------
         Aggregated                                                                        74     0(0.00%) |    932      28    5439    780 |    6.25        0.00

Type     Name                                                                          # reqs      # fails |    Avg     Min     Max    Med |   req/s  failures/s
--------|----------------------------------------------------------------------------|-------|-------------|-------|-------|-------|-------|--------|-----------
GET      /                                                                                  2     0(0.00%) |   3113     787    5439    790 |    0.10        0.00
GET      /cart                                                                             11     0(0.00%) |   1191     122    2409   1400 |    0.90        0.00
POST     /cart [add]                                                                       15     0(0.00%) |   1419     330    2579   1600 |    1.10        0.00
POST     /cart/checkout                                                                     5     0(0.00%) |   1407     307    2006   1500 |    0.40        0.00
GET      /product/[id]                                                                     56     0(0.00%) |    887      28    1893    950 |    4.10        0.00
POST     /setCurrency                                                                       3     0(0.00%) |   1149     776    1615   1100 |    0.30        0.00
--------|----------------------------------------------------------------------------|-------|-------------|-------|-------|-------|-------|--------|-----------
         Aggregated                                                                        92     0(0.00%) |   1095      28    5439   1100 |    6.90        0.00

Type     Name                                                                          # reqs      # fails |    Avg     Min     Max    Med |   req/s  failures/s
--------|----------------------------------------------------------------------------|-------|-------------|-------|-------|-------|-------|--------|-----------
GET      /                                                                                  3     0(0.00%) |   4204     787    6385   5400 |    0.20        0.00
GET      /cart                                                                             15     0(0.00%) |   1301     122    2409   1500 |    1.00        0.00
POST     /cart [add]                                                                       18     0(0.00%) |   1584     330    2705   1600 |    1.20        0.00
POST     /cart/checkout                                                                     6     0(0.00%) |   1702     307    3176   1500 |    0.50        0.00
GET      /product/[id]                                                                     67     0(0.00%) |   1025      28    2465   1200 |    4.20        0.00
POST     /setCurrency                                                                       4     0(0.00%) |   2381     776    6079   1100 |    0.30        0.00
--------|----------------------------------------------------------------------------|-------|-------------|-------|-------|-------|-------|--------|-----------
         Aggregated                                                                       113     0(0.00%) |   1319      28    6385   1300 |    7.40        0.00

Type     Name                                                                          # reqs      # fails |    Avg     Min     Max    Med |   req/s  failures/s
--------|----------------------------------------------------------------------------|-------|-------------|-------|-------|-------|-------|--------|-----------
GET      /                                                                                  3     0(0.00%) |   4204     787    6385   5400 |    0.10        0.00
GET      /cart                                                                             15     0(0.00%) |   1301     122    2409   1500 |    1.30        0.00
POST     /cart [add]                                                                       18     0(0.00%) |   1584     330    2705   1600 |    1.40        0.00
POST     /cart/checkout                                                                     6     0(0.00%) |   1702     307    3176   1500 |    0.40        0.00
GET      /product/[id]                                                                     74     0(0.00%) |   1102      28    2465   1300 |    4.80        0.00
POST     /setCurrency                                                                       4     0(0.00%) |   2381     776    6079   1100 |    0.20        0.00
--------|----------------------------------------------------------------------------|-------|-------------|-------|-------|-------|-------|--------|-----------
         Aggregated                                                                       120     0(0.00%) |   1349      28    6385   1400 |    8.20        0.00

Type     Name                                                                          # reqs      # fails |    Avg     Min     Max    Med |   req/s  failures/s
--------|----------------------------------------------------------------------------|-------|-------------|-------|-------|-------|-------|--------|-----------
GET      /                                                                                  8    5(62.50%) |   2155       1    6385    790 |    0.20        0.00
GET      /cart                                                                             37   21(56.76%) |    732       1    4260      6 |    1.00        0.00
POST     /cart [add]                                                                       48   29(60.42%) |   1161       4    5023    390 |    1.30        0.00
POST     /cart/checkout                                                                     9    2(22.22%) |   2112     307    4102   1900 |    0.50        0.00
GET      /product/[id]                                                                    150   75(50.00%) |    744       1    3022    210 |    4.70        0.00
POST     /setCurrency                                                                      17   13(76.47%) |   2085       3    7351   1100 |    0.20        0.00
--------|----------------------------------------------------------------------------|-------|-------------|-------|-------|-------|-------|--------|-----------
         Aggregated                                                                       269  145(53.90%) |    989       1    7351    330 |    7.90        0.00

Type     Name                                                                          # reqs      # fails |    Avg     Min     Max    Med |   req/s  failures/s
--------|----------------------------------------------------------------------------|-------|-------------|-------|-------|-------|-------|--------|-----------
GET      /                                                                                 17   14(82.35%) |   1015       1    6385      3 |    0.40        0.20
GET      /cart                                                                             77   61(79.22%) |    353       1    4260      3 |    1.10        0.20
POST     /cart [add]                                                                      104   85(81.73%) |    539       3    5023      7 |    2.00        0.90
POST     /cart/checkout                                                                     9    2(22.22%) |   2112     307    4102   1900 |    0.80        0.20
GET      /product/[id]                                                                    302  227(75.17%) |    371       1    3022      3 |    5.90        1.40
POST     /setCurrency                                                                      42   38(90.48%) |    846       2    7351      5 |    0.80        0.70
--------|----------------------------------------------------------------------------|-------|-------------|-------|-------|-------|-------|--------|-----------
         Aggregated                                                                       551  427(77.50%) |    485       1    7351      4 |   11.00        3.60

Type     Name                                                                          # reqs      # fails |    Avg     Min     Max    Med |   req/s  failures/s
--------|----------------------------------------------------------------------------|-------|-------------|-------|-------|-------|-------|--------|-----------
GET      /                                                                                 27   24(88.89%) |    640       1    6385      3 |    1.00        0.80
GET      /cart                                                                            119  103(86.55%) |    229       1    4260      3 |    4.10        3.40
POST     /cart [add]                                                                      154  135(87.66%) |    366       3    5023      6 |    7.00        6.20
POST     /cart/checkout                                                                     9    2(22.22%) |   2112     307    4102   1900 |    0.50        0.20
GET      /product/[id]                                                                    480  405(84.38%) |    235       1    3022      3 |   19.10       15.70
POST     /setCurrency                                                                      68   64(94.12%) |    524       2    7351      4 |    3.30        3.20
--------|----------------------------------------------------------------------------|-------|-------------|-------|-------|-------|-------|--------|-----------
         Aggregated                                                                       857  733(85.53%) |    313       1    7351      4 |   35.00       29.50

Type     Name                                                                          # reqs      # fails |    Avg     Min     Max    Med |   req/s  failures/s
--------|----------------------------------------------------------------------------|-------|-------------|-------|-------|-------|-------|--------|-----------
GET      /                                                                                 31   28(90.32%) |    558       1    6385      3 |    2.30        2.20
GET      /cart                                                                            172  156(90.70%) |    159       1    4260      3 |    9.40        8.80
POST     /cart [add]                                                                      203  184(90.64%) |    279       3    5023      6 |   11.70       11.10
POST     /cart/checkout                                                                     9    2(22.22%) |   2112     307    4102   1900 |    0.40        0.20
GET      /product/[id]                                                                    650  575(88.46%) |    174       1    3022      3 |   34.80       32.00
POST     /setCurrency                                                                     101   97(96.04%) |    354       2    7351      4 |    5.30        5.20
--------|----------------------------------------------------------------------------|-------|-------------|-------|-------|-------|-------|--------|-----------
         Aggregated                                                                      1166 1042(89.37%) |    231       1    7351      3 |   63.90       59.50

Type     Name                                                                          # reqs      # fails |    Avg     Min     Max    Med |   req/s  failures/s
--------|----------------------------------------------------------------------------|-------|-------------|-------|-------|-------|-------|--------|-----------
GET      /                                                                                 43   40(93.02%) |    403       1    6385      3 |    2.70        2.60
GET      /cart                                                                            222  206(92.79%) |    124       1    4260      2 |   14.00       13.80
POST     /cart [add]                                                                      278  259(93.17%) |    250       3    5023      6 |   16.80       16.70
POST     /cart/checkout                                                                     9    2(22.22%) |   2112     307    4102   1900 |    0.40        0.20
GET      /product/[id]                                                                    817  742(90.82%) |    139       1    3022      3 |   51.50       50.00
POST     /setCurrency                                                                     129  125(96.90%) |    278       2    7351      4 |    8.20        8.20
--------|----------------------------------------------------------------------------|-------|-------------|-------|-------|-------|-------|--------|-----------
         Aggregated                                                                      1498 1374(91.72%) |    189       1    7351      3 |   93.60       91.50

Type     Name                                                                          # reqs      # fails |    Avg     Min     Max    Med |   req/s  failures/s
--------|----------------------------------------------------------------------------|-------|-------------|-------|-------|-------|-------|--------|-----------
GET      /                                                                                 55   52(94.55%) |    315       1    6385      2 |    3.30        3.30
GET      /cart                                                                            283  267(94.35%) |     98       1    4260      2 |   17.70       17.60
POST     /cart [add]                                                                      354  335(94.63%) |    198       3    5023      6 |   23.50       23.40
POST     /cart/checkout                                                                     9    2(22.22%) |   2112     307    4102   1900 |    0.30        0.20
GET      /product/[id]                                                                   1015  940(92.61%) |    113       1    3022      3 |   65.40       65.00
POST     /setCurrency                                                                     170  166(97.65%) |    213       2    7351      4 |   10.60       10.60
--------|----------------------------------------------------------------------------|-------|-------------|-------|-------|-------|-------|--------|-----------
         Aggregated                                                                      1886 1762(93.43%) |    151       1    7351      3 |  120.80      120.10

Type     Name                                                                          # reqs      # fails |    Avg     Min     Max    Med |   req/s  failures/s
--------|----------------------------------------------------------------------------|-------|-------------|-------|-------|-------|-------|--------|-----------
GET      /                                                                                 65   62(95.38%) |    267       1    6385      2 |    4.50        4.50
GET      /cart                                                                            353  337(95.47%) |     80       1    4260      3 |   23.10       23.10
POST     /cart [add]                                                                      431  412(95.59%) |    165       3    5023      6 |   28.50       28.50
POST     /cart/checkout                                                                     9    2(22.22%) |   2112     307    4102   1900 |    0.00        0.00
GET      /product/[id]                                                                   1235 1160(93.93%) |     95       1    3022      3 |   83.60       83.60
POST     /setCurrency                                                                     206  202(98.06%) |    177       2    7351      4 |   14.70       14.70
--------|----------------------------------------------------------------------------|-------|-------------|-------|-------|-------|-------|--------|-----------
         Aggregated                                                                      2299 2175(94.61%) |    126       1    7351      4 |  154.40      154.40

Type     Name                                                                          # reqs      # fails |    Avg     Min     Max    Med |   req/s  failures/s
--------|----------------------------------------------------------------------------|-------|-------------|-------|-------|-------|-------|--------|-----------
GET      /                                                                                 78   75(96.15%) |    223       1    6385      2 |    4.70        4.70
GET      /cart                                                                            415  399(96.14%) |     69       1    4260      3 |   26.50       26.50
POST     /cart [add]                                                                      520  501(96.35%) |    139       3    5023      6 |   31.40       31.40
POST     /cart/checkout                                                                     9    2(22.22%) |   2112     307    4102   1900 |    0.00        0.00
GET      /product/[id]                                                                   1463 1388(94.87%) |     82       1    3022      3 |   89.50       89.50
POST     /setCurrency                                                                     245  241(98.37%) |    150       2    7351      4 |   15.00       15.00
--------|----------------------------------------------------------------------------|-------|-------------|-------|-------|-------|-------|--------|-----------
         Aggregated                                                                      2730 2606(95.46%) |    108       1    7351      4 |  167.10      167.10

Type     Name                                                                          # reqs      # fails |    Avg     Min     Max    Med |   req/s  failures/s
--------|----------------------------------------------------------------------------|-------|-------------|-------|-------|-------|-------|--------|-----------
GET      /                                                                                 82   79(96.34%) |    214       1    6385      2 |    4.70        4.70
GET      /cart                                                                            442  426(96.38%) |     66       1    4260      3 |   27.80       27.80
POST     /cart [add]                                                                      553  534(96.56%) |    134       3    5023      6 |   32.80       32.80
POST     /cart/checkout                                                                     9    2(22.22%) |   2112     307    4102   1900 |    0.00        0.00
GET      /product/[id]                                                                   1592 1517(95.29%) |     78       1    3022      3 |   93.20       93.20
POST     /setCurrency                                                                     268  264(98.51%) |    140       2    7351      4 |   16.40       16.40
--------|----------------------------------------------------------------------------|-------|-------------|-------|-------|-------|-------|--------|-----------
         Aggregated                                                                      2946 2822(95.79%) |    102       1    7351      4 |  174.90      174.90

Type     Name                                                                          # reqs      # fails |    Avg     Min     Max    Med |   req/s  failures/s
--------|----------------------------------------------------------------------------|-------|-------------|-------|-------|-------|-------|--------|-----------
GET      /                                                                                 86   79(91.86%) |    313       1    6385      3 |    5.30        5.30
GET      /cart                                                                            448  426(95.09%) |     92       1    4260      3 |   28.80       28.80
POST     /cart [add]                                                                      568  534(94.01%) |    181       3    5023      6 |   36.70       36.70
POST     /cart/checkout                                                                    11    2(18.18%) |   1897     307    4102   1500 |    0.00        0.00
GET      /product/[id]                                                                   1673 1517(90.68%) |    123       1    3022      3 |  101.70      101.70
POST     /setCurrency                                                                     271  264(97.42%) |    167       2    7351      4 |   18.20       18.20
--------|----------------------------------------------------------------------------|-------|-------------|-------|-------|-------|-------|--------|-----------
         Aggregated                                                                      3057 2822(92.31%) |    145       1    7351      4 |  190.70      190.70

Type     Name                                                                          # reqs      # fails |    Avg     Min     Max    Med |   req/s  failures/s
--------|----------------------------------------------------------------------------|-------|-------------|-------|-------|-------|-------|--------|-----------
GET      /                                                                                 87   79(90.80%) |    338       1    6385      3 |    4.60        4.60
GET      /cart                                                                            459  426(92.81%) |    141       1    4260      3 |   25.00       25.00
POST     /cart [add]                                                                      584  534(91.44%) |    227       3    5023      6 |   30.70       30.00
POST     /cart/checkout                                                                    12    2(16.67%) |   1895     307    4102   1500 |    0.00        0.00
GET      /product/[id]                                                                   1728 1517(87.79%) |    145       1    3022      3 |   91.90       86.70
POST     /setCurrency                                                                     276  264(95.65%) |    211       2    7351      4 |   15.80       15.80
--------|----------------------------------------------------------------------------|-------|-------------|-------|-------|-------|-------|--------|-----------
         Aggregated                                                                      3146 2822(89.70%) |    178       1    7351      4 |  168.00      162.10

Type     Name                                                                          # reqs      # fails |    Avg     Min     Max    Med |   req/s  failures/s
--------|----------------------------------------------------------------------------|-------|-------------|-------|-------|-------|-------|--------|-----------
GET      /                                                                                 95   79(83.16%) |    368       1    6385      3 |    3.60        3.20
GET      /cart                                                                            480  426(88.75%) |    165       1    4260      3 |   20.00       19.30
POST     /cart [add]                                                                      610  534(87.54%) |    259       3    5023      7 |   26.00       24.00
POST     /cart/checkout                                                                    21     2(9.52%) |   1329     200    4102    910 |    0.20        0.00
GET      /product/[id]                                                                   1818 1517(83.44%) |    155       1    3022      3 |   75.60       66.70
POST     /setCurrency                                                                     301  264(87.71%) |    261       2    7351      5 |   11.30       11.00
--------|----------------------------------------------------------------------------|-------|-------------|-------|-------|-------|-------|--------|-----------
         Aggregated                                                                      3325 2822(84.87%) |    199       1    7351      4 |  136.70      124.20

Type     Name                                                                          # reqs      # fails |    Avg     Min     Max    Med |   req/s  failures/s
--------|----------------------------------------------------------------------------|-------|-------------|-------|-------|-------|-------|--------|-----------
GET      /                                                                                 97   79(81.44%) |    363       1    6385      3 |    3.20        2.40
GET      /cart                                                                            501  426(85.03%) |    176       1    4260      3 |   15.40       12.70
POST     /cart [add]                                                                      656  534(81.40%) |    276       3    5023      7 |   20.20       15.80
POST     /cart/checkout                                                                    36     2(5.56%) |    945     200    4102    440 |    0.80        0.00
GET      /product/[id]                                                                   1937 1517(78.32%) |    169       1    3022      3 |   64.10       46.50
POST     /setCurrency                                                                     326  264(80.98%) |    261       2    7351      5 |   10.50        8.20
--------|----------------------------------------------------------------------------|-------|-------------|-------|-------|-------|-------|--------|-----------
         Aggregated                                                                      3553 2822(79.43%) |    211       1    7351      4 |  114.20       85.60

Type     Name                                                                          # reqs      # fails |    Avg     Min     Max    Med |   req/s  failures/s
--------|----------------------------------------------------------------------------|-------|-------------|-------|-------|-------|-------|--------|-----------
GET      /                                                                                100   79(79.00%) |    357       1    6385      3 |    2.10        0.80
GET      /cart                                                                            528  426(80.68%) |    187       1    4260      3 |   10.80        5.70
POST     /cart [add]                                                                      693  534(77.06%) |    285       3    5023      7 |   15.50        7.40
POST     /cart/checkout                                                                    50     2(4.00%) |    788     200    4102    410 |    1.70        0.00
GET      /product/[id]                                                                   2053 1517(73.89%) |    180       1    3022      4 |   51.00       22.70
POST     /setCurrency                                                                     347  264(76.08%) |    256       2    7351      5 |    9.00        4.20
--------|----------------------------------------------------------------------------|-------|-------------|-------|-------|-------|-------|--------|-----------
         Aggregated                                                                      3771 2822(74.83%) |    220       1    7351      5 |   90.10       40.80

Type     Name                                                                          # reqs      # fails |    Avg     Min     Max    Med |   req/s  failures/s
--------|----------------------------------------------------------------------------|-------|-------------|-------|-------|-------|-------|--------|-----------
GET      /                                                                                112   79(70.54%) |    344       1    6385      3 |    1.60        0.00
GET      /cart                                                                            545  426(78.17%) |    194       1    4260      3 |    7.00        0.00
POST     /cart [add]                                                                      733  534(72.85%) |    294       3    5023      8 |   12.10        0.00
POST     /cart/checkout                                                                    63     2(3.17%) |    715     200    4102    420 |    3.50        0.00
GET      /product/[id]                                                                   2165 1517(70.07%) |    192       1    3022      4 |   39.90        0.00
POST     /setCurrency                                                                     362  264(72.93%) |    254       2    7351      5 |    6.90        0.00
--------|----------------------------------------------------------------------------|-------|-------------|-------|-------|-------|-------|--------|-----------
         Aggregated                                                                      3980 2822(70.90%) |    229       1    7351      5 |   71.00        0.00

Type     Name                                                                          # reqs      # fails |    Avg     Min     Max    Med |   req/s  failures/s
--------|----------------------------------------------------------------------------|-------|-------------|-------|-------|-------|-------|--------|-----------
GET      /                                                                                118   79(66.95%) |    335       1    6385      3 |    2.40        0.00
GET      /cart                                                                            571  426(74.61%) |    206       1    4260      3 |    9.60        0.00
POST     /cart [add]                                                                      763  534(69.99%) |    303       3    5023      8 |   15.40        0.00
POST     /cart/checkout                                                                    80     2(2.50%) |    664     200    4102    420 |    4.50        0.00
GET      /product/[id]                                                                   2272 1517(66.77%) |    204       1    3022      4 |   46.60        0.00
POST     /setCurrency                                                                     380  264(69.47%) |    253       2    7351      6 |    8.70        0.00
--------|----------------------------------------------------------------------------|-------|-------------|-------|-------|-------|-------|--------|-----------
         Aggregated                                                                      4184 2822(67.45%) |    239       1    7351      5 |   87.20        0.00

Type     Name                                                                          # reqs      # fails |    Avg     Min     Max    Med |   req/s  failures/s
--------|----------------------------------------------------------------------------|-------|-------------|-------|-------|-------|-------|--------|-----------
GET      /                                                                                124   79(63.71%) |    330       1    6385      4 |    2.80        0.00
GET      /cart                                                                            602  426(70.76%) |    217       1    4260      3 |   10.90        0.00
POST     /cart [add]                                                                      800  534(66.75%) |    310       3    5023      9 |   17.60        0.00
POST     /cart/checkout                                                                    94     2(2.13%) |    628     200    4102    420 |    6.20        0.00
GET      /product/[id]                                                                   2375 1517(63.87%) |    212       1    3022      5 |   54.30        0.00
POST     /setCurrency                                                                     406  264(65.02%) |    251       2    7351      6 |   10.20        0.00
--------|----------------------------------------------------------------------------|-------|-------------|-------|-------|-------|-------|--------|-----------
         Aggregated                                                                      4401 2822(64.12%) |    247       1    7351      6 |  102.00        0.00

Type     Name                                                                          # reqs      # fails |    Avg     Min     Max    Med |   req/s  failures/s
--------|----------------------------------------------------------------------------|-------|-------------|-------|-------|-------|-------|--------|-----------
GET      /                                                                                134   79(58.96%) |    319       1    6385      4 |    3.00        0.00
GET      /cart                                                                            626  426(68.05%) |    223       1    4260      4 |   12.10        0.00
POST     /cart [add]                                                                      834  534(64.03%) |    314       3    5023     10 |   18.30        0.00
POST     /cart/checkout                                                                   108     2(1.85%) |    589     200    4102    400 |    7.00        0.00
GET      /product/[id]                                                                   2509 1517(60.46%) |    219       1    3022      5 |   56.20        0.00
POST     /setCurrency                                                                     428  264(61.68%) |    250       2    7351      7 |   10.30        0.00
--------|----------------------------------------------------------------------------|-------|-------------|-------|-------|-------|-------|--------|-----------
         Aggregated                                                                      4639 2822(60.83%) |    251       1    7351      7 |  106.90        0.00

Type     Name                                                                          # reqs      # fails |    Avg     Min     Max    Med |   req/s  failures/s
--------|----------------------------------------------------------------------------|-------|-------------|-------|-------|-------|-------|--------|-----------
GET      /                                                                                138   79(57.25%) |    318       1    6385      5 |    3.40        0.00
GET      /cart                                                                            666  426(63.96%) |    233       1    4260      4 |   12.10        0.00
POST     /cart [add]                                                                      872  534(61.24%) |    319       3    5023     11 |   19.10        0.00
POST     /cart/checkout                                                                   118     2(1.69%) |    569     200    4102    400 |    7.50        0.00
GET      /product/[id]                                                                   2615 1517(58.01%) |    225       1    3022      7 |   56.20        0.00
POST     /setCurrency                                                                     459  264(57.52%) |    249       2    7351      9 |   10.10        0.00
--------|----------------------------------------------------------------------------|-------|-------------|-------|-------|-------|-------|--------|-----------
         Aggregated                                                                      4868 2822(57.97%) |    256       1    7351      9 |  108.40        0.00

Type     Name                                                                          # reqs      # fails |    Avg     Min     Max    Med |   req/s  failures/s
--------|----------------------------------------------------------------------------|-------|-------------|-------|-------|-------|-------|--------|-----------
GET      /                                                                                149   79(53.02%) |    307       1    6385     14 |    3.70        0.00
GET      /cart                                                                            688  426(61.92%) |    238       1    4260      4 |   13.50        0.00
POST     /cart [add]                                                                      910  534(58.68%) |    325       3    5023     16 |   17.90        0.00
POST     /cart/checkout                                                                   129     2(1.55%) |    556     200    4102    400 |    7.00        0.00
GET      /product/[id]                                                                   2730 1517(55.57%) |    232       1    3022     19 |   56.70        0.00
POST     /setCurrency                                                                     479  264(55.11%) |    246       2    7351     15 |   10.20        0.00
--------|----------------------------------------------------------------------------|-------|-------------|-------|-------|-------|-------|--------|-----------
         Aggregated                                                                      5085 2822(55.50%) |    261       1    7351     18 |  109.00        0.00

Type     Name                                                                          # reqs      # fails |    Avg     Min     Max    Med |   req/s  failures/s
--------|----------------------------------------------------------------------------|-------|-------------|-------|-------|-------|-------|--------|-----------
GET      /                                                                                153   79(51.63%) |    301       1    6385     20 |    3.70        0.00
GET      /cart                                                                            719  426(59.25%) |    245       1    4260      4 |   13.90        0.00
POST     /cart [add]                                                                      938  534(56.93%) |    328       3    5023     26 |   17.90        0.00
POST     /cart/checkout                                                                   139     2(1.44%) |    548     200    4102    400 |    7.20        0.00
GET      /product/[id]                                                                   2857 1517(53.10%) |    239       1    3022     48 |   56.30        0.00
POST     /setCurrency                                                                     501  264(52.69%) |    240       2    7351     41 |   11.30        0.00
--------|----------------------------------------------------------------------------|-------|-------------|-------|-------|-------|-------|--------|-----------
         Aggregated                                                                      5307 2822(53.18%) |    266       1    7351     48 |  110.30        0.00

Type     Name                                                                          # reqs      # fails |    Avg     Min     Max    Med |   req/s  failures/s
--------|----------------------------------------------------------------------------|-------|-------------|-------|-------|-------|-------|--------|-----------
GET      /                                                                                161   79(49.07%) |    297       1    6385     69 |    3.60        0.00
GET      /cart                                                                            733  426(58.12%) |    247       1    4260      5 |   14.60        0.00
POST     /cart [add]                                                                      960  534(55.62%) |    330       3    5023     43 |   17.60        0.00
POST     /cart/checkout                                                                   151     2(1.32%) |    533     200    4102    400 |    5.90        0.00
GET      /product/[id]                                                                   2957 1517(51.30%) |    243       1    3022     86 |   57.00        0.00
POST     /setCurrency                                                                     514  264(51.36%) |    241       2    7351     57 |   11.60        0.00
--------|----------------------------------------------------------------------------|-------|-------------|-------|-------|-------|-------|--------|-----------
         Aggregated                                                                      5476 2822(51.53%) |    268       1    7351     80 |  110.30        0.00

Type     Name                                                                          # reqs      # fails |    Avg     Min     Max    Med |   req/s  failures/s
--------|----------------------------------------------------------------------------|-------|-------------|-------|-------|-------|-------|--------|-----------
GET      /                                                                                164   79(48.17%) |    295       1    6385     69 |    3.90        0.00
GET      /cart                                                                            761  426(55.98%) |    254       1    4260      5 |   14.00        0.00
POST     /cart [add]                                                                      992  534(53.83%) |    341       3    5023    120 |   17.40        0.00
POST     /cart/checkout                                                                   159     2(1.26%) |    542     200    4102    400 |    5.90        0.00
GET      /product/[id]                                                                   3099 1517(48.95%) |    255       1    3022    220 |   59.50        0.00
POST     /setCurrency                                                                     543  264(48.62%) |    241       2    7351     71 |   11.80        0.00
--------|----------------------------------------------------------------------------|-------|-------------|-------|-------|-------|-------|--------|-----------
         Aggregated                                                                      5718 2822(49.35%) |    277       1    7351    140 |  112.50        0.00

Type     Name                                                                          # reqs      # fails |    Avg     Min     Max    Med |   req/s  failures/s
--------|----------------------------------------------------------------------------|-------|-------------|-------|-------|-------|-------|--------|-----------
GET      /                                                                                176   79(44.89%) |    291       1    6385     86 |    3.40        0.00
GET      /cart                                                                            791  426(53.86%) |    256       1    4260     12 |   13.00        0.00
POST     /cart [add]                                                                     1022  534(52.25%) |    342       3    5023    240 |   15.00        0.00
POST     /cart/checkout                                                                   173     2(1.16%) |    529     200    4102    400 |    5.40        0.00
GET      /product/[id]                                                                   3226 1517(47.02%) |    258       1    3022    250 |   59.40        0.00
POST     /setCurrency                                                                     573  264(46.07%) |    241       2    7351     88 |   11.30        0.00
--------|----------------------------------------------------------------------------|-------|-------------|-------|-------|-------|-------|--------|-----------
         Aggregated                                                                      5961 2822(47.34%) |    279       1    7351    200 |  107.60        0.00

Type     Name                                                                          # reqs      # fails |    Avg     Min     Max    Med |   req/s  failures/s
--------|----------------------------------------------------------------------------|-------|-------------|-------|-------|-------|-------|--------|-----------
GET      /                                                                                186   79(42.47%) |    285       1    6385     98 |    3.40        0.00
GET      /cart                                                                            812  426(52.46%) |    260       1    4260     20 |   13.20        0.00
POST     /cart [add]                                                                     1056  534(50.57%) |    345       3    5023    280 |   15.50        0.00
POST     /cart/checkout                                                                   190     2(1.05%) |    522     200    4102    400 |    5.20        0.00
GET      /product/[id]                                                                   3347 1517(45.32%) |    262       1    3022    270 |   60.40        0.00
POST     /setCurrency                                                                     594  264(44.44%) |    239       2    7351     95 |   11.70        0.00
--------|----------------------------------------------------------------------------|-------|-------------|-------|-------|-------|-------|--------|-----------
         Aggregated                                                                      6185 2822(45.63%) |    282       1    7351    230 |  109.40        0.00

Type     Name                                                                          # reqs      # fails |    Avg     Min     Max    Med |   req/s  failures/s
--------|----------------------------------------------------------------------------|-------|-------------|-------|-------|-------|-------|--------|-----------
GET      /                                                                                193   79(40.93%) |    281       1    6385    100 |    3.90        0.00
GET      /cart                                                                            841  426(50.65%) |    264       1    4260     61 |   12.50        0.00
POST     /cart [add]                                                                     1098  534(48.63%) |    348       3    5023    310 |   14.50        0.00
POST     /cart/checkout                                                                   208     2(0.96%) |    513     200    4102    400 |    5.20        0.00
GET      /product/[id]                                                                   3453 1517(43.93%) |    266       1    3022    280 |   61.70        0.00
POST     /setCurrency                                                                     611  264(43.21%) |    237       2    7351     99 |   11.90        0.00
--------|----------------------------------------------------------------------------|-------|-------------|-------|-------|-------|-------|--------|-----------
         Aggregated                                                                      6404 2822(44.07%) |    285       1    7351    240 |  109.70        0.00

Type     Name                                                                          # reqs      # fails |    Avg     Min     Max    Med |   req/s  failures/s
--------|----------------------------------------------------------------------------|-------|-------------|-------|-------|-------|-------|--------|-----------
GET      /                                                                                200   79(39.50%) |    278       1    6385    110 |    3.80        0.00
GET      /cart                                                                            868  426(49.08%) |    269       1    4260    230 |   12.10        0.00
POST     /cart [add]                                                                     1136  534(47.01%) |    352       3    5023    320 |   15.50        0.00
POST     /cart/checkout                                                                   222     2(0.90%) |    505     200    4102    400 |    6.70        0.00
GET      /product/[id]                                                                   3566 1517(42.54%) |    270       1    3022    300 |   61.20        0.00
POST     /setCurrency                                                                     632  264(41.77%) |    236       2    7351    100 |   11.20        0.00
--------|----------------------------------------------------------------------------|-------|-------------|-------|-------|-------|-------|--------|-----------
         Aggregated                                                                      6624 2822(42.60%) |    289       1    7351    270 |  110.50        0.00

Type     Name                                                                          # reqs      # fails |    Avg     Min     Max    Med |   req/s  failures/s
--------|----------------------------------------------------------------------------|-------|-------------|-------|-------|-------|-------|--------|-----------
GET      /                                                                                211   79(37.44%) |    276       1    6385    120 |    3.70        0.00
GET      /cart                                                                            895  426(47.60%) |    272       1    4260    240 |   12.80        0.00
POST     /cart [add]                                                                     1178  534(45.33%) |    355       3    5023    330 |   16.60        0.00
POST     /cart/checkout                                                                   239     2(0.84%) |    496     193    4102    400 |    7.10        0.00
GET      /product/[id]                                                                   3687 1517(41.14%) |    272       1    3022    300 |   58.10        0.00
POST     /setCurrency                                                                     655  264(40.31%) |    236       2    7351    110 |   10.70        0.00
--------|----------------------------------------------------------------------------|-------|-------------|-------|-------|-------|-------|--------|-----------
         Aggregated                                                                      6865 2822(41.11%) |    291       1    7351    280 |  109.00        0.00

Type     Name                                                                          # reqs      # fails |    Avg     Min     Max    Med |   req/s  failures/s
--------|----------------------------------------------------------------------------|-------|-------------|-------|-------|-------|-------|--------|-----------
GET      /                                                                                215   79(36.74%) |    279       1    6385    120 |    4.40        0.00
GET      /cart                                                                            909  426(46.86%) |    278       1    4260    250 |   13.90        0.00
POST     /cart [add]                                                                     1188  534(44.95%) |    360       3    5023    340 |   18.50        0.00
POST     /cart/checkout                                                                   245     2(0.82%) |    517     193    4102    400 |    7.30        0.00
GET      /product/[id]                                                                   3756 1517(40.39%) |    285       1    3022    300 |   59.50        0.00
POST     /setCurrency                                                                     668  264(39.52%) |    242       2    7351    110 |   11.90        0.00
--------|----------------------------------------------------------------------------|-------|-------------|-------|-------|-------|-------|--------|-----------
         Aggregated                                                                      6981 2822(40.42%) |    301       1    7351    290 |  115.40        0.00

Type     Name                                                                          # reqs      # fails |    Avg     Min     Max    Med |   req/s  failures/s
--------|----------------------------------------------------------------------------|-------|-------------|-------|-------|-------|-------|--------|-----------
GET      /                                                                                221   79(35.75%) |    276       1    6385    120 |    4.30        0.00
GET      /cart                                                                            936  426(45.51%) |    281       1    4260    260 |   12.30        0.00
POST     /cart [add]                                                                     1222  534(43.70%) |    362       3    5023    340 |   17.20        0.00
POST     /cart/checkout                                                                   253     2(0.79%) |    512     193    4102    400 |    7.30        0.00
GET      /product/[id]                                                                   3882 1517(39.08%) |    288       1    3022    300 |   53.50        0.00
POST     /setCurrency                                                                     699  264(37.77%) |    241       2    7351    110 |   10.20        0.00
--------|----------------------------------------------------------------------------|-------|-------------|-------|-------|-------|-------|--------|-----------
         Aggregated                                                                      7213 2822(39.12%) |    303       1    7351    290 |  104.80        0.00

Type     Name                                                                          # reqs      # fails |    Avg     Min     Max    Med |   req/s  failures/s
--------|----------------------------------------------------------------------------|-------|-------------|-------|-------|-------|-------|--------|-----------
GET      /                                                                                231   79(34.20%) |    272       1    6385    130 |    3.60        0.00
GET      /cart                                                                            960  426(44.38%) |    284       1    4260    280 |   12.60        0.00
POST     /cart [add]                                                                     1259  534(42.41%) |    363       3    5023    350 |   16.50        0.00
POST     /cart/checkout                                                                   274     2(0.73%) |    503     193    4102    400 |    7.00        0.00
GET      /product/[id]                                                                   3997 1517(37.95%) |    290       1    3022    310 |   53.10        0.00
POST     /setCurrency                                                                     717  264(36.82%) |    238       2    7351    120 |    9.40        0.00
--------|----------------------------------------------------------------------------|-------|-------------|-------|-------|-------|-------|--------|-----------
         Aggregated                                                                      7438 2822(37.94%) |    304       1    7351    300 |  102.20        0.00

Type     Name                                                                          # reqs      # fails |    Avg     Min     Max    Med |   req/s  failures/s
--------|----------------------------------------------------------------------------|-------|-------------|-------|-------|-------|-------|--------|-----------
GET      /                                                                                238   79(33.19%) |    269       1    6385    130 |    4.10        0.00
GET      /cart                                                                            990  426(43.03%) |    284       1    4260    280 |   12.30        0.00
POST     /cart [add]                                                                     1292  534(41.33%) |    363       3    5023    350 |   16.20        0.00
POST     /cart/checkout                                                                   286     2(0.70%) |    494     193    4102    400 |    6.20        0.00
GET      /product/[id]                                                                   4130 1517(36.73%) |    291       1    3022    310 |   53.40        0.00
POST     /setCurrency                                                                     755  264(34.97%) |    238       2    7351    130 |   10.80        0.00
--------|----------------------------------------------------------------------------|-------|-------------|-------|-------|-------|-------|--------|-----------
         Aggregated                                                                      7691 2822(36.69%) |    304       1    7351    300 |  103.00        0.00

Type     Name                                                                          # reqs      # fails |    Avg     Min     Max    Med |   req/s  failures/s
--------|----------------------------------------------------------------------------|-------|-------------|-------|-------|-------|-------|--------|-----------
GET      /                                                                                244   79(32.38%) |    266       1    6385    130 |    3.90        0.00
GET      /cart                                                                           1026  426(41.52%) |    285       1    4260    290 |   12.10        0.00
POST     /cart [add]                                                                     1332  534(40.09%) |    362       3    5023    350 |   15.70        0.00
POST     /cart/checkout                                                                   305     2(0.66%) |    482     183    4102    400 |    6.30        0.00
GET      /product/[id]                                                                   4246 1517(35.73%) |    291       1    3022    310 |   54.90        0.00
POST     /setCurrency                                                                     788  264(33.50%) |    236       2    7351    130 |   11.90        0.00
--------|----------------------------------------------------------------------------|-------|-------------|-------|-------|-------|-------|--------|-----------
         Aggregated                                                                      7941 2822(35.54%) |    304       1    7351    300 |  104.80        0.00

Type     Name                                                                          # reqs      # fails |    Avg     Min     Max    Med |   req/s  failures/s
--------|----------------------------------------------------------------------------|-------|-------------|-------|-------|-------|-------|--------|-----------
GET      /                                                                                252   79(31.35%) |    266       1    6385    140 |    3.50        0.00
GET      /cart                                                                           1056  426(40.34%) |    286       1    4260    290 |   12.90        0.00
POST     /cart [add]                                                                     1369  534(39.01%) |    363       3    5023    350 |   15.40        0.00
POST     /cart/checkout                                                                   313     2(0.64%) |    478     183    4102    400 |    6.90        0.00
GET      /product/[id]                                                                   4379 1517(34.64%) |    292       1    3022    310 |   55.20        0.00
POST     /setCurrency                                                                     810  264(32.59%) |    236       2    7351    130 |   12.50        0.00
--------|----------------------------------------------------------------------------|-------|-------------|-------|-------|-------|-------|--------|-----------
         Aggregated                                                                      8179 2822(34.50%) |    304       1    7351    300 |  106.40        0.00

Type     Name                                                                          # reqs      # fails |    Avg     Min     Max    Med |   req/s  failures/s
--------|----------------------------------------------------------------------------|-------|-------------|-------|-------|-------|-------|--------|-----------
GET      /                                                                                259   79(30.50%) |    265       1    6385    140 |    3.40        0.00
GET      /cart                                                                           1081  426(39.41%) |    288       1    4260    300 |   13.80        0.00
POST     /cart [add]                                                                     1412  534(37.82%) |    364       3    5023    350 |   17.20        0.00
POST     /cart/checkout                                                                   332     2(0.60%) |    475     183    4102    400 |    6.80        0.00
GET      /product/[id]                                                                   4491 1517(33.78%) |    294       1    3022    310 |   61.60        0.00
POST     /setCurrency                                                                     830  264(31.81%) |    234       2    7351    130 |   14.20        0.00
--------|----------------------------------------------------------------------------|-------|-------------|-------|-------|-------|-------|--------|-----------
         Aggregated                                                                      8405 2822(33.58%) |    306       1    7351    300 |  117.00        0.00

Type     Name                                                                          # reqs      # fails |    Avg     Min     Max    Med |   req/s  failures/s
--------|----------------------------------------------------------------------------|-------|-------------|-------|-------|-------|-------|--------|-----------
GET      /                                                                                263   79(30.04%) |    264       1    6385    150 |    4.10        0.00
GET      /cart                                                                           1118  426(38.10%) |    290       1    4260    300 |   13.90        0.00
POST     /cart [add]                                                                     1449  534(36.85%) |    365       3    5023    350 |   19.30        0.00
POST     /cart/checkout                                                                   342     2(0.58%) |    471     183    4102    400 |    6.90        0.00
GET      /product/[id]                                                                   4601 1517(32.97%) |    295       1    3022    310 |   61.00        0.00
POST     /setCurrency                                                                     862  264(30.63%) |    235       2    7351    140 |   13.90        0.00
--------|----------------------------------------------------------------------------|-------|-------------|-------|-------|-------|-------|--------|-----------
         Aggregated                                                                      8635 2822(32.68%) |    306       1    7351    300 |  119.10        0.00

Type     Name                                                                          # reqs      # fails |    Avg     Min     Max    Med |   req/s  failures/s
--------|----------------------------------------------------------------------------|-------|-------------|-------|-------|-------|-------|--------|-----------
GET      /                                                                                268   79(29.48%) |    262       1    6385    140 |    3.20        0.00
GET      /cart                                                                           1145  426(37.21%) |    292       1    4260    310 |   15.10        0.00
POST     /cart [add]                                                                     1494  534(35.74%) |    366       3    5023    360 |   19.00        0.00
POST     /cart/checkout                                                                   357     2(0.56%) |    470     183    4102    400 |    7.70        0.00
GET      /product/[id]                                                                   4716 1517(32.17%) |    297       1    3022    320 |   61.20        0.00
POST     /setCurrency                                                                     878  264(30.07%) |    234       2    7351    140 |   13.80        0.00
--------|----------------------------------------------------------------------------|-------|-------------|-------|-------|-------|-------|--------|-----------
         Aggregated                                                                      8858 2822(31.86%) |    308       1    7351    310 |  120.00        0.00

Type     Name                                                                          # reqs      # fails |    Avg     Min     Max    Med |   req/s  failures/s
--------|----------------------------------------------------------------------------|-------|-------------|-------|-------|-------|-------|--------|-----------
GET      /                                                                                275   79(28.73%) |    260       1    6385    150 |    3.00        0.00
GET      /cart                                                                           1180  426(36.10%) |    293       1    4260    310 |   15.50        0.00
POST     /cart [add]                                                                     1530  534(34.90%) |    366       3    5023    360 |   20.10        0.00
POST     /cart/checkout                                                                   371     2(0.54%) |    465     183    4102    400 |    7.10        0.00
GET      /product/[id]                                                                   4850 1517(31.28%) |    298       1    3022    320 |   58.60        0.00
POST     /setCurrency                                                                     898  264(29.40%) |    233       2    7351    140 |   12.20        0.00
--------|----------------------------------------------------------------------------|-------|-------------|-------|-------|-------|-------|--------|-----------
         Aggregated                                                                      9104 2822(31.00%) |    308       1    7351    310 |  116.50        0.00

Type     Name                                                                          # reqs      # fails |    Avg     Min     Max    Med |   req/s  failures/s
--------|----------------------------------------------------------------------------|-------|-------------|-------|-------|-------|-------|--------|-----------
GET      /                                                                                278   79(28.42%) |    262       1    6385    150 |    3.10        0.00
GET      /cart                                                                           1211  426(35.18%) |    295       1    4260    310 |   15.40        0.00
POST     /cart [add]                                                                     1562  534(34.19%) |    369       3    5023    360 |   19.80        0.00
POST     /cart/checkout                                                                   387     2(0.52%) |    459     183    4102    400 |    6.60        0.00
GET      /product/[id]                                                                   4959 1517(30.59%) |    299       1    3022    320 |   60.40        0.00
POST     /setCurrency                                                                     922  264(28.63%) |    240       2    7351    140 |   10.70        0.00
--------|----------------------------------------------------------------------------|-------|-------------|-------|-------|-------|-------|--------|-----------
         Aggregated                                                                      9319 2822(30.28%) |    310       1    7351    310 |  116.00        0.00

Type     Name                                                                          # reqs      # fails |    Avg     Min     Max    Med |   req/s  failures/s
--------|----------------------------------------------------------------------------|-------|-------------|-------|-------|-------|-------|--------|-----------
GET      /                                                                                284   79(27.82%) |    264       1    6385    150 |    2.60        0.00
GET      /cart                                                                           1233  426(34.55%) |    298       1    4260    310 |   15.50        0.00
POST     /cart [add]                                                                     1589  534(33.61%) |    370       3    5023    360 |   19.30        0.00
POST     /cart/checkout                                                                   400     2(0.50%) |    459     183    4102    400 |    7.40        0.00
GET      /product/[id]                                                                   5072 1517(29.91%) |    302       1    3022    320 |   57.20        0.00
POST     /setCurrency                                                                     938  264(28.14%) |    242       2    7351    140 |   11.10        0.00
--------|----------------------------------------------------------------------------|-------|-------------|-------|-------|-------|-------|--------|-----------
         Aggregated                                                                      9516 2822(29.66%) |    312       1    7351    310 |  113.10        0.00

Type     Name                                                                          # reqs      # fails |    Avg     Min     Max    Med |   req/s  failures/s
--------|----------------------------------------------------------------------------|-------|-------------|-------|-------|-------|-------|--------|-----------
GET      /                                                                                293   79(26.96%) |    270       1    6385    150 |    2.50        0.00
GET      /cart                                                                           1253  426(34.00%) |    298       1    4260    310 |   15.20        0.00
POST     /cart [add]                                                                     1619  534(32.98%) |    373       3    5023    360 |   17.60        0.00
POST     /cart/checkout                                                                   415     2(0.48%) |    455     111    4102    400 |    6.80        0.00
GET      /product/[id]                                                                   5163 1517(29.38%) |    304       1    3022    320 |   58.10        0.00
POST     /setCurrency                                                                     952  264(27.73%) |    245       2    7351    150 |   10.80        0.00
--------|----------------------------------------------------------------------------|-------|-------------|-------|-------|-------|-------|--------|-----------
         Aggregated                                                                      9695 2822(29.11%) |    314       1    7351    320 |  111.00        0.00

Type     Name                                                                          # reqs      # fails |    Avg     Min     Max    Med |   req/s  failures/s
--------|----------------------------------------------------------------------------|-------|-------------|-------|-------|-------|-------|--------|-----------
GET      /                                                                                306   79(25.82%) |    270       1    6385    150 |    2.90        0.00
GET      /cart                                                                           1287  426(33.10%) |    302       1    4260    310 |   15.00        0.00
POST     /cart [add]                                                                     1659  534(32.19%) |    377       3    5023    370 |   18.10        0.00
POST     /cart/checkout                                                                   432     2(0.46%) |    454     111    4102    400 |    7.20        0.00
GET      /product/[id]                                                                   5275 1517(28.76%) |    307       1    3022    320 |   56.70        0.00
POST     /setCurrency                                                                     974  264(27.10%) |    244       2    7351    150 |   10.40        0.00
--------|----------------------------------------------------------------------------|-------|-------------|-------|-------|-------|-------|--------|-----------
         Aggregated                                                                      9933 2822(28.41%) |    317       1    7351    320 |  110.30        0.00

Type     Name                                                                          # reqs      # fails |    Avg     Min     Max    Med |   req/s  failures/s
--------|----------------------------------------------------------------------------|-------|-------------|-------|-------|-------|-------|--------|-----------
GET      /                                                                                315   79(25.08%) |    267       1    6385    150 |    3.80        0.00
GET      /cart                                                                           1314  426(32.42%) |    303       1    4260    320 |   14.20        0.00
POST     /cart [add]                                                                     1692  534(31.56%) |    377       3    5023    370 |   16.50        0.00
POST     /cart/checkout                                                                   447     2(0.45%) |    452     111    4102    400 |    7.50        0.00
GET      /product/[id]                                                                   5398 1517(28.10%) |    308       1    3022    330 |   55.90        0.00
POST     /setCurrency                                                                    1000  264(26.40%) |    242       2    7351    150 |    9.60        0.00
--------|----------------------------------------------------------------------------|-------|-------------|-------|-------|-------|-------|--------|-----------
         Aggregated                                                                     10166 2822(27.76%) |    318       1    7351    320 |  107.50        0.00

Type     Name                                                                          # reqs      # fails |    Avg     Min     Max    Med |   req/s  failures/s
--------|----------------------------------------------------------------------------|-------|-------------|-------|-------|-------|-------|--------|-----------
GET      /                                                                                323   79(24.46%) |    266       1    6385    160 |    4.00        0.00
GET      /cart                                                                           1351  426(31.53%) |    307       1    4260    320 |   13.20        0.00
POST     /cart [add]                                                                     1722  534(31.01%) |    379       3    5023    370 |   16.10        0.00
POST     /cart/checkout                                                                   457     2(0.44%) |    451     111    4102    400 |    7.50        0.00
GET      /product/[id]                                                                   5503 1517(27.57%) |    310       1    3022    330 |   54.60        0.00
POST     /setCurrency                                                                    1014  264(26.04%) |    242       2    7351    150 |   10.40        0.00
--------|----------------------------------------------------------------------------|-------|-------------|-------|-------|-------|-------|--------|-----------
         Aggregated                                                                     10370 2822(27.21%) |    319       1    7351    320 |  105.80        0.00

Type     Name                                                                          # reqs      # fails |    Avg     Min     Max    Med |   req/s  failures/s
--------|----------------------------------------------------------------------------|-------|-------------|-------|-------|-------|-------|--------|-----------
GET      /                                                                                331   79(23.87%) |    264       1    6385    160 |    4.50        0.00
GET      /cart                                                                           1380  426(30.87%) |    307       1    4260    320 |   13.90        0.00
POST     /cart [add]                                                                     1756  534(30.41%) |    380       3    5023    370 |   15.90        0.00
POST     /cart/checkout                                                                   469     2(0.43%) |    448     111    4102    400 |    7.00        0.00
GET      /product/[id]                                                                   5633 1517(26.93%) |    311       1    3022    330 |   54.50        0.00
POST     /setCurrency                                                                    1032  264(25.58%) |    241       2    7351    150 |    9.10        0.00
--------|----------------------------------------------------------------------------|-------|-------------|-------|-------|-------|-------|--------|-----------
         Aggregated                                                                     10601 2822(26.62%) |    320       1    7351    320 |  104.90        0.00

Type     Name                                                                          # reqs      # fails |    Avg     Min     Max    Med |   req/s  failures/s
--------|----------------------------------------------------------------------------|-------|-------------|-------|-------|-------|-------|--------|-----------
GET      /                                                                                335   79(23.58%) |    262       1    6385    160 |    4.70        0.00
GET      /cart                                                                           1403  426(30.36%) |    309       1    4260    330 |   14.60        0.00
POST     /cart [add]                                                                     1786  534(29.90%) |    381       3    5023    370 |   16.70        0.00
POST     /cart/checkout                                                                   482     2(0.41%) |    448     111    4102    400 |    6.80        0.00
GET      /product/[id]                                                                   5751 1517(26.38%) |    313       1    3022    330 |   55.40        0.00
POST     /setCurrency                                                                    1048  264(25.19%) |    241       2    7351    150 |    9.40        0.00
--------|----------------------------------------------------------------------------|-------|-------------|-------|-------|-------|-------|--------|-----------
         Aggregated                                                                     10805 2822(26.12%) |    321       1    7351    320 |  107.60        0.00

Type     Name                                                                          # reqs      # fails |    Avg     Min     Max    Med |   req/s  failures/s
--------|----------------------------------------------------------------------------|-------|-------------|-------|-------|-------|-------|--------|-----------
GET      /                                                                                341   79(23.17%) |    264       1    6385    160 |    4.20        0.00
GET      /cart                                                                           1431  426(29.77%) |    311       1    4260    330 |   14.10        0.00
POST     /cart [add]                                                                     1819  534(29.36%) |    383       3    5023    380 |   15.80        0.00
POST     /cart/checkout                                                                   495     2(0.40%) |    448     111    4102    400 |    6.80        0.00
GET      /product/[id]                                                                   5852 1517(25.92%) |    315       1    3022    330 |   56.60        0.00
POST     /setCurrency                                                                    1066  264(24.77%) |    243       2    7351    160 |    9.00        0.00
--------|----------------------------------------------------------------------------|-------|-------------|-------|-------|-------|-------|--------|-----------
         Aggregated                                                                     11004 2822(25.65%) |    323       1    7351    330 |  106.50        0.00

Type     Name                                                                          # reqs      # fails |    Avg     Min     Max    Med |   req/s  failures/s
--------|----------------------------------------------------------------------------|-------|-------------|-------|-------|-------|-------|--------|-----------
GET      /                                                                                351   79(22.51%) |    263       1    6385    160 |    3.50        0.00
GET      /cart                                                                           1461  426(29.16%) |    312       1    4260    330 |   14.40        0.00
POST     /cart [add]                                                                     1855  534(28.79%) |    384       3    5023    380 |   16.00        0.00
POST     /cart/checkout                                                                   512     2(0.39%) |    446     111    4102    400 |    6.30        0.00
GET      /product/[id]                                                                   5975 1517(25.39%) |    316       1    3022    330 |   57.70        0.00
POST     /setCurrency                                                                    1092  264(24.18%) |    243       2    7351    160 |    9.20        0.00
--------|----------------------------------------------------------------------------|-------|-------------|-------|-------|-------|-------|--------|-----------
         Aggregated                                                                     11246 2822(25.09%) |    324       1    7351    330 |  107.10        0.00

Type     Name                                                                          # reqs      # fails |    Avg     Min     Max    Med |   req/s  failures/s
--------|----------------------------------------------------------------------------|-------|-------------|-------|-------|-------|-------|--------|-----------
GET      /                                                                                361   79(21.88%) |    261       1    6385    170 |    3.60        0.00
GET      /cart                                                                           1489  426(28.61%) |    314       1    4260    330 |   14.70        0.00
POST     /cart [add]                                                                     1883  534(28.36%) |    385       3    5023    380 |   16.30        0.00
POST     /cart/checkout                                                                   525     2(0.38%) |    447     111    4102    400 |    6.60        0.00
GET      /product/[id]                                                                   6073 1517(24.98%) |    318       1    3022    330 |   57.10        0.00
POST     /setCurrency                                                                    1115  264(23.68%) |    241       2    7351    160 |    9.30        0.00
--------|----------------------------------------------------------------------------|-------|-------------|-------|-------|-------|-------|--------|-----------
         Aggregated                                                                     11446 2822(24.65%) |    325       1    7351    330 |  107.60        0.00

Type     Name                                                                          # reqs      # fails |    Avg     Min     Max    Med |   req/s  failures/s
--------|----------------------------------------------------------------------------|-------|-------------|-------|-------|-------|-------|--------|-----------
GET      /                                                                                365   79(21.64%) |    261       1    6385    170 |    3.70        0.00
GET      /cart                                                                           1521  426(28.01%) |    315       1    4260    330 |   13.90        0.00
POST     /cart [add]                                                                     1924  534(27.75%) |    387       3    5023    380 |   16.20        0.00
POST     /cart/checkout                                                                   539     2(0.37%) |    445     111    4102    400 |    6.80        0.00
GET      /product/[id]                                                                   6192 1517(24.50%) |    319       1    3022    330 |   57.70        0.00
POST     /setCurrency                                                                    1136  264(23.24%) |    240       2    7351    160 |   10.10        0.00
--------|----------------------------------------------------------------------------|-------|-------------|-------|-------|-------|-------|--------|-----------
         Aggregated                                                                     11677 2822(24.17%) |    326       1    7351    330 |  108.40        0.00

Type     Name                                                                          # reqs      # fails |    Avg     Min     Max    Med |   req/s  failures/s
--------|----------------------------------------------------------------------------|-------|-------------|-------|-------|-------|-------|--------|-----------
GET      /                                                                                370   79(21.35%) |    259       1    6385    170 |    3.80        0.00
GET      /cart                                                                           1545  426(27.57%) |    316       1    4260    330 |   13.80        0.00
POST     /cart [add]                                                                     1953  534(27.34%) |    387       3    5023    380 |   17.20        0.00
POST     /cart/checkout                                                                   547     2(0.37%) |    445     111    4102    400 |    6.70        0.00
GET      /product/[id]                                                                   6277 1517(24.17%) |    319       1    3022    330 |   56.30        0.00
POST     /setCurrency                                                                    1146  264(23.04%) |    240       2    7351    160 |    9.30        0.00
--------|----------------------------------------------------------------------------|-------|-------------|-------|-------|-------|-------|--------|-----------
         Aggregated                                                                     11838 2822(23.84%) |    326       1    7351    330 |  107.10        0.00

Type     Name                                                                          # reqs      # fails |    Avg     Min     Max    Med |   req/s  failures/s
--------|----------------------------------------------------------------------------|-------|-------------|-------|-------|-------|-------|--------|-----------
GET      /                                                                                376   79(21.01%) |    263       1    6385    170 |    3.14        0.66
GET      /cart                                                                           1562  426(27.27%) |    318       1    4260    330 |   13.04        3.56
POST     /cart [add]                                                                     1983  534(26.93%) |    392       3    5023    380 |   16.55        4.46
POST     /cart/checkout                                                                   559     2(0.36%) |    447     111    4102    400 |    4.67        0.02
GET      /product/[id]                                                                   6390 1517(23.74%) |    324       1    3022    340 |   53.33       12.66
POST     /setCurrency                                                                    1172  264(22.53%) |    243       2    7351    160 |    9.78        2.20
--------|----------------------------------------------------------------------------|-------|-------------|-------|-------|-------|-------|--------|-----------
         Aggregated                                                                     12042 2822(23.43%) |    330       1    7351    330 |  100.50       23.55

Response time percentiles (approximated)
Type     Name                                                                                  50%    66%    75%    80%    90%    95%    98%    99%  99.9% 99.99%   100% # reqs
--------|--------------------------------------------------------------------------------|--------|------|------|------|------|------|------|------|------|------|------|------
GET      /                                                                                     170    230    280    320    480    740   1800   2700   6400   6400   6400    376
GET      /cart                                                                                 330    380    410    440    500    630   1100   2000   3200   4300   4300   1562
POST     /cart [add]                                                                           380    440    480    510    630    850   1800   2400   4900   5000   5000   1983
POST     /cart/checkout                                                                        400    410    470    490    560    750   1400   1900   4100   4100   4100    559
GET      /product/[id]                                                                         340    380    410    430    500    670   1200   1500   2500   3000   3000   6390
POST     /setCurrency                                                                          160    240    280    320    430    670   1100   2600   6100   7400   7400   1172
--------|--------------------------------------------------------------------------------|--------|------|------|------|------|------|------|------|------|------|------|------
         Aggregated                                                                            330    390    420    440    520    710   1300   1700   3800   6400   7400  12042

Error report
# occurrences      Error                                                                                               
------------------|---------------------------------------------------------------------------------------------------------------------------------------------
264                POST /setCurrency: HTTPError('500 Server Error: Internal Server Error for url: /setCurrency')       
1517               GET /product/[id]: HTTPError('500 Server Error: Internal Server Error for url: /product/[id]')      
79                 GET /: HTTPError('500 Server Error: Internal Server Error for url: /')                              
322                POST /cart [add]: HTTPError('500 Server Error: Internal Server Error for url: /cart [add]')         
426                GET /cart: HTTPError('500 Server Error: Internal Server Error for url: /cart')                      
2                  POST /cart/checkout: HTTPError('500 Server Error: Internal Server Error for url: /cart/checkout')   
212                POST /cart [add]: add falhou (500), skip checkout                                                   
------------------|---------------------------------------------------------------------------------------------------------------------------------------------

