/Users/edias/Library/Python/3.9/lib/python/site-packages/urllib3/__init__.py:35: NotOpenSSLWarning: urllib3 v2 only supports OpenSSL 1.1.1+, currently the 'ssl' module is compiled with 'LibreSSL 2.8.3'. See: https://github.com/urllib3/urllib3/issues/3020
  warnings.warn(
[2026-05-21 10:21:17,135] MacBook-Air-de-Eduardo/WARNING/locust.main: Python 3.9 support is deprecated and will be removed soon
Type     Name                                                                          # reqs      # fails |    Avg     Min     Max    Med |   req/s  failures/s
--------|----------------------------------------------------------------------------|-------|-------------|-------|-------|-------|-------|--------|-----------
--------|----------------------------------------------------------------------------|-------|-------------|-------|-------|-------|-------|--------|-----------
         Aggregated                                                                         0     0(0.00%) |      0       0       0      0 |    0.00        0.00

Type     Name                                                                          # reqs      # fails |    Avg     Min     Max    Med |   req/s  failures/s
--------|----------------------------------------------------------------------------|-------|-------------|-------|-------|-------|-------|--------|-----------
GET      /cart                                                                              3     0(0.00%) |     18      15      19     19 |    0.00        0.00
POST     /cart [add]                                                                        2     0(0.00%) |     23      21      25     22 |    0.00        0.00
POST     /cart/checkout                                                                     1     0(0.00%) |     24      24      24     24 |    0.00        0.00
GET      /product/[id]                                                                     16     0(0.00%) |     20      13      32     19 |    0.00        0.00
POST     /setCurrency                                                                       2     0(0.00%) |     39      25      52     26 |    0.00        0.00
--------|----------------------------------------------------------------------------|-------|-------------|-------|-------|-------|-------|--------|-----------
         Aggregated                                                                        24     0(0.00%) |     21      13      52     20 |    0.00        0.00

Type     Name                                                                          # reqs      # fails |    Avg     Min     Max    Med |   req/s  failures/s
--------|----------------------------------------------------------------------------|-------|-------------|-------|-------|-------|-------|--------|-----------
GET      /                                                                                  2     0(0.00%) |     24      23      24     24 |    0.00        0.00
GET      /cart                                                                             11     0(0.00%) |    132      13     910     19 |    1.50        0.00
POST     /cart [add]                                                                        8     0(0.00%) |     53      18     282     21 |    1.00        0.00
POST     /cart/checkout                                                                     5     0(0.00%) |     24      18      27     25 |    0.50        0.00
GET      /product/[id]                                                                     34     0(0.00%) |     17      13      32     16 |    7.50        0.00
POST     /setCurrency                                                                       7     0(0.00%) |     28      21      52     25 |    1.00        0.00
--------|----------------------------------------------------------------------------|-------|-------------|-------|-------|-------|-------|--------|-----------
         Aggregated                                                                        67     0(0.00%) |     42      13     910     19 |   11.50        0.00

Type     Name                                                                          # reqs      # fails |    Avg     Min     Max    Med |   req/s  failures/s
--------|----------------------------------------------------------------------------|-------|-------------|-------|-------|-------|-------|--------|-----------
GET      /                                                                                  3     0(0.00%) |     22      19      24     24 |    0.50        0.00
GET      /cart                                                                             23     0(0.00%) |     71      12     910     16 |    2.75        0.00
POST     /cart [add]                                                                       23     0(0.00%) |     32      16     282     21 |    2.00        0.00
POST     /cart/checkout                                                                    10     0(0.00%) |     24      18      28     25 |    1.25        0.00
GET      /product/[id]                                                                     71     0(0.00%) |     16      11      32     16 |    7.50        0.00
POST     /setCurrency                                                                      15     0(0.00%) |     26      20      52     24 |    1.75        0.00
--------|----------------------------------------------------------------------------|-------|-------------|-------|-------|-------|-------|--------|-----------
         Aggregated                                                                       145     0(0.00%) |     29      11     910     18 |   15.75        0.00

Type     Name                                                                          # reqs      # fails |    Avg     Min     Max    Med |   req/s  failures/s
--------|----------------------------------------------------------------------------|-------|-------------|-------|-------|-------|-------|--------|-----------
GET      /                                                                                  4     0(0.00%) |     33      19      65     24 |    0.50        0.00
GET      /cart                                                                             33     0(0.00%) |     54      10     910     16 |    3.67        0.00
POST     /cart [add]                                                                       43     0(0.00%) |     27      16     282     22 |    3.83        0.00
POST     /cart/checkout                                                                    15     0(0.00%) |     23      18      28     24 |    1.67        0.00
GET      /product/[id]                                                                    133     0(0.00%) |     16      11      37     15 |   11.33        0.00
POST     /setCurrency                                                                      23     0(0.00%) |     26      19      56     24 |    2.50        0.00
--------|----------------------------------------------------------------------------|-------|-------------|-------|-------|-------|-------|--------|-----------
         Aggregated                                                                       251     0(0.00%) |     25      10     910     18 |   23.50        0.00

Type     Name                                                                          # reqs      # fails |    Avg     Min     Max    Med |   req/s  failures/s
--------|----------------------------------------------------------------------------|-------|-------------|-------|-------|-------|-------|--------|-----------
GET      /                                                                                  7     0(0.00%) |     33      19      65     24 |    0.38        0.00
GET      /cart                                                                             51     0(0.00%) |     41      10     910     16 |    4.12        0.00
POST     /cart [add]                                                                       67     0(0.00%) |     26      16     282     21 |    5.25        0.00
POST     /cart/checkout                                                                    25     0(0.00%) |     24      18      40     24 |    1.88        0.00
GET      /product/[id]                                                                    193     0(0.00%) |     16      11      37     15 |   15.88        0.00
POST     /setCurrency                                                                      41     0(0.00%) |     27      19      56     25 |    2.75        0.00
--------|----------------------------------------------------------------------------|-------|-------------|-------|-------|-------|-------|--------|-----------
         Aggregated                                                                       384     0(0.00%) |     23      10     910     18 |   30.25        0.00

Type     Name                                                                          # reqs      # fails |    Avg     Min     Max    Med |   req/s  failures/s
--------|----------------------------------------------------------------------------|-------|-------------|-------|-------|-------|-------|--------|-----------
GET      /                                                                                 10     0(0.00%) |     30      19      65     24 |    0.70        0.00
GET      /cart                                                                             77     0(0.00%) |     33      10     910     16 |    5.00        0.00
POST     /cart [add]                                                                      100     0(0.00%) |     25      16     282     22 |    6.60        0.00
POST     /cart/checkout                                                                    34     0(0.00%) |     24      18      40     24 |    2.40        0.00
GET      /product/[id]                                                                    275     0(0.00%) |     16      11      39     15 |   18.80        0.00
POST     /setCurrency                                                                      58     0(0.00%) |     27      19      77     25 |    4.00        0.00
--------|----------------------------------------------------------------------------|-------|-------------|-------|-------|-------|-------|--------|-----------
         Aggregated                                                                       554     0(0.00%) |     22      10     910     18 |   37.50        0.00

Type     Name                                                                          # reqs      # fails |    Avg     Min     Max    Med |   req/s  failures/s
--------|----------------------------------------------------------------------------|-------|-------------|-------|-------|-------|-------|--------|-----------
GET      /                                                                                 15     0(0.00%) |     29      19      65     24 |    1.00        0.00
GET      /cart                                                                            107     0(0.00%) |     29      10     910     16 |    7.40        0.00
POST     /cart [add]                                                                      124     0(0.00%) |     26      16     282     22 |    9.60        0.00
POST     /cart/checkout                                                                    44     0(0.00%) |     25      18      40     25 |    3.20        0.00
GET      /product/[id]                                                                    373     0(0.00%) |     16      11      45     15 |   25.00        0.00
POST     /setCurrency                                                                      77     0(0.00%) |     28      19      77     26 |    5.40        0.00
--------|----------------------------------------------------------------------------|-------|-------------|-------|-------|-------|-------|--------|-----------
         Aggregated                                                                       740     0(0.00%) |     22      10     910     18 |   51.60        0.00

Type     Name                                                                          # reqs      # fails |    Avg     Min     Max    Med |   req/s  failures/s
--------|----------------------------------------------------------------------------|-------|-------------|-------|-------|-------|-------|--------|-----------
GET      /                                                                                 21     0(0.00%) |     33      18      79     24 |    1.20        0.00
GET      /cart                                                                            141     0(0.00%) |     27      10     910     17 |    9.40        0.00
POST     /cart [add]                                                                      163     0(0.00%) |     28      16     282     22 |   11.40        0.00
POST     /cart/checkout                                                                    60     0(0.00%) |     27      18      65     26 |    3.90        0.00
GET      /product/[id]                                                                    488     0(0.00%) |     18      11      71     16 |   33.90        0.00
POST     /setCurrency                                                                      96     0(0.00%) |     29      19      83     25 |    6.70        0.00
--------|----------------------------------------------------------------------------|-------|-------------|-------|-------|-------|-------|--------|-----------
         Aggregated                                                                       969     0(0.00%) |     23      10     910     19 |   66.50        0.00

Type     Name                                                                          # reqs      # fails |    Avg     Min     Max    Med |   req/s  failures/s
--------|----------------------------------------------------------------------------|-------|-------------|-------|-------|-------|-------|--------|-----------
GET      /                                                                                 25     0(0.00%) |     39      18     105     24 |    1.70        0.00
GET      /cart                                                                            175     0(0.00%) |     27      10     910     17 |   11.70        0.00
POST     /cart [add]                                                                      203     0(0.00%) |     30      16     282     23 |   14.00        0.00
POST     /cart/checkout                                                                    75     0(0.00%) |     32      18      98     27 |    5.00        0.00
GET      /product/[id]                                                                    613     0(0.00%) |     19      11      93     16 |   40.60        0.00
POST     /setCurrency                                                                     116     0(0.00%) |     34      19     123     26 |    7.80        0.00
--------|----------------------------------------------------------------------------|-------|-------------|-------|-------|-------|-------|--------|-----------
         Aggregated                                                                      1207     0(0.00%) |     25      10     910     19 |   80.80        0.00

Type     Name                                                                          # reqs      # fails |    Avg     Min     Max    Med |   req/s  failures/s
--------|----------------------------------------------------------------------------|-------|-------------|-------|-------|-------|-------|--------|-----------
GET      /                                                                                 29     0(0.00%) |     39      18     105     27 |    2.20        0.00
GET      /cart                                                                            216     0(0.00%) |     28      10     910     17 |   14.00        0.00
POST     /cart [add]                                                                      245     0(0.00%) |     34      16     282     24 |   15.80        0.00
POST     /cart/checkout                                                                    93     0(0.00%) |     37      18     102     27 |    5.60        0.00
GET      /product/[id]                                                                    741     0(0.00%) |     21      11     158     16 |   47.80        0.00
POST     /setCurrency                                                                     138     0(0.00%) |     39      19     171     27 |    9.10        0.00
--------|----------------------------------------------------------------------------|-------|-------------|-------|-------|-------|-------|--------|-----------
         Aggregated                                                                      1462     0(0.00%) |     27      10     910     20 |   94.50        0.00

Type     Name                                                                          # reqs      # fails |    Avg     Min     Max    Med |   req/s  failures/s
--------|----------------------------------------------------------------------------|-------|-------------|-------|-------|-------|-------|--------|-----------
GET      /                                                                                 34     0(0.00%) |     40      18     105     24 |    2.20        0.00
GET      /cart                                                                            250     0(0.00%) |     30      10     910     18 |   16.40        0.00
POST     /cart [add]                                                                      297     0(0.00%) |     38      16     282     25 |   17.80        0.00
POST     /cart/checkout                                                                   111     0(0.00%) |     40      18     106     28 |    6.70        0.00
GET      /product/[id]                                                                    884     0(0.00%) |     24      11     158     17 |   54.30        0.00
POST     /setCurrency                                                                     165     0(0.00%) |     45      19     171     29 |    9.50        0.00
--------|----------------------------------------------------------------------------|-------|-------------|-------|-------|-------|-------|--------|-----------
         Aggregated                                                                      1741     0(0.00%) |     31      10     910     21 |  106.90        0.00

Type     Name                                                                          # reqs      # fails |    Avg     Min     Max    Med |   req/s  failures/s
--------|----------------------------------------------------------------------------|-------|-------------|-------|-------|-------|-------|--------|-----------
GET      /                                                                                 39     0(0.00%) |     43      18     123     27 |    2.40        0.00
GET      /cart                                                                            289     0(0.00%) |     33      10     910     19 |   16.80        0.00
POST     /cart [add]                                                                      342     0(0.00%) |     44      16     282     26 |   19.70        0.00
POST     /cart/checkout                                                                   132     0(0.00%) |     46      18     181     30 |    7.80        0.00
GET      /product/[id]                                                                   1023     0(0.00%) |     28      11     201     18 |   60.60        0.00
POST     /setCurrency                                                                     195     0(0.00%) |     52      19     181     31 |   10.80        0.00
--------|----------------------------------------------------------------------------|-------|-------------|-------|-------|-------|-------|--------|-----------
         Aggregated                                                                      2020     0(0.00%) |     35      10     910     22 |  118.10        0.00

Type     Name                                                                          # reqs      # fails |    Avg     Min     Max    Med |   req/s  failures/s
--------|----------------------------------------------------------------------------|-------|-------------|-------|-------|-------|-------|--------|-----------
GET      /                                                                                 53     0(0.00%) |     53      18     243     43 |    2.50        0.00
GET      /cart                                                                            334     0(0.00%) |     37      10     910     20 |   18.20        0.00
POST     /cart [add]                                                                      394     0(0.00%) |     49      16     306     27 |   21.80        0.00
POST     /cart/checkout                                                                   147     0(0.00%) |     50      18     181     33 |    8.70        0.00
GET      /product/[id]                                                                   1169     0(0.00%) |     31      11     275     18 |   64.50        0.00
POST     /setCurrency                                                                     220     0(0.00%) |     58      18     284     32 |   11.90        0.00
--------|----------------------------------------------------------------------------|-------|-------------|-------|-------|-------|-------|--------|-----------
         Aggregated                                                                      2317     0(0.00%) |     39      10     910     23 |  127.60        0.00

Type     Name                                                                          # reqs      # fails |    Avg     Min     Max    Med |   req/s  failures/s
--------|----------------------------------------------------------------------------|-------|-------------|-------|-------|-------|-------|--------|-----------
GET      /                                                                                 62     0(0.00%) |     60      18     243     46 |    3.20        0.00
GET      /cart                                                                            366     0(0.00%) |     40      10     910     20 |   19.20        0.00
POST     /cart [add]                                                                      448     0(0.00%) |     56      16     306     30 |   22.90        0.00
POST     /cart/checkout                                                                   173     0(0.00%) |     56      18     189     41 |    8.70        0.00
GET      /product/[id]                                                                   1331     0(0.00%) |     35      11     275     20 |   68.20        0.00
POST     /setCurrency                                                                     247     0(0.00%) |     66      18     284     39 |   12.50        0.00
--------|----------------------------------------------------------------------------|-------|-------------|-------|-------|-------|-------|--------|-----------
         Aggregated                                                                      2627     0(0.00%) |     44      10     910     25 |  134.70        0.00

Type     Name                                                                          # reqs      # fails |    Avg     Min     Max    Med |   req/s  failures/s
--------|----------------------------------------------------------------------------|-------|-------------|-------|-------|-------|-------|--------|-----------
GET      /                                                                                 75     0(0.00%) |     76      18     364     53 |    3.60        0.00
GET      /cart                                                                            410     0(0.00%) |     46      10     910     21 |   19.00        0.00
POST     /cart [add]                                                                      496     0(0.00%) |     63      16     553     34 |   24.40        0.00
POST     /cart/checkout                                                                   187     0(0.00%) |     60      18     189     43 |   10.10        0.00
GET      /product/[id]                                                                   1483     0(0.00%) |     42      11     784     22 |   71.60        0.00
POST     /setCurrency                                                                     272     0(0.00%) |     70      18     345     42 |   13.30        0.00
--------|----------------------------------------------------------------------------|-------|-------------|-------|-------|-------|-------|--------|-----------
         Aggregated                                                                      2923     0(0.00%) |     51      10     910     27 |  142.00        0.00

Type     Name                                                                          # reqs      # fails |    Avg     Min     Max    Med |   req/s  failures/s
--------|----------------------------------------------------------------------------|-------|-------------|-------|-------|-------|-------|--------|-----------
GET      /                                                                                 81     0(0.00%) |     81      18     364     59 |    4.60        0.00
GET      /cart                                                                            440     0(0.00%) |     51      10     910     24 |   19.40        0.00
POST     /cart [add]                                                                      556     0(0.00%) |     78      16    1173     44 |   25.20        0.00
POST     /cart/checkout                                                                   212     0(0.00%) |     71      18     970     56 |    9.60        0.00
GET      /product/[id]                                                                   1640     0(0.00%) |     50      11     975     24 |   74.20        0.00
POST     /setCurrency                                                                     301     0(0.00%) |     79      18     436     52 |   13.50        0.00
--------|----------------------------------------------------------------------------|-------|-------------|-------|-------|-------|-------|--------|-----------
         Aggregated                                                                      3230     0(0.00%) |     60      10    1173     31 |  146.50        0.00

Type     Name                                                                          # reqs      # fails |    Avg     Min     Max    Med |   req/s  failures/s
--------|----------------------------------------------------------------------------|-------|-------------|-------|-------|-------|-------|--------|-----------
GET      /                                                                                 92     0(0.00%) |     95      18     364     79 |    4.60        0.00
GET      /cart                                                                            486     0(0.00%) |     57      10     910     28 |   19.20        0.00
POST     /cart [add]                                                                      612     0(0.00%) |     86      16    1173     50 |   25.70        0.00
POST     /cart/checkout                                                                   232     0(0.00%) |     78      18     970     62 |    9.60        0.00
GET      /product/[id]                                                                   1795     0(0.00%) |     53      10     975     28 |   76.10        0.00
POST     /setCurrency                                                                     347     0(0.00%) |     93      18     436     74 |   13.50        0.00
--------|----------------------------------------------------------------------------|-------|-------------|-------|-------|-------|-------|--------|-----------
         Aggregated                                                                      3564     0(0.00%) |     66      10    1173     36 |  148.70        0.00

Type     Name                                                                          # reqs      # fails |    Avg     Min     Max    Med |   req/s  failures/s
--------|----------------------------------------------------------------------------|-------|-------------|-------|-------|-------|-------|--------|-----------
GET      /                                                                                106     0(0.00%) |    104      18     364     84 |    5.30        0.00
GET      /cart                                                                            541     0(0.00%) |     62      10     910     38 |   19.80        0.00
POST     /cart [add]                                                                      667     0(0.00%) |     93      16    1173     60 |   26.50        0.00
POST     /cart/checkout                                                                   254     0(0.00%) |     82      18     970     72 |   10.10        0.00
GET      /product/[id]                                                                   1960     0(0.00%) |     57      10     975     33 |   76.50        0.00
POST     /setCurrency                                                                     380     0(0.00%) |    103      18     464     85 |   15.20        0.00
--------|----------------------------------------------------------------------------|-------|-------------|-------|-------|-------|-------|--------|-----------
         Aggregated                                                                      3908     0(0.00%) |     71      10    1173     43 |  153.40        0.00

Type     Name                                                                          # reqs      # fails |    Avg     Min     Max    Med |   req/s  failures/s
--------|----------------------------------------------------------------------------|-------|-------------|-------|-------|-------|-------|--------|-----------
GET      /                                                                                116     0(0.00%) |    108      18     364     92 |    5.20        0.00
GET      /cart                                                                            591     0(0.00%) |     66      10     910     43 |   20.50        0.00
POST     /cart [add]                                                                      727     0(0.00%) |     98      16    1173     70 |   27.20        0.00
POST     /cart/checkout                                                                   279     0(0.00%) |     89      18     970     81 |   10.40        0.00
GET      /product/[id]                                                                   2138     0(0.00%) |     61      10     975     40 |   78.90        0.00
POST     /setCurrency                                                                     416     0(0.00%) |    109      18     464     99 |   16.20        0.00
--------|----------------------------------------------------------------------------|-------|-------------|-------|-------|-------|-------|--------|-----------
         Aggregated                                                                      4267     0(0.00%) |     76      10    1173     50 |  158.40        0.00

Type     Name                                                                          # reqs      # fails |    Avg     Min     Max    Med |   req/s  failures/s
--------|----------------------------------------------------------------------------|-------|-------------|-------|-------|-------|-------|--------|-----------
GET      /                                                                                130     0(0.00%) |    115      18     384     98 |    5.40        0.00
GET      /cart                                                                            642     0(0.00%) |     72      10     910     50 |   22.50        0.00
POST     /cart [add]                                                                      793     0(0.00%) |    108      16    1189     79 |   27.90        0.00
POST     /cart/checkout                                                                   305     0(0.00%) |     95      18     970     89 |   10.50        0.00
GET      /product/[id]                                                                   2295     0(0.00%) |     66      10    1104     44 |   79.80        0.00
POST     /setCurrency                                                                     455     0(0.00%) |    118      18     464    110 |   16.60        0.00
--------|----------------------------------------------------------------------------|-------|-------------|-------|-------|-------|-------|--------|-----------
         Aggregated                                                                      4620     0(0.00%) |     82      10    1189     56 |  162.70        0.00

Type     Name                                                                          # reqs      # fails |    Avg     Min     Max    Med |   req/s  failures/s
--------|----------------------------------------------------------------------------|-------|-------------|-------|-------|-------|-------|--------|-----------
GET      /                                                                                145     0(0.00%) |    124      18     384    110 |    5.40        0.00
GET      /cart                                                                            690     0(0.00%) |     77      10     910     56 |   23.30        0.00
POST     /cart [add]                                                                      834     0(0.00%) |    116      16    1808     83 |   29.40        0.00
POST     /cart/checkout                                                                   323     0(0.00%) |    101      18     970     95 |   11.40        0.00
GET      /product/[id]                                                                   2489     0(0.00%) |     73      10    1129     50 |   80.70        0.00
POST     /setCurrency                                                                     492     0(0.00%) |    125      18     938    120 |   18.30        0.00
--------|----------------------------------------------------------------------------|-------|-------------|-------|-------|-------|-------|--------|-----------
         Aggregated                                                                      4973     0(0.00%) |     90      10    1808     62 |  168.50        0.00

Type     Name                                                                          # reqs      # fails |    Avg     Min     Max    Med |   req/s  failures/s
--------|----------------------------------------------------------------------------|-------|-------------|-------|-------|-------|-------|--------|-----------
GET      /                                                                                153     0(0.00%) |    130      18     384    120 |    6.40        0.00
GET      /cart                                                                            736     0(0.00%) |     81      10     910     61 |   24.80        0.00
POST     /cart [add]                                                                      899     0(0.00%) |    122      16    1808     91 |   28.10        0.00
POST     /cart/checkout                                                                   340     0(0.00%) |    105      18     970     97 |   11.40        0.00
GET      /product/[id]                                                                   2697     0(0.00%) |     79      10    1129     56 |   83.50        0.00
POST     /setCurrency                                                                     530     0(0.00%) |    131      18     938    120 |   19.10        0.00
--------|----------------------------------------------------------------------------|-------|-------------|-------|-------|-------|-------|--------|-----------
         Aggregated                                                                      5355     0(0.00%) |     95      10    1808     69 |  173.30        0.00

Type     Name                                                                          # reqs      # fails |    Avg     Min     Max    Med |   req/s  failures/s
--------|----------------------------------------------------------------------------|-------|-------------|-------|-------|-------|-------|--------|-----------
GET      /                                                                                166     0(0.00%) |    134      18     384    120 |    6.00        0.00
GET      /cart                                                                            785     0(0.00%) |     86      10     933     65 |   25.00        0.00
POST     /cart [add]                                                                      954     0(0.00%) |    127      16    1808     98 |   29.10        0.00
POST     /cart/checkout                                                                   361     0(0.00%) |    112      18    1167    100 |   10.70        0.00
GET      /product/[id]                                                                   2878     0(0.00%) |     84      10    1129     59 |   89.60        0.00
POST     /setCurrency                                                                     563     0(0.00%) |    140      18    1053    130 |   18.30        0.00
--------|----------------------------------------------------------------------------|-------|-------------|-------|-------|-------|-------|--------|-----------
         Aggregated                                                                      5707     0(0.00%) |    100      10    1808     75 |  178.70        0.00

Type     Name                                                                          # reqs      # fails |    Avg     Min     Max    Med |   req/s  failures/s
--------|----------------------------------------------------------------------------|-------|-------------|-------|-------|-------|-------|--------|-----------
GET      /                                                                                186     0(0.00%) |    150      17     396    130 |    6.20        0.00
GET      /cart                                                                            822     0(0.00%) |     94      10    1036     68 |   24.60        0.00
POST     /cart [add]                                                                     1025     0(0.00%) |    147      16    1808    110 |   28.80        0.00
POST     /cart/checkout                                                                   380     0(0.00%) |    118      18    1167    100 |   10.70        0.00
GET      /product/[id]                                                                   3062     0(0.00%) |     91      10    1171     65 |   91.70        0.00
POST     /setCurrency                                                                     588     0(0.00%) |    149      18    1129    130 |   18.10        0.00
--------|----------------------------------------------------------------------------|-------|-------------|-------|-------|-------|-------|--------|-----------
         Aggregated                                                                      6063     0(0.00%) |    110      10    1808     81 |  180.10        0.00

Type     Name                                                                          # reqs      # fails |    Avg     Min     Max    Med |   req/s  failures/s
--------|----------------------------------------------------------------------------|-------|-------------|-------|-------|-------|-------|--------|-----------
GET      /                                                                                197     0(0.00%) |    159      17     483    140 |    6.90        0.00
GET      /cart                                                                            883     0(0.00%) |    100      10    1036     75 |   23.20        0.00
POST     /cart [add]                                                                     1089     0(0.00%) |    154      16    1808    110 |   29.50        0.00
POST     /cart/checkout                                                                   398     0(0.00%) |    122      18    1167    100 |    9.80        0.00
GET      /product/[id]                                                                   3252     0(0.00%) |     95      10    1171     70 |   92.30        0.00
POST     /setCurrency                                                                     627     0(0.00%) |    159      18    1129    140 |   17.30        0.00
--------|----------------------------------------------------------------------------|-------|-------------|-------|-------|-------|-------|--------|-----------
         Aggregated                                                                      6446     0(0.00%) |    116      10    1808     88 |  179.00        0.00

Type     Name                                                                          # reqs      # fails |    Avg     Min     Max    Med |   req/s  failures/s
--------|----------------------------------------------------------------------------|-------|-------------|-------|-------|-------|-------|--------|-----------
GET      /                                                                                214     0(0.00%) |    165      17     483    140 |    6.70        0.00
GET      /cart                                                                            934     0(0.00%) |    106      10    1036     81 |   23.80        0.00
POST     /cart [add]                                                                     1162     0(0.00%) |    161      16    1808    120 |   29.40        0.00
POST     /cart/checkout                                                                   418     0(0.00%) |    126      18    1167    110 |    9.70        0.00
GET      /product/[id]                                                                   3463     0(0.00%) |    100      10    1171     77 |   95.70        0.00
POST     /setCurrency                                                                     668     0(0.00%) |    165      18    1129    150 |   17.10        0.00
--------|----------------------------------------------------------------------------|-------|-------------|-------|-------|-------|-------|--------|-----------
         Aggregated                                                                      6859     0(0.00%) |    121      10    1808     95 |  182.40        0.00

Type     Name                                                                          # reqs      # fails |    Avg     Min     Max    Med |   req/s  failures/s
--------|----------------------------------------------------------------------------|-------|-------------|-------|-------|-------|-------|--------|-----------
GET      /                                                                                226     0(0.00%) |    173      17     501    150 |    6.90        0.00
GET      /cart                                                                            984     0(0.00%) |    110      10    1036     88 |   24.60        0.00
POST     /cart [add]                                                                     1225     0(0.00%) |    169      16    1808    130 |   32.30        0.00
POST     /cart/checkout                                                                   441     0(0.00%) |    132      18    1167    110 |    9.70        0.00
GET      /product/[id]                                                                   3673     0(0.00%) |    106      10    1171     83 |   97.60        0.00
POST     /setCurrency                                                                     707     0(0.00%) |    173      18    1129    150 |   17.50        0.00
--------|----------------------------------------------------------------------------|-------|-------------|-------|-------|-------|-------|--------|-----------
         Aggregated                                                                      7256     0(0.00%) |    127      10    1808    100 |  188.60        0.00

Type     Name                                                                          # reqs      # fails |    Avg     Min     Max    Med |   req/s  failures/s
--------|----------------------------------------------------------------------------|-------|-------------|-------|-------|-------|-------|--------|-----------
GET      /                                                                                238     0(0.00%) |    178      17     501    150 |    7.30        0.00
GET      /cart                                                                           1034     0(0.00%) |    117      10    1036     95 |   24.70        0.00
POST     /cart [add]                                                                     1287     0(0.00%) |    176      16    1808    140 |   32.50        0.00
POST     /cart/checkout                                                                   461     0(0.00%) |    138      18    1167    110 |   10.00        0.00
GET      /product/[id]                                                                   3914     0(0.00%) |    112      10    1171     90 |   98.20        0.00
POST     /setCurrency                                                                     746     0(0.00%) |    179      18    1129    160 |   17.50        0.00
--------|----------------------------------------------------------------------------|-------|-------------|-------|-------|-------|-------|--------|-----------
         Aggregated                                                                      7680     0(0.00%) |    133      10    1808    110 |  190.20        0.00

Type     Name                                                                          # reqs      # fails |    Avg     Min     Max    Med |   req/s  failures/s
--------|----------------------------------------------------------------------------|-------|-------------|-------|-------|-------|-------|--------|-----------
GET      /                                                                                256     0(0.00%) |    189      17     658    160 |    7.10        0.00
GET      /cart                                                                           1092     0(0.00%) |    125      10    1036    100 |   24.90        0.00
POST     /cart [add]                                                                     1356     0(0.00%) |    185      16    1808    150 |   32.80        0.00
POST     /cart/checkout                                                                   485     0(0.00%) |    144      18    1167    110 |   10.10        0.00
GET      /product/[id]                                                                   4106     0(0.00%) |    116      10    1171     94 |  103.20        0.00
POST     /setCurrency                                                                     786     0(0.00%) |    191      18    1129    170 |   18.10        0.00
--------|----------------------------------------------------------------------------|-------|-------------|-------|-------|-------|-------|--------|-----------
         Aggregated                                                                      8081     0(0.00%) |    140      10    1808    110 |  196.20        0.00

Type     Name                                                                          # reqs      # fails |    Avg     Min     Max    Med |   req/s  failures/s
--------|----------------------------------------------------------------------------|-------|-------------|-------|-------|-------|-------|--------|-----------
GET      /                                                                                269     0(0.00%) |    196      17     658    180 |    7.10        0.00
GET      /cart                                                                           1148     0(0.00%) |    131      10    1036    110 |   26.60        0.00
POST     /cart [add]                                                                     1435     0(0.00%) |    192      16    1808    150 |   33.20        0.00
POST     /cart/checkout                                                                   516     0(0.00%) |    152      18    1167    120 |   10.80        0.00
GET      /product/[id]                                                                   4311     0(0.00%) |    122      10    1171    100 |  104.30        0.00
POST     /setCurrency                                                                     826     0(0.00%) |    199      18    1129    180 |   19.80        0.00
--------|----------------------------------------------------------------------------|-------|-------------|-------|-------|-------|-------|--------|-----------
         Aggregated                                                                      8505     0(0.00%) |    146      10    1808    120 |  201.80        0.00

Type     Name                                                                          # reqs      # fails |    Avg     Min     Max    Med |   req/s  failures/s
--------|----------------------------------------------------------------------------|-------|-------------|-------|-------|-------|-------|--------|-----------
GET      /                                                                                281     0(0.00%) |    201      17     658    190 |    7.20        0.00
GET      /cart                                                                           1201     0(0.00%) |    137      10    1036    110 |   26.30        0.00
POST     /cart [add]                                                                     1512     0(0.00%) |    199      16    1808    170 |   34.50        0.00
POST     /cart/checkout                                                                   548     0(0.00%) |    161      18    1167    130 |   11.00        0.00
GET      /product/[id]                                                                   4517     0(0.00%) |    126      10    1171    100 |  105.50        0.00
POST     /setCurrency                                                                     876     0(0.00%) |    206      18    1129    180 |   19.80        0.00
--------|----------------------------------------------------------------------------|-------|-------------|-------|-------|-------|-------|--------|-----------
         Aggregated                                                                      8935     0(0.00%) |    152      10    1808    120 |  204.30        0.00

Type     Name                                                                          # reqs      # fails |    Avg     Min     Max    Med |   req/s  failures/s
--------|----------------------------------------------------------------------------|-------|-------------|-------|-------|-------|-------|--------|-----------
GET      /                                                                                300     0(0.00%) |    213      17     658    200 |    6.80        0.00
GET      /cart                                                                           1251     0(0.00%) |    144      10    1036    120 |   26.70        0.00
POST     /cart [add]                                                                     1576     0(0.00%) |    208      16    1808    170 |   35.20        0.00
POST     /cart/checkout                                                                   569     0(0.00%) |    165      18    1167    130 |   12.60        0.00
GET      /product/[id]                                                                   4734     0(0.00%) |    133      10    1171    110 |  105.20        0.00
POST     /setCurrency                                                                     918     0(0.00%) |    215      18    1129    190 |   20.60        0.00
--------|----------------------------------------------------------------------------|-------|-------------|-------|-------|-------|-------|--------|-----------
         Aggregated                                                                      9348     0(0.00%) |    160      10    1808    130 |  207.10        0.00

Type     Name                                                                          # reqs      # fails |    Avg     Min     Max    Med |   req/s  failures/s
--------|----------------------------------------------------------------------------|-------|-------------|-------|-------|-------|-------|--------|-----------
GET      /                                                                                309     0(0.00%) |    218      17     658    210 |    7.40        0.00
GET      /cart                                                                           1302     0(0.00%) |    150      10    1036    120 |   26.00        0.00
POST     /cart [add]                                                                     1641     0(0.00%) |    215      16    1808    180 |   35.00        0.00
POST     /cart/checkout                                                                   594     0(0.00%) |    170      18    1167    140 |   12.90        0.00
GET      /product/[id]                                                                   4966     0(0.00%) |    138      10    1171    120 |  104.90        0.00
POST     /setCurrency                                                                     967     0(0.00%) |    223      18    1129    200 |   21.30        0.00
--------|----------------------------------------------------------------------------|-------|-------------|-------|-------|-------|-------|--------|-----------
         Aggregated                                                                      9779     0(0.00%) |    165      10    1808    140 |  207.50        0.00

Type     Name                                                                          # reqs      # fails |    Avg     Min     Max    Med |   req/s  failures/s
--------|----------------------------------------------------------------------------|-------|-------------|-------|-------|-------|-------|--------|-----------
GET      /                                                                                319     0(0.00%) |    222      17     807    210 |    7.20        0.00
GET      /cart                                                                           1346     0(0.00%) |    154      10    1196    130 |   26.70        0.00
POST     /cart [add]                                                                     1711     0(0.00%) |    223      16    1808    190 |   35.90        0.00
POST     /cart/checkout                                                                   621     0(0.00%) |    180      18    1172    160 |   13.10        0.00
GET      /product/[id]                                                                   5179     0(0.00%) |    144      10    1179    120 |  104.50        0.00
POST     /setCurrency                                                                    1008     0(0.00%) |    231      18    1169    210 |   21.70        0.00
--------|----------------------------------------------------------------------------|-------|-------------|-------|-------|-------|-------|--------|-----------
         Aggregated                                                                     10184     0(0.00%) |    172      10    1808    140 |  209.10        0.00

Type     Name                                                                          # reqs      # fails |    Avg     Min     Max    Med |   req/s  failures/s
--------|----------------------------------------------------------------------------|-------|-------------|-------|-------|-------|-------|--------|-----------
GET      /                                                                                338     0(0.00%) |    235      17    1169    220 |    6.40        0.00
GET      /cart                                                                           1404     0(0.00%) |    160      10    1196    130 |   25.40        0.00
POST     /cart [add]                                                                     1770     0(0.00%) |    228      16    1808    200 |   35.90        0.00
POST     /cart/checkout                                                                   645     0(0.00%) |    188      18    1172    170 |   13.70        0.00
GET      /product/[id]                                                                   5423     0(0.00%) |    148      10    1179    130 |  108.70        0.00
POST     /setCurrency                                                                    1069     0(0.00%) |    239      18    1286    220 |   22.20        0.00
--------|----------------------------------------------------------------------------|-------|-------------|-------|-------|-------|-------|--------|-----------
         Aggregated                                                                     10649     0(0.00%) |    177      10    1808    150 |  212.30        0.00

Type     Name                                                                          # reqs      # fails |    Avg     Min     Max    Med |   req/s  failures/s
--------|----------------------------------------------------------------------------|-------|-------------|-------|-------|-------|-------|--------|-----------
GET      /                                                                                351     0(0.00%) |    239      17    1169    230 |    7.00        0.00
GET      /cart                                                                           1460     0(0.00%) |    167      10    1196    140 |   25.70        0.00
POST     /cart [add]                                                                     1850     0(0.00%) |    237      16    1808    200 |   33.60        0.00
POST     /cart/checkout                                                                   679     0(0.00%) |    197      18    1172    180 |   13.50        0.00
GET      /product/[id]                                                                   5655     0(0.00%) |    154      10    1179    130 |  111.70        0.00
POST     /setCurrency                                                                    1118     0(0.00%) |    246      18    1286    230 |   24.50        0.00
--------|----------------------------------------------------------------------------|-------|-------------|-------|-------|-------|-------|--------|-----------
         Aggregated                                                                     11113     0(0.00%) |    184      10    1808    150 |  216.00        0.00

Type     Name                                                                          # reqs      # fails |    Avg     Min     Max    Med |   req/s  failures/s
--------|----------------------------------------------------------------------------|-------|-------------|-------|-------|-------|-------|--------|-----------
GET      /                                                                                366     0(0.00%) |    244      17    1169    230 |    6.70        0.00
GET      /cart                                                                           1509     0(0.00%) |    172      10    1196    140 |   25.80        0.00
POST     /cart [add]                                                                     1927     0(0.00%) |    245      16    1808    210 |   33.70        0.00
POST     /cart/checkout                                                                   706     0(0.00%) |    202      18    1172    190 |   13.20        0.00
GET      /product/[id]                                                                   5898     0(0.00%) |    160      10    1179    140 |  112.90        0.00
POST     /setCurrency                                                                    1163     0(0.00%) |    251      18    1286    240 |   24.10        0.00
--------|----------------------------------------------------------------------------|-------|-------------|-------|-------|-------|-------|--------|-----------
         Aggregated                                                                     11569     0(0.00%) |    190      10    1808    160 |  216.40        0.00

Type     Name                                                                          # reqs      # fails |    Avg     Min     Max    Med |   req/s  failures/s
--------|----------------------------------------------------------------------------|-------|-------------|-------|-------|-------|-------|--------|-----------
GET      /                                                                                381     0(0.00%) |    249      17    1169    240 |    6.60        0.00
GET      /cart                                                                           1583     0(0.00%) |    181      10    1196    150 |   26.30        0.00
POST     /cart [add]                                                                     1999     0(0.00%) |    252      16    1808    220 |   34.90        0.00
POST     /cart/checkout                                                                   733     0(0.00%) |    207      18    1172    190 |   13.60        0.00
GET      /product/[id]                                                                   6132     0(0.00%) |    165      10    1179    140 |  116.70        0.00
POST     /setCurrency                                                                    1206     0(0.00%) |    255      18    1286    240 |   24.40        0.00
--------|----------------------------------------------------------------------------|-------|-------------|-------|-------|-------|-------|--------|-----------
         Aggregated                                                                     12034     0(0.00%) |    196      10    1808    170 |  222.50        0.00

Type     Name                                                                          # reqs      # fails |    Avg     Min     Max    Med |   req/s  failures/s
--------|----------------------------------------------------------------------------|-------|-------------|-------|-------|-------|-------|--------|-----------
GET      /                                                                                396     0(0.00%) |    255      17    1169    240 |    7.00        0.00
GET      /cart                                                                           1635     0(0.00%) |    188      10    1196    150 |   27.50        0.00
POST     /cart [add]                                                                     2064     0(0.00%) |    260      16    1808    230 |   34.90        0.00
POST     /cart/checkout                                                                   757     0(0.00%) |    213      18    1172    190 |   14.20        0.00
GET      /product/[id]                                                                   6357     0(0.00%) |    172      10    1179    150 |  117.30        0.00
POST     /setCurrency                                                                    1246     0(0.00%) |    262      18    1286    250 |   24.30        0.00
--------|----------------------------------------------------------------------------|-------|-------------|-------|-------|-------|-------|--------|-----------
         Aggregated                                                                     12455     0(0.00%) |    203      10    1808    170 |  225.20        0.00

Type     Name                                                                          # reqs      # fails |    Avg     Min     Max    Med |   req/s  failures/s
--------|----------------------------------------------------------------------------|-------|-------------|-------|-------|-------|-------|--------|-----------
GET      /                                                                                415     0(0.00%) |    263      17    1169    250 |    7.60        0.00
GET      /cart                                                                           1689     0(0.00%) |    195      10    1196    160 |   29.30        0.00
POST     /cart [add]                                                                     2129     0(0.00%) |    268      16    1808    240 |   34.60        0.00
POST     /cart/checkout                                                                   775     0(0.00%) |    221      18    1462    200 |   13.40        0.00
GET      /product/[id]                                                                   6598     0(0.00%) |    178      10    1204    150 |  117.20        0.00
POST     /setCurrency                                                                    1304     0(0.00%) |    272      18    1430    250 |   23.90        0.00
--------|----------------------------------------------------------------------------|-------|-------------|-------|-------|-------|-------|--------|-----------
         Aggregated                                                                     12910     0(0.00%) |    210      10    1808    180 |  226.00        0.00

Type     Name                                                                          # reqs      # fails |    Avg     Min     Max    Med |   req/s  failures/s
--------|----------------------------------------------------------------------------|-------|-------------|-------|-------|-------|-------|--------|-----------
GET      /                                                                                429     0(0.00%) |    269      17    1169    260 |    7.50        0.00
GET      /cart                                                                           1755     0(0.00%) |    202      10    1196    170 |   28.70        0.00
POST     /cart [add]                                                                     2189     0(0.00%) |    273      16    1808    240 |   35.90        0.00
POST     /cart/checkout                                                                   790     0(0.00%) |    225      18    1462    200 |   13.00        0.00
GET      /product/[id]                                                                   6867     0(0.00%) |    183      10    1204    160 |  115.80        0.00
POST     /setCurrency                                                                    1354     0(0.00%) |    278      18    1430    260 |   22.90        0.00
--------|----------------------------------------------------------------------------|-------|-------------|-------|-------|-------|-------|--------|-----------
         Aggregated                                                                     13384     0(0.00%) |    215      10    1808    190 |  223.80        0.00

Type     Name                                                                          # reqs      # fails |    Avg     Min     Max    Med |   req/s  failures/s
--------|----------------------------------------------------------------------------|-------|-------------|-------|-------|-------|-------|--------|-----------
GET      /                                                                                445     0(0.00%) |    277      17    1169    270 |    7.90        0.00
GET      /cart                                                                           1817     0(0.00%) |    209      10    1196    180 |   29.20        0.00
POST     /cart [add]                                                                     2275     0(0.00%) |    282      16    1808    250 |   34.20        0.00
POST     /cart/checkout                                                                   821     0(0.00%) |    235      18    1462    200 |   11.00        0.00
GET      /product/[id]                                                                   7087     0(0.00%) |    189      10    1204    170 |  120.60        0.00
POST     /setCurrency                                                                    1413     0(0.00%) |    287      18    1430    260 |   24.00        0.00
--------|----------------------------------------------------------------------------|-------|-------------|-------|-------|-------|-------|--------|-----------
         Aggregated                                                                     13858     0(0.00%) |    222      10    1808    190 |  226.90        0.00

Type     Name                                                                          # reqs      # fails |    Avg     Min     Max    Med |   req/s  failures/s
--------|----------------------------------------------------------------------------|-------|-------------|-------|-------|-------|-------|--------|-----------
GET      /                                                                                462     0(0.00%) |    286      17    1169    280 |    8.00        0.00
GET      /cart                                                                           1866     0(0.00%) |    216      10    1196    180 |   30.60        0.00
POST     /cart [add]                                                                     2341     0(0.00%) |    291      16    1808    260 |   34.30        0.00
POST     /cart/checkout                                                                   850     0(0.00%) |    244      18    1462    200 |   11.40        0.00
GET      /product/[id]                                                                   7318     0(0.00%) |    196      10    1204    170 |  117.70        0.00
POST     /setCurrency                                                                    1457     0(0.00%) |    293      18    1430    270 |   24.70        0.00
--------|----------------------------------------------------------------------------|-------|-------------|-------|-------|-------|-------|--------|-----------
         Aggregated                                                                     14294     0(0.00%) |    230      10    1808    200 |  226.70        0.00

Type     Name                                                                          # reqs      # fails |    Avg     Min     Max    Med |   req/s  failures/s
--------|----------------------------------------------------------------------------|-------|-------------|-------|-------|-------|-------|--------|-----------
GET      /                                                                                477     0(0.00%) |    294      17    1169    290 |    8.10        0.00
GET      /cart                                                                           1908     0(0.00%) |    220      10    1196    190 |   28.40        0.00
POST     /cart [add]                                                                     2411     0(0.00%) |    298      16    1808    270 |   34.20        0.00
POST     /cart/checkout                                                                   880     0(0.00%) |    248      18    1462    210 |   11.50        0.00
GET      /product/[id]                                                                   7546     0(0.00%) |    201      10    1204    180 |  117.70        0.00
POST     /setCurrency                                                                    1499     0(0.00%) |    299      18    1430    280 |   24.60        0.00
--------|----------------------------------------------------------------------------|-------|-------------|-------|-------|-------|-------|--------|-----------
         Aggregated                                                                     14721     0(0.00%) |    235      10    1808    200 |  224.50        0.00

Type     Name                                                                          # reqs      # fails |    Avg     Min     Max    Med |   req/s  failures/s
--------|----------------------------------------------------------------------------|-------|-------------|-------|-------|-------|-------|--------|-----------
GET      /                                                                                501     0(0.00%) |    312      17    1322    290 |    8.10        0.00
GET      /cart                                                                           1955     0(0.00%) |    227      10    1201    190 |   27.00        0.00
POST     /cart [add]                                                                     2480     0(0.00%) |    307      16    1808    270 |   35.00        0.00
POST     /cart/checkout                                                                   911     0(0.00%) |    257      18    1462    220 |   12.30        0.00
GET      /product/[id]                                                                   7773     0(0.00%) |    208      10    1595    180 |  118.80        0.00
POST     /setCurrency                                                                    1558     0(0.00%) |    311      18    1499    280 |   25.30        0.00
--------|----------------------------------------------------------------------------|-------|-------------|-------|-------|-------|-------|--------|-----------
         Aggregated                                                                     15178     0(0.00%) |    243      10    1808    210 |  226.50        0.00

Type     Name                                                                          # reqs      # fails |    Avg     Min     Max    Med |   req/s  failures/s
--------|----------------------------------------------------------------------------|-------|-------------|-------|-------|-------|-------|--------|-----------
GET      /                                                                                513     0(0.00%) |    315      17    1322    300 |    8.70        0.00
GET      /cart                                                                           2022     0(0.00%) |    236      10    1201    200 |   26.70        0.00
POST     /cart [add]                                                                     2558     0(0.00%) |    317      16    1808    280 |   35.40        0.00
POST     /cart/checkout                                                                   937     0(0.00%) |    263      18    1462    220 |   13.60        0.00
GET      /product/[id]                                                                   8002     0(0.00%) |    216      10    1595    190 |  118.70        0.00
POST     /setCurrency                                                                    1604     0(0.00%) |    315      18    1499    290 |   25.60        0.00
--------|----------------------------------------------------------------------------|-------|-------------|-------|-------|-------|-------|--------|-----------
         Aggregated                                                                     15636     0(0.00%) |    251      10    1808    220 |  228.70        0.00

Type     Name                                                                          # reqs      # fails |    Avg     Min     Max    Med |   req/s  failures/s
--------|----------------------------------------------------------------------------|-------|-------------|-------|-------|-------|-------|--------|-----------
GET      /                                                                                528     0(0.00%) |    320      17    1322    300 |    8.60        0.00
GET      /cart                                                                           2082     0(0.00%) |    243      10    1201    210 |   26.80        0.00
POST     /cart [add]                                                                     2625     0(0.00%) |    325      16    1808    290 |   36.40        0.00
POST     /cart/checkout                                                                   958     0(0.00%) |    268      18    1462    230 |   14.90        0.00
GET      /product/[id]                                                                   8251     0(0.00%) |    222      10    1595    190 |  114.30        0.00
POST     /setCurrency                                                                    1648     0(0.00%) |    321      18    1499    300 |   24.50        0.00
--------|----------------------------------------------------------------------------|-------|-------------|-------|-------|-------|-------|--------|-----------
         Aggregated                                                                     16092     0(0.00%) |    258      10    1808    220 |  225.50        0.00

Type     Name                                                                          # reqs      # fails |    Avg     Min     Max    Med |   req/s  failures/s
--------|----------------------------------------------------------------------------|-------|-------------|-------|-------|-------|-------|--------|-----------
GET      /                                                                                542     0(0.00%) |    326      17    1322    310 |    8.20        0.00
GET      /cart                                                                           2130     0(0.00%) |    252      10    1201    220 |   26.70        0.00
POST     /cart [add]                                                                     2690     0(0.00%) |    334      16    1808    300 |   35.80        0.00
POST     /cart/checkout                                                                   979     0(0.00%) |    277      18    1462    230 |   13.60        0.00
GET      /product/[id]                                                                   8473     0(0.00%) |    231      10    1595    200 |  116.70        0.00
POST     /setCurrency                                                                    1687     0(0.00%) |    326      18    1499    310 |   23.70        0.00
--------|----------------------------------------------------------------------------|-------|-------------|-------|-------|-------|-------|--------|-----------
         Aggregated                                                                     16501     0(0.00%) |    266      10    1808    230 |  224.70        0.00

Type     Name                                                                          # reqs      # fails |    Avg     Min     Max    Med |   req/s  failures/s
--------|----------------------------------------------------------------------------|-------|-------------|-------|-------|-------|-------|--------|-----------
GET      /                                                                                554     0(0.00%) |    328      17    1322    310 |    8.20        0.00
GET      /cart                                                                           2180     0(0.00%) |    259      10    1201    220 |   26.50        0.00
POST     /cart [add]                                                                     2766     0(0.00%) |    343      16    1808    310 |   35.40        0.00
POST     /cart/checkout                                                                  1009     0(0.00%) |    283      18    1462    240 |   12.80        0.00
GET      /product/[id]                                                                   8701     0(0.00%) |    237      10    1595    210 |  115.60        0.00
POST     /setCurrency                                                                    1729     0(0.00%) |    331      18    1499    310 |   23.00        0.00
--------|----------------------------------------------------------------------------|-------|-------------|-------|-------|-------|-------|--------|-----------
         Aggregated                                                                     16939     0(0.00%) |    272      10    1808    240 |  221.50        0.00

Type     Name                                                                          # reqs      # fails |    Avg     Min     Max    Med |   req/s  failures/s
--------|----------------------------------------------------------------------------|-------|-------------|-------|-------|-------|-------|--------|-----------
GET      /                                                                                576     0(0.00%) |    335      17    1322    330 |    7.80        0.00
GET      /cart                                                                           2241     0(0.00%) |    267      10    1201    230 |   27.30        0.00
POST     /cart [add]                                                                     2856     0(0.00%) |    353      16    1808    320 |   35.30        0.00
POST     /cart/checkout                                                                  1036     0(0.00%) |    289      18    1462    250 |   12.70        0.00
GET      /product/[id]                                                                   8953     0(0.00%) |    244      10    1595    210 |  115.30        0.00
POST     /setCurrency                                                                    1776     0(0.00%) |    337      18    1499    320 |   22.80        0.00
--------|----------------------------------------------------------------------------|-------|-------------|-------|-------|-------|-------|--------|-----------
         Aggregated                                                                     17438     0(0.00%) |    280      10    1808    250 |  221.20        0.00

Type     Name                                                                          # reqs      # fails |    Avg     Min     Max    Med |   req/s  failures/s
--------|----------------------------------------------------------------------------|-------|-------------|-------|-------|-------|-------|--------|-----------
GET      /                                                                                598     0(0.00%) |    340      17    1322    330 |    7.30        0.00
GET      /cart                                                                           2314     0(0.00%) |    275      10    1201    240 |   28.20        0.00
POST     /cart [add]                                                                     2926     0(0.00%) |    361      16    1808    330 |   37.10        0.00
POST     /cart/checkout                                                                  1063     0(0.00%) |    295      18    1462    270 |   12.40        0.00
GET      /product/[id]                                                                   9201     0(0.00%) |    250      10    1595    220 |  116.50        0.00
POST     /setCurrency                                                                    1821     0(0.00%) |    343      18    1499    330 |   21.70        0.00
--------|----------------------------------------------------------------------------|-------|-------------|-------|-------|-------|-------|--------|-----------
         Aggregated                                                                     17923     0(0.00%) |    286      10    1808    250 |  223.20        0.00

Type     Name                                                                          # reqs      # fails |    Avg     Min     Max    Med |   req/s  failures/s
--------|----------------------------------------------------------------------------|-------|-------------|-------|-------|-------|-------|--------|-----------
GET      /                                                                                613     0(0.00%) |    347      17    1322    340 |    8.20        0.00
GET      /cart                                                                           2365     0(0.00%) |    281      10    1316    240 |   28.70        0.00
POST     /cart [add]                                                                     2992     0(0.00%) |    368      16    1808    330 |   37.20        0.00
POST     /cart/checkout                                                                  1086     0(0.00%) |    301      18    1462    270 |   12.40        0.00
GET      /product/[id]                                                                   9439     0(0.00%) |    256      10    1595    220 |  120.00        0.00
POST     /setCurrency                                                                    1875     0(0.00%) |    352      18    1585    330 |   21.90        0.00
--------|----------------------------------------------------------------------------|-------|-------------|-------|-------|-------|-------|--------|-----------
         Aggregated                                                                     18370     0(0.00%) |    293      10    1808    260 |  228.40        0.00

Type     Name                                                                          # reqs      # fails |    Avg     Min     Max    Med |   req/s  failures/s
--------|----------------------------------------------------------------------------|-------|-------------|-------|-------|-------|-------|--------|-----------
GET      /                                                                                634     0(0.00%) |    352      17    1322    340 |    8.60        0.00
GET      /cart                                                                           2420     0(0.00%) |    287      10    1316    250 |   28.40        0.00
POST     /cart [add]                                                                     3075     0(0.00%) |    377      16    1808    340 |   36.70        0.00
POST     /cart/checkout                                                                  1105     0(0.00%) |    306      18    1462    280 |   12.80        0.00
GET      /product/[id]                                                                   9653     0(0.00%) |    262      10    1595    230 |  120.20        0.00
POST     /setCurrency                                                                    1928     0(0.00%) |    357      18    1585    340 |   22.80        0.00
--------|----------------------------------------------------------------------------|-------|-------------|-------|-------|-------|-------|--------|-----------
         Aggregated                                                                     18815     0(0.00%) |    300      10    1808    270 |  229.50        0.00

Type     Name                                                                          # reqs      # fails |    Avg     Min     Max    Med |   req/s  failures/s
--------|----------------------------------------------------------------------------|-------|-------------|-------|-------|-------|-------|--------|-----------
GET      /                                                                                642     0(0.00%) |    352      17    1322    340 |    9.00        0.00
GET      /cart                                                                           2478     0(0.00%) |    294      10    1316    250 |   29.20        0.00
POST     /cart [add]                                                                     3137     0(0.00%) |    384      16    1808    350 |   37.80        0.00
POST     /cart/checkout                                                                  1132     0(0.00%) |    311      18    1462    290 |   12.40        0.00
GET      /product/[id]                                                                   9892     0(0.00%) |    268      10    1595    240 |  117.80        0.00
POST     /setCurrency                                                                    1970     0(0.00%) |    362      18    1585    340 |   24.70        0.00
--------|----------------------------------------------------------------------------|-------|-------------|-------|-------|-------|-------|--------|-----------
         Aggregated                                                                     19251     0(0.00%) |    305      10    1808    270 |  230.90        0.00

Type     Name                                                                          # reqs      # fails |    Avg     Min     Max    Med |   req/s  failures/s
--------|----------------------------------------------------------------------------|-------|-------------|-------|-------|-------|-------|--------|-----------
GET      /                                                                                651     0(0.00%) |    356      17    1322    340 |    8.80        0.00
GET      /cart                                                                           2533     0(0.00%) |    302      10    1316    260 |   29.60        0.00
POST     /cart [add]                                                                     3220     0(0.00%) |    394      16    1808    360 |   37.10        0.00
POST     /cart/checkout                                                                  1157     0(0.00%) |    317      18    1462    300 |   12.60        0.00
GET      /product/[id]                                                                  10127     0(0.00%) |    274      10    1595    240 |  118.30        0.00
POST     /setCurrency                                                                    2023     0(0.00%) |    369      18    1585    350 |   23.90        0.00
--------|----------------------------------------------------------------------------|-------|-------------|-------|-------|-------|-------|--------|-----------
         Aggregated                                                                     19711     0(0.00%) |    312      10    1808    280 |  230.30        0.00

Type     Name                                                                          # reqs      # fails |    Avg     Min     Max    Med |   req/s  failures/s
--------|----------------------------------------------------------------------------|-------|-------------|-------|-------|-------|-------|--------|-----------
GET      /                                                                                665     0(0.00%) |    361      17    1322    350 |    7.70        0.00
GET      /cart                                                                           2586     0(0.00%) |    307      10    1353    270 |   29.40        0.00
POST     /cart [add]                                                                     3304     0(0.00%) |    401      16    1808    370 |   35.30        0.00
POST     /cart/checkout                                                                  1199     0(0.00%) |    322      18    1462    300 |   11.80        0.00
GET      /product/[id]                                                                  10366     0(0.00%) |    278      10    1595    250 |  118.30        0.00
POST     /setCurrency                                                                    2074     0(0.00%) |    376      18    1585    360 |   24.90        0.00
--------|----------------------------------------------------------------------------|-------|-------------|-------|-------|-------|-------|--------|-----------
         Aggregated                                                                     20194     0(0.00%) |    318      10    1808    290 |  227.40        0.00

Type     Name                                                                          # reqs      # fails |    Avg     Min     Max    Med |   req/s  failures/s
--------|----------------------------------------------------------------------------|-------|-------------|-------|-------|-------|-------|--------|-----------
GET      /                                                                                677     0(0.00%) |    365      17    1322    350 |    6.70        0.00
GET      /cart                                                                           2649     0(0.00%) |    312      10    1353    270 |   27.30        0.00
POST     /cart [add]                                                                     3390     0(0.00%) |    408      16    1808    380 |   36.70        0.00
POST     /cart/checkout                                                                  1231     0(0.00%) |    327      18    1462    300 |   13.40        0.00
GET      /product/[id]                                                                  10613     0(0.00%) |    282      10    1595    260 |  116.10        0.00
POST     /setCurrency                                                                    2118     0(0.00%) |    382      18    1585    370 |   25.30        0.00
--------|----------------------------------------------------------------------------|-------|-------------|-------|-------|-------|-------|--------|-----------
         Aggregated                                                                     20678     0(0.00%) |    322      10    1808    290 |  225.50        0.00

Type     Name                                                                          # reqs      # fails |    Avg     Min     Max    Med |   req/s  failures/s
--------|----------------------------------------------------------------------------|-------|-------------|-------|-------|-------|-------|--------|-----------
GET      /                                                                                704    27(3.84%) |    359      11    1322    350 |    6.40        0.00
GET      /cart                                                                           2741    77(2.81%) |    312       6    1353    280 |   27.70        0.00
POST     /cart [add]                                                                     3498    98(2.80%) |    406      16    1808    380 |   39.20        0.00
POST     /cart/checkout                                                                  1238     2(0.16%) |    328      18    1462    300 |   14.50        0.00
GET      /product/[id]                                                                  11027   300(2.72%) |    280       7    1595    250 |  116.00        0.00
POST     /setCurrency                                                                    2196    71(3.23%) |    376      17    1585    360 |   24.30        0.00
--------|----------------------------------------------------------------------------|-------|-------------|-------|-------|-------|-------|--------|-----------
         Aggregated                                                                     21404   575(2.69%) |    320       6    1808    290 |  228.10        0.00

Type     Name                                                                          # reqs      # fails |    Avg     Min     Max    Med |   req/s  failures/s
--------|----------------------------------------------------------------------------|-------|-------------|-------|-------|-------|-------|--------|-----------
GET      /                                                                                713    29(4.07%) |    363      11    1322    350 |    6.80        2.30
GET      /cart                                                                           2800    85(3.04%) |    318       6    1353    280 |   31.30        6.40
POST     /cart [add]                                                                     3547   110(3.10%) |    411      16    1808    380 |   42.40        8.60
POST     /cart/checkout                                                                  1252     2(0.16%) |    332      18    1462    300 |   13.90        0.20
GET      /product/[id]                                                                  11230   324(2.89%) |    284       7    1595    260 |  135.30       26.30
POST     /setCurrency                                                                    2226    76(3.41%) |    382      17    1585    360 |   26.20        6.20
--------|----------------------------------------------------------------------------|-------|-------------|-------|-------|-------|-------|--------|-----------
         Aggregated                                                                     21768   626(2.88%) |    325       6    1808    290 |  255.90       50.00

Type     Name                                                                          # reqs      # fails |    Avg     Min     Max    Med |   req/s  failures/s
--------|----------------------------------------------------------------------------|-------|-------------|-------|-------|-------|-------|--------|-----------
GET      /                                                                                721    29(4.02%) |    371      11    1322    350 |    6.02        0.24
GET      /cart                                                                           2850    85(2.98%) |    328       6    1492    290 |   23.79        0.71
POST     /cart [add]                                                                     3605   110(3.05%) |    420      16    1808    390 |   30.09        0.92
POST     /cart/checkout                                                                  1267     2(0.16%) |    337      18    1462    300 |   10.58        0.02
GET      /product/[id]                                                                  11412   324(2.84%) |    290       7    1595    260 |   95.26        2.70
POST     /setCurrency                                                                    2258    76(3.37%) |    393      17    1585    370 |   18.85        0.63
--------|----------------------------------------------------------------------------|-------|-------------|-------|-------|-------|-------|--------|-----------
         Aggregated                                                                     22113   626(2.83%) |    332       6    1808    300 |  184.58        5.23

Response time percentiles (approximated)
Type     Name                                                                                  50%    66%    75%    80%    90%    95%    98%    99%  99.9% 99.99%   100% # reqs
--------|--------------------------------------------------------------------------------|--------|------|------|------|------|------|------|------|------|------|------|------
GET      /                                                                                     350    450    510    550    650    760    910   1100   1300   1300   1300    721
GET      /cart                                                                                 290    410    480    530    670    780    960   1100   1400   1500   1500   2850
POST     /cart [add]                                                                           390    520    610    660    790    940   1100   1200   1600   1800   1800   3605
POST     /cart/checkout                                                                        300    400    470    510    660    770    920   1000   1500   1500   1500   1267
GET      /product/[id]                                                                         260    360    420    460    570    660    780    880   1300   1600   1600  11412
POST     /setCurrency                                                                          370    470    530    570    700    860   1100   1300   1600   1600   1600   2258
--------|--------------------------------------------------------------------------------|--------|------|------|------|------|------|------|------|------|------|------|------
         Aggregated                                                                            300    410    480    520    650    770    940   1100   1400   1700   1800  22113

Error report
# occurrences      Error                                                                                               
------------------|---------------------------------------------------------------------------------------------------------------------------------------------
85                 GET /cart: HTTPError('500 Server Error: Internal Server Error for url: /cart')                      
36                 POST /cart [add]: add falhou (500), skip checkout                                                   
74                 POST /cart [add]: HTTPError('500 Server Error: Internal Server Error for url: /cart [add]')         
76                 POST /setCurrency: HTTPError('500 Server Error: Internal Server Error for url: /setCurrency')       
324                GET /product/[id]: HTTPError('500 Server Error: Internal Server Error for url: /product/[id]')      
2                  POST /cart/checkout: HTTPError('500 Server Error: Internal Server Error for url: /cart/checkout')   
29                 GET /: HTTPError('500 Server Error: Internal Server Error for url: /')                              
------------------|---------------------------------------------------------------------------------------------------------------------------------------------

