timestamp,load_label,pod,cpu_m,ram_mi
22:29:07,idle,adservice-574bff445c-qb9cj,21,268
22:29:07,idle,cartservice-7c84fdfb6-m5m6d,31,187
22:29:07,idle,checkoutservice-5b6d96c9b7-45rkr,7,38
22:29:07,idle,currencyservice-7c8fc8fc9c-4hm9g,2,88
22:29:07,idle,currencyservice-7c8fc8fc9c-5frj9,28,124
22:29:07,idle,currencyservice-7c8fc8fc9c-mgwx9,52,125
22:29:07,idle,emailservice-66944ff59-2lcjl,7,95
22:29:07,idle,frontend-7bd6f45654-przgb,37,35
22:29:07,idle,frontend-7bd6f45654-s2s7z,32,54
22:29:07,idle,frontend-7bd6f45654-vfxkp,36,35
22:29:07,idle,paymentservice-9bfb7bf5-kgd56,4,112
22:29:07,idle,productcatalogservice-65bbf699df-j2fmg,37,44
22:29:07,idle,recommendationservice-7444754ff5-n8cbh,67,81
22:29:07,idle,redis-cart-c8ff86559-kcf44,5,37
22:29:07,idle,shippingservice-f956b6d9f-w7n4b,7,33
22:29:15,100u,adservice-574bff445c-qb9cj,21,268
22:29:15,100u,cartservice-7c84fdfb6-m5m6d,31,187
22:29:15,100u,checkoutservice-5b6d96c9b7-45rkr,7,38
22:29:15,100u,currencyservice-7c8fc8fc9c-4hm9g,2,88
22:29:15,100u,currencyservice-7c8fc8fc9c-5frj9,28,124
22:29:15,100u,currencyservice-7c8fc8fc9c-mgwx9,52,125
22:29:15,100u,emailservice-66944ff59-2lcjl,7,95
22:29:15,100u,frontend-7bd6f45654-przgb,37,35
22:29:15,100u,frontend-7bd6f45654-s2s7z,32,54
22:29:15,100u,frontend-7bd6f45654-vfxkp,36,35
22:29:15,100u,paymentservice-9bfb7bf5-kgd56,4,112
22:29:15,100u,productcatalogservice-65bbf699df-j2fmg,37,44
22:29:15,100u,recommendationservice-7444754ff5-n8cbh,67,81
22:29:15,100u,redis-cart-c8ff86559-kcf44,5,37
22:29:15,100u,shippingservice-f956b6d9f-w7n4b,7,33
22:29:17,100u,adservice-574bff445c-qb9cj,21,268
22:29:17,100u,cartservice-7c84fdfb6-m5m6d,31,187
22:29:17,100u,checkoutservice-5b6d96c9b7-45rkr,7,38
22:29:17,100u,currencyservice-7c8fc8fc9c-4hm9g,2,88
22:29:17,100u,currencyservice-7c8fc8fc9c-5frj9,28,124
22:29:17,100u,currencyservice-7c8fc8fc9c-mgwx9,52,125
22:29:17,100u,emailservice-66944ff59-2lcjl,7,95
22:29:17,100u,frontend-7bd6f45654-przgb,37,35
22:29:17,100u,frontend-7bd6f45654-s2s7z,32,54
22:29:17,100u,frontend-7bd6f45654-vfxkp,36,35
22:29:17,100u,paymentservice-9bfb7bf5-kgd56,4,112
22:29:17,100u,productcatalogservice-65bbf699df-j2fmg,37,44
22:29:17,100u,recommendationservice-7444754ff5-n8cbh,67,81
22:29:17,100u,redis-cart-c8ff86559-kcf44,5,37
22:29:17,100u,shippingservice-f956b6d9f-w7n4b,7,33
22:29:25,100u,adservice-574bff445c-qb9cj,19,268
22:29:25,100u,cartservice-7c84fdfb6-m5m6d,40,187
22:29:25,100u,checkoutservice-5b6d96c9b7-45rkr,8,38
22:29:25,100u,currencyservice-7c8fc8fc9c-4hm9g,1,88
22:29:25,100u,currencyservice-7c8fc8fc9c-5frj9,42,124
22:29:25,100u,currencyservice-7c8fc8fc9c-mgwx9,40,121
22:29:25,100u,emailservice-66944ff59-2lcjl,7,95
22:29:25,100u,frontend-7bd6f45654-przgb,22,33
22:29:25,100u,frontend-7bd6f45654-s2s7z,48,53
22:29:25,100u,frontend-7bd6f45654-vfxkp,30,33
22:29:25,100u,paymentservice-9bfb7bf5-kgd56,4,112
22:29:25,100u,productcatalogservice-65bbf699df-j2fmg,38,44
22:29:25,100u,recommendationservice-7444754ff5-n8cbh,63,81
22:29:25,100u,redis-cart-c8ff86559-kcf44,5,37
22:29:25,100u,shippingservice-f956b6d9f-w7n4b,7,33
22:29:27,100u,adservice-574bff445c-qb9cj,19,268
22:29:27,100u,cartservice-7c84fdfb6-m5m6d,40,187
22:29:27,100u,checkoutservice-5b6d96c9b7-45rkr,8,38
22:29:27,100u,currencyservice-7c8fc8fc9c-4hm9g,1,88
22:29:27,100u,currencyservice-7c8fc8fc9c-5frj9,42,124
22:29:27,100u,currencyservice-7c8fc8fc9c-mgwx9,40,121
22:29:27,100u,emailservice-66944ff59-2lcjl,7,95
22:29:27,100u,frontend-7bd6f45654-przgb,22,33
22:29:27,100u,frontend-7bd6f45654-s2s7z,48,53
22:29:27,100u,frontend-7bd6f45654-vfxkp,30,33
22:29:27,100u,paymentservice-9bfb7bf5-kgd56,4,112
22:29:27,100u,productcatalogservice-65bbf699df-j2fmg,38,44
22:29:27,100u,recommendationservice-7444754ff5-n8cbh,63,81
22:29:27,100u,redis-cart-c8ff86559-kcf44,5,37
22:29:27,100u,shippingservice-f956b6d9f-w7n4b,7,33
22:29:35,100u,adservice-574bff445c-qb9cj,45,268
22:29:35,100u,cartservice-7c84fdfb6-m5m6d,81,187
22:29:35,100u,checkoutservice-5b6d96c9b7-45rkr,17,38
22:29:35,100u,currencyservice-7c8fc8fc9c-4hm9g,1,88
22:29:35,100u,currencyservice-7c8fc8fc9c-5frj9,95,124
22:29:35,100u,currencyservice-7c8fc8fc9c-mgwx9,101,122
22:29:35,100u,emailservice-66944ff59-2lcjl,11,95
22:29:35,100u,frontend-7bd6f45654-przgb,66,34
22:29:35,100u,frontend-7bd6f45654-s2s7z,108,53
22:29:35,100u,frontend-7bd6f45654-vfxkp,79,34
22:29:35,100u,paymentservice-9bfb7bf5-kgd56,8,113
22:29:35,100u,productcatalogservice-65bbf699df-j2fmg,91,44
22:29:35,100u,recommendationservice-7444754ff5-n8cbh,151,82
22:29:35,100u,redis-cart-c8ff86559-kcf44,7,37
22:29:35,100u,shippingservice-f956b6d9f-w7n4b,17,33
22:29:37,100u,adservice-574bff445c-qb9cj,45,268
22:29:37,100u,cartservice-7c84fdfb6-m5m6d,81,187
22:29:37,100u,checkoutservice-5b6d96c9b7-45rkr,17,38
22:29:37,100u,currencyservice-7c8fc8fc9c-4hm9g,1,88
22:29:37,100u,currencyservice-7c8fc8fc9c-5frj9,95,124
22:29:37,100u,currencyservice-7c8fc8fc9c-mgwx9,101,122
22:29:37,100u,emailservice-66944ff59-2lcjl,11,95
22:29:37,100u,frontend-7bd6f45654-przgb,66,34
22:29:37,100u,frontend-7bd6f45654-s2s7z,108,53
22:29:37,100u,frontend-7bd6f45654-vfxkp,79,34
22:29:37,100u,paymentservice-9bfb7bf5-kgd56,8,113
22:29:37,100u,productcatalogservice-65bbf699df-j2fmg,91,44
22:29:37,100u,recommendationservice-7444754ff5-n8cbh,151,82
22:29:37,100u,redis-cart-c8ff86559-kcf44,7,37
22:29:37,100u,shippingservice-f956b6d9f-w7n4b,17,33
22:29:45,100u,adservice-574bff445c-qb9cj,45,268
22:29:45,100u,cartservice-7c84fdfb6-m5m6d,81,187
22:29:45,100u,checkoutservice-5b6d96c9b7-45rkr,17,38
22:29:45,100u,currencyservice-7c8fc8fc9c-4hm9g,1,88
22:29:45,100u,currencyservice-7c8fc8fc9c-5frj9,95,124
22:29:45,100u,currencyservice-7c8fc8fc9c-mgwx9,101,122
22:29:45,100u,emailservice-66944ff59-2lcjl,11,95
22:29:45,100u,frontend-7bd6f45654-przgb,66,34
22:29:45,100u,frontend-7bd6f45654-s2s7z,108,53
22:29:45,100u,frontend-7bd6f45654-vfxkp,79,34
22:29:45,100u,paymentservice-9bfb7bf5-kgd56,8,113
22:29:45,100u,productcatalogservice-65bbf699df-j2fmg,91,44
22:29:45,100u,recommendationservice-7444754ff5-n8cbh,151,82
22:29:45,100u,redis-cart-c8ff86559-kcf44,7,37
22:29:45,100u,shippingservice-f956b6d9f-w7n4b,17,33
22:29:47,100u,adservice-574bff445c-qb9cj,45,268
22:29:47,100u,cartservice-7c84fdfb6-m5m6d,81,187
22:29:47,100u,checkoutservice-5b6d96c9b7-45rkr,17,38
22:29:47,100u,currencyservice-7c8fc8fc9c-4hm9g,1,88
22:29:47,100u,currencyservice-7c8fc8fc9c-5frj9,95,124
22:29:47,100u,currencyservice-7c8fc8fc9c-mgwx9,101,122
22:29:47,100u,emailservice-66944ff59-2lcjl,11,95
22:29:47,100u,frontend-7bd6f45654-przgb,66,34
22:29:47,100u,frontend-7bd6f45654-s2s7z,108,53
22:29:47,100u,frontend-7bd6f45654-vfxkp,79,34
22:29:47,100u,paymentservice-9bfb7bf5-kgd56,8,113
22:29:47,100u,productcatalogservice-65bbf699df-j2fmg,91,44
22:29:47,100u,recommendationservice-7444754ff5-n8cbh,151,82
22:29:47,100u,redis-cart-c8ff86559-kcf44,7,37
22:29:47,100u,shippingservice-f956b6d9f-w7n4b,17,33
22:29:55,100u,adservice-574bff445c-qb9cj,31,268
22:29:55,100u,cartservice-7c84fdfb6-m5m6d,58,187
22:29:55,100u,checkoutservice-5b6d96c9b7-45rkr,10,38
22:29:55,100u,currencyservice-7c8fc8fc9c-4hm9g,2,88
22:29:55,100u,currencyservice-7c8fc8fc9c-5frj9,47,124
22:29:55,100u,currencyservice-7c8fc8fc9c-mgwx9,76,122
22:29:55,100u,emailservice-66944ff59-2lcjl,7,95
22:29:55,100u,frontend-7bd6f45654-przgb,54,33
22:29:55,100u,frontend-7bd6f45654-s2s7z,53,53
22:29:55,100u,frontend-7bd6f45654-vfxkp,57,33
22:29:55,100u,paymentservice-9bfb7bf5-kgd56,5,113
22:29:55,100u,productcatalogservice-65bbf699df-j2fmg,60,44
22:29:55,100u,recommendationservice-7444754ff5-n8cbh,100,81
22:29:55,100u,redis-cart-c8ff86559-kcf44,5,37
22:29:55,100u,shippingservice-f956b6d9f-w7n4b,11,33
22:29:57,100u,adservice-574bff445c-qb9cj,31,268
22:29:57,100u,cartservice-7c84fdfb6-m5m6d,58,187
22:29:57,100u,checkoutservice-5b6d96c9b7-45rkr,10,38
22:29:57,100u,currencyservice-7c8fc8fc9c-4hm9g,2,88
22:29:57,100u,currencyservice-7c8fc8fc9c-5frj9,47,124
22:29:57,100u,currencyservice-7c8fc8fc9c-mgwx9,76,122
22:29:57,100u,emailservice-66944ff59-2lcjl,7,95
22:29:57,100u,frontend-7bd6f45654-przgb,54,33
22:29:57,100u,frontend-7bd6f45654-s2s7z,53,53
22:29:57,100u,frontend-7bd6f45654-vfxkp,57,33
22:29:57,100u,paymentservice-9bfb7bf5-kgd56,5,113
22:29:57,100u,productcatalogservice-65bbf699df-j2fmg,60,44
22:29:57,100u,recommendationservice-7444754ff5-n8cbh,100,81
22:29:57,100u,redis-cart-c8ff86559-kcf44,5,37
22:29:57,100u,shippingservice-f956b6d9f-w7n4b,11,33
22:30:05,100u,adservice-574bff445c-qb9cj,48,268
22:30:05,100u,cartservice-7c84fdfb6-m5m6d,98,187
22:30:05,100u,checkoutservice-5b6d96c9b7-45rkr,17,38
22:30:05,100u,currencyservice-7c8fc8fc9c-4hm9g,1,88
22:30:05,100u,currencyservice-7c8fc8fc9c-5frj9,93,122
22:30:05,100u,currencyservice-7c8fc8fc9c-mgwx9,106,122
22:30:05,100u,emailservice-66944ff59-2lcjl,11,95
22:30:05,100u,frontend-7bd6f45654-przgb,62,34
22:30:05,100u,frontend-7bd6f45654-s2s7z,111,53
22:30:05,100u,frontend-7bd6f45654-vfxkp,92,34
22:30:05,100u,paymentservice-9bfb7bf5-kgd56,8,113
22:30:05,100u,productcatalogservice-65bbf699df-j2fmg,96,44
22:30:05,100u,recommendationservice-7444754ff5-n8cbh,161,82
22:30:05,100u,redis-cart-c8ff86559-kcf44,8,37
22:30:05,100u,shippingservice-f956b6d9f-w7n4b,17,33
22:30:07,100u,adservice-574bff445c-qb9cj,48,268
22:30:07,100u,cartservice-7c84fdfb6-m5m6d,98,187
22:30:07,100u,checkoutservice-5b6d96c9b7-45rkr,17,38
22:30:07,100u,currencyservice-7c8fc8fc9c-4hm9g,1,88
22:30:07,100u,currencyservice-7c8fc8fc9c-5frj9,93,122
22:30:07,100u,currencyservice-7c8fc8fc9c-mgwx9,106,122
22:30:07,100u,emailservice-66944ff59-2lcjl,11,95
22:30:07,100u,frontend-7bd6f45654-przgb,62,34
22:30:07,100u,frontend-7bd6f45654-s2s7z,111,53
22:30:07,100u,frontend-7bd6f45654-vfxkp,92,34
22:30:07,100u,paymentservice-9bfb7bf5-kgd56,8,113
22:30:07,100u,productcatalogservice-65bbf699df-j2fmg,96,44
22:30:07,100u,recommendationservice-7444754ff5-n8cbh,161,82
22:30:07,100u,redis-cart-c8ff86559-kcf44,8,37
22:30:07,100u,shippingservice-f956b6d9f-w7n4b,17,33
22:30:15,100u,adservice-574bff445c-qb9cj,48,268
22:30:15,100u,cartservice-7c84fdfb6-m5m6d,98,187
22:30:15,100u,checkoutservice-5b6d96c9b7-45rkr,17,38
22:30:15,100u,currencyservice-7c8fc8fc9c-4hm9g,1,88
22:30:15,100u,currencyservice-7c8fc8fc9c-5frj9,93,122
22:30:15,100u,currencyservice-7c8fc8fc9c-mgwx9,106,122
22:30:15,100u,emailservice-66944ff59-2lcjl,11,95
22:30:15,100u,frontend-7bd6f45654-przgb,62,34
22:30:15,100u,frontend-7bd6f45654-s2s7z,111,53
22:30:15,100u,frontend-7bd6f45654-vfxkp,92,34
22:30:15,100u,paymentservice-9bfb7bf5-kgd56,8,113
22:30:15,100u,productcatalogservice-65bbf699df-j2fmg,96,44
22:30:15,100u,recommendationservice-7444754ff5-n8cbh,161,82
22:30:15,100u,redis-cart-c8ff86559-kcf44,8,37
22:30:15,100u,shippingservice-f956b6d9f-w7n4b,17,33
22:30:18,100u,adservice-574bff445c-qb9cj,48,268
22:30:18,100u,cartservice-7c84fdfb6-m5m6d,98,187
22:30:18,100u,checkoutservice-5b6d96c9b7-45rkr,17,38
22:30:18,100u,currencyservice-7c8fc8fc9c-4hm9g,1,88
22:30:18,100u,currencyservice-7c8fc8fc9c-5frj9,93,122
22:30:18,100u,currencyservice-7c8fc8fc9c-mgwx9,106,122
22:30:18,100u,emailservice-66944ff59-2lcjl,11,95
22:30:18,100u,frontend-7bd6f45654-przgb,62,34
22:30:18,100u,frontend-7bd6f45654-s2s7z,111,53
22:30:18,100u,frontend-7bd6f45654-vfxkp,92,34
22:30:18,100u,paymentservice-9bfb7bf5-kgd56,8,113
22:30:18,100u,productcatalogservice-65bbf699df-j2fmg,96,44
22:30:18,100u,recommendationservice-7444754ff5-n8cbh,161,82
22:30:18,100u,redis-cart-c8ff86559-kcf44,8,37
22:30:18,100u,shippingservice-f956b6d9f-w7n4b,17,33
22:30:26,100u,adservice-574bff445c-qb9cj,60,268
22:30:26,100u,cartservice-7c84fdfb6-m5m6d,105,187
22:30:26,100u,checkoutservice-5b6d96c9b7-45rkr,22,38
22:30:26,100u,currencyservice-7c8fc8fc9c-4hm9g,1,88
22:30:26,100u,currencyservice-7c8fc8fc9c-5frj9,115,121
22:30:26,100u,currencyservice-7c8fc8fc9c-mgwx9,122,124
22:30:26,100u,emailservice-66944ff59-2lcjl,12,95
22:30:26,100u,frontend-7bd6f45654-przgb,79,34
22:30:26,100u,frontend-7bd6f45654-s2s7z,137,54
22:30:26,100u,frontend-7bd6f45654-vfxkp,103,34
22:30:26,100u,paymentservice-9bfb7bf5-kgd56,9,113
22:30:26,100u,productcatalogservice-65bbf699df-j2fmg,112,44
22:30:26,100u,recommendationservice-7444754ff5-n8cbh,197,82
22:30:26,100u,redis-cart-c8ff86559-kcf44,8,37
22:30:26,100u,shippingservice-f956b6d9f-w7n4b,21,33
22:30:28,100u,adservice-574bff445c-qb9cj,60,268
22:30:28,100u,cartservice-7c84fdfb6-m5m6d,105,187
22:30:28,100u,checkoutservice-5b6d96c9b7-45rkr,22,38
22:30:28,100u,currencyservice-7c8fc8fc9c-4hm9g,1,88
22:30:28,100u,currencyservice-7c8fc8fc9c-5frj9,115,121
22:30:28,100u,currencyservice-7c8fc8fc9c-mgwx9,122,124
22:30:28,100u,emailservice-66944ff59-2lcjl,12,95
22:30:28,100u,frontend-7bd6f45654-przgb,79,34
22:30:28,100u,frontend-7bd6f45654-s2s7z,137,54
22:30:28,100u,frontend-7bd6f45654-vfxkp,103,34
22:30:28,100u,paymentservice-9bfb7bf5-kgd56,9,113
22:30:28,100u,productcatalogservice-65bbf699df-j2fmg,112,44
22:30:28,100u,recommendationservice-7444754ff5-n8cbh,197,82
22:30:28,100u,redis-cart-c8ff86559-kcf44,8,37
22:30:28,100u,shippingservice-f956b6d9f-w7n4b,21,33
22:30:36,100u,adservice-574bff445c-qb9cj,60,268
22:30:36,100u,cartservice-7c84fdfb6-m5m6d,100,187
22:30:36,100u,checkoutservice-5b6d96c9b7-45rkr,21,38
22:30:36,100u,currencyservice-7c8fc8fc9c-4hm9g,2,88
22:30:36,100u,currencyservice-7c8fc8fc9c-5frj9,106,123
22:30:36,100u,currencyservice-7c8fc8fc9c-mgwx9,127,124
22:30:36,100u,emailservice-66944ff59-2lcjl,12,95
22:30:36,100u,frontend-7bd6f45654-przgb,91,35
22:30:36,100u,frontend-7bd6f45654-s2s7z,124,54
22:30:36,100u,frontend-7bd6f45654-vfxkp,104,35
22:30:36,100u,paymentservice-9bfb7bf5-kgd56,9,113
22:30:36,100u,productcatalogservice-65bbf699df-j2fmg,113,44
22:30:36,100u,recommendationservice-7444754ff5-n8cbh,197,82
22:30:36,100u,redis-cart-c8ff86559-kcf44,8,37
22:30:36,100u,shippingservice-f956b6d9f-w7n4b,20,33
22:30:38,100u,adservice-574bff445c-qb9cj,60,268
22:30:38,100u,cartservice-7c84fdfb6-m5m6d,100,187
22:30:38,100u,checkoutservice-5b6d96c9b7-45rkr,21,38
22:30:38,100u,currencyservice-7c8fc8fc9c-4hm9g,2,88
22:30:38,100u,currencyservice-7c8fc8fc9c-5frj9,106,123
22:30:38,100u,currencyservice-7c8fc8fc9c-mgwx9,127,124
22:30:38,100u,emailservice-66944ff59-2lcjl,12,95
22:30:38,100u,frontend-7bd6f45654-przgb,91,35
22:30:38,100u,frontend-7bd6f45654-s2s7z,124,54
22:30:38,100u,frontend-7bd6f45654-vfxkp,104,35
22:30:38,100u,paymentservice-9bfb7bf5-kgd56,9,113
22:30:38,100u,productcatalogservice-65bbf699df-j2fmg,113,44
22:30:38,100u,recommendationservice-7444754ff5-n8cbh,197,82
22:30:38,100u,redis-cart-c8ff86559-kcf44,8,37
22:30:38,100u,shippingservice-f956b6d9f-w7n4b,20,33
22:30:46,100u,adservice-574bff445c-qb9cj,60,268
22:30:46,100u,cartservice-7c84fdfb6-m5m6d,100,187
22:30:46,100u,checkoutservice-5b6d96c9b7-45rkr,21,38
22:30:46,100u,currencyservice-7c8fc8fc9c-4hm9g,2,88
22:30:46,100u,currencyservice-7c8fc8fc9c-5frj9,106,123
22:30:46,100u,currencyservice-7c8fc8fc9c-mgwx9,127,124
22:30:46,100u,emailservice-66944ff59-2lcjl,12,95
22:30:46,100u,frontend-7bd6f45654-przgb,91,35
22:30:46,100u,frontend-7bd6f45654-s2s7z,124,54
22:30:46,100u,frontend-7bd6f45654-vfxkp,104,35
22:30:46,100u,paymentservice-9bfb7bf5-kgd56,9,113
22:30:46,100u,productcatalogservice-65bbf699df-j2fmg,113,44
22:30:46,100u,recommendationservice-7444754ff5-n8cbh,197,82
22:30:46,100u,redis-cart-c8ff86559-kcf44,8,37
22:30:46,100u,shippingservice-f956b6d9f-w7n4b,20,33
22:30:48,100u,adservice-574bff445c-qb9cj,60,268
22:30:48,100u,cartservice-7c84fdfb6-m5m6d,100,187
22:30:48,100u,checkoutservice-5b6d96c9b7-45rkr,21,38
22:30:48,100u,currencyservice-7c8fc8fc9c-4hm9g,2,88
22:30:48,100u,currencyservice-7c8fc8fc9c-5frj9,106,123
22:30:48,100u,currencyservice-7c8fc8fc9c-mgwx9,127,124
22:30:48,100u,emailservice-66944ff59-2lcjl,12,95
22:30:48,100u,frontend-7bd6f45654-przgb,91,35
22:30:48,100u,frontend-7bd6f45654-s2s7z,124,54
22:30:48,100u,frontend-7bd6f45654-vfxkp,104,35
22:30:48,100u,paymentservice-9bfb7bf5-kgd56,9,113
22:30:48,100u,productcatalogservice-65bbf699df-j2fmg,113,44
22:30:48,100u,recommendationservice-7444754ff5-n8cbh,197,82
22:30:48,100u,redis-cart-c8ff86559-kcf44,8,37
22:30:48,100u,shippingservice-f956b6d9f-w7n4b,20,33
22:30:56,100u,adservice-574bff445c-qb9cj,63,268
22:30:56,100u,cartservice-7c84fdfb6-m5m6d,119,187
22:30:56,100u,checkoutservice-5b6d96c9b7-45rkr,20,38
22:30:56,100u,currencyservice-7c8fc8fc9c-4hm9g,1,88
22:30:56,100u,currencyservice-7c8fc8fc9c-5frj9,110,124
22:30:56,100u,currencyservice-7c8fc8fc9c-mgwx9,134,124
22:30:56,100u,emailservice-66944ff59-2lcjl,12,95
22:30:56,100u,frontend-7bd6f45654-przgb,96,35
22:30:56,100u,frontend-7bd6f45654-s2s7z,128,54
22:30:56,100u,frontend-7bd6f45654-vfxkp,107,35
22:30:56,100u,paymentservice-9bfb7bf5-kgd56,9,113
22:30:56,100u,productcatalogservice-65bbf699df-j2fmg,118,44
22:30:56,100u,recommendationservice-7444754ff5-n8cbh,200,82
22:30:56,100u,redis-cart-c8ff86559-kcf44,8,37
22:30:56,100u,shippingservice-f956b6d9f-w7n4b,21,33
22:30:58,100u,adservice-574bff445c-qb9cj,63,268
22:30:58,100u,cartservice-7c84fdfb6-m5m6d,119,187
22:30:58,100u,checkoutservice-5b6d96c9b7-45rkr,20,38
22:30:58,100u,currencyservice-7c8fc8fc9c-4hm9g,1,88
22:30:58,100u,currencyservice-7c8fc8fc9c-5frj9,110,124
22:30:58,100u,currencyservice-7c8fc8fc9c-mgwx9,134,124
22:30:58,100u,emailservice-66944ff59-2lcjl,12,95
22:30:58,100u,frontend-7bd6f45654-przgb,96,35
22:30:58,100u,frontend-7bd6f45654-s2s7z,128,54
22:30:58,100u,frontend-7bd6f45654-vfxkp,107,35
22:30:58,100u,paymentservice-9bfb7bf5-kgd56,9,113
22:30:58,100u,productcatalogservice-65bbf699df-j2fmg,118,44
22:30:58,100u,recommendationservice-7444754ff5-n8cbh,200,82
22:30:58,100u,redis-cart-c8ff86559-kcf44,8,37
22:30:58,100u,shippingservice-f956b6d9f-w7n4b,21,33
22:31:06,100u,adservice-574bff445c-qb9cj,62,268
22:31:06,100u,cartservice-7c84fdfb6-m5m6d,122,187
22:31:06,100u,checkoutservice-5b6d96c9b7-45rkr,20,38
22:31:06,100u,currencyservice-7c8fc8fc9c-4hm9g,2,88
22:31:06,100u,currencyservice-7c8fc8fc9c-5frj9,110,123
22:31:06,100u,currencyservice-7c8fc8fc9c-mgwx9,139,124
22:31:06,100u,emailservice-66944ff59-2lcjl,11,95
22:31:06,100u,frontend-7bd6f45654-przgb,99,35
22:31:06,100u,frontend-7bd6f45654-s2s7z,127,54
22:31:06,100u,frontend-7bd6f45654-vfxkp,109,35
22:31:06,100u,paymentservice-9bfb7bf5-kgd56,8,113
22:31:06,100u,productcatalogservice-65bbf699df-j2fmg,117,44
22:31:06,100u,recommendationservice-7444754ff5-n8cbh,200,82
22:31:06,100u,redis-cart-c8ff86559-kcf44,8,37
22:31:06,100u,shippingservice-f956b6d9f-w7n4b,21,33
22:31:08,100u,adservice-574bff445c-qb9cj,62,268
22:31:08,100u,cartservice-7c84fdfb6-m5m6d,122,187
22:31:08,100u,checkoutservice-5b6d96c9b7-45rkr,20,38
22:31:08,100u,currencyservice-7c8fc8fc9c-4hm9g,2,88
22:31:08,100u,currencyservice-7c8fc8fc9c-5frj9,110,123
22:31:08,100u,currencyservice-7c8fc8fc9c-mgwx9,139,124
22:31:08,100u,emailservice-66944ff59-2lcjl,11,95
22:31:08,100u,frontend-7bd6f45654-przgb,99,35
22:31:08,100u,frontend-7bd6f45654-s2s7z,127,54
22:31:08,100u,frontend-7bd6f45654-vfxkp,109,35
22:31:08,100u,paymentservice-9bfb7bf5-kgd56,8,113
22:31:08,100u,productcatalogservice-65bbf699df-j2fmg,117,44
22:31:08,100u,recommendationservice-7444754ff5-n8cbh,200,82
22:31:08,100u,redis-cart-c8ff86559-kcf44,8,37
22:31:08,100u,shippingservice-f956b6d9f-w7n4b,21,33
22:31:16,100u,adservice-574bff445c-qb9cj,62,268
22:31:16,100u,cartservice-7c84fdfb6-m5m6d,122,187
22:31:16,100u,checkoutservice-5b6d96c9b7-45rkr,20,38
22:31:16,100u,currencyservice-7c8fc8fc9c-4hm9g,2,88
22:31:16,100u,currencyservice-7c8fc8fc9c-5frj9,110,123
22:31:16,100u,currencyservice-7c8fc8fc9c-mgwx9,139,124
22:31:16,100u,emailservice-66944ff59-2lcjl,11,95
22:31:16,100u,frontend-7bd6f45654-przgb,99,35
22:31:16,100u,frontend-7bd6f45654-s2s7z,127,54
22:31:16,100u,frontend-7bd6f45654-vfxkp,109,35
22:31:16,100u,paymentservice-9bfb7bf5-kgd56,8,113
22:31:16,100u,productcatalogservice-65bbf699df-j2fmg,117,44
22:31:16,100u,recommendationservice-7444754ff5-n8cbh,200,82
22:31:16,100u,redis-cart-c8ff86559-kcf44,8,37
22:31:16,100u,shippingservice-f956b6d9f-w7n4b,21,33
22:31:18,100u,adservice-574bff445c-qb9cj,62,268
22:31:18,100u,cartservice-7c84fdfb6-m5m6d,122,187
22:31:18,100u,checkoutservice-5b6d96c9b7-45rkr,20,38
22:31:18,100u,currencyservice-7c8fc8fc9c-4hm9g,2,88
22:31:18,100u,currencyservice-7c8fc8fc9c-5frj9,110,123
22:31:18,100u,currencyservice-7c8fc8fc9c-mgwx9,139,124
22:31:18,100u,emailservice-66944ff59-2lcjl,11,95
22:31:18,100u,frontend-7bd6f45654-przgb,99,35
22:31:18,100u,frontend-7bd6f45654-s2s7z,127,54
22:31:18,100u,frontend-7bd6f45654-vfxkp,109,35
22:31:18,100u,paymentservice-9bfb7bf5-kgd56,8,113
22:31:18,100u,productcatalogservice-65bbf699df-j2fmg,117,44
22:31:18,100u,recommendationservice-7444754ff5-n8cbh,200,82
22:31:18,100u,redis-cart-c8ff86559-kcf44,8,37
22:31:18,100u,shippingservice-f956b6d9f-w7n4b,21,33
22:31:26,100u,adservice-574bff445c-qb9cj,59,268
22:31:26,100u,cartservice-7c84fdfb6-m5m6d,122,187
22:31:26,100u,checkoutservice-5b6d96c9b7-45rkr,20,38
22:31:26,100u,currencyservice-7c8fc8fc9c-4hm9g,1,88
22:31:26,100u,currencyservice-7c8fc8fc9c-5frj9,104,124
22:31:26,100u,currencyservice-7c8fc8fc9c-mgwx9,136,125
22:31:26,100u,emailservice-66944ff59-2lcjl,11,95
22:31:26,100u,frontend-7bd6f45654-przgb,97,35
22:31:26,100u,frontend-7bd6f45654-s2s7z,124,55
22:31:26,100u,frontend-7bd6f45654-vfxkp,110,35
22:31:26,100u,paymentservice-9bfb7bf5-kgd56,8,113
22:31:26,100u,productcatalogservice-65bbf699df-j2fmg,117,44
22:31:26,100u,recommendationservice-7444754ff5-n8cbh,200,82
22:31:26,100u,redis-cart-c8ff86559-kcf44,9,37
22:31:26,100u,shippingservice-f956b6d9f-w7n4b,21,33
22:31:28,100u,adservice-574bff445c-qb9cj,59,268
22:31:28,100u,cartservice-7c84fdfb6-m5m6d,122,187
22:31:28,100u,checkoutservice-5b6d96c9b7-45rkr,20,38
22:31:28,100u,currencyservice-7c8fc8fc9c-4hm9g,1,88
22:31:28,100u,currencyservice-7c8fc8fc9c-5frj9,104,124
22:31:28,100u,currencyservice-7c8fc8fc9c-mgwx9,136,125
22:31:28,100u,emailservice-66944ff59-2lcjl,11,95
22:31:28,100u,frontend-7bd6f45654-przgb,97,35
22:31:28,100u,frontend-7bd6f45654-s2s7z,124,55
22:31:28,100u,frontend-7bd6f45654-vfxkp,110,35
22:31:28,100u,paymentservice-9bfb7bf5-kgd56,8,113
22:31:28,100u,productcatalogservice-65bbf699df-j2fmg,117,44
22:31:28,100u,recommendationservice-7444754ff5-n8cbh,200,82
22:31:28,100u,redis-cart-c8ff86559-kcf44,9,37
22:31:28,100u,shippingservice-f956b6d9f-w7n4b,21,33
22:31:36,100u,adservice-574bff445c-qb9cj,57,268
22:31:36,100u,cartservice-7c84fdfb6-m5m6d,118,187
22:31:36,100u,checkoutservice-5b6d96c9b7-45rkr,22,38
22:31:36,100u,currencyservice-7c8fc8fc9c-4hm9g,1,88
22:31:36,100u,currencyservice-7c8fc8fc9c-5frj9,104,124
22:31:36,100u,currencyservice-7c8fc8fc9c-mgwx9,132,126
22:31:36,100u,emailservice-66944ff59-2lcjl,12,95
22:31:36,100u,frontend-7bd6f45654-przgb,96,35
22:31:36,100u,frontend-7bd6f45654-s2s7z,122,55
22:31:36,100u,frontend-7bd6f45654-vfxkp,105,35
22:31:36,100u,paymentservice-9bfb7bf5-kgd56,8,113
22:31:36,100u,productcatalogservice-65bbf699df-j2fmg,116,44
22:31:36,100u,recommendationservice-7444754ff5-n8cbh,200,82
22:31:36,100u,redis-cart-c8ff86559-kcf44,8,37
22:31:36,100u,shippingservice-f956b6d9f-w7n4b,22,33
22:31:38,100u,adservice-574bff445c-qb9cj,57,268
22:31:38,100u,cartservice-7c84fdfb6-m5m6d,118,187
22:31:38,100u,checkoutservice-5b6d96c9b7-45rkr,22,38
22:31:38,100u,currencyservice-7c8fc8fc9c-4hm9g,1,88
22:31:38,100u,currencyservice-7c8fc8fc9c-5frj9,104,124
22:31:38,100u,currencyservice-7c8fc8fc9c-mgwx9,132,126
22:31:38,100u,emailservice-66944ff59-2lcjl,12,95
22:31:38,100u,frontend-7bd6f45654-przgb,96,35
22:31:38,100u,frontend-7bd6f45654-s2s7z,122,55
22:31:38,100u,frontend-7bd6f45654-vfxkp,105,35
22:31:38,100u,paymentservice-9bfb7bf5-kgd56,8,113
22:31:38,100u,productcatalogservice-65bbf699df-j2fmg,116,44
22:31:38,100u,recommendationservice-7444754ff5-n8cbh,200,82
22:31:38,100u,redis-cart-c8ff86559-kcf44,8,37
22:31:38,100u,shippingservice-f956b6d9f-w7n4b,22,33
22:31:46,100u,adservice-574bff445c-qb9cj,57,268
22:31:46,100u,cartservice-7c84fdfb6-m5m6d,118,187
22:31:46,100u,checkoutservice-5b6d96c9b7-45rkr,22,38
22:31:46,100u,currencyservice-7c8fc8fc9c-4hm9g,1,88
22:31:46,100u,currencyservice-7c8fc8fc9c-5frj9,104,124
22:31:46,100u,currencyservice-7c8fc8fc9c-mgwx9,132,126
22:31:46,100u,emailservice-66944ff59-2lcjl,12,95
22:31:46,100u,frontend-7bd6f45654-przgb,96,35
22:31:46,100u,frontend-7bd6f45654-s2s7z,122,55
22:31:46,100u,frontend-7bd6f45654-vfxkp,105,35
22:31:46,100u,paymentservice-9bfb7bf5-kgd56,8,113
22:31:46,100u,productcatalogservice-65bbf699df-j2fmg,116,44
22:31:46,100u,recommendationservice-7444754ff5-n8cbh,200,82
22:31:46,100u,redis-cart-c8ff86559-kcf44,8,37
22:31:46,100u,shippingservice-f956b6d9f-w7n4b,22,33
22:31:48,100u,adservice-574bff445c-qb9cj,57,268
22:31:48,100u,cartservice-7c84fdfb6-m5m6d,118,187
22:31:48,100u,checkoutservice-5b6d96c9b7-45rkr,22,38
22:31:48,100u,currencyservice-7c8fc8fc9c-4hm9g,1,88
22:31:48,100u,currencyservice-7c8fc8fc9c-5frj9,104,124
22:31:48,100u,currencyservice-7c8fc8fc9c-mgwx9,132,126
22:31:48,100u,emailservice-66944ff59-2lcjl,12,95
22:31:48,100u,frontend-7bd6f45654-przgb,96,35
22:31:48,100u,frontend-7bd6f45654-s2s7z,122,55
22:31:48,100u,frontend-7bd6f45654-vfxkp,105,35
22:31:48,100u,paymentservice-9bfb7bf5-kgd56,8,113
22:31:48,100u,productcatalogservice-65bbf699df-j2fmg,116,44
22:31:48,100u,recommendationservice-7444754ff5-n8cbh,200,82
22:31:48,100u,redis-cart-c8ff86559-kcf44,8,37
22:31:48,100u,shippingservice-f956b6d9f-w7n4b,22,33
22:31:56,100u,adservice-574bff445c-qb9cj,16,268
22:31:56,100u,cartservice-7c84fdfb6-m5m6d,30,187
22:31:56,100u,checkoutservice-5b6d96c9b7-45rkr,6,38
22:31:56,100u,currencyservice-7c8fc8fc9c-4hm9g,3,88
22:31:56,100u,currencyservice-7c8fc8fc9c-5frj9,25,124
22:31:56,100u,currencyservice-7c8fc8fc9c-mgwx9,32,123
22:31:56,100u,emailservice-66944ff59-2lcjl,7,95
22:31:56,100u,frontend-7bd6f45654-przgb,23,34
22:31:56,100u,frontend-7bd6f45654-s2s7z,29,54
22:31:56,100u,frontend-7bd6f45654-vfxkp,26,35
22:31:56,100u,paymentservice-9bfb7bf5-kgd56,4,113
22:31:56,100u,productcatalogservice-65bbf699df-j2fmg,28,44
22:31:56,100u,recommendationservice-7444754ff5-n8cbh,50,81
22:31:56,100u,redis-cart-c8ff86559-kcf44,5,37
22:31:56,100u,shippingservice-f956b6d9f-w7n4b,6,33
22:31:58,100u,adservice-574bff445c-qb9cj,16,268
22:31:58,100u,cartservice-7c84fdfb6-m5m6d,30,187
22:31:58,100u,checkoutservice-5b6d96c9b7-45rkr,6,38
22:31:58,100u,currencyservice-7c8fc8fc9c-4hm9g,3,88
22:31:58,100u,currencyservice-7c8fc8fc9c-5frj9,25,124
22:31:58,100u,currencyservice-7c8fc8fc9c-mgwx9,32,123
22:31:58,100u,emailservice-66944ff59-2lcjl,7,95
22:31:58,100u,frontend-7bd6f45654-przgb,23,34
22:31:58,100u,frontend-7bd6f45654-s2s7z,29,54
22:31:58,100u,frontend-7bd6f45654-vfxkp,26,35
22:31:58,100u,paymentservice-9bfb7bf5-kgd56,4,113
22:31:58,100u,productcatalogservice-65bbf699df-j2fmg,28,44
22:31:58,100u,recommendationservice-7444754ff5-n8cbh,50,81
22:31:58,100u,redis-cart-c8ff86559-kcf44,5,37
22:31:58,100u,shippingservice-f956b6d9f-w7n4b,6,33
22:32:07,100u,adservice-574bff445c-qb9cj,2,268
22:32:07,100u,cartservice-7c84fdfb6-m5m6d,3,187
22:32:07,100u,checkoutservice-5b6d96c9b7-45rkr,1,38
22:32:07,100u,currencyservice-7c8fc8fc9c-4hm9g,2,88
22:32:07,100u,currencyservice-7c8fc8fc9c-5frj9,1,124
22:32:07,100u,currencyservice-7c8fc8fc9c-mgwx9,1,123
22:32:07,100u,emailservice-66944ff59-2lcjl,5,95
22:32:07,100u,frontend-7bd6f45654-przgb,1,34
22:32:07,100u,frontend-7bd6f45654-s2s7z,2,54
22:32:07,100u,frontend-7bd6f45654-vfxkp,1,35
22:32:07,100u,paymentservice-9bfb7bf5-kgd56,2,113
22:32:07,100u,productcatalogservice-65bbf699df-j2fmg,1,44
22:32:07,100u,recommendationservice-7444754ff5-n8cbh,4,81
22:32:07,100u,redis-cart-c8ff86559-kcf44,3,37
22:32:07,100u,shippingservice-f956b6d9f-w7n4b,1,33
22:32:09,100u,adservice-574bff445c-qb9cj,2,268
22:32:09,100u,cartservice-7c84fdfb6-m5m6d,3,187
22:32:09,100u,checkoutservice-5b6d96c9b7-45rkr,1,38
22:32:09,100u,currencyservice-7c8fc8fc9c-4hm9g,2,88
22:32:09,100u,currencyservice-7c8fc8fc9c-5frj9,1,124
22:32:09,100u,currencyservice-7c8fc8fc9c-mgwx9,1,123
22:32:09,100u,emailservice-66944ff59-2lcjl,5,95
22:32:09,100u,frontend-7bd6f45654-przgb,1,34
22:32:09,100u,frontend-7bd6f45654-s2s7z,2,54
22:32:09,100u,frontend-7bd6f45654-vfxkp,1,35
22:32:09,100u,paymentservice-9bfb7bf5-kgd56,2,113
22:32:09,100u,productcatalogservice-65bbf699df-j2fmg,1,44
22:32:09,100u,recommendationservice-7444754ff5-n8cbh,4,81
22:32:09,100u,redis-cart-c8ff86559-kcf44,3,37
22:32:09,100u,shippingservice-f956b6d9f-w7n4b,1,33
22:32:17,100u,adservice-574bff445c-qb9cj,2,268
22:32:17,100u,cartservice-7c84fdfb6-m5m6d,3,187
22:32:17,100u,checkoutservice-5b6d96c9b7-45rkr,1,38
22:32:17,100u,currencyservice-7c8fc8fc9c-4hm9g,2,88
22:32:17,100u,currencyservice-7c8fc8fc9c-5frj9,1,124
22:32:17,100u,currencyservice-7c8fc8fc9c-mgwx9,1,123
22:32:17,100u,emailservice-66944ff59-2lcjl,5,95
22:32:17,100u,frontend-7bd6f45654-przgb,1,34
22:32:17,100u,frontend-7bd6f45654-s2s7z,2,54
22:32:17,100u,frontend-7bd6f45654-vfxkp,1,35
22:32:17,100u,paymentservice-9bfb7bf5-kgd56,2,113
22:32:17,100u,productcatalogservice-65bbf699df-j2fmg,1,44
22:32:17,100u,recommendationservice-7444754ff5-n8cbh,4,81
22:32:17,100u,redis-cart-c8ff86559-kcf44,3,37
22:32:17,100u,shippingservice-f956b6d9f-w7n4b,1,33
22:32:19,100u,adservice-574bff445c-qb9cj,2,268
22:32:19,100u,cartservice-7c84fdfb6-m5m6d,3,187
22:32:19,100u,checkoutservice-5b6d96c9b7-45rkr,1,38
22:32:19,100u,currencyservice-7c8fc8fc9c-4hm9g,2,88
22:32:19,100u,currencyservice-7c8fc8fc9c-5frj9,1,124
22:32:19,100u,currencyservice-7c8fc8fc9c-mgwx9,1,123
22:32:19,100u,emailservice-66944ff59-2lcjl,5,95
22:32:19,100u,frontend-7bd6f45654-przgb,1,34
22:32:19,100u,frontend-7bd6f45654-s2s7z,2,54
22:32:19,100u,frontend-7bd6f45654-vfxkp,1,35
22:32:19,100u,paymentservice-9bfb7bf5-kgd56,2,113
22:32:19,100u,productcatalogservice-65bbf699df-j2fmg,1,44
22:32:19,100u,recommendationservice-7444754ff5-n8cbh,4,81
22:32:19,100u,redis-cart-c8ff86559-kcf44,3,37
22:32:19,100u,shippingservice-f956b6d9f-w7n4b,1,33
22:32:27,100u,adservice-574bff445c-qb9cj,1,268
22:32:27,100u,cartservice-7c84fdfb6-m5m6d,3,187
22:32:27,100u,checkoutservice-5b6d96c9b7-45rkr,1,38
22:32:27,100u,currencyservice-7c8fc8fc9c-4hm9g,2,88
22:32:27,100u,currencyservice-7c8fc8fc9c-5frj9,2,124
22:32:27,100u,currencyservice-7c8fc8fc9c-mgwx9,2,123
22:32:27,100u,emailservice-66944ff59-2lcjl,4,95
22:32:27,100u,frontend-7bd6f45654-przgb,1,34
22:32:27,100u,frontend-7bd6f45654-s2s7z,1,54
22:32:27,100u,frontend-7bd6f45654-vfxkp,1,35
22:32:27,100u,paymentservice-9bfb7bf5-kgd56,1,113
22:32:27,100u,productcatalogservice-65bbf699df-j2fmg,1,44
22:32:27,100u,recommendationservice-7444754ff5-n8cbh,4,81
22:32:27,100u,redis-cart-c8ff86559-kcf44,3,37
22:32:27,100u,shippingservice-f956b6d9f-w7n4b,1,33
22:32:29,100u,adservice-574bff445c-qb9cj,1,268
22:32:29,100u,cartservice-7c84fdfb6-m5m6d,3,187
22:32:29,100u,checkoutservice-5b6d96c9b7-45rkr,1,38
22:32:29,100u,currencyservice-7c8fc8fc9c-4hm9g,2,88
22:32:29,100u,currencyservice-7c8fc8fc9c-5frj9,2,124
22:32:29,100u,currencyservice-7c8fc8fc9c-mgwx9,2,123
22:32:29,100u,emailservice-66944ff59-2lcjl,4,95
22:32:29,100u,frontend-7bd6f45654-przgb,1,34
22:32:29,100u,frontend-7bd6f45654-s2s7z,1,54
22:32:29,100u,frontend-7bd6f45654-vfxkp,1,35
22:32:29,100u,paymentservice-9bfb7bf5-kgd56,1,113
22:32:29,100u,productcatalogservice-65bbf699df-j2fmg,1,44
22:32:29,100u,recommendationservice-7444754ff5-n8cbh,4,81
22:32:29,100u,redis-cart-c8ff86559-kcf44,3,37
22:32:29,100u,shippingservice-f956b6d9f-w7n4b,1,33
22:32:37,100u,adservice-574bff445c-qb9cj,2,268
22:32:37,100u,cartservice-7c84fdfb6-m5m6d,2,187
22:32:37,100u,checkoutservice-5b6d96c9b7-45rkr,1,38
22:32:37,100u,currencyservice-7c8fc8fc9c-4hm9g,3,88
22:32:37,100u,currencyservice-7c8fc8fc9c-5frj9,1,124
22:32:37,100u,currencyservice-7c8fc8fc9c-mgwx9,1,123
22:32:37,100u,emailservice-66944ff59-2lcjl,4,95
22:32:37,100u,frontend-7bd6f45654-przgb,1,34
22:32:37,100u,frontend-7bd6f45654-s2s7z,1,54
22:32:37,100u,frontend-7bd6f45654-vfxkp,1,35
22:32:37,100u,paymentservice-9bfb7bf5-kgd56,1,113
22:32:37,100u,productcatalogservice-65bbf699df-j2fmg,1,44
22:32:37,100u,recommendationservice-7444754ff5-n8cbh,4,81
22:32:37,100u,redis-cart-c8ff86559-kcf44,3,37
22:32:37,100u,shippingservice-f956b6d9f-w7n4b,1,33
22:32:39,200u,adservice-574bff445c-qb9cj,2,268
22:32:39,200u,cartservice-7c84fdfb6-m5m6d,2,187
22:32:39,200u,checkoutservice-5b6d96c9b7-45rkr,1,38
22:32:39,200u,currencyservice-7c8fc8fc9c-4hm9g,3,88
22:32:39,200u,currencyservice-7c8fc8fc9c-5frj9,1,124
22:32:39,200u,currencyservice-7c8fc8fc9c-mgwx9,1,123
22:32:39,200u,emailservice-66944ff59-2lcjl,4,95
22:32:39,200u,frontend-7bd6f45654-przgb,1,34
22:32:39,200u,frontend-7bd6f45654-s2s7z,1,54
22:32:39,200u,frontend-7bd6f45654-vfxkp,1,35
22:32:39,200u,paymentservice-9bfb7bf5-kgd56,1,113
22:32:39,200u,productcatalogservice-65bbf699df-j2fmg,1,44
22:32:39,200u,recommendationservice-7444754ff5-n8cbh,4,81
22:32:39,200u,redis-cart-c8ff86559-kcf44,3,37
22:32:39,200u,shippingservice-f956b6d9f-w7n4b,1,33
22:32:47,200u,adservice-574bff445c-qb9cj,2,268
22:32:47,200u,cartservice-7c84fdfb6-m5m6d,2,187
22:32:47,200u,checkoutservice-5b6d96c9b7-45rkr,1,38
22:32:47,200u,currencyservice-7c8fc8fc9c-4hm9g,3,88
22:32:47,200u,currencyservice-7c8fc8fc9c-5frj9,1,124
22:32:47,200u,currencyservice-7c8fc8fc9c-mgwx9,1,123
22:32:47,200u,emailservice-66944ff59-2lcjl,4,95
22:32:47,200u,frontend-7bd6f45654-przgb,1,34
22:32:47,200u,frontend-7bd6f45654-s2s7z,1,54
22:32:47,200u,frontend-7bd6f45654-vfxkp,1,35
22:32:47,200u,paymentservice-9bfb7bf5-kgd56,1,113
22:32:47,200u,productcatalogservice-65bbf699df-j2fmg,1,44
22:32:47,200u,recommendationservice-7444754ff5-n8cbh,4,81
22:32:47,200u,redis-cart-c8ff86559-kcf44,3,37
22:32:47,200u,shippingservice-f956b6d9f-w7n4b,1,33
22:32:49,200u,adservice-574bff445c-qb9cj,2,268
22:32:49,200u,cartservice-7c84fdfb6-m5m6d,2,187
22:32:49,200u,checkoutservice-5b6d96c9b7-45rkr,1,38
22:32:49,200u,currencyservice-7c8fc8fc9c-4hm9g,3,88
22:32:49,200u,currencyservice-7c8fc8fc9c-5frj9,1,124
22:32:49,200u,currencyservice-7c8fc8fc9c-mgwx9,1,123
22:32:49,200u,emailservice-66944ff59-2lcjl,4,95
22:32:49,200u,frontend-7bd6f45654-przgb,1,34
22:32:49,200u,frontend-7bd6f45654-s2s7z,1,54
22:32:49,200u,frontend-7bd6f45654-vfxkp,1,35
22:32:49,200u,paymentservice-9bfb7bf5-kgd56,1,113
22:32:49,200u,productcatalogservice-65bbf699df-j2fmg,1,44
22:32:49,200u,recommendationservice-7444754ff5-n8cbh,4,81
22:32:49,200u,redis-cart-c8ff86559-kcf44,3,37
22:32:49,200u,shippingservice-f956b6d9f-w7n4b,1,33
22:32:57,200u,adservice-574bff445c-qb9cj,17,268
22:32:57,200u,cartservice-7c84fdfb6-m5m6d,36,187
22:32:57,200u,checkoutservice-5b6d96c9b7-45rkr,4,38
22:32:57,200u,currencyservice-7c8fc8fc9c-4hm9g,1,88
22:32:57,200u,currencyservice-7c8fc8fc9c-5frj9,30,124
22:32:57,200u,currencyservice-7c8fc8fc9c-mgwx9,39,123
22:32:57,200u,emailservice-66944ff59-2lcjl,5,95
22:32:57,200u,frontend-7bd6f45654-przgb,26,33
22:32:57,200u,frontend-7bd6f45654-s2s7z,34,52
22:32:57,200u,frontend-7bd6f45654-vfxkp,27,33
22:32:57,200u,paymentservice-9bfb7bf5-kgd56,3,113
22:32:57,200u,productcatalogservice-65bbf699df-j2fmg,31,44
22:32:57,200u,recommendationservice-7444754ff5-n8cbh,50,81
22:32:57,200u,redis-cart-c8ff86559-kcf44,5,37
22:32:57,200u,shippingservice-f956b6d9f-w7n4b,6,33
22:32:59,200u,adservice-574bff445c-qb9cj,17,268
22:32:59,200u,cartservice-7c84fdfb6-m5m6d,36,187
22:32:59,200u,checkoutservice-5b6d96c9b7-45rkr,4,38
22:32:59,200u,currencyservice-7c8fc8fc9c-4hm9g,1,88
22:32:59,200u,currencyservice-7c8fc8fc9c-5frj9,30,124
22:32:59,200u,currencyservice-7c8fc8fc9c-mgwx9,39,123
22:32:59,200u,emailservice-66944ff59-2lcjl,5,95
22:32:59,200u,frontend-7bd6f45654-przgb,26,33
22:32:59,200u,frontend-7bd6f45654-s2s7z,34,52
22:32:59,200u,frontend-7bd6f45654-vfxkp,27,33
22:32:59,200u,paymentservice-9bfb7bf5-kgd56,3,113
22:32:59,200u,productcatalogservice-65bbf699df-j2fmg,31,44
22:32:59,200u,recommendationservice-7444754ff5-n8cbh,50,81
22:32:59,200u,redis-cart-c8ff86559-kcf44,5,37
22:32:59,200u,shippingservice-f956b6d9f-w7n4b,6,33
22:33:07,200u,adservice-574bff445c-qb9cj,47,268
22:33:07,200u,cartservice-7c84fdfb6-m5m6d,99,187
22:33:07,200u,checkoutservice-5b6d96c9b7-45rkr,19,38
22:33:07,200u,currencyservice-7c8fc8fc9c-4hm9g,1,88
22:33:07,200u,currencyservice-7c8fc8fc9c-5frj9,74,124
22:33:07,200u,currencyservice-7c8fc8fc9c-mgwx9,134,123
22:33:07,200u,emailservice-66944ff59-2lcjl,11,95
22:33:07,200u,frontend-7bd6f45654-przgb,108,34
22:33:07,200u,frontend-7bd6f45654-s2s7z,77,53
22:33:07,200u,frontend-7bd6f45654-vfxkp,95,34
22:33:07,200u,paymentservice-9bfb7bf5-kgd56,8,113
22:33:07,200u,productcatalogservice-65bbf699df-j2fmg,100,44
22:33:07,200u,recommendationservice-7444754ff5-n8cbh,166,82
22:33:07,200u,redis-cart-c8ff86559-kcf44,8,37
22:33:07,200u,shippingservice-f956b6d9f-w7n4b,19,33
22:33:09,200u,adservice-574bff445c-qb9cj,47,268
22:33:09,200u,cartservice-7c84fdfb6-m5m6d,99,187
22:33:09,200u,checkoutservice-5b6d96c9b7-45rkr,19,38
22:33:09,200u,currencyservice-7c8fc8fc9c-4hm9g,1,88
22:33:09,200u,currencyservice-7c8fc8fc9c-5frj9,74,124
22:33:09,200u,currencyservice-7c8fc8fc9c-mgwx9,134,123
22:33:09,200u,emailservice-66944ff59-2lcjl,11,95
22:33:09,200u,frontend-7bd6f45654-przgb,108,34
22:33:09,200u,frontend-7bd6f45654-s2s7z,77,53
22:33:09,200u,frontend-7bd6f45654-vfxkp,95,34
22:33:09,200u,paymentservice-9bfb7bf5-kgd56,8,113
22:33:09,200u,productcatalogservice-65bbf699df-j2fmg,100,44
22:33:09,200u,recommendationservice-7444754ff5-n8cbh,166,82
22:33:09,200u,redis-cart-c8ff86559-kcf44,8,37
22:33:09,200u,shippingservice-f956b6d9f-w7n4b,19,33
22:33:17,200u,adservice-574bff445c-qb9cj,47,268
22:33:17,200u,cartservice-7c84fdfb6-m5m6d,99,187
22:33:17,200u,checkoutservice-5b6d96c9b7-45rkr,19,38
22:33:17,200u,currencyservice-7c8fc8fc9c-4hm9g,1,88
22:33:17,200u,currencyservice-7c8fc8fc9c-5frj9,74,124
22:33:17,200u,currencyservice-7c8fc8fc9c-mgwx9,134,123
22:33:17,200u,emailservice-66944ff59-2lcjl,11,95
22:33:17,200u,frontend-7bd6f45654-przgb,108,34
22:33:17,200u,frontend-7bd6f45654-s2s7z,77,53
22:33:17,200u,frontend-7bd6f45654-vfxkp,95,34
22:33:17,200u,paymentservice-9bfb7bf5-kgd56,8,113
22:33:17,200u,productcatalogservice-65bbf699df-j2fmg,100,44
22:33:17,200u,recommendationservice-7444754ff5-n8cbh,166,82
22:33:17,200u,redis-cart-c8ff86559-kcf44,8,37
22:33:17,200u,shippingservice-f956b6d9f-w7n4b,19,33
22:33:19,200u,adservice-574bff445c-qb9cj,47,268
22:33:19,200u,cartservice-7c84fdfb6-m5m6d,99,187
22:33:19,200u,checkoutservice-5b6d96c9b7-45rkr,19,38
22:33:19,200u,currencyservice-7c8fc8fc9c-4hm9g,1,88
22:33:19,200u,currencyservice-7c8fc8fc9c-5frj9,74,124
22:33:19,200u,currencyservice-7c8fc8fc9c-mgwx9,134,123
22:33:19,200u,emailservice-66944ff59-2lcjl,11,95
22:33:19,200u,frontend-7bd6f45654-przgb,108,34
22:33:19,200u,frontend-7bd6f45654-s2s7z,77,53
22:33:19,200u,frontend-7bd6f45654-vfxkp,95,34
22:33:19,200u,paymentservice-9bfb7bf5-kgd56,8,113
22:33:19,200u,productcatalogservice-65bbf699df-j2fmg,100,44
22:33:19,200u,recommendationservice-7444754ff5-n8cbh,166,82
22:33:19,200u,redis-cart-c8ff86559-kcf44,8,37
22:33:19,200u,shippingservice-f956b6d9f-w7n4b,19,33
22:33:27,200u,adservice-574bff445c-qb9cj,31,268
22:33:27,200u,cartservice-7c84fdfb6-m5m6d,62,187
22:33:27,200u,checkoutservice-5b6d96c9b7-45rkr,12,38
22:33:27,200u,currencyservice-7c8fc8fc9c-4hm9g,2,88
22:33:27,200u,currencyservice-7c8fc8fc9c-5frj9,45,121
22:33:27,200u,currencyservice-7c8fc8fc9c-mgwx9,90,123
22:33:27,200u,emailservice-66944ff59-2lcjl,8,95
22:33:27,200u,frontend-7bd6f45654-przgb,64,33
22:33:27,200u,frontend-7bd6f45654-s2s7z,46,53
22:33:27,200u,frontend-7bd6f45654-vfxkp,70,33
22:33:27,200u,paymentservice-9bfb7bf5-kgd56,6,113
22:33:27,200u,productcatalogservice-65bbf699df-j2fmg,65,44
22:33:27,200u,recommendationservice-7444754ff5-n8cbh,110,81
22:33:27,200u,redis-cart-c8ff86559-kcf44,6,37
22:33:27,200u,shippingservice-f956b6d9f-w7n4b,13,33
22:33:29,200u,adservice-574bff445c-qb9cj,31,268
22:33:29,200u,cartservice-7c84fdfb6-m5m6d,62,187
22:33:29,200u,checkoutservice-5b6d96c9b7-45rkr,12,38
22:33:29,200u,currencyservice-7c8fc8fc9c-4hm9g,2,88
22:33:29,200u,currencyservice-7c8fc8fc9c-5frj9,45,121
22:33:29,200u,currencyservice-7c8fc8fc9c-mgwx9,90,123
22:33:29,200u,emailservice-66944ff59-2lcjl,8,95
22:33:29,200u,frontend-7bd6f45654-przgb,64,33
22:33:29,200u,frontend-7bd6f45654-s2s7z,46,53
22:33:29,200u,frontend-7bd6f45654-vfxkp,70,33
22:33:29,200u,paymentservice-9bfb7bf5-kgd56,6,113
22:33:29,200u,productcatalogservice-65bbf699df-j2fmg,65,44
22:33:29,200u,recommendationservice-7444754ff5-n8cbh,110,81
22:33:29,200u,redis-cart-c8ff86559-kcf44,6,37
22:33:29,200u,shippingservice-f956b6d9f-w7n4b,13,33
22:33:37,200u,adservice-574bff445c-qb9cj,50,268
22:33:37,200u,cartservice-7c84fdfb6-m5m6d,108,187
22:33:37,200u,checkoutservice-5b6d96c9b7-45rkr,18,38
22:33:37,200u,currencyservice-7c8fc8fc9c-4hm9g,1,88
22:33:37,200u,currencyservice-7c8fc8fc9c-5frj9,78,122
22:33:37,200u,currencyservice-7c8fc8fc9c-mgwx9,128,124
22:33:37,200u,emailservice-66944ff59-2lcjl,11,95
22:33:37,200u,frontend-7bd6f45654-przgb,106,34
22:33:37,200u,frontend-7bd6f45654-s2s7z,87,53
22:33:37,200u,frontend-7bd6f45654-vfxkp,90,34
22:33:37,200u,paymentservice-9bfb7bf5-kgd56,8,113
22:33:37,200u,productcatalogservice-65bbf699df-j2fmg,101,44
22:33:37,200u,recommendationservice-7444754ff5-n8cbh,167,82
22:33:37,200u,redis-cart-c8ff86559-kcf44,8,37
22:33:37,200u,shippingservice-f956b6d9f-w7n4b,18,33
22:33:39,200u,adservice-574bff445c-qb9cj,50,268
22:33:39,200u,cartservice-7c84fdfb6-m5m6d,108,187
22:33:39,200u,checkoutservice-5b6d96c9b7-45rkr,18,38
22:33:39,200u,currencyservice-7c8fc8fc9c-4hm9g,1,88
22:33:39,200u,currencyservice-7c8fc8fc9c-5frj9,78,122
22:33:39,200u,currencyservice-7c8fc8fc9c-mgwx9,128,124
22:33:39,200u,emailservice-66944ff59-2lcjl,11,95
22:33:39,200u,frontend-7bd6f45654-przgb,106,34
22:33:39,200u,frontend-7bd6f45654-s2s7z,87,53
22:33:39,200u,frontend-7bd6f45654-vfxkp,90,34
22:33:39,200u,paymentservice-9bfb7bf5-kgd56,8,113
22:33:39,200u,productcatalogservice-65bbf699df-j2fmg,101,44
22:33:39,200u,recommendationservice-7444754ff5-n8cbh,167,82
22:33:39,200u,redis-cart-c8ff86559-kcf44,8,37
22:33:39,200u,shippingservice-f956b6d9f-w7n4b,18,33
22:33:48,200u,adservice-574bff445c-qb9cj,50,268
22:33:48,200u,cartservice-7c84fdfb6-m5m6d,108,187
22:33:48,200u,checkoutservice-5b6d96c9b7-45rkr,18,38
22:33:48,200u,currencyservice-7c8fc8fc9c-4hm9g,1,88
22:33:48,200u,currencyservice-7c8fc8fc9c-5frj9,78,122
22:33:48,200u,currencyservice-7c8fc8fc9c-mgwx9,128,124
22:33:48,200u,emailservice-66944ff59-2lcjl,11,95
22:33:48,200u,frontend-7bd6f45654-przgb,106,34
22:33:48,200u,frontend-7bd6f45654-s2s7z,87,53
22:33:48,200u,frontend-7bd6f45654-vfxkp,90,34
22:33:48,200u,paymentservice-9bfb7bf5-kgd56,8,113
22:33:48,200u,productcatalogservice-65bbf699df-j2fmg,101,44
22:33:48,200u,recommendationservice-7444754ff5-n8cbh,167,82
22:33:48,200u,redis-cart-c8ff86559-kcf44,8,37
22:33:48,200u,shippingservice-f956b6d9f-w7n4b,18,33
22:33:50,200u,adservice-574bff445c-qb9cj,58,269
22:33:50,200u,cartservice-7c84fdfb6-m5m6d,104,187
22:33:50,200u,checkoutservice-5b6d96c9b7-45rkr,20,38
22:33:50,200u,currencyservice-7c8fc8fc9c-4hm9g,1,88
22:33:50,200u,currencyservice-7c8fc8fc9c-5frj9,86,121
22:33:50,200u,currencyservice-7c8fc8fc9c-mgwx9,137,125
22:33:50,200u,emailservice-66944ff59-2lcjl,11,95
22:33:50,200u,frontend-7bd6f45654-przgb,106,34
22:33:50,200u,frontend-7bd6f45654-s2s7z,95,53
22:33:50,200u,frontend-7bd6f45654-vfxkp,113,35
22:33:50,200u,paymentservice-9bfb7bf5-kgd56,8,113
22:33:50,200u,productcatalogservice-65bbf699df-j2fmg,111,44
22:33:50,200u,recommendationservice-7444754ff5-n8cbh,197,82
22:33:50,200u,redis-cart-c8ff86559-kcf44,8,37
22:33:50,200u,shippingservice-f956b6d9f-w7n4b,20,33
22:33:58,200u,adservice-574bff445c-qb9cj,58,269
22:33:58,200u,cartservice-7c84fdfb6-m5m6d,104,187
22:33:58,200u,checkoutservice-5b6d96c9b7-45rkr,20,38
22:33:58,200u,currencyservice-7c8fc8fc9c-4hm9g,1,88
22:33:58,200u,currencyservice-7c8fc8fc9c-5frj9,86,121
22:33:58,200u,currencyservice-7c8fc8fc9c-mgwx9,137,125
22:33:58,200u,emailservice-66944ff59-2lcjl,11,95
22:33:58,200u,frontend-7bd6f45654-przgb,106,34
22:33:58,200u,frontend-7bd6f45654-s2s7z,95,53
22:33:58,200u,frontend-7bd6f45654-vfxkp,113,35
22:33:58,200u,paymentservice-9bfb7bf5-kgd56,8,113
22:33:58,200u,productcatalogservice-65bbf699df-j2fmg,111,44
22:33:58,200u,recommendationservice-7444754ff5-n8cbh,197,82
22:33:58,200u,redis-cart-c8ff86559-kcf44,8,37
22:33:58,200u,shippingservice-f956b6d9f-w7n4b,20,33
22:34:00,200u,adservice-574bff445c-qb9cj,58,269
22:34:00,200u,cartservice-7c84fdfb6-m5m6d,104,187
22:34:00,200u,checkoutservice-5b6d96c9b7-45rkr,20,38
22:34:00,200u,currencyservice-7c8fc8fc9c-4hm9g,1,88
22:34:00,200u,currencyservice-7c8fc8fc9c-5frj9,86,121
22:34:00,200u,currencyservice-7c8fc8fc9c-mgwx9,137,125
22:34:00,200u,emailservice-66944ff59-2lcjl,11,95
22:34:00,200u,frontend-7bd6f45654-przgb,106,34
22:34:00,200u,frontend-7bd6f45654-s2s7z,95,53
22:34:00,200u,frontend-7bd6f45654-vfxkp,113,35
22:34:00,200u,paymentservice-9bfb7bf5-kgd56,8,113
22:34:00,200u,productcatalogservice-65bbf699df-j2fmg,111,44
22:34:00,200u,recommendationservice-7444754ff5-n8cbh,197,82
22:34:00,200u,redis-cart-c8ff86559-kcf44,8,37
22:34:00,200u,shippingservice-f956b6d9f-w7n4b,20,33
22:34:08,200u,adservice-574bff445c-qb9cj,58,269
22:34:08,200u,cartservice-7c84fdfb6-m5m6d,111,187
22:34:08,200u,checkoutservice-5b6d96c9b7-45rkr,19,38
22:34:08,200u,currencyservice-7c8fc8fc9c-4hm9g,2,88
22:34:08,200u,currencyservice-7c8fc8fc9c-5frj9,92,122
22:34:08,200u,currencyservice-7c8fc8fc9c-mgwx9,146,125
22:34:08,200u,emailservice-66944ff59-2lcjl,10,95
22:34:08,200u,frontend-7bd6f45654-przgb,112,35
22:34:08,200u,frontend-7bd6f45654-s2s7z,105,54
22:34:08,200u,frontend-7bd6f45654-vfxkp,112,35
22:34:08,200u,paymentservice-9bfb7bf5-kgd56,8,113
22:34:08,200u,productcatalogservice-65bbf699df-j2fmg,116,44
22:34:08,200u,recommendationservice-7444754ff5-n8cbh,200,82
22:34:08,200u,redis-cart-c8ff86559-kcf44,8,37
22:34:08,200u,shippingservice-f956b6d9f-w7n4b,22,33
22:34:10,200u,adservice-574bff445c-qb9cj,58,269
22:34:10,200u,cartservice-7c84fdfb6-m5m6d,111,187
22:34:10,200u,checkoutservice-5b6d96c9b7-45rkr,19,38
22:34:10,200u,currencyservice-7c8fc8fc9c-4hm9g,2,88
22:34:10,200u,currencyservice-7c8fc8fc9c-5frj9,92,122
22:34:10,200u,currencyservice-7c8fc8fc9c-mgwx9,146,125
22:34:10,200u,emailservice-66944ff59-2lcjl,10,95
22:34:10,200u,frontend-7bd6f45654-przgb,112,35
22:34:10,200u,frontend-7bd6f45654-s2s7z,105,54
22:34:10,200u,frontend-7bd6f45654-vfxkp,112,35
22:34:10,200u,paymentservice-9bfb7bf5-kgd56,8,113
22:34:10,200u,productcatalogservice-65bbf699df-j2fmg,116,44
22:34:10,200u,recommendationservice-7444754ff5-n8cbh,200,82
22:34:10,200u,redis-cart-c8ff86559-kcf44,8,37
22:34:10,200u,shippingservice-f956b6d9f-w7n4b,22,33
22:34:18,200u,adservice-574bff445c-qb9cj,58,269
22:34:18,200u,cartservice-7c84fdfb6-m5m6d,111,187
22:34:18,200u,checkoutservice-5b6d96c9b7-45rkr,19,38
22:34:18,200u,currencyservice-7c8fc8fc9c-4hm9g,2,88
22:34:18,200u,currencyservice-7c8fc8fc9c-5frj9,92,122
22:34:18,200u,currencyservice-7c8fc8fc9c-mgwx9,146,125
22:34:18,200u,emailservice-66944ff59-2lcjl,10,95
22:34:18,200u,frontend-7bd6f45654-przgb,112,35
22:34:18,200u,frontend-7bd6f45654-s2s7z,105,54
22:34:18,200u,frontend-7bd6f45654-vfxkp,112,35
22:34:18,200u,paymentservice-9bfb7bf5-kgd56,8,113
22:34:18,200u,productcatalogservice-65bbf699df-j2fmg,116,44
22:34:18,200u,recommendationservice-7444754ff5-n8cbh,200,82
22:34:18,200u,redis-cart-c8ff86559-kcf44,8,37
22:34:18,200u,shippingservice-f956b6d9f-w7n4b,22,33
22:34:20,200u,adservice-574bff445c-qb9cj,61,269
22:34:20,200u,cartservice-7c84fdfb6-m5m6d,98,188
22:34:20,200u,checkoutservice-5b6d96c9b7-45rkr,18,38
22:34:20,200u,currencyservice-7c8fc8fc9c-4hm9g,2,88
22:34:20,200u,currencyservice-7c8fc8fc9c-5frj9,92,122
22:34:20,200u,currencyservice-7c8fc8fc9c-mgwx9,140,125
22:34:20,200u,emailservice-66944ff59-2lcjl,11,95
22:34:20,200u,frontend-7bd6f45654-przgb,105,36
22:34:20,200u,frontend-7bd6f45654-s2s7z,102,55
22:34:20,200u,frontend-7bd6f45654-vfxkp,113,36
22:34:20,200u,paymentservice-9bfb7bf5-kgd56,8,113
22:34:20,200u,productcatalogservice-65bbf699df-j2fmg,111,44
22:34:20,200u,recommendationservice-7444754ff5-n8cbh,195,83
22:34:20,200u,redis-cart-c8ff86559-kcf44,8,37
22:34:20,200u,shippingservice-f956b6d9f-w7n4b,20,33
22:34:28,200u,adservice-574bff445c-qb9cj,61,269
22:34:28,200u,cartservice-7c84fdfb6-m5m6d,98,188
22:34:28,200u,checkoutservice-5b6d96c9b7-45rkr,18,38
22:34:28,200u,currencyservice-7c8fc8fc9c-4hm9g,2,88
22:34:28,200u,currencyservice-7c8fc8fc9c-5frj9,92,122
22:34:28,200u,currencyservice-7c8fc8fc9c-mgwx9,140,125
22:34:28,200u,emailservice-66944ff59-2lcjl,11,95
22:34:28,200u,frontend-7bd6f45654-przgb,105,36
22:34:28,200u,frontend-7bd6f45654-s2s7z,102,55
22:34:28,200u,frontend-7bd6f45654-vfxkp,113,36
22:34:28,200u,paymentservice-9bfb7bf5-kgd56,8,113
22:34:28,200u,productcatalogservice-65bbf699df-j2fmg,111,44
22:34:28,200u,recommendationservice-7444754ff5-n8cbh,195,83
22:34:28,200u,redis-cart-c8ff86559-kcf44,8,37
22:34:28,200u,shippingservice-f956b6d9f-w7n4b,20,33
22:34:30,200u,adservice-574bff445c-qb9cj,61,269
22:34:30,200u,cartservice-7c84fdfb6-m5m6d,98,188
22:34:30,200u,checkoutservice-5b6d96c9b7-45rkr,18,38
22:34:30,200u,currencyservice-7c8fc8fc9c-4hm9g,2,88
22:34:30,200u,currencyservice-7c8fc8fc9c-5frj9,92,122
22:34:30,200u,currencyservice-7c8fc8fc9c-mgwx9,140,125
22:34:30,200u,emailservice-66944ff59-2lcjl,11,95
22:34:30,200u,frontend-7bd6f45654-przgb,105,36
22:34:30,200u,frontend-7bd6f45654-s2s7z,102,55
22:34:30,200u,frontend-7bd6f45654-vfxkp,113,36
22:34:30,200u,paymentservice-9bfb7bf5-kgd56,8,113
22:34:30,200u,productcatalogservice-65bbf699df-j2fmg,111,44
22:34:30,200u,recommendationservice-7444754ff5-n8cbh,195,83
22:34:30,200u,redis-cart-c8ff86559-kcf44,8,37
22:34:30,200u,shippingservice-f956b6d9f-w7n4b,20,33
22:34:38,200u,adservice-574bff445c-qb9cj,62,269
22:34:38,200u,cartservice-7c84fdfb6-m5m6d,98,187
22:34:38,200u,checkoutservice-5b6d96c9b7-45rkr,19,38
22:34:38,200u,currencyservice-7c8fc8fc9c-4hm9g,2,88
22:34:38,200u,currencyservice-7c8fc8fc9c-5frj9,93,122
22:34:38,200u,currencyservice-7c8fc8fc9c-mgwx9,139,125
22:34:38,200u,emailservice-66944ff59-2lcjl,11,95
22:34:38,200u,frontend-7bd6f45654-przgb,108,36
22:34:38,200u,frontend-7bd6f45654-s2s7z,106,56
22:34:38,200u,frontend-7bd6f45654-vfxkp,106,36
22:34:38,200u,paymentservice-9bfb7bf5-kgd56,8,113
22:34:38,200u,productcatalogservice-65bbf699df-j2fmg,113,44
22:34:38,200u,recommendationservice-7444754ff5-n8cbh,199,83
22:34:38,200u,redis-cart-c8ff86559-kcf44,8,37
22:34:38,200u,shippingservice-f956b6d9f-w7n4b,20,33
22:34:40,200u,adservice-574bff445c-qb9cj,62,269
22:34:40,200u,cartservice-7c84fdfb6-m5m6d,98,187
22:34:40,200u,checkoutservice-5b6d96c9b7-45rkr,19,38
22:34:40,200u,currencyservice-7c8fc8fc9c-4hm9g,2,88
22:34:40,200u,currencyservice-7c8fc8fc9c-5frj9,93,122
22:34:40,200u,currencyservice-7c8fc8fc9c-mgwx9,139,125
22:34:40,200u,emailservice-66944ff59-2lcjl,11,95
22:34:40,200u,frontend-7bd6f45654-przgb,108,36
22:34:40,200u,frontend-7bd6f45654-s2s7z,106,56
22:34:40,200u,frontend-7bd6f45654-vfxkp,106,36
22:34:40,200u,paymentservice-9bfb7bf5-kgd56,8,113
22:34:40,200u,productcatalogservice-65bbf699df-j2fmg,113,44
22:34:40,200u,recommendationservice-7444754ff5-n8cbh,199,83
22:34:40,200u,redis-cart-c8ff86559-kcf44,8,37
22:34:40,200u,shippingservice-f956b6d9f-w7n4b,20,33
22:34:48,200u,adservice-574bff445c-qb9cj,62,269
22:34:48,200u,cartservice-7c84fdfb6-m5m6d,98,187
22:34:48,200u,checkoutservice-5b6d96c9b7-45rkr,19,38
22:34:48,200u,currencyservice-7c8fc8fc9c-4hm9g,2,88
22:34:48,200u,currencyservice-7c8fc8fc9c-5frj9,93,122
22:34:48,200u,currencyservice-7c8fc8fc9c-mgwx9,139,125
22:34:48,200u,emailservice-66944ff59-2lcjl,11,95
22:34:48,200u,frontend-7bd6f45654-przgb,108,36
22:34:48,200u,frontend-7bd6f45654-s2s7z,106,56
22:34:48,200u,frontend-7bd6f45654-vfxkp,106,36
22:34:48,200u,paymentservice-9bfb7bf5-kgd56,8,113
22:34:48,200u,productcatalogservice-65bbf699df-j2fmg,113,44
22:34:48,200u,recommendationservice-7444754ff5-n8cbh,199,83
22:34:48,200u,redis-cart-c8ff86559-kcf44,8,37
22:34:48,200u,shippingservice-f956b6d9f-w7n4b,20,33
22:34:50,200u,adservice-574bff445c-qb9cj,63,269
22:34:50,200u,cartservice-7c84fdfb6-m5m6d,107,187
22:34:50,200u,checkoutservice-5b6d96c9b7-45rkr,18,38
22:34:50,200u,currencyservice-7c8fc8fc9c-4hm9g,2,88
22:34:50,200u,currencyservice-7c8fc8fc9c-5frj9,92,123
22:34:50,200u,currencyservice-7c8fc8fc9c-mgwx9,150,125
22:34:50,200u,emailservice-66944ff59-2lcjl,10,95
22:34:50,200u,frontend-7bd6f45654-przgb,113,36
22:34:50,200u,frontend-7bd6f45654-s2s7z,105,56
22:34:50,200u,frontend-7bd6f45654-vfxkp,115,37
22:34:50,200u,paymentservice-9bfb7bf5-kgd56,8,113
22:34:50,200u,productcatalogservice-65bbf699df-j2fmg,114,44
22:34:50,200u,recommendationservice-7444754ff5-n8cbh,201,84
22:34:50,200u,redis-cart-c8ff86559-kcf44,8,37
22:34:50,200u,shippingservice-f956b6d9f-w7n4b,21,33
22:34:58,200u,adservice-574bff445c-qb9cj,63,269
22:34:58,200u,cartservice-7c84fdfb6-m5m6d,107,187
22:34:58,200u,checkoutservice-5b6d96c9b7-45rkr,18,38
22:34:58,200u,currencyservice-7c8fc8fc9c-4hm9g,2,88
22:34:58,200u,currencyservice-7c8fc8fc9c-5frj9,92,123
22:34:58,200u,currencyservice-7c8fc8fc9c-mgwx9,150,125
22:34:58,200u,emailservice-66944ff59-2lcjl,10,95
22:34:58,200u,frontend-7bd6f45654-przgb,113,36
22:34:58,200u,frontend-7bd6f45654-s2s7z,105,56
22:34:58,200u,frontend-7bd6f45654-vfxkp,115,37
22:34:58,200u,paymentservice-9bfb7bf5-kgd56,8,113
22:34:58,200u,productcatalogservice-65bbf699df-j2fmg,114,44
22:34:58,200u,recommendationservice-7444754ff5-n8cbh,201,84
22:34:58,200u,redis-cart-c8ff86559-kcf44,8,37
22:34:58,200u,shippingservice-f956b6d9f-w7n4b,21,33
22:35:00,200u,adservice-574bff445c-qb9cj,63,269
22:35:00,200u,cartservice-7c84fdfb6-m5m6d,107,187
22:35:00,200u,checkoutservice-5b6d96c9b7-45rkr,18,38
22:35:00,200u,currencyservice-7c8fc8fc9c-4hm9g,2,88
22:35:00,200u,currencyservice-7c8fc8fc9c-5frj9,92,123
22:35:00,200u,currencyservice-7c8fc8fc9c-mgwx9,150,125
22:35:00,200u,emailservice-66944ff59-2lcjl,10,95
22:35:00,200u,frontend-7bd6f45654-przgb,113,36
22:35:00,200u,frontend-7bd6f45654-s2s7z,105,56
22:35:00,200u,frontend-7bd6f45654-vfxkp,115,37
22:35:00,200u,paymentservice-9bfb7bf5-kgd56,8,113
22:35:00,200u,productcatalogservice-65bbf699df-j2fmg,114,44
22:35:00,200u,recommendationservice-7444754ff5-n8cbh,201,84
22:35:00,200u,redis-cart-c8ff86559-kcf44,8,37
22:35:00,200u,shippingservice-f956b6d9f-w7n4b,21,33
22:35:08,200u,adservice-574bff445c-qb9cj,106,273
22:35:08,200u,cartservice-7c84fdfb6-m5m6d,130,187
22:35:08,200u,checkoutservice-5b6d96c9b7-45rkr,37,38
22:35:08,200u,currencyservice-7c8fc8fc9c-4hm9g,1,88
22:35:08,200u,currencyservice-7c8fc8fc9c-5frj9,128,124
22:35:08,200u,currencyservice-7c8fc8fc9c-mgwx9,166,126
22:35:08,200u,emailservice-66944ff59-2lcjl,19,95
22:35:08,200u,frontend-7bd6f45654-przgb,128,36
22:35:08,200u,frontend-7bd6f45654-s2s7z,135,56
22:35:08,200u,frontend-7bd6f45654-vfxkp,138,36
22:35:08,200u,paymentservice-9bfb7bf5-kgd56,15,114
22:35:08,200u,productcatalogservice-65bbf699df-j2fmg,118,44
22:35:08,200u,redis-cart-c8ff86559-kcf44,10,37
22:35:08,200u,shippingservice-f956b6d9f-w7n4b,28,33
22:35:10,200u,adservice-574bff445c-qb9cj,106,273
22:35:10,200u,cartservice-7c84fdfb6-m5m6d,130,187
22:35:10,200u,checkoutservice-5b6d96c9b7-45rkr,37,38
22:35:10,200u,currencyservice-7c8fc8fc9c-4hm9g,1,88
22:35:10,200u,currencyservice-7c8fc8fc9c-5frj9,128,124
22:35:10,200u,currencyservice-7c8fc8fc9c-mgwx9,166,126
22:35:10,200u,emailservice-66944ff59-2lcjl,19,95
22:35:10,200u,frontend-7bd6f45654-przgb,128,36
22:35:10,200u,frontend-7bd6f45654-s2s7z,135,56
22:35:10,200u,frontend-7bd6f45654-vfxkp,138,36
22:35:10,200u,paymentservice-9bfb7bf5-kgd56,15,114
22:35:10,200u,productcatalogservice-65bbf699df-j2fmg,118,44
22:35:10,200u,redis-cart-c8ff86559-kcf44,10,37
22:35:10,200u,shippingservice-f956b6d9f-w7n4b,28,33
22:35:18,200u,adservice-574bff445c-qb9cj,106,273
22:35:18,200u,cartservice-7c84fdfb6-m5m6d,130,187
22:35:18,200u,checkoutservice-5b6d96c9b7-45rkr,37,38
22:35:18,200u,currencyservice-7c8fc8fc9c-4hm9g,1,88
22:35:18,200u,currencyservice-7c8fc8fc9c-5frj9,128,124
22:35:18,200u,currencyservice-7c8fc8fc9c-mgwx9,166,126
22:35:18,200u,emailservice-66944ff59-2lcjl,19,95
22:35:18,200u,frontend-7bd6f45654-przgb,128,36
22:35:18,200u,frontend-7bd6f45654-s2s7z,135,56
22:35:18,200u,frontend-7bd6f45654-vfxkp,138,36
22:35:18,200u,paymentservice-9bfb7bf5-kgd56,15,114
22:35:18,200u,productcatalogservice-65bbf699df-j2fmg,118,44
22:35:18,200u,redis-cart-c8ff86559-kcf44,10,37
22:35:18,200u,shippingservice-f956b6d9f-w7n4b,28,33
22:35:20,200u,adservice-574bff445c-qb9cj,60,277
22:35:20,200u,cartservice-7c84fdfb6-m5m6d,70,187
22:35:20,200u,checkoutservice-5b6d96c9b7-45rkr,23,38
22:35:20,200u,currencyservice-7c8fc8fc9c-4hm9g,2,88
22:35:20,200u,currencyservice-7c8fc8fc9c-5frj9,63,124
22:35:20,200u,currencyservice-7c8fc8fc9c-mgwx9,69,124
22:35:20,200u,emailservice-66944ff59-2lcjl,15,95
22:35:20,200u,frontend-7bd6f45654-przgb,54,37
22:35:20,200u,frontend-7bd6f45654-s2s7z,61,55
22:35:20,200u,frontend-7bd6f45654-vfxkp,57,36
22:35:20,200u,paymentservice-9bfb7bf5-kgd56,9,114
22:35:20,200u,productcatalogservice-65bbf699df-j2fmg,39,44
22:35:20,200u,recommendationservice-7444754ff5-n8cbh,41,57
22:35:20,200u,redis-cart-c8ff86559-kcf44,8,37
22:35:20,200u,shippingservice-f956b6d9f-w7n4b,16,33
22:35:29,200u,adservice-574bff445c-qb9cj,60,277
22:35:29,200u,cartservice-7c84fdfb6-m5m6d,70,187
22:35:29,200u,checkoutservice-5b6d96c9b7-45rkr,23,38
22:35:29,200u,currencyservice-7c8fc8fc9c-4hm9g,2,88
22:35:29,200u,currencyservice-7c8fc8fc9c-5frj9,63,124
22:35:29,200u,currencyservice-7c8fc8fc9c-mgwx9,69,124
22:35:29,200u,emailservice-66944ff59-2lcjl,15,95
22:35:29,200u,frontend-7bd6f45654-przgb,54,37
22:35:29,200u,frontend-7bd6f45654-s2s7z,61,55
22:35:29,200u,frontend-7bd6f45654-vfxkp,57,36
22:35:29,200u,paymentservice-9bfb7bf5-kgd56,9,114
22:35:29,200u,productcatalogservice-65bbf699df-j2fmg,39,44
22:35:29,200u,recommendationservice-7444754ff5-n8cbh,41,57
22:35:29,200u,redis-cart-c8ff86559-kcf44,8,37
22:35:29,200u,shippingservice-f956b6d9f-w7n4b,16,33
22:35:31,200u,adservice-574bff445c-qb9cj,60,277
22:35:31,200u,cartservice-7c84fdfb6-m5m6d,70,187
22:35:31,200u,checkoutservice-5b6d96c9b7-45rkr,23,38
22:35:31,200u,currencyservice-7c8fc8fc9c-4hm9g,2,88
22:35:31,200u,currencyservice-7c8fc8fc9c-5frj9,63,124
22:35:31,200u,currencyservice-7c8fc8fc9c-mgwx9,69,124
22:35:31,200u,emailservice-66944ff59-2lcjl,15,95
22:35:31,200u,frontend-7bd6f45654-przgb,54,37
22:35:31,200u,frontend-7bd6f45654-s2s7z,61,55
22:35:31,200u,frontend-7bd6f45654-vfxkp,57,36
22:35:31,200u,paymentservice-9bfb7bf5-kgd56,9,114
22:35:31,200u,productcatalogservice-65bbf699df-j2fmg,39,44
22:35:31,200u,recommendationservice-7444754ff5-n8cbh,41,57
22:35:31,200u,redis-cart-c8ff86559-kcf44,8,37
22:35:31,200u,shippingservice-f956b6d9f-w7n4b,16,33
22:35:39,200u,adservice-574bff445c-qb9cj,2,277
22:35:39,200u,cartservice-7c84fdfb6-m5m6d,3,187
22:35:39,200u,checkoutservice-5b6d96c9b7-45rkr,2,38
22:35:39,200u,currencyservice-7c8fc8fc9c-4hm9g,3,88
22:35:39,200u,currencyservice-7c8fc8fc9c-5frj9,2,124
22:35:39,200u,currencyservice-7c8fc8fc9c-mgwx9,2,124
22:35:39,200u,emailservice-66944ff59-2lcjl,5,95
22:35:39,200u,frontend-7bd6f45654-przgb,1,37
22:35:39,200u,frontend-7bd6f45654-s2s7z,2,55
22:35:39,200u,frontend-7bd6f45654-vfxkp,1,36
22:35:39,200u,paymentservice-9bfb7bf5-kgd56,2,114
22:35:39,200u,productcatalogservice-65bbf699df-j2fmg,1,44
22:35:39,200u,recommendationservice-7444754ff5-n8cbh,5,57
22:35:39,200u,redis-cart-c8ff86559-kcf44,3,37
22:35:39,200u,shippingservice-f956b6d9f-w7n4b,2,33
22:35:41,200u,adservice-574bff445c-qb9cj,2,277
22:35:41,200u,cartservice-7c84fdfb6-m5m6d,3,187
22:35:41,200u,checkoutservice-5b6d96c9b7-45rkr,2,38
22:35:41,200u,currencyservice-7c8fc8fc9c-4hm9g,3,88
22:35:41,200u,currencyservice-7c8fc8fc9c-5frj9,2,124
22:35:41,200u,currencyservice-7c8fc8fc9c-mgwx9,2,124
22:35:41,200u,emailservice-66944ff59-2lcjl,5,95
22:35:41,200u,frontend-7bd6f45654-przgb,1,37
22:35:41,200u,frontend-7bd6f45654-s2s7z,2,55
22:35:41,200u,frontend-7bd6f45654-vfxkp,1,36
22:35:41,200u,paymentservice-9bfb7bf5-kgd56,2,114
22:35:41,200u,productcatalogservice-65bbf699df-j2fmg,1,44
22:35:41,200u,recommendationservice-7444754ff5-n8cbh,5,57
22:35:41,200u,redis-cart-c8ff86559-kcf44,3,37
22:35:41,200u,shippingservice-f956b6d9f-w7n4b,2,33
22:35:49,200u,adservice-574bff445c-qb9cj,2,277
22:35:49,200u,cartservice-7c84fdfb6-m5m6d,3,187
22:35:49,200u,checkoutservice-5b6d96c9b7-45rkr,2,38
22:35:49,200u,currencyservice-7c8fc8fc9c-4hm9g,3,88
22:35:49,200u,currencyservice-7c8fc8fc9c-5frj9,2,124
22:35:49,200u,currencyservice-7c8fc8fc9c-mgwx9,2,124
22:35:49,200u,emailservice-66944ff59-2lcjl,5,95
22:35:49,200u,frontend-7bd6f45654-przgb,1,37
22:35:49,200u,frontend-7bd6f45654-s2s7z,2,55
22:35:49,200u,frontend-7bd6f45654-vfxkp,1,36
22:35:49,200u,paymentservice-9bfb7bf5-kgd56,2,114
22:35:49,200u,productcatalogservice-65bbf699df-j2fmg,1,44
22:35:49,200u,recommendationservice-7444754ff5-n8cbh,5,57
22:35:49,200u,redis-cart-c8ff86559-kcf44,3,37
22:35:49,200u,shippingservice-f956b6d9f-w7n4b,2,33
22:35:51,200u,adservice-574bff445c-qb9cj,2,277
22:35:51,200u,cartservice-7c84fdfb6-m5m6d,2,187
22:35:51,200u,checkoutservice-5b6d96c9b7-45rkr,1,38
22:35:51,200u,currencyservice-7c8fc8fc9c-4hm9g,2,88
22:35:51,200u,currencyservice-7c8fc8fc9c-5frj9,2,124
22:35:51,200u,currencyservice-7c8fc8fc9c-mgwx9,2,124
22:35:51,200u,emailservice-66944ff59-2lcjl,5,95
22:35:51,200u,frontend-7bd6f45654-przgb,1,37
22:35:51,200u,frontend-7bd6f45654-s2s7z,1,55
22:35:51,200u,frontend-7bd6f45654-vfxkp,1,36
22:35:51,200u,paymentservice-9bfb7bf5-kgd56,1,114
22:35:51,200u,productcatalogservice-65bbf699df-j2fmg,1,44
22:35:51,200u,recommendationservice-7444754ff5-n8cbh,5,57
22:35:51,200u,redis-cart-c8ff86559-kcf44,3,37
22:35:51,200u,shippingservice-f956b6d9f-w7n4b,1,33
22:35:59,200u,adservice-574bff445c-qb9cj,2,277
22:35:59,200u,cartservice-7c84fdfb6-m5m6d,2,187
22:35:59,200u,checkoutservice-5b6d96c9b7-45rkr,1,38
22:35:59,200u,currencyservice-7c8fc8fc9c-4hm9g,2,88
22:35:59,200u,currencyservice-7c8fc8fc9c-5frj9,2,124
22:35:59,200u,currencyservice-7c8fc8fc9c-mgwx9,2,124
22:35:59,200u,emailservice-66944ff59-2lcjl,5,95
22:35:59,200u,frontend-7bd6f45654-przgb,1,37
22:35:59,200u,frontend-7bd6f45654-s2s7z,1,55
22:35:59,200u,frontend-7bd6f45654-vfxkp,1,36
22:35:59,200u,paymentservice-9bfb7bf5-kgd56,1,114
22:35:59,200u,productcatalogservice-65bbf699df-j2fmg,1,44
22:35:59,200u,recommendationservice-7444754ff5-n8cbh,5,57
22:35:59,200u,redis-cart-c8ff86559-kcf44,3,37
22:35:59,200u,shippingservice-f956b6d9f-w7n4b,1,33
22:36:01,200u,adservice-574bff445c-qb9cj,2,277
22:36:01,200u,cartservice-7c84fdfb6-m5m6d,2,187
22:36:01,200u,checkoutservice-5b6d96c9b7-45rkr,1,38
22:36:01,200u,currencyservice-7c8fc8fc9c-4hm9g,2,88
22:36:01,200u,currencyservice-7c8fc8fc9c-5frj9,2,124
22:36:01,200u,currencyservice-7c8fc8fc9c-mgwx9,2,124
22:36:01,200u,emailservice-66944ff59-2lcjl,5,95
22:36:01,200u,frontend-7bd6f45654-przgb,1,37
22:36:01,200u,frontend-7bd6f45654-s2s7z,1,55
22:36:01,200u,frontend-7bd6f45654-vfxkp,1,36
22:36:01,200u,paymentservice-9bfb7bf5-kgd56,1,114
22:36:01,200u,productcatalogservice-65bbf699df-j2fmg,1,44
22:36:01,200u,recommendationservice-7444754ff5-n8cbh,5,57
22:36:01,200u,redis-cart-c8ff86559-kcf44,3,37
22:36:01,200u,shippingservice-f956b6d9f-w7n4b,1,33
22:36:09,200u,adservice-574bff445c-qb9cj,2,277
22:36:09,200u,cartservice-7c84fdfb6-m5m6d,3,187
22:36:09,200u,checkoutservice-5b6d96c9b7-45rkr,1,38
22:36:09,200u,currencyservice-7c8fc8fc9c-4hm9g,2,88
22:36:09,200u,currencyservice-7c8fc8fc9c-5frj9,2,124
22:36:09,200u,currencyservice-7c8fc8fc9c-mgwx9,1,124
22:36:09,200u,emailservice-66944ff59-2lcjl,4,95
22:36:09,200u,frontend-7bd6f45654-przgb,1,37
22:36:09,200u,frontend-7bd6f45654-s2s7z,1,55
22:36:09,200u,frontend-7bd6f45654-vfxkp,1,36
22:36:09,200u,paymentservice-9bfb7bf5-kgd56,2,114
22:36:09,200u,productcatalogservice-65bbf699df-j2fmg,1,44
22:36:09,200u,recommendationservice-7444754ff5-n8cbh,5,57
22:36:09,200u,redis-cart-c8ff86559-kcf44,3,37
22:36:09,200u,shippingservice-f956b6d9f-w7n4b,1,33
22:36:11,300u,adservice-574bff445c-qb9cj,2,277
22:36:11,300u,cartservice-7c84fdfb6-m5m6d,3,187
22:36:11,300u,checkoutservice-5b6d96c9b7-45rkr,1,38
22:36:11,300u,currencyservice-7c8fc8fc9c-4hm9g,2,88
22:36:11,300u,currencyservice-7c8fc8fc9c-5frj9,2,124
22:36:11,300u,currencyservice-7c8fc8fc9c-mgwx9,1,124
22:36:11,300u,emailservice-66944ff59-2lcjl,4,95
22:36:11,300u,frontend-7bd6f45654-przgb,1,37
22:36:11,300u,frontend-7bd6f45654-s2s7z,1,55
22:36:11,300u,frontend-7bd6f45654-vfxkp,1,36
22:36:11,300u,paymentservice-9bfb7bf5-kgd56,2,114
22:36:11,300u,productcatalogservice-65bbf699df-j2fmg,1,44
22:36:11,300u,recommendationservice-7444754ff5-n8cbh,5,57
22:36:11,300u,redis-cart-c8ff86559-kcf44,3,37
22:36:11,300u,shippingservice-f956b6d9f-w7n4b,1,33
22:36:19,300u,adservice-574bff445c-qb9cj,2,277
22:36:19,300u,cartservice-7c84fdfb6-m5m6d,3,187
22:36:19,300u,checkoutservice-5b6d96c9b7-45rkr,1,38
22:36:19,300u,currencyservice-7c8fc8fc9c-4hm9g,2,88
22:36:19,300u,currencyservice-7c8fc8fc9c-5frj9,2,124
22:36:19,300u,currencyservice-7c8fc8fc9c-mgwx9,1,124
22:36:19,300u,emailservice-66944ff59-2lcjl,4,95
22:36:19,300u,frontend-7bd6f45654-przgb,1,37
22:36:19,300u,frontend-7bd6f45654-s2s7z,1,55
22:36:19,300u,frontend-7bd6f45654-vfxkp,1,36
22:36:19,300u,paymentservice-9bfb7bf5-kgd56,2,114
22:36:19,300u,productcatalogservice-65bbf699df-j2fmg,1,44
22:36:19,300u,recommendationservice-7444754ff5-n8cbh,5,57
22:36:19,300u,redis-cart-c8ff86559-kcf44,3,37
22:36:19,300u,shippingservice-f956b6d9f-w7n4b,1,33
22:36:21,300u,adservice-574bff445c-qb9cj,22,270
22:36:21,300u,cartservice-7c84fdfb6-m5m6d,29,187
22:36:21,300u,checkoutservice-5b6d96c9b7-45rkr,4,38
22:36:21,300u,currencyservice-7c8fc8fc9c-4hm9g,1,89
22:36:21,300u,currencyservice-7c8fc8fc9c-5frj9,19,124
22:36:21,300u,currencyservice-7c8fc8fc9c-mgwx9,38,124
22:36:21,300u,emailservice-66944ff59-2lcjl,5,95
22:36:21,300u,frontend-7bd6f45654-przgb,21,34
22:36:21,300u,frontend-7bd6f45654-s2s7z,21,53
22:36:21,300u,frontend-7bd6f45654-vfxkp,29,34
22:36:21,300u,paymentservice-9bfb7bf5-kgd56,3,114
22:36:21,300u,productcatalogservice-65bbf699df-j2fmg,26,44
22:36:21,300u,recommendationservice-7444754ff5-n8cbh,43,57
22:36:21,300u,redis-cart-c8ff86559-kcf44,5,37
22:36:21,300u,shippingservice-f956b6d9f-w7n4b,5,33
22:36:29,300u,adservice-574bff445c-qb9cj,22,270
22:36:29,300u,cartservice-7c84fdfb6-m5m6d,29,187
22:36:29,300u,checkoutservice-5b6d96c9b7-45rkr,4,38
22:36:29,300u,currencyservice-7c8fc8fc9c-4hm9g,1,89
22:36:29,300u,currencyservice-7c8fc8fc9c-5frj9,19,124
22:36:29,300u,currencyservice-7c8fc8fc9c-mgwx9,38,124
22:36:29,300u,emailservice-66944ff59-2lcjl,5,95
22:36:29,300u,frontend-7bd6f45654-przgb,21,34
22:36:29,300u,frontend-7bd6f45654-s2s7z,21,53
22:36:29,300u,frontend-7bd6f45654-vfxkp,29,34
22:36:29,300u,paymentservice-9bfb7bf5-kgd56,3,114
22:36:29,300u,productcatalogservice-65bbf699df-j2fmg,26,44
22:36:29,300u,recommendationservice-7444754ff5-n8cbh,43,57
22:36:29,300u,redis-cart-c8ff86559-kcf44,5,37
22:36:29,300u,shippingservice-f956b6d9f-w7n4b,5,33
22:36:31,300u,adservice-574bff445c-qb9cj,22,270
22:36:31,300u,cartservice-7c84fdfb6-m5m6d,29,187
22:36:31,300u,checkoutservice-5b6d96c9b7-45rkr,4,38
22:36:31,300u,currencyservice-7c8fc8fc9c-4hm9g,1,89
22:36:31,300u,currencyservice-7c8fc8fc9c-5frj9,19,124
22:36:31,300u,currencyservice-7c8fc8fc9c-mgwx9,38,124
22:36:31,300u,emailservice-66944ff59-2lcjl,5,95
22:36:31,300u,frontend-7bd6f45654-przgb,21,34
22:36:31,300u,frontend-7bd6f45654-s2s7z,21,53
22:36:31,300u,frontend-7bd6f45654-vfxkp,29,34
22:36:31,300u,paymentservice-9bfb7bf5-kgd56,3,114
22:36:31,300u,productcatalogservice-65bbf699df-j2fmg,26,44
22:36:31,300u,recommendationservice-7444754ff5-n8cbh,43,57
22:36:31,300u,redis-cart-c8ff86559-kcf44,5,37
22:36:31,300u,shippingservice-f956b6d9f-w7n4b,5,33
22:36:40,300u,adservice-574bff445c-qb9cj,47,270
22:36:40,300u,cartservice-7c84fdfb6-m5m6d,85,187
22:36:40,300u,checkoutservice-5b6d96c9b7-45rkr,16,38
22:36:40,300u,currencyservice-7c8fc8fc9c-4hm9g,1,89
22:36:40,300u,currencyservice-7c8fc8fc9c-5frj9,75,124
22:36:40,300u,currencyservice-7c8fc8fc9c-mgwx9,115,126
22:36:40,300u,emailservice-66944ff59-2lcjl,10,95
22:36:40,300u,frontend-7bd6f45654-przgb,78,34
22:36:40,300u,frontend-7bd6f45654-s2s7z,81,53
22:36:40,300u,frontend-7bd6f45654-vfxkp,98,34
22:36:40,300u,paymentservice-9bfb7bf5-kgd56,7,114
22:36:40,300u,productcatalogservice-65bbf699df-j2fmg,90,44
22:36:40,300u,recommendationservice-7444754ff5-n8cbh,157,58
22:36:40,300u,redis-cart-c8ff86559-kcf44,7,37
22:36:40,300u,shippingservice-f956b6d9f-w7n4b,16,33
22:36:41,300u,adservice-574bff445c-qb9cj,47,270
22:36:41,300u,cartservice-7c84fdfb6-m5m6d,85,187
22:36:41,300u,checkoutservice-5b6d96c9b7-45rkr,16,38
22:36:41,300u,currencyservice-7c8fc8fc9c-4hm9g,1,89
22:36:41,300u,currencyservice-7c8fc8fc9c-5frj9,75,124
22:36:41,300u,currencyservice-7c8fc8fc9c-mgwx9,115,126
22:36:41,300u,emailservice-66944ff59-2lcjl,10,95
22:36:41,300u,frontend-7bd6f45654-przgb,78,34
22:36:41,300u,frontend-7bd6f45654-s2s7z,81,53
22:36:41,300u,frontend-7bd6f45654-vfxkp,98,34
22:36:41,300u,paymentservice-9bfb7bf5-kgd56,7,114
22:36:41,300u,productcatalogservice-65bbf699df-j2fmg,90,44
22:36:41,300u,recommendationservice-7444754ff5-n8cbh,157,58
22:36:41,300u,redis-cart-c8ff86559-kcf44,7,37
22:36:41,300u,shippingservice-f956b6d9f-w7n4b,16,33
22:36:50,300u,adservice-574bff445c-qb9cj,32,270
22:36:50,300u,cartservice-7c84fdfb6-m5m6d,52,187
22:36:50,300u,checkoutservice-5b6d96c9b7-45rkr,10,38
22:36:50,300u,currencyservice-7c8fc8fc9c-4hm9g,2,89
22:36:50,300u,currencyservice-7c8fc8fc9c-5frj9,55,124
22:36:50,300u,currencyservice-7c8fc8fc9c-mgwx9,73,125
22:36:50,300u,emailservice-66944ff59-2lcjl,7,95
22:36:50,300u,frontend-7bd6f45654-przgb,48,34
22:36:50,300u,frontend-7bd6f45654-s2s7z,64,52
22:36:50,300u,frontend-7bd6f45654-vfxkp,60,34
22:36:50,300u,paymentservice-9bfb7bf5-kgd56,5,114
22:36:50,300u,productcatalogservice-65bbf699df-j2fmg,61,44
22:36:50,300u,recommendationservice-7444754ff5-n8cbh,109,57
22:36:50,300u,redis-cart-c8ff86559-kcf44,5,37
22:36:50,300u,shippingservice-f956b6d9f-w7n4b,11,33
22:36:52,300u,adservice-574bff445c-qb9cj,32,270
22:36:52,300u,cartservice-7c84fdfb6-m5m6d,52,187
22:36:52,300u,checkoutservice-5b6d96c9b7-45rkr,10,38
22:36:52,300u,currencyservice-7c8fc8fc9c-4hm9g,2,89
22:36:52,300u,currencyservice-7c8fc8fc9c-5frj9,55,124
22:36:52,300u,currencyservice-7c8fc8fc9c-mgwx9,73,125
22:36:52,300u,emailservice-66944ff59-2lcjl,7,95
22:36:52,300u,frontend-7bd6f45654-przgb,48,34
22:36:52,300u,frontend-7bd6f45654-s2s7z,64,52
22:36:52,300u,frontend-7bd6f45654-vfxkp,60,34
22:36:52,300u,paymentservice-9bfb7bf5-kgd56,5,114
22:36:52,300u,productcatalogservice-65bbf699df-j2fmg,61,44
22:36:52,300u,recommendationservice-7444754ff5-n8cbh,109,57
22:36:52,300u,redis-cart-c8ff86559-kcf44,5,37
22:36:52,300u,shippingservice-f956b6d9f-w7n4b,11,33
22:37:00,300u,adservice-574bff445c-qb9cj,32,270
22:37:00,300u,cartservice-7c84fdfb6-m5m6d,52,187
22:37:00,300u,checkoutservice-5b6d96c9b7-45rkr,10,38
22:37:00,300u,currencyservice-7c8fc8fc9c-4hm9g,2,89
22:37:00,300u,currencyservice-7c8fc8fc9c-5frj9,55,124
22:37:00,300u,currencyservice-7c8fc8fc9c-mgwx9,73,125
22:37:00,300u,emailservice-66944ff59-2lcjl,7,95
22:37:00,300u,frontend-7bd6f45654-przgb,48,34
22:37:00,300u,frontend-7bd6f45654-s2s7z,64,52
22:37:00,300u,frontend-7bd6f45654-vfxkp,60,34
22:37:00,300u,paymentservice-9bfb7bf5-kgd56,5,114
22:37:00,300u,productcatalogservice-65bbf699df-j2fmg,61,44
22:37:00,300u,recommendationservice-7444754ff5-n8cbh,109,57
22:37:00,300u,redis-cart-c8ff86559-kcf44,5,37
22:37:00,300u,shippingservice-f956b6d9f-w7n4b,11,33
22:37:02,300u,adservice-574bff445c-qb9cj,32,270
22:37:02,300u,cartservice-7c84fdfb6-m5m6d,52,187
22:37:02,300u,checkoutservice-5b6d96c9b7-45rkr,10,38
22:37:02,300u,currencyservice-7c8fc8fc9c-4hm9g,2,89
22:37:02,300u,currencyservice-7c8fc8fc9c-5frj9,55,124
22:37:02,300u,currencyservice-7c8fc8fc9c-mgwx9,73,125
22:37:02,300u,emailservice-66944ff59-2lcjl,7,95
22:37:02,300u,frontend-7bd6f45654-przgb,48,34
22:37:02,300u,frontend-7bd6f45654-s2s7z,64,52
22:37:02,300u,frontend-7bd6f45654-vfxkp,60,34
22:37:02,300u,paymentservice-9bfb7bf5-kgd56,5,114
22:37:02,300u,productcatalogservice-65bbf699df-j2fmg,61,44
22:37:02,300u,recommendationservice-7444754ff5-n8cbh,109,57
22:37:02,300u,redis-cart-c8ff86559-kcf44,5,37
22:37:02,300u,shippingservice-f956b6d9f-w7n4b,11,33
22:37:10,300u,adservice-574bff445c-qb9cj,45,270
22:37:10,300u,cartservice-7c84fdfb6-m5m6d,93,187
22:37:10,300u,checkoutservice-5b6d96c9b7-45rkr,17,38
22:37:10,300u,currencyservice-7c8fc8fc9c-4hm9g,2,89
22:37:10,300u,currencyservice-7c8fc8fc9c-5frj9,77,125
22:37:10,300u,currencyservice-7c8fc8fc9c-mgwx9,115,126
22:37:10,300u,emailservice-66944ff59-2lcjl,10,95
22:37:10,300u,frontend-7bd6f45654-przgb,75,34
22:37:10,300u,frontend-7bd6f45654-s2s7z,89,53
22:37:10,300u,frontend-7bd6f45654-vfxkp,95,34
22:37:10,300u,paymentservice-9bfb7bf5-kgd56,8,114
22:37:10,300u,productcatalogservice-65bbf699df-j2fmg,93,44
22:37:10,300u,recommendationservice-7444754ff5-n8cbh,159,58
22:37:10,300u,redis-cart-c8ff86559-kcf44,7,37
22:37:10,300u,shippingservice-f956b6d9f-w7n4b,18,33
22:37:12,300u,adservice-574bff445c-qb9cj,45,270
22:37:12,300u,cartservice-7c84fdfb6-m5m6d,93,187
22:37:12,300u,checkoutservice-5b6d96c9b7-45rkr,17,38
22:37:12,300u,currencyservice-7c8fc8fc9c-4hm9g,2,89
22:37:12,300u,currencyservice-7c8fc8fc9c-5frj9,77,125
22:37:12,300u,currencyservice-7c8fc8fc9c-mgwx9,115,126
22:37:12,300u,emailservice-66944ff59-2lcjl,10,95
22:37:12,300u,frontend-7bd6f45654-przgb,75,34
22:37:12,300u,frontend-7bd6f45654-s2s7z,89,53
22:37:12,300u,frontend-7bd6f45654-vfxkp,95,34
22:37:12,300u,paymentservice-9bfb7bf5-kgd56,8,114
22:37:12,300u,productcatalogservice-65bbf699df-j2fmg,93,44
22:37:12,300u,recommendationservice-7444754ff5-n8cbh,159,58
22:37:12,300u,redis-cart-c8ff86559-kcf44,7,37
22:37:12,300u,shippingservice-f956b6d9f-w7n4b,18,33
22:37:20,300u,adservice-574bff445c-qb9cj,55,270
22:37:20,300u,cartservice-7c84fdfb6-m5m6d,89,187
22:37:20,300u,checkoutservice-5b6d96c9b7-45rkr,16,38
22:37:20,300u,currencyservice-7c8fc8fc9c-4hm9g,1,89
22:37:20,300u,currencyservice-7c8fc8fc9c-5frj9,83,126
22:37:20,300u,currencyservice-7c8fc8fc9c-mgwx9,125,126
22:37:20,300u,emailservice-66944ff59-2lcjl,10,95
22:37:20,300u,frontend-7bd6f45654-przgb,82,35
22:37:20,300u,frontend-7bd6f45654-s2s7z,95,54
22:37:20,300u,frontend-7bd6f45654-vfxkp,109,35
22:37:20,300u,paymentservice-9bfb7bf5-kgd56,8,114
22:37:20,300u,productcatalogservice-65bbf699df-j2fmg,100,44
22:37:20,300u,recommendationservice-7444754ff5-n8cbh,180,58
22:37:20,300u,redis-cart-c8ff86559-kcf44,8,37
22:37:20,300u,shippingservice-f956b6d9f-w7n4b,17,33
22:37:22,300u,adservice-574bff445c-qb9cj,55,270
22:37:22,300u,cartservice-7c84fdfb6-m5m6d,89,187
22:37:22,300u,checkoutservice-5b6d96c9b7-45rkr,16,38
22:37:22,300u,currencyservice-7c8fc8fc9c-4hm9g,1,89
22:37:22,300u,currencyservice-7c8fc8fc9c-5frj9,83,126
22:37:22,300u,currencyservice-7c8fc8fc9c-mgwx9,125,126
22:37:22,300u,emailservice-66944ff59-2lcjl,10,95
22:37:22,300u,frontend-7bd6f45654-przgb,82,35
22:37:22,300u,frontend-7bd6f45654-s2s7z,95,54
22:37:22,300u,frontend-7bd6f45654-vfxkp,109,35
22:37:22,300u,paymentservice-9bfb7bf5-kgd56,8,114
22:37:22,300u,productcatalogservice-65bbf699df-j2fmg,100,44
22:37:22,300u,recommendationservice-7444754ff5-n8cbh,180,58
22:37:22,300u,redis-cart-c8ff86559-kcf44,8,37
22:37:22,300u,shippingservice-f956b6d9f-w7n4b,17,33
22:37:30,300u,adservice-574bff445c-qb9cj,55,270
22:37:30,300u,cartservice-7c84fdfb6-m5m6d,89,187
22:37:30,300u,checkoutservice-5b6d96c9b7-45rkr,16,38
22:37:30,300u,currencyservice-7c8fc8fc9c-4hm9g,1,89
22:37:30,300u,currencyservice-7c8fc8fc9c-5frj9,83,126
22:37:30,300u,currencyservice-7c8fc8fc9c-mgwx9,125,126
22:37:30,300u,emailservice-66944ff59-2lcjl,10,95
22:37:30,300u,frontend-7bd6f45654-przgb,82,35
22:37:30,300u,frontend-7bd6f45654-s2s7z,95,54
22:37:30,300u,frontend-7bd6f45654-vfxkp,109,35
22:37:30,300u,paymentservice-9bfb7bf5-kgd56,8,114
22:37:30,300u,productcatalogservice-65bbf699df-j2fmg,100,44
22:37:30,300u,recommendationservice-7444754ff5-n8cbh,180,58
22:37:30,300u,redis-cart-c8ff86559-kcf44,8,37
22:37:30,300u,shippingservice-f956b6d9f-w7n4b,17,33
22:37:32,300u,adservice-574bff445c-qb9cj,55,270
22:37:32,300u,cartservice-7c84fdfb6-m5m6d,89,187
22:37:32,300u,checkoutservice-5b6d96c9b7-45rkr,16,38
22:37:32,300u,currencyservice-7c8fc8fc9c-4hm9g,1,89
22:37:32,300u,currencyservice-7c8fc8fc9c-5frj9,83,126
22:37:32,300u,currencyservice-7c8fc8fc9c-mgwx9,125,126
22:37:32,300u,emailservice-66944ff59-2lcjl,10,95
22:37:32,300u,frontend-7bd6f45654-przgb,82,35
22:37:32,300u,frontend-7bd6f45654-s2s7z,95,54
22:37:32,300u,frontend-7bd6f45654-vfxkp,109,35
22:37:32,300u,paymentservice-9bfb7bf5-kgd56,8,114
22:37:32,300u,productcatalogservice-65bbf699df-j2fmg,100,44
22:37:32,300u,recommendationservice-7444754ff5-n8cbh,180,58
22:37:32,300u,redis-cart-c8ff86559-kcf44,8,37
22:37:32,300u,shippingservice-f956b6d9f-w7n4b,17,33
22:37:40,300u,adservice-574bff445c-qb9cj,58,270
22:37:40,300u,cartservice-7c84fdfb6-m5m6d,101,187
22:37:40,300u,checkoutservice-5b6d96c9b7-45rkr,21,38
22:37:40,300u,currencyservice-7c8fc8fc9c-4hm9g,1,89
22:37:40,300u,currencyservice-7c8fc8fc9c-5frj9,86,126
22:37:40,300u,currencyservice-7c8fc8fc9c-mgwx9,135,126
22:37:40,300u,emailservice-66944ff59-2lcjl,11,95
22:37:40,300u,frontend-7bd6f45654-przgb,100,36
22:37:40,300u,frontend-7bd6f45654-s2s7z,99,54
22:37:40,300u,frontend-7bd6f45654-vfxkp,108,35
22:37:40,300u,paymentservice-9bfb7bf5-kgd56,12,114
22:37:40,300u,productcatalogservice-65bbf699df-j2fmg,109,44
22:37:40,300u,recommendationservice-7444754ff5-n8cbh,194,59
22:37:40,300u,redis-cart-c8ff86559-kcf44,8,37
22:37:40,300u,shippingservice-f956b6d9f-w7n4b,20,33
22:37:42,300u,adservice-574bff445c-qb9cj,58,270
22:37:42,300u,cartservice-7c84fdfb6-m5m6d,101,187
22:37:42,300u,checkoutservice-5b6d96c9b7-45rkr,21,38
22:37:42,300u,currencyservice-7c8fc8fc9c-4hm9g,1,89
22:37:42,300u,currencyservice-7c8fc8fc9c-5frj9,86,126
22:37:42,300u,currencyservice-7c8fc8fc9c-mgwx9,135,126
22:37:42,300u,emailservice-66944ff59-2lcjl,11,95
22:37:42,300u,frontend-7bd6f45654-przgb,100,36
22:37:42,300u,frontend-7bd6f45654-s2s7z,99,54
22:37:42,300u,frontend-7bd6f45654-vfxkp,108,35
22:37:42,300u,paymentservice-9bfb7bf5-kgd56,12,114
22:37:42,300u,productcatalogservice-65bbf699df-j2fmg,109,44
22:37:42,300u,recommendationservice-7444754ff5-n8cbh,194,59
22:37:42,300u,redis-cart-c8ff86559-kcf44,8,37
22:37:42,300u,shippingservice-f956b6d9f-w7n4b,20,33
22:37:50,300u,adservice-574bff445c-qb9cj,62,270
22:37:50,300u,cartservice-7c84fdfb6-m5m6d,98,187
22:37:50,300u,checkoutservice-5b6d96c9b7-45rkr,19,38
22:37:50,300u,currencyservice-7c8fc8fc9c-4hm9g,3,95
22:37:50,300u,currencyservice-7c8fc8fc9c-5frj9,88,126
22:37:50,300u,currencyservice-7c8fc8fc9c-mgwx9,143,126
22:37:50,300u,emailservice-66944ff59-2lcjl,10,95
22:37:50,300u,frontend-7bd6f45654-przgb,108,36
22:37:50,300u,frontend-7bd6f45654-s2s7z,101,55
22:37:50,300u,frontend-7bd6f45654-vfxkp,110,36
22:37:50,300u,paymentservice-9bfb7bf5-kgd56,8,114
22:37:50,300u,productcatalogservice-65bbf699df-j2fmg,112,44
22:37:50,300u,recommendationservice-7444754ff5-n8cbh,197,59
22:37:50,300u,redis-cart-c8ff86559-kcf44,8,37
22:37:50,300u,shippingservice-f956b6d9f-w7n4b,18,33
22:37:52,300u,adservice-574bff445c-qb9cj,62,270
22:37:52,300u,cartservice-7c84fdfb6-m5m6d,98,187
22:37:52,300u,checkoutservice-5b6d96c9b7-45rkr,19,38
22:37:52,300u,currencyservice-7c8fc8fc9c-4hm9g,3,95
22:37:52,300u,currencyservice-7c8fc8fc9c-5frj9,88,126
22:37:52,300u,currencyservice-7c8fc8fc9c-mgwx9,143,126
22:37:52,300u,emailservice-66944ff59-2lcjl,10,95
22:37:52,300u,frontend-7bd6f45654-przgb,108,36
22:37:52,300u,frontend-7bd6f45654-s2s7z,101,55
22:37:52,300u,frontend-7bd6f45654-vfxkp,110,36
22:37:52,300u,paymentservice-9bfb7bf5-kgd56,8,114
22:37:52,300u,productcatalogservice-65bbf699df-j2fmg,112,44
22:37:52,300u,recommendationservice-7444754ff5-n8cbh,197,59
22:37:52,300u,redis-cart-c8ff86559-kcf44,8,37
22:37:52,300u,shippingservice-f956b6d9f-w7n4b,18,33
22:38:00,300u,adservice-574bff445c-qb9cj,62,270
22:38:00,300u,cartservice-7c84fdfb6-m5m6d,98,187
22:38:00,300u,checkoutservice-5b6d96c9b7-45rkr,19,38
22:38:00,300u,currencyservice-7c8fc8fc9c-4hm9g,3,95
22:38:00,300u,currencyservice-7c8fc8fc9c-5frj9,88,126
22:38:00,300u,currencyservice-7c8fc8fc9c-mgwx9,143,126
22:38:00,300u,emailservice-66944ff59-2lcjl,10,95
22:38:00,300u,frontend-7bd6f45654-przgb,108,36
22:38:00,300u,frontend-7bd6f45654-s2s7z,101,55
22:38:00,300u,frontend-7bd6f45654-vfxkp,110,36
22:38:00,300u,paymentservice-9bfb7bf5-kgd56,8,114
22:38:00,300u,productcatalogservice-65bbf699df-j2fmg,112,44
22:38:00,300u,recommendationservice-7444754ff5-n8cbh,197,59
22:38:00,300u,redis-cart-c8ff86559-kcf44,8,37
22:38:00,300u,shippingservice-f956b6d9f-w7n4b,18,33
22:38:02,300u,adservice-574bff445c-qb9cj,62,270
22:38:02,300u,cartservice-7c84fdfb6-m5m6d,98,187
22:38:02,300u,checkoutservice-5b6d96c9b7-45rkr,19,38
22:38:02,300u,currencyservice-7c8fc8fc9c-4hm9g,3,95
22:38:02,300u,currencyservice-7c8fc8fc9c-5frj9,88,126
22:38:02,300u,currencyservice-7c8fc8fc9c-mgwx9,143,126
22:38:02,300u,emailservice-66944ff59-2lcjl,10,95
22:38:02,300u,frontend-7bd6f45654-przgb,108,36
22:38:02,300u,frontend-7bd6f45654-s2s7z,101,55
22:38:02,300u,frontend-7bd6f45654-vfxkp,110,36
22:38:02,300u,paymentservice-9bfb7bf5-kgd56,8,114
22:38:02,300u,productcatalogservice-65bbf699df-j2fmg,112,44
22:38:02,300u,recommendationservice-7444754ff5-n8cbh,197,59
22:38:02,300u,redis-cart-c8ff86559-kcf44,8,37
22:38:02,300u,shippingservice-f956b6d9f-w7n4b,18,33
22:38:10,300u,adservice-574bff445c-qb9cj,63,270
22:38:10,300u,cartservice-7c84fdfb6-m5m6d,96,187
22:38:10,300u,checkoutservice-5b6d96c9b7-45rkr,20,38
22:38:10,300u,currencyservice-7c8fc8fc9c-4hm9g,77,109
22:38:10,300u,currencyservice-7c8fc8fc9c-5frj9,128,125
22:38:10,300u,emailservice-66944ff59-2lcjl,11,95
22:38:10,300u,frontend-7bd6f45654-przgb,110,37
22:38:10,300u,frontend-7bd6f45654-s2s7z,108,56
22:38:10,300u,frontend-7bd6f45654-vfxkp,105,36
22:38:10,300u,paymentservice-9bfb7bf5-kgd56,8,114
22:38:10,300u,productcatalogservice-65bbf699df-j2fmg,117,44
22:38:10,300u,recommendationservice-7444754ff5-n8cbh,200,59
22:38:10,300u,redis-cart-c8ff86559-kcf44,8,37
22:38:10,300u,shippingservice-f956b6d9f-w7n4b,19,33
22:38:12,300u,adservice-574bff445c-qb9cj,63,270
22:38:12,300u,cartservice-7c84fdfb6-m5m6d,96,187
22:38:12,300u,checkoutservice-5b6d96c9b7-45rkr,20,38
22:38:12,300u,currencyservice-7c8fc8fc9c-4hm9g,77,109
22:38:12,300u,currencyservice-7c8fc8fc9c-5frj9,128,125
22:38:12,300u,emailservice-66944ff59-2lcjl,11,95
22:38:12,300u,frontend-7bd6f45654-przgb,110,37
22:38:12,300u,frontend-7bd6f45654-s2s7z,108,56
22:38:12,300u,frontend-7bd6f45654-vfxkp,105,36
22:38:12,300u,paymentservice-9bfb7bf5-kgd56,8,114
22:38:12,300u,productcatalogservice-65bbf699df-j2fmg,117,44
22:38:12,300u,recommendationservice-7444754ff5-n8cbh,200,59
22:38:12,300u,redis-cart-c8ff86559-kcf44,8,37
22:38:12,300u,shippingservice-f956b6d9f-w7n4b,19,33
22:38:21,300u,adservice-574bff445c-qb9cj,64,271
22:38:21,300u,cartservice-7c84fdfb6-m5m6d,103,187
22:38:21,300u,checkoutservice-5b6d96c9b7-45rkr,21,38
22:38:21,300u,currencyservice-7c8fc8fc9c-4hm9g,88,113
22:38:21,300u,currencyservice-7c8fc8fc9c-5frj9,144,126
22:38:21,300u,currencyservice-7c8fc8fc9c-mgwx9,5,73
22:38:21,300u,emailservice-66944ff59-2lcjl,12,95
22:38:21,300u,frontend-7bd6f45654-przgb,110,37
22:38:21,300u,frontend-7bd6f45654-s2s7z,102,56
22:38:21,300u,frontend-7bd6f45654-vfxkp,110,37
22:38:21,300u,paymentservice-9bfb7bf5-kgd56,9,114
22:38:21,300u,productcatalogservice-65bbf699df-j2fmg,114,44
22:38:21,300u,recommendationservice-7444754ff5-n8cbh,201,60
22:38:21,300u,redis-cart-c8ff86559-kcf44,8,37
22:38:21,300u,shippingservice-f956b6d9f-w7n4b,21,33
22:38:22,300u,adservice-574bff445c-qb9cj,64,271
22:38:22,300u,cartservice-7c84fdfb6-m5m6d,103,187
22:38:22,300u,checkoutservice-5b6d96c9b7-45rkr,21,38
22:38:22,300u,currencyservice-7c8fc8fc9c-4hm9g,88,113
22:38:22,300u,currencyservice-7c8fc8fc9c-5frj9,144,126
22:38:22,300u,currencyservice-7c8fc8fc9c-mgwx9,5,73
22:38:22,300u,emailservice-66944ff59-2lcjl,12,95
22:38:22,300u,frontend-7bd6f45654-przgb,110,37
22:38:22,300u,frontend-7bd6f45654-s2s7z,102,56
22:38:22,300u,frontend-7bd6f45654-vfxkp,110,37
22:38:22,300u,paymentservice-9bfb7bf5-kgd56,9,114
22:38:22,300u,productcatalogservice-65bbf699df-j2fmg,114,44
22:38:22,300u,recommendationservice-7444754ff5-n8cbh,201,60
22:38:22,300u,redis-cart-c8ff86559-kcf44,8,37
22:38:22,300u,shippingservice-f956b6d9f-w7n4b,21,33
22:38:31,300u,adservice-574bff445c-qb9cj,64,271
22:38:31,300u,cartservice-7c84fdfb6-m5m6d,103,187
22:38:31,300u,checkoutservice-5b6d96c9b7-45rkr,21,38
22:38:31,300u,currencyservice-7c8fc8fc9c-4hm9g,88,113
22:38:31,300u,currencyservice-7c8fc8fc9c-5frj9,144,126
22:38:31,300u,currencyservice-7c8fc8fc9c-mgwx9,5,73
22:38:31,300u,emailservice-66944ff59-2lcjl,12,95
22:38:31,300u,frontend-7bd6f45654-przgb,110,37
22:38:31,300u,frontend-7bd6f45654-s2s7z,102,56
22:38:31,300u,frontend-7bd6f45654-vfxkp,110,37
22:38:31,300u,paymentservice-9bfb7bf5-kgd56,9,114
22:38:31,300u,productcatalogservice-65bbf699df-j2fmg,114,44
22:38:31,300u,recommendationservice-7444754ff5-n8cbh,201,60
22:38:31,300u,redis-cart-c8ff86559-kcf44,8,37
22:38:31,300u,shippingservice-f956b6d9f-w7n4b,21,33
22:38:32,300u,adservice-574bff445c-qb9cj,64,271
22:38:32,300u,cartservice-7c84fdfb6-m5m6d,103,187
22:38:32,300u,checkoutservice-5b6d96c9b7-45rkr,21,38
22:38:32,300u,currencyservice-7c8fc8fc9c-4hm9g,88,113
22:38:32,300u,currencyservice-7c8fc8fc9c-5frj9,144,126
22:38:32,300u,currencyservice-7c8fc8fc9c-mgwx9,5,73
22:38:32,300u,emailservice-66944ff59-2lcjl,12,95
22:38:32,300u,frontend-7bd6f45654-przgb,110,37
22:38:32,300u,frontend-7bd6f45654-s2s7z,102,56
22:38:32,300u,frontend-7bd6f45654-vfxkp,110,37
22:38:32,300u,paymentservice-9bfb7bf5-kgd56,9,114
22:38:32,300u,productcatalogservice-65bbf699df-j2fmg,114,44
22:38:32,300u,recommendationservice-7444754ff5-n8cbh,201,60
22:38:32,300u,redis-cart-c8ff86559-kcf44,8,37
22:38:32,300u,shippingservice-f956b6d9f-w7n4b,21,33
22:38:41,300u,adservice-574bff445c-qb9cj,140,277
22:38:41,300u,cartservice-7c84fdfb6-m5m6d,172,189
22:38:41,300u,checkoutservice-5b6d96c9b7-45rkr,49,38
22:38:41,300u,currencyservice-7c8fc8fc9c-4hm9g,137,118
22:38:41,300u,currencyservice-7c8fc8fc9c-5frj9,176,126
22:38:41,300u,currencyservice-7c8fc8fc9c-mgwx9,2,75
22:38:41,300u,emailservice-66944ff59-2lcjl,26,95
22:38:41,300u,frontend-7bd6f45654-przgb,150,38
22:38:41,300u,frontend-7bd6f45654-s2s7z,143,56
22:38:41,300u,frontend-7bd6f45654-vfxkp,156,38
22:38:41,300u,paymentservice-9bfb7bf5-kgd56,18,114
22:38:41,300u,productcatalogservice-65bbf699df-j2fmg,111,44
22:38:41,300u,redis-cart-c8ff86559-kcf44,13,37
22:38:41,300u,shippingservice-f956b6d9f-w7n4b,34,33
22:38:43,300u,adservice-574bff445c-qb9cj,140,277
22:38:43,300u,cartservice-7c84fdfb6-m5m6d,172,189
22:38:43,300u,checkoutservice-5b6d96c9b7-45rkr,49,38
22:38:43,300u,currencyservice-7c8fc8fc9c-4hm9g,137,118
22:38:43,300u,currencyservice-7c8fc8fc9c-5frj9,176,126
22:38:43,300u,currencyservice-7c8fc8fc9c-mgwx9,2,75
22:38:43,300u,emailservice-66944ff59-2lcjl,26,95
22:38:43,300u,frontend-7bd6f45654-przgb,150,38
22:38:43,300u,frontend-7bd6f45654-s2s7z,143,56
22:38:43,300u,frontend-7bd6f45654-vfxkp,156,38
22:38:43,300u,paymentservice-9bfb7bf5-kgd56,18,114
22:38:43,300u,productcatalogservice-65bbf699df-j2fmg,111,44
22:38:43,300u,redis-cart-c8ff86559-kcf44,13,37
22:38:43,300u,shippingservice-f956b6d9f-w7n4b,34,33
22:38:51,300u,adservice-574bff445c-qb9cj,33,278
22:38:51,300u,cartservice-7c84fdfb6-m5m6d,51,189
22:38:51,300u,checkoutservice-5b6d96c9b7-45rkr,10,38
22:38:51,300u,currencyservice-7c8fc8fc9c-4hm9g,38,118
22:38:51,300u,currencyservice-7c8fc8fc9c-5frj9,65,126
22:38:51,300u,currencyservice-7c8fc8fc9c-mgwx9,5,76
22:38:51,300u,emailservice-66944ff59-2lcjl,8,95
22:38:51,300u,frontend-7bd6f45654-przgb,50,39
22:38:51,300u,frontend-7bd6f45654-s2s7z,45,56
22:38:51,300u,frontend-7bd6f45654-vfxkp,47,37
22:38:51,300u,paymentservice-9bfb7bf5-kgd56,5,114
22:38:51,300u,productcatalogservice-65bbf699df-j2fmg,47,44
22:38:51,300u,recommendationservice-7444754ff5-n8cbh,88,58
22:38:51,300u,redis-cart-c8ff86559-kcf44,6,37
22:38:51,300u,shippingservice-f956b6d9f-w7n4b,9,33
22:38:53,300u,adservice-574bff445c-qb9cj,33,278
22:38:53,300u,cartservice-7c84fdfb6-m5m6d,51,189
22:38:53,300u,checkoutservice-5b6d96c9b7-45rkr,10,38
22:38:53,300u,currencyservice-7c8fc8fc9c-4hm9g,38,118
22:38:53,300u,currencyservice-7c8fc8fc9c-5frj9,65,126
22:38:53,300u,currencyservice-7c8fc8fc9c-mgwx9,5,76
22:38:53,300u,emailservice-66944ff59-2lcjl,8,95
22:38:53,300u,frontend-7bd6f45654-przgb,50,39
22:38:53,300u,frontend-7bd6f45654-s2s7z,45,56
22:38:53,300u,frontend-7bd6f45654-vfxkp,47,37
22:38:53,300u,paymentservice-9bfb7bf5-kgd56,5,114
22:38:53,300u,productcatalogservice-65bbf699df-j2fmg,47,44
22:38:53,300u,recommendationservice-7444754ff5-n8cbh,88,58
22:38:53,300u,redis-cart-c8ff86559-kcf44,6,37
22:38:53,300u,shippingservice-f956b6d9f-w7n4b,9,33
22:39:01,300u,adservice-574bff445c-qb9cj,33,278
22:39:01,300u,cartservice-7c84fdfb6-m5m6d,51,189
22:39:01,300u,checkoutservice-5b6d96c9b7-45rkr,10,38
22:39:01,300u,currencyservice-7c8fc8fc9c-4hm9g,38,118
22:39:01,300u,currencyservice-7c8fc8fc9c-5frj9,65,126
22:39:01,300u,currencyservice-7c8fc8fc9c-mgwx9,5,76
22:39:01,300u,emailservice-66944ff59-2lcjl,8,95
22:39:01,300u,frontend-7bd6f45654-przgb,50,39
22:39:01,300u,frontend-7bd6f45654-s2s7z,45,56
22:39:01,300u,frontend-7bd6f45654-vfxkp,47,37
22:39:01,300u,paymentservice-9bfb7bf5-kgd56,5,114
22:39:01,300u,productcatalogservice-65bbf699df-j2fmg,47,44
22:39:01,300u,recommendationservice-7444754ff5-n8cbh,88,58
22:39:01,300u,redis-cart-c8ff86559-kcf44,6,37
22:39:01,300u,shippingservice-f956b6d9f-w7n4b,9,33
22:39:03,300u,adservice-574bff445c-qb9cj,33,278
22:39:03,300u,cartservice-7c84fdfb6-m5m6d,51,189
22:39:03,300u,checkoutservice-5b6d96c9b7-45rkr,10,38
22:39:03,300u,currencyservice-7c8fc8fc9c-4hm9g,38,118
22:39:03,300u,currencyservice-7c8fc8fc9c-5frj9,65,126
22:39:03,300u,currencyservice-7c8fc8fc9c-mgwx9,5,76
22:39:03,300u,emailservice-66944ff59-2lcjl,8,95
22:39:03,300u,frontend-7bd6f45654-przgb,50,39
22:39:03,300u,frontend-7bd6f45654-s2s7z,45,56
22:39:03,300u,frontend-7bd6f45654-vfxkp,47,37
22:39:03,300u,paymentservice-9bfb7bf5-kgd56,5,114
22:39:03,300u,productcatalogservice-65bbf699df-j2fmg,47,44
22:39:03,300u,recommendationservice-7444754ff5-n8cbh,88,58
22:39:03,300u,redis-cart-c8ff86559-kcf44,6,37
22:39:03,300u,shippingservice-f956b6d9f-w7n4b,9,33
22:39:11,300u,adservice-574bff445c-qb9cj,4,278
22:39:11,300u,cartservice-7c84fdfb6-m5m6d,2,189
22:39:11,300u,checkoutservice-5b6d96c9b7-45rkr,1,38
22:39:11,300u,currencyservice-7c8fc8fc9c-4hm9g,1,118
22:39:11,300u,currencyservice-7c8fc8fc9c-5frj9,2,126
22:39:11,300u,currencyservice-7c8fc8fc9c-mgwx9,3,76
22:39:11,300u,emailservice-66944ff59-2lcjl,4,95
22:39:11,300u,frontend-7bd6f45654-przgb,1,39
22:39:11,300u,frontend-7bd6f45654-s2s7z,1,56
22:39:11,300u,frontend-7bd6f45654-vfxkp,1,37
22:39:11,300u,paymentservice-9bfb7bf5-kgd56,1,114
22:39:11,300u,productcatalogservice-65bbf699df-j2fmg,1,44
22:39:11,300u,recommendationservice-7444754ff5-n8cbh,4,58
22:39:11,300u,redis-cart-c8ff86559-kcf44,3,37
22:39:11,300u,shippingservice-f956b6d9f-w7n4b,1,33
22:39:13,300u,adservice-574bff445c-qb9cj,4,278
22:39:13,300u,cartservice-7c84fdfb6-m5m6d,2,189
22:39:13,300u,checkoutservice-5b6d96c9b7-45rkr,1,38
22:39:13,300u,currencyservice-7c8fc8fc9c-4hm9g,1,118
22:39:13,300u,currencyservice-7c8fc8fc9c-5frj9,2,126
22:39:13,300u,currencyservice-7c8fc8fc9c-mgwx9,3,76
22:39:13,300u,emailservice-66944ff59-2lcjl,4,95
22:39:13,300u,frontend-7bd6f45654-przgb,1,39
22:39:13,300u,frontend-7bd6f45654-s2s7z,1,56
22:39:13,300u,frontend-7bd6f45654-vfxkp,1,37
22:39:13,300u,paymentservice-9bfb7bf5-kgd56,1,114
22:39:13,300u,productcatalogservice-65bbf699df-j2fmg,1,44
22:39:13,300u,recommendationservice-7444754ff5-n8cbh,4,58
22:39:13,300u,redis-cart-c8ff86559-kcf44,3,37
22:39:13,300u,shippingservice-f956b6d9f-w7n4b,1,33
22:39:21,300u,adservice-574bff445c-qb9cj,2,278
22:39:21,300u,cartservice-7c84fdfb6-m5m6d,3,189
22:39:21,300u,checkoutservice-5b6d96c9b7-45rkr,1,38
22:39:21,300u,currencyservice-7c8fc8fc9c-4hm9g,1,118
22:39:21,300u,currencyservice-7c8fc8fc9c-5frj9,3,126
22:39:21,300u,currencyservice-7c8fc8fc9c-mgwx9,4,76
22:39:21,300u,emailservice-66944ff59-2lcjl,5,95
22:39:21,300u,frontend-7bd6f45654-przgb,1,39
22:39:21,300u,frontend-7bd6f45654-s2s7z,1,56
22:39:21,300u,frontend-7bd6f45654-vfxkp,1,37
22:39:21,300u,paymentservice-9bfb7bf5-kgd56,2,114
22:39:21,300u,productcatalogservice-65bbf699df-j2fmg,1,44
22:39:21,300u,recommendationservice-7444754ff5-n8cbh,5,58
22:39:21,300u,redis-cart-c8ff86559-kcf44,3,37
22:39:21,300u,shippingservice-f956b6d9f-w7n4b,1,33
22:39:23,300u,adservice-574bff445c-qb9cj,2,278
22:39:23,300u,cartservice-7c84fdfb6-m5m6d,3,189
22:39:23,300u,checkoutservice-5b6d96c9b7-45rkr,1,38
22:39:23,300u,currencyservice-7c8fc8fc9c-4hm9g,1,118
22:39:23,300u,currencyservice-7c8fc8fc9c-5frj9,3,126
22:39:23,300u,currencyservice-7c8fc8fc9c-mgwx9,4,76
22:39:23,300u,emailservice-66944ff59-2lcjl,5,95
22:39:23,300u,frontend-7bd6f45654-przgb,1,39
22:39:23,300u,frontend-7bd6f45654-s2s7z,1,56
22:39:23,300u,frontend-7bd6f45654-vfxkp,1,37
22:39:23,300u,paymentservice-9bfb7bf5-kgd56,2,114
22:39:23,300u,productcatalogservice-65bbf699df-j2fmg,1,44
22:39:23,300u,recommendationservice-7444754ff5-n8cbh,5,58
22:39:23,300u,redis-cart-c8ff86559-kcf44,3,37
22:39:23,300u,shippingservice-f956b6d9f-w7n4b,1,33
22:39:31,300u,adservice-574bff445c-qb9cj,2,278
22:39:31,300u,cartservice-7c84fdfb6-m5m6d,3,189
22:39:31,300u,checkoutservice-5b6d96c9b7-45rkr,1,38
22:39:31,300u,currencyservice-7c8fc8fc9c-4hm9g,1,118
22:39:31,300u,currencyservice-7c8fc8fc9c-5frj9,3,126
22:39:31,300u,currencyservice-7c8fc8fc9c-mgwx9,4,76
22:39:31,300u,emailservice-66944ff59-2lcjl,5,95
22:39:31,300u,frontend-7bd6f45654-przgb,1,39
22:39:31,300u,frontend-7bd6f45654-s2s7z,1,56
22:39:31,300u,frontend-7bd6f45654-vfxkp,1,37
22:39:31,300u,paymentservice-9bfb7bf5-kgd56,2,114
22:39:31,300u,productcatalogservice-65bbf699df-j2fmg,1,44
22:39:31,300u,recommendationservice-7444754ff5-n8cbh,5,58
22:39:31,300u,redis-cart-c8ff86559-kcf44,3,37
22:39:31,300u,shippingservice-f956b6d9f-w7n4b,1,33
22:39:33,300u,adservice-574bff445c-qb9cj,2,278
22:39:33,300u,cartservice-7c84fdfb6-m5m6d,3,189
22:39:33,300u,checkoutservice-5b6d96c9b7-45rkr,1,38
22:39:33,300u,currencyservice-7c8fc8fc9c-4hm9g,1,118
22:39:33,300u,currencyservice-7c8fc8fc9c-5frj9,3,126
22:39:33,300u,currencyservice-7c8fc8fc9c-mgwx9,4,76
22:39:33,300u,emailservice-66944ff59-2lcjl,5,95
22:39:33,300u,frontend-7bd6f45654-przgb,1,39
22:39:33,300u,frontend-7bd6f45654-s2s7z,1,56
22:39:33,300u,frontend-7bd6f45654-vfxkp,1,37
22:39:33,300u,paymentservice-9bfb7bf5-kgd56,2,114
22:39:33,300u,productcatalogservice-65bbf699df-j2fmg,1,44
22:39:33,300u,recommendationservice-7444754ff5-n8cbh,5,58
22:39:33,300u,redis-cart-c8ff86559-kcf44,3,37
22:39:33,300u,shippingservice-f956b6d9f-w7n4b,1,33
22:39:41,300u,adservice-574bff445c-qb9cj,12,272
22:39:41,300u,cartservice-7c84fdfb6-m5m6d,3,189
22:39:41,300u,checkoutservice-5b6d96c9b7-45rkr,1,38
22:39:41,300u,currencyservice-7c8fc8fc9c-4hm9g,2,118
22:39:41,300u,currencyservice-7c8fc8fc9c-5frj9,1,126
22:39:41,300u,currencyservice-7c8fc8fc9c-mgwx9,2,76
22:39:41,300u,emailservice-66944ff59-2lcjl,5,95
22:39:41,300u,frontend-7bd6f45654-przgb,1,39
22:39:41,300u,frontend-7bd6f45654-s2s7z,1,56
22:39:41,300u,frontend-7bd6f45654-vfxkp,1,37
22:39:41,300u,paymentservice-9bfb7bf5-kgd56,1,114
22:39:41,300u,productcatalogservice-65bbf699df-j2fmg,1,44
22:39:41,300u,recommendationservice-7444754ff5-n8cbh,5,58
22:39:41,300u,redis-cart-c8ff86559-kcf44,4,37
22:39:41,300u,shippingservice-f956b6d9f-w7n4b,1,33
22:39:43,400u,adservice-574bff445c-qb9cj,12,272
22:39:43,400u,cartservice-7c84fdfb6-m5m6d,3,189
22:39:43,400u,checkoutservice-5b6d96c9b7-45rkr,1,38
22:39:43,400u,currencyservice-7c8fc8fc9c-4hm9g,2,118
22:39:43,400u,currencyservice-7c8fc8fc9c-5frj9,1,126
22:39:43,400u,currencyservice-7c8fc8fc9c-mgwx9,2,76
22:39:43,400u,emailservice-66944ff59-2lcjl,5,95
22:39:43,400u,frontend-7bd6f45654-przgb,1,39
22:39:43,400u,frontend-7bd6f45654-s2s7z,1,56
22:39:43,400u,frontend-7bd6f45654-vfxkp,1,37
22:39:43,400u,paymentservice-9bfb7bf5-kgd56,1,114
22:39:43,400u,productcatalogservice-65bbf699df-j2fmg,1,44
22:39:43,400u,recommendationservice-7444754ff5-n8cbh,5,58
22:39:43,400u,redis-cart-c8ff86559-kcf44,4,37
22:39:43,400u,shippingservice-f956b6d9f-w7n4b,1,33
22:39:52,400u,adservice-574bff445c-qb9cj,12,271
22:39:52,400u,cartservice-7c84fdfb6-m5m6d,24,189
22:39:52,400u,checkoutservice-5b6d96c9b7-45rkr,4,39
22:39:52,400u,currencyservice-7c8fc8fc9c-4hm9g,9,118
22:39:52,400u,currencyservice-7c8fc8fc9c-5frj9,33,126
22:39:52,400u,currencyservice-7c8fc8fc9c-mgwx9,10,75
22:39:52,400u,emailservice-66944ff59-2lcjl,5,95
22:39:52,400u,frontend-7bd6f45654-przgb,13,34
22:39:52,400u,frontend-7bd6f45654-s2s7z,30,53
22:39:52,400u,frontend-7bd6f45654-vfxkp,11,34
22:39:52,400u,paymentservice-9bfb7bf5-kgd56,3,114
22:39:52,400u,productcatalogservice-65bbf699df-j2fmg,20,44
22:39:52,400u,recommendationservice-7444754ff5-n8cbh,35,58
22:39:52,400u,redis-cart-c8ff86559-kcf44,4,37
22:39:52,400u,shippingservice-f956b6d9f-w7n4b,4,33
22:39:53,400u,adservice-574bff445c-qb9cj,12,271
22:39:53,400u,cartservice-7c84fdfb6-m5m6d,24,189
22:39:53,400u,checkoutservice-5b6d96c9b7-45rkr,4,39
22:39:53,400u,currencyservice-7c8fc8fc9c-4hm9g,9,118
22:39:53,400u,currencyservice-7c8fc8fc9c-5frj9,33,126
22:39:53,400u,currencyservice-7c8fc8fc9c-mgwx9,10,75
22:39:53,400u,emailservice-66944ff59-2lcjl,5,95
22:39:53,400u,frontend-7bd6f45654-przgb,13,34
22:39:53,400u,frontend-7bd6f45654-s2s7z,30,53
22:39:53,400u,frontend-7bd6f45654-vfxkp,11,34
22:39:53,400u,paymentservice-9bfb7bf5-kgd56,3,114
22:39:53,400u,productcatalogservice-65bbf699df-j2fmg,20,44
22:39:53,400u,recommendationservice-7444754ff5-n8cbh,35,58
22:39:53,400u,redis-cart-c8ff86559-kcf44,4,37
22:39:53,400u,shippingservice-f956b6d9f-w7n4b,4,33
22:40:02,400u,adservice-574bff445c-qb9cj,12,271
22:40:02,400u,cartservice-7c84fdfb6-m5m6d,24,189
22:40:02,400u,checkoutservice-5b6d96c9b7-45rkr,4,39
22:40:02,400u,currencyservice-7c8fc8fc9c-4hm9g,9,118
22:40:02,400u,currencyservice-7c8fc8fc9c-5frj9,33,126
22:40:02,400u,currencyservice-7c8fc8fc9c-mgwx9,10,75
22:40:02,400u,emailservice-66944ff59-2lcjl,5,95
22:40:02,400u,frontend-7bd6f45654-przgb,13,34
22:40:02,400u,frontend-7bd6f45654-s2s7z,30,53
22:40:02,400u,frontend-7bd6f45654-vfxkp,11,34
22:40:02,400u,paymentservice-9bfb7bf5-kgd56,3,114
22:40:02,400u,productcatalogservice-65bbf699df-j2fmg,20,44
22:40:02,400u,recommendationservice-7444754ff5-n8cbh,35,58
22:40:02,400u,redis-cart-c8ff86559-kcf44,4,37
22:40:02,400u,shippingservice-f956b6d9f-w7n4b,4,33
22:40:03,400u,adservice-574bff445c-qb9cj,12,271
22:40:03,400u,cartservice-7c84fdfb6-m5m6d,24,189
22:40:03,400u,checkoutservice-5b6d96c9b7-45rkr,4,39
22:40:03,400u,currencyservice-7c8fc8fc9c-4hm9g,9,118
22:40:03,400u,currencyservice-7c8fc8fc9c-5frj9,33,126
22:40:03,400u,currencyservice-7c8fc8fc9c-mgwx9,10,75
22:40:03,400u,emailservice-66944ff59-2lcjl,5,95
22:40:03,400u,frontend-7bd6f45654-przgb,13,34
22:40:03,400u,frontend-7bd6f45654-s2s7z,30,53
22:40:03,400u,frontend-7bd6f45654-vfxkp,11,34
22:40:03,400u,paymentservice-9bfb7bf5-kgd56,3,114
22:40:03,400u,productcatalogservice-65bbf699df-j2fmg,20,44
22:40:03,400u,recommendationservice-7444754ff5-n8cbh,35,58
22:40:03,400u,redis-cart-c8ff86559-kcf44,4,37
22:40:03,400u,shippingservice-f956b6d9f-w7n4b,4,33
22:40:12,400u,adservice-574bff445c-qb9cj,44,271
22:40:12,400u,cartservice-7c84fdfb6-m5m6d,98,187
22:40:12,400u,checkoutservice-5b6d96c9b7-45rkr,15,38
22:40:12,400u,currencyservice-7c8fc8fc9c-4hm9g,78,119
22:40:12,400u,currencyservice-7c8fc8fc9c-5frj9,107,125
22:40:12,400u,currencyservice-7c8fc8fc9c-mgwx9,2,77
22:40:12,400u,emailservice-66944ff59-2lcjl,10,95
22:40:12,400u,frontend-7bd6f45654-przgb,63,34
22:40:12,400u,frontend-7bd6f45654-s2s7z,78,53
22:40:12,400u,frontend-7bd6f45654-vfxkp,107,34
22:40:12,400u,paymentservice-9bfb7bf5-kgd56,7,114
22:40:12,400u,productcatalogservice-65bbf699df-j2fmg,90,44
22:40:12,400u,recommendationservice-7444754ff5-n8cbh,153,58
22:40:12,400u,redis-cart-c8ff86559-kcf44,7,37
22:40:12,400u,shippingservice-f956b6d9f-w7n4b,16,33
22:40:14,400u,adservice-574bff445c-qb9cj,44,271
22:40:14,400u,cartservice-7c84fdfb6-m5m6d,98,187
22:40:14,400u,checkoutservice-5b6d96c9b7-45rkr,15,38
22:40:14,400u,currencyservice-7c8fc8fc9c-4hm9g,78,119
22:40:14,400u,currencyservice-7c8fc8fc9c-5frj9,107,125
22:40:14,400u,currencyservice-7c8fc8fc9c-mgwx9,2,77
22:40:14,400u,emailservice-66944ff59-2lcjl,10,95
22:40:14,400u,frontend-7bd6f45654-przgb,63,34
22:40:14,400u,frontend-7bd6f45654-s2s7z,78,53
22:40:14,400u,frontend-7bd6f45654-vfxkp,107,34
22:40:14,400u,paymentservice-9bfb7bf5-kgd56,7,114
22:40:14,400u,productcatalogservice-65bbf699df-j2fmg,90,44
22:40:14,400u,recommendationservice-7444754ff5-n8cbh,153,58
22:40:14,400u,redis-cart-c8ff86559-kcf44,7,37
22:40:14,400u,shippingservice-f956b6d9f-w7n4b,16,33
22:40:22,400u,adservice-574bff445c-qb9cj,37,271
22:40:22,400u,cartservice-7c84fdfb6-m5m6d,80,187
22:40:22,400u,checkoutservice-5b6d96c9b7-45rkr,13,38
22:40:22,400u,currencyservice-7c8fc8fc9c-4hm9g,65,120
22:40:22,400u,currencyservice-7c8fc8fc9c-5frj9,87,126
22:40:22,400u,currencyservice-7c8fc8fc9c-mgwx9,2,78
22:40:22,400u,emailservice-66944ff59-2lcjl,8,95
22:40:22,400u,frontend-7bd6f45654-przgb,50,34
22:40:22,400u,frontend-7bd6f45654-s2s7z,69,53
22:40:22,400u,frontend-7bd6f45654-vfxkp,89,34
22:40:22,400u,paymentservice-9bfb7bf5-kgd56,6,114
22:40:22,400u,productcatalogservice-65bbf699df-j2fmg,76,44
22:40:22,400u,recommendationservice-7444754ff5-n8cbh,132,58
22:40:22,400u,redis-cart-c8ff86559-kcf44,6,37
22:40:22,400u,shippingservice-f956b6d9f-w7n4b,14,33
22:40:24,400u,adservice-574bff445c-qb9cj,37,271
22:40:24,400u,cartservice-7c84fdfb6-m5m6d,80,187
22:40:24,400u,checkoutservice-5b6d96c9b7-45rkr,13,38
22:40:24,400u,currencyservice-7c8fc8fc9c-4hm9g,65,120
22:40:24,400u,currencyservice-7c8fc8fc9c-5frj9,87,126
22:40:24,400u,currencyservice-7c8fc8fc9c-mgwx9,2,78
22:40:24,400u,emailservice-66944ff59-2lcjl,8,95
22:40:24,400u,frontend-7bd6f45654-przgb,50,34
22:40:24,400u,frontend-7bd6f45654-s2s7z,69,53
22:40:24,400u,frontend-7bd6f45654-vfxkp,89,34
22:40:24,400u,paymentservice-9bfb7bf5-kgd56,6,114
22:40:24,400u,productcatalogservice-65bbf699df-j2fmg,76,44
22:40:24,400u,recommendationservice-7444754ff5-n8cbh,132,58
22:40:24,400u,redis-cart-c8ff86559-kcf44,6,37
22:40:24,400u,shippingservice-f956b6d9f-w7n4b,14,33
22:40:32,400u,adservice-574bff445c-qb9cj,37,271
22:40:32,400u,cartservice-7c84fdfb6-m5m6d,80,187
22:40:32,400u,checkoutservice-5b6d96c9b7-45rkr,13,38
22:40:32,400u,currencyservice-7c8fc8fc9c-4hm9g,65,120
22:40:32,400u,currencyservice-7c8fc8fc9c-5frj9,87,126
22:40:32,400u,currencyservice-7c8fc8fc9c-mgwx9,2,78
22:40:32,400u,emailservice-66944ff59-2lcjl,8,95
22:40:32,400u,frontend-7bd6f45654-przgb,50,34
22:40:32,400u,frontend-7bd6f45654-s2s7z,69,53
22:40:32,400u,frontend-7bd6f45654-vfxkp,89,34
22:40:32,400u,paymentservice-9bfb7bf5-kgd56,6,114
22:40:32,400u,productcatalogservice-65bbf699df-j2fmg,76,44
22:40:32,400u,recommendationservice-7444754ff5-n8cbh,132,58
22:40:32,400u,redis-cart-c8ff86559-kcf44,6,37
22:40:32,400u,shippingservice-f956b6d9f-w7n4b,14,33
22:40:34,400u,adservice-574bff445c-qb9cj,37,271
22:40:34,400u,cartservice-7c84fdfb6-m5m6d,80,187
22:40:34,400u,checkoutservice-5b6d96c9b7-45rkr,13,38
22:40:34,400u,currencyservice-7c8fc8fc9c-4hm9g,65,120
22:40:34,400u,currencyservice-7c8fc8fc9c-5frj9,87,126
22:40:34,400u,currencyservice-7c8fc8fc9c-mgwx9,2,78
22:40:34,400u,emailservice-66944ff59-2lcjl,8,95
22:40:34,400u,frontend-7bd6f45654-przgb,50,34
22:40:34,400u,frontend-7bd6f45654-s2s7z,69,53
22:40:34,400u,frontend-7bd6f45654-vfxkp,89,34
22:40:34,400u,paymentservice-9bfb7bf5-kgd56,6,114
22:40:34,400u,productcatalogservice-65bbf699df-j2fmg,76,44
22:40:34,400u,recommendationservice-7444754ff5-n8cbh,132,58
22:40:34,400u,redis-cart-c8ff86559-kcf44,6,37
22:40:34,400u,shippingservice-f956b6d9f-w7n4b,14,33
22:40:42,400u,adservice-574bff445c-qb9cj,43,271
22:40:42,400u,cartservice-7c84fdfb6-m5m6d,98,187
22:40:42,400u,checkoutservice-5b6d96c9b7-45rkr,16,38
22:40:42,400u,currencyservice-7c8fc8fc9c-4hm9g,66,119
22:40:42,400u,currencyservice-7c8fc8fc9c-5frj9,123,126
22:40:42,400u,currencyservice-7c8fc8fc9c-mgwx9,1,78
22:40:42,400u,emailservice-66944ff59-2lcjl,9,95
22:40:42,400u,frontend-7bd6f45654-przgb,74,34
22:40:42,400u,frontend-7bd6f45654-s2s7z,94,54
22:40:42,400u,frontend-7bd6f45654-vfxkp,81,34
22:40:42,400u,paymentservice-9bfb7bf5-kgd56,7,114
22:40:42,400u,productcatalogservice-65bbf699df-j2fmg,90,44
22:40:42,400u,recommendationservice-7444754ff5-n8cbh,153,58
22:40:42,400u,redis-cart-c8ff86559-kcf44,7,37
22:40:42,400u,shippingservice-f956b6d9f-w7n4b,17,33
22:40:44,400u,adservice-574bff445c-qb9cj,43,271
22:40:44,400u,cartservice-7c84fdfb6-m5m6d,98,187
22:40:44,400u,checkoutservice-5b6d96c9b7-45rkr,16,38
22:40:44,400u,currencyservice-7c8fc8fc9c-4hm9g,66,119
22:40:44,400u,currencyservice-7c8fc8fc9c-5frj9,123,126
22:40:44,400u,currencyservice-7c8fc8fc9c-mgwx9,1,78
22:40:44,400u,emailservice-66944ff59-2lcjl,9,95
22:40:44,400u,frontend-7bd6f45654-przgb,74,34
22:40:44,400u,frontend-7bd6f45654-s2s7z,94,54
22:40:44,400u,frontend-7bd6f45654-vfxkp,81,34
22:40:44,400u,paymentservice-9bfb7bf5-kgd56,7,114
22:40:44,400u,productcatalogservice-65bbf699df-j2fmg,90,44
22:40:44,400u,recommendationservice-7444754ff5-n8cbh,153,58
22:40:44,400u,redis-cart-c8ff86559-kcf44,7,37
22:40:44,400u,shippingservice-f956b6d9f-w7n4b,17,33
22:40:52,400u,adservice-574bff445c-qb9cj,57,271
22:40:52,400u,cartservice-7c84fdfb6-m5m6d,113,187
22:40:52,400u,checkoutservice-5b6d96c9b7-45rkr,20,38
22:40:52,400u,currencyservice-7c8fc8fc9c-4hm9g,66,119
22:40:52,400u,currencyservice-7c8fc8fc9c-5frj9,144,126
22:40:52,400u,currencyservice-7c8fc8fc9c-mgwx9,1,78
22:40:52,400u,emailservice-66944ff59-2lcjl,11,95
22:40:52,400u,frontend-7bd6f45654-przgb,96,35
22:40:52,400u,frontend-7bd6f45654-s2s7z,126,54
22:40:52,400u,frontend-7bd6f45654-vfxkp,87,34
22:40:52,400u,paymentservice-9bfb7bf5-kgd56,8,114
22:40:52,400u,productcatalogservice-65bbf699df-j2fmg,110,44
22:40:52,400u,recommendationservice-7444754ff5-n8cbh,200,59
22:40:52,400u,redis-cart-c8ff86559-kcf44,8,37
22:40:52,400u,shippingservice-f956b6d9f-w7n4b,20,33
22:40:54,400u,adservice-574bff445c-qb9cj,57,271
22:40:54,400u,cartservice-7c84fdfb6-m5m6d,113,187
22:40:54,400u,checkoutservice-5b6d96c9b7-45rkr,20,38
22:40:54,400u,currencyservice-7c8fc8fc9c-4hm9g,66,119
22:40:54,400u,currencyservice-7c8fc8fc9c-5frj9,144,126
22:40:54,400u,currencyservice-7c8fc8fc9c-mgwx9,1,78
22:40:54,400u,emailservice-66944ff59-2lcjl,11,95
22:40:54,400u,frontend-7bd6f45654-przgb,96,35
22:40:54,400u,frontend-7bd6f45654-s2s7z,126,54
22:40:54,400u,frontend-7bd6f45654-vfxkp,87,34
22:40:54,400u,paymentservice-9bfb7bf5-kgd56,8,114
22:40:54,400u,productcatalogservice-65bbf699df-j2fmg,110,44
22:40:54,400u,recommendationservice-7444754ff5-n8cbh,200,59
22:40:54,400u,redis-cart-c8ff86559-kcf44,8,37
22:40:54,400u,shippingservice-f956b6d9f-w7n4b,20,33
22:41:02,400u,adservice-574bff445c-qb9cj,57,271
22:41:02,400u,cartservice-7c84fdfb6-m5m6d,113,187
22:41:02,400u,checkoutservice-5b6d96c9b7-45rkr,20,38
22:41:02,400u,currencyservice-7c8fc8fc9c-4hm9g,66,119
22:41:02,400u,currencyservice-7c8fc8fc9c-5frj9,144,126
22:41:02,400u,currencyservice-7c8fc8fc9c-mgwx9,1,78
22:41:02,400u,emailservice-66944ff59-2lcjl,11,95
22:41:02,400u,frontend-7bd6f45654-przgb,96,35
22:41:02,400u,frontend-7bd6f45654-s2s7z,126,54
22:41:02,400u,frontend-7bd6f45654-vfxkp,87,34
22:41:02,400u,paymentservice-9bfb7bf5-kgd56,8,114
22:41:02,400u,productcatalogservice-65bbf699df-j2fmg,110,44
22:41:02,400u,recommendationservice-7444754ff5-n8cbh,200,59
22:41:02,400u,redis-cart-c8ff86559-kcf44,8,37
22:41:02,400u,shippingservice-f956b6d9f-w7n4b,20,33
22:41:04,400u,adservice-574bff445c-qb9cj,57,271
22:41:04,400u,cartservice-7c84fdfb6-m5m6d,113,187
22:41:04,400u,checkoutservice-5b6d96c9b7-45rkr,20,38
22:41:04,400u,currencyservice-7c8fc8fc9c-4hm9g,66,119
22:41:04,400u,currencyservice-7c8fc8fc9c-5frj9,144,126
22:41:04,400u,currencyservice-7c8fc8fc9c-mgwx9,1,78
22:41:04,400u,emailservice-66944ff59-2lcjl,11,95
22:41:04,400u,frontend-7bd6f45654-przgb,96,35
22:41:04,400u,frontend-7bd6f45654-s2s7z,126,54
22:41:04,400u,frontend-7bd6f45654-vfxkp,87,34
22:41:04,400u,paymentservice-9bfb7bf5-kgd56,8,114
22:41:04,400u,productcatalogservice-65bbf699df-j2fmg,110,44
22:41:04,400u,recommendationservice-7444754ff5-n8cbh,200,59
22:41:04,400u,redis-cart-c8ff86559-kcf44,8,37
22:41:04,400u,shippingservice-f956b6d9f-w7n4b,20,33
22:41:12,400u,adservice-574bff445c-qb9cj,57,271
22:41:12,400u,cartservice-7c84fdfb6-m5m6d,120,187
22:41:12,400u,checkoutservice-5b6d96c9b7-45rkr,19,38
22:41:12,400u,currencyservice-7c8fc8fc9c-4hm9g,75,120
22:41:12,400u,currencyservice-7c8fc8fc9c-5frj9,150,125
22:41:12,400u,currencyservice-7c8fc8fc9c-mgwx9,1,78
22:41:12,400u,emailservice-66944ff59-2lcjl,11,95
22:41:12,400u,frontend-7bd6f45654-przgb,102,35
22:41:12,400u,frontend-7bd6f45654-s2s7z,124,55
22:41:12,400u,frontend-7bd6f45654-vfxkp,100,35
22:41:12,400u,paymentservice-9bfb7bf5-kgd56,8,114
22:41:12,400u,productcatalogservice-65bbf699df-j2fmg,114,44
22:41:12,400u,recommendationservice-7444754ff5-n8cbh,200,59
22:41:12,400u,redis-cart-c8ff86559-kcf44,8,37
22:41:12,400u,shippingservice-f956b6d9f-w7n4b,21,33
22:41:14,400u,adservice-574bff445c-qb9cj,57,271
22:41:14,400u,cartservice-7c84fdfb6-m5m6d,120,187
22:41:14,400u,checkoutservice-5b6d96c9b7-45rkr,19,38
22:41:14,400u,currencyservice-7c8fc8fc9c-4hm9g,75,120
22:41:14,400u,currencyservice-7c8fc8fc9c-5frj9,150,125
22:41:14,400u,currencyservice-7c8fc8fc9c-mgwx9,1,78
22:41:14,400u,emailservice-66944ff59-2lcjl,11,95
22:41:14,400u,frontend-7bd6f45654-przgb,102,35
22:41:14,400u,frontend-7bd6f45654-s2s7z,124,55
22:41:14,400u,frontend-7bd6f45654-vfxkp,100,35
22:41:14,400u,paymentservice-9bfb7bf5-kgd56,8,114
22:41:14,400u,productcatalogservice-65bbf699df-j2fmg,114,44
22:41:14,400u,recommendationservice-7444754ff5-n8cbh,200,59
22:41:14,400u,redis-cart-c8ff86559-kcf44,8,37
22:41:14,400u,shippingservice-f956b6d9f-w7n4b,21,33
22:41:22,400u,adservice-574bff445c-qb9cj,61,271
22:41:22,400u,cartservice-7c84fdfb6-m5m6d,116,187
22:41:22,400u,checkoutservice-5b6d96c9b7-45rkr,18,38
22:41:22,400u,currencyservice-7c8fc8fc9c-4hm9g,78,119
22:41:22,400u,currencyservice-7c8fc8fc9c-5frj9,148,126
22:41:22,400u,currencyservice-7c8fc8fc9c-mgwx9,1,78
22:41:22,400u,emailservice-66944ff59-2lcjl,10,95
22:41:22,400u,frontend-7bd6f45654-przgb,103,36
22:41:22,400u,frontend-7bd6f45654-s2s7z,116,55
22:41:22,400u,frontend-7bd6f45654-vfxkp,99,36
22:41:22,400u,paymentservice-9bfb7bf5-kgd56,8,114
22:41:22,400u,productcatalogservice-65bbf699df-j2fmg,111,44
22:41:22,400u,recommendationservice-7444754ff5-n8cbh,200,59
22:41:22,400u,redis-cart-c8ff86559-kcf44,8,37
22:41:22,400u,shippingservice-f956b6d9f-w7n4b,19,33
22:41:24,400u,adservice-574bff445c-qb9cj,61,271
22:41:24,400u,cartservice-7c84fdfb6-m5m6d,116,187
22:41:24,400u,checkoutservice-5b6d96c9b7-45rkr,18,38
22:41:24,400u,currencyservice-7c8fc8fc9c-4hm9g,78,119
22:41:24,400u,currencyservice-7c8fc8fc9c-5frj9,148,126
22:41:24,400u,currencyservice-7c8fc8fc9c-mgwx9,1,78
22:41:24,400u,emailservice-66944ff59-2lcjl,10,95
22:41:24,400u,frontend-7bd6f45654-przgb,103,36
22:41:24,400u,frontend-7bd6f45654-s2s7z,116,55
22:41:24,400u,frontend-7bd6f45654-vfxkp,99,36
22:41:24,400u,paymentservice-9bfb7bf5-kgd56,8,114
22:41:24,400u,productcatalogservice-65bbf699df-j2fmg,111,44
22:41:24,400u,recommendationservice-7444754ff5-n8cbh,200,59
22:41:24,400u,redis-cart-c8ff86559-kcf44,8,37
22:41:24,400u,shippingservice-f956b6d9f-w7n4b,19,33
22:41:32,400u,adservice-574bff445c-qb9cj,61,271
22:41:32,400u,cartservice-7c84fdfb6-m5m6d,116,187
22:41:32,400u,checkoutservice-5b6d96c9b7-45rkr,18,38
22:41:32,400u,currencyservice-7c8fc8fc9c-4hm9g,78,119
22:41:32,400u,currencyservice-7c8fc8fc9c-5frj9,148,126
22:41:32,400u,currencyservice-7c8fc8fc9c-mgwx9,1,78
22:41:32,400u,emailservice-66944ff59-2lcjl,10,95
22:41:32,400u,frontend-7bd6f45654-przgb,103,36
22:41:32,400u,frontend-7bd6f45654-s2s7z,116,55
22:41:32,400u,frontend-7bd6f45654-vfxkp,99,36
22:41:32,400u,paymentservice-9bfb7bf5-kgd56,8,114
22:41:32,400u,productcatalogservice-65bbf699df-j2fmg,111,44
22:41:32,400u,recommendationservice-7444754ff5-n8cbh,200,59
22:41:32,400u,redis-cart-c8ff86559-kcf44,8,37
22:41:32,400u,shippingservice-f956b6d9f-w7n4b,19,33
22:41:34,400u,adservice-574bff445c-qb9cj,61,271
22:41:34,400u,cartservice-7c84fdfb6-m5m6d,116,187
22:41:34,400u,checkoutservice-5b6d96c9b7-45rkr,18,38
22:41:34,400u,currencyservice-7c8fc8fc9c-4hm9g,78,119
22:41:34,400u,currencyservice-7c8fc8fc9c-5frj9,148,126
22:41:34,400u,currencyservice-7c8fc8fc9c-mgwx9,1,78
22:41:34,400u,emailservice-66944ff59-2lcjl,10,95
22:41:34,400u,frontend-7bd6f45654-przgb,103,36
22:41:34,400u,frontend-7bd6f45654-s2s7z,116,55
22:41:34,400u,frontend-7bd6f45654-vfxkp,99,36
22:41:34,400u,paymentservice-9bfb7bf5-kgd56,8,114
22:41:34,400u,productcatalogservice-65bbf699df-j2fmg,111,44
22:41:34,400u,recommendationservice-7444754ff5-n8cbh,200,59
22:41:34,400u,redis-cart-c8ff86559-kcf44,8,37
22:41:34,400u,shippingservice-f956b6d9f-w7n4b,19,33
22:41:43,400u,adservice-574bff445c-qb9cj,63,271
22:41:43,400u,cartservice-7c84fdfb6-m5m6d,116,187
22:41:43,400u,checkoutservice-5b6d96c9b7-45rkr,19,38
22:41:43,400u,currencyservice-7c8fc8fc9c-4hm9g,75,119
22:41:43,400u,currencyservice-7c8fc8fc9c-5frj9,150,126
22:41:43,400u,currencyservice-7c8fc8fc9c-mgwx9,4,77
22:41:43,400u,emailservice-66944ff59-2lcjl,10,95
22:41:43,400u,frontend-7bd6f45654-przgb,105,37
22:41:43,400u,frontend-7bd6f45654-s2s7z,116,56
22:41:43,400u,frontend-7bd6f45654-vfxkp,100,36
22:41:43,400u,paymentservice-9bfb7bf5-kgd56,8,114
22:41:43,400u,productcatalogservice-65bbf699df-j2fmg,113,44
22:41:43,400u,recommendationservice-7444754ff5-n8cbh,200,60
22:41:43,400u,redis-cart-c8ff86559-kcf44,8,37
22:41:43,400u,shippingservice-f956b6d9f-w7n4b,19,33
22:41:44,400u,adservice-574bff445c-qb9cj,63,271
22:41:44,400u,cartservice-7c84fdfb6-m5m6d,116,187
22:41:44,400u,checkoutservice-5b6d96c9b7-45rkr,19,38
22:41:44,400u,currencyservice-7c8fc8fc9c-4hm9g,75,119
22:41:44,400u,currencyservice-7c8fc8fc9c-5frj9,150,126
22:41:44,400u,currencyservice-7c8fc8fc9c-mgwx9,4,77
22:41:44,400u,emailservice-66944ff59-2lcjl,10,95
22:41:44,400u,frontend-7bd6f45654-przgb,105,37
22:41:44,400u,frontend-7bd6f45654-s2s7z,116,56
22:41:44,400u,frontend-7bd6f45654-vfxkp,100,36
22:41:44,400u,paymentservice-9bfb7bf5-kgd56,8,114
22:41:44,400u,productcatalogservice-65bbf699df-j2fmg,113,44
22:41:44,400u,recommendationservice-7444754ff5-n8cbh,200,60
22:41:44,400u,redis-cart-c8ff86559-kcf44,8,37
22:41:44,400u,shippingservice-f956b6d9f-w7n4b,19,33
22:41:53,400u,adservice-574bff445c-qb9cj,66,272
22:41:53,400u,cartservice-7c84fdfb6-m5m6d,99,187
22:41:53,400u,checkoutservice-5b6d96c9b7-45rkr,18,38
22:41:53,400u,currencyservice-7c8fc8fc9c-4hm9g,80,121
22:41:53,400u,currencyservice-7c8fc8fc9c-5frj9,145,126
22:41:53,400u,currencyservice-7c8fc8fc9c-mgwx9,3,78
22:41:53,400u,emailservice-66944ff59-2lcjl,10,95
22:41:53,400u,frontend-7bd6f45654-przgb,103,38
22:41:53,400u,frontend-7bd6f45654-s2s7z,111,56
22:41:53,400u,frontend-7bd6f45654-vfxkp,102,37
22:41:53,400u,paymentservice-9bfb7bf5-kgd56,8,114
22:41:53,400u,productcatalogservice-65bbf699df-j2fmg,111,44
22:41:53,400u,recommendationservice-7444754ff5-n8cbh,200,60
22:41:53,400u,redis-cart-c8ff86559-kcf44,8,37
22:41:53,400u,shippingservice-f956b6d9f-w7n4b,19,33
22:41:54,400u,adservice-574bff445c-qb9cj,66,272
22:41:54,400u,cartservice-7c84fdfb6-m5m6d,99,187
22:41:54,400u,checkoutservice-5b6d96c9b7-45rkr,18,38
22:41:54,400u,currencyservice-7c8fc8fc9c-4hm9g,80,121
22:41:54,400u,currencyservice-7c8fc8fc9c-5frj9,145,126
22:41:54,400u,currencyservice-7c8fc8fc9c-mgwx9,3,78
22:41:54,400u,emailservice-66944ff59-2lcjl,10,95
22:41:54,400u,frontend-7bd6f45654-przgb,103,38
22:41:54,400u,frontend-7bd6f45654-s2s7z,111,56
22:41:54,400u,frontend-7bd6f45654-vfxkp,102,37
22:41:54,400u,paymentservice-9bfb7bf5-kgd56,8,114
22:41:54,400u,productcatalogservice-65bbf699df-j2fmg,111,44
22:41:54,400u,recommendationservice-7444754ff5-n8cbh,200,60
22:41:54,400u,redis-cart-c8ff86559-kcf44,8,37
22:41:54,400u,shippingservice-f956b6d9f-w7n4b,19,33
22:42:03,400u,adservice-574bff445c-qb9cj,66,272
22:42:03,400u,cartservice-7c84fdfb6-m5m6d,99,187
22:42:03,400u,checkoutservice-5b6d96c9b7-45rkr,18,38
22:42:03,400u,currencyservice-7c8fc8fc9c-4hm9g,80,121
22:42:03,400u,currencyservice-7c8fc8fc9c-5frj9,145,126
22:42:03,400u,currencyservice-7c8fc8fc9c-mgwx9,3,78
22:42:03,400u,emailservice-66944ff59-2lcjl,10,95
22:42:03,400u,frontend-7bd6f45654-przgb,103,38
22:42:03,400u,frontend-7bd6f45654-s2s7z,111,56
22:42:03,400u,frontend-7bd6f45654-vfxkp,102,37
22:42:03,400u,paymentservice-9bfb7bf5-kgd56,8,114
22:42:03,400u,productcatalogservice-65bbf699df-j2fmg,111,44
22:42:03,400u,recommendationservice-7444754ff5-n8cbh,200,60
22:42:03,400u,redis-cart-c8ff86559-kcf44,8,37
22:42:03,400u,shippingservice-f956b6d9f-w7n4b,19,33
22:42:05,400u,adservice-574bff445c-qb9cj,104,274
22:42:05,400u,cartservice-7c84fdfb6-m5m6d,138,188
22:42:05,400u,checkoutservice-5b6d96c9b7-45rkr,31,38
22:42:05,400u,currencyservice-7c8fc8fc9c-4hm9g,109,121
22:42:05,400u,currencyservice-7c8fc8fc9c-5frj9,162,127
22:42:05,400u,currencyservice-7c8fc8fc9c-mgwx9,1,79
22:42:05,400u,emailservice-66944ff59-2lcjl,16,95
22:42:05,400u,frontend-7bd6f45654-przgb,123,37
22:42:05,400u,frontend-7bd6f45654-s2s7z,130,56
22:42:05,400u,frontend-7bd6f45654-vfxkp,132,37
22:42:05,400u,paymentservice-9bfb7bf5-kgd56,11,114
22:42:05,400u,productcatalogservice-65bbf699df-j2fmg,112,44
22:42:05,400u,redis-cart-c8ff86559-kcf44,10,37
22:42:05,400u,shippingservice-f956b6d9f-w7n4b,27,33
22:42:13,400u,adservice-574bff445c-qb9cj,104,274
22:42:13,400u,cartservice-7c84fdfb6-m5m6d,138,188
22:42:13,400u,checkoutservice-5b6d96c9b7-45rkr,31,38
22:42:13,400u,currencyservice-7c8fc8fc9c-4hm9g,109,121
22:42:13,400u,currencyservice-7c8fc8fc9c-5frj9,162,127
22:42:13,400u,currencyservice-7c8fc8fc9c-mgwx9,1,79
22:42:13,400u,emailservice-66944ff59-2lcjl,16,95
22:42:13,400u,frontend-7bd6f45654-przgb,123,37
22:42:13,400u,frontend-7bd6f45654-s2s7z,130,56
22:42:13,400u,frontend-7bd6f45654-vfxkp,132,37
22:42:13,400u,paymentservice-9bfb7bf5-kgd56,11,114
22:42:13,400u,productcatalogservice-65bbf699df-j2fmg,112,44
22:42:13,400u,redis-cart-c8ff86559-kcf44,10,37
22:42:13,400u,shippingservice-f956b6d9f-w7n4b,27,33
22:42:23,400u,adservice-574bff445c-qb9cj,73,275
22:42:23,400u,cartservice-7c84fdfb6-m5m6d,101,187
22:42:23,400u,checkoutservice-5b6d96c9b7-45rkr,28,38
22:42:23,400u,currencyservice-7c8fc8fc9c-4hm9g,74,123
22:42:23,400u,currencyservice-7c8fc8fc9c-5frj9,100,125
22:42:23,400u,currencyservice-7c8fc8fc9c-mgwx9,3,79
22:42:23,400u,emailservice-66944ff59-2lcjl,18,95
22:42:23,400u,frontend-7bd6f45654-przgb,80,37
22:42:23,400u,frontend-7bd6f45654-s2s7z,84,55
22:42:23,400u,frontend-7bd6f45654-vfxkp,88,38
22:42:23,400u,paymentservice-9bfb7bf5-kgd56,11,114
22:42:23,400u,productcatalogservice-65bbf699df-j2fmg,63,44
22:42:23,400u,recommendationservice-7444754ff5-n8cbh,74,58
22:42:23,400u,redis-cart-c8ff86559-kcf44,9,37
22:42:23,400u,shippingservice-f956b6d9f-w7n4b,18,33
22:42:33,400u,adservice-574bff445c-qb9cj,73,275
22:42:33,400u,cartservice-7c84fdfb6-m5m6d,101,187
22:42:33,400u,checkoutservice-5b6d96c9b7-45rkr,28,38
22:42:33,400u,currencyservice-7c8fc8fc9c-4hm9g,74,123
22:42:33,400u,currencyservice-7c8fc8fc9c-5frj9,100,125
22:42:33,400u,currencyservice-7c8fc8fc9c-mgwx9,3,79
22:42:33,400u,emailservice-66944ff59-2lcjl,18,95
22:42:33,400u,frontend-7bd6f45654-przgb,80,37
22:42:33,400u,frontend-7bd6f45654-s2s7z,84,55
22:42:33,400u,frontend-7bd6f45654-vfxkp,88,38
22:42:33,400u,paymentservice-9bfb7bf5-kgd56,11,114
22:42:33,400u,productcatalogservice-65bbf699df-j2fmg,63,44
22:42:33,400u,recommendationservice-7444754ff5-n8cbh,74,58
22:42:33,400u,redis-cart-c8ff86559-kcf44,9,37
22:42:33,400u,shippingservice-f956b6d9f-w7n4b,18,33
22:42:43,400u,adservice-574bff445c-qb9cj,6,275
22:42:43,400u,cartservice-7c84fdfb6-m5m6d,7,187
22:42:43,400u,checkoutservice-5b6d96c9b7-45rkr,2,38
22:42:43,400u,currencyservice-7c8fc8fc9c-4hm9g,5,123
22:42:43,400u,currencyservice-7c8fc8fc9c-5frj9,12,125
22:42:43,400u,currencyservice-7c8fc8fc9c-mgwx9,2,79
22:42:43,400u,emailservice-66944ff59-2lcjl,5,95
22:42:43,400u,frontend-7bd6f45654-przgb,8,34
22:42:43,400u,frontend-7bd6f45654-s2s7z,6,55
22:42:43,400u,frontend-7bd6f45654-vfxkp,4,36
22:42:43,400u,loadgenerator-57fc5754d-m2xdm,11,64
22:42:43,400u,paymentservice-9bfb7bf5-kgd56,3,114
22:42:43,400u,productcatalogservice-65bbf699df-j2fmg,6,44
22:42:43,400u,recommendationservice-7444754ff5-n8cbh,13,58
22:42:43,400u,redis-cart-c8ff86559-kcf44,3,37
22:42:43,400u,shippingservice-f956b6d9f-w7n4b,2,33
22:42:53,400u,adservice-574bff445c-qb9cj,4,275
22:42:53,400u,cartservice-7c84fdfb6-m5m6d,7,187
22:42:53,400u,checkoutservice-5b6d96c9b7-45rkr,1,38
22:42:53,400u,currencyservice-7c8fc8fc9c-4hm9g,6,123
22:42:53,400u,currencyservice-7c8fc8fc9c-5frj9,9,125
22:42:53,400u,currencyservice-7c8fc8fc9c-mgwx9,3,80
22:42:53,400u,emailservice-66944ff59-2lcjl,5,95
22:42:53,400u,frontend-7bd6f45654-przgb,6,34
22:42:53,400u,frontend-7bd6f45654-s2s7z,5,53
22:42:53,400u,frontend-7bd6f45654-vfxkp,4,36
22:42:53,400u,loadgenerator-57fc5754d-m2xdm,8,64
22:42:53,400u,paymentservice-9bfb7bf5-kgd56,2,114
22:42:53,400u,productcatalogservice-65bbf699df-j2fmg,6,44
22:42:53,400u,recommendationservice-7444754ff5-n8cbh,14,58
22:42:53,400u,redis-cart-c8ff86559-kcf44,3,37
22:42:53,400u,shippingservice-f956b6d9f-w7n4b,2,33
22:43:03,400u,adservice-574bff445c-qb9cj,4,275
22:43:03,400u,cartservice-7c84fdfb6-m5m6d,7,187
22:43:03,400u,checkoutservice-5b6d96c9b7-45rkr,1,38
22:43:03,400u,currencyservice-7c8fc8fc9c-4hm9g,6,123
22:43:03,400u,currencyservice-7c8fc8fc9c-5frj9,9,125
22:43:03,400u,currencyservice-7c8fc8fc9c-mgwx9,3,80
22:43:03,400u,emailservice-66944ff59-2lcjl,5,95
22:43:03,400u,frontend-7bd6f45654-przgb,6,34
22:43:03,400u,frontend-7bd6f45654-s2s7z,5,53
22:43:03,400u,frontend-7bd6f45654-vfxkp,4,36
22:43:03,400u,loadgenerator-57fc5754d-m2xdm,8,64
22:43:03,400u,paymentservice-9bfb7bf5-kgd56,2,114
22:43:03,400u,productcatalogservice-65bbf699df-j2fmg,6,44
22:43:03,400u,recommendationservice-7444754ff5-n8cbh,14,58
22:43:03,400u,redis-cart-c8ff86559-kcf44,3,37
22:43:03,400u,shippingservice-f956b6d9f-w7n4b,2,33
22:43:13,400u,adservice-574bff445c-qb9cj,5,275
22:43:13,400u,cartservice-7c84fdfb6-m5m6d,7,187
22:43:13,400u,checkoutservice-5b6d96c9b7-45rkr,2,38
22:43:13,400u,currencyservice-7c8fc8fc9c-4hm9g,4,123
22:43:13,400u,currencyservice-7c8fc8fc9c-5frj9,8,125
22:43:13,400u,currencyservice-7c8fc8fc9c-mgwx9,1,80
22:43:13,400u,emailservice-66944ff59-2lcjl,5,95
22:43:13,400u,frontend-7bd6f45654-przgb,7,34
22:43:13,400u,frontend-7bd6f45654-s2s7z,5,53
22:43:13,400u,frontend-7bd6f45654-vfxkp,4,34
22:43:13,400u,loadgenerator-57fc5754d-m2xdm,8,64
22:43:13,400u,paymentservice-9bfb7bf5-kgd56,2,114
22:43:13,400u,productcatalogservice-65bbf699df-j2fmg,6,44
22:43:13,400u,recommendationservice-7444754ff5-n8cbh,13,58
22:43:13,400u,redis-cart-c8ff86559-kcf44,3,37
22:43:13,400u,shippingservice-f956b6d9f-w7n4b,2,33
22:43:24,400u,adservice-574bff445c-qb9cj,6,272
22:43:24,400u,cartservice-7c84fdfb6-m5m6d,6,187
22:43:24,400u,checkoutservice-5b6d96c9b7-45rkr,1,38
22:43:24,400u,currencyservice-7c8fc8fc9c-4hm9g,6,123
22:43:24,400u,currencyservice-7c8fc8fc9c-5frj9,7,125
22:43:24,400u,currencyservice-7c8fc8fc9c-mgwx9,3,80
22:43:24,400u,emailservice-66944ff59-2lcjl,5,95
22:43:24,400u,frontend-7bd6f45654-przgb,3,34
22:43:24,400u,frontend-7bd6f45654-s2s7z,4,53
22:43:24,400u,frontend-7bd6f45654-vfxkp,5,34
22:43:24,400u,loadgenerator-57fc5754d-m2xdm,8,64
22:43:24,400u,paymentservice-9bfb7bf5-kgd56,2,114
22:43:24,400u,productcatalogservice-65bbf699df-j2fmg,5,44
22:43:24,400u,recommendationservice-7444754ff5-n8cbh,11,58
22:43:24,400u,redis-cart-c8ff86559-kcf44,3,37
22:43:24,400u,shippingservice-f956b6d9f-w7n4b,1,33
22:43:34,400u,adservice-574bff445c-qb9cj,6,272
22:43:34,400u,cartservice-7c84fdfb6-m5m6d,6,187
22:43:34,400u,checkoutservice-5b6d96c9b7-45rkr,1,38
22:43:34,400u,currencyservice-7c8fc8fc9c-4hm9g,6,123
22:43:34,400u,currencyservice-7c8fc8fc9c-5frj9,7,125
22:43:34,400u,currencyservice-7c8fc8fc9c-mgwx9,3,80
22:43:34,400u,emailservice-66944ff59-2lcjl,5,95
22:43:34,400u,frontend-7bd6f45654-przgb,3,34
22:43:34,400u,frontend-7bd6f45654-s2s7z,4,53
22:43:34,400u,frontend-7bd6f45654-vfxkp,5,34
22:43:34,400u,loadgenerator-57fc5754d-m2xdm,8,64
22:43:34,400u,paymentservice-9bfb7bf5-kgd56,2,114
22:43:34,400u,productcatalogservice-65bbf699df-j2fmg,5,44
22:43:34,400u,recommendationservice-7444754ff5-n8cbh,11,58
22:43:34,400u,redis-cart-c8ff86559-kcf44,3,37
22:43:34,400u,shippingservice-f956b6d9f-w7n4b,1,33
22:43:44,400u,adservice-574bff445c-qb9cj,6,272
22:43:44,400u,cartservice-7c84fdfb6-m5m6d,6,187
22:43:44,400u,checkoutservice-5b6d96c9b7-45rkr,1,38
22:43:44,400u,currencyservice-7c8fc8fc9c-4hm9g,5,123
22:43:44,400u,currencyservice-7c8fc8fc9c-5frj9,9,125
22:43:44,400u,currencyservice-7c8fc8fc9c-mgwx9,2,80
22:43:44,400u,emailservice-66944ff59-2lcjl,5,95
22:43:44,400u,frontend-7bd6f45654-przgb,5,34
22:43:44,400u,frontend-7bd6f45654-s2s7z,5,53
22:43:44,400u,frontend-7bd6f45654-vfxkp,5,34
22:43:44,400u,loadgenerator-57fc5754d-m2xdm,8,64
22:43:44,400u,paymentservice-9bfb7bf5-kgd56,2,114
22:43:44,400u,productcatalogservice-65bbf699df-j2fmg,5,44
22:43:44,400u,recommendationservice-7444754ff5-n8cbh,10,58
22:43:44,400u,redis-cart-c8ff86559-kcf44,3,37
22:43:44,400u,shippingservice-f956b6d9f-w7n4b,2,33
22:43:54,400u,adservice-574bff445c-qb9cj,6,272
22:43:54,400u,cartservice-7c84fdfb6-m5m6d,8,187
22:43:54,400u,checkoutservice-5b6d96c9b7-45rkr,1,38
22:43:54,400u,currencyservice-7c8fc8fc9c-4hm9g,3,123
22:43:54,400u,currencyservice-7c8fc8fc9c-5frj9,10,125
22:43:54,400u,currencyservice-7c8fc8fc9c-mgwx9,3,81
22:43:54,400u,emailservice-66944ff59-2lcjl,5,95
22:43:54,400u,frontend-7bd6f45654-przgb,7,34
22:43:54,400u,frontend-7bd6f45654-s2s7z,5,53
22:43:54,400u,frontend-7bd6f45654-vfxkp,4,34
22:43:54,400u,loadgenerator-57fc5754d-m2xdm,9,64
22:43:54,400u,paymentservice-9bfb7bf5-kgd56,2,114
22:43:54,400u,productcatalogservice-65bbf699df-j2fmg,6,44
22:43:54,400u,recommendationservice-7444754ff5-n8cbh,13,58
22:43:54,400u,redis-cart-c8ff86559-kcf44,3,37
22:43:54,400u,shippingservice-f956b6d9f-w7n4b,2,35
22:44:04,400u,adservice-574bff445c-qb9cj,6,272
22:44:04,400u,cartservice-7c84fdfb6-m5m6d,8,187
22:44:04,400u,checkoutservice-5b6d96c9b7-45rkr,1,38
22:44:04,400u,currencyservice-7c8fc8fc9c-4hm9g,3,123
22:44:04,400u,currencyservice-7c8fc8fc9c-5frj9,10,125
22:44:04,400u,currencyservice-7c8fc8fc9c-mgwx9,3,81
22:44:04,400u,emailservice-66944ff59-2lcjl,5,95
22:44:04,400u,frontend-7bd6f45654-przgb,7,34
22:44:04,400u,frontend-7bd6f45654-s2s7z,5,53
22:44:04,400u,frontend-7bd6f45654-vfxkp,4,34
22:44:04,400u,loadgenerator-57fc5754d-m2xdm,9,64
22:44:04,400u,paymentservice-9bfb7bf5-kgd56,2,114
22:44:04,400u,productcatalogservice-65bbf699df-j2fmg,6,44
22:44:04,400u,recommendationservice-7444754ff5-n8cbh,13,58
22:44:04,400u,redis-cart-c8ff86559-kcf44,3,37
22:44:04,400u,shippingservice-f956b6d9f-w7n4b,2,35
22:44:14,400u,adservice-574bff445c-qb9cj,5,272
22:44:14,400u,cartservice-7c84fdfb6-m5m6d,7,187
22:44:14,400u,checkoutservice-5b6d96c9b7-45rkr,1,38
22:44:14,400u,currencyservice-7c8fc8fc9c-4hm9g,5,123
22:44:14,400u,currencyservice-7c8fc8fc9c-5frj9,9,125
22:44:14,400u,currencyservice-7c8fc8fc9c-mgwx9,1,81
22:44:14,400u,emailservice-66944ff59-2lcjl,5,95
22:44:14,400u,frontend-7bd6f45654-przgb,6,34
22:44:14,400u,frontend-7bd6f45654-s2s7z,5,53
22:44:14,400u,frontend-7bd6f45654-vfxkp,3,34
22:44:14,400u,loadgenerator-57fc5754d-m2xdm,7,64
22:44:14,400u,paymentservice-9bfb7bf5-kgd56,2,114
22:44:14,400u,productcatalogservice-65bbf699df-j2fmg,5,44
22:44:14,400u,recommendationservice-7444754ff5-n8cbh,11,58
22:44:14,400u,redis-cart-c8ff86559-kcf44,3,37
22:44:14,400u,shippingservice-f956b6d9f-w7n4b,2,35
22:44:24,400u,adservice-574bff445c-qb9cj,3,272
22:44:24,400u,cartservice-7c84fdfb6-m5m6d,8,187
22:44:24,400u,checkoutservice-5b6d96c9b7-45rkr,2,39
22:44:24,400u,currencyservice-7c8fc8fc9c-4hm9g,5,123
22:44:24,400u,currencyservice-7c8fc8fc9c-5frj9,10,125
22:44:24,400u,currencyservice-7c8fc8fc9c-mgwx9,3,81
22:44:24,400u,emailservice-66944ff59-2lcjl,5,95
22:44:24,400u,frontend-7bd6f45654-przgb,6,34
22:44:24,400u,frontend-7bd6f45654-s2s7z,5,53
22:44:24,400u,frontend-7bd6f45654-vfxkp,5,34
22:44:24,400u,loadgenerator-57fc5754d-m2xdm,8,64
22:44:24,400u,paymentservice-9bfb7bf5-kgd56,4,114
22:44:24,400u,productcatalogservice-65bbf699df-j2fmg,7,44
22:44:24,400u,recommendationservice-7444754ff5-n8cbh,15,58
22:44:24,400u,redis-cart-c8ff86559-kcf44,4,37
22:44:24,400u,shippingservice-f956b6d9f-w7n4b,2,35
22:44:34,400u,adservice-574bff445c-qb9cj,6,272
22:44:34,400u,cartservice-7c84fdfb6-m5m6d,8,187
22:44:34,400u,checkoutservice-5b6d96c9b7-45rkr,2,39
22:44:34,400u,currencyservice-7c8fc8fc9c-4hm9g,6,123
22:44:34,400u,currencyservice-7c8fc8fc9c-5frj9,11,125
22:44:34,400u,currencyservice-7c8fc8fc9c-mgwx9,3,81
22:44:34,400u,emailservice-66944ff59-2lcjl,5,95
22:44:34,400u,frontend-7bd6f45654-przgb,7,34
22:44:34,400u,frontend-7bd6f45654-s2s7z,6,53
22:44:34,400u,frontend-7bd6f45654-vfxkp,7,34
22:44:34,400u,loadgenerator-57fc5754d-m2xdm,10,64
22:44:34,400u,paymentservice-9bfb7bf5-kgd56,1,114
22:44:34,400u,productcatalogservice-65bbf699df-j2fmg,8,44
22:44:34,400u,recommendationservice-7444754ff5-n8cbh,14,58
22:44:34,400u,redis-cart-c8ff86559-kcf44,3,37
22:44:34,400u,shippingservice-f956b6d9f-w7n4b,2,35
22:44:45,400u,adservice-574bff445c-qb9cj,6,272
22:44:45,400u,cartservice-7c84fdfb6-m5m6d,8,187
22:44:45,400u,checkoutservice-5b6d96c9b7-45rkr,2,39
22:44:45,400u,currencyservice-7c8fc8fc9c-4hm9g,6,123
22:44:45,400u,currencyservice-7c8fc8fc9c-5frj9,11,125
22:44:45,400u,currencyservice-7c8fc8fc9c-mgwx9,3,81
22:44:45,400u,emailservice-66944ff59-2lcjl,5,95
22:44:45,400u,frontend-7bd6f45654-przgb,7,34
22:44:45,400u,frontend-7bd6f45654-s2s7z,6,53
22:44:45,400u,frontend-7bd6f45654-vfxkp,7,34
22:44:45,400u,loadgenerator-57fc5754d-m2xdm,10,64
22:44:45,400u,paymentservice-9bfb7bf5-kgd56,1,114
22:44:45,400u,productcatalogservice-65bbf699df-j2fmg,8,44
22:44:45,400u,recommendationservice-7444754ff5-n8cbh,14,58
22:44:45,400u,redis-cart-c8ff86559-kcf44,3,37
22:44:45,400u,shippingservice-f956b6d9f-w7n4b,2,35
22:44:55,400u,adservice-574bff445c-qb9cj,4,272
22:44:55,400u,cartservice-7c84fdfb6-m5m6d,6,187
22:44:55,400u,checkoutservice-5b6d96c9b7-45rkr,1,39
22:44:55,400u,currencyservice-7c8fc8fc9c-4hm9g,5,123
22:44:55,400u,currencyservice-7c8fc8fc9c-5frj9,12,125
22:44:55,400u,currencyservice-7c8fc8fc9c-mgwx9,2,81
22:44:55,400u,emailservice-66944ff59-2lcjl,5,95
22:44:55,400u,frontend-7bd6f45654-przgb,5,34
22:44:55,400u,frontend-7bd6f45654-s2s7z,6,53
22:44:55,400u,frontend-7bd6f45654-vfxkp,5,34
22:44:55,400u,loadgenerator-57fc5754d-m2xdm,8,64
22:44:55,400u,paymentservice-9bfb7bf5-kgd56,2,114
22:44:55,400u,productcatalogservice-65bbf699df-j2fmg,5,44
22:44:55,400u,recommendationservice-7444754ff5-n8cbh,11,58
22:44:55,400u,redis-cart-c8ff86559-kcf44,3,37
22:44:55,400u,shippingservice-f956b6d9f-w7n4b,1,35
22:45:05,400u,adservice-574bff445c-qb9cj,5,272
22:45:05,400u,cartservice-7c84fdfb6-m5m6d,7,187
22:45:05,400u,checkoutservice-5b6d96c9b7-45rkr,2,39
22:45:05,400u,currencyservice-7c8fc8fc9c-4hm9g,4,123
22:45:05,400u,currencyservice-7c8fc8fc9c-5frj9,10,125
22:45:05,400u,currencyservice-7c8fc8fc9c-mgwx9,2,81
22:45:05,400u,emailservice-66944ff59-2lcjl,5,95
22:45:05,400u,frontend-7bd6f45654-przgb,7,34
22:45:05,400u,frontend-7bd6f45654-s2s7z,3,53
22:45:05,400u,frontend-7bd6f45654-vfxkp,2,34
22:45:05,400u,loadgenerator-57fc5754d-m2xdm,8,64
22:45:05,400u,paymentservice-9bfb7bf5-kgd56,2,114
22:45:05,400u,productcatalogservice-65bbf699df-j2fmg,5,44
22:45:05,400u,recommendationservice-7444754ff5-n8cbh,10,58
22:45:05,400u,redis-cart-c8ff86559-kcf44,3,37
22:45:05,400u,shippingservice-f956b6d9f-w7n4b,1,35
22:45:15,400u,adservice-574bff445c-qb9cj,5,272
22:45:15,400u,cartservice-7c84fdfb6-m5m6d,7,187
22:45:15,400u,checkoutservice-5b6d96c9b7-45rkr,2,39
22:45:15,400u,currencyservice-7c8fc8fc9c-4hm9g,4,123
22:45:15,400u,currencyservice-7c8fc8fc9c-5frj9,10,125
22:45:15,400u,currencyservice-7c8fc8fc9c-mgwx9,2,81
22:45:15,400u,emailservice-66944ff59-2lcjl,5,95
22:45:15,400u,frontend-7bd6f45654-przgb,7,34
22:45:15,400u,frontend-7bd6f45654-s2s7z,3,53
22:45:15,400u,frontend-7bd6f45654-vfxkp,2,34
22:45:15,400u,loadgenerator-57fc5754d-m2xdm,8,64
22:45:15,400u,paymentservice-9bfb7bf5-kgd56,2,114
22:45:15,400u,productcatalogservice-65bbf699df-j2fmg,5,44
22:45:15,400u,recommendationservice-7444754ff5-n8cbh,10,58
22:45:15,400u,redis-cart-c8ff86559-kcf44,3,37
22:45:15,400u,shippingservice-f956b6d9f-w7n4b,1,35
22:45:25,400u,adservice-574bff445c-qb9cj,4,272
22:45:25,400u,cartservice-7c84fdfb6-m5m6d,7,187
22:45:25,400u,checkoutservice-5b6d96c9b7-45rkr,1,39
22:45:25,400u,currencyservice-7c8fc8fc9c-4hm9g,4,123
22:45:25,400u,currencyservice-7c8fc8fc9c-5frj9,9,125
22:45:25,400u,currencyservice-7c8fc8fc9c-mgwx9,3,81
22:45:25,400u,emailservice-66944ff59-2lcjl,4,95
22:45:25,400u,frontend-7bd6f45654-przgb,7,34
22:45:25,400u,frontend-7bd6f45654-s2s7z,4,53
22:45:25,400u,frontend-7bd6f45654-vfxkp,4,34
22:45:25,400u,loadgenerator-57fc5754d-m2xdm,8,64
22:45:25,400u,paymentservice-9bfb7bf5-kgd56,2,114
22:45:25,400u,productcatalogservice-65bbf699df-j2fmg,6,44
22:45:25,400u,recommendationservice-7444754ff5-n8cbh,14,58
22:45:25,400u,redis-cart-c8ff86559-kcf44,3,37
22:45:25,400u,shippingservice-f956b6d9f-w7n4b,2,35
22:45:35,400u,adservice-574bff445c-qb9cj,5,272
22:45:35,400u,cartservice-7c84fdfb6-m5m6d,6,187
22:45:35,400u,checkoutservice-5b6d96c9b7-45rkr,1,39
22:45:35,400u,currencyservice-7c8fc8fc9c-4hm9g,4,123
22:45:35,400u,currencyservice-7c8fc8fc9c-5frj9,8,126
22:45:35,400u,currencyservice-7c8fc8fc9c-mgwx9,2,81
22:45:35,400u,emailservice-66944ff59-2lcjl,5,95
22:45:35,400u,frontend-7bd6f45654-przgb,5,34
22:45:35,400u,frontend-7bd6f45654-s2s7z,4,53
22:45:35,400u,frontend-7bd6f45654-vfxkp,4,34
22:45:35,400u,loadgenerator-57fc5754d-m2xdm,8,64
22:45:35,400u,paymentservice-9bfb7bf5-kgd56,2,114
22:45:35,400u,productcatalogservice-65bbf699df-j2fmg,6,44
22:45:35,400u,recommendationservice-7444754ff5-n8cbh,12,58
22:45:35,400u,redis-cart-c8ff86559-kcf44,3,37
22:45:35,400u,shippingservice-f956b6d9f-w7n4b,1,35
22:45:45,400u,adservice-574bff445c-qb9cj,5,272
22:45:45,400u,cartservice-7c84fdfb6-m5m6d,6,187
22:45:45,400u,checkoutservice-5b6d96c9b7-45rkr,1,39
22:45:45,400u,currencyservice-7c8fc8fc9c-4hm9g,4,123
22:45:45,400u,currencyservice-7c8fc8fc9c-5frj9,8,126
22:45:45,400u,currencyservice-7c8fc8fc9c-mgwx9,2,81
22:45:45,400u,emailservice-66944ff59-2lcjl,5,95
22:45:45,400u,frontend-7bd6f45654-przgb,5,34
22:45:45,400u,frontend-7bd6f45654-s2s7z,4,53
22:45:45,400u,frontend-7bd6f45654-vfxkp,4,34
22:45:45,400u,loadgenerator-57fc5754d-m2xdm,8,64
22:45:45,400u,paymentservice-9bfb7bf5-kgd56,2,114
22:45:45,400u,productcatalogservice-65bbf699df-j2fmg,6,44
22:45:45,400u,recommendationservice-7444754ff5-n8cbh,12,58
22:45:45,400u,redis-cart-c8ff86559-kcf44,3,37
22:45:45,400u,shippingservice-f956b6d9f-w7n4b,1,35
