/Users/edias/Library/Python/3.9/lib/python/site-packages/urllib3/__init__.py:35: NotOpenSSLWarning: urllib3 v2 only supports OpenSSL 1.1.1+, currently the 'ssl' module is compiled with 'LibreSSL 2.8.3'. See: https://github.com/urllib3/urllib3/issues/3020
  warnings.warn(
/Users/edias/Library/Python/3.9/lib/python/site-packages/urllib3/__init__.py:35: NotOpenSSLWarning: urllib3 v2 only supports OpenSSL 1.1.1+, currently the 'ssl' module is compiled with 'LibreSSL 2.8.3'. See: https://github.com/urllib3/urllib3/issues/3020
  warnings.warn(
[2026-04-19 17:59:20,857] Mac/WARNING/locust.main: Python 3.9 support is deprecated and will be removed soon
[2026-04-19 17:59:20,857] Mac/WARNING/locust.main: Python 3.9 support is deprecated and will be removed soon
Type     Name                                                                          # reqs      # fails |    Avg     Min     Max    Med |   req/s  failures/s
Type     Name                    # reqs      # fails |    Avg     Min     Max    Med |   req/s  failures/s
--------|----------------------------------------------------------------------------|-------|-------------|-------|-------|-------|-------|--------|-----------
--------|----------------------|-------|-------------|-------|-------|-------|-------|--------|-----------
--------|----------------------------------------------------------------------------|-------|-------------|-------|-------|-------|-------|--------|-----------
--------|----------------------|-------|-------------|-------|-------|-------|-------|--------|-----------
         Aggregated                                                                         0     0(0.00%) |      0       0       0      0 |    0.00        0.00
         Aggregated                   0     0(0.00%) |      0       0       0      0 |    0.00        0.00


Type     Name                                                                          # reqs      # fails |    Avg     Min     Max    Med |   req/s  failures/s
--------|----------------------------------------------------------------------------|-------|-------------|-------|-------|-------|-------|--------|-----------
GET      /                                                                                  1     0(0.00%) |     19      19      19     19 |    0.00        0.00
POST     /cart [add]                                                                        3     0(0.00%) |     23      17      32     21 |    0.00        0.00
GET      /product/[id]                                                                      1     0(0.00%) |     36      36      36     36 |    0.00        0.00
--------|----------------------------------------------------------------------------|-------|-------------|-------|-------|-------|-------|--------|-----------
         Aggregated                                                                         5     0(0.00%) |     25      17      36     21 |    0.00        0.00
Type     Name                    # reqs      # fails |    Avg     Min     Max    Med |   req/s  failures/s

--------|----------------------|-------|-------------|-------|-------|-------|-------|--------|-----------
GET      /product/[id]                4     0(0.00%) |     24      17      33     19 |    0.00        0.00
--------|----------------------|-------|-------------|-------|-------|-------|-------|--------|-----------
         Aggregated                   4     0(0.00%) |     24      17      33     19 |    0.00        0.00

Type     Name                                                                          # reqs      # fails |    Avg     Min     Max    Med |   req/s  failures/s
--------|----------------------------------------------------------------------------|-------|-------------|-------|-------|-------|-------|--------|-----------
GET      /                                                                                  1     0(0.00%) |     19      19      19     19 |    0.50        0.00
GET      /cart                                                                              1     0(0.00%) |     25      25      25     25 |    0.00        0.00
POST     /cart [add]                                                                        4     0(0.00%) |     21      15      32     18 |    1.00        0.00
POST     /cart/checkout                                                                     1     0(0.00%) |     12      12      12     12 |    0.00        0.00
GET      /product/[id]                                                                      5     0(0.00%) |     23      12      36     24 |    0.50        0.00
--------|----------------------------------------------------------------------------|-------|-------------|-------|-------|-------|-------|--------|-----------
         Aggregated                                                                        12     0(0.00%) |     21      12      36     20 |    2.00        0.00
Type     Name                    # reqs      # fails |    Avg     Min     Max    Med |   req/s  failures/s

--------|----------------------|-------|-------------|-------|-------|-------|-------|--------|-----------
POST     /cart [add]                  2     0(0.00%) |     24      18      30     18 |    0.00        0.00
GET      /product/[id]                6     0(0.00%) |     20      10      33     18 |    2.00        0.00
POST     /setCurrency                 1     0(0.00%) |     37      37      37     37 |    0.00        0.00
--------|----------------------|-------|-------------|-------|-------|-------|-------|--------|-----------
         Aggregated                   9     0(0.00%) |     23      10      37     19 |    2.00        0.00

Type     Name                    # reqs      # fails |    Avg     Min     Max    Med |   req/s  failures/s
Type     Name                                                                          # reqs      # fails |    Avg     Min     Max    Med |   req/s  failures/s
--------|----------------------|-------|-------------|-------|-------|-------|-------|--------|-----------
--------|----------------------------------------------------------------------------|-------|-------------|-------|-------|-------|-------|--------|-----------
GET      /                            1     0(0.00%) |     25      25      25     25 |    0.00        0.00
GET      /                                                                                  3     0(0.00%) |     17      15      19     16 |    0.25        0.00
POST     /cart [add]                  5     0(0.00%) |     23      15      31     20 |    0.50        0.00
GET      /cart                                                                              1     0(0.00%) |     25      25      25     25 |    0.25        0.00
POST     /cart/checkout               2     0(0.00%) |     17      15      19     16 |    0.00        0.00
POST     /cart [add]                                                                        7     0(0.00%) |     23      15      32     21 |    1.00        0.00
GET      /product/[id]               12     0(0.00%) |     19      10      33     18 |    1.50        0.00
POST     /cart/checkout                                                                     2     0(0.00%) |     15      12      18     13 |    0.25        0.00
POST     /setCurrency                 1     0(0.00%) |     37      37      37     37 |    0.25        0.00
GET      /product/[id]                                                                     10     0(0.00%) |     21      11      36     22 |    1.00        0.00
--------|----------------------|-------|-------------|-------|-------|-------|-------|--------|-----------
--------|----------------------------------------------------------------------------|-------|-------------|-------|-------|-------|-------|--------|-----------
         Aggregated                  21     0(0.00%) |     21      10      37     19 |    2.25        0.00
         Aggregated                                                                        23     0(0.00%) |     20      11      36     20 |    2.75        0.00


Type     Name                                                                          # reqs      # fails |    Avg     Min     Max    Med |   req/s  failures/s
--------|----------------------------------------------------------------------------|-------|-------------|-------|-------|-------|-------|--------|-----------
GET      /                                                                                  3     0(0.00%) |     17      15      19     16 |    0.33        0.00
GET      /cart                                                                              3     0(0.00%) |     22      20      25     21 |    0.17        0.00
POST     /cart [add]                                                                       11     0(0.00%) |     20      14      32     19 |    1.17        0.00
POST     /cart/checkout                                                                     3     0(0.00%) |     15      12      18     14 |    0.33        0.00
GET      /product/[id]                                                                     16     0(0.00%) |     18       9      36     16 |    1.33        0.00
--------|----------------------------------------------------------------------------|-------|-------------|-------|-------|-------|-------|--------|-----------
         Aggregated                                                                        36     0(0.00%) |     19       9      36     18 |    3.33        0.00

Type     Name                    # reqs      # fails |    Avg     Min     Max    Med |   req/s  failures/s
--------|----------------------|-------|-------------|-------|-------|-------|-------|--------|-----------
GET      /                            2     0(0.00%) |     20      15      25     16 |    0.17        0.00
GET      /cart                        1     0(0.00%) |      9       9       9      9 |    0.00        0.00
POST     /cart [add]                  5     0(0.00%) |     23      15      31     20 |    0.67        0.00
POST     /cart/checkout               2     0(0.00%) |     17      15      19     16 |    0.17        0.00
GET      /product/[id]               22     0(0.00%) |     18      10      33     16 |    1.50        0.00
POST     /setCurrency                 4     0(0.00%) |     24      15      37     20 |    0.17        0.00
--------|----------------------|-------|-------------|-------|-------|-------|-------|--------|-----------
         Aggregated                  36     0(0.00%) |     19       9      37     18 |    2.67        0.00

Type     Name                                                                          # reqs      # fails |    Avg     Min     Max    Med |   req/s  failures/s
--------|----------------------------------------------------------------------------|-------|-------------|-------|-------|-------|-------|--------|-----------
GET      /                                                                                  5     0(0.00%) |     19      15      25     18 |    0.38        0.00
GET      /cart                                                                              3     0(0.00%) |     22      20      25     21 |    0.38        0.00
POST     /cart [add]                                                                       13     0(0.00%) |     24      14      63     19 |    1.38        0.00
POST     /cart/checkout                                                                     4     0(0.00%) |     16      12      20     14 |    0.38        0.00
GET      /product/[id]                                                                     23     0(0.00%) |     17       9      36     15 |    1.75        0.00
POST     /setCurrency                                                                       1     0(0.00%) |     16      16      16     16 |    0.00        0.00
--------|----------------------------------------------------------------------------|-------|-------------|-------|-------|-------|-------|--------|-----------
         Aggregated                                                                        49     0(0.00%) |     19       9      63     18 |    4.25        0.00

Type     Name                    # reqs      # fails |    Avg     Min     Max    Med |   req/s  failures/s
--------|----------------------|-------|-------------|-------|-------|-------|-------|--------|-----------
GET      /                            2     0(0.00%) |     20      15      25     16 |    0.25        0.00
GET      /cart                        1     0(0.00%) |      9       9       9      9 |    0.00        0.00
POST     /cart [add]                  7     0(0.00%) |     21      15      31     18 |    0.62        0.00
POST     /cart/checkout               3     0(0.00%) |     16      14      19     16 |    0.25        0.00
GET      /product/[id]               31     0(0.00%) |     17      10      33     16 |    2.25        0.00
POST     /setCurrency                 6     0(0.00%) |     26      15      42     20 |    0.25        0.00
--------|----------------------|-------|-------------|-------|-------|-------|-------|--------|-----------
         Aggregated                  50     0(0.00%) |     18       9      42     16 |    3.62        0.00

Type     Name                                                                          # reqs      # fails |    Avg     Min     Max    Med |   req/s  failures/s
--------|----------------------------------------------------------------------------|-------|-------------|-------|-------|-------|-------|--------|-----------
GET      /                                                                                  5     0(0.00%) |     19      15      25     18 |    0.50        0.00
GET      /cart                                                                              3     0(0.00%) |     22      20      25     21 |    0.30        0.00
POST     /cart [add]                                                                       15     0(0.00%) |     23      14      63     19 |    1.30        0.00
POST     /cart/checkout                                                                     4     0(0.00%) |     16      12      20     14 |    0.40        0.00
GET      /product/[id]                                                                     31     0(0.00%) |     17       9      36     15 |    1.90        0.00
POST     /setCurrency                                                                       2     0(0.00%) |     20      16      23     17 |    0.10        0.00
--------|----------------------------------------------------------------------------|-------|-------------|-------|-------|-------|-------|--------|-----------
         Aggregated                                                                        60     0(0.00%) |     19       9      63     18 |    4.50        0.00

Type     Name                    # reqs      # fails |    Avg     Min     Max    Med |   req/s  failures/s
--------|----------------------|-------|-------------|-------|-------|-------|-------|--------|-----------
GET      /                            2     0(0.00%) |     20      15      25     16 |    0.20        0.00
GET      /cart                        4     0(0.00%) |     11       9      13     10 |    0.10        0.00
POST     /cart [add]                  9     0(0.00%) |     19      15      31     17 |    0.50        0.00
POST     /cart/checkout               4     0(0.00%) |     16      14      19     16 |    0.20        0.00
GET      /product/[id]               34     0(0.00%) |     17      10      33     15 |    2.90        0.00
POST     /setCurrency                 7     0(0.00%) |     25      15      42     23 |    0.50        0.00
--------|----------------------|-------|-------------|-------|-------|-------|-------|--------|-----------
         Aggregated                  60     0(0.00%) |     18       9      42     16 |    4.40        0.00

Type     Name                                                                          # reqs      # fails |    Avg     Min     Max    Med |   req/s  failures/s
--------|----------------------------------------------------------------------------|-------|-------------|-------|-------|-------|-------|--------|-----------
GET      /                                                                                  6     0(0.00%) |     19      15      25     18 |    0.40        0.00
GET      /cart                                                                              3     0(0.00%) |     22      20      25     21 |    0.30        0.00
POST     /cart [add]                                                                       18     0(0.00%) |     22      12      63     18 |    1.20        0.00
POST     /cart/checkout                                                                     5     0(0.00%) |     16      12      20     15 |    0.40        0.00
GET      /product/[id]                                                                     37     0(0.00%) |     16       8      36     14 |    2.80        0.00
POST     /setCurrency                                                                       3     0(0.00%) |     19      16      23     18 |    0.10        0.00
--------|----------------------------------------------------------------------------|-------|-------------|-------|-------|-------|-------|--------|-----------
         Aggregated                                                                        72     0(0.00%) |     18       8      63     17 |    5.20        0.00

Type     Name                    # reqs      # fails |    Avg     Min     Max    Med |   req/s  failures/s
--------|----------------------|-------|-------------|-------|-------|-------|-------|--------|-----------
GET      /                            2     0(0.00%) |     20      15      25     16 |    0.20        0.00
GET      /cart                        6     0(0.00%) |     15       9      24     10 |    0.30        0.00
POST     /cart [add]                 12     0(0.00%) |     19      13      31     16 |    0.80        0.00
POST     /cart/checkout               6     0(0.00%) |     15      12      19     14 |    0.30        0.00
GET      /product/[id]               42     0(0.00%) |     16       7      33     15 |    2.80        0.00
POST     /setCurrency                 8     0(0.00%) |     25      15      42     21 |    0.60        0.00
--------|----------------------|-------|-------------|-------|-------|-------|-------|--------|-----------
         Aggregated                  76     0(0.00%) |     17       7      42     16 |    5.00        0.00

Type     Name                                                                          # reqs      # fails |    Avg     Min     Max    Med |   req/s  failures/s
--------|----------------------------------------------------------------------------|-------|-------------|-------|-------|-------|-------|--------|-----------
GET      /                                                                                  7     0(0.00%) |     18      15      25     18 |    0.40        0.00
GET      /cart                                                                              5     0(0.00%) |     18      11      25     21 |    0.20        0.00
POST     /cart [add]                                                                       19     0(0.00%) |     21      12      63     18 |    1.30        0.00
POST     /cart/checkout                                                                     6     0(0.00%) |     16      12      20     15 |    0.40        0.00
GET      /product/[id]                                                                     43     0(0.00%) |     15       8      36     14 |    3.00        0.00
POST     /setCurrency                                                                       4     0(0.00%) |     19      16      23     18 |    0.30        0.00
--------|----------------------------------------------------------------------------|-------|-------------|-------|-------|-------|-------|--------|-----------
         Aggregated                                                                        84     0(0.00%) |     17       8      63     16 |    5.60        0.00

Type     Name                    # reqs      # fails |    Avg     Min     Max    Med |   req/s  failures/s
--------|----------------------|-------|-------------|-------|-------|-------|-------|--------|-----------
GET      /                            2     0(0.00%) |     20      15      25     16 |    0.20        0.00
GET      /cart                        8     0(0.00%) |     15       9      24     14 |    0.60        0.00
POST     /cart [add]                 15     0(0.00%) |     20      11      33     17 |    0.80        0.00
POST     /cart/checkout               7     0(0.00%) |     15      12      19     15 |    0.50        0.00
GET      /product/[id]               50     0(0.00%) |     16       7      33     15 |    3.10        0.00
POST     /setCurrency                12     0(0.00%) |     28      14      75     21 |    0.70        0.00
--------|----------------------|-------|-------------|-------|-------|-------|-------|--------|-----------
         Aggregated                  94     0(0.00%) |     18       7      75     16 |    5.90        0.00

Type     Name                                                                          # reqs      # fails |    Avg     Min     Max    Med |   req/s  failures/s
--------|----------------------------------------------------------------------------|-------|-------------|-------|-------|-------|-------|--------|-----------
GET      /                                                                                  8     0(0.00%) |     18      15      25     18 |    0.40        0.00
GET      /cart                                                                              7     0(0.00%) |     17      11      25     14 |    0.40        0.00
POST     /cart [add]                                                                       22     0(0.00%) |     22      12      63     18 |    1.20        0.00
POST     /cart/checkout                                                                     7     0(0.00%) |     16      12      20     15 |    0.40        0.00
GET      /product/[id]                                                                     53     0(0.00%) |     15       8      36     14 |    3.00        0.00
POST     /setCurrency                                                                       6     0(0.00%) |     19      16      23     18 |    0.40        0.00
--------|----------------------------------------------------------------------------|-------|-------------|-------|-------|-------|-------|--------|-----------
         Aggregated                                                                       103     0(0.00%) |     17       8      63     16 |    5.80        0.00
Type     Name                    # reqs      # fails |    Avg     Min     Max    Med |   req/s  failures/s

--------|----------------------|-------|-------------|-------|-------|-------|-------|--------|-----------
GET      /                            2     0(0.00%) |     20      15      25     16 |    0.10        0.00
GET      /cart                        8     0(0.00%) |     15       9      24     14 |    0.80        0.00
POST     /cart [add]                 17     0(0.00%) |     20      11      33     17 |    0.80        0.00
POST     /cart/checkout              10     0(0.00%) |     22      12      67     16 |    0.50        0.00
GET      /product/[id]               55     0(0.00%) |     16       7      33     15 |    3.70        0.00
POST     /setCurrency                14     0(0.00%) |     28      14      75     21 |    0.80        0.00
--------|----------------------|-------|-------------|-------|-------|-------|-------|--------|-----------
         Aggregated                 106     0(0.00%) |     19       7      75     16 |    6.70        0.00

Type     Name                                                                          # reqs      # fails |    Avg     Min     Max    Med |   req/s  failures/s
--------|----------------------------------------------------------------------------|-------|-------------|-------|-------|-------|-------|--------|-----------
GET      /                                                                                  8     0(0.00%) |     18      15      25     18 |    0.40        0.00
GET      /cart                                                                              9     0(0.00%) |     16      11      25     15 |    0.40        0.00
POST     /cart [add]                                                                       25     0(0.00%) |     21      12      63     18 |    1.00        0.00
POST     /cart/checkout                                                                     8     0(0.00%) |     54      12     325     15 |    0.40        0.00
GET      /product/[id]                                                                     58     0(0.00%) |     15       8      36     14 |    3.60        0.00
POST     /setCurrency                                                                       8     0(0.00%) |     18      15      23     18 |    0.40        0.00
--------|----------------------------------------------------------------------------|-------|-------------|-------|-------|-------|-------|--------|-----------
         Aggregated                                                                       116     0(0.00%) |     20       8     325     16 |    6.20        0.00

Type     Name                    # reqs      # fails |    Avg     Min     Max    Med |   req/s  failures/s
--------|----------------------|-------|-------------|-------|-------|-------|-------|--------|-----------
GET      /                            2     0(0.00%) |     20      15      25     16 |    0.00        0.00
GET      /cart                        8     0(0.00%) |     15       9      24     14 |    0.80        0.00
POST     /cart [add]                 22     0(0.00%) |     18      11      33     16 |    1.10        0.00
POST     /cart/checkout              13     0(0.00%) |     20      12      67     16 |    0.70        0.00
GET      /product/[id]               61     0(0.00%) |     16       7      33     15 |    3.30        0.00
POST     /setCurrency                15     0(0.00%) |     27      14      75     21 |    1.20        0.00
--------|----------------------|-------|-------------|-------|-------|-------|-------|--------|-----------
         Aggregated                 121     0(0.00%) |     18       7      75     16 |    7.10        0.00

Type     Name                                                                          # reqs      # fails |    Avg     Min     Max    Med |   req/s  failures/s
--------|----------------------------------------------------------------------------|-------|-------------|-------|-------|-------|-------|--------|-----------
GET      /                                                                                  8     0(0.00%) |     18      15      25     18 |    0.30        0.00
GET      /cart                                                                             10     0(0.00%) |     17      11      25     15 |    0.50        0.00
POST     /cart [add]                                                                       29     0(0.00%) |     21      12      63     18 |    1.20        0.00
POST     /cart/checkout                                                                     9     0(0.00%) |     50      12     325     15 |    0.30        0.00
GET      /product/[id]                                                                     66     0(0.00%) |     15       8      36     14 |    3.60        0.00
POST     /setCurrency                                                                       9     0(0.00%) |     18      15      23     18 |    0.50        0.00
--------|----------------------------------------------------------------------------|-------|-------------|-------|-------|-------|-------|--------|-----------
         Aggregated                                                                       131     0(0.00%) |     19       8     325     16 |    6.40        0.00

Type     Name                    # reqs      # fails |    Avg     Min     Max    Med |   req/s  failures/s
--------|----------------------|-------|-------------|-------|-------|-------|-------|--------|-----------
GET      /                            2     0(0.00%) |     20      15      25     16 |    0.00        0.00
GET      /cart                       10     0(0.00%) |     14       9      24     11 |    0.70        0.00
POST     /cart [add]                 22     0(0.00%) |     18      11      33     16 |    1.50        0.00
POST     /cart/checkout              13     0(0.00%) |     20      12      67     16 |    1.00        0.00
GET      /product/[id]               71     0(0.00%) |     15       7      33     14 |    2.80        0.00
POST     /setCurrency                16     0(0.00%) |     26      14      75     20 |    0.90        0.00
--------|----------------------|-------|-------------|-------|-------|-------|-------|--------|-----------
         Aggregated                 134     0(0.00%) |     18       7      75     15 |    6.90        0.00

Type     Name                                                                          # reqs      # fails |    Avg     Min     Max    Med |   req/s  failures/s
--------|----------------------------------------------------------------------------|-------|-------------|-------|-------|-------|-------|--------|-----------
GET      /                                                                                  8     0(0.00%) |     18      15      25     18 |    0.30        0.00
GET      /cart                                                                             12     0(0.00%) |     18      11      25     16 |    0.70        0.00
POST     /cart [add]                                                                       31     0(0.00%) |     21      12      63     18 |    1.40        0.00
POST     /cart/checkout                                                                     9     0(0.00%) |     50      12     325     15 |    0.50        0.00
GET      /product/[id]                                                                     72     0(0.00%) |     15       8      36     14 |    3.10        0.00
Type     Name                    # reqs      # fails |    Avg     Min     Max    Med |   req/s  failures/s
POST     /setCurrency                                                                       9     0(0.00%) |     18      15      23     18 |    0.80        0.00
--------|----------------------------------------------------------------------------|-------|-------------|-------|-------|-------|-------|--------|-----------
--------|----------------------|-------|-------------|-------|-------|-------|-------|--------|-----------
         Aggregated                                                                       141     0(0.00%) |     19       8     325     16 |    6.80        0.00
GET      /                            3     0(0.00%) |     23      15      27     26 |    0.00        0.00

GET      /cart                       12     0(0.00%) |     14       9      24     11 |    0.60        0.00
POST     /cart [add]                 25     0(0.00%) |     19      11      37     17 |    1.40        0.00
POST     /cart/checkout              15     0(0.00%) |     20      12      67     16 |    1.00        0.00
GET      /product/[id]               77     0(0.00%) |     16       7      34     14 |    3.50        0.00
POST     /setCurrency                16     0(0.00%) |     26      14      75     20 |    1.00        0.00
--------|----------------------|-------|-------------|-------|-------|-------|-------|--------|-----------
         Aggregated                 148     0(0.00%) |     18       7      75     16 |    7.50        0.00

Type     Name                                                                          # reqs      # fails |    Avg     Min     Max    Med |   req/s  failures/s
--------|----------------------------------------------------------------------------|-------|-------------|-------|-------|-------|-------|--------|-----------
Type     Name                    # reqs      # fails |    Avg     Min     Max    Med |   req/s  failures/s
GET      /                                                                                 10     0(0.00%) |     20      15      28     19 |    0.30        0.00
--------|----------------------|-------|-------------|-------|-------|-------|-------|--------|-----------
GET      /cart                                                                             13     0(0.00%) |     17       9      25     16 |    0.90        0.00
POST     /cart [add]                                                                       35     0(0.00%) |     21      12      63     18 |    1.40        0.00
GET      /                            3     0(0.00%) |     23      15      27     26 |    0.10        0.00
POST     /cart/checkout                                                                    11     0(0.00%) |     44      12     325     15 |    0.40        0.00
GET      /cart                       13     0(0.00%) |     14       9      24     13 |    0.40        0.00
GET      /product/[id]                                                                     77     0(0.00%) |     15       8      36     13 |    3.20        0.00
POST     /cart [add]                 26     0(0.00%) |     19      11      37     17 |    1.50        0.00
POST     /setCurrency                                                                      10     0(0.00%) |     18      15      23     17 |    0.60        0.00
POST     /cart/checkout              16     0(0.00%) |     20      12      67     16 |    1.00        0.00
--------|----------------------------------------------------------------------------|-------|-------------|-------|-------|-------|-------|--------|-----------
GET      /product/[id]               82     0(0.00%) |     16       7      34     14 |    3.80        0.00
         Aggregated                                                                       156     0(0.00%) |     19       8     325     16 |    6.80        0.00
POST     /setCurrency                18     0(0.00%) |     26      14      75     21 |    0.80        0.00

--------|----------------------|-------|-------------|-------|-------|-------|-------|--------|-----------
         Aggregated                 158     0(0.00%) |     18       7      75     16 |    7.60        0.00

Type     Name                                                                          # reqs      # fails |    Avg     Min     Max    Med |   req/s  failures/s
--------|----------------------------------------------------------------------------|-------|-------------|-------|-------|-------|-------|--------|-----------
GET      /                                                                                 10     0(0.00%) |     20      15      28     19 |    0.30        0.00
GET      /cart                                                                             16     0(0.00%) |     16       9      25     15 |    0.80        0.00
POST     /cart [add]                                                                       37     0(0.00%) |     21      12      63     18 |    1.60        0.00
POST     /cart/checkout                                                                    11     0(0.00%) |     44      12     325     15 |    0.50        0.00
GET      /product/[id]                                                                     83     0(0.00%) |     15       8      36     13 |    3.60        0.00
POST     /setCurrency                                                                      12     0(0.00%) |     21      15      50     18 |    0.60        0.00
--------|----------------------------------------------------------------------------|-------|-------------|-------|-------|-------|-------|--------|-----------
         Aggregated                                                                       169     0(0.00%) |     19       8     325     16 |    7.40        0.00

Type     Name                    # reqs      # fails |    Avg     Min     Max    Med |   req/s  failures/s
--------|----------------------|-------|-------------|-------|-------|-------|-------|--------|-----------
GET      /                            3     0(0.00%) |     23      15      27     26 |    0.10        0.00
GET      /cart                       16     0(0.00%) |     14       8      29     11 |    0.50        0.00
POST     /cart [add]                 30     0(0.00%) |     18      10      37     16 |    1.30        0.00
POST     /cart/checkout              17     0(0.00%) |     22      12      67     17 |    0.90        0.00
GET      /product/[id]               88     0(0.00%) |     16       7      34     14 |    3.50        0.00
POST     /setCurrency                20     0(0.00%) |     25      14      75     20 |    0.80        0.00
--------|----------------------|-------|-------------|-------|-------|-------|-------|--------|-----------
         Aggregated                 174     0(0.00%) |     18       7      75     15 |    7.10        0.00

Type     Name                                                                          # reqs      # fails |    Avg     Min     Max    Med |   req/s  failures/s
--------|----------------------------------------------------------------------------|-------|-------------|-------|-------|-------|-------|--------|-----------
GET      /                                                                                 10     0(0.00%) |     20      15      28     19 |    0.30        0.00
GET      /cart                                                                             17     0(0.00%) |     16       9      25     16 |    0.70        0.00
POST     /cart [add]                                                                       43     0(0.00%) |     21      12      63     18 |    1.60        0.00
POST     /cart/checkout                                                                    12     0(0.00%) |     42      12     325     15 |    0.40        0.00
GET      /product/[id]                                                                     89     0(0.00%) |     15       8      36     13 |    3.00        0.00
POST     /setCurrency                                                                      14     0(0.00%) |     21      15      50     19 |    0.80        0.00
--------|----------------------------------------------------------------------------|-------|-------------|-------|-------|-------|-------|--------|-----------
         Aggregated                                                                       185     0(0.00%) |     19       8     325     16 |    6.80        0.00

Type     Name                    # reqs      # fails |    Avg     Min     Max    Med |   req/s  failures/s
--------|----------------------|-------|-------------|-------|-------|-------|-------|--------|-----------
GET      /                            4     0(0.00%) |     21      15      27     16 |    0.10        0.00
GET      /cart                       20     0(0.00%) |     14       8      29     11 |    0.70        0.00
POST     /cart [add]                 32     0(0.00%) |     18      10      37     16 |    1.40        0.00
POST     /cart/checkout              18     0(0.00%) |     23      12      67     17 |    0.80        0.00
GET      /product/[id]               97     0(0.00%) |     16       7      34     14 |    3.50        0.00
POST     /setCurrency                21     0(0.00%) |     25      14      75     20 |    0.50        0.00
--------|----------------------|-------|-------------|-------|-------|-------|-------|--------|-----------
         Aggregated                 192     0(0.00%) |     18       7      75     15 |    7.00        0.00

Type     Name                    # reqs      # fails |    Avg     Min     Max    Med |   req/s  failures/s
--------|----------------------|-------|-------------|-------|-------|-------|-------|--------|-----------
GET      /                            4     0(0.00%) |     21      15      27     16 |    0.20        0.00
GET      /cart                       20     0(0.00%) |     14       8      29     11 |    1.20        0.00
POST     /cart [add]                 34     0(0.00%) |     18      10      37     16 |    1.00        0.00
POST     /cart/checkout              19     0(0.00%) |     22      12      67     19 |    0.50        0.00
GET      /product/[id]              100     0(0.00%) |     16       7      34     14 |    3.70        0.00
POST     /setCurrency                23     0(0.00%) |     24      14      75     20 |    0.60        0.00
--------|----------------------|-------|-------------|-------|-------|-------|-------|--------|-----------
         Aggregated                 200     0(0.00%) |     18       7      75     15 |    7.20        0.00

Type     Name                                                                          # reqs      # fails |    Avg     Min     Max    Med |   req/s  failures/s
--------|----------------------------------------------------------------------------|-------|-------------|-------|-------|-------|-------|--------|-----------
GET      /                                                                                 11     0(0.00%) |     20      15      28     19 |    0.20        0.00
GET      /cart                                                                             17     0(0.00%) |     16       9      25     16 |    0.80        0.00
POST     /cart [add]                                                                       45     0(0.00%) |     21      12      63     18 |    1.60        0.00
POST     /cart/checkout                                                                    13     0(0.00%) |     40      12     325     16 |    0.40        0.00
GET      /product/[id]                                                                     95     0(0.00%) |     15       8      36     13 |    3.10        0.00
POST     /setCurrency                                                                      15     0(0.00%) |     21      15      50     19 |    0.70        0.00
--------|----------------------------------------------------------------------------|-------|-------------|-------|-------|-------|-------|--------|-----------
         Aggregated                                                                       196     0(0.00%) |     19       8     325     16 |    6.80        0.00

Type     Name                    # reqs      # fails |    Avg     Min     Max    Med |   req/s  failures/s
--------|----------------------|-------|-------------|-------|-------|-------|-------|--------|-----------
GET      /                            4     0(0.00%) |     21      15      27     16 |    0.20        0.00
GET      /cart                       21     0(0.00%) |     17       8      70     13 |    1.10        0.00
POST     /cart [add]                 39     0(0.00%) |     24      10     199     17 |    1.10        0.00
POST     /cart/checkout              20     0(0.00%) |     22      12      67     17 |    0.60        0.00
GET      /product/[id]              105     0(0.00%) |     16       7      34     14 |    3.00        0.00
POST     /setCurrency                25     0(0.00%) |     26      14      75     20 |    0.70        0.00
--------|----------------------|-------|-------------|-------|-------|-------|-------|--------|-----------
         Aggregated                 214     0(0.00%) |     19       7     199     15 |    6.70        0.00

Type     Name                                                                          # reqs      # fails |    Avg     Min     Max    Med |   req/s  failures/s
--------|----------------------------------------------------------------------------|-------|-------------|-------|-------|-------|-------|--------|-----------
GET      /                                                                                 11     0(0.00%) |     20      15      28     19 |    0.30        0.00
GET      /cart                                                                             18     0(0.00%) |     33       9     320     16 |    0.70        0.00
POST     /cart [add]                                                                       45     0(0.00%) |     21      12      63     18 |    1.60        0.00
POST     /cart/checkout                                                                    13     0(0.00%) |     40      12     325     16 |    0.40        0.00
GET      /product/[id]                                                                    102     0(0.00%) |     16       8     141     13 |    3.20        0.00
POST     /setCurrency                                                                      18     0(0.00%) |     21      14      50     19 |    0.50        0.00
--------|----------------------------------------------------------------------------|-------|-------------|-------|-------|-------|-------|--------|-----------
         Aggregated                                                                       207     0(0.00%) |     21       8     325     16 |    6.70        0.00

Type     Name                                                                          # reqs      # fails |    Avg     Min     Max    Med |   req/s  failures/s
Type     Name                    # reqs      # fails |    Avg     Min     Max    Med |   req/s  failures/s
--------|----------------------------------------------------------------------------|-------|-------------|-------|-------|-------|-------|--------|-----------
--------|----------------------|-------|-------------|-------|-------|-------|-------|--------|-----------
GET      /                                                                                 12     0(0.00%) |     20      15      28     18 |    0.30        0.00
GET      /                            4     0(0.00%) |     21      15      27     16 |    0.10        0.00
GET      /cart                                                                             19     0(0.00%) |     32       9     320     16 |    0.60        0.00
GET      /cart                       25     0(0.00%) |     16       8      70     11 |    1.10        0.00
POST     /cart [add]                                                                       45     0(0.00%) |     21      12      63     18 |    1.40        0.00
POST     /cart [add]                 44     0(0.00%) |     23      10     199     17 |    1.30        0.00
POST     /cart/checkout                                                                    13     0(0.00%) |     40      12     325     16 |    0.40        0.00
POST     /cart/checkout              24     0(0.00%) |     21      12      67     17 |    0.50        0.00
GET      /product/[id]                                                                    110     0(0.00%) |     16       8     141     13 |    3.30        0.00
GET      /product/[id]              112     0(0.00%) |     15       7      34     14 |    2.80        0.00
POST     /setCurrency                                                                      20     0(0.00%) |     21      14      50     19 |    0.70        0.00
POST     /setCurrency                26     0(0.00%) |     26      14      75     20 |    0.80        0.00
--------|----------------------------------------------------------------------------|-------|-------------|-------|-------|-------|-------|--------|-----------
--------|----------------------|-------|-------------|-------|-------|-------|-------|--------|-----------
         Aggregated                                                                       219     0(0.00%) |     20       8     325     16 |    6.70        0.00
         Aggregated                 235     0(0.00%) |     19       7     199     15 |    6.60        0.00


Type     Name                                                                          # reqs      # fails |    Avg     Min     Max    Med |   req/s  failures/s
--------|----------------------------------------------------------------------------|-------|-------------|-------|-------|-------|-------|--------|-----------
GET      /                                                                                 12     0(0.00%) |     20      15      28     18 |    0.30        0.00
Type     Name                    # reqs      # fails |    Avg     Min     Max    Med |   req/s  failures/s
GET      /cart                                                                             22     0(0.00%) |     30       9     320     16 |    0.60        0.00
POST     /cart [add]                                                                       49     0(0.00%) |     21      12      63     18 |    1.00        0.00
--------|----------------------|-------|-------------|-------|-------|-------|-------|--------|-----------
GET      /                            5     0(0.00%) |     20      15      27     19 |    0.10        0.00
POST     /cart/checkout                                                                    16     0(0.00%) |     35      12     325     16 |    0.20        0.00
GET      /cart                       27     0(0.00%) |     16       8      70     12 |    1.00        0.00
GET      /product/[id]                                                                    114     0(0.00%) |     16       8     141     13 |    3.30        0.00
POST     /cart [add]                 46     0(0.00%) |     24      10     199     17 |    1.60        0.00
POST     /setCurrency                                                                      22     0(0.00%) |     21      14      50     19 |    0.90        0.00
POST     /cart/checkout              26     0(0.00%) |     21      12      67     17 |    0.60        0.00
--------|----------------------------------------------------------------------------|-------|-------------|-------|-------|-------|-------|--------|-----------
GET      /product/[id]              121     0(0.00%) |     15       7      34     13 |    2.80        0.00
         Aggregated                                                                       235     0(0.00%) |     20       8     325     16 |    6.30        0.00
POST     /setCurrency                28     0(0.00%) |     26      14      75     20 |    0.80        0.00

--------|----------------------|-------|-------------|-------|-------|-------|-------|--------|-----------
         Aggregated                 253     0(0.00%) |     19       7     199     15 |    6.90        0.00

Type     Name                    # reqs      # fails |    Avg     Min     Max    Med |   req/s  failures/s
Type     Name                                                                          # reqs      # fails |    Avg     Min     Max    Med |   req/s  failures/s
--------|----------------------|-------|-------------|-------|-------|-------|-------|--------|-----------
--------|----------------------------------------------------------------------------|-------|-------------|-------|-------|-------|-------|--------|-----------
GET      /                            6     0(0.00%) |     22      15      29     19 |    0.10        0.00
GET      /                                                                                 12     0(0.00%) |     20      15      28     18 |    0.20        0.00
GET      /cart                       27     0(0.00%) |     16       8      70     12 |    1.00        0.00
GET      /cart                                                                             24     0(0.00%) |     28       9     320     16 |    0.70        0.00
POST     /cart [add]                 47     0(0.00%) |     23      10     199     17 |    1.50        0.00
POST     /cart [add]                                                                       54     0(0.00%) |     21      12      63     18 |    0.90        0.00
POST     /cart/checkout              27     0(0.00%) |     21      12      67     18 |    0.80        0.00
POST     /cart/checkout                                                                    17     0(0.00%) |     34      12     325     16 |    0.30        0.00
GET      /product/[id]              129     0(0.00%) |     15       7      34     13 |    2.80        0.00
GET      /product/[id]                                                                    117     0(0.00%) |     15       8     141     13 |    3.30        0.00
POST     /setCurrency                28     0(0.00%) |     26      14      75     20 |    0.90        0.00
POST     /setCurrency                                                                      22     0(0.00%) |     21      14      50     19 |    0.90        0.00
--------|----------------------|-------|-------------|-------|-------|-------|-------|--------|-----------
--------|----------------------------------------------------------------------------|-------|-------------|-------|-------|-------|-------|--------|-----------
         Aggregated                 264     0(0.00%) |     18       7     199     15 |    7.10        0.00
         Aggregated                                                                       246     0(0.00%) |     20       8     325     16 |    6.30        0.00


Type     Name                                                                          # reqs      # fails |    Avg     Min     Max    Med |   req/s  failures/s
--------|----------------------------------------------------------------------------|-------|-------------|-------|-------|-------|-------|--------|-----------
GET      /                                                                                 12     0(0.00%) |     20      15      28     18 |    0.20        0.00
GET      /cart                                                                             25     0(0.00%) |     28       9     320     16 |    0.80        0.00
POST     /cart [add]                                                                       60     0(0.00%) |     20      12      63     18 |    1.10        0.00
POST     /cart/checkout                                                                    20     0(0.00%) |     32      12     325     16 |    0.50        0.00
GET      /product/[id]                                                                    125     0(0.00%) |     15       8     141     13 |    3.10        0.00
POST     /setCurrency                                                                      24     0(0.00%) |     21      14      50     19 |    0.90        0.00
--------|----------------------------------------------------------------------------|-------|-------------|-------|-------|-------|-------|--------|-----------
         Aggregated                                                                       266     0(0.00%) |     19       8     325     16 |    6.60        0.00

Type     Name                    # reqs      # fails |    Avg     Min     Max    Med |   req/s  failures/s
--------|----------------------|-------|-------------|-------|-------|-------|-------|--------|-----------
GET      /                            6     0(0.00%) |     22      15      29     19 |    0.10        0.00
GET      /cart                       28     0(0.00%) |     15       8      70     11 |    0.70        0.00
POST     /cart [add]                 51     0(0.00%) |     23      10     199     17 |    1.70        0.00
POST     /cart/checkout              28     0(0.00%) |     21      12      67     17 |    1.00        0.00
GET      /product/[id]              135     0(0.00%) |     15       7      34     13 |    3.20        0.00
POST     /setCurrency                28     0(0.00%) |     26      14      75     20 |    0.80        0.00
--------|----------------------|-------|-------------|-------|-------|-------|-------|--------|-----------
         Aggregated                 276     0(0.00%) |     18       7     199     15 |    7.50        0.00

Type     Name                                                                          # reqs      # fails |    Avg     Min     Max    Med |   req/s  failures/s
--------|----------------------------------------------------------------------------|-------|-------------|-------|-------|-------|-------|--------|-----------
GET      /                                                                                 12     0(0.00%) |     20      15      28     18 |    0.10        0.00
GET      /cart                                                                             25     0(0.00%) |     28       9     320     16 |    0.70        0.00
POST     /cart [add]                                                                       61     0(0.00%) |     20      12      63     18 |    1.30        0.00
POST     /cart/checkout                                                                    21     0(0.00%) |     32      12     325     18 |    0.50        0.00
GET      /product/[id]                                                                    132     0(0.00%) |     15       8     141     13 |    2.70        0.00
POST     /setCurrency                                                                      27     0(0.00%) |     21      14      50     19 |    0.90        0.00
--------|----------------------------------------------------------------------------|-------|-------------|-------|-------|-------|-------|--------|-----------
         Aggregated                                                                       278     0(0.00%) |     19       8     325     16 |    6.20        0.00

Type     Name                    # reqs      # fails |    Avg     Min     Max    Med |   req/s  failures/s
--------|----------------------|-------|-------------|-------|-------|-------|-------|--------|-----------
GET      /                            8     0(0.00%) |     21      15      29     19 |    0.20        0.00
GET      /cart                       31     0(0.00%) |     15       8      70     12 |    0.80        0.00
POST     /cart [add]                 56     0(0.00%) |     23      10     199     17 |    1.60        0.00
POST     /cart/checkout              32     0(0.00%) |     21      12      67     18 |    0.80        0.00
GET      /product/[id]              138     0(0.00%) |     15       7      34     13 |    3.70        0.00
POST     /setCurrency                29     0(0.00%) |     26      14      75     21 |    0.50        0.00
--------|----------------------|-------|-------------|-------|-------|-------|-------|--------|-----------
         Aggregated                 294     0(0.00%) |     18       7     199     15 |    7.60        0.00

Type     Name                    # reqs      # fails |    Avg     Min     Max    Med |   req/s  failures/s
Type     Name                                                                          # reqs      # fails |    Avg     Min     Max    Med |   req/s  failures/s
--------|----------------------|-------|-------------|-------|-------|-------|-------|--------|-----------
--------|----------------------------------------------------------------------------|-------|-------------|-------|-------|-------|-------|--------|-----------
GET      /                                                                                 13     0(0.00%) |     20      15      28     19 |    0.10        0.00
GET      /                            8     0(0.00%) |     21      15      29     19 |    0.30        0.00
GET      /cart                       33     0(0.00%) |     15       8      70     11 |    0.80        0.00
GET      /cart                                                                             27     0(0.00%) |     26       9     320     15 |    0.70        0.00
POST     /cart [add]                 59     0(0.00%) |     23      10     199     17 |    1.60        0.00
POST     /cart [add]                                                                       62     0(0.00%) |     20      12      63     18 |    1.60        0.00
POST     /cart/checkout              33     0(0.00%) |     21      12      67     19 |    1.00        0.00
POST     /cart/checkout                                                                    22     0(0.00%) |     31      12     325     17 |    0.80        0.00
GET      /product/[id]              143     0(0.00%) |     15       7      34     13 |    3.40        0.00
GET      /product/[id]                                                                    140     0(0.00%) |     15       8     141     13 |    3.00        0.00
POST     /setCurrency                31     0(0.00%) |     25      14      75     20 |    0.50        0.00
POST     /setCurrency                                                                      27     0(0.00%) |     21      14      50     19 |    1.00        0.00
--------|----------------------|-------|-------------|-------|-------|-------|-------|--------|-----------
--------|----------------------------------------------------------------------------|-------|-------------|-------|-------|-------|-------|--------|-----------
         Aggregated                 307     0(0.00%) |     18       7     199     15 |    7.60        0.00
         Aggregated                                                                       291     0(0.00%) |     19       8     325     16 |    7.20        0.00


Type     Name                                                                          # reqs      # fails |    Avg     Min     Max    Med |   req/s  failures/s
--------|----------------------------------------------------------------------------|-------|-------------|-------|-------|-------|-------|--------|-----------
GET      /                                                                                 13     0(0.00%) |     20      15      28     19 |    0.00        0.00
GET      /cart                                                                             31     0(0.00%) |     25       9     320     15 |    0.80        0.00
POST     /cart [add]                                                                       64     0(0.00%) |     20      12      63     18 |    1.60        0.00
POST     /cart/checkout                                                                    23     0(0.00%) |     31      12     325     17 |    0.80        0.00
GET      /product/[id]                                                                    148     0(0.00%) |     15       8     141     13 |    2.90        0.00
POST     /setCurrency                                                                      27     0(0.00%) |     21      14      50     19 |    0.80        0.00
Type     Name                    # reqs      # fails |    Avg     Min     Max    Med |   req/s  failures/s
--------|----------------------------------------------------------------------------|-------|-------------|-------|-------|-------|-------|--------|-----------
         Aggregated                                                                       306     0(0.00%) |     19       8     325     16 |    6.90        0.00

--------|----------------------|-------|-------------|-------|-------|-------|-------|--------|-----------
GET      /                            8     0(0.00%) |     21      15      29     19 |    0.40        0.00
GET      /cart                       34     0(0.00%) |     15       8      70     11 |    0.80        0.00
POST     /cart [add]                 62     0(0.00%) |     23      10     199     17 |    1.70        0.00
POST     /cart/checkout              33     0(0.00%) |     21      12      67     19 |    1.20        0.00
GET      /product/[id]              149     0(0.00%) |     15       7      34     13 |    3.20        0.00
POST     /setCurrency                33     0(0.00%) |     25      14      75     20 |    0.60        0.00
--------|----------------------|-------|-------------|-------|-------|-------|-------|--------|-----------
         Aggregated                 319     0(0.00%) |     18       7     199     15 |    7.90        0.00

Type     Name                    # reqs      # fails |    Avg     Min     Max    Med |   req/s  failures/s
--------|----------------------|-------|-------------|-------|-------|-------|-------|--------|-----------
GET      /                            9     0(0.00%) |     20      15      29     19 |    0.40        0.00
GET      /cart                       34     0(0.00%) |     15       8      70     11 |    0.80        0.00
POST     /cart [add]                 63     0(0.00%) |     23      10     199     17 |    1.40        0.00
POST     /cart/checkout              33     0(0.00%) |     21      12      67     19 |    0.80        0.00
GET      /product/[id]              159     0(0.00%) |     15       7      34     14 |    3.40        0.00
POST     /setCurrency                33     0(0.00%) |     25      14      75     20 |    0.40        0.00
--------|----------------------|-------|-------------|-------|-------|-------|-------|--------|-----------
         Aggregated                 331     0(0.00%) |     18       7     199     16 |    7.20        0.00

Type     Name                                                                          # reqs      # fails |    Avg     Min     Max    Med |   req/s  failures/s
--------|----------------------------------------------------------------------------|-------|-------------|-------|-------|-------|-------|--------|-----------
GET      /                                                                                 13     0(0.00%) |     20      15      28     19 |    0.10        0.00
GET      /cart                                                                             34     0(0.00%) |     23       9     320     13 |    0.90        0.00
POST     /cart [add]                                                                       65     0(0.00%) |     20      12      63     18 |    1.60        0.00
POST     /cart/checkout                                                                    23     0(0.00%) |     31      12     325     17 |    0.80        0.00
GET      /product/[id]                                                                    153     0(0.00%) |     15       8     141     13 |    3.00        0.00
POST     /setCurrency                                                                      30     0(0.00%) |     21      14      50     19 |    0.60        0.00
--------|----------------------------------------------------------------------------|-------|-------------|-------|-------|-------|-------|--------|-----------
         Aggregated                                                                       318     0(0.00%) |     19       8     325     16 |    7.00        0.00

Type     Name                    # reqs      # fails |    Avg     Min     Max    Med |   req/s  failures/s
--------|----------------------|-------|-------------|-------|-------|-------|-------|--------|-----------
Type     Name                                                                          # reqs      # fails |    Avg     Min     Max    Med |   req/s  failures/s
GET      /                            9     0(0.00%) |     20      15      29     19 |    0.30        0.00
GET      /cart                       36     0(0.00%) |     14       8      70     11 |    0.70        0.00
POST     /cart [add]                 66     0(0.00%) |     22      10     199     17 |    1.50        0.00
--------|----------------------------------------------------------------------------|-------|-------------|-------|-------|-------|-------|--------|-----------
POST     /cart/checkout              33     0(0.00%) |     21      12      67     19 |    0.60        0.00
GET      /                                                                                 13     0(0.00%) |     20      15      28     19 |    0.10        0.00
GET      /product/[id]              168     0(0.00%) |     15       7      34     14 |    3.00        0.00
GET      /cart                                                                             37     0(0.00%) |     23       9     320     13 |    0.70        0.00
POST     /setCurrency                34     0(0.00%) |     24      14      75     19 |    0.50        0.00
POST     /cart [add]                                                                       68     0(0.00%) |     20      12      63     18 |    1.20        0.00
--------|----------------------|-------|-------------|-------|-------|-------|-------|--------|-----------
POST     /cart/checkout                                                                    24     0(0.00%) |     30      12     325     17 |    0.70        0.00
         Aggregated                 346     0(0.00%) |     18       7     199     16 |    6.60        0.00
GET      /product/[id]                                                                    159     0(0.00%) |     15       8     141     13 |    3.60        0.00

POST     /setCurrency                                                                      31     0(0.00%) |     22      14      50     19 |    0.70        0.00
--------|----------------------------------------------------------------------------|-------|-------------|-------|-------|-------|-------|--------|-----------
         Aggregated                                                                       332     0(0.00%) |     19       8     325     16 |    7.00        0.00

Type     Name                                                                          # reqs      # fails |    Avg     Min     Max    Med |   req/s  failures/s
--------|----------------------------------------------------------------------------|-------|-------------|-------|-------|-------|-------|--------|-----------
GET      /                                                                                 13     0(0.00%) |     20      15      28     19 |    0.10        0.00
GET      /cart                                                                             41     0(0.00%) |     22       9     320     13 |    1.20        0.00
POST     /cart [add]                                                                       70     0(0.00%) |     20      12      63     18 |    1.00        0.00
POST     /cart/checkout                                                                    24     0(0.00%) |     30      12     325     17 |    0.60        0.00
GET      /product/[id]                                                                    163     0(0.00%) |     15       8     141     13 |    3.80        0.00
POST     /setCurrency                                                                      31     0(0.00%) |     22      14      50     19 |    0.80        0.00
--------|----------------------------------------------------------------------------|-------|-------------|-------|-------|-------|-------|--------|-----------
         Aggregated                                                                       342     0(0.00%) |     19       8     325     16 |    7.50        0.00

Type     Name                    # reqs      # fails |    Avg     Min     Max    Med |   req/s  failures/s
--------|----------------------|-------|-------------|-------|-------|-------|-------|--------|-----------
GET      /                            9     0(0.00%) |     20      15      29     19 |    0.30        0.00
GET      /cart                       38     0(0.00%) |     15       8      70     11 |    0.80        0.00
POST     /cart [add]                 67     0(0.00%) |     22      10     199     17 |    1.50        0.00
POST     /cart/checkout              33     0(0.00%) |     21      12      67     19 |    0.60        0.00
GET      /product/[id]              178     0(0.00%) |     15       7      34     14 |    2.90        0.00
POST     /setCurrency                34     0(0.00%) |     24      14      75     19 |    0.60        0.00
--------|----------------------|-------|-------------|-------|-------|-------|-------|--------|-----------
         Aggregated                 359     0(0.00%) |     18       7     199     16 |    6.70        0.00

Type     Name                                                                          # reqs      # fails |    Avg     Min     Max    Med |   req/s  failures/s
--------|----------------------------------------------------------------------------|-------|-------------|-------|-------|-------|-------|--------|-----------
GET      /                                                                                 13     0(0.00%) |     20      15      28     19 |    0.10        0.00
Type     Name                    # reqs      # fails |    Avg     Min     Max    Med |   req/s  failures/s
GET      /cart                                                                             44     0(0.00%) |     21       9     320     13 |    1.40        0.00
POST     /cart [add]                                                                       71     0(0.00%) |     20      12      63     18 |    0.90        0.00
--------|----------------------|-------|-------------|-------|-------|-------|-------|--------|-----------
POST     /cart/checkout                                                                    24     0(0.00%) |     30      12     325     17 |    0.30        0.00
GET      /                            9     0(0.00%) |     20      15      29     19 |    0.20        0.00
GET      /product/[id]                                                                    169     0(0.00%) |     15       8     141     13 |    3.10        0.00
GET      /cart                       39     0(0.00%) |     15       8      70     11 |    0.70        0.00
POST     /setCurrency                                                                      32     0(0.00%) |     22      14      50     19 |    0.50        0.00
POST     /cart [add]                 71     0(0.00%) |     22      10     199     17 |    1.30        0.00
--------|----------------------------------------------------------------------------|-------|-------------|-------|-------|-------|-------|--------|-----------
POST     /cart/checkout              36     0(0.00%) |     20      12      67     18 |    0.30        0.00
         Aggregated                                                                       353     0(0.00%) |     19       8     325     16 |    6.30        0.00
GET      /product/[id]              183     0(0.00%) |     15       7      34     14 |    3.70        0.00

POST     /setCurrency                37     0(0.00%) |     25      14      75     20 |    0.50        0.00
--------|----------------------|-------|-------------|-------|-------|-------|-------|--------|-----------
         Aggregated                 375     0(0.00%) |     18       7     199     16 |    6.70        0.00

Type     Name                    # reqs      # fails |    Avg     Min     Max    Med |   req/s  failures/s
--------|----------------------|-------|-------------|-------|-------|-------|-------|--------|-----------
GET      /                            9     0(0.00%) |     20      15      29     19 |    0.10        0.00
GET      /cart                       45     0(0.00%) |     14       8      70     11 |    0.80        0.00
POST     /cart [add]                 74     0(0.00%) |     22      10     199     17 |    1.20        0.00
POST     /cart/checkout              37     0(0.00%) |     20      12      67     18 |    0.20        0.00
GET      /product/[id]              189     0(0.00%) |     15       7      34     14 |    4.10        0.00
POST     /setCurrency                38     0(0.00%) |     24      14      75     20 |    0.50        0.00
--------|----------------------|-------|-------------|-------|-------|-------|-------|--------|-----------
         Aggregated                 392     0(0.00%) |     18       7     199     16 |    6.90        0.00

Type     Name                                                                          # reqs      # fails |    Avg     Min     Max    Med |   req/s  failures/s
--------|----------------------------------------------------------------------------|-------|-------------|-------|-------|-------|-------|--------|-----------
GET      /                                                                                 14     0(0.00%) |     21      15      30     19 |    0.10        0.00
GET      /cart                                                                             48     0(0.00%) |     21       9     320     13 |    1.60        0.00
POST     /cart [add]                                                                       72     0(0.00%) |     20      12      63     18 |    0.90        0.00
POST     /cart/checkout                                                                    24     0(0.00%) |     30      12     325     17 |    0.30        0.00
GET      /product/[id]                                                                    176     0(0.00%) |     15       8     141     13 |    3.10        0.00
POST     /setCurrency                                                                      34     0(0.00%) |     22      14      50     19 |    0.40        0.00
--------|----------------------------------------------------------------------------|-------|-------------|-------|-------|-------|-------|--------|-----------
         Aggregated                                                                       368     0(0.00%) |     19       8     325     16 |    6.40        0.00

Type     Name                    # reqs      # fails |    Avg     Min     Max    Med |   req/s  failures/s
--------|----------------------|-------|-------------|-------|-------|-------|-------|--------|-----------
GET      /                           10     0(0.00%) |     20      15      29     18 |    0.10        0.00
GET      /cart                       47     0(0.00%) |     14       8      70     11 |    0.80        0.00
POST     /cart [add]                 78     0(0.00%) |     21      10     199     17 |    1.30        0.00
POST     /cart/checkout              38     0(0.00%) |     20      12      67     18 |    0.40        0.00
GET      /product/[id]              195     0(0.00%) |     15       7      34     14 |    3.90        0.00
POST     /setCurrency                38     0(0.00%) |     24      14      75     20 |    0.60        0.00
--------|----------------------|-------|-------------|-------|-------|-------|-------|--------|-----------
         Aggregated                 406     0(0.00%) |     18       7     199     15 |    7.10        0.00

Type     Name                                                                          # reqs      # fails |    Avg     Min     Max    Med |   req/s  failures/s
--------|----------------------------------------------------------------------------|-------|-------------|-------|-------|-------|-------|--------|-----------
GET      /                                                                                 14     0(0.00%) |     21      15      30     19 |    0.10        0.00
GET      /cart                                                                             51     0(0.00%) |     21       9     320     13 |    1.70        0.00
POST     /cart [add]                                                                       75     0(0.00%) |     20      12      63     18 |    0.90        0.00
POST     /cart/checkout                                                                    25     0(0.00%) |     29      12     325     17 |    0.20        0.00
GET      /product/[id]                                                                    178     0(0.00%) |     15       8     141     13 |    3.10        0.00
POST     /setCurrency                                                                      37     0(0.00%) |     22      14      50     21 |    0.50        0.00
--------|----------------------------------------------------------------------------|-------|-------------|-------|-------|-------|-------|--------|-----------
         Aggregated                                                                       380     0(0.00%) |     19       8     325     16 |    6.50        0.00

Type     Name                    # reqs      # fails |    Avg     Min     Max    Med |   req/s  failures/s
--------|----------------------|-------|-------------|-------|-------|-------|-------|--------|-----------
GET      /                           10     0(0.00%) |     20      15      29     18 |    0.20        0.00
GET      /cart                       53     0(0.00%) |     14       6      70     12 |    1.20        0.00
POST     /cart [add]                 80     0(0.00%) |     21      10     199     17 |    1.30        0.00
POST     /cart/checkout              39     0(0.00%) |     20      12      67     18 |    0.40        0.00
GET      /product/[id]              197     0(0.00%) |     15       7      34     14 |    3.80        0.00
POST     /setCurrency                41     0(0.00%) |     24      14      75     20 |    0.50        0.00
--------|----------------------|-------|-------------|-------|-------|-------|-------|--------|-----------
         Aggregated                 420     0(0.00%) |     18       6     199     15 |    7.40        0.00

Type     Name                                                                          # reqs      # fails |    Avg     Min     Max    Med |   req/s  failures/s
--------|----------------------------------------------------------------------------|-------|-------------|-------|-------|-------|-------|--------|-----------
GET      /                                                                                 15     0(0.00%) |     20      15      30     19 |    0.10        0.00
GET      /cart                                                                             53     0(0.00%) |     21       9     320     13 |    1.90        0.00
POST     /cart [add]                                                                       76     0(0.00%) |     20      12      63     18 |    0.80        0.00
POST     /cart/checkout                                                                    26     0(0.00%) |     29      12     325     17 |    0.10        0.00
GET      /product/[id]                                                                    183     0(0.00%) |     15       8     141     13 |    2.50        0.00
POST     /setCurrency                                                                      39     0(0.00%) |     22      14      50     21 |    0.60        0.00
--------|----------------------------------------------------------------------------|-------|-------------|-------|-------|-------|-------|--------|-----------
         Aggregated                                                                       392     0(0.00%) |     18       8     325     16 |    6.00        0.00

Type     Name                    # reqs      # fails |    Avg     Min     Max    Med |   req/s  failures/s
--------|----------------------|-------|-------------|-------|-------|-------|-------|--------|-----------
GET      /                           10     0(0.00%) |     20      15      29     18 |    0.10        0.00
GET      /cart                       56     0(0.00%) |     14       6      70     11 |    1.50        0.00
POST     /cart [add]                 81     0(0.00%) |     21      10     199     17 |    1.50        0.00
POST     /cart/checkout              39     0(0.00%) |     20      12      67     18 |    0.60        0.00
GET      /product/[id]              203     0(0.00%) |     15       7      34     14 |    3.30        0.00
POST     /setCurrency                42     0(0.00%) |     24      14      75     20 |    0.50        0.00
--------|----------------------|-------|-------------|-------|-------|-------|-------|--------|-----------
         Aggregated                 431     0(0.00%) |     18       6     199     15 |    7.50        0.00

Type     Name                                                                          # reqs      # fails |    Avg     Min     Max    Med |   req/s  failures/s
--------|----------------------------------------------------------------------------|-------|-------------|-------|-------|-------|-------|--------|-----------
GET      /                                                                                 17     0(0.00%) |     19      12      30     18 |    0.20        0.00
GET      /cart                                                                             53     0(0.00%) |     21       9     320     13 |    1.60        0.00
POST     /cart [add]                                                                       79     0(0.00%) |     20      12      63     18 |    0.80        0.00
POST     /cart/checkout                                                                    27     0(0.00%) |     29      12     325     17 |    0.10        0.00
GET      /product/[id]                                                                    191     0(0.00%) |     15       8     141     13 |    2.50        0.00
POST     /setCurrency                                                                      39     0(0.00%) |     22      14      50     21 |    0.80        0.00
--------|----------------------------------------------------------------------------|-------|-------------|-------|-------|-------|-------|--------|-----------
         Aggregated                                                                       406     0(0.00%) |     18       8     325     16 |    6.00        0.00

Type     Name                    # reqs      # fails |    Avg     Min     Max    Med |   req/s  failures/s
--------|----------------------|-------|-------------|-------|-------|-------|-------|--------|-----------
GET      /                           10     0(0.00%) |     20      15      29     18 |    0.10        0.00
GET      /cart                       60     0(0.00%) |     14       6      70     11 |    1.80        0.00
POST     /cart [add]                 83     0(0.00%) |     21      10     199     17 |    1.40        0.00
Type     Name                                                                          # reqs      # fails |    Avg     Min     Max    Med |   req/s  failures/s
POST     /cart/checkout              39     0(0.00%) |     20      12      67     18 |    0.60        0.00
GET      /product/[id]              208     0(0.00%) |     15       7      34     13 |    2.50        0.00
--------|----------------------------------------------------------------------------|-------|-------------|-------|-------|-------|-------|--------|-----------
POST     /setCurrency                44     0(0.00%) |     24      14      75     20 |    0.70        0.00
GET      /                                                                                 18     0(0.00%) |     19      12      30     18 |    0.40        0.00
--------|----------------------|-------|-------------|-------|-------|-------|-------|--------|-----------
GET      /cart                                                                             56     0(0.00%) |     20       9     320     13 |    1.40        0.00
         Aggregated                 444     0(0.00%) |     17       6     199     15 |    7.10        0.00
POST     /cart [add]                                                                       83     0(0.00%) |     20      12      63     18 |    0.60        0.00

POST     /cart/checkout                                                                    28     0(0.00%) |     29      12     325     17 |    0.20        0.00
GET      /product/[id]                                                                    197     0(0.00%) |     15       8     141     13 |    2.90        0.00
POST     /setCurrency                                                                      41     0(0.00%) |     22      14      50     20 |    0.80        0.00
--------|----------------------------------------------------------------------------|-------|-------------|-------|-------|-------|-------|--------|-----------
         Aggregated                                                                       423     0(0.00%) |     18       8     325     16 |    6.30        0.00

Type     Name                                                                          # reqs      # fails |    Avg     Min     Max    Med |   req/s  failures/s
Type     Name                    # reqs      # fails |    Avg     Min     Max    Med |   req/s  failures/s
--------|----------------------------------------------------------------------------|-------|-------------|-------|-------|-------|-------|--------|-----------
--------|----------------------|-------|-------------|-------|-------|-------|-------|--------|-----------
GET      /                                                                                 18     0(0.00%) |     19      12      30     18 |    0.40        0.00
GET      /                           12     0(0.00%) |     20      15      29     18 |    0.10        0.00
GET      /cart                                                                             57     0(0.00%) |     21       9     320     13 |    1.20        0.00
GET      /cart                       61     0(0.00%) |     14       6      70     11 |    1.80        0.00
POST     /cart [add]                                                                       86     0(0.00%) |     20      12      63     18 |    0.90        0.00
POST     /cart [add]                 84     0(0.00%) |     21      10     199     17 |    1.20        0.00
POST     /cart/checkout                                                                    29     0(0.00%) |     28      12     325     18 |    0.30        0.00
POST     /cart/checkout              40     0(0.00%) |     20      12      67     18 |    0.40        0.00
GET      /product/[id]                                                                    203     0(0.00%) |     15       8     141     13 |    2.60        0.00
GET      /product/[id]              215     0(0.00%) |     15       7      34     13 |    2.40        0.00
POST     /setCurrency                                                                      42     0(0.00%) |     22      14      50     20 |    0.90        0.00
POST     /setCurrency                44     0(0.00%) |     24      14      75     20 |    0.80        0.00
--------|----------------------------------------------------------------------------|-------|-------------|-------|-------|-------|-------|--------|-----------
--------|----------------------|-------|-------------|-------|-------|-------|-------|--------|-----------
         Aggregated                                                                       435     0(0.00%) |     18       8     325     16 |    6.30        0.00
         Aggregated                 456     0(0.00%) |     17       6     199     15 |    6.70        0.00


Type     Name                                                                          # reqs      # fails |    Avg     Min     Max    Med |   req/s  failures/s
Type     Name                    # reqs      # fails |    Avg     Min     Max    Med |   req/s  failures/s
--------|----------------------------------------------------------------------------|-------|-------------|-------|-------|-------|-------|--------|-----------
--------|----------------------|-------|-------------|-------|-------|-------|-------|--------|-----------
GET      /                                                                                 18     0(0.00%) |     19      12      30     18 |    0.40        0.00
GET      /                           13     0(0.00%) |     20      15      29     19 |    0.10        0.00
GET      /cart                                                                             58     0(0.00%) |     20       9     320     13 |    0.90        0.00
GET      /cart                       64     0(0.00%) |     14       6      70     11 |    1.90        0.00
POST     /cart [add]                                                                       88     0(0.00%) |     20      12      63     18 |    1.40        0.00
POST     /cart [add]                 86     0(0.00%) |     21      10     199     17 |    1.20        0.00
POST     /cart/checkout                                                                    30     0(0.00%) |     28      12     325     17 |    0.50        0.00
POST     /cart/checkout              40     0(0.00%) |     20      12      67     18 |    0.30        0.00
GET      /product/[id]                                                                    210     0(0.00%) |     15       8     141     13 |    2.60        0.00
GET      /product/[id]              222     0(0.00%) |     15       7      34     13 |    2.60        0.00
POST     /setCurrency                                                                      46     0(0.00%) |     21      14      50     19 |    0.90        0.00
POST     /setCurrency                45     0(0.00%) |     24      14      75     20 |    0.60        0.00
--------|----------------------------------------------------------------------------|-------|-------------|-------|-------|-------|-------|--------|-----------
--------|----------------------|-------|-------------|-------|-------|-------|-------|--------|-----------
         Aggregated                                                                       450     0(0.00%) |     18       8     325     16 |    6.70        0.00
         Aggregated                 470     0(0.00%) |     17       6     199     15 |    6.70        0.00


Type     Name                                                                          # reqs      # fails |    Avg     Min     Max    Med |   req/s  failures/s
--------|----------------------------------------------------------------------------|-------|-------------|-------|-------|-------|-------|--------|-----------
GET      /                                                                                 18     0(0.00%) |     19      12      30     18 |    0.40        0.00
GET      /cart                                                                             59     0(0.00%) |     20       9     320     13 |    0.70        0.00
POST     /cart [add]                                                                       92     0(0.00%) |     20      12      63     18 |    1.40        0.00
POST     /cart/checkout                                                                    32     0(0.00%) |     28      12     325     17 |    0.50        0.00
GET      /product/[id]                                                                    213     0(0.00%) |     15       8     141     13 |    2.90        0.00
POST     /setCurrency                                                                      47     0(0.00%) |     21      14      50     19 |    0.70        0.00
--------|----------------------------------------------------------------------------|-------|-------------|-------|-------|-------|-------|--------|-----------
         Aggregated                                                                       461     0(0.00%) |     18       8     325     16 |    6.60        0.00

Type     Name                    # reqs      # fails |    Avg     Min     Max    Med |   req/s  failures/s
--------|----------------------|-------|-------------|-------|-------|-------|-------|--------|-----------
GET      /                           13     0(0.00%) |     20      15      29     19 |    0.30        0.00
GET      /cart                       65     0(0.00%) |     14       6      70     11 |    1.60        0.00
POST     /cart [add]                 87     0(0.00%) |     21      10     199     17 |    1.10        0.00
POST     /cart/checkout              40     0(0.00%) |     20      12      67     18 |    0.30        0.00
GET      /product/[id]              226     0(0.00%) |     15       7      34     13 |    2.30        0.00
POST     /setCurrency                48     0(0.00%) |     23      14      75     20 |    0.70        0.00
--------|----------------------|-------|-------------|-------|-------|-------|-------|--------|-----------
         Aggregated                 479     0(0.00%) |     17       6     199     15 |    6.30        0.00

Type     Name                                                                          # reqs      # fails |    Avg     Min     Max    Med |   req/s  failures/s
--------|----------------------------------------------------------------------------|-------|-------------|-------|-------|-------|-------|--------|-----------
GET      /                                                                                 18     0(0.00%) |     19      12      30     18 |    0.30        0.00
GET      /cart                                                                             61     0(0.00%) |     20       7     320     13 |    0.70        0.00
POST     /cart [add]                                                                       93     0(0.00%) |     20      12      63     18 |    1.50        0.00
POST     /cart/checkout                                                                    32     0(0.00%) |     28      12     325     17 |    0.60        0.00
GET      /product/[id]                                                                    217     0(0.00%) |     15       8     141     13 |    3.00        0.00
POST     /setCurrency                                                                      48     0(0.00%) |     21      14      50     19 |    0.80        0.00
--------|----------------------------------------------------------------------------|-------|-------------|-------|-------|-------|-------|--------|-----------
         Aggregated                                                                       469     0(0.00%) |     18       7     325     16 |    6.90        0.00

Type     Name                    # reqs      # fails |    Avg     Min     Max    Med |   req/s  failures/s
--------|----------------------|-------|-------------|-------|-------|-------|-------|--------|-----------
GET      /                           14     0(0.00%) |     21      15      29     19 |    0.30        0.00
GET      /cart                       66     0(0.00%) |     14       6      70     11 |    1.30        0.00
POST     /cart [add]                 89     0(0.00%) |     21      10     199     17 |    0.80        0.00
POST     /cart/checkout              41     0(0.00%) |     20      12      67     18 |    0.10        0.00
GET      /product/[id]              234     0(0.00%) |     15       7      34     13 |    2.80        0.00
POST     /setCurrency                50     0(0.00%) |     23      14      75     19 |    0.80        0.00
--------|----------------------|-------|-------------|-------|-------|-------|-------|--------|-----------
         Aggregated                 494     0(0.00%) |     17       6     199     15 |    6.10        0.00

Type     Name                                                                          # reqs      # fails |    Avg     Min     Max    Med |   req/s  failures/s
--------|----------------------------------------------------------------------------|-------|-------------|-------|-------|-------|-------|--------|-----------
GET      /                                                                                 19     0(0.00%) |     19      12      30     18 |    0.10        0.00
GET      /cart                                                                             62     0(0.00%) |     20       7     320     13 |    0.60        0.00
POST     /cart [add]                                                                       93     0(0.00%) |     20      12      63     18 |    1.60        0.00
POST     /cart/checkout                                                                    32     0(0.00%) |     28      12     325     17 |    0.60        0.00
GET      /product/[id]                                                                    226     0(0.00%) |     15       8     141     13 |    2.60        0.00
Type     Name                    # reqs      # fails |    Avg     Min     Max    Med |   req/s  failures/s
POST     /setCurrency                                                                      49     0(0.00%) |     21      14      50     19 |    0.90        0.00
--------|----------------------|-------|-------------|-------|-------|-------|-------|--------|-----------
--------|----------------------------------------------------------------------------|-------|-------------|-------|-------|-------|-------|--------|-----------
GET      /                           15     0(0.00%) |     21      15      29     19 |    0.40        0.00
         Aggregated                                                                       481     0(0.00%) |     18       7     325     16 |    6.40        0.00
GET      /cart                       66     0(0.00%) |     14       6      70     11 |    1.00        0.00

POST     /cart [add]                 92     0(0.00%) |     21      10     199     17 |    0.80        0.00
POST     /cart/checkout              42     0(0.00%) |     20      12      67     18 |    0.20        0.00
GET      /product/[id]              238     0(0.00%) |     15       7      34     13 |    3.10        0.00
POST     /setCurrency                52     0(0.00%) |     23      14      75     20 |    0.80        0.00
--------|----------------------|-------|-------------|-------|-------|-------|-------|--------|-----------
         Aggregated                 505     0(0.00%) |     17       6     199     15 |    6.30        0.00

Type     Name                    # reqs      # fails |    Avg     Min     Max    Med |   req/s  failures/s
Type     Name                                                                          # reqs      # fails |    Avg     Min     Max    Med |   req/s  failures/s
--------|----------------------|-------|-------------|-------|-------|-------|-------|--------|-----------
--------|----------------------------------------------------------------------------|-------|-------------|-------|-------|-------|-------|--------|-----------
GET      /                           16     0(0.00%) |     20      15      29     19 |    0.40        0.00
GET      /                                                                                 20     0(0.00%) |     19      12      30     18 |    0.10        0.00
GET      /cart                       69     0(0.00%) |     14       6      70     12 |    0.90        0.00
GET      /cart                                                                             64     0(0.00%) |     19       7     320     13 |    0.70        0.00
POST     /cart [add]                 93     0(0.00%) |     21      10     199     17 |    0.80        0.00
POST     /cart [add]                                                                       96     0(0.00%) |     20      12      63     18 |    1.40        0.00
POST     /cart/checkout              42     0(0.00%) |     20      12      67     18 |    0.20        0.00
POST     /cart/checkout                                                                    33     0(0.00%) |     27      12     325     17 |    0.50        0.00
GET      /product/[id]              247     0(0.00%) |     15       7      34     13 |    3.00        0.00
GET      /product/[id]                                                                    230     0(0.00%) |     15       7     141     13 |    3.10        0.00
POST     /setCurrency                52     0(0.00%) |     23      14      75     20 |    0.70        0.00
POST     /setCurrency                                                                      53     0(0.00%) |     21      14      50     19 |    0.90        0.00
--------|----------------------|-------|-------------|-------|-------|-------|-------|--------|-----------
--------|----------------------------------------------------------------------------|-------|-------------|-------|-------|-------|-------|--------|-----------
         Aggregated                 519     0(0.00%) |     17       6     199     15 |    6.00        0.00
         Aggregated                                                                       496     0(0.00%) |     18       7     325     16 |    6.70        0.00


Type     Name                                                                          # reqs      # fails |    Avg     Min     Max    Med |   req/s  failures/s
--------|----------------------------------------------------------------------------|-------|-------------|-------|-------|-------|-------|--------|-----------
GET      /                                                                                 21     0(0.00%) |     19      12      30     18 |    0.20        0.00
GET      /cart                                                                             65     0(0.00%) |     19       7     320     13 |    0.80        0.00
POST     /cart [add]                                                                      100     0(0.00%) |     20      12      63     18 |    1.10        0.00
POST     /cart/checkout                                                                    33     0(0.00%) |     27      12     325     17 |    0.30        0.00
GET      /product/[id]                                                                    233     0(0.00%) |     15       7     141     13 |    2.90        0.00
POST     /setCurrency                                                                      53     0(0.00%) |     21      14      50     19 |    1.10        0.00
--------|----------------------------------------------------------------------------|-------|-------------|-------|-------|-------|-------|--------|-----------
         Aggregated                                                                       505     0(0.00%) |     18       7     325     16 |    6.40        0.00
Type     Name                    # reqs      # fails |    Avg     Min     Max    Med |   req/s  failures/s

--------|----------------------|-------|-------------|-------|-------|-------|-------|--------|-----------
GET      /                           16     0(0.00%) |     20      15      29     19 |    0.50        0.00
GET      /cart                       74     0(0.00%) |     14       6      70     12 |    0.90        0.00
POST     /cart [add]                 97     0(0.00%) |     21      10     199     16 |    0.90        0.00
POST     /cart/checkout              44     0(0.00%) |     20      12      67     18 |    0.20        0.00
GET      /product/[id]              251     0(0.00%) |     15       7      34     13 |    3.00        0.00
POST     /setCurrency                53     0(0.00%) |     23      14      75     20 |    0.80        0.00
--------|----------------------|-------|-------------|-------|-------|-------|-------|--------|-----------
         Aggregated                 535     0(0.00%) |     17       6     199     15 |    6.30        0.00

Type     Name                                                                          # reqs      # fails |    Avg     Min     Max    Med |   req/s  failures/s
--------|----------------------------------------------------------------------------|-------|-------------|-------|-------|-------|-------|--------|-----------
GET      /                                                                                 21     0(0.00%) |     19      12      30     18 |    0.20        0.00
GET      /cart                                                                             68     0(0.00%) |     19       7     320     13 |    0.70        0.00
POST     /cart [add]                                                                      105     0(0.00%) |     20      12      63     18 |    1.20        0.00
POST     /cart/checkout                                                                    33     0(0.00%) |     27      12     325     17 |    0.40        0.00
GET      /product/[id]                                                                    237     0(0.00%) |     15       7     141     13 |    2.60        0.00
POST     /setCurrency                                                                      55     0(0.00%) |     21      14      50     19 |    1.10        0.00
--------|----------------------------------------------------------------------------|-------|-------------|-------|-------|-------|-------|--------|-----------
         Aggregated                                                                       519     0(0.00%) |     18       7     325     16 |    6.20        0.00

Type     Name                    # reqs      # fails |    Avg     Min     Max    Med |   req/s  failures/s
--------|----------------------|-------|-------------|-------|-------|-------|-------|--------|-----------
GET      /                           16     0(0.00%) |     20      15      29     19 |    0.30        0.00
GET      /cart                       74     0(0.00%) |     14       6      70     12 |    1.00        0.00
POST     /cart [add]                101     0(0.00%) |     21      10     199     17 |    1.00        0.00
POST     /cart/checkout              44     0(0.00%) |     20      12      67     18 |    0.40        0.00
GET      /product/[id]              256     0(0.00%) |     15       7      34     13 |    3.20        0.00
POST     /setCurrency                53     0(0.00%) |     23      14      75     20 |    0.70        0.00
--------|----------------------|-------|-------------|-------|-------|-------|-------|--------|-----------
         Aggregated                 544     0(0.00%) |     17       6     199     15 |    6.60        0.00

Type     Name                    # reqs      # fails |    Avg     Min     Max    Med |   req/s  failures/s
--------|----------------------|-------|-------------|-------|-------|-------|-------|--------|-----------
GET      /                           16     0(0.00%) |     20      15      29     19 |    0.30        0.00
GET      /cart                       78     0(0.00%) |     14       6      70     12 |    0.90        0.00
POST     /cart [add]                103     0(0.00%) |     21      10     199     17 |    1.40        0.00
POST     /cart/checkout              44     0(0.00%) |     20      12      67     18 |    0.40        0.00
GET      /product/[id]              267     0(0.00%) |     15       7      34     13 |    3.00        0.00
POST     /setCurrency                54     0(0.00%) |     23      14      75     20 |    0.50        0.00
--------|----------------------|-------|-------------|-------|-------|-------|-------|--------|-----------
         Aggregated                 562     0(0.00%) |     17       6     199     15 |    6.50        0.00

Type     Name                                                                          # reqs      # fails |    Avg     Min     Max    Med |   req/s  failures/s
--------|----------------------------------------------------------------------------|-------|-------------|-------|-------|-------|-------|--------|-----------
GET      /                                                                                 21     0(0.00%) |     19      12      30     18 |    0.30        0.00
GET      /cart                                                                             69     0(0.00%) |     19       7     320     13 |    0.70        0.00
POST     /cart [add]                                                                      106     0(0.00%) |     20      12      63     18 |    1.20        0.00
POST     /cart/checkout                                                                    33     0(0.00%) |     27      12     325     17 |    0.20        0.00
GET      /product/[id]                                                                    247     0(0.00%) |     14       7     141     13 |    2.30        0.00
POST     /setCurrency                                                                      56     0(0.00%) |     21      14      50     19 |    0.80        0.00
--------|----------------------------------------------------------------------------|-------|-------------|-------|-------|-------|-------|--------|-----------
         Aggregated                                                                       532     0(0.00%) |     18       7     325     16 |    5.50        0.00

Type     Name                    # reqs      # fails |    Avg     Min     Max    Med |   req/s  failures/s
--------|----------------------|-------|-------------|-------|-------|-------|-------|--------|-----------
GET      /                           16     0(0.00%) |     20      15      29     19 |    0.30        0.00
GET      /cart                       79     0(0.00%) |     14       6      70     12 |    1.10        0.00
POST     /cart [add]                104     0(0.00%) |     21      10     199     17 |    1.40        0.00
POST     /cart/checkout              44     0(0.00%) |     20      12      67     18 |    0.30        0.00
GET      /product/[id]              273     0(0.00%) |     15       7      34     13 |    3.40        0.00
POST     /setCurrency                56     0(0.00%) |     23      14      75     20 |    0.50        0.00
--------|----------------------|-------|-------------|-------|-------|-------|-------|--------|-----------
         Aggregated                 572     0(0.00%) |     17       6     199     15 |    7.00        0.00

Type     Name                                                                          # reqs      # fails |    Avg     Min     Max    Med |   req/s  failures/s
--------|----------------------------------------------------------------------------|-------|-------------|-------|-------|-------|-------|--------|-----------
GET      /                                                                                 21     0(0.00%) |     19      12      30     18 |    0.30        0.00
GET      /cart                                                                             70     0(0.00%) |     19       7     320     13 |    0.90        0.00
POST     /cart [add]                                                                      107     0(0.00%) |     20      12      63     18 |    1.30        0.00
POST     /cart/checkout                                                                    34     0(0.00%) |     27      12     325     17 |    0.10        0.00
GET      /product/[id]                                                                    256     0(0.00%) |     14       7     141     13 |    2.50        0.00
POST     /setCurrency                                                                      56     0(0.00%) |     21      14      50     19 |    0.80        0.00
--------|----------------------------------------------------------------------------|-------|-------------|-------|-------|-------|-------|--------|-----------
         Aggregated                                                                       544     0(0.00%) |     18       7     325     16 |    5.90        0.00

Type     Name                    # reqs      # fails |    Avg     Min     Max    Med |   req/s  failures/s
--------|----------------------|-------|-------------|-------|-------|-------|-------|--------|-----------
GET      /                           16     0(0.00%) |     20      15      29     19 |    0.20        0.00
GET      /cart                       81     0(0.00%) |     14       6      70     12 |    1.30        0.00
POST     /cart [add]                109     0(0.00%) |     21      10     199     17 |    1.40        0.00
POST     /cart/checkout              48     0(0.00%) |     20      12      67     18 |    0.30        0.00
GET      /product/[id]              277     0(0.00%) |     15       7      34     13 |    3.40        0.00
POST     /setCurrency                57     0(0.00%) |     23      14      75     20 |    0.30        0.00
--------|----------------------|-------|-------------|-------|-------|-------|-------|--------|-----------
         Aggregated                 588     0(0.00%) |     17       6     199     15 |    6.90        0.00

Type     Name                                                                          # reqs      # fails |    Avg     Min     Max    Med |   req/s  failures/s
--------|----------------------------------------------------------------------------|-------|-------------|-------|-------|-------|-------|--------|-----------
GET      /                                                                                 22     0(0.00%) |     19      12      30     18 |    0.20        0.00
GET      /cart                                                                             71     0(0.00%) |     19       7     320     13 |    0.80        0.00
POST     /cart [add]                                                                      109     0(0.00%) |     20      12      67     18 |    1.40        0.00
POST     /cart/checkout                                                                    34     0(0.00%) |     27      12     325     17 |    0.20        0.00
GET      /product/[id]                                                                    265     0(0.00%) |     15       7     141     13 |    3.00        0.00
POST     /setCurrency                                                                      57     0(0.00%) |     21      14      50     19 |    0.70        0.00
--------|----------------------------------------------------------------------------|-------|-------------|-------|-------|-------|-------|--------|-----------
         Aggregated                                                                       558     0(0.00%) |     18       7     325     16 |    6.30        0.00

Type     Name                    # reqs      # fails |    Avg     Min     Max    Med |   req/s  failures/s
--------|----------------------|-------|-------------|-------|-------|-------|-------|--------|-----------
GET      /                           16     0(0.00%) |     20      15      29     19 |    0.10        0.00
GET      /cart                       83     0(0.00%) |     14       6      70     12 |    1.20        0.00
POST     /cart [add]                112     0(0.00%) |     22      10     199     17 |    1.30        0.00
POST     /cart/checkout              49     0(0.00%) |     20      12      67     18 |    0.40        0.00
GET      /product/[id]              282     0(0.00%) |     15       7     114     13 |    3.30        0.00
POST     /setCurrency                58     0(0.00%) |     23      14      75     20 |    0.40        0.00
--------|----------------------|-------|-------------|-------|-------|-------|-------|--------|-----------
         Aggregated                 600     0(0.00%) |     17       6     199     15 |    6.70        0.00

Type     Name                                                                          # reqs      # fails |    Avg     Min     Max    Med |   req/s  failures/s
--------|----------------------------------------------------------------------------|-------|-------------|-------|-------|-------|-------|--------|-----------
GET      /                                                                                 22     0(0.00%) |     19      12      30     18 |    0.10        0.00
GET      /cart                                                                             71     0(0.00%) |     19       7     320     13 |    0.60        0.00
POST     /cart [add]                                                                      110     0(0.00%) |     21      12     112     18 |    1.10        0.00
POST     /cart/checkout                                                                    35     0(0.00%) |     29      12     325     18 |    0.20        0.00
GET      /product/[id]                                                                    276     0(0.00%) |     15       7     141     13 |    3.30        0.00
POST     /setCurrency                                                                      58     0(0.00%) |     21      14      50     19 |    0.50        0.00
--------|----------------------------------------------------------------------------|-------|-------------|-------|-------|-------|-------|--------|-----------
         Aggregated                                                                       572     0(0.00%) |     18       7     325     16 |    5.80        0.00

Type     Name                                                                          # reqs      # fails |    Avg     Min     Max    Med |   req/s  failures/s
Type     Name                    # reqs      # fails |    Avg     Min     Max    Med |   req/s  failures/s
--------|----------------------------------------------------------------------------|-------|-------------|-------|-------|-------|-------|--------|-----------
GET      /                                                                                 22     0(0.00%) |     19      12      30     18 |    0.20        0.00
--------|----------------------|-------|-------------|-------|-------|-------|-------|--------|-----------
GET      /cart                                                                             73     0(0.00%) |     19       7     320     13 |    0.70        0.00
GET      /                           16     0(0.00%) |     20      15      29     19 |    0.00        0.00
POST     /cart [add]                                                                      113     0(0.00%) |     21      12     112     18 |    1.20        0.00
GET      /cart                       87     0(0.00%) |     14       6      70     12 |    1.00        0.00
POST     /cart/checkout                                                                    35     0(0.00%) |     29      12     325     18 |    0.20        0.00
POST     /cart [add]                112     0(0.00%) |     22      10     199     17 |    1.40        0.00
GET      /product/[id]                                                                    282     0(0.00%) |     15       7     141     13 |    3.80        0.00
POST     /cart/checkout              49     0(0.00%) |     20      12      67     18 |    0.40        0.00
POST     /setCurrency                                                                      60     0(0.00%) |     21      14      50     19 |    0.40        0.00
GET      /product/[id]              292     0(0.00%) |     15       7     114     13 |    3.10        0.00
--------|----------------------------------------------------------------------------|-------|-------------|-------|-------|-------|-------|--------|-----------
POST     /setCurrency                59     0(0.00%) |     23      14      75     20 |    0.50        0.00
         Aggregated                                                                       585     0(0.00%) |     18       7     325     16 |    6.50        0.00
--------|----------------------|-------|-------------|-------|-------|-------|-------|--------|-----------

         Aggregated                 615     0(0.00%) |     17       6     199     15 |    6.40        0.00

Type     Name                    # reqs      # fails |    Avg     Min     Max    Med |   req/s  failures/s
--------|----------------------|-------|-------------|-------|-------|-------|-------|--------|-----------
GET      /                           16     0(0.00%) |     20      15      29     19 |    0.00        0.00
GET      /cart                       89     0(0.00%) |     14       6      70     12 |    1.30        0.00
POST     /cart [add]                115     0(0.00%) |     22      10     199     17 |    1.10        0.00
POST     /cart/checkout              50     0(0.00%) |     20      12      67     18 |    0.50        0.00
GET      /product/[id]              298     0(0.00%) |     15       7     114     13 |    3.60        0.00
POST     /setCurrency                60     0(0.00%) |     23      14      75     20 |    0.60        0.00
--------|----------------------|-------|-------------|-------|-------|-------|-------|--------|-----------
         Aggregated                 628     0(0.00%) |     17       6     199     15 |    7.10        0.00

Type     Name                                                                          # reqs      # fails |    Avg     Min     Max    Med |   req/s  failures/s
--------|----------------------------------------------------------------------------|-------|-------------|-------|-------|-------|-------|--------|-----------
GET      /                                                                                 22     0(0.00%) |     19      12      30     18 |    0.10        0.00
GET      /cart                                                                             75     0(0.00%) |     19       7     320     13 |    0.60        0.00
POST     /cart [add]                                                                      115     0(0.00%) |     21      12     112     18 |    0.90        0.00
POST     /cart/checkout                                                                    37     0(0.00%) |     28      12     325     18 |    0.20        0.00
GET      /product/[id]                                                                    285     0(0.00%) |     15       7     141     13 |    4.20        0.00
POST     /setCurrency                                                                      64     0(0.00%) |     21      14      50     19 |    0.40        0.00
--------|----------------------------------------------------------------------------|-------|-------------|-------|-------|-------|-------|--------|-----------
         Aggregated                                                                       598     0(0.00%) |     18       7     325     16 |    6.40        0.00

Type     Name                    # reqs      # fails |    Avg     Min     Max    Med |   req/s  failures/s
--------|----------------------|-------|-------------|-------|-------|-------|-------|--------|-----------
GET      /                           16     0(0.00%) |     20      15      29     19 |    0.00        0.00
GET      /cart                       91     0(0.00%) |     14       6      70     12 |    1.30        0.00
POST     /cart [add]                118     0(0.00%) |     21      10     199     17 |    1.10        0.00
POST     /cart/checkout              52     0(0.00%) |     20      12      67     18 |    0.60        0.00
GET      /product/[id]              307     0(0.00%) |     15       7     114     13 |    3.30        0.00
POST     /setCurrency                60     0(0.00%) |     23      14      75     20 |    0.60        0.00
--------|----------------------|-------|-------------|-------|-------|-------|-------|--------|-----------
         Aggregated                 644     0(0.00%) |     17       6     199     15 |    6.90        0.00

Type     Name                                                                          # reqs      # fails |    Avg     Min     Max    Med |   req/s  failures/s
--------|----------------------------------------------------------------------------|-------|-------------|-------|-------|-------|-------|--------|-----------
GET      /                                                                                 22     0(0.00%) |     19      12      30     18 |    0.10        0.00
GET      /cart                                                                             77     0(0.00%) |     19       7     320     13 |    0.70        0.00
POST     /cart [add]                                                                      117     0(0.00%) |     21      12     112     18 |    0.80        0.00
POST     /cart/checkout                                                                    37     0(0.00%) |     28      12     325     18 |    0.20        0.00
GET      /product/[id]                                                                    291     0(0.00%) |     15       7     141     13 |    4.50        0.00
POST     /setCurrency                                                                      65     0(0.00%) |     21      14      50     19 |    0.70        0.00
--------|----------------------------------------------------------------------------|-------|-------------|-------|-------|-------|-------|--------|-----------
         Aggregated                                                                       609     0(0.00%) |     18       7     325     16 |    7.00        0.00

Type     Name                    # reqs      # fails |    Avg     Min     Max    Med |   req/s  failures/s
--------|----------------------|-------|-------------|-------|-------|-------|-------|--------|-----------
GET      /                           17     0(0.00%) |     20      15      29     19 |    0.00        0.00
GET      /cart                       92     0(0.00%) |     14       6      70     12 |    1.10        0.00
POST     /cart [add]                120     0(0.00%) |     22      10     199     17 |    1.20        0.00
POST     /cart/checkout              53     0(0.00%) |     20      12      67     18 |    0.70        0.00
GET      /product/[id]              316     0(0.00%) |     15       7     114     13 |    3.50        0.00
POST     /setCurrency                60     0(0.00%) |     23      14      75     20 |    0.60        0.00
--------|----------------------|-------|-------------|-------|-------|-------|-------|--------|-----------
         Aggregated                 658     0(0.00%) |     17       6     199     15 |    7.10        0.00

Type     Name                                                                          # reqs      # fails |    Avg     Min     Max    Med |   req/s  failures/s
--------|----------------------------------------------------------------------------|-------|-------------|-------|-------|-------|-------|--------|-----------
GET      /                                                                                 22     0(0.00%) |     19      12      30     18 |    0.10        0.00
GET      /cart                                                                             79     0(0.00%) |     19       7     320     13 |    0.70        0.00
POST     /cart [add]                                                                      120     0(0.00%) |     21      12     112     18 |    1.00        0.00
POST     /cart/checkout                                                                    40     0(0.00%) |     27      12     325     18 |    0.30        0.00
GET      /product/[id]                                                                    298     0(0.00%) |     15       7     141     13 |    3.60        0.00
POST     /setCurrency                                                                      66     0(0.00%) |     21      14      50     19 |    0.90        0.00
--------|----------------------------------------------------------------------------|-------|-------------|-------|-------|-------|-------|--------|-----------
         Aggregated                                                                       625     0(0.00%) |     18       7     325     16 |    6.60        0.00

Type     Name                    # reqs      # fails |    Avg     Min     Max    Med |   req/s  failures/s
--------|----------------------|-------|-------------|-------|-------|-------|-------|--------|-----------
GET      /                           18     0(0.00%) |     20      15      29     19 |    0.10        0.00
GET      /cart                       94     0(0.00%) |     14       6      70     12 |    1.10        0.00
POST     /cart [add]                122     0(0.00%) |     21      10     199     17 |    1.10        0.00
POST     /cart/checkout              53     0(0.00%) |     20      12      67     18 |    0.50        0.00
GET      /product/[id]              323     0(0.00%) |     15       7     114     13 |    3.90        0.00
POST     /setCurrency                61     0(0.00%) |     23      14      75     20 |    0.30        0.00
--------|----------------------|-------|-------------|-------|-------|-------|-------|--------|-----------
         Aggregated                 671     0(0.00%) |     17       6     199     15 |    7.00        0.00

Type     Name                                                                          # reqs      # fails |    Avg     Min     Max    Med |   req/s  failures/s
--------|----------------------------------------------------------------------------|-------|-------------|-------|-------|-------|-------|--------|-----------
GET      /                                                                                 22     0(0.00%) |     19      12      30     18 |    0.10        0.00
GET      /cart                                                                             82     0(0.00%) |     18       7     320     13 |    0.80        0.00
POST     /cart [add]                                                                      120     0(0.00%) |     21      12     112     18 |    1.20        0.00
POST     /cart/checkout                                                                    40     0(0.00%) |     27      12     325     18 |    0.50        0.00
GET      /product/[id]                                                                    307     0(0.00%) |     15       7     141     13 |    3.10        0.00
POST     /setCurrency                                                                      68     0(0.00%) |     21      14      50     19 |    0.90        0.00
--------|----------------------------------------------------------------------------|-------|-------------|-------|-------|-------|-------|--------|-----------
         Aggregated                                                                       639     0(0.00%) |     18       7     325     16 |    6.60        0.00

Type     Name                    # reqs      # fails |    Avg     Min     Max    Med |   req/s  failures/s
Type     Name                                                                          # reqs      # fails |    Avg     Min     Max    Med |   req/s  failures/s
--------|----------------------|-------|-------------|-------|-------|-------|-------|--------|-----------
--------|----------------------------------------------------------------------------|-------|-------------|-------|-------|-------|-------|--------|-----------
GET      /                           19     0(0.00%) |     20      15      29     19 |    0.20        0.00
GET      /                                                                                 24     0(0.00%) |     19      12      30     18 |    0.00        0.00
GET      /cart                       96     0(0.00%) |     14       6      70     12 |    1.10        0.00
GET      /cart                                                                             83     0(0.00%) |     18       7     320     13 |    1.00        0.00
POST     /cart [add]                124     0(0.00%) |     21      10     199     17 |    1.00        0.00
POST     /cart [add]                                                                      122     0(0.00%) |     21      12     112     18 |    1.00        0.00
POST     /cart/checkout              54     0(0.00%) |     20      12      67     18 |    0.40        0.00
POST     /cart/checkout                                                                    40     0(0.00%) |     27      12     325     18 |    0.50        0.00
GET      /product/[id]              332     0(0.00%) |     15       7     114     13 |    4.00        0.00
GET      /product/[id]                                                                    313     0(0.00%) |     15       7     141     13 |    3.30        0.00
POST     /setCurrency                62     0(0.00%) |     23      14      75     20 |    0.30        0.00
POST     /setCurrency                                                                      68     0(0.00%) |     21      14      50     19 |    1.00        0.00
--------|----------------------|-------|-------------|-------|-------|-------|-------|--------|-----------
--------|----------------------------------------------------------------------------|-------|-------------|-------|-------|-------|-------|--------|-----------
         Aggregated                 687     0(0.00%) |     17       6     199     15 |    7.00        0.00
         Aggregated                                                                       650     0(0.00%) |     18       7     325     16 |    6.80        0.00


Type     Name                                                                          # reqs      # fails |    Avg     Min     Max    Med |   req/s  failures/s
Type     Name                    # reqs      # fails |    Avg     Min     Max    Med |   req/s  failures/s
--------|----------------------------------------------------------------------------|-------|-------------|-------|-------|-------|-------|--------|-----------
--------|----------------------|-------|-------------|-------|-------|-------|-------|--------|-----------
GET      /                                                                                 24     0(0.00%) |     19      12      30     18 |    0.10        0.00
GET      /                           19     0(0.00%) |     20      15      29     19 |    0.20        0.00
GET      /cart                                                                             84     0(0.00%) |     18       7     320     13 |    1.00        0.00
GET      /cart                       98     0(0.00%) |     14       6      70     12 |    1.10        0.00
POST     /cart [add]                                                                      125     0(0.00%) |     21      12     112     18 |    1.00        0.00
POST     /cart [add]                125     0(0.00%) |     21      10     199     17 |    1.00        0.00
POST     /cart/checkout                                                                    40     0(0.00%) |     27      12     325     18 |    0.50        0.00
POST     /cart/checkout              54     0(0.00%) |     20      12      67     18 |    0.40        0.00
GET      /product/[id]                                                                    321     0(0.00%) |     15       7     141     13 |    3.20        0.00
GET      /product/[id]              338     0(0.00%) |     15       7     114     13 |    3.90        0.00
POST     /setCurrency                                                                      71     0(0.00%) |     21      14      50     19 |    0.90        0.00
POST     /setCurrency                62     0(0.00%) |     23      14      75     20 |    0.40        0.00
--------|----------------------------------------------------------------------------|-------|-------------|-------|-------|-------|-------|--------|-----------
--------|----------------------|-------|-------------|-------|-------|-------|-------|--------|-----------
         Aggregated                                                                       665     0(0.00%) |     18       7     325     16 |    6.70        0.00
         Aggregated                 696     0(0.00%) |     17       6     199     15 |    7.00        0.00


Type     Name                    # reqs      # fails |    Avg     Min     Max    Med |   req/s  failures/s
--------|----------------------|-------|-------------|-------|-------|-------|-------|--------|-----------
GET      /                           19     0(0.00%) |     20      15      29     19 |    0.30        0.00
GET      /cart                       98     0(0.00%) |     14       6      70     12 |    0.80        0.00
POST     /cart [add]                130     0(0.00%) |     21      10     199     17 |    1.10        0.00
POST     /cart/checkout              57     0(0.00%) |     20      12      67     18 |    0.40        0.00
GET      /product/[id]              344     0(0.00%) |     15       7     114     13 |    3.80        0.00
POST     /setCurrency                64     0(0.00%) |     23      14      75     20 |    0.20        0.00
--------|----------------------|-------|-------------|-------|-------|-------|-------|--------|-----------
         Aggregated                 712     0(0.00%) |     17       6     199     15 |    6.60        0.00

Type     Name                                                                          # reqs      # fails |    Avg     Min     Max    Med |   req/s  failures/s
--------|----------------------------------------------------------------------------|-------|-------------|-------|-------|-------|-------|--------|-----------
GET      /                                                                                 24     0(0.00%) |     19      12      30     18 |    0.20        0.00
GET      /cart                                                                             85     0(0.00%) |     18       7     320     13 |    0.80        0.00
POST     /cart [add]                                                                      127     0(0.00%) |     21      12     112     18 |    0.90        0.00
POST     /cart/checkout                                                                    40     0(0.00%) |     27      12     325     18 |    0.50        0.00
GET      /product/[id]                                                                    328     0(0.00%) |     15       7     141     13 |    3.10        0.00
POST     /setCurrency                                                                      71     0(0.00%) |     21      14      50     19 |    0.70        0.00
--------|----------------------------------------------------------------------------|-------|-------------|-------|-------|-------|-------|--------|-----------
         Aggregated                                                                       675     0(0.00%) |     18       7     325     16 |    6.20        0.00

Type     Name                    # reqs      # fails |    Avg     Min     Max    Med |   req/s  failures/s
--------|----------------------|-------|-------------|-------|-------|-------|-------|--------|-----------
GET      /                           20     0(0.00%) |     21      15      47     19 |    0.30        0.00
GET      /cart                      101     0(0.00%) |     14       6      70     12 |    0.70        0.00
POST     /cart [add]                131     0(0.00%) |     21      10     199     17 |    1.20        0.00
POST     /cart/checkout              58     0(0.00%) |     20      12      67     18 |    0.50        0.00
GET      /product/[id]              349     0(0.00%) |     15       7     114     13 |    3.70        0.00
POST     /setCurrency                66     0(0.00%) |     23      14      75     19 |    0.40        0.00
--------|----------------------|-------|-------------|-------|-------|-------|-------|--------|-----------
         Aggregated                 725     0(0.00%) |     17       6     199     15 |    6.80        0.00

Type     Name                                                                          # reqs      # fails |    Avg     Min     Max    Med |   req/s  failures/s
--------|----------------------------------------------------------------------------|-------|-------------|-------|-------|-------|-------|--------|-----------
GET      /                                                                                 26     0(0.00%) |     19      12      30     18 |    0.20        0.00
GET      /cart                                                                             88     0(0.00%) |     18       7     320     13 |    0.90        0.00
POST     /cart [add]                                                                      130     0(0.00%) |     21      12     112     18 |    0.90        0.00
POST     /cart/checkout                                                                    42     0(0.00%) |     27      12     325     18 |    0.30        0.00
GET      /product/[id]                                                                    335     0(0.00%) |     15       7     141     13 |    3.70        0.00
POST     /setCurrency                                                                      73     0(0.00%) |     23      14     132     20 |    0.60        0.00
--------|----------------------------------------------------------------------------|-------|-------------|-------|-------|-------|-------|--------|-----------
         Aggregated                                                                       694     0(0.00%) |     18       7     325     16 |    6.60        0.00

Type     Name                    # reqs      # fails |    Avg     Min     Max    Med |   req/s  failures/s
--------|----------------------|-------|-------------|-------|-------|-------|-------|--------|-----------
GET      /                           20     0(0.00%) |     21      15      47     19 |    0.30        0.00
GET      /cart                      103     0(0.00%) |     14       6      70     12 |    0.80        0.00
POST     /cart [add]                132     0(0.00%) |     21      10     199     17 |    1.20        0.00
POST     /cart/checkout              58     0(0.00%) |     20      12      67     18 |    0.50        0.00
GET      /product/[id]              355     0(0.00%) |     15       7     114     13 |    3.60        0.00
POST     /setCurrency                68     0(0.00%) |     23      14      75     19 |    0.40        0.00
--------|----------------------|-------|-------------|-------|-------|-------|-------|--------|-----------
         Aggregated                 736     0(0.00%) |     17       6     199     15 |    6.80        0.00

Type     Name                                                                          # reqs      # fails |    Avg     Min     Max    Med |   req/s  failures/s
--------|----------------------------------------------------------------------------|-------|-------------|-------|-------|-------|-------|--------|-----------
GET      /                                                                                 26     0(0.00%) |     19      12      30     18 |    0.40        0.00
GET      /cart                                                                             88     0(0.00%) |     18       7     320     13 |    0.90        0.00
POST     /cart [add]                                                                      131     0(0.00%) |     21      12     112     18 |    1.00        0.00
POST     /cart/checkout                                                                    42     0(0.00%) |     27      12     325     18 |    0.20        0.00
GET      /product/[id]                                                                    344     0(0.00%) |     15       7     141     13 |    3.70        0.00
POST     /setCurrency                                                                      78     0(0.00%) |     23      14     132     20 |    0.70        0.00
--------|----------------------------------------------------------------------------|-------|-------------|-------|-------|-------|-------|--------|-----------
         Aggregated                                                                       709     0(0.00%) |     18       7     325     16 |    6.90        0.00

Type     Name                    # reqs      # fails |    Avg     Min     Max    Med |   req/s  failures/s
--------|----------------------|-------|-------------|-------|-------|-------|-------|--------|-----------
GET      /                           21     0(0.00%) |     21      15      47     19 |    0.20        0.00
GET      /cart                      106     0(0.00%) |     14       6      70     12 |    0.90        0.00
POST     /cart [add]                134     0(0.00%) |     21      10     199     17 |    0.90        0.00
POST     /cart/checkout              58     0(0.00%) |     20      12      67     18 |    0.50        0.00
GET      /product/[id]              360     0(0.00%) |     15       7     114     13 |    3.50        0.00
POST     /setCurrency                70     0(0.00%) |     23      14      75     20 |    0.70        0.00
--------|----------------------|-------|-------------|-------|-------|-------|-------|--------|-----------
         Aggregated                 749     0(0.00%) |     17       6     199     15 |    6.70        0.00

Type     Name                                                                          # reqs      # fails |    Avg     Min     Max    Med |   req/s  failures/s
--------|----------------------------------------------------------------------------|-------|-------------|-------|-------|-------|-------|--------|-----------
GET      /                                                                                 26     0(0.00%) |     19      12      30     18 |    0.40        0.00
GET      /cart                                                                             91     0(0.00%) |     18       7     320     13 |    0.60        0.00
POST     /cart [add]                                                                      132     0(0.00%) |     21      12     112     18 |    1.10        0.00
POST     /cart/checkout                                                                    42     0(0.00%) |     27      12     325     18 |    0.20        0.00
GET      /product/[id]                                                                    352     0(0.00%) |     15       7     141     13 |    3.60        0.00
POST     /setCurrency                                                                      78     0(0.00%) |     23      14     132     20 |    1.00        0.00
--------|----------------------------------------------------------------------------|-------|-------------|-------|-------|-------|-------|--------|-----------
         Aggregated                                                                       721     0(0.00%) |     18       7     325     16 |    6.90        0.00

Type     Name                    # reqs      # fails |    Avg     Min     Max    Med |   req/s  failures/s
--------|----------------------|-------|-------------|-------|-------|-------|-------|--------|-----------
GET      /                           21     0(0.00%) |     21      15      47     19 |    0.20        0.00
GET      /cart                      108     0(0.00%) |     14       6      70     12 |    1.00        0.00
POST     /cart [add]                134     0(0.00%) |     21      10     199     17 |    1.00        0.00
POST     /cart/checkout              58     0(0.00%) |     20      12      67     18 |    0.40        0.00
GET      /product/[id]              373     0(0.00%) |     15       7     114     13 |    2.90        0.00
POST     /setCurrency                71     0(0.00%) |     23      14      75     20 |    0.80        0.00
--------|----------------------|-------|-------------|-------|-------|-------|-------|--------|-----------
         Aggregated                 765     0(0.00%) |     17       6     199     15 |    6.30        0.00

Type     Name                                                                          # reqs      # fails |    Avg     Min     Max    Med |   req/s  failures/s
--------|----------------------------------------------------------------------------|-------|-------------|-------|-------|-------|-------|--------|-----------
GET      /                                                                                 26     0(0.00%) |     19      12      30     18 |    0.20        0.00
GET      /cart                                                                             93     0(0.00%) |     18       7     320     13 |    0.80        0.00
POST     /cart [add]                                                                      133     0(0.00%) |     21      12     112     18 |    1.00        0.00
POST     /cart/checkout                                                                    43     0(0.00%) |     26      12     325     18 |    0.20        0.00
GET      /product/[id]                                                                    361     0(0.00%) |     15       7     141     13 |    3.80        0.00
POST     /setCurrency                                                                      79     0(0.00%) |     23      14     132     20 |    1.00        0.00
--------|----------------------------------------------------------------------------|-------|-------------|-------|-------|-------|-------|--------|-----------
         Aggregated                                                                       735     0(0.00%) |     18       7     325     16 |    7.00        0.00

Type     Name                    # reqs      # fails |    Avg     Min     Max    Med |   req/s  failures/s
--------|----------------------|-------|-------------|-------|-------|-------|-------|--------|-----------
GET      /                           22     0(0.00%) |     21      15      47     18 |    0.20        0.00
GET      /cart                      110     0(0.00%) |     14       6      70     12 |    1.00        0.00
POST     /cart [add]                136     0(0.00%) |     21      10     199     17 |    0.90        0.00
POST     /cart/checkout              60     0(0.00%) |     20      12      67     18 |    0.40        0.00
GET      /product/[id]              380     0(0.00%) |     15       7     114     13 |    3.40        0.00
POST     /setCurrency                72     0(0.00%) |     23      14      75     20 |    0.90        0.00
--------|----------------------|-------|-------------|-------|-------|-------|-------|--------|-----------
         Aggregated                 780     0(0.00%) |     17       6     199     15 |    6.80        0.00

Type     Name                                                                          # reqs      # fails |    Avg     Min     Max    Med |   req/s  failures/s
--------|----------------------------------------------------------------------------|-------|-------------|-------|-------|-------|-------|--------|-----------
GET      /                                                                                 27     0(0.00%) |     19      12      30     18 |    0.20        0.00
GET      /cart                                                                             94     0(0.00%) |     18       7     320     13 |    0.90        0.00
POST     /cart [add]                                                                      135     0(0.00%) |     21      12     112     18 |    1.10        0.00
POST     /cart/checkout                                                                    44     0(0.00%) |     26      12     325     17 |    0.30        0.00
GET      /product/[id]                                                                    365     0(0.00%) |     15       7     141     13 |    4.00        0.00
POST     /setCurrency                                                                      79     0(0.00%) |     23      14     132     20 |    0.80        0.00
--------|----------------------------------------------------------------------------|-------|-------------|-------|-------|-------|-------|--------|-----------
         Aggregated                                                                       744     0(0.00%) |     18       7     325     16 |    7.30        0.00

Type     Name                    # reqs      # fails |    Avg     Min     Max    Med |   req/s  failures/s
--------|----------------------|-------|-------------|-------|-------|-------|-------|--------|-----------
GET      /                           22     0(0.00%) |     21      15      47     18 |    0.20        0.00
GET      /cart                      112     0(0.00%) |     14       6      70     12 |    1.10        0.00
POST     /cart [add]                137     0(0.00%) |     21      10     199     17 |    0.70        0.00
POST     /cart/checkout              60     0(0.00%) |     20      12      67     18 |    0.40        0.00
GET      /product/[id]              382     0(0.00%) |     15       7     114     13 |    3.40        0.00
POST     /setCurrency                75     0(0.00%) |     23      14      75     20 |    0.80        0.00
--------|----------------------|-------|-------------|-------|-------|-------|-------|--------|-----------
         Aggregated                 788     0(0.00%) |     17       6     199     15 |    6.60        0.00

Type     Name                                                                          # reqs      # fails |    Avg     Min     Max    Med |   req/s  failures/s
--------|----------------------------------------------------------------------------|-------|-------------|-------|-------|-------|-------|--------|-----------
GET      /                                                                                 28     0(0.00%) |     19      12      30     18 |    0.30        0.00
GET      /cart                                                                             95     0(0.00%) |     18       7     320     13 |    0.90        0.00
POST     /cart [add]                                                                      136     0(0.00%) |     21      12     112     18 |    0.70        0.00
POST     /cart/checkout                                                                    45     0(0.00%) |     26      12     325     17 |    0.30        0.00
GET      /product/[id]                                                                    371     0(0.00%) |     15       7     141     13 |    3.80        0.00
POST     /setCurrency                                                                      80     0(0.00%) |     23      14     132     20 |    0.80        0.00
--------|----------------------------------------------------------------------------|-------|-------------|-------|-------|-------|-------|--------|-----------
         Aggregated                                                                       755     0(0.00%) |     18       7     325     16 |    6.80        0.00

Type     Name                                                                          # reqs      # fails |    Avg     Min     Max    Med |   req/s  failures/s
--------|----------------------------------------------------------------------------|-------|-------------|-------|-------|-------|-------|--------|-----------
GET      /                                                                                 28     0(0.00%) |     19      12      30     18 |    0.23        0.00
GET      /cart                                                                             97     0(0.00%) |     18       7     320     13 |    0.81        0.00
POST     /cart [add]                                                                      138     0(0.00%) |     21      12     112     18 |    1.16        0.00
POST     /cart/checkout                                                                    45     0(0.00%) |     26      12     325     17 |    0.38        0.00
GET      /product/[id]                                                                    376     0(0.00%) |     15       7     141     13 |    3.15        0.00
POST     /setCurrency                                                                      82     0(0.00%) |     23      14     132     20 |    0.69        0.00
--------|----------------------------------------------------------------------------|-------|-------------|-------|-------|-------|-------|--------|-----------
         Aggregated                                                                       766     0(0.00%) |     18       7     325     16 |    6.41        0.00

Response time percentiles (approximated)
Type     Name                                                                                  50%    66%    75%    80%    90%    95%    98%    99%  99.9% 99.99%   100% # reqs
--------|--------------------------------------------------------------------------------|--------|------|------|------|------|------|------|------|------|------|------|------
GET      /                                                                                      18     20     21     24     28     29     31     31     31     31     31     28
GET      /cart                                                                                  13     16     18     19     25     27     28    320    320    320    320     97
POST     /cart [add]                                                                            18     20     22     24     31     39     63     67    110    110    110    138
POST     /cart/checkout                                                                         17     19     19     21     23     36    330    330    330    330    330     45
GET      /product/[id]                                                                          13     15     16     18     23     25     29     64    140    140    140    376
POST     /setCurrency                                                                           20     24     25     26     31     32     50    130    130    130    130     82
--------|--------------------------------------------------------------------------------|--------|------|------|------|------|------|------|------|------|------|------|------
         Aggregated                                                                             16     18     20     21     26     29     39     86    330    330    330    766

Type     Name                    # reqs      # fails |    Avg     Min     Max    Med |   req/s  failures/s
--------|----------------------|-------|-------------|-------|-------|-------|-------|--------|-----------
GET      /                           22     0(0.00%) |     21      15      47     18 |    0.18        0.00
GET      /cart                      113     0(0.00%) |     14       6      70     12 |    0.95        0.00
POST     /cart [add]                139     0(0.00%) |     21      10     199     17 |    1.16        0.00
POST     /cart/checkout              61     0(0.00%) |     20      12      67     18 |    0.51        0.00
GET      /product/[id]              389     0(0.00%) |     14       7     114     13 |    3.26        0.00
POST     /setCurrency                77     0(0.00%) |     23      14      75     20 |    0.65        0.00
--------|----------------------|-------|-------------|-------|-------|-------|-------|--------|-----------
         Aggregated                 801     0(0.00%) |     17       6     199     15 |    6.71        0.00

Response time percentiles (approximated)
Type     Name                            50%    66%    75%    80%    90%    95%    98%    99%  99.9% 99.99%   100% # reqs
--------|--------------------------|--------|------|------|------|------|------|------|------|------|------|------|------
GET      /                                19     21     26     28     29     30     48     48     48     48     48     22
GET      /cart                            12     14     16     17     23     27     30     63     70     70     70    113
POST     /cart [add]                      17     20     22     26     32     35     52    120    200    200    200    139
POST     /cart/checkout                   18     19     20     21     26     35     52     67     67     67     67     61
GET      /product/[id]                    13     15     17     19     24     26     29     34    110    110    110    389
POST     /setCurrency                     20     24     27     29     35     38     53     75     75     75     75     77
--------|--------------------------|--------|------|------|------|------|------|------|------|------|------|------|------
         Aggregated                       15     17     20     21     27     31     37     52    200    200    200    801

