/Users/edias/Library/Python/3.9/lib/python/site-packages/urllib3/__init__.py:35: NotOpenSSLWarning: urllib3 v2 only supports OpenSSL 1.1.1+, currently the 'ssl' module is compiled with 'LibreSSL 2.8.3'. See: https://github.com/urllib3/urllib3/issues/3020
  warnings.warn(
[2026-05-20 19:57:34,748] Mac/WARNING/locust.main: Python 3.9 support is deprecated and will be removed soon
Type     Name                                                                          # reqs      # fails |    Avg     Min     Max    Med |   req/s  failures/s
--------|----------------------------------------------------------------------------|-------|-------------|-------|-------|-------|-------|--------|-----------
--------|----------------------------------------------------------------------------|-------|-------------|-------|-------|-------|-------|--------|-----------
         Aggregated                                                                         0     0(0.00%) |      0       0       0      0 |    0.00        0.00

Type     Name                                                                          # reqs      # fails |    Avg     Min     Max    Med |   req/s  failures/s
--------|----------------------------------------------------------------------------|-------|-------------|-------|-------|-------|-------|--------|-----------
GET      /cart                                                                              3     0(0.00%) |    331       6     907     80 |    0.00        0.00
POST     /cart [add]                                                                        3     0(0.00%) |     16       8      23     17 |    0.00        0.00
POST     /cart/checkout                                                                     1     0(0.00%) |     10      10      10     10 |    0.00        0.00
GET      /product/[id]                                                                      3     0(0.00%) |    401       8     598    598 |    0.00        0.00
POST     /setCurrency                                                                       4     0(0.00%) |    290      19     993     22 |    0.00        0.00
--------|----------------------------------------------------------------------------|-------|-------------|-------|-------|-------|-------|--------|-----------
         Aggregated                                                                        14     0(0.00%) |    244       6     993     22 |    0.00        0.00

Type     Name                                                                          # reqs      # fails |    Avg     Min     Max    Med |   req/s  failures/s
--------|----------------------------------------------------------------------------|-------|-------------|-------|-------|-------|-------|--------|-----------
GET      /                                                                                  2     0(0.00%) |     11       9      13      9 |    0.00        0.00
GET      /cart                                                                              8     0(0.00%) |    128       5     907      6 |    0.50        0.00
POST     /cart [add]                                                                       13     0(0.00%) |     13       7      23     15 |    1.00        0.00
POST     /cart/checkout                                                                     6     0(0.00%) |     10       9      14     10 |    0.50        0.00
GET      /product/[id]                                                                     29     0(0.00%) |     49       5     598      8 |    0.00        0.00
POST     /setCurrency                                                                      10     0(0.00%) |    124      10     993     18 |    1.00        0.00
--------|----------------------------------------------------------------------------|-------|-------------|-------|-------|-------|-------|--------|-----------
         Aggregated                                                                        68     0(0.00%) |     58       5     993     11 |    3.00        0.00

Type     Name                                                                          # reqs      # fails |    Avg     Min     Max    Med |   req/s  failures/s
--------|----------------------------------------------------------------------------|-------|-------------|-------|-------|-------|-------|--------|-----------
GET      /                                                                                  5     0(0.00%) |    135       8     631     13 |    0.50        0.00
GET      /cart                                                                             12     0(0.00%) |    158       5     907      7 |    1.50        0.00
POST     /cart [add]                                                                       21     0(0.00%) |     19       7     166     11 |    2.00        0.00
POST     /cart/checkout                                                                    10     0(0.00%) |     10       8      14     10 |    1.00        0.00
GET      /product/[id]                                                                     63     0(0.00%) |    122       5     954      8 |    4.25        0.00
POST     /setCurrency                                                                      15     0(0.00%) |     86       9     993     12 |    2.25        0.00
--------|----------------------------------------------------------------------------|-------|-------------|-------|-------|-------|-------|--------|-----------
         Aggregated                                                                       126     0(0.00%) |     96       5     993     10 |   11.50        0.00

Type     Name                                                                          # reqs      # fails |    Avg     Min     Max    Med |   req/s  failures/s
--------|----------------------------------------------------------------------------|-------|-------------|-------|-------|-------|-------|--------|-----------
GET      /                                                                                  9     0(0.00%) |     78       7     631      9 |    0.50        0.00
GET      /cart                                                                             26     0(0.00%) |     77       5     907      8 |    1.83        0.00
POST     /cart [add]                                                                       43     0(0.00%) |     14       7     166     10 |    2.50        0.00
POST     /cart/checkout                                                                    21     0(0.00%) |      9       7      14     10 |    1.17        0.00
GET      /product/[id]                                                                    113     0(0.00%) |     71       4     954      7 |    7.00        0.00
POST     /setCurrency                                                                      30     0(0.00%) |     49       8     993     11 |    1.83        0.00
--------|----------------------------------------------------------------------------|-------|-------------|-------|-------|-------|-------|--------|-----------
         Aggregated                                                                       242     0(0.00%) |     54       4     993      9 |   14.83        0.00

Type     Name                                                                          # reqs      # fails |    Avg     Min     Max    Med |   req/s  failures/s
--------|----------------------------------------------------------------------------|-------|-------------|-------|-------|-------|-------|--------|-----------
GET      /                                                                                 13     0(0.00%) |     57       7     631     10 |    1.00        0.00
GET      /cart                                                                             44     0(0.00%) |     48       4     907      7 |    2.75        0.00
POST     /cart [add]                                                                       65     0(0.00%) |     13       6     166      9 |    4.12        0.00
POST     /cart/checkout                                                                    32     0(0.00%) |     10       7      20     10 |    2.00        0.00
GET      /product/[id]                                                                    180     0(0.00%) |     47       4     954      7 |   10.62        0.00
POST     /setCurrency                                                                      48     0(0.00%) |     35       8     993     11 |    3.50        0.00
--------|----------------------------------------------------------------------------|-------|-------------|-------|-------|-------|-------|--------|-----------
         Aggregated                                                                       382     0(0.00%) |     37       4     993      8 |   24.00        0.00

Type     Name                                                                          # reqs      # fails |    Avg     Min     Max    Med |   req/s  failures/s
--------|----------------------------------------------------------------------------|-------|-------------|-------|-------|-------|-------|--------|-----------
GET      /                                                                                 15     0(0.00%) |     54       7     631     10 |    1.20        0.00
GET      /cart                                                                             67     0(0.00%) |     34       4     907      7 |    4.10        0.00
POST     /cart [add]                                                                       98     0(0.00%) |     13       6     166     10 |    5.90        0.00
POST     /cart/checkout                                                                    47     0(0.00%) |     11       7      44     10 |    2.80        0.00
GET      /product/[id]                                                                    273     0(0.00%) |     34       4     954      7 |   14.50        0.00
POST     /setCurrency                                                                      63     0(0.00%) |     31       8     993     11 |    3.90        0.00
--------|----------------------------------------------------------------------------|-------|-------------|-------|-------|-------|-------|--------|-----------
         Aggregated                                                                       563     0(0.00%) |     29       4     993      8 |   32.40        0.00

Type     Name                                                                          # reqs      # fails |    Avg     Min     Max    Med |   req/s  failures/s
--------|----------------------------------------------------------------------------|-------|-------------|-------|-------|-------|-------|--------|-----------
GET      /                                                                                 17     0(0.00%) |     49       7     631     10 |    1.30        0.00
GET      /cart                                                                             81     0(0.00%) |     29       4     907      6 |    4.60        0.00
POST     /cart [add]                                                                      119     0(0.00%) |     13       6     166      9 |    7.20        0.00
POST     /cart/checkout                                                                    53     0(0.00%) |     11       7      44     10 |    3.60        0.00
GET      /product/[id]                                                                    331     0(0.00%) |     29       4     954      7 |   19.10        0.00
POST     /setCurrency                                                                      75     0(0.00%) |     28       8     993     11 |    4.70        0.00
--------|----------------------------------------------------------------------------|-------|-------------|-------|-------|-------|-------|--------|-----------
         Aggregated                                                                       676     0(0.00%) |     25       4     993      8 |   40.50        0.00

Type     Name                                                                          # reqs      # fails |    Avg     Min     Max    Med |   req/s  failures/s
--------|----------------------------------------------------------------------------|-------|-------------|-------|-------|-------|-------|--------|-----------
GET      /                                                                                 26     0(0.00%) |     99       7     878     11 |    1.50        0.00
GET      /cart                                                                            112     0(0.00%) |     42       4     907      7 |    7.50        0.00
POST     /cart [add]                                                                      160     0(0.00%) |     48       6    1092     10 |   11.10        0.00
POST     /cart/checkout                                                                    72     0(0.00%) |     15       7      96     10 |    4.90        0.00
GET      /product/[id]                                                                    432     0(0.00%) |     59       4     980      7 |   31.40        0.00
POST     /setCurrency                                                                      93     0(0.00%) |     62       8     993     12 |    6.60        0.00
--------|----------------------------------------------------------------------------|-------|-------------|-------|-------|-------|-------|--------|-----------
         Aggregated                                                                       895     0(0.00%) |     53       4    1092      9 |   63.00        0.00

Type     Name                                                                          # reqs      # fails |    Avg     Min     Max    Med |   req/s  failures/s
--------|----------------------------------------------------------------------------|-------|-------------|-------|-------|-------|-------|--------|-----------
GET      /                                                                                 32     0(0.00%) |     91       7     878     11 |    2.10        0.00
GET      /cart                                                                            134     0(0.00%) |     41       4     907      7 |    8.90        0.00
POST     /cart [add]                                                                      202     0(0.00%) |     49       6    1092     11 |   12.70        0.00
POST     /cart/checkout                                                                    87     0(0.00%) |     20       7      96     11 |    5.40        0.00
GET      /product/[id]                                                                    546     0(0.00%) |     55       4     980      8 |   35.00        0.00
POST     /setCurrency                                                                     118     0(0.00%) |     62       8     993     13 |    7.20        0.00
--------|----------------------------------------------------------------------------|-------|-------------|-------|-------|-------|-------|--------|-----------
         Aggregated                                                                      1119     0(0.00%) |     52       4    1092     10 |   71.30        0.00

Type     Name                                                                          # reqs      # fails |    Avg     Min     Max    Med |   req/s  failures/s
--------|----------------------------------------------------------------------------|-------|-------------|-------|-------|-------|-------|--------|-----------
GET      /                                                                                 38     0(0.00%) |     86       7     878     11 |    2.20        0.00
GET      /cart                                                                            151     0(0.00%) |     42       4     907      8 |   10.50        0.00
POST     /cart [add]                                                                      241     0(0.00%) |     55       6    1092     13 |   15.40        0.00
POST     /cart/checkout                                                                   105     0(0.00%) |     31       7     197     11 |    6.60        0.00
GET      /product/[id]                                                                    673     0(0.00%) |     55       4     980      9 |   40.80        0.00
POST     /setCurrency                                                                     145     0(0.00%) |     64       8     993     20 |    8.10        0.00
--------|----------------------------------------------------------------------------|-------|-------------|-------|-------|-------|-------|--------|-----------
         Aggregated                                                                      1353     0(0.00%) |     54       4    1092     11 |   83.60        0.00

Type     Name                                                                          # reqs      # fails |    Avg     Min     Max    Med |   req/s  failures/s
--------|----------------------------------------------------------------------------|-------|-------------|-------|-------|-------|-------|--------|-----------
GET      /                                                                                 45     0(0.00%) |     87       7     878     13 |    2.50        0.00
GET      /cart                                                                            188     0(0.00%) |     44       4     907     12 |   10.20        0.00
POST     /cart [add]                                                                      289     0(0.00%) |     59       6    1092     19 |   16.80        0.00
POST     /cart/checkout                                                                   117     0(0.00%) |     36       7     197     12 |    6.90        0.00
GET      /product/[id]                                                                    803     0(0.00%) |     55       4     980     13 |   47.10        0.00
POST     /setCurrency                                                                     162     0(0.00%) |     67       8     993     27 |    9.80        0.00
--------|----------------------------------------------------------------------------|-------|-------------|-------|-------|-------|-------|--------|-----------
         Aggregated                                                                      1604     0(0.00%) |     55       4    1092     14 |   93.30        0.00

Type     Name                                                                          # reqs      # fails |    Avg     Min     Max    Med |   req/s  failures/s
--------|----------------------------------------------------------------------------|-------|-------------|-------|-------|-------|-------|--------|-----------
GET      /                                                                                 53     0(0.00%) |     86       7     878     40 |    2.90        0.00
GET      /cart                                                                            226     0(0.00%) |     47       4     907     21 |   11.50        0.00
POST     /cart [add]                                                                      336     0(0.00%) |     64       6    1092     33 |   18.10        0.00
POST     /cart/checkout                                                                   134     0(0.00%) |     43       7     197     12 |    6.90        0.00
GET      /product/[id]                                                                    934     0(0.00%) |     59       4     980     20 |   52.10        0.00
POST     /setCurrency                                                                     187     0(0.00%) |     68       8     993     33 |    9.80        0.00
--------|----------------------------------------------------------------------------|-------|-------------|-------|-------|-------|-------|--------|-----------
         Aggregated                                                                      1870     0(0.00%) |     59       4    1092     22 |  101.30        0.00

Type     Name                                                                          # reqs      # fails |    Avg     Min     Max    Med |   req/s  failures/s
--------|----------------------------------------------------------------------------|-------|-------------|-------|-------|-------|-------|--------|-----------
GET      /                                                                                 64     0(0.00%) |    101       7     878     66 |    3.40        0.00
GET      /cart                                                                            256     0(0.00%) |     54       4     907     27 |   12.90        0.00
POST     /cart [add]                                                                      372     0(0.00%) |     73       6    1092     43 |   19.60        0.00
POST     /cart/checkout                                                                   147     0(0.00%) |     49       7     305     15 |    7.40        0.00
GET      /product/[id]                                                                   1058     0(0.00%) |     65       4     980     29 |   54.90        0.00
POST     /setCurrency                                                                     219     0(0.00%) |     79       8     993     39 |   10.00        0.00
--------|----------------------------------------------------------------------------|-------|-------------|-------|-------|-------|-------|--------|-----------
         Aggregated                                                                      2116     0(0.00%) |     66       4    1092     32 |  108.20        0.00

Type     Name                                                                          # reqs      # fails |    Avg     Min     Max    Med |   req/s  failures/s
--------|----------------------------------------------------------------------------|-------|-------------|-------|-------|-------|-------|--------|-----------
GET      /                                                                                 70     0(0.00%) |     98       7     878     61 |    3.70        0.00
GET      /cart                                                                            297     0(0.00%) |     66       4     907     36 |   14.30        0.00
POST     /cart [add]                                                                      406     0(0.00%) |     81       6    1092     52 |   21.20        0.00
POST     /cart/checkout                                                                   165     0(0.00%) |     60       7     305     44 |    8.20        0.00
GET      /product/[id]                                                                   1186     0(0.00%) |     75       4     980     39 |   61.60        0.00
POST     /setCurrency                                                                     242     0(0.00%) |     78       8     993     45 |   12.60        0.00
--------|----------------------------------------------------------------------------|-------|-------------|-------|-------|-------|-------|--------|-----------
         Aggregated                                                                      2366     0(0.00%) |     75       4    1092     42 |  121.60        0.00

Type     Name                                                                          # reqs      # fails |    Avg     Min     Max    Med |   req/s  failures/s
--------|----------------------------------------------------------------------------|-------|-------------|-------|-------|-------|-------|--------|-----------
GET      /                                                                                 73     0(0.00%) |     99       7     878     61 |    3.80        0.00
GET      /cart                                                                            325     0(0.00%) |     88       4     907     42 |   14.50        0.00
POST     /cart [add]                                                                      436     0(0.00%) |    101       6    1092     63 |   20.50        0.00
POST     /cart/checkout                                                                   174     0(0.00%) |     70       7     492     69 |    7.60        0.00
GET      /product/[id]                                                                   1284     0(0.00%) |    101       4     980     47 |   64.30        0.00
POST     /setCurrency                                                                     257     0(0.00%) |     89       8     993     51 |   12.40        0.00
--------|----------------------------------------------------------------------------|-------|-------------|-------|-------|-------|-------|--------|-----------
         Aggregated                                                                      2549     0(0.00%) |     96       4    1092     50 |  123.10        0.00

Type     Name                                                                          # reqs      # fails |    Avg     Min     Max    Med |   req/s  failures/s
--------|----------------------------------------------------------------------------|-------|-------------|-------|-------|-------|-------|--------|-----------
GET      /                                                                                 80     0(0.00%) |     96       7     878     59 |    3.40        0.00
GET      /cart                                                                            365     0(0.00%) |     91       4     907     52 |   17.10        0.00
POST     /cart [add]                                                                      492     0(0.00%) |    108       6    1092     80 |   19.20        0.00
POST     /cart/checkout                                                                   191     0(0.00%) |     75       7     492     83 |    7.20        0.00
GET      /product/[id]                                                                   1428     0(0.00%) |    105       4     980     59 |   61.40        0.00
POST     /setCurrency                                                                     283     0(0.00%) |     92       8     993     59 |   11.10        0.00
--------|----------------------------------------------------------------------------|-------|-------------|-------|-------|-------|-------|--------|-----------
         Aggregated                                                                      2839     0(0.00%) |    100       4    1092     61 |  119.40        0.00

Type     Name                                                                          # reqs      # fails |    Avg     Min     Max    Med |   req/s  failures/s
--------|----------------------------------------------------------------------------|-------|-------------|-------|-------|-------|-------|--------|-----------
GET      /                                                                                 89     0(0.00%) |    100       7     878     61 |    3.10        0.00
GET      /cart                                                                            403     0(0.00%) |     99       4     907     60 |   18.20        0.00
POST     /cart [add]                                                                      541     0(0.00%) |    115       6    1092     91 |   19.50        0.00
POST     /cart/checkout                                                                   212     0(0.00%) |     85       7     492     86 |    7.10        0.00
GET      /product/[id]                                                                   1580     0(0.00%) |    110       4     980     70 |   62.10        0.00
POST     /setCurrency                                                                     320     0(0.00%) |     96       8     993     68 |   11.90        0.00
--------|----------------------------------------------------------------------------|-------|-------------|-------|-------|-------|-------|--------|-----------
         Aggregated                                                                      3145     0(0.00%) |    106       4    1092     73 |  121.90        0.00

Type     Name                                                                          # reqs      # fails |    Avg     Min     Max    Med |   req/s  failures/s
--------|----------------------------------------------------------------------------|-------|-------------|-------|-------|-------|-------|--------|-----------
GET      /                                                                                100     0(0.00%) |     99       7     878     66 |    3.40        0.00
GET      /cart                                                                            431     0(0.00%) |    105       4     907     66 |   17.40        0.00
POST     /cart [add]                                                                      596     0(0.00%) |    128       6    1092    100 |   20.20        0.00
POST     /cart/checkout                                                                   235     0(0.00%) |    101       7     496     91 |    7.50        0.00
GET      /product/[id]                                                                   1727     0(0.00%) |    121       4     980     83 |   64.70        0.00
POST     /setCurrency                                                                     342     0(0.00%) |     96       8     993     68 |   13.10        0.00
--------|----------------------------------------------------------------------------|-------|-------------|-------|-------|-------|-------|--------|-----------
         Aggregated                                                                      3431     0(0.00%) |    116       4    1092     84 |  126.30        0.00

Type     Name                                                                          # reqs      # fails |    Avg     Min     Max    Med |   req/s  failures/s
--------|----------------------------------------------------------------------------|-------|-------------|-------|-------|-------|-------|--------|-----------
GET      /                                                                                110     0(0.00%) |    100       7     878     66 |    3.60        0.00
GET      /cart                                                                            471     0(0.00%) |    115       4     907     85 |   18.00        0.00
POST     /cart [add]                                                                      629     0(0.00%) |    134       6    1092    110 |   22.10        0.00
POST     /cart/checkout                                                                   250     0(0.00%) |    109       7     496     94 |    8.10        0.00
GET      /product/[id]                                                                   1883     0(0.00%) |    129       4     980     96 |   65.80        0.00
POST     /setCurrency                                                                     377     0(0.00%) |     98       8     993     71 |   12.30        0.00
--------|----------------------------------------------------------------------------|-------|-------------|-------|-------|-------|-------|--------|-----------
         Aggregated                                                                      3720     0(0.00%) |    123       4    1092     92 |  129.90        0.00

Type     Name                                                                          # reqs      # fails |    Avg     Min     Max    Med |   req/s  failures/s
--------|----------------------------------------------------------------------------|-------|-------------|-------|-------|-------|-------|--------|-----------
GET      /                                                                                124     0(0.00%) |    111       7     878     77 |    3.70        0.00
GET      /cart                                                                            504     0(0.00%) |    119       4     907     90 |   18.30        0.00
POST     /cart [add]                                                                      675     0(0.00%) |    141       6    1092    120 |   22.50        0.00
POST     /cart/checkout                                                                   263     0(0.00%) |    114       7     496     96 |    8.50        0.00
GET      /product/[id]                                                                   1975     0(0.00%) |    132       4     980    110 |   68.30        0.00
POST     /setCurrency                                                                     397     0(0.00%) |    101       8     993     75 |   12.90        0.00
--------|----------------------------------------------------------------------------|-------|-------------|-------|-------|-------|-------|--------|-----------
         Aggregated                                                                      3938     0(0.00%) |    127       4    1092     98 |  134.20        0.00

Type     Name                                                                          # reqs      # fails |    Avg     Min     Max    Med |   req/s  failures/s
--------|----------------------------------------------------------------------------|-------|-------------|-------|-------|-------|-------|--------|-----------
GET      /                                                                                129     0(0.00%) |    128       7     990     77 |    5.10        0.00
GET      /cart                                                                            542     0(0.00%) |    139       4     930    100 |   18.40        0.00
POST     /cart [add]                                                                      714     0(0.00%) |    160       6    1281    130 |   24.90        0.00
POST     /cart/checkout                                                                   277     0(0.00%) |    126       7    1312     97 |    9.30        0.00
GET      /product/[id]                                                                   2120     0(0.00%) |    149       4    1036    120 |   72.70        0.00
POST     /setCurrency                                                                     416     0(0.00%) |    108       8    1003     76 |   14.40        0.00
--------|----------------------------------------------------------------------------|-------|-------------|-------|-------|-------|-------|--------|-----------
         Aggregated                                                                      4198     0(0.00%) |    143       4    1312    110 |  144.80        0.00

Type     Name                                                                          # reqs      # fails |    Avg     Min     Max    Med |   req/s  failures/s
--------|----------------------------------------------------------------------------|-------|-------------|-------|-------|-------|-------|--------|-----------
GET      /                                                                                134     0(0.00%) |    135       7     990     77 |    5.30        0.00
GET      /cart                                                                            562     0(0.00%) |    154       4     984    110 |   17.50        0.00
POST     /cart [add]                                                                      749     0(0.00%) |    182       6    1554    130 |   22.80        0.00
POST     /cart/checkout                                                                   287     0(0.00%) |    138       7    1483     98 |    8.80        0.00
GET      /product/[id]                                                                   2212     0(0.00%) |    167       4    1208    120 |   69.70        0.00
POST     /setCurrency                                                                     439     0(0.00%) |    119       8    1048     77 |   13.40        0.00
--------|----------------------------------------------------------------------------|-------|-------------|-------|-------|-------|-------|--------|-----------
         Aggregated                                                                      4383     0(0.00%) |    160       4    1554    110 |  137.50        0.00

Type     Name                                                                          # reqs      # fails |    Avg     Min     Max    Med |   req/s  failures/s
--------|----------------------------------------------------------------------------|-------|-------------|-------|-------|-------|-------|--------|-----------
GET      /                                                                                142     0(0.00%) |    133       7     990     78 |    4.70        0.00
GET      /cart                                                                            603     0(0.00%) |    161       4     984    120 |   16.80        0.00
POST     /cart [add]                                                                      793     0(0.00%) |    187       6    1554    140 |   20.60        0.00
POST     /cart/checkout                                                                   309     0(0.00%) |    146       7    1483    100 |    7.50        0.00
GET      /product/[id]                                                                   2352     0(0.00%) |    173       4    1208    130 |   63.60        0.00
POST     /setCurrency                                                                     462     0(0.00%) |    119       8    1048     79 |   12.00        0.00
--------|----------------------------------------------------------------------------|-------|-------------|-------|-------|-------|-------|--------|-----------
         Aggregated                                                                      4661     0(0.00%) |    166       4    1554    120 |  125.20        0.00

Type     Name                                                                          # reqs      # fails |    Avg     Min     Max    Med |   req/s  failures/s
--------|----------------------------------------------------------------------------|-------|-------------|-------|-------|-------|-------|--------|-----------
GET      /                                                                                156     0(0.00%) |    139       7     990     88 |    4.40        0.00
GET      /cart                                                                            643     0(0.00%) |    162       4     984    130 |   16.50        0.00
POST     /cart [add]                                                                      841     0(0.00%) |    191       6    1554    150 |   20.20        0.00
POST     /cart/checkout                                                                   330     0(0.00%) |    150       7    1483    100 |    7.90        0.00
GET      /product/[id]                                                                   2484     0(0.00%) |    175       4    1208    140 |   62.80        0.00
POST     /setCurrency                                                                     491     0(0.00%) |    124       8    1048     82 |   12.30        0.00
--------|----------------------------------------------------------------------------|-------|-------------|-------|-------|-------|-------|--------|-----------
         Aggregated                                                                      4945     0(0.00%) |    168       4    1554    130 |  124.10        0.00

Type     Name                                                                          # reqs      # fails |    Avg     Min     Max    Med |   req/s  failures/s
--------|----------------------------------------------------------------------------|-------|-------------|-------|-------|-------|-------|--------|-----------
GET      /                                                                                165     0(0.00%) |    163       7    1134     96 |    4.90        0.00
GET      /cart                                                                            674     0(0.00%) |    173       4     984    130 |   17.40        0.00
POST     /cart [add]                                                                      872     0(0.00%) |    201       6    1554    150 |   20.40        0.00
POST     /cart/checkout                                                                   345     0(0.00%) |    159       7    1483    110 |    7.90        0.00
GET      /product/[id]                                                                   2585     0(0.00%) |    188       4    1208    140 |   62.00        0.00
POST     /setCurrency                                                                     510     0(0.00%) |    138       8    1194     85 |   12.20        0.00
--------|----------------------------------------------------------------------------|-------|-------------|-------|-------|-------|-------|--------|-----------
         Aggregated                                                                      5151     0(0.00%) |    181       4    1554    140 |  124.80        0.00

Type     Name                                                                          # reqs      # fails |    Avg     Min     Max    Med |   req/s  failures/s
--------|----------------------------------------------------------------------------|-------|-------------|-------|-------|-------|-------|--------|-----------
GET      /                                                                                175     0(0.00%) |    164       7    1134    100 |    4.00        0.00
GET      /cart                                                                            706     0(0.00%) |    173       4     984    140 |   15.80        0.00
POST     /cart [add]                                                                      931     0(0.00%) |    202       6    1554    160 |   18.20        0.00
POST     /cart/checkout                                                                   362     0(0.00%) |    158       7    1483    100 |    7.10        0.00
GET      /product/[id]                                                                   2754     0(0.00%) |    187       4    1208    150 |   56.90        0.00
POST     /setCurrency                                                                     552     0(0.00%) |    139       8    1194     87 |   10.90        0.00
--------|----------------------------------------------------------------------------|-------|-------------|-------|-------|-------|-------|--------|-----------
         Aggregated                                                                      5480     0(0.00%) |    180       4    1554    140 |  112.90        0.00

Type     Name                                                                          # reqs      # fails |    Avg     Min     Max    Med |   req/s  failures/s
--------|----------------------------------------------------------------------------|-------|-------------|-------|-------|-------|-------|--------|-----------
GET      /                                                                                187     0(0.00%) |    163       7    1134    100 |    4.40        0.00
GET      /cart                                                                            744     0(0.00%) |    176       4     984    140 |   16.50        0.00
POST     /cart [add]                                                                      975     0(0.00%) |    206       6    1554    170 |   21.20        0.00
POST     /cart/checkout                                                                   381     0(0.00%) |    163       7    1483    110 |    8.60        0.00
GET      /product/[id]                                                                   2885     0(0.00%) |    189       4    1208    150 |   61.70        0.00
POST     /setCurrency                                                                     584     0(0.00%) |    140       8    1194     93 |   12.40        0.00
--------|----------------------------------------------------------------------------|-------|-------------|-------|-------|-------|-------|--------|-----------
         Aggregated                                                                      5756     0(0.00%) |    182       4    1554    150 |  124.80        0.00

Type     Name                                                                          # reqs      # fails |    Avg     Min     Max    Med |   req/s  failures/s
--------|----------------------------------------------------------------------------|-------|-------------|-------|-------|-------|-------|--------|-----------
GET      /                                                                                191     0(0.00%) |    161       7    1134     99 |    5.40        0.00
GET      /cart                                                                            777     0(0.00%) |    180       4     984    150 |   16.70        0.00
POST     /cart [add]                                                                     1024     0(0.00%) |    211       6    1554    180 |   23.80        0.00
POST     /cart/checkout                                                                   397     0(0.00%) |    169       7    1483    180 |    9.50        0.00
GET      /product/[id]                                                                   3017     0(0.00%) |    192       4    1208    160 |   66.70        0.00
POST     /setCurrency                                                                     615     0(0.00%) |    139       8    1194     95 |   14.30        0.00
--------|----------------------------------------------------------------------------|-------|-------------|-------|-------|-------|-------|--------|-----------
         Aggregated                                                                      6021     0(0.00%) |    186       4    1554    150 |  136.40        0.00

Type     Name                                                                          # reqs      # fails |    Avg     Min     Max    Med |   req/s  failures/s
--------|----------------------------------------------------------------------------|-------|-------------|-------|-------|-------|-------|--------|-----------
GET      /                                                                                198     0(0.00%) |    158       7    1134     96 |    5.00        0.00
GET      /cart                                                                            813     0(0.00%) |    184       4     984    160 |   18.10        0.00
POST     /cart [add]                                                                     1074     0(0.00%) |    217       6    1554    190 |   22.70        0.00
POST     /cart/checkout                                                                   417     0(0.00%) |    176       7    1483    180 |    8.50        0.00
GET      /product/[id]                                                                   3145     0(0.00%) |    196       4    1208    160 |   67.50        0.00
POST     /setCurrency                                                                     647     0(0.00%) |    138       8    1194     98 |   14.80        0.00
--------|----------------------------------------------------------------------------|-------|-------------|-------|-------|-------|-------|--------|-----------
         Aggregated                                                                      6294     0(0.00%) |    190       4    1554    160 |  136.60        0.00

Type     Name                                                                          # reqs      # fails |    Avg     Min     Max    Med |   req/s  failures/s
--------|----------------------------------------------------------------------------|-------|-------------|-------|-------|-------|-------|--------|-----------
GET      /                                                                                210     0(0.00%) |    179       7    1134    110 |    4.00        0.00
GET      /cart                                                                            846     0(0.00%) |    196       4     984    160 |   17.00        0.00
POST     /cart [add]                                                                     1097     0(0.00%) |    217       6    1554    190 |   23.70        0.00
POST     /cart/checkout                                                                   425     0(0.00%) |    178       7    1483    190 |    8.60        0.00
GET      /product/[id]                                                                   3243     0(0.00%) |    202       4    1208    170 |   65.70        0.00
POST     /setCurrency                                                                     672     0(0.00%) |    145       8    1194    100 |   14.60        0.00
--------|----------------------------------------------------------------------------|-------|-------------|-------|-------|-------|-------|--------|-----------
         Aggregated                                                                      6493     0(0.00%) |    196       4    1554    160 |  133.60        0.00

Type     Name                                                                          # reqs      # fails |    Avg     Min     Max    Med |   req/s  failures/s
--------|----------------------------------------------------------------------------|-------|-------------|-------|-------|-------|-------|--------|-----------
GET      /                                                                                219     0(0.00%) |    181       7    1134    110 |    4.00        0.00
GET      /cart                                                                            883     0(0.00%) |    197       4     984    170 |   17.50        0.00
POST     /cart [add]                                                                     1147     0(0.00%) |    228       6    1554    200 |   24.70        0.00
POST     /cart/checkout                                                                   440     0(0.00%) |    182       7    1483    190 |    9.20        0.00
GET      /product/[id]                                                                   3381     0(0.00%) |    205       4    1208    170 |   69.20        0.00
POST     /setCurrency                                                                     700     0(0.00%) |    146       8    1194    100 |   16.20        0.00
--------|----------------------------------------------------------------------------|-------|-------------|-------|-------|-------|-------|--------|-----------
         Aggregated                                                                      6770     0(0.00%) |    200       4    1554    160 |  140.80        0.00

Type     Name                                                                          # reqs      # fails |    Avg     Min     Max    Med |   req/s  failures/s
--------|----------------------------------------------------------------------------|-------|-------------|-------|-------|-------|-------|--------|-----------
GET      /                                                                                229     0(0.00%) |    178       7    1134    110 |    4.20        0.00
GET      /cart                                                                            915     0(0.00%) |    200       4     984    180 |   17.10        0.00
POST     /cart [add]                                                                     1184     0(0.00%) |    231       6    1554    200 |   22.00        0.00
POST     /cart/checkout                                                                   455     0(0.00%) |    187       7    1483    190 |    7.80        0.00
GET      /product/[id]                                                                   3521     0(0.00%) |    208       4    1208    180 |   63.70        0.00
POST     /setCurrency                                                                     725     0(0.00%) |    144       8    1194    100 |   15.50        0.00
--------|----------------------------------------------------------------------------|-------|-------------|-------|-------|-------|-------|--------|-----------
         Aggregated                                                                      7029     0(0.00%) |    202       4    1554    170 |  130.30        0.00

Type     Name                                                                          # reqs      # fails |    Avg     Min     Max    Med |   req/s  failures/s
--------|----------------------------------------------------------------------------|-------|-------------|-------|-------|-------|-------|--------|-----------
GET      /                                                                                236     0(0.00%) |    175       7    1134    110 |    4.10        0.00
GET      /cart                                                                            956     0(0.00%) |    204       4     984    180 |   18.40        0.00
POST     /cart [add]                                                                     1221     0(0.00%) |    235       6    1554    210 |   20.70        0.00
POST     /cart/checkout                                                                   467     0(0.00%) |    190       7    1483    190 |    7.60        0.00
GET      /product/[id]                                                                   3657     0(0.00%) |    212       4    1208    190 |   63.00        0.00
POST     /setCurrency                                                                     746     0(0.00%) |    143       8    1194     99 |   14.60        0.00
--------|----------------------------------------------------------------------------|-------|-------------|-------|-------|-------|-------|--------|-----------
         Aggregated                                                                      7283     0(0.00%) |    205       4    1554    180 |  128.40        0.00

Type     Name                                                                          # reqs      # fails |    Avg     Min     Max    Med |   req/s  failures/s
--------|----------------------------------------------------------------------------|-------|-------------|-------|-------|-------|-------|--------|-----------
GET      /                                                                                245     0(0.00%) |    171       7    1134    110 |    4.30        0.00
GET      /cart                                                                            982     0(0.00%) |    205       4     984    180 |   17.00        0.00
POST     /cart [add]                                                                     1265     0(0.00%) |    237       6    1554    210 |   20.30        0.00
POST     /cart/checkout                                                                   491     0(0.00%) |    195       7    1483    200 |    7.40        0.00
GET      /product/[id]                                                                   3814     0(0.00%) |    214       4    1208    190 |   63.70        0.00
POST     /setCurrency                                                                     778     0(0.00%) |    141       8    1194     99 |   13.20        0.00
--------|----------------------------------------------------------------------------|-------|-------------|-------|-------|-------|-------|--------|-----------
         Aggregated                                                                      7575     0(0.00%) |    206       4    1554    180 |  125.90        0.00

Type     Name                                                                          # reqs      # fails |    Avg     Min     Max    Med |   req/s  failures/s
--------|----------------------------------------------------------------------------|-------|-------------|-------|-------|-------|-------|--------|-----------
GET      /                                                                                259     0(0.00%) |    169       7    1134    110 |    4.60        0.00
GET      /cart                                                                           1024     0(0.00%) |    204       4     984    180 |   16.70        0.00
POST     /cart [add]                                                                     1319     0(0.00%) |    237       6    1554    220 |   19.10        0.00
POST     /cart/checkout                                                                   511     0(0.00%) |    197       7    1483    200 |    7.50        0.00
GET      /product/[id]                                                                   3957     0(0.00%) |    214       4    1208    190 |   65.10        0.00
POST     /setCurrency                                                                     807     0(0.00%) |    142       8    1194    100 |   13.60        0.00
--------|----------------------------------------------------------------------------|-------|-------------|-------|-------|-------|-------|--------|-----------
         Aggregated                                                                      7877     0(0.00%) |    207       4    1554    180 |  126.60        0.00

Type     Name                                                                          # reqs      # fails |    Avg     Min     Max    Med |   req/s  failures/s
--------|----------------------------------------------------------------------------|-------|-------------|-------|-------|-------|-------|--------|-----------
GET      /                                                                                266     0(0.00%) |    167       7    1134    110 |    5.10        0.00
GET      /cart                                                                           1060     0(0.00%) |    205       4     984    190 |   17.80        0.00
POST     /cart [add]                                                                     1372     0(0.00%) |    237       6    1554    220 |   20.60        0.00
POST     /cart/checkout                                                                   527     0(0.00%) |    198       7    1483    200 |    7.80        0.00
GET      /product/[id]                                                                   4113     0(0.00%) |    214       4    1208    190 |   68.20        0.00
POST     /setCurrency                                                                     840     0(0.00%) |    141       8    1194    100 |   12.70        0.00
--------|----------------------------------------------------------------------------|-------|-------------|-------|-------|-------|-------|--------|-----------
         Aggregated                                                                      8178     0(0.00%) |    206       4    1554    180 |  132.20        0.00

Type     Name                                                                          # reqs      # fails |    Avg     Min     Max    Med |   req/s  failures/s
--------|----------------------------------------------------------------------------|-------|-------------|-------|-------|-------|-------|--------|-----------
GET      /                                                                                283    14(4.95%) |    164       0    1134    110 |    4.80        0.00
GET      /cart                                                                           1126    66(5.86%) |    196       0     984    180 |   18.50        0.00
POST     /cart [add]                                                                     1453    76(5.23%) |    228       2    1554    210 |   22.50        0.00
POST     /cart/checkout                                                                   529     1(0.19%) |    198       7    1483    200 |    8.90        0.00
GET      /product/[id]                                                                   4363   232(5.32%) |    203       0    1208    180 |   72.30        0.00
POST     /setCurrency                                                                     899    55(6.12%) |    137       1    1194     95 |   13.40        0.00
--------|----------------------------------------------------------------------------|-------|-------------|-------|-------|-------|-------|--------|-----------
         Aggregated                                                                      8653   444(5.13%) |    198       0    1554    170 |  140.40        0.00

Type     Name                                                                          # reqs      # fails |    Avg     Min     Max    Med |   req/s  failures/s
--------|----------------------------------------------------------------------------|-------|-------------|-------|-------|-------|-------|--------|-----------
GET      /                                                                                297    28(9.43%) |    156       0    1134     96 |    4.80        0.60
GET      /cart                                                                           1189  129(10.85%) |    185       0     984    170 |   19.20        3.50
POST     /cart [add]                                                                     1549  172(11.10%) |    226       2    1554    200 |   25.70        4.80
POST     /cart/checkout                                                                   529     1(0.19%) |    198       7    1483    200 |    8.10        0.10
GET      /product/[id]                                                                   4601  470(10.22%) |    193       0    1208    170 |   79.60       12.50
POST     /setCurrency                                                                     950  106(11.16%) |    130       1    1194     90 |   15.30        2.40
--------|----------------------------------------------------------------------------|-------|-------------|-------|-------|-------|-------|--------|-----------
         Aggregated                                                                      9115   906(9.94%) |    190       0    1554    160 |  152.70       23.90

Type     Name                                                                          # reqs      # fails |    Avg     Min     Max    Med |   req/s  failures/s
--------|----------------------------------------------------------------------------|-------|-------------|-------|-------|-------|-------|--------|-----------
GET      /                                                                                305   36(11.80%) |    152       0    1134     94 |    5.50        2.00
GET      /cart                                                                           1267  207(16.34%) |    174       0     984    150 |   21.50        9.40
POST     /cart [add]                                                                     1649  272(16.49%) |    212       2    1554    190 |   30.30       13.30
POST     /cart/checkout                                                                   529     1(0.19%) |    198       7    1483    200 |    6.70        0.10
GET      /product/[id]                                                                   4894  763(15.59%) |    182       0    1208    160 |   88.50       36.00
POST     /setCurrency                                                                    1019  175(17.17%) |    121       1    1194     82 |   18.80        7.90
--------|----------------------------------------------------------------------------|-------|-------------|-------|-------|-------|-------|--------|-----------
         Aggregated                                                                      9663 1454(15.05%) |    179       0    1554    150 |  171.30       68.70

Type     Name                                                                          # reqs      # fails |    Avg     Min     Max    Med |   req/s  failures/s
--------|----------------------------------------------------------------------------|-------|-------------|-------|-------|-------|-------|--------|-----------
GET      /                                                                                315   46(14.60%) |    147       0    1134     88 |    6.10        3.20
GET      /cart                                                                           1333  273(20.48%) |    166       0     984    140 |   27.10       17.70
POST     /cart [add]                                                                     1761  384(21.81%) |    200       2    1554    170 |   35.40       22.60
POST     /cart/checkout                                                                   529     1(0.19%) |    198       7    1483    200 |    4.60        0.10
GET      /product/[id]                                                                   5181 1050(20.27%) |    172       0    1208    150 |  102.90       64.50
POST     /setCurrency                                                                    1081  237(21.92%) |    114       1    1194     76 |   22.80       15.00
--------|----------------------------------------------------------------------------|-------|-------------|-------|-------|-------|-------|--------|-----------
         Aggregated                                                                     10200 1991(19.52%) |    170       0    1554    140 |  198.90      123.10

Type     Name                                                                          # reqs      # fails |    Avg     Min     Max    Med |   req/s  failures/s
--------|----------------------------------------------------------------------------|-------|-------------|-------|-------|-------|-------|--------|-----------
GET      /                                                                                326   57(17.48%) |    143       0    1134     82 |    5.70        4.10
GET      /cart                                                                           1408  348(24.72%) |    157       0     984    130 |   30.00       24.90
POST     /cart [add]                                                                     1862  485(26.05%) |    191       2    1554    160 |   40.90       33.50
POST     /cart/checkout                                                                   529     1(0.19%) |    198       7    1483    200 |    2.60        0.10
GET      /product/[id]                                                                   5443 1312(24.10%) |    164       0    1208    140 |  115.80       92.70
POST     /setCurrency                                                                    1135  291(25.64%) |    110       1    1194     71 |   26.60       21.20
--------|----------------------------------------------------------------------------|-------|-------------|-------|-------|-------|-------|--------|-----------
         Aggregated                                                                     10703 2494(23.30%) |    163       0    1554    130 |  221.60      176.50

Type     Name                                                                          # reqs      # fails |    Avg     Min     Max    Med |   req/s  failures/s
--------|----------------------------------------------------------------------------|-------|-------------|-------|-------|-------|-------|--------|-----------
GET      /                                                                                344   75(21.80%) |    136       0    1134     74 |    6.20        5.50
GET      /cart                                                                           1482  422(28.48%) |    150       0     984    120 |   32.30       31.30
POST     /cart [add]                                                                     1962  585(29.82%) |    182       2    1554    150 |   47.60       44.90
POST     /cart/checkout                                                                   529     1(0.19%) |    198       7    1483    200 |    0.60        0.10
GET      /product/[id]                                                                   5709 1578(27.64%) |    157       0    1208    130 |  127.70      119.40
POST     /setCurrency                                                                    1185  341(28.78%) |    106       1    1194     68 |   29.40       27.10
--------|----------------------------------------------------------------------------|-------|-------------|-------|-------|-------|-------|--------|-----------
         Aggregated                                                                     11211 3002(26.78%) |    157       0    1554    120 |  243.80      228.30

Type     Name                                                                          # reqs      # fails |    Avg     Min     Max    Med |   req/s  failures/s
--------|----------------------------------------------------------------------------|-------|-------------|-------|-------|-------|-------|--------|-----------
GET      /                                                                                361   92(25.48%) |    130       0    1134     69 |    6.00        6.00
GET      /cart                                                                           1542  482(31.26%) |    145       0     984    110 |   35.60       35.60
POST     /cart [add]                                                                     2070  693(33.48%) |    175       2    1554    140 |   49.50       49.50
POST     /cart/checkout                                                                   529     1(0.19%) |    198       7    1483    200 |    0.00        0.00
GET      /product/[id]                                                                   5976 1845(30.87%) |    151       0    1208    120 |  134.40      134.40
POST     /setCurrency                                                                    1238  394(31.83%) |    103       1    1194     61 |   29.30       29.30
--------|----------------------------------------------------------------------------|-------|-------------|-------|-------|-------|-------|--------|-----------
         Aggregated                                                                     11716 3507(29.93%) |    151       0    1554    110 |  254.80      254.80

Type     Name                                                                          # reqs      # fails |    Avg     Min     Max    Med |   req/s  failures/s
--------|----------------------------------------------------------------------------|-------|-------------|-------|-------|-------|-------|--------|-----------
GET      /                                                                                365   93(25.48%) |    141       0    1664     69 |    6.30        6.30
GET      /cart                                                                           1561  495(31.71%) |    148       0    1589    110 |   36.00       36.00
POST     /cart [add]                                                                     2085  699(33.53%) |    180       2    1706    140 |   52.00       52.00
POST     /cart/checkout                                                                   529     1(0.19%) |    198       7    1483    200 |    0.00        0.00
GET      /product/[id]                                                                   6063 1876(30.94%) |    155       0    1208    120 |  136.00      136.00
POST     /setCurrency                                                                    1249  398(31.87%) |    111       1    1713     63 |   28.80       28.80
--------|----------------------------------------------------------------------------|-------|-------------|-------|-------|-------|-------|--------|-----------
         Aggregated                                                                     11852 3562(30.05%) |    155       0    1713    110 |  259.10      259.10

Type     Name                                                                          # reqs      # fails |    Avg     Min     Max    Med |   req/s  failures/s
--------|----------------------------------------------------------------------------|-------|-------------|-------|-------|-------|-------|--------|-----------
GET      /                                                                                370   93(25.14%) |    151       0    1664     71 |    6.10        6.10
GET      /cart                                                                           1583  495(31.27%) |    169       0    2799    110 |   31.80       31.80
POST     /cart [add]                                                                     2103  699(33.24%) |    192       2    2791    140 |   47.30       47.30
POST     /cart/checkout                                                                   534     1(0.19%) |    206       7    1795    200 |    0.00        0.00
GET      /product/[id]                                                                   6134 1876(30.58%) |    159       0    1208    120 |  125.40      123.10
POST     /setCurrency                                                                    1261  398(31.56%) |    123       1    1835     66 |   24.80       24.80
--------|----------------------------------------------------------------------------|-------|-------------|-------|-------|-------|-------|--------|-----------
         Aggregated                                                                     11985 3562(29.72%) |    164       0    2799    110 |  235.40      233.10

Type     Name                                                                          # reqs      # fails |    Avg     Min     Max    Med |   req/s  failures/s
--------|----------------------------------------------------------------------------|-------|-------------|-------|-------|-------|-------|--------|-----------
GET      /                                                                                374   93(24.87%) |    153       0    1664     73 |    5.50        5.20
GET      /cart                                                                           1630  495(30.37%) |    172       0    2799    120 |   26.00       24.60
POST     /cart [add]                                                                     2143  699(32.62%) |    196       2    2791    150 |   37.90       36.40
POST     /cart/checkout                                                                   555     1(0.18%) |    208       7    1795    200 |    0.00        0.00
GET      /product/[id]                                                                   6274 1876(29.90%) |    159       0    1208    130 |  102.80       94.90
POST     /setCurrency                                                                    1291  398(30.83%) |    127       1    1835     68 |   19.30       18.60
--------|----------------------------------------------------------------------------|-------|-------------|-------|-------|-------|-------|--------|-----------
         Aggregated                                                                     12267 3562(29.04%) |    166       0    2799    120 |  191.50      179.70

Type     Name                                                                          # reqs      # fails |    Avg     Min     Max    Med |   req/s  failures/s
--------|----------------------------------------------------------------------------|-------|-------------|-------|-------|-------|-------|--------|-----------
GET      /                                                                                382   93(24.35%) |    159       0    1664     75 |    4.80        3.80
GET      /cart                                                                           1667  495(29.69%) |    176       0    2799    130 |   23.80       18.20
POST     /cart [add]                                                                     2175  699(32.14%) |    201       2    2791    150 |   30.20       25.00
POST     /cart/checkout                                                                   569     1(0.18%) |    212       7    1795    200 |    2.00        0.00
GET      /product/[id]                                                                   6381 1876(29.40%) |    162       0    1208    130 |   88.20       68.20
POST     /setCurrency                                                                    1315  398(30.27%) |    131       1    1835     71 |   16.30       12.70
--------|----------------------------------------------------------------------------|-------|-------------|-------|-------|-------|-------|--------|-----------
         Aggregated                                                                     12489 3562(28.52%) |    169       0    2799    120 |  165.30      127.90

Type     Name                                                                          # reqs      # fails |    Avg     Min     Max    Med |   req/s  failures/s
--------|----------------------------------------------------------------------------|-------|-------------|-------|-------|-------|-------|--------|-----------
GET      /                                                                                393   93(23.66%) |    160       0    1664     82 |    4.60        2.70
GET      /cart                                                                           1697  495(29.17%) |    176       0    2799    130 |   20.10       10.40
POST     /cart [add]                                                                     2227  699(31.39%) |    202       2    2791    150 |   23.60       15.60
POST     /cart/checkout                                                                   584     1(0.17%) |    211       7    1795    200 |    3.00        0.00
GET      /product/[id]                                                                   6546 1876(28.66%) |    162       0    1208    130 |   72.20       40.70
POST     /setCurrency                                                                    1349  398(29.50%) |    133       1    1835     73 |   14.80        8.10
--------|----------------------------------------------------------------------------|-------|-------------|-------|-------|-------|-------|--------|-----------
         Aggregated                                                                     12796 3562(27.84%) |    170       0    2799    130 |  138.30       77.50

Type     Name                                                                          # reqs      # fails |    Avg     Min     Max    Med |   req/s  failures/s
--------|----------------------------------------------------------------------------|-------|-------------|-------|-------|-------|-------|--------|-----------
GET      /                                                                                402   93(23.13%) |    162       0    1664     85 |    3.80        1.00
GET      /cart                                                                           1735  495(28.53%) |    179       0    2799    130 |   17.20        4.10
POST     /cart [add]                                                                     2277  699(30.70%) |    205       2    2791    160 |   17.00        4.60
POST     /cart/checkout                                                                   601     1(0.17%) |    212       7    1795    200 |    5.00        0.00
GET      /product/[id]                                                                   6674 1876(28.11%) |    164       0    1208    130 |   63.60       15.60
POST     /setCurrency                                                                    1378  398(28.88%) |    135       1    1835     76 |   12.60        3.10
--------|----------------------------------------------------------------------------|-------|-------------|-------|-------|-------|-------|--------|-----------
         Aggregated                                                                     13067 3562(27.26%) |    172       0    2799    130 |  119.20       28.40

Type     Name                                                                          # reqs      # fails |    Avg     Min     Max    Med |   req/s  failures/s
--------|----------------------------------------------------------------------------|-------|-------------|-------|-------|-------|-------|--------|-----------
GET      /                                                                                415   93(22.41%) |    162       0    1664     91 |    3.70        0.00
GET      /cart                                                                           1768  495(28.00%) |    180       0    2799    130 |   16.90        0.00
POST     /cart [add]                                                                     2340  699(29.87%) |    206       2    2791    160 |   18.00        0.00
POST     /cart/checkout                                                                   628     1(0.16%) |    212       7    1795    200 |    6.60        0.00
GET      /product/[id]                                                                   6823 1876(27.50%) |    164       0    1208    140 |   58.60        0.00
POST     /setCurrency                                                                    1409  398(28.25%) |    137       1    1835     80 |   12.80        0.00
--------|----------------------------------------------------------------------------|-------|-------------|-------|-------|-------|-------|--------|-----------
         Aggregated                                                                     13383 3562(26.62%) |    173       0    2799    130 |  116.60        0.00

Type     Name                                                                          # reqs      # fails |    Avg     Min     Max    Med |   req/s  failures/s
--------|----------------------------------------------------------------------------|-------|-------------|-------|-------|-------|-------|--------|-----------
GET      /                                                                                423   93(21.99%) |    163       0    1664     94 |    4.60        0.00
GET      /cart                                                                           1799  495(27.52%) |    180       0    2799    140 |   18.60        0.00
POST     /cart [add]                                                                     2402  699(29.10%) |    206       2    2791    170 |   22.10        0.00
POST     /cart/checkout                                                                   655     1(0.15%) |    211       7    1795    200 |    9.00        0.00
GET      /product/[id]                                                                   6972 1876(26.91%) |    164       0    1208    140 |   68.10        0.00
POST     /setCurrency                                                                    1442  398(27.60%) |    140       1    1835     81 |   15.10        0.00
--------|----------------------------------------------------------------------------|-------|-------------|-------|-------|-------|-------|--------|-----------
         Aggregated                                                                     13693 3562(26.01%) |    173       0    2799    140 |  137.50        0.00

Type     Name                                                                          # reqs      # fails |    Avg     Min     Max    Med |   req/s  failures/s
--------|----------------------------------------------------------------------------|-------|-------------|-------|-------|-------|-------|--------|-----------
GET      /                                                                                435   93(21.38%) |    164       0    1664     97 |    4.80        0.00
GET      /cart                                                                           1832  495(27.02%) |    179       0    2799    140 |   17.60        0.00
POST     /cart [add]                                                                     2457  699(28.45%) |    206       2    2791    170 |   24.90        0.00
POST     /cart/checkout                                                                   671     1(0.15%) |    210       7    1795    200 |    9.60        0.00
GET      /product/[id]                                                                   7139 1876(26.28%) |    164       0    1208    140 |   71.70        0.00
POST     /setCurrency                                                                    1480  398(26.89%) |    142       1    1835     85 |   14.70        0.00
--------|----------------------------------------------------------------------------|-------|-------------|-------|-------|-------|-------|--------|-----------
         Aggregated                                                                     14014 3562(25.42%) |    173       0    2799    140 |  143.30        0.00

Type     Name                                                                          # reqs      # fails |    Avg     Min     Max    Med |   req/s  failures/s
--------|----------------------------------------------------------------------------|-------|-------------|-------|-------|-------|-------|--------|-----------
GET      /                                                                                439   93(21.18%) |    164       0    1664     98 |    5.00        0.00
GET      /cart                                                                           1866  495(26.53%) |    181       0    2799    140 |   16.80        0.00
POST     /cart [add]                                                                     2494  699(28.03%) |    209       2    2791    170 |   27.60        0.00
POST     /cart/checkout                                                                   681     1(0.15%) |    210       7    1795    200 |   10.40        0.00
GET      /product/[id]                                                                   7260 1876(25.84%) |    167       0    1208    140 |   74.80        0.00
POST     /setCurrency                                                                    1515  398(26.27%) |    145       1    1835     88 |   16.20        0.00
--------|----------------------------------------------------------------------------|-------|-------------|-------|-------|-------|-------|--------|-----------
         Aggregated                                                                     14255 3562(24.99%) |    176       0    2799    140 |  150.80        0.00

Type     Name                                                                          # reqs      # fails |    Avg     Min     Max    Med |   req/s  failures/s
--------|----------------------------------------------------------------------------|-------|-------------|-------|-------|-------|-------|--------|-----------
GET      /                                                                                445   93(20.90%) |    165       0    1664    100 |    4.80        0.00
GET      /cart                                                                           1901  495(26.04%) |    184       0    2799    140 |   16.60        0.00
POST     /cart [add]                                                                     2522  699(27.72%) |    210       2    2791    170 |   27.60        0.00
POST     /cart/checkout                                                                   696     1(0.14%) |    210       7    1795    200 |   10.20        0.00
GET      /product/[id]                                                                   7389 1876(25.39%) |    169       0    1208    140 |   71.50        0.00
POST     /setCurrency                                                                    1545  398(25.76%) |    147       1    1835     91 |   16.30        0.00
--------|----------------------------------------------------------------------------|-------|-------------|-------|-------|-------|-------|--------|-----------
         Aggregated                                                                     14498 3562(24.57%) |    178       0    2799    140 |  147.00        0.00

Type     Name                                                                          # reqs      # fails |    Avg     Min     Max    Med |   req/s  failures/s
--------|----------------------------------------------------------------------------|-------|-------------|-------|-------|-------|-------|--------|-----------
GET      /                                                                                455   93(20.44%) |    163       0    1664    100 |    4.50        0.00
GET      /cart                                                                           1940  495(25.52%) |    183       0    2799    140 |   16.80        0.00
POST     /cart [add]                                                                     2577  699(27.12%) |    213       2    2791    180 |   26.60        0.00
POST     /cart/checkout                                                                   709     1(0.14%) |    209       7    1795    200 |   10.10        0.00
GET      /product/[id]                                                                   7552 1876(24.84%) |    170       0    1208    150 |   74.30        0.00
POST     /setCurrency                                                                    1573  398(25.30%) |    147       1    1835     93 |   16.40        0.00
--------|----------------------------------------------------------------------------|-------|-------------|-------|-------|-------|-------|--------|-----------
         Aggregated                                                                     14806 3562(24.06%) |    179       0    2799    150 |  148.70        0.00

Type     Name                                                                          # reqs      # fails |    Avg     Min     Max    Med |   req/s  failures/s
--------|----------------------------------------------------------------------------|-------|-------------|-------|-------|-------|-------|--------|-----------
GET      /                                                                                463   93(20.09%) |    163       0    1664    100 |    4.10        0.00
GET      /cart                                                                           1975  495(25.06%) |    183       0    2799    140 |   16.90        0.00
POST     /cart [add]                                                                     2633  699(26.55%) |    215       2    2791    180 |   24.70        0.00
POST     /cart/checkout                                                                   729     1(0.14%) |    209       7    1795    200 |    8.20        0.00
GET      /product/[id]                                                                   7714 1876(24.32%) |    171       0    1208    150 |   71.80        0.00
POST     /setCurrency                                                                    1602  398(24.84%) |    149       1    1835     95 |   16.30        0.00
--------|----------------------------------------------------------------------------|-------|-------------|-------|-------|-------|-------|--------|-----------
         Aggregated                                                                     15116 3562(23.56%) |    179       0    2799    150 |  142.00        0.00

Type     Name                                                                          # reqs      # fails |    Avg     Min     Max    Med |   req/s  failures/s
--------|----------------------------------------------------------------------------|-------|-------------|-------|-------|-------|-------|--------|-----------
GET      /                                                                                472   93(19.70%) |    162       0    1664    100 |    4.10        0.00
GET      /cart                                                                           2007  495(24.66%) |    185       0    2799    140 |   17.70        0.00
POST     /cart [add]                                                                     2657  699(26.31%) |    215       2    2791    190 |   22.90        0.00
POST     /cart/checkout                                                                   736     1(0.14%) |    210       7    1795    200 |    7.20        0.00
GET      /product/[id]                                                                   7821 1876(23.99%) |    172       0    1208    150 |   72.70        0.00
POST     /setCurrency                                                                    1626  398(24.48%) |    151       1    1835     96 |   16.10        0.00
--------|----------------------------------------------------------------------------|-------|-------------|-------|-------|-------|-------|--------|-----------
         Aggregated                                                                     15319 3562(23.25%) |    181       0    2799    150 |  140.70        0.00

Type     Name                                                                          # reqs      # fails |    Avg     Min     Max    Med |   req/s  failures/s
--------|----------------------------------------------------------------------------|-------|-------------|-------|-------|-------|-------|--------|-----------
GET      /                                                                                484   93(19.21%) |    167       0    1664    100 |    4.00        0.00
GET      /cart                                                                           2030  495(24.38%) |    187       0    2799    150 |   17.90        0.00
POST     /cart [add]                                                                     2703  699(25.86%) |    220       2    2791    190 |   22.00        0.00
POST     /cart/checkout                                                                   758     1(0.13%) |    213       7    1795    200 |    7.10        0.00
GET      /product/[id]                                                                   7937 1876(23.64%) |    175       0    1208    150 |   73.30        0.00
POST     /setCurrency                                                                    1654  398(24.06%) |    155       1    1835     99 |   14.60        0.00
--------|----------------------------------------------------------------------------|-------|-------------|-------|-------|-------|-------|--------|-----------
         Aggregated                                                                     15566 3562(22.88%) |    184       0    2799    150 |  138.90        0.00

Type     Name                                                                          # reqs      # fails |    Avg     Min     Max    Med |   req/s  failures/s
--------|----------------------------------------------------------------------------|-------|-------------|-------|-------|-------|-------|--------|-----------
GET      /                                                                                492   93(18.90%) |    167       0    1664    100 |    4.10        0.00
GET      /cart                                                                           2060  495(24.03%) |    186       0    2799    150 |   16.50        0.00
POST     /cart [add]                                                                     2754  699(25.38%) |    222       2    2791    190 |   22.20        0.00
POST     /cart/checkout                                                                   788     1(0.13%) |    215       7    1795    200 |    7.40        0.00
GET      /product/[id]                                                                   8104 1876(23.15%) |    176       0    1208    150 |   70.90        0.00
POST     /setCurrency                                                                    1681  398(23.68%) |    155       1    1835    100 |   14.10        0.00
--------|----------------------------------------------------------------------------|-------|-------------|-------|-------|-------|-------|--------|-----------
         Aggregated                                                                     15879 3562(22.43%) |    185       0    2799    150 |  135.20        0.00

Type     Name                                                                          # reqs      # fails |    Avg     Min     Max    Med |   req/s  failures/s
--------|----------------------------------------------------------------------------|-------|-------------|-------|-------|-------|-------|--------|-----------
GET      /                                                                                500   93(18.60%) |    168       0    1664    110 |    4.17        0.78
GET      /cart                                                                           2106  495(23.50%) |    186       0    2799    150 |   17.58        4.13
POST     /cart [add]                                                                     2801  699(24.96%) |    222       2    2791    190 |   23.38        5.83
POST     /cart/checkout                                                                   812     1(0.12%) |    214       7    1795    200 |    6.78        0.01
GET      /product/[id]                                                                   8223 1876(22.81%) |    176       0    1208    150 |   68.63       15.66
POST     /setCurrency                                                                    1702  398(23.38%) |    156       1    1835    100 |   14.21        3.32
--------|----------------------------------------------------------------------------|-------|-------------|-------|-------|-------|-------|--------|-----------
         Aggregated                                                                     16144 3562(22.06%) |    185       0    2799    150 |  134.74       29.73

Response time percentiles (approximated)
Type     Name                                                                                  50%    66%    75%    80%    90%    95%    98%    99%  99.9% 99.99%   100% # reqs
--------|--------------------------------------------------------------------------------|--------|------|------|------|------|------|------|------|------|------|------|------
GET      /                                                                                     110    160    200    230    360    670    990   1300   1700   1700   1700    500
GET      /cart                                                                                 150    210    250    270    360    580    880   1100   2700   2800   2800   2106
POST     /cart [add]                                                                           190    250    290    310    380    660   1100   1300   2700   2800   2800   2801
POST     /cart/checkout                                                                        200    210    290    290    310    400    820   1200   1800   1800   1800    812
GET      /product/[id]                                                                         150    200    240    260    330    550    870   1000   1200   1200   1200   8223
POST     /setCurrency                                                                          100    160    200    230    310    480    910   1200   1800   1800   1800   1702
--------|--------------------------------------------------------------------------------|--------|------|------|------|------|------|------|------|------|------|------|------
         Aggregated                                                                            150    210    250    270    350    570    910   1100   1800   2800   2800  16144

Error report
# occurrences      Error                                                                                               
------------------|---------------------------------------------------------------------------------------------------------------------------------------------
495                GET /cart: HTTPError('500 Server Error: Internal Server Error for url: /cart')                      
93                 GET /: HTTPError('500 Server Error: Internal Server Error for url: /')                              
398                POST /setCurrency: HTTPError('500 Server Error: Internal Server Error for url: /setCurrency')       
1876               GET /product/[id]: HTTPError('500 Server Error: Internal Server Error for url: /product/[id]')      
266                POST /cart [add]: add falhou (500), skip checkout                                                   
433                POST /cart [add]: HTTPError('500 Server Error: Internal Server Error for url: /cart [add]')         
1                  POST /cart/checkout: HTTPError('500 Server Error: Internal Server Error for url: /cart/checkout')   
------------------|---------------------------------------------------------------------------------------------------------------------------------------------

