/Users/edias/Library/Python/3.9/lib/python/site-packages/urllib3/__init__.py:35: NotOpenSSLWarning: urllib3 v2 only supports OpenSSL 1.1.1+, currently the 'ssl' module is compiled with 'LibreSSL 2.8.3'. See: https://github.com/urllib3/urllib3/issues/3020
  warnings.warn(
[2026-05-20 20:33:16,480] Mac/WARNING/locust.main: Python 3.9 support is deprecated and will be removed soon
Type     Name                                                                          # reqs      # fails |    Avg     Min     Max    Med |   req/s  failures/s
--------|----------------------------------------------------------------------------|-------|-------------|-------|-------|-------|-------|--------|-----------
--------|----------------------------------------------------------------------------|-------|-------------|-------|-------|-------|-------|--------|-----------
         Aggregated                                                                         0     0(0.00%) |      0       0       0      0 |    0.00        0.00

Type     Name                                                                          # reqs      # fails |    Avg     Min     Max    Med |   req/s  failures/s
--------|----------------------------------------------------------------------------|-------|-------------|-------|-------|-------|-------|--------|-----------
GET      /                                                                                  1     0(0.00%) |     27      27      27     27 |    0.00        0.00
GET      /cart                                                                              3     0(0.00%) |     70      11     180     20 |    0.00        0.00
POST     /cart [add]                                                                        4     0(0.00%) |     34      17      55     32 |    0.00        0.00
POST     /cart/checkout                                                                     1     0(0.00%) |     23      23      23     23 |    0.00        0.00
GET      /product/[id]                                                                     12     0(0.00%) |     19       9      68     14 |    0.00        0.00
POST     /setCurrency                                                                       1     0(0.00%) |     15      15      15     15 |    0.00        0.00
--------|----------------------------------------------------------------------------|-------|-------------|-------|-------|-------|-------|--------|-----------
         Aggregated                                                                        22     0(0.00%) |     29       9     180     17 |    0.00        0.00

Type     Name                                                                          # reqs      # fails |    Avg     Min     Max    Med |   req/s  failures/s
--------|----------------------------------------------------------------------------|-------|-------------|-------|-------|-------|-------|--------|-----------
GET      /                                                                                  4     0(0.00%) |     19      13      27     17 |    0.00        0.00
GET      /cart                                                                              8     0(0.00%) |     34      10     180     14 |    1.00        0.00
POST     /cart [add]                                                                       12     0(0.00%) |     21      11      55     15 |    2.00        0.00
POST     /cart/checkout                                                                     5     0(0.00%) |     14      10      23     14 |    0.50        0.00
GET      /product/[id]                                                                     41     0(0.00%) |     13       6      68     11 |    4.50        0.00
POST     /setCurrency                                                                       4     0(0.00%) |     19      15      22     19 |    0.50        0.00
--------|----------------------------------------------------------------------------|-------|-------------|-------|-------|-------|-------|--------|-----------
         Aggregated                                                                        74     0(0.00%) |     17       6     180     13 |    8.50        0.00

Type     Name                                                                          # reqs      # fails |    Avg     Min     Max    Med |   req/s  failures/s
--------|----------------------------------------------------------------------------|-------|-------------|-------|-------|-------|-------|--------|-----------
GET      /                                                                                  6     0(0.00%) |     17      10      27     13 |    1.00        0.00
GET      /cart                                                                             24     0(0.00%) |     17       5     180     11 |    1.75        0.00
POST     /cart [add]                                                                       25     0(0.00%) |     17       8      55     14 |    2.50        0.00
POST     /cart/checkout                                                                    12     0(0.00%) |     13       9      23     12 |    1.00        0.00
GET      /product/[id]                                                                     87     0(0.00%) |     11       6      68     10 |    8.00        0.00
POST     /setCurrency                                                                       9     0(0.00%) |     15      10      22     16 |    1.00        0.00
--------|----------------------------------------------------------------------------|-------|-------------|-------|-------|-------|-------|--------|-----------
         Aggregated                                                                       163     0(0.00%) |     13       5     180     12 |   15.25        0.00

Type     Name                                                                          # reqs      # fails |    Avg     Min     Max    Med |   req/s  failures/s
--------|----------------------------------------------------------------------------|-------|-------------|-------|-------|-------|-------|--------|-----------
GET      /                                                                                  9     0(0.00%) |    204      10     966     17 |    1.00        0.00
GET      /cart                                                                             34     0(0.00%) |     69       5     969      9 |    3.17        0.00
POST     /cart [add]                                                                       30     0(0.00%) |     16       8      55     14 |    4.00        0.00
POST     /cart/checkout                                                                    15     0(0.00%) |     14       8      24     13 |    1.83        0.00
GET      /product/[id]                                                                    116     0(0.00%) |     19       5    1002     10 |   12.33        0.00
POST     /setCurrency                                                                      14     0(0.00%) |    136      10     989     13 |    1.17        0.00
--------|----------------------------------------------------------------------------|-------|-------------|-------|-------|-------|-------|--------|-----------
         Aggregated                                                                       218     0(0.00%) |     41       5    1002     11 |   23.50        0.00

Type     Name                                                                          # reqs      # fails |    Avg     Min     Max    Med |   req/s  failures/s
--------|----------------------------------------------------------------------------|-------|-------------|-------|-------|-------|-------|--------|-----------
GET      /                                                                                 11     0(0.00%) |    171      10     966     21 |    0.88        0.00
GET      /cart                                                                             53     0(0.00%) |     55       5     969      9 |    4.00        0.00
POST     /cart [add]                                                                       54     0(0.00%) |     43       6    1018     14 |    3.75        0.00
POST     /cart/checkout                                                                    19     0(0.00%) |     18       8      92     13 |    1.88        0.00
GET      /product/[id]                                                                    183     0(0.00%) |     58       5    1037     10 |   14.38        0.00
POST     /setCurrency                                                                      26     0(0.00%) |     95       9     989     15 |    1.50        0.00
--------|----------------------------------------------------------------------------|-------|-------------|-------|-------|-------|-------|--------|-----------
         Aggregated                                                                       346     0(0.00%) |     59       5    1037     11 |   26.38        0.00

Type     Name                                                                          # reqs      # fails |    Avg     Min     Max    Med |   req/s  failures/s
--------|----------------------------------------------------------------------------|-------|-------------|-------|-------|-------|-------|--------|-----------
GET      /                                                                                 15     0(0.00%) |    128      10     966     14 |    1.10        0.00
GET      /cart                                                                             69     0(0.00%) |     59       5     969      9 |    4.90        0.00
POST     /cart [add]                                                                       68     0(0.00%) |     57       6    1018     13 |    4.60        0.00
POST     /cart/checkout                                                                    26     0(0.00%) |     19       8      92     12 |    1.80        0.00
GET      /product/[id]                                                                    248     0(0.00%) |     70       5    1037     10 |   16.60        0.00
POST     /setCurrency                                                                      43     0(0.00%) |    132       9     989     15 |    2.00        0.00
--------|----------------------------------------------------------------------------|-------|-------------|-------|-------|-------|-------|--------|-----------
         Aggregated                                                                       469     0(0.00%) |     71       5    1037     11 |   31.00        0.00

Type     Name                                                                          # reqs      # fails |    Avg     Min     Max    Med |   req/s  failures/s
--------|----------------------------------------------------------------------------|-------|-------------|-------|-------|-------|-------|--------|-----------
GET      /                                                                                 18     0(0.00%) |    113      10     966     17 |    1.30        0.00
GET      /cart                                                                             94     0(0.00%) |     46       5     969      8 |    6.20        0.00
POST     /cart [add]                                                                      111     0(0.00%) |     40       6    1018     12 |    6.10        0.00
POST     /cart/checkout                                                                    46     0(0.00%) |     16       7      92     12 |    2.30        0.00
GET      /product/[id]                                                                    345     0(0.00%) |     54       4    1037      9 |   21.50        0.00
POST     /setCurrency                                                                      63     0(0.00%) |     98       9     989     15 |    3.40        0.00
--------|----------------------------------------------------------------------------|-------|-------------|-------|-------|-------|-------|--------|-----------
         Aggregated                                                                       677     0(0.00%) |     53       4    1037     11 |   40.80        0.00

Type     Name                                                                          # reqs      # fails |    Avg     Min     Max    Med |   req/s  failures/s
--------|----------------------------------------------------------------------------|-------|-------------|-------|-------|-------|-------|--------|-----------
GET      /                                                                                 22     0(0.00%) |     94       7     966     13 |    1.30        0.00
GET      /cart                                                                            117     0(0.00%) |     39       5     969      8 |    8.20        0.00
POST     /cart [add]                                                                      156     0(0.00%) |     32       6    1018     11 |    8.60        0.00
POST     /cart/checkout                                                                    62     0(0.00%) |     15       7      92     12 |    3.50        0.00
GET      /product/[id]                                                                    453     0(0.00%) |     43       4    1037      8 |   28.60        0.00
POST     /setCurrency                                                                      90     0(0.00%) |     73       9     989     13 |    5.30        0.00
--------|----------------------------------------------------------------------------|-------|-------------|-------|-------|-------|-------|--------|-----------
         Aggregated                                                                       900     0(0.00%) |     43       4    1037     10 |   55.50        0.00

Type     Name                                                                          # reqs      # fails |    Avg     Min     Max    Med |   req/s  failures/s
--------|----------------------------------------------------------------------------|-------|-------------|-------|-------|-------|-------|--------|-----------
GET      /                                                                                 28     0(0.00%) |     84       7     966     21 |    1.50        0.00
GET      /cart                                                                            154     0(0.00%) |     39       5     969     10 |    9.40        0.00
POST     /cart [add]                                                                      195     0(0.00%) |     37       6    1018     12 |   12.30        0.00
POST     /cart/checkout                                                                    75     0(0.00%) |     18       7      92     12 |    4.80        0.00
GET      /product/[id]                                                                    568     0(0.00%) |     42       4    1037      9 |   35.00        0.00
POST     /setCurrency                                                                     117     0(0.00%) |     71       9     989     15 |    8.00        0.00
--------|----------------------------------------------------------------------------|-------|-------------|-------|-------|-------|-------|--------|-----------
         Aggregated                                                                      1137     0(0.00%) |     43       4    1037     11 |   71.00        0.00

Type     Name                                                                          # reqs      # fails |    Avg     Min     Max    Med |   req/s  failures/s
--------|----------------------------------------------------------------------------|-------|-------------|-------|-------|-------|-------|--------|-----------
GET      /                                                                                 36     0(0.00%) |     75       7     966     23 |    1.90        0.00
GET      /cart                                                                            183     0(0.00%) |     39       5     969     11 |   11.00        0.00
POST     /cart [add]                                                                      238     0(0.00%) |     42       6    1018     13 |   15.50        0.00
POST     /cart/checkout                                                                    91     0(0.00%) |     22       7      93     12 |    5.60        0.00
GET      /product/[id]                                                                    706     0(0.00%) |     40       4    1037     10 |   42.40        0.00
POST     /setCurrency                                                                     134     0(0.00%) |     68       9     989     16 |    9.80        0.00
--------|----------------------------------------------------------------------------|-------|-------------|-------|-------|-------|-------|--------|-----------
         Aggregated                                                                      1388     0(0.00%) |     43       4    1037     12 |   86.20        0.00

Type     Name                                                                          # reqs      # fails |    Avg     Min     Max    Med |   req/s  failures/s
--------|----------------------------------------------------------------------------|-------|-------------|-------|-------|-------|-------|--------|-----------
GET      /                                                                                 43     0(0.00%) |     75       7     966     28 |    2.30        0.00
GET      /cart                                                                            217     0(0.00%) |     42       5     969     14 |   12.50        0.00
POST     /cart [add]                                                                      274     0(0.00%) |     49       6    1018     15 |   17.90        0.00
POST     /cart/checkout                                                                   106     0(0.00%) |     31       7     180     13 |    6.90        0.00
GET      /product/[id]                                                                    841     0(0.00%) |     45       4    1037     12 |   51.30        0.00
POST     /setCurrency                                                                     156     0(0.00%) |     67       9     989     18 |   11.20        0.00
--------|----------------------------------------------------------------------------|-------|-------------|-------|-------|-------|-------|--------|-----------
         Aggregated                                                                      1637     0(0.00%) |     47       4    1037     14 |  102.10        0.00

Type     Name                                                                          # reqs      # fails |    Avg     Min     Max    Med |   req/s  failures/s
--------|----------------------------------------------------------------------------|-------|-------------|-------|-------|-------|-------|--------|-----------
GET      /                                                                                 48     0(0.00%) |     77       7     966     28 |    2.80        0.00
GET      /cart                                                                            244     0(0.00%) |     53       5     969     18 |   14.60        0.00
POST     /cart [add]                                                                      299     0(0.00%) |     56       6    1018     17 |   19.60        0.00
POST     /cart/checkout                                                                   117     0(0.00%) |     37       7     180     14 |    7.80        0.00
GET      /product/[id]                                                                    931     0(0.00%) |     55       4    1037     14 |   57.70        0.00
POST     /setCurrency                                                                     174     0(0.00%) |     70       9     989     22 |   11.70        0.00
--------|----------------------------------------------------------------------------|-------|-------------|-------|-------|-------|-------|--------|-----------
         Aggregated                                                                      1813     0(0.00%) |     56       4    1037     16 |  114.20        0.00

Type     Name                                                                          # reqs      # fails |    Avg     Min     Max    Med |   req/s  failures/s
--------|----------------------------------------------------------------------------|-------|-------------|-------|-------|-------|-------|--------|-----------
GET      /                                                                                 59     0(0.00%) |    105       7     966     32 |    3.10        0.00
GET      /cart                                                                            274     0(0.00%) |     56       5     969     22 |   15.20        0.00
POST     /cart [add]                                                                      340     0(0.00%) |     74       6    1018     28 |   20.30        0.00
POST     /cart/checkout                                                                   130     0(0.00%) |     43       7     190     14 |    7.80        0.00
GET      /product/[id]                                                                   1081     0(0.00%) |     66       4    1037     24 |   60.40        0.00
POST     /setCurrency                                                                     210     0(0.00%) |    108       9     989     35 |   11.70        0.00
--------|----------------------------------------------------------------------------|-------|-------------|-------|-------|-------|-------|--------|-----------
         Aggregated                                                                      2094     0(0.00%) |     70       4    1037     25 |  118.50        0.00

Type     Name                                                                          # reqs      # fails |    Avg     Min     Max    Med |   req/s  failures/s
--------|----------------------------------------------------------------------------|-------|-------------|-------|-------|-------|-------|--------|-----------
GET      /                                                                                 68     0(0.00%) |    136       7     966     50 |    3.40        0.00
GET      /cart                                                                            289     0(0.00%) |     65       5     969     24 |   15.10        0.00
POST     /cart [add]                                                                      376     0(0.00%) |    104       6    1144     43 |   18.10        0.00
POST     /cart/checkout                                                                   144     0(0.00%) |     61       7    1014     22 |    6.50        0.00
GET      /product/[id]                                                                   1174     0(0.00%) |     81       4    1037     32 |   61.80        0.00
POST     /setCurrency                                                                     228     0(0.00%) |    118       9     989     38 |   11.60        0.00
--------|----------------------------------------------------------------------------|-------|-------------|-------|-------|-------|-------|--------|-----------
         Aggregated                                                                      2279     0(0.00%) |     87       4    1144     33 |  116.50        0.00

Type     Name                                                                          # reqs      # fails |    Avg     Min     Max    Med |   req/s  failures/s
--------|----------------------------------------------------------------------------|-------|-------------|-------|-------|-------|-------|--------|-----------
GET      /                                                                                 75     0(0.00%) |    131       7     966     56 |    3.90        0.00
GET      /cart                                                                            324     0(0.00%) |     72       5     969     38 |   14.10        0.00
POST     /cart [add]                                                                      417     0(0.00%) |    112       6    1144     65 |   17.70        0.00
POST     /cart/checkout                                                                   161     0(0.00%) |     69       7    1014     28 |    6.80        0.00
GET      /product/[id]                                                                   1304     0(0.00%) |     89       4    1037     41 |   59.60        0.00
POST     /setCurrency                                                                     256     0(0.00%) |    122       9     989     57 |   11.10        0.00
--------|----------------------------------------------------------------------------|-------|-------------|-------|-------|-------|-------|--------|-----------
         Aggregated                                                                      2537     0(0.00%) |     94       4    1144     46 |  113.20        0.00

Type     Name                                                                          # reqs      # fails |    Avg     Min     Max    Med |   req/s  failures/s
--------|----------------------------------------------------------------------------|-------|-------------|-------|-------|-------|-------|--------|-----------
GET      /                                                                                 75     0(0.00%) |    131       7     966     56 |    4.00        0.00
GET      /cart                                                                            339     0(0.00%) |    104       5    1752     45 |   14.20        0.00
POST     /cart [add]                                                                      429     0(0.00%) |    143       6    1891     67 |   18.20        0.00
POST     /cart/checkout                                                                   162     0(0.00%) |     70       7    1014     28 |    7.00        0.00
GET      /product/[id]                                                                   1344     0(0.00%) |    105       4    1037     47 |   58.90        0.00
POST     /setCurrency                                                                     256     0(0.00%) |    122       9     989     57 |   11.80        0.00
--------|----------------------------------------------------------------------------|-------|-------------|-------|-------|-------|-------|--------|-----------
         Aggregated                                                                      2605     0(0.00%) |    111       4    1891     51 |  114.10        0.00

Type     Name                                                                          # reqs      # fails |    Avg     Min     Max    Med |   req/s  failures/s
--------|----------------------------------------------------------------------------|-------|-------------|-------|-------|-------|-------|--------|-----------
GET      /                                                                                 78     0(0.00%) |    263       7    3672     56 |    3.40        0.00
GET      /cart                                                                            348     0(0.00%) |    138       5    1922     47 |   12.70        0.00
POST     /cart [add]                                                                      440     0(0.00%) |    177       6    1998     73 |   16.60        0.00
POST     /cart/checkout                                                                   169     0(0.00%) |    139       7    2627     53 |    6.00        0.00
GET      /product/[id]                                                                   1395     0(0.00%) |    134       4    1096     52 |   53.50        0.00
POST     /setCurrency                                                                     258     0(0.00%) |    148       9    3578     57 |   10.40        0.00
--------|----------------------------------------------------------------------------|-------|-------------|-------|-------|-------|-------|--------|-----------
         Aggregated                                                                      2688     0(0.00%) |    147       4    3672     55 |  102.60        0.00

Type     Name                                                                          # reqs      # fails |    Avg     Min     Max    Med |   req/s  failures/s
--------|----------------------------------------------------------------------------|-------|-------------|-------|-------|-------|-------|--------|-----------
GET      /                                                                                 79     0(0.00%) |    307       7    3764     56 |    2.80        0.00
GET      /cart                                                                            356     3(0.84%) |    166       5    2335     49 |   10.70        0.00
POST     /cart [add]                                                                      446     0(0.00%) |    198       6    2063     76 |   14.10        0.00
POST     /cart/checkout                                                                   171     0(0.00%) |    158       7    2627     54 |    5.00        0.00
GET      /product/[id]                                                                   1439     0(0.00%) |    160       4    1338     57 |   46.00        0.00
POST     /setCurrency                                                                     265     2(0.75%) |    239       9    4173     64 |    8.30        0.00
--------|----------------------------------------------------------------------------|-------|-------------|-------|-------|-------|-------|--------|-----------
         Aggregated                                                                      2756     5(0.18%) |    178       4    4173     58 |   86.90        0.00

Type     Name                                                                          # reqs      # fails |    Avg     Min     Max    Med |   req/s  failures/s
--------|----------------------------------------------------------------------------|-------|-------------|-------|-------|-------|-------|--------|-----------
GET      /                                                                                100   21(21.00%) |    373       0    4039     50 |    2.40        0.00
GET      /cart                                                                            424   71(16.75%) |    148       0    2335     27 |    8.60        0.00
POST     /cart [add]                                                                      558  112(20.07%) |    172       1    2063     41 |   11.70        0.00
POST     /cart/checkout                                                                   174     3(1.72%) |    177       7    2627     66 |    4.70        0.00
GET      /product/[id]                                                                   1738  299(17.20%) |    140       0    1338     35 |   38.80        0.00
POST     /setCurrency                                                                     329   66(20.06%) |    298       1    4173     45 |    5.80        0.00
--------|----------------------------------------------------------------------------|-------|-------------|-------|-------|-------|-------|--------|-----------
         Aggregated                                                                      3323  572(17.21%) |    171       0    4173     36 |   72.00        0.00

Type     Name                                                                          # reqs      # fails |    Avg     Min     Max    Med |   req/s  failures/s
--------|----------------------------------------------------------------------------|-------|-------------|-------|-------|-------|-------|--------|-----------
GET      /                                                                                112   33(29.46%) |    333       0    4039     29 |    3.10        1.70
GET      /cart                                                                            497  144(28.97%) |    126       0    2335     15 |   11.80        4.80
POST     /cart [add]                                                                      660  214(32.42%) |    146       1    2063     15 |   16.30        7.90
POST     /cart/checkout                                                                   174     3(1.72%) |    177       7    2627     66 |    3.50        0.30
GET      /product/[id]                                                                   2054  615(29.94%) |    119       0    1338     14 |   52.30       21.90
POST     /setCurrency                                                                     376  113(30.05%) |    261       1    4173     27 |    9.60        5.40
--------|----------------------------------------------------------------------------|-------|-------------|-------|-------|-------|-------|--------|-----------
         Aggregated                                                                      3873 1122(28.97%) |    147       0    4173     17 |   96.60       42.00

Type     Name                                                                          # reqs      # fails |    Avg     Min     Max    Med |   req/s  failures/s
--------|----------------------------------------------------------------------------|-------|-------------|-------|-------|-------|-------|--------|-----------
GET      /                                                                                126   47(37.30%) |    297       0    4039     23 |    3.60        3.10
GET      /cart                                                                            568  215(37.85%) |    111       0    2335      9 |   16.30       12.60
POST     /cart [add]                                                                      766  320(41.78%) |    127       1    2063     12 |   23.30       19.40
POST     /cart/checkout                                                                   174     3(1.72%) |    177       7    2627     66 |    1.70        0.30
GET      /product/[id]                                                                   2358  919(38.97%) |    104       0    1338      9 |   69.50       52.40
POST     /setCurrency                                                                     433  170(39.26%) |    228       1    4173     16 |   11.30       10.00
--------|----------------------------------------------------------------------------|-------|-------------|-------|-------|-------|-------|--------|-----------
         Aggregated                                                                      4425 1674(37.83%) |    129       0    4173     12 |  125.70       97.80

Type     Name                                                                          # reqs      # fails |    Avg     Min     Max    Med |   req/s  failures/s
--------|----------------------------------------------------------------------------|-------|-------------|-------|-------|-------|-------|--------|-----------
GET      /                                                                                140   61(43.57%) |    267       0    4039     14 |    4.30        3.90
GET      /cart                                                                            663  310(46.76%) |     96       0    2335      7 |   20.80       19.20
POST     /cart [add]                                                                      874  428(48.97%) |    112       1    2063     10 |   31.20       29.30
POST     /cart/checkout                                                                   174     3(1.72%) |    177       7    2627     66 |    1.20        0.30
GET      /product/[id]                                                                   2628 1189(45.24%) |     94       0    1338      8 |   94.60       84.30
POST     /setCurrency                                                                     483  220(45.55%) |    205       1    4173     13 |   16.10       15.40
--------|----------------------------------------------------------------------------|-------|-------------|-------|-------|-------|-------|--------|-----------
         Aggregated                                                                      4962 2211(44.56%) |    116       0    4173      9 |  168.20      152.40

Type     Name                                                                          # reqs      # fails |    Avg     Min     Max    Med |   req/s  failures/s
--------|----------------------------------------------------------------------------|-------|-------------|-------|-------|-------|-------|--------|-----------
GET      /                                                                                153   74(48.37%) |    245       0    4039     12 |    6.10        5.80
GET      /cart                                                                            737  384(52.10%) |     87       0    2335      6 |   28.70       28.20
POST     /cart [add]                                                                      970  524(54.02%) |    102       1    2063      9 |   40.00       39.40
POST     /cart/checkout                                                                   174     3(1.72%) |    177       7    2627     66 |    0.70        0.30
GET      /product/[id]                                                                   2902 1463(50.41%) |     86       0    1338      7 |  117.50      111.80
POST     /setCurrency                                                                     552  289(52.36%) |    181       1    4173     12 |   21.30       20.70
--------|----------------------------------------------------------------------------|-------|-------------|-------|-------|-------|-------|--------|-----------
         Aggregated                                                                      5488 2737(49.87%) |    106       0    4173      8 |  214.30      206.20

Type     Name                                                                          # reqs      # fails |    Avg     Min     Max    Med |   req/s  failures/s
--------|----------------------------------------------------------------------------|-------|-------------|-------|-------|-------|-------|--------|-----------
GET      /                                                                                164   85(51.83%) |    230       0    4039     12 |    7.00        7.00
GET      /cart                                                                            813  460(56.58%) |     80       0    2335      6 |   36.60       36.30
POST     /cart [add]                                                                     1069  623(58.28%) |     94       1    2063      9 |   49.60       49.50
POST     /cart/checkout                                                                   174     3(1.72%) |    177       7    2627     66 |    0.30        0.30
GET      /product/[id]                                                                   3189 1750(54.88%) |     79       0    1338      6 |  140.70      139.80
POST     /setCurrency                                                                     609  346(56.81%) |    165       1    4173     11 |   27.60       27.40
--------|----------------------------------------------------------------------------|-------|-------------|-------|-------|-------|-------|--------|-----------
         Aggregated                                                                      6018 3267(54.29%) |     97       0    4173      8 |  261.80      260.30

Type     Name                                                                          # reqs      # fails |    Avg     Min     Max    Med |   req/s  failures/s
--------|----------------------------------------------------------------------------|-------|-------------|-------|-------|-------|-------|--------|-----------
GET      /                                                                                182  103(56.59%) |    209       0    4039     12 |    6.50        6.50
GET      /cart                                                                            877  524(59.75%) |     75       0    2335      5 |   39.60       39.60
POST     /cart [add]                                                                     1184  738(62.33%) |     89       1    2063      9 |   51.80       51.80
POST     /cart/checkout                                                                   174     3(1.72%) |    177       7    2627     66 |    0.00        0.00
GET      /product/[id]                                                                   3438 1999(58.14%) |     75       0    1338      6 |  145.50      145.50
POST     /setCurrency                                                                     670  407(60.75%) |    152       1    4173     10 |   26.90       26.90
--------|----------------------------------------------------------------------------|-------|-------------|-------|-------|-------|-------|--------|-----------
         Aggregated                                                                      6525 3774(57.84%) |     92       0    4173      7 |  270.30      270.30

Type     Name                                                                          # reqs      # fails |    Avg     Min     Max    Med |   req/s  failures/s
--------|----------------------------------------------------------------------------|-------|-------------|-------|-------|-------|-------|--------|-----------
GET      /                                                                                193  114(59.07%) |    199       0    4039     12 |    6.80        6.80
GET      /cart                                                                            939  586(62.41%) |     71       0    2335      5 |   37.90       37.90
POST     /cart [add]                                                                     1275  829(65.02%) |     85       1    2063      9 |   50.80       50.80
POST     /cart/checkout                                                                   174     3(1.72%) |    177       7    2627     66 |    0.00        0.00
GET      /product/[id]                                                                   3703 2264(61.14%) |     71       0    1338      6 |  140.90      140.90
POST     /setCurrency                                                                     724  461(63.67%) |    144       1    4173     10 |   28.80       28.80
--------|----------------------------------------------------------------------------|-------|-------------|-------|-------|-------|-------|--------|-----------
         Aggregated                                                                      7008 4257(60.74%) |     87       0    4173      7 |  265.20      265.20

Type     Name                                                                          # reqs      # fails |    Avg     Min     Max    Med |   req/s  failures/s
--------|----------------------------------------------------------------------------|-------|-------------|-------|-------|-------|-------|--------|-----------
GET      /                                                                                200  121(60.50%) |    192       0    4039     12 |    7.10        7.10
GET      /cart                                                                            986  633(64.20%) |     69       0    2335      5 |   38.10       38.10
POST     /cart [add]                                                                     1337  891(66.64%) |     90       1    2063      9 |   52.60       52.60
POST     /cart/checkout                                                                   174     3(1.72%) |    177       7    2627     66 |    0.00        0.00
GET      /product/[id]                                                                   3857 2418(62.69%) |     69       0    1338      6 |  137.50      137.50
POST     /setCurrency                                                                     749  486(64.89%) |    140       1    4173     10 |   29.90       29.90
--------|----------------------------------------------------------------------------|-------|-------------|-------|-------|-------|-------|--------|-----------
         Aggregated                                                                      7303 4552(62.33%) |     86       0    4173      7 |  265.20      265.20

Type     Name                                                                          # reqs      # fails |    Avg     Min     Max    Med |   req/s  failures/s
--------|----------------------------------------------------------------------------|-------|-------------|-------|-------|-------|-------|--------|-----------
GET      /                                                                                201  121(60.20%) |    198       0    4039     12 |    6.30        6.30
GET      /cart                                                                            990  633(63.94%) |     75       0    2335      5 |   35.10       35.10
POST     /cart [add]                                                                     1344  891(66.29%) |     99       1    2353      9 |   49.70       49.70
POST     /cart/checkout                                                                   174     3(1.72%) |    177       7    2627     66 |    0.00        0.00
GET      /product/[id]                                                                   3928 2418(61.56%) |     80       0    1338      6 |  130.00      130.00
POST     /setCurrency                                                                     761  486(63.86%) |    165       1    4173     10 |   27.90       27.90
--------|----------------------------------------------------------------------------|-------|-------------|-------|-------|-------|-------|--------|-----------
         Aggregated                                                                      7398 4552(61.53%) |     97       0    4173      7 |  249.00      249.00

Type     Name                                                                          # reqs      # fails |    Avg     Min     Max    Med |   req/s  failures/s
--------|----------------------------------------------------------------------------|-------|-------------|-------|-------|-------|-------|--------|-----------
GET      /                                                                                209  121(57.89%) |    213       0    4039     12 |    5.20        5.10
GET      /cart                                                                           1028  633(61.58%) |    107       0    2768      6 |   27.40       27.00
POST     /cart [add]                                                                     1380  891(64.57%) |    127       1    2795      9 |   40.20       39.60
POST     /cart/checkout                                                                   190     3(1.58%) |    194       7    2627     82 |    0.00        0.00
GET      /product/[id]                                                                   4026 2418(60.06%) |     87       0    1338      6 |  108.90      102.00
POST     /setCurrency                                                                     790  486(61.52%) |    193       1    4173     11 |   22.40       21.20
--------|----------------------------------------------------------------------------|-------|-------------|-------|-------|-------|-------|--------|-----------
         Aggregated                                                                      7623 4552(59.71%) |    114       0    4173      8 |  204.10      194.90

Type     Name                                                                          # reqs      # fails |    Avg     Min     Max    Med |   req/s  failures/s
--------|----------------------------------------------------------------------------|-------|-------------|-------|-------|-------|-------|--------|-----------
GET      /                                                                                220  121(55.00%) |    214       0    4039     14 |    4.30        3.90
GET      /cart                                                                           1070  633(59.16%) |    111       0    2768      6 |   21.40       18.90
POST     /cart [add]                                                                     1429  891(62.35%) |    132       1    2795     10 |   32.20       29.40
POST     /cart/checkout                                                                   205     3(1.46%) |    191       7    2627     89 |    0.90        0.00
GET      /product/[id]                                                                   4184 2418(57.79%) |     89       0    1338      7 |   88.10       74.40
POST     /setCurrency                                                                     822  486(59.12%) |    193       1    4173     12 |   19.20       16.30
--------|----------------------------------------------------------------------------|-------|-------------|-------|-------|-------|-------|--------|-----------
         Aggregated                                                                      7930 4552(57.40%) |    117       0    4173      9 |  166.10      142.90

Type     Name                                                                          # reqs      # fails |    Avg     Min     Max    Med |   req/s  failures/s
--------|----------------------------------------------------------------------------|-------|-------------|-------|-------|-------|-------|--------|-----------
GET      /                                                                                232  121(52.16%) |    211       0    4039     15 |    4.00        2.20
GET      /cart                                                                           1107  633(57.18%) |    114       0    2768      7 |   19.30       12.80
POST     /cart [add]                                                                     1491  891(59.76%) |    136       1    2795     10 |   26.70       18.90
POST     /cart/checkout                                                                   221     3(1.36%) |    190       7    2627     93 |    2.80        0.00
GET      /product/[id]                                                                   4338 2418(55.74%) |     92       0    1338      8 |   76.00       48.50
POST     /setCurrency                                                                     851  486(57.11%) |    192       1    4173     13 |   16.20        9.80
--------|----------------------------------------------------------------------------|-------|-------------|-------|-------|-------|-------|--------|-----------
         Aggregated                                                                      8240 4552(55.24%) |    119       0    4173     10 |  145.00       92.20

Type     Name                                                                          # reqs      # fails |    Avg     Min     Max    Med |   req/s  failures/s
--------|----------------------------------------------------------------------------|-------|-------------|-------|-------|-------|-------|--------|-----------
GET      /                                                                                237  121(51.05%) |    209       0    4039     18 |    3.90        1.10
GET      /cart                                                                           1145  633(55.28%) |    118       0    2768      7 |   16.80        6.60
POST     /cart [add]                                                                     1541  891(57.82%) |    140       1    2795     12 |   21.90        8.40
POST     /cart/checkout                                                                   243     3(1.23%) |    198       7    2627     97 |    4.00        0.00
GET      /product/[id]                                                                   4480 2418(53.97%) |     97       0    1338      8 |   65.90       22.20
POST     /setCurrency                                                                     873  486(55.67%) |    190       1    4173     13 |   13.50        3.80
--------|----------------------------------------------------------------------------|-------|-------------|-------|-------|-------|-------|--------|-----------
         Aggregated                                                                      8519 4552(53.43%) |    123       0    4173     11 |  126.00       42.10

Type     Name                                                                          # reqs      # fails |    Avg     Min     Max    Med |   req/s  failures/s
--------|----------------------------------------------------------------------------|-------|-------------|-------|-------|-------|-------|--------|-----------
GET      /                                                                                247  121(48.99%) |    205       0    4039     23 |    3.60        0.00
GET      /cart                                                                           1189  633(53.24%) |    120       0    2768      8 |   14.50        0.00
POST     /cart [add]                                                                     1598  891(55.76%) |    143       1    2795     13 |   18.60        0.00
POST     /cart/checkout                                                                   263     3(1.14%) |    198       7    2627    100 |    5.90        0.00
GET      /product/[id]                                                                   4632 2418(52.20%) |     99       0    1338     10 |   58.40        0.00
POST     /setCurrency                                                                     914  486(53.17%) |    187       1    4173     15 |   11.80        0.00
--------|----------------------------------------------------------------------------|-------|-------------|-------|-------|-------|-------|--------|-----------
         Aggregated                                                                      8843 4552(51.48%) |    125       0    4173     12 |  112.80        0.00

Type     Name                                                                          # reqs      # fails |    Avg     Min     Max    Med |   req/s  failures/s
--------|----------------------------------------------------------------------------|-------|-------------|-------|-------|-------|-------|--------|-----------
GET      /                                                                                261  121(46.36%) |    200       0    4039     27 |    4.30        0.00
GET      /cart                                                                           1230  633(51.46%) |    122       0    2768     10 |   18.60        0.00
POST     /cart [add]                                                                     1647  891(54.10%) |    144       1    2795     14 |   24.10        0.00
POST     /cart/checkout                                                                   277     3(1.08%) |    196       7    2627    100 |    8.30        0.00
GET      /product/[id]                                                                   4808 2418(50.29%) |    102       0    1338     11 |   65.90        0.00
POST     /setCurrency                                                                     948  486(51.27%) |    185       1    4173     17 |   13.90        0.00
--------|----------------------------------------------------------------------------|-------|-------------|-------|-------|-------|-------|--------|-----------
         Aggregated                                                                      9171 4552(49.63%) |    126       0    4173     14 |  135.10        0.00

Type     Name                                                                          # reqs      # fails |    Avg     Min     Max    Med |   req/s  failures/s
--------|----------------------------------------------------------------------------|-------|-------------|-------|-------|-------|-------|--------|-----------
GET      /                                                                                274  121(44.16%) |    194       0    4039     28 |    5.00        0.00
GET      /cart                                                                           1270  633(49.84%) |    124       0    2768     13 |   21.10        0.00
POST     /cart [add]                                                                     1706  891(52.23%) |    146       1    2795     17 |   26.60        0.00
POST     /cart/checkout                                                                   302     3(0.99%) |    194       7    2627    100 |    8.50        0.00
GET      /product/[id]                                                                   4969 2418(48.66%) |    104       0    1338     14 |   75.30        0.00
POST     /setCurrency                                                                     976  486(49.80%) |    183       1    4173     19 |   16.10        0.00
--------|----------------------------------------------------------------------------|-------|-------------|-------|-------|-------|-------|--------|-----------
         Aggregated                                                                      9497 4552(47.93%) |    128       0    4173     17 |  152.60        0.00

Type     Name                                                                          # reqs      # fails |    Avg     Min     Max    Med |   req/s  failures/s
--------|----------------------------------------------------------------------------|-------|-------------|-------|-------|-------|-------|--------|-----------
GET      /                                                                                287  121(42.16%) |    189       0    4039     32 |    5.00        0.00
GET      /cart                                                                           1314  633(48.17%) |    124       0    2768     15 |   21.10        0.00
POST     /cart [add]                                                                     1766  891(50.45%) |    147       1    2795     22 |   27.50        0.00
POST     /cart/checkout                                                                   328     3(0.91%) |    192       7    2627    100 |    9.10        0.00
GET      /product/[id]                                                                   5151 2418(46.94%) |    106       0    1338     19 |   78.60        0.00
POST     /setCurrency                                                                    1015  486(47.88%) |    180       1    4173     23 |   15.50        0.00
--------|----------------------------------------------------------------------------|-------|-------------|-------|-------|-------|-------|--------|-----------
         Aggregated                                                                      9861 4552(46.16%) |    129       0    4173     23 |  156.80        0.00

Type     Name                                                                          # reqs      # fails |    Avg     Min     Max    Med |   req/s  failures/s
--------|----------------------------------------------------------------------------|-------|-------------|-------|-------|-------|-------|--------|-----------
GET      /                                                                                300  121(40.33%) |    187       0    4039     37 |    5.40        0.00
GET      /cart                                                                           1347  633(46.99%) |    126       0    2768     17 |   21.90        0.00
POST     /cart [add]                                                                     1823  891(48.88%) |    151       1    2795     27 |   27.40        0.00
POST     /cart/checkout                                                                   351     3(0.85%) |    195       7    2627    110 |   10.20        0.00
GET      /product/[id]                                                                   5293 2418(45.68%) |    109       0    1338     24 |   80.30        0.00
POST     /setCurrency                                                                    1038  486(46.82%) |    179       1    4173     26 |   15.10        0.00
--------|----------------------------------------------------------------------------|-------|-------------|-------|-------|-------|-------|--------|-----------
         Aggregated                                                                     10152 4552(44.84%) |    131       0    4173     28 |  160.30        0.00

Type     Name                                                                          # reqs      # fails |    Avg     Min     Max    Med |   req/s  failures/s
--------|----------------------------------------------------------------------------|-------|-------------|-------|-------|-------|-------|--------|-----------
GET      /                                                                                314  121(38.54%) |    186       0    4039     38 |    5.90        0.00
GET      /cart                                                                           1382  633(45.80%) |    128       0    2768     21 |   20.70        0.00
POST     /cart [add]                                                                     1887  891(47.22%) |    154       1    2795     38 |   28.60        0.00
POST     /cart/checkout                                                                   369     3(0.81%) |    195       7    2627    110 |   11.00        0.00
GET      /product/[id]                                                                   5446 2418(44.40%) |    112       0    1338     30 |   80.00        0.00
POST     /setCurrency                                                                    1065  486(45.63%) |    178       1    4173     29 |   16.30        0.00
--------|----------------------------------------------------------------------------|-------|-------------|-------|-------|-------|-------|--------|-----------
         Aggregated                                                                     10463 4552(43.51%) |    134       0    4173     35 |  162.50        0.00

Type     Name                                                                          # reqs      # fails |    Avg     Min     Max    Med |   req/s  failures/s
--------|----------------------------------------------------------------------------|-------|-------------|-------|-------|-------|-------|--------|-----------
GET      /                                                                                319  121(37.93%) |    186       0    4039     43 |    6.60        0.00
GET      /cart                                                                           1436  633(44.08%) |    129       0    2768     29 |   19.10        0.00
POST     /cart [add]                                                                     1936  891(46.02%) |    155       1    2795     47 |   27.40        0.00
POST     /cart/checkout                                                                   388     3(0.77%) |    194       7    2627    120 |   10.50        0.00
GET      /product/[id]                                                                   5602 2418(43.16%) |    114       0    1338     36 |   81.40        0.00
POST     /setCurrency                                                                    1095  486(44.38%) |    177       1    4173     33 |   15.60        0.00
--------|----------------------------------------------------------------------------|-------|-------------|-------|-------|-------|-------|--------|-----------
         Aggregated                                                                     10776 4552(42.24%) |    135       0    4173     41 |  160.60        0.00

Type     Name                                                                          # reqs      # fails |    Avg     Min     Max    Med |   req/s  failures/s
--------|----------------------------------------------------------------------------|-------|-------------|-------|-------|-------|-------|--------|-----------
GET      /                                                                                331  121(36.56%) |    183       0    4039     48 |    6.10        0.00
GET      /cart                                                                           1470  633(43.06%) |    130       0    2768     35 |   19.90        0.00
POST     /cart [add]                                                                     1991  891(44.75%) |    157       1    2795     60 |   29.20        0.00
POST     /cart/checkout                                                                   408     3(0.74%) |    193       7    2627    130 |   11.70        0.00
GET      /product/[id]                                                                   5771 2418(41.90%) |    117       0    1338     44 |   81.20        0.00
POST     /setCurrency                                                                    1127  486(43.12%) |    175       1    4173     37 |   14.50        0.00
--------|----------------------------------------------------------------------------|-------|-------------|-------|-------|-------|-------|--------|-----------
         Aggregated                                                                     11098 4552(41.02%) |    136       0    4173     49 |  162.60        0.00

Type     Name                                                                          # reqs      # fails |    Avg     Min     Max    Med |   req/s  failures/s
--------|----------------------------------------------------------------------------|-------|-------------|-------|-------|-------|-------|--------|-----------
GET      /                                                                                346  121(34.97%) |    181       0    4039     51 |    6.00        0.00
GET      /cart                                                                           1504  633(42.09%) |    131       0    2768     41 |   19.30        0.00
POST     /cart [add]                                                                     2051  891(43.44%) |    158       1    2795     71 |   28.20        0.00
POST     /cart/checkout                                                                   426     3(0.70%) |    192       7    2627    130 |   10.60        0.00
GET      /product/[id]                                                                   5943 2418(40.69%) |    118       0    1338     52 |   79.60        0.00
POST     /setCurrency                                                                    1168  486(41.61%) |    173       1    4173     42 |   14.80        0.00
--------|----------------------------------------------------------------------------|-------|-------------|-------|-------|-------|-------|--------|-----------
         Aggregated                                                                     11438 4552(39.80%) |    137       0    4173     57 |  158.50        0.00

Type     Name                                                                          # reqs      # fails |    Avg     Min     Max    Med |   req/s  failures/s
--------|----------------------------------------------------------------------------|-------|-------------|-------|-------|-------|-------|--------|-----------
GET      /                                                                                352  121(34.38%) |    179       0    4039     51 |    6.00        0.00
GET      /cart                                                                           1550  633(40.84%) |    131       0    2768     47 |   18.60        0.00
POST     /cart [add]                                                                     2101  891(42.41%) |    158       1    2795     80 |   28.10        0.00
POST     /cart/checkout                                                                   439     3(0.68%) |    191       7    2627    140 |   10.50        0.00
GET      /product/[id]                                                                   6118 2418(39.52%) |    119       0    1338     61 |   79.20        0.00
POST     /setCurrency                                                                    1204  486(40.37%) |    171       1    4173     45 |   16.20        0.00
--------|----------------------------------------------------------------------------|-------|-------------|-------|-------|-------|-------|--------|-----------
         Aggregated                                                                     11764 4552(38.69%) |    137       0    4173     64 |  158.60        0.00

Type     Name                                                                          # reqs      # fails |    Avg     Min     Max    Med |   req/s  failures/s
--------|----------------------------------------------------------------------------|-------|-------------|-------|-------|-------|-------|--------|-----------
GET      /                                                                                360  121(33.61%) |    177       0    4039     51 |    5.50        0.00
GET      /cart                                                                           1590  633(39.81%) |    134       0    2768     52 |   19.90        0.00
POST     /cart [add]                                                                     2146  891(41.52%) |    159       1    2795     92 |   28.00        0.00
POST     /cart/checkout                                                                   456     3(0.66%) |    192       7    2627    170 |    9.10        0.00
GET      /product/[id]                                                                   6279 2418(38.51%) |    122       0    1338     70 |   82.70        0.00
POST     /setCurrency                                                                    1230  486(39.51%) |    169       1    4173     46 |   16.00        0.00
--------|----------------------------------------------------------------------------|-------|-------------|-------|-------|-------|-------|--------|-----------
         Aggregated                                                                     12061 4552(37.74%) |    139       0    4173     71 |  161.20        0.00

Type     Name                                                                          # reqs      # fails |    Avg     Min     Max    Med |   req/s  failures/s
--------|----------------------------------------------------------------------------|-------|-------------|-------|-------|-------|-------|--------|-----------
GET      /                                                                                372  121(32.53%) |    174       0    4039     53 |    5.00        0.00
GET      /cart                                                                           1630  633(38.83%) |    135       0    2768     55 |   21.70        0.00
POST     /cart [add]                                                                     2198  891(40.54%) |    161       1    2795    100 |   27.20        0.00
POST     /cart/checkout                                                                   478     3(0.63%) |    193       7    2627    180 |    8.70        0.00
GET      /product/[id]                                                                   6436 2418(37.57%) |    124       0    1338     79 |   82.40        0.00
POST     /setCurrency                                                                    1265  486(38.42%) |    166       1    4173     47 |   16.20        0.00
--------|----------------------------------------------------------------------------|-------|-------------|-------|-------|-------|-------|--------|-----------
         Aggregated                                                                     12379 4552(36.77%) |    140       0    4173     78 |  161.20        0.00

Type     Name                                                                          # reqs      # fails |    Avg     Min     Max    Med |   req/s  failures/s
--------|----------------------------------------------------------------------------|-------|-------------|-------|-------|-------|-------|--------|-----------
GET      /                                                                                379  121(31.93%) |    172       0    4039     53 |    5.40        0.00
GET      /cart                                                                           1663  633(38.06%) |    139       0    2768     61 |   19.60        0.00
POST     /cart [add]                                                                     2245  891(39.69%) |    164       1    2795    110 |   26.00        0.00
POST     /cart/checkout                                                                   497     3(0.60%) |    197       7    2627    180 |    8.50        0.00
GET      /product/[id]                                                                   6565 2418(36.83%) |    127       0    1338     88 |   83.10        0.00
POST     /setCurrency                                                                    1286  486(37.79%) |    165       1    4173     48 |   17.30        0.00
--------|----------------------------------------------------------------------------|-------|-------------|-------|-------|-------|-------|--------|-----------
         Aggregated                                                                     12635 4552(36.03%) |    143       0    4173     85 |  159.90        0.00

Type     Name                                                                          # reqs      # fails |    Avg     Min     Max    Med |   req/s  failures/s
--------|----------------------------------------------------------------------------|-------|-------------|-------|-------|-------|-------|--------|-----------
GET      /                                                                                391  121(30.95%) |    170       0    4039     56 |    4.80        0.00
GET      /cart                                                                           1709  633(37.04%) |    142       0    2768     67 |   20.00        0.00
POST     /cart [add]                                                                     2290  891(38.91%) |    166       1    2795    110 |   25.70        0.00
POST     /cart/checkout                                                                   511     3(0.59%) |    199       7    2627    180 |    8.70        0.00
GET      /product/[id]                                                                   6698 2418(36.10%) |    130       0    1338     94 |   81.10        0.00
POST     /setCurrency                                                                    1309  486(37.13%) |    164       1    4173     49 |   16.80        0.00
--------|----------------------------------------------------------------------------|-------|-------------|-------|-------|-------|-------|--------|-----------
         Aggregated                                                                     12908 4552(35.26%) |    145       0    4173     91 |  157.10        0.00

Type     Name                                                                          # reqs      # fails |    Avg     Min     Max    Med |   req/s  failures/s
--------|----------------------------------------------------------------------------|-------|-------------|-------|-------|-------|-------|--------|-----------
GET      /                                                                                394  121(30.71%) |    169       0    4039     56 |    4.50        0.00
GET      /cart                                                                           1741  633(36.36%) |    144       0    2768     74 |   20.30        0.00
POST     /cart [add]                                                                     2340  891(38.08%) |    169       1    2795    110 |   24.50        0.00
POST     /cart/checkout                                                                   525     3(0.57%) |    201       7    2627    180 |    8.40        0.00
GET      /product/[id]                                                                   6854 2418(35.28%) |    133       0    1338     99 |   76.90        0.00
POST     /setCurrency                                                                    1334  486(36.43%) |    162       1    4173     49 |   14.50        0.00
--------|----------------------------------------------------------------------------|-------|-------------|-------|-------|-------|-------|--------|-----------
         Aggregated                                                                     13188 4552(34.52%) |    148       0    4173     95 |  149.10        0.00

Type     Name                                                                          # reqs      # fails |    Avg     Min     Max    Med |   req/s  failures/s
--------|----------------------------------------------------------------------------|-------|-------------|-------|-------|-------|-------|--------|-----------
GET      /                                                                                407  121(29.73%) |    166       0    4039     56 |    4.10        0.00
GET      /cart                                                                           1788  633(35.40%) |    145       0    2768     84 |   19.30        0.00
POST     /cart [add]                                                                     2392  891(37.25%) |    170       1    2795    120 |   23.50        0.00
POST     /cart/checkout                                                                   541     3(0.55%) |    201       7    2627    180 |    8.80        0.00
GET      /product/[id]                                                                   7005 2418(34.52%) |    135       0    1338    100 |   73.30        0.00
POST     /setCurrency                                                                    1356  486(35.84%) |    161       1    4173     51 |   13.50        0.00
--------|----------------------------------------------------------------------------|-------|-------------|-------|-------|-------|-------|--------|-----------
         Aggregated                                                                     13489 4552(33.75%) |    149       0    4173     99 |  142.50        0.00

Type     Name                                                                          # reqs      # fails |    Avg     Min     Max    Med |   req/s  failures/s
--------|----------------------------------------------------------------------------|-------|-------------|-------|-------|-------|-------|--------|-----------
GET      /                                                                                416  121(29.09%) |    165       0    4039     56 |    4.40        0.00
GET      /cart                                                                           1833  633(34.53%) |    147       0    2768     92 |   19.00        0.00
POST     /cart [add]                                                                     2434  891(36.61%) |    171       1    2795    120 |   24.50        0.00
POST     /cart/checkout                                                                   560     3(0.54%) |    202       7    2627    190 |    8.50        0.00
GET      /product/[id]                                                                   7152 2418(33.81%) |    137       0    1338    110 |   74.10        0.00
POST     /setCurrency                                                                    1386  486(35.06%) |    160       1    4173     53 |   13.30        0.00
--------|----------------------------------------------------------------------------|-------|-------------|-------|-------|-------|-------|--------|-----------
         Aggregated                                                                     13781 4552(33.03%) |    150       0    4173    100 |  143.80        0.00

Type     Name                                                                          # reqs      # fails |    Avg     Min     Max    Med |   req/s  failures/s
--------|----------------------------------------------------------------------------|-------|-------------|-------|-------|-------|-------|--------|-----------
GET      /                                                                                427  121(28.34%) |    164       0    4039     61 |    4.30        0.00
GET      /cart                                                                           1856  633(34.11%) |    148       0    2768     95 |   20.80        0.00
POST     /cart [add]                                                                     2488  891(35.81%) |    173       1    2795    130 |   23.80        0.00
POST     /cart/checkout                                                                   584     3(0.51%) |    205       7    2627    190 |    8.30        0.00
GET      /product/[id]                                                                   7297 2418(33.14%) |    139       0    1338    110 |   71.80        0.00
POST     /setCurrency                                                                    1419  486(34.25%) |    159       1    4173     54 |   11.70        0.00
--------|----------------------------------------------------------------------------|-------|-------------|-------|-------|-------|-------|--------|-----------
         Aggregated                                                                     14071 4552(32.35%) |    152       0    4173    110 |  140.70        0.00

Type     Name                                                                          # reqs      # fails |    Avg     Min     Max    Med |   req/s  failures/s
--------|----------------------------------------------------------------------------|-------|-------------|-------|-------|-------|-------|--------|-----------
GET      /                                                                                436  121(27.75%) |    163       0    4039     58 |    4.60        0.00
GET      /cart                                                                           1900  633(33.32%) |    149       0    2768    100 |   19.20        0.00
POST     /cart [add]                                                                     2544  891(35.02%) |    174       1    2795    130 |   24.30        0.00
POST     /cart/checkout                                                                   609     3(0.49%) |    204       7    2627    190 |    9.10        0.00
GET      /product/[id]                                                                   7447 2418(32.47%) |    140       0    1338    120 |   71.80        0.00
POST     /setCurrency                                                                    1453  486(33.45%) |    158       1    4173     55 |   12.70        0.00
--------|----------------------------------------------------------------------------|-------|-------------|-------|-------|-------|-------|--------|-----------
         Aggregated                                                                     14389 4552(31.64%) |    153       0    4173    110 |  141.70        0.00

Type     Name                                                                          # reqs      # fails |    Avg     Min     Max    Med |   req/s  failures/s
--------|----------------------------------------------------------------------------|-------|-------------|-------|-------|-------|-------|--------|-----------
GET      /                                                                                451  121(26.83%) |    160       0    4039     64 |    4.70        0.00
GET      /cart                                                                           1940  633(32.63%) |    151       0    2768    110 |   18.90        0.00
POST     /cart [add]                                                                     2595  891(34.34%) |    176       1    2795    140 |   25.40        0.00
POST     /cart/checkout                                                                   623     3(0.48%) |    205       7    2627    190 |    9.40        0.00
GET      /product/[id]                                                                   7584 2418(31.88%) |    142       0    1338    120 |   75.40        0.00
POST     /setCurrency                                                                    1481  486(32.82%) |    157       1    4173     57 |   13.80        0.00
--------|----------------------------------------------------------------------------|-------|-------------|-------|-------|-------|-------|--------|-----------
         Aggregated                                                                     14674 4552(31.02%) |    154       0    4173    110 |  147.60        0.00

Type     Name                                                                          # reqs      # fails |    Avg     Min     Max    Med |   req/s  failures/s
--------|----------------------------------------------------------------------------|-------|-------------|-------|-------|-------|-------|--------|-----------
GET      /                                                                                457  121(26.48%) |    159       0    4039     63 |    5.40        0.00
GET      /cart                                                                           1984  633(31.91%) |    151       0    2768    110 |   19.70        0.00
POST     /cart [add]                                                                     2669  891(33.38%) |    176       1    2795    140 |   25.80        0.00
POST     /cart/checkout                                                                   636     3(0.47%) |    205       7    2627    190 |    9.80        0.00
GET      /product/[id]                                                                   7761 2418(31.16%) |    143       0    1338    120 |   74.00        0.00
POST     /setCurrency                                                                    1509  486(32.21%) |    155       1    4173     57 |   15.10        0.00
--------|----------------------------------------------------------------------------|-------|-------------|-------|-------|-------|-------|--------|-----------
         Aggregated                                                                     15016 4552(30.31%) |    154       0    4173    110 |  149.80        0.00

Type     Name                                                                          # reqs      # fails |    Avg     Min     Max    Med |   req/s  failures/s
--------|----------------------------------------------------------------------------|-------|-------------|-------|-------|-------|-------|--------|-----------
GET      /                                                                                469  121(25.80%) |    157       0    4039     65 |    5.10        0.00
GET      /cart                                                                           2021  633(31.32%) |    151       0    2768    110 |   19.60        0.00
POST     /cart [add]                                                                     2737  891(32.55%) |    176       1    2795    140 |   27.20        0.00
POST     /cart/checkout                                                                   664     3(0.45%) |    202       7    2627    190 |    9.90        0.00
GET      /product/[id]                                                                   7925 2418(30.51%) |    143       0    1338    120 |   74.30        0.00
POST     /setCurrency                                                                    1546  486(31.44%) |    155       1    4173     58 |   15.10        0.00
--------|----------------------------------------------------------------------------|-------|-------------|-------|-------|-------|-------|--------|-----------
         Aggregated                                                                     15362 4552(29.63%) |    154       0    4173    120 |  151.20        0.00

Type     Name                                                                          # reqs      # fails |    Avg     Min     Max    Med |   req/s  failures/s
--------|----------------------------------------------------------------------------|-------|-------------|-------|-------|-------|-------|--------|-----------
GET      /                                                                                475  121(25.47%) |    157       0    4039     65 |    4.80        0.00
GET      /cart                                                                           2073  633(30.54%) |    151       0    2768    120 |   18.60        0.00
POST     /cart [add]                                                                     2781  891(32.04%) |    176       1    2795    140 |   30.50        0.00
POST     /cart/checkout                                                                   683     3(0.44%) |    202       7    2627    190 |   10.40        0.00
GET      /product/[id]                                                                   8097 2418(29.86%) |    144       0    1338    130 |   75.60        0.00
POST     /setCurrency                                                                    1583  486(30.70%) |    154       1    4173     60 |   16.30        0.00
--------|----------------------------------------------------------------------------|-------|-------------|-------|-------|-------|-------|--------|-----------
         Aggregated                                                                     15692 4552(29.01%) |    154       0    4173    120 |  156.20        0.00

Type     Name                                                                          # reqs      # fails |    Avg     Min     Max    Med |   req/s  failures/s
--------|----------------------------------------------------------------------------|-------|-------------|-------|-------|-------|-------|--------|-----------
GET      /                                                                                485  121(24.95%) |    155       0    4039     67 |    5.10        0.00
GET      /cart                                                                           2124  633(29.80%) |    151       0    2768    120 |   21.30        0.00
POST     /cart [add]                                                                     2832  891(31.46%) |    176       1    2795    140 |   29.70        0.00
POST     /cart/checkout                                                                   701     3(0.43%) |    200       7    2627    190 |   10.20        0.00
GET      /product/[id]                                                                   8280 2418(29.20%) |    144       0    1338    130 |   79.20        0.00
POST     /setCurrency                                                                    1620  486(30.00%) |    152       1    4173     60 |   15.90        0.00
--------|----------------------------------------------------------------------------|-------|-------------|-------|-------|-------|-------|--------|-----------
         Aggregated                                                                     16042 4552(28.38%) |    154       0    4173    120 |  161.40        0.00

Type     Name                                                                          # reqs      # fails |    Avg     Min     Max    Med |   req/s  failures/s
--------|----------------------------------------------------------------------------|-------|-------------|-------|-------|-------|-------|--------|-----------
GET      /                                                                                495  121(24.44%) |    155       0    4039     68 |    4.70        0.00
GET      /cart                                                                           2157  633(29.35%) |    151       0    2768    120 |   22.40        0.00
POST     /cart [add]                                                                     2883  891(30.91%) |    177       1    2795    150 |   29.20        0.00
POST     /cart/checkout                                                                   721     3(0.42%) |    199       7    2627    190 |    9.90        0.00
GET      /product/[id]                                                                   8452 2418(28.61%) |    144       0    1338    130 |   80.50        0.00
POST     /setCurrency                                                                    1656  486(29.35%) |    151       1    4173     62 |   17.20        0.00
--------|----------------------------------------------------------------------------|-------|-------------|-------|-------|-------|-------|--------|-----------
         Aggregated                                                                     16364 4552(27.82%) |    154       0    4173    120 |  163.90        0.00

Type     Name                                                                          # reqs      # fails |    Avg     Min     Max    Med |   req/s  failures/s
--------|----------------------------------------------------------------------------|-------|-------------|-------|-------|-------|-------|--------|-----------
GET      /                                                                                510  121(23.73%) |    154       0    4039     70 |    4.70        0.00
GET      /cart                                                                           2194  633(28.85%) |    151       0    2768    120 |   21.90        0.00
POST     /cart [add]                                                                     2945  891(30.25%) |    177       1    2795    150 |   28.30        0.00
POST     /cart/checkout                                                                   743     3(0.40%) |    198       7    2627    190 |    9.20        0.00
GET      /product/[id]                                                                   8625 2418(28.03%) |    145       0    1338    130 |   85.30        0.00
POST     /setCurrency                                                                    1694  486(28.69%) |    151       1    4173     63 |   16.90        0.00
--------|----------------------------------------------------------------------------|-------|-------------|-------|-------|-------|-------|--------|-----------
         Aggregated                                                                     16711 4552(27.24%) |    154       0    4173    120 |  166.30        0.00

Type     Name                                                                          # reqs      # fails |    Avg     Min     Max    Med |   req/s  failures/s
--------|----------------------------------------------------------------------------|-------|-------------|-------|-------|-------|-------|--------|-----------
GET      /                                                                                519  121(23.31%) |    152       0    4039     69 |    5.20        0.00
GET      /cart                                                                           2235  633(28.32%) |    153       0    2768    120 |   21.60        0.00
POST     /cart [add]                                                                     2997  891(29.73%) |    178       1    2795    150 |   28.20        0.00
POST     /cart/checkout                                                                   764     3(0.39%) |    199       7    2627    190 |   10.10        0.00
GET      /product/[id]                                                                   8779 2418(27.54%) |    146       0    1338    130 |   86.50        0.00
POST     /setCurrency                                                                    1714  486(28.35%) |    151       1    4173     63 |   17.90        0.00
--------|----------------------------------------------------------------------------|-------|-------------|-------|-------|-------|-------|--------|-----------
         Aggregated                                                                     17008 4552(26.76%) |    155       0    4173    130 |  169.50        0.00

Type     Name                                                                          # reqs      # fails |    Avg     Min     Max    Med |   req/s  failures/s
--------|----------------------------------------------------------------------------|-------|-------------|-------|-------|-------|-------|--------|-----------
GET      /                                                                                527  121(22.96%) |    151       0    4039     70 |    4.40        1.01
GET      /cart                                                                           2275  633(27.82%) |    153       0    2768    130 |   18.98        5.28
POST     /cart [add]                                                                     3046  891(29.25%) |    178       1    2795    150 |   25.41        7.43
POST     /cart/checkout                                                                   784     3(0.38%) |    198       7    2627    190 |    6.54        0.03
GET      /product/[id]                                                                   8926 2418(27.09%) |    147       0    1338    130 |   74.46       20.17
POST     /setCurrency                                                                    1737  486(27.98%) |    150       1    4173     64 |   14.49        4.05
--------|----------------------------------------------------------------------------|-------|-------------|-------|-------|-------|-------|--------|-----------
         Aggregated                                                                     17295 4552(26.32%) |    156       0    4173    130 |  144.28       37.97

Response time percentiles (approximated)
Type     Name                                                                                  50%    66%    75%    80%    90%    95%    98%    99%  99.9% 99.99%   100% # reqs
--------|--------------------------------------------------------------------------------|--------|------|------|------|------|------|------|------|------|------|------|------
GET      /                                                                                      70    110    140    160    240    450    970   3400   4000   4000   4000    527
GET      /cart                                                                                 130    170    210    230    290    350    790   1500   2300   2800   2800   2275
POST     /cart [add]                                                                           150    200    240    260    320    390   1000   1500   2400   2800   2800   3046
POST     /cart/checkout                                                                        190    200    210    280    300    310    790   1500   2600   2600   2600    784
GET      /product/[id]                                                                         130    180    210    230    290    350    730    880   1200   1300   1300   8926
POST     /setCurrency                                                                           64    110    140    160    230    390   1600   2000   4000   4200   4200   1737
--------|--------------------------------------------------------------------------------|--------|------|------|------|------|------|------|------|------|------|------|------
         Aggregated                                                                            130    180    210    230    290    360    810   1100   3200   4000   4200  17295

Error report
# occurrences      Error                                                                                               
------------------|---------------------------------------------------------------------------------------------------------------------------------------------
633                GET /cart: HTTPError('500 Server Error: Internal Server Error for url: /cart')                      
486                POST /setCurrency: HTTPError('500 Server Error: Internal Server Error for url: /setCurrency')       
2418               GET /product/[id]: HTTPError('500 Server Error: Internal Server Error for url: /product/[id]')      
359                POST /cart [add]: add falhou (500), skip checkout                                                   
532                POST /cart [add]: HTTPError('500 Server Error: Internal Server Error for url: /cart [add]')         
121                GET /: HTTPError('500 Server Error: Internal Server Error for url: /')                              
3                  POST /cart/checkout: HTTPError('500 Server Error: Internal Server Error for url: /cart/checkout')   
------------------|---------------------------------------------------------------------------------------------------------------------------------------------

