timestamp,load_label,pod,cpu_m,ram_mi
10:17:11,idle,adservice-574bff445c-grt9z,1,245
10:17:11,idle,adservice-574bff445c-h47zv,1,245
10:17:11,idle,adservice-574bff445c-wppcl,2,280
10:17:11,idle,cartservice-7c84fdfb6-hsn24,2,149
10:17:11,idle,cartservice-7c84fdfb6-s4cp2,3,183
10:17:11,idle,cartservice-7c84fdfb6-sf94w,2,152
10:17:11,idle,checkoutservice-6f4dbd65bf-glltw,7,21
10:17:11,idle,checkoutservice-6f4dbd65bf-hkgzd,7,20
10:17:11,idle,checkoutservice-6f4dbd65bf-t2t2w,7,22
10:17:11,idle,currencyservice-7c8fc8fc9c-dlzht,2,106
10:17:11,idle,currencyservice-7c8fc8fc9c-mvsgf,2,126
10:17:11,idle,currencyservice-7c8fc8fc9c-wqrfs,2,126
10:17:11,idle,emailservice-66944ff59-478c4,3,57
10:17:11,idle,emailservice-66944ff59-4fvm9,4,94
10:17:11,idle,emailservice-66944ff59-txwj8,4,59
10:17:11,idle,frontend-56d4848657-2lw2w,8,33
10:17:11,idle,frontend-56d4848657-gf72x,8,35
10:17:11,idle,frontend-56d4848657-kc9nb,8,34
10:17:11,idle,paymentservice-9bfb7bf5-46sq4,1,84
10:17:11,idle,paymentservice-9bfb7bf5-pktv4,1,81
10:17:11,idle,paymentservice-9bfb7bf5-snj4k,1,112
10:17:11,idle,productcatalogservice-65bbf699df-8zzd2,1,44
10:17:11,idle,productcatalogservice-65bbf699df-qmltb,1,22
10:17:11,idle,productcatalogservice-65bbf699df-rh24h,1,23
10:17:11,idle,recommendationservice-7d7f9f7777-k667k,4,55
10:17:11,idle,recommendationservice-7d7f9f7777-k7s2c,5,55
10:17:11,idle,recommendationservice-7d7f9f7777-mrxwg,5,55
10:17:11,idle,redis-cart-c8ff86559-jrlvk,3,37
10:17:11,idle,shippingservice-f956b6d9f-2g46p,1,31
10:17:11,idle,shippingservice-f956b6d9f-4kzvq,1,18
10:17:11,idle,shippingservice-f956b6d9f-nmnfn,1,19
10:17:22,100u,adservice-574bff445c-grt9z,5,245
10:17:22,100u,adservice-574bff445c-h47zv,4,245
10:17:22,100u,adservice-574bff445c-wppcl,5,280
10:17:22,100u,cartservice-7c84fdfb6-hsn24,9,149
10:17:22,100u,cartservice-7c84fdfb6-s4cp2,7,183
10:17:22,100u,cartservice-7c84fdfb6-sf94w,7,152
10:17:22,100u,checkoutservice-6f4dbd65bf-glltw,2,21
10:17:22,100u,checkoutservice-6f4dbd65bf-hkgzd,2,20
10:17:22,100u,checkoutservice-6f4dbd65bf-t2t2w,3,22
10:17:22,100u,currencyservice-7c8fc8fc9c-dlzht,13,107
10:17:22,100u,currencyservice-7c8fc8fc9c-mvsgf,14,126
10:17:22,100u,currencyservice-7c8fc8fc9c-wqrfs,13,126
10:17:22,100u,emailservice-66944ff59-478c4,4,57
10:17:22,100u,emailservice-66944ff59-4fvm9,4,94
10:17:22,100u,emailservice-66944ff59-txwj8,4,59
10:17:22,100u,envoy-grpc-lb-648f879c96-pdnt8,37,30
10:17:22,100u,frontend-56d4848657-2lw2w,5,32
10:17:22,100u,frontend-56d4848657-gf72x,24,30
10:17:22,100u,frontend-56d4848657-kc9nb,14,30
10:17:22,100u,paymentservice-9bfb7bf5-46sq4,1,84
10:17:22,100u,paymentservice-9bfb7bf5-pktv4,1,81
10:17:22,100u,paymentservice-9bfb7bf5-snj4k,1,112
10:17:22,100u,productcatalogservice-65bbf699df-8zzd2,8,43
10:17:22,100u,productcatalogservice-65bbf699df-qmltb,7,22
10:17:22,100u,productcatalogservice-65bbf699df-rh24h,8,22
10:17:22,100u,recommendationservice-7d7f9f7777-k667k,12,55
10:17:22,100u,recommendationservice-7d7f9f7777-k7s2c,14,55
10:17:22,100u,recommendationservice-7d7f9f7777-mrxwg,12,55
10:17:22,100u,redis-cart-c8ff86559-jrlvk,4,37
10:17:22,100u,shippingservice-f956b6d9f-2g46p,2,31
10:17:22,100u,shippingservice-f956b6d9f-4kzvq,2,18
10:17:22,100u,shippingservice-f956b6d9f-nmnfn,2,18
10:17:32,100u,adservice-574bff445c-grt9z,5,245
10:17:32,100u,adservice-574bff445c-h47zv,4,245
10:17:32,100u,adservice-574bff445c-wppcl,5,280
10:17:32,100u,cartservice-7c84fdfb6-hsn24,9,149
10:17:32,100u,cartservice-7c84fdfb6-s4cp2,7,183
10:17:32,100u,cartservice-7c84fdfb6-sf94w,7,152
10:17:32,100u,checkoutservice-6f4dbd65bf-glltw,2,21
10:17:32,100u,checkoutservice-6f4dbd65bf-hkgzd,2,20
10:17:32,100u,checkoutservice-6f4dbd65bf-t2t2w,3,22
10:17:32,100u,currencyservice-7c8fc8fc9c-dlzht,13,107
10:17:32,100u,currencyservice-7c8fc8fc9c-mvsgf,14,126
10:17:32,100u,currencyservice-7c8fc8fc9c-wqrfs,13,126
10:17:32,100u,emailservice-66944ff59-478c4,4,57
10:17:32,100u,emailservice-66944ff59-4fvm9,4,94
10:17:32,100u,emailservice-66944ff59-txwj8,4,59
10:17:32,100u,envoy-grpc-lb-648f879c96-pdnt8,37,30
10:17:32,100u,frontend-56d4848657-2lw2w,5,32
10:17:32,100u,frontend-56d4848657-gf72x,24,30
10:17:32,100u,frontend-56d4848657-kc9nb,14,30
10:17:32,100u,paymentservice-9bfb7bf5-46sq4,1,84
10:17:32,100u,paymentservice-9bfb7bf5-pktv4,1,81
10:17:32,100u,paymentservice-9bfb7bf5-snj4k,1,112
10:17:32,100u,productcatalogservice-65bbf699df-8zzd2,8,43
10:17:32,100u,productcatalogservice-65bbf699df-qmltb,7,22
10:17:32,100u,productcatalogservice-65bbf699df-rh24h,8,22
10:17:32,100u,recommendationservice-7d7f9f7777-k667k,12,55
10:17:32,100u,recommendationservice-7d7f9f7777-k7s2c,14,55
10:17:32,100u,recommendationservice-7d7f9f7777-mrxwg,12,55
10:17:32,100u,redis-cart-c8ff86559-jrlvk,4,37
10:17:32,100u,shippingservice-f956b6d9f-2g46p,2,31
10:17:32,100u,shippingservice-f956b6d9f-4kzvq,2,18
10:17:32,100u,shippingservice-f956b6d9f-nmnfn,2,18
10:17:42,100u,adservice-574bff445c-grt9z,21,245
10:17:42,100u,adservice-574bff445c-h47zv,21,245
10:17:42,100u,adservice-574bff445c-wppcl,23,280
10:17:42,100u,cartservice-7c84fdfb6-hsn24,50,149
10:17:42,100u,cartservice-7c84fdfb6-s4cp2,52,184
10:17:42,100u,cartservice-7c84fdfb6-sf94w,49,152
10:17:42,100u,checkoutservice-6f4dbd65bf-glltw,12,21
10:17:42,100u,checkoutservice-6f4dbd65bf-hkgzd,10,20
10:17:42,100u,checkoutservice-6f4dbd65bf-t2t2w,9,22
10:17:42,100u,currencyservice-7c8fc8fc9c-dlzht,116,107
10:17:42,100u,currencyservice-7c8fc8fc9c-mvsgf,110,127
10:17:42,100u,currencyservice-7c8fc8fc9c-wqrfs,116,126
10:17:42,100u,emailservice-66944ff59-478c4,7,57
10:17:42,100u,emailservice-66944ff59-4fvm9,8,94
10:17:42,100u,emailservice-66944ff59-txwj8,8,59
10:17:42,100u,envoy-grpc-lb-648f879c96-pdnt8,313,32
10:17:42,100u,frontend-56d4848657-2lw2w,84,29
10:17:42,100u,frontend-56d4848657-gf72x,129,31
10:17:42,100u,frontend-56d4848657-kc9nb,154,31
10:17:42,100u,paymentservice-9bfb7bf5-46sq4,4,85
10:17:42,100u,paymentservice-9bfb7bf5-pktv4,5,81
10:17:42,100u,paymentservice-9bfb7bf5-snj4k,4,112
10:17:42,100u,productcatalogservice-65bbf699df-8zzd2,64,43
10:17:42,100u,productcatalogservice-65bbf699df-qmltb,64,22
10:17:42,100u,productcatalogservice-65bbf699df-rh24h,67,22
10:17:42,100u,recommendationservice-7d7f9f7777-k667k,81,55
10:17:42,100u,recommendationservice-7d7f9f7777-k7s2c,77,55
10:17:42,100u,recommendationservice-7d7f9f7777-mrxwg,88,55
10:17:42,100u,redis-cart-c8ff86559-jrlvk,10,37
10:17:42,100u,shippingservice-f956b6d9f-2g46p,7,31
10:17:42,100u,shippingservice-f956b6d9f-4kzvq,8,18
10:17:42,100u,shippingservice-f956b6d9f-nmnfn,7,18
10:17:52,100u,adservice-574bff445c-grt9z,23,245
10:17:52,100u,adservice-574bff445c-h47zv,23,244
10:17:52,100u,adservice-574bff445c-wppcl,23,279
10:17:52,100u,cartservice-7c84fdfb6-hsn24,56,149
10:17:52,100u,cartservice-7c84fdfb6-s4cp2,45,182
10:17:52,100u,cartservice-7c84fdfb6-sf94w,54,152
10:17:52,100u,checkoutservice-6f4dbd65bf-glltw,7,21
10:17:52,100u,checkoutservice-6f4dbd65bf-hkgzd,13,20
10:17:52,100u,checkoutservice-6f4dbd65bf-t2t2w,11,22
10:17:52,100u,currencyservice-7c8fc8fc9c-dlzht,123,107
10:17:52,100u,currencyservice-7c8fc8fc9c-mvsgf,121,126
10:17:52,100u,currencyservice-7c8fc8fc9c-wqrfs,120,126
10:17:52,100u,emailservice-66944ff59-478c4,8,57
10:17:52,100u,emailservice-66944ff59-4fvm9,7,94
10:17:52,100u,emailservice-66944ff59-txwj8,8,59
10:17:52,100u,envoy-grpc-lb-648f879c96-pdnt8,332,32
10:17:52,100u,frontend-56d4848657-2lw2w,124,29
10:17:52,100u,frontend-56d4848657-gf72x,126,30
10:17:52,100u,frontend-56d4848657-kc9nb,131,31
10:17:52,100u,paymentservice-9bfb7bf5-46sq4,4,85
10:17:52,100u,paymentservice-9bfb7bf5-pktv4,5,81
10:17:52,100u,paymentservice-9bfb7bf5-snj4k,3,112
10:17:52,100u,productcatalogservice-65bbf699df-8zzd2,72,43
10:17:52,100u,productcatalogservice-65bbf699df-qmltb,73,22
10:17:52,100u,productcatalogservice-65bbf699df-rh24h,73,22
10:17:52,100u,recommendationservice-7d7f9f7777-k667k,98,55
10:17:52,100u,recommendationservice-7d7f9f7777-k7s2c,92,55
10:17:52,100u,recommendationservice-7d7f9f7777-mrxwg,102,55
10:17:52,100u,redis-cart-c8ff86559-jrlvk,11,37
10:17:52,100u,shippingservice-f956b6d9f-2g46p,8,31
10:17:52,100u,shippingservice-f956b6d9f-4kzvq,8,18
10:17:52,100u,shippingservice-f956b6d9f-nmnfn,8,18
10:18:02,100u,adservice-574bff445c-grt9z,23,245
10:18:02,100u,adservice-574bff445c-h47zv,23,244
10:18:02,100u,adservice-574bff445c-wppcl,23,279
10:18:02,100u,cartservice-7c84fdfb6-hsn24,56,149
10:18:02,100u,cartservice-7c84fdfb6-s4cp2,45,182
10:18:02,100u,cartservice-7c84fdfb6-sf94w,54,152
10:18:02,100u,checkoutservice-6f4dbd65bf-glltw,7,21
10:18:02,100u,checkoutservice-6f4dbd65bf-hkgzd,13,20
10:18:02,100u,checkoutservice-6f4dbd65bf-t2t2w,11,22
10:18:02,100u,currencyservice-7c8fc8fc9c-dlzht,123,107
10:18:02,100u,currencyservice-7c8fc8fc9c-mvsgf,121,126
10:18:02,100u,currencyservice-7c8fc8fc9c-wqrfs,120,126
10:18:02,100u,emailservice-66944ff59-478c4,8,57
10:18:02,100u,emailservice-66944ff59-4fvm9,7,94
10:18:02,100u,emailservice-66944ff59-txwj8,8,59
10:18:02,100u,envoy-grpc-lb-648f879c96-pdnt8,332,32
10:18:02,100u,frontend-56d4848657-2lw2w,124,29
10:18:02,100u,frontend-56d4848657-gf72x,126,30
10:18:02,100u,frontend-56d4848657-kc9nb,131,31
10:18:02,100u,paymentservice-9bfb7bf5-46sq4,4,85
10:18:02,100u,paymentservice-9bfb7bf5-pktv4,5,81
10:18:02,100u,paymentservice-9bfb7bf5-snj4k,3,112
10:18:02,100u,productcatalogservice-65bbf699df-8zzd2,72,43
10:18:02,100u,productcatalogservice-65bbf699df-qmltb,73,22
10:18:02,100u,productcatalogservice-65bbf699df-rh24h,73,22
10:18:02,100u,recommendationservice-7d7f9f7777-k667k,98,55
10:18:02,100u,recommendationservice-7d7f9f7777-k7s2c,92,55
10:18:02,100u,recommendationservice-7d7f9f7777-mrxwg,102,55
10:18:02,100u,redis-cart-c8ff86559-jrlvk,11,37
10:18:02,100u,shippingservice-f956b6d9f-2g46p,8,31
10:18:02,100u,shippingservice-f956b6d9f-4kzvq,8,18
10:18:02,100u,shippingservice-f956b6d9f-nmnfn,8,18
10:18:12,100u,adservice-574bff445c-grt9z,27,245
10:18:12,100u,adservice-574bff445c-h47zv,20,244
10:18:12,100u,adservice-574bff445c-wppcl,19,279
10:18:12,100u,cartservice-7c84fdfb6-hsn24,50,149
10:18:12,100u,cartservice-7c84fdfb6-s4cp2,42,182
10:18:12,100u,cartservice-7c84fdfb6-sf94w,48,151
10:18:12,100u,checkoutservice-6f4dbd65bf-glltw,8,21
10:18:12,100u,checkoutservice-6f4dbd65bf-hkgzd,11,20
10:18:12,100u,checkoutservice-6f4dbd65bf-t2t2w,10,22
10:18:12,100u,currencyservice-7c8fc8fc9c-dlzht,112,107
10:18:12,100u,currencyservice-7c8fc8fc9c-mvsgf,110,126
10:18:12,100u,currencyservice-7c8fc8fc9c-wqrfs,107,126
10:18:12,100u,emailservice-66944ff59-478c4,6,57
10:18:12,100u,emailservice-66944ff59-4fvm9,6,94
10:18:12,100u,emailservice-66944ff59-txwj8,8,59
10:18:12,100u,envoy-grpc-lb-648f879c96-pdnt8,312,32
10:18:12,100u,frontend-56d4848657-2lw2w,168,29
10:18:12,100u,frontend-56d4848657-gf72x,113,30
10:18:12,100u,frontend-56d4848657-kc9nb,82,31
10:18:12,100u,paymentservice-9bfb7bf5-46sq4,4,85
10:18:12,100u,paymentservice-9bfb7bf5-pktv4,4,81
10:18:12,100u,paymentservice-9bfb7bf5-snj4k,4,112
10:18:12,100u,productcatalogservice-65bbf699df-8zzd2,64,43
10:18:12,100u,productcatalogservice-65bbf699df-qmltb,64,22
10:18:12,100u,productcatalogservice-65bbf699df-rh24h,66,22
10:18:12,100u,recommendationservice-7d7f9f7777-k667k,82,55
10:18:12,100u,recommendationservice-7d7f9f7777-k7s2c,82,55
10:18:12,100u,recommendationservice-7d7f9f7777-mrxwg,79,55
10:18:12,100u,redis-cart-c8ff86559-jrlvk,10,37
10:18:12,100u,shippingservice-f956b6d9f-2g46p,8,31
10:18:12,100u,shippingservice-f956b6d9f-4kzvq,7,18
10:18:12,100u,shippingservice-f956b6d9f-nmnfn,7,18
10:18:23,100u,adservice-574bff445c-grt9z,34,245
10:18:23,100u,adservice-574bff445c-h47zv,34,245
10:18:23,100u,adservice-574bff445c-wppcl,34,280
10:18:23,100u,cartservice-7c84fdfb6-hsn24,70,149
10:18:23,100u,cartservice-7c84fdfb6-s4cp2,69,182
10:18:23,100u,cartservice-7c84fdfb6-sf94w,79,151
10:18:23,100u,checkoutservice-6f4dbd65bf-glltw,17,21
10:18:23,100u,checkoutservice-6f4dbd65bf-hkgzd,16,20
10:18:23,100u,checkoutservice-6f4dbd65bf-t2t2w,20,22
10:18:23,100u,currencyservice-7c8fc8fc9c-dlzht,186,109
10:18:23,100u,currencyservice-7c8fc8fc9c-mvsgf,187,124
10:18:23,100u,currencyservice-7c8fc8fc9c-wqrfs,184,125
10:18:23,100u,emailservice-66944ff59-478c4,9,57
10:18:23,100u,emailservice-66944ff59-4fvm9,10,94
10:18:23,100u,emailservice-66944ff59-txwj8,9,59
10:18:23,100u,envoy-grpc-lb-648f879c96-pdnt8,482,34
10:18:23,100u,frontend-56d4848657-2lw2w,198,30
10:18:23,100u,frontend-56d4848657-gf72x,171,31
10:18:23,100u,frontend-56d4848657-kc9nb,186,31
10:18:23,100u,paymentservice-9bfb7bf5-46sq4,5,85
10:18:23,100u,paymentservice-9bfb7bf5-pktv4,6,81
10:18:23,100u,paymentservice-9bfb7bf5-snj4k,6,112
10:18:23,100u,productcatalogservice-65bbf699df-8zzd2,104,43
10:18:23,100u,productcatalogservice-65bbf699df-qmltb,103,22
10:18:23,100u,productcatalogservice-65bbf699df-rh24h,106,22
10:18:23,100u,recommendationservice-7d7f9f7777-k667k,146,55
10:18:23,100u,recommendationservice-7d7f9f7777-k7s2c,146,55
10:18:23,100u,recommendationservice-7d7f9f7777-mrxwg,146,55
10:18:23,100u,redis-cart-c8ff86559-jrlvk,14,37
10:18:23,100u,shippingservice-f956b6d9f-2g46p,13,31
10:18:23,100u,shippingservice-f956b6d9f-4kzvq,12,19
10:18:23,100u,shippingservice-f956b6d9f-nmnfn,10,18
10:18:33,100u,adservice-574bff445c-grt9z,34,245
10:18:33,100u,adservice-574bff445c-h47zv,34,245
10:18:33,100u,adservice-574bff445c-wppcl,34,280
10:18:33,100u,cartservice-7c84fdfb6-hsn24,70,149
10:18:33,100u,cartservice-7c84fdfb6-s4cp2,69,182
10:18:33,100u,cartservice-7c84fdfb6-sf94w,79,151
10:18:33,100u,checkoutservice-6f4dbd65bf-glltw,17,21
10:18:33,100u,checkoutservice-6f4dbd65bf-hkgzd,16,20
10:18:33,100u,checkoutservice-6f4dbd65bf-t2t2w,20,22
10:18:33,100u,currencyservice-7c8fc8fc9c-dlzht,186,109
10:18:33,100u,currencyservice-7c8fc8fc9c-mvsgf,187,124
10:18:33,100u,currencyservice-7c8fc8fc9c-wqrfs,184,125
10:18:33,100u,emailservice-66944ff59-478c4,9,57
10:18:33,100u,emailservice-66944ff59-4fvm9,10,94
10:18:33,100u,emailservice-66944ff59-txwj8,9,59
10:18:33,100u,envoy-grpc-lb-648f879c96-pdnt8,482,34
10:18:33,100u,frontend-56d4848657-2lw2w,198,30
10:18:33,100u,frontend-56d4848657-gf72x,171,31
10:18:33,100u,frontend-56d4848657-kc9nb,186,31
10:18:33,100u,paymentservice-9bfb7bf5-46sq4,5,85
10:18:33,100u,paymentservice-9bfb7bf5-pktv4,6,81
10:18:33,100u,paymentservice-9bfb7bf5-snj4k,6,112
10:18:33,100u,productcatalogservice-65bbf699df-8zzd2,104,43
10:18:33,100u,productcatalogservice-65bbf699df-qmltb,103,22
10:18:33,100u,productcatalogservice-65bbf699df-rh24h,106,22
10:18:33,100u,recommendationservice-7d7f9f7777-k667k,146,55
10:18:33,100u,recommendationservice-7d7f9f7777-k7s2c,146,55
10:18:33,100u,recommendationservice-7d7f9f7777-mrxwg,146,55
10:18:33,100u,redis-cart-c8ff86559-jrlvk,14,37
10:18:33,100u,shippingservice-f956b6d9f-2g46p,13,31
10:18:33,100u,shippingservice-f956b6d9f-4kzvq,12,19
10:18:33,100u,shippingservice-f956b6d9f-nmnfn,10,18
10:18:43,100u,adservice-574bff445c-grt9z,44,245
10:18:43,100u,adservice-574bff445c-h47zv,40,245
10:18:43,100u,adservice-574bff445c-wppcl,41,280
10:18:43,100u,cartservice-7c84fdfb6-hsn24,96,150
10:18:43,100u,cartservice-7c84fdfb6-s4cp2,73,182
10:18:43,100u,cartservice-7c84fdfb6-sf94w,95,151
10:18:43,100u,checkoutservice-6f4dbd65bf-glltw,23,21
10:18:43,100u,checkoutservice-6f4dbd65bf-hkgzd,20,20
10:18:43,100u,checkoutservice-6f4dbd65bf-t2t2w,23,22
10:18:43,100u,currencyservice-7c8fc8fc9c-dlzht,198,108
10:18:43,100u,currencyservice-7c8fc8fc9c-mvsgf,198,126
10:18:43,100u,currencyservice-7c8fc8fc9c-wqrfs,198,125
10:18:43,100u,emailservice-66944ff59-478c4,11,57
10:18:43,100u,emailservice-66944ff59-4fvm9,12,94
10:18:43,100u,emailservice-66944ff59-txwj8,11,59
10:18:43,100u,envoy-grpc-lb-648f879c96-pdnt8,498,34
10:18:43,100u,frontend-56d4848657-2lw2w,198,31
10:18:43,100u,frontend-56d4848657-gf72x,195,31
10:18:43,100u,frontend-56d4848657-kc9nb,196,32
10:18:43,100u,paymentservice-9bfb7bf5-46sq4,6,85
10:18:43,100u,paymentservice-9bfb7bf5-pktv4,8,81
10:18:43,100u,paymentservice-9bfb7bf5-snj4k,7,112
10:18:43,100u,productcatalogservice-65bbf699df-8zzd2,113,43
10:18:43,100u,productcatalogservice-65bbf699df-qmltb,115,22
10:18:43,100u,productcatalogservice-65bbf699df-rh24h,116,22
10:18:43,100u,recommendationservice-7d7f9f7777-k667k,183,55
10:18:43,100u,recommendationservice-7d7f9f7777-k7s2c,182,55
10:18:43,100u,recommendationservice-7d7f9f7777-mrxwg,185,55
10:18:43,100u,redis-cart-c8ff86559-jrlvk,16,37
10:18:43,100u,shippingservice-f956b6d9f-2g46p,14,31
10:18:43,100u,shippingservice-f956b6d9f-4kzvq,14,18
10:18:43,100u,shippingservice-f956b6d9f-nmnfn,14,18
10:18:53,100u,adservice-574bff445c-grt9z,47,245
10:18:53,100u,adservice-574bff445c-h47zv,46,245
10:18:53,100u,adservice-574bff445c-wppcl,46,280
10:18:53,100u,cartservice-7c84fdfb6-hsn24,94,150
10:18:53,100u,cartservice-7c84fdfb6-s4cp2,84,182
10:18:53,100u,cartservice-7c84fdfb6-sf94w,101,151
10:18:53,100u,checkoutservice-6f4dbd65bf-glltw,22,21
10:18:53,100u,checkoutservice-6f4dbd65bf-hkgzd,25,20
10:18:53,100u,checkoutservice-6f4dbd65bf-t2t2w,24,22
10:18:53,100u,currencyservice-7c8fc8fc9c-dlzht,199,109
10:18:53,100u,currencyservice-7c8fc8fc9c-mvsgf,200,126
10:18:53,100u,currencyservice-7c8fc8fc9c-wqrfs,199,126
10:18:53,100u,emailservice-66944ff59-478c4,11,57
10:18:53,100u,emailservice-66944ff59-4fvm9,11,94
10:18:53,100u,emailservice-66944ff59-txwj8,12,59
10:18:53,100u,envoy-grpc-lb-648f879c96-pdnt8,500,34
10:18:53,100u,frontend-56d4848657-2lw2w,198,31
10:18:53,100u,frontend-56d4848657-gf72x,198,31
10:18:53,100u,frontend-56d4848657-kc9nb,199,32
10:18:53,100u,paymentservice-9bfb7bf5-46sq4,7,85
10:18:53,100u,paymentservice-9bfb7bf5-pktv4,7,83
10:18:53,100u,paymentservice-9bfb7bf5-snj4k,7,112
10:18:53,100u,productcatalogservice-65bbf699df-8zzd2,115,43
10:18:53,100u,productcatalogservice-65bbf699df-qmltb,115,22
10:18:53,100u,productcatalogservice-65bbf699df-rh24h,116,22
10:18:53,100u,recommendationservice-7d7f9f7777-k667k,196,55
10:18:53,100u,recommendationservice-7d7f9f7777-k7s2c,192,55
10:18:53,100u,recommendationservice-7d7f9f7777-mrxwg,191,55
10:18:53,100u,redis-cart-c8ff86559-jrlvk,17,37
10:18:53,100u,shippingservice-f956b6d9f-2g46p,14,31
10:18:53,100u,shippingservice-f956b6d9f-4kzvq,15,18
10:18:53,100u,shippingservice-f956b6d9f-nmnfn,15,18
10:19:03,100u,adservice-574bff445c-grt9z,47,245
10:19:03,100u,adservice-574bff445c-h47zv,46,245
10:19:03,100u,adservice-574bff445c-wppcl,46,280
10:19:03,100u,cartservice-7c84fdfb6-hsn24,94,150
10:19:03,100u,cartservice-7c84fdfb6-s4cp2,84,182
10:19:03,100u,cartservice-7c84fdfb6-sf94w,101,151
10:19:03,100u,checkoutservice-6f4dbd65bf-glltw,22,21
10:19:03,100u,checkoutservice-6f4dbd65bf-hkgzd,25,20
10:19:03,100u,checkoutservice-6f4dbd65bf-t2t2w,24,22
10:19:03,100u,currencyservice-7c8fc8fc9c-dlzht,199,109
10:19:03,100u,currencyservice-7c8fc8fc9c-mvsgf,200,126
10:19:03,100u,currencyservice-7c8fc8fc9c-wqrfs,199,126
10:19:03,100u,emailservice-66944ff59-478c4,11,57
10:19:03,100u,emailservice-66944ff59-4fvm9,11,94
10:19:03,100u,emailservice-66944ff59-txwj8,12,59
10:19:03,100u,envoy-grpc-lb-648f879c96-pdnt8,500,34
10:19:03,100u,frontend-56d4848657-2lw2w,198,31
10:19:03,100u,frontend-56d4848657-gf72x,198,31
10:19:03,100u,frontend-56d4848657-kc9nb,199,32
10:19:03,100u,paymentservice-9bfb7bf5-46sq4,7,85
10:19:03,100u,paymentservice-9bfb7bf5-pktv4,7,83
10:19:03,100u,paymentservice-9bfb7bf5-snj4k,7,112
10:19:03,100u,productcatalogservice-65bbf699df-8zzd2,115,43
10:19:03,100u,productcatalogservice-65bbf699df-qmltb,115,22
10:19:03,100u,productcatalogservice-65bbf699df-rh24h,116,22
10:19:03,100u,recommendationservice-7d7f9f7777-k667k,196,55
10:19:03,100u,recommendationservice-7d7f9f7777-k7s2c,192,55
10:19:03,100u,recommendationservice-7d7f9f7777-mrxwg,191,55
10:19:03,100u,redis-cart-c8ff86559-jrlvk,17,37
10:19:03,100u,shippingservice-f956b6d9f-2g46p,14,31
10:19:03,100u,shippingservice-f956b6d9f-4kzvq,15,18
10:19:03,100u,shippingservice-f956b6d9f-nmnfn,15,18
10:19:13,100u,adservice-574bff445c-grt9z,47,245
10:19:13,100u,adservice-574bff445c-h47zv,44,245
10:19:13,100u,adservice-574bff445c-wppcl,44,280
10:19:13,100u,cartservice-7c84fdfb6-hsn24,94,150
10:19:13,100u,cartservice-7c84fdfb6-s4cp2,82,182
10:19:13,100u,cartservice-7c84fdfb6-sf94w,94,151
10:19:13,100u,checkoutservice-6f4dbd65bf-glltw,23,21
10:19:13,100u,checkoutservice-6f4dbd65bf-hkgzd,24,20
10:19:13,100u,checkoutservice-6f4dbd65bf-t2t2w,22,22
10:19:13,100u,currencyservice-7c8fc8fc9c-dlzht,201,110
10:19:13,100u,currencyservice-7c8fc8fc9c-mvsgf,200,126
10:19:13,100u,currencyservice-7c8fc8fc9c-wqrfs,200,126
10:19:13,100u,emailservice-66944ff59-478c4,10,57
10:19:13,100u,emailservice-66944ff59-4fvm9,12,94
10:19:13,100u,emailservice-66944ff59-txwj8,11,59
10:19:13,100u,envoy-grpc-lb-648f879c96-pdnt8,501,34
10:19:13,100u,frontend-56d4848657-2lw2w,199,31
10:19:13,100u,frontend-56d4848657-gf72x,198,32
10:19:13,100u,frontend-56d4848657-kc9nb,197,32
10:19:13,100u,paymentservice-9bfb7bf5-46sq4,8,85
10:19:13,100u,paymentservice-9bfb7bf5-pktv4,6,83
10:19:13,100u,paymentservice-9bfb7bf5-snj4k,6,112
10:19:13,100u,productcatalogservice-65bbf699df-8zzd2,116,43
10:19:13,100u,productcatalogservice-65bbf699df-qmltb,116,22
10:19:13,100u,productcatalogservice-65bbf699df-rh24h,118,22
10:19:13,100u,recommendationservice-7d7f9f7777-k667k,193,55
10:19:13,100u,recommendationservice-7d7f9f7777-k7s2c,192,55
10:19:13,100u,recommendationservice-7d7f9f7777-mrxwg,193,55
10:19:13,100u,redis-cart-c8ff86559-jrlvk,16,37
10:19:13,100u,shippingservice-f956b6d9f-2g46p,15,31
10:19:13,100u,shippingservice-f956b6d9f-4kzvq,15,18
10:19:13,100u,shippingservice-f956b6d9f-nmnfn,15,18
10:19:24,100u,adservice-574bff445c-grt9z,44,245
10:19:24,100u,adservice-574bff445c-h47zv,44,245
10:19:24,100u,adservice-574bff445c-wppcl,45,279
10:19:24,100u,cartservice-7c84fdfb6-hsn24,100,150
10:19:24,100u,cartservice-7c84fdfb6-s4cp2,80,183
10:19:24,100u,cartservice-7c84fdfb6-sf94w,87,151
10:19:24,100u,checkoutservice-6f4dbd65bf-glltw,25,21
10:19:24,100u,checkoutservice-6f4dbd65bf-hkgzd,24,20
10:19:24,100u,checkoutservice-6f4dbd65bf-t2t2w,25,22
10:19:24,100u,currencyservice-7c8fc8fc9c-dlzht,200,113
10:19:24,100u,currencyservice-7c8fc8fc9c-mvsgf,199,125
10:19:24,100u,currencyservice-7c8fc8fc9c-wqrfs,199,126
10:19:24,100u,emailservice-66944ff59-478c4,13,57
10:19:24,100u,emailservice-66944ff59-4fvm9,11,94
10:19:24,100u,emailservice-66944ff59-txwj8,11,59
10:19:24,100u,envoy-grpc-lb-648f879c96-pdnt8,500,37
10:19:24,100u,frontend-56d4848657-2lw2w,199,31
10:19:24,100u,frontend-56d4848657-gf72x,197,32
10:19:24,100u,frontend-56d4848657-kc9nb,198,32
10:19:24,100u,paymentservice-9bfb7bf5-46sq4,7,85
10:19:24,100u,paymentservice-9bfb7bf5-pktv4,8,83
10:19:24,100u,paymentservice-9bfb7bf5-snj4k,7,112
10:19:24,100u,productcatalogservice-65bbf699df-8zzd2,112,43
10:19:24,100u,productcatalogservice-65bbf699df-qmltb,115,22
10:19:24,100u,productcatalogservice-65bbf699df-rh24h,115,22
10:19:24,100u,recommendationservice-7d7f9f7777-k667k,189,55
10:19:24,100u,recommendationservice-7d7f9f7777-k7s2c,192,55
10:19:24,100u,recommendationservice-7d7f9f7777-mrxwg,193,55
10:19:24,100u,redis-cart-c8ff86559-jrlvk,17,37
10:19:24,100u,shippingservice-f956b6d9f-2g46p,14,31
10:19:24,100u,shippingservice-f956b6d9f-4kzvq,16,18
10:19:24,100u,shippingservice-f956b6d9f-nmnfn,14,18
10:19:34,100u,adservice-574bff445c-grt9z,44,245
10:19:34,100u,adservice-574bff445c-h47zv,44,245
10:19:34,100u,adservice-574bff445c-wppcl,46,280
10:19:34,100u,cartservice-7c84fdfb6-hsn24,87,150
10:19:34,100u,cartservice-7c84fdfb6-s4cp2,80,183
10:19:34,100u,cartservice-7c84fdfb6-sf94w,83,151
10:19:34,100u,checkoutservice-6f4dbd65bf-glltw,24,21
10:19:34,100u,checkoutservice-6f4dbd65bf-hkgzd,25,20
10:19:34,100u,checkoutservice-6f4dbd65bf-t2t2w,24,22
10:19:34,100u,currencyservice-7c8fc8fc9c-dlzht,198,113
10:19:34,100u,currencyservice-7c8fc8fc9c-mvsgf,198,126
10:19:34,100u,currencyservice-7c8fc8fc9c-wqrfs,198,126
10:19:34,100u,emailservice-66944ff59-478c4,11,57
10:19:34,100u,emailservice-66944ff59-4fvm9,12,94
10:19:34,100u,emailservice-66944ff59-txwj8,11,59
10:19:34,100u,envoy-grpc-lb-648f879c96-pdnt8,497,37
10:19:34,100u,frontend-56d4848657-2lw2w,198,31
10:19:34,100u,frontend-56d4848657-gf72x,197,32
10:19:34,100u,frontend-56d4848657-kc9nb,196,32
10:19:34,100u,paymentservice-9bfb7bf5-46sq4,7,85
10:19:34,100u,paymentservice-9bfb7bf5-pktv4,8,83
10:19:34,100u,paymentservice-9bfb7bf5-snj4k,7,112
10:19:34,100u,productcatalogservice-65bbf699df-8zzd2,118,43
10:19:34,100u,productcatalogservice-65bbf699df-qmltb,115,22
10:19:34,100u,productcatalogservice-65bbf699df-rh24h,117,22
10:19:34,100u,recommendationservice-7d7f9f7777-k667k,188,55
10:19:34,100u,recommendationservice-7d7f9f7777-k7s2c,191,55
10:19:34,100u,recommendationservice-7d7f9f7777-mrxwg,192,55
10:19:34,100u,redis-cart-c8ff86559-jrlvk,16,37
10:19:34,100u,shippingservice-f956b6d9f-2g46p,14,31
10:19:34,100u,shippingservice-f956b6d9f-4kzvq,14,18
10:19:34,100u,shippingservice-f956b6d9f-nmnfn,14,19
10:19:44,100u,adservice-574bff445c-grt9z,44,245
10:19:44,100u,adservice-574bff445c-h47zv,44,245
10:19:44,100u,adservice-574bff445c-wppcl,46,280
10:19:44,100u,cartservice-7c84fdfb6-hsn24,87,150
10:19:44,100u,cartservice-7c84fdfb6-s4cp2,80,183
10:19:44,100u,cartservice-7c84fdfb6-sf94w,83,151
10:19:44,100u,checkoutservice-6f4dbd65bf-glltw,24,21
10:19:44,100u,checkoutservice-6f4dbd65bf-hkgzd,25,20
10:19:44,100u,checkoutservice-6f4dbd65bf-t2t2w,24,22
10:19:44,100u,currencyservice-7c8fc8fc9c-dlzht,198,113
10:19:44,100u,currencyservice-7c8fc8fc9c-mvsgf,198,126
10:19:44,100u,currencyservice-7c8fc8fc9c-wqrfs,198,126
10:19:44,100u,emailservice-66944ff59-478c4,11,57
10:19:44,100u,emailservice-66944ff59-4fvm9,12,94
10:19:44,100u,emailservice-66944ff59-txwj8,11,59
10:19:44,100u,envoy-grpc-lb-648f879c96-pdnt8,497,37
10:19:44,100u,frontend-56d4848657-2lw2w,198,31
10:19:44,100u,frontend-56d4848657-gf72x,197,32
10:19:44,100u,frontend-56d4848657-kc9nb,196,32
10:19:44,100u,paymentservice-9bfb7bf5-46sq4,7,85
10:19:44,100u,paymentservice-9bfb7bf5-pktv4,8,83
10:19:44,100u,paymentservice-9bfb7bf5-snj4k,7,112
10:19:44,100u,productcatalogservice-65bbf699df-8zzd2,118,43
10:19:44,100u,productcatalogservice-65bbf699df-qmltb,115,22
10:19:44,100u,productcatalogservice-65bbf699df-rh24h,117,22
10:19:44,100u,recommendationservice-7d7f9f7777-k667k,188,55
10:19:44,100u,recommendationservice-7d7f9f7777-k7s2c,191,55
10:19:44,100u,recommendationservice-7d7f9f7777-mrxwg,192,55
10:19:44,100u,redis-cart-c8ff86559-jrlvk,16,37
10:19:44,100u,shippingservice-f956b6d9f-2g46p,14,31
10:19:44,100u,shippingservice-f956b6d9f-4kzvq,14,18
10:19:44,100u,shippingservice-f956b6d9f-nmnfn,14,19
10:19:54,100u,adservice-574bff445c-grt9z,32,245
10:19:54,100u,adservice-574bff445c-h47zv,31,245
10:19:54,100u,adservice-574bff445c-wppcl,32,280
10:19:54,100u,cartservice-7c84fdfb6-hsn24,72,150
10:19:54,100u,cartservice-7c84fdfb6-s4cp2,55,182
10:19:54,100u,cartservice-7c84fdfb6-sf94w,64,157
10:19:54,100u,checkoutservice-6f4dbd65bf-glltw,16,21
10:19:54,100u,checkoutservice-6f4dbd65bf-hkgzd,20,20
10:19:54,100u,checkoutservice-6f4dbd65bf-t2t2w,15,22
10:19:54,100u,currencyservice-7c8fc8fc9c-dlzht,129,112
10:19:54,100u,currencyservice-7c8fc8fc9c-mvsgf,130,126
10:19:54,100u,currencyservice-7c8fc8fc9c-wqrfs,130,126
10:19:54,100u,emailservice-66944ff59-478c4,9,57
10:19:54,100u,emailservice-66944ff59-4fvm9,10,94
10:19:54,100u,emailservice-66944ff59-txwj8,11,59
10:19:54,100u,envoy-grpc-lb-648f879c96-pdnt8,329,36
10:19:54,100u,frontend-56d4848657-2lw2w,130,30
10:19:54,100u,frontend-56d4848657-gf72x,130,32
10:19:54,100u,frontend-56d4848657-kc9nb,130,32
10:19:54,100u,paymentservice-9bfb7bf5-46sq4,6,85
10:19:54,100u,paymentservice-9bfb7bf5-pktv4,6,83
10:19:54,100u,paymentservice-9bfb7bf5-snj4k,6,112
10:19:54,100u,productcatalogservice-65bbf699df-8zzd2,75,43
10:19:54,100u,productcatalogservice-65bbf699df-qmltb,77,22
10:19:54,100u,productcatalogservice-65bbf699df-rh24h,76,22
10:19:54,100u,recommendationservice-7d7f9f7777-k667k,130,55
10:19:54,100u,recommendationservice-7d7f9f7777-k7s2c,129,55
10:19:54,100u,recommendationservice-7d7f9f7777-mrxwg,130,55
10:19:54,100u,redis-cart-c8ff86559-jrlvk,13,37
10:19:54,100u,shippingservice-f956b6d9f-2g46p,10,31
10:19:54,100u,shippingservice-f956b6d9f-4kzvq,11,18
10:19:54,100u,shippingservice-f956b6d9f-nmnfn,10,18
10:20:04,100u,adservice-574bff445c-grt9z,1,245
10:20:04,100u,adservice-574bff445c-h47zv,2,245
10:20:04,100u,adservice-574bff445c-wppcl,3,280
10:20:04,100u,cartservice-7c84fdfb6-hsn24,2,150
10:20:04,100u,cartservice-7c84fdfb6-s4cp2,2,182
10:20:04,100u,cartservice-7c84fdfb6-sf94w,2,157
10:20:04,100u,checkoutservice-6f4dbd65bf-glltw,1,21
10:20:04,100u,checkoutservice-6f4dbd65bf-hkgzd,1,20
10:20:04,100u,checkoutservice-6f4dbd65bf-t2t2w,1,22
10:20:04,100u,currencyservice-7c8fc8fc9c-dlzht,2,112
10:20:04,100u,currencyservice-7c8fc8fc9c-mvsgf,2,126
10:20:04,100u,currencyservice-7c8fc8fc9c-wqrfs,1,126
10:20:04,100u,emailservice-66944ff59-478c4,4,57
10:20:04,100u,emailservice-66944ff59-4fvm9,4,94
10:20:04,100u,emailservice-66944ff59-txwj8,4,59
10:20:04,100u,envoy-grpc-lb-648f879c96-pdnt8,6,36
10:20:04,100u,frontend-56d4848657-2lw2w,1,30
10:20:04,100u,frontend-56d4848657-gf72x,1,32
10:20:04,100u,frontend-56d4848657-kc9nb,1,32
10:20:04,100u,paymentservice-9bfb7bf5-46sq4,1,85
10:20:04,100u,paymentservice-9bfb7bf5-pktv4,1,83
10:20:04,100u,paymentservice-9bfb7bf5-snj4k,1,112
10:20:04,100u,productcatalogservice-65bbf699df-8zzd2,1,43
10:20:04,100u,productcatalogservice-65bbf699df-qmltb,1,22
10:20:04,100u,productcatalogservice-65bbf699df-rh24h,1,22
10:20:04,100u,recommendationservice-7d7f9f7777-k667k,4,55
10:20:04,100u,recommendationservice-7d7f9f7777-k7s2c,3,55
10:20:04,100u,recommendationservice-7d7f9f7777-mrxwg,4,55
10:20:04,100u,redis-cart-c8ff86559-jrlvk,3,37
10:20:04,100u,shippingservice-f956b6d9f-2g46p,1,31
10:20:04,100u,shippingservice-f956b6d9f-4kzvq,1,19
10:20:04,100u,shippingservice-f956b6d9f-nmnfn,1,18
10:20:14,100u,adservice-574bff445c-grt9z,1,245
10:20:14,100u,adservice-574bff445c-h47zv,2,245
10:20:14,100u,adservice-574bff445c-wppcl,3,280
10:20:14,100u,cartservice-7c84fdfb6-hsn24,2,150
10:20:14,100u,cartservice-7c84fdfb6-s4cp2,2,182
10:20:14,100u,cartservice-7c84fdfb6-sf94w,2,157
10:20:14,100u,checkoutservice-6f4dbd65bf-glltw,1,21
10:20:14,100u,checkoutservice-6f4dbd65bf-hkgzd,1,20
10:20:14,100u,checkoutservice-6f4dbd65bf-t2t2w,1,22
10:20:14,100u,currencyservice-7c8fc8fc9c-dlzht,2,112
10:20:14,100u,currencyservice-7c8fc8fc9c-mvsgf,2,126
10:20:14,100u,currencyservice-7c8fc8fc9c-wqrfs,1,126
10:20:14,100u,emailservice-66944ff59-478c4,4,57
10:20:14,100u,emailservice-66944ff59-4fvm9,4,94
10:20:14,100u,emailservice-66944ff59-txwj8,4,59
10:20:14,100u,envoy-grpc-lb-648f879c96-pdnt8,6,36
10:20:14,100u,frontend-56d4848657-2lw2w,1,30
10:20:14,100u,frontend-56d4848657-gf72x,1,32
10:20:14,100u,frontend-56d4848657-kc9nb,1,32
10:20:14,100u,paymentservice-9bfb7bf5-46sq4,1,85
10:20:14,100u,paymentservice-9bfb7bf5-pktv4,1,83
10:20:14,100u,paymentservice-9bfb7bf5-snj4k,1,112
10:20:14,100u,productcatalogservice-65bbf699df-8zzd2,1,43
10:20:14,100u,productcatalogservice-65bbf699df-qmltb,1,22
10:20:14,100u,productcatalogservice-65bbf699df-rh24h,1,22
10:20:14,100u,recommendationservice-7d7f9f7777-k667k,4,55
10:20:14,100u,recommendationservice-7d7f9f7777-k7s2c,3,55
10:20:14,100u,recommendationservice-7d7f9f7777-mrxwg,4,55
10:20:14,100u,redis-cart-c8ff86559-jrlvk,3,37
10:20:14,100u,shippingservice-f956b6d9f-2g46p,1,31
10:20:14,100u,shippingservice-f956b6d9f-4kzvq,1,19
10:20:14,100u,shippingservice-f956b6d9f-nmnfn,1,18
10:20:25,100u,adservice-574bff445c-grt9z,1,245
10:20:25,100u,adservice-574bff445c-h47zv,2,245
10:20:25,100u,adservice-574bff445c-wppcl,2,280
10:20:25,100u,cartservice-7c84fdfb6-hsn24,3,150
10:20:25,100u,cartservice-7c84fdfb6-s4cp2,2,182
10:20:25,100u,cartservice-7c84fdfb6-sf94w,2,157
10:20:25,100u,checkoutservice-6f4dbd65bf-glltw,1,21
10:20:25,100u,checkoutservice-6f4dbd65bf-hkgzd,1,20
10:20:25,100u,checkoutservice-6f4dbd65bf-t2t2w,1,22
10:20:25,100u,currencyservice-7c8fc8fc9c-dlzht,1,112
10:20:25,100u,currencyservice-7c8fc8fc9c-mvsgf,1,126
10:20:25,100u,currencyservice-7c8fc8fc9c-wqrfs,2,127
10:20:25,100u,emailservice-66944ff59-478c4,4,57
10:20:25,100u,emailservice-66944ff59-4fvm9,4,94
10:20:25,100u,emailservice-66944ff59-txwj8,4,59
10:20:25,100u,envoy-grpc-lb-648f879c96-pdnt8,6,36
10:20:25,100u,frontend-56d4848657-2lw2w,1,30
10:20:25,100u,frontend-56d4848657-gf72x,1,32
10:20:25,100u,frontend-56d4848657-kc9nb,1,32
10:20:25,100u,paymentservice-9bfb7bf5-46sq4,2,85
10:20:25,100u,paymentservice-9bfb7bf5-pktv4,2,83
10:20:25,100u,paymentservice-9bfb7bf5-snj4k,1,112
10:20:25,100u,productcatalogservice-65bbf699df-8zzd2,1,43
10:20:25,100u,productcatalogservice-65bbf699df-qmltb,1,22
10:20:25,100u,productcatalogservice-65bbf699df-rh24h,1,22
10:20:25,100u,recommendationservice-7d7f9f7777-k667k,4,55
10:20:25,100u,recommendationservice-7d7f9f7777-k7s2c,3,55
10:20:25,100u,recommendationservice-7d7f9f7777-mrxwg,4,55
10:20:25,100u,redis-cart-c8ff86559-jrlvk,3,37
10:20:25,100u,shippingservice-f956b6d9f-2g46p,1,31
10:20:25,100u,shippingservice-f956b6d9f-4kzvq,1,19
10:20:25,100u,shippingservice-f956b6d9f-nmnfn,1,18
10:20:35,100u,adservice-574bff445c-grt9z,2,245
10:20:35,100u,adservice-574bff445c-h47zv,1,245
10:20:35,100u,adservice-574bff445c-wppcl,2,280
10:20:35,100u,cartservice-7c84fdfb6-hsn24,2,150
10:20:35,100u,cartservice-7c84fdfb6-s4cp2,2,182
10:20:35,100u,cartservice-7c84fdfb6-sf94w,2,157
10:20:35,100u,checkoutservice-6f4dbd65bf-glltw,1,21
10:20:35,100u,checkoutservice-6f4dbd65bf-hkgzd,1,20
10:20:35,100u,checkoutservice-6f4dbd65bf-t2t2w,1,22
10:20:35,100u,currencyservice-7c8fc8fc9c-dlzht,2,113
10:20:35,100u,currencyservice-7c8fc8fc9c-mvsgf,2,126
10:20:35,100u,currencyservice-7c8fc8fc9c-wqrfs,2,127
10:20:35,100u,emailservice-66944ff59-478c4,4,57
10:20:35,100u,emailservice-66944ff59-4fvm9,4,94
10:20:35,100u,emailservice-66944ff59-txwj8,4,59
10:20:35,100u,envoy-grpc-lb-648f879c96-pdnt8,6,36
10:20:35,100u,frontend-56d4848657-2lw2w,1,30
10:20:35,100u,frontend-56d4848657-gf72x,1,32
10:20:35,100u,frontend-56d4848657-kc9nb,1,32
10:20:35,100u,paymentservice-9bfb7bf5-46sq4,2,85
10:20:35,100u,paymentservice-9bfb7bf5-pktv4,1,83
10:20:35,100u,paymentservice-9bfb7bf5-snj4k,1,112
10:20:35,100u,productcatalogservice-65bbf699df-8zzd2,1,43
10:20:35,100u,productcatalogservice-65bbf699df-qmltb,1,22
10:20:35,100u,productcatalogservice-65bbf699df-rh24h,1,22
10:20:35,100u,recommendationservice-7d7f9f7777-k667k,3,55
10:20:35,100u,recommendationservice-7d7f9f7777-k7s2c,3,55
10:20:35,100u,recommendationservice-7d7f9f7777-mrxwg,3,55
10:20:35,100u,redis-cart-c8ff86559-jrlvk,3,37
10:20:35,100u,shippingservice-f956b6d9f-2g46p,1,31
10:20:35,100u,shippingservice-f956b6d9f-4kzvq,1,19
10:20:35,100u,shippingservice-f956b6d9f-nmnfn,1,18
10:20:45,100u,adservice-574bff445c-grt9z,2,245
10:20:45,100u,adservice-574bff445c-h47zv,1,245
10:20:45,100u,adservice-574bff445c-wppcl,2,280
10:20:45,100u,cartservice-7c84fdfb6-hsn24,2,150
10:20:45,100u,cartservice-7c84fdfb6-s4cp2,2,182
10:20:45,100u,cartservice-7c84fdfb6-sf94w,2,157
10:20:45,100u,checkoutservice-6f4dbd65bf-glltw,1,21
10:20:45,100u,checkoutservice-6f4dbd65bf-hkgzd,1,20
10:20:45,100u,checkoutservice-6f4dbd65bf-t2t2w,1,22
10:20:45,100u,currencyservice-7c8fc8fc9c-dlzht,2,113
10:20:45,100u,currencyservice-7c8fc8fc9c-mvsgf,2,126
10:20:45,100u,currencyservice-7c8fc8fc9c-wqrfs,2,127
10:20:45,100u,emailservice-66944ff59-478c4,4,57
10:20:45,100u,emailservice-66944ff59-4fvm9,4,94
10:20:45,100u,emailservice-66944ff59-txwj8,4,59
10:20:45,100u,envoy-grpc-lb-648f879c96-pdnt8,6,36
10:20:45,100u,frontend-56d4848657-2lw2w,1,30
10:20:45,100u,frontend-56d4848657-gf72x,1,32
10:20:45,100u,frontend-56d4848657-kc9nb,1,32
10:20:45,100u,paymentservice-9bfb7bf5-46sq4,2,85
10:20:45,100u,paymentservice-9bfb7bf5-pktv4,1,83
10:20:45,100u,paymentservice-9bfb7bf5-snj4k,1,112
10:20:45,100u,productcatalogservice-65bbf699df-8zzd2,1,43
10:20:45,100u,productcatalogservice-65bbf699df-qmltb,1,22
10:20:45,100u,productcatalogservice-65bbf699df-rh24h,1,22
10:20:45,100u,recommendationservice-7d7f9f7777-k667k,3,55
10:20:45,100u,recommendationservice-7d7f9f7777-k7s2c,3,55
10:20:45,100u,recommendationservice-7d7f9f7777-mrxwg,3,55
10:20:45,100u,redis-cart-c8ff86559-jrlvk,3,37
10:20:45,100u,shippingservice-f956b6d9f-2g46p,1,31
10:20:45,100u,shippingservice-f956b6d9f-4kzvq,1,19
10:20:45,100u,shippingservice-f956b6d9f-nmnfn,1,18
10:20:55,200u,adservice-574bff445c-grt9z,3,245
10:20:55,200u,adservice-574bff445c-h47zv,2,245
10:20:55,200u,adservice-574bff445c-wppcl,2,280
10:20:55,200u,cartservice-7c84fdfb6-hsn24,5,150
10:20:55,200u,cartservice-7c84fdfb6-s4cp2,5,182
10:20:55,200u,cartservice-7c84fdfb6-sf94w,5,152
10:20:55,200u,checkoutservice-6f4dbd65bf-glltw,1,21
10:20:55,200u,checkoutservice-6f4dbd65bf-hkgzd,1,22
10:20:55,200u,checkoutservice-6f4dbd65bf-t2t2w,2,22
10:20:55,200u,currencyservice-7c8fc8fc9c-dlzht,5,112
10:20:55,200u,currencyservice-7c8fc8fc9c-mvsgf,5,126
10:20:55,200u,currencyservice-7c8fc8fc9c-wqrfs,5,127
10:20:55,200u,emailservice-66944ff59-478c4,4,57
10:20:55,200u,emailservice-66944ff59-4fvm9,5,94
10:20:55,200u,emailservice-66944ff59-txwj8,5,59
10:20:55,200u,envoy-grpc-lb-648f879c96-pdnt8,17,36
10:20:55,200u,frontend-56d4848657-2lw2w,5,29
10:20:55,200u,frontend-56d4848657-gf72x,10,30
10:20:55,200u,frontend-56d4848657-kc9nb,1,32
10:20:55,200u,paymentservice-9bfb7bf5-46sq4,2,85
10:20:55,200u,paymentservice-9bfb7bf5-pktv4,2,84
10:20:55,200u,paymentservice-9bfb7bf5-snj4k,1,112
10:20:55,200u,productcatalogservice-65bbf699df-8zzd2,3,43
10:20:55,200u,productcatalogservice-65bbf699df-qmltb,3,23
10:20:55,200u,productcatalogservice-65bbf699df-rh24h,4,23
10:20:55,200u,recommendationservice-7d7f9f7777-k667k,7,55
10:20:55,200u,recommendationservice-7d7f9f7777-k7s2c,7,55
10:20:55,200u,recommendationservice-7d7f9f7777-mrxwg,6,55
10:20:55,200u,redis-cart-c8ff86559-jrlvk,4,37
10:20:55,200u,shippingservice-f956b6d9f-2g46p,1,31
10:20:55,200u,shippingservice-f956b6d9f-4kzvq,1,19
10:20:55,200u,shippingservice-f956b6d9f-nmnfn,1,18
10:21:05,200u,adservice-574bff445c-grt9z,17,245
10:21:05,200u,adservice-574bff445c-h47zv,20,245
10:21:05,200u,adservice-574bff445c-wppcl,17,280
10:21:05,200u,cartservice-7c84fdfb6-hsn24,42,151
10:21:05,200u,cartservice-7c84fdfb6-s4cp2,41,182
10:21:05,200u,cartservice-7c84fdfb6-sf94w,35,151
10:21:05,200u,checkoutservice-6f4dbd65bf-glltw,8,21
10:21:05,200u,checkoutservice-6f4dbd65bf-hkgzd,7,21
10:21:05,200u,checkoutservice-6f4dbd65bf-t2t2w,9,22
10:21:05,200u,currencyservice-7c8fc8fc9c-dlzht,94,113
10:21:05,200u,currencyservice-7c8fc8fc9c-mvsgf,94,126
10:21:05,200u,currencyservice-7c8fc8fc9c-wqrfs,97,126
10:21:05,200u,emailservice-66944ff59-478c4,6,57
10:21:05,200u,emailservice-66944ff59-4fvm9,5,94
10:21:05,200u,emailservice-66944ff59-txwj8,7,59
10:21:05,200u,envoy-grpc-lb-648f879c96-pdnt8,260,36
10:21:05,200u,frontend-56d4848657-2lw2w,69,29
10:21:05,200u,frontend-56d4848657-gf72x,135,31
10:21:05,200u,frontend-56d4848657-kc9nb,106,31
10:21:05,200u,paymentservice-9bfb7bf5-46sq4,3,85
10:21:05,200u,paymentservice-9bfb7bf5-pktv4,4,83
10:21:05,200u,paymentservice-9bfb7bf5-snj4k,4,112
10:21:05,200u,productcatalogservice-65bbf699df-8zzd2,53,43
10:21:05,200u,productcatalogservice-65bbf699df-qmltb,53,22
10:21:05,200u,productcatalogservice-65bbf699df-rh24h,52,22
10:21:05,200u,recommendationservice-7d7f9f7777-k667k,65,55
10:21:05,200u,recommendationservice-7d7f9f7777-k7s2c,64,55
10:21:05,200u,recommendationservice-7d7f9f7777-mrxwg,65,55
10:21:05,200u,redis-cart-c8ff86559-jrlvk,9,37
10:21:05,200u,shippingservice-f956b6d9f-2g46p,6,31
10:21:05,200u,shippingservice-f956b6d9f-4kzvq,6,19
10:21:05,200u,shippingservice-f956b6d9f-nmnfn,6,18
10:21:15,200u,adservice-574bff445c-grt9z,17,245
10:21:15,200u,adservice-574bff445c-h47zv,20,245
10:21:15,200u,adservice-574bff445c-wppcl,17,280
10:21:15,200u,cartservice-7c84fdfb6-hsn24,42,151
10:21:15,200u,cartservice-7c84fdfb6-s4cp2,41,182
10:21:15,200u,cartservice-7c84fdfb6-sf94w,35,151
10:21:15,200u,checkoutservice-6f4dbd65bf-glltw,8,21
10:21:15,200u,checkoutservice-6f4dbd65bf-hkgzd,7,21
10:21:15,200u,checkoutservice-6f4dbd65bf-t2t2w,9,22
10:21:15,200u,currencyservice-7c8fc8fc9c-dlzht,94,113
10:21:15,200u,currencyservice-7c8fc8fc9c-mvsgf,94,126
10:21:15,200u,currencyservice-7c8fc8fc9c-wqrfs,97,126
10:21:15,200u,emailservice-66944ff59-478c4,6,57
10:21:15,200u,emailservice-66944ff59-4fvm9,5,94
10:21:15,200u,emailservice-66944ff59-txwj8,7,59
10:21:15,200u,envoy-grpc-lb-648f879c96-pdnt8,260,36
10:21:15,200u,frontend-56d4848657-2lw2w,69,29
10:21:15,200u,frontend-56d4848657-gf72x,135,31
10:21:15,200u,frontend-56d4848657-kc9nb,106,31
10:21:15,200u,paymentservice-9bfb7bf5-46sq4,3,85
10:21:15,200u,paymentservice-9bfb7bf5-pktv4,4,83
10:21:15,200u,paymentservice-9bfb7bf5-snj4k,4,112
10:21:15,200u,productcatalogservice-65bbf699df-8zzd2,53,43
10:21:15,200u,productcatalogservice-65bbf699df-qmltb,53,22
10:21:15,200u,productcatalogservice-65bbf699df-rh24h,52,22
10:21:15,200u,recommendationservice-7d7f9f7777-k667k,65,55
10:21:15,200u,recommendationservice-7d7f9f7777-k7s2c,64,55
10:21:15,200u,recommendationservice-7d7f9f7777-mrxwg,65,55
10:21:15,200u,redis-cart-c8ff86559-jrlvk,9,37
10:21:15,200u,shippingservice-f956b6d9f-2g46p,6,31
10:21:15,200u,shippingservice-f956b6d9f-4kzvq,6,19
10:21:15,200u,shippingservice-f956b6d9f-nmnfn,6,18
10:21:25,200u,adservice-574bff445c-grt9z,25,245
10:21:25,200u,adservice-574bff445c-h47zv,25,245
10:21:25,200u,adservice-574bff445c-wppcl,29,280
10:21:25,200u,cartservice-7c84fdfb6-hsn24,61,151
10:21:25,200u,cartservice-7c84fdfb6-s4cp2,53,182
10:21:25,200u,cartservice-7c84fdfb6-sf94w,58,151
10:21:25,200u,checkoutservice-6f4dbd65bf-glltw,12,21
10:21:25,200u,checkoutservice-6f4dbd65bf-hkgzd,13,22
10:21:25,200u,checkoutservice-6f4dbd65bf-t2t2w,13,22
10:21:25,200u,currencyservice-7c8fc8fc9c-dlzht,145,112
10:21:25,200u,currencyservice-7c8fc8fc9c-mvsgf,146,126
10:21:25,200u,currencyservice-7c8fc8fc9c-wqrfs,145,126
10:21:25,200u,emailservice-66944ff59-478c4,7,57
10:21:25,200u,emailservice-66944ff59-4fvm9,9,94
10:21:25,200u,emailservice-66944ff59-txwj8,8,59
10:21:25,200u,envoy-grpc-lb-648f879c96-pdnt8,400,36
10:21:25,200u,frontend-56d4848657-2lw2w,137,30
10:21:25,200u,frontend-56d4848657-gf72x,158,31
10:21:25,200u,frontend-56d4848657-kc9nb,169,31
10:21:25,200u,paymentservice-9bfb7bf5-46sq4,5,85
10:21:25,200u,paymentservice-9bfb7bf5-pktv4,5,84
10:21:25,200u,paymentservice-9bfb7bf5-snj4k,5,112
10:21:25,200u,productcatalogservice-65bbf699df-8zzd2,86,43
10:21:25,200u,productcatalogservice-65bbf699df-qmltb,85,22
10:21:25,200u,productcatalogservice-65bbf699df-rh24h,86,22
10:21:25,200u,recommendationservice-7d7f9f7777-k667k,113,55
10:21:25,200u,recommendationservice-7d7f9f7777-k7s2c,114,55
10:21:25,200u,recommendationservice-7d7f9f7777-mrxwg,110,55
10:21:25,200u,redis-cart-c8ff86559-jrlvk,12,37
10:21:25,200u,shippingservice-f956b6d9f-2g46p,10,31
10:21:25,200u,shippingservice-f956b6d9f-4kzvq,9,19
10:21:25,200u,shippingservice-f956b6d9f-nmnfn,9,18
10:21:36,200u,adservice-574bff445c-grt9z,17,245
10:21:36,200u,adservice-574bff445c-h47zv,15,245
10:21:36,200u,adservice-574bff445c-wppcl,16,280
10:21:36,200u,cartservice-7c84fdfb6-hsn24,37,151
10:21:36,200u,cartservice-7c84fdfb6-s4cp2,36,182
10:21:36,200u,cartservice-7c84fdfb6-sf94w,33,152
10:21:36,200u,checkoutservice-6f4dbd65bf-glltw,7,21
10:21:36,200u,checkoutservice-6f4dbd65bf-hkgzd,6,22
10:21:36,200u,checkoutservice-6f4dbd65bf-t2t2w,6,22
10:21:36,200u,currencyservice-7c8fc8fc9c-dlzht,86,113
10:21:36,200u,currencyservice-7c8fc8fc9c-mvsgf,87,126
10:21:36,200u,currencyservice-7c8fc8fc9c-wqrfs,87,126
10:21:36,200u,emailservice-66944ff59-478c4,6,57
10:21:36,200u,emailservice-66944ff59-4fvm9,6,94
10:21:36,200u,emailservice-66944ff59-txwj8,6,59
10:21:36,200u,envoy-grpc-lb-648f879c96-pdnt8,254,36
10:21:36,200u,frontend-56d4848657-2lw2w,89,30
10:21:36,200u,frontend-56d4848657-gf72x,117,31
10:21:36,200u,frontend-56d4848657-kc9nb,96,31
10:21:36,200u,paymentservice-9bfb7bf5-46sq4,3,85
10:21:36,200u,paymentservice-9bfb7bf5-pktv4,3,84
10:21:36,200u,paymentservice-9bfb7bf5-snj4k,4,112
10:21:36,200u,productcatalogservice-65bbf699df-8zzd2,51,43
10:21:36,200u,productcatalogservice-65bbf699df-qmltb,52,22
10:21:36,200u,productcatalogservice-65bbf699df-rh24h,51,22
10:21:36,200u,recommendationservice-7d7f9f7777-k667k,66,55
10:21:36,200u,recommendationservice-7d7f9f7777-k7s2c,59,55
10:21:36,200u,recommendationservice-7d7f9f7777-mrxwg,65,55
10:21:36,200u,redis-cart-c8ff86559-jrlvk,8,37
10:21:36,200u,shippingservice-f956b6d9f-2g46p,6,31
10:21:36,200u,shippingservice-f956b6d9f-4kzvq,6,19
10:21:36,200u,shippingservice-f956b6d9f-nmnfn,6,19
10:21:46,200u,adservice-574bff445c-grt9z,17,245
10:21:46,200u,adservice-574bff445c-h47zv,15,245
10:21:46,200u,adservice-574bff445c-wppcl,16,280
10:21:46,200u,cartservice-7c84fdfb6-hsn24,37,151
10:21:46,200u,cartservice-7c84fdfb6-s4cp2,36,182
10:21:46,200u,cartservice-7c84fdfb6-sf94w,33,152
10:21:46,200u,checkoutservice-6f4dbd65bf-glltw,7,21
10:21:46,200u,checkoutservice-6f4dbd65bf-hkgzd,6,22
10:21:46,200u,checkoutservice-6f4dbd65bf-t2t2w,6,22
10:21:46,200u,currencyservice-7c8fc8fc9c-dlzht,86,113
10:21:46,200u,currencyservice-7c8fc8fc9c-mvsgf,87,126
10:21:46,200u,currencyservice-7c8fc8fc9c-wqrfs,87,126
10:21:46,200u,emailservice-66944ff59-478c4,6,57
10:21:46,200u,emailservice-66944ff59-4fvm9,6,94
10:21:46,200u,emailservice-66944ff59-txwj8,6,59
10:21:46,200u,envoy-grpc-lb-648f879c96-pdnt8,254,36
10:21:46,200u,frontend-56d4848657-2lw2w,89,30
10:21:46,200u,frontend-56d4848657-gf72x,117,31
10:21:46,200u,frontend-56d4848657-kc9nb,96,31
10:21:46,200u,paymentservice-9bfb7bf5-46sq4,3,85
10:21:46,200u,paymentservice-9bfb7bf5-pktv4,3,84
10:21:46,200u,paymentservice-9bfb7bf5-snj4k,4,112
10:21:46,200u,productcatalogservice-65bbf699df-8zzd2,51,43
10:21:46,200u,productcatalogservice-65bbf699df-qmltb,52,22
10:21:46,200u,productcatalogservice-65bbf699df-rh24h,51,22
10:21:46,200u,recommendationservice-7d7f9f7777-k667k,66,55
10:21:46,200u,recommendationservice-7d7f9f7777-k7s2c,59,55
10:21:46,200u,recommendationservice-7d7f9f7777-mrxwg,65,55
10:21:46,200u,redis-cart-c8ff86559-jrlvk,8,37
10:21:46,200u,shippingservice-f956b6d9f-2g46p,6,31
10:21:46,200u,shippingservice-f956b6d9f-4kzvq,6,19
10:21:46,200u,shippingservice-f956b6d9f-nmnfn,6,19
10:21:56,200u,adservice-574bff445c-grt9z,30,245
10:21:56,200u,adservice-574bff445c-h47zv,33,245
10:21:56,200u,adservice-574bff445c-wppcl,30,280
10:21:56,200u,cartservice-7c84fdfb6-hsn24,65,151
10:21:56,200u,cartservice-7c84fdfb6-s4cp2,68,182
10:21:56,200u,cartservice-7c84fdfb6-sf94w,68,151
10:21:56,200u,checkoutservice-6f4dbd65bf-glltw,15,21
10:21:56,200u,checkoutservice-6f4dbd65bf-hkgzd,18,22
10:21:56,200u,checkoutservice-6f4dbd65bf-t2t2w,17,22
10:21:56,200u,currencyservice-7c8fc8fc9c-dlzht,175,114
10:21:56,200u,currencyservice-7c8fc8fc9c-mvsgf,176,125
10:21:56,200u,currencyservice-7c8fc8fc9c-wqrfs,175,125
10:21:56,200u,emailservice-66944ff59-478c4,9,57
10:21:56,200u,emailservice-66944ff59-4fvm9,9,94
10:21:56,200u,emailservice-66944ff59-txwj8,9,59
10:21:56,200u,envoy-grpc-lb-648f879c96-pdnt8,478,36
10:21:56,200u,frontend-56d4848657-2lw2w,198,30
10:21:56,200u,frontend-56d4848657-gf72x,171,31
10:21:56,200u,frontend-56d4848657-kc9nb,182,32
10:21:56,200u,paymentservice-9bfb7bf5-46sq4,6,85
10:21:56,200u,paymentservice-9bfb7bf5-pktv4,6,84
10:21:56,200u,paymentservice-9bfb7bf5-snj4k,5,112
10:21:56,200u,productcatalogservice-65bbf699df-8zzd2,104,43
10:21:56,200u,productcatalogservice-65bbf699df-qmltb,103,22
10:21:56,200u,productcatalogservice-65bbf699df-rh24h,102,22
10:21:56,200u,recommendationservice-7d7f9f7777-k667k,133,55
10:21:56,200u,recommendationservice-7d7f9f7777-k7s2c,135,55
10:21:56,200u,recommendationservice-7d7f9f7777-mrxwg,145,55
10:21:56,200u,redis-cart-c8ff86559-jrlvk,14,37
10:21:56,200u,shippingservice-f956b6d9f-2g46p,12,32
10:21:56,200u,shippingservice-f956b6d9f-4kzvq,11,18
10:21:56,200u,shippingservice-f956b6d9f-nmnfn,11,18
10:22:06,200u,adservice-574bff445c-grt9z,38,245
10:22:06,200u,adservice-574bff445c-h47zv,40,245
10:22:06,200u,adservice-574bff445c-wppcl,41,280
10:22:06,200u,cartservice-7c84fdfb6-hsn24,89,151
10:22:06,200u,cartservice-7c84fdfb6-s4cp2,73,182
10:22:06,200u,cartservice-7c84fdfb6-sf94w,68,151
10:22:06,200u,checkoutservice-6f4dbd65bf-glltw,20,21
10:22:06,200u,checkoutservice-6f4dbd65bf-hkgzd,20,22
10:22:06,200u,checkoutservice-6f4dbd65bf-t2t2w,18,22
10:22:06,200u,currencyservice-7c8fc8fc9c-dlzht,197,115
10:22:06,200u,currencyservice-7c8fc8fc9c-mvsgf,198,126
10:22:06,200u,currencyservice-7c8fc8fc9c-wqrfs,197,124
10:22:06,200u,emailservice-66944ff59-478c4,10,57
10:22:06,200u,emailservice-66944ff59-4fvm9,9,94
10:22:06,200u,emailservice-66944ff59-txwj8,10,59
10:22:06,200u,envoy-grpc-lb-648f879c96-pdnt8,499,36
10:22:06,200u,frontend-56d4848657-2lw2w,199,31
10:22:06,200u,frontend-56d4848657-gf72x,189,31
10:22:06,200u,frontend-56d4848657-kc9nb,197,32
10:22:06,200u,paymentservice-9bfb7bf5-46sq4,7,85
10:22:06,200u,paymentservice-9bfb7bf5-pktv4,6,84
10:22:06,200u,paymentservice-9bfb7bf5-snj4k,6,112
10:22:06,200u,productcatalogservice-65bbf699df-8zzd2,112,43
10:22:06,200u,productcatalogservice-65bbf699df-qmltb,110,22
10:22:06,200u,productcatalogservice-65bbf699df-rh24h,112,22
10:22:06,200u,recommendationservice-7d7f9f7777-k667k,174,55
10:22:06,200u,recommendationservice-7d7f9f7777-k7s2c,172,55
10:22:06,200u,recommendationservice-7d7f9f7777-mrxwg,173,55
10:22:06,200u,redis-cart-c8ff86559-jrlvk,15,37
10:22:06,200u,shippingservice-f956b6d9f-2g46p,12,31
10:22:06,200u,shippingservice-f956b6d9f-4kzvq,13,18
10:22:06,200u,shippingservice-f956b6d9f-nmnfn,13,19
10:22:16,200u,adservice-574bff445c-grt9z,38,245
10:22:16,200u,adservice-574bff445c-h47zv,40,245
10:22:16,200u,adservice-574bff445c-wppcl,41,280
10:22:16,200u,cartservice-7c84fdfb6-hsn24,89,151
10:22:16,200u,cartservice-7c84fdfb6-s4cp2,73,182
10:22:16,200u,cartservice-7c84fdfb6-sf94w,68,151
10:22:16,200u,checkoutservice-6f4dbd65bf-glltw,20,21
10:22:16,200u,checkoutservice-6f4dbd65bf-hkgzd,20,22
10:22:16,200u,checkoutservice-6f4dbd65bf-t2t2w,18,22
10:22:16,200u,currencyservice-7c8fc8fc9c-dlzht,197,115
10:22:16,200u,currencyservice-7c8fc8fc9c-mvsgf,198,126
10:22:16,200u,currencyservice-7c8fc8fc9c-wqrfs,197,124
10:22:16,200u,emailservice-66944ff59-478c4,10,57
10:22:16,200u,emailservice-66944ff59-4fvm9,9,94
10:22:16,200u,emailservice-66944ff59-txwj8,10,59
10:22:16,200u,envoy-grpc-lb-648f879c96-pdnt8,499,36
10:22:16,200u,frontend-56d4848657-2lw2w,199,31
10:22:16,200u,frontend-56d4848657-gf72x,189,31
10:22:16,200u,frontend-56d4848657-kc9nb,197,32
10:22:16,200u,paymentservice-9bfb7bf5-46sq4,7,85
10:22:16,200u,paymentservice-9bfb7bf5-pktv4,6,84
10:22:16,200u,paymentservice-9bfb7bf5-snj4k,6,112
10:22:16,200u,productcatalogservice-65bbf699df-8zzd2,112,43
10:22:16,200u,productcatalogservice-65bbf699df-qmltb,110,22
10:22:16,200u,productcatalogservice-65bbf699df-rh24h,112,22
10:22:16,200u,recommendationservice-7d7f9f7777-k667k,174,55
10:22:16,200u,recommendationservice-7d7f9f7777-k7s2c,172,55
10:22:16,200u,recommendationservice-7d7f9f7777-mrxwg,173,55
10:22:16,200u,redis-cart-c8ff86559-jrlvk,15,37
10:22:16,200u,shippingservice-f956b6d9f-2g46p,12,31
10:22:16,200u,shippingservice-f956b6d9f-4kzvq,13,18
10:22:16,200u,shippingservice-f956b6d9f-nmnfn,13,19
10:22:26,200u,adservice-574bff445c-grt9z,43,246
10:22:26,200u,adservice-574bff445c-h47zv,49,245
10:22:26,200u,adservice-574bff445c-wppcl,44,280
10:22:26,200u,cartservice-7c84fdfb6-hsn24,103,151
10:22:26,200u,cartservice-7c84fdfb6-s4cp2,83,182
10:22:26,200u,cartservice-7c84fdfb6-sf94w,86,151
10:22:26,200u,checkoutservice-6f4dbd65bf-glltw,25,21
10:22:26,200u,checkoutservice-6f4dbd65bf-hkgzd,25,22
10:22:26,200u,checkoutservice-6f4dbd65bf-t2t2w,24,22
10:22:26,200u,currencyservice-7c8fc8fc9c-dlzht,200,115
10:22:26,200u,currencyservice-7c8fc8fc9c-mvsgf,200,126
10:22:26,200u,currencyservice-7c8fc8fc9c-wqrfs,199,126
10:22:26,200u,emailservice-66944ff59-478c4,11,57
10:22:26,200u,emailservice-66944ff59-4fvm9,12,94
10:22:26,200u,emailservice-66944ff59-txwj8,12,59
10:22:26,200u,envoy-grpc-lb-648f879c96-pdnt8,500,36
10:22:26,200u,frontend-56d4848657-2lw2w,198,31
10:22:26,200u,frontend-56d4848657-gf72x,193,32
10:22:26,200u,frontend-56d4848657-kc9nb,197,33
10:22:26,200u,paymentservice-9bfb7bf5-46sq4,8,85
10:22:26,200u,paymentservice-9bfb7bf5-pktv4,8,84
10:22:26,200u,paymentservice-9bfb7bf5-snj4k,6,112
10:22:26,200u,productcatalogservice-65bbf699df-8zzd2,115,43
10:22:26,200u,productcatalogservice-65bbf699df-qmltb,112,22
10:22:26,200u,productcatalogservice-65bbf699df-rh24h,116,22
10:22:26,200u,recommendationservice-7d7f9f7777-k667k,193,55
10:22:26,200u,recommendationservice-7d7f9f7777-k7s2c,195,55
10:22:26,200u,recommendationservice-7d7f9f7777-mrxwg,196,55
10:22:26,200u,redis-cart-c8ff86559-jrlvk,16,37
10:22:26,200u,shippingservice-f956b6d9f-2g46p,15,31
10:22:26,200u,shippingservice-f956b6d9f-4kzvq,15,19
10:22:26,200u,shippingservice-f956b6d9f-nmnfn,15,18
10:22:37,200u,adservice-574bff445c-grt9z,51,246
10:22:37,200u,adservice-574bff445c-h47zv,51,245
10:22:37,200u,adservice-574bff445c-wppcl,48,280
10:22:37,200u,cartservice-7c84fdfb6-hsn24,104,151
10:22:37,200u,cartservice-7c84fdfb6-s4cp2,92,182
10:22:37,200u,cartservice-7c84fdfb6-sf94w,85,151
10:22:37,200u,checkoutservice-6f4dbd65bf-glltw,29,21
10:22:37,200u,checkoutservice-6f4dbd65bf-hkgzd,27,22
10:22:37,200u,checkoutservice-6f4dbd65bf-t2t2w,24,22
10:22:37,200u,currencyservice-7c8fc8fc9c-dlzht,201,116
10:22:37,200u,currencyservice-7c8fc8fc9c-mvsgf,200,127
10:22:37,200u,currencyservice-7c8fc8fc9c-wqrfs,200,125
10:22:37,200u,emailservice-66944ff59-478c4,13,57
10:22:37,200u,emailservice-66944ff59-4fvm9,13,94
10:22:37,200u,emailservice-66944ff59-txwj8,14,59
10:22:37,200u,envoy-grpc-lb-648f879c96-pdnt8,500,36
10:22:37,200u,frontend-56d4848657-2lw2w,200,33
10:22:37,200u,frontend-56d4848657-gf72x,197,32
10:22:37,200u,frontend-56d4848657-kc9nb,198,33
10:22:37,200u,paymentservice-9bfb7bf5-46sq4,8,85
10:22:37,200u,paymentservice-9bfb7bf5-pktv4,7,84
10:22:37,200u,paymentservice-9bfb7bf5-snj4k,9,112
10:22:37,200u,productcatalogservice-65bbf699df-8zzd2,112,43
10:22:37,200u,productcatalogservice-65bbf699df-qmltb,110,22
10:22:37,200u,productcatalogservice-65bbf699df-rh24h,111,22
10:22:37,200u,recommendationservice-7d7f9f7777-k667k,199,55
10:22:37,200u,recommendationservice-7d7f9f7777-k7s2c,199,55
10:22:37,200u,recommendationservice-7d7f9f7777-mrxwg,198,55
10:22:37,200u,redis-cart-c8ff86559-jrlvk,18,37
10:22:37,200u,shippingservice-f956b6d9f-2g46p,17,31
10:22:37,200u,shippingservice-f956b6d9f-4kzvq,15,19
10:22:37,200u,shippingservice-f956b6d9f-nmnfn,16,18
10:22:47,200u,adservice-574bff445c-grt9z,51,246
10:22:47,200u,adservice-574bff445c-h47zv,51,245
10:22:47,200u,adservice-574bff445c-wppcl,48,280
10:22:47,200u,cartservice-7c84fdfb6-hsn24,104,151
10:22:47,200u,cartservice-7c84fdfb6-s4cp2,92,182
10:22:47,200u,cartservice-7c84fdfb6-sf94w,85,151
10:22:47,200u,checkoutservice-6f4dbd65bf-glltw,29,21
10:22:47,200u,checkoutservice-6f4dbd65bf-hkgzd,27,22
10:22:47,200u,checkoutservice-6f4dbd65bf-t2t2w,24,22
10:22:47,200u,currencyservice-7c8fc8fc9c-dlzht,201,116
10:22:47,200u,currencyservice-7c8fc8fc9c-mvsgf,200,127
10:22:47,200u,currencyservice-7c8fc8fc9c-wqrfs,200,125
10:22:47,200u,emailservice-66944ff59-478c4,13,57
10:22:47,200u,emailservice-66944ff59-4fvm9,13,94
10:22:47,200u,emailservice-66944ff59-txwj8,14,59
10:22:47,200u,envoy-grpc-lb-648f879c96-pdnt8,500,36
10:22:47,200u,frontend-56d4848657-2lw2w,200,33
10:22:47,200u,frontend-56d4848657-gf72x,197,32
10:22:47,200u,frontend-56d4848657-kc9nb,198,33
10:22:47,200u,paymentservice-9bfb7bf5-46sq4,8,85
10:22:47,200u,paymentservice-9bfb7bf5-pktv4,7,84
10:22:47,200u,paymentservice-9bfb7bf5-snj4k,9,112
10:22:47,200u,productcatalogservice-65bbf699df-8zzd2,112,43
10:22:47,200u,productcatalogservice-65bbf699df-qmltb,110,22
10:22:47,200u,productcatalogservice-65bbf699df-rh24h,111,22
10:22:47,200u,recommendationservice-7d7f9f7777-k667k,199,55
10:22:47,200u,recommendationservice-7d7f9f7777-k7s2c,199,55
10:22:47,200u,recommendationservice-7d7f9f7777-mrxwg,198,55
10:22:47,200u,redis-cart-c8ff86559-jrlvk,18,37
10:22:47,200u,shippingservice-f956b6d9f-2g46p,17,31
10:22:47,200u,shippingservice-f956b6d9f-4kzvq,15,19
10:22:47,200u,shippingservice-f956b6d9f-nmnfn,16,18
10:22:57,200u,adservice-574bff445c-grt9z,55,246
10:22:57,200u,adservice-574bff445c-h47zv,53,246
10:22:57,200u,adservice-574bff445c-wppcl,55,280
10:22:57,200u,cartservice-7c84fdfb6-hsn24,104,151
10:22:57,200u,cartservice-7c84fdfb6-s4cp2,94,183
10:22:57,200u,cartservice-7c84fdfb6-sf94w,86,151
10:22:57,200u,checkoutservice-6f4dbd65bf-glltw,26,21
10:22:57,200u,checkoutservice-6f4dbd65bf-hkgzd,29,22
10:22:57,200u,checkoutservice-6f4dbd65bf-t2t2w,23,22
10:22:57,200u,currencyservice-7c8fc8fc9c-dlzht,200,118
10:22:57,200u,currencyservice-7c8fc8fc9c-mvsgf,199,127
10:22:57,200u,currencyservice-7c8fc8fc9c-wqrfs,199,125
10:22:57,200u,emailservice-66944ff59-478c4,12,57
10:22:57,200u,emailservice-66944ff59-4fvm9,12,94
10:22:57,200u,emailservice-66944ff59-txwj8,14,59
10:22:57,200u,envoy-grpc-lb-648f879c96-pdnt8,500,38
10:22:57,200u,frontend-56d4848657-2lw2w,198,34
10:22:57,200u,frontend-56d4848657-gf72x,198,33
10:22:57,200u,frontend-56d4848657-kc9nb,199,34
10:22:57,200u,paymentservice-9bfb7bf5-46sq4,8,85
10:22:57,200u,paymentservice-9bfb7bf5-pktv4,7,84
10:22:57,200u,paymentservice-9bfb7bf5-snj4k,8,112
10:22:57,200u,productcatalogservice-65bbf699df-8zzd2,112,43
10:22:57,200u,productcatalogservice-65bbf699df-qmltb,110,22
10:22:57,200u,productcatalogservice-65bbf699df-rh24h,110,22
10:22:57,200u,recommendationservice-7d7f9f7777-k667k,198,55
10:22:57,200u,recommendationservice-7d7f9f7777-k7s2c,200,55
10:22:57,200u,recommendationservice-7d7f9f7777-mrxwg,201,55
10:22:57,200u,redis-cart-c8ff86559-jrlvk,18,37
10:22:57,200u,shippingservice-f956b6d9f-2g46p,16,31
10:22:57,200u,shippingservice-f956b6d9f-4kzvq,16,19
10:22:57,200u,shippingservice-f956b6d9f-nmnfn,17,18
10:23:07,200u,adservice-574bff445c-grt9z,52,246
10:23:07,200u,adservice-574bff445c-h47zv,58,246
10:23:07,200u,adservice-574bff445c-wppcl,53,280
10:23:07,200u,cartservice-7c84fdfb6-hsn24,109,151
10:23:07,200u,cartservice-7c84fdfb6-s4cp2,100,183
10:23:07,200u,cartservice-7c84fdfb6-sf94w,94,151
10:23:07,200u,checkoutservice-6f4dbd65bf-glltw,30,21
10:23:07,200u,checkoutservice-6f4dbd65bf-hkgzd,25,22
10:23:07,200u,checkoutservice-6f4dbd65bf-t2t2w,27,22
10:23:07,200u,currencyservice-7c8fc8fc9c-dlzht,200,118
10:23:07,200u,currencyservice-7c8fc8fc9c-mvsgf,200,126
10:23:07,200u,currencyservice-7c8fc8fc9c-wqrfs,200,126
10:23:07,200u,emailservice-66944ff59-478c4,13,57
10:23:07,200u,emailservice-66944ff59-4fvm9,14,94
10:23:07,200u,emailservice-66944ff59-txwj8,12,59
10:23:07,200u,envoy-grpc-lb-648f879c96-pdnt8,500,39
10:23:07,200u,frontend-56d4848657-2lw2w,199,33
10:23:07,200u,frontend-56d4848657-gf72x,198,33
10:23:07,200u,frontend-56d4848657-kc9nb,198,34
10:23:07,200u,paymentservice-9bfb7bf5-46sq4,9,85
10:23:07,200u,paymentservice-9bfb7bf5-pktv4,7,84
10:23:07,200u,paymentservice-9bfb7bf5-snj4k,7,113
10:23:07,200u,productcatalogservice-65bbf699df-8zzd2,111,43
10:23:07,200u,productcatalogservice-65bbf699df-qmltb,112,23
10:23:07,200u,productcatalogservice-65bbf699df-rh24h,109,22
10:23:07,200u,recommendationservice-7d7f9f7777-k667k,200,55
10:23:07,200u,recommendationservice-7d7f9f7777-k7s2c,200,55
10:23:07,200u,recommendationservice-7d7f9f7777-mrxwg,199,55
10:23:07,200u,redis-cart-c8ff86559-jrlvk,18,37
10:23:07,200u,shippingservice-f956b6d9f-2g46p,17,31
10:23:07,200u,shippingservice-f956b6d9f-4kzvq,17,19
10:23:07,200u,shippingservice-f956b6d9f-nmnfn,16,18
10:23:17,200u,adservice-574bff445c-grt9z,52,246
10:23:17,200u,adservice-574bff445c-h47zv,58,246
10:23:17,200u,adservice-574bff445c-wppcl,53,280
10:23:17,200u,cartservice-7c84fdfb6-hsn24,109,151
10:23:17,200u,cartservice-7c84fdfb6-s4cp2,100,183
10:23:17,200u,cartservice-7c84fdfb6-sf94w,94,151
10:23:17,200u,checkoutservice-6f4dbd65bf-glltw,30,21
10:23:17,200u,checkoutservice-6f4dbd65bf-hkgzd,25,22
10:23:17,200u,checkoutservice-6f4dbd65bf-t2t2w,27,22
10:23:17,200u,currencyservice-7c8fc8fc9c-dlzht,200,118
10:23:17,200u,currencyservice-7c8fc8fc9c-mvsgf,200,126
10:23:17,200u,currencyservice-7c8fc8fc9c-wqrfs,200,126
10:23:17,200u,emailservice-66944ff59-478c4,13,57
10:23:17,200u,emailservice-66944ff59-4fvm9,14,94
10:23:17,200u,emailservice-66944ff59-txwj8,12,59
10:23:17,200u,envoy-grpc-lb-648f879c96-pdnt8,500,39
10:23:17,200u,frontend-56d4848657-2lw2w,199,33
10:23:17,200u,frontend-56d4848657-gf72x,198,33
10:23:17,200u,frontend-56d4848657-kc9nb,198,34
10:23:17,200u,paymentservice-9bfb7bf5-46sq4,9,85
10:23:17,200u,paymentservice-9bfb7bf5-pktv4,7,84
10:23:17,200u,paymentservice-9bfb7bf5-snj4k,7,113
10:23:17,200u,productcatalogservice-65bbf699df-8zzd2,111,43
10:23:17,200u,productcatalogservice-65bbf699df-qmltb,112,23
10:23:17,200u,productcatalogservice-65bbf699df-rh24h,109,22
10:23:17,200u,recommendationservice-7d7f9f7777-k667k,200,55
10:23:17,200u,recommendationservice-7d7f9f7777-k7s2c,200,55
10:23:17,200u,recommendationservice-7d7f9f7777-mrxwg,199,55
10:23:17,200u,redis-cart-c8ff86559-jrlvk,18,37
10:23:17,200u,shippingservice-f956b6d9f-2g46p,17,31
10:23:17,200u,shippingservice-f956b6d9f-4kzvq,17,19
10:23:17,200u,shippingservice-f956b6d9f-nmnfn,16,18
10:23:27,200u,adservice-574bff445c-grt9z,44,246
10:23:27,200u,adservice-574bff445c-h47zv,59,246
10:23:27,200u,adservice-574bff445c-wppcl,38,280
10:23:27,200u,cartservice-7c84fdfb6-hsn24,84,151
10:23:27,200u,cartservice-7c84fdfb6-s4cp2,83,183
10:23:27,200u,cartservice-7c84fdfb6-sf94w,83,152
10:23:27,200u,checkoutservice-6f4dbd65bf-glltw,23,21
10:23:27,200u,checkoutservice-6f4dbd65bf-hkgzd,20,22
10:23:27,200u,checkoutservice-6f4dbd65bf-t2t2w,20,22
10:23:27,200u,currencyservice-7c8fc8fc9c-dlzht,170,118
10:23:27,200u,currencyservice-7c8fc8fc9c-mvsgf,168,127
10:23:27,200u,emailservice-66944ff59-478c4,12,57
10:23:27,200u,emailservice-66944ff59-4fvm9,11,94
10:23:27,200u,emailservice-66944ff59-txwj8,10,59
10:23:27,200u,envoy-grpc-lb-648f879c96-pdnt8,419,40
10:23:27,200u,frontend-56d4848657-2lw2w,171,33
10:23:27,200u,frontend-56d4848657-gf72x,167,32
10:23:27,200u,frontend-56d4848657-kc9nb,169,33
10:23:27,200u,paymentservice-9bfb7bf5-46sq4,7,85
10:23:27,200u,paymentservice-9bfb7bf5-pktv4,5,84
10:23:27,200u,paymentservice-9bfb7bf5-snj4k,8,113
10:23:27,200u,productcatalogservice-65bbf699df-8zzd2,93,43
10:23:27,200u,productcatalogservice-65bbf699df-qmltb,94,23
10:23:27,200u,productcatalogservice-65bbf699df-rh24h,95,22
10:23:27,200u,recommendationservice-7d7f9f7777-k667k,166,55
10:23:27,200u,recommendationservice-7d7f9f7777-k7s2c,165,55
10:23:27,200u,recommendationservice-7d7f9f7777-mrxwg,170,55
10:23:27,200u,redis-cart-c8ff86559-jrlvk,16,37
10:23:27,200u,shippingservice-f956b6d9f-2g46p,14,31
10:23:27,200u,shippingservice-f956b6d9f-4kzvq,13,19
10:23:27,200u,shippingservice-f956b6d9f-nmnfn,14,18
10:23:38,200u,adservice-574bff445c-grt9z,1,246
10:23:38,200u,adservice-574bff445c-h47zv,1,246
10:23:38,200u,adservice-574bff445c-wppcl,1,280
10:23:38,200u,cartservice-7c84fdfb6-hsn24,3,151
10:23:38,200u,cartservice-7c84fdfb6-s4cp2,2,183
10:23:38,200u,cartservice-7c84fdfb6-sf94w,2,152
10:23:38,200u,checkoutservice-6f4dbd65bf-glltw,1,21
10:23:38,200u,checkoutservice-6f4dbd65bf-hkgzd,1,22
10:23:38,200u,checkoutservice-6f4dbd65bf-t2t2w,1,22
10:23:38,200u,currencyservice-7c8fc8fc9c-dlzht,2,120
10:23:38,200u,currencyservice-7c8fc8fc9c-mvsgf,2,127
10:23:38,200u,currencyservice-7c8fc8fc9c-wqrfs,59,106
10:23:38,200u,emailservice-66944ff59-478c4,4,57
10:23:38,200u,emailservice-66944ff59-4fvm9,4,94
10:23:38,200u,emailservice-66944ff59-txwj8,4,59
10:23:38,200u,envoy-grpc-lb-648f879c96-pdnt8,6,40
10:23:38,200u,frontend-56d4848657-2lw2w,1,33
10:23:38,200u,frontend-56d4848657-gf72x,1,32
10:23:38,200u,frontend-56d4848657-kc9nb,1,33
10:23:38,200u,paymentservice-9bfb7bf5-46sq4,1,85
10:23:38,200u,paymentservice-9bfb7bf5-pktv4,2,84
10:23:38,200u,paymentservice-9bfb7bf5-snj4k,1,113
10:23:38,200u,productcatalogservice-65bbf699df-8zzd2,1,43
10:23:38,200u,productcatalogservice-65bbf699df-qmltb,1,23
10:23:38,200u,productcatalogservice-65bbf699df-rh24h,1,22
10:23:38,200u,recommendationservice-7d7f9f7777-k667k,4,55
10:23:38,200u,recommendationservice-7d7f9f7777-k7s2c,4,55
10:23:38,200u,recommendationservice-7d7f9f7777-mrxwg,4,55
10:23:38,200u,redis-cart-c8ff86559-jrlvk,2,37
10:23:38,200u,shippingservice-f956b6d9f-2g46p,1,31
10:23:38,200u,shippingservice-f956b6d9f-4kzvq,1,19
10:23:38,200u,shippingservice-f956b6d9f-nmnfn,1,18
10:23:48,200u,adservice-574bff445c-grt9z,1,246
10:23:48,200u,adservice-574bff445c-h47zv,1,246
10:23:48,200u,adservice-574bff445c-wppcl,1,280
10:23:48,200u,cartservice-7c84fdfb6-hsn24,3,151
10:23:48,200u,cartservice-7c84fdfb6-s4cp2,2,183
10:23:48,200u,cartservice-7c84fdfb6-sf94w,2,152
10:23:48,200u,checkoutservice-6f4dbd65bf-glltw,1,21
10:23:48,200u,checkoutservice-6f4dbd65bf-hkgzd,1,22
10:23:48,200u,checkoutservice-6f4dbd65bf-t2t2w,1,22
10:23:48,200u,currencyservice-7c8fc8fc9c-dlzht,2,120
10:23:48,200u,currencyservice-7c8fc8fc9c-mvsgf,2,127
10:23:48,200u,currencyservice-7c8fc8fc9c-wqrfs,59,106
10:23:48,200u,emailservice-66944ff59-478c4,4,57
10:23:48,200u,emailservice-66944ff59-4fvm9,4,94
10:23:48,200u,emailservice-66944ff59-txwj8,4,59
10:23:48,200u,envoy-grpc-lb-648f879c96-pdnt8,6,40
10:23:48,200u,frontend-56d4848657-2lw2w,1,33
10:23:48,200u,frontend-56d4848657-gf72x,1,32
10:23:48,200u,frontend-56d4848657-kc9nb,1,33
10:23:48,200u,paymentservice-9bfb7bf5-46sq4,1,85
10:23:48,200u,paymentservice-9bfb7bf5-pktv4,2,84
10:23:48,200u,paymentservice-9bfb7bf5-snj4k,1,113
10:23:48,200u,productcatalogservice-65bbf699df-8zzd2,1,43
10:23:48,200u,productcatalogservice-65bbf699df-qmltb,1,23
10:23:48,200u,productcatalogservice-65bbf699df-rh24h,1,22
10:23:48,200u,recommendationservice-7d7f9f7777-k667k,4,55
10:23:48,200u,recommendationservice-7d7f9f7777-k7s2c,4,55
10:23:48,200u,recommendationservice-7d7f9f7777-mrxwg,4,55
10:23:48,200u,redis-cart-c8ff86559-jrlvk,2,37
10:23:48,200u,shippingservice-f956b6d9f-2g46p,1,31
10:23:48,200u,shippingservice-f956b6d9f-4kzvq,1,19
10:23:48,200u,shippingservice-f956b6d9f-nmnfn,1,18
10:23:58,200u,adservice-574bff445c-grt9z,1,246
10:23:58,200u,adservice-574bff445c-h47zv,2,246
10:23:58,200u,adservice-574bff445c-wppcl,1,280
10:23:58,200u,cartservice-7c84fdfb6-hsn24,2,151
10:23:58,200u,cartservice-7c84fdfb6-s4cp2,2,183
10:23:58,200u,cartservice-7c84fdfb6-sf94w,2,151
10:23:58,200u,checkoutservice-6f4dbd65bf-glltw,1,21
10:23:58,200u,checkoutservice-6f4dbd65bf-hkgzd,1,22
10:23:58,200u,checkoutservice-6f4dbd65bf-t2t2w,1,22
10:23:58,200u,currencyservice-7c8fc8fc9c-dlzht,1,121
10:23:58,200u,currencyservice-7c8fc8fc9c-mvsgf,1,127
10:23:58,200u,currencyservice-7c8fc8fc9c-wqrfs,2,108
10:23:58,200u,emailservice-66944ff59-478c4,4,57
10:23:58,200u,emailservice-66944ff59-4fvm9,4,94
10:23:58,200u,emailservice-66944ff59-txwj8,4,59
10:23:58,200u,envoy-grpc-lb-648f879c96-pdnt8,6,40
10:23:58,200u,frontend-56d4848657-2lw2w,1,33
10:23:58,200u,frontend-56d4848657-gf72x,1,32
10:23:58,200u,frontend-56d4848657-kc9nb,1,33
10:23:58,200u,paymentservice-9bfb7bf5-46sq4,1,85
10:23:58,200u,paymentservice-9bfb7bf5-pktv4,1,84
10:23:58,200u,paymentservice-9bfb7bf5-snj4k,1,113
10:23:58,200u,productcatalogservice-65bbf699df-8zzd2,1,43
10:23:58,200u,productcatalogservice-65bbf699df-qmltb,1,23
10:23:58,200u,productcatalogservice-65bbf699df-rh24h,1,22
10:23:58,200u,recommendationservice-7d7f9f7777-k667k,3,55
10:23:58,200u,recommendationservice-7d7f9f7777-k7s2c,4,55
10:23:58,200u,recommendationservice-7d7f9f7777-mrxwg,3,55
10:23:58,200u,redis-cart-c8ff86559-jrlvk,3,37
10:23:58,200u,shippingservice-f956b6d9f-2g46p,1,31
10:23:58,200u,shippingservice-f956b6d9f-4kzvq,1,19
10:23:58,200u,shippingservice-f956b6d9f-nmnfn,1,18
10:24:08,200u,adservice-574bff445c-grt9z,2,246
10:24:08,200u,adservice-574bff445c-h47zv,2,245
10:24:08,200u,adservice-574bff445c-wppcl,2,280
10:24:08,200u,cartservice-7c84fdfb6-hsn24,2,151
10:24:08,200u,cartservice-7c84fdfb6-s4cp2,2,183
10:24:08,200u,cartservice-7c84fdfb6-sf94w,2,151
10:24:08,200u,checkoutservice-6f4dbd65bf-glltw,1,21
10:24:08,200u,checkoutservice-6f4dbd65bf-hkgzd,1,22
10:24:08,200u,checkoutservice-6f4dbd65bf-t2t2w,1,22
10:24:08,200u,currencyservice-7c8fc8fc9c-dlzht,2,121
10:24:08,200u,currencyservice-7c8fc8fc9c-mvsgf,2,127
10:24:08,200u,currencyservice-7c8fc8fc9c-wqrfs,2,109
10:24:08,200u,emailservice-66944ff59-478c4,4,57
10:24:08,200u,emailservice-66944ff59-4fvm9,4,94
10:24:08,200u,emailservice-66944ff59-txwj8,4,59
10:24:08,200u,envoy-grpc-lb-648f879c96-pdnt8,6,40
10:24:08,200u,frontend-56d4848657-2lw2w,1,33
10:24:08,200u,frontend-56d4848657-gf72x,1,32
10:24:08,200u,frontend-56d4848657-kc9nb,1,33
10:24:08,200u,paymentservice-9bfb7bf5-46sq4,1,85
10:24:08,200u,paymentservice-9bfb7bf5-pktv4,1,84
10:24:08,200u,paymentservice-9bfb7bf5-snj4k,1,113
10:24:08,200u,productcatalogservice-65bbf699df-8zzd2,1,43
10:24:08,200u,productcatalogservice-65bbf699df-qmltb,1,23
10:24:08,200u,productcatalogservice-65bbf699df-rh24h,1,22
10:24:08,200u,recommendationservice-7d7f9f7777-k667k,4,55
10:24:08,200u,recommendationservice-7d7f9f7777-k7s2c,3,55
10:24:08,200u,recommendationservice-7d7f9f7777-mrxwg,3,55
10:24:08,200u,redis-cart-c8ff86559-jrlvk,3,37
10:24:08,200u,shippingservice-f956b6d9f-2g46p,1,31
10:24:08,200u,shippingservice-f956b6d9f-4kzvq,1,19
10:24:08,200u,shippingservice-f956b6d9f-nmnfn,1,18
10:24:18,200u,adservice-574bff445c-grt9z,2,246
10:24:18,200u,adservice-574bff445c-h47zv,2,245
10:24:18,200u,adservice-574bff445c-wppcl,2,280
10:24:18,200u,cartservice-7c84fdfb6-hsn24,2,151
10:24:18,200u,cartservice-7c84fdfb6-s4cp2,2,183
10:24:18,200u,cartservice-7c84fdfb6-sf94w,2,151
10:24:18,200u,checkoutservice-6f4dbd65bf-glltw,1,21
10:24:18,200u,checkoutservice-6f4dbd65bf-hkgzd,1,22
10:24:18,200u,checkoutservice-6f4dbd65bf-t2t2w,1,22
10:24:18,200u,currencyservice-7c8fc8fc9c-dlzht,2,121
10:24:18,200u,currencyservice-7c8fc8fc9c-mvsgf,2,127
10:24:18,200u,currencyservice-7c8fc8fc9c-wqrfs,2,109
10:24:18,200u,emailservice-66944ff59-478c4,4,57
10:24:18,200u,emailservice-66944ff59-4fvm9,4,94
10:24:18,200u,emailservice-66944ff59-txwj8,4,59
10:24:18,200u,envoy-grpc-lb-648f879c96-pdnt8,6,40
10:24:18,200u,frontend-56d4848657-2lw2w,1,33
10:24:18,200u,frontend-56d4848657-gf72x,1,32
10:24:18,200u,frontend-56d4848657-kc9nb,1,33
10:24:18,200u,paymentservice-9bfb7bf5-46sq4,1,85
10:24:18,200u,paymentservice-9bfb7bf5-pktv4,1,84
10:24:18,200u,paymentservice-9bfb7bf5-snj4k,1,113
10:24:18,200u,productcatalogservice-65bbf699df-8zzd2,1,43
10:24:18,200u,productcatalogservice-65bbf699df-qmltb,1,23
10:24:18,200u,productcatalogservice-65bbf699df-rh24h,1,22
10:24:18,200u,recommendationservice-7d7f9f7777-k667k,4,55
10:24:18,200u,recommendationservice-7d7f9f7777-k7s2c,3,55
10:24:18,200u,recommendationservice-7d7f9f7777-mrxwg,3,55
10:24:18,200u,redis-cart-c8ff86559-jrlvk,3,37
10:24:18,200u,shippingservice-f956b6d9f-2g46p,1,31
10:24:18,200u,shippingservice-f956b6d9f-4kzvq,1,19
10:24:18,200u,shippingservice-f956b6d9f-nmnfn,1,18
10:24:28,300u,adservice-574bff445c-grt9z,1,245
10:24:28,300u,adservice-574bff445c-h47zv,1,245
10:24:28,300u,adservice-574bff445c-wppcl,2,280
10:24:28,300u,cartservice-7c84fdfb6-hsn24,2,151
10:24:28,300u,cartservice-7c84fdfb6-s4cp2,2,183
10:24:28,300u,cartservice-7c84fdfb6-sf94w,3,152
10:24:28,300u,checkoutservice-6f4dbd65bf-glltw,1,21
10:24:28,300u,checkoutservice-6f4dbd65bf-hkgzd,1,22
10:24:28,300u,checkoutservice-6f4dbd65bf-t2t2w,1,22
10:24:28,300u,currencyservice-7c8fc8fc9c-dlzht,1,121
10:24:28,300u,currencyservice-7c8fc8fc9c-mvsgf,1,127
10:24:28,300u,currencyservice-7c8fc8fc9c-wqrfs,4,109
10:24:28,300u,emailservice-66944ff59-478c4,4,57
10:24:28,300u,emailservice-66944ff59-4fvm9,3,94
10:24:28,300u,emailservice-66944ff59-txwj8,4,59
10:24:28,300u,envoy-grpc-lb-648f879c96-pdnt8,6,40
10:24:28,300u,frontend-56d4848657-2lw2w,1,33
10:24:28,300u,frontend-56d4848657-gf72x,1,32
10:24:28,300u,frontend-56d4848657-kc9nb,1,33
10:24:28,300u,paymentservice-9bfb7bf5-46sq4,1,85
10:24:28,300u,paymentservice-9bfb7bf5-pktv4,1,84
10:24:28,300u,paymentservice-9bfb7bf5-snj4k,1,113
10:24:28,300u,productcatalogservice-65bbf699df-8zzd2,1,43
10:24:28,300u,productcatalogservice-65bbf699df-qmltb,1,23
10:24:28,300u,productcatalogservice-65bbf699df-rh24h,1,23
10:24:28,300u,recommendationservice-7d7f9f7777-k667k,4,55
10:24:28,300u,recommendationservice-7d7f9f7777-k7s2c,4,55
10:24:28,300u,recommendationservice-7d7f9f7777-mrxwg,3,55
10:24:28,300u,redis-cart-c8ff86559-jrlvk,3,37
10:24:28,300u,shippingservice-f956b6d9f-2g46p,1,32
10:24:28,300u,shippingservice-f956b6d9f-4kzvq,1,19
10:24:28,300u,shippingservice-f956b6d9f-nmnfn,1,18
10:24:38,300u,adservice-574bff445c-grt9z,12,245
10:24:38,300u,adservice-574bff445c-h47zv,12,245
10:24:38,300u,adservice-574bff445c-wppcl,11,280
10:24:38,300u,cartservice-7c84fdfb6-hsn24,31,151
10:24:38,300u,cartservice-7c84fdfb6-s4cp2,25,183
10:24:38,300u,cartservice-7c84fdfb6-sf94w,31,151
10:24:38,300u,checkoutservice-6f4dbd65bf-glltw,6,21
10:24:38,300u,checkoutservice-6f4dbd65bf-hkgzd,6,22
10:24:38,300u,checkoutservice-6f4dbd65bf-t2t2w,5,22
10:24:38,300u,currencyservice-7c8fc8fc9c-dlzht,65,121
10:24:38,300u,currencyservice-7c8fc8fc9c-mvsgf,63,126
10:24:38,300u,currencyservice-7c8fc8fc9c-wqrfs,104,100
10:24:38,300u,emailservice-66944ff59-478c4,5,57
10:24:38,300u,emailservice-66944ff59-4fvm9,5,94
10:24:38,300u,emailservice-66944ff59-txwj8,5,59
10:24:38,300u,envoy-grpc-lb-648f879c96-pdnt8,186,40
10:24:38,300u,frontend-56d4848657-2lw2w,65,30
10:24:38,300u,frontend-56d4848657-gf72x,94,31
10:24:38,300u,frontend-56d4848657-kc9nb,58,31
10:24:38,300u,paymentservice-9bfb7bf5-46sq4,3,85
10:24:38,300u,paymentservice-9bfb7bf5-pktv4,3,84
10:24:38,300u,paymentservice-9bfb7bf5-snj4k,3,113
10:24:38,300u,productcatalogservice-65bbf699df-8zzd2,37,44
10:24:38,300u,productcatalogservice-65bbf699df-qmltb,39,22
10:24:38,300u,productcatalogservice-65bbf699df-rh24h,38,22
10:24:38,300u,recommendationservice-7d7f9f7777-k667k,47,55
10:24:38,300u,recommendationservice-7d7f9f7777-k7s2c,44,55
10:24:38,300u,recommendationservice-7d7f9f7777-mrxwg,47,55
10:24:38,300u,redis-cart-c8ff86559-jrlvk,7,37
10:24:38,300u,shippingservice-f956b6d9f-2g46p,5,31
10:24:38,300u,shippingservice-f956b6d9f-4kzvq,5,19
10:24:38,300u,shippingservice-f956b6d9f-nmnfn,5,18
10:24:49,300u,adservice-574bff445c-grt9z,12,245
10:24:49,300u,adservice-574bff445c-h47zv,12,245
10:24:49,300u,adservice-574bff445c-wppcl,11,280
10:24:49,300u,cartservice-7c84fdfb6-hsn24,31,151
10:24:49,300u,cartservice-7c84fdfb6-s4cp2,25,183
10:24:49,300u,cartservice-7c84fdfb6-sf94w,31,151
10:24:49,300u,checkoutservice-6f4dbd65bf-glltw,6,21
10:24:49,300u,checkoutservice-6f4dbd65bf-hkgzd,6,22
10:24:49,300u,checkoutservice-6f4dbd65bf-t2t2w,5,22
10:24:49,300u,currencyservice-7c8fc8fc9c-dlzht,65,121
10:24:49,300u,currencyservice-7c8fc8fc9c-mvsgf,63,126
10:24:49,300u,currencyservice-7c8fc8fc9c-wqrfs,104,100
10:24:49,300u,emailservice-66944ff59-478c4,5,57
10:24:49,300u,emailservice-66944ff59-4fvm9,5,94
10:24:49,300u,emailservice-66944ff59-txwj8,5,59
10:24:49,300u,envoy-grpc-lb-648f879c96-pdnt8,186,40
10:24:49,300u,frontend-56d4848657-2lw2w,65,30
10:24:49,300u,frontend-56d4848657-gf72x,94,31
10:24:49,300u,frontend-56d4848657-kc9nb,58,31
10:24:49,300u,paymentservice-9bfb7bf5-46sq4,3,85
10:24:49,300u,paymentservice-9bfb7bf5-pktv4,3,84
10:24:49,300u,paymentservice-9bfb7bf5-snj4k,3,113
10:24:49,300u,productcatalogservice-65bbf699df-8zzd2,37,44
10:24:49,300u,productcatalogservice-65bbf699df-qmltb,39,22
10:24:49,300u,productcatalogservice-65bbf699df-rh24h,38,22
10:24:49,300u,recommendationservice-7d7f9f7777-k667k,47,55
10:24:49,300u,recommendationservice-7d7f9f7777-k7s2c,44,55
10:24:49,300u,recommendationservice-7d7f9f7777-mrxwg,47,55
10:24:49,300u,redis-cart-c8ff86559-jrlvk,7,37
10:24:49,300u,shippingservice-f956b6d9f-2g46p,5,31
10:24:49,300u,shippingservice-f956b6d9f-4kzvq,5,19
10:24:49,300u,shippingservice-f956b6d9f-nmnfn,5,18
10:24:59,300u,adservice-574bff445c-grt9z,26,245
10:24:59,300u,adservice-574bff445c-h47zv,30,245
10:24:59,300u,adservice-574bff445c-wppcl,28,280
10:24:59,300u,cartservice-7c84fdfb6-hsn24,79,152
10:24:59,300u,cartservice-7c84fdfb6-s4cp2,57,183
10:24:59,300u,cartservice-7c84fdfb6-sf94w,73,152
10:24:59,300u,checkoutservice-6f4dbd65bf-glltw,15,21
10:24:59,300u,checkoutservice-6f4dbd65bf-hkgzd,14,22
10:24:59,300u,checkoutservice-6f4dbd65bf-t2t2w,15,22
10:24:59,300u,currencyservice-7c8fc8fc9c-dlzht,161,122
10:24:59,300u,currencyservice-7c8fc8fc9c-mvsgf,165,127
10:24:59,300u,currencyservice-7c8fc8fc9c-wqrfs,164,112
10:24:59,300u,emailservice-66944ff59-478c4,9,57
10:24:59,300u,emailservice-66944ff59-4fvm9,8,94
10:24:59,300u,emailservice-66944ff59-txwj8,7,59
10:24:59,300u,envoy-grpc-lb-648f879c96-pdnt8,459,40
10:24:59,300u,frontend-56d4848657-2lw2w,163,30
10:24:59,300u,frontend-56d4848657-gf72x,193,32
10:24:59,300u,frontend-56d4848657-kc9nb,178,32
10:24:59,300u,paymentservice-9bfb7bf5-46sq4,5,85
10:24:59,300u,paymentservice-9bfb7bf5-pktv4,5,84
10:24:59,300u,paymentservice-9bfb7bf5-snj4k,5,113
10:24:59,300u,productcatalogservice-65bbf699df-8zzd2,97,44
10:24:59,300u,productcatalogservice-65bbf699df-qmltb,98,22
10:24:59,300u,productcatalogservice-65bbf699df-rh24h,101,22
10:24:59,300u,recommendationservice-7d7f9f7777-k667k,129,55
10:24:59,300u,recommendationservice-7d7f9f7777-k7s2c,120,55
10:24:59,300u,recommendationservice-7d7f9f7777-mrxwg,131,55
10:24:59,300u,redis-cart-c8ff86559-jrlvk,13,37
10:24:59,300u,shippingservice-f956b6d9f-2g46p,11,31
10:24:59,300u,shippingservice-f956b6d9f-4kzvq,10,19
10:24:59,300u,shippingservice-f956b6d9f-nmnfn,11,18
10:25:09,300u,adservice-574bff445c-grt9z,12,245
10:25:09,300u,adservice-574bff445c-h47zv,11,245
10:25:09,300u,adservice-574bff445c-wppcl,12,280
10:25:09,300u,cartservice-7c84fdfb6-hsn24,34,152
10:25:09,300u,cartservice-7c84fdfb6-s4cp2,30,183
10:25:09,300u,cartservice-7c84fdfb6-sf94w,32,152
10:25:09,300u,checkoutservice-6f4dbd65bf-glltw,6,21
10:25:09,300u,checkoutservice-6f4dbd65bf-hkgzd,7,22
10:25:09,300u,checkoutservice-6f4dbd65bf-t2t2w,6,22
10:25:09,300u,currencyservice-7c8fc8fc9c-dlzht,82,121
10:25:09,300u,currencyservice-7c8fc8fc9c-wqrfs,86,116
10:25:09,300u,emailservice-66944ff59-478c4,6,57
10:25:09,300u,emailservice-66944ff59-4fvm9,5,94
10:25:09,300u,emailservice-66944ff59-txwj8,6,59
10:25:09,300u,envoy-grpc-lb-648f879c96-pdnt8,195,40
10:25:09,300u,frontend-56d4848657-2lw2w,74,30
10:25:09,300u,frontend-56d4848657-gf72x,72,31
10:25:09,300u,frontend-56d4848657-kc9nb,79,31
10:25:09,300u,paymentservice-9bfb7bf5-46sq4,3,85
10:25:09,300u,paymentservice-9bfb7bf5-pktv4,3,85
10:25:09,300u,paymentservice-9bfb7bf5-snj4k,3,113
10:25:09,300u,productcatalogservice-65bbf699df-8zzd2,39,44
10:25:09,300u,productcatalogservice-65bbf699df-qmltb,39,22
10:25:09,300u,productcatalogservice-65bbf699df-rh24h,40,22
10:25:09,300u,recommendationservice-7d7f9f7777-k667k,46,55
10:25:09,300u,recommendationservice-7d7f9f7777-k7s2c,50,55
10:25:09,300u,recommendationservice-7d7f9f7777-mrxwg,49,55
10:25:09,300u,redis-cart-c8ff86559-jrlvk,7,37
10:25:09,300u,shippingservice-f956b6d9f-2g46p,5,31
10:25:09,300u,shippingservice-f956b6d9f-4kzvq,4,19
10:25:09,300u,shippingservice-f956b6d9f-nmnfn,5,18
10:25:19,300u,adservice-574bff445c-grt9z,27,245
10:25:19,300u,adservice-574bff445c-h47zv,28,245
10:25:19,300u,adservice-574bff445c-wppcl,29,280
10:25:19,300u,cartservice-7c84fdfb6-hsn24,74,152
10:25:19,300u,cartservice-7c84fdfb6-s4cp2,59,183
10:25:19,300u,cartservice-7c84fdfb6-sf94w,70,152
10:25:19,300u,checkoutservice-6f4dbd65bf-glltw,13,21
10:25:19,300u,checkoutservice-6f4dbd65bf-hkgzd,14,22
10:25:19,300u,checkoutservice-6f4dbd65bf-t2t2w,14,22
10:25:19,300u,currencyservice-7c8fc8fc9c-dlzht,186,123
10:25:19,300u,currencyservice-7c8fc8fc9c-mvsgf,113,93
10:25:19,300u,currencyservice-7c8fc8fc9c-wqrfs,183,116
10:25:19,300u,emailservice-66944ff59-478c4,8,57
10:25:19,300u,emailservice-66944ff59-4fvm9,8,94
10:25:19,300u,emailservice-66944ff59-txwj8,8,59
10:25:19,300u,envoy-grpc-lb-648f879c96-pdnt8,448,40
10:25:19,300u,frontend-56d4848657-2lw2w,182,30
10:25:19,300u,frontend-56d4848657-gf72x,151,31
10:25:19,300u,frontend-56d4848657-kc9nb,189,32
10:25:19,300u,paymentservice-9bfb7bf5-46sq4,5,85
10:25:19,300u,paymentservice-9bfb7bf5-pktv4,6,85
10:25:19,300u,paymentservice-9bfb7bf5-snj4k,4,113
10:25:19,300u,productcatalogservice-65bbf699df-8zzd2,92,44
10:25:19,300u,productcatalogservice-65bbf699df-qmltb,93,22
10:25:19,300u,productcatalogservice-65bbf699df-rh24h,95,22
10:25:19,300u,recommendationservice-7d7f9f7777-k667k,117,55
10:25:19,300u,recommendationservice-7d7f9f7777-k7s2c,120,55
10:25:19,300u,recommendationservice-7d7f9f7777-mrxwg,116,55
10:25:19,300u,redis-cart-c8ff86559-jrlvk,13,37
10:25:19,300u,shippingservice-f956b6d9f-2g46p,9,31
10:25:19,300u,shippingservice-f956b6d9f-4kzvq,10,19
10:25:19,300u,shippingservice-f956b6d9f-nmnfn,10,18
10:25:29,300u,adservice-574bff445c-grt9z,27,245
10:25:29,300u,adservice-574bff445c-h47zv,28,245
10:25:29,300u,adservice-574bff445c-wppcl,29,280
10:25:29,300u,cartservice-7c84fdfb6-hsn24,74,152
10:25:29,300u,cartservice-7c84fdfb6-s4cp2,59,183
10:25:29,300u,cartservice-7c84fdfb6-sf94w,70,152
10:25:29,300u,checkoutservice-6f4dbd65bf-glltw,13,21
10:25:29,300u,checkoutservice-6f4dbd65bf-hkgzd,14,22
10:25:29,300u,checkoutservice-6f4dbd65bf-t2t2w,14,22
10:25:29,300u,currencyservice-7c8fc8fc9c-dlzht,186,123
10:25:29,300u,currencyservice-7c8fc8fc9c-mvsgf,113,93
10:25:29,300u,currencyservice-7c8fc8fc9c-wqrfs,183,116
10:25:29,300u,emailservice-66944ff59-478c4,8,57
10:25:29,300u,emailservice-66944ff59-4fvm9,8,94
10:25:29,300u,emailservice-66944ff59-txwj8,8,59
10:25:29,300u,envoy-grpc-lb-648f879c96-pdnt8,448,40
10:25:29,300u,frontend-56d4848657-2lw2w,182,30
10:25:29,300u,frontend-56d4848657-gf72x,151,31
10:25:29,300u,frontend-56d4848657-kc9nb,189,32
10:25:29,300u,paymentservice-9bfb7bf5-46sq4,5,85
10:25:29,300u,paymentservice-9bfb7bf5-pktv4,6,85
10:25:29,300u,paymentservice-9bfb7bf5-snj4k,4,113
10:25:29,300u,productcatalogservice-65bbf699df-8zzd2,92,44
10:25:29,300u,productcatalogservice-65bbf699df-qmltb,93,22
10:25:29,300u,productcatalogservice-65bbf699df-rh24h,95,22
10:25:29,300u,recommendationservice-7d7f9f7777-k667k,117,55
10:25:29,300u,recommendationservice-7d7f9f7777-k7s2c,120,55
10:25:29,300u,recommendationservice-7d7f9f7777-mrxwg,116,55
10:25:29,300u,redis-cart-c8ff86559-jrlvk,13,37
10:25:29,300u,shippingservice-f956b6d9f-2g46p,9,31
10:25:29,300u,shippingservice-f956b6d9f-4kzvq,10,19
10:25:29,300u,shippingservice-f956b6d9f-nmnfn,10,18
10:25:39,300u,adservice-574bff445c-grt9z,39,246
10:25:39,300u,adservice-574bff445c-h47zv,39,245
10:25:39,300u,adservice-574bff445c-wppcl,38,280
10:25:39,300u,cartservice-7c84fdfb6-hsn24,95,152
10:25:39,300u,cartservice-7c84fdfb6-s4cp2,75,183
10:25:39,300u,cartservice-7c84fdfb6-sf94w,86,152
10:25:39,300u,checkoutservice-6f4dbd65bf-glltw,25,21
10:25:39,300u,checkoutservice-6f4dbd65bf-hkgzd,24,22
10:25:39,300u,checkoutservice-6f4dbd65bf-t2t2w,21,22
10:25:39,300u,currencyservice-7c8fc8fc9c-dlzht,194,122
10:25:39,300u,currencyservice-7c8fc8fc9c-mvsgf,193,101
10:25:39,300u,currencyservice-7c8fc8fc9c-wqrfs,192,119
10:25:39,300u,emailservice-66944ff59-478c4,11,57
10:25:39,300u,emailservice-66944ff59-4fvm9,12,94
10:25:39,300u,emailservice-66944ff59-txwj8,11,59
10:25:39,300u,envoy-grpc-lb-648f879c96-pdnt8,499,40
10:25:39,300u,frontend-56d4848657-2lw2w,198,30
10:25:39,300u,frontend-56d4848657-gf72x,190,32
10:25:39,300u,frontend-56d4848657-kc9nb,197,32
10:25:39,300u,paymentservice-9bfb7bf5-46sq4,7,85
10:25:39,300u,paymentservice-9bfb7bf5-pktv4,8,85
10:25:39,300u,paymentservice-9bfb7bf5-snj4k,7,113
10:25:39,300u,productcatalogservice-65bbf699df-8zzd2,110,44
10:25:39,300u,productcatalogservice-65bbf699df-qmltb,113,23
10:25:39,300u,productcatalogservice-65bbf699df-rh24h,112,22
10:25:39,300u,recommendationservice-7d7f9f7777-k667k,173,55
10:25:39,300u,recommendationservice-7d7f9f7777-k7s2c,169,55
10:25:39,300u,recommendationservice-7d7f9f7777-mrxwg,176,55
10:25:39,300u,redis-cart-c8ff86559-jrlvk,15,37
10:25:39,300u,shippingservice-f956b6d9f-2g46p,13,31
10:25:39,300u,shippingservice-f956b6d9f-4kzvq,13,19
10:25:39,300u,shippingservice-f956b6d9f-nmnfn,15,18
10:25:50,300u,adservice-574bff445c-grt9z,44,246
10:25:50,300u,adservice-574bff445c-h47zv,48,245
10:25:50,300u,adservice-574bff445c-wppcl,45,280
10:25:50,300u,cartservice-7c84fdfb6-hsn24,105,152
10:25:50,300u,cartservice-7c84fdfb6-s4cp2,81,183
10:25:50,300u,cartservice-7c84fdfb6-sf94w,97,152
10:25:50,300u,checkoutservice-6f4dbd65bf-glltw,28,21
10:25:50,300u,checkoutservice-6f4dbd65bf-hkgzd,25,22
10:25:50,300u,checkoutservice-6f4dbd65bf-t2t2w,24,22
10:25:50,300u,currencyservice-7c8fc8fc9c-dlzht,199,122
10:25:50,300u,currencyservice-7c8fc8fc9c-mvsgf,197,105
10:25:50,300u,currencyservice-7c8fc8fc9c-wqrfs,198,120
10:25:50,300u,emailservice-66944ff59-478c4,11,57
10:25:50,300u,emailservice-66944ff59-4fvm9,12,94
10:25:50,300u,emailservice-66944ff59-txwj8,13,59
10:25:50,300u,envoy-grpc-lb-648f879c96-pdnt8,500,40
10:25:50,300u,frontend-56d4848657-2lw2w,199,29
10:25:50,300u,frontend-56d4848657-gf72x,192,32
10:25:50,300u,frontend-56d4848657-kc9nb,198,33
10:25:50,300u,paymentservice-9bfb7bf5-46sq4,8,85
10:25:50,300u,paymentservice-9bfb7bf5-pktv4,8,85
10:25:50,300u,paymentservice-9bfb7bf5-snj4k,8,113
10:25:50,300u,productcatalogservice-65bbf699df-8zzd2,112,44
10:25:50,300u,productcatalogservice-65bbf699df-qmltb,111,23
10:25:50,300u,productcatalogservice-65bbf699df-rh24h,113,22
10:25:50,300u,recommendationservice-7d7f9f7777-k667k,194,55
10:25:50,300u,recommendationservice-7d7f9f7777-k7s2c,194,55
10:25:50,300u,recommendationservice-7d7f9f7777-mrxwg,194,55
10:25:50,300u,redis-cart-c8ff86559-jrlvk,17,37
10:25:50,300u,shippingservice-f956b6d9f-2g46p,15,31
10:25:50,300u,shippingservice-f956b6d9f-4kzvq,15,19
10:25:50,300u,shippingservice-f956b6d9f-nmnfn,16,18
10:26:00,300u,adservice-574bff445c-grt9z,44,246
10:26:00,300u,adservice-574bff445c-h47zv,48,245
10:26:00,300u,adservice-574bff445c-wppcl,45,280
10:26:00,300u,cartservice-7c84fdfb6-hsn24,105,152
10:26:00,300u,cartservice-7c84fdfb6-s4cp2,81,183
10:26:00,300u,cartservice-7c84fdfb6-sf94w,97,152
10:26:00,300u,checkoutservice-6f4dbd65bf-glltw,28,21
10:26:00,300u,checkoutservice-6f4dbd65bf-hkgzd,25,22
10:26:00,300u,checkoutservice-6f4dbd65bf-t2t2w,24,22
10:26:00,300u,currencyservice-7c8fc8fc9c-dlzht,199,122
10:26:00,300u,currencyservice-7c8fc8fc9c-mvsgf,197,105
10:26:00,300u,currencyservice-7c8fc8fc9c-wqrfs,198,120
10:26:00,300u,emailservice-66944ff59-478c4,11,57
10:26:00,300u,emailservice-66944ff59-4fvm9,12,94
10:26:00,300u,emailservice-66944ff59-txwj8,13,59
10:26:00,300u,envoy-grpc-lb-648f879c96-pdnt8,500,40
10:26:00,300u,frontend-56d4848657-2lw2w,199,29
10:26:00,300u,frontend-56d4848657-gf72x,192,32
10:26:00,300u,frontend-56d4848657-kc9nb,198,33
10:26:00,300u,paymentservice-9bfb7bf5-46sq4,8,85
10:26:00,300u,paymentservice-9bfb7bf5-pktv4,8,85
10:26:00,300u,paymentservice-9bfb7bf5-snj4k,8,113
10:26:00,300u,productcatalogservice-65bbf699df-8zzd2,112,44
10:26:00,300u,productcatalogservice-65bbf699df-qmltb,111,23
10:26:00,300u,productcatalogservice-65bbf699df-rh24h,113,22
10:26:00,300u,recommendationservice-7d7f9f7777-k667k,194,55
10:26:00,300u,recommendationservice-7d7f9f7777-k7s2c,194,55
10:26:00,300u,recommendationservice-7d7f9f7777-mrxwg,194,55
10:26:00,300u,redis-cart-c8ff86559-jrlvk,17,37
10:26:00,300u,shippingservice-f956b6d9f-2g46p,15,31
10:26:00,300u,shippingservice-f956b6d9f-4kzvq,15,19
10:26:00,300u,shippingservice-f956b6d9f-nmnfn,16,18
10:26:10,300u,adservice-574bff445c-grt9z,52,246
10:26:10,300u,adservice-574bff445c-h47zv,52,245
10:26:10,300u,adservice-574bff445c-wppcl,49,280
10:26:10,300u,cartservice-7c84fdfb6-hsn24,114,152
10:26:10,300u,cartservice-7c84fdfb6-s4cp2,88,183
10:26:10,300u,cartservice-7c84fdfb6-sf94w,93,152
10:26:10,300u,checkoutservice-6f4dbd65bf-glltw,27,21
10:26:10,300u,checkoutservice-6f4dbd65bf-hkgzd,27,22
10:26:10,300u,checkoutservice-6f4dbd65bf-t2t2w,25,22
10:26:10,300u,currencyservice-7c8fc8fc9c-dlzht,201,124
10:26:10,300u,currencyservice-7c8fc8fc9c-mvsgf,200,108
10:26:10,300u,currencyservice-7c8fc8fc9c-wqrfs,198,120
10:26:10,300u,emailservice-66944ff59-478c4,15,57
10:26:10,300u,emailservice-66944ff59-4fvm9,12,94
10:26:10,300u,emailservice-66944ff59-txwj8,11,59
10:26:10,300u,envoy-grpc-lb-648f879c96-pdnt8,501,40
10:26:10,300u,frontend-56d4848657-2lw2w,199,31
10:26:10,300u,frontend-56d4848657-gf72x,198,33
10:26:10,300u,frontend-56d4848657-kc9nb,198,34
10:26:10,300u,paymentservice-9bfb7bf5-46sq4,9,85
10:26:10,300u,paymentservice-9bfb7bf5-pktv4,8,85
10:26:10,300u,paymentservice-9bfb7bf5-snj4k,8,113
10:26:10,300u,productcatalogservice-65bbf699df-8zzd2,112,43
10:26:10,300u,productcatalogservice-65bbf699df-qmltb,114,23
10:26:10,300u,productcatalogservice-65bbf699df-rh24h,113,22
10:26:10,300u,recommendationservice-7d7f9f7777-k667k,200,55
10:26:10,300u,recommendationservice-7d7f9f7777-k7s2c,199,55
10:26:10,300u,recommendationservice-7d7f9f7777-mrxwg,200,55
10:26:10,300u,redis-cart-c8ff86559-jrlvk,17,37
10:26:10,300u,shippingservice-f956b6d9f-2g46p,17,31
10:26:10,300u,shippingservice-f956b6d9f-4kzvq,17,19
10:26:10,300u,shippingservice-f956b6d9f-nmnfn,16,18
10:26:20,300u,adservice-574bff445c-grt9z,55,246
10:26:20,300u,adservice-574bff445c-h47zv,54,245
10:26:20,300u,adservice-574bff445c-wppcl,52,280
10:26:20,300u,cartservice-7c84fdfb6-hsn24,112,152
10:26:20,300u,cartservice-7c84fdfb6-s4cp2,98,183
10:26:20,300u,cartservice-7c84fdfb6-sf94w,106,152
10:26:20,300u,checkoutservice-6f4dbd65bf-glltw,30,21
10:26:20,300u,checkoutservice-6f4dbd65bf-hkgzd,31,22
10:26:20,300u,checkoutservice-6f4dbd65bf-t2t2w,23,22
10:26:20,300u,currencyservice-7c8fc8fc9c-dlzht,199,125
10:26:20,300u,currencyservice-7c8fc8fc9c-mvsgf,199,107
10:26:20,300u,currencyservice-7c8fc8fc9c-wqrfs,198,122
10:26:20,300u,emailservice-66944ff59-478c4,14,57
10:26:20,300u,emailservice-66944ff59-4fvm9,14,94
10:26:20,300u,emailservice-66944ff59-txwj8,14,59
10:26:20,300u,envoy-grpc-lb-648f879c96-pdnt8,499,40
10:26:20,300u,frontend-56d4848657-2lw2w,200,31
10:26:20,300u,frontend-56d4848657-gf72x,197,34
10:26:20,300u,frontend-56d4848657-kc9nb,198,34
10:26:20,300u,paymentservice-9bfb7bf5-46sq4,7,85
10:26:20,300u,paymentservice-9bfb7bf5-pktv4,9,85
10:26:20,300u,paymentservice-9bfb7bf5-snj4k,9,113
10:26:20,300u,productcatalogservice-65bbf699df-8zzd2,107,43
10:26:20,300u,productcatalogservice-65bbf699df-qmltb,108,22
10:26:20,300u,productcatalogservice-65bbf699df-rh24h,109,22
10:26:20,300u,recommendationservice-7d7f9f7777-k667k,199,55
10:26:20,300u,recommendationservice-7d7f9f7777-k7s2c,200,55
10:26:20,300u,recommendationservice-7d7f9f7777-mrxwg,199,55
10:26:20,300u,redis-cart-c8ff86559-jrlvk,19,37
10:26:20,300u,shippingservice-f956b6d9f-2g46p,18,31
10:26:20,300u,shippingservice-f956b6d9f-4kzvq,16,19
10:26:20,300u,shippingservice-f956b6d9f-nmnfn,16,18
10:26:30,300u,adservice-574bff445c-grt9z,55,246
10:26:30,300u,adservice-574bff445c-h47zv,54,245
10:26:30,300u,adservice-574bff445c-wppcl,52,280
10:26:30,300u,cartservice-7c84fdfb6-hsn24,112,152
10:26:30,300u,cartservice-7c84fdfb6-s4cp2,98,183
10:26:30,300u,cartservice-7c84fdfb6-sf94w,106,152
10:26:30,300u,checkoutservice-6f4dbd65bf-glltw,30,21
10:26:30,300u,checkoutservice-6f4dbd65bf-hkgzd,31,22
10:26:30,300u,checkoutservice-6f4dbd65bf-t2t2w,23,22
10:26:30,300u,currencyservice-7c8fc8fc9c-dlzht,199,125
10:26:30,300u,currencyservice-7c8fc8fc9c-mvsgf,199,107
10:26:30,300u,currencyservice-7c8fc8fc9c-wqrfs,198,122
10:26:30,300u,emailservice-66944ff59-478c4,14,57
10:26:30,300u,emailservice-66944ff59-4fvm9,14,94
10:26:30,300u,emailservice-66944ff59-txwj8,14,59
10:26:30,300u,envoy-grpc-lb-648f879c96-pdnt8,499,40
10:26:30,300u,frontend-56d4848657-2lw2w,200,31
10:26:30,300u,frontend-56d4848657-gf72x,197,34
10:26:30,300u,frontend-56d4848657-kc9nb,198,34
10:26:30,300u,paymentservice-9bfb7bf5-46sq4,7,85
10:26:30,300u,paymentservice-9bfb7bf5-pktv4,9,85
10:26:30,300u,paymentservice-9bfb7bf5-snj4k,9,113
10:26:30,300u,productcatalogservice-65bbf699df-8zzd2,107,43
10:26:30,300u,productcatalogservice-65bbf699df-qmltb,108,22
10:26:30,300u,productcatalogservice-65bbf699df-rh24h,109,22
10:26:30,300u,recommendationservice-7d7f9f7777-k667k,199,55
10:26:30,300u,recommendationservice-7d7f9f7777-k7s2c,200,55
10:26:30,300u,recommendationservice-7d7f9f7777-mrxwg,199,55
10:26:30,300u,redis-cart-c8ff86559-jrlvk,19,37
10:26:30,300u,shippingservice-f956b6d9f-2g46p,18,31
10:26:30,300u,shippingservice-f956b6d9f-4kzvq,16,19
10:26:30,300u,shippingservice-f956b6d9f-nmnfn,16,18
10:26:41,300u,adservice-574bff445c-grt9z,53,246
10:26:41,300u,adservice-574bff445c-h47zv,60,246
10:26:41,300u,adservice-574bff445c-wppcl,56,280
10:26:41,300u,cartservice-7c84fdfb6-hsn24,117,152
10:26:41,300u,cartservice-7c84fdfb6-s4cp2,83,183
10:26:41,300u,cartservice-7c84fdfb6-sf94w,105,152
10:26:41,300u,checkoutservice-6f4dbd65bf-glltw,28,21
10:26:41,300u,checkoutservice-6f4dbd65bf-hkgzd,25,22
10:26:41,300u,checkoutservice-6f4dbd65bf-t2t2w,26,22
10:26:41,300u,currencyservice-7c8fc8fc9c-dlzht,199,125
10:26:41,300u,currencyservice-7c8fc8fc9c-mvsgf,198,110
10:26:41,300u,currencyservice-7c8fc8fc9c-wqrfs,198,124
10:26:41,300u,emailservice-66944ff59-478c4,12,57
10:26:41,300u,emailservice-66944ff59-4fvm9,13,94
10:26:41,300u,emailservice-66944ff59-txwj8,13,59
10:26:41,300u,envoy-grpc-lb-648f879c96-pdnt8,501,40
10:26:41,300u,frontend-56d4848657-2lw2w,199,31
10:26:41,300u,frontend-56d4848657-gf72x,198,35
10:26:41,300u,frontend-56d4848657-kc9nb,198,35
10:26:41,300u,paymentservice-9bfb7bf5-46sq4,8,85
10:26:41,300u,paymentservice-9bfb7bf5-pktv4,8,85
10:26:41,300u,paymentservice-9bfb7bf5-snj4k,8,113
10:26:41,300u,productcatalogservice-65bbf699df-8zzd2,107,44
10:26:41,300u,productcatalogservice-65bbf699df-qmltb,106,23
10:26:41,300u,productcatalogservice-65bbf699df-rh24h,108,22
10:26:41,300u,recommendationservice-7d7f9f7777-k667k,200,55
10:26:41,300u,recommendationservice-7d7f9f7777-k7s2c,199,55
10:26:41,300u,recommendationservice-7d7f9f7777-mrxwg,200,55
10:26:41,300u,redis-cart-c8ff86559-jrlvk,19,37
10:26:41,300u,shippingservice-f956b6d9f-2g46p,16,31
10:26:41,300u,shippingservice-f956b6d9f-4kzvq,15,19
10:26:41,300u,shippingservice-f956b6d9f-nmnfn,17,19
10:26:51,300u,adservice-574bff445c-grt9z,57,246
10:26:51,300u,adservice-574bff445c-h47zv,58,246
10:26:51,300u,adservice-574bff445c-wppcl,52,280
10:26:51,300u,cartservice-7c84fdfb6-hsn24,106,152
10:26:51,300u,cartservice-7c84fdfb6-s4cp2,96,183
10:26:51,300u,cartservice-7c84fdfb6-sf94w,107,152
10:26:51,300u,checkoutservice-6f4dbd65bf-glltw,31,21
10:26:51,300u,checkoutservice-6f4dbd65bf-hkgzd,29,22
10:26:51,300u,checkoutservice-6f4dbd65bf-t2t2w,26,22
10:26:51,300u,currencyservice-7c8fc8fc9c-dlzht,198,125
10:26:51,300u,currencyservice-7c8fc8fc9c-mvsgf,197,109
10:26:51,300u,currencyservice-7c8fc8fc9c-wqrfs,197,124
10:26:51,300u,emailservice-66944ff59-478c4,12,57
10:26:51,300u,emailservice-66944ff59-4fvm9,14,94
10:26:51,300u,emailservice-66944ff59-txwj8,13,59
10:26:51,300u,envoy-grpc-lb-648f879c96-pdnt8,499,40
10:26:51,300u,frontend-56d4848657-2lw2w,198,32
10:26:51,300u,frontend-56d4848657-gf72x,197,35
10:26:51,300u,frontend-56d4848657-kc9nb,199,36
10:26:51,300u,paymentservice-9bfb7bf5-46sq4,8,85
10:26:51,300u,paymentservice-9bfb7bf5-pktv4,9,85
10:26:51,300u,paymentservice-9bfb7bf5-snj4k,8,113
10:26:51,300u,productcatalogservice-65bbf699df-8zzd2,107,44
10:26:51,300u,productcatalogservice-65bbf699df-qmltb,105,23
10:26:51,300u,productcatalogservice-65bbf699df-rh24h,107,23
10:26:51,300u,recommendationservice-7d7f9f7777-k667k,200,55
10:26:51,300u,recommendationservice-7d7f9f7777-k7s2c,199,55
10:26:51,300u,recommendationservice-7d7f9f7777-mrxwg,200,55
10:26:51,300u,redis-cart-c8ff86559-jrlvk,18,37
10:26:51,300u,shippingservice-f956b6d9f-2g46p,16,31
10:26:51,300u,shippingservice-f956b6d9f-4kzvq,19,19
10:26:51,300u,shippingservice-f956b6d9f-nmnfn,18,19
10:27:01,300u,adservice-574bff445c-grt9z,57,246
10:27:01,300u,adservice-574bff445c-h47zv,58,246
10:27:01,300u,adservice-574bff445c-wppcl,52,280
10:27:01,300u,cartservice-7c84fdfb6-hsn24,106,152
10:27:01,300u,cartservice-7c84fdfb6-s4cp2,96,183
10:27:01,300u,cartservice-7c84fdfb6-sf94w,107,152
10:27:01,300u,checkoutservice-6f4dbd65bf-glltw,31,21
10:27:01,300u,checkoutservice-6f4dbd65bf-hkgzd,29,22
10:27:01,300u,checkoutservice-6f4dbd65bf-t2t2w,26,22
10:27:01,300u,currencyservice-7c8fc8fc9c-dlzht,198,125
10:27:01,300u,currencyservice-7c8fc8fc9c-mvsgf,197,109
10:27:01,300u,currencyservice-7c8fc8fc9c-wqrfs,197,124
10:27:01,300u,emailservice-66944ff59-478c4,12,57
10:27:01,300u,emailservice-66944ff59-4fvm9,14,94
10:27:01,300u,emailservice-66944ff59-txwj8,13,59
10:27:01,300u,envoy-grpc-lb-648f879c96-pdnt8,499,40
10:27:01,300u,frontend-56d4848657-2lw2w,198,32
10:27:01,300u,frontend-56d4848657-gf72x,197,35
10:27:01,300u,frontend-56d4848657-kc9nb,199,36
10:27:01,300u,paymentservice-9bfb7bf5-46sq4,8,85
10:27:01,300u,paymentservice-9bfb7bf5-pktv4,9,85
10:27:01,300u,paymentservice-9bfb7bf5-snj4k,8,113
10:27:01,300u,productcatalogservice-65bbf699df-8zzd2,107,44
10:27:01,300u,productcatalogservice-65bbf699df-qmltb,105,23
10:27:01,300u,productcatalogservice-65bbf699df-rh24h,107,23
10:27:01,300u,recommendationservice-7d7f9f7777-k667k,200,55
10:27:01,300u,recommendationservice-7d7f9f7777-k7s2c,199,55
10:27:01,300u,recommendationservice-7d7f9f7777-mrxwg,200,55
10:27:01,300u,redis-cart-c8ff86559-jrlvk,18,37
10:27:01,300u,shippingservice-f956b6d9f-2g46p,16,31
10:27:01,300u,shippingservice-f956b6d9f-4kzvq,19,19
10:27:01,300u,shippingservice-f956b6d9f-nmnfn,18,19
10:27:11,300u,adservice-574bff445c-grt9z,4,246
10:27:11,300u,adservice-574bff445c-h47zv,5,246
10:27:11,300u,adservice-574bff445c-wppcl,5,280
10:27:11,300u,cartservice-7c84fdfb6-hsn24,10,152
10:27:11,300u,cartservice-7c84fdfb6-s4cp2,9,183
10:27:11,300u,cartservice-7c84fdfb6-sf94w,13,153
10:27:11,300u,checkoutservice-6f4dbd65bf-glltw,3,21
10:27:11,300u,checkoutservice-6f4dbd65bf-hkgzd,2,22
10:27:11,300u,checkoutservice-6f4dbd65bf-t2t2w,3,22
10:27:11,300u,currencyservice-7c8fc8fc9c-dlzht,14,125
10:27:11,300u,currencyservice-7c8fc8fc9c-mvsgf,15,111
10:27:11,300u,currencyservice-7c8fc8fc9c-wqrfs,13,124
10:27:11,300u,emailservice-66944ff59-478c4,5,57
10:27:11,300u,emailservice-66944ff59-4fvm9,5,94
10:27:11,300u,emailservice-66944ff59-txwj8,6,59
10:27:11,300u,envoy-grpc-lb-648f879c96-pdnt8,36,40
10:27:11,300u,frontend-56d4848657-2lw2w,14,32
10:27:11,300u,frontend-56d4848657-gf72x,13,34
10:27:11,300u,frontend-56d4848657-kc9nb,13,35
10:27:11,300u,paymentservice-9bfb7bf5-46sq4,2,85
10:27:11,300u,paymentservice-9bfb7bf5-pktv4,3,85
10:27:11,300u,paymentservice-9bfb7bf5-snj4k,2,113
10:27:11,300u,productcatalogservice-65bbf699df-8zzd2,7,43
10:27:11,300u,productcatalogservice-65bbf699df-qmltb,7,22
10:27:11,300u,productcatalogservice-65bbf699df-rh24h,7,23
10:27:11,300u,recommendationservice-7d7f9f7777-k667k,18,55
10:27:11,300u,recommendationservice-7d7f9f7777-k7s2c,18,55
10:27:11,300u,recommendationservice-7d7f9f7777-mrxwg,19,55
10:27:11,300u,redis-cart-c8ff86559-jrlvk,4,37
10:27:11,300u,shippingservice-f956b6d9f-2g46p,2,32
10:27:11,300u,shippingservice-f956b6d9f-4kzvq,2,19
10:27:11,300u,shippingservice-f956b6d9f-nmnfn,3,18
10:27:21,300u,adservice-574bff445c-grt9z,1,246
10:27:21,300u,adservice-574bff445c-h47zv,1,246
10:27:21,300u,adservice-574bff445c-wppcl,1,280
10:27:21,300u,cartservice-7c84fdfb6-hsn24,2,152
10:27:21,300u,cartservice-7c84fdfb6-s4cp2,2,183
10:27:21,300u,cartservice-7c84fdfb6-sf94w,2,153
10:27:21,300u,checkoutservice-6f4dbd65bf-glltw,1,21
10:27:21,300u,checkoutservice-6f4dbd65bf-hkgzd,1,22
10:27:21,300u,checkoutservice-6f4dbd65bf-t2t2w,1,22
10:27:21,300u,currencyservice-7c8fc8fc9c-dlzht,1,125
10:27:21,300u,currencyservice-7c8fc8fc9c-mvsgf,1,111
10:27:21,300u,currencyservice-7c8fc8fc9c-wqrfs,1,124
10:27:21,300u,emailservice-66944ff59-478c4,4,57
10:27:21,300u,emailservice-66944ff59-4fvm9,4,94
10:27:21,300u,emailservice-66944ff59-txwj8,5,59
10:27:21,300u,envoy-grpc-lb-648f879c96-pdnt8,6,40
10:27:21,300u,frontend-56d4848657-2lw2w,1,32
10:27:21,300u,frontend-56d4848657-gf72x,1,34
10:27:21,300u,frontend-56d4848657-kc9nb,1,35
10:27:21,300u,paymentservice-9bfb7bf5-46sq4,1,85
10:27:21,300u,paymentservice-9bfb7bf5-pktv4,1,85
10:27:21,300u,paymentservice-9bfb7bf5-snj4k,1,113
10:27:21,300u,productcatalogservice-65bbf699df-8zzd2,2,44
10:27:21,300u,productcatalogservice-65bbf699df-qmltb,1,22
10:27:21,300u,productcatalogservice-65bbf699df-rh24h,1,23
10:27:21,300u,recommendationservice-7d7f9f7777-k667k,3,55
10:27:21,300u,recommendationservice-7d7f9f7777-k7s2c,4,55
10:27:21,300u,recommendationservice-7d7f9f7777-mrxwg,4,55
10:27:21,300u,redis-cart-c8ff86559-jrlvk,3,37
10:27:21,300u,shippingservice-f956b6d9f-2g46p,1,32
10:27:21,300u,shippingservice-f956b6d9f-4kzvq,1,19
10:27:21,300u,shippingservice-f956b6d9f-nmnfn,1,18
10:27:31,300u,adservice-574bff445c-grt9z,1,246
10:27:31,300u,adservice-574bff445c-h47zv,1,246
10:27:31,300u,adservice-574bff445c-wppcl,1,280
10:27:31,300u,cartservice-7c84fdfb6-hsn24,2,152
10:27:31,300u,cartservice-7c84fdfb6-s4cp2,2,183
10:27:31,300u,cartservice-7c84fdfb6-sf94w,2,153
10:27:31,300u,checkoutservice-6f4dbd65bf-glltw,1,21
10:27:31,300u,checkoutservice-6f4dbd65bf-hkgzd,1,22
10:27:31,300u,checkoutservice-6f4dbd65bf-t2t2w,1,22
10:27:31,300u,currencyservice-7c8fc8fc9c-dlzht,1,125
10:27:31,300u,currencyservice-7c8fc8fc9c-mvsgf,1,111
10:27:31,300u,currencyservice-7c8fc8fc9c-wqrfs,1,124
10:27:31,300u,emailservice-66944ff59-478c4,4,57
10:27:31,300u,emailservice-66944ff59-4fvm9,4,94
10:27:31,300u,emailservice-66944ff59-txwj8,5,59
10:27:31,300u,envoy-grpc-lb-648f879c96-pdnt8,6,40
10:27:31,300u,frontend-56d4848657-2lw2w,1,32
10:27:31,300u,frontend-56d4848657-gf72x,1,34
10:27:31,300u,frontend-56d4848657-kc9nb,1,35
10:27:31,300u,paymentservice-9bfb7bf5-46sq4,1,85
10:27:31,300u,paymentservice-9bfb7bf5-pktv4,1,85
10:27:31,300u,paymentservice-9bfb7bf5-snj4k,1,113
10:27:31,300u,productcatalogservice-65bbf699df-8zzd2,2,44
10:27:31,300u,productcatalogservice-65bbf699df-qmltb,1,22
10:27:31,300u,productcatalogservice-65bbf699df-rh24h,1,23
10:27:31,300u,recommendationservice-7d7f9f7777-k667k,3,55
10:27:31,300u,recommendationservice-7d7f9f7777-k7s2c,4,55
10:27:31,300u,recommendationservice-7d7f9f7777-mrxwg,4,55
10:27:31,300u,redis-cart-c8ff86559-jrlvk,3,37
10:27:31,300u,shippingservice-f956b6d9f-2g46p,1,32
10:27:31,300u,shippingservice-f956b6d9f-4kzvq,1,19
10:27:31,300u,shippingservice-f956b6d9f-nmnfn,1,18
10:27:42,300u,adservice-574bff445c-grt9z,2,246
10:27:42,300u,adservice-574bff445c-h47zv,2,246
10:27:42,300u,adservice-574bff445c-wppcl,1,280
10:27:42,300u,cartservice-7c84fdfb6-hsn24,2,152
10:27:42,300u,cartservice-7c84fdfb6-s4cp2,2,183
10:27:42,300u,cartservice-7c84fdfb6-sf94w,2,153
10:27:42,300u,checkoutservice-6f4dbd65bf-glltw,1,21
10:27:42,300u,checkoutservice-6f4dbd65bf-hkgzd,1,22
10:27:42,300u,checkoutservice-6f4dbd65bf-t2t2w,1,22
10:27:42,300u,currencyservice-7c8fc8fc9c-dlzht,2,125
10:27:42,300u,currencyservice-7c8fc8fc9c-mvsgf,1,111
10:27:42,300u,currencyservice-7c8fc8fc9c-wqrfs,2,124
10:27:42,300u,emailservice-66944ff59-478c4,4,57
10:27:42,300u,emailservice-66944ff59-4fvm9,4,94
10:27:42,300u,emailservice-66944ff59-txwj8,4,59
10:27:42,300u,envoy-grpc-lb-648f879c96-pdnt8,6,40
10:27:42,300u,frontend-56d4848657-2lw2w,1,32
10:27:42,300u,frontend-56d4848657-gf72x,1,34
10:27:42,300u,frontend-56d4848657-kc9nb,1,35
10:27:42,300u,paymentservice-9bfb7bf5-46sq4,1,85
10:27:42,300u,paymentservice-9bfb7bf5-pktv4,1,85
10:27:42,300u,paymentservice-9bfb7bf5-snj4k,1,113
10:27:42,300u,productcatalogservice-65bbf699df-8zzd2,1,44
10:27:42,300u,productcatalogservice-65bbf699df-qmltb,1,22
10:27:42,300u,productcatalogservice-65bbf699df-rh24h,1,23
10:27:42,300u,recommendationservice-7d7f9f7777-k667k,3,55
10:27:42,300u,recommendationservice-7d7f9f7777-k7s2c,4,55
10:27:42,300u,recommendationservice-7d7f9f7777-mrxwg,3,55
10:27:42,300u,redis-cart-c8ff86559-jrlvk,2,37
10:27:42,300u,shippingservice-f956b6d9f-2g46p,1,32
10:27:42,300u,shippingservice-f956b6d9f-4kzvq,2,19
10:27:42,300u,shippingservice-f956b6d9f-nmnfn,1,18
10:27:52,300u,adservice-574bff445c-grt9z,2,246
10:27:52,300u,adservice-574bff445c-h47zv,1,246
10:27:52,300u,adservice-574bff445c-wppcl,1,280
10:27:52,300u,cartservice-7c84fdfb6-hsn24,2,152
10:27:52,300u,cartservice-7c84fdfb6-s4cp2,2,183
10:27:52,300u,cartservice-7c84fdfb6-sf94w,2,153
10:27:52,300u,checkoutservice-6f4dbd65bf-glltw,1,21
10:27:52,300u,checkoutservice-6f4dbd65bf-hkgzd,1,22
10:27:52,300u,checkoutservice-6f4dbd65bf-t2t2w,1,22
10:27:52,300u,currencyservice-7c8fc8fc9c-dlzht,1,125
10:27:52,300u,currencyservice-7c8fc8fc9c-mvsgf,2,111
10:27:52,300u,currencyservice-7c8fc8fc9c-wqrfs,1,124
10:27:52,300u,emailservice-66944ff59-478c4,4,57
10:27:52,300u,emailservice-66944ff59-4fvm9,4,94
10:27:52,300u,emailservice-66944ff59-txwj8,4,59
10:27:52,300u,envoy-grpc-lb-648f879c96-pdnt8,6,40
10:27:52,300u,frontend-56d4848657-2lw2w,1,32
10:27:52,300u,frontend-56d4848657-gf72x,1,34
10:27:52,300u,frontend-56d4848657-kc9nb,1,35
10:27:52,300u,paymentservice-9bfb7bf5-46sq4,1,85
10:27:52,300u,paymentservice-9bfb7bf5-pktv4,1,86
10:27:52,300u,paymentservice-9bfb7bf5-snj4k,1,113
10:27:52,300u,productcatalogservice-65bbf699df-8zzd2,1,44
10:27:52,300u,productcatalogservice-65bbf699df-qmltb,1,23
10:27:52,300u,productcatalogservice-65bbf699df-rh24h,1,23
10:27:52,300u,recommendationservice-7d7f9f7777-k667k,4,55
10:27:52,300u,recommendationservice-7d7f9f7777-k7s2c,4,55
10:27:52,300u,recommendationservice-7d7f9f7777-mrxwg,4,55
10:27:52,300u,redis-cart-c8ff86559-jrlvk,2,37
10:27:52,300u,shippingservice-f956b6d9f-2g46p,1,32
10:27:52,300u,shippingservice-f956b6d9f-4kzvq,1,19
10:27:52,300u,shippingservice-f956b6d9f-nmnfn,1,19
10:28:02,400u,adservice-574bff445c-grt9z,2,246
10:28:02,400u,adservice-574bff445c-h47zv,1,246
10:28:02,400u,adservice-574bff445c-wppcl,1,280
10:28:02,400u,cartservice-7c84fdfb6-hsn24,2,152
10:28:02,400u,cartservice-7c84fdfb6-s4cp2,2,183
10:28:02,400u,cartservice-7c84fdfb6-sf94w,2,153
10:28:02,400u,checkoutservice-6f4dbd65bf-glltw,1,21
10:28:02,400u,checkoutservice-6f4dbd65bf-hkgzd,1,22
10:28:02,400u,checkoutservice-6f4dbd65bf-t2t2w,1,22
10:28:02,400u,currencyservice-7c8fc8fc9c-dlzht,1,125
10:28:02,400u,currencyservice-7c8fc8fc9c-mvsgf,2,111
10:28:02,400u,currencyservice-7c8fc8fc9c-wqrfs,1,124
10:28:02,400u,emailservice-66944ff59-478c4,4,57
10:28:02,400u,emailservice-66944ff59-4fvm9,4,94
10:28:02,400u,emailservice-66944ff59-txwj8,4,59
10:28:02,400u,envoy-grpc-lb-648f879c96-pdnt8,6,40
10:28:02,400u,frontend-56d4848657-2lw2w,1,32
10:28:02,400u,frontend-56d4848657-gf72x,1,34
10:28:02,400u,frontend-56d4848657-kc9nb,1,35
10:28:02,400u,paymentservice-9bfb7bf5-46sq4,1,85
10:28:02,400u,paymentservice-9bfb7bf5-pktv4,1,86
10:28:02,400u,paymentservice-9bfb7bf5-snj4k,1,113
10:28:02,400u,productcatalogservice-65bbf699df-8zzd2,1,44
10:28:02,400u,productcatalogservice-65bbf699df-qmltb,1,23
10:28:02,400u,productcatalogservice-65bbf699df-rh24h,1,23
10:28:02,400u,recommendationservice-7d7f9f7777-k667k,4,55
10:28:02,400u,recommendationservice-7d7f9f7777-k7s2c,4,55
10:28:02,400u,recommendationservice-7d7f9f7777-mrxwg,4,55
10:28:02,400u,redis-cart-c8ff86559-jrlvk,2,37
10:28:02,400u,shippingservice-f956b6d9f-2g46p,1,32
10:28:02,400u,shippingservice-f956b6d9f-4kzvq,1,19
10:28:02,400u,shippingservice-f956b6d9f-nmnfn,1,19
10:28:12,400u,adservice-574bff445c-grt9z,8,246
10:28:12,400u,adservice-574bff445c-h47zv,8,245
10:28:12,400u,adservice-574bff445c-wppcl,9,280
10:28:12,400u,cartservice-7c84fdfb6-hsn24,19,152
10:28:12,400u,cartservice-7c84fdfb6-s4cp2,16,183
10:28:12,400u,cartservice-7c84fdfb6-sf94w,16,153
10:28:12,400u,checkoutservice-6f4dbd65bf-glltw,4,21
10:28:12,400u,checkoutservice-6f4dbd65bf-hkgzd,3,22
10:28:12,400u,checkoutservice-6f4dbd65bf-t2t2w,5,23
10:28:12,400u,currencyservice-7c8fc8fc9c-dlzht,39,125
10:28:12,400u,currencyservice-7c8fc8fc9c-mvsgf,44,111
10:28:12,400u,currencyservice-7c8fc8fc9c-wqrfs,40,124
10:28:12,400u,emailservice-66944ff59-478c4,4,57
10:28:12,400u,emailservice-66944ff59-4fvm9,5,94
10:28:12,400u,emailservice-66944ff59-txwj8,5,59
10:28:12,400u,envoy-grpc-lb-648f879c96-pdnt8,113,40
10:28:12,400u,frontend-56d4848657-2lw2w,31,28
10:28:12,400u,frontend-56d4848657-gf72x,64,32
10:28:12,400u,frontend-56d4848657-kc9nb,36,31
10:28:12,400u,paymentservice-9bfb7bf5-46sq4,2,87
10:28:12,400u,paymentservice-9bfb7bf5-pktv4,2,86
10:28:12,400u,paymentservice-9bfb7bf5-snj4k,2,113
10:28:12,400u,productcatalogservice-65bbf699df-8zzd2,23,43
10:28:12,400u,productcatalogservice-65bbf699df-qmltb,23,23
10:28:12,400u,productcatalogservice-65bbf699df-rh24h,23,22
10:28:12,400u,recommendationservice-7d7f9f7777-k667k,27,55
10:28:12,400u,recommendationservice-7d7f9f7777-k7s2c,29,55
10:28:12,400u,recommendationservice-7d7f9f7777-mrxwg,31,55
10:28:12,400u,redis-cart-c8ff86559-jrlvk,6,37
10:28:12,400u,shippingservice-f956b6d9f-2g46p,3,33
10:28:12,400u,shippingservice-f956b6d9f-4kzvq,3,19
10:28:12,400u,shippingservice-f956b6d9f-nmnfn,3,18
10:28:22,400u,adservice-574bff445c-grt9z,25,246
10:28:22,400u,adservice-574bff445c-h47zv,28,245
10:28:22,400u,adservice-574bff445c-wppcl,23,280
10:28:22,400u,cartservice-7c84fdfb6-hsn24,62,152
10:28:22,400u,cartservice-7c84fdfb6-s4cp2,48,183
10:28:22,400u,cartservice-7c84fdfb6-sf94w,60,153
10:28:22,400u,checkoutservice-6f4dbd65bf-glltw,12,21
10:28:22,400u,checkoutservice-6f4dbd65bf-hkgzd,13,22
10:28:22,400u,checkoutservice-6f4dbd65bf-t2t2w,11,22
10:28:22,400u,currencyservice-7c8fc8fc9c-dlzht,150,126
10:28:22,400u,currencyservice-7c8fc8fc9c-mvsgf,148,112
10:28:22,400u,currencyservice-7c8fc8fc9c-wqrfs,142,124
10:28:22,400u,emailservice-66944ff59-478c4,8,57
10:28:22,400u,emailservice-66944ff59-4fvm9,8,94
10:28:22,400u,emailservice-66944ff59-txwj8,7,59
10:28:22,400u,envoy-grpc-lb-648f879c96-pdnt8,407,40
10:28:22,400u,frontend-56d4848657-2lw2w,151,29
10:28:22,400u,frontend-56d4848657-gf72x,185,32
10:28:22,400u,frontend-56d4848657-kc9nb,140,32
10:28:22,400u,paymentservice-9bfb7bf5-46sq4,5,87
10:28:22,400u,paymentservice-9bfb7bf5-pktv4,5,86
10:28:22,400u,paymentservice-9bfb7bf5-snj4k,5,113
10:28:22,400u,productcatalogservice-65bbf699df-8zzd2,84,43
10:28:22,400u,productcatalogservice-65bbf699df-qmltb,85,23
10:28:22,400u,productcatalogservice-65bbf699df-rh24h,85,22
10:28:22,400u,recommendationservice-7d7f9f7777-k667k,113,55
10:28:22,400u,recommendationservice-7d7f9f7777-k7s2c,101,55
10:28:22,400u,recommendationservice-7d7f9f7777-mrxwg,110,55
10:28:22,400u,redis-cart-c8ff86559-jrlvk,12,37
10:28:22,400u,shippingservice-f956b6d9f-2g46p,9,33
10:28:22,400u,shippingservice-f956b6d9f-4kzvq,10,19
10:28:22,400u,shippingservice-f956b6d9f-nmnfn,9,19
10:28:32,400u,adservice-574bff445c-grt9z,25,246
10:28:32,400u,adservice-574bff445c-h47zv,28,245
10:28:32,400u,adservice-574bff445c-wppcl,23,280
10:28:32,400u,cartservice-7c84fdfb6-hsn24,62,152
10:28:32,400u,cartservice-7c84fdfb6-s4cp2,48,183
10:28:32,400u,cartservice-7c84fdfb6-sf94w,60,153
10:28:32,400u,checkoutservice-6f4dbd65bf-glltw,12,21
10:28:32,400u,checkoutservice-6f4dbd65bf-hkgzd,13,22
10:28:32,400u,checkoutservice-6f4dbd65bf-t2t2w,11,22
10:28:32,400u,currencyservice-7c8fc8fc9c-dlzht,150,126
10:28:32,400u,currencyservice-7c8fc8fc9c-mvsgf,148,112
10:28:32,400u,currencyservice-7c8fc8fc9c-wqrfs,142,124
10:28:32,400u,emailservice-66944ff59-478c4,8,57
10:28:32,400u,emailservice-66944ff59-4fvm9,8,94
10:28:32,400u,emailservice-66944ff59-txwj8,7,59
10:28:32,400u,envoy-grpc-lb-648f879c96-pdnt8,407,40
10:28:32,400u,frontend-56d4848657-2lw2w,151,29
10:28:32,400u,frontend-56d4848657-gf72x,185,32
10:28:32,400u,frontend-56d4848657-kc9nb,140,32
10:28:32,400u,paymentservice-9bfb7bf5-46sq4,5,87
10:28:32,400u,paymentservice-9bfb7bf5-pktv4,5,86
10:28:32,400u,paymentservice-9bfb7bf5-snj4k,5,113
10:28:32,400u,productcatalogservice-65bbf699df-8zzd2,84,43
10:28:32,400u,productcatalogservice-65bbf699df-qmltb,85,23
10:28:32,400u,productcatalogservice-65bbf699df-rh24h,85,22
10:28:32,400u,recommendationservice-7d7f9f7777-k667k,113,55
10:28:32,400u,recommendationservice-7d7f9f7777-k7s2c,101,55
10:28:32,400u,recommendationservice-7d7f9f7777-mrxwg,110,55
10:28:32,400u,redis-cart-c8ff86559-jrlvk,12,37
10:28:32,400u,shippingservice-f956b6d9f-2g46p,9,33
10:28:32,400u,shippingservice-f956b6d9f-4kzvq,10,19
10:28:32,400u,shippingservice-f956b6d9f-nmnfn,9,19
10:28:42,400u,adservice-574bff445c-grt9z,15,246
10:28:42,400u,adservice-574bff445c-h47zv,17,245
10:28:42,400u,adservice-574bff445c-wppcl,16,280
10:28:42,400u,cartservice-7c84fdfb6-hsn24,35,152
10:28:42,400u,cartservice-7c84fdfb6-s4cp2,33,183
10:28:42,400u,cartservice-7c84fdfb6-sf94w,35,153
10:28:42,400u,checkoutservice-6f4dbd65bf-glltw,10,21
10:28:42,400u,checkoutservice-6f4dbd65bf-hkgzd,8,22
10:28:42,400u,checkoutservice-6f4dbd65bf-t2t2w,7,22
10:28:42,400u,currencyservice-7c8fc8fc9c-dlzht,88,126
10:28:42,400u,currencyservice-7c8fc8fc9c-mvsgf,84,113
10:28:42,400u,currencyservice-7c8fc8fc9c-wqrfs,84,125
10:28:42,400u,emailservice-66944ff59-478c4,6,57
10:28:42,400u,emailservice-66944ff59-4fvm9,6,94
10:28:42,400u,emailservice-66944ff59-txwj8,7,59
10:28:42,400u,envoy-grpc-lb-648f879c96-pdnt8,238,40
10:28:42,400u,frontend-56d4848657-2lw2w,78,28
10:28:42,400u,frontend-56d4848657-gf72x,85,31
10:28:42,400u,frontend-56d4848657-kc9nb,113,31
10:28:42,400u,paymentservice-9bfb7bf5-46sq4,3,87
10:28:42,400u,paymentservice-9bfb7bf5-pktv4,4,86
10:28:42,400u,paymentservice-9bfb7bf5-snj4k,3,113
10:28:42,400u,productcatalogservice-65bbf699df-8zzd2,50,44
10:28:42,400u,productcatalogservice-65bbf699df-qmltb,51,23
10:28:42,400u,productcatalogservice-65bbf699df-rh24h,51,22
10:28:42,400u,recommendationservice-7d7f9f7777-k667k,72,55
10:28:42,400u,recommendationservice-7d7f9f7777-k7s2c,65,55
10:28:42,400u,recommendationservice-7d7f9f7777-mrxwg,69,55
10:28:42,400u,redis-cart-c8ff86559-jrlvk,8,37
10:28:42,400u,shippingservice-f956b6d9f-2g46p,6,33
10:28:42,400u,shippingservice-f956b6d9f-4kzvq,6,19
10:28:42,400u,shippingservice-f956b6d9f-nmnfn,6,19
10:28:53,400u,adservice-574bff445c-grt9z,21,246
10:28:53,400u,adservice-574bff445c-h47zv,23,246
10:28:53,400u,adservice-574bff445c-wppcl,21,280
10:28:53,400u,cartservice-7c84fdfb6-hsn24,56,152
10:28:53,400u,cartservice-7c84fdfb6-s4cp2,59,183
10:28:53,400u,cartservice-7c84fdfb6-sf94w,54,153
10:28:53,400u,checkoutservice-6f4dbd65bf-glltw,12,21
10:28:53,400u,checkoutservice-6f4dbd65bf-hkgzd,10,22
10:28:53,400u,checkoutservice-6f4dbd65bf-t2t2w,13,22
10:28:53,400u,currencyservice-7c8fc8fc9c-mvsgf,148,107
10:28:53,400u,currencyservice-7c8fc8fc9c-wqrfs,135,124
10:28:53,400u,emailservice-66944ff59-478c4,9,57
10:28:53,400u,emailservice-66944ff59-4fvm9,7,94
10:28:53,400u,emailservice-66944ff59-txwj8,9,59
10:28:53,400u,envoy-grpc-lb-648f879c96-pdnt8,392,40
10:28:53,400u,frontend-56d4848657-2lw2w,115,28
10:28:53,400u,frontend-56d4848657-gf72x,153,32
10:28:53,400u,frontend-56d4848657-kc9nb,189,32
10:28:53,400u,paymentservice-9bfb7bf5-46sq4,5,87
10:28:53,400u,paymentservice-9bfb7bf5-pktv4,4,86
10:28:53,400u,paymentservice-9bfb7bf5-snj4k,4,113
10:28:53,400u,productcatalogservice-65bbf699df-8zzd2,78,44
10:28:53,400u,productcatalogservice-65bbf699df-qmltb,79,23
10:28:53,400u,productcatalogservice-65bbf699df-rh24h,80,22
10:28:53,400u,recommendationservice-7d7f9f7777-k667k,98,55
10:28:53,400u,recommendationservice-7d7f9f7777-k7s2c,98,55
10:28:53,400u,recommendationservice-7d7f9f7777-mrxwg,96,55
10:28:53,400u,redis-cart-c8ff86559-jrlvk,12,37
10:28:53,400u,shippingservice-f956b6d9f-2g46p,9,34
10:28:53,400u,shippingservice-f956b6d9f-4kzvq,9,19
10:28:53,400u,shippingservice-f956b6d9f-nmnfn,9,18
10:29:03,400u,adservice-574bff445c-grt9z,21,246
10:29:03,400u,adservice-574bff445c-h47zv,23,246
10:29:03,400u,adservice-574bff445c-wppcl,21,280
10:29:03,400u,cartservice-7c84fdfb6-hsn24,56,152
10:29:03,400u,cartservice-7c84fdfb6-s4cp2,59,183
10:29:03,400u,cartservice-7c84fdfb6-sf94w,54,153
10:29:03,400u,checkoutservice-6f4dbd65bf-glltw,12,21
10:29:03,400u,checkoutservice-6f4dbd65bf-hkgzd,10,22
10:29:03,400u,checkoutservice-6f4dbd65bf-t2t2w,13,22
10:29:03,400u,currencyservice-7c8fc8fc9c-mvsgf,148,107
10:29:03,400u,currencyservice-7c8fc8fc9c-wqrfs,135,124
10:29:03,400u,emailservice-66944ff59-478c4,9,57
10:29:03,400u,emailservice-66944ff59-4fvm9,7,94
10:29:03,400u,emailservice-66944ff59-txwj8,9,59
10:29:03,400u,envoy-grpc-lb-648f879c96-pdnt8,392,40
10:29:03,400u,frontend-56d4848657-2lw2w,115,28
10:29:03,400u,frontend-56d4848657-gf72x,153,32
10:29:03,400u,frontend-56d4848657-kc9nb,189,32
10:29:03,400u,paymentservice-9bfb7bf5-46sq4,5,87
10:29:03,400u,paymentservice-9bfb7bf5-pktv4,4,86
10:29:03,400u,paymentservice-9bfb7bf5-snj4k,4,113
10:29:03,400u,productcatalogservice-65bbf699df-8zzd2,78,44
10:29:03,400u,productcatalogservice-65bbf699df-qmltb,79,23
10:29:03,400u,productcatalogservice-65bbf699df-rh24h,80,22
10:29:03,400u,recommendationservice-7d7f9f7777-k667k,98,55
10:29:03,400u,recommendationservice-7d7f9f7777-k7s2c,98,55
10:29:03,400u,recommendationservice-7d7f9f7777-mrxwg,96,55
10:29:03,400u,redis-cart-c8ff86559-jrlvk,12,37
10:29:03,400u,shippingservice-f956b6d9f-2g46p,9,34
10:29:03,400u,shippingservice-f956b6d9f-4kzvq,9,19
10:29:03,400u,shippingservice-f956b6d9f-nmnfn,9,18
10:29:13,400u,adservice-574bff445c-grt9z,37,246
10:29:13,400u,adservice-574bff445c-h47zv,36,246
10:29:13,400u,adservice-574bff445c-wppcl,36,280
10:29:13,400u,cartservice-7c84fdfb6-hsn24,72,152
10:29:13,400u,cartservice-7c84fdfb6-s4cp2,81,183
10:29:13,400u,cartservice-7c84fdfb6-sf94w,72,153
10:29:13,400u,checkoutservice-6f4dbd65bf-glltw,19,21
10:29:13,400u,checkoutservice-6f4dbd65bf-hkgzd,18,22
10:29:13,400u,checkoutservice-6f4dbd65bf-t2t2w,21,22
10:29:13,400u,currencyservice-7c8fc8fc9c-dlzht,119,68
10:29:13,400u,currencyservice-7c8fc8fc9c-mvsgf,200,114
10:29:13,400u,currencyservice-7c8fc8fc9c-wqrfs,200,125
10:29:13,400u,emailservice-66944ff59-478c4,11,57
10:29:13,400u,emailservice-66944ff59-4fvm9,8,94
10:29:13,400u,emailservice-66944ff59-txwj8,10,59
10:29:13,400u,envoy-grpc-lb-648f879c96-pdnt8,498,40
10:29:13,400u,frontend-56d4848657-2lw2w,190,29
10:29:13,400u,frontend-56d4848657-gf72x,191,32
10:29:13,400u,frontend-56d4848657-kc9nb,197,32
10:29:13,400u,paymentservice-9bfb7bf5-46sq4,6,87
10:29:13,400u,paymentservice-9bfb7bf5-pktv4,6,86
10:29:13,400u,paymentservice-9bfb7bf5-snj4k,6,113
10:29:13,400u,productcatalogservice-65bbf699df-8zzd2,110,43
10:29:13,400u,productcatalogservice-65bbf699df-qmltb,112,23
10:29:13,400u,productcatalogservice-65bbf699df-rh24h,112,22
10:29:13,400u,recommendationservice-7d7f9f7777-k667k,157,55
10:29:13,400u,recommendationservice-7d7f9f7777-k7s2c,161,55
10:29:13,400u,recommendationservice-7d7f9f7777-mrxwg,158,55
10:29:13,400u,redis-cart-c8ff86559-jrlvk,15,37
10:29:13,400u,shippingservice-f956b6d9f-2g46p,13,33
10:29:13,400u,shippingservice-f956b6d9f-4kzvq,12,19
10:29:13,400u,shippingservice-f956b6d9f-nmnfn,12,18
10:29:23,400u,adservice-574bff445c-grt9z,43,246
10:29:23,400u,adservice-574bff445c-h47zv,41,246
10:29:23,400u,adservice-574bff445c-wppcl,42,280
10:29:23,400u,cartservice-7c84fdfb6-hsn24,74,152
10:29:23,400u,cartservice-7c84fdfb6-s4cp2,75,183
10:29:23,400u,cartservice-7c84fdfb6-sf94w,74,153
10:29:23,400u,checkoutservice-6f4dbd65bf-glltw,21,21
10:29:23,400u,checkoutservice-6f4dbd65bf-hkgzd,22,22
10:29:23,400u,checkoutservice-6f4dbd65bf-t2t2w,20,22
10:29:23,400u,currencyservice-7c8fc8fc9c-dlzht,199,88
10:29:23,400u,currencyservice-7c8fc8fc9c-mvsgf,197,115
10:29:23,400u,currencyservice-7c8fc8fc9c-wqrfs,196,126
10:29:23,400u,emailservice-66944ff59-478c4,11,57
10:29:23,400u,emailservice-66944ff59-4fvm9,10,94
10:29:23,400u,emailservice-66944ff59-txwj8,10,59
10:29:23,400u,envoy-grpc-lb-648f879c96-pdnt8,487,40
10:29:23,400u,frontend-56d4848657-2lw2w,187,29
10:29:23,400u,frontend-56d4848657-gf72x,194,32
10:29:23,400u,frontend-56d4848657-kc9nb,196,33
10:29:23,400u,paymentservice-9bfb7bf5-46sq4,6,87
10:29:23,400u,paymentservice-9bfb7bf5-pktv4,8,86
10:29:23,400u,paymentservice-9bfb7bf5-snj4k,7,114
10:29:23,400u,productcatalogservice-65bbf699df-8zzd2,110,43
10:29:23,400u,productcatalogservice-65bbf699df-qmltb,109,23
10:29:23,400u,productcatalogservice-65bbf699df-rh24h,111,22
10:29:23,400u,recommendationservice-7d7f9f7777-k667k,173,55
10:29:23,400u,recommendationservice-7d7f9f7777-k7s2c,169,55
10:29:23,400u,recommendationservice-7d7f9f7777-mrxwg,177,55
10:29:23,400u,redis-cart-c8ff86559-jrlvk,15,37
10:29:23,400u,shippingservice-f956b6d9f-2g46p,14,33
10:29:23,400u,shippingservice-f956b6d9f-4kzvq,13,19
10:29:23,400u,shippingservice-f956b6d9f-nmnfn,14,18
10:29:34,400u,adservice-574bff445c-grt9z,43,246
10:29:34,400u,adservice-574bff445c-h47zv,41,246
10:29:34,400u,adservice-574bff445c-wppcl,42,280
10:29:34,400u,cartservice-7c84fdfb6-hsn24,74,152
10:29:34,400u,cartservice-7c84fdfb6-s4cp2,75,183
10:29:34,400u,cartservice-7c84fdfb6-sf94w,74,153
10:29:34,400u,checkoutservice-6f4dbd65bf-glltw,21,21
10:29:34,400u,checkoutservice-6f4dbd65bf-hkgzd,22,22
10:29:34,400u,checkoutservice-6f4dbd65bf-t2t2w,20,22
10:29:34,400u,currencyservice-7c8fc8fc9c-dlzht,199,88
10:29:34,400u,currencyservice-7c8fc8fc9c-mvsgf,197,115
10:29:34,400u,currencyservice-7c8fc8fc9c-wqrfs,196,126
10:29:34,400u,emailservice-66944ff59-478c4,11,57
10:29:34,400u,emailservice-66944ff59-4fvm9,10,94
10:29:34,400u,emailservice-66944ff59-txwj8,10,59
10:29:34,400u,envoy-grpc-lb-648f879c96-pdnt8,487,40
10:29:34,400u,frontend-56d4848657-2lw2w,187,29
10:29:34,400u,frontend-56d4848657-gf72x,194,32
10:29:34,400u,frontend-56d4848657-kc9nb,196,33
10:29:34,400u,paymentservice-9bfb7bf5-46sq4,6,87
10:29:34,400u,paymentservice-9bfb7bf5-pktv4,8,86
10:29:34,400u,paymentservice-9bfb7bf5-snj4k,7,114
10:29:34,400u,productcatalogservice-65bbf699df-8zzd2,110,43
10:29:34,400u,productcatalogservice-65bbf699df-qmltb,109,23
10:29:34,400u,productcatalogservice-65bbf699df-rh24h,111,22
10:29:34,400u,recommendationservice-7d7f9f7777-k667k,173,55
10:29:34,400u,recommendationservice-7d7f9f7777-k7s2c,169,55
10:29:34,400u,recommendationservice-7d7f9f7777-mrxwg,177,55
10:29:34,400u,redis-cart-c8ff86559-jrlvk,15,37
10:29:34,400u,shippingservice-f956b6d9f-2g46p,14,33
10:29:34,400u,shippingservice-f956b6d9f-4kzvq,13,19
10:29:34,400u,shippingservice-f956b6d9f-nmnfn,14,18
10:29:44,400u,adservice-574bff445c-grt9z,45,246
10:29:44,400u,adservice-574bff445c-h47zv,52,245
10:29:44,400u,adservice-574bff445c-wppcl,46,280
10:29:44,400u,cartservice-7c84fdfb6-hsn24,92,153
10:29:44,400u,cartservice-7c84fdfb6-s4cp2,94,183
10:29:44,400u,cartservice-7c84fdfb6-sf94w,72,153
10:29:44,400u,checkoutservice-6f4dbd65bf-glltw,24,21
10:29:44,400u,checkoutservice-6f4dbd65bf-hkgzd,24,22
10:29:44,400u,checkoutservice-6f4dbd65bf-t2t2w,23,22
10:29:44,400u,currencyservice-7c8fc8fc9c-dlzht,198,91
10:29:44,400u,currencyservice-7c8fc8fc9c-mvsgf,199,117
10:29:44,400u,currencyservice-7c8fc8fc9c-wqrfs,200,126
10:29:44,400u,emailservice-66944ff59-478c4,13,57
10:29:44,400u,emailservice-66944ff59-4fvm9,13,94
10:29:44,400u,emailservice-66944ff59-txwj8,11,59
10:29:44,400u,envoy-grpc-lb-648f879c96-pdnt8,500,40
10:29:44,400u,frontend-56d4848657-2lw2w,199,30
10:29:44,400u,frontend-56d4848657-gf72x,196,33
10:29:44,400u,frontend-56d4848657-kc9nb,198,34
10:29:44,400u,paymentservice-9bfb7bf5-46sq4,7,87
10:29:44,400u,paymentservice-9bfb7bf5-pktv4,7,86
10:29:44,400u,paymentservice-9bfb7bf5-snj4k,7,114
10:29:44,400u,productcatalogservice-65bbf699df-8zzd2,113,43
10:29:44,400u,productcatalogservice-65bbf699df-qmltb,112,23
10:29:44,400u,productcatalogservice-65bbf699df-rh24h,112,22
10:29:44,400u,recommendationservice-7d7f9f7777-k667k,196,55
10:29:44,400u,recommendationservice-7d7f9f7777-k7s2c,195,55
10:29:44,400u,recommendationservice-7d7f9f7777-mrxwg,196,55
10:29:44,400u,redis-cart-c8ff86559-jrlvk,17,37
10:29:44,400u,shippingservice-f956b6d9f-2g46p,16,34
10:29:44,400u,shippingservice-f956b6d9f-4kzvq,16,19
10:29:44,400u,shippingservice-f956b6d9f-nmnfn,15,18
10:29:54,400u,adservice-574bff445c-grt9z,52,246
10:29:54,400u,adservice-574bff445c-h47zv,50,245
10:29:54,400u,adservice-574bff445c-wppcl,54,280
10:29:54,400u,cartservice-7c84fdfb6-hsn24,112,153
10:29:54,400u,cartservice-7c84fdfb6-s4cp2,91,183
10:29:54,400u,cartservice-7c84fdfb6-sf94w,91,153
10:29:54,400u,checkoutservice-6f4dbd65bf-glltw,30,21
10:29:54,400u,checkoutservice-6f4dbd65bf-hkgzd,26,22
10:29:54,400u,checkoutservice-6f4dbd65bf-t2t2w,29,22
10:29:54,400u,currencyservice-7c8fc8fc9c-dlzht,198,93
10:29:54,400u,currencyservice-7c8fc8fc9c-mvsgf,197,117
10:29:54,400u,currencyservice-7c8fc8fc9c-wqrfs,198,125
10:29:54,400u,emailservice-66944ff59-478c4,14,57
10:29:54,400u,emailservice-66944ff59-4fvm9,14,94
10:29:54,400u,emailservice-66944ff59-txwj8,14,59
10:29:54,400u,envoy-grpc-lb-648f879c96-pdnt8,498,40
10:29:54,400u,frontend-56d4848657-2lw2w,198,30
10:29:54,400u,frontend-56d4848657-gf72x,197,34
10:29:54,400u,frontend-56d4848657-kc9nb,198,35
10:29:54,400u,paymentservice-9bfb7bf5-46sq4,10,87
10:29:54,400u,paymentservice-9bfb7bf5-pktv4,9,86
10:29:54,400u,paymentservice-9bfb7bf5-snj4k,8,114
10:29:54,400u,productcatalogservice-65bbf699df-8zzd2,109,43
10:29:54,400u,productcatalogservice-65bbf699df-qmltb,110,23
10:29:54,400u,productcatalogservice-65bbf699df-rh24h,110,22
10:29:54,400u,recommendationservice-7d7f9f7777-k667k,197,55
10:29:54,400u,recommendationservice-7d7f9f7777-k7s2c,197,55
10:29:54,400u,recommendationservice-7d7f9f7777-mrxwg,197,55
10:29:54,400u,redis-cart-c8ff86559-jrlvk,18,37
10:29:54,400u,shippingservice-f956b6d9f-2g46p,17,33
10:29:54,400u,shippingservice-f956b6d9f-4kzvq,20,18
10:29:54,400u,shippingservice-f956b6d9f-nmnfn,17,18
10:30:04,400u,adservice-574bff445c-grt9z,52,246
10:30:04,400u,adservice-574bff445c-h47zv,53,246
10:30:04,400u,adservice-574bff445c-wppcl,56,280
10:30:04,400u,cartservice-7c84fdfb6-hsn24,86,153
10:30:04,400u,cartservice-7c84fdfb6-s4cp2,110,183
10:30:04,400u,cartservice-7c84fdfb6-sf94w,95,153
10:30:04,400u,checkoutservice-6f4dbd65bf-glltw,27,21
10:30:04,400u,checkoutservice-6f4dbd65bf-hkgzd,28,22
10:30:04,400u,checkoutservice-6f4dbd65bf-t2t2w,25,22
10:30:04,400u,currencyservice-7c8fc8fc9c-dlzht,198,93
10:30:04,400u,currencyservice-7c8fc8fc9c-mvsgf,199,120
10:30:04,400u,currencyservice-7c8fc8fc9c-wqrfs,199,126
10:30:04,400u,emailservice-66944ff59-478c4,14,57
10:30:04,400u,emailservice-66944ff59-4fvm9,13,94
10:30:04,400u,emailservice-66944ff59-txwj8,11,59
10:30:04,400u,envoy-grpc-lb-648f879c96-pdnt8,501,40
10:30:04,400u,frontend-56d4848657-2lw2w,199,31
10:30:04,400u,frontend-56d4848657-gf72x,199,35
10:30:04,400u,frontend-56d4848657-kc9nb,198,35
10:30:04,400u,paymentservice-9bfb7bf5-46sq4,8,87
10:30:04,400u,paymentservice-9bfb7bf5-pktv4,8,86
10:30:04,400u,paymentservice-9bfb7bf5-snj4k,8,114
10:30:04,400u,productcatalogservice-65bbf699df-8zzd2,110,43
10:30:04,400u,productcatalogservice-65bbf699df-qmltb,110,23
10:30:04,400u,productcatalogservice-65bbf699df-rh24h,110,22
10:30:04,400u,recommendationservice-7d7f9f7777-k667k,200,55
10:30:04,400u,recommendationservice-7d7f9f7777-k7s2c,200,55
10:30:04,400u,recommendationservice-7d7f9f7777-mrxwg,200,55
10:30:04,400u,redis-cart-c8ff86559-jrlvk,18,37
10:30:04,400u,shippingservice-f956b6d9f-2g46p,18,33
10:30:04,400u,shippingservice-f956b6d9f-4kzvq,17,18
10:30:04,400u,shippingservice-f956b6d9f-nmnfn,17,18
10:30:14,400u,adservice-574bff445c-grt9z,52,246
10:30:14,400u,adservice-574bff445c-h47zv,53,246
10:30:14,400u,adservice-574bff445c-wppcl,56,280
10:30:14,400u,cartservice-7c84fdfb6-hsn24,86,153
10:30:14,400u,cartservice-7c84fdfb6-s4cp2,110,183
10:30:14,400u,cartservice-7c84fdfb6-sf94w,95,153
10:30:14,400u,checkoutservice-6f4dbd65bf-glltw,27,21
10:30:14,400u,checkoutservice-6f4dbd65bf-hkgzd,28,22
10:30:14,400u,checkoutservice-6f4dbd65bf-t2t2w,25,22
10:30:14,400u,currencyservice-7c8fc8fc9c-dlzht,198,93
10:30:14,400u,currencyservice-7c8fc8fc9c-mvsgf,199,120
10:30:14,400u,currencyservice-7c8fc8fc9c-wqrfs,199,126
10:30:14,400u,emailservice-66944ff59-478c4,14,57
10:30:14,400u,emailservice-66944ff59-4fvm9,13,94
10:30:14,400u,emailservice-66944ff59-txwj8,11,59
10:30:14,400u,envoy-grpc-lb-648f879c96-pdnt8,501,40
10:30:14,400u,frontend-56d4848657-2lw2w,199,31
10:30:14,400u,frontend-56d4848657-gf72x,199,35
10:30:14,400u,frontend-56d4848657-kc9nb,198,35
10:30:14,400u,paymentservice-9bfb7bf5-46sq4,8,87
10:30:14,400u,paymentservice-9bfb7bf5-pktv4,8,86
10:30:14,400u,paymentservice-9bfb7bf5-snj4k,8,114
10:30:14,400u,productcatalogservice-65bbf699df-8zzd2,110,43
10:30:14,400u,productcatalogservice-65bbf699df-qmltb,110,23
10:30:14,400u,productcatalogservice-65bbf699df-rh24h,110,22
10:30:14,400u,recommendationservice-7d7f9f7777-k667k,200,55
10:30:14,400u,recommendationservice-7d7f9f7777-k7s2c,200,55
10:30:14,400u,recommendationservice-7d7f9f7777-mrxwg,200,55
10:30:14,400u,redis-cart-c8ff86559-jrlvk,18,37
10:30:14,400u,shippingservice-f956b6d9f-2g46p,18,33
10:30:14,400u,shippingservice-f956b6d9f-4kzvq,17,18
10:30:14,400u,shippingservice-f956b6d9f-nmnfn,17,18
