timestamp,load_label,pod,cpu_m,ram_mi
22:51:34,idle,adservice-574bff445c-gdrhm,5,146
22:51:34,idle,adservice-574bff445c-qb9cj,2,273
22:51:34,idle,cartservice-7c84fdfb6-m5m6d,3,187
22:51:34,idle,checkoutservice-5b6d96c9b7-45rkr,2,39
22:51:34,idle,currencyservice-7c8fc8fc9c-4hm9g,3,124
22:51:34,idle,currencyservice-7c8fc8fc9c-5frj9,3,75
22:51:34,idle,currencyservice-7c8fc8fc9c-mgwx9,3,105
22:51:34,idle,emailservice-66944ff59-2lcjl,5,95
22:51:34,idle,emailservice-66944ff59-5fxsl,4,56
22:51:34,idle,emailservice-66944ff59-tgb28,4,56
22:51:34,idle,frontend-7bd6f45654-przgb,1,35
22:51:34,idle,frontend-7bd6f45654-s2s7z,1,53
22:51:34,idle,frontend-7bd6f45654-vfxkp,1,35
22:51:34,idle,paymentservice-9bfb7bf5-hwnsw,2,64
22:51:34,idle,paymentservice-9bfb7bf5-kgd56,3,114
22:51:34,idle,paymentservice-9bfb7bf5-xht2h,2,65
22:51:34,idle,productcatalogservice-65bbf699df-j2fmg,1,44
22:51:34,idle,recommendationservice-7444754ff5-lk6jf,4,51
22:51:34,idle,recommendationservice-7444754ff5-n8cbh,6,59
22:51:34,idle,recommendationservice-7444754ff5-sn5zp,4,51
22:51:34,idle,redis-cart-c8ff86559-kcf44,3,37
22:51:34,idle,shippingservice-f956b6d9f-8bhnj,1,14
22:51:34,idle,shippingservice-f956b6d9f-w7n4b,1,35
22:51:34,idle,shippingservice-f956b6d9f-wjpfk,1,14
22:51:36,100u,adservice-574bff445c-qb9cj,4,272
22:51:36,100u,cartservice-7c84fdfb6-m5m6d,3,187
22:51:36,100u,checkoutservice-5b6d96c9b7-45rkr,2,39
22:51:36,100u,currencyservice-7c8fc8fc9c-4hm9g,2,124
22:51:36,100u,currencyservice-7c8fc8fc9c-5frj9,3,75
22:51:36,100u,currencyservice-7c8fc8fc9c-mgwx9,2,105
22:51:36,100u,emailservice-66944ff59-2lcjl,4,95
22:51:36,100u,emailservice-66944ff59-5fxsl,4,56
22:51:36,100u,emailservice-66944ff59-tgb28,5,56
22:51:36,100u,frontend-7bd6f45654-przgb,1,35
22:51:36,100u,frontend-7bd6f45654-s2s7z,1,53
22:51:36,100u,frontend-7bd6f45654-vfxkp,1,35
22:51:36,100u,paymentservice-9bfb7bf5-hwnsw,4,64
22:51:36,100u,paymentservice-9bfb7bf5-kgd56,2,114
22:51:36,100u,paymentservice-9bfb7bf5-xht2h,5,65
22:51:36,100u,productcatalogservice-65bbf699df-j2fmg,1,44
22:51:36,100u,recommendationservice-7444754ff5-lk6jf,5,51
22:51:36,100u,recommendationservice-7444754ff5-n8cbh,4,59
22:51:36,100u,recommendationservice-7444754ff5-sn5zp,4,51
22:51:36,100u,redis-cart-c8ff86559-kcf44,3,37
22:51:36,100u,shippingservice-f956b6d9f-w7n4b,2,35
22:51:40,100u,adservice-574bff445c-qb9cj,4,272
22:51:40,100u,cartservice-7c84fdfb6-m5m6d,3,187
22:51:40,100u,checkoutservice-5b6d96c9b7-45rkr,2,39
22:51:40,100u,currencyservice-7c8fc8fc9c-4hm9g,2,124
22:51:40,100u,currencyservice-7c8fc8fc9c-5frj9,3,75
22:51:40,100u,currencyservice-7c8fc8fc9c-mgwx9,2,105
22:51:40,100u,emailservice-66944ff59-2lcjl,4,95
22:51:40,100u,frontend-7bd6f45654-przgb,1,35
22:51:40,100u,frontend-7bd6f45654-s2s7z,1,53
22:51:40,100u,frontend-7bd6f45654-vfxkp,1,35
22:51:40,100u,paymentservice-9bfb7bf5-kgd56,2,114
22:51:40,100u,productcatalogservice-65bbf699df-j2fmg,1,44
22:51:40,100u,recommendationservice-7444754ff5-n8cbh,4,59
22:51:40,100u,redis-cart-c8ff86559-kcf44,3,37
22:51:40,100u,shippingservice-f956b6d9f-w7n4b,2,35
22:51:44,100u,adservice-574bff445c-qb9cj,4,272
22:51:44,100u,cartservice-7c84fdfb6-m5m6d,3,187
22:51:44,100u,checkoutservice-5b6d96c9b7-45rkr,2,39
22:51:44,100u,currencyservice-7c8fc8fc9c-4hm9g,2,124
22:51:44,100u,currencyservice-7c8fc8fc9c-5frj9,3,75
22:51:44,100u,currencyservice-7c8fc8fc9c-mgwx9,2,105
22:51:44,100u,emailservice-66944ff59-2lcjl,4,95
22:51:44,100u,frontend-7bd6f45654-przgb,1,35
22:51:44,100u,frontend-7bd6f45654-s2s7z,1,53
22:51:44,100u,frontend-7bd6f45654-vfxkp,1,35
22:51:44,100u,paymentservice-9bfb7bf5-kgd56,2,114
22:51:44,100u,productcatalogservice-65bbf699df-j2fmg,1,44
22:51:44,100u,recommendationservice-7444754ff5-n8cbh,4,59
22:51:44,100u,redis-cart-c8ff86559-kcf44,3,37
22:51:44,100u,shippingservice-f956b6d9f-w7n4b,2,35
22:51:46,100u,adservice-574bff445c-qb9cj,4,272
22:51:46,100u,cartservice-7c84fdfb6-m5m6d,3,187
22:51:46,100u,checkoutservice-5b6d96c9b7-45rkr,2,39
22:51:46,100u,currencyservice-7c8fc8fc9c-4hm9g,2,124
22:51:46,100u,currencyservice-7c8fc8fc9c-5frj9,3,75
22:51:46,100u,currencyservice-7c8fc8fc9c-mgwx9,2,105
22:51:46,100u,emailservice-66944ff59-2lcjl,4,95
22:51:46,100u,frontend-7bd6f45654-przgb,1,35
22:51:46,100u,frontend-7bd6f45654-s2s7z,1,53
22:51:46,100u,frontend-7bd6f45654-vfxkp,1,35
22:51:46,100u,paymentservice-9bfb7bf5-kgd56,2,114
22:51:46,100u,productcatalogservice-65bbf699df-j2fmg,1,44
22:51:46,100u,recommendationservice-7444754ff5-n8cbh,4,59
22:51:46,100u,redis-cart-c8ff86559-kcf44,3,37
22:51:46,100u,shippingservice-f956b6d9f-w7n4b,2,35
22:51:50,100u,adservice-574bff445c-qb9cj,28,272
22:51:50,100u,cartservice-7c84fdfb6-m5m6d,60,187
22:51:50,100u,checkoutservice-5b6d96c9b7-45rkr,12,39
22:51:50,100u,currencyservice-7c8fc8fc9c-4hm9g,55,125
22:51:50,100u,currencyservice-7c8fc8fc9c-5frj9,3,75
22:51:50,100u,currencyservice-7c8fc8fc9c-mgwx9,62,105
22:51:50,100u,emailservice-66944ff59-2lcjl,8,95
22:51:50,100u,frontend-7bd6f45654-przgb,46,34
22:51:50,100u,frontend-7bd6f45654-s2s7z,67,53
22:51:50,100u,frontend-7bd6f45654-vfxkp,36,34
22:51:50,100u,paymentservice-9bfb7bf5-kgd56,5,114
22:51:50,100u,productcatalogservice-65bbf699df-j2fmg,54,44
22:51:50,100u,recommendationservice-7444754ff5-n8cbh,89,59
22:51:50,100u,redis-cart-c8ff86559-kcf44,5,37
22:51:50,100u,shippingservice-f956b6d9f-w7n4b,10,35
22:51:54,100u,adservice-574bff445c-qb9cj,28,272
22:51:54,100u,cartservice-7c84fdfb6-m5m6d,60,187
22:51:54,100u,checkoutservice-5b6d96c9b7-45rkr,12,39
22:51:54,100u,currencyservice-7c8fc8fc9c-4hm9g,55,125
22:51:54,100u,currencyservice-7c8fc8fc9c-5frj9,3,75
22:51:54,100u,currencyservice-7c8fc8fc9c-mgwx9,62,105
22:51:54,100u,emailservice-66944ff59-2lcjl,8,95
22:51:54,100u,frontend-7bd6f45654-przgb,46,34
22:51:54,100u,frontend-7bd6f45654-s2s7z,67,53
22:51:54,100u,frontend-7bd6f45654-vfxkp,36,34
22:51:54,100u,paymentservice-9bfb7bf5-kgd56,5,114
22:51:54,100u,productcatalogservice-65bbf699df-j2fmg,54,44
22:51:54,100u,recommendationservice-7444754ff5-n8cbh,89,59
22:51:54,100u,redis-cart-c8ff86559-kcf44,5,37
22:51:54,100u,shippingservice-f956b6d9f-w7n4b,10,35
22:51:56,100u,adservice-574bff445c-qb9cj,28,272
22:51:56,100u,cartservice-7c84fdfb6-m5m6d,60,187
22:51:56,100u,checkoutservice-5b6d96c9b7-45rkr,12,39
22:51:56,100u,currencyservice-7c8fc8fc9c-4hm9g,55,125
22:51:56,100u,currencyservice-7c8fc8fc9c-5frj9,3,75
22:51:56,100u,currencyservice-7c8fc8fc9c-mgwx9,62,105
22:51:56,100u,emailservice-66944ff59-2lcjl,8,95
22:51:56,100u,frontend-7bd6f45654-przgb,46,34
22:51:56,100u,frontend-7bd6f45654-s2s7z,67,53
22:51:56,100u,frontend-7bd6f45654-vfxkp,36,34
22:51:56,100u,paymentservice-9bfb7bf5-kgd56,5,114
22:51:56,100u,productcatalogservice-65bbf699df-j2fmg,54,44
22:51:56,100u,recommendationservice-7444754ff5-n8cbh,89,59
22:51:56,100u,redis-cart-c8ff86559-kcf44,5,37
22:51:56,100u,shippingservice-f956b6d9f-w7n4b,10,35
22:52:00,100u,adservice-574bff445c-qb9cj,28,272
22:52:00,100u,cartservice-7c84fdfb6-m5m6d,60,187
22:52:00,100u,checkoutservice-5b6d96c9b7-45rkr,12,39
22:52:00,100u,currencyservice-7c8fc8fc9c-4hm9g,55,125
22:52:00,100u,currencyservice-7c8fc8fc9c-5frj9,3,75
22:52:00,100u,currencyservice-7c8fc8fc9c-mgwx9,62,105
22:52:00,100u,emailservice-66944ff59-2lcjl,8,95
22:52:00,100u,frontend-7bd6f45654-przgb,46,34
22:52:00,100u,frontend-7bd6f45654-s2s7z,67,53
22:52:00,100u,frontend-7bd6f45654-vfxkp,36,34
22:52:00,100u,paymentservice-9bfb7bf5-kgd56,5,114
22:52:00,100u,productcatalogservice-65bbf699df-j2fmg,54,44
22:52:00,100u,recommendationservice-7444754ff5-n8cbh,89,59
22:52:00,100u,redis-cart-c8ff86559-kcf44,5,37
22:52:00,100u,shippingservice-f956b6d9f-w7n4b,10,35
22:52:04,100u,adservice-574bff445c-qb9cj,28,272
22:52:04,100u,cartservice-7c84fdfb6-m5m6d,60,187
22:52:04,100u,checkoutservice-5b6d96c9b7-45rkr,12,39
22:52:04,100u,currencyservice-7c8fc8fc9c-4hm9g,55,125
22:52:04,100u,currencyservice-7c8fc8fc9c-5frj9,3,75
22:52:04,100u,currencyservice-7c8fc8fc9c-mgwx9,62,105
22:52:04,100u,emailservice-66944ff59-2lcjl,8,95
22:52:04,100u,frontend-7bd6f45654-przgb,46,34
22:52:04,100u,frontend-7bd6f45654-s2s7z,67,53
22:52:04,100u,frontend-7bd6f45654-vfxkp,36,34
22:52:04,100u,paymentservice-9bfb7bf5-kgd56,5,114
22:52:04,100u,productcatalogservice-65bbf699df-j2fmg,54,44
22:52:04,100u,recommendationservice-7444754ff5-n8cbh,89,59
22:52:04,100u,redis-cart-c8ff86559-kcf44,5,37
22:52:04,100u,shippingservice-f956b6d9f-w7n4b,10,35
22:52:06,100u,adservice-574bff445c-qb9cj,57,273
22:52:06,100u,cartservice-7c84fdfb6-m5m6d,105,187
22:52:06,100u,checkoutservice-5b6d96c9b7-45rkr,22,38
22:52:06,100u,currencyservice-7c8fc8fc9c-4hm9g,123,124
22:52:06,100u,currencyservice-7c8fc8fc9c-5frj9,1,75
22:52:06,100u,currencyservice-7c8fc8fc9c-mgwx9,99,106
22:52:06,100u,emailservice-66944ff59-2lcjl,12,95
22:52:06,100u,frontend-7bd6f45654-przgb,117,35
22:52:06,100u,frontend-7bd6f45654-s2s7z,114,54
22:52:06,100u,frontend-7bd6f45654-vfxkp,71,34
22:52:06,100u,paymentservice-9bfb7bf5-kgd56,9,114
22:52:06,100u,productcatalogservice-65bbf699df-j2fmg,110,44
22:52:06,100u,recommendationservice-7444754ff5-n8cbh,190,59
22:52:06,100u,redis-cart-c8ff86559-kcf44,8,37
22:52:06,100u,shippingservice-f956b6d9f-w7n4b,20,35
22:52:10,100u,adservice-574bff445c-qb9cj,57,273
22:52:10,100u,cartservice-7c84fdfb6-m5m6d,105,187
22:52:10,100u,checkoutservice-5b6d96c9b7-45rkr,22,38
22:52:10,100u,currencyservice-7c8fc8fc9c-4hm9g,123,124
22:52:10,100u,currencyservice-7c8fc8fc9c-5frj9,1,75
22:52:10,100u,currencyservice-7c8fc8fc9c-mgwx9,99,106
22:52:10,100u,emailservice-66944ff59-2lcjl,12,95
22:52:10,100u,frontend-7bd6f45654-przgb,117,35
22:52:10,100u,frontend-7bd6f45654-s2s7z,114,54
22:52:10,100u,frontend-7bd6f45654-vfxkp,71,34
22:52:10,100u,paymentservice-9bfb7bf5-kgd56,9,114
22:52:10,100u,productcatalogservice-65bbf699df-j2fmg,110,44
22:52:10,100u,recommendationservice-7444754ff5-n8cbh,190,59
22:52:10,100u,redis-cart-c8ff86559-kcf44,8,37
22:52:10,100u,shippingservice-f956b6d9f-w7n4b,20,35
22:52:14,100u,adservice-574bff445c-qb9cj,57,273
22:52:14,100u,cartservice-7c84fdfb6-m5m6d,105,187
22:52:14,100u,checkoutservice-5b6d96c9b7-45rkr,22,38
22:52:14,100u,currencyservice-7c8fc8fc9c-4hm9g,123,124
22:52:14,100u,currencyservice-7c8fc8fc9c-5frj9,1,75
22:52:14,100u,currencyservice-7c8fc8fc9c-mgwx9,99,106
22:52:14,100u,emailservice-66944ff59-2lcjl,12,95
22:52:14,100u,frontend-7bd6f45654-przgb,117,35
22:52:14,100u,frontend-7bd6f45654-s2s7z,114,54
22:52:14,100u,frontend-7bd6f45654-vfxkp,71,34
22:52:14,100u,paymentservice-9bfb7bf5-kgd56,9,114
22:52:14,100u,productcatalogservice-65bbf699df-j2fmg,110,44
22:52:14,100u,recommendationservice-7444754ff5-n8cbh,190,59
22:52:14,100u,redis-cart-c8ff86559-kcf44,8,37
22:52:14,100u,shippingservice-f956b6d9f-w7n4b,20,35
22:52:16,100u,adservice-574bff445c-qb9cj,57,273
22:52:16,100u,cartservice-7c84fdfb6-m5m6d,105,187
22:52:16,100u,checkoutservice-5b6d96c9b7-45rkr,22,38
22:52:16,100u,currencyservice-7c8fc8fc9c-4hm9g,123,124
22:52:16,100u,currencyservice-7c8fc8fc9c-5frj9,1,75
22:52:16,100u,currencyservice-7c8fc8fc9c-mgwx9,99,106
22:52:16,100u,emailservice-66944ff59-2lcjl,12,95
22:52:16,100u,frontend-7bd6f45654-przgb,117,35
22:52:16,100u,frontend-7bd6f45654-s2s7z,114,54
22:52:16,100u,frontend-7bd6f45654-vfxkp,71,34
22:52:16,100u,paymentservice-9bfb7bf5-kgd56,9,114
22:52:16,100u,productcatalogservice-65bbf699df-j2fmg,110,44
22:52:16,100u,recommendationservice-7444754ff5-n8cbh,190,59
22:52:16,100u,redis-cart-c8ff86559-kcf44,8,37
22:52:16,100u,shippingservice-f956b6d9f-w7n4b,20,35
22:52:20,100u,adservice-574bff445c-qb9cj,24,273
22:52:20,100u,cartservice-7c84fdfb6-m5m6d,47,187
22:52:20,100u,checkoutservice-5b6d96c9b7-45rkr,9,38
22:52:20,100u,currencyservice-7c8fc8fc9c-4hm9g,52,124
22:52:20,100u,currencyservice-7c8fc8fc9c-5frj9,1,76
22:52:20,100u,currencyservice-7c8fc8fc9c-mgwx9,54,105
22:52:20,100u,emailservice-66944ff59-2lcjl,7,95
22:52:20,100u,frontend-7bd6f45654-przgb,14,34
22:52:20,100u,frontend-7bd6f45654-s2s7z,60,53
22:52:20,100u,frontend-7bd6f45654-vfxkp,59,34
22:52:20,100u,paymentservice-9bfb7bf5-kgd56,5,114
22:52:20,100u,productcatalogservice-65bbf699df-j2fmg,50,44
22:52:20,100u,recommendationservice-7444754ff5-n8cbh,85,59
22:52:20,100u,redis-cart-c8ff86559-kcf44,5,37
22:52:20,100u,shippingservice-f956b6d9f-w7n4b,9,35
22:52:24,100u,adservice-574bff445c-qb9cj,24,273
22:52:24,100u,cartservice-7c84fdfb6-m5m6d,47,187
22:52:24,100u,checkoutservice-5b6d96c9b7-45rkr,9,38
22:52:24,100u,currencyservice-7c8fc8fc9c-4hm9g,52,124
22:52:24,100u,currencyservice-7c8fc8fc9c-5frj9,1,76
22:52:24,100u,currencyservice-7c8fc8fc9c-mgwx9,54,105
22:52:24,100u,emailservice-66944ff59-2lcjl,7,95
22:52:24,100u,frontend-7bd6f45654-przgb,14,34
22:52:24,100u,frontend-7bd6f45654-s2s7z,60,53
22:52:24,100u,frontend-7bd6f45654-vfxkp,59,34
22:52:24,100u,paymentservice-9bfb7bf5-kgd56,5,114
22:52:24,100u,productcatalogservice-65bbf699df-j2fmg,50,44
22:52:24,100u,recommendationservice-7444754ff5-n8cbh,85,59
22:52:24,100u,redis-cart-c8ff86559-kcf44,5,37
22:52:24,100u,shippingservice-f956b6d9f-w7n4b,9,35
22:52:26,100u,adservice-574bff445c-qb9cj,24,273
22:52:26,100u,cartservice-7c84fdfb6-m5m6d,47,187
22:52:26,100u,checkoutservice-5b6d96c9b7-45rkr,9,38
22:52:26,100u,currencyservice-7c8fc8fc9c-4hm9g,52,124
22:52:26,100u,currencyservice-7c8fc8fc9c-5frj9,1,76
22:52:26,100u,currencyservice-7c8fc8fc9c-mgwx9,54,105
22:52:26,100u,emailservice-66944ff59-2lcjl,7,95
22:52:26,100u,frontend-7bd6f45654-przgb,14,34
22:52:26,100u,frontend-7bd6f45654-s2s7z,60,53
22:52:26,100u,frontend-7bd6f45654-vfxkp,59,34
22:52:26,100u,paymentservice-9bfb7bf5-kgd56,5,114
22:52:26,100u,productcatalogservice-65bbf699df-j2fmg,50,44
22:52:26,100u,recommendationservice-7444754ff5-n8cbh,85,59
22:52:26,100u,redis-cart-c8ff86559-kcf44,5,37
22:52:26,100u,shippingservice-f956b6d9f-w7n4b,9,35
22:52:30,100u,adservice-574bff445c-qb9cj,24,273
22:52:30,100u,cartservice-7c84fdfb6-m5m6d,47,187
22:52:30,100u,checkoutservice-5b6d96c9b7-45rkr,9,38
22:52:30,100u,currencyservice-7c8fc8fc9c-4hm9g,52,124
22:52:30,100u,currencyservice-7c8fc8fc9c-5frj9,1,76
22:52:30,100u,currencyservice-7c8fc8fc9c-mgwx9,54,105
22:52:30,100u,emailservice-66944ff59-2lcjl,7,95
22:52:30,100u,frontend-7bd6f45654-przgb,14,34
22:52:30,100u,frontend-7bd6f45654-s2s7z,60,53
22:52:30,100u,frontend-7bd6f45654-vfxkp,59,34
22:52:30,100u,paymentservice-9bfb7bf5-kgd56,5,114
22:52:30,100u,productcatalogservice-65bbf699df-j2fmg,50,44
22:52:30,100u,recommendationservice-7444754ff5-n8cbh,85,59
22:52:30,100u,redis-cart-c8ff86559-kcf44,5,37
22:52:30,100u,shippingservice-f956b6d9f-w7n4b,9,35
22:52:35,100u,adservice-574bff445c-qb9cj,50,273
22:52:35,100u,cartservice-7c84fdfb6-m5m6d,95,187
22:52:35,100u,checkoutservice-5b6d96c9b7-45rkr,19,38
22:52:35,100u,currencyservice-7c8fc8fc9c-4hm9g,108,124
22:52:35,100u,currencyservice-7c8fc8fc9c-5frj9,1,76
22:52:35,100u,currencyservice-7c8fc8fc9c-mgwx9,93,106
22:52:35,100u,emailservice-66944ff59-2lcjl,11,95
22:52:35,100u,frontend-7bd6f45654-przgb,37,34
22:52:35,100u,frontend-7bd6f45654-s2s7z,113,53
22:52:35,100u,frontend-7bd6f45654-vfxkp,120,35
22:52:35,100u,paymentservice-9bfb7bf5-kgd56,8,114
22:52:35,100u,productcatalogservice-65bbf699df-j2fmg,97,44
22:52:35,100u,recommendationservice-7444754ff5-n8cbh,172,59
22:52:35,100u,redis-cart-c8ff86559-kcf44,7,37
22:52:35,100u,shippingservice-f956b6d9f-w7n4b,18,35
22:52:36,100u,adservice-574bff445c-qb9cj,50,273
22:52:36,100u,cartservice-7c84fdfb6-m5m6d,95,187
22:52:36,100u,checkoutservice-5b6d96c9b7-45rkr,19,38
22:52:36,100u,currencyservice-7c8fc8fc9c-4hm9g,108,124
22:52:36,100u,currencyservice-7c8fc8fc9c-5frj9,1,76
22:52:36,100u,currencyservice-7c8fc8fc9c-mgwx9,93,106
22:52:36,100u,emailservice-66944ff59-2lcjl,11,95
22:52:36,100u,frontend-7bd6f45654-przgb,37,34
22:52:36,100u,frontend-7bd6f45654-s2s7z,113,53
22:52:36,100u,frontend-7bd6f45654-vfxkp,120,35
22:52:36,100u,paymentservice-9bfb7bf5-kgd56,8,114
22:52:36,100u,productcatalogservice-65bbf699df-j2fmg,97,44
22:52:36,100u,recommendationservice-7444754ff5-n8cbh,172,59
22:52:36,100u,redis-cart-c8ff86559-kcf44,7,37
22:52:36,100u,shippingservice-f956b6d9f-w7n4b,18,35
22:52:40,100u,adservice-574bff445c-qb9cj,50,273
22:52:40,100u,cartservice-7c84fdfb6-m5m6d,95,187
22:52:40,100u,checkoutservice-5b6d96c9b7-45rkr,19,38
22:52:40,100u,currencyservice-7c8fc8fc9c-4hm9g,108,124
22:52:40,100u,currencyservice-7c8fc8fc9c-5frj9,1,76
22:52:40,100u,currencyservice-7c8fc8fc9c-mgwx9,93,106
22:52:40,100u,emailservice-66944ff59-2lcjl,11,95
22:52:40,100u,frontend-7bd6f45654-przgb,37,34
22:52:40,100u,frontend-7bd6f45654-s2s7z,113,53
22:52:40,100u,frontend-7bd6f45654-vfxkp,120,35
22:52:40,100u,paymentservice-9bfb7bf5-kgd56,8,114
22:52:40,100u,productcatalogservice-65bbf699df-j2fmg,97,44
22:52:40,100u,recommendationservice-7444754ff5-n8cbh,172,59
22:52:40,100u,redis-cart-c8ff86559-kcf44,7,37
22:52:40,100u,shippingservice-f956b6d9f-w7n4b,18,35
22:52:45,100u,adservice-574bff445c-qb9cj,50,273
22:52:45,100u,cartservice-7c84fdfb6-m5m6d,95,187
22:52:45,100u,checkoutservice-5b6d96c9b7-45rkr,19,38
22:52:45,100u,currencyservice-7c8fc8fc9c-4hm9g,108,124
22:52:45,100u,currencyservice-7c8fc8fc9c-5frj9,1,76
22:52:45,100u,currencyservice-7c8fc8fc9c-mgwx9,93,106
22:52:45,100u,emailservice-66944ff59-2lcjl,11,95
22:52:45,100u,frontend-7bd6f45654-przgb,37,34
22:52:45,100u,frontend-7bd6f45654-s2s7z,113,53
22:52:45,100u,frontend-7bd6f45654-vfxkp,120,35
22:52:45,100u,paymentservice-9bfb7bf5-kgd56,8,114
22:52:45,100u,productcatalogservice-65bbf699df-j2fmg,97,44
22:52:45,100u,recommendationservice-7444754ff5-n8cbh,172,59
22:52:45,100u,redis-cart-c8ff86559-kcf44,7,37
22:52:45,100u,shippingservice-f956b6d9f-w7n4b,18,35
22:52:46,100u,adservice-574bff445c-qb9cj,50,273
22:52:46,100u,cartservice-7c84fdfb6-m5m6d,95,187
22:52:46,100u,checkoutservice-5b6d96c9b7-45rkr,19,38
22:52:46,100u,currencyservice-7c8fc8fc9c-4hm9g,108,124
22:52:46,100u,currencyservice-7c8fc8fc9c-5frj9,1,76
22:52:46,100u,currencyservice-7c8fc8fc9c-mgwx9,93,106
22:52:46,100u,emailservice-66944ff59-2lcjl,11,95
22:52:46,100u,frontend-7bd6f45654-przgb,37,34
22:52:46,100u,frontend-7bd6f45654-s2s7z,113,53
22:52:46,100u,frontend-7bd6f45654-vfxkp,120,35
22:52:46,100u,paymentservice-9bfb7bf5-kgd56,8,114
22:52:46,100u,productcatalogservice-65bbf699df-j2fmg,97,44
22:52:46,100u,recommendationservice-7444754ff5-n8cbh,172,59
22:52:46,100u,redis-cart-c8ff86559-kcf44,7,37
22:52:46,100u,shippingservice-f956b6d9f-w7n4b,18,35
22:52:50,100u,adservice-574bff445c-qb9cj,60,274
22:52:50,100u,cartservice-7c84fdfb6-m5m6d,98,187
22:52:50,100u,checkoutservice-5b6d96c9b7-45rkr,19,38
22:52:50,100u,currencyservice-7c8fc8fc9c-4hm9g,130,124
22:52:50,100u,currencyservice-7c8fc8fc9c-5frj9,2,78
22:52:50,100u,currencyservice-7c8fc8fc9c-mgwx9,99,105
22:52:50,100u,emailservice-66944ff59-2lcjl,11,95
22:52:50,100u,frontend-7bd6f45654-przgb,74,35
22:52:50,100u,frontend-7bd6f45654-s2s7z,112,54
22:52:50,100u,frontend-7bd6f45654-vfxkp,119,36
22:52:50,100u,paymentservice-9bfb7bf5-kgd56,8,114
22:52:50,100u,productcatalogservice-65bbf699df-j2fmg,106,44
22:52:50,100u,recommendationservice-7444754ff5-n8cbh,192,59
22:52:50,100u,redis-cart-c8ff86559-kcf44,8,37
22:52:50,100u,shippingservice-f956b6d9f-w7n4b,19,35
22:52:55,100u,adservice-574bff445c-qb9cj,60,274
22:52:55,100u,cartservice-7c84fdfb6-m5m6d,98,187
22:52:55,100u,checkoutservice-5b6d96c9b7-45rkr,19,38
22:52:55,100u,currencyservice-7c8fc8fc9c-4hm9g,130,124
22:52:55,100u,currencyservice-7c8fc8fc9c-5frj9,2,78
22:52:55,100u,currencyservice-7c8fc8fc9c-mgwx9,99,105
22:52:55,100u,emailservice-66944ff59-2lcjl,11,95
22:52:55,100u,frontend-7bd6f45654-przgb,74,35
22:52:55,100u,frontend-7bd6f45654-s2s7z,112,54
22:52:55,100u,frontend-7bd6f45654-vfxkp,119,36
22:52:55,100u,paymentservice-9bfb7bf5-kgd56,8,114
22:52:55,100u,productcatalogservice-65bbf699df-j2fmg,106,44
22:52:55,100u,recommendationservice-7444754ff5-n8cbh,192,59
22:52:55,100u,redis-cart-c8ff86559-kcf44,8,37
22:52:55,100u,shippingservice-f956b6d9f-w7n4b,19,35
22:52:57,100u,adservice-574bff445c-qb9cj,60,274
22:52:57,100u,cartservice-7c84fdfb6-m5m6d,98,187
22:52:57,100u,checkoutservice-5b6d96c9b7-45rkr,19,38
22:52:57,100u,currencyservice-7c8fc8fc9c-4hm9g,130,124
22:52:57,100u,currencyservice-7c8fc8fc9c-5frj9,2,78
22:52:57,100u,currencyservice-7c8fc8fc9c-mgwx9,99,105
22:52:57,100u,emailservice-66944ff59-2lcjl,11,95
22:52:57,100u,frontend-7bd6f45654-przgb,74,35
22:52:57,100u,frontend-7bd6f45654-s2s7z,112,54
22:52:57,100u,frontend-7bd6f45654-vfxkp,119,36
22:52:57,100u,paymentservice-9bfb7bf5-kgd56,8,114
22:52:57,100u,productcatalogservice-65bbf699df-j2fmg,106,44
22:52:57,100u,recommendationservice-7444754ff5-n8cbh,192,59
22:52:57,100u,redis-cart-c8ff86559-kcf44,8,37
22:52:57,100u,shippingservice-f956b6d9f-w7n4b,19,35
22:53:01,100u,adservice-574bff445c-qb9cj,60,274
22:53:01,100u,cartservice-7c84fdfb6-m5m6d,98,187
22:53:01,100u,checkoutservice-5b6d96c9b7-45rkr,19,38
22:53:01,100u,currencyservice-7c8fc8fc9c-4hm9g,130,124
22:53:01,100u,currencyservice-7c8fc8fc9c-5frj9,2,78
22:53:01,100u,currencyservice-7c8fc8fc9c-mgwx9,99,105
22:53:01,100u,emailservice-66944ff59-2lcjl,11,95
22:53:01,100u,frontend-7bd6f45654-przgb,74,35
22:53:01,100u,frontend-7bd6f45654-s2s7z,112,54
22:53:01,100u,frontend-7bd6f45654-vfxkp,119,36
22:53:01,100u,paymentservice-9bfb7bf5-kgd56,8,114
22:53:01,100u,productcatalogservice-65bbf699df-j2fmg,106,44
22:53:01,100u,recommendationservice-7444754ff5-n8cbh,192,59
22:53:01,100u,redis-cart-c8ff86559-kcf44,8,37
22:53:01,100u,shippingservice-f956b6d9f-w7n4b,19,35
22:53:05,100u,adservice-574bff445c-qb9cj,60,279
22:53:05,100u,cartservice-7c84fdfb6-m5m6d,90,188
22:53:05,100u,checkoutservice-5b6d96c9b7-45rkr,18,38
22:53:05,100u,currencyservice-7c8fc8fc9c-4hm9g,128,125
22:53:05,100u,currencyservice-7c8fc8fc9c-5frj9,1,78
22:53:05,100u,currencyservice-7c8fc8fc9c-mgwx9,90,106
22:53:05,100u,emailservice-66944ff59-2lcjl,10,95
22:53:05,100u,frontend-7bd6f45654-przgb,80,35
22:53:05,100u,frontend-7bd6f45654-s2s7z,105,54
22:53:05,100u,frontend-7bd6f45654-vfxkp,120,36
22:53:05,100u,paymentservice-9bfb7bf5-kgd56,7,114
22:53:05,100u,productcatalogservice-65bbf699df-j2fmg,108,44
22:53:05,100u,recommendationservice-7444754ff5-n8cbh,192,59
22:53:05,100u,redis-cart-c8ff86559-kcf44,8,37
22:53:05,100u,shippingservice-f956b6d9f-w7n4b,19,35
22:53:07,100u,adservice-574bff445c-qb9cj,60,279
22:53:07,100u,cartservice-7c84fdfb6-m5m6d,90,188
22:53:07,100u,checkoutservice-5b6d96c9b7-45rkr,18,38
22:53:07,100u,currencyservice-7c8fc8fc9c-4hm9g,128,125
22:53:07,100u,currencyservice-7c8fc8fc9c-5frj9,1,78
22:53:07,100u,currencyservice-7c8fc8fc9c-mgwx9,90,106
22:53:07,100u,emailservice-66944ff59-2lcjl,10,95
22:53:07,100u,frontend-7bd6f45654-przgb,80,35
22:53:07,100u,frontend-7bd6f45654-s2s7z,105,54
22:53:07,100u,frontend-7bd6f45654-vfxkp,120,36
22:53:07,100u,paymentservice-9bfb7bf5-kgd56,7,114
22:53:07,100u,productcatalogservice-65bbf699df-j2fmg,108,44
22:53:07,100u,recommendationservice-7444754ff5-n8cbh,192,59
22:53:07,100u,redis-cart-c8ff86559-kcf44,8,37
22:53:07,100u,shippingservice-f956b6d9f-w7n4b,19,35
22:53:11,100u,adservice-574bff445c-qb9cj,60,279
22:53:11,100u,cartservice-7c84fdfb6-m5m6d,90,188
22:53:11,100u,checkoutservice-5b6d96c9b7-45rkr,18,38
22:53:11,100u,currencyservice-7c8fc8fc9c-4hm9g,128,125
22:53:11,100u,currencyservice-7c8fc8fc9c-5frj9,1,78
22:53:11,100u,currencyservice-7c8fc8fc9c-mgwx9,90,106
22:53:11,100u,emailservice-66944ff59-2lcjl,10,95
22:53:11,100u,frontend-7bd6f45654-przgb,80,35
22:53:11,100u,frontend-7bd6f45654-s2s7z,105,54
22:53:11,100u,frontend-7bd6f45654-vfxkp,120,36
22:53:11,100u,paymentservice-9bfb7bf5-kgd56,7,114
22:53:11,100u,productcatalogservice-65bbf699df-j2fmg,108,44
22:53:11,100u,recommendationservice-7444754ff5-n8cbh,192,59
22:53:11,100u,redis-cart-c8ff86559-kcf44,8,37
22:53:11,100u,shippingservice-f956b6d9f-w7n4b,19,35
22:53:15,100u,adservice-574bff445c-qb9cj,60,279
22:53:15,100u,cartservice-7c84fdfb6-m5m6d,90,188
22:53:15,100u,checkoutservice-5b6d96c9b7-45rkr,18,38
22:53:15,100u,currencyservice-7c8fc8fc9c-4hm9g,128,125
22:53:15,100u,currencyservice-7c8fc8fc9c-5frj9,1,78
22:53:15,100u,currencyservice-7c8fc8fc9c-mgwx9,90,106
22:53:15,100u,emailservice-66944ff59-2lcjl,10,95
22:53:15,100u,frontend-7bd6f45654-przgb,80,35
22:53:15,100u,frontend-7bd6f45654-s2s7z,105,54
22:53:15,100u,frontend-7bd6f45654-vfxkp,120,36
22:53:15,100u,paymentservice-9bfb7bf5-kgd56,7,114
22:53:15,100u,productcatalogservice-65bbf699df-j2fmg,108,44
22:53:15,100u,recommendationservice-7444754ff5-n8cbh,192,59
22:53:15,100u,redis-cart-c8ff86559-kcf44,8,37
22:53:15,100u,shippingservice-f956b6d9f-w7n4b,19,35
22:53:17,100u,adservice-574bff445c-qb9cj,60,279
22:53:17,100u,cartservice-7c84fdfb6-m5m6d,90,188
22:53:17,100u,checkoutservice-5b6d96c9b7-45rkr,18,38
22:53:17,100u,currencyservice-7c8fc8fc9c-4hm9g,128,125
22:53:17,100u,currencyservice-7c8fc8fc9c-5frj9,1,78
22:53:17,100u,currencyservice-7c8fc8fc9c-mgwx9,90,106
22:53:17,100u,emailservice-66944ff59-2lcjl,10,95
22:53:17,100u,frontend-7bd6f45654-przgb,80,35
22:53:17,100u,frontend-7bd6f45654-s2s7z,105,54
22:53:17,100u,frontend-7bd6f45654-vfxkp,120,36
22:53:17,100u,paymentservice-9bfb7bf5-kgd56,7,114
22:53:17,100u,productcatalogservice-65bbf699df-j2fmg,108,44
22:53:17,100u,recommendationservice-7444754ff5-n8cbh,192,59
22:53:17,100u,redis-cart-c8ff86559-kcf44,8,37
22:53:17,100u,shippingservice-f956b6d9f-w7n4b,19,35
22:53:21,100u,adservice-574bff445c-qb9cj,62,283
22:53:21,100u,cartservice-7c84fdfb6-m5m6d,101,188
22:53:21,100u,checkoutservice-5b6d96c9b7-45rkr,21,39
22:53:21,100u,currencyservice-7c8fc8fc9c-4hm9g,139,126
22:53:21,100u,currencyservice-7c8fc8fc9c-5frj9,1,78
22:53:21,100u,currencyservice-7c8fc8fc9c-mgwx9,97,108
22:53:21,100u,emailservice-66944ff59-2lcjl,12,95
22:53:21,100u,frontend-7bd6f45654-przgb,88,35
22:53:21,100u,frontend-7bd6f45654-s2s7z,107,54
22:53:21,100u,frontend-7bd6f45654-vfxkp,127,36
22:53:21,100u,paymentservice-9bfb7bf5-kgd56,8,115
22:53:21,100u,productcatalogservice-65bbf699df-j2fmg,113,44
22:53:21,100u,recommendationservice-7444754ff5-n8cbh,200,59
22:53:21,100u,redis-cart-c8ff86559-kcf44,8,37
22:53:21,100u,shippingservice-f956b6d9f-w7n4b,20,35
22:53:25,100u,adservice-574bff445c-qb9cj,62,283
22:53:25,100u,cartservice-7c84fdfb6-m5m6d,101,188
22:53:25,100u,checkoutservice-5b6d96c9b7-45rkr,21,39
22:53:25,100u,currencyservice-7c8fc8fc9c-4hm9g,139,126
22:53:25,100u,currencyservice-7c8fc8fc9c-5frj9,1,78
22:53:25,100u,currencyservice-7c8fc8fc9c-mgwx9,97,108
22:53:25,100u,emailservice-66944ff59-2lcjl,12,95
22:53:25,100u,frontend-7bd6f45654-przgb,88,35
22:53:25,100u,frontend-7bd6f45654-s2s7z,107,54
22:53:25,100u,frontend-7bd6f45654-vfxkp,127,36
22:53:25,100u,paymentservice-9bfb7bf5-kgd56,8,115
22:53:25,100u,productcatalogservice-65bbf699df-j2fmg,113,44
22:53:25,100u,recommendationservice-7444754ff5-n8cbh,200,59
22:53:25,100u,redis-cart-c8ff86559-kcf44,8,37
22:53:25,100u,shippingservice-f956b6d9f-w7n4b,20,35
22:53:27,100u,adservice-574bff445c-qb9cj,62,283
22:53:27,100u,cartservice-7c84fdfb6-m5m6d,101,188
22:53:27,100u,checkoutservice-5b6d96c9b7-45rkr,21,39
22:53:27,100u,currencyservice-7c8fc8fc9c-4hm9g,139,126
22:53:27,100u,currencyservice-7c8fc8fc9c-5frj9,1,78
22:53:27,100u,currencyservice-7c8fc8fc9c-mgwx9,97,108
22:53:27,100u,emailservice-66944ff59-2lcjl,12,95
22:53:27,100u,frontend-7bd6f45654-przgb,88,35
22:53:27,100u,frontend-7bd6f45654-s2s7z,107,54
22:53:27,100u,frontend-7bd6f45654-vfxkp,127,36
22:53:27,100u,paymentservice-9bfb7bf5-kgd56,8,115
22:53:27,100u,productcatalogservice-65bbf699df-j2fmg,113,44
22:53:27,100u,recommendationservice-7444754ff5-n8cbh,200,59
22:53:27,100u,redis-cart-c8ff86559-kcf44,8,37
22:53:27,100u,shippingservice-f956b6d9f-w7n4b,20,35
22:53:31,100u,adservice-574bff445c-qb9cj,62,283
22:53:31,100u,cartservice-7c84fdfb6-m5m6d,101,188
22:53:31,100u,checkoutservice-5b6d96c9b7-45rkr,21,39
22:53:31,100u,currencyservice-7c8fc8fc9c-4hm9g,139,126
22:53:31,100u,currencyservice-7c8fc8fc9c-5frj9,1,78
22:53:31,100u,currencyservice-7c8fc8fc9c-mgwx9,97,108
22:53:31,100u,emailservice-66944ff59-2lcjl,12,95
22:53:31,100u,frontend-7bd6f45654-przgb,88,35
22:53:31,100u,frontend-7bd6f45654-s2s7z,107,54
22:53:31,100u,frontend-7bd6f45654-vfxkp,127,36
22:53:31,100u,paymentservice-9bfb7bf5-kgd56,8,115
22:53:31,100u,productcatalogservice-65bbf699df-j2fmg,113,44
22:53:31,100u,recommendationservice-7444754ff5-n8cbh,200,59
22:53:31,100u,redis-cart-c8ff86559-kcf44,8,37
22:53:31,100u,shippingservice-f956b6d9f-w7n4b,20,35
22:53:35,100u,adservice-574bff445c-qb9cj,56,283
22:53:35,100u,cartservice-7c84fdfb6-m5m6d,97,188
22:53:35,100u,checkoutservice-5b6d96c9b7-45rkr,20,39
22:53:35,100u,currencyservice-7c8fc8fc9c-4hm9g,133,125
22:53:35,100u,currencyservice-7c8fc8fc9c-5frj9,2,78
22:53:35,100u,currencyservice-7c8fc8fc9c-mgwx9,87,108
22:53:35,100u,emailservice-66944ff59-2lcjl,11,95
22:53:35,100u,frontend-7bd6f45654-przgb,85,35
22:53:35,100u,frontend-7bd6f45654-s2s7z,102,54
22:53:35,100u,frontend-7bd6f45654-vfxkp,119,36
22:53:35,100u,paymentservice-9bfb7bf5-kgd56,8,115
22:53:35,100u,productcatalogservice-65bbf699df-j2fmg,111,44
22:53:35,100u,recommendationservice-7444754ff5-n8cbh,197,59
22:53:35,100u,redis-cart-c8ff86559-kcf44,7,37
22:53:35,100u,shippingservice-f956b6d9f-w7n4b,19,35
22:53:37,100u,adservice-574bff445c-qb9cj,56,283
22:53:37,100u,cartservice-7c84fdfb6-m5m6d,97,188
22:53:37,100u,checkoutservice-5b6d96c9b7-45rkr,20,39
22:53:37,100u,currencyservice-7c8fc8fc9c-4hm9g,133,125
22:53:37,100u,currencyservice-7c8fc8fc9c-5frj9,2,78
22:53:37,100u,currencyservice-7c8fc8fc9c-mgwx9,87,108
22:53:37,100u,emailservice-66944ff59-2lcjl,11,95
22:53:37,100u,frontend-7bd6f45654-przgb,85,35
22:53:37,100u,frontend-7bd6f45654-s2s7z,102,54
22:53:37,100u,frontend-7bd6f45654-vfxkp,119,36
22:53:37,100u,paymentservice-9bfb7bf5-kgd56,8,115
22:53:37,100u,productcatalogservice-65bbf699df-j2fmg,111,44
22:53:37,100u,recommendationservice-7444754ff5-n8cbh,197,59
22:53:37,100u,redis-cart-c8ff86559-kcf44,7,37
22:53:37,100u,shippingservice-f956b6d9f-w7n4b,19,35
22:53:41,100u,adservice-574bff445c-qb9cj,56,283
22:53:41,100u,cartservice-7c84fdfb6-m5m6d,97,188
22:53:41,100u,checkoutservice-5b6d96c9b7-45rkr,20,39
22:53:41,100u,currencyservice-7c8fc8fc9c-4hm9g,133,125
22:53:41,100u,currencyservice-7c8fc8fc9c-5frj9,2,78
22:53:41,100u,currencyservice-7c8fc8fc9c-mgwx9,87,108
22:53:41,100u,emailservice-66944ff59-2lcjl,11,95
22:53:41,100u,frontend-7bd6f45654-przgb,85,35
22:53:41,100u,frontend-7bd6f45654-s2s7z,102,54
22:53:41,100u,frontend-7bd6f45654-vfxkp,119,36
22:53:41,100u,paymentservice-9bfb7bf5-kgd56,8,115
22:53:41,100u,productcatalogservice-65bbf699df-j2fmg,111,44
22:53:41,100u,recommendationservice-7444754ff5-n8cbh,197,59
22:53:41,100u,redis-cart-c8ff86559-kcf44,7,37
22:53:41,100u,shippingservice-f956b6d9f-w7n4b,19,35
22:53:45,100u,adservice-574bff445c-qb9cj,56,283
22:53:45,100u,cartservice-7c84fdfb6-m5m6d,97,188
22:53:45,100u,checkoutservice-5b6d96c9b7-45rkr,20,39
22:53:45,100u,currencyservice-7c8fc8fc9c-4hm9g,133,125
22:53:45,100u,currencyservice-7c8fc8fc9c-5frj9,2,78
22:53:45,100u,currencyservice-7c8fc8fc9c-mgwx9,87,108
22:53:45,100u,emailservice-66944ff59-2lcjl,11,95
22:53:45,100u,frontend-7bd6f45654-przgb,85,35
22:53:45,100u,frontend-7bd6f45654-s2s7z,102,54
22:53:45,100u,frontend-7bd6f45654-vfxkp,119,36
22:53:45,100u,paymentservice-9bfb7bf5-kgd56,8,115
22:53:45,100u,productcatalogservice-65bbf699df-j2fmg,111,44
22:53:45,100u,recommendationservice-7444754ff5-n8cbh,197,59
22:53:45,100u,redis-cart-c8ff86559-kcf44,7,37
22:53:45,100u,shippingservice-f956b6d9f-w7n4b,19,35
22:53:47,100u,adservice-574bff445c-qb9cj,56,283
22:53:47,100u,cartservice-7c84fdfb6-m5m6d,97,188
22:53:47,100u,checkoutservice-5b6d96c9b7-45rkr,20,39
22:53:47,100u,currencyservice-7c8fc8fc9c-4hm9g,133,125
22:53:47,100u,currencyservice-7c8fc8fc9c-5frj9,2,78
22:53:47,100u,currencyservice-7c8fc8fc9c-mgwx9,87,108
22:53:47,100u,emailservice-66944ff59-2lcjl,11,95
22:53:47,100u,frontend-7bd6f45654-przgb,85,35
22:53:47,100u,frontend-7bd6f45654-s2s7z,102,54
22:53:47,100u,frontend-7bd6f45654-vfxkp,119,36
22:53:47,100u,paymentservice-9bfb7bf5-kgd56,8,115
22:53:47,100u,productcatalogservice-65bbf699df-j2fmg,111,44
22:53:47,100u,recommendationservice-7444754ff5-n8cbh,197,59
22:53:47,100u,redis-cart-c8ff86559-kcf44,7,37
22:53:47,100u,shippingservice-f956b6d9f-w7n4b,19,35
22:53:51,100u,adservice-574bff445c-qb9cj,59,287
22:53:51,100u,cartservice-7c84fdfb6-m5m6d,85,187
22:53:51,100u,checkoutservice-5b6d96c9b7-45rkr,19,39
22:53:51,100u,currencyservice-7c8fc8fc9c-4hm9g,130,124
22:53:51,100u,currencyservice-7c8fc8fc9c-5frj9,1,78
22:53:51,100u,currencyservice-7c8fc8fc9c-mgwx9,95,108
22:53:51,100u,emailservice-66944ff59-2lcjl,11,95
22:53:51,100u,frontend-7bd6f45654-przgb,83,35
22:53:51,100u,frontend-7bd6f45654-s2s7z,103,54
22:53:51,100u,frontend-7bd6f45654-vfxkp,118,36
22:53:51,100u,paymentservice-9bfb7bf5-kgd56,8,115
22:53:51,100u,productcatalogservice-65bbf699df-j2fmg,108,44
22:53:51,100u,recommendationservice-7444754ff5-n8cbh,193,59
22:53:51,100u,redis-cart-c8ff86559-kcf44,7,37
22:53:51,100u,shippingservice-f956b6d9f-w7n4b,19,35
22:53:55,100u,adservice-574bff445c-qb9cj,59,287
22:53:55,100u,cartservice-7c84fdfb6-m5m6d,85,187
22:53:55,100u,checkoutservice-5b6d96c9b7-45rkr,19,39
22:53:55,100u,currencyservice-7c8fc8fc9c-4hm9g,130,124
22:53:55,100u,currencyservice-7c8fc8fc9c-5frj9,1,78
22:53:55,100u,currencyservice-7c8fc8fc9c-mgwx9,95,108
22:53:55,100u,emailservice-66944ff59-2lcjl,11,95
22:53:55,100u,frontend-7bd6f45654-przgb,83,35
22:53:55,100u,frontend-7bd6f45654-s2s7z,103,54
22:53:55,100u,frontend-7bd6f45654-vfxkp,118,36
22:53:55,100u,paymentservice-9bfb7bf5-kgd56,8,115
22:53:55,100u,productcatalogservice-65bbf699df-j2fmg,108,44
22:53:55,100u,recommendationservice-7444754ff5-n8cbh,193,59
22:53:55,100u,redis-cart-c8ff86559-kcf44,7,37
22:53:55,100u,shippingservice-f956b6d9f-w7n4b,19,35
22:53:57,100u,adservice-574bff445c-qb9cj,59,287
22:53:57,100u,cartservice-7c84fdfb6-m5m6d,85,187
22:53:57,100u,checkoutservice-5b6d96c9b7-45rkr,19,39
22:53:57,100u,currencyservice-7c8fc8fc9c-4hm9g,130,124
22:53:57,100u,currencyservice-7c8fc8fc9c-5frj9,1,78
22:53:57,100u,currencyservice-7c8fc8fc9c-mgwx9,95,108
22:53:57,100u,emailservice-66944ff59-2lcjl,11,95
22:53:57,100u,frontend-7bd6f45654-przgb,83,35
22:53:57,100u,frontend-7bd6f45654-s2s7z,103,54
22:53:57,100u,frontend-7bd6f45654-vfxkp,118,36
22:53:57,100u,paymentservice-9bfb7bf5-kgd56,8,115
22:53:57,100u,productcatalogservice-65bbf699df-j2fmg,108,44
22:53:57,100u,recommendationservice-7444754ff5-n8cbh,193,59
22:53:57,100u,redis-cart-c8ff86559-kcf44,7,37
22:53:57,100u,shippingservice-f956b6d9f-w7n4b,19,35
22:54:01,100u,adservice-574bff445c-qb9cj,59,287
22:54:01,100u,cartservice-7c84fdfb6-m5m6d,85,187
22:54:01,100u,checkoutservice-5b6d96c9b7-45rkr,19,39
22:54:01,100u,currencyservice-7c8fc8fc9c-4hm9g,130,124
22:54:01,100u,currencyservice-7c8fc8fc9c-5frj9,1,78
22:54:01,100u,currencyservice-7c8fc8fc9c-mgwx9,95,108
22:54:01,100u,emailservice-66944ff59-2lcjl,11,95
22:54:01,100u,frontend-7bd6f45654-przgb,83,35
22:54:01,100u,frontend-7bd6f45654-s2s7z,103,54
22:54:01,100u,frontend-7bd6f45654-vfxkp,118,36
22:54:01,100u,paymentservice-9bfb7bf5-kgd56,8,115
22:54:01,100u,productcatalogservice-65bbf699df-j2fmg,108,44
22:54:01,100u,recommendationservice-7444754ff5-n8cbh,193,59
22:54:01,100u,redis-cart-c8ff86559-kcf44,7,37
22:54:01,100u,shippingservice-f956b6d9f-w7n4b,19,35
22:54:05,100u,adservice-574bff445c-qb9cj,60,291
22:54:05,100u,cartservice-7c84fdfb6-m5m6d,98,188
22:54:05,100u,checkoutservice-5b6d96c9b7-45rkr,19,39
22:54:05,100u,currencyservice-7c8fc8fc9c-4hm9g,139,125
22:54:05,100u,currencyservice-7c8fc8fc9c-5frj9,1,78
22:54:05,100u,currencyservice-7c8fc8fc9c-mgwx9,97,108
22:54:05,100u,emailservice-66944ff59-2lcjl,10,95
22:54:05,100u,frontend-7bd6f45654-przgb,84,35
22:54:05,100u,frontend-7bd6f45654-s2s7z,110,54
22:54:05,100u,frontend-7bd6f45654-vfxkp,129,36
22:54:05,100u,paymentservice-9bfb7bf5-kgd56,8,115
22:54:05,100u,productcatalogservice-65bbf699df-j2fmg,115,44
22:54:05,100u,recommendationservice-7444754ff5-n8cbh,198,59
22:54:05,100u,redis-cart-c8ff86559-kcf44,8,37
22:54:05,100u,shippingservice-f956b6d9f-w7n4b,20,35
22:54:07,100u,adservice-574bff445c-qb9cj,60,291
22:54:07,100u,cartservice-7c84fdfb6-m5m6d,98,188
22:54:07,100u,checkoutservice-5b6d96c9b7-45rkr,19,39
22:54:07,100u,currencyservice-7c8fc8fc9c-4hm9g,139,125
22:54:07,100u,currencyservice-7c8fc8fc9c-5frj9,1,78
22:54:07,100u,currencyservice-7c8fc8fc9c-mgwx9,97,108
22:54:07,100u,emailservice-66944ff59-2lcjl,10,95
22:54:07,100u,frontend-7bd6f45654-przgb,84,35
22:54:07,100u,frontend-7bd6f45654-s2s7z,110,54
22:54:07,100u,frontend-7bd6f45654-vfxkp,129,36
22:54:07,100u,paymentservice-9bfb7bf5-kgd56,8,115
22:54:07,100u,productcatalogservice-65bbf699df-j2fmg,115,44
22:54:07,100u,recommendationservice-7444754ff5-n8cbh,198,59
22:54:07,100u,redis-cart-c8ff86559-kcf44,8,37
22:54:07,100u,shippingservice-f956b6d9f-w7n4b,20,35
22:54:11,100u,adservice-574bff445c-qb9cj,60,291
22:54:11,100u,cartservice-7c84fdfb6-m5m6d,98,188
22:54:11,100u,checkoutservice-5b6d96c9b7-45rkr,19,39
22:54:11,100u,currencyservice-7c8fc8fc9c-4hm9g,139,125
22:54:11,100u,currencyservice-7c8fc8fc9c-5frj9,1,78
22:54:11,100u,currencyservice-7c8fc8fc9c-mgwx9,97,108
22:54:11,100u,emailservice-66944ff59-2lcjl,10,95
22:54:11,100u,frontend-7bd6f45654-przgb,84,35
22:54:11,100u,frontend-7bd6f45654-s2s7z,110,54
22:54:11,100u,frontend-7bd6f45654-vfxkp,129,36
22:54:11,100u,paymentservice-9bfb7bf5-kgd56,8,115
22:54:11,100u,productcatalogservice-65bbf699df-j2fmg,115,44
22:54:11,100u,recommendationservice-7444754ff5-n8cbh,198,59
22:54:11,100u,redis-cart-c8ff86559-kcf44,8,37
22:54:11,100u,shippingservice-f956b6d9f-w7n4b,20,35
22:54:15,100u,adservice-574bff445c-qb9cj,60,291
22:54:15,100u,cartservice-7c84fdfb6-m5m6d,98,188
22:54:15,100u,checkoutservice-5b6d96c9b7-45rkr,19,39
22:54:15,100u,currencyservice-7c8fc8fc9c-4hm9g,139,125
22:54:15,100u,currencyservice-7c8fc8fc9c-5frj9,1,78
22:54:15,100u,currencyservice-7c8fc8fc9c-mgwx9,97,108
22:54:15,100u,emailservice-66944ff59-2lcjl,10,95
22:54:15,100u,frontend-7bd6f45654-przgb,84,35
22:54:15,100u,frontend-7bd6f45654-s2s7z,110,54
22:54:15,100u,frontend-7bd6f45654-vfxkp,129,36
22:54:15,100u,paymentservice-9bfb7bf5-kgd56,8,115
22:54:15,100u,productcatalogservice-65bbf699df-j2fmg,115,44
22:54:15,100u,recommendationservice-7444754ff5-n8cbh,198,59
22:54:15,100u,redis-cart-c8ff86559-kcf44,8,37
22:54:15,100u,shippingservice-f956b6d9f-w7n4b,20,35
22:54:17,100u,adservice-574bff445c-qb9cj,60,291
22:54:17,100u,cartservice-7c84fdfb6-m5m6d,98,188
22:54:17,100u,checkoutservice-5b6d96c9b7-45rkr,19,39
22:54:17,100u,currencyservice-7c8fc8fc9c-4hm9g,139,125
22:54:17,100u,currencyservice-7c8fc8fc9c-5frj9,1,78
22:54:17,100u,currencyservice-7c8fc8fc9c-mgwx9,97,108
22:54:17,100u,emailservice-66944ff59-2lcjl,10,95
22:54:17,100u,frontend-7bd6f45654-przgb,84,35
22:54:17,100u,frontend-7bd6f45654-s2s7z,110,54
22:54:17,100u,frontend-7bd6f45654-vfxkp,129,36
22:54:17,100u,paymentservice-9bfb7bf5-kgd56,8,115
22:54:17,100u,productcatalogservice-65bbf699df-j2fmg,115,44
22:54:17,100u,recommendationservice-7444754ff5-n8cbh,198,59
22:54:17,100u,redis-cart-c8ff86559-kcf44,8,37
22:54:17,100u,shippingservice-f956b6d9f-w7n4b,20,35
22:54:22,100u,adservice-574bff445c-qb9cj,6,291
22:54:22,100u,cartservice-7c84fdfb6-m5m6d,8,187
22:54:22,100u,checkoutservice-5b6d96c9b7-45rkr,2,39
22:54:22,100u,currencyservice-7c8fc8fc9c-4hm9g,8,125
22:54:22,100u,currencyservice-7c8fc8fc9c-5frj9,3,78
22:54:22,100u,currencyservice-7c8fc8fc9c-mgwx9,8,108
22:54:22,100u,emailservice-66944ff59-2lcjl,6,95
22:54:22,100u,frontend-7bd6f45654-przgb,6,35
22:54:22,100u,frontend-7bd6f45654-s2s7z,8,53
22:54:22,100u,frontend-7bd6f45654-vfxkp,7,36
22:54:22,100u,paymentservice-9bfb7bf5-kgd56,2,115
22:54:22,100u,productcatalogservice-65bbf699df-j2fmg,7,44
22:54:22,100u,recommendationservice-7444754ff5-n8cbh,23,59
22:54:22,100u,redis-cart-c8ff86559-kcf44,4,37
22:54:22,100u,shippingservice-f956b6d9f-w7n4b,2,35
22:54:26,100u,adservice-574bff445c-qb9cj,6,291
22:54:26,100u,cartservice-7c84fdfb6-m5m6d,8,187
22:54:26,100u,checkoutservice-5b6d96c9b7-45rkr,2,39
22:54:26,100u,currencyservice-7c8fc8fc9c-4hm9g,8,125
22:54:26,100u,currencyservice-7c8fc8fc9c-5frj9,3,78
22:54:26,100u,currencyservice-7c8fc8fc9c-mgwx9,8,108
22:54:26,100u,emailservice-66944ff59-2lcjl,6,95
22:54:26,100u,frontend-7bd6f45654-przgb,6,35
22:54:26,100u,frontend-7bd6f45654-s2s7z,8,53
22:54:26,100u,frontend-7bd6f45654-vfxkp,7,36
22:54:26,100u,paymentservice-9bfb7bf5-kgd56,2,115
22:54:26,100u,productcatalogservice-65bbf699df-j2fmg,7,44
22:54:26,100u,recommendationservice-7444754ff5-n8cbh,23,59
22:54:26,100u,redis-cart-c8ff86559-kcf44,4,37
22:54:26,100u,shippingservice-f956b6d9f-w7n4b,2,35
22:54:27,100u,adservice-574bff445c-qb9cj,6,291
22:54:27,100u,cartservice-7c84fdfb6-m5m6d,8,187
22:54:27,100u,checkoutservice-5b6d96c9b7-45rkr,2,39
22:54:27,100u,currencyservice-7c8fc8fc9c-4hm9g,8,125
22:54:27,100u,currencyservice-7c8fc8fc9c-5frj9,3,78
22:54:27,100u,currencyservice-7c8fc8fc9c-mgwx9,8,108
22:54:27,100u,emailservice-66944ff59-2lcjl,6,95
22:54:27,100u,frontend-7bd6f45654-przgb,6,35
22:54:27,100u,frontend-7bd6f45654-s2s7z,8,53
22:54:27,100u,frontend-7bd6f45654-vfxkp,7,36
22:54:27,100u,paymentservice-9bfb7bf5-kgd56,2,115
22:54:27,100u,productcatalogservice-65bbf699df-j2fmg,7,44
22:54:27,100u,recommendationservice-7444754ff5-n8cbh,23,59
22:54:27,100u,redis-cart-c8ff86559-kcf44,4,37
22:54:27,100u,shippingservice-f956b6d9f-w7n4b,2,35
22:54:32,100u,adservice-574bff445c-qb9cj,6,291
22:54:32,100u,cartservice-7c84fdfb6-m5m6d,8,187
22:54:32,100u,checkoutservice-5b6d96c9b7-45rkr,2,39
22:54:32,100u,currencyservice-7c8fc8fc9c-4hm9g,8,125
22:54:32,100u,currencyservice-7c8fc8fc9c-5frj9,3,78
22:54:32,100u,currencyservice-7c8fc8fc9c-mgwx9,8,108
22:54:32,100u,emailservice-66944ff59-2lcjl,6,95
22:54:32,100u,frontend-7bd6f45654-przgb,6,35
22:54:32,100u,frontend-7bd6f45654-s2s7z,8,53
22:54:32,100u,frontend-7bd6f45654-vfxkp,7,36
22:54:32,100u,paymentservice-9bfb7bf5-kgd56,2,115
22:54:32,100u,productcatalogservice-65bbf699df-j2fmg,7,44
22:54:32,100u,recommendationservice-7444754ff5-n8cbh,23,59
22:54:32,100u,redis-cart-c8ff86559-kcf44,4,37
22:54:32,100u,shippingservice-f956b6d9f-w7n4b,2,35
22:54:36,100u,adservice-574bff445c-qb9cj,3,291
22:54:36,100u,cartservice-7c84fdfb6-m5m6d,3,187
22:54:36,100u,checkoutservice-5b6d96c9b7-45rkr,1,39
22:54:36,100u,currencyservice-7c8fc8fc9c-4hm9g,2,125
22:54:36,100u,currencyservice-7c8fc8fc9c-5frj9,3,78
22:54:36,100u,currencyservice-7c8fc8fc9c-mgwx9,1,108
22:54:36,100u,emailservice-66944ff59-2lcjl,6,95
22:54:36,100u,frontend-7bd6f45654-przgb,1,35
22:54:36,100u,frontend-7bd6f45654-s2s7z,1,53
22:54:36,100u,frontend-7bd6f45654-vfxkp,1,36
22:54:36,100u,paymentservice-9bfb7bf5-kgd56,2,115
22:54:36,100u,productcatalogservice-65bbf699df-j2fmg,1,44
22:54:36,100u,recommendationservice-7444754ff5-n8cbh,14,59
22:54:36,100u,redis-cart-c8ff86559-kcf44,3,37
22:54:36,100u,shippingservice-f956b6d9f-w7n4b,1,35
22:54:38,100u,adservice-574bff445c-qb9cj,3,291
22:54:38,100u,cartservice-7c84fdfb6-m5m6d,3,187
22:54:38,100u,checkoutservice-5b6d96c9b7-45rkr,1,39
22:54:38,100u,currencyservice-7c8fc8fc9c-4hm9g,2,125
22:54:38,100u,currencyservice-7c8fc8fc9c-5frj9,3,78
22:54:38,100u,currencyservice-7c8fc8fc9c-mgwx9,1,108
22:54:38,100u,emailservice-66944ff59-2lcjl,6,95
22:54:38,100u,frontend-7bd6f45654-przgb,1,35
22:54:38,100u,frontend-7bd6f45654-s2s7z,1,53
22:54:38,100u,frontend-7bd6f45654-vfxkp,1,36
22:54:38,100u,paymentservice-9bfb7bf5-kgd56,2,115
22:54:38,100u,productcatalogservice-65bbf699df-j2fmg,1,44
22:54:38,100u,recommendationservice-7444754ff5-n8cbh,14,59
22:54:38,100u,redis-cart-c8ff86559-kcf44,3,37
22:54:38,100u,shippingservice-f956b6d9f-w7n4b,1,35
22:54:42,100u,adservice-574bff445c-qb9cj,3,291
22:54:42,100u,cartservice-7c84fdfb6-m5m6d,3,187
22:54:42,100u,checkoutservice-5b6d96c9b7-45rkr,1,39
22:54:42,100u,currencyservice-7c8fc8fc9c-4hm9g,2,125
22:54:42,100u,currencyservice-7c8fc8fc9c-5frj9,3,78
22:54:42,100u,currencyservice-7c8fc8fc9c-mgwx9,1,108
22:54:42,100u,emailservice-66944ff59-2lcjl,6,95
22:54:42,100u,frontend-7bd6f45654-przgb,1,35
22:54:42,100u,frontend-7bd6f45654-s2s7z,1,53
22:54:42,100u,frontend-7bd6f45654-vfxkp,1,36
22:54:42,100u,paymentservice-9bfb7bf5-kgd56,2,115
22:54:42,100u,productcatalogservice-65bbf699df-j2fmg,1,44
22:54:42,100u,recommendationservice-7444754ff5-n8cbh,14,59
22:54:42,100u,redis-cart-c8ff86559-kcf44,3,37
22:54:42,100u,shippingservice-f956b6d9f-w7n4b,1,35
22:54:46,100u,adservice-574bff445c-qb9cj,3,291
22:54:46,100u,cartservice-7c84fdfb6-m5m6d,3,187
22:54:46,100u,checkoutservice-5b6d96c9b7-45rkr,1,39
22:54:46,100u,currencyservice-7c8fc8fc9c-4hm9g,2,125
22:54:46,100u,currencyservice-7c8fc8fc9c-5frj9,3,78
22:54:46,100u,currencyservice-7c8fc8fc9c-mgwx9,1,108
22:54:46,100u,emailservice-66944ff59-2lcjl,6,95
22:54:46,100u,frontend-7bd6f45654-przgb,1,35
22:54:46,100u,frontend-7bd6f45654-s2s7z,1,53
22:54:46,100u,frontend-7bd6f45654-vfxkp,1,36
22:54:46,100u,paymentservice-9bfb7bf5-kgd56,2,115
22:54:46,100u,productcatalogservice-65bbf699df-j2fmg,1,44
22:54:46,100u,recommendationservice-7444754ff5-n8cbh,14,59
22:54:46,100u,redis-cart-c8ff86559-kcf44,3,37
22:54:46,100u,shippingservice-f956b6d9f-w7n4b,1,35
22:54:48,100u,adservice-574bff445c-qb9cj,3,291
22:54:48,100u,cartservice-7c84fdfb6-m5m6d,3,187
22:54:48,100u,checkoutservice-5b6d96c9b7-45rkr,1,39
22:54:48,100u,currencyservice-7c8fc8fc9c-4hm9g,2,125
22:54:48,100u,currencyservice-7c8fc8fc9c-5frj9,3,78
22:54:48,100u,currencyservice-7c8fc8fc9c-mgwx9,1,108
22:54:48,100u,emailservice-66944ff59-2lcjl,6,95
22:54:48,100u,frontend-7bd6f45654-przgb,1,35
22:54:48,100u,frontend-7bd6f45654-s2s7z,1,53
22:54:48,100u,frontend-7bd6f45654-vfxkp,1,36
22:54:48,100u,paymentservice-9bfb7bf5-kgd56,2,115
22:54:48,100u,productcatalogservice-65bbf699df-j2fmg,1,44
22:54:48,100u,recommendationservice-7444754ff5-n8cbh,14,59
22:54:48,100u,redis-cart-c8ff86559-kcf44,3,37
22:54:48,100u,shippingservice-f956b6d9f-w7n4b,1,35
22:54:52,100u,adservice-574bff445c-qb9cj,6,291
22:54:52,100u,cartservice-7c84fdfb6-m5m6d,3,187
22:54:52,100u,checkoutservice-5b6d96c9b7-45rkr,1,39
22:54:52,100u,currencyservice-7c8fc8fc9c-4hm9g,2,125
22:54:52,100u,currencyservice-7c8fc8fc9c-5frj9,2,78
22:54:52,100u,currencyservice-7c8fc8fc9c-mgwx9,3,108
22:54:52,100u,emailservice-66944ff59-2lcjl,5,95
22:54:52,100u,frontend-7bd6f45654-przgb,1,35
22:54:52,100u,frontend-7bd6f45654-s2s7z,1,53
22:54:52,100u,frontend-7bd6f45654-vfxkp,1,36
22:54:52,100u,paymentservice-9bfb7bf5-kgd56,2,115
22:54:52,100u,productcatalogservice-65bbf699df-j2fmg,2,44
22:54:52,100u,recommendationservice-7444754ff5-n8cbh,5,59
22:54:52,100u,redis-cart-c8ff86559-kcf44,3,37
22:54:52,100u,shippingservice-f956b6d9f-w7n4b,1,35
22:54:56,100u,adservice-574bff445c-qb9cj,6,291
22:54:56,100u,cartservice-7c84fdfb6-m5m6d,3,187
22:54:56,100u,checkoutservice-5b6d96c9b7-45rkr,1,39
22:54:56,100u,currencyservice-7c8fc8fc9c-4hm9g,2,125
22:54:56,100u,currencyservice-7c8fc8fc9c-5frj9,2,78
22:54:56,100u,currencyservice-7c8fc8fc9c-mgwx9,3,108
22:54:56,100u,emailservice-66944ff59-2lcjl,5,95
22:54:56,100u,frontend-7bd6f45654-przgb,1,35
22:54:56,100u,frontend-7bd6f45654-s2s7z,1,53
22:54:56,100u,frontend-7bd6f45654-vfxkp,1,36
22:54:56,100u,paymentservice-9bfb7bf5-kgd56,2,115
22:54:56,100u,productcatalogservice-65bbf699df-j2fmg,2,44
22:54:56,100u,recommendationservice-7444754ff5-n8cbh,5,59
22:54:56,100u,redis-cart-c8ff86559-kcf44,3,37
22:54:56,100u,shippingservice-f956b6d9f-w7n4b,1,35
22:54:58,100u,adservice-574bff445c-qb9cj,6,291
22:54:58,100u,cartservice-7c84fdfb6-m5m6d,3,187
22:54:58,100u,checkoutservice-5b6d96c9b7-45rkr,1,39
22:54:58,100u,currencyservice-7c8fc8fc9c-4hm9g,2,125
22:54:58,100u,currencyservice-7c8fc8fc9c-5frj9,2,78
22:54:58,100u,currencyservice-7c8fc8fc9c-mgwx9,3,108
22:54:58,100u,emailservice-66944ff59-2lcjl,5,95
22:54:58,100u,frontend-7bd6f45654-przgb,1,35
22:54:58,100u,frontend-7bd6f45654-s2s7z,1,53
22:54:58,100u,frontend-7bd6f45654-vfxkp,1,36
22:54:58,100u,paymentservice-9bfb7bf5-kgd56,2,115
22:54:58,100u,productcatalogservice-65bbf699df-j2fmg,2,44
22:54:58,100u,recommendationservice-7444754ff5-n8cbh,5,59
22:54:58,100u,redis-cart-c8ff86559-kcf44,3,37
22:54:58,100u,shippingservice-f956b6d9f-w7n4b,1,35
22:55:02,100u,adservice-574bff445c-qb9cj,6,291
22:55:02,100u,cartservice-7c84fdfb6-m5m6d,3,187
22:55:02,100u,checkoutservice-5b6d96c9b7-45rkr,1,39
22:55:02,100u,currencyservice-7c8fc8fc9c-4hm9g,2,125
22:55:02,100u,currencyservice-7c8fc8fc9c-5frj9,2,78
22:55:02,100u,currencyservice-7c8fc8fc9c-mgwx9,3,108
22:55:02,100u,emailservice-66944ff59-2lcjl,5,95
22:55:02,100u,frontend-7bd6f45654-przgb,1,35
22:55:02,100u,frontend-7bd6f45654-s2s7z,1,53
22:55:02,100u,frontend-7bd6f45654-vfxkp,1,36
22:55:02,100u,paymentservice-9bfb7bf5-kgd56,2,115
22:55:02,100u,productcatalogservice-65bbf699df-j2fmg,2,44
22:55:02,100u,recommendationservice-7444754ff5-n8cbh,5,59
22:55:02,100u,redis-cart-c8ff86559-kcf44,3,37
22:55:02,100u,shippingservice-f956b6d9f-w7n4b,1,35
22:55:06,100u,adservice-574bff445c-qb9cj,3,290
22:55:06,100u,cartservice-7c84fdfb6-m5m6d,3,187
22:55:06,100u,checkoutservice-5b6d96c9b7-45rkr,1,39
22:55:06,100u,currencyservice-7c8fc8fc9c-4hm9g,2,125
22:55:06,100u,currencyservice-7c8fc8fc9c-5frj9,3,78
22:55:06,100u,currencyservice-7c8fc8fc9c-mgwx9,2,108
22:55:06,100u,emailservice-66944ff59-2lcjl,5,95
22:55:06,100u,frontend-7bd6f45654-przgb,1,35
22:55:06,100u,frontend-7bd6f45654-s2s7z,1,53
22:55:06,100u,frontend-7bd6f45654-vfxkp,1,36
22:55:06,100u,paymentservice-9bfb7bf5-kgd56,2,115
22:55:06,100u,productcatalogservice-65bbf699df-j2fmg,1,44
22:55:06,100u,recommendationservice-7444754ff5-n8cbh,5,59
22:55:06,100u,redis-cart-c8ff86559-kcf44,3,37
22:55:06,100u,shippingservice-f956b6d9f-w7n4b,1,35
22:55:08,200u,adservice-574bff445c-qb9cj,3,290
22:55:08,200u,cartservice-7c84fdfb6-m5m6d,3,187
22:55:08,200u,checkoutservice-5b6d96c9b7-45rkr,1,39
22:55:08,200u,currencyservice-7c8fc8fc9c-4hm9g,2,125
22:55:08,200u,currencyservice-7c8fc8fc9c-5frj9,3,78
22:55:08,200u,currencyservice-7c8fc8fc9c-mgwx9,2,108
22:55:08,200u,emailservice-66944ff59-2lcjl,5,95
22:55:08,200u,frontend-7bd6f45654-przgb,1,35
22:55:08,200u,frontend-7bd6f45654-s2s7z,1,53
22:55:08,200u,frontend-7bd6f45654-vfxkp,1,36
22:55:08,200u,paymentservice-9bfb7bf5-kgd56,2,115
22:55:08,200u,productcatalogservice-65bbf699df-j2fmg,1,44
22:55:08,200u,recommendationservice-7444754ff5-n8cbh,5,59
22:55:08,200u,redis-cart-c8ff86559-kcf44,3,37
22:55:08,200u,shippingservice-f956b6d9f-w7n4b,1,35
22:55:12,200u,adservice-574bff445c-qb9cj,3,290
22:55:12,200u,cartservice-7c84fdfb6-m5m6d,3,187
22:55:12,200u,checkoutservice-5b6d96c9b7-45rkr,1,39
22:55:12,200u,currencyservice-7c8fc8fc9c-4hm9g,2,125
22:55:12,200u,currencyservice-7c8fc8fc9c-5frj9,3,78
22:55:12,200u,currencyservice-7c8fc8fc9c-mgwx9,2,108
22:55:12,200u,emailservice-66944ff59-2lcjl,5,95
22:55:12,200u,frontend-7bd6f45654-przgb,1,35
22:55:12,200u,frontend-7bd6f45654-s2s7z,1,53
22:55:12,200u,frontend-7bd6f45654-vfxkp,1,36
22:55:12,200u,paymentservice-9bfb7bf5-kgd56,2,115
22:55:12,200u,productcatalogservice-65bbf699df-j2fmg,1,44
22:55:12,200u,recommendationservice-7444754ff5-n8cbh,5,59
22:55:12,200u,redis-cart-c8ff86559-kcf44,3,37
22:55:12,200u,shippingservice-f956b6d9f-w7n4b,1,35
22:55:16,200u,adservice-574bff445c-qb9cj,3,290
22:55:16,200u,cartservice-7c84fdfb6-m5m6d,3,187
22:55:16,200u,checkoutservice-5b6d96c9b7-45rkr,1,39
22:55:16,200u,currencyservice-7c8fc8fc9c-4hm9g,2,125
22:55:16,200u,currencyservice-7c8fc8fc9c-5frj9,3,78
22:55:16,200u,currencyservice-7c8fc8fc9c-mgwx9,2,108
22:55:16,200u,emailservice-66944ff59-2lcjl,5,95
22:55:16,200u,frontend-7bd6f45654-przgb,1,35
22:55:16,200u,frontend-7bd6f45654-s2s7z,1,53
22:55:16,200u,frontend-7bd6f45654-vfxkp,1,36
22:55:16,200u,paymentservice-9bfb7bf5-kgd56,2,115
22:55:16,200u,productcatalogservice-65bbf699df-j2fmg,1,44
22:55:16,200u,recommendationservice-7444754ff5-n8cbh,5,59
22:55:16,200u,redis-cart-c8ff86559-kcf44,3,37
22:55:16,200u,shippingservice-f956b6d9f-w7n4b,1,35
22:55:18,200u,adservice-574bff445c-qb9cj,3,290
22:55:18,200u,cartservice-7c84fdfb6-m5m6d,3,187
22:55:18,200u,checkoutservice-5b6d96c9b7-45rkr,1,39
22:55:18,200u,currencyservice-7c8fc8fc9c-4hm9g,2,125
22:55:18,200u,currencyservice-7c8fc8fc9c-5frj9,3,78
22:55:18,200u,currencyservice-7c8fc8fc9c-mgwx9,2,108
22:55:18,200u,emailservice-66944ff59-2lcjl,5,95
22:55:18,200u,frontend-7bd6f45654-przgb,1,35
22:55:18,200u,frontend-7bd6f45654-s2s7z,1,53
22:55:18,200u,frontend-7bd6f45654-vfxkp,1,36
22:55:18,200u,paymentservice-9bfb7bf5-kgd56,2,115
22:55:18,200u,productcatalogservice-65bbf699df-j2fmg,1,44
22:55:18,200u,recommendationservice-7444754ff5-n8cbh,5,59
22:55:18,200u,redis-cart-c8ff86559-kcf44,3,37
22:55:18,200u,shippingservice-f956b6d9f-w7n4b,1,35
22:55:22,200u,adservice-574bff445c-qb9cj,23,292
22:55:22,200u,cartservice-7c84fdfb6-m5m6d,51,187
22:55:22,200u,checkoutservice-5b6d96c9b7-45rkr,8,38
22:55:22,200u,currencyservice-7c8fc8fc9c-4hm9g,54,125
22:55:22,200u,currencyservice-7c8fc8fc9c-5frj9,2,78
22:55:22,200u,currencyservice-7c8fc8fc9c-mgwx9,39,109
22:55:22,200u,emailservice-66944ff59-2lcjl,7,95
22:55:22,200u,frontend-7bd6f45654-przgb,45,34
22:55:22,200u,frontend-7bd6f45654-s2s7z,43,53
22:55:22,200u,frontend-7bd6f45654-vfxkp,39,34
22:55:22,200u,paymentservice-9bfb7bf5-kgd56,5,115
22:55:22,200u,productcatalogservice-65bbf699df-j2fmg,46,44
22:55:22,200u,recommendationservice-7444754ff5-n8cbh,78,59
22:55:22,200u,redis-cart-c8ff86559-kcf44,6,37
22:55:22,200u,shippingservice-f956b6d9f-w7n4b,8,35
22:55:26,200u,adservice-574bff445c-qb9cj,23,292
22:55:26,200u,cartservice-7c84fdfb6-m5m6d,51,187
22:55:26,200u,checkoutservice-5b6d96c9b7-45rkr,8,38
22:55:26,200u,currencyservice-7c8fc8fc9c-4hm9g,54,125
22:55:26,200u,currencyservice-7c8fc8fc9c-5frj9,2,78
22:55:26,200u,currencyservice-7c8fc8fc9c-mgwx9,39,109
22:55:26,200u,emailservice-66944ff59-2lcjl,7,95
22:55:26,200u,frontend-7bd6f45654-przgb,45,34
22:55:26,200u,frontend-7bd6f45654-s2s7z,43,53
22:55:26,200u,frontend-7bd6f45654-vfxkp,39,34
22:55:26,200u,paymentservice-9bfb7bf5-kgd56,5,115
22:55:26,200u,productcatalogservice-65bbf699df-j2fmg,46,44
22:55:26,200u,recommendationservice-7444754ff5-n8cbh,78,59
22:55:26,200u,redis-cart-c8ff86559-kcf44,6,37
22:55:26,200u,shippingservice-f956b6d9f-w7n4b,8,35
22:55:28,200u,adservice-574bff445c-qb9cj,23,292
22:55:28,200u,cartservice-7c84fdfb6-m5m6d,51,187
22:55:28,200u,checkoutservice-5b6d96c9b7-45rkr,8,38
22:55:28,200u,currencyservice-7c8fc8fc9c-4hm9g,54,125
22:55:28,200u,currencyservice-7c8fc8fc9c-5frj9,2,78
22:55:28,200u,currencyservice-7c8fc8fc9c-mgwx9,39,109
22:55:28,200u,emailservice-66944ff59-2lcjl,7,95
22:55:28,200u,frontend-7bd6f45654-przgb,45,34
22:55:28,200u,frontend-7bd6f45654-s2s7z,43,53
22:55:28,200u,frontend-7bd6f45654-vfxkp,39,34
22:55:28,200u,paymentservice-9bfb7bf5-kgd56,5,115
22:55:28,200u,productcatalogservice-65bbf699df-j2fmg,46,44
22:55:28,200u,recommendationservice-7444754ff5-n8cbh,78,59
22:55:28,200u,redis-cart-c8ff86559-kcf44,6,37
22:55:28,200u,shippingservice-f956b6d9f-w7n4b,8,35
22:55:32,200u,adservice-574bff445c-qb9cj,23,292
22:55:32,200u,cartservice-7c84fdfb6-m5m6d,51,187
22:55:32,200u,checkoutservice-5b6d96c9b7-45rkr,8,38
22:55:32,200u,currencyservice-7c8fc8fc9c-4hm9g,54,125
22:55:32,200u,currencyservice-7c8fc8fc9c-5frj9,2,78
22:55:32,200u,currencyservice-7c8fc8fc9c-mgwx9,39,109
22:55:32,200u,emailservice-66944ff59-2lcjl,7,95
22:55:32,200u,frontend-7bd6f45654-przgb,45,34
22:55:32,200u,frontend-7bd6f45654-s2s7z,43,53
22:55:32,200u,frontend-7bd6f45654-vfxkp,39,34
22:55:32,200u,paymentservice-9bfb7bf5-kgd56,5,115
22:55:32,200u,productcatalogservice-65bbf699df-j2fmg,46,44
22:55:32,200u,recommendationservice-7444754ff5-n8cbh,78,59
22:55:32,200u,redis-cart-c8ff86559-kcf44,6,37
22:55:32,200u,shippingservice-f956b6d9f-w7n4b,8,35
22:55:36,200u,adservice-574bff445c-qb9cj,50,295
22:55:36,200u,cartservice-7c84fdfb6-m5m6d,113,188
22:55:36,200u,checkoutservice-5b6d96c9b7-45rkr,22,38
22:55:36,200u,currencyservice-7c8fc8fc9c-4hm9g,133,125
22:55:36,200u,currencyservice-7c8fc8fc9c-5frj9,1,78
22:55:36,200u,currencyservice-7c8fc8fc9c-mgwx9,85,108
22:55:36,200u,emailservice-66944ff59-2lcjl,12,95
22:55:36,200u,frontend-7bd6f45654-przgb,103,35
22:55:36,200u,frontend-7bd6f45654-s2s7z,91,53
22:55:36,200u,frontend-7bd6f45654-vfxkp,106,35
22:55:36,200u,paymentservice-9bfb7bf5-kgd56,9,115
22:55:36,200u,productcatalogservice-65bbf699df-j2fmg,108,44
22:55:36,200u,recommendationservice-7444754ff5-n8cbh,186,59
22:55:36,200u,redis-cart-c8ff86559-kcf44,8,37
22:55:36,200u,shippingservice-f956b6d9f-w7n4b,21,35
22:55:38,200u,adservice-574bff445c-qb9cj,50,295
22:55:38,200u,cartservice-7c84fdfb6-m5m6d,113,188
22:55:38,200u,checkoutservice-5b6d96c9b7-45rkr,22,38
22:55:38,200u,currencyservice-7c8fc8fc9c-4hm9g,133,125
22:55:38,200u,currencyservice-7c8fc8fc9c-5frj9,1,78
22:55:38,200u,currencyservice-7c8fc8fc9c-mgwx9,85,108
22:55:38,200u,emailservice-66944ff59-2lcjl,12,95
22:55:38,200u,frontend-7bd6f45654-przgb,103,35
22:55:38,200u,frontend-7bd6f45654-s2s7z,91,53
22:55:38,200u,frontend-7bd6f45654-vfxkp,106,35
22:55:38,200u,paymentservice-9bfb7bf5-kgd56,9,115
22:55:38,200u,productcatalogservice-65bbf699df-j2fmg,108,44
22:55:38,200u,recommendationservice-7444754ff5-n8cbh,186,59
22:55:38,200u,redis-cart-c8ff86559-kcf44,8,37
22:55:38,200u,shippingservice-f956b6d9f-w7n4b,21,35
22:55:43,200u,adservice-574bff445c-qb9cj,50,295
22:55:43,200u,cartservice-7c84fdfb6-m5m6d,113,188
22:55:43,200u,checkoutservice-5b6d96c9b7-45rkr,22,38
22:55:43,200u,currencyservice-7c8fc8fc9c-4hm9g,133,125
22:55:43,200u,currencyservice-7c8fc8fc9c-5frj9,1,78
22:55:43,200u,currencyservice-7c8fc8fc9c-mgwx9,85,108
22:55:43,200u,emailservice-66944ff59-2lcjl,12,95
22:55:43,200u,frontend-7bd6f45654-przgb,103,35
22:55:43,200u,frontend-7bd6f45654-s2s7z,91,53
22:55:43,200u,frontend-7bd6f45654-vfxkp,106,35
22:55:43,200u,paymentservice-9bfb7bf5-kgd56,9,115
22:55:43,200u,productcatalogservice-65bbf699df-j2fmg,108,44
22:55:43,200u,recommendationservice-7444754ff5-n8cbh,186,59
22:55:43,200u,redis-cart-c8ff86559-kcf44,8,37
22:55:43,200u,shippingservice-f956b6d9f-w7n4b,21,35
22:55:46,200u,adservice-574bff445c-qb9cj,50,295
22:55:46,200u,cartservice-7c84fdfb6-m5m6d,113,188
22:55:46,200u,checkoutservice-5b6d96c9b7-45rkr,22,38
22:55:46,200u,currencyservice-7c8fc8fc9c-4hm9g,133,125
22:55:46,200u,currencyservice-7c8fc8fc9c-5frj9,1,78
22:55:46,200u,currencyservice-7c8fc8fc9c-mgwx9,85,108
22:55:46,200u,emailservice-66944ff59-2lcjl,12,95
22:55:46,200u,frontend-7bd6f45654-przgb,103,35
22:55:46,200u,frontend-7bd6f45654-s2s7z,91,53
22:55:46,200u,frontend-7bd6f45654-vfxkp,106,35
22:55:46,200u,paymentservice-9bfb7bf5-kgd56,9,115
22:55:46,200u,productcatalogservice-65bbf699df-j2fmg,108,44
22:55:46,200u,recommendationservice-7444754ff5-n8cbh,186,59
22:55:46,200u,redis-cart-c8ff86559-kcf44,8,37
22:55:46,200u,shippingservice-f956b6d9f-w7n4b,21,35
22:55:48,200u,adservice-574bff445c-qb9cj,50,295
22:55:48,200u,cartservice-7c84fdfb6-m5m6d,113,188
22:55:48,200u,checkoutservice-5b6d96c9b7-45rkr,22,38
22:55:48,200u,currencyservice-7c8fc8fc9c-4hm9g,133,125
22:55:48,200u,currencyservice-7c8fc8fc9c-5frj9,1,78
22:55:48,200u,currencyservice-7c8fc8fc9c-mgwx9,85,108
22:55:48,200u,emailservice-66944ff59-2lcjl,12,95
22:55:48,200u,frontend-7bd6f45654-przgb,103,35
22:55:48,200u,frontend-7bd6f45654-s2s7z,91,53
22:55:48,200u,frontend-7bd6f45654-vfxkp,106,35
22:55:48,200u,paymentservice-9bfb7bf5-kgd56,9,115
22:55:48,200u,productcatalogservice-65bbf699df-j2fmg,108,44
22:55:48,200u,recommendationservice-7444754ff5-n8cbh,186,59
22:55:48,200u,redis-cart-c8ff86559-kcf44,8,37
22:55:48,200u,shippingservice-f956b6d9f-w7n4b,21,35
22:55:53,200u,adservice-574bff445c-qb9cj,29,295
22:55:53,200u,cartservice-7c84fdfb6-m5m6d,57,187
22:55:53,200u,checkoutservice-5b6d96c9b7-45rkr,9,38
22:55:53,200u,currencyservice-7c8fc8fc9c-4hm9g,79,124
22:55:53,200u,currencyservice-7c8fc8fc9c-5frj9,3,80
22:55:53,200u,currencyservice-7c8fc8fc9c-mgwx9,43,108
22:55:53,200u,emailservice-66944ff59-2lcjl,7,95
22:55:53,200u,frontend-7bd6f45654-przgb,43,34
22:55:53,200u,frontend-7bd6f45654-s2s7z,46,53
22:55:53,200u,frontend-7bd6f45654-vfxkp,69,34
22:55:53,200u,paymentservice-9bfb7bf5-kgd56,5,115
22:55:53,200u,productcatalogservice-65bbf699df-j2fmg,57,44
22:55:53,200u,recommendationservice-7444754ff5-n8cbh,96,59
22:55:53,200u,redis-cart-c8ff86559-kcf44,5,37
22:55:53,200u,shippingservice-f956b6d9f-w7n4b,10,35
22:55:56,200u,adservice-574bff445c-qb9cj,29,295
22:55:56,200u,cartservice-7c84fdfb6-m5m6d,57,187
22:55:56,200u,checkoutservice-5b6d96c9b7-45rkr,9,38
22:55:56,200u,currencyservice-7c8fc8fc9c-4hm9g,79,124
22:55:56,200u,currencyservice-7c8fc8fc9c-5frj9,3,80
22:55:56,200u,currencyservice-7c8fc8fc9c-mgwx9,43,108
22:55:56,200u,emailservice-66944ff59-2lcjl,7,95
22:55:56,200u,frontend-7bd6f45654-przgb,43,34
22:55:56,200u,frontend-7bd6f45654-s2s7z,46,53
22:55:56,200u,frontend-7bd6f45654-vfxkp,69,34
22:55:56,200u,paymentservice-9bfb7bf5-kgd56,5,115
22:55:56,200u,productcatalogservice-65bbf699df-j2fmg,57,44
22:55:56,200u,recommendationservice-7444754ff5-n8cbh,96,59
22:55:56,200u,redis-cart-c8ff86559-kcf44,5,37
22:55:56,200u,shippingservice-f956b6d9f-w7n4b,10,35
22:55:58,200u,adservice-574bff445c-qb9cj,29,295
22:55:58,200u,cartservice-7c84fdfb6-m5m6d,57,187
22:55:58,200u,checkoutservice-5b6d96c9b7-45rkr,9,38
22:55:58,200u,currencyservice-7c8fc8fc9c-4hm9g,79,124
22:55:58,200u,currencyservice-7c8fc8fc9c-5frj9,3,80
22:55:58,200u,currencyservice-7c8fc8fc9c-mgwx9,43,108
22:55:58,200u,emailservice-66944ff59-2lcjl,7,95
22:55:58,200u,frontend-7bd6f45654-przgb,43,34
22:55:58,200u,frontend-7bd6f45654-s2s7z,46,53
22:55:58,200u,frontend-7bd6f45654-vfxkp,69,34
22:55:58,200u,paymentservice-9bfb7bf5-kgd56,5,115
22:55:58,200u,productcatalogservice-65bbf699df-j2fmg,57,44
22:55:58,200u,recommendationservice-7444754ff5-n8cbh,96,59
22:55:58,200u,redis-cart-c8ff86559-kcf44,5,37
22:55:58,200u,shippingservice-f956b6d9f-w7n4b,10,35
22:56:03,200u,adservice-574bff445c-qb9cj,29,295
22:56:03,200u,cartservice-7c84fdfb6-m5m6d,57,187
22:56:03,200u,checkoutservice-5b6d96c9b7-45rkr,9,38
22:56:03,200u,currencyservice-7c8fc8fc9c-4hm9g,79,124
22:56:03,200u,currencyservice-7c8fc8fc9c-5frj9,3,80
22:56:03,200u,currencyservice-7c8fc8fc9c-mgwx9,43,108
22:56:03,200u,emailservice-66944ff59-2lcjl,7,95
22:56:03,200u,frontend-7bd6f45654-przgb,43,34
22:56:03,200u,frontend-7bd6f45654-s2s7z,46,53
22:56:03,200u,frontend-7bd6f45654-vfxkp,69,34
22:56:03,200u,paymentservice-9bfb7bf5-kgd56,5,115
22:56:03,200u,productcatalogservice-65bbf699df-j2fmg,57,44
22:56:03,200u,recommendationservice-7444754ff5-n8cbh,96,59
22:56:03,200u,redis-cart-c8ff86559-kcf44,5,37
22:56:03,200u,shippingservice-f956b6d9f-w7n4b,10,35
22:56:07,200u,adservice-574bff445c-qb9cj,50,297
22:56:07,200u,cartservice-7c84fdfb6-m5m6d,102,188
22:56:07,200u,checkoutservice-5b6d96c9b7-45rkr,19,38
22:56:07,200u,currencyservice-7c8fc8fc9c-4hm9g,125,125
22:56:07,200u,currencyservice-7c8fc8fc9c-5frj9,1,80
22:56:07,200u,currencyservice-7c8fc8fc9c-mgwx9,86,109
22:56:07,200u,emailservice-66944ff59-2lcjl,10,95
22:56:07,200u,frontend-7bd6f45654-przgb,69,34
22:56:07,200u,frontend-7bd6f45654-s2s7z,97,53
22:56:07,200u,frontend-7bd6f45654-vfxkp,118,35
22:56:07,200u,paymentservice-9bfb7bf5-kgd56,8,115
22:56:07,200u,productcatalogservice-65bbf699df-j2fmg,101,44
22:56:07,200u,recommendationservice-7444754ff5-n8cbh,172,59
22:56:07,200u,redis-cart-c8ff86559-kcf44,8,37
22:56:07,200u,shippingservice-f956b6d9f-w7n4b,19,35
22:56:09,200u,adservice-574bff445c-qb9cj,50,297
22:56:09,200u,cartservice-7c84fdfb6-m5m6d,102,188
22:56:09,200u,checkoutservice-5b6d96c9b7-45rkr,19,38
22:56:09,200u,currencyservice-7c8fc8fc9c-4hm9g,125,125
22:56:09,200u,currencyservice-7c8fc8fc9c-5frj9,1,80
22:56:09,200u,currencyservice-7c8fc8fc9c-mgwx9,86,109
22:56:09,200u,emailservice-66944ff59-2lcjl,10,95
22:56:09,200u,frontend-7bd6f45654-przgb,69,34
22:56:09,200u,frontend-7bd6f45654-s2s7z,97,53
22:56:09,200u,frontend-7bd6f45654-vfxkp,118,35
22:56:09,200u,paymentservice-9bfb7bf5-kgd56,8,115
22:56:09,200u,productcatalogservice-65bbf699df-j2fmg,101,44
22:56:09,200u,recommendationservice-7444754ff5-n8cbh,172,59
22:56:09,200u,redis-cart-c8ff86559-kcf44,8,37
22:56:09,200u,shippingservice-f956b6d9f-w7n4b,19,35
22:56:13,200u,adservice-574bff445c-qb9cj,50,297
22:56:13,200u,cartservice-7c84fdfb6-m5m6d,102,188
22:56:13,200u,checkoutservice-5b6d96c9b7-45rkr,19,38
22:56:13,200u,currencyservice-7c8fc8fc9c-4hm9g,125,125
22:56:13,200u,currencyservice-7c8fc8fc9c-5frj9,1,80
22:56:13,200u,currencyservice-7c8fc8fc9c-mgwx9,86,109
22:56:13,200u,emailservice-66944ff59-2lcjl,10,95
22:56:13,200u,frontend-7bd6f45654-przgb,69,34
22:56:13,200u,frontend-7bd6f45654-s2s7z,97,53
22:56:13,200u,frontend-7bd6f45654-vfxkp,118,35
22:56:13,200u,paymentservice-9bfb7bf5-kgd56,8,115
22:56:13,200u,productcatalogservice-65bbf699df-j2fmg,101,44
22:56:13,200u,recommendationservice-7444754ff5-n8cbh,172,59
22:56:13,200u,redis-cart-c8ff86559-kcf44,8,37
22:56:13,200u,shippingservice-f956b6d9f-w7n4b,19,35
22:56:17,200u,adservice-574bff445c-qb9cj,50,297
22:56:17,200u,cartservice-7c84fdfb6-m5m6d,102,188
22:56:17,200u,checkoutservice-5b6d96c9b7-45rkr,19,38
22:56:17,200u,currencyservice-7c8fc8fc9c-4hm9g,125,125
22:56:17,200u,currencyservice-7c8fc8fc9c-5frj9,1,80
22:56:17,200u,currencyservice-7c8fc8fc9c-mgwx9,86,109
22:56:17,200u,emailservice-66944ff59-2lcjl,10,95
22:56:17,200u,frontend-7bd6f45654-przgb,69,34
22:56:17,200u,frontend-7bd6f45654-s2s7z,97,53
22:56:17,200u,frontend-7bd6f45654-vfxkp,118,35
22:56:17,200u,paymentservice-9bfb7bf5-kgd56,8,115
22:56:17,200u,productcatalogservice-65bbf699df-j2fmg,101,44
22:56:17,200u,recommendationservice-7444754ff5-n8cbh,172,59
22:56:17,200u,redis-cart-c8ff86559-kcf44,8,37
22:56:17,200u,shippingservice-f956b6d9f-w7n4b,19,35
22:56:19,200u,adservice-574bff445c-qb9cj,50,297
22:56:19,200u,cartservice-7c84fdfb6-m5m6d,102,188
22:56:19,200u,checkoutservice-5b6d96c9b7-45rkr,19,38
22:56:19,200u,currencyservice-7c8fc8fc9c-4hm9g,125,125
22:56:19,200u,currencyservice-7c8fc8fc9c-5frj9,1,80
22:56:19,200u,currencyservice-7c8fc8fc9c-mgwx9,86,109
22:56:19,200u,emailservice-66944ff59-2lcjl,10,95
22:56:19,200u,frontend-7bd6f45654-przgb,69,34
22:56:19,200u,frontend-7bd6f45654-s2s7z,97,53
22:56:19,200u,frontend-7bd6f45654-vfxkp,118,35
22:56:19,200u,paymentservice-9bfb7bf5-kgd56,8,115
22:56:19,200u,productcatalogservice-65bbf699df-j2fmg,101,44
22:56:19,200u,recommendationservice-7444754ff5-n8cbh,172,59
22:56:19,200u,redis-cart-c8ff86559-kcf44,8,37
22:56:19,200u,shippingservice-f956b6d9f-w7n4b,19,35
22:56:23,200u,adservice-574bff445c-qb9cj,58,299
22:56:23,200u,cartservice-7c84fdfb6-m5m6d,104,188
22:56:23,200u,checkoutservice-5b6d96c9b7-45rkr,21,38
22:56:23,200u,currencyservice-7c8fc8fc9c-4hm9g,130,125
22:56:23,200u,currencyservice-7c8fc8fc9c-5frj9,1,80
22:56:23,200u,currencyservice-7c8fc8fc9c-mgwx9,103,108
22:56:23,200u,emailservice-66944ff59-2lcjl,11,95
22:56:23,200u,frontend-7bd6f45654-przgb,95,34
22:56:23,200u,frontend-7bd6f45654-s2s7z,119,54
22:56:23,200u,frontend-7bd6f45654-vfxkp,105,35
22:56:23,200u,paymentservice-9bfb7bf5-kgd56,8,115
22:56:23,200u,productcatalogservice-65bbf699df-j2fmg,113,44
22:56:23,200u,recommendationservice-7444754ff5-n8cbh,200,59
22:56:23,200u,redis-cart-c8ff86559-kcf44,8,37
22:56:23,200u,shippingservice-f956b6d9f-w7n4b,21,35
22:56:27,200u,adservice-574bff445c-qb9cj,58,299
22:56:27,200u,cartservice-7c84fdfb6-m5m6d,104,188
22:56:27,200u,checkoutservice-5b6d96c9b7-45rkr,21,38
22:56:27,200u,currencyservice-7c8fc8fc9c-4hm9g,130,125
22:56:27,200u,currencyservice-7c8fc8fc9c-5frj9,1,80
22:56:27,200u,currencyservice-7c8fc8fc9c-mgwx9,103,108
22:56:27,200u,emailservice-66944ff59-2lcjl,11,95
22:56:27,200u,frontend-7bd6f45654-przgb,95,34
22:56:27,200u,frontend-7bd6f45654-s2s7z,119,54
22:56:27,200u,frontend-7bd6f45654-vfxkp,105,35
22:56:27,200u,paymentservice-9bfb7bf5-kgd56,8,115
22:56:27,200u,productcatalogservice-65bbf699df-j2fmg,113,44
22:56:27,200u,recommendationservice-7444754ff5-n8cbh,200,59
22:56:27,200u,redis-cart-c8ff86559-kcf44,8,37
22:56:27,200u,shippingservice-f956b6d9f-w7n4b,21,35
22:56:29,200u,adservice-574bff445c-qb9cj,58,299
22:56:29,200u,cartservice-7c84fdfb6-m5m6d,104,188
22:56:29,200u,checkoutservice-5b6d96c9b7-45rkr,21,38
22:56:29,200u,currencyservice-7c8fc8fc9c-4hm9g,130,125
22:56:29,200u,currencyservice-7c8fc8fc9c-5frj9,1,80
22:56:29,200u,currencyservice-7c8fc8fc9c-mgwx9,103,108
22:56:29,200u,emailservice-66944ff59-2lcjl,11,95
22:56:29,200u,frontend-7bd6f45654-przgb,95,34
22:56:29,200u,frontend-7bd6f45654-s2s7z,119,54
22:56:29,200u,frontend-7bd6f45654-vfxkp,105,35
22:56:29,200u,paymentservice-9bfb7bf5-kgd56,8,115
22:56:29,200u,productcatalogservice-65bbf699df-j2fmg,113,44
22:56:29,200u,recommendationservice-7444754ff5-n8cbh,200,59
22:56:29,200u,redis-cart-c8ff86559-kcf44,8,37
22:56:29,200u,shippingservice-f956b6d9f-w7n4b,21,35
22:56:33,200u,adservice-574bff445c-qb9cj,58,299
22:56:33,200u,cartservice-7c84fdfb6-m5m6d,104,188
22:56:33,200u,checkoutservice-5b6d96c9b7-45rkr,21,38
22:56:33,200u,currencyservice-7c8fc8fc9c-4hm9g,130,125
22:56:33,200u,currencyservice-7c8fc8fc9c-5frj9,1,80
22:56:33,200u,currencyservice-7c8fc8fc9c-mgwx9,103,108
22:56:33,200u,emailservice-66944ff59-2lcjl,11,95
22:56:33,200u,frontend-7bd6f45654-przgb,95,34
22:56:33,200u,frontend-7bd6f45654-s2s7z,119,54
22:56:33,200u,frontend-7bd6f45654-vfxkp,105,35
22:56:33,200u,paymentservice-9bfb7bf5-kgd56,8,115
22:56:33,200u,productcatalogservice-65bbf699df-j2fmg,113,44
22:56:33,200u,recommendationservice-7444754ff5-n8cbh,200,59
22:56:33,200u,redis-cart-c8ff86559-kcf44,8,37
22:56:33,200u,shippingservice-f956b6d9f-w7n4b,21,35
22:56:37,200u,adservice-574bff445c-qb9cj,61,299
22:56:37,200u,cartservice-7c84fdfb6-m5m6d,101,188
22:56:37,200u,checkoutservice-5b6d96c9b7-45rkr,22,38
22:56:37,200u,currencyservice-7c8fc8fc9c-4hm9g,122,124
22:56:37,200u,currencyservice-7c8fc8fc9c-5frj9,1,80
22:56:37,200u,currencyservice-7c8fc8fc9c-mgwx9,110,109
22:56:37,200u,emailservice-66944ff59-2lcjl,12,95
22:56:37,200u,frontend-7bd6f45654-przgb,94,36
22:56:37,200u,frontend-7bd6f45654-s2s7z,131,56
22:56:37,200u,frontend-7bd6f45654-vfxkp,91,35
22:56:37,200u,paymentservice-9bfb7bf5-kgd56,9,115
22:56:37,200u,productcatalogservice-65bbf699df-j2fmg,112,44
22:56:37,200u,recommendationservice-7444754ff5-n8cbh,198,60
22:56:37,200u,redis-cart-c8ff86559-kcf44,8,37
22:56:37,200u,shippingservice-f956b6d9f-w7n4b,20,35
22:56:39,200u,adservice-574bff445c-qb9cj,61,299
22:56:39,200u,cartservice-7c84fdfb6-m5m6d,101,188
22:56:39,200u,checkoutservice-5b6d96c9b7-45rkr,22,38
22:56:39,200u,currencyservice-7c8fc8fc9c-4hm9g,122,124
22:56:39,200u,currencyservice-7c8fc8fc9c-5frj9,1,80
22:56:39,200u,currencyservice-7c8fc8fc9c-mgwx9,110,109
22:56:39,200u,emailservice-66944ff59-2lcjl,12,95
22:56:39,200u,frontend-7bd6f45654-przgb,94,36
22:56:39,200u,frontend-7bd6f45654-s2s7z,131,56
22:56:39,200u,frontend-7bd6f45654-vfxkp,91,35
22:56:39,200u,paymentservice-9bfb7bf5-kgd56,9,115
22:56:39,200u,productcatalogservice-65bbf699df-j2fmg,112,44
22:56:39,200u,recommendationservice-7444754ff5-n8cbh,198,60
22:56:39,200u,redis-cart-c8ff86559-kcf44,8,37
22:56:39,200u,shippingservice-f956b6d9f-w7n4b,20,35
22:56:43,200u,adservice-574bff445c-qb9cj,61,299
22:56:43,200u,cartservice-7c84fdfb6-m5m6d,101,188
22:56:43,200u,checkoutservice-5b6d96c9b7-45rkr,22,38
22:56:43,200u,currencyservice-7c8fc8fc9c-4hm9g,122,124
22:56:43,200u,currencyservice-7c8fc8fc9c-5frj9,1,80
22:56:43,200u,currencyservice-7c8fc8fc9c-mgwx9,110,109
22:56:43,200u,emailservice-66944ff59-2lcjl,12,95
22:56:43,200u,frontend-7bd6f45654-przgb,94,36
22:56:43,200u,frontend-7bd6f45654-s2s7z,131,56
22:56:43,200u,frontend-7bd6f45654-vfxkp,91,35
22:56:43,200u,paymentservice-9bfb7bf5-kgd56,9,115
22:56:43,200u,productcatalogservice-65bbf699df-j2fmg,112,44
22:56:43,200u,recommendationservice-7444754ff5-n8cbh,198,60
22:56:43,200u,redis-cart-c8ff86559-kcf44,8,37
22:56:43,200u,shippingservice-f956b6d9f-w7n4b,20,35
22:56:47,200u,adservice-574bff445c-qb9cj,61,299
22:56:47,200u,cartservice-7c84fdfb6-m5m6d,101,188
22:56:47,200u,checkoutservice-5b6d96c9b7-45rkr,22,38
22:56:47,200u,currencyservice-7c8fc8fc9c-4hm9g,122,124
22:56:47,200u,currencyservice-7c8fc8fc9c-5frj9,1,80
22:56:47,200u,currencyservice-7c8fc8fc9c-mgwx9,110,109
22:56:47,200u,emailservice-66944ff59-2lcjl,12,95
22:56:47,200u,frontend-7bd6f45654-przgb,94,36
22:56:47,200u,frontend-7bd6f45654-s2s7z,131,56
22:56:47,200u,frontend-7bd6f45654-vfxkp,91,35
22:56:47,200u,paymentservice-9bfb7bf5-kgd56,9,115
22:56:47,200u,productcatalogservice-65bbf699df-j2fmg,112,44
22:56:47,200u,recommendationservice-7444754ff5-n8cbh,198,60
22:56:47,200u,redis-cart-c8ff86559-kcf44,8,37
22:56:47,200u,shippingservice-f956b6d9f-w7n4b,20,35
22:56:49,200u,adservice-574bff445c-qb9cj,61,299
22:56:49,200u,cartservice-7c84fdfb6-m5m6d,101,188
22:56:49,200u,checkoutservice-5b6d96c9b7-45rkr,22,38
22:56:49,200u,currencyservice-7c8fc8fc9c-4hm9g,122,124
22:56:49,200u,currencyservice-7c8fc8fc9c-5frj9,1,80
22:56:49,200u,currencyservice-7c8fc8fc9c-mgwx9,110,109
22:56:49,200u,emailservice-66944ff59-2lcjl,12,95
22:56:49,200u,frontend-7bd6f45654-przgb,94,36
22:56:49,200u,frontend-7bd6f45654-s2s7z,131,56
22:56:49,200u,frontend-7bd6f45654-vfxkp,91,35
22:56:49,200u,paymentservice-9bfb7bf5-kgd56,9,115
22:56:49,200u,productcatalogservice-65bbf699df-j2fmg,112,44
22:56:49,200u,recommendationservice-7444754ff5-n8cbh,198,60
22:56:49,200u,redis-cart-c8ff86559-kcf44,8,37
22:56:49,200u,shippingservice-f956b6d9f-w7n4b,20,35
22:56:53,200u,adservice-574bff445c-qb9cj,60,298
22:56:53,200u,cartservice-7c84fdfb6-m5m6d,86,188
22:56:53,200u,checkoutservice-5b6d96c9b7-45rkr,18,38
22:56:53,200u,currencyservice-7c8fc8fc9c-4hm9g,124,124
22:56:53,200u,currencyservice-7c8fc8fc9c-5frj9,2,80
22:56:53,200u,currencyservice-7c8fc8fc9c-mgwx9,104,108
22:56:53,200u,emailservice-66944ff59-2lcjl,10,95
22:56:53,200u,frontend-7bd6f45654-przgb,100,36
22:56:53,200u,frontend-7bd6f45654-s2s7z,123,56
22:56:53,200u,frontend-7bd6f45654-vfxkp,89,36
22:56:53,200u,paymentservice-9bfb7bf5-kgd56,8,115
22:56:53,200u,productcatalogservice-65bbf699df-j2fmg,111,44
22:56:53,200u,recommendationservice-7444754ff5-n8cbh,196,60
22:56:53,200u,redis-cart-c8ff86559-kcf44,8,37
22:56:53,200u,shippingservice-f956b6d9f-w7n4b,17,35
22:56:57,200u,adservice-574bff445c-qb9cj,60,298
22:56:57,200u,cartservice-7c84fdfb6-m5m6d,86,188
22:56:57,200u,checkoutservice-5b6d96c9b7-45rkr,18,38
22:56:57,200u,currencyservice-7c8fc8fc9c-4hm9g,124,124
22:56:57,200u,currencyservice-7c8fc8fc9c-5frj9,2,80
22:56:57,200u,currencyservice-7c8fc8fc9c-mgwx9,104,108
22:56:57,200u,emailservice-66944ff59-2lcjl,10,95
22:56:57,200u,frontend-7bd6f45654-przgb,100,36
22:56:57,200u,frontend-7bd6f45654-s2s7z,123,56
22:56:57,200u,frontend-7bd6f45654-vfxkp,89,36
22:56:57,200u,paymentservice-9bfb7bf5-kgd56,8,115
22:56:57,200u,productcatalogservice-65bbf699df-j2fmg,111,44
22:56:57,200u,recommendationservice-7444754ff5-n8cbh,196,60
22:56:57,200u,redis-cart-c8ff86559-kcf44,8,37
22:56:57,200u,shippingservice-f956b6d9f-w7n4b,17,35
22:56:59,200u,adservice-574bff445c-qb9cj,60,298
22:56:59,200u,cartservice-7c84fdfb6-m5m6d,86,188
22:56:59,200u,checkoutservice-5b6d96c9b7-45rkr,18,38
22:56:59,200u,currencyservice-7c8fc8fc9c-4hm9g,124,124
22:56:59,200u,currencyservice-7c8fc8fc9c-5frj9,2,80
22:56:59,200u,currencyservice-7c8fc8fc9c-mgwx9,104,108
22:56:59,200u,emailservice-66944ff59-2lcjl,10,95
22:56:59,200u,frontend-7bd6f45654-przgb,100,36
22:56:59,200u,frontend-7bd6f45654-s2s7z,123,56
22:56:59,200u,frontend-7bd6f45654-vfxkp,89,36
22:56:59,200u,paymentservice-9bfb7bf5-kgd56,8,115
22:56:59,200u,productcatalogservice-65bbf699df-j2fmg,111,44
22:56:59,200u,recommendationservice-7444754ff5-n8cbh,196,60
22:56:59,200u,redis-cart-c8ff86559-kcf44,8,37
22:56:59,200u,shippingservice-f956b6d9f-w7n4b,17,35
22:57:03,200u,adservice-574bff445c-qb9cj,60,298
22:57:03,200u,cartservice-7c84fdfb6-m5m6d,86,188
22:57:03,200u,checkoutservice-5b6d96c9b7-45rkr,18,38
22:57:03,200u,currencyservice-7c8fc8fc9c-4hm9g,124,124
22:57:03,200u,currencyservice-7c8fc8fc9c-5frj9,2,80
22:57:03,200u,currencyservice-7c8fc8fc9c-mgwx9,104,108
22:57:03,200u,emailservice-66944ff59-2lcjl,10,95
22:57:03,200u,frontend-7bd6f45654-przgb,100,36
22:57:03,200u,frontend-7bd6f45654-s2s7z,123,56
22:57:03,200u,frontend-7bd6f45654-vfxkp,89,36
22:57:03,200u,paymentservice-9bfb7bf5-kgd56,8,115
22:57:03,200u,productcatalogservice-65bbf699df-j2fmg,111,44
22:57:03,200u,recommendationservice-7444754ff5-n8cbh,196,60
22:57:03,200u,redis-cart-c8ff86559-kcf44,8,37
22:57:03,200u,shippingservice-f956b6d9f-w7n4b,17,35
22:57:07,200u,adservice-574bff445c-qb9cj,62,298
22:57:07,200u,cartservice-7c84fdfb6-m5m6d,104,188
22:57:07,200u,checkoutservice-5b6d96c9b7-45rkr,21,38
22:57:07,200u,currencyservice-7c8fc8fc9c-4hm9g,123,125
22:57:07,200u,currencyservice-7c8fc8fc9c-5frj9,2,80
22:57:07,200u,currencyservice-7c8fc8fc9c-mgwx9,111,110
22:57:07,200u,emailservice-66944ff59-2lcjl,11,95
22:57:07,200u,frontend-7bd6f45654-przgb,104,37
22:57:07,200u,frontend-7bd6f45654-s2s7z,123,56
22:57:07,200u,frontend-7bd6f45654-vfxkp,89,36
22:57:07,200u,paymentservice-9bfb7bf5-kgd56,9,115
22:57:07,200u,productcatalogservice-65bbf699df-j2fmg,112,44
22:57:07,200u,recommendationservice-7444754ff5-n8cbh,201,61
22:57:07,200u,redis-cart-c8ff86559-kcf44,8,37
22:57:07,200u,shippingservice-f956b6d9f-w7n4b,20,35
22:57:09,200u,adservice-574bff445c-qb9cj,62,298
22:57:09,200u,cartservice-7c84fdfb6-m5m6d,104,188
22:57:09,200u,checkoutservice-5b6d96c9b7-45rkr,21,38
22:57:09,200u,currencyservice-7c8fc8fc9c-4hm9g,123,125
22:57:09,200u,currencyservice-7c8fc8fc9c-5frj9,2,80
22:57:09,200u,currencyservice-7c8fc8fc9c-mgwx9,111,110
22:57:09,200u,emailservice-66944ff59-2lcjl,11,95
22:57:09,200u,frontend-7bd6f45654-przgb,104,37
22:57:09,200u,frontend-7bd6f45654-s2s7z,123,56
22:57:09,200u,frontend-7bd6f45654-vfxkp,89,36
22:57:09,200u,paymentservice-9bfb7bf5-kgd56,9,115
22:57:09,200u,productcatalogservice-65bbf699df-j2fmg,112,44
22:57:09,200u,recommendationservice-7444754ff5-n8cbh,201,61
22:57:09,200u,redis-cart-c8ff86559-kcf44,8,37
22:57:09,200u,shippingservice-f956b6d9f-w7n4b,20,35
22:57:14,200u,adservice-574bff445c-qb9cj,62,298
22:57:14,200u,cartservice-7c84fdfb6-m5m6d,104,188
22:57:14,200u,checkoutservice-5b6d96c9b7-45rkr,21,38
22:57:14,200u,currencyservice-7c8fc8fc9c-4hm9g,123,125
22:57:14,200u,currencyservice-7c8fc8fc9c-5frj9,2,80
22:57:14,200u,currencyservice-7c8fc8fc9c-mgwx9,111,110
22:57:14,200u,emailservice-66944ff59-2lcjl,11,95
22:57:14,200u,frontend-7bd6f45654-przgb,104,37
22:57:14,200u,frontend-7bd6f45654-s2s7z,123,56
22:57:14,200u,frontend-7bd6f45654-vfxkp,89,36
22:57:14,200u,paymentservice-9bfb7bf5-kgd56,9,115
22:57:14,200u,productcatalogservice-65bbf699df-j2fmg,112,44
22:57:14,200u,recommendationservice-7444754ff5-n8cbh,201,61
22:57:14,200u,redis-cart-c8ff86559-kcf44,8,37
22:57:14,200u,shippingservice-f956b6d9f-w7n4b,20,35
22:57:17,200u,adservice-574bff445c-qb9cj,62,298
22:57:17,200u,cartservice-7c84fdfb6-m5m6d,104,188
22:57:17,200u,checkoutservice-5b6d96c9b7-45rkr,21,38
22:57:17,200u,currencyservice-7c8fc8fc9c-4hm9g,123,125
22:57:17,200u,currencyservice-7c8fc8fc9c-5frj9,2,80
22:57:17,200u,currencyservice-7c8fc8fc9c-mgwx9,111,110
22:57:17,200u,emailservice-66944ff59-2lcjl,11,95
22:57:17,200u,frontend-7bd6f45654-przgb,104,37
22:57:17,200u,frontend-7bd6f45654-s2s7z,123,56
22:57:17,200u,frontend-7bd6f45654-vfxkp,89,36
22:57:17,200u,paymentservice-9bfb7bf5-kgd56,9,115
22:57:17,200u,productcatalogservice-65bbf699df-j2fmg,112,44
22:57:17,200u,recommendationservice-7444754ff5-n8cbh,201,61
22:57:17,200u,redis-cart-c8ff86559-kcf44,8,37
22:57:17,200u,shippingservice-f956b6d9f-w7n4b,20,35
22:57:19,200u,adservice-574bff445c-qb9cj,62,298
22:57:19,200u,cartservice-7c84fdfb6-m5m6d,104,188
22:57:19,200u,checkoutservice-5b6d96c9b7-45rkr,21,38
22:57:19,200u,currencyservice-7c8fc8fc9c-4hm9g,123,125
22:57:19,200u,currencyservice-7c8fc8fc9c-5frj9,2,80
22:57:19,200u,currencyservice-7c8fc8fc9c-mgwx9,111,110
22:57:19,200u,emailservice-66944ff59-2lcjl,11,95
22:57:19,200u,frontend-7bd6f45654-przgb,104,37
22:57:19,200u,frontend-7bd6f45654-s2s7z,123,56
22:57:19,200u,frontend-7bd6f45654-vfxkp,89,36
22:57:19,200u,paymentservice-9bfb7bf5-kgd56,9,115
22:57:19,200u,productcatalogservice-65bbf699df-j2fmg,112,44
22:57:19,200u,recommendationservice-7444754ff5-n8cbh,201,61
22:57:19,200u,redis-cart-c8ff86559-kcf44,8,37
22:57:19,200u,shippingservice-f956b6d9f-w7n4b,20,35
22:57:24,200u,adservice-574bff445c-qb9cj,63,299
22:57:24,200u,cartservice-7c84fdfb6-m5m6d,105,188
22:57:24,200u,checkoutservice-5b6d96c9b7-45rkr,18,38
22:57:24,200u,currencyservice-7c8fc8fc9c-4hm9g,131,124
22:57:24,200u,currencyservice-7c8fc8fc9c-5frj9,1,80
22:57:24,200u,currencyservice-7c8fc8fc9c-mgwx9,105,111
22:57:24,200u,emailservice-66944ff59-2lcjl,10,95
22:57:24,200u,frontend-7bd6f45654-przgb,107,38
22:57:24,200u,frontend-7bd6f45654-s2s7z,123,57
22:57:24,200u,frontend-7bd6f45654-vfxkp,90,37
22:57:24,200u,paymentservice-9bfb7bf5-kgd56,8,115
22:57:24,200u,productcatalogservice-65bbf699df-j2fmg,113,44
22:57:24,200u,recommendationservice-7444754ff5-n8cbh,200,61
22:57:24,200u,redis-cart-c8ff86559-kcf44,8,37
22:57:24,200u,shippingservice-f956b6d9f-w7n4b,20,35
22:57:27,200u,adservice-574bff445c-qb9cj,63,299
22:57:27,200u,cartservice-7c84fdfb6-m5m6d,105,188
22:57:27,200u,checkoutservice-5b6d96c9b7-45rkr,18,38
22:57:27,200u,currencyservice-7c8fc8fc9c-4hm9g,131,124
22:57:27,200u,currencyservice-7c8fc8fc9c-5frj9,1,80
22:57:27,200u,currencyservice-7c8fc8fc9c-mgwx9,105,111
22:57:27,200u,emailservice-66944ff59-2lcjl,10,95
22:57:27,200u,frontend-7bd6f45654-przgb,107,38
22:57:27,200u,frontend-7bd6f45654-s2s7z,123,57
22:57:27,200u,frontend-7bd6f45654-vfxkp,90,37
22:57:27,200u,paymentservice-9bfb7bf5-kgd56,8,115
22:57:27,200u,productcatalogservice-65bbf699df-j2fmg,113,44
22:57:27,200u,recommendationservice-7444754ff5-n8cbh,200,61
22:57:27,200u,redis-cart-c8ff86559-kcf44,8,37
22:57:27,200u,shippingservice-f956b6d9f-w7n4b,20,35
22:57:29,200u,adservice-574bff445c-qb9cj,63,299
22:57:29,200u,cartservice-7c84fdfb6-m5m6d,105,188
22:57:29,200u,checkoutservice-5b6d96c9b7-45rkr,18,38
22:57:29,200u,currencyservice-7c8fc8fc9c-4hm9g,131,124
22:57:29,200u,currencyservice-7c8fc8fc9c-5frj9,1,80
22:57:29,200u,currencyservice-7c8fc8fc9c-mgwx9,105,111
22:57:29,200u,emailservice-66944ff59-2lcjl,10,95
22:57:29,200u,frontend-7bd6f45654-przgb,107,38
22:57:29,200u,frontend-7bd6f45654-s2s7z,123,57
22:57:29,200u,frontend-7bd6f45654-vfxkp,90,37
22:57:29,200u,paymentservice-9bfb7bf5-kgd56,8,115
22:57:29,200u,productcatalogservice-65bbf699df-j2fmg,113,44
22:57:29,200u,recommendationservice-7444754ff5-n8cbh,200,61
22:57:29,200u,redis-cart-c8ff86559-kcf44,8,37
22:57:29,200u,shippingservice-f956b6d9f-w7n4b,20,35
22:57:34,200u,adservice-574bff445c-qb9cj,63,299
22:57:34,200u,cartservice-7c84fdfb6-m5m6d,105,188
22:57:34,200u,checkoutservice-5b6d96c9b7-45rkr,18,38
22:57:34,200u,currencyservice-7c8fc8fc9c-4hm9g,131,124
22:57:34,200u,currencyservice-7c8fc8fc9c-5frj9,1,80
22:57:34,200u,currencyservice-7c8fc8fc9c-mgwx9,105,111
22:57:34,200u,emailservice-66944ff59-2lcjl,10,95
22:57:34,200u,frontend-7bd6f45654-przgb,107,38
22:57:34,200u,frontend-7bd6f45654-s2s7z,123,57
22:57:34,200u,frontend-7bd6f45654-vfxkp,90,37
22:57:34,200u,paymentservice-9bfb7bf5-kgd56,8,115
22:57:34,200u,productcatalogservice-65bbf699df-j2fmg,113,44
22:57:34,200u,recommendationservice-7444754ff5-n8cbh,200,61
22:57:34,200u,redis-cart-c8ff86559-kcf44,8,37
22:57:34,200u,shippingservice-f956b6d9f-w7n4b,20,35
22:57:37,200u,adservice-574bff445c-qb9cj,225,143
22:57:37,200u,cartservice-7c84fdfb6-m5m6d,184,188
22:57:37,200u,checkoutservice-5b6d96c9b7-45rkr,60,38
22:57:37,200u,currencyservice-7c8fc8fc9c-4hm9g,183,125
22:57:37,200u,currencyservice-7c8fc8fc9c-5frj9,2,80
22:57:37,200u,currencyservice-7c8fc8fc9c-mgwx9,170,111
22:57:37,200u,emailservice-66944ff59-2lcjl,31,95
22:57:37,200u,frontend-7bd6f45654-przgb,156,38
22:57:37,200u,frontend-7bd6f45654-s2s7z,169,57
22:57:37,200u,frontend-7bd6f45654-vfxkp,149,37
22:57:37,200u,paymentservice-9bfb7bf5-kgd56,22,115
22:57:37,200u,productcatalogservice-65bbf699df-j2fmg,118,44
22:57:37,200u,recommendationservice-7444754ff5-n8cbh,161,60
22:57:37,200u,redis-cart-c8ff86559-kcf44,17,37
22:57:37,200u,shippingservice-f956b6d9f-w7n4b,37,35
22:57:39,200u,adservice-574bff445c-qb9cj,225,143
22:57:39,200u,cartservice-7c84fdfb6-m5m6d,184,188
22:57:39,200u,checkoutservice-5b6d96c9b7-45rkr,60,38
22:57:39,200u,currencyservice-7c8fc8fc9c-4hm9g,183,125
22:57:39,200u,currencyservice-7c8fc8fc9c-5frj9,2,80
22:57:39,200u,currencyservice-7c8fc8fc9c-mgwx9,170,111
22:57:39,200u,emailservice-66944ff59-2lcjl,31,95
22:57:39,200u,frontend-7bd6f45654-przgb,156,38
22:57:39,200u,frontend-7bd6f45654-s2s7z,169,57
22:57:39,200u,frontend-7bd6f45654-vfxkp,149,37
22:57:39,200u,paymentservice-9bfb7bf5-kgd56,22,115
22:57:39,200u,productcatalogservice-65bbf699df-j2fmg,118,44
22:57:39,200u,recommendationservice-7444754ff5-n8cbh,161,60
22:57:39,200u,redis-cart-c8ff86559-kcf44,17,37
22:57:39,200u,shippingservice-f956b6d9f-w7n4b,37,35
22:57:44,200u,adservice-574bff445c-qb9cj,225,143
22:57:44,200u,cartservice-7c84fdfb6-m5m6d,184,188
22:57:44,200u,checkoutservice-5b6d96c9b7-45rkr,60,38
22:57:44,200u,currencyservice-7c8fc8fc9c-4hm9g,183,125
22:57:44,200u,currencyservice-7c8fc8fc9c-5frj9,2,80
22:57:44,200u,currencyservice-7c8fc8fc9c-mgwx9,170,111
22:57:44,200u,emailservice-66944ff59-2lcjl,31,95
22:57:44,200u,frontend-7bd6f45654-przgb,156,38
22:57:44,200u,frontend-7bd6f45654-s2s7z,169,57
22:57:44,200u,frontend-7bd6f45654-vfxkp,149,37
22:57:44,200u,paymentservice-9bfb7bf5-kgd56,22,115
22:57:44,200u,productcatalogservice-65bbf699df-j2fmg,118,44
22:57:44,200u,recommendationservice-7444754ff5-n8cbh,161,60
22:57:44,200u,redis-cart-c8ff86559-kcf44,17,37
22:57:44,200u,shippingservice-f956b6d9f-w7n4b,37,35
22:57:47,200u,adservice-574bff445c-qb9cj,225,143
22:57:47,200u,cartservice-7c84fdfb6-m5m6d,184,188
22:57:47,200u,checkoutservice-5b6d96c9b7-45rkr,60,38
22:57:47,200u,currencyservice-7c8fc8fc9c-4hm9g,183,125
22:57:47,200u,currencyservice-7c8fc8fc9c-5frj9,2,80
22:57:47,200u,currencyservice-7c8fc8fc9c-mgwx9,170,111
22:57:47,200u,emailservice-66944ff59-2lcjl,31,95
22:57:47,200u,frontend-7bd6f45654-przgb,156,38
22:57:47,200u,frontend-7bd6f45654-s2s7z,169,57
22:57:47,200u,frontend-7bd6f45654-vfxkp,149,37
22:57:47,200u,paymentservice-9bfb7bf5-kgd56,22,115
22:57:47,200u,productcatalogservice-65bbf699df-j2fmg,118,44
22:57:47,200u,recommendationservice-7444754ff5-n8cbh,161,60
22:57:47,200u,redis-cart-c8ff86559-kcf44,17,37
22:57:47,200u,shippingservice-f956b6d9f-w7n4b,37,35
22:57:50,200u,adservice-574bff445c-qb9cj,45,160
22:57:50,200u,cartservice-7c84fdfb6-m5m6d,20,188
22:57:50,200u,checkoutservice-5b6d96c9b7-45rkr,3,38
22:57:50,200u,currencyservice-7c8fc8fc9c-4hm9g,20,125
22:57:50,200u,currencyservice-7c8fc8fc9c-5frj9,2,81
22:57:50,200u,currencyservice-7c8fc8fc9c-mgwx9,17,111
22:57:50,200u,emailservice-66944ff59-2lcjl,5,95
22:57:50,200u,frontend-7bd6f45654-przgb,18,37
22:57:50,200u,frontend-7bd6f45654-s2s7z,20,57
22:57:50,200u,frontend-7bd6f45654-vfxkp,13,37
22:57:50,200u,paymentservice-9bfb7bf5-kgd56,2,115
22:57:50,200u,productcatalogservice-65bbf699df-j2fmg,17,44
22:57:50,200u,recommendationservice-7444754ff5-n8cbh,35,58
22:57:50,200u,redis-cart-c8ff86559-kcf44,5,37
22:57:50,200u,shippingservice-f956b6d9f-w7n4b,4,35
22:57:54,200u,adservice-574bff445c-qb9cj,45,160
22:57:54,200u,cartservice-7c84fdfb6-m5m6d,20,188
22:57:54,200u,checkoutservice-5b6d96c9b7-45rkr,3,38
22:57:54,200u,currencyservice-7c8fc8fc9c-4hm9g,20,125
22:57:54,200u,currencyservice-7c8fc8fc9c-5frj9,2,81
22:57:54,200u,currencyservice-7c8fc8fc9c-mgwx9,17,111
22:57:54,200u,emailservice-66944ff59-2lcjl,5,95
22:57:54,200u,frontend-7bd6f45654-przgb,18,37
22:57:54,200u,frontend-7bd6f45654-s2s7z,20,57
22:57:54,200u,frontend-7bd6f45654-vfxkp,13,37
22:57:54,200u,paymentservice-9bfb7bf5-kgd56,2,115
22:57:54,200u,productcatalogservice-65bbf699df-j2fmg,17,44
22:57:54,200u,recommendationservice-7444754ff5-n8cbh,35,58
22:57:54,200u,redis-cart-c8ff86559-kcf44,5,37
22:57:54,200u,shippingservice-f956b6d9f-w7n4b,4,35
22:57:58,200u,adservice-574bff445c-qb9cj,45,160
22:57:58,200u,cartservice-7c84fdfb6-m5m6d,20,188
22:57:58,200u,checkoutservice-5b6d96c9b7-45rkr,3,38
22:57:58,200u,currencyservice-7c8fc8fc9c-4hm9g,20,125
22:57:58,200u,currencyservice-7c8fc8fc9c-5frj9,2,81
22:57:58,200u,currencyservice-7c8fc8fc9c-mgwx9,17,111
22:57:58,200u,emailservice-66944ff59-2lcjl,5,95
22:57:58,200u,frontend-7bd6f45654-przgb,18,37
22:57:58,200u,frontend-7bd6f45654-s2s7z,20,57
22:57:58,200u,frontend-7bd6f45654-vfxkp,13,37
22:57:58,200u,paymentservice-9bfb7bf5-kgd56,2,115
22:57:58,200u,productcatalogservice-65bbf699df-j2fmg,17,44
22:57:58,200u,recommendationservice-7444754ff5-n8cbh,35,58
22:57:58,200u,redis-cart-c8ff86559-kcf44,5,37
22:57:58,200u,shippingservice-f956b6d9f-w7n4b,4,35
22:58:00,200u,adservice-574bff445c-qb9cj,45,160
22:58:00,200u,cartservice-7c84fdfb6-m5m6d,20,188
22:58:00,200u,checkoutservice-5b6d96c9b7-45rkr,3,38
22:58:00,200u,currencyservice-7c8fc8fc9c-4hm9g,20,125
22:58:00,200u,currencyservice-7c8fc8fc9c-5frj9,2,81
22:58:00,200u,currencyservice-7c8fc8fc9c-mgwx9,17,111
22:58:00,200u,emailservice-66944ff59-2lcjl,5,95
22:58:00,200u,frontend-7bd6f45654-przgb,18,37
22:58:00,200u,frontend-7bd6f45654-s2s7z,20,57
22:58:00,200u,frontend-7bd6f45654-vfxkp,13,37
22:58:00,200u,paymentservice-9bfb7bf5-kgd56,2,115
22:58:00,200u,productcatalogservice-65bbf699df-j2fmg,17,44
22:58:00,200u,recommendationservice-7444754ff5-n8cbh,35,58
22:58:00,200u,redis-cart-c8ff86559-kcf44,5,37
22:58:00,200u,shippingservice-f956b6d9f-w7n4b,4,35
22:58:04,200u,adservice-574bff445c-qb9cj,45,160
22:58:04,200u,cartservice-7c84fdfb6-m5m6d,20,188
22:58:04,200u,checkoutservice-5b6d96c9b7-45rkr,3,38
22:58:04,200u,currencyservice-7c8fc8fc9c-4hm9g,20,125
22:58:04,200u,currencyservice-7c8fc8fc9c-5frj9,2,81
22:58:04,200u,currencyservice-7c8fc8fc9c-mgwx9,17,111
22:58:04,200u,emailservice-66944ff59-2lcjl,5,95
22:58:04,200u,frontend-7bd6f45654-przgb,18,37
22:58:04,200u,frontend-7bd6f45654-s2s7z,20,57
22:58:04,200u,frontend-7bd6f45654-vfxkp,13,37
22:58:04,200u,paymentservice-9bfb7bf5-kgd56,2,115
22:58:04,200u,productcatalogservice-65bbf699df-j2fmg,17,44
22:58:04,200u,recommendationservice-7444754ff5-n8cbh,35,58
22:58:04,200u,redis-cart-c8ff86559-kcf44,5,37
22:58:04,200u,shippingservice-f956b6d9f-w7n4b,4,35
22:58:08,200u,adservice-574bff445c-qb9cj,10,163
22:58:08,200u,cartservice-7c84fdfb6-m5m6d,4,188
22:58:08,200u,checkoutservice-5b6d96c9b7-45rkr,1,38
22:58:08,200u,currencyservice-7c8fc8fc9c-4hm9g,1,125
22:58:08,200u,currencyservice-7c8fc8fc9c-5frj9,2,81
22:58:08,200u,currencyservice-7c8fc8fc9c-mgwx9,2,111
22:58:08,200u,emailservice-66944ff59-2lcjl,5,95
22:58:08,200u,frontend-7bd6f45654-przgb,2,36
22:58:08,200u,frontend-7bd6f45654-s2s7z,2,55
22:58:08,200u,frontend-7bd6f45654-vfxkp,1,37
22:58:08,200u,paymentservice-9bfb7bf5-kgd56,2,115
22:58:08,200u,productcatalogservice-65bbf699df-j2fmg,1,44
22:58:08,200u,recommendationservice-7444754ff5-n8cbh,5,58
22:58:08,200u,redis-cart-c8ff86559-kcf44,3,37
22:58:08,200u,shippingservice-f956b6d9f-w7n4b,1,35
22:58:10,200u,adservice-574bff445c-qb9cj,10,163
22:58:10,200u,cartservice-7c84fdfb6-m5m6d,4,188
22:58:10,200u,checkoutservice-5b6d96c9b7-45rkr,1,38
22:58:10,200u,currencyservice-7c8fc8fc9c-4hm9g,1,125
22:58:10,200u,currencyservice-7c8fc8fc9c-5frj9,2,81
22:58:10,200u,currencyservice-7c8fc8fc9c-mgwx9,2,111
22:58:10,200u,emailservice-66944ff59-2lcjl,5,95
22:58:10,200u,frontend-7bd6f45654-przgb,2,36
22:58:10,200u,frontend-7bd6f45654-s2s7z,2,55
22:58:10,200u,frontend-7bd6f45654-vfxkp,1,37
22:58:10,200u,paymentservice-9bfb7bf5-kgd56,2,115
22:58:10,200u,productcatalogservice-65bbf699df-j2fmg,1,44
22:58:10,200u,recommendationservice-7444754ff5-n8cbh,5,58
22:58:10,200u,redis-cart-c8ff86559-kcf44,3,37
22:58:10,200u,shippingservice-f956b6d9f-w7n4b,1,35
22:58:14,200u,adservice-574bff445c-qb9cj,10,163
22:58:14,200u,cartservice-7c84fdfb6-m5m6d,4,188
22:58:14,200u,checkoutservice-5b6d96c9b7-45rkr,1,38
22:58:14,200u,currencyservice-7c8fc8fc9c-4hm9g,1,125
22:58:14,200u,currencyservice-7c8fc8fc9c-5frj9,2,81
22:58:14,200u,currencyservice-7c8fc8fc9c-mgwx9,2,111
22:58:14,200u,emailservice-66944ff59-2lcjl,5,95
22:58:14,200u,frontend-7bd6f45654-przgb,2,36
22:58:14,200u,frontend-7bd6f45654-s2s7z,2,55
22:58:14,200u,frontend-7bd6f45654-vfxkp,1,37
22:58:14,200u,paymentservice-9bfb7bf5-kgd56,2,115
22:58:14,200u,productcatalogservice-65bbf699df-j2fmg,1,44
22:58:14,200u,recommendationservice-7444754ff5-n8cbh,5,58
22:58:14,200u,redis-cart-c8ff86559-kcf44,3,37
22:58:14,200u,shippingservice-f956b6d9f-w7n4b,1,35
22:58:18,200u,adservice-574bff445c-qb9cj,10,163
22:58:18,200u,cartservice-7c84fdfb6-m5m6d,4,188
22:58:18,200u,checkoutservice-5b6d96c9b7-45rkr,1,38
22:58:18,200u,currencyservice-7c8fc8fc9c-4hm9g,1,125
22:58:18,200u,currencyservice-7c8fc8fc9c-5frj9,2,81
22:58:18,200u,currencyservice-7c8fc8fc9c-mgwx9,2,111
22:58:18,200u,emailservice-66944ff59-2lcjl,5,95
22:58:18,200u,frontend-7bd6f45654-przgb,2,36
22:58:18,200u,frontend-7bd6f45654-s2s7z,2,55
22:58:18,200u,frontend-7bd6f45654-vfxkp,1,37
22:58:18,200u,paymentservice-9bfb7bf5-kgd56,2,115
22:58:18,200u,productcatalogservice-65bbf699df-j2fmg,1,44
22:58:18,200u,recommendationservice-7444754ff5-n8cbh,5,58
22:58:18,200u,redis-cart-c8ff86559-kcf44,3,37
22:58:18,200u,shippingservice-f956b6d9f-w7n4b,1,35
22:58:20,200u,adservice-574bff445c-qb9cj,9,163
22:58:20,200u,cartservice-7c84fdfb6-m5m6d,3,188
22:58:20,200u,checkoutservice-5b6d96c9b7-45rkr,1,38
22:58:20,200u,currencyservice-7c8fc8fc9c-4hm9g,1,125
22:58:20,200u,currencyservice-7c8fc8fc9c-5frj9,2,81
22:58:20,200u,currencyservice-7c8fc8fc9c-mgwx9,2,111
22:58:20,200u,emailservice-66944ff59-2lcjl,5,95
22:58:20,200u,frontend-7bd6f45654-przgb,1,36
22:58:20,200u,frontend-7bd6f45654-s2s7z,1,55
22:58:20,200u,frontend-7bd6f45654-vfxkp,1,37
22:58:20,200u,paymentservice-9bfb7bf5-kgd56,2,115
22:58:20,200u,productcatalogservice-65bbf699df-j2fmg,1,44
22:58:20,200u,recommendationservice-7444754ff5-n8cbh,5,58
22:58:20,200u,redis-cart-c8ff86559-kcf44,3,37
22:58:20,200u,shippingservice-f956b6d9f-w7n4b,2,35
22:58:24,200u,adservice-574bff445c-qb9cj,9,163
22:58:24,200u,cartservice-7c84fdfb6-m5m6d,3,188
22:58:24,200u,checkoutservice-5b6d96c9b7-45rkr,1,38
22:58:24,200u,currencyservice-7c8fc8fc9c-4hm9g,1,125
22:58:24,200u,currencyservice-7c8fc8fc9c-5frj9,2,81
22:58:24,200u,currencyservice-7c8fc8fc9c-mgwx9,2,111
22:58:24,200u,emailservice-66944ff59-2lcjl,5,95
22:58:24,200u,frontend-7bd6f45654-przgb,1,36
22:58:24,200u,frontend-7bd6f45654-s2s7z,1,55
22:58:24,200u,frontend-7bd6f45654-vfxkp,1,37
22:58:24,200u,paymentservice-9bfb7bf5-kgd56,2,115
22:58:24,200u,productcatalogservice-65bbf699df-j2fmg,1,44
22:58:24,200u,recommendationservice-7444754ff5-n8cbh,5,58
22:58:24,200u,redis-cart-c8ff86559-kcf44,3,37
22:58:24,200u,shippingservice-f956b6d9f-w7n4b,2,35
22:58:28,200u,adservice-574bff445c-qb9cj,9,163
22:58:28,200u,cartservice-7c84fdfb6-m5m6d,3,188
22:58:28,200u,checkoutservice-5b6d96c9b7-45rkr,1,38
22:58:28,200u,currencyservice-7c8fc8fc9c-4hm9g,1,125
22:58:28,200u,currencyservice-7c8fc8fc9c-5frj9,2,81
22:58:28,200u,currencyservice-7c8fc8fc9c-mgwx9,2,111
22:58:28,200u,emailservice-66944ff59-2lcjl,5,95
22:58:28,200u,frontend-7bd6f45654-przgb,1,36
22:58:28,200u,frontend-7bd6f45654-s2s7z,1,55
22:58:28,200u,frontend-7bd6f45654-vfxkp,1,37
22:58:28,200u,paymentservice-9bfb7bf5-kgd56,2,115
22:58:28,200u,productcatalogservice-65bbf699df-j2fmg,1,44
22:58:28,200u,recommendationservice-7444754ff5-n8cbh,5,58
22:58:28,200u,redis-cart-c8ff86559-kcf44,3,37
22:58:28,200u,shippingservice-f956b6d9f-w7n4b,2,35
22:58:30,200u,adservice-574bff445c-qb9cj,9,163
22:58:30,200u,cartservice-7c84fdfb6-m5m6d,3,188
22:58:30,200u,checkoutservice-5b6d96c9b7-45rkr,1,38
22:58:30,200u,currencyservice-7c8fc8fc9c-4hm9g,1,125
22:58:30,200u,currencyservice-7c8fc8fc9c-5frj9,2,81
22:58:30,200u,currencyservice-7c8fc8fc9c-mgwx9,2,111
22:58:30,200u,emailservice-66944ff59-2lcjl,5,95
22:58:30,200u,frontend-7bd6f45654-przgb,1,36
22:58:30,200u,frontend-7bd6f45654-s2s7z,1,55
22:58:30,200u,frontend-7bd6f45654-vfxkp,1,37
22:58:30,200u,paymentservice-9bfb7bf5-kgd56,2,115
22:58:30,200u,productcatalogservice-65bbf699df-j2fmg,1,44
22:58:30,200u,recommendationservice-7444754ff5-n8cbh,5,58
22:58:30,200u,redis-cart-c8ff86559-kcf44,3,37
22:58:30,200u,shippingservice-f956b6d9f-w7n4b,2,35
22:58:35,200u,adservice-574bff445c-qb9cj,5,163
22:58:35,200u,cartservice-7c84fdfb6-m5m6d,2,188
22:58:35,200u,checkoutservice-5b6d96c9b7-45rkr,1,39
22:58:35,200u,currencyservice-7c8fc8fc9c-4hm9g,10,119
22:58:35,200u,currencyservice-7c8fc8fc9c-5frj9,3,80
22:58:35,200u,currencyservice-7c8fc8fc9c-mgwx9,2,111
22:58:35,200u,emailservice-66944ff59-2lcjl,4,95
22:58:35,200u,frontend-7bd6f45654-przgb,2,36
22:58:35,200u,frontend-7bd6f45654-s2s7z,2,55
22:58:35,200u,frontend-7bd6f45654-vfxkp,1,37
22:58:35,200u,paymentservice-9bfb7bf5-kgd56,1,115
22:58:35,200u,productcatalogservice-65bbf699df-j2fmg,2,44
22:58:35,200u,recommendationservice-7444754ff5-n8cbh,4,58
22:58:35,200u,redis-cart-c8ff86559-kcf44,3,37
22:58:35,200u,shippingservice-f956b6d9f-w7n4b,1,35
22:58:38,300u,adservice-574bff445c-qb9cj,5,163
22:58:38,300u,cartservice-7c84fdfb6-m5m6d,2,188
22:58:38,300u,checkoutservice-5b6d96c9b7-45rkr,1,39
22:58:38,300u,currencyservice-7c8fc8fc9c-4hm9g,10,119
22:58:38,300u,currencyservice-7c8fc8fc9c-5frj9,3,80
22:58:38,300u,currencyservice-7c8fc8fc9c-mgwx9,2,111
22:58:38,300u,emailservice-66944ff59-2lcjl,4,95
22:58:38,300u,frontend-7bd6f45654-przgb,2,36
22:58:38,300u,frontend-7bd6f45654-s2s7z,2,55
22:58:38,300u,frontend-7bd6f45654-vfxkp,1,37
22:58:38,300u,paymentservice-9bfb7bf5-kgd56,1,115
22:58:38,300u,productcatalogservice-65bbf699df-j2fmg,2,44
22:58:38,300u,recommendationservice-7444754ff5-n8cbh,4,58
22:58:38,300u,redis-cart-c8ff86559-kcf44,3,37
22:58:38,300u,shippingservice-f956b6d9f-w7n4b,1,35
22:58:40,300u,adservice-574bff445c-qb9cj,5,163
22:58:40,300u,cartservice-7c84fdfb6-m5m6d,2,188
22:58:40,300u,checkoutservice-5b6d96c9b7-45rkr,1,39
22:58:40,300u,currencyservice-7c8fc8fc9c-4hm9g,10,119
22:58:40,300u,currencyservice-7c8fc8fc9c-5frj9,3,80
22:58:40,300u,currencyservice-7c8fc8fc9c-mgwx9,2,111
22:58:40,300u,emailservice-66944ff59-2lcjl,4,95
22:58:40,300u,frontend-7bd6f45654-przgb,2,36
22:58:40,300u,frontend-7bd6f45654-s2s7z,2,55
22:58:40,300u,frontend-7bd6f45654-vfxkp,1,37
22:58:40,300u,paymentservice-9bfb7bf5-kgd56,1,115
22:58:40,300u,productcatalogservice-65bbf699df-j2fmg,2,44
22:58:40,300u,recommendationservice-7444754ff5-n8cbh,4,58
22:58:40,300u,redis-cart-c8ff86559-kcf44,3,37
22:58:40,300u,shippingservice-f956b6d9f-w7n4b,1,35
22:58:45,300u,adservice-574bff445c-qb9cj,5,163
22:58:45,300u,cartservice-7c84fdfb6-m5m6d,2,188
22:58:45,300u,checkoutservice-5b6d96c9b7-45rkr,1,39
22:58:45,300u,currencyservice-7c8fc8fc9c-4hm9g,10,119
22:58:45,300u,currencyservice-7c8fc8fc9c-5frj9,3,80
22:58:45,300u,currencyservice-7c8fc8fc9c-mgwx9,2,111
22:58:45,300u,emailservice-66944ff59-2lcjl,4,95
22:58:45,300u,frontend-7bd6f45654-przgb,2,36
22:58:45,300u,frontend-7bd6f45654-s2s7z,2,55
22:58:45,300u,frontend-7bd6f45654-vfxkp,1,37
22:58:45,300u,paymentservice-9bfb7bf5-kgd56,1,115
22:58:45,300u,productcatalogservice-65bbf699df-j2fmg,2,44
22:58:45,300u,recommendationservice-7444754ff5-n8cbh,4,58
22:58:45,300u,redis-cart-c8ff86559-kcf44,3,37
22:58:45,300u,shippingservice-f956b6d9f-w7n4b,1,35
22:58:48,300u,adservice-574bff445c-qb9cj,5,163
22:58:48,300u,cartservice-7c84fdfb6-m5m6d,2,188
22:58:48,300u,checkoutservice-5b6d96c9b7-45rkr,1,39
22:58:48,300u,currencyservice-7c8fc8fc9c-4hm9g,10,119
22:58:48,300u,currencyservice-7c8fc8fc9c-5frj9,3,80
22:58:48,300u,currencyservice-7c8fc8fc9c-mgwx9,2,111
22:58:48,300u,emailservice-66944ff59-2lcjl,4,95
22:58:48,300u,frontend-7bd6f45654-przgb,2,36
22:58:48,300u,frontend-7bd6f45654-s2s7z,2,55
22:58:48,300u,frontend-7bd6f45654-vfxkp,1,37
22:58:48,300u,paymentservice-9bfb7bf5-kgd56,1,115
22:58:48,300u,productcatalogservice-65bbf699df-j2fmg,2,44
22:58:48,300u,recommendationservice-7444754ff5-n8cbh,4,58
22:58:48,300u,redis-cart-c8ff86559-kcf44,3,37
22:58:48,300u,shippingservice-f956b6d9f-w7n4b,1,35
22:58:50,300u,adservice-574bff445c-qb9cj,160,218
22:58:50,300u,cartservice-7c84fdfb6-m5m6d,31,188
22:58:50,300u,checkoutservice-5b6d96c9b7-45rkr,6,38
22:58:50,300u,currencyservice-7c8fc8fc9c-4hm9g,52,119
22:58:50,300u,currencyservice-7c8fc8fc9c-5frj9,2,80
22:58:50,300u,currencyservice-7c8fc8fc9c-mgwx9,15,111
22:58:50,300u,emailservice-66944ff59-2lcjl,6,95
22:58:50,300u,frontend-7bd6f45654-przgb,39,35
22:58:50,300u,frontend-7bd6f45654-s2s7z,13,53
22:58:50,300u,frontend-7bd6f45654-vfxkp,35,34
22:58:50,300u,paymentservice-9bfb7bf5-kgd56,4,115
22:58:50,300u,productcatalogservice-65bbf699df-j2fmg,33,44
22:58:50,300u,recommendationservice-7444754ff5-n8cbh,55,58
22:58:50,300u,redis-cart-c8ff86559-kcf44,5,37
22:58:50,300u,shippingservice-f956b6d9f-w7n4b,6,35
22:58:55,300u,adservice-574bff445c-qb9cj,160,218
22:58:55,300u,cartservice-7c84fdfb6-m5m6d,31,188
22:58:55,300u,checkoutservice-5b6d96c9b7-45rkr,6,38
22:58:55,300u,currencyservice-7c8fc8fc9c-4hm9g,52,119
22:58:55,300u,currencyservice-7c8fc8fc9c-5frj9,2,80
22:58:55,300u,currencyservice-7c8fc8fc9c-mgwx9,15,111
22:58:55,300u,emailservice-66944ff59-2lcjl,6,95
22:58:55,300u,frontend-7bd6f45654-przgb,39,35
22:58:55,300u,frontend-7bd6f45654-s2s7z,13,53
22:58:55,300u,frontend-7bd6f45654-vfxkp,35,34
22:58:55,300u,paymentservice-9bfb7bf5-kgd56,4,115
22:58:55,300u,productcatalogservice-65bbf699df-j2fmg,33,44
22:58:55,300u,recommendationservice-7444754ff5-n8cbh,55,58
22:58:55,300u,redis-cart-c8ff86559-kcf44,5,37
22:58:55,300u,shippingservice-f956b6d9f-w7n4b,6,35
22:58:58,300u,adservice-574bff445c-qb9cj,160,218
22:58:58,300u,cartservice-7c84fdfb6-m5m6d,31,188
22:58:58,300u,checkoutservice-5b6d96c9b7-45rkr,6,38
22:58:58,300u,currencyservice-7c8fc8fc9c-4hm9g,52,119
22:58:58,300u,currencyservice-7c8fc8fc9c-5frj9,2,80
22:58:58,300u,currencyservice-7c8fc8fc9c-mgwx9,15,111
22:58:58,300u,emailservice-66944ff59-2lcjl,6,95
22:58:58,300u,frontend-7bd6f45654-przgb,39,35
22:58:58,300u,frontend-7bd6f45654-s2s7z,13,53
22:58:58,300u,frontend-7bd6f45654-vfxkp,35,34
22:58:58,300u,paymentservice-9bfb7bf5-kgd56,4,115
22:58:58,300u,productcatalogservice-65bbf699df-j2fmg,33,44
22:58:58,300u,recommendationservice-7444754ff5-n8cbh,55,58
22:58:58,300u,redis-cart-c8ff86559-kcf44,5,37
22:58:58,300u,shippingservice-f956b6d9f-w7n4b,6,35
22:59:00,300u,adservice-574bff445c-qb9cj,160,218
22:59:00,300u,cartservice-7c84fdfb6-m5m6d,31,188
22:59:00,300u,checkoutservice-5b6d96c9b7-45rkr,6,38
22:59:00,300u,currencyservice-7c8fc8fc9c-4hm9g,52,119
22:59:00,300u,currencyservice-7c8fc8fc9c-5frj9,2,80
22:59:00,300u,currencyservice-7c8fc8fc9c-mgwx9,15,111
22:59:00,300u,emailservice-66944ff59-2lcjl,6,95
22:59:00,300u,frontend-7bd6f45654-przgb,39,35
22:59:00,300u,frontend-7bd6f45654-s2s7z,13,53
22:59:00,300u,frontend-7bd6f45654-vfxkp,35,34
22:59:00,300u,paymentservice-9bfb7bf5-kgd56,4,115
22:59:00,300u,productcatalogservice-65bbf699df-j2fmg,33,44
22:59:00,300u,recommendationservice-7444754ff5-n8cbh,55,58
22:59:00,300u,redis-cart-c8ff86559-kcf44,5,37
22:59:00,300u,shippingservice-f956b6d9f-w7n4b,6,35
22:59:05,300u,adservice-574bff445c-qb9cj,218,267
22:59:05,300u,cartservice-7c84fdfb6-m5m6d,86,188
22:59:05,300u,checkoutservice-5b6d96c9b7-45rkr,16,38
22:59:05,300u,currencyservice-7c8fc8fc9c-4hm9g,128,121
22:59:05,300u,currencyservice-7c8fc8fc9c-5frj9,2,81
22:59:05,300u,currencyservice-7c8fc8fc9c-mgwx9,61,112
22:59:05,300u,emailservice-66944ff59-2lcjl,10,95
22:59:05,300u,frontend-7bd6f45654-przgb,117,35
22:59:05,300u,frontend-7bd6f45654-s2s7z,65,53
22:59:05,300u,frontend-7bd6f45654-vfxkp,78,35
22:59:05,300u,paymentservice-9bfb7bf5-kgd56,7,115
22:59:05,300u,productcatalogservice-65bbf699df-j2fmg,94,44
22:59:05,300u,recommendationservice-7444754ff5-n8cbh,157,58
22:59:05,300u,redis-cart-c8ff86559-kcf44,7,37
22:59:05,300u,shippingservice-f956b6d9f-w7n4b,15,35
22:59:08,300u,adservice-574bff445c-qb9cj,218,267
22:59:08,300u,cartservice-7c84fdfb6-m5m6d,86,188
22:59:08,300u,checkoutservice-5b6d96c9b7-45rkr,16,38
22:59:08,300u,currencyservice-7c8fc8fc9c-4hm9g,128,121
22:59:08,300u,currencyservice-7c8fc8fc9c-5frj9,2,81
22:59:08,300u,currencyservice-7c8fc8fc9c-mgwx9,61,112
22:59:08,300u,emailservice-66944ff59-2lcjl,10,95
22:59:08,300u,frontend-7bd6f45654-przgb,117,35
22:59:08,300u,frontend-7bd6f45654-s2s7z,65,53
22:59:08,300u,frontend-7bd6f45654-vfxkp,78,35
22:59:08,300u,paymentservice-9bfb7bf5-kgd56,7,115
22:59:08,300u,productcatalogservice-65bbf699df-j2fmg,94,44
22:59:08,300u,recommendationservice-7444754ff5-n8cbh,157,58
22:59:08,300u,redis-cart-c8ff86559-kcf44,7,37
22:59:08,300u,shippingservice-f956b6d9f-w7n4b,15,35
22:59:10,300u,adservice-574bff445c-qb9cj,218,267
22:59:10,300u,cartservice-7c84fdfb6-m5m6d,86,188
22:59:10,300u,checkoutservice-5b6d96c9b7-45rkr,16,38
22:59:10,300u,currencyservice-7c8fc8fc9c-4hm9g,128,121
22:59:10,300u,currencyservice-7c8fc8fc9c-5frj9,2,81
22:59:10,300u,currencyservice-7c8fc8fc9c-mgwx9,61,112
22:59:10,300u,emailservice-66944ff59-2lcjl,10,95
22:59:10,300u,frontend-7bd6f45654-przgb,117,35
22:59:10,300u,frontend-7bd6f45654-s2s7z,65,53
22:59:10,300u,frontend-7bd6f45654-vfxkp,78,35
22:59:10,300u,paymentservice-9bfb7bf5-kgd56,7,115
22:59:10,300u,productcatalogservice-65bbf699df-j2fmg,94,44
22:59:10,300u,recommendationservice-7444754ff5-n8cbh,157,58
22:59:10,300u,redis-cart-c8ff86559-kcf44,7,37
22:59:10,300u,shippingservice-f956b6d9f-w7n4b,15,35
22:59:15,300u,adservice-574bff445c-qb9cj,218,267
22:59:15,300u,cartservice-7c84fdfb6-m5m6d,86,188
22:59:15,300u,checkoutservice-5b6d96c9b7-45rkr,16,38
22:59:15,300u,currencyservice-7c8fc8fc9c-4hm9g,128,121
22:59:15,300u,currencyservice-7c8fc8fc9c-5frj9,2,81
22:59:15,300u,currencyservice-7c8fc8fc9c-mgwx9,61,112
22:59:15,300u,emailservice-66944ff59-2lcjl,10,95
22:59:15,300u,frontend-7bd6f45654-przgb,117,35
22:59:15,300u,frontend-7bd6f45654-s2s7z,65,53
22:59:15,300u,frontend-7bd6f45654-vfxkp,78,35
22:59:15,300u,paymentservice-9bfb7bf5-kgd56,7,115
22:59:15,300u,productcatalogservice-65bbf699df-j2fmg,94,44
22:59:15,300u,recommendationservice-7444754ff5-n8cbh,157,58
22:59:15,300u,redis-cart-c8ff86559-kcf44,7,37
22:59:15,300u,shippingservice-f956b6d9f-w7n4b,15,35
22:59:18,300u,adservice-574bff445c-qb9cj,218,267
22:59:18,300u,cartservice-7c84fdfb6-m5m6d,86,188
22:59:18,300u,checkoutservice-5b6d96c9b7-45rkr,16,38
22:59:18,300u,currencyservice-7c8fc8fc9c-4hm9g,128,121
22:59:18,300u,currencyservice-7c8fc8fc9c-5frj9,2,81
22:59:18,300u,currencyservice-7c8fc8fc9c-mgwx9,61,112
22:59:18,300u,emailservice-66944ff59-2lcjl,10,95
22:59:18,300u,frontend-7bd6f45654-przgb,117,35
22:59:18,300u,frontend-7bd6f45654-s2s7z,65,53
22:59:18,300u,frontend-7bd6f45654-vfxkp,78,35
22:59:18,300u,paymentservice-9bfb7bf5-kgd56,7,115
22:59:18,300u,productcatalogservice-65bbf699df-j2fmg,94,44
22:59:18,300u,recommendationservice-7444754ff5-n8cbh,157,58
22:59:18,300u,redis-cart-c8ff86559-kcf44,7,37
22:59:18,300u,shippingservice-f956b6d9f-w7n4b,15,35
22:59:21,300u,adservice-574bff445c-qb9cj,122,265
22:59:21,300u,cartservice-7c84fdfb6-m5m6d,54,188
22:59:21,300u,checkoutservice-5b6d96c9b7-45rkr,10,38
22:59:21,300u,currencyservice-7c8fc8fc9c-4hm9g,92,120
22:59:21,300u,currencyservice-7c8fc8fc9c-5frj9,1,81
22:59:21,300u,currencyservice-7c8fc8fc9c-mgwx9,35,112
22:59:21,300u,emailservice-66944ff59-2lcjl,7,95
22:59:21,300u,frontend-7bd6f45654-przgb,81,35
22:59:21,300u,frontend-7bd6f45654-s2s7z,29,53
22:59:21,300u,frontend-7bd6f45654-vfxkp,48,34
22:59:21,300u,paymentservice-9bfb7bf5-kgd56,6,115
22:59:21,300u,productcatalogservice-65bbf699df-j2fmg,57,44
22:59:21,300u,recommendationservice-7444754ff5-n8cbh,96,58
22:59:21,300u,redis-cart-c8ff86559-kcf44,5,37
22:59:21,300u,shippingservice-f956b6d9f-w7n4b,10,35
22:59:25,300u,adservice-574bff445c-qb9cj,122,265
22:59:25,300u,cartservice-7c84fdfb6-m5m6d,54,188
22:59:25,300u,checkoutservice-5b6d96c9b7-45rkr,10,38
22:59:25,300u,currencyservice-7c8fc8fc9c-4hm9g,92,120
22:59:25,300u,currencyservice-7c8fc8fc9c-5frj9,1,81
22:59:25,300u,currencyservice-7c8fc8fc9c-mgwx9,35,112
22:59:25,300u,emailservice-66944ff59-2lcjl,7,95
22:59:25,300u,frontend-7bd6f45654-przgb,81,35
22:59:25,300u,frontend-7bd6f45654-s2s7z,29,53
22:59:25,300u,frontend-7bd6f45654-vfxkp,48,34
22:59:25,300u,paymentservice-9bfb7bf5-kgd56,6,115
22:59:25,300u,productcatalogservice-65bbf699df-j2fmg,57,44
22:59:25,300u,recommendationservice-7444754ff5-n8cbh,96,58
22:59:25,300u,redis-cart-c8ff86559-kcf44,5,37
22:59:25,300u,shippingservice-f956b6d9f-w7n4b,10,35
22:59:29,300u,adservice-574bff445c-qb9cj,122,265
22:59:29,300u,cartservice-7c84fdfb6-m5m6d,54,188
22:59:29,300u,checkoutservice-5b6d96c9b7-45rkr,10,38
22:59:29,300u,currencyservice-7c8fc8fc9c-4hm9g,92,120
22:59:29,300u,currencyservice-7c8fc8fc9c-5frj9,1,81
22:59:29,300u,currencyservice-7c8fc8fc9c-mgwx9,35,112
22:59:29,300u,emailservice-66944ff59-2lcjl,7,95
22:59:29,300u,frontend-7bd6f45654-przgb,81,35
22:59:29,300u,frontend-7bd6f45654-s2s7z,29,53
22:59:29,300u,frontend-7bd6f45654-vfxkp,48,34
22:59:29,300u,paymentservice-9bfb7bf5-kgd56,6,115
22:59:29,300u,productcatalogservice-65bbf699df-j2fmg,57,44
22:59:29,300u,recommendationservice-7444754ff5-n8cbh,96,58
22:59:29,300u,redis-cart-c8ff86559-kcf44,5,37
22:59:29,300u,shippingservice-f956b6d9f-w7n4b,10,35
22:59:31,300u,adservice-574bff445c-qb9cj,122,265
22:59:31,300u,cartservice-7c84fdfb6-m5m6d,54,188
22:59:31,300u,checkoutservice-5b6d96c9b7-45rkr,10,38
22:59:31,300u,currencyservice-7c8fc8fc9c-4hm9g,92,120
22:59:31,300u,currencyservice-7c8fc8fc9c-5frj9,1,81
22:59:31,300u,currencyservice-7c8fc8fc9c-mgwx9,35,112
22:59:31,300u,emailservice-66944ff59-2lcjl,7,95
22:59:31,300u,frontend-7bd6f45654-przgb,81,35
22:59:31,300u,frontend-7bd6f45654-s2s7z,29,53
22:59:31,300u,frontend-7bd6f45654-vfxkp,48,34
22:59:31,300u,paymentservice-9bfb7bf5-kgd56,6,115
22:59:31,300u,productcatalogservice-65bbf699df-j2fmg,57,44
22:59:31,300u,recommendationservice-7444754ff5-n8cbh,96,58
22:59:31,300u,redis-cart-c8ff86559-kcf44,5,37
22:59:31,300u,shippingservice-f956b6d9f-w7n4b,10,35
22:59:35,300u,adservice-574bff445c-qb9cj,118,271
22:59:35,300u,cartservice-7c84fdfb6-m5m6d,85,188
22:59:35,300u,checkoutservice-5b6d96c9b7-45rkr,17,38
22:59:35,300u,currencyservice-7c8fc8fc9c-4hm9g,130,123
22:59:35,300u,currencyservice-7c8fc8fc9c-5frj9,1,81
22:59:35,300u,currencyservice-7c8fc8fc9c-mgwx9,61,114
22:59:35,300u,emailservice-66944ff59-2lcjl,10,95
22:59:35,300u,frontend-7bd6f45654-przgb,101,35
22:59:35,300u,frontend-7bd6f45654-s2s7z,62,53
22:59:35,300u,frontend-7bd6f45654-vfxkp,99,35
22:59:35,300u,paymentservice-9bfb7bf5-kgd56,7,115
22:59:35,300u,productcatalogservice-65bbf699df-j2fmg,95,44
22:59:35,300u,recommendationservice-7444754ff5-n8cbh,162,58
22:59:35,300u,redis-cart-c8ff86559-kcf44,7,37
22:59:35,300u,shippingservice-f956b6d9f-w7n4b,17,35
22:59:39,300u,adservice-574bff445c-qb9cj,118,271
22:59:39,300u,cartservice-7c84fdfb6-m5m6d,85,188
22:59:39,300u,checkoutservice-5b6d96c9b7-45rkr,17,38
22:59:39,300u,currencyservice-7c8fc8fc9c-4hm9g,130,123
22:59:39,300u,currencyservice-7c8fc8fc9c-5frj9,1,81
22:59:39,300u,currencyservice-7c8fc8fc9c-mgwx9,61,114
22:59:39,300u,emailservice-66944ff59-2lcjl,10,95
22:59:39,300u,frontend-7bd6f45654-przgb,101,35
22:59:39,300u,frontend-7bd6f45654-s2s7z,62,53
22:59:39,300u,frontend-7bd6f45654-vfxkp,99,35
22:59:39,300u,paymentservice-9bfb7bf5-kgd56,7,115
22:59:39,300u,productcatalogservice-65bbf699df-j2fmg,95,44
22:59:39,300u,recommendationservice-7444754ff5-n8cbh,162,58
22:59:39,300u,redis-cart-c8ff86559-kcf44,7,37
22:59:39,300u,shippingservice-f956b6d9f-w7n4b,17,35
22:59:41,300u,adservice-574bff445c-qb9cj,118,271
22:59:41,300u,cartservice-7c84fdfb6-m5m6d,85,188
22:59:41,300u,checkoutservice-5b6d96c9b7-45rkr,17,38
22:59:41,300u,currencyservice-7c8fc8fc9c-4hm9g,130,123
22:59:41,300u,currencyservice-7c8fc8fc9c-5frj9,1,81
22:59:41,300u,currencyservice-7c8fc8fc9c-mgwx9,61,114
22:59:41,300u,emailservice-66944ff59-2lcjl,10,95
22:59:41,300u,frontend-7bd6f45654-przgb,101,35
22:59:41,300u,frontend-7bd6f45654-s2s7z,62,53
22:59:41,300u,frontend-7bd6f45654-vfxkp,99,35
22:59:41,300u,paymentservice-9bfb7bf5-kgd56,7,115
22:59:41,300u,productcatalogservice-65bbf699df-j2fmg,95,44
22:59:41,300u,recommendationservice-7444754ff5-n8cbh,162,58
22:59:41,300u,redis-cart-c8ff86559-kcf44,7,37
22:59:41,300u,shippingservice-f956b6d9f-w7n4b,17,35
22:59:45,300u,adservice-574bff445c-qb9cj,118,271
22:59:45,300u,cartservice-7c84fdfb6-m5m6d,85,188
22:59:45,300u,checkoutservice-5b6d96c9b7-45rkr,17,38
22:59:45,300u,currencyservice-7c8fc8fc9c-4hm9g,130,123
22:59:45,300u,currencyservice-7c8fc8fc9c-5frj9,1,81
22:59:45,300u,currencyservice-7c8fc8fc9c-mgwx9,61,114
22:59:45,300u,emailservice-66944ff59-2lcjl,10,95
22:59:45,300u,frontend-7bd6f45654-przgb,101,35
22:59:45,300u,frontend-7bd6f45654-s2s7z,62,53
22:59:45,300u,frontend-7bd6f45654-vfxkp,99,35
22:59:45,300u,paymentservice-9bfb7bf5-kgd56,7,115
22:59:45,300u,productcatalogservice-65bbf699df-j2fmg,95,44
22:59:45,300u,recommendationservice-7444754ff5-n8cbh,162,58
22:59:45,300u,redis-cart-c8ff86559-kcf44,7,37
22:59:45,300u,shippingservice-f956b6d9f-w7n4b,17,35
22:59:49,300u,adservice-574bff445c-qb9cj,118,271
22:59:49,300u,cartservice-7c84fdfb6-m5m6d,85,188
22:59:49,300u,checkoutservice-5b6d96c9b7-45rkr,17,38
22:59:49,300u,currencyservice-7c8fc8fc9c-4hm9g,130,123
22:59:49,300u,currencyservice-7c8fc8fc9c-5frj9,1,81
22:59:49,300u,currencyservice-7c8fc8fc9c-mgwx9,61,114
22:59:49,300u,emailservice-66944ff59-2lcjl,10,95
22:59:49,300u,frontend-7bd6f45654-przgb,101,35
22:59:49,300u,frontend-7bd6f45654-s2s7z,62,53
22:59:49,300u,frontend-7bd6f45654-vfxkp,99,35
22:59:49,300u,paymentservice-9bfb7bf5-kgd56,7,115
22:59:49,300u,productcatalogservice-65bbf699df-j2fmg,95,44
22:59:49,300u,recommendationservice-7444754ff5-n8cbh,162,58
22:59:49,300u,redis-cart-c8ff86559-kcf44,7,37
22:59:49,300u,shippingservice-f956b6d9f-w7n4b,17,35
22:59:51,300u,adservice-574bff445c-qb9cj,123,267
22:59:51,300u,cartservice-7c84fdfb6-m5m6d,89,188
22:59:51,300u,checkoutservice-5b6d96c9b7-45rkr,17,39
22:59:51,300u,currencyservice-7c8fc8fc9c-4hm9g,138,123
22:59:51,300u,currencyservice-7c8fc8fc9c-5frj9,1,81
22:59:51,300u,currencyservice-7c8fc8fc9c-mgwx9,68,114
22:59:51,300u,emailservice-66944ff59-2lcjl,10,95
22:59:51,300u,frontend-7bd6f45654-przgb,107,35
22:59:51,300u,frontend-7bd6f45654-s2s7z,74,53
22:59:51,300u,frontend-7bd6f45654-vfxkp,114,35
22:59:51,300u,paymentservice-9bfb7bf5-kgd56,7,116
22:59:51,300u,productcatalogservice-65bbf699df-j2fmg,104,44
22:59:51,300u,recommendationservice-7444754ff5-n8cbh,188,59
22:59:51,300u,redis-cart-c8ff86559-kcf44,8,37
22:59:51,300u,shippingservice-f956b6d9f-w7n4b,18,35
22:59:55,300u,adservice-574bff445c-qb9cj,123,267
22:59:55,300u,cartservice-7c84fdfb6-m5m6d,89,188
22:59:55,300u,checkoutservice-5b6d96c9b7-45rkr,17,39
22:59:55,300u,currencyservice-7c8fc8fc9c-4hm9g,138,123
22:59:55,300u,currencyservice-7c8fc8fc9c-5frj9,1,81
22:59:55,300u,currencyservice-7c8fc8fc9c-mgwx9,68,114
22:59:55,300u,emailservice-66944ff59-2lcjl,10,95
22:59:55,300u,frontend-7bd6f45654-przgb,107,35
22:59:55,300u,frontend-7bd6f45654-s2s7z,74,53
22:59:55,300u,frontend-7bd6f45654-vfxkp,114,35
22:59:55,300u,paymentservice-9bfb7bf5-kgd56,7,116
22:59:55,300u,productcatalogservice-65bbf699df-j2fmg,104,44
22:59:55,300u,recommendationservice-7444754ff5-n8cbh,188,59
22:59:55,300u,redis-cart-c8ff86559-kcf44,8,37
22:59:55,300u,shippingservice-f956b6d9f-w7n4b,18,35
22:59:59,300u,adservice-574bff445c-qb9cj,123,267
22:59:59,300u,cartservice-7c84fdfb6-m5m6d,89,188
22:59:59,300u,checkoutservice-5b6d96c9b7-45rkr,17,39
22:59:59,300u,currencyservice-7c8fc8fc9c-4hm9g,138,123
22:59:59,300u,currencyservice-7c8fc8fc9c-5frj9,1,81
22:59:59,300u,currencyservice-7c8fc8fc9c-mgwx9,68,114
22:59:59,300u,emailservice-66944ff59-2lcjl,10,95
22:59:59,300u,frontend-7bd6f45654-przgb,107,35
22:59:59,300u,frontend-7bd6f45654-s2s7z,74,53
22:59:59,300u,frontend-7bd6f45654-vfxkp,114,35
22:59:59,300u,paymentservice-9bfb7bf5-kgd56,7,116
22:59:59,300u,productcatalogservice-65bbf699df-j2fmg,104,44
22:59:59,300u,recommendationservice-7444754ff5-n8cbh,188,59
22:59:59,300u,redis-cart-c8ff86559-kcf44,8,37
22:59:59,300u,shippingservice-f956b6d9f-w7n4b,18,35
23:00:01,300u,adservice-574bff445c-qb9cj,123,267
23:00:01,300u,cartservice-7c84fdfb6-m5m6d,89,188
23:00:01,300u,checkoutservice-5b6d96c9b7-45rkr,17,39
23:00:01,300u,currencyservice-7c8fc8fc9c-4hm9g,138,123
23:00:01,300u,currencyservice-7c8fc8fc9c-5frj9,1,81
23:00:01,300u,currencyservice-7c8fc8fc9c-mgwx9,68,114
23:00:01,300u,emailservice-66944ff59-2lcjl,10,95
23:00:01,300u,frontend-7bd6f45654-przgb,107,35
23:00:01,300u,frontend-7bd6f45654-s2s7z,74,53
23:00:01,300u,frontend-7bd6f45654-vfxkp,114,35
23:00:01,300u,paymentservice-9bfb7bf5-kgd56,7,116
23:00:01,300u,productcatalogservice-65bbf699df-j2fmg,104,44
23:00:01,300u,recommendationservice-7444754ff5-n8cbh,188,59
23:00:01,300u,redis-cart-c8ff86559-kcf44,8,37
23:00:01,300u,shippingservice-f956b6d9f-w7n4b,18,35
23:00:06,300u,adservice-574bff445c-qb9cj,125,267
23:00:06,300u,cartservice-7c84fdfb6-m5m6d,90,188
23:00:06,300u,checkoutservice-5b6d96c9b7-45rkr,18,39
23:00:06,300u,currencyservice-7c8fc8fc9c-4hm9g,138,123
23:00:06,300u,currencyservice-7c8fc8fc9c-5frj9,1,81
23:00:06,300u,currencyservice-7c8fc8fc9c-mgwx9,80,114
23:00:06,300u,emailservice-66944ff59-2lcjl,11,95
23:00:06,300u,frontend-7bd6f45654-przgb,105,36
23:00:06,300u,frontend-7bd6f45654-s2s7z,86,54
23:00:06,300u,frontend-7bd6f45654-vfxkp,112,36
23:00:06,300u,paymentservice-9bfb7bf5-kgd56,8,116
23:00:06,300u,productcatalogservice-65bbf699df-j2fmg,108,44
23:00:06,300u,recommendationservice-7444754ff5-n8cbh,193,59
23:00:06,300u,redis-cart-c8ff86559-kcf44,7,37
23:00:06,300u,shippingservice-f956b6d9f-w7n4b,18,35
23:00:09,300u,adservice-574bff445c-qb9cj,125,267
23:00:09,300u,cartservice-7c84fdfb6-m5m6d,90,188
23:00:09,300u,checkoutservice-5b6d96c9b7-45rkr,18,39
23:00:09,300u,currencyservice-7c8fc8fc9c-4hm9g,138,123
23:00:09,300u,currencyservice-7c8fc8fc9c-5frj9,1,81
23:00:09,300u,currencyservice-7c8fc8fc9c-mgwx9,80,114
23:00:09,300u,emailservice-66944ff59-2lcjl,11,95
23:00:09,300u,frontend-7bd6f45654-przgb,105,36
23:00:09,300u,frontend-7bd6f45654-s2s7z,86,54
23:00:09,300u,frontend-7bd6f45654-vfxkp,112,36
23:00:09,300u,paymentservice-9bfb7bf5-kgd56,8,116
23:00:09,300u,productcatalogservice-65bbf699df-j2fmg,108,44
23:00:09,300u,recommendationservice-7444754ff5-n8cbh,193,59
23:00:09,300u,redis-cart-c8ff86559-kcf44,7,37
23:00:09,300u,shippingservice-f956b6d9f-w7n4b,18,35
23:00:11,300u,adservice-574bff445c-qb9cj,125,267
23:00:11,300u,cartservice-7c84fdfb6-m5m6d,90,188
23:00:11,300u,checkoutservice-5b6d96c9b7-45rkr,18,39
23:00:11,300u,currencyservice-7c8fc8fc9c-4hm9g,138,123
23:00:11,300u,currencyservice-7c8fc8fc9c-5frj9,1,81
23:00:11,300u,currencyservice-7c8fc8fc9c-mgwx9,80,114
23:00:11,300u,emailservice-66944ff59-2lcjl,11,95
23:00:11,300u,frontend-7bd6f45654-przgb,105,36
23:00:11,300u,frontend-7bd6f45654-s2s7z,86,54
23:00:11,300u,frontend-7bd6f45654-vfxkp,112,36
23:00:11,300u,paymentservice-9bfb7bf5-kgd56,8,116
23:00:11,300u,productcatalogservice-65bbf699df-j2fmg,108,44
23:00:11,300u,recommendationservice-7444754ff5-n8cbh,193,59
23:00:11,300u,redis-cart-c8ff86559-kcf44,7,37
23:00:11,300u,shippingservice-f956b6d9f-w7n4b,18,35
23:00:16,300u,adservice-574bff445c-qb9cj,125,267
23:00:16,300u,cartservice-7c84fdfb6-m5m6d,90,188
23:00:16,300u,checkoutservice-5b6d96c9b7-45rkr,18,39
23:00:16,300u,currencyservice-7c8fc8fc9c-4hm9g,138,123
23:00:16,300u,currencyservice-7c8fc8fc9c-5frj9,1,81
23:00:16,300u,currencyservice-7c8fc8fc9c-mgwx9,80,114
23:00:16,300u,emailservice-66944ff59-2lcjl,11,95
23:00:16,300u,frontend-7bd6f45654-przgb,105,36
23:00:16,300u,frontend-7bd6f45654-s2s7z,86,54
23:00:16,300u,frontend-7bd6f45654-vfxkp,112,36
23:00:16,300u,paymentservice-9bfb7bf5-kgd56,8,116
23:00:16,300u,productcatalogservice-65bbf699df-j2fmg,108,44
23:00:16,300u,recommendationservice-7444754ff5-n8cbh,193,59
23:00:16,300u,redis-cart-c8ff86559-kcf44,7,37
23:00:16,300u,shippingservice-f956b6d9f-w7n4b,18,35
23:00:19,300u,adservice-574bff445c-qb9cj,125,267
23:00:19,300u,cartservice-7c84fdfb6-m5m6d,90,188
23:00:19,300u,checkoutservice-5b6d96c9b7-45rkr,18,39
23:00:19,300u,currencyservice-7c8fc8fc9c-4hm9g,138,123
23:00:19,300u,currencyservice-7c8fc8fc9c-5frj9,1,81
23:00:19,300u,currencyservice-7c8fc8fc9c-mgwx9,80,114
23:00:19,300u,emailservice-66944ff59-2lcjl,11,95
23:00:19,300u,frontend-7bd6f45654-przgb,105,36
23:00:19,300u,frontend-7bd6f45654-s2s7z,86,54
23:00:19,300u,frontend-7bd6f45654-vfxkp,112,36
23:00:19,300u,paymentservice-9bfb7bf5-kgd56,8,116
23:00:19,300u,productcatalogservice-65bbf699df-j2fmg,108,44
23:00:19,300u,recommendationservice-7444754ff5-n8cbh,193,59
23:00:19,300u,redis-cart-c8ff86559-kcf44,7,37
23:00:19,300u,shippingservice-f956b6d9f-w7n4b,18,35
23:00:21,300u,adservice-574bff445c-qb9cj,151,267
23:00:21,300u,cartservice-7c84fdfb6-m5m6d,97,187
23:00:21,300u,checkoutservice-5b6d96c9b7-45rkr,21,39
23:00:21,300u,currencyservice-7c8fc8fc9c-4hm9g,145,123
23:00:21,300u,currencyservice-7c8fc8fc9c-5frj9,1,81
23:00:21,300u,currencyservice-7c8fc8fc9c-mgwx9,94,114
23:00:21,300u,emailservice-66944ff59-2lcjl,12,95
23:00:21,300u,frontend-7bd6f45654-przgb,108,36
23:00:21,300u,frontend-7bd6f45654-s2s7z,103,55
23:00:21,300u,frontend-7bd6f45654-vfxkp,120,37
23:00:21,300u,paymentservice-9bfb7bf5-kgd56,9,116
23:00:21,300u,productcatalogservice-65bbf699df-j2fmg,113,44
23:00:21,300u,recommendationservice-7444754ff5-n8cbh,200,59
23:00:21,300u,redis-cart-c8ff86559-kcf44,8,37
23:00:21,300u,shippingservice-f956b6d9f-w7n4b,20,35
23:00:26,300u,adservice-574bff445c-qb9cj,151,267
23:00:26,300u,cartservice-7c84fdfb6-m5m6d,97,187
23:00:26,300u,checkoutservice-5b6d96c9b7-45rkr,21,39
23:00:26,300u,currencyservice-7c8fc8fc9c-4hm9g,145,123
23:00:26,300u,currencyservice-7c8fc8fc9c-5frj9,1,81
23:00:26,300u,currencyservice-7c8fc8fc9c-mgwx9,94,114
23:00:26,300u,emailservice-66944ff59-2lcjl,12,95
23:00:26,300u,frontend-7bd6f45654-przgb,108,36
23:00:26,300u,frontend-7bd6f45654-s2s7z,103,55
23:00:26,300u,frontend-7bd6f45654-vfxkp,120,37
23:00:26,300u,paymentservice-9bfb7bf5-kgd56,9,116
23:00:26,300u,productcatalogservice-65bbf699df-j2fmg,113,44
23:00:26,300u,recommendationservice-7444754ff5-n8cbh,200,59
23:00:26,300u,redis-cart-c8ff86559-kcf44,8,37
23:00:26,300u,shippingservice-f956b6d9f-w7n4b,20,35
23:00:29,300u,adservice-574bff445c-qb9cj,151,267
23:00:29,300u,cartservice-7c84fdfb6-m5m6d,97,187
23:00:29,300u,checkoutservice-5b6d96c9b7-45rkr,21,39
23:00:29,300u,currencyservice-7c8fc8fc9c-4hm9g,145,123
23:00:29,300u,currencyservice-7c8fc8fc9c-5frj9,1,81
23:00:29,300u,currencyservice-7c8fc8fc9c-mgwx9,94,114
23:00:29,300u,emailservice-66944ff59-2lcjl,12,95
23:00:29,300u,frontend-7bd6f45654-przgb,108,36
23:00:29,300u,frontend-7bd6f45654-s2s7z,103,55
23:00:29,300u,frontend-7bd6f45654-vfxkp,120,37
23:00:29,300u,paymentservice-9bfb7bf5-kgd56,9,116
23:00:29,300u,productcatalogservice-65bbf699df-j2fmg,113,44
23:00:29,300u,recommendationservice-7444754ff5-n8cbh,200,59
23:00:29,300u,redis-cart-c8ff86559-kcf44,8,37
23:00:29,300u,shippingservice-f956b6d9f-w7n4b,20,35
23:00:31,300u,adservice-574bff445c-qb9cj,151,267
23:00:31,300u,cartservice-7c84fdfb6-m5m6d,97,187
23:00:31,300u,checkoutservice-5b6d96c9b7-45rkr,21,39
23:00:31,300u,currencyservice-7c8fc8fc9c-4hm9g,145,123
23:00:31,300u,currencyservice-7c8fc8fc9c-5frj9,1,81
23:00:31,300u,currencyservice-7c8fc8fc9c-mgwx9,94,114
23:00:31,300u,emailservice-66944ff59-2lcjl,12,95
23:00:31,300u,frontend-7bd6f45654-przgb,108,36
23:00:31,300u,frontend-7bd6f45654-s2s7z,103,55
23:00:31,300u,frontend-7bd6f45654-vfxkp,120,37
23:00:31,300u,paymentservice-9bfb7bf5-kgd56,9,116
23:00:31,300u,productcatalogservice-65bbf699df-j2fmg,113,44
23:00:31,300u,recommendationservice-7444754ff5-n8cbh,200,59
23:00:31,300u,redis-cart-c8ff86559-kcf44,8,37
23:00:31,300u,shippingservice-f956b6d9f-w7n4b,20,35
23:00:36,300u,adservice-574bff445c-qb9cj,94,268
23:00:36,300u,cartservice-7c84fdfb6-m5m6d,98,187
23:00:36,300u,checkoutservice-5b6d96c9b7-45rkr,18,39
23:00:36,300u,currencyservice-7c8fc8fc9c-4hm9g,142,124
23:00:36,300u,currencyservice-7c8fc8fc9c-5frj9,1,81
23:00:36,300u,currencyservice-7c8fc8fc9c-mgwx9,87,114
23:00:36,300u,emailservice-66944ff59-2lcjl,11,95
23:00:36,300u,frontend-7bd6f45654-przgb,106,37
23:00:36,300u,frontend-7bd6f45654-s2s7z,95,55
23:00:36,300u,frontend-7bd6f45654-vfxkp,118,38
23:00:36,300u,paymentservice-9bfb7bf5-kgd56,8,116
23:00:36,300u,productcatalogservice-65bbf699df-j2fmg,112,44
23:00:36,300u,recommendationservice-7444754ff5-n8cbh,199,60
23:00:36,300u,redis-cart-c8ff86559-kcf44,8,37
23:00:36,300u,shippingservice-f956b6d9f-w7n4b,19,35
23:00:39,300u,adservice-574bff445c-qb9cj,94,268
23:00:39,300u,cartservice-7c84fdfb6-m5m6d,98,187
23:00:39,300u,checkoutservice-5b6d96c9b7-45rkr,18,39
23:00:39,300u,currencyservice-7c8fc8fc9c-4hm9g,142,124
23:00:39,300u,currencyservice-7c8fc8fc9c-5frj9,1,81
23:00:39,300u,currencyservice-7c8fc8fc9c-mgwx9,87,114
23:00:39,300u,emailservice-66944ff59-2lcjl,11,95
23:00:39,300u,frontend-7bd6f45654-przgb,106,37
23:00:39,300u,frontend-7bd6f45654-s2s7z,95,55
23:00:39,300u,frontend-7bd6f45654-vfxkp,118,38
23:00:39,300u,paymentservice-9bfb7bf5-kgd56,8,116
23:00:39,300u,productcatalogservice-65bbf699df-j2fmg,112,44
23:00:39,300u,recommendationservice-7444754ff5-n8cbh,199,60
23:00:39,300u,redis-cart-c8ff86559-kcf44,8,37
23:00:39,300u,shippingservice-f956b6d9f-w7n4b,19,35
23:00:41,300u,adservice-574bff445c-qb9cj,94,268
23:00:41,300u,cartservice-7c84fdfb6-m5m6d,98,187
23:00:41,300u,checkoutservice-5b6d96c9b7-45rkr,18,39
23:00:41,300u,currencyservice-7c8fc8fc9c-4hm9g,142,124
23:00:41,300u,currencyservice-7c8fc8fc9c-5frj9,1,81
23:00:41,300u,currencyservice-7c8fc8fc9c-mgwx9,87,114
23:00:41,300u,emailservice-66944ff59-2lcjl,11,95
23:00:41,300u,frontend-7bd6f45654-przgb,106,37
23:00:41,300u,frontend-7bd6f45654-s2s7z,95,55
23:00:41,300u,frontend-7bd6f45654-vfxkp,118,38
23:00:41,300u,paymentservice-9bfb7bf5-kgd56,8,116
23:00:41,300u,productcatalogservice-65bbf699df-j2fmg,112,44
23:00:41,300u,recommendationservice-7444754ff5-n8cbh,199,60
23:00:41,300u,redis-cart-c8ff86559-kcf44,8,37
23:00:41,300u,shippingservice-f956b6d9f-w7n4b,19,35
23:00:46,300u,adservice-574bff445c-qb9cj,94,268
23:00:46,300u,cartservice-7c84fdfb6-m5m6d,98,187
23:00:46,300u,checkoutservice-5b6d96c9b7-45rkr,18,39
23:00:46,300u,currencyservice-7c8fc8fc9c-4hm9g,142,124
23:00:46,300u,currencyservice-7c8fc8fc9c-5frj9,1,81
23:00:46,300u,currencyservice-7c8fc8fc9c-mgwx9,87,114
23:00:46,300u,emailservice-66944ff59-2lcjl,11,95
23:00:46,300u,frontend-7bd6f45654-przgb,106,37
23:00:46,300u,frontend-7bd6f45654-s2s7z,95,55
23:00:46,300u,frontend-7bd6f45654-vfxkp,118,38
23:00:46,300u,paymentservice-9bfb7bf5-kgd56,8,116
23:00:46,300u,productcatalogservice-65bbf699df-j2fmg,112,44
23:00:46,300u,recommendationservice-7444754ff5-n8cbh,199,60
23:00:46,300u,redis-cart-c8ff86559-kcf44,8,37
23:00:46,300u,shippingservice-f956b6d9f-w7n4b,19,35
23:00:49,300u,adservice-574bff445c-qb9cj,94,268
23:00:49,300u,cartservice-7c84fdfb6-m5m6d,98,187
23:00:49,300u,checkoutservice-5b6d96c9b7-45rkr,18,39
23:00:49,300u,currencyservice-7c8fc8fc9c-4hm9g,142,124
23:00:49,300u,currencyservice-7c8fc8fc9c-5frj9,1,81
23:00:49,300u,currencyservice-7c8fc8fc9c-mgwx9,87,114
23:00:49,300u,emailservice-66944ff59-2lcjl,11,95
23:00:49,300u,frontend-7bd6f45654-przgb,106,37
23:00:49,300u,frontend-7bd6f45654-s2s7z,95,55
23:00:49,300u,frontend-7bd6f45654-vfxkp,118,38
23:00:49,300u,paymentservice-9bfb7bf5-kgd56,8,116
23:00:49,300u,productcatalogservice-65bbf699df-j2fmg,112,44
23:00:49,300u,recommendationservice-7444754ff5-n8cbh,199,60
23:00:49,300u,redis-cart-c8ff86559-kcf44,8,37
23:00:49,300u,shippingservice-f956b6d9f-w7n4b,19,35
23:00:51,300u,adservice-574bff445c-qb9cj,91,278
23:00:51,300u,cartservice-7c84fdfb6-m5m6d,96,187
23:00:51,300u,checkoutservice-5b6d96c9b7-45rkr,19,39
23:00:51,300u,currencyservice-7c8fc8fc9c-4hm9g,141,124
23:00:51,300u,currencyservice-7c8fc8fc9c-5frj9,1,81
23:00:51,300u,currencyservice-7c8fc8fc9c-mgwx9,88,117
23:00:51,300u,emailservice-66944ff59-2lcjl,11,95
23:00:51,300u,frontend-7bd6f45654-przgb,109,38
23:00:51,300u,frontend-7bd6f45654-s2s7z,98,56
23:00:51,300u,frontend-7bd6f45654-vfxkp,113,38
23:00:51,300u,paymentservice-9bfb7bf5-kgd56,8,116
23:00:51,300u,productcatalogservice-65bbf699df-j2fmg,113,44
23:00:51,300u,recommendationservice-7444754ff5-n8cbh,200,60
23:00:51,300u,redis-cart-c8ff86559-kcf44,8,37
23:00:51,300u,shippingservice-f956b6d9f-w7n4b,19,35
23:00:56,300u,adservice-574bff445c-qb9cj,91,278
23:00:56,300u,cartservice-7c84fdfb6-m5m6d,96,187
23:00:56,300u,checkoutservice-5b6d96c9b7-45rkr,19,39
23:00:56,300u,currencyservice-7c8fc8fc9c-4hm9g,141,124
23:00:56,300u,currencyservice-7c8fc8fc9c-5frj9,1,81
23:00:56,300u,currencyservice-7c8fc8fc9c-mgwx9,88,117
23:00:56,300u,emailservice-66944ff59-2lcjl,11,95
23:00:56,300u,frontend-7bd6f45654-przgb,109,38
23:00:56,300u,frontend-7bd6f45654-s2s7z,98,56
23:00:56,300u,frontend-7bd6f45654-vfxkp,113,38
23:00:56,300u,paymentservice-9bfb7bf5-kgd56,8,116
23:00:56,300u,productcatalogservice-65bbf699df-j2fmg,113,44
23:00:56,300u,recommendationservice-7444754ff5-n8cbh,200,60
23:00:56,300u,redis-cart-c8ff86559-kcf44,8,37
23:00:56,300u,shippingservice-f956b6d9f-w7n4b,19,35
23:00:59,300u,adservice-574bff445c-qb9cj,91,278
23:00:59,300u,cartservice-7c84fdfb6-m5m6d,96,187
23:00:59,300u,checkoutservice-5b6d96c9b7-45rkr,19,39
23:00:59,300u,currencyservice-7c8fc8fc9c-4hm9g,141,124
23:00:59,300u,currencyservice-7c8fc8fc9c-5frj9,1,81
23:00:59,300u,currencyservice-7c8fc8fc9c-mgwx9,88,117
23:00:59,300u,emailservice-66944ff59-2lcjl,11,95
23:00:59,300u,frontend-7bd6f45654-przgb,109,38
23:00:59,300u,frontend-7bd6f45654-s2s7z,98,56
23:00:59,300u,frontend-7bd6f45654-vfxkp,113,38
23:00:59,300u,paymentservice-9bfb7bf5-kgd56,8,116
23:00:59,300u,productcatalogservice-65bbf699df-j2fmg,113,44
23:00:59,300u,recommendationservice-7444754ff5-n8cbh,200,60
23:00:59,300u,redis-cart-c8ff86559-kcf44,8,37
23:00:59,300u,shippingservice-f956b6d9f-w7n4b,19,35
23:01:02,300u,adservice-574bff445c-qb9cj,91,278
23:01:02,300u,cartservice-7c84fdfb6-m5m6d,96,187
23:01:02,300u,checkoutservice-5b6d96c9b7-45rkr,19,39
23:01:02,300u,currencyservice-7c8fc8fc9c-4hm9g,141,124
23:01:02,300u,currencyservice-7c8fc8fc9c-5frj9,1,81
23:01:02,300u,currencyservice-7c8fc8fc9c-mgwx9,88,117
23:01:02,300u,emailservice-66944ff59-2lcjl,11,95
23:01:02,300u,frontend-7bd6f45654-przgb,109,38
23:01:02,300u,frontend-7bd6f45654-s2s7z,98,56
23:01:02,300u,frontend-7bd6f45654-vfxkp,113,38
23:01:02,300u,paymentservice-9bfb7bf5-kgd56,8,116
23:01:02,300u,productcatalogservice-65bbf699df-j2fmg,113,44
23:01:02,300u,recommendationservice-7444754ff5-n8cbh,200,60
23:01:02,300u,redis-cart-c8ff86559-kcf44,8,37
23:01:02,300u,shippingservice-f956b6d9f-w7n4b,19,35
23:01:06,300u,adservice-574bff445c-qb9cj,174,270
23:01:06,300u,cartservice-7c84fdfb6-m5m6d,162,188
23:01:06,300u,checkoutservice-5b6d96c9b7-45rkr,56,38
23:01:06,300u,currencyservice-7c8fc8fc9c-4hm9g,181,125
23:01:06,300u,currencyservice-7c8fc8fc9c-5frj9,2,81
23:01:06,300u,currencyservice-7c8fc8fc9c-mgwx9,168,118
23:01:06,300u,emailservice-66944ff59-2lcjl,29,95
23:01:06,300u,frontend-7bd6f45654-przgb,154,38
23:01:06,300u,frontend-7bd6f45654-s2s7z,166,57
23:01:06,300u,frontend-7bd6f45654-vfxkp,159,39
23:01:06,300u,paymentservice-9bfb7bf5-kgd56,26,114
23:01:06,300u,productcatalogservice-65bbf699df-j2fmg,116,44
23:01:06,300u,recommendationservice-7444754ff5-n8cbh,154,60
23:01:06,300u,redis-cart-c8ff86559-kcf44,14,37
23:01:06,300u,shippingservice-f956b6d9f-w7n4b,35,35
23:01:09,300u,adservice-574bff445c-qb9cj,174,270
23:01:09,300u,cartservice-7c84fdfb6-m5m6d,162,188
23:01:09,300u,checkoutservice-5b6d96c9b7-45rkr,56,38
23:01:09,300u,currencyservice-7c8fc8fc9c-4hm9g,181,125
23:01:09,300u,currencyservice-7c8fc8fc9c-5frj9,2,81
23:01:09,300u,currencyservice-7c8fc8fc9c-mgwx9,168,118
23:01:09,300u,emailservice-66944ff59-2lcjl,29,95
23:01:09,300u,frontend-7bd6f45654-przgb,154,38
23:01:09,300u,frontend-7bd6f45654-s2s7z,166,57
23:01:09,300u,frontend-7bd6f45654-vfxkp,159,39
23:01:09,300u,paymentservice-9bfb7bf5-kgd56,26,114
23:01:09,300u,productcatalogservice-65bbf699df-j2fmg,116,44
23:01:09,300u,recommendationservice-7444754ff5-n8cbh,154,60
23:01:09,300u,redis-cart-c8ff86559-kcf44,14,37
23:01:09,300u,shippingservice-f956b6d9f-w7n4b,35,35
23:01:12,300u,adservice-574bff445c-qb9cj,174,270
23:01:12,300u,cartservice-7c84fdfb6-m5m6d,162,188
23:01:12,300u,checkoutservice-5b6d96c9b7-45rkr,56,38
23:01:12,300u,currencyservice-7c8fc8fc9c-4hm9g,181,125
23:01:12,300u,currencyservice-7c8fc8fc9c-5frj9,2,81
23:01:12,300u,currencyservice-7c8fc8fc9c-mgwx9,168,118
23:01:12,300u,emailservice-66944ff59-2lcjl,29,95
23:01:12,300u,frontend-7bd6f45654-przgb,154,38
23:01:12,300u,frontend-7bd6f45654-s2s7z,166,57
23:01:12,300u,frontend-7bd6f45654-vfxkp,159,39
23:01:12,300u,paymentservice-9bfb7bf5-kgd56,26,114
23:01:12,300u,productcatalogservice-65bbf699df-j2fmg,116,44
23:01:12,300u,recommendationservice-7444754ff5-n8cbh,154,60
23:01:12,300u,redis-cart-c8ff86559-kcf44,14,37
23:01:12,300u,shippingservice-f956b6d9f-w7n4b,35,35
23:01:16,300u,adservice-574bff445c-qb9cj,174,270
23:01:16,300u,cartservice-7c84fdfb6-m5m6d,162,188
23:01:16,300u,checkoutservice-5b6d96c9b7-45rkr,56,38
23:01:16,300u,currencyservice-7c8fc8fc9c-4hm9g,181,125
23:01:16,300u,currencyservice-7c8fc8fc9c-5frj9,2,81
23:01:16,300u,currencyservice-7c8fc8fc9c-mgwx9,168,118
23:01:16,300u,emailservice-66944ff59-2lcjl,29,95
23:01:16,300u,frontend-7bd6f45654-przgb,154,38
23:01:16,300u,frontend-7bd6f45654-s2s7z,166,57
23:01:16,300u,frontend-7bd6f45654-vfxkp,159,39
23:01:16,300u,paymentservice-9bfb7bf5-kgd56,26,114
23:01:16,300u,productcatalogservice-65bbf699df-j2fmg,116,44
23:01:16,300u,recommendationservice-7444754ff5-n8cbh,154,60
23:01:16,300u,redis-cart-c8ff86559-kcf44,14,37
23:01:16,300u,shippingservice-f956b6d9f-w7n4b,35,35
23:01:20,300u,adservice-574bff445c-qb9cj,20,270
23:01:20,300u,cartservice-7c84fdfb6-m5m6d,24,188
23:01:20,300u,checkoutservice-5b6d96c9b7-45rkr,5,38
23:01:20,300u,currencyservice-7c8fc8fc9c-4hm9g,35,125
23:01:20,300u,currencyservice-7c8fc8fc9c-5frj9,3,81
23:01:20,300u,currencyservice-7c8fc8fc9c-mgwx9,23,119
23:01:20,300u,emailservice-66944ff59-2lcjl,7,95
23:01:20,300u,frontend-7bd6f45654-przgb,28,39
23:01:20,300u,frontend-7bd6f45654-s2s7z,26,57
23:01:20,300u,frontend-7bd6f45654-vfxkp,27,37
23:01:20,300u,paymentservice-9bfb7bf5-kgd56,4,114
23:01:20,300u,productcatalogservice-65bbf699df-j2fmg,30,44
23:01:20,300u,recommendationservice-7444754ff5-n8cbh,57,58
23:01:20,300u,redis-cart-c8ff86559-kcf44,5,37
23:01:20,300u,shippingservice-f956b6d9f-w7n4b,6,35
23:01:22,300u,adservice-574bff445c-qb9cj,20,270
23:01:22,300u,cartservice-7c84fdfb6-m5m6d,24,188
23:01:22,300u,checkoutservice-5b6d96c9b7-45rkr,5,38
23:01:22,300u,currencyservice-7c8fc8fc9c-4hm9g,35,125
23:01:22,300u,currencyservice-7c8fc8fc9c-5frj9,3,81
23:01:22,300u,currencyservice-7c8fc8fc9c-mgwx9,23,119
23:01:22,300u,emailservice-66944ff59-2lcjl,7,95
23:01:22,300u,frontend-7bd6f45654-przgb,28,39
23:01:22,300u,frontend-7bd6f45654-s2s7z,26,57
23:01:22,300u,frontend-7bd6f45654-vfxkp,27,37
23:01:22,300u,paymentservice-9bfb7bf5-kgd56,4,114
23:01:22,300u,productcatalogservice-65bbf699df-j2fmg,30,44
23:01:22,300u,recommendationservice-7444754ff5-n8cbh,57,58
23:01:22,300u,redis-cart-c8ff86559-kcf44,5,37
23:01:22,300u,shippingservice-f956b6d9f-w7n4b,6,35
23:01:27,300u,adservice-574bff445c-qb9cj,20,270
23:01:27,300u,cartservice-7c84fdfb6-m5m6d,24,188
23:01:27,300u,checkoutservice-5b6d96c9b7-45rkr,5,38
23:01:27,300u,currencyservice-7c8fc8fc9c-4hm9g,35,125
23:01:27,300u,currencyservice-7c8fc8fc9c-5frj9,3,81
23:01:27,300u,currencyservice-7c8fc8fc9c-mgwx9,23,119
23:01:27,300u,emailservice-66944ff59-2lcjl,7,95
23:01:27,300u,frontend-7bd6f45654-przgb,28,39
23:01:27,300u,frontend-7bd6f45654-s2s7z,26,57
23:01:27,300u,frontend-7bd6f45654-vfxkp,27,37
23:01:27,300u,paymentservice-9bfb7bf5-kgd56,4,114
23:01:27,300u,productcatalogservice-65bbf699df-j2fmg,30,44
23:01:27,300u,recommendationservice-7444754ff5-n8cbh,57,58
23:01:27,300u,redis-cart-c8ff86559-kcf44,5,37
23:01:27,300u,shippingservice-f956b6d9f-w7n4b,6,35
23:01:30,300u,adservice-574bff445c-qb9cj,20,270
23:01:30,300u,cartservice-7c84fdfb6-m5m6d,24,188
23:01:30,300u,checkoutservice-5b6d96c9b7-45rkr,5,38
23:01:30,300u,currencyservice-7c8fc8fc9c-4hm9g,35,125
23:01:30,300u,currencyservice-7c8fc8fc9c-5frj9,3,81
23:01:30,300u,currencyservice-7c8fc8fc9c-mgwx9,23,119
23:01:30,300u,emailservice-66944ff59-2lcjl,7,95
23:01:30,300u,frontend-7bd6f45654-przgb,28,39
23:01:30,300u,frontend-7bd6f45654-s2s7z,26,57
23:01:30,300u,frontend-7bd6f45654-vfxkp,27,37
23:01:30,300u,paymentservice-9bfb7bf5-kgd56,4,114
23:01:30,300u,productcatalogservice-65bbf699df-j2fmg,30,44
23:01:30,300u,recommendationservice-7444754ff5-n8cbh,57,58
23:01:30,300u,redis-cart-c8ff86559-kcf44,5,37
23:01:30,300u,shippingservice-f956b6d9f-w7n4b,6,35
23:01:32,300u,adservice-574bff445c-qb9cj,20,270
23:01:32,300u,cartservice-7c84fdfb6-m5m6d,24,188
23:01:32,300u,checkoutservice-5b6d96c9b7-45rkr,5,38
23:01:32,300u,currencyservice-7c8fc8fc9c-4hm9g,35,125
23:01:32,300u,currencyservice-7c8fc8fc9c-5frj9,3,81
23:01:32,300u,currencyservice-7c8fc8fc9c-mgwx9,23,119
23:01:32,300u,emailservice-66944ff59-2lcjl,7,95
23:01:32,300u,frontend-7bd6f45654-przgb,28,39
23:01:32,300u,frontend-7bd6f45654-s2s7z,26,57
23:01:32,300u,frontend-7bd6f45654-vfxkp,27,37
23:01:32,300u,paymentservice-9bfb7bf5-kgd56,4,114
23:01:32,300u,productcatalogservice-65bbf699df-j2fmg,30,44
23:01:32,300u,recommendationservice-7444754ff5-n8cbh,57,58
23:01:32,300u,redis-cart-c8ff86559-kcf44,5,37
23:01:32,300u,shippingservice-f956b6d9f-w7n4b,6,35
23:01:37,300u,adservice-574bff445c-qb9cj,3,270
23:01:37,300u,cartservice-7c84fdfb6-m5m6d,3,188
23:01:37,300u,checkoutservice-5b6d96c9b7-45rkr,1,38
23:01:37,300u,currencyservice-7c8fc8fc9c-4hm9g,2,125
23:01:37,300u,currencyservice-7c8fc8fc9c-5frj9,1,81
23:01:37,300u,currencyservice-7c8fc8fc9c-mgwx9,2,119
23:01:37,300u,emailservice-66944ff59-2lcjl,5,95
23:01:37,300u,frontend-7bd6f45654-przgb,1,39
23:01:37,300u,frontend-7bd6f45654-s2s7z,1,57
23:01:37,300u,frontend-7bd6f45654-vfxkp,1,37
23:01:37,300u,paymentservice-9bfb7bf5-kgd56,2,114
23:01:37,300u,productcatalogservice-65bbf699df-j2fmg,1,44
23:01:37,300u,recommendationservice-7444754ff5-n8cbh,4,58
23:01:37,300u,redis-cart-c8ff86559-kcf44,3,37
23:01:37,300u,shippingservice-f956b6d9f-w7n4b,2,35
23:01:40,300u,adservice-574bff445c-qb9cj,3,270
23:01:40,300u,cartservice-7c84fdfb6-m5m6d,3,188
23:01:40,300u,checkoutservice-5b6d96c9b7-45rkr,1,38
23:01:40,300u,currencyservice-7c8fc8fc9c-4hm9g,2,125
23:01:40,300u,currencyservice-7c8fc8fc9c-5frj9,1,81
23:01:40,300u,currencyservice-7c8fc8fc9c-mgwx9,2,119
23:01:40,300u,emailservice-66944ff59-2lcjl,5,95
23:01:40,300u,frontend-7bd6f45654-przgb,1,39
23:01:40,300u,frontend-7bd6f45654-s2s7z,1,57
23:01:40,300u,frontend-7bd6f45654-vfxkp,1,37
23:01:40,300u,paymentservice-9bfb7bf5-kgd56,2,114
23:01:40,300u,productcatalogservice-65bbf699df-j2fmg,1,44
23:01:40,300u,recommendationservice-7444754ff5-n8cbh,4,58
23:01:40,300u,redis-cart-c8ff86559-kcf44,3,37
23:01:40,300u,shippingservice-f956b6d9f-w7n4b,2,35
23:01:42,300u,adservice-574bff445c-qb9cj,3,270
23:01:42,300u,cartservice-7c84fdfb6-m5m6d,3,188
23:01:42,300u,checkoutservice-5b6d96c9b7-45rkr,1,38
23:01:42,300u,currencyservice-7c8fc8fc9c-4hm9g,2,125
23:01:42,300u,currencyservice-7c8fc8fc9c-5frj9,1,81
23:01:42,300u,currencyservice-7c8fc8fc9c-mgwx9,2,119
23:01:42,300u,emailservice-66944ff59-2lcjl,5,95
23:01:42,300u,frontend-7bd6f45654-przgb,1,39
23:01:42,300u,frontend-7bd6f45654-s2s7z,1,57
23:01:42,300u,frontend-7bd6f45654-vfxkp,1,37
23:01:42,300u,paymentservice-9bfb7bf5-kgd56,2,114
23:01:42,300u,productcatalogservice-65bbf699df-j2fmg,1,44
23:01:42,300u,recommendationservice-7444754ff5-n8cbh,4,58
23:01:42,300u,redis-cart-c8ff86559-kcf44,3,37
23:01:42,300u,shippingservice-f956b6d9f-w7n4b,2,35
23:01:47,300u,adservice-574bff445c-qb9cj,3,270
23:01:47,300u,cartservice-7c84fdfb6-m5m6d,3,188
23:01:47,300u,checkoutservice-5b6d96c9b7-45rkr,1,38
23:01:47,300u,currencyservice-7c8fc8fc9c-4hm9g,2,125
23:01:47,300u,currencyservice-7c8fc8fc9c-5frj9,1,81
23:01:47,300u,currencyservice-7c8fc8fc9c-mgwx9,2,119
23:01:47,300u,emailservice-66944ff59-2lcjl,5,95
23:01:47,300u,frontend-7bd6f45654-przgb,1,39
23:01:47,300u,frontend-7bd6f45654-s2s7z,1,57
23:01:47,300u,frontend-7bd6f45654-vfxkp,1,37
23:01:47,300u,paymentservice-9bfb7bf5-kgd56,2,114
23:01:47,300u,productcatalogservice-65bbf699df-j2fmg,1,44
23:01:47,300u,recommendationservice-7444754ff5-n8cbh,4,58
23:01:47,300u,redis-cart-c8ff86559-kcf44,3,37
23:01:47,300u,shippingservice-f956b6d9f-w7n4b,2,35
23:01:50,300u,adservice-574bff445c-qb9cj,3,271
23:01:50,300u,cartservice-7c84fdfb6-m5m6d,2,188
23:01:50,300u,checkoutservice-5b6d96c9b7-45rkr,1,39
23:01:50,300u,currencyservice-7c8fc8fc9c-4hm9g,4,125
23:01:50,300u,currencyservice-7c8fc8fc9c-5frj9,2,81
23:01:50,300u,currencyservice-7c8fc8fc9c-mgwx9,2,119
23:01:50,300u,emailservice-66944ff59-2lcjl,5,95
23:01:50,300u,frontend-7bd6f45654-przgb,1,39
23:01:50,300u,frontend-7bd6f45654-s2s7z,1,57
23:01:50,300u,frontend-7bd6f45654-vfxkp,1,37
23:01:50,300u,paymentservice-9bfb7bf5-kgd56,2,114
23:01:50,300u,productcatalogservice-65bbf699df-j2fmg,1,44
23:01:50,300u,recommendationservice-7444754ff5-n8cbh,5,58
23:01:50,300u,redis-cart-c8ff86559-kcf44,3,37
23:01:50,300u,shippingservice-f956b6d9f-w7n4b,3,35
23:01:52,300u,adservice-574bff445c-qb9cj,3,271
23:01:52,300u,cartservice-7c84fdfb6-m5m6d,2,188
23:01:52,300u,checkoutservice-5b6d96c9b7-45rkr,1,39
23:01:52,300u,currencyservice-7c8fc8fc9c-4hm9g,4,125
23:01:52,300u,currencyservice-7c8fc8fc9c-5frj9,2,81
23:01:52,300u,currencyservice-7c8fc8fc9c-mgwx9,2,119
23:01:52,300u,emailservice-66944ff59-2lcjl,5,95
23:01:52,300u,frontend-7bd6f45654-przgb,1,39
23:01:52,300u,frontend-7bd6f45654-s2s7z,1,57
23:01:52,300u,frontend-7bd6f45654-vfxkp,1,37
23:01:52,300u,paymentservice-9bfb7bf5-kgd56,2,114
23:01:52,300u,productcatalogservice-65bbf699df-j2fmg,1,44
23:01:52,300u,recommendationservice-7444754ff5-n8cbh,5,58
23:01:52,300u,redis-cart-c8ff86559-kcf44,3,37
23:01:52,300u,shippingservice-f956b6d9f-w7n4b,3,35
23:01:57,300u,adservice-574bff445c-qb9cj,3,271
23:01:57,300u,cartservice-7c84fdfb6-m5m6d,2,188
23:01:57,300u,checkoutservice-5b6d96c9b7-45rkr,1,39
23:01:57,300u,currencyservice-7c8fc8fc9c-4hm9g,4,125
23:01:57,300u,currencyservice-7c8fc8fc9c-5frj9,2,81
23:01:57,300u,currencyservice-7c8fc8fc9c-mgwx9,2,119
23:01:57,300u,emailservice-66944ff59-2lcjl,5,95
23:01:57,300u,frontend-7bd6f45654-przgb,1,39
23:01:57,300u,frontend-7bd6f45654-s2s7z,1,57
23:01:57,300u,frontend-7bd6f45654-vfxkp,1,37
23:01:57,300u,paymentservice-9bfb7bf5-kgd56,2,114
23:01:57,300u,productcatalogservice-65bbf699df-j2fmg,1,44
23:01:57,300u,recommendationservice-7444754ff5-n8cbh,5,58
23:01:57,300u,redis-cart-c8ff86559-kcf44,3,37
23:01:57,300u,shippingservice-f956b6d9f-w7n4b,3,35
23:02:00,300u,adservice-574bff445c-qb9cj,3,271
23:02:00,300u,cartservice-7c84fdfb6-m5m6d,2,188
23:02:00,300u,checkoutservice-5b6d96c9b7-45rkr,1,39
23:02:00,300u,currencyservice-7c8fc8fc9c-4hm9g,4,125
23:02:00,300u,currencyservice-7c8fc8fc9c-5frj9,2,81
23:02:00,300u,currencyservice-7c8fc8fc9c-mgwx9,2,119
23:02:00,300u,emailservice-66944ff59-2lcjl,5,95
23:02:00,300u,frontend-7bd6f45654-przgb,1,39
23:02:00,300u,frontend-7bd6f45654-s2s7z,1,57
23:02:00,300u,frontend-7bd6f45654-vfxkp,1,37
23:02:00,300u,paymentservice-9bfb7bf5-kgd56,2,114
23:02:00,300u,productcatalogservice-65bbf699df-j2fmg,1,44
23:02:00,300u,recommendationservice-7444754ff5-n8cbh,5,58
23:02:00,300u,redis-cart-c8ff86559-kcf44,3,37
23:02:00,300u,shippingservice-f956b6d9f-w7n4b,3,35
23:02:02,300u,adservice-574bff445c-qb9cj,3,271
23:02:02,300u,cartservice-7c84fdfb6-m5m6d,2,188
23:02:02,300u,checkoutservice-5b6d96c9b7-45rkr,1,39
23:02:02,300u,currencyservice-7c8fc8fc9c-4hm9g,4,125
23:02:02,300u,currencyservice-7c8fc8fc9c-5frj9,2,81
23:02:02,300u,currencyservice-7c8fc8fc9c-mgwx9,2,119
23:02:02,300u,emailservice-66944ff59-2lcjl,5,95
23:02:02,300u,frontend-7bd6f45654-przgb,1,39
23:02:02,300u,frontend-7bd6f45654-s2s7z,1,57
23:02:02,300u,frontend-7bd6f45654-vfxkp,1,37
23:02:02,300u,paymentservice-9bfb7bf5-kgd56,2,114
23:02:02,300u,productcatalogservice-65bbf699df-j2fmg,1,44
23:02:02,300u,recommendationservice-7444754ff5-n8cbh,5,58
23:02:02,300u,redis-cart-c8ff86559-kcf44,3,37
23:02:02,300u,shippingservice-f956b6d9f-w7n4b,3,35
23:02:07,300u,adservice-574bff445c-qb9cj,6,271
23:02:07,300u,cartservice-7c84fdfb6-m5m6d,2,188
23:02:07,300u,checkoutservice-5b6d96c9b7-45rkr,1,39
23:02:07,300u,currencyservice-7c8fc8fc9c-4hm9g,2,125
23:02:07,300u,currencyservice-7c8fc8fc9c-5frj9,2,81
23:02:07,300u,currencyservice-7c8fc8fc9c-mgwx9,1,119
23:02:07,300u,emailservice-66944ff59-2lcjl,5,95
23:02:07,300u,frontend-7bd6f45654-przgb,1,39
23:02:07,300u,frontend-7bd6f45654-s2s7z,1,57
23:02:07,300u,frontend-7bd6f45654-vfxkp,1,37
23:02:07,300u,paymentservice-9bfb7bf5-kgd56,2,114
23:02:07,300u,productcatalogservice-65bbf699df-j2fmg,1,44
23:02:07,300u,recommendationservice-7444754ff5-n8cbh,5,58
23:02:07,300u,redis-cart-c8ff86559-kcf44,3,37
23:02:07,300u,shippingservice-f956b6d9f-w7n4b,1,35
23:02:10,400u,adservice-574bff445c-qb9cj,6,271
23:02:10,400u,cartservice-7c84fdfb6-m5m6d,2,188
23:02:10,400u,checkoutservice-5b6d96c9b7-45rkr,1,39
23:02:10,400u,currencyservice-7c8fc8fc9c-4hm9g,2,125
23:02:10,400u,currencyservice-7c8fc8fc9c-5frj9,2,81
23:02:10,400u,currencyservice-7c8fc8fc9c-mgwx9,1,119
23:02:10,400u,emailservice-66944ff59-2lcjl,5,95
23:02:10,400u,frontend-7bd6f45654-przgb,1,39
23:02:10,400u,frontend-7bd6f45654-s2s7z,1,57
23:02:10,400u,frontend-7bd6f45654-vfxkp,1,37
23:02:10,400u,paymentservice-9bfb7bf5-kgd56,2,114
23:02:10,400u,productcatalogservice-65bbf699df-j2fmg,1,44
23:02:10,400u,recommendationservice-7444754ff5-n8cbh,5,58
23:02:10,400u,redis-cart-c8ff86559-kcf44,3,37
23:02:10,400u,shippingservice-f956b6d9f-w7n4b,1,35
23:02:12,400u,adservice-574bff445c-qb9cj,6,271
23:02:12,400u,cartservice-7c84fdfb6-m5m6d,2,188
23:02:12,400u,checkoutservice-5b6d96c9b7-45rkr,1,39
23:02:12,400u,currencyservice-7c8fc8fc9c-4hm9g,2,125
23:02:12,400u,currencyservice-7c8fc8fc9c-5frj9,2,81
23:02:12,400u,currencyservice-7c8fc8fc9c-mgwx9,1,119
23:02:12,400u,emailservice-66944ff59-2lcjl,5,95
23:02:12,400u,frontend-7bd6f45654-przgb,1,39
23:02:12,400u,frontend-7bd6f45654-s2s7z,1,57
23:02:12,400u,frontend-7bd6f45654-vfxkp,1,37
23:02:12,400u,paymentservice-9bfb7bf5-kgd56,2,114
23:02:12,400u,productcatalogservice-65bbf699df-j2fmg,1,44
23:02:12,400u,recommendationservice-7444754ff5-n8cbh,5,58
23:02:12,400u,redis-cart-c8ff86559-kcf44,3,37
23:02:12,400u,shippingservice-f956b6d9f-w7n4b,1,35
23:02:17,400u,adservice-574bff445c-qb9cj,6,271
23:02:17,400u,cartservice-7c84fdfb6-m5m6d,2,188
23:02:17,400u,checkoutservice-5b6d96c9b7-45rkr,1,39
23:02:17,400u,currencyservice-7c8fc8fc9c-4hm9g,2,125
23:02:17,400u,currencyservice-7c8fc8fc9c-5frj9,2,81
23:02:17,400u,currencyservice-7c8fc8fc9c-mgwx9,1,119
23:02:17,400u,emailservice-66944ff59-2lcjl,5,95
23:02:17,400u,frontend-7bd6f45654-przgb,1,39
23:02:17,400u,frontend-7bd6f45654-s2s7z,1,57
23:02:17,400u,frontend-7bd6f45654-vfxkp,1,37
23:02:17,400u,paymentservice-9bfb7bf5-kgd56,2,114
23:02:17,400u,productcatalogservice-65bbf699df-j2fmg,1,44
23:02:17,400u,recommendationservice-7444754ff5-n8cbh,5,58
23:02:17,400u,redis-cart-c8ff86559-kcf44,3,37
23:02:17,400u,shippingservice-f956b6d9f-w7n4b,1,35
23:02:20,400u,adservice-574bff445c-qb9cj,19,268
23:02:20,400u,cartservice-7c84fdfb6-m5m6d,33,188
23:02:20,400u,checkoutservice-5b6d96c9b7-45rkr,6,38
23:02:20,400u,currencyservice-7c8fc8fc9c-4hm9g,43,125
23:02:20,400u,currencyservice-7c8fc8fc9c-5frj9,3,81
23:02:20,400u,currencyservice-7c8fc8fc9c-mgwx9,25,119
23:02:20,400u,emailservice-66944ff59-2lcjl,6,95
23:02:20,400u,frontend-7bd6f45654-przgb,36,35
23:02:20,400u,frontend-7bd6f45654-s2s7z,26,53
23:02:20,400u,frontend-7bd6f45654-vfxkp,21,34
23:02:20,400u,paymentservice-9bfb7bf5-kgd56,4,114
23:02:20,400u,productcatalogservice-65bbf699df-j2fmg,31,44
23:02:20,400u,recommendationservice-7444754ff5-n8cbh,52,58
23:02:20,400u,redis-cart-c8ff86559-kcf44,5,37
23:02:20,400u,shippingservice-f956b6d9f-w7n4b,6,35
23:02:22,400u,adservice-574bff445c-qb9cj,19,268
23:02:22,400u,cartservice-7c84fdfb6-m5m6d,33,188
23:02:22,400u,checkoutservice-5b6d96c9b7-45rkr,6,38
23:02:22,400u,currencyservice-7c8fc8fc9c-4hm9g,43,125
23:02:22,400u,currencyservice-7c8fc8fc9c-5frj9,3,81
23:02:22,400u,currencyservice-7c8fc8fc9c-mgwx9,25,119
23:02:22,400u,emailservice-66944ff59-2lcjl,6,95
23:02:22,400u,frontend-7bd6f45654-przgb,36,35
23:02:22,400u,frontend-7bd6f45654-s2s7z,26,53
23:02:22,400u,frontend-7bd6f45654-vfxkp,21,34
23:02:22,400u,paymentservice-9bfb7bf5-kgd56,4,114
23:02:22,400u,productcatalogservice-65bbf699df-j2fmg,31,44
23:02:22,400u,recommendationservice-7444754ff5-n8cbh,52,58
23:02:22,400u,redis-cart-c8ff86559-kcf44,5,37
23:02:22,400u,shippingservice-f956b6d9f-w7n4b,6,35
23:02:27,400u,adservice-574bff445c-qb9cj,19,268
23:02:27,400u,cartservice-7c84fdfb6-m5m6d,33,188
23:02:27,400u,checkoutservice-5b6d96c9b7-45rkr,6,38
23:02:27,400u,currencyservice-7c8fc8fc9c-4hm9g,43,125
23:02:27,400u,currencyservice-7c8fc8fc9c-5frj9,3,81
23:02:27,400u,currencyservice-7c8fc8fc9c-mgwx9,25,119
23:02:27,400u,emailservice-66944ff59-2lcjl,6,95
23:02:27,400u,frontend-7bd6f45654-przgb,36,35
23:02:27,400u,frontend-7bd6f45654-s2s7z,26,53
23:02:27,400u,frontend-7bd6f45654-vfxkp,21,34
23:02:27,400u,paymentservice-9bfb7bf5-kgd56,4,114
23:02:27,400u,productcatalogservice-65bbf699df-j2fmg,31,44
23:02:27,400u,recommendationservice-7444754ff5-n8cbh,52,58
23:02:27,400u,redis-cart-c8ff86559-kcf44,5,37
23:02:27,400u,shippingservice-f956b6d9f-w7n4b,6,35
23:02:30,400u,adservice-574bff445c-qb9cj,19,268
23:02:30,400u,cartservice-7c84fdfb6-m5m6d,33,188
23:02:30,400u,checkoutservice-5b6d96c9b7-45rkr,6,38
23:02:30,400u,currencyservice-7c8fc8fc9c-4hm9g,43,125
23:02:30,400u,currencyservice-7c8fc8fc9c-5frj9,3,81
23:02:30,400u,currencyservice-7c8fc8fc9c-mgwx9,25,119
23:02:30,400u,emailservice-66944ff59-2lcjl,6,95
23:02:30,400u,frontend-7bd6f45654-przgb,36,35
23:02:30,400u,frontend-7bd6f45654-s2s7z,26,53
23:02:30,400u,frontend-7bd6f45654-vfxkp,21,34
23:02:30,400u,paymentservice-9bfb7bf5-kgd56,4,114
23:02:30,400u,productcatalogservice-65bbf699df-j2fmg,31,44
23:02:30,400u,recommendationservice-7444754ff5-n8cbh,52,58
23:02:30,400u,redis-cart-c8ff86559-kcf44,5,37
23:02:30,400u,shippingservice-f956b6d9f-w7n4b,6,35
23:02:33,400u,adservice-574bff445c-qb9cj,19,268
23:02:33,400u,cartservice-7c84fdfb6-m5m6d,33,188
23:02:33,400u,checkoutservice-5b6d96c9b7-45rkr,6,38
23:02:33,400u,currencyservice-7c8fc8fc9c-4hm9g,43,125
23:02:33,400u,currencyservice-7c8fc8fc9c-5frj9,3,81
23:02:33,400u,currencyservice-7c8fc8fc9c-mgwx9,25,119
23:02:33,400u,emailservice-66944ff59-2lcjl,6,95
23:02:33,400u,frontend-7bd6f45654-przgb,36,35
23:02:33,400u,frontend-7bd6f45654-s2s7z,26,53
23:02:33,400u,frontend-7bd6f45654-vfxkp,21,34
23:02:33,400u,paymentservice-9bfb7bf5-kgd56,4,114
23:02:33,400u,productcatalogservice-65bbf699df-j2fmg,31,44
23:02:33,400u,recommendationservice-7444754ff5-n8cbh,52,58
23:02:33,400u,redis-cart-c8ff86559-kcf44,5,37
23:02:33,400u,shippingservice-f956b6d9f-w7n4b,6,35
23:02:37,400u,adservice-574bff445c-qb9cj,52,271
23:02:37,400u,cartservice-7c84fdfb6-m5m6d,85,188
23:02:37,400u,checkoutservice-5b6d96c9b7-45rkr,18,38
23:02:37,400u,currencyservice-7c8fc8fc9c-4hm9g,92,125
23:02:37,400u,currencyservice-7c8fc8fc9c-5frj9,2,81
23:02:37,400u,currencyservice-7c8fc8fc9c-mgwx9,94,119
23:02:37,400u,emailservice-66944ff59-2lcjl,11,95
23:02:37,400u,frontend-7bd6f45654-przgb,82,35
23:02:37,400u,frontend-7bd6f45654-s2s7z,111,53
23:02:37,400u,frontend-7bd6f45654-vfxkp,49,35
23:02:37,400u,paymentservice-9bfb7bf5-kgd56,8,114
23:02:37,400u,productcatalogservice-65bbf699df-j2fmg,89,44
23:02:37,400u,recommendationservice-7444754ff5-n8cbh,157,58
23:02:37,400u,redis-cart-c8ff86559-kcf44,7,37
23:02:37,400u,shippingservice-f956b6d9f-w7n4b,17,35
23:02:40,400u,adservice-574bff445c-qb9cj,52,271
23:02:40,400u,cartservice-7c84fdfb6-m5m6d,85,188
23:02:40,400u,checkoutservice-5b6d96c9b7-45rkr,18,38
23:02:40,400u,currencyservice-7c8fc8fc9c-4hm9g,92,125
23:02:40,400u,currencyservice-7c8fc8fc9c-5frj9,2,81
23:02:40,400u,currencyservice-7c8fc8fc9c-mgwx9,94,119
23:02:40,400u,emailservice-66944ff59-2lcjl,11,95
23:02:40,400u,frontend-7bd6f45654-przgb,82,35
23:02:40,400u,frontend-7bd6f45654-s2s7z,111,53
23:02:40,400u,frontend-7bd6f45654-vfxkp,49,35
23:02:40,400u,paymentservice-9bfb7bf5-kgd56,8,114
23:02:40,400u,productcatalogservice-65bbf699df-j2fmg,89,44
23:02:40,400u,recommendationservice-7444754ff5-n8cbh,157,58
23:02:40,400u,redis-cart-c8ff86559-kcf44,7,37
23:02:40,400u,shippingservice-f956b6d9f-w7n4b,17,35
23:02:43,400u,adservice-574bff445c-qb9cj,52,271
23:02:43,400u,cartservice-7c84fdfb6-m5m6d,85,188
23:02:43,400u,checkoutservice-5b6d96c9b7-45rkr,18,38
23:02:43,400u,currencyservice-7c8fc8fc9c-4hm9g,92,125
23:02:43,400u,currencyservice-7c8fc8fc9c-5frj9,2,81
23:02:43,400u,currencyservice-7c8fc8fc9c-mgwx9,94,119
23:02:43,400u,emailservice-66944ff59-2lcjl,11,95
23:02:43,400u,frontend-7bd6f45654-przgb,82,35
23:02:43,400u,frontend-7bd6f45654-s2s7z,111,53
23:02:43,400u,frontend-7bd6f45654-vfxkp,49,35
23:02:43,400u,paymentservice-9bfb7bf5-kgd56,8,114
23:02:43,400u,productcatalogservice-65bbf699df-j2fmg,89,44
23:02:43,400u,recommendationservice-7444754ff5-n8cbh,157,58
23:02:43,400u,redis-cart-c8ff86559-kcf44,7,37
23:02:43,400u,shippingservice-f956b6d9f-w7n4b,17,35
23:02:47,400u,adservice-574bff445c-qb9cj,52,271
23:02:47,400u,cartservice-7c84fdfb6-m5m6d,85,188
23:02:47,400u,checkoutservice-5b6d96c9b7-45rkr,18,38
23:02:47,400u,currencyservice-7c8fc8fc9c-4hm9g,92,125
23:02:47,400u,currencyservice-7c8fc8fc9c-5frj9,2,81
23:02:47,400u,currencyservice-7c8fc8fc9c-mgwx9,94,119
23:02:47,400u,emailservice-66944ff59-2lcjl,11,95
23:02:47,400u,frontend-7bd6f45654-przgb,82,35
23:02:47,400u,frontend-7bd6f45654-s2s7z,111,53
23:02:47,400u,frontend-7bd6f45654-vfxkp,49,35
23:02:47,400u,paymentservice-9bfb7bf5-kgd56,8,114
23:02:47,400u,productcatalogservice-65bbf699df-j2fmg,89,44
23:02:47,400u,recommendationservice-7444754ff5-n8cbh,157,58
23:02:47,400u,redis-cart-c8ff86559-kcf44,7,37
23:02:47,400u,shippingservice-f956b6d9f-w7n4b,17,35
23:02:51,400u,adservice-574bff445c-qb9cj,35,268
23:02:51,400u,cartservice-7c84fdfb6-m5m6d,71,187
23:02:51,400u,checkoutservice-5b6d96c9b7-45rkr,11,38
23:02:51,400u,currencyservice-7c8fc8fc9c-4hm9g,74,125
23:02:51,400u,currencyservice-7c8fc8fc9c-5frj9,2,81
23:02:51,400u,currencyservice-7c8fc8fc9c-mgwx9,60,119
23:02:51,400u,emailservice-66944ff59-2lcjl,8,95
23:02:51,400u,frontend-7bd6f45654-przgb,68,34
23:02:51,400u,frontend-7bd6f45654-s2s7z,72,53
23:02:51,400u,frontend-7bd6f45654-vfxkp,43,35
23:02:51,400u,paymentservice-9bfb7bf5-kgd56,6,114
23:02:51,400u,productcatalogservice-65bbf699df-j2fmg,65,44
23:02:51,400u,recommendationservice-7444754ff5-n8cbh,114,58
23:02:51,400u,redis-cart-c8ff86559-kcf44,6,37
23:02:51,400u,shippingservice-f956b6d9f-w7n4b,13,35
23:02:53,400u,adservice-574bff445c-qb9cj,35,268
23:02:53,400u,cartservice-7c84fdfb6-m5m6d,71,187
23:02:53,400u,checkoutservice-5b6d96c9b7-45rkr,11,38
23:02:53,400u,currencyservice-7c8fc8fc9c-4hm9g,74,125
23:02:53,400u,currencyservice-7c8fc8fc9c-5frj9,2,81
23:02:53,400u,currencyservice-7c8fc8fc9c-mgwx9,60,119
23:02:53,400u,emailservice-66944ff59-2lcjl,8,95
23:02:53,400u,frontend-7bd6f45654-przgb,68,34
23:02:53,400u,frontend-7bd6f45654-s2s7z,72,53
23:02:53,400u,frontend-7bd6f45654-vfxkp,43,35
23:02:53,400u,paymentservice-9bfb7bf5-kgd56,6,114
23:02:53,400u,productcatalogservice-65bbf699df-j2fmg,65,44
23:02:53,400u,recommendationservice-7444754ff5-n8cbh,114,58
23:02:53,400u,redis-cart-c8ff86559-kcf44,6,37
23:02:53,400u,shippingservice-f956b6d9f-w7n4b,13,35
23:02:58,400u,adservice-574bff445c-qb9cj,35,268
23:02:58,400u,cartservice-7c84fdfb6-m5m6d,71,187
23:02:58,400u,checkoutservice-5b6d96c9b7-45rkr,11,38
23:02:58,400u,currencyservice-7c8fc8fc9c-4hm9g,74,125
23:02:58,400u,currencyservice-7c8fc8fc9c-5frj9,2,81
23:02:58,400u,currencyservice-7c8fc8fc9c-mgwx9,60,119
23:02:58,400u,emailservice-66944ff59-2lcjl,8,95
23:02:58,400u,frontend-7bd6f45654-przgb,68,34
23:02:58,400u,frontend-7bd6f45654-s2s7z,72,53
23:02:58,400u,frontend-7bd6f45654-vfxkp,43,35
23:02:58,400u,paymentservice-9bfb7bf5-kgd56,6,114
23:02:58,400u,productcatalogservice-65bbf699df-j2fmg,65,44
23:02:58,400u,recommendationservice-7444754ff5-n8cbh,114,58
23:02:58,400u,redis-cart-c8ff86559-kcf44,6,37
23:02:58,400u,shippingservice-f956b6d9f-w7n4b,13,35
23:03:01,400u,adservice-574bff445c-qb9cj,35,268
23:03:01,400u,cartservice-7c84fdfb6-m5m6d,71,187
23:03:01,400u,checkoutservice-5b6d96c9b7-45rkr,11,38
23:03:01,400u,currencyservice-7c8fc8fc9c-4hm9g,74,125
23:03:01,400u,currencyservice-7c8fc8fc9c-5frj9,2,81
23:03:01,400u,currencyservice-7c8fc8fc9c-mgwx9,60,119
23:03:01,400u,emailservice-66944ff59-2lcjl,8,95
23:03:01,400u,frontend-7bd6f45654-przgb,68,34
23:03:01,400u,frontend-7bd6f45654-s2s7z,72,53
23:03:01,400u,frontend-7bd6f45654-vfxkp,43,35
23:03:01,400u,paymentservice-9bfb7bf5-kgd56,6,114
23:03:01,400u,productcatalogservice-65bbf699df-j2fmg,65,44
23:03:01,400u,recommendationservice-7444754ff5-n8cbh,114,58
23:03:01,400u,redis-cart-c8ff86559-kcf44,6,37
23:03:01,400u,shippingservice-f956b6d9f-w7n4b,13,35
23:03:03,400u,adservice-574bff445c-qb9cj,35,268
23:03:03,400u,cartservice-7c84fdfb6-m5m6d,71,187
23:03:03,400u,checkoutservice-5b6d96c9b7-45rkr,11,38
23:03:03,400u,currencyservice-7c8fc8fc9c-4hm9g,74,125
23:03:03,400u,currencyservice-7c8fc8fc9c-5frj9,2,81
23:03:03,400u,currencyservice-7c8fc8fc9c-mgwx9,60,119
23:03:03,400u,emailservice-66944ff59-2lcjl,8,95
23:03:03,400u,frontend-7bd6f45654-przgb,68,34
23:03:03,400u,frontend-7bd6f45654-s2s7z,72,53
23:03:03,400u,frontend-7bd6f45654-vfxkp,43,35
23:03:03,400u,paymentservice-9bfb7bf5-kgd56,6,114
23:03:03,400u,productcatalogservice-65bbf699df-j2fmg,65,44
23:03:03,400u,recommendationservice-7444754ff5-n8cbh,114,58
23:03:03,400u,redis-cart-c8ff86559-kcf44,6,37
23:03:03,400u,shippingservice-f956b6d9f-w7n4b,13,35
23:03:08,400u,adservice-574bff445c-qb9cj,47,268
23:03:08,400u,cartservice-7c84fdfb6-m5m6d,87,187
23:03:08,400u,checkoutservice-5b6d96c9b7-45rkr,17,38
23:03:08,400u,currencyservice-7c8fc8fc9c-4hm9g,110,124
23:03:08,400u,currencyservice-7c8fc8fc9c-5frj9,1,81
23:03:08,400u,currencyservice-7c8fc8fc9c-mgwx9,78,120
23:03:08,400u,emailservice-66944ff59-2lcjl,11,95
23:03:08,400u,frontend-7bd6f45654-przgb,85,35
23:03:08,400u,frontend-7bd6f45654-s2s7z,87,53
23:03:08,400u,frontend-7bd6f45654-vfxkp,86,35
23:03:08,400u,paymentservice-9bfb7bf5-kgd56,8,114
23:03:08,400u,productcatalogservice-65bbf699df-j2fmg,93,44
23:03:08,400u,recommendationservice-7444754ff5-n8cbh,160,58
23:03:08,400u,redis-cart-c8ff86559-kcf44,7,37
23:03:08,400u,shippingservice-f956b6d9f-w7n4b,17,35
23:03:11,400u,adservice-574bff445c-qb9cj,47,268
23:03:11,400u,cartservice-7c84fdfb6-m5m6d,87,187
23:03:11,400u,checkoutservice-5b6d96c9b7-45rkr,17,38
23:03:11,400u,currencyservice-7c8fc8fc9c-4hm9g,110,124
23:03:11,400u,currencyservice-7c8fc8fc9c-5frj9,1,81
23:03:11,400u,currencyservice-7c8fc8fc9c-mgwx9,78,120
23:03:11,400u,emailservice-66944ff59-2lcjl,11,95
23:03:11,400u,frontend-7bd6f45654-przgb,85,35
23:03:11,400u,frontend-7bd6f45654-s2s7z,87,53
23:03:11,400u,frontend-7bd6f45654-vfxkp,86,35
23:03:11,400u,paymentservice-9bfb7bf5-kgd56,8,114
23:03:11,400u,productcatalogservice-65bbf699df-j2fmg,93,44
23:03:11,400u,recommendationservice-7444754ff5-n8cbh,160,58
23:03:11,400u,redis-cart-c8ff86559-kcf44,7,37
23:03:11,400u,shippingservice-f956b6d9f-w7n4b,17,35
23:03:13,400u,adservice-574bff445c-qb9cj,47,268
23:03:13,400u,cartservice-7c84fdfb6-m5m6d,87,187
23:03:13,400u,checkoutservice-5b6d96c9b7-45rkr,17,38
23:03:13,400u,currencyservice-7c8fc8fc9c-4hm9g,110,124
23:03:13,400u,currencyservice-7c8fc8fc9c-5frj9,1,81
23:03:13,400u,currencyservice-7c8fc8fc9c-mgwx9,78,120
23:03:13,400u,emailservice-66944ff59-2lcjl,11,95
23:03:13,400u,frontend-7bd6f45654-przgb,85,35
23:03:13,400u,frontend-7bd6f45654-s2s7z,87,53
23:03:13,400u,frontend-7bd6f45654-vfxkp,86,35
23:03:13,400u,paymentservice-9bfb7bf5-kgd56,8,114
23:03:13,400u,productcatalogservice-65bbf699df-j2fmg,93,44
23:03:13,400u,recommendationservice-7444754ff5-n8cbh,160,58
23:03:13,400u,redis-cart-c8ff86559-kcf44,7,37
23:03:13,400u,shippingservice-f956b6d9f-w7n4b,17,35
23:03:18,400u,adservice-574bff445c-qb9cj,47,268
23:03:18,400u,cartservice-7c84fdfb6-m5m6d,87,187
23:03:18,400u,checkoutservice-5b6d96c9b7-45rkr,17,38
23:03:18,400u,currencyservice-7c8fc8fc9c-4hm9g,110,124
23:03:18,400u,currencyservice-7c8fc8fc9c-5frj9,1,81
23:03:18,400u,currencyservice-7c8fc8fc9c-mgwx9,78,120
23:03:18,400u,emailservice-66944ff59-2lcjl,11,95
23:03:18,400u,frontend-7bd6f45654-przgb,85,35
23:03:18,400u,frontend-7bd6f45654-s2s7z,87,53
23:03:18,400u,frontend-7bd6f45654-vfxkp,86,35
23:03:18,400u,paymentservice-9bfb7bf5-kgd56,8,114
23:03:18,400u,productcatalogservice-65bbf699df-j2fmg,93,44
23:03:18,400u,recommendationservice-7444754ff5-n8cbh,160,58
23:03:18,400u,redis-cart-c8ff86559-kcf44,7,37
23:03:18,400u,shippingservice-f956b6d9f-w7n4b,17,35
23:03:21,400u,adservice-574bff445c-qb9cj,59,268
23:03:21,400u,cartservice-7c84fdfb6-m5m6d,89,187
23:03:21,400u,checkoutservice-5b6d96c9b7-45rkr,20,38
23:03:21,400u,currencyservice-7c8fc8fc9c-4hm9g,124,125
23:03:21,400u,currencyservice-7c8fc8fc9c-5frj9,1,81
23:03:21,400u,currencyservice-7c8fc8fc9c-mgwx9,87,119
23:03:21,400u,emailservice-66944ff59-2lcjl,13,95
23:03:21,400u,frontend-7bd6f45654-przgb,95,36
23:03:21,400u,frontend-7bd6f45654-s2s7z,93,54
23:03:21,400u,frontend-7bd6f45654-vfxkp,103,36
23:03:21,400u,paymentservice-9bfb7bf5-kgd56,9,114
23:03:21,400u,productcatalogservice-65bbf699df-j2fmg,105,44
23:03:21,400u,recommendationservice-7444754ff5-n8cbh,187,59
23:03:21,400u,redis-cart-c8ff86559-kcf44,8,37
23:03:21,400u,shippingservice-f956b6d9f-w7n4b,19,35
23:03:23,400u,adservice-574bff445c-qb9cj,59,268
23:03:23,400u,cartservice-7c84fdfb6-m5m6d,89,187
23:03:23,400u,checkoutservice-5b6d96c9b7-45rkr,20,38
23:03:23,400u,currencyservice-7c8fc8fc9c-4hm9g,124,125
23:03:23,400u,currencyservice-7c8fc8fc9c-5frj9,1,81
23:03:23,400u,currencyservice-7c8fc8fc9c-mgwx9,87,119
23:03:23,400u,emailservice-66944ff59-2lcjl,13,95
23:03:23,400u,frontend-7bd6f45654-przgb,95,36
23:03:23,400u,frontend-7bd6f45654-s2s7z,93,54
23:03:23,400u,frontend-7bd6f45654-vfxkp,103,36
23:03:23,400u,paymentservice-9bfb7bf5-kgd56,9,114
23:03:23,400u,productcatalogservice-65bbf699df-j2fmg,105,44
23:03:23,400u,recommendationservice-7444754ff5-n8cbh,187,59
23:03:23,400u,redis-cart-c8ff86559-kcf44,8,37
23:03:23,400u,shippingservice-f956b6d9f-w7n4b,19,35
23:03:28,400u,adservice-574bff445c-qb9cj,59,268
23:03:28,400u,cartservice-7c84fdfb6-m5m6d,89,187
23:03:28,400u,checkoutservice-5b6d96c9b7-45rkr,20,38
23:03:28,400u,currencyservice-7c8fc8fc9c-4hm9g,124,125
23:03:28,400u,currencyservice-7c8fc8fc9c-5frj9,1,81
23:03:28,400u,currencyservice-7c8fc8fc9c-mgwx9,87,119
23:03:28,400u,emailservice-66944ff59-2lcjl,13,95
23:03:28,400u,frontend-7bd6f45654-przgb,95,36
23:03:28,400u,frontend-7bd6f45654-s2s7z,93,54
23:03:28,400u,frontend-7bd6f45654-vfxkp,103,36
23:03:28,400u,paymentservice-9bfb7bf5-kgd56,9,114
23:03:28,400u,productcatalogservice-65bbf699df-j2fmg,105,44
23:03:28,400u,recommendationservice-7444754ff5-n8cbh,187,59
23:03:28,400u,redis-cart-c8ff86559-kcf44,8,37
23:03:28,400u,shippingservice-f956b6d9f-w7n4b,19,35
23:03:31,400u,adservice-574bff445c-qb9cj,59,268
23:03:31,400u,cartservice-7c84fdfb6-m5m6d,89,187
23:03:31,400u,checkoutservice-5b6d96c9b7-45rkr,20,38
23:03:31,400u,currencyservice-7c8fc8fc9c-4hm9g,124,125
23:03:31,400u,currencyservice-7c8fc8fc9c-5frj9,1,81
23:03:31,400u,currencyservice-7c8fc8fc9c-mgwx9,87,119
23:03:31,400u,emailservice-66944ff59-2lcjl,13,95
23:03:31,400u,frontend-7bd6f45654-przgb,95,36
23:03:31,400u,frontend-7bd6f45654-s2s7z,93,54
23:03:31,400u,frontend-7bd6f45654-vfxkp,103,36
23:03:31,400u,paymentservice-9bfb7bf5-kgd56,9,114
23:03:31,400u,productcatalogservice-65bbf699df-j2fmg,105,44
23:03:31,400u,recommendationservice-7444754ff5-n8cbh,187,59
23:03:31,400u,redis-cart-c8ff86559-kcf44,8,37
23:03:31,400u,shippingservice-f956b6d9f-w7n4b,19,35
23:03:33,400u,adservice-574bff445c-qb9cj,59,268
23:03:33,400u,cartservice-7c84fdfb6-m5m6d,89,187
23:03:33,400u,checkoutservice-5b6d96c9b7-45rkr,20,38
23:03:33,400u,currencyservice-7c8fc8fc9c-4hm9g,124,125
23:03:33,400u,currencyservice-7c8fc8fc9c-5frj9,1,81
23:03:33,400u,currencyservice-7c8fc8fc9c-mgwx9,87,119
23:03:33,400u,emailservice-66944ff59-2lcjl,13,95
23:03:33,400u,frontend-7bd6f45654-przgb,95,36
23:03:33,400u,frontend-7bd6f45654-s2s7z,93,54
23:03:33,400u,frontend-7bd6f45654-vfxkp,103,36
23:03:33,400u,paymentservice-9bfb7bf5-kgd56,9,114
23:03:33,400u,productcatalogservice-65bbf699df-j2fmg,105,44
23:03:33,400u,recommendationservice-7444754ff5-n8cbh,187,59
23:03:33,400u,redis-cart-c8ff86559-kcf44,8,37
23:03:33,400u,shippingservice-f956b6d9f-w7n4b,19,35
23:03:38,400u,adservice-574bff445c-qb9cj,65,268
23:03:38,400u,cartservice-7c84fdfb6-m5m6d,99,187
23:03:38,400u,checkoutservice-5b6d96c9b7-45rkr,19,38
23:03:38,400u,currencyservice-7c8fc8fc9c-4hm9g,142,124
23:03:38,400u,currencyservice-7c8fc8fc9c-5frj9,2,81
23:03:38,400u,currencyservice-7c8fc8fc9c-mgwx9,85,119
23:03:38,400u,emailservice-66944ff59-2lcjl,11,95
23:03:38,400u,frontend-7bd6f45654-przgb,110,36
23:03:38,400u,frontend-7bd6f45654-s2s7z,95,54
23:03:38,400u,frontend-7bd6f45654-vfxkp,113,36
23:03:38,400u,paymentservice-9bfb7bf5-kgd56,8,114
23:03:38,400u,productcatalogservice-65bbf699df-j2fmg,111,44
23:03:38,400u,recommendationservice-7444754ff5-n8cbh,197,59
23:03:38,400u,redis-cart-c8ff86559-kcf44,8,37
23:03:38,400u,shippingservice-f956b6d9f-w7n4b,20,35
23:03:41,400u,adservice-574bff445c-qb9cj,65,268
23:03:41,400u,cartservice-7c84fdfb6-m5m6d,99,187
23:03:41,400u,checkoutservice-5b6d96c9b7-45rkr,19,38
23:03:41,400u,currencyservice-7c8fc8fc9c-4hm9g,142,124
23:03:41,400u,currencyservice-7c8fc8fc9c-5frj9,2,81
23:03:41,400u,currencyservice-7c8fc8fc9c-mgwx9,85,119
23:03:41,400u,emailservice-66944ff59-2lcjl,11,95
23:03:41,400u,frontend-7bd6f45654-przgb,110,36
23:03:41,400u,frontend-7bd6f45654-s2s7z,95,54
23:03:41,400u,frontend-7bd6f45654-vfxkp,113,36
23:03:41,400u,paymentservice-9bfb7bf5-kgd56,8,114
23:03:41,400u,productcatalogservice-65bbf699df-j2fmg,111,44
23:03:41,400u,recommendationservice-7444754ff5-n8cbh,197,59
23:03:41,400u,redis-cart-c8ff86559-kcf44,8,37
23:03:41,400u,shippingservice-f956b6d9f-w7n4b,20,35
23:03:43,400u,adservice-574bff445c-qb9cj,65,268
23:03:43,400u,cartservice-7c84fdfb6-m5m6d,99,187
23:03:43,400u,checkoutservice-5b6d96c9b7-45rkr,19,38
23:03:43,400u,currencyservice-7c8fc8fc9c-4hm9g,142,124
23:03:43,400u,currencyservice-7c8fc8fc9c-5frj9,2,81
23:03:43,400u,currencyservice-7c8fc8fc9c-mgwx9,85,119
23:03:43,400u,emailservice-66944ff59-2lcjl,11,95
23:03:43,400u,frontend-7bd6f45654-przgb,110,36
23:03:43,400u,frontend-7bd6f45654-s2s7z,95,54
23:03:43,400u,frontend-7bd6f45654-vfxkp,113,36
23:03:43,400u,paymentservice-9bfb7bf5-kgd56,8,114
23:03:43,400u,productcatalogservice-65bbf699df-j2fmg,111,44
23:03:43,400u,recommendationservice-7444754ff5-n8cbh,197,59
23:03:43,400u,redis-cart-c8ff86559-kcf44,8,37
23:03:43,400u,shippingservice-f956b6d9f-w7n4b,20,35
23:03:48,400u,adservice-574bff445c-qb9cj,65,268
23:03:48,400u,cartservice-7c84fdfb6-m5m6d,99,187
23:03:48,400u,checkoutservice-5b6d96c9b7-45rkr,19,38
23:03:48,400u,currencyservice-7c8fc8fc9c-4hm9g,142,124
23:03:48,400u,currencyservice-7c8fc8fc9c-5frj9,2,81
23:03:48,400u,currencyservice-7c8fc8fc9c-mgwx9,85,119
23:03:48,400u,emailservice-66944ff59-2lcjl,11,95
23:03:48,400u,frontend-7bd6f45654-przgb,110,36
23:03:48,400u,frontend-7bd6f45654-s2s7z,95,54
23:03:48,400u,frontend-7bd6f45654-vfxkp,113,36
23:03:48,400u,paymentservice-9bfb7bf5-kgd56,8,114
23:03:48,400u,productcatalogservice-65bbf699df-j2fmg,111,44
23:03:48,400u,recommendationservice-7444754ff5-n8cbh,197,59
23:03:48,400u,redis-cart-c8ff86559-kcf44,8,37
23:03:48,400u,shippingservice-f956b6d9f-w7n4b,20,35
23:03:51,400u,adservice-574bff445c-qb9cj,62,269
23:03:51,400u,cartservice-7c84fdfb6-m5m6d,90,187
23:03:51,400u,checkoutservice-5b6d96c9b7-45rkr,18,38
23:03:51,400u,currencyservice-7c8fc8fc9c-4hm9g,140,122
23:03:51,400u,currencyservice-7c8fc8fc9c-5frj9,2,81
23:03:51,400u,currencyservice-7c8fc8fc9c-mgwx9,82,121
23:03:51,400u,emailservice-66944ff59-2lcjl,11,95
23:03:51,400u,frontend-7bd6f45654-przgb,101,37
23:03:51,400u,frontend-7bd6f45654-s2s7z,90,55
23:03:51,400u,frontend-7bd6f45654-vfxkp,115,37
23:03:51,400u,paymentservice-9bfb7bf5-kgd56,8,114
23:03:51,400u,productcatalogservice-65bbf699df-j2fmg,111,44
23:03:51,400u,recommendationservice-7444754ff5-n8cbh,198,60
23:03:51,400u,redis-cart-c8ff86559-kcf44,8,37
23:03:51,400u,shippingservice-f956b6d9f-w7n4b,19,35
23:03:53,400u,adservice-574bff445c-qb9cj,62,269
23:03:53,400u,cartservice-7c84fdfb6-m5m6d,90,187
23:03:53,400u,checkoutservice-5b6d96c9b7-45rkr,18,38
23:03:53,400u,currencyservice-7c8fc8fc9c-4hm9g,140,122
23:03:53,400u,currencyservice-7c8fc8fc9c-5frj9,2,81
23:03:53,400u,currencyservice-7c8fc8fc9c-mgwx9,82,121
23:03:53,400u,emailservice-66944ff59-2lcjl,11,95
23:03:53,400u,frontend-7bd6f45654-przgb,101,37
23:03:53,400u,frontend-7bd6f45654-s2s7z,90,55
23:03:53,400u,frontend-7bd6f45654-vfxkp,115,37
23:03:53,400u,paymentservice-9bfb7bf5-kgd56,8,114
23:03:53,400u,productcatalogservice-65bbf699df-j2fmg,111,44
23:03:53,400u,recommendationservice-7444754ff5-n8cbh,198,60
23:03:53,400u,redis-cart-c8ff86559-kcf44,8,37
23:03:53,400u,shippingservice-f956b6d9f-w7n4b,19,35
23:03:58,400u,adservice-574bff445c-qb9cj,62,269
23:03:58,400u,cartservice-7c84fdfb6-m5m6d,90,187
23:03:58,400u,checkoutservice-5b6d96c9b7-45rkr,18,38
23:03:58,400u,currencyservice-7c8fc8fc9c-4hm9g,140,122
23:03:58,400u,currencyservice-7c8fc8fc9c-5frj9,2,81
23:03:58,400u,currencyservice-7c8fc8fc9c-mgwx9,82,121
23:03:58,400u,emailservice-66944ff59-2lcjl,11,95
23:03:58,400u,frontend-7bd6f45654-przgb,101,37
23:03:58,400u,frontend-7bd6f45654-s2s7z,90,55
23:03:58,400u,frontend-7bd6f45654-vfxkp,115,37
23:03:58,400u,paymentservice-9bfb7bf5-kgd56,8,114
23:03:58,400u,productcatalogservice-65bbf699df-j2fmg,111,44
23:03:58,400u,recommendationservice-7444754ff5-n8cbh,198,60
23:03:58,400u,redis-cart-c8ff86559-kcf44,8,37
23:03:58,400u,shippingservice-f956b6d9f-w7n4b,19,35
23:04:01,400u,adservice-574bff445c-qb9cj,62,269
23:04:01,400u,cartservice-7c84fdfb6-m5m6d,90,187
23:04:01,400u,checkoutservice-5b6d96c9b7-45rkr,18,38
23:04:01,400u,currencyservice-7c8fc8fc9c-4hm9g,140,122
23:04:01,400u,currencyservice-7c8fc8fc9c-5frj9,2,81
23:04:01,400u,currencyservice-7c8fc8fc9c-mgwx9,82,121
23:04:01,400u,emailservice-66944ff59-2lcjl,11,95
23:04:01,400u,frontend-7bd6f45654-przgb,101,37
23:04:01,400u,frontend-7bd6f45654-s2s7z,90,55
23:04:01,400u,frontend-7bd6f45654-vfxkp,115,37
23:04:01,400u,paymentservice-9bfb7bf5-kgd56,8,114
23:04:01,400u,productcatalogservice-65bbf699df-j2fmg,111,44
23:04:01,400u,recommendationservice-7444754ff5-n8cbh,198,60
23:04:01,400u,redis-cart-c8ff86559-kcf44,8,37
23:04:01,400u,shippingservice-f956b6d9f-w7n4b,19,35
23:04:03,400u,adservice-574bff445c-qb9cj,62,269
23:04:03,400u,cartservice-7c84fdfb6-m5m6d,90,187
23:04:03,400u,checkoutservice-5b6d96c9b7-45rkr,18,38
23:04:03,400u,currencyservice-7c8fc8fc9c-4hm9g,140,122
23:04:03,400u,currencyservice-7c8fc8fc9c-5frj9,2,81
23:04:03,400u,currencyservice-7c8fc8fc9c-mgwx9,82,121
23:04:03,400u,emailservice-66944ff59-2lcjl,11,95
23:04:03,400u,frontend-7bd6f45654-przgb,101,37
23:04:03,400u,frontend-7bd6f45654-s2s7z,90,55
23:04:03,400u,frontend-7bd6f45654-vfxkp,115,37
23:04:03,400u,paymentservice-9bfb7bf5-kgd56,8,114
23:04:03,400u,productcatalogservice-65bbf699df-j2fmg,111,44
23:04:03,400u,recommendationservice-7444754ff5-n8cbh,198,60
23:04:03,400u,redis-cart-c8ff86559-kcf44,8,37
23:04:03,400u,shippingservice-f956b6d9f-w7n4b,19,35
23:04:08,400u,adservice-574bff445c-qb9cj,63,269
23:04:08,400u,cartservice-7c84fdfb6-m5m6d,105,187
23:04:08,400u,checkoutservice-5b6d96c9b7-45rkr,20,38
23:04:08,400u,currencyservice-7c8fc8fc9c-4hm9g,145,123
23:04:08,400u,currencyservice-7c8fc8fc9c-5frj9,1,81
23:04:08,400u,currencyservice-7c8fc8fc9c-mgwx9,88,121
23:04:08,400u,emailservice-66944ff59-2lcjl,11,95
23:04:08,400u,frontend-7bd6f45654-przgb,114,38
23:04:08,400u,frontend-7bd6f45654-s2s7z,100,55
23:04:08,400u,frontend-7bd6f45654-vfxkp,111,38
23:04:08,400u,paymentservice-9bfb7bf5-kgd56,8,114
23:04:08,400u,productcatalogservice-65bbf699df-j2fmg,112,44
23:04:08,400u,recommendationservice-7444754ff5-n8cbh,200,60
23:04:08,400u,redis-cart-c8ff86559-kcf44,8,37
23:04:08,400u,shippingservice-f956b6d9f-w7n4b,20,35
23:04:11,400u,adservice-574bff445c-qb9cj,63,269
23:04:11,400u,cartservice-7c84fdfb6-m5m6d,105,187
23:04:11,400u,checkoutservice-5b6d96c9b7-45rkr,20,38
23:04:11,400u,currencyservice-7c8fc8fc9c-4hm9g,145,123
23:04:11,400u,currencyservice-7c8fc8fc9c-5frj9,1,81
23:04:11,400u,currencyservice-7c8fc8fc9c-mgwx9,88,121
23:04:11,400u,emailservice-66944ff59-2lcjl,11,95
23:04:11,400u,frontend-7bd6f45654-przgb,114,38
23:04:11,400u,frontend-7bd6f45654-s2s7z,100,55
23:04:11,400u,frontend-7bd6f45654-vfxkp,111,38
23:04:11,400u,paymentservice-9bfb7bf5-kgd56,8,114
23:04:11,400u,productcatalogservice-65bbf699df-j2fmg,112,44
23:04:11,400u,recommendationservice-7444754ff5-n8cbh,200,60
23:04:11,400u,redis-cart-c8ff86559-kcf44,8,37
23:04:11,400u,shippingservice-f956b6d9f-w7n4b,20,35
23:04:14,400u,adservice-574bff445c-qb9cj,63,269
23:04:14,400u,cartservice-7c84fdfb6-m5m6d,105,187
23:04:14,400u,checkoutservice-5b6d96c9b7-45rkr,20,38
23:04:14,400u,currencyservice-7c8fc8fc9c-4hm9g,145,123
23:04:14,400u,currencyservice-7c8fc8fc9c-5frj9,1,81
23:04:14,400u,currencyservice-7c8fc8fc9c-mgwx9,88,121
23:04:14,400u,emailservice-66944ff59-2lcjl,11,95
23:04:14,400u,frontend-7bd6f45654-przgb,114,38
23:04:14,400u,frontend-7bd6f45654-s2s7z,100,55
23:04:14,400u,frontend-7bd6f45654-vfxkp,111,38
23:04:14,400u,paymentservice-9bfb7bf5-kgd56,8,114
23:04:14,400u,productcatalogservice-65bbf699df-j2fmg,112,44
23:04:14,400u,recommendationservice-7444754ff5-n8cbh,200,60
23:04:14,400u,redis-cart-c8ff86559-kcf44,8,37
23:04:14,400u,shippingservice-f956b6d9f-w7n4b,20,35
23:04:19,400u,adservice-574bff445c-qb9cj,63,269
23:04:19,400u,cartservice-7c84fdfb6-m5m6d,105,187
23:04:19,400u,checkoutservice-5b6d96c9b7-45rkr,20,38
23:04:19,400u,currencyservice-7c8fc8fc9c-4hm9g,145,123
23:04:19,400u,currencyservice-7c8fc8fc9c-5frj9,1,81
23:04:19,400u,currencyservice-7c8fc8fc9c-mgwx9,88,121
23:04:19,400u,emailservice-66944ff59-2lcjl,11,95
23:04:19,400u,frontend-7bd6f45654-przgb,114,38
23:04:19,400u,frontend-7bd6f45654-s2s7z,100,55
23:04:19,400u,frontend-7bd6f45654-vfxkp,111,38
23:04:19,400u,paymentservice-9bfb7bf5-kgd56,8,114
23:04:19,400u,productcatalogservice-65bbf699df-j2fmg,112,44
23:04:19,400u,recommendationservice-7444754ff5-n8cbh,200,60
23:04:19,400u,redis-cart-c8ff86559-kcf44,8,37
23:04:19,400u,shippingservice-f956b6d9f-w7n4b,20,35
23:04:21,400u,adservice-574bff445c-qb9cj,64,269
23:04:21,400u,cartservice-7c84fdfb6-m5m6d,105,187
23:04:21,400u,checkoutservice-5b6d96c9b7-45rkr,18,38
23:04:21,400u,currencyservice-7c8fc8fc9c-4hm9g,151,124
23:04:21,400u,currencyservice-7c8fc8fc9c-5frj9,2,81
23:04:21,400u,currencyservice-7c8fc8fc9c-mgwx9,87,122
23:04:21,400u,emailservice-66944ff59-2lcjl,10,95
23:04:21,400u,frontend-7bd6f45654-przgb,118,39
23:04:21,400u,frontend-7bd6f45654-s2s7z,97,56
23:04:21,400u,frontend-7bd6f45654-vfxkp,112,38
23:04:21,400u,paymentservice-9bfb7bf5-kgd56,8,114
23:04:21,400u,productcatalogservice-65bbf699df-j2fmg,112,44
23:04:21,400u,recommendationservice-7444754ff5-n8cbh,200,60
23:04:21,400u,redis-cart-c8ff86559-kcf44,8,37
23:04:21,400u,shippingservice-f956b6d9f-w7n4b,20,35
23:04:24,400u,adservice-574bff445c-qb9cj,64,269
23:04:24,400u,cartservice-7c84fdfb6-m5m6d,105,187
23:04:24,400u,checkoutservice-5b6d96c9b7-45rkr,18,38
23:04:24,400u,currencyservice-7c8fc8fc9c-4hm9g,151,124
23:04:24,400u,currencyservice-7c8fc8fc9c-5frj9,2,81
23:04:24,400u,currencyservice-7c8fc8fc9c-mgwx9,87,122
23:04:24,400u,emailservice-66944ff59-2lcjl,10,95
23:04:24,400u,frontend-7bd6f45654-przgb,118,39
23:04:24,400u,frontend-7bd6f45654-s2s7z,97,56
23:04:24,400u,frontend-7bd6f45654-vfxkp,112,38
23:04:24,400u,paymentservice-9bfb7bf5-kgd56,8,114
23:04:24,400u,productcatalogservice-65bbf699df-j2fmg,112,44
23:04:24,400u,recommendationservice-7444754ff5-n8cbh,200,60
23:04:24,400u,redis-cart-c8ff86559-kcf44,8,37
23:04:24,400u,shippingservice-f956b6d9f-w7n4b,20,35
23:04:29,400u,adservice-574bff445c-qb9cj,64,269
23:04:29,400u,cartservice-7c84fdfb6-m5m6d,105,187
23:04:29,400u,checkoutservice-5b6d96c9b7-45rkr,18,38
23:04:29,400u,currencyservice-7c8fc8fc9c-4hm9g,151,124
23:04:29,400u,currencyservice-7c8fc8fc9c-5frj9,2,81
23:04:29,400u,currencyservice-7c8fc8fc9c-mgwx9,87,122
23:04:29,400u,emailservice-66944ff59-2lcjl,10,95
23:04:29,400u,frontend-7bd6f45654-przgb,118,39
23:04:29,400u,frontend-7bd6f45654-s2s7z,97,56
23:04:29,400u,frontend-7bd6f45654-vfxkp,112,38
23:04:29,400u,paymentservice-9bfb7bf5-kgd56,8,114
23:04:29,400u,productcatalogservice-65bbf699df-j2fmg,112,44
23:04:29,400u,recommendationservice-7444754ff5-n8cbh,200,60
23:04:29,400u,redis-cart-c8ff86559-kcf44,8,37
23:04:29,400u,shippingservice-f956b6d9f-w7n4b,20,35
23:04:32,400u,adservice-574bff445c-qb9cj,64,269
23:04:32,400u,cartservice-7c84fdfb6-m5m6d,105,187
23:04:32,400u,checkoutservice-5b6d96c9b7-45rkr,18,38
23:04:32,400u,currencyservice-7c8fc8fc9c-4hm9g,151,124
23:04:32,400u,currencyservice-7c8fc8fc9c-5frj9,2,81
23:04:32,400u,currencyservice-7c8fc8fc9c-mgwx9,87,122
23:04:32,400u,emailservice-66944ff59-2lcjl,10,95
23:04:32,400u,frontend-7bd6f45654-przgb,118,39
23:04:32,400u,frontend-7bd6f45654-s2s7z,97,56
23:04:32,400u,frontend-7bd6f45654-vfxkp,112,38
23:04:32,400u,paymentservice-9bfb7bf5-kgd56,8,114
23:04:32,400u,productcatalogservice-65bbf699df-j2fmg,112,44
23:04:32,400u,recommendationservice-7444754ff5-n8cbh,200,60
23:04:32,400u,redis-cart-c8ff86559-kcf44,8,37
23:04:32,400u,shippingservice-f956b6d9f-w7n4b,20,35
23:04:34,400u,adservice-574bff445c-qb9cj,64,269
23:04:34,400u,cartservice-7c84fdfb6-m5m6d,105,187
23:04:34,400u,checkoutservice-5b6d96c9b7-45rkr,18,38
23:04:34,400u,currencyservice-7c8fc8fc9c-4hm9g,151,124
23:04:34,400u,currencyservice-7c8fc8fc9c-5frj9,2,81
23:04:34,400u,currencyservice-7c8fc8fc9c-mgwx9,87,122
23:04:34,400u,emailservice-66944ff59-2lcjl,10,95
23:04:34,400u,frontend-7bd6f45654-przgb,118,39
23:04:34,400u,frontend-7bd6f45654-s2s7z,97,56
23:04:34,400u,frontend-7bd6f45654-vfxkp,112,38
23:04:34,400u,paymentservice-9bfb7bf5-kgd56,8,114
23:04:34,400u,productcatalogservice-65bbf699df-j2fmg,112,44
23:04:34,400u,recommendationservice-7444754ff5-n8cbh,200,60
23:04:34,400u,redis-cart-c8ff86559-kcf44,8,37
23:04:34,400u,shippingservice-f956b6d9f-w7n4b,20,35
23:04:39,400u,adservice-574bff445c-qb9cj,140,273
23:04:39,400u,cartservice-7c84fdfb6-m5m6d,157,188
23:04:39,400u,checkoutservice-5b6d96c9b7-45rkr,55,38
23:04:39,400u,currencyservice-7c8fc8fc9c-4hm9g,179,125
23:04:39,400u,currencyservice-7c8fc8fc9c-5frj9,2,81
23:04:39,400u,currencyservice-7c8fc8fc9c-mgwx9,160,123
23:04:39,400u,emailservice-66944ff59-2lcjl,29,95
23:04:39,400u,frontend-7bd6f45654-przgb,154,38
23:04:39,400u,frontend-7bd6f45654-s2s7z,157,56
23:04:39,400u,frontend-7bd6f45654-vfxkp,150,38
23:04:39,400u,paymentservice-9bfb7bf5-kgd56,20,114
23:04:39,400u,productcatalogservice-65bbf699df-j2fmg,117,45
23:04:39,400u,redis-cart-c8ff86559-kcf44,13,37
23:04:39,400u,shippingservice-f956b6d9f-w7n4b,34,35
23:04:44,400u,adservice-574bff445c-qb9cj,140,273
23:04:44,400u,cartservice-7c84fdfb6-m5m6d,157,188
23:04:44,400u,checkoutservice-5b6d96c9b7-45rkr,55,38
23:04:44,400u,currencyservice-7c8fc8fc9c-4hm9g,179,125
23:04:44,400u,currencyservice-7c8fc8fc9c-5frj9,2,81
23:04:44,400u,currencyservice-7c8fc8fc9c-mgwx9,160,123
23:04:44,400u,emailservice-66944ff59-2lcjl,29,95
23:04:44,400u,frontend-7bd6f45654-przgb,154,38
23:04:44,400u,frontend-7bd6f45654-s2s7z,157,56
23:04:44,400u,frontend-7bd6f45654-vfxkp,150,38
23:04:44,400u,paymentservice-9bfb7bf5-kgd56,20,114
23:04:44,400u,productcatalogservice-65bbf699df-j2fmg,117,45
23:04:44,400u,redis-cart-c8ff86559-kcf44,13,37
23:04:44,400u,shippingservice-f956b6d9f-w7n4b,34,35
23:04:49,400u,adservice-574bff445c-qb9cj,140,273
23:04:49,400u,cartservice-7c84fdfb6-m5m6d,157,188
23:04:49,400u,checkoutservice-5b6d96c9b7-45rkr,55,38
23:04:49,400u,currencyservice-7c8fc8fc9c-4hm9g,179,125
23:04:49,400u,currencyservice-7c8fc8fc9c-5frj9,2,81
23:04:49,400u,currencyservice-7c8fc8fc9c-mgwx9,160,123
23:04:49,400u,emailservice-66944ff59-2lcjl,29,95
23:04:49,400u,frontend-7bd6f45654-przgb,154,38
23:04:49,400u,frontend-7bd6f45654-s2s7z,157,56
23:04:49,400u,frontend-7bd6f45654-vfxkp,150,38
23:04:49,400u,paymentservice-9bfb7bf5-kgd56,20,114
23:04:49,400u,productcatalogservice-65bbf699df-j2fmg,117,45
23:04:49,400u,redis-cart-c8ff86559-kcf44,13,37
23:04:49,400u,shippingservice-f956b6d9f-w7n4b,34,35
