/Users/edias/Library/Python/3.9/lib/python/site-packages/urllib3/__init__.py:35: NotOpenSSLWarning: urllib3 v2 only supports OpenSSL 1.1.1+, currently the 'ssl' module is compiled with 'LibreSSL 2.8.3'. See: https://github.com/urllib3/urllib3/issues/3020
  warnings.warn(
[2026-04-26 10:00:11,676] Mac/WARNING/locust.main: Python 3.9 support is deprecated and will be removed soon
Type     Name                                                                          # reqs      # fails |    Avg     Min     Max    Med |   req/s  failures/s
--------|----------------------------------------------------------------------------|-------|-------------|-------|-------|-------|-------|--------|-----------
--------|----------------------------------------------------------------------------|-------|-------------|-------|-------|-------|-------|--------|-----------
         Aggregated                                                                         0     0(0.00%) |      0       0       0      0 |    0.00        0.00

Type     Name                                                                          # reqs      # fails |    Avg     Min     Max    Med |   req/s  failures/s
--------|----------------------------------------------------------------------------|-------|-------------|-------|-------|-------|-------|--------|-----------
GET      /                                                                                  1     0(0.00%) |     17      17      17     17 |    0.00        0.00
POST     /cart [add]                                                                        7     0(0.00%) |     22      17      29     23 |    0.00        0.00
POST     /cart/checkout                                                                     4     0(0.00%) |     21      17      24     21 |    0.00        0.00
GET      /product/[id]                                                                     11     0(0.00%) |     20       9      30     19 |    0.00        0.00
POST     /setCurrency                                                                       3     0(0.00%) |     23      19      27     24 |    0.00        0.00
--------|----------------------------------------------------------------------------|-------|-------------|-------|-------|-------|-------|--------|-----------
         Aggregated                                                                        26     0(0.00%) |     21       9      30     21 |    0.00        0.00

Type     Name                                                                          # reqs      # fails |    Avg     Min     Max    Med |   req/s  failures/s
--------|----------------------------------------------------------------------------|-------|-------------|-------|-------|-------|-------|--------|-----------
GET      /                                                                                  2     0(0.00%) |     16      15      17     16 |    0.00        0.00
GET      /cart                                                                              4     0(0.00%) |     13       8      15     14 |    0.00        0.00
POST     /cart [add]                                                                       19     0(0.00%) |     18      11      29     17 |    2.50        0.00
POST     /cart/checkout                                                                     8     0(0.00%) |     18      12      24     17 |    1.50        0.00
GET      /product/[id]                                                                     42     0(0.00%) |     14       7      30     12 |    3.50        0.00
POST     /setCurrency                                                                       5     0(0.00%) |     21      15      27     19 |    1.00        0.00
--------|----------------------------------------------------------------------------|-------|-------------|-------|-------|-------|-------|--------|-----------
         Aggregated                                                                        80     0(0.00%) |     16       7      30     15 |    8.50        0.00

Type     Name                                                                          # reqs      # fails |    Avg     Min     Max    Med |   req/s  failures/s
--------|----------------------------------------------------------------------------|-------|-------------|-------|-------|-------|-------|--------|-----------
GET      /                                                                                  3     0(0.00%) |     16      14      17     16 |    0.50        0.00
GET      /cart                                                                             14     0(0.00%) |     39       8     239     11 |    0.50        0.00
POST     /cart [add]                                                                       26     0(0.00%) |     33      11     227     17 |    4.00        0.00
POST     /cart/checkout                                                                    11     0(0.00%) |     24      12      58     17 |    2.00        0.00
GET      /product/[id]                                                                     67     0(0.00%) |     26       7     403     12 |    7.75        0.00
POST     /setCurrency                                                                      11     0(0.00%) |     43      15     276     19 |    0.75        0.00
--------|----------------------------------------------------------------------------|-------|-------------|-------|-------|-------|-------|--------|-----------
         Aggregated                                                                       132     0(0.00%) |     30       7     403     15 |   15.50        0.00

Type     Name                                                                          # reqs      # fails |    Avg     Min     Max    Med |   req/s  failures/s
--------|----------------------------------------------------------------------------|-------|-------------|-------|-------|-------|-------|--------|-----------
GET      /                                                                                  5     0(0.00%) |    341      14    1023     18 |    0.33        0.00
GET      /cart                                                                             19     0(0.00%) |     38       8     239     11 |    2.17        0.00
POST     /cart [add]                                                                       48     0(0.00%) |     77      11     871     17 |    4.33        0.00
POST     /cart/checkout                                                                    17     0(0.00%) |     27      12      98     17 |    1.83        0.00
GET      /product/[id]                                                                    118     0(0.00%) |     53       7     615     12 |   10.50        0.00
POST     /setCurrency                                                                      20     0(0.00%) |     84      14     839     20 |    1.67        0.00
--------|----------------------------------------------------------------------------|-------|-------------|-------|-------|-------|-------|--------|-----------
         Aggregated                                                                       227     0(0.00%) |     64       7    1023     14 |   20.83        0.00

Type     Name                                                                          # reqs      # fails |    Avg     Min     Max    Med |   req/s  failures/s
--------|----------------------------------------------------------------------------|-------|-------------|-------|-------|-------|-------|--------|-----------
GET      /                                                                                  6     0(0.00%) |    291      14    1023     18 |    0.62        0.00
GET      /cart                                                                             38     0(0.00%) |     35       8     239     14 |    2.25        0.00
POST     /cart [add]                                                                       70     0(0.00%) |     65      11     871     18 |    4.88        0.00
POST     /cart/checkout                                                                    19     0(0.00%) |     25      12      98     17 |    2.00        0.00
GET      /product/[id]                                                                    190     0(0.00%) |     45       6     615     12 |   11.38        0.00
POST     /setCurrency                                                                      29     0(0.00%) |     65      14     839     19 |    2.25        0.00
--------|----------------------------------------------------------------------------|-------|-------------|-------|-------|-------|-------|--------|-----------
         Aggregated                                                                       352     0(0.00%) |     53       6    1023     16 |   23.38        0.00

Type     Name                                                                          # reqs      # fails |    Avg     Min     Max    Med |   req/s  failures/s
--------|----------------------------------------------------------------------------|-------|-------------|-------|-------|-------|-------|--------|-----------
GET      /                                                                                  8     0(0.00%) |    272      14    1023     41 |    0.60        0.00
GET      /cart                                                                             52     0(0.00%) |     43       8     239     16 |    3.00        0.00
POST     /cart [add]                                                                       85     0(0.00%) |     73      11     871     19 |    6.40        0.00
POST     /cart/checkout                                                                    26     0(0.00%) |     36      12     193     19 |    1.70        0.00
GET      /product/[id]                                                                    232     0(0.00%) |     47       6     615     13 |   15.90        0.00
POST     /setCurrency                                                                      37     0(0.00%) |     74      14     839     20 |    2.60        0.00
--------|----------------------------------------------------------------------------|-------|-------------|-------|-------|-------|-------|--------|-----------
         Aggregated                                                                       440     0(0.00%) |     57       6    1023     17 |   30.20        0.00

Type     Name                                                                          # reqs      # fails |    Avg     Min     Max    Med |   req/s  failures/s
--------|----------------------------------------------------------------------------|-------|-------------|-------|-------|-------|-------|--------|-----------
GET      /                                                                                  8     0(0.00%) |    272      14    1023     41 |    0.80        0.00
GET      /cart                                                                             55     0(0.00%) |    119       8    1770     22 |    5.20        0.00
POST     /cart [add]                                                                       88     0(0.00%) |    135      11    1921     23 |    8.00        0.00
POST     /cart/checkout                                                                    26     0(0.00%) |     36      12     193     19 |    2.30        0.00
GET      /product/[id]                                                                    246     0(0.00%) |    125       6    1624     14 |   22.40        0.00
POST     /setCurrency                                                                      38     0(0.00%) |    132      14    2302     20 |    3.50        0.00
--------|----------------------------------------------------------------------------|-------|-------------|-------|-------|-------|-------|--------|-----------
         Aggregated                                                                       461     0(0.00%) |    124       6    2302     18 |   42.20        0.00

Type     Name                                                                          # reqs      # fails |    Avg     Min     Max    Med |   req/s  failures/s
--------|----------------------------------------------------------------------------|-------|-------------|-------|-------|-------|-------|--------|-----------
GET      /                                                                                  8     0(0.00%) |    272      14    1023     41 |    0.60        0.00
GET      /cart                                                                             60     0(0.00%) |    284       8    2681     28 |    5.20        0.00
POST     /cart [add]                                                                       91     0(0.00%) |    218      11    2763     26 |    6.90        0.00
POST     /cart/checkout                                                                    26     0(0.00%) |     36      12     193     19 |    1.80        0.00
GET      /product/[id]                                                                    260     0(0.00%) |    206       6    2011     16 |   21.50        0.00
POST     /setCurrency                                                                      38     0(0.00%) |    132      14    2302     20 |    3.40        0.00
--------|----------------------------------------------------------------------------|-------|-------------|-------|-------|-------|-------|--------|-----------
         Aggregated                                                                       483     0(0.00%) |    204       6    2763     19 |   39.40        0.00

Type     Name                                                                          # reqs      # fails |    Avg     Min     Max    Med |   req/s  failures/s
--------|----------------------------------------------------------------------------|-------|-------------|-------|-------|-------|-------|--------|-----------
GET      /                                                                                  8     0(0.00%) |    272      14    1023     41 |    0.60        0.00
GET      /cart                                                                             66     0(0.00%) |    411       8    2681     32 |    4.50        0.00
POST     /cart [add]                                                                       94     0(0.00%) |    301      11    3826     26 |    6.40        0.00
POST     /cart/checkout                                                                    28     0(0.00%) |    214      12    2984     21 |    1.50        0.00
GET      /product/[id]                                                                    268     0(0.00%) |    244       6    2011     17 |   19.70        0.00
POST     /setCurrency                                                                      40     0(0.00%) |    388      14    5323     23 |    2.80        0.00
--------|----------------------------------------------------------------------------|-------|-------------|-------|-------|-------|-------|--------|-----------
         Aggregated                                                                       504     0(0.00%) |    287       6    5323     23 |   35.50        0.00

Type     Name                                                                          # reqs      # fails |    Avg     Min     Max    Med |   req/s  failures/s
--------|----------------------------------------------------------------------------|-------|-------------|-------|-------|-------|-------|--------|-----------
GET      /                                                                                  8     0(0.00%) |    272      14    1023     41 |    0.30        0.00
GET      /cart                                                                             70     0(0.00%) |    536       8    4190     36 |    4.60        0.00
POST     /cart [add]                                                                       99     0(0.00%) |    445      11    4722     30 |    5.30        0.00
POST     /cart/checkout                                                                    28     0(0.00%) |    214      12    2984     21 |    1.10        0.00
GET      /product/[id]                                                                    277     0(0.00%) |    292       6    2011     18 |   17.20        0.00
POST     /setCurrency                                                                      40     0(0.00%) |    388      14    5323     23 |    2.20        0.00
--------|----------------------------------------------------------------------------|-------|-------------|-------|-------|-------|-------|--------|-----------
         Aggregated                                                                       522     0(0.00%) |    356       6    5323     24 |   30.70        0.00

Type     Name                                                                          # reqs      # fails |    Avg     Min     Max    Med |   req/s  failures/s
--------|----------------------------------------------------------------------------|-------|-------------|-------|-------|-------|-------|--------|-----------
GET      /                                                                                  8     0(0.00%) |    272      14    1023     41 |    0.20        0.00
GET      /cart                                                                             75     0(0.00%) |    695       8    5203     45 |    3.90        0.00
POST     /cart [add]                                                                      101     0(0.00%) |    508      11    4722     36 |    3.30        0.00
POST     /cart/checkout                                                                    29     0(0.00%) |    327      12    3504     24 |    1.10        0.00
GET      /product/[id]                                                                    286     0(0.00%) |    350       6    2808     22 |   11.60        0.00
POST     /setCurrency                                                                      42     0(0.00%) |    722      14    7519     24 |    1.40        0.00
--------|----------------------------------------------------------------------------|-------|-------------|-------|-------|-------|-------|--------|-----------
         Aggregated                                                                       541     0(0.00%) |    454       6    7519     26 |   21.50        0.00

Type     Name                                                                          # reqs      # fails |    Avg     Min     Max    Med |   req/s  failures/s
--------|----------------------------------------------------------------------------|-------|-------------|-------|-------|-------|-------|--------|-----------
GET      /                                                                                 11     0(0.00%) |   2442      14    8383    270 |    0.00        0.00
GET      /cart                                                                             78     0(0.00%) |    784       8    5203     47 |    2.30        0.00
POST     /cart [add]                                                                      103     0(0.00%) |    567      11    4722     39 |    1.40        0.00
POST     /cart/checkout                                                                    31     0(0.00%) |    540      12    4007     24 |    0.30        0.00
GET      /product/[id]                                                                    302     0(0.00%) |    451       6    2808     27 |    5.50        0.00
POST     /setCurrency                                                                      45     0(0.00%) |   1212      14    8452     25 |    0.50        0.00
--------|----------------------------------------------------------------------------|-------|-------------|-------|-------|-------|-------|--------|-----------
         Aggregated                                                                       570     0(0.00%) |    621       6    8452     30 |   10.00        0.00

Type     Name                                                                          # reqs      # fails |    Avg     Min     Max    Med |   req/s  failures/s
--------|----------------------------------------------------------------------------|-------|-------------|-------|-------|-------|-------|--------|-----------
GET      /                                                                                 11     0(0.00%) |   2442      14    8383    270 |    0.00        0.00
GET      /cart                                                                             80     0(0.00%) |    842       8    5203     52 |    2.20        0.00
POST     /cart [add]                                                                      103     0(0.00%) |    567      11    4722     39 |    1.80        0.00
POST     /cart/checkout                                                                    32     0(0.00%) |    642      12    4007     24 |    0.40        0.00
GET      /product/[id]                                                                    307     0(0.00%) |    491       6    3216     28 |    4.40        0.00
POST     /setCurrency                                                                      46     0(0.00%) |   1393      14    9525     25 |    0.70        0.00
--------|----------------------------------------------------------------------------|-------|-------------|-------|-------|-------|-------|--------|-----------
         Aggregated                                                                       579     0(0.00%) |    670       6    9525     32 |    9.50        0.00

Type     Name                                                                          # reqs      # fails |    Avg     Min     Max    Med |   req/s  failures/s
--------|----------------------------------------------------------------------------|-------|-------------|-------|-------|-------|-------|--------|-----------
GET      /                                                                                 11     0(0.00%) |   2442      14    8383    270 |    0.30        0.00
GET      /cart                                                                             86     0(0.00%) |   1025       8    5203     78 |    2.20        0.00
POST     /cart [add]                                                                      108     0(0.00%) |    756      11    5617     42 |    1.30        0.00
POST     /cart/checkout                                                                    33     0(0.00%) |    865      12    7990     25 |    0.50        0.00
GET      /product/[id]                                                                    324     0(0.00%) |    630       6    3401     34 |    4.40        0.00
POST     /setCurrency                                                                      47     0(0.00%) |   1580      14   10180     26 |    0.70        0.00
--------|----------------------------------------------------------------------------|-------|-------------|-------|-------|-------|-------|--------|-----------
         Aggregated                                                                       609     0(0.00%) |    827       6   10180     39 |    9.40        0.00

Type     Name                                                                          # reqs      # fails |    Avg     Min     Max    Med |   req/s  failures/s
--------|----------------------------------------------------------------------------|-------|-------------|-------|-------|-------|-------|--------|-----------
GET      /                                                                                 11     0(0.00%) |   2442      14    8383    270 |    0.30        0.00
GET      /cart                                                                             87     0(0.00%) |   1082       8    5975     82 |    1.80        0.00
POST     /cart [add]                                                                      108     0(0.00%) |    756      11    5617     42 |    1.20        0.00
POST     /cart/checkout                                                                    33     0(0.00%) |    865      12    7990     25 |    0.60        0.00
GET      /product/[id]                                                                    331     0(0.00%) |    676       6    3474     36 |    5.30        0.00
POST     /setCurrency                                                                      49     0(0.00%) |   1950      14   10699     28 |    0.60        0.00
--------|----------------------------------------------------------------------------|-------|-------------|-------|-------|-------|-------|--------|-----------
         Aggregated                                                                       619     0(0.00%) |    889       6   10699     41 |    9.80        0.00

Type     Name                                                                          # reqs      # fails |    Avg     Min     Max    Med |   req/s  failures/s
--------|----------------------------------------------------------------------------|-------|-------------|-------|-------|-------|-------|--------|-----------
GET      /                                                                                 11     0(0.00%) |   2442      14    8383    270 |    0.30        0.00
GET      /cart                                                                             88     0(0.00%) |   1102       8    5975     82 |    1.70        0.00
POST     /cart [add]                                                                      111     0(0.00%) |    876      11    6127     44 |    1.10        0.00
POST     /cart/checkout                                                                    33     0(0.00%) |    865      12    7990     25 |    0.50        0.00
GET      /product/[id]                                                                    351     0(0.00%) |    837       6    3882     42 |    5.30        0.00
POST     /setCurrency                                                                      50     0(0.00%) |   2166      14   12723     28 |    0.90        0.00
--------|----------------------------------------------------------------------------|-------|-------------|-------|-------|-------|-------|--------|-----------
         Aggregated                                                                       644     0(0.00%) |   1012       6   12723     44 |    9.80        0.00

Type     Name                                                                          # reqs      # fails |    Avg     Min     Max    Med |   req/s  failures/s
--------|----------------------------------------------------------------------------|-------|-------------|-------|-------|-------|-------|--------|-----------
GET      /                                                                                 11     0(0.00%) |   2442      14    8383    270 |    0.30        0.00
GET      /cart                                                                             89     0(0.00%) |   1149       8    5975     99 |    1.20        0.00
POST     /cart [add]                                                                      112     0(0.00%) |    916      11    6127     44 |    0.90        0.00
POST     /cart/checkout                                                                    34     0(0.00%) |    971      12    7990     25 |    0.40        0.00
GET      /product/[id]                                                                    354     0(0.00%) |    858       6    3882     42 |    4.80        0.00
POST     /setCurrency                                                                      51     0(0.00%) |   2386      14   13416     33 |    0.70        0.00
--------|----------------------------------------------------------------------------|-------|-------------|-------|-------|-------|-------|--------|-----------
         Aggregated                                                                       651     0(0.00%) |   1060       6   13416     45 |    8.30        0.00

Type     Name                                                                          # reqs      # fails |    Avg     Min     Max    Med |   req/s  failures/s
--------|----------------------------------------------------------------------------|-------|-------------|-------|-------|-------|-------|--------|-----------
GET      /                                                                                 20    8(40.00%) |   5656      14   14467   2800 |    0.30        0.00
GET      /cart                                                                            100   10(10.00%) |   1320       1    8617    120 |    1.20        0.00
POST     /cart [add]                                                                      124    12(9.68%) |   1151       5   12062     48 |    0.80        0.00
POST     /cart/checkout                                                                    34     0(0.00%) |    971      12    7990     25 |    0.40        0.00
GET      /product/[id]                                                                    382    21(5.50%) |    938       1    3882     47 |    6.20        0.00
POST     /setCurrency                                                                      67   16(23.88%) |   3235       4   13416    110 |    0.60        0.00
--------|----------------------------------------------------------------------------|-------|-------------|-------|-------|-------|-------|--------|-----------
         Aggregated                                                                       727    67(9.22%) |   1370       1   14467     52 |    9.50        0.00

Type     Name                                                                          # reqs      # fails |    Avg     Min     Max    Med |   req/s  failures/s
--------|----------------------------------------------------------------------------|-------|-------------|-------|-------|-------|-------|--------|-----------
GET      /                                                                                 36   24(66.67%) |   3146       1   14467     41 |    0.10        0.00
GET      /cart                                                                            152   62(40.79%) |    870       1    8617     16 |    1.00        0.00
POST     /cart [add]                                                                      190   78(41.05%) |    756       4   12062     18 |    0.90        0.00
POST     /cart/checkout                                                                    34     0(0.00%) |    971      12    7990     25 |    0.30        0.00
GET      /product/[id]                                                                    567  206(36.33%) |    634       1    3882     13 |    5.70        0.00
POST     /setCurrency                                                                     106   55(51.89%) |   2048       2   13416     19 |    0.60        0.00
--------|----------------------------------------------------------------------------|-------|-------------|-------|-------|-------|-------|--------|-----------
         Aggregated                                                                      1085  425(39.17%) |    921       1   14467     17 |    8.60        0.00

Type     Name                                                                          # reqs      # fails |    Avg     Min     Max    Med |   req/s  failures/s
--------|----------------------------------------------------------------------------|-------|-------------|-------|-------|-------|-------|--------|-----------
GET      /                                                                                 42   30(71.43%) |   2697       1   14467     15 |    2.20        2.10
GET      /cart                                                                            200  110(55.00%) |    662       1    8617      9 |    4.70        3.90
POST     /cart [add]                                                                      253  141(55.73%) |    571       4   12062     15 |    6.10        5.30
POST     /cart/checkout                                                                    34     0(0.00%) |    971      12    7990     25 |    0.10        0.00
GET      /product/[id]                                                                    773  412(53.30%) |    466       1    3882      9 |   17.80       13.30
POST     /setCurrency                                                                     136   85(62.50%) |   1598       2   13416     16 |    4.80        4.30
--------|----------------------------------------------------------------------------|-------|-------------|-------|-------|-------|-------|--------|-----------
         Aggregated                                                                      1438  778(54.10%) |    696       1   14467     11 |   35.70       28.90

Type     Name                                                                          # reqs      # fails |    Avg     Min     Max    Med |   req/s  failures/s
--------|----------------------------------------------------------------------------|-------|-------------|-------|-------|-------|-------|--------|-----------
GET      /                                                                                 57   45(78.95%) |   1989       1   14467      6 |    2.80        2.70
GET      /cart                                                                            250  160(64.00%) |    531       1    8617      4 |    9.50        9.10
POST     /cart [add]                                                                      315  203(64.44%) |    461       4   12062     14 |   12.10       11.70
POST     /cart/checkout                                                                    34     0(0.00%) |    971      12    7990     25 |    0.10        0.00
GET      /product/[id]                                                                    944  583(61.76%) |    384       1    3882      7 |   36.80       33.50
POST     /setCurrency                                                                     197  146(74.11%) |   1107       2   13416      8 |    7.90        7.70
--------|----------------------------------------------------------------------------|-------|-------------|-------|-------|-------|-------|--------|-----------
         Aggregated                                                                      1797 1137(63.27%) |    559       1   14467      9 |   69.20       64.70

Type     Name                                                                          # reqs      # fails |    Avg     Min     Max    Med |   req/s  failures/s
--------|----------------------------------------------------------------------------|-------|-------------|-------|-------|-------|-------|--------|-----------
GET      /                                                                                 69   57(82.61%) |   1644       1   14467      4 |    4.10        4.00
GET      /cart                                                                            285  195(68.42%) |    466       1    8617      4 |   14.70       14.40
POST     /cart [add]                                                                      382  270(70.68%) |    382       3   12062     12 |   18.20       17.80
POST     /cart/checkout                                                                    34     0(0.00%) |    971      12    7990     25 |    0.10        0.00
GET      /product/[id]                                                                   1138  777(68.28%) |    319       1    3882      5 |   54.80       52.10
POST     /setCurrency                                                                     231  180(77.92%) |    946       2   13416      7 |   12.60       12.40
--------|----------------------------------------------------------------------------|-------|-------------|-------|-------|-------|-------|--------|-----------
         Aggregated                                                                      2139 1479(69.14%) |    471       1   14467      7 |  104.50      100.70

Type     Name                                                                          # reqs      # fails |    Avg     Min     Max    Med |   req/s  failures/s
--------|----------------------------------------------------------------------------|-------|-------------|-------|-------|-------|-------|--------|-----------
GET      /                                                                                 83   71(85.54%) |   1367       1   14467      4 |    5.30        5.20
GET      /cart                                                                            330  240(72.73%) |    403       1    8617      3 |   18.60       18.40
POST     /cart [add]                                                                      454  342(75.33%) |    323       3   12062      9 |   24.40       24.30
POST     /cart/checkout                                                                    34     0(0.00%) |    971      12    7990     25 |    0.00        0.00
GET      /product/[id]                                                                   1332  971(72.90%) |    273       1    3882      4 |   71.00       70.10
POST     /setCurrency                                                                     264  213(80.68%) |    828       2   13416      6 |   16.60       16.50
--------|----------------------------------------------------------------------------|-------|-------------|-------|-------|-------|-------|--------|-----------
         Aggregated                                                                      2497 1837(73.57%) |    404       1   14467      6 |  135.90      134.50

Type     Name                                                                          # reqs      # fails |    Avg     Min     Max    Med |   req/s  failures/s
--------|----------------------------------------------------------------------------|-------|-------------|-------|-------|-------|-------|--------|-----------
GET      /                                                                                 93   81(87.10%) |   1221       1   14467      3 |    6.50        6.50
GET      /cart                                                                            381  291(76.38%) |    349       1    8617      3 |   22.70       22.70
POST     /cart [add]                                                                      526  414(78.71%) |    279       3   12062      8 |   31.70       31.70
POST     /cart/checkout                                                                    34     0(0.00%) |    971      12    7990     25 |    0.00        0.00
GET      /product/[id]                                                                   1528 1167(76.37%) |    239       1    3882      4 |   89.50       89.50
POST     /setCurrency                                                                     297  246(82.83%) |    737       2   13416      6 |   20.20       20.20
--------|----------------------------------------------------------------------------|-------|-------------|-------|-------|-------|-------|--------|-----------
         Aggregated                                                                      2859 2199(76.92%) |    353       1   14467      5 |  170.60      170.60

Type     Name                                                                          # reqs      # fails |    Avg     Min     Max    Med |   req/s  failures/s
--------|----------------------------------------------------------------------------|-------|-------------|-------|-------|-------|-------|--------|-----------
GET      /                                                                                106   94(88.68%) |   1074       1   14467      3 |    5.70        5.70
GET      /cart                                                                            420  330(78.57%) |    318       1    8617      3 |   22.70       22.70
POST     /cart [add]                                                                      593  481(81.11%) |    252       3   12062      9 |   33.70       33.70
POST     /cart/checkout                                                                    34     0(0.00%) |    971      12    7990     25 |    0.00        0.00
GET      /product/[id]                                                                   1687 1326(78.60%) |    219       1    3882      4 |   96.60       96.60
POST     /setCurrency                                                                     321  270(84.11%) |    684       2   13416      6 |   19.10       19.10
--------|----------------------------------------------------------------------------|-------|-------------|-------|-------|-------|-------|--------|-----------
         Aggregated                                                                      3161 2501(79.12%) |    322       1   14467      5 |  177.80      177.80

Type     Name                                                                          # reqs      # fails |    Avg     Min     Max    Med |   req/s  failures/s
--------|----------------------------------------------------------------------------|-------|-------------|-------|-------|-------|-------|--------|-----------
GET      /                                                                                106   94(88.68%) |   1074       1   14467      3 |    5.80        5.80
GET      /cart                                                                            423  333(78.72%) |    319       1    8617      3 |   22.50       22.50
POST     /cart [add]                                                                      595  483(81.18%) |    252       3   12062      9 |   33.90       33.90
POST     /cart/checkout                                                                    34     0(0.00%) |    971      12    7990     25 |    0.00        0.00
GET      /product/[id]                                                                   1712 1351(78.91%) |    223       1    3882      4 |   96.80       96.80
POST     /setCurrency                                                                     323  272(84.21%) |    682       2   13416      6 |   19.00       19.00
--------|----------------------------------------------------------------------------|-------|-------------|-------|-------|-------|-------|--------|-----------
         Aggregated                                                                      3193 2533(79.33%) |    324       1   14467      5 |  178.00      178.00

Type     Name                                                                          # reqs      # fails |    Avg     Min     Max    Med |   req/s  failures/s
--------|----------------------------------------------------------------------------|-------|-------------|-------|-------|-------|-------|--------|-----------
GET      /                                                                                106   94(88.68%) |   1074       1   14467      3 |    5.40        5.40
GET      /cart                                                                            423  333(78.72%) |    319       1    8617      3 |   18.90       18.90
POST     /cart [add]                                                                      595  483(81.18%) |    252       3   12062      9 |   30.50       30.50
POST     /cart/checkout                                                                    34     0(0.00%) |    971      12    7990     25 |    0.00        0.00
GET      /product/[id]                                                                   1734 1351(77.91%) |    259       1    3882      4 |   83.00       83.00
POST     /setCurrency                                                                     323  272(84.21%) |    682       2   13416      6 |   14.80       14.80
--------|----------------------------------------------------------------------------|-------|-------------|-------|-------|-------|-------|--------|-----------
         Aggregated                                                                      3215 2533(78.79%) |    342       1   14467      6 |  152.60      152.60

Type     Name                                                                          # reqs      # fails |    Avg     Min     Max    Med |   req/s  failures/s
--------|----------------------------------------------------------------------------|-------|-------------|-------|-------|-------|-------|--------|-----------
GET      /                                                                                106   94(88.68%) |   1074       1   14467      3 |    4.20        4.20
GET      /cart                                                                            433  333(76.91%) |    398       1    8617      3 |   14.90       14.90
POST     /cart [add]                                                                      611  483(79.05%) |    362       3   12062      9 |   24.00       24.00
POST     /cart/checkout                                                                    35     0(0.00%) |    989      12    7990     25 |    0.00        0.00
GET      /product/[id]                                                                   1761 1351(76.72%) |    264       1    3882      4 |   65.00       65.00
POST     /setCurrency                                                                     330  272(82.42%) |    768       2   13416      6 |   10.70       10.70
--------|----------------------------------------------------------------------------|-------|-------------|-------|-------|-------|-------|--------|-----------
         Aggregated                                                                      3276 2533(77.32%) |    384       1   14467      6 |  118.80      118.80

Type     Name                                                                          # reqs      # fails |    Avg     Min     Max    Med |   req/s  failures/s
--------|----------------------------------------------------------------------------|-------|-------------|-------|-------|-------|-------|--------|-----------
GET      /                                                                                106   94(88.68%) |   1074       1   14467      3 |    2.90        2.90
GET      /cart                                                                            435  333(76.55%) |    407       1    8617      3 |   10.80       10.60
POST     /cart [add]                                                                      612  483(78.92%) |    365       3   12062      9 |   17.20       16.60
POST     /cart/checkout                                                                    35     0(0.00%) |    989      12    7990     25 |    0.00        0.00
GET      /product/[id]                                                                   1788 1351(75.56%) |    275       1    3882      4 |   49.20       45.60
POST     /setCurrency                                                                     333  272(81.68%) |    784       2   13416      6 |    7.10        7.00
--------|----------------------------------------------------------------------------|-------|-------------|-------|-------|-------|-------|--------|-----------
         Aggregated                                                                      3309 2533(76.55%) |    393       1   14467      6 |   87.20       82.70

Type     Name                                                                          # reqs      # fails |    Avg     Min     Max    Med |   req/s  failures/s
--------|----------------------------------------------------------------------------|-------|-------------|-------|-------|-------|-------|--------|-----------
GET      /                                                                                112   94(83.93%) |   1083       1   14467      4 |    1.60        1.60
GET      /cart                                                                            448  333(74.33%) |    445       1    8617      3 |    7.80        6.70
POST     /cart [add]                                                                      628  483(76.91%) |    409       3   12062      9 |   10.90        9.30
POST     /cart/checkout                                                                    42     0(0.00%) |   1246      12    7990     51 |    0.10        0.00
GET      /product/[id]                                                                   1825 1351(74.03%) |    280       1    3882      5 |   31.30       25.20
POST     /setCurrency                                                                     347  272(78.39%) |    828       2   13416      7 |    4.70        3.80
--------|----------------------------------------------------------------------------|-------|-------------|-------|-------|-------|-------|--------|-----------
         Aggregated                                                                      3402 2533(74.46%) |    420       1   14467      6 |   56.40       46.60

Type     Name                                                                          # reqs      # fails |    Avg     Min     Max    Med |   req/s  failures/s
--------|----------------------------------------------------------------------------|-------|-------------|-------|-------|-------|-------|--------|-----------
GET      /                                                                                116   94(81.03%) |   1067       1   14467      4 |    0.70        0.60
GET      /cart                                                                            466  333(71.46%) |    445       1    8617      4 |    3.40        1.50
POST     /cart [add]                                                                      653  483(73.97%) |    416       3   12062     10 |    4.60        2.30
POST     /cart/checkout                                                                    52     0(0.00%) |   1106      12    7990    190 |    0.60        0.00
GET      /product/[id]                                                                   1895 1351(71.29%) |    280       1    3882      5 |   16.40        7.30
POST     /setCurrency                                                                     361  272(75.35%) |    824       2   13416      7 |    2.30        0.70
--------|----------------------------------------------------------------------------|-------|-------------|-------|-------|-------|-------|--------|-----------
         Aggregated                                                                      3543 2533(71.49%) |    420       1   14467      7 |   28.00       12.40

Type     Name                                                                          # reqs      # fails |    Avg     Min     Max    Med |   req/s  failures/s
--------|----------------------------------------------------------------------------|-------|-------------|-------|-------|-------|-------|--------|-----------
GET      /                                                                                124   94(75.81%) |   1023       1   14467      4 |    1.00        0.00
GET      /cart                                                                            491  333(67.82%) |    447       1    8617      4 |    3.90        0.00
POST     /cart [add]                                                                      671  483(71.98%) |    416       3   12062     10 |    4.80        0.00
POST     /cart/checkout                                                                    58     0(0.00%) |   1025      12    7990    200 |    1.50        0.00
GET      /product/[id]                                                                   1964 1351(68.79%) |    280       1    3882      5 |   15.10        0.00
POST     /setCurrency                                                                     373  272(72.92%) |    813       2   13416      8 |    3.10        0.00
--------|----------------------------------------------------------------------------|-------|-------------|-------|-------|-------|-------|--------|-----------
         Aggregated                                                                      3681 2533(68.81%) |    418       1   14467      7 |   29.40        0.00

Type     Name                                                                          # reqs      # fails |    Avg     Min     Max    Med |   req/s  failures/s
--------|----------------------------------------------------------------------------|-------|-------------|-------|-------|-------|-------|--------|-----------
GET      /                                                                                126   94(74.60%) |   1011       1   14467      4 |    1.70        0.00
GET      /cart                                                                            505  333(65.94%) |    442       1    8617      4 |    5.80        0.00
POST     /cart [add]                                                                      690  483(70.00%) |    416       3   12062     11 |    7.40        0.00
POST     /cart/checkout                                                                    62     0(0.00%) |    985      12    7990    200 |    2.30        0.00
GET      /product/[id]                                                                   2037 1351(66.32%) |    279       1    3882      6 |   23.40        0.00
POST     /setCurrency                                                                     392  272(69.39%) |    794       2   13416      8 |    4.90        0.00
--------|----------------------------------------------------------------------------|-------|-------------|-------|-------|-------|-------|--------|-----------
         Aggregated                                                                      3812 2533(66.45%) |    414       1   14467      8 |   45.50        0.00

Type     Name                                                                          # reqs      # fails |    Avg     Min     Max    Med |   req/s  failures/s
--------|----------------------------------------------------------------------------|-------|-------------|-------|-------|-------|-------|--------|-----------
GET      /                                                                                130   94(72.31%) |    995       1   14467      5 |    2.00        0.00
GET      /cart                                                                            524  333(63.55%) |    445       1    8617      5 |    7.70        0.00
POST     /cart [add]                                                                      723  483(66.80%) |    431       3   12062     12 |    8.70        0.00
POST     /cart/checkout                                                                    71     0(0.00%) |    914      12    7990    210 |    2.60        0.00
GET      /product/[id]                                                                   2107 1351(64.12%) |    283       1    3882      7 |   28.20        0.00
POST     /setCurrency                                                                     409  272(66.50%) |    783       2   13416     10 |    6.30        0.00
--------|----------------------------------------------------------------------------|-------|-------------|-------|-------|-------|-------|--------|-----------
         Aggregated                                                                      3964 2533(63.90%) |    418       1   14467      9 |   55.50        0.00

Type     Name                                                                          # reqs      # fails |    Avg     Min     Max    Med |   req/s  failures/s
--------|----------------------------------------------------------------------------|-------|-------------|-------|-------|-------|-------|--------|-----------
GET      /                                                                                135   94(69.63%) |    970       1   14467      6 |    2.20        0.00
GET      /cart                                                                            539  333(61.78%) |    440       1    8617      6 |    8.30        0.00
POST     /cart [add]                                                                      747  483(64.66%) |    430       3   12062     13 |    9.80        0.00
POST     /cart/checkout                                                                    81     0(0.00%) |    828      12    7990    220 |    2.90        0.00
GET      /product/[id]                                                                   2216 1351(60.97%) |    281       1    3882      8 |   30.10        0.00
POST     /setCurrency                                                                     425  272(64.00%) |    763       2   13416     12 |    6.90        0.00
--------|----------------------------------------------------------------------------|-------|-------------|-------|-------|-------|-------|--------|-----------
         Aggregated                                                                      4143 2533(61.14%) |    411       1   14467     10 |   60.20        0.00

Type     Name                                                                          # reqs      # fails |    Avg     Min     Max    Med |   req/s  failures/s
--------|----------------------------------------------------------------------------|-------|-------------|-------|-------|-------|-------|--------|-----------
GET      /                                                                                140   94(67.14%) |    948       1   14467      7 |    2.70        0.00
GET      /cart                                                                            574  333(58.01%) |    431       1    8617      9 |    9.40        0.00
POST     /cart [add]                                                                      778  483(62.08%) |    425       3   12062     14 |   12.10        0.00
POST     /cart/checkout                                                                    93     0(0.00%) |    754      12    7990    230 |    3.80        0.00
GET      /product/[id]                                                                   2302 1351(58.69%) |    279       1    3882     10 |   36.20        0.00
POST     /setCurrency                                                                     444  272(61.26%) |    742       2   13416     16 |    8.20        0.00
--------|----------------------------------------------------------------------------|-------|-------------|-------|-------|-------|-------|--------|-----------
         Aggregated                                                                      4331 2533(58.49%) |    405       1   14467     12 |   72.40        0.00

Type     Name                                                                          # reqs      # fails |    Avg     Min     Max    Med |   req/s  failures/s
--------|----------------------------------------------------------------------------|-------|-------------|-------|-------|-------|-------|--------|-----------
GET      /                                                                                148   94(63.51%) |    905       1   14467     13 |    2.20        0.00
GET      /cart                                                                            602  333(55.32%) |    421       1    8617     11 |    9.60        0.00
POST     /cart [add]                                                                      806  483(59.93%) |    419       3   12062     16 |   12.90        0.00
POST     /cart/checkout                                                                   108     0(0.00%) |    682      12    7990    230 |    4.20        0.00
GET      /product/[id]                                                                   2399 1351(56.32%) |    276       1    3882     11 |   40.00        0.00
POST     /setCurrency                                                                     462  272(58.87%) |    719       2   13416     18 |    8.20        0.00
--------|----------------------------------------------------------------------------|-------|-------------|-------|-------|-------|-------|--------|-----------
         Aggregated                                                                      4525 2533(55.98%) |    396       1   14467     14 |   77.10        0.00

Type     Name                                                                          # reqs      # fails |    Avg     Min     Max    Med |   req/s  failures/s
--------|----------------------------------------------------------------------------|-------|-------------|-------|-------|-------|-------|--------|-----------
GET      /                                                                                157   94(59.87%) |    869       1   14467     16 |    2.30        0.00
GET      /cart                                                                            632  333(52.69%) |    411       1    8617     16 |   11.00        0.00
POST     /cart [add]                                                                      832  483(58.05%) |    416       3   12062     17 |   12.70        0.00
POST     /cart/checkout                                                                   119     0(0.00%) |    636      12    7990    220 |    4.50        0.00
GET      /product/[id]                                                                   2486 1351(54.34%) |    274       1    3882     12 |   41.20        0.00
POST     /setCurrency                                                                     483  272(56.31%) |    703       2   13416     22 |    8.00        0.00
--------|----------------------------------------------------------------------------|-------|-------------|-------|-------|-------|-------|--------|-----------
         Aggregated                                                                      4709 2533(53.79%) |    391       1   14467     17 |   79.70        0.00

Type     Name                                                                          # reqs      # fails |    Avg     Min     Max    Med |   req/s  failures/s
--------|----------------------------------------------------------------------------|-------|-------------|-------|-------|-------|-------|--------|-----------
GET      /                                                                                161   94(58.39%) |    853       1   14467     18 |    2.60        0.00
GET      /cart                                                                            656  333(50.76%) |    404       1    8617     21 |   12.00        0.00
POST     /cart [add]                                                                      868  483(55.65%) |    409       3   12062     20 |   13.30        0.00
POST     /cart/checkout                                                                   133     0(0.00%) |    592      12    7990    210 |    5.50        0.00
GET      /product/[id]                                                                   2593 1351(52.10%) |    271       1    3882     16 |   41.50        0.00
POST     /setCurrency                                                                     498  272(54.62%) |    688       2   13416     24 |    9.00        0.00
--------|----------------------------------------------------------------------------|-------|-------------|-------|-------|-------|-------|--------|-----------
         Aggregated                                                                      4909 2533(51.60%) |    383       1   14467     23 |   83.90        0.00

Type     Name                                                                          # reqs      # fails |    Avg     Min     Max    Med |   req/s  failures/s
--------|----------------------------------------------------------------------------|-------|-------------|-------|-------|-------|-------|--------|-----------
GET      /                                                                                162   94(58.02%) |    849       1   14467     18 |    3.20        0.00
GET      /cart                                                                            682  333(48.83%) |    396       1    8617     32 |   13.00        0.00
POST     /cart [add]                                                                      902  483(53.55%) |    404       3   12062     26 |   14.30        0.00
POST     /cart/checkout                                                                   149     0(0.00%) |    554      12    7990    210 |    6.50        0.00
GET      /product/[id]                                                                   2690 1351(50.22%) |    268       1    3882     24 |   47.60        0.00
POST     /setCurrency                                                                     523  272(52.01%) |    662       2   13416     33 |    9.10        0.00
--------|----------------------------------------------------------------------------|-------|-------------|-------|-------|-------|-------|--------|-----------
         Aggregated                                                                      5108 2533(49.59%) |    376       1   14467     32 |   93.70        0.00

Type     Name                                                                          # reqs      # fails |    Avg     Min     Max    Med |   req/s  failures/s
--------|----------------------------------------------------------------------------|-------|-------------|-------|-------|-------|-------|--------|-----------
GET      /                                                                                169   94(55.62%) |    822       1   14467     41 |    2.70        0.00
GET      /cart                                                                            712  333(46.77%) |    389       1    8617     50 |   13.40        0.00
POST     /cart [add]                                                                      934  483(51.71%) |    399       3   12062     30 |   14.90        0.00
POST     /cart/checkout                                                                   160     0(0.00%) |    532      12    7990    210 |    6.60        0.00
GET      /product/[id]                                                                   2795 1351(48.34%) |    266       1    3882     36 |   49.20        0.00
POST     /setCurrency                                                                     542  272(50.18%) |    646       2   13416     45 |    9.40        0.00
--------|----------------------------------------------------------------------------|-------|-------------|-------|-------|-------|-------|--------|-----------
         Aggregated                                                                      5312 2533(47.68%) |    370       1   14467     43 |   96.20        0.00

Type     Name                                                                          # reqs      # fails |    Avg     Min     Max    Med |   req/s  failures/s
--------|----------------------------------------------------------------------------|-------|-------------|-------|-------|-------|-------|--------|-----------
GET      /                                                                                174   94(54.02%) |    805       1   14467     45 |    2.60        0.00
GET      /cart                                                                            735  333(45.31%) |    384       1    8617     78 |   14.40        0.00
POST     /cart [add]                                                                      976  483(49.49%) |    393       3   12062     40 |   14.60        0.00
POST     /cart/checkout                                                                   176     0(0.00%) |    501      12    7990    210 |    6.30        0.00
GET      /product/[id]                                                                   2878 1351(46.94%) |    264       1    3882     43 |   49.50        0.00
POST     /setCurrency                                                                     564  272(48.23%) |    629       2   13416     56 |    9.60        0.00
--------|----------------------------------------------------------------------------|-------|-------------|-------|-------|-------|-------|--------|-----------
         Aggregated                                                                      5503 2533(46.03%) |    365       1   14467     57 |   97.00        0.00

Type     Name                                                                          # reqs      # fails |    Avg     Min     Max    Med |   req/s  failures/s
--------|----------------------------------------------------------------------------|-------|-------------|-------|-------|-------|-------|--------|-----------
GET      /                                                                                178   94(52.81%) |    791       1   14467     51 |    2.50        0.00
GET      /cart                                                                            765  333(43.53%) |    376       1    8617    110 |   13.30        0.00
POST     /cart [add]                                                                     1015  483(47.59%) |    385       3   12062     49 |   16.70        0.00
POST     /cart/checkout                                                                   191     0(0.00%) |    478      12    7990    200 |    6.60        0.00
GET      /product/[id]                                                                   2987 1351(45.23%) |    261       1    3882     63 |   47.80        0.00
POST     /setCurrency                                                                     579  272(46.98%) |    616       2   13416     62 |   10.30        0.00
--------|----------------------------------------------------------------------------|-------|-------------|-------|-------|-------|-------|--------|-----------
         Aggregated                                                                      5715 2533(44.32%) |    358       1   14467     87 |   97.20        0.00

Type     Name                                                                          # reqs      # fails |    Avg     Min     Max    Med |   req/s  failures/s
--------|----------------------------------------------------------------------------|-------|-------------|-------|-------|-------|-------|--------|-----------
GET      /                                                                                182   94(51.65%) |    777       1   14467     66 |    2.40        0.00
GET      /cart                                                                            788  333(42.26%) |    372       1    8617    120 |   13.20        0.00
POST     /cart [add]                                                                     1048  483(46.09%) |    382       3   12062     62 |   17.80        0.00
POST     /cart/checkout                                                                   200     0(0.00%) |    467      12    7990    200 |    7.10        0.00
GET      /product/[id]                                                                   3087 1351(43.76%) |    260       1    3882    100 |   49.80        0.00
POST     /setCurrency                                                                     594  272(45.79%) |    605       2   13416     69 |    9.50        0.00
--------|----------------------------------------------------------------------------|-------|-------------|-------|-------|-------|-------|--------|-----------
         Aggregated                                                                      5899 2533(42.94%) |    354       1   14467    110 |   99.80        0.00

Type     Name                                                                          # reqs      # fails |    Avg     Min     Max    Med |   req/s  failures/s
--------|----------------------------------------------------------------------------|-------|-------------|-------|-------|-------|-------|--------|-----------
GET      /                                                                                189   94(49.74%) |    753       1   14467     74 |    2.10        0.00
GET      /cart                                                                            805  333(41.37%) |    370       1    8617    130 |   12.80        0.00
POST     /cart [add]                                                                     1078  483(44.81%) |    381       3   12062     85 |   18.30        0.00
POST     /cart/checkout                                                                   213     0(0.00%) |    454      12    7990    200 |    6.50        0.00
GET      /product/[id]                                                                   3186 1351(42.40%) |    259       1    3882    110 |   50.90        0.00
POST     /setCurrency                                                                     608  272(44.74%) |    597       2   13416     78 |    9.60        0.00
--------|----------------------------------------------------------------------------|-------|-------------|-------|-------|-------|-------|--------|-----------
         Aggregated                                                                      6079 2533(41.67%) |    351       1   14467    120 |  100.20        0.00

Type     Name                                                                          # reqs      # fails |    Avg     Min     Max    Med |   req/s  failures/s
--------|----------------------------------------------------------------------------|-------|-------------|-------|-------|-------|-------|--------|-----------
GET      /                                                                                191   94(49.21%) |    747       1   14467     77 |    2.60        0.00
GET      /cart                                                                            827  333(40.27%) |    366       1    8617    130 |   13.00        0.00
POST     /cart [add]                                                                     1118  483(43.20%) |    379       3   12062    130 |   18.00        0.00
POST     /cart/checkout                                                                   230     0(0.00%) |    437      12    7990    200 |    6.30        0.00
GET      /product/[id]                                                                   3270 1351(41.31%) |    258       1    3882    120 |   49.40        0.00
POST     /setCurrency                                                                     632  272(43.04%) |    587       2   13416     96 |    8.40        0.00
--------|----------------------------------------------------------------------------|-------|-------------|-------|-------|-------|-------|--------|-----------
         Aggregated                                                                      6268 2533(40.41%) |    349       1   14467    130 |   97.70        0.00

Type     Name                                                                          # reqs      # fails |    Avg     Min     Max    Med |   req/s  failures/s
--------|----------------------------------------------------------------------------|-------|-------------|-------|-------|-------|-------|--------|-----------
GET      /                                                                                200   94(47.00%) |    726       1   14467     96 |    2.60        0.00
GET      /cart                                                                            863  333(38.59%) |    358       1    8617    140 |   11.70        0.00
POST     /cart [add]                                                                     1145  483(42.18%) |    376       3   12062    140 |   18.10        0.00
POST     /cart/checkout                                                                   241     0(0.00%) |    424      12    7990    200 |    6.80        0.00
GET      /product/[id]                                                                   3361 1351(40.20%) |    256       1    3882    120 |   47.70        0.00
POST     /setCurrency                                                                     658  272(41.34%) |    574       2   13416    110 |    9.20        0.00
--------|----------------------------------------------------------------------------|-------|-------------|-------|-------|-------|-------|--------|-----------
         Aggregated                                                                      6468 2533(39.16%) |    344       1   14467    130 |   96.10        0.00

Type     Name                                                                          # reqs      # fails |    Avg     Min     Max    Med |   req/s  failures/s
--------|----------------------------------------------------------------------------|-------|-------------|-------|-------|-------|-------|--------|-----------
GET      /                                                                                205   94(45.85%) |    712       1   14467    100 |    2.60        0.00
GET      /cart                                                                            882  333(37.76%) |    355       1    8617    150 |   12.00        0.00
POST     /cart [add]                                                                     1188  483(40.66%) |    371       3   12062    150 |   17.00        0.00
POST     /cart/checkout                                                                   255     0(0.00%) |    411      12    7990    200 |    6.70        0.00
GET      /product/[id]                                                                   3451 1351(39.15%) |    255       1    3882    130 |   48.90        0.00
POST     /setCurrency                                                                     681  272(39.94%) |    561       2   13416    120 |    9.20        0.00
--------|----------------------------------------------------------------------------|-------|-------------|-------|-------|-------|-------|--------|-----------
         Aggregated                                                                      6662 2533(38.02%) |    340       1   14467    140 |   96.40        0.00

Type     Name                                                                          # reqs      # fails |    Avg     Min     Max    Med |   req/s  failures/s
--------|----------------------------------------------------------------------------|-------|-------------|-------|-------|-------|-------|--------|-----------
GET      /                                                                                212   94(44.34%) |    693       1   14467    110 |    2.80        0.00
GET      /cart                                                                            906  333(36.75%) |    350       1    8617    150 |   12.10        0.00
POST     /cart [add]                                                                     1228  483(39.33%) |    366       3   12062    160 |   16.90        0.00
POST     /cart/checkout                                                                   273     0(0.00%) |    398      12    7990    200 |    6.40        0.00
GET      /product/[id]                                                                   3570 1351(37.84%) |    253       1    3882    140 |   47.10        0.00
POST     /setCurrency                                                                     696  272(39.08%) |    551       2   13416    120 |   10.30        0.00
--------|----------------------------------------------------------------------------|-------|-------------|-------|-------|-------|-------|--------|-----------
         Aggregated                                                                      6885 2533(36.79%) |    335       1   14467    150 |   95.60        0.00

Type     Name                                                                          # reqs      # fails |    Avg     Min     Max    Med |   req/s  failures/s
--------|----------------------------------------------------------------------------|-------|-------------|-------|-------|-------|-------|--------|-----------
GET      /                                                                                216   94(43.52%) |    687       1   14467    110 |    2.90        0.00
GET      /cart                                                                            928  333(35.88%) |    350       1    8617    150 |   11.90        0.00
POST     /cart [add]                                                                     1250  483(38.64%) |    367       3   12062    160 |   17.50        0.00
POST     /cart/checkout                                                                   280     0(0.00%) |    398      12    7990    200 |    7.40        0.00
GET      /product/[id]                                                                   3654 1351(36.97%) |    253       1    3882    140 |   46.60        0.00
POST     /setCurrency                                                                     709  272(38.36%) |    545       2   13416    120 |   10.20        0.00
--------|----------------------------------------------------------------------------|-------|-------------|-------|-------|-------|-------|--------|-----------
         Aggregated                                                                      7037 2533(36.00%) |    334       1   14467    150 |   96.50        0.00

Type     Name                                                                          # reqs      # fails |    Avg     Min     Max    Med |   req/s  failures/s
--------|----------------------------------------------------------------------------|-------|-------------|-------|-------|-------|-------|--------|-----------
GET      /                                                                                223   94(42.15%) |    668       1   14467    110 |    2.70        0.00
GET      /cart                                                                            959  333(34.72%) |    345       1    8617    150 |   11.90        0.00
POST     /cart [add]                                                                     1278  483(37.79%) |    364       3   12062    170 |   17.10        0.00
POST     /cart/checkout                                                                   291     0(0.00%) |    393      12    7990    200 |    7.00        0.00
GET      /product/[id]                                                                   3770 1351(35.84%) |    252       1    3882    140 |   47.80        0.00
POST     /setCurrency                                                                     726  272(37.47%) |    535       2   13416    110 |   10.60        0.00
--------|----------------------------------------------------------------------------|-------|-------------|-------|-------|-------|-------|--------|-----------
         Aggregated                                                                      7247 2533(34.95%) |    331       1   14467    150 |   97.10        0.00

Type     Name                                                                          # reqs      # fails |    Avg     Min     Max    Med |   req/s  failures/s
--------|----------------------------------------------------------------------------|-------|-------------|-------|-------|-------|-------|--------|-----------
GET      /                                                                                232   94(40.52%) |    651       1   14467    120 |    2.90        0.00
GET      /cart                                                                            980  333(33.98%) |    341       1    8617    150 |   12.60        0.00
POST     /cart [add]                                                                     1311  483(36.84%) |    360       3   12062    180 |   16.90        0.00
POST     /cart/checkout                                                                   309     0(0.00%) |    383      12    7990    200 |    6.50        0.00
GET      /product/[id]                                                                   3878 1351(34.84%) |    250       1    3882    150 |   49.60        0.00
POST     /setCurrency                                                                     749  272(36.32%) |    525       2   13416    120 |    9.30        0.00
--------|----------------------------------------------------------------------------|-------|-------------|-------|-------|-------|-------|--------|-----------
         Aggregated                                                                      7459 2533(33.96%) |    327       1   14467    150 |   97.80        0.00

Type     Name                                                                          # reqs      # fails |    Avg     Min     Max    Med |   req/s  failures/s
--------|----------------------------------------------------------------------------|-------|-------------|-------|-------|-------|-------|--------|-----------
GET      /                                                                                234   94(40.17%) |    649       1   14467    120 |    3.30        0.00
GET      /cart                                                                           1009  333(33.00%) |    338       1    8617    160 |   13.00        0.00
POST     /cart [add]                                                                     1332  483(36.26%) |    359       3   12062    180 |   16.40        0.00
POST     /cart/checkout                                                                   321     0(0.00%) |    378      12    7990    200 |    6.70        0.00
GET      /product/[id]                                                                   3975 1351(33.99%) |    250       1    3882    150 |   50.40        0.00
POST     /setCurrency                                                                     767  272(35.46%) |    516       2   13416    120 |    9.20        0.00
--------|----------------------------------------------------------------------------|-------|-------------|-------|-------|-------|-------|--------|-----------
         Aggregated                                                                      7638 2533(33.16%) |    325       1   14467    160 |   99.00        0.00

Type     Name                                                                          # reqs      # fails |    Avg     Min     Max    Med |   req/s  failures/s
--------|----------------------------------------------------------------------------|-------|-------------|-------|-------|-------|-------|--------|-----------
GET      /                                                                                239   94(39.33%) |    637       1   14467    120 |    3.00        0.00
GET      /cart                                                                           1032  333(32.27%) |    335       1    8617    160 |   12.20        0.00
POST     /cart [add]                                                                     1378  483(35.05%) |    353       3   12062    180 |   15.60        0.00
POST     /cart/checkout                                                                   341     0(0.00%) |    367      12    7990    200 |    6.60        0.00
GET      /product/[id]                                                                   4087 1351(33.06%) |    248       1    3882    150 |   52.20        0.00
POST     /setCurrency                                                                     790  272(34.43%) |    505       2   13416    120 |    8.50        0.00
--------|----------------------------------------------------------------------------|-------|-------------|-------|-------|-------|-------|--------|-----------
         Aggregated                                                                      7867 2533(32.20%) |    320       1   14467    160 |   98.10        0.00

Type     Name                                                                          # reqs      # fails |    Avg     Min     Max    Med |   req/s  failures/s
--------|----------------------------------------------------------------------------|-------|-------------|-------|-------|-------|-------|--------|-----------
GET      /                                                                                244   94(38.52%) |    627       1   14467    120 |    2.80        0.00
GET      /cart                                                                           1064  333(31.30%) |    331       1    8617    160 |   12.90        0.00
POST     /cart [add]                                                                     1411  483(34.23%) |    350       3   12062    180 |   15.10        0.00
POST     /cart/checkout                                                                   351     0(0.00%) |    362      12    7990    200 |    6.60        0.00
GET      /product/[id]                                                                   4195 1351(32.21%) |    246       1    3882    150 |   51.80        0.00
POST     /setCurrency                                                                     806  272(33.75%) |    498       2   13416    120 |    9.40        0.00
--------|----------------------------------------------------------------------------|-------|-------------|-------|-------|-------|-------|--------|-----------
         Aggregated                                                                      8071 2533(31.38%) |    317       1   14467    160 |   98.60        0.00

Type     Name                                                                          # reqs      # fails |    Avg     Min     Max    Med |   req/s  failures/s
--------|----------------------------------------------------------------------------|-------|-------------|-------|-------|-------|-------|--------|-----------
GET      /                                                                                251   94(37.45%) |    613       1   14467    130 |    2.70        0.00
GET      /cart                                                                           1089  333(30.58%) |    327       1    8617    160 |   12.80        0.00
POST     /cart [add]                                                                     1462  483(33.04%) |    345       3   12062    180 |   15.60        0.00
POST     /cart/checkout                                                                   368     0(0.00%) |    353      12    7990    200 |    7.00        0.00
GET      /product/[id]                                                                   4293 1351(31.47%) |    245       1    3882    150 |   52.30        0.00
POST     /setCurrency                                                                     827  272(32.89%) |    489       2   13416    120 |    9.20        0.00
--------|----------------------------------------------------------------------------|-------|-------------|-------|-------|-------|-------|--------|-----------
         Aggregated                                                                      8290 2533(30.55%) |    313       1   14467    160 |   99.60        0.00

Type     Name                                                                          # reqs      # fails |    Avg     Min     Max    Med |   req/s  failures/s
--------|----------------------------------------------------------------------------|-------|-------------|-------|-------|-------|-------|--------|-----------
GET      /                                                                                257   94(36.58%) |    602       1   14467    120 |    3.20        0.00
GET      /cart                                                                           1124  333(29.63%) |    321       1    8617    160 |   13.20        0.00
POST     /cart [add]                                                                     1497  483(32.26%) |    341       3   12062    180 |   17.50        0.00
POST     /cart/checkout                                                                   378     0(0.00%) |    347      12    7990    200 |    7.40        0.00
GET      /product/[id]                                                                   4404 1351(30.68%) |    242       1    3882    150 |   52.60        0.00
POST     /setCurrency                                                                     851  272(31.96%) |    479       2   13416    120 |   10.10        0.00
--------|----------------------------------------------------------------------------|-------|-------------|-------|-------|-------|-------|--------|-----------
         Aggregated                                                                      8511 2533(29.76%) |    309       1   14467    160 |  104.00        0.00

Type     Name                                                                          # reqs      # fails |    Avg     Min     Max    Med |   req/s  failures/s
--------|----------------------------------------------------------------------------|-------|-------------|-------|-------|-------|-------|--------|-----------
GET      /                                                                                264   94(35.61%) |    591       1   14467    130 |    2.30        0.00
GET      /cart                                                                           1153  333(28.88%) |    318       1    8617    160 |   13.90        0.00
POST     /cart [add]                                                                     1536  483(31.45%) |    338       3   12062    180 |   18.70        0.00
POST     /cart/checkout                                                                   390     0(0.00%) |    343      12    7990    200 |    7.00        0.00
GET      /product/[id]                                                                   4504 1351(30.00%) |    240       1    3882    150 |   52.70        0.00
POST     /setCurrency                                                                     875  272(31.09%) |    471       2   13416    130 |   10.10        0.00
--------|----------------------------------------------------------------------------|-------|-------------|-------|-------|-------|-------|--------|-----------
         Aggregated                                                                      8722 2533(29.04%) |    306       1   14467    160 |  104.70        0.00

Type     Name                                                                          # reqs      # fails |    Avg     Min     Max    Med |   req/s  failures/s
--------|----------------------------------------------------------------------------|-------|-------------|-------|-------|-------|-------|--------|-----------
GET      /                                                                                274   94(34.31%) |    576       1   14467    130 |    2.50        0.00
GET      /cart                                                                           1179  333(28.24%) |    314       1    8617    160 |   14.60        0.00
POST     /cart [add]                                                                     1578  483(30.61%) |    334       3   12062    180 |   19.50        0.00
POST     /cart/checkout                                                                   406     0(0.00%) |    336      12    7990    200 |    6.80        0.00
GET      /product/[id]                                                                   4612 1351(29.29%) |    238       1    3882    150 |   52.60        0.00
POST     /setCurrency                                                                     900  272(30.22%) |    463       2   13416    130 |   10.80        0.00
--------|----------------------------------------------------------------------------|-------|-------------|-------|-------|-------|-------|--------|-----------
         Aggregated                                                                      8949 2533(28.30%) |    302       1   14467    160 |  106.80        0.00

Type     Name                                                                          # reqs      # fails |    Avg     Min     Max    Med |   req/s  failures/s
--------|----------------------------------------------------------------------------|-------|-------------|-------|-------|-------|-------|--------|-----------
GET      /                                                                                281   94(33.45%) |    563       1   14467    130 |    2.35        0.79
GET      /cart                                                                           1198  333(27.80%) |    312       1    8617    160 |   10.01        2.78
POST     /cart [add]                                                                     1602  483(30.15%) |    332       3   12062    180 |   13.38        4.03
POST     /cart/checkout                                                                   418     0(0.00%) |    332      12    7990    200 |    3.49        0.00
GET      /product/[id]                                                                   4706 1351(28.71%) |    237       1    3882    150 |   39.31       11.28
POST     /setCurrency                                                                     916  272(29.69%) |    456       2   13416    120 |    7.65        2.27
--------|----------------------------------------------------------------------------|-------|-------------|-------|-------|-------|-------|--------|-----------
         Aggregated                                                                      9121 2533(27.77%) |    300       1   14467    160 |   76.19       21.16

Response time percentiles (approximated)
Type     Name                                                                                  50%    66%    75%    80%    90%    95%    98%    99%  99.9% 99.99%   100% # reqs
--------|--------------------------------------------------------------------------------|--------|------|------|------|------|------|------|------|------|------|------|------
GET      /                                                                                     130    200    270    310    460   1100  11000  14000  14000  14000  14000    281
GET      /cart                                                                                 160    210    250    280    460   1400   3300   4200   6000   8600   8600   1198
POST     /cart [add]                                                                           180    250    290    320    470    930   3600   4600   6100  12000  12000   1602
POST     /cart/checkout                                                                        200    220    270    290    380    870   3000   3500   8000   8000   8000    418
GET      /product/[id]                                                                         150    200    230    260    340    630   2300   3200   3700   3900   3900   4706
POST     /setCurrency                                                                          130    210    270    310    510   1000   7300   8800  13000  13000  13000    916
--------|--------------------------------------------------------------------------------|--------|------|------|------|------|------|------|------|------|------|------|------
         Aggregated                                                                            160    210    250    280    390    800   3100   3700  12000  14000  14000   9121

Error report
# occurrences      Error                                                                                               
------------------|---------------------------------------------------------------------------------------------------------------------------------------------
333                GET /cart: HTTPError('500 Server Error: Internal Server Error for url: /cart')                      
272                POST /setCurrency: HTTPError('500 Server Error: Internal Server Error for url: /setCurrency')       
1351               GET /product/[id]: HTTPError('500 Server Error: Internal Server Error for url: /product/[id]')      
183                POST /cart [add]: add falhou (500), skip checkout                                                   
94                 GET /: HTTPError('500 Server Error: Internal Server Error for url: /')                              
300                POST /cart [add]: HTTPError('500 Server Error: Internal Server Error for url: /cart [add]')         
------------------|---------------------------------------------------------------------------------------------------------------------------------------------

