/Users/edias/Library/Python/3.9/lib/python/site-packages/urllib3/__init__.py:35: NotOpenSSLWarning: urllib3 v2 only supports OpenSSL 1.1.1+, currently the 'ssl' module is compiled with 'LibreSSL 2.8.3'. See: https://github.com/urllib3/urllib3/issues/3020
  warnings.warn(
[2026-05-21 09:43:33,445] MacBook-Air-de-Eduardo/WARNING/locust.main: Python 3.9 support is deprecated and will be removed soon
Type     Name                                                                          # reqs      # fails |    Avg     Min     Max    Med |   req/s  failures/s
--------|----------------------------------------------------------------------------|-------|-------------|-------|-------|-------|-------|--------|-----------
--------|----------------------------------------------------------------------------|-------|-------------|-------|-------|-------|-------|--------|-----------
         Aggregated                                                                         0     0(0.00%) |      0       0       0      0 |    0.00        0.00

Type     Name                                                                          # reqs      # fails |    Avg     Min     Max    Med |   req/s  failures/s
--------|----------------------------------------------------------------------------|-------|-------------|-------|-------|-------|-------|--------|-----------
GET      /                                                                                  4     0(0.00%) |     17      15      19     16 |    0.00        0.00
GET      /cart                                                                              4     0(0.00%) |     13      12      15     13 |    0.00        0.00
POST     /cart [add]                                                                        5     0(0.00%) |     19      16      23     17 |    0.00        0.00
GET      /product/[id]                                                                     13     0(0.00%) |     16       8      26     15 |    0.00        0.00
--------|----------------------------------------------------------------------------|-------|-------------|-------|-------|-------|-------|--------|-----------
         Aggregated                                                                        26     0(0.00%) |     16       8      26     16 |    0.00        0.00

Type     Name                                                                          # reqs      # fails |    Avg     Min     Max    Med |   req/s  failures/s
--------|----------------------------------------------------------------------------|-------|-------------|-------|-------|-------|-------|--------|-----------
GET      /                                                                                  4     0(0.00%) |     17      15      19     16 |    1.50        0.00
GET      /cart                                                                             14     0(0.00%) |     13       8      19     13 |    2.00        0.00
POST     /cart [add]                                                                       12     0(0.00%) |     17      14      23     17 |    2.00        0.00
POST     /cart/checkout                                                                     3     0(0.00%) |     17      15      20     16 |    0.00        0.00
GET      /product/[id]                                                                     34     0(0.00%) |     14       8      26     12 |    3.50        0.00
POST     /setCurrency                                                                       9     0(0.00%) |     20      16      32     19 |    0.00        0.00
--------|----------------------------------------------------------------------------|-------|-------------|-------|-------|-------|-------|--------|-----------
         Aggregated                                                                        76     0(0.00%) |     15       8      32     15 |    9.00        0.00

Type     Name                                                                          # reqs      # fails |    Avg     Min     Max    Med |   req/s  failures/s
--------|----------------------------------------------------------------------------|-------|-------------|-------|-------|-------|-------|--------|-----------
GET      /                                                                                  6     0(0.00%) |     16      14      19     16 |    1.00        0.00
GET      /cart                                                                             34     0(0.00%) |     12       8      19     12 |    2.50        0.00
POST     /cart [add]                                                                       23     0(0.00%) |     16      10      23     16 |    2.75        0.00
POST     /cart/checkout                                                                     9     0(0.00%) |     16      10      20     18 |    0.50        0.00
GET      /product/[id]                                                                     70     0(0.00%) |     12       7      26     11 |    7.00        0.00
POST     /setCurrency                                                                      22     0(0.00%) |     18      13      32     18 |    2.00        0.00
--------|----------------------------------------------------------------------------|-------|-------------|-------|-------|-------|-------|--------|-----------
         Aggregated                                                                       164     0(0.00%) |     14       7      32     14 |   15.75        0.00

Type     Name                                                                          # reqs      # fails |    Avg     Min     Max    Med |   req/s  failures/s
--------|----------------------------------------------------------------------------|-------|-------------|-------|-------|-------|-------|--------|-----------
GET      /                                                                                  8     0(0.00%) |     17      14      21     16 |    0.83        0.00
GET      /cart                                                                             46     0(0.00%) |     11       8      19     12 |    4.33        0.00
POST     /cart [add]                                                                       44     0(0.00%) |     15      10      23     15 |    3.83        0.00
POST     /cart/checkout                                                                    22     0(0.00%) |     15      10      20     15 |    1.50        0.00
GET      /product/[id]                                                                    127     0(0.00%) |     11       7      26     11 |   10.50        0.00
POST     /setCurrency                                                                      31     0(0.00%) |     17      13      32     18 |    2.83        0.00
--------|----------------------------------------------------------------------------|-------|-------------|-------|-------|-------|-------|--------|-----------
         Aggregated                                                                       278     0(0.00%) |     13       7      32     13 |   23.83        0.00

Type     Name                                                                          # reqs      # fails |    Avg     Min     Max    Med |   req/s  failures/s
--------|----------------------------------------------------------------------------|-------|-------------|-------|-------|-------|-------|--------|-----------
GET      /                                                                                  9     0(0.00%) |     17      14      21     16 |    1.00        0.00
GET      /cart                                                                             64     0(0.00%) |     11       8      23     11 |    5.12        0.00
POST     /cart [add]                                                                       69     0(0.00%) |     16      10      64     15 |    4.75        0.00
POST     /cart/checkout                                                                    31     0(0.00%) |     15      10      22     15 |    2.38        0.00
GET      /product/[id]                                                                    201     0(0.00%) |     12       7      66     11 |   14.12        0.00
POST     /setCurrency                                                                      42     0(0.00%) |     19      13      66     18 |    3.62        0.00
--------|----------------------------------------------------------------------------|-------|-------------|-------|-------|-------|-------|--------|-----------
         Aggregated                                                                       416     0(0.00%) |     13       7      66     13 |   31.00        0.00

Type     Name                                                                          # reqs      # fails |    Avg     Min     Max    Med |   req/s  failures/s
--------|----------------------------------------------------------------------------|-------|-------------|-------|-------|-------|-------|--------|-----------
GET      /                                                                                 13     0(0.00%) |     17      14      31     16 |    0.90        0.00
GET      /cart                                                                             89     0(0.00%) |     12       8      46     12 |    6.00        0.00
POST     /cart [add]                                                                      105     0(0.00%) |     17      10      64     16 |    6.20        0.00
POST     /cart/checkout                                                                    42     0(0.00%) |     15      10      22     15 |    3.00        0.00
GET      /product/[id]                                                                    276     0(0.00%) |     12       7      66     11 |   18.00        0.00
POST     /setCurrency                                                                      59     0(0.00%) |     19      13      66     18 |    4.00        0.00
--------|----------------------------------------------------------------------------|-------|-------------|-------|-------|-------|-------|--------|-----------
         Aggregated                                                                       584     0(0.00%) |     14       7      66     13 |   38.10        0.00

Type     Name                                                                          # reqs      # fails |    Avg     Min     Max    Med |   req/s  failures/s
--------|----------------------------------------------------------------------------|-------|-------------|-------|-------|-------|-------|--------|-----------
GET      /                                                                                 22     0(0.00%) |     21      12      79     16 |    0.80        0.00
GET      /cart                                                                            111     0(0.00%) |     12       7      46     12 |    8.00        0.00
POST     /cart [add]                                                                      136     0(0.00%) |     18      10      95     16 |    9.00        0.00
POST     /cart/checkout                                                                    57     0(0.00%) |     17      10      76     16 |    3.70        0.00
GET      /product/[id]                                                                    378     0(0.00%) |     12       7      66     11 |   25.20        0.00
POST     /setCurrency                                                                      78     0(0.00%) |     20      12      66     18 |    5.60        0.00
--------|----------------------------------------------------------------------------|-------|-------------|-------|-------|-------|-------|--------|-----------
         Aggregated                                                                       782     0(0.00%) |     14       7      95     13 |   52.30        0.00

Type     Name                                                                          # reqs      # fails |    Avg     Min     Max    Med |   req/s  failures/s
--------|----------------------------------------------------------------------------|-------|-------------|-------|-------|-------|-------|--------|-----------
GET      /                                                                                 26     0(0.00%) |     20      12      79     16 |    1.70        0.00
GET      /cart                                                                            135     0(0.00%) |     12       7      56     12 |    9.70        0.00
POST     /cart [add]                                                                      185     0(0.00%) |     19      10     103     16 |   11.90        0.00
POST     /cart/checkout                                                                    74     0(0.00%) |     19      10      87     16 |    5.10        0.00
GET      /product/[id]                                                                    490     0(0.00%) |     13       7      88     11 |   32.00        0.00
POST     /setCurrency                                                                      96     0(0.00%) |     22      12     102     18 |    6.70        0.00
--------|----------------------------------------------------------------------------|-------|-------------|-------|-------|-------|-------|--------|-----------
         Aggregated                                                                      1006     0(0.00%) |     15       7     103     13 |   67.10        0.00

Type     Name                                                                          # reqs      # fails |    Avg     Min     Max    Med |   req/s  failures/s
--------|----------------------------------------------------------------------------|-------|-------------|-------|-------|-------|-------|--------|-----------
GET      /                                                                                 32     0(0.00%) |     23      12      85     16 |    2.10        0.00
GET      /cart                                                                            171     0(0.00%) |     14       7      84     12 |   10.30        0.00
POST     /cart [add]                                                                      218     0(0.00%) |     20      10     103     16 |   15.30        0.00
POST     /cart/checkout                                                                    86     0(0.00%) |     21      10      87     17 |    6.30        0.00
GET      /product/[id]                                                                    624     0(0.00%) |     14       7      88     11 |   39.60        0.00
POST     /setCurrency                                                                     117     0(0.00%) |     25      12     110     18 |    7.60        0.00
--------|----------------------------------------------------------------------------|-------|-------------|-------|-------|-------|-------|--------|-----------
         Aggregated                                                                      1248     0(0.00%) |     17       7     110     14 |   81.20        0.00

Type     Name                                                                          # reqs      # fails |    Avg     Min     Max    Med |   req/s  failures/s
--------|----------------------------------------------------------------------------|-------|-------------|-------|-------|-------|-------|--------|-----------
GET      /                                                                                 36     0(0.00%) |     24      12      95     16 |    2.20        0.00
GET      /cart                                                                            197     0(0.00%) |     16       7      84     12 |   11.70        0.00
POST     /cart [add]                                                                      267     0(0.00%) |     24      10     103     16 |   17.10        0.00
POST     /cart/checkout                                                                   102     0(0.00%) |     26      10      93     17 |    6.30        0.00
GET      /product/[id]                                                                    760     0(0.00%) |     16       7      88     12 |   47.80        0.00
POST     /setCurrency                                                                     146     0(0.00%) |     28      12     120     19 |    8.10        0.00
--------|----------------------------------------------------------------------------|-------|-------------|-------|-------|-------|-------|--------|-----------
         Aggregated                                                                      1508     0(0.00%) |     19       7     120     14 |   93.20        0.00

Type     Name                                                                          # reqs      # fails |    Avg     Min     Max    Med |   req/s  failures/s
--------|----------------------------------------------------------------------------|-------|-------------|-------|-------|-------|-------|--------|-----------
GET      /                                                                                 42     0(0.00%) |     25      12      95     16 |    2.60        0.00
GET      /cart                                                                            234     0(0.00%) |     22       7     225     13 |   12.90        0.00
POST     /cart [add]                                                                      314     0(0.00%) |     29      10     301     17 |   19.30        0.00
POST     /cart/checkout                                                                   116     0(0.00%) |     29      10     157     17 |    6.70        0.00
GET      /product/[id]                                                                    898     0(0.00%) |     20       7     201     12 |   54.00        0.00
POST     /setCurrency                                                                     166     0(0.00%) |     32      12     256     19 |   10.10        0.00
--------|----------------------------------------------------------------------------|-------|-------------|-------|-------|-------|-------|--------|-----------
         Aggregated                                                                      1770     0(0.00%) |     24       7     301     15 |  105.60        0.00

Type     Name                                                                          # reqs      # fails |    Avg     Min     Max    Med |   req/s  failures/s
--------|----------------------------------------------------------------------------|-------|-------------|-------|-------|-------|-------|--------|-----------
GET      /                                                                                 52     0(0.00%) |     29      12     101     17 |    2.90        0.00
GET      /cart                                                                            276     0(0.00%) |     25       7     225     14 |   13.50        0.00
POST     /cart [add]                                                                      370     0(0.00%) |     36      10     301     19 |   20.60        0.00
POST     /cart/checkout                                                                   135     0(0.00%) |     37      10     190     19 |    7.80        0.00
GET      /product/[id]                                                                   1042     0(0.00%) |     24       7     201     13 |   61.00        0.00
POST     /setCurrency                                                                     186     0(0.00%) |     35      12     256     20 |   10.40        0.00
--------|----------------------------------------------------------------------------|-------|-------------|-------|-------|-------|-------|--------|-----------
         Aggregated                                                                      2061     0(0.00%) |     28       7     301     16 |  116.20        0.00

Type     Name                                                                          # reqs      # fails |    Avg     Min     Max    Med |   req/s  failures/s
--------|----------------------------------------------------------------------------|-------|-------------|-------|-------|-------|-------|--------|-----------
GET      /                                                                                 60     0(0.00%) |     38      12     146     18 |    2.90        0.00
GET      /cart                                                                            313     0(0.00%) |     31       7     225     14 |   15.90        0.00
POST     /cart [add]                                                                      415     0(0.00%) |     40      10     301     21 |   22.10        0.00
POST     /cart/checkout                                                                   154     0(0.00%) |     41      10     190     21 |    7.60        0.00
GET      /product/[id]                                                                   1204     0(0.00%) |     29       7     201     14 |   66.40        0.00
POST     /setCurrency                                                                     215     0(0.00%) |     40      12     256     22 |   10.40        0.00
--------|----------------------------------------------------------------------------|-------|-------------|-------|-------|-------|-------|--------|-----------
         Aggregated                                                                      2361     0(0.00%) |     33       7     301     17 |  125.30        0.00

Type     Name                                                                          # reqs      # fails |    Avg     Min     Max    Med |   req/s  failures/s
--------|----------------------------------------------------------------------------|-------|-------------|-------|-------|-------|-------|--------|-----------
GET      /                                                                                 68     0(0.00%) |     41      12     146     19 |    3.20        0.00
GET      /cart                                                                            353     0(0.00%) |     34       7     225     16 |   17.30        0.00
POST     /cart [add]                                                                      478     0(0.00%) |     46      10     301     25 |   22.60        0.00
POST     /cart/checkout                                                                   181     0(0.00%) |     48      10     190     33 |    7.70        0.00
GET      /product/[id]                                                                   1358     0(0.00%) |     34       7     201     15 |   70.40        0.00
POST     /setCurrency                                                                     248     0(0.00%) |     44      12     256     23 |   11.50        0.00
--------|----------------------------------------------------------------------------|-------|-------------|-------|-------|-------|-------|--------|-----------
         Aggregated                                                                      2686     0(0.00%) |     38       7     301     19 |  132.70        0.00

Type     Name                                                                          # reqs      # fails |    Avg     Min     Max    Med |   req/s  failures/s
--------|----------------------------------------------------------------------------|-------|-------------|-------|-------|-------|-------|--------|-----------
GET      /                                                                                 76     0(0.00%) |     43      11     172     20 |    3.80        0.00
GET      /cart                                                                            390     0(0.00%) |     40       7     245     18 |   18.70        0.00
POST     /cart [add]                                                                      534     0(0.00%) |     52      10     301     30 |   25.00        0.00
POST     /cart/checkout                                                                   199     0(0.00%) |     52      10     233     39 |    9.00        0.00
GET      /product/[id]                                                                   1515     0(0.00%) |     38       7     202     19 |   72.20        0.00
POST     /setCurrency                                                                     282     0(0.00%) |     48      12     256     26 |   13.40        0.00
--------|----------------------------------------------------------------------------|-------|-------------|-------|-------|-------|-------|--------|-----------
         Aggregated                                                                      2996     0(0.00%) |     43       7     301     23 |  142.10        0.00

Type     Name                                                                          # reqs      # fails |    Avg     Min     Max    Med |   req/s  failures/s
--------|----------------------------------------------------------------------------|-------|-------------|-------|-------|-------|-------|--------|-----------
GET      /                                                                                 87     0(0.00%) |     49      11     446     21 |    4.00        0.00
GET      /cart                                                                            426     0(0.00%) |     57       7     687     21 |   19.50        0.00
POST     /cart [add]                                                                      578     0(0.00%) |     69      10     970     34 |   26.70        0.00
POST     /cart/checkout                                                                   215     0(0.00%) |     60      10     283     47 |    9.70        0.00
GET      /product/[id]                                                                   1638     0(0.00%) |     56       7     895     22 |   75.60        0.00
POST     /setCurrency                                                                     301     0(0.00%) |     54      12     590     26 |   13.10        0.00
--------|----------------------------------------------------------------------------|-------|-------------|-------|-------|-------|-------|--------|-----------
         Aggregated                                                                      3245     0(0.00%) |     58       7     970     26 |  148.60        0.00

Type     Name                                                                          # reqs      # fails |    Avg     Min     Max    Med |   req/s  failures/s
--------|----------------------------------------------------------------------------|-------|-------------|-------|-------|-------|-------|--------|-----------
GET      /                                                                                 95     0(0.00%) |     50      11     446     22 |    4.20        0.00
GET      /cart                                                                            470     0(0.00%) |     63       7     687     31 |   19.30        0.00
POST     /cart [add]                                                                      638     0(0.00%) |     75      10     970     45 |   25.80        0.00
POST     /cart/checkout                                                                   240     0(0.00%) |     70      10     298     53 |    8.80        0.00
GET      /product/[id]                                                                   1799     0(0.00%) |     62       7     895     28 |   73.20        0.00
POST     /setCurrency                                                                     332     0(0.00%) |     57      12     590     29 |   13.60        0.00
--------|----------------------------------------------------------------------------|-------|-------------|-------|-------|-------|-------|--------|-----------
         Aggregated                                                                      3574     0(0.00%) |     64       7     970     32 |  144.90        0.00

Type     Name                                                                          # reqs      # fails |    Avg     Min     Max    Med |   req/s  failures/s
--------|----------------------------------------------------------------------------|-------|-------------|-------|-------|-------|-------|--------|-----------
GET      /                                                                                109     0(0.00%) |     55      11     446     31 |    4.30        0.00
GET      /cart                                                                            518     0(0.00%) |     68       7     687     37 |   19.50        0.00
POST     /cart [add]                                                                      693     0(0.00%) |     81      10     970     57 |   27.10        0.00
POST     /cart/checkout                                                                   259     0(0.00%) |     75      10     298     60 |   10.30        0.00
GET      /product/[id]                                                                   1978     0(0.00%) |     67       7     895     34 |   74.20        0.00
POST     /setCurrency                                                                     372     0(0.00%) |     59      12     590     31 |   14.40        0.00
--------|----------------------------------------------------------------------------|-------|-------------|-------|-------|-------|-------|--------|-----------
         Aggregated                                                                      3929     0(0.00%) |     69       7     970     38 |  149.80        0.00

Type     Name                                                                          # reqs      # fails |    Avg     Min     Max    Med |   req/s  failures/s
--------|----------------------------------------------------------------------------|-------|-------------|-------|-------|-------|-------|--------|-----------
GET      /                                                                                115     0(0.00%) |     62      11     446     35 |    4.60        0.00
GET      /cart                                                                            547     0(0.00%) |     80       7     818     45 |   19.80        0.00
POST     /cart [add]                                                                      729     0(0.00%) |     92      10     976     62 |   28.30        0.00
POST     /cart/checkout                                                                   268     0(0.00%) |     76      10     298     61 |   10.60        0.00
GET      /product/[id]                                                                   2109     0(0.00%) |     84       7    1105     40 |   76.40        0.00
POST     /setCurrency                                                                     400     0(0.00%) |     73      12     780     33 |   15.50        0.00
--------|----------------------------------------------------------------------------|-------|-------------|-------|-------|-------|-------|--------|-----------
         Aggregated                                                                      4168     0(0.00%) |     83       7    1105     44 |  155.20        0.00

Type     Name                                                                          # reqs      # fails |    Avg     Min     Max    Med |   req/s  failures/s
--------|----------------------------------------------------------------------------|-------|-------------|-------|-------|-------|-------|--------|-----------
GET      /                                                                                123     0(0.00%) |     83      11     882     39 |    4.70        0.00
GET      /cart                                                                            583     0(0.00%) |     93       7     818     52 |   19.40        0.00
POST     /cart [add]                                                                      778     0(0.00%) |    114      10    1128     71 |   26.20        0.00
POST     /cart/checkout                                                                   291     0(0.00%) |     89      10    1049     72 |    9.60        0.00
GET      /product/[id]                                                                   2217     0(0.00%) |     96       7    1105     44 |   74.30        0.00
POST     /setCurrency                                                                     431     0(0.00%) |     82      12     807     36 |   14.80        0.00
--------|----------------------------------------------------------------------------|-------|-------------|-------|-------|-------|-------|--------|-----------
         Aggregated                                                                      4423     0(0.00%) |     97       7    1128     50 |  149.00        0.00

Type     Name                                                                          # reqs      # fails |    Avg     Min     Max    Med |   req/s  failures/s
--------|----------------------------------------------------------------------------|-------|-------------|-------|-------|-------|-------|--------|-----------
GET      /                                                                                131     0(0.00%) |    102      11     882     45 |    4.30        0.00
GET      /cart                                                                            617     0(0.00%) |    104       7     818     58 |   18.80        0.00
POST     /cart [add]                                                                      821     0(0.00%) |    126      10    1128     77 |   24.30        0.00
POST     /cart/checkout                                                                   303     0(0.00%) |     97      10    1049     81 |    9.50        0.00
GET      /product/[id]                                                                   2358     0(0.00%) |    110       7    1105     50 |   70.20        0.00
POST     /setCurrency                                                                     453     0(0.00%) |     89      12     807     36 |   15.00        0.00
--------|----------------------------------------------------------------------------|-------|-------------|-------|-------|-------|-------|--------|-----------
         Aggregated                                                                      4683     0(0.00%) |    109       7    1128     56 |  142.10        0.00

Type     Name                                                                          # reqs      # fails |    Avg     Min     Max    Med |   req/s  failures/s
--------|----------------------------------------------------------------------------|-------|-------------|-------|-------|-------|-------|--------|-----------
GET      /                                                                                140     0(0.00%) |    100      11     882     49 |    4.90        0.00
GET      /cart                                                                            666     0(0.00%) |    111       7     818     63 |   19.40        0.00
POST     /cart [add]                                                                      875     0(0.00%) |    135      10    1128     84 |   24.60        0.00
POST     /cart/checkout                                                                   323     0(0.00%) |    107      10    1049     91 |    9.90        0.00
GET      /product/[id]                                                                   2543     0(0.00%) |    117       7    1105     60 |   70.50        0.00
POST     /setCurrency                                                                     488     0(0.00%) |     90      12     807     40 |   15.10        0.00
--------|----------------------------------------------------------------------------|-------|-------------|-------|-------|-------|-------|--------|-----------
         Aggregated                                                                      5035     0(0.00%) |    116       7    1128     64 |  144.40        0.00

Type     Name                                                                          # reqs      # fails |    Avg     Min     Max    Med |   req/s  failures/s
--------|----------------------------------------------------------------------------|-------|-------------|-------|-------|-------|-------|--------|-----------
GET      /                                                                                141     0(0.00%) |    100      11     882     54 |    4.40        0.00
GET      /cart                                                                            697     0(0.00%) |    118       7     818     72 |   18.80        0.00
POST     /cart [add]                                                                      924     0(0.00%) |    142      10    1128     89 |   24.00        0.00
POST     /cart/checkout                                                                   346     0(0.00%) |    117      10    1049     93 |    8.40        0.00
GET      /product/[id]                                                                   2683     0(0.00%) |    124       7    1105     67 |   73.80        0.00
POST     /setCurrency                                                                     511     0(0.00%) |     88      12     807     40 |   15.80        0.00
--------|----------------------------------------------------------------------------|-------|-------------|-------|-------|-------|-------|--------|-----------
         Aggregated                                                                      5302     0(0.00%) |    122       7    1128     70 |  145.20        0.00

Type     Name                                                                          # reqs      # fails |    Avg     Min     Max    Med |   req/s  failures/s
--------|----------------------------------------------------------------------------|-------|-------------|-------|-------|-------|-------|--------|-----------
GET      /                                                                                153     0(0.00%) |    107      11     882     54 |    3.70        0.00
GET      /cart                                                                            739     0(0.00%) |    131       7     831     80 |   19.20        0.00
POST     /cart [add]                                                                      976     0(0.00%) |    160      10    1140     96 |   23.30        0.00
POST     /cart/checkout                                                                   367     0(0.00%) |    128      10    1080     94 |    8.70        0.00
GET      /product/[id]                                                                   2873     0(0.00%) |    139       7    1105     77 |   74.60        0.00
POST     /setCurrency                                                                     552     0(0.00%) |     99      12     904     44 |   14.80        0.00
--------|----------------------------------------------------------------------------|-------|-------------|-------|-------|-------|-------|--------|-----------
         Aggregated                                                                      5660     0(0.00%) |    136       7    1140     78 |  144.30        0.00

Type     Name                                                                          # reqs      # fails |    Avg     Min     Max    Med |   req/s  failures/s
--------|----------------------------------------------------------------------------|-------|-------------|-------|-------|-------|-------|--------|-----------
GET      /                                                                                163     0(0.00%) |    108      11     882     54 |    3.70        0.00
GET      /cart                                                                            780     0(0.00%) |    136       7     831     88 |   18.40        0.00
POST     /cart [add]                                                                     1034     0(0.00%) |    169      10    1140    100 |   24.10        0.00
POST     /cart/checkout                                                                   387     0(0.00%) |    137      10    1080     96 |    9.20        0.00
GET      /product/[id]                                                                   3056     0(0.00%) |    149       7    1105     87 |   75.50        0.00
POST     /setCurrency                                                                     588     0(0.00%) |    100      12     904     45 |   14.80        0.00
--------|----------------------------------------------------------------------------|-------|-------------|-------|-------|-------|-------|--------|-----------
         Aggregated                                                                      6008     0(0.00%) |    144       7    1140     86 |  145.70        0.00

Type     Name                                                                          # reqs      # fails |    Avg     Min     Max    Med |   req/s  failures/s
--------|----------------------------------------------------------------------------|-------|-------------|-------|-------|-------|-------|--------|-----------
GET      /                                                                                174     0(0.00%) |    106      11     882     52 |    4.30        0.00
GET      /cart                                                                            831     0(0.00%) |    146       7     831     94 |   19.70        0.00
POST     /cart [add]                                                                     1092     0(0.00%) |    177      10    1140    110 |   24.50        0.00
POST     /cart/checkout                                                                   417     0(0.00%) |    150      10    1080     98 |    9.10        0.00
GET      /product/[id]                                                                   3234     0(0.00%) |    155       7    1105     95 |   82.70        0.00
POST     /setCurrency                                                                     619     0(0.00%) |    100      12     904     47 |   15.60        0.00
--------|----------------------------------------------------------------------------|-------|-------------|-------|-------|-------|-------|--------|-----------
         Aggregated                                                                      6367     0(0.00%) |    151       7    1140     93 |  155.90        0.00

Type     Name                                                                          # reqs      # fails |    Avg     Min     Max    Med |   req/s  failures/s
--------|----------------------------------------------------------------------------|-------|-------------|-------|-------|-------|-------|--------|-----------
GET      /                                                                                178     0(0.00%) |    106      11     882     52 |    4.10        0.00
GET      /cart                                                                            867     0(0.00%) |    154       7     831    100 |   21.10        0.00
POST     /cart [add]                                                                     1151     0(0.00%) |    185      10    1140    120 |   27.20        0.00
POST     /cart/checkout                                                                   432     0(0.00%) |    157      10    1080     99 |   10.80        0.00
GET      /product/[id]                                                                   3410     0(0.00%) |    163       7    1105    100 |   86.80        0.00
POST     /setCurrency                                                                     650     0(0.00%) |     99      12     904     48 |   16.60        0.00
--------|----------------------------------------------------------------------------|-------|-------------|-------|-------|-------|-------|--------|-----------
         Aggregated                                                                      6688     0(0.00%) |    157       7    1140     97 |  166.60        0.00

Type     Name                                                                          # reqs      # fails |    Avg     Min     Max    Med |   req/s  failures/s
--------|----------------------------------------------------------------------------|-------|-------------|-------|-------|-------|-------|--------|-----------
GET      /                                                                                185     0(0.00%) |    110      11     882     54 |    4.10        0.00
GET      /cart                                                                            929     0(0.00%) |    162       7     831    110 |   21.10        0.00
POST     /cart [add]                                                                     1199     0(0.00%) |    189      10    1140    130 |   27.60        0.00
POST     /cart/checkout                                                                   446     0(0.00%) |    160      10    1080    100 |   11.10        0.00
GET      /product/[id]                                                                   3606     0(0.00%) |    169       7    1105    110 |   87.00        0.00
POST     /setCurrency                                                                     688     0(0.00%) |    101      12     904     48 |   16.40        0.00
--------|----------------------------------------------------------------------------|-------|-------------|-------|-------|-------|-------|--------|-----------
         Aggregated                                                                      7053     0(0.00%) |    163       7    1140    100 |  167.30        0.00

Type     Name                                                                          # reqs      # fails |    Avg     Min     Max    Med |   req/s  failures/s
--------|----------------------------------------------------------------------------|-------|-------------|-------|-------|-------|-------|--------|-----------
GET      /                                                                                192     0(0.00%) |    129      11     955     56 |    4.30        0.00
GET      /cart                                                                            961     0(0.00%) |    173       7    1029    110 |   22.40        0.00
POST     /cart [add]                                                                     1232     0(0.00%) |    202      10    1459    140 |   26.80        0.00
POST     /cart/checkout                                                                   457     0(0.00%) |    169      10    1422    100 |   10.00        0.00
GET      /product/[id]                                                                   3742     0(0.00%) |    184       7    1297    120 |   88.10        0.00
POST     /setCurrency                                                                     710     0(0.00%) |    106      12     956     49 |   17.00        0.00
--------|----------------------------------------------------------------------------|-------|-------------|-------|-------|-------|-------|--------|-----------
         Aggregated                                                                      7294     0(0.00%) |    175       7    1459    110 |  168.60        0.00

Type     Name                                                                          # reqs      # fails |    Avg     Min     Max    Med |   req/s  failures/s
--------|----------------------------------------------------------------------------|-------|-------------|-------|-------|-------|-------|--------|-----------
GET      /                                                                                203     0(0.00%) |    129      11     955     63 |    4.00        0.00
GET      /cart                                                                           1002     0(0.00%) |    180       7    1029    120 |   22.80        0.00
POST     /cart [add]                                                                     1286     0(0.00%) |    207      10    1459    140 |   24.80        0.00
POST     /cart/checkout                                                                   480     0(0.00%) |    176      10    1422    110 |    9.20        0.00
GET      /product/[id]                                                                   3923     0(0.00%) |    189       7    1297    130 |   87.90        0.00
POST     /setCurrency                                                                     744     0(0.00%) |    108      12     956     51 |   16.10        0.00
--------|----------------------------------------------------------------------------|-------|-------------|-------|-------|-------|-------|--------|-----------
         Aggregated                                                                      7638     0(0.00%) |    181       7    1459    110 |  164.80        0.00

Type     Name                                                                          # reqs      # fails |    Avg     Min     Max    Med |   req/s  failures/s
--------|----------------------------------------------------------------------------|-------|-------------|-------|-------|-------|-------|--------|-----------
GET      /                                                                                213     0(0.00%) |    128      11     955     63 |    3.90        0.00
GET      /cart                                                                           1057     0(0.00%) |    184       7    1029    130 |   22.20        0.00
POST     /cart [add]                                                                     1339     0(0.00%) |    212      10    1459    150 |   25.90        0.00
POST     /cart/checkout                                                                   494     0(0.00%) |    178      10    1422    110 |    9.30        0.00
GET      /product/[id]                                                                   4104     0(0.00%) |    192       7    1297    130 |   86.70        0.00
POST     /setCurrency                                                                     783     0(0.00%) |    109      12     956     55 |   15.70        0.00
--------|----------------------------------------------------------------------------|-------|-------------|-------|-------|-------|-------|--------|-----------
         Aggregated                                                                      7990     0(0.00%) |    184       7    1459    120 |  163.70        0.00

Type     Name                                                                          # reqs      # fails |    Avg     Min     Max    Med |   req/s  failures/s
--------|----------------------------------------------------------------------------|-------|-------------|-------|-------|-------|-------|--------|-----------
GET      /                                                                                225     0(0.00%) |    127      11     955     64 |    4.00        0.00
GET      /cart                                                                           1100     0(0.00%) |    190       7    1029    130 |   23.00        0.00
POST     /cart [add]                                                                     1401     0(0.00%) |    218      10    1459    150 |   24.40        0.00
POST     /cart/checkout                                                                   519     0(0.00%) |    185      10    1422    130 |    8.20        0.00
GET      /product/[id]                                                                   4274     0(0.00%) |    196       7    1297    140 |   88.20        0.00
POST     /setCurrency                                                                     812     0(0.00%) |    109      12     956     56 |   16.10        0.00
--------|----------------------------------------------------------------------------|-------|-------------|-------|-------|-------|-------|--------|-----------
         Aggregated                                                                      8331     0(0.00%) |    188       7    1459    130 |  163.90        0.00

Type     Name                                                                          # reqs      # fails |    Avg     Min     Max    Med |   req/s  failures/s
--------|----------------------------------------------------------------------------|-------|-------------|-------|-------|-------|-------|--------|-----------
GET      /                                                                                233     0(0.00%) |    124      11     955     64 |    4.10        0.00
GET      /cart                                                                           1136     0(0.00%) |    193       7    1029    140 |   22.30        0.00
POST     /cart [add]                                                                     1461     0(0.00%) |    223      10    1459    160 |   25.00        0.00
POST     /cart/checkout                                                                   542     0(0.00%) |    189      10    1422    140 |    8.80        0.00
GET      /product/[id]                                                                   4455     0(0.00%) |    200       7    1297    140 |   86.70        0.00
POST     /setCurrency                                                                     856     0(0.00%) |    114      12     956     59 |   15.90        0.00
--------|----------------------------------------------------------------------------|-------|-------------|-------|-------|-------|-------|--------|-----------
         Aggregated                                                                      8683     0(0.00%) |    192       7    1459    130 |  162.80        0.00

Type     Name                                                                          # reqs      # fails |    Avg     Min     Max    Med |   req/s  failures/s
--------|----------------------------------------------------------------------------|-------|-------------|-------|-------|-------|-------|--------|-----------
GET      /                                                                                248     0(0.00%) |    128      11     955     66 |    4.60        0.00
GET      /cart                                                                           1172     0(0.00%) |    195       7    1029    140 |   21.00        0.00
POST     /cart [add]                                                                     1513     0(0.00%) |    226      10    1459    160 |   25.90        0.00
POST     /cart/checkout                                                                   568     0(0.00%) |    195      10    1422    160 |    9.10        0.00
GET      /product/[id]                                                                   4645     0(0.00%) |    204       7    1297    150 |   85.10        0.00
POST     /setCurrency                                                                     896     0(0.00%) |    114      12     956     60 |   16.30        0.00
--------|----------------------------------------------------------------------------|-------|-------------|-------|-------|-------|-------|--------|-----------
         Aggregated                                                                      9042     0(0.00%) |    195       7    1459    140 |  162.00        0.00

Type     Name                                                                          # reqs      # fails |    Avg     Min     Max    Med |   req/s  failures/s
--------|----------------------------------------------------------------------------|-------|-------------|-------|-------|-------|-------|--------|-----------
GET      /                                                                                261     0(0.00%) |    127      11     955     69 |    5.30        0.00
GET      /cart                                                                           1212     0(0.00%) |    198       7    1029    150 |   21.10        0.00
POST     /cart [add]                                                                     1577     0(0.00%) |    228      10    1459    170 |   29.50        0.00
POST     /cart/checkout                                                                   591     0(0.00%) |    198      10    1422    170 |   10.70        0.00
GET      /product/[id]                                                                   4819     0(0.00%) |    207       7    1297    150 |   89.40        0.00
POST     /setCurrency                                                                     935     0(0.00%) |    116      12     956     63 |   18.30        0.00
--------|----------------------------------------------------------------------------|-------|-------------|-------|-------|-------|-------|--------|-----------
         Aggregated                                                                      9395     0(0.00%) |    197       7    1459    140 |  174.30        0.00

Type     Name                                                                          # reqs      # fails |    Avg     Min     Max    Med |   req/s  failures/s
--------|----------------------------------------------------------------------------|-------|-------------|-------|-------|-------|-------|--------|-----------
GET      /                                                                                278     0(0.00%) |    126      11     955     68 |    5.50        0.00
GET      /cart                                                                           1260     0(0.00%) |    201       7    1029    150 |   20.90        0.00
POST     /cart [add]                                                                     1637     0(0.00%) |    230      10    1459    180 |   29.00        0.00
POST     /cart/checkout                                                                   611     0(0.00%) |    200      10    1422    180 |   11.10        0.00
GET      /product/[id]                                                                   5003     0(0.00%) |    209       7    1297    150 |   89.70        0.00
POST     /setCurrency                                                                     976     0(0.00%) |    116      12     956     63 |   19.10        0.00
--------|----------------------------------------------------------------------------|-------|-------------|-------|-------|-------|-------|--------|-----------
         Aggregated                                                                      9765     0(0.00%) |    199       7    1459    140 |  175.30        0.00

Type     Name                                                                          # reqs      # fails |    Avg     Min     Max    Med |   req/s  failures/s
--------|----------------------------------------------------------------------------|-------|-------------|-------|-------|-------|-------|--------|-----------
GET      /                                                                                290     0(0.00%) |    126      11     955     69 |    5.80        0.00
GET      /cart                                                                           1299     0(0.00%) |    204       7    1029    160 |   19.80        0.00
POST     /cart [add]                                                                     1688     0(0.00%) |    234      10    1459    180 |   29.60        0.00
POST     /cart/checkout                                                                   626     0(0.00%) |    204      10    1422    180 |   11.10        0.00
GET      /product/[id]                                                                   5176     0(0.00%) |    212       7    1297    160 |   89.90        0.00
POST     /setCurrency                                                                    1016     0(0.00%) |    119      12     956     67 |   18.70        0.00
--------|----------------------------------------------------------------------------|-------|-------------|-------|-------|-------|-------|--------|-----------
         Aggregated                                                                     10095     0(0.00%) |    202       7    1459    150 |  174.90        0.00

Type     Name                                                                          # reqs      # fails |    Avg     Min     Max    Med |   req/s  failures/s
--------|----------------------------------------------------------------------------|-------|-------------|-------|-------|-------|-------|--------|-----------
GET      /                                                                                303     0(0.00%) |    124      11     955     68 |    6.80        0.00
GET      /cart                                                                           1331     0(0.00%) |    207       7    1029    160 |   20.80        0.00
POST     /cart [add]                                                                     1753     0(0.00%) |    237      10    1459    190 |   28.70        0.00
POST     /cart/checkout                                                                   649     0(0.00%) |    209      10    1422    190 |   10.50        0.00
GET      /product/[id]                                                                   5360     0(0.00%) |    215       7    1297    160 |   88.80        0.00
POST     /setCurrency                                                                    1053     0(0.00%) |    119      12     956     68 |   20.00        0.00
--------|----------------------------------------------------------------------------|-------|-------------|-------|-------|-------|-------|--------|-----------
         Aggregated                                                                     10449     0(0.00%) |    205       7    1459    150 |  175.60        0.00

Type     Name                                                                          # reqs      # fails |    Avg     Min     Max    Med |   req/s  failures/s
--------|----------------------------------------------------------------------------|-------|-------------|-------|-------|-------|-------|--------|-----------
GET      /                                                                                312     2(0.64%) |    122       4     955     66 |    7.00        0.00
GET      /cart                                                                           1379    24(1.74%) |    206       1    1029    160 |   19.50        0.00
POST     /cart [add]                                                                     1821    31(1.70%) |    237       4    1459    190 |   28.70        0.00
POST     /cart/checkout                                                                   667     2(0.30%) |    214      10    1422    190 |   11.00        0.00
GET      /product/[id]                                                                   5579    90(1.61%) |    215       1    1297    160 |   90.30        0.00
POST     /setCurrency                                                                    1096    25(2.28%) |    116       2     956     63 |   19.30        0.00
--------|----------------------------------------------------------------------------|-------|-------------|-------|-------|-------|-------|--------|-----------
         Aggregated                                                                     10854   174(1.60%) |    205       1    1459    150 |  175.80        0.00

Type     Name                                                                          # reqs      # fails |    Avg     Min     Max    Med |   req/s  failures/s
--------|----------------------------------------------------------------------------|-------|-------------|-------|-------|-------|-------|--------|-----------
GET      /                                                                                320     2(0.62%) |    122       4     955     65 |    6.50        0.10
GET      /cart                                                                           1420    24(1.69%) |    212       1    1029    160 |   19.80        1.30
POST     /cart [add]                                                                     1877    31(1.65%) |    242       4    1459    190 |   29.70        2.20
POST     /cart/checkout                                                                   693     2(0.29%) |    221      10    1422    190 |   10.50        0.20
GET      /product/[id]                                                                   5731    90(1.57%) |    218       1    1297    160 |   93.30        5.30
POST     /setCurrency                                                                    1114    25(2.24%) |    117       2     956     65 |   19.60        1.10
--------|----------------------------------------------------------------------------|-------|-------------|-------|-------|-------|-------|--------|-----------
         Aggregated                                                                     11155   174(1.56%) |    209       1    1459    160 |  179.40       10.20

Type     Name                                                                          # reqs      # fails |    Avg     Min     Max    Med |   req/s  failures/s
--------|----------------------------------------------------------------------------|-------|-------------|-------|-------|-------|-------|--------|-----------
GET      /                                                                                332     2(0.60%) |    129       4     998     69 |    6.50        0.20
GET      /cart                                                                           1445    24(1.66%) |    218       1    1179    170 |   20.80        2.40
POST     /cart [add]                                                                     1921    31(1.61%) |    253       4    1501    200 |   30.60        3.10
POST     /cart/checkout                                                                   706     2(0.28%) |    225      10    1422    190 |    9.90        0.20
GET      /product/[id]                                                                   5852    90(1.54%) |    226       1    1297    160 |   92.10        9.00
POST     /setCurrency                                                                    1132    25(2.21%) |    120       2    1193     67 |   18.60        2.50
--------|----------------------------------------------------------------------------|-------|-------------|-------|-------|-------|-------|--------|-----------
         Aggregated                                                                     11388   174(1.53%) |    216       1    1501    160 |  178.50       17.40

Type     Name                                                                          # reqs      # fails |    Avg     Min     Max    Med |   req/s  failures/s
--------|----------------------------------------------------------------------------|-------|-------------|-------|-------|-------|-------|--------|-----------
GET      /                                                                                339     2(0.59%) |    128       4     998     70 |    5.80        0.20
GET      /cart                                                                           1490    24(1.61%) |    223       1    1179    180 |   18.90        2.40
POST     /cart [add]                                                                     1978    31(1.57%) |    257       4    1501    200 |   28.70        3.10
POST     /cart/checkout                                                                   729     2(0.27%) |    233      10    1422    190 |    9.60        0.20
GET      /product/[id]                                                                   6009    90(1.50%) |    229       1    1297    170 |   84.60        9.00
POST     /setCurrency                                                                    1158    25(2.16%) |    120       2    1193     68 |   16.20        2.50
--------|----------------------------------------------------------------------------|-------|-------------|-------|-------|-------|-------|--------|-----------
         Aggregated                                                                     11703   174(1.49%) |    220       1    1501    160 |  163.80       17.40

Type     Name                                                                          # reqs      # fails |    Avg     Min     Max    Med |   req/s  failures/s
--------|----------------------------------------------------------------------------|-------|-------------|-------|-------|-------|-------|--------|-----------
GET      /                                                                                348     2(0.57%) |    128       4     998     69 |    5.10        0.20
GET      /cart                                                                           1525    24(1.57%) |    226       1    1179    180 |   18.70        2.40
POST     /cart [add]                                                                     2021    31(1.53%) |    260       4    1501    210 |   28.70        3.10
POST     /cart/checkout                                                                   739     2(0.27%) |    236      10    1422    190 |   10.20        0.20
GET      /product/[id]                                                                   6168    90(1.46%) |    233       1    1297    170 |   84.40        9.00
POST     /setCurrency                                                                    1181    25(2.12%) |    120       2    1193     69 |   14.40        2.50
--------|----------------------------------------------------------------------------|-------|-------------|-------|-------|-------|-------|--------|-----------
         Aggregated                                                                     11982   174(1.45%) |    223       1    1501    170 |  161.50       17.40

Type     Name                                                                          # reqs      # fails |    Avg     Min     Max    Med |   req/s  failures/s
--------|----------------------------------------------------------------------------|-------|-------------|-------|-------|-------|-------|--------|-----------
GET      /                                                                                361     2(0.55%) |    127       4     998     70 |    4.70        0.20
GET      /cart                                                                           1558    24(1.54%) |    229       1    1179    190 |   19.30        2.40
POST     /cart [add]                                                                     2080    31(1.49%) |    266       4    1501    210 |   28.30        3.10
POST     /cart/checkout                                                                   757     2(0.26%) |    239      10    1422    200 |    9.50        0.20
GET      /product/[id]                                                                   6331    90(1.42%) |    236       1    1297    180 |   82.80        9.00
POST     /setCurrency                                                                    1222    25(2.05%) |    124       2    1193     69 |   13.90        2.50
--------|----------------------------------------------------------------------------|-------|-------------|-------|-------|-------|-------|--------|-----------
         Aggregated                                                                     12309   174(1.41%) |    226       1    1501    170 |  158.50       17.40

Type     Name                                                                          # reqs      # fails |    Avg     Min     Max    Med |   req/s  failures/s
--------|----------------------------------------------------------------------------|-------|-------------|-------|-------|-------|-------|--------|-----------
GET      /                                                                                370     2(0.54%) |    125       4     998     69 |    4.70        0.10
GET      /cart                                                                           1599    24(1.50%) |    230       1    1179    190 |   18.70        1.10
POST     /cart [add]                                                                     2135    31(1.45%) |    268       4    1501    220 |   26.00        0.90
POST     /cart/checkout                                                                   774     2(0.26%) |    242      10    1422    200 |    9.00        0.00
GET      /product/[id]                                                                   6506    90(1.38%) |    239       1    1297    180 |   76.20        3.70
POST     /setCurrency                                                                    1256    25(1.99%) |    123       2    1193     72 |   12.90        1.40
--------|----------------------------------------------------------------------------|-------|-------------|-------|-------|-------|-------|--------|-----------
         Aggregated                                                                     12640   174(1.38%) |    228       1    1501    170 |  147.50        7.20

Type     Name                                                                          # reqs      # fails |    Avg     Min     Max    Med |   req/s  failures/s
--------|----------------------------------------------------------------------------|-------|-------------|-------|-------|-------|-------|--------|-----------
GET      /                                                                                383     2(0.52%) |    123       4     998     68 |    4.70        0.00
GET      /cart                                                                           1629    24(1.47%) |    232       1    1179    190 |   17.80        0.00
POST     /cart [add]                                                                     2197    31(1.41%) |    271       4    1501    230 |   25.00        0.00
POST     /cart/checkout                                                                   797     2(0.25%) |    246      10    1422    200 |    8.80        0.00
GET      /product/[id]                                                                   6672    90(1.35%) |    241       1    1297    190 |   76.30        0.00
POST     /setCurrency                                                                    1285    25(1.95%) |    123       2    1193     73 |   13.70        0.00
--------|----------------------------------------------------------------------------|-------|-------------|-------|-------|-------|-------|--------|-----------
         Aggregated                                                                     12963   174(1.34%) |    230       1    1501    180 |  146.30        0.00

Type     Name                                                                          # reqs      # fails |    Avg     Min     Max    Med |   req/s  failures/s
--------|----------------------------------------------------------------------------|-------|-------------|-------|-------|-------|-------|--------|-----------
GET      /                                                                                399     2(0.50%) |    123       4     998     69 |    5.30        0.00
GET      /cart                                                                           1673    24(1.43%) |    234       1    1179    190 |   19.00        0.00
POST     /cart [add]                                                                     2255    31(1.37%) |    272       4    1501    230 |   27.40        0.00
POST     /cart/checkout                                                                   821     2(0.24%) |    249      10    1422    200 |    9.30        0.00
GET      /product/[id]                                                                   6843    90(1.32%) |    242       1    1297    190 |   82.80        0.00
POST     /setCurrency                                                                    1330    25(1.88%) |    123       2    1193     75 |   15.40        0.00
--------|----------------------------------------------------------------------------|-------|-------------|-------|-------|-------|-------|--------|-----------
         Aggregated                                                                     13321   174(1.31%) |    231       1    1501    180 |  159.20        0.00

Type     Name                                                                          # reqs      # fails |    Avg     Min     Max    Med |   req/s  failures/s
--------|----------------------------------------------------------------------------|-------|-------------|-------|-------|-------|-------|--------|-----------
GET      /                                                                                410     2(0.49%) |    122       4     998     69 |    5.80        0.00
GET      /cart                                                                           1715    24(1.40%) |    235       1    1179    200 |   18.70        0.00
POST     /cart [add]                                                                     2306    31(1.34%) |    273       4    1501    230 |   27.40        0.00
POST     /cart/checkout                                                                   844     2(0.24%) |    251      10    1422    200 |    9.40        0.00
GET      /product/[id]                                                                   7011    90(1.28%) |    244       1    1297    190 |   82.90        0.00
POST     /setCurrency                                                                    1369    25(1.83%) |    123       2    1193     76 |   16.70        0.00
--------|----------------------------------------------------------------------------|-------|-------------|-------|-------|-------|-------|--------|-----------
         Aggregated                                                                     13655   174(1.27%) |    232       1    1501    180 |  160.90        0.00

Type     Name                                                                          # reqs      # fails |    Avg     Min     Max    Med |   req/s  failures/s
--------|----------------------------------------------------------------------------|-------|-------------|-------|-------|-------|-------|--------|-----------
GET      /                                                                                420     2(0.48%) |    123       4     998     70 |    6.00        0.00
GET      /cart                                                                           1761    24(1.36%) |    237       1    1179    200 |   19.00        0.00
POST     /cart [add]                                                                     2357    31(1.32%) |    274       4    1501    240 |   28.50        0.00
POST     /cart/checkout                                                                   862     2(0.23%) |    252      10    1422    200 |   10.10        0.00
GET      /product/[id]                                                                   7195    90(1.25%) |    245       1    1297    200 |   82.30        0.00
POST     /setCurrency                                                                    1419    25(1.76%) |    125       2    1193     77 |   18.40        0.00
--------|----------------------------------------------------------------------------|-------|-------------|-------|-------|-------|-------|--------|-----------
         Aggregated                                                                     14014   174(1.24%) |    233       1    1501    180 |  164.30        0.00

Type     Name                                                                          # reqs      # fails |    Avg     Min     Max    Med |   req/s  failures/s
--------|----------------------------------------------------------------------------|-------|-------------|-------|-------|-------|-------|--------|-----------
GET      /                                                                                433     2(0.46%) |    121       4     998     70 |    5.90        0.00
GET      /cart                                                                           1803    24(1.33%) |    238       1    1179    200 |   20.10        0.00
POST     /cart [add]                                                                     2418    31(1.28%) |    275       4    1501    240 |   27.90        0.00
POST     /cart/checkout                                                                   880     2(0.23%) |    254      10    1422    200 |   10.50        0.00
GET      /product/[id]                                                                   7373    90(1.22%) |    246       1    1297    200 |   85.50        0.00
POST     /setCurrency                                                                    1457    25(1.72%) |    125       2    1193     77 |   20.10        0.00
--------|----------------------------------------------------------------------------|-------|-------------|-------|-------|-------|-------|--------|-----------
         Aggregated                                                                     14364   174(1.21%) |    234       1    1501    190 |  170.00        0.00

Type     Name                                                                          # reqs      # fails |    Avg     Min     Max    Med |   req/s  failures/s
--------|----------------------------------------------------------------------------|-------|-------------|-------|-------|-------|-------|--------|-----------
GET      /                                                                                446     2(0.45%) |    122       4     998     71 |    6.20        0.00
GET      /cart                                                                           1853    24(1.30%) |    241       1    1179    200 |   20.40        0.00
POST     /cart [add]                                                                     2471    31(1.25%) |    277       4    1501    240 |   28.80        0.00
POST     /cart/checkout                                                                   900     2(0.22%) |    255      10    1422    200 |    9.90        0.00
GET      /product/[id]                                                                   7533    90(1.19%) |    247       1    1297    200 |   86.70        0.00
POST     /setCurrency                                                                    1494    25(1.67%) |    125       2    1193     77 |   19.70        0.00
--------|----------------------------------------------------------------------------|-------|-------------|-------|-------|-------|-------|--------|-----------
         Aggregated                                                                     14697   174(1.18%) |    236       1    1501    190 |  171.70        0.00

Type     Name                                                                          # reqs      # fails |    Avg     Min     Max    Med |   req/s  failures/s
--------|----------------------------------------------------------------------------|-------|-------------|-------|-------|-------|-------|--------|-----------
GET      /                                                                                458     2(0.44%) |    124       4     998     73 |    6.10        0.00
GET      /cart                                                                           1882    24(1.28%) |    243       1    1179    210 |   21.90        0.00
POST     /cart [add]                                                                     2520    31(1.23%) |    281       4    1501    250 |   27.40        0.00
POST     /cart/checkout                                                                   927     2(0.22%) |    259      10    1422    210 |   10.10        0.00
GET      /product/[id]                                                                   7682    90(1.17%) |    250       1    1297    210 |   85.00        0.00
POST     /setCurrency                                                                    1522    25(1.64%) |    128       2    1193     77 |   20.40        0.00
--------|----------------------------------------------------------------------------|-------|-------------|-------|-------|-------|-------|--------|-----------
         Aggregated                                                                     14991   174(1.16%) |    239       1    1501    190 |  170.90        0.00

Type     Name                                                                          # reqs      # fails |    Avg     Min     Max    Med |   req/s  failures/s
--------|----------------------------------------------------------------------------|-------|-------------|-------|-------|-------|-------|--------|-----------
GET      /                                                                                462     2(0.43%) |    124       4     998     74 |    5.80        0.00
GET      /cart                                                                           1908    24(1.26%) |    245       1    1179    210 |   20.50        0.00
POST     /cart [add]                                                                     2561    31(1.21%) |    283       4    1501    250 |   26.70        0.00
POST     /cart/checkout                                                                   946     2(0.21%) |    261      10    1422    210 |    9.60        0.00
GET      /product/[id]                                                                   7844    90(1.15%) |    252       1    1297    210 |   84.20        0.00
POST     /setCurrency                                                                    1555    25(1.61%) |    129       2    1193     79 |   19.50        0.00
--------|----------------------------------------------------------------------------|-------|-------------|-------|-------|-------|-------|--------|-----------
         Aggregated                                                                     15276   174(1.14%) |    240       1    1501    190 |  166.30        0.00

Type     Name                                                                          # reqs      # fails |    Avg     Min     Max    Med |   req/s  failures/s
--------|----------------------------------------------------------------------------|-------|-------------|-------|-------|-------|-------|--------|-----------
GET      /                                                                                477     2(0.42%) |    129       4     998     75 |    5.50        0.00
GET      /cart                                                                           1944    24(1.23%) |    246       1    1179    210 |   19.60        0.00
POST     /cart [add]                                                                     2612    31(1.19%) |    286       4    1501    250 |   25.20        0.00
POST     /cart/checkout                                                                   968     2(0.21%) |    262      10    1422    210 |   10.30        0.00
GET      /product/[id]                                                                   8012    90(1.12%) |    254       1    1297    210 |   85.50        0.00
POST     /setCurrency                                                                    1600    25(1.56%) |    134       2    1193     81 |   19.20        0.00
--------|----------------------------------------------------------------------------|-------|-------------|-------|-------|-------|-------|--------|-----------
         Aggregated                                                                     15613   174(1.11%) |    243       1    1501    190 |  165.30        0.00

Type     Name                                                                          # reqs      # fails |    Avg     Min     Max    Med |   req/s  failures/s
--------|----------------------------------------------------------------------------|-------|-------------|-------|-------|-------|-------|--------|-----------
GET      /                                                                                487     2(0.41%) |    130       4     998     76 |    5.60        0.00
GET      /cart                                                                           1980    24(1.21%) |    247       1    1179    210 |   18.70        0.00
POST     /cart [add]                                                                     2664    31(1.16%) |    286       4    1501    250 |   25.40        0.00
POST     /cart/checkout                                                                   987     2(0.20%) |    263      10    1422    210 |   10.10        0.00
GET      /product/[id]                                                                   8209    90(1.10%) |    255       1    1297    210 |   82.30        0.00
POST     /setCurrency                                                                    1632    25(1.53%) |    134       2    1193     82 |   18.00        0.00
--------|----------------------------------------------------------------------------|-------|-------------|-------|-------|-------|-------|--------|-----------
         Aggregated                                                                     15959   174(1.09%) |    244       1    1501    200 |  160.10        0.00

Type     Name                                                                          # reqs      # fails |    Avg     Min     Max    Med |   req/s  failures/s
--------|----------------------------------------------------------------------------|-------|-------------|-------|-------|-------|-------|--------|-----------
GET      /                                                                                502     2(0.40%) |    132       4     998     76 |    5.30        0.00
GET      /cart                                                                           2021    24(1.19%) |    248       1    1179    210 |   18.10        0.00
POST     /cart [add]                                                                     2718    31(1.14%) |    288       4    1501    250 |   24.20        0.00
POST     /cart/checkout                                                                  1008     2(0.20%) |    265      10    1422    210 |   11.10        0.00
GET      /product/[id]                                                                   8371    90(1.08%) |    257       1    1297    210 |   82.90        0.00
POST     /setCurrency                                                                    1663    25(1.50%) |    135       2    1193     82 |   17.10        0.00
--------|----------------------------------------------------------------------------|-------|-------------|-------|-------|-------|-------|--------|-----------
         Aggregated                                                                     16283   174(1.07%) |    245       1    1501    200 |  158.70        0.00

Type     Name                                                                          # reqs      # fails |    Avg     Min     Max    Med |   req/s  failures/s
--------|----------------------------------------------------------------------------|-------|-------------|-------|-------|-------|-------|--------|-----------
GET      /                                                                                511     2(0.39%) |    133       4     998     77 |    5.50        0.00
GET      /cart                                                                           2062    24(1.16%) |    249       1    1179    210 |   16.10        0.00
POST     /cart [add]                                                                     2776    31(1.12%) |    289       4    1501    250 |   25.10        0.00
POST     /cart/checkout                                                                  1024     2(0.20%) |    265      10    1422    210 |   11.00        0.00
GET      /product/[id]                                                                   8549    90(1.05%) |    258       1    1297    210 |   83.90        0.00
POST     /setCurrency                                                                    1693    25(1.48%) |    135       2    1193     82 |   17.20        0.00
--------|----------------------------------------------------------------------------|-------|-------------|-------|-------|-------|-------|--------|-----------
         Aggregated                                                                     16615   174(1.05%) |    246       1    1501    200 |  158.80        0.00

Type     Name                                                                          # reqs      # fails |    Avg     Min     Max    Med |   req/s  failures/s
--------|----------------------------------------------------------------------------|-------|-------------|-------|-------|-------|-------|--------|-----------
GET      /                                                                                520     2(0.38%) |    135       4     998     78 |    5.40        0.00
GET      /cart                                                                           2103    24(1.14%) |    252       1    1179    210 |   17.80        0.00
POST     /cart [add]                                                                     2831    31(1.10%) |    291       4    1501    260 |   25.70        0.00
POST     /cart/checkout                                                                  1050     2(0.19%) |    268      10    1422    220 |   10.40        0.00
GET      /product/[id]                                                                   8704    90(1.03%) |    259       1    1297    210 |   86.50        0.00
POST     /setCurrency                                                                    1724    25(1.45%) |    136       2    1193     84 |   17.70        0.00
--------|----------------------------------------------------------------------------|-------|-------------|-------|-------|-------|-------|--------|-----------
         Aggregated                                                                     16932   174(1.03%) |    248       1    1501    200 |  163.50        0.00

Type     Name                                                                          # reqs      # fails |    Avg     Min     Max    Med |   req/s  failures/s
--------|----------------------------------------------------------------------------|-------|-------------|-------|-------|-------|-------|--------|-----------
GET      /                                                                                535     2(0.37%) |    135       4     998     78 |    5.50        0.00
GET      /cart                                                                           2152    24(1.12%) |    253       1    1179    220 |   18.50        0.00
POST     /cart [add]                                                                     2887    31(1.07%) |    292       4    1501    260 |   26.20        0.00
POST     /cart/checkout                                                                  1069     2(0.19%) |    270      10    1422    220 |    9.90        0.00
GET      /product/[id]                                                                   8873    90(1.01%) |    260       1    1297    220 |   84.30        0.00
POST     /setCurrency                                                                    1752    25(1.43%) |    136       2    1193     84 |   16.20        0.00
--------|----------------------------------------------------------------------------|-------|-------------|-------|-------|-------|-------|--------|-----------
         Aggregated                                                                     17268   174(1.01%) |    249       1    1501    200 |  160.60        0.00

Type     Name                                                                          # reqs      # fails |    Avg     Min     Max    Med |   req/s  failures/s
--------|----------------------------------------------------------------------------|-------|-------------|-------|-------|-------|-------|--------|-----------
GET      /                                                                                537     2(0.37%) |    135       4     998     78 |    4.48        0.02
GET      /cart                                                                           2192    24(1.09%) |    255       1    1179    220 |   18.28        0.20
POST     /cart [add]                                                                     2938    31(1.06%) |    293       4    1501    260 |   24.50        0.26
POST     /cart/checkout                                                                  1088     2(0.18%) |    271      10    1422    220 |    9.07        0.02
GET      /product/[id]                                                                   8998    90(1.00%) |    261       1    1297    220 |   75.05        0.75
POST     /setCurrency                                                                    1782    25(1.40%) |    137       2    1193     86 |   14.86        0.21
--------|----------------------------------------------------------------------------|-------|-------------|-------|-------|-------|-------|--------|-----------
         Aggregated                                                                     17535   174(0.99%) |    250       1    1501    200 |  146.25        1.45

Response time percentiles (approximated)
Type     Name                                                                                  50%    66%    75%    80%    90%    95%    98%    99%  99.9% 99.99%   100% # reqs
--------|--------------------------------------------------------------------------------|--------|------|------|------|------|------|------|------|------|------|------|------
GET      /                                                                                      78    130    170    200    340    510    700    870   1000   1000   1000    537
GET      /cart                                                                                 220    340    390    420    490    560    660    790   1100   1200   1200   2192
POST     /cart [add]                                                                           260    360    420    450    520    610    980   1100   1500   1500   1500   2938
POST     /cart/checkout                                                                        220    350    400    440    500    570    660    800   1300   1400   1400   1088
GET      /product/[id]                                                                         220    350    400    430    490    560    760    860   1200   1300   1300   8998
POST     /setCurrency                                                                           86    140    180    220    320    490    640    790   1100   1200   1200   1782
--------|--------------------------------------------------------------------------------|--------|------|------|------|------|------|------|------|------|------|------|------
         Aggregated                                                                            200    320    390    420    490    560    770    900   1300   1500   1500  17535

Error report
# occurrences      Error                                                                                               
------------------|---------------------------------------------------------------------------------------------------------------------------------------------
11                 POST /cart [add]: add falhou (500), skip checkout                                                   
90                 GET /product/[id]: HTTPError('500 Server Error: Internal Server Error for url: /product/[id]')      
24                 GET /cart: HTTPError('500 Server Error: Internal Server Error for url: /cart')                      
20                 POST /cart [add]: HTTPError('500 Server Error: Internal Server Error for url: /cart [add]')         
2                  POST /cart/checkout: HTTPError('500 Server Error: Internal Server Error for url: /cart/checkout')   
25                 POST /setCurrency: HTTPError('500 Server Error: Internal Server Error for url: /setCurrency')       
2                  GET /: HTTPError('500 Server Error: Internal Server Error for url: /')                              
------------------|---------------------------------------------------------------------------------------------------------------------------------------------

