/Users/edias/Library/Python/3.9/lib/python/site-packages/urllib3/__init__.py:35: NotOpenSSLWarning: urllib3 v2 only supports OpenSSL 1.1.1+, currently the 'ssl' module is compiled with 'LibreSSL 2.8.3'. See: https://github.com/urllib3/urllib3/issues/3020
  warnings.warn(
[2026-05-21 10:28:23,718] MacBook-Air-de-Eduardo/WARNING/locust.main: Python 3.9 support is deprecated and will be removed soon
Type     Name                                                                          # reqs      # fails |    Avg     Min     Max    Med |   req/s  failures/s
--------|----------------------------------------------------------------------------|-------|-------------|-------|-------|-------|-------|--------|-----------
--------|----------------------------------------------------------------------------|-------|-------------|-------|-------|-------|-------|--------|-----------
         Aggregated                                                                         0     0(0.00%) |      0       0       0      0 |    0.00        0.00

Type     Name                                                                          # reqs      # fails |    Avg     Min     Max    Med |   req/s  failures/s
--------|----------------------------------------------------------------------------|-------|-------------|-------|-------|-------|-------|--------|-----------
GET      /                                                                                  1     0(0.00%) |     45      45      45     45 |    0.00        0.00
GET      /cart                                                                              2     0(0.00%) |     20      18      22     19 |    0.00        0.00
POST     /cart [add]                                                                        2     0(0.00%) |     33      30      36     31 |    0.00        0.00
GET      /product/[id]                                                                     14     0(0.00%) |     19      14      29     19 |    0.00        0.00
POST     /setCurrency                                                                       3     0(0.00%) |     32      29      35     33 |    0.00        0.00
--------|----------------------------------------------------------------------------|-------|-------------|-------|-------|-------|-------|--------|-----------
         Aggregated                                                                        22     0(0.00%) |     24      14      45     22 |    0.00        0.00

Type     Name                                                                          # reqs      # fails |    Avg     Min     Max    Med |   req/s  failures/s
--------|----------------------------------------------------------------------------|-------|-------------|-------|-------|-------|-------|--------|-----------
GET      /                                                                                  3     0(0.00%) |     32      26      45     27 |    0.50        0.00
GET      /cart                                                                              6     0(0.00%) |     18      14      22     18 |    0.50        0.00
POST     /cart [add]                                                                       13     0(0.00%) |     26      19      44     25 |    1.00        0.00
POST     /cart/checkout                                                                     1     0(0.00%) |     23      23      23     23 |    0.00        0.00
GET      /product/[id]                                                                     39     0(0.00%) |     18      11      44     17 |    3.50        0.00
POST     /setCurrency                                                                       8     0(0.00%) |     30      18      55     27 |    0.50        0.00
--------|----------------------------------------------------------------------------|-------|-------------|-------|-------|-------|-------|--------|-----------
         Aggregated                                                                        70     0(0.00%) |     22      11      55     20 |    6.00        0.00

Type     Name                                                                          # reqs      # fails |    Avg     Min     Max    Med |   req/s  failures/s
--------|----------------------------------------------------------------------------|-------|-------------|-------|-------|-------|-------|--------|-----------
GET      /                                                                                  4     0(0.00%) |     29      20      45     26 |    0.50        0.00
GET      /cart                                                                             20     0(0.00%) |     17      12      24     17 |    1.25        0.00
POST     /cart [add]                                                                       27     0(0.00%) |     23      16      44     22 |    2.00        0.00
POST     /cart/checkout                                                                     4     0(0.00%) |     22      19      27     21 |    0.00        0.00
GET      /product/[id]                                                                     72     0(0.00%) |     16      11      44     15 |    7.00        0.00
POST     /setCurrency                                                                      20     0(0.00%) |     25      18      55     23 |    1.75        0.00
--------|----------------------------------------------------------------------------|-------|-------------|-------|-------|-------|-------|--------|-----------
         Aggregated                                                                       147     0(0.00%) |     19      11      55     18 |   12.50        0.00

Type     Name                                                                          # reqs      # fails |    Avg     Min     Max    Med |   req/s  failures/s
--------|----------------------------------------------------------------------------|-------|-------------|-------|-------|-------|-------|--------|-----------
GET      /                                                                                  5     0(0.00%) |     27      18      45     26 |    0.67        0.00
GET      /cart                                                                             29     0(0.00%) |     17      11      25     17 |    2.67        0.00
POST     /cart [add]                                                                       50     0(0.00%) |     22      16      44     22 |    3.83        0.00
POST     /cart/checkout                                                                    15     0(0.00%) |     22      19      27     22 |    0.50        0.00
GET      /product/[id]                                                                    134     0(0.00%) |     16      11      44     15 |    9.50        0.00
POST     /setCurrency                                                                      29     0(0.00%) |     25      18      55     24 |    2.33        0.00
--------|----------------------------------------------------------------------------|-------|-------------|-------|-------|-------|-------|--------|-----------
         Aggregated                                                                       262     0(0.00%) |     19      11      55     18 |   19.50        0.00

Type     Name                                                                          # reqs      # fails |    Avg     Min     Max    Med |   req/s  failures/s
--------|----------------------------------------------------------------------------|-------|-------------|-------|-------|-------|-------|--------|-----------
GET      /                                                                                  5     0(0.00%) |     27      18      45     26 |    0.62        0.00
GET      /cart                                                                             46     0(0.00%) |     17      11      39     17 |    3.25        0.00
POST     /cart [add]                                                                       79     0(0.00%) |     23      16      44     23 |    5.62        0.00
POST     /cart/checkout                                                                    22     0(0.00%) |     23      19      31     22 |    1.62        0.00
GET      /product/[id]                                                                    195     0(0.00%) |     17      11      63     16 |   13.62        0.00
POST     /setCurrency                                                                      44     0(0.00%) |     26      18      55     25 |    3.00        0.00
--------|----------------------------------------------------------------------------|-------|-------------|-------|-------|-------|-------|--------|-----------
         Aggregated                                                                       391     0(0.00%) |     20      11      63     18 |   27.75        0.00

Type     Name                                                                          # reqs      # fails |    Avg     Min     Max    Med |   req/s  failures/s
--------|----------------------------------------------------------------------------|-------|-------------|-------|-------|-------|-------|--------|-----------
GET      /                                                                                  7     0(0.00%) |     26      18      45     26 |    0.50        0.00
GET      /cart                                                                             64     0(0.00%) |     17      11      39     17 |    4.00        0.00
POST     /cart [add]                                                                      104     0(0.00%) |     24      14      67     23 |    6.70        0.00
POST     /cart/checkout                                                                    32     0(0.00%) |     27      19      65     23 |    1.90        0.00
GET      /product/[id]                                                                    287     0(0.00%) |     18      11      63     16 |   17.40        0.00
POST     /setCurrency                                                                      65     0(0.00%) |     26      18      55     26 |    3.90        0.00
--------|----------------------------------------------------------------------------|-------|-------------|-------|-------|-------|-------|--------|-----------
         Aggregated                                                                       559     0(0.00%) |     20      11      67     19 |   34.40        0.00

Type     Name                                                                          # reqs      # fails |    Avg     Min     Max    Med |   req/s  failures/s
--------|----------------------------------------------------------------------------|-------|-------------|-------|-------|-------|-------|--------|-----------
GET      /                                                                                 14     0(0.00%) |     46      17     181     26 |    0.50        0.00
GET      /cart                                                                             86     0(0.00%) |     19      11      57     17 |    5.80        0.00
POST     /cart [add]                                                                      134     0(0.00%) |     28      14     333     23 |    8.80        0.00
POST     /cart/checkout                                                                    47     0(0.00%) |     31      18     124     24 |    2.70        0.00
GET      /product/[id]                                                                    372     0(0.00%) |     24      11     364     17 |   24.70        0.00
POST     /setCurrency                                                                      81     0(0.00%) |     41      18     548     26 |    5.60        0.00
--------|----------------------------------------------------------------------------|-------|-------------|-------|-------|-------|-------|--------|-----------
         Aggregated                                                                       734     0(0.00%) |     27      11     548     19 |   48.10        0.00

Type     Name                                                                          # reqs      # fails |    Avg     Min     Max    Med |   req/s  failures/s
--------|----------------------------------------------------------------------------|-------|-------------|-------|-------|-------|-------|--------|-----------
GET      /                                                                                 18     0(0.00%) |     48      17     181     26 |    1.00        0.00
GET      /cart                                                                            106     0(0.00%) |     20      11      57     17 |    7.50        0.00
POST     /cart [add]                                                                      173     0(0.00%) |     31      14     333     24 |   11.50        0.00
POST     /cart/checkout                                                                    66     0(0.00%) |     35      18     124     26 |    4.20        0.00
GET      /product/[id]                                                                    488     0(0.00%) |     24      11     364     17 |   31.30        0.00
POST     /setCurrency                                                                     103     0(0.00%) |     41      18     548     27 |    6.50        0.00
--------|----------------------------------------------------------------------------|-------|-------------|-------|-------|-------|-------|--------|-----------
         Aggregated                                                                       954     0(0.00%) |     28      11     548     20 |   62.00        0.00

Type     Name                                                                          # reqs      # fails |    Avg     Min     Max    Med |   req/s  failures/s
--------|----------------------------------------------------------------------------|-------|-------------|-------|-------|-------|-------|--------|-----------
GET      /                                                                                 24     0(0.00%) |     45      17     181     27 |    1.40        0.00
GET      /cart                                                                            148     0(0.00%) |     20      11      64     17 |    8.40        0.00
POST     /cart [add]                                                                      212     0(0.00%) |     30      14     333     24 |   13.40        0.00
POST     /cart/checkout                                                                    82     0(0.00%) |     37      18     124     27 |    5.50        0.00
GET      /product/[id]                                                                    596     0(0.00%) |     24      11     364     17 |   38.40        0.00
POST     /setCurrency                                                                     128     0(0.00%) |     42      18     548     28 |    8.30        0.00
--------|----------------------------------------------------------------------------|-------|-------------|-------|-------|-------|-------|--------|-----------
         Aggregated                                                                      1190     0(0.00%) |     28      11     548     21 |   75.40        0.00

Type     Name                                                                          # reqs      # fails |    Avg     Min     Max    Med |   req/s  failures/s
--------|----------------------------------------------------------------------------|-------|-------------|-------|-------|-------|-------|--------|-----------
GET      /                                                                                 29     0(0.00%) |     44      17     181     28 |    1.40        0.00
GET      /cart                                                                            185     0(0.00%) |     25      11     107     18 |   10.90        0.00
POST     /cart [add]                                                                      253     0(0.00%) |     35      14     333     25 |   15.90        0.00
POST     /cart/checkout                                                                   101     0(0.00%) |     42      18     145     29 |    6.50        0.00
GET      /product/[id]                                                                    716     0(0.00%) |     25      10     364     17 |   44.40        0.00
POST     /setCurrency                                                                     155     0(0.00%) |     45      18     548     30 |    8.90        0.00
--------|----------------------------------------------------------------------------|-------|-------------|-------|-------|-------|-------|--------|-----------
         Aggregated                                                                      1439     0(0.00%) |     30      10     548     21 |   88.00        0.00

Type     Name                                                                          # reqs      # fails |    Avg     Min     Max    Med |   req/s  failures/s
--------|----------------------------------------------------------------------------|-------|-------------|-------|-------|-------|-------|--------|-----------
GET      /                                                                                 35     0(0.00%) |     55      17     181     33 |    2.00        0.00
GET      /cart                                                                            217     0(0.00%) |     29      11     152     19 |   12.50        0.00
POST     /cart [add]                                                                      311     0(0.00%) |     42      14     333     27 |   17.00        0.00
POST     /cart/checkout                                                                   122     0(0.00%) |     46      18     145     30 |    7.60        0.00
GET      /product/[id]                                                                    832     0(0.00%) |     28      10     364     18 |   49.80        0.00
POST     /setCurrency                                                                     188     0(0.00%) |     53      18     548     31 |   10.90        0.00
--------|----------------------------------------------------------------------------|-------|-------------|-------|-------|-------|-------|--------|-----------
         Aggregated                                                                      1705     0(0.00%) |     35      10     548     23 |   99.80        0.00

Type     Name                                                                          # reqs      # fails |    Avg     Min     Max    Med |   req/s  failures/s
--------|----------------------------------------------------------------------------|-------|-------------|-------|-------|-------|-------|--------|-----------
GET      /                                                                                 40     3(7.50%) |     58      12     181     33 |    2.60        0.00
GET      /cart                                                                            260   38(14.62%) |     29       2     152     18 |   14.70        0.00
POST     /cart [add]                                                                      371   42(11.32%) |     41       6     333     27 |   20.20        0.00
POST     /cart/checkout                                                                   132     4(3.03%) |     47       6     145     31 |    8.80        0.00
GET      /product/[id]                                                                   1003    96(9.57%) |     27       2     364     18 |   53.10        0.00
POST     /setCurrency                                                                     217   27(12.44%) |     49       4     548     30 |   11.80        0.00
--------|----------------------------------------------------------------------------|-------|-------------|-------|-------|-------|-------|--------|-----------
         Aggregated                                                                      2023  210(10.38%) |     34       2     548     23 |  111.20        0.00

Type     Name                                                                          # reqs      # fails |    Avg     Min     Max    Med |   req/s  failures/s
--------|----------------------------------------------------------------------------|-------|-------------|-------|-------|-------|-------|--------|-----------
GET      /                                                                                 48    8(16.67%) |     56       5     181     31 |    2.70        0.20
GET      /cart                                                                            298   60(20.13%) |     32       2     405     19 |   16.40        2.40
POST     /cart [add]                                                                      414   66(15.94%) |     48       6     448     28 |   23.30        2.90
POST     /cart/checkout                                                                   138     4(2.90%) |     49       6     193     32 |    8.90        0.30
GET      /product/[id]                                                                   1155  167(14.46%) |     29       2     431     18 |   59.50        5.40
POST     /setCurrency                                                                     256   56(21.88%) |     55       3     548     30 |   13.30        1.50
--------|----------------------------------------------------------------------------|-------|-------------|-------|-------|-------|-------|--------|-----------
         Aggregated                                                                      2309  361(15.63%) |     38       2     548     23 |  124.10       12.70

Type     Name                                                                          # reqs      # fails |    Avg     Min     Max    Med |   req/s  failures/s
--------|----------------------------------------------------------------------------|-------|-------------|-------|-------|-------|-------|--------|-----------
GET      /                                                                                 59    8(13.56%) |     70       5     225     37 |    2.80        0.80
GET      /cart                                                                            338   60(17.75%) |     39       2     405     20 |   18.60        6.00
POST     /cart [add]                                                                      463   66(14.25%) |     58       6     448     31 |   23.90        6.60
POST     /cart/checkout                                                                   157     4(2.55%) |     57       6     295     38 |    7.50        0.40
GET      /product/[id]                                                                   1308  167(12.77%) |     33       2     431     19 |   67.00       16.70
POST     /setCurrency                                                                     287   56(19.51%) |     67       3     548     32 |   14.90        5.60
--------|----------------------------------------------------------------------------|-------|-------------|-------|-------|-------|-------|--------|-----------
         Aggregated                                                                      2612  361(13.82%) |     44       2     548     25 |  134.70       36.10

Type     Name                                                                          # reqs      # fails |    Avg     Min     Max    Med |   req/s  failures/s
--------|----------------------------------------------------------------------------|-------|-------------|-------|-------|-------|-------|--------|-----------
GET      /                                                                                 67    8(11.94%) |    104       5     591     50 |    3.80        0.80
GET      /cart                                                                            370   60(16.22%) |     52       2     493     23 |   18.80        6.00
POST     /cart [add]                                                                      499   66(13.23%) |     73       6     496     34 |   24.10        6.60
POST     /cart/checkout                                                                   166     4(2.41%) |     66       6     373     45 |    7.00        0.40
GET      /product/[id]                                                                   1430  167(11.68%) |     42       2     431     21 |   69.70       16.70
POST     /setCurrency                                                                     308   56(18.18%) |     85       3     748     35 |   16.20        5.60
--------|----------------------------------------------------------------------------|-------|-------------|-------|-------|-------|-------|--------|-----------
         Aggregated                                                                      2840  361(12.71%) |     56       2     748     27 |  139.60       36.10

Type     Name                                                                          # reqs      # fails |    Avg     Min     Max    Med |   req/s  failures/s
--------|----------------------------------------------------------------------------|-------|-------------|-------|-------|-------|-------|--------|-----------
GET      /                                                                                 73    8(10.96%) |    118       5     591     61 |    3.90        0.80
GET      /cart                                                                            412   60(14.56%) |     59       2     493     27 |   19.50        6.00
POST     /cart [add]                                                                      557   66(11.85%) |     83       6     738     39 |   24.90        6.60
POST     /cart/checkout                                                                   181     4(2.21%) |     77       6     481     59 |    6.90        0.40
GET      /product/[id]                                                                   1592  167(10.49%) |     47       2     431     24 |   72.30       16.70
POST     /setCurrency                                                                     344   56(16.28%) |    100       3     748     43 |   15.30        5.60
--------|----------------------------------------------------------------------------|-------|-------------|-------|-------|-------|-------|--------|-----------
         Aggregated                                                                      3159  361(11.43%) |     64       2     748     31 |  142.80       36.10

Type     Name                                                                          # reqs      # fails |    Avg     Min     Max    Med |   req/s  failures/s
--------|----------------------------------------------------------------------------|-------|-------------|-------|-------|-------|-------|--------|-----------
GET      /                                                                                 83     8(9.64%) |    128       5     591     76 |    4.00        0.80
GET      /cart                                                                            445   60(13.48%) |     65       2     493     32 |   19.40        6.00
POST     /cart [add]                                                                      611   66(10.80%) |     91       6     738     48 |   24.10        6.60
POST     /cart/checkout                                                                   198     4(2.02%) |     82       6     481     62 |    6.00        0.40
GET      /product/[id]                                                                   1762   167(9.48%) |     53       2     431     27 |   74.30       16.70
POST     /setCurrency                                                                     367   56(15.26%) |    111       3     748     51 |   15.50        5.60
--------|----------------------------------------------------------------------------|-------|-------------|-------|-------|-------|-------|--------|-----------
         Aggregated                                                                      3466  361(10.42%) |     71       2     748     35 |  143.30       36.10

Type     Name                                                                          # reqs      # fails |    Avg     Min     Max    Med |   req/s  failures/s
--------|----------------------------------------------------------------------------|-------|-------------|-------|-------|-------|-------|--------|-----------
GET      /                                                                                 91     8(8.79%) |    141       5     591     98 |    4.10        0.60
GET      /cart                                                                            481   60(12.47%) |     71       2     493     41 |   18.50        3.60
POST     /cart [add]                                                                      675    66(9.78%) |    102       6     738     65 |   24.00        3.70
POST     /cart/checkout                                                                   221     4(1.81%) |     92       6     481     67 |    6.20        0.10
GET      /product/[id]                                                                   1922   167(8.69%) |     58       2     431     32 |   75.00       11.30
POST     /setCurrency                                                                     401   56(13.97%) |    123       3     748     63 |   15.60        4.10
--------|----------------------------------------------------------------------------|-------|-------------|-------|-------|-------|-------|--------|-----------
         Aggregated                                                                      3791   361(9.52%) |     78       2     748     42 |  143.40       23.40

Type     Name                                                                          # reqs      # fails |    Avg     Min     Max    Med |   req/s  failures/s
--------|----------------------------------------------------------------------------|-------|-------------|-------|-------|-------|-------|--------|-----------
GET      /                                                                                103     8(7.77%) |    150       5     591    130 |    4.20        0.00
GET      /cart                                                                            525   60(11.43%) |     78       2     664     46 |   18.20        0.00
POST     /cart [add]                                                                      741    66(8.91%) |    112       6     738     76 |   25.50        0.00
POST     /cart/checkout                                                                   247     4(1.62%) |    105       6     799     84 |    8.10        0.00
GET      /product/[id]                                                                   2091   167(7.99%) |     62       2     793     38 |   73.80        0.00
POST     /setCurrency                                                                     425   56(13.18%) |    132       3     987     75 |   14.40        0.00
--------|----------------------------------------------------------------------------|-------|-------------|-------|-------|-------|-------|--------|-----------
         Aggregated                                                                      4132   361(8.74%) |     85       2     987     50 |  144.20        0.00

Type     Name                                                                          # reqs      # fails |    Avg     Min     Max    Med |   req/s  failures/s
--------|----------------------------------------------------------------------------|-------|-------------|-------|-------|-------|-------|--------|-----------
GET      /                                                                                114     8(7.02%) |    159       5     591    150 |    4.40        0.00
GET      /cart                                                                            573   60(10.47%) |     91       2    1108     53 |   18.50        0.00
POST     /cart [add]                                                                      785    66(8.41%) |    121       6    1135     84 |   27.30        0.00
POST     /cart/checkout                                                                   264     4(1.52%) |    114       6     799     91 |    8.90        0.00
GET      /product/[id]                                                                   2243   167(7.45%) |     71       2    1040     44 |   77.20        0.00
POST     /setCurrency                                                                     452   56(12.39%) |    141       3     987     88 |   13.90        0.00
--------|----------------------------------------------------------------------------|-------|-------------|-------|-------|-------|-------|--------|-----------
         Aggregated                                                                      4431   361(8.15%) |     94       2    1135     59 |  150.20        0.00

Type     Name                                                                          # reqs      # fails |    Avg     Min     Max    Med |   req/s  failures/s
--------|----------------------------------------------------------------------------|-------|-------------|-------|-------|-------|-------|--------|-----------
GET      /                                                                                129     8(6.20%) |    223       5    1527    160 |    4.70        0.00
GET      /cart                                                                            605    60(9.92%) |    100       2    1108     58 |   19.40        0.00
POST     /cart [add]                                                                      833    66(7.92%) |    133       6    1135     91 |   27.80        0.00
POST     /cart/checkout                                                                   284     4(1.41%) |    133       6    1277     96 |    9.00        0.00
GET      /product/[id]                                                                   2374   167(7.03%) |     78       2    1040     49 |   78.00        0.00
POST     /setCurrency                                                                     480   56(11.67%) |    169       3    1548    110 |   13.90        0.00
--------|----------------------------------------------------------------------------|-------|-------------|-------|-------|-------|-------|--------|-----------
         Aggregated                                                                      4705   361(7.67%) |    107       2    1548     64 |  152.80        0.00

Type     Name                                                                          # reqs      # fails |    Avg     Min     Max    Med |   req/s  failures/s
--------|----------------------------------------------------------------------------|-------|-------------|-------|-------|-------|-------|--------|-----------
GET      /                                                                                136     8(5.88%) |    228       5    1527    170 |    4.80        0.00
GET      /cart                                                                            641    60(9.36%) |    106       2    1108     62 |   19.10        0.00
POST     /cart [add]                                                                      886    66(7.45%) |    140       6    1135    100 |   28.10        0.00
POST     /cart/checkout                                                                   304     4(1.32%) |    142       6    1277    100 |    9.80        0.00
GET      /product/[id]                                                                   2554   167(6.54%) |     84       2    1045     57 |   80.10        0.00
POST     /setCurrency                                                                     527   56(10.63%) |    181       3    1548    130 |   13.30        0.00
--------|----------------------------------------------------------------------------|-------|-------------|-------|-------|-------|-------|--------|-----------
         Aggregated                                                                      5048   361(7.15%) |    114       2    1548     72 |  155.20        0.00

Type     Name                                                                          # reqs      # fails |    Avg     Min     Max    Med |   req/s  failures/s
--------|----------------------------------------------------------------------------|-------|-------------|-------|-------|-------|-------|--------|-----------
GET      /                                                                                144     8(5.56%) |    251       5    1527    180 |    5.20        0.00
GET      /cart                                                                            672    60(8.93%) |    115       2    1108     66 |   20.20        0.00
POST     /cart [add]                                                                      933    66(7.07%) |    156       6    1417    100 |   27.40        0.00
POST     /cart/checkout                                                                   320     4(1.25%) |    150       6    1400    100 |   10.50        0.00
GET      /product/[id]                                                                   2706   167(6.17%) |     93       2    1127     61 |   78.90        0.00
POST     /setCurrency                                                                     552   56(10.14%) |    198       3    1548    140 |   14.60        0.00
--------|----------------------------------------------------------------------------|-------|-------------|-------|-------|-------|-------|--------|-----------
         Aggregated                                                                      5327   361(6.78%) |    125       2    1548     77 |  156.80        0.00

Type     Name                                                                          # reqs      # fails |    Avg     Min     Max    Med |   req/s  failures/s
--------|----------------------------------------------------------------------------|-------|-------------|-------|-------|-------|-------|--------|-----------
GET      /                                                                                153     8(5.23%) |    261       5    1527    180 |    5.30        0.00
GET      /cart                                                                            730    60(8.22%) |    122       2    1108     75 |   19.00        0.00
POST     /cart [add]                                                                      988    66(6.68%) |    164       6    1417    110 |   25.50        0.00
POST     /cart/checkout                                                                   346     4(1.16%) |    164       6    1429    110 |    9.90        0.00
GET      /product/[id]                                                                   2861   167(5.84%) |     97       2    1127     66 |   79.50        0.00
POST     /setCurrency                                                                     590    56(9.49%) |    205       3    1548    160 |   14.70        0.00
--------|----------------------------------------------------------------------------|-------|-------------|-------|-------|-------|-------|--------|-----------
         Aggregated                                                                      5668   361(6.37%) |    132       2    1548     84 |  153.90        0.00

Type     Name                                                                          # reqs      # fails |    Avg     Min     Max    Med |   req/s  failures/s
--------|----------------------------------------------------------------------------|-------|-------------|-------|-------|-------|-------|--------|-----------
GET      /                                                                                167     8(4.79%) |    268       5    1527    210 |    4.90        0.00
GET      /cart                                                                            777    60(7.72%) |    129       2    1108     84 |   19.40        0.00
POST     /cart [add]                                                                     1059    66(6.23%) |    177       6    1417    130 |   24.60        0.00
POST     /cart/checkout                                                                   365     4(1.10%) |    178       6    1429    110 |   10.00        0.00
GET      /product/[id]                                                                   3022   167(5.53%) |    103       2    1127     71 |   79.10        0.00
POST     /setCurrency                                                                     630    56(8.89%) |    215       3    1548    170 |   16.70        0.00
--------|----------------------------------------------------------------------------|-------|-------------|-------|-------|-------|-------|--------|-----------
         Aggregated                                                                      6020   361(6.00%) |    140       2    1548     92 |  154.70        0.00

Type     Name                                                                          # reqs      # fails |    Avg     Min     Max    Med |   req/s  failures/s
--------|----------------------------------------------------------------------------|-------|-------------|-------|-------|-------|-------|--------|-----------
GET      /                                                                                181     8(4.42%) |    271       5    1527    220 |    5.20        0.00
GET      /cart                                                                            822    60(7.30%) |    135       2    1108     91 |   20.40        0.00
POST     /cart [add]                                                                     1111    66(5.94%) |    187       6    1417    140 |   27.10        0.00
POST     /cart/checkout                                                                   380     4(1.05%) |    187       6    1429    120 |   10.10        0.00
GET      /product/[id]                                                                   3222   167(5.18%) |    110       2    1127     78 |   79.30        0.00
POST     /setCurrency                                                                     673    56(8.32%) |    223       3    1548    190 |   18.00        0.00
--------|----------------------------------------------------------------------------|-------|-------------|-------|-------|-------|-------|--------|-----------
         Aggregated                                                                      6389   361(5.65%) |    148       2    1548     99 |  160.10        0.00

Type     Name                                                                          # reqs      # fails |    Avg     Min     Max    Med |   req/s  failures/s
--------|----------------------------------------------------------------------------|-------|-------------|-------|-------|-------|-------|--------|-----------
GET      /                                                                                196     8(4.08%) |    280       5    1527    220 |    5.70        0.00
GET      /cart                                                                            871    60(6.89%) |    141       2    1108    100 |   21.70        0.00
POST     /cart [add]                                                                     1179    66(5.60%) |    195       6    1417    150 |   27.50        0.00
POST     /cart/checkout                                                                   407     4(0.98%) |    195       6    1429    130 |    9.80        0.00
GET      /product/[id]                                                                   3412   167(4.89%) |    115       2    1127     84 |   82.60        0.00
POST     /setCurrency                                                                     714    56(7.84%) |    232       3    1548    200 |   19.40        0.00
--------|----------------------------------------------------------------------------|-------|-------------|-------|-------|-------|-------|--------|-----------
         Aggregated                                                                      6779   361(5.33%) |    154       2    1548    110 |  166.70        0.00

Type     Name                                                                          # reqs      # fails |    Avg     Min     Max    Med |   req/s  failures/s
--------|----------------------------------------------------------------------------|-------|-------------|-------|-------|-------|-------|--------|-----------
GET      /                                                                                203     8(3.94%) |    283       5    1527    230 |    5.70        0.00
GET      /cart                                                                            914    60(6.56%) |    148       2    1108    110 |   22.00        0.00
POST     /cart [add]                                                                     1237    66(5.34%) |    202       6    1417    160 |   28.30        0.00
POST     /cart/checkout                                                                   429     4(0.93%) |    200       6    1429    150 |    9.40        0.00
GET      /product/[id]                                                                   3606   167(4.63%) |    122       2    1127     92 |   85.90        0.00
POST     /setCurrency                                                                     760    56(7.37%) |    241       3    1548    210 |   19.00        0.00
--------|----------------------------------------------------------------------------|-------|-------------|-------|-------|-------|-------|--------|-----------
         Aggregated                                                                      7149   361(5.05%) |    161       2    1548    110 |  170.30        0.00

Type     Name                                                                          # reqs      # fails |    Avg     Min     Max    Med |   req/s  failures/s
--------|----------------------------------------------------------------------------|-------|-------------|-------|-------|-------|-------|--------|-----------
GET      /                                                                                211     8(3.79%) |    290       5    1527    230 |    6.10        0.00
GET      /cart                                                                            962    60(6.24%) |    155       2    1112    120 |   23.60        0.00
POST     /cart [add]                                                                     1298    66(5.08%) |    210       6    1417    160 |   30.90        0.00
POST     /cart/checkout                                                                   451     4(0.89%) |    206       6    1429    150 |   10.70        0.00
GET      /product/[id]                                                                   3808   167(4.39%) |    129       2    1127     97 |   89.70        0.00
POST     /setCurrency                                                                     798    56(7.02%) |    249       3    1548    220 |   21.00        0.00
--------|----------------------------------------------------------------------------|-------|-------------|-------|-------|-------|-------|--------|-----------
         Aggregated                                                                      7528   361(4.80%) |    168       2    1548    120 |  182.00        0.00

Type     Name                                                                          # reqs      # fails |    Avg     Min     Max    Med |   req/s  failures/s
--------|----------------------------------------------------------------------------|-------|-------------|-------|-------|-------|-------|--------|-----------
GET      /                                                                                225     8(3.56%) |    304       5    1527    250 |    5.70        0.00
GET      /cart                                                                           1008    60(5.95%) |    161       2    1112    120 |   24.20        0.00
POST     /cart [add]                                                                     1366    66(4.83%) |    218       6    1417    170 |   30.30        0.00
POST     /cart/checkout                                                                   485     4(0.82%) |    211       6    1429    160 |   10.50        0.00
GET      /product/[id]                                                                   4014   167(4.16%) |    134       2    1127    100 |   91.80        0.00
POST     /setCurrency                                                                     834    56(6.71%) |    257       3    1548    230 |   20.60        0.00
--------|----------------------------------------------------------------------------|-------|-------------|-------|-------|-------|-------|--------|-----------
         Aggregated                                                                      7932   361(4.55%) |    174       2    1548    130 |  183.10        0.00

Type     Name                                                                          # reqs      # fails |    Avg     Min     Max    Med |   req/s  failures/s
--------|----------------------------------------------------------------------------|-------|-------------|-------|-------|-------|-------|--------|-----------
GET      /                                                                                239     8(3.35%) |    310       5    1527    250 |    5.50        0.00
GET      /cart                                                                           1048    60(5.73%) |    168       2    1112    130 |   23.70        0.00
POST     /cart [add]                                                                     1427    66(4.63%) |    227       6    1417    180 |   31.40        0.00
POST     /cart/checkout                                                                   501     4(0.80%) |    215       6    1429    170 |   12.40        0.00
GET      /product/[id]                                                                   4198   167(3.98%) |    140       2    1127    110 |   97.00        0.00
POST     /setCurrency                                                                     880    56(6.36%) |    271       3    1548    240 |   20.20        0.00
--------|----------------------------------------------------------------------------|-------|-------------|-------|-------|-------|-------|--------|-----------
         Aggregated                                                                      8293   361(4.35%) |    182       2    1548    140 |  190.20        0.00

Type     Name                                                                          # reqs      # fails |    Avg     Min     Max    Med |   req/s  failures/s
--------|----------------------------------------------------------------------------|-------|-------------|-------|-------|-------|-------|--------|-----------
GET      /                                                                                250     8(3.20%) |    310       5    1527    250 |    5.80        0.00
GET      /cart                                                                           1108    60(5.42%) |    174       2    1112    130 |   22.50        0.00
POST     /cart [add]                                                                     1496    66(4.41%) |    238       6    1417    190 |   31.30        0.00
POST     /cart/checkout                                                                   517     4(0.77%) |    219       6    1429    180 |   12.20        0.00
GET      /product/[id]                                                                   4419   167(3.78%) |    147       2    1203    120 |   97.80        0.00
POST     /setCurrency                                                                     919    56(6.09%) |    277       3    1548    250 |   20.50        0.00
--------|----------------------------------------------------------------------------|-------|-------------|-------|-------|-------|-------|--------|-----------
         Aggregated                                                                      8709   361(4.15%) |    188       2    1548    140 |  190.10        0.00

Type     Name                                                                          # reqs      # fails |    Avg     Min     Max    Med |   req/s  failures/s
--------|----------------------------------------------------------------------------|-------|-------------|-------|-------|-------|-------|--------|-----------
GET      /                                                                                270     8(2.96%) |    319       5    1527    270 |    5.70        0.00
GET      /cart                                                                           1162    60(5.16%) |    181       2    1160    140 |   23.50        0.00
POST     /cart [add]                                                                     1567    66(4.21%) |    248       6    1417    200 |   31.80        0.00
POST     /cart/checkout                                                                   534     4(0.75%) |    222       6    1429    180 |   12.10        0.00
GET      /product/[id]                                                                   4621   167(3.61%) |    152       2    1445    120 |   98.80        0.00
POST     /setCurrency                                                                     960    56(5.83%) |    283       3    1594    260 |   20.50        0.00
--------|----------------------------------------------------------------------------|-------|-------------|-------|-------|-------|-------|--------|-----------
         Aggregated                                                                      9114   361(3.96%) |    195       2    1594    150 |  192.40        0.00

Type     Name                                                                          # reqs      # fails |    Avg     Min     Max    Med |   req/s  failures/s
--------|----------------------------------------------------------------------------|-------|-------------|-------|-------|-------|-------|--------|-----------
GET      /                                                                                287     8(2.79%) |    325       5    1527    300 |    6.00        0.00
GET      /cart                                                                           1219    60(4.92%) |    188       2    1160    150 |   24.80        0.00
POST     /cart [add]                                                                     1631    66(4.05%) |    253       6    1417    210 |   31.80        0.00
POST     /cart/checkout                                                                   558     4(0.72%) |    226       6    1429    190 |   10.40        0.00
GET      /product/[id]                                                                   4866   167(3.43%) |    156       2    1445    130 |  100.20        0.00
POST     /setCurrency                                                                    1010    56(5.54%) |    291       3    1594    270 |   20.30        0.00
--------|----------------------------------------------------------------------------|-------|-------------|-------|-------|-------|-------|--------|-----------
         Aggregated                                                                      9571   361(3.77%) |    200       2    1594    160 |  193.50        0.00

Type     Name                                                                          # reqs      # fails |    Avg     Min     Max    Med |   req/s  failures/s
--------|----------------------------------------------------------------------------|-------|-------------|-------|-------|-------|-------|--------|-----------
GET      /                                                                                300     8(2.67%) |    329       5    1527    300 |    7.30        0.00
GET      /cart                                                                           1274    60(4.71%) |    195       2    1160    160 |   25.10        0.00
POST     /cart [add]                                                                     1697    66(3.89%) |    261       6    1417    220 |   34.00        0.00
POST     /cart/checkout                                                                   575     4(0.70%) |    232       6    1429    200 |   10.90        0.00
GET      /product/[id]                                                                   5056   167(3.30%) |    161       2    1445    130 |  103.60        0.00
POST     /setCurrency                                                                    1055    56(5.31%) |    299       3    1594    280 |   19.90        0.00
--------|----------------------------------------------------------------------------|-------|-------------|-------|-------|-------|-------|--------|-----------
         Aggregated                                                                      9957   361(3.63%) |    206       2    1594    160 |  200.80        0.00

Type     Name                                                                          # reqs      # fails |    Avg     Min     Max    Med |   req/s  failures/s
--------|----------------------------------------------------------------------------|-------|-------------|-------|-------|-------|-------|--------|-----------
GET      /                                                                                309     8(2.59%) |    336       5    1527    310 |    7.50        0.00
GET      /cart                                                                           1317    60(4.56%) |    203       2    1241    160 |   25.80        0.00
POST     /cart [add]                                                                     1759    66(3.75%) |    272       6    1417    230 |   31.90        0.00
POST     /cart/checkout                                                                   604     4(0.66%) |    242       6    1429    200 |    8.60        0.00
GET      /product/[id]                                                                   5267   167(3.17%) |    171       2    1445    140 |  104.20        0.00
POST     /setCurrency                                                                    1086    56(5.16%) |    307       3    1594    280 |   21.80        0.00
--------|----------------------------------------------------------------------------|-------|-------------|-------|-------|-------|-------|--------|-----------
         Aggregated                                                                     10342   361(3.49%) |    215       2    1594    170 |  199.80        0.00

Type     Name                                                                          # reqs      # fails |    Avg     Min     Max    Med |   req/s  failures/s
--------|----------------------------------------------------------------------------|-------|-------------|-------|-------|-------|-------|--------|-----------
GET      /                                                                                319     8(2.51%) |    339       5    1527    320 |    7.20        0.00
GET      /cart                                                                           1366    60(4.39%) |    209       2    1241    170 |   26.50        0.00
POST     /cart [add]                                                                     1844    66(3.58%) |    280       6    1417    240 |   33.60        0.00
POST     /cart/checkout                                                                   636     4(0.63%) |    248       6    1429    200 |   10.20        0.00
GET      /product/[id]                                                                   5510   167(3.03%) |    176       2    1445    150 |  104.00        0.00
POST     /setCurrency                                                                    1118    56(5.01%) |    311       3    1594    290 |   21.30        0.00
--------|----------------------------------------------------------------------------|-------|-------------|-------|-------|-------|-------|--------|-----------
         Aggregated                                                                     10793   361(3.34%) |    221       2    1594    180 |  202.80        0.00

Type     Name                                                                          # reqs      # fails |    Avg     Min     Max    Med |   req/s  failures/s
--------|----------------------------------------------------------------------------|-------|-------------|-------|-------|-------|-------|--------|-----------
GET      /                                                                                335     8(2.39%) |    342       5    1527    330 |    6.60        0.00
GET      /cart                                                                           1415    60(4.24%) |    214       2    1241    170 |   25.70        0.00
POST     /cart [add]                                                                     1915    66(3.45%) |    288       6    1417    250 |   34.00        0.00
POST     /cart/checkout                                                                   660     4(0.61%) |    253       6    1429    210 |   10.60        0.00
GET      /product/[id]                                                                   5746   167(2.91%) |    182       2    1445    150 |  108.20        0.00
POST     /setCurrency                                                                    1168    56(4.79%) |    316       3    1594    300 |   20.20        0.00
--------|----------------------------------------------------------------------------|-------|-------------|-------|-------|-------|-------|--------|-----------
         Aggregated                                                                     11239   361(3.21%) |    227       2    1594    180 |  205.30        0.00

Type     Name                                                                          # reqs      # fails |    Avg     Min     Max    Med |   req/s  failures/s
--------|----------------------------------------------------------------------------|-------|-------------|-------|-------|-------|-------|--------|-----------
GET      /                                                                                344     8(2.33%) |    344       5    1527    330 |    6.50        0.00
GET      /cart                                                                           1480    60(4.05%) |    220       2    1241    180 |   25.60        0.00
POST     /cart [add]                                                                     1990    66(3.32%) |    292       6    1417    260 |   35.30        0.00
POST     /cart/checkout                                                                   697     4(0.57%) |    256       6    1429    220 |   12.20        0.00
GET      /product/[id]                                                                   5996   167(2.79%) |    186       2    1445    160 |  111.10        0.00
POST     /setCurrency                                                                    1221    56(4.59%) |    321       3    1594    310 |   20.40        0.00
--------|----------------------------------------------------------------------------|-------|-------------|-------|-------|-------|-------|--------|-----------
         Aggregated                                                                     11728   361(3.08%) |    231       2    1594    190 |  211.10        0.00

Type     Name                                                                          # reqs      # fails |    Avg     Min     Max    Med |   req/s  failures/s
--------|----------------------------------------------------------------------------|-------|-------------|-------|-------|-------|-------|--------|-----------
GET      /                                                                                362     8(2.21%) |    353       5    1527    340 |    6.00        0.00
GET      /cart                                                                           1528    60(3.93%) |    227       2    1241    190 |   25.60        0.00
POST     /cart [add]                                                                     2055    66(3.21%) |    301       6    1417    260 |   35.90        0.00
POST     /cart/checkout                                                                   721     4(0.55%) |    264       6    1429    230 |   12.60        0.00
GET      /product/[id]                                                                   6183   167(2.70%) |    191       2    1445    160 |  112.70        0.00
POST     /setCurrency                                                                    1275    56(4.39%) |    333       3    1594    310 |   21.90        0.00
--------|----------------------------------------------------------------------------|-------|-------------|-------|-------|-------|-------|--------|-----------
         Aggregated                                                                     12124   361(2.98%) |    238       2    1594    200 |  214.70        0.00

Type     Name                                                                          # reqs      # fails |    Avg     Min     Max    Med |   req/s  failures/s
--------|----------------------------------------------------------------------------|-------|-------------|-------|-------|-------|-------|--------|-----------
GET      /                                                                                378     8(2.12%) |    366       5    1527    350 |    6.30        0.00
GET      /cart                                                                           1574    60(3.81%) |    238       2    1381    190 |   25.50        0.00
POST     /cart [add]                                                                     2110    66(3.13%) |    313       6    1417    270 |   36.40        0.00
POST     /cart/checkout                                                                   740     4(0.54%) |    271       6    1429    240 |   14.60        0.00
GET      /product/[id]                                                                   6356   167(2.63%) |    200       2    1445    170 |  112.10        0.00
POST     /setCurrency                                                                    1307    56(4.28%) |    342       3    1594    320 |   21.70        0.00
--------|----------------------------------------------------------------------------|-------|-------------|-------|-------|-------|-------|--------|-----------
         Aggregated                                                                     12465   361(2.90%) |    248       2    1594    200 |  216.60        0.00

Type     Name                                                                          # reqs      # fails |    Avg     Min     Max    Med |   req/s  failures/s
--------|----------------------------------------------------------------------------|-------|-------------|-------|-------|-------|-------|--------|-----------
GET      /                                                                                392     8(2.04%) |    375       5    1527    360 |    6.30        0.00
GET      /cart                                                                           1618    60(3.71%) |    243       2    1381    200 |   26.00        0.00
POST     /cart [add]                                                                     2183    66(3.02%) |    321       6    1417    280 |   35.00        0.00
POST     /cart/checkout                                                                   775     4(0.52%) |    281       6    1429    250 |   13.60        0.00
GET      /product/[id]                                                                   6577   167(2.54%) |    207       2    1445    170 |  111.80        0.00
POST     /setCurrency                                                                    1353    56(4.14%) |    351       3    1594    330 |   22.00        0.00
--------|----------------------------------------------------------------------------|-------|-------------|-------|-------|-------|-------|--------|-----------
         Aggregated                                                                     12898   361(2.80%) |    256       2    1594    210 |  214.70        0.00

Type     Name                                                                          # reqs      # fails |    Avg     Min     Max    Med |   req/s  failures/s
--------|----------------------------------------------------------------------------|-------|-------------|-------|-------|-------|-------|--------|-----------
GET      /                                                                                403     8(1.99%) |    386       5    1527    360 |    7.70        0.00
GET      /cart                                                                           1679    60(3.57%) |    254       2    1381    200 |   26.00        0.00
POST     /cart [add]                                                                     2255    66(2.93%) |    333       6    1417    280 |   34.90        0.00
POST     /cart/checkout                                                                   797     4(0.50%) |    288       6    1429    260 |   14.50        0.00
GET      /product/[id]                                                                   6781   167(2.46%) |    215       2    1445    180 |  109.00        0.00
POST     /setCurrency                                                                    1383    56(4.05%) |    356       3    1594    340 |   23.10        0.00
--------|----------------------------------------------------------------------------|-------|-------------|-------|-------|-------|-------|--------|-----------
         Aggregated                                                                     13298   361(2.71%) |    264       2    1594    220 |  215.20        0.00

Type     Name                                                                          # reqs      # fails |    Avg     Min     Max    Med |   req/s  failures/s
--------|----------------------------------------------------------------------------|-------|-------------|-------|-------|-------|-------|--------|-----------
GET      /                                                                                418     8(1.91%) |    393       5    1527    370 |    7.10        0.00
GET      /cart                                                                           1730    60(3.47%) |    260       2    1381    210 |   26.20        0.00
POST     /cart [add]                                                                     2326    66(2.84%) |    340       6    1417    290 |   33.70        0.00
POST     /cart/checkout                                                                   826     4(0.48%) |    295       6    1429    260 |   14.10        0.00
GET      /product/[id]                                                                   7020   167(2.38%) |    222       2    1445    180 |  104.70        0.00
POST     /setCurrency                                                                    1436    56(3.90%) |    364       3    1594    350 |   21.90        0.00
--------|----------------------------------------------------------------------------|-------|-------------|-------|-------|-------|-------|--------|-----------
         Aggregated                                                                     13756   361(2.62%) |    271       2    1594    230 |  207.70        0.00

Type     Name                                                                          # reqs      # fails |    Avg     Min     Max    Med |   req/s  failures/s
--------|----------------------------------------------------------------------------|-------|-------------|-------|-------|-------|-------|--------|-----------
GET      /                                                                                438     8(1.83%) |    403       5    1527    370 |    7.40        0.00
GET      /cart                                                                           1796    60(3.34%) |    270       2    1381    220 |   26.20        0.00
POST     /cart [add]                                                                     2387    66(2.76%) |    347       6    1417    300 |   32.60        0.00
POST     /cart/checkout                                                                   843     4(0.47%) |    300       6    1429    270 |   13.50        0.00
GET      /product/[id]                                                                   7236   167(2.31%) |    229       2    1445    190 |  102.70        0.00
POST     /setCurrency                                                                    1481    56(3.78%) |    370       3    1594    360 |   20.90        0.00
--------|----------------------------------------------------------------------------|-------|-------------|-------|-------|-------|-------|--------|-----------
         Aggregated                                                                     14181   361(2.55%) |    278       2    1594    240 |  203.30        0.00

Type     Name                                                                          # reqs      # fails |    Avg     Min     Max    Med |   req/s  failures/s
--------|----------------------------------------------------------------------------|-------|-------------|-------|-------|-------|-------|--------|-----------
GET      /                                                                                459     8(1.74%) |    416       5    1527    390 |    7.30        0.00
GET      /cart                                                                           1850    60(3.24%) |    277       2    1477    230 |   26.30        0.00
POST     /cart [add]                                                                     2449    66(2.69%) |    356       6    1487    310 |   32.20        0.00
POST     /cart/checkout                                                                   864     4(0.46%) |    309       6    1484    280 |   12.60        0.00
GET      /product/[id]                                                                   7465   167(2.24%) |    236       2    1445    200 |  105.60        0.00
POST     /setCurrency                                                                    1514    56(3.70%) |    376       3    1594    360 |   20.40        0.00
--------|----------------------------------------------------------------------------|-------|-------------|-------|-------|-------|-------|--------|-----------
         Aggregated                                                                     14601   361(2.47%) |    286       2    1594    240 |  204.40        0.00

Type     Name                                                                          # reqs      # fails |    Avg     Min     Max    Med |   req/s  failures/s
--------|----------------------------------------------------------------------------|-------|-------------|-------|-------|-------|-------|--------|-----------
GET      /                                                                                477     8(1.68%) |    425       5    1527    400 |    8.20        0.00
GET      /cart                                                                           1915    60(3.13%) |    281       2    1477    240 |   27.30        0.00
POST     /cart [add]                                                                     2520    66(2.62%) |    363       6    1487    320 |   33.70        0.00
POST     /cart/checkout                                                                   897     4(0.45%) |    315       6    1484    280 |   12.40        0.00
GET      /product/[id]                                                                   7724   167(2.16%) |    240       2    1445    210 |  107.30        0.00
POST     /setCurrency                                                                    1580    56(3.54%) |    384       3    1594    370 |   21.20        0.00
--------|----------------------------------------------------------------------------|-------|-------------|-------|-------|-------|-------|--------|-----------
         Aggregated                                                                     15113   361(2.39%) |    291       2    1594    250 |  210.10        0.00

Type     Name                                                                          # reqs      # fails |    Avg     Min     Max    Med |   req/s  failures/s
--------|----------------------------------------------------------------------------|-------|-------------|-------|-------|-------|-------|--------|-----------
GET      /                                                                                492     8(1.63%) |    426       5    1527    410 |    8.30        0.00
GET      /cart                                                                           1987    60(3.02%) |    288       2    1477    250 |   29.40        0.00
POST     /cart [add]                                                                     2599    66(2.54%) |    370       6    1487    330 |   33.60        0.00
POST     /cart/checkout                                                                   929     4(0.43%) |    319       6    1484    290 |   12.30        0.00
GET      /product/[id]                                                                   7977   167(2.09%) |    246       2    1445    210 |  112.90        0.00
POST     /setCurrency                                                                    1633    56(3.43%) |    389       3    1594    380 |   22.20        0.00
--------|----------------------------------------------------------------------------|-------|-------------|-------|-------|-------|-------|--------|-----------
         Aggregated                                                                     15617   361(2.31%) |    297       2    1594    260 |  218.70        0.00

Type     Name                                                                          # reqs      # fails |    Avg     Min     Max    Med |   req/s  failures/s
--------|----------------------------------------------------------------------------|-------|-------------|-------|-------|-------|-------|--------|-----------
GET      /                                                                                508     8(1.57%) |    426       5    1527    410 |    8.70        0.00
GET      /cart                                                                           2062    60(2.91%) |    294       2    1477    260 |   29.10        0.00
POST     /cart [add]                                                                     2677    66(2.47%) |    375       6    1487    340 |   33.90        0.00
POST     /cart/checkout                                                                   948     4(0.42%) |    322       6    1484    300 |   12.80        0.00
GET      /product/[id]                                                                   8253   167(2.02%) |    251       2    1445    220 |  116.50        0.00
POST     /setCurrency                                                                    1679    56(3.34%) |    390       3    1594    380 |   23.60        0.00
--------|----------------------------------------------------------------------------|-------|-------------|-------|-------|-------|-------|--------|-----------
         Aggregated                                                                     16127   361(2.24%) |    301       2    1594    270 |  224.60        0.00

Type     Name                                                                          # reqs      # fails |    Avg     Min     Max    Med |   req/s  failures/s
--------|----------------------------------------------------------------------------|-------|-------------|-------|-------|-------|-------|--------|-----------
GET      /                                                                                528     8(1.52%) |    429       5    1527    420 |    8.80        0.00
GET      /cart                                                                           2110    60(2.84%) |    299       2    1477    260 |   31.60        0.00
POST     /cart [add]                                                                     2750    66(2.40%) |    382       6    1487    350 |   34.60        0.00
POST     /cart/checkout                                                                   981     4(0.41%) |    328       6    1484    300 |   12.80        0.00
GET      /product/[id]                                                                   8516   167(1.96%) |    258       2    1445    230 |  122.50        0.00
POST     /setCurrency                                                                    1722    56(3.25%) |    394       3    1594    380 |   24.80        0.00
--------|----------------------------------------------------------------------------|-------|-------------|-------|-------|-------|-------|--------|-----------
         Aggregated                                                                     16607   361(2.17%) |    307       2    1594    280 |  235.10        0.00

Type     Name                                                                          # reqs      # fails |    Avg     Min     Max    Med |   req/s  failures/s
--------|----------------------------------------------------------------------------|-------|-------------|-------|-------|-------|-------|--------|-----------
GET      /                                                                                542     8(1.48%) |    436       5    1527    420 |    8.90        0.00
GET      /cart                                                                           2176    60(2.76%) |    307       2    1477    280 |   31.70        0.00
POST     /cart [add]                                                                     2825    66(2.34%) |    391       6    1487    360 |   36.50        0.00
POST     /cart/checkout                                                                  1005     4(0.40%) |    335       6    1484    300 |   13.00        0.00
GET      /product/[id]                                                                   8748   167(1.91%) |    264       2    1445    240 |  124.40        0.00
POST     /setCurrency                                                                    1766    56(3.17%) |    401       3    1594    390 |   24.60        0.00
--------|----------------------------------------------------------------------------|-------|-------------|-------|-------|-------|-------|--------|-----------
         Aggregated                                                                     17062   361(2.12%) |    315       2    1594    280 |  239.10        0.00

Type     Name                                                                          # reqs      # fails |    Avg     Min     Max    Med |   req/s  failures/s
--------|----------------------------------------------------------------------------|-------|-------------|-------|-------|-------|-------|--------|-----------
GET      /                                                                                558     8(1.43%) |    441       5    1527    430 |    8.30        0.00
GET      /cart                                                                           2236    60(2.68%) |    313       2    1477    290 |   32.20        0.00
POST     /cart [add]                                                                     2910    66(2.27%) |    396       6    1487    370 |   37.00        0.00
POST     /cart/checkout                                                                  1036     4(0.39%) |    339       6    1484    300 |   13.50        0.00
GET      /product/[id]                                                                   9007   167(1.85%) |    269       2    1445    250 |  126.40        0.00
POST     /setCurrency                                                                    1823    56(3.07%) |    405       3    1594    400 |   24.10        0.00
--------|----------------------------------------------------------------------------|-------|-------------|-------|-------|-------|-------|--------|-----------
         Aggregated                                                                     17570   361(2.05%) |    320       2    1594    290 |  241.50        0.00

Type     Name                                                                          # reqs      # fails |    Avg     Min     Max    Med |   req/s  failures/s
--------|----------------------------------------------------------------------------|-------|-------------|-------|-------|-------|-------|--------|-----------
GET      /                                                                                572     8(1.40%) |    445       5    1527    440 |    8.00        0.00
GET      /cart                                                                           2304    60(2.60%) |    319       2    1477    300 |   31.50        0.00
POST     /cart [add]                                                                     2994    66(2.20%) |    404       6    1487    380 |   37.70        0.00
POST     /cart/checkout                                                                  1062     4(0.38%) |    342       6    1484    310 |   13.50        0.00
GET      /product/[id]                                                                   9255   167(1.80%) |    275       2    1445    250 |  127.80        0.00
POST     /setCurrency                                                                    1884    56(2.97%) |    412       3    1594    410 |   23.60        0.00
--------|----------------------------------------------------------------------------|-------|-------------|-------|-------|-------|-------|--------|-----------
         Aggregated                                                                     18071   361(2.00%) |    326       2    1594    300 |  242.10        0.00

Type     Name                                                                          # reqs      # fails |    Avg     Min     Max    Med |   req/s  failures/s
--------|----------------------------------------------------------------------------|-------|-------------|-------|-------|-------|-------|--------|-----------
GET      /                                                                                590     8(1.36%) |    449       5    1527    440 |    8.10        0.00
GET      /cart                                                                           2364    60(2.54%) |    324       2    1477    300 |   32.30        0.00
POST     /cart [add]                                                                     3079    66(2.14%) |    409       6    1487    390 |   40.40        0.00
POST     /cart/checkout                                                                  1089     4(0.37%) |    344       6    1484    310 |   13.60        0.00
GET      /product/[id]                                                                   9565   167(1.75%) |    279       2    1445    260 |  129.10        0.00
POST     /setCurrency                                                                    1940    56(2.89%) |    416       3    1594    410 |   25.10        0.00
--------|----------------------------------------------------------------------------|-------|-------------|-------|-------|-------|-------|--------|-----------
         Aggregated                                                                     18627   361(1.94%) |    330       2    1594    310 |  248.60        0.00

Type     Name                                                                          # reqs      # fails |    Avg     Min     Max    Med |   req/s  failures/s
--------|----------------------------------------------------------------------------|-------|-------------|-------|-------|-------|-------|--------|-----------
GET      /                                                                                608     8(1.32%) |    452       5    1527    440 |    8.10        0.00
GET      /cart                                                                           2409    60(2.49%) |    330       2    1546    310 |   30.90        0.00
POST     /cart [add]                                                                     3153    66(2.09%) |    418       6    1626    400 |   40.00        0.00
POST     /cart/checkout                                                                  1116     4(0.36%) |    349       6    1484    320 |   13.70        0.00
GET      /product/[id]                                                                   9798   167(1.70%) |    286       2    1726    270 |  129.10        0.00
POST     /setCurrency                                                                    2006    56(2.79%) |    426       3    1594    420 |   25.90        0.00
--------|----------------------------------------------------------------------------|-------|-------------|-------|-------|-------|-------|--------|-----------
         Aggregated                                                                     19090   361(1.89%) |    337       2    1726    310 |  247.70        0.00

Type     Name                                                                          # reqs      # fails |    Avg     Min     Max    Med |   req/s  failures/s
--------|----------------------------------------------------------------------------|-------|-------------|-------|-------|-------|-------|--------|-----------
GET      /                                                                                618     8(1.29%) |    457       5    1527    440 |    8.20        0.00
GET      /cart                                                                           2468    60(2.43%) |    340       2    1587    310 |   29.80        0.00
POST     /cart [add]                                                                     3220    66(2.05%) |    426       6    1626    400 |   39.10        0.00
POST     /cart/checkout                                                                  1136     4(0.35%) |    356       6    1484    330 |   13.60        0.00
GET      /product/[id]                                                                  10010   167(1.67%) |    293       2    1726    280 |  127.50        0.00
POST     /setCurrency                                                                    2046    56(2.74%) |    431       3    1594    420 |   27.80        0.00
--------|----------------------------------------------------------------------------|-------|-------------|-------|-------|-------|-------|--------|-----------
         Aggregated                                                                     19498   361(1.85%) |    344       2    1726    320 |  246.00        0.00

Type     Name                                                                          # reqs      # fails |    Avg     Min     Max    Med |   req/s  failures/s
--------|----------------------------------------------------------------------------|-------|-------------|-------|-------|-------|-------|--------|-----------
GET      /                                                                                633     8(1.26%) |    463       5    1527    450 |    7.60        0.00
GET      /cart                                                                           2526    60(2.38%) |    346       2    1593    320 |   29.20        0.00
POST     /cart [add]                                                                     3300    66(2.00%) |    433       6    1819    410 |   40.00        0.00
POST     /cart/checkout                                                                  1167     4(0.34%) |    364       6    1484    330 |   13.70        0.00
GET      /product/[id]                                                                  10296   167(1.62%) |    300       2    1726    280 |  130.30        0.00
POST     /setCurrency                                                                    2091    56(2.68%) |    437       3    1840    420 |   28.20        0.00
--------|----------------------------------------------------------------------------|-------|-------------|-------|-------|-------|-------|--------|-----------
         Aggregated                                                                     20013   361(1.80%) |    351       2    1840    330 |  249.00        0.00

Type     Name                                                                          # reqs      # fails |    Avg     Min     Max    Med |   req/s  failures/s
--------|----------------------------------------------------------------------------|-------|-------------|-------|-------|-------|-------|--------|-----------
GET      /                                                                                658     8(1.22%) |    473       5    1527    460 |    7.20        0.00
GET      /cart                                                                           2575    60(2.33%) |    352       2    1808    320 |   28.40        0.00
POST     /cart [add]                                                                     3371    66(1.96%) |    439       6    1819    420 |   39.10        0.00
POST     /cart/checkout                                                                  1191     4(0.34%) |    370       6    1484    340 |   13.30        0.00
GET      /product/[id]                                                                  10531   167(1.59%) |    305       2    1747    280 |  129.10        0.00
POST     /setCurrency                                                                    2144    56(2.61%) |    443       3    1840    430 |   28.00        0.00
--------|----------------------------------------------------------------------------|-------|-------------|-------|-------|-------|-------|--------|-----------
         Aggregated                                                                     20470   361(1.76%) |    356       2    1840    330 |  245.10        0.00

Type     Name                                                                          # reqs      # fails |    Avg     Min     Max    Med |   req/s  failures/s
--------|----------------------------------------------------------------------------|-------|-------------|-------|-------|-------|-------|--------|-----------
GET      /                                                                                678     8(1.18%) |    473       5    1527    460 |    8.30        0.00
GET      /cart                                                                           2638    60(2.27%) |    358       2    1928    330 |   28.20        0.00
POST     /cart [add]                                                                     3464    66(1.91%) |    449       6    2191    430 |   37.80        0.00
POST     /cart/checkout                                                                  1226     4(0.33%) |    376       6    1999    350 |   13.30        0.00
GET      /product/[id]                                                                  10833   167(1.54%) |    311       2    1832    290 |  128.60        0.00
POST     /setCurrency                                                                    2197    56(2.55%) |    446       3    1840    430 |   26.40        0.00
--------|----------------------------------------------------------------------------|-------|-------------|-------|-------|-------|-------|--------|-----------
         Aggregated                                                                     21036   361(1.72%) |    363       2    2191    340 |  242.60        0.00

Type     Name                                                                          # reqs      # fails |    Avg     Min     Max    Med |   req/s  failures/s
--------|----------------------------------------------------------------------------|-------|-------------|-------|-------|-------|-------|--------|-----------
GET      /                                                                                703     8(1.14%) |    479       5    1527    460 |    5.87        0.07
GET      /cart                                                                           2678    60(2.24%) |    363       2    1928    330 |   22.34        0.50
POST     /cart [add]                                                                     3529    66(1.87%) |    455       6    2191    430 |   29.45        0.55
POST     /cart/checkout                                                                  1242     4(0.32%) |    381       6    1999    350 |   10.36        0.03
GET      /product/[id]                                                                  11051   167(1.51%) |    318       2    1832    300 |   92.21        1.39
POST     /setCurrency                                                                    2241    56(2.50%) |    450       3    1840    440 |   18.70        0.47
--------|----------------------------------------------------------------------------|-------|-------------|-------|-------|-------|-------|--------|-----------
         Aggregated                                                                     21444   361(1.68%) |    369       2    2191    350 |  178.92        3.01

Response time percentiles (approximated)
Type     Name                                                                                  50%    66%    75%    80%    90%    95%    98%    99%  99.9% 99.99%   100% # reqs
--------|--------------------------------------------------------------------------------|--------|------|------|------|------|------|------|------|------|------|------|------
GET      /                                                                                     460    560    640    680    790    900   1100   1200   1500   1500   1500    703
GET      /cart                                                                                 330    450    520    570    700    810    980   1100   1800   1900   1900   2678
POST     /cart [add]                                                                           430    560    640    690    850   1000   1200   1400   1800   2200   2200   3529
POST     /cart/checkout                                                                        360    450    510    560    680    810   1100   1300   1900   2000   2000   1242
GET      /product/[id]                                                                         300    390    450    490    590    710    890   1000   1500   1700   1800  11051
POST     /setCurrency                                                                          440    540    590    640    770    890   1100   1300   1700   1800   1800   2241
--------|--------------------------------------------------------------------------------|--------|------|------|------|------|------|------|------|------|------|------|------
         Aggregated                                                                            350    450    510    560    700    830   1000   1200   1700   1900   2200  21444

Error report
# occurrences      Error                                                                                               
------------------|---------------------------------------------------------------------------------------------------------------------------------------------
56                 POST /setCurrency: HTTPError('500 Server Error: Internal Server Error for url: /setCurrency')       
60                 GET /cart: HTTPError('500 Server Error: Internal Server Error for url: /cart')                      
40                 POST /cart [add]: HTTPError('500 Server Error: Internal Server Error for url: /cart [add]')         
4                  POST /cart/checkout: HTTPError('500 Server Error: Internal Server Error for url: /cart/checkout')   
167                GET /product/[id]: HTTPError('500 Server Error: Internal Server Error for url: /product/[id]')      
26                 POST /cart [add]: add falhou (500), skip checkout                                                   
8                  GET /: HTTPError('500 Server Error: Internal Server Error for url: /')                              
------------------|---------------------------------------------------------------------------------------------------------------------------------------------

