/Users/edias/Library/Python/3.9/lib/python/site-packages/urllib3/__init__.py:35: NotOpenSSLWarning: urllib3 v2 only supports OpenSSL 1.1.1+, currently the 'ssl' module is compiled with 'LibreSSL 2.8.3'. See: https://github.com/urllib3/urllib3/issues/3020
  warnings.warn(
[2026-05-20 22:01:56,498] Mac/WARNING/locust.main: Python 3.9 support is deprecated and will be removed soon
Type     Name                                                                          # reqs      # fails |    Avg     Min     Max    Med |   req/s  failures/s
--------|----------------------------------------------------------------------------|-------|-------------|-------|-------|-------|-------|--------|-----------
--------|----------------------------------------------------------------------------|-------|-------------|-------|-------|-------|-------|--------|-----------
         Aggregated                                                                         0     0(0.00%) |      0       0       0      0 |    0.00        0.00

Type     Name                                                                          # reqs      # fails |    Avg     Min     Max    Med |   req/s  failures/s
--------|----------------------------------------------------------------------------|-------|-------------|-------|-------|-------|-------|--------|-----------
GET      /cart                                                                              1     0(0.00%) |     15      15      15     15 |    0.00        0.00
POST     /cart [add]                                                                        3     0(0.00%) |     20      15      28     19 |    0.00        0.00
GET      /product/[id]                                                                     15     0(0.00%) |     17       7      28     15 |    0.00        0.00
POST     /setCurrency                                                                       2     0(0.00%) |     31      14      48     14 |    0.00        0.00
--------|----------------------------------------------------------------------------|-------|-------------|-------|-------|-------|-------|--------|-----------
         Aggregated                                                                        21     0(0.00%) |     19       7      48     15 |    0.00        0.00

Type     Name                                                                          # reqs      # fails |    Avg     Min     Max    Med |   req/s  failures/s
--------|----------------------------------------------------------------------------|-------|-------------|-------|-------|-------|-------|--------|-----------
GET      /                                                                                  3     0(0.00%) |     14      10      22     12 |    0.00        0.00
GET      /cart                                                                              5     0(0.00%) |      9       6      15      9 |    0.50        0.00
POST     /cart [add]                                                                       10     0(0.00%) |     15      10      28     15 |    1.50        0.00
POST     /cart/checkout                                                                     3     0(0.00%) |     14      12      15     15 |    0.00        0.00
GET      /product/[id]                                                                     48     0(0.00%) |     17       7     201     10 |    5.50        0.00
POST     /setCurrency                                                                       6     0(0.00%) |     23      12      48     14 |    0.50        0.00
--------|----------------------------------------------------------------------------|-------|-------------|-------|-------|-------|-------|--------|-----------
         Aggregated                                                                        75     0(0.00%) |     17       6     201     12 |    8.00        0.00

Type     Name                                                                          # reqs      # fails |    Avg     Min     Max    Med |   req/s  failures/s
--------|----------------------------------------------------------------------------|-------|-------------|-------|-------|-------|-------|--------|-----------
GET      /                                                                                  5     0(0.00%) |     14      10      22     13 |    0.50        0.00
GET      /cart                                                                             15     0(0.00%) |      9       6      15      9 |    1.25        0.00
POST     /cart [add]                                                                       24     0(0.00%) |     14       9      28     13 |    2.25        0.00
POST     /cart/checkout                                                                     6     0(0.00%) |     13      11      15     13 |    0.75        0.00
GET      /product/[id]                                                                     98     0(0.00%) |     13       5     201      9 |    9.25        0.00
POST     /setCurrency                                                                      12     0(0.00%) |     19      11      48     15 |    0.75        0.00
--------|----------------------------------------------------------------------------|-------|-------------|-------|-------|-------|-------|--------|-----------
         Aggregated                                                                       160     0(0.00%) |     13       5     201     11 |   14.75        0.00

Type     Name                                                                          # reqs      # fails |    Avg     Min     Max    Med |   req/s  failures/s
--------|----------------------------------------------------------------------------|-------|-------------|-------|-------|-------|-------|--------|-----------
GET      /                                                                                  7     0(0.00%) |     14      10      22     13 |    0.83        0.00
GET      /cart                                                                             24     0(0.00%) |      8       5      15      8 |    1.83        0.00
POST     /cart [add]                                                                       49     0(0.00%) |     13       8      28     12 |    2.83        0.00
POST     /cart/checkout                                                                    17     0(0.00%) |     12       9      18     13 |    0.83        0.00
GET      /product/[id]                                                                    153     0(0.00%) |     11       5     201      9 |   14.17        0.00
POST     /setCurrency                                                                      24     0(0.00%) |     17      11      48     15 |    1.83        0.00
--------|----------------------------------------------------------------------------|-------|-------------|-------|-------|-------|-------|--------|-----------
         Aggregated                                                                       274     0(0.00%) |     12       5     201     10 |   22.33        0.00

Type     Name                                                                          # reqs      # fails |    Avg     Min     Max    Med |   req/s  failures/s
--------|----------------------------------------------------------------------------|-------|-------------|-------|-------|-------|-------|--------|-----------
GET      /                                                                                 12     0(0.00%) |     43      10     309     13 |    0.88        0.00
GET      /cart                                                                             32     0(0.00%) |     78       5     827      8 |    2.50        0.00
POST     /cart [add]                                                                       66     0(0.00%) |     20       8     496     12 |    5.12        0.00
POST     /cart/checkout                                                                    23     0(0.00%) |     12       8      18     12 |    1.88        0.00
GET      /product/[id]                                                                    199     0(0.00%) |     55       5     833      9 |   17.38        0.00
POST     /setCurrency                                                                      30     0(0.00%) |     32      11     491     15 |    2.62        0.00
--------|----------------------------------------------------------------------------|-------|-------------|-------|-------|-------|-------|--------|-----------
         Aggregated                                                                       362     0(0.00%) |     46       5     833     10 |   30.38        0.00

Type     Name                                                                          # reqs      # fails |    Avg     Min     Max    Med |   req/s  failures/s
--------|----------------------------------------------------------------------------|-------|-------------|-------|-------|-------|-------|--------|-----------
GET      /                                                                                 16     0(0.00%) |     36      10     309     12 |    0.90        0.00
GET      /cart                                                                             64     0(0.00%) |     43       4     827      8 |    2.70        0.00
POST     /cart [add]                                                                       91     0(0.00%) |     18       7     496     12 |    5.70        0.00
POST     /cart/checkout                                                                    34     0(0.00%) |     12       8      18     12 |    2.00        0.00
GET      /product/[id]                                                                    277     0(0.00%) |     42       4     833      8 |   17.80        0.00
POST     /setCurrency                                                                      54     0(0.00%) |     24      10     491     14 |    2.70        0.00
--------|----------------------------------------------------------------------------|-------|-------------|-------|-------|-------|-------|--------|-----------
         Aggregated                                                                       536     0(0.00%) |     34       4     833     10 |   31.80        0.00

Type     Name                                                                          # reqs      # fails |    Avg     Min     Max    Med |   req/s  failures/s
--------|----------------------------------------------------------------------------|-------|-------------|-------|-------|-------|-------|--------|-----------
GET      /                                                                                 20     0(0.00%) |     31      10     309     12 |    1.50        0.00
GET      /cart                                                                             89     0(0.00%) |     33       4     827      8 |    5.30        0.00
POST     /cart [add]                                                                      122     0(0.00%) |     16       7     496     11 |    8.00        0.00
POST     /cart/checkout                                                                    44     0(0.00%) |     13       8      58     12 |    3.00        0.00
GET      /product/[id]                                                                    380     0(0.00%) |     33       4     833      8 |   24.40        0.00
POST     /setCurrency                                                                      75     0(0.00%) |     22       9     491     14 |    4.90        0.00
--------|----------------------------------------------------------------------------|-------|-------------|-------|-------|-------|-------|--------|-----------
         Aggregated                                                                       730     0(0.00%) |     28       4     833     10 |   47.10        0.00

Type     Name                                                                          # reqs      # fails |    Avg     Min     Max    Med |   req/s  failures/s
--------|----------------------------------------------------------------------------|-------|-------------|-------|-------|-------|-------|--------|-----------
GET      /                                                                                 22     0(0.00%) |     29       8     309     12 |    1.80        0.00
GET      /cart                                                                            121     0(0.00%) |     26       4     827      8 |    7.60        0.00
POST     /cart [add]                                                                      160     0(0.00%) |     15       7     496     11 |   10.40        0.00
POST     /cart/checkout                                                                    58     0(0.00%) |     13       8      58     12 |    3.90        0.00
GET      /product/[id]                                                                    502     0(0.00%) |     27       4     833      8 |   32.00        0.00
POST     /setCurrency                                                                     103     0(0.00%) |     19       9     491     13 |    6.40        0.00
--------|----------------------------------------------------------------------------|-------|-------------|-------|-------|-------|-------|--------|-----------
         Aggregated                                                                       966     0(0.00%) |     23       4     833      9 |   62.10        0.00

Type     Name                                                                          # reqs      # fails |    Avg     Min     Max    Med |   req/s  failures/s
--------|----------------------------------------------------------------------------|-------|-------------|-------|-------|-------|-------|--------|-----------
GET      /                                                                                 29     0(0.00%) |     25       8     309     12 |    1.70        0.00
GET      /cart                                                                            155     0(0.00%) |     22       4     827      8 |   10.30        0.00
POST     /cart [add]                                                                      203     0(0.00%) |     14       7     496     11 |   13.30        0.00
POST     /cart/checkout                                                                    68     0(0.00%) |     12       8      58     12 |    4.80        0.00
GET      /product/[id]                                                                    633     0(0.00%) |     23       4     833      8 |   38.20        0.00
POST     /setCurrency                                                                     134     0(0.00%) |     18       9     491     13 |    8.40        0.00
--------|----------------------------------------------------------------------------|-------|-------------|-------|-------|-------|-------|--------|-----------
         Aggregated                                                                      1222     0(0.00%) |     20       4     833      9 |   76.70        0.00

Type     Name                                                                          # reqs      # fails |    Avg     Min     Max    Med |   req/s  failures/s
--------|----------------------------------------------------------------------------|-------|-------------|-------|-------|-------|-------|--------|-----------
GET      /                                                                                 38     0(0.00%) |     29       8     309     12 |    2.00        0.00
GET      /cart                                                                            188     0(0.00%) |     21       4     827      8 |   12.60        0.00
POST     /cart [add]                                                                      259     0(0.00%) |     15       7     496     11 |   15.20        0.00
POST     /cart/checkout                                                                    88     0(0.00%) |     15       8     204     12 |    5.00        0.00
GET      /product/[id]                                                                    776     0(0.00%) |     20       4     833      8 |   45.80        0.00
POST     /setCurrency                                                                     165     0(0.00%) |     19       9     491     13 |   10.60        0.00
--------|----------------------------------------------------------------------------|-------|-------------|-------|-------|-------|-------|--------|-----------
         Aggregated                                                                      1514     0(0.00%) |     19       4     833      9 |   91.20        0.00

Type     Name                                                                          # reqs      # fails |    Avg     Min     Max    Med |   req/s  failures/s
--------|----------------------------------------------------------------------------|-------|-------------|-------|-------|-------|-------|--------|-----------
GET      /                                                                                 47     0(0.00%) |     25       8     309     12 |    2.40        0.00
GET      /cart                                                                            239     0(0.00%) |     19       4     827      8 |   14.90        0.00
POST     /cart [add]                                                                      311     0(0.00%) |     14       7     496     11 |   19.30        0.00
POST     /cart/checkout                                                                   103     0(0.00%) |     14       8     204     12 |    6.70        0.00
GET      /product/[id]                                                                    942     0(0.00%) |     18       4     833      8 |   56.30        0.00
POST     /setCurrency                                                                     191     0(0.00%) |     19       9     491     13 |   12.90        0.00
--------|----------------------------------------------------------------------------|-------|-------------|-------|-------|-------|-------|--------|-----------
         Aggregated                                                                      1833     0(0.00%) |     18       4     833      9 |  112.50        0.00

Type     Name                                                                          # reqs      # fails |    Avg     Min     Max    Med |   req/s  failures/s
--------|----------------------------------------------------------------------------|-------|-------------|-------|-------|-------|-------|--------|-----------
GET      /                                                                                 51     0(0.00%) |     32       8     377     12 |    3.10        0.00
GET      /cart                                                                            263     0(0.00%) |     24       4     827      8 |   17.30        0.00
POST     /cart [add]                                                                      349     0(0.00%) |     42       6     899     11 |   20.90        0.00
POST     /cart/checkout                                                                   117     0(0.00%) |     20       8     204     12 |    6.60        0.00
GET      /product/[id]                                                                   1063     0(0.00%) |     32       4     914      8 |   64.10        0.00
POST     /setCurrency                                                                     217     0(0.00%) |     30       9     722     13 |   13.50        0.00
--------|----------------------------------------------------------------------------|-------|-------------|-------|-------|-------|-------|--------|-----------
         Aggregated                                                                      2060     0(0.00%) |     32       4     914     10 |  125.50        0.00

Type     Name                                                                          # reqs      # fails |    Avg     Min     Max    Med |   req/s  failures/s
--------|----------------------------------------------------------------------------|-------|-------------|-------|-------|-------|-------|--------|-----------
GET      /                                                                                 62     0(0.00%) |     28       8     377     12 |    2.90        0.00
GET      /cart                                                                            320     0(0.00%) |     22       4     827      8 |   17.00        0.00
POST     /cart [add]                                                                      408     0(0.00%) |     39       6     899     11 |   22.10        0.00
POST     /cart/checkout                                                                   139     0(0.00%) |     19       8     204     12 |    7.20        0.00
GET      /product/[id]                                                                   1258     0(0.00%) |     28       4     914      8 |   65.90        0.00
POST     /setCurrency                                                                     250     0(0.00%) |     28       9     722     13 |   13.90        0.00
--------|----------------------------------------------------------------------------|-------|-------------|-------|-------|-------|-------|--------|-----------
         Aggregated                                                                      2437     0(0.00%) |     29       4     914     10 |  129.00        0.00

Type     Name                                                                          # reqs      # fails |    Avg     Min     Max    Med |   req/s  failures/s
--------|----------------------------------------------------------------------------|-------|-------------|-------|-------|-------|-------|--------|-----------
GET      /                                                                                 71     0(0.00%) |     26       8     377     12 |    3.80        0.00
GET      /cart                                                                            369     0(0.00%) |     25       4     827      9 |   18.40        0.00
POST     /cart [add]                                                                      465     0(0.00%) |     39       6     899     11 |   24.30        0.00
POST     /cart/checkout                                                                   164     0(0.00%) |     25       8     204     13 |    8.10        0.00
GET      /product/[id]                                                                   1449     0(0.00%) |     29       4     914      8 |   74.60        0.00
POST     /setCurrency                                                                     282     0(0.00%) |     28       9     722     13 |   14.60        0.00
--------|----------------------------------------------------------------------------|-------|-------------|-------|-------|-------|-------|--------|-----------
         Aggregated                                                                      2800     0(0.00%) |     30       4     914     10 |  143.80        0.00

Type     Name                                                                          # reqs      # fails |    Avg     Min     Max    Med |   req/s  failures/s
--------|----------------------------------------------------------------------------|-------|-------------|-------|-------|-------|-------|--------|-----------
GET      /                                                                                 81     0(0.00%) |     25       8     377     12 |    4.10        0.00
GET      /cart                                                                            427     0(0.00%) |     26       4     827      9 |   20.80        0.00
POST     /cart [add]                                                                      526     0(0.00%) |     39       6     899     12 |   25.50        0.00
POST     /cart/checkout                                                                   191     0(0.00%) |     28       8     204     13 |    9.10        0.00
GET      /product/[id]                                                                   1638     0(0.00%) |     31       4     914      8 |   79.30        0.00
POST     /setCurrency                                                                     328     0(0.00%) |     26       9     722     14 |   14.60        0.00
--------|----------------------------------------------------------------------------|-------|-------------|-------|-------|-------|-------|--------|-----------
         Aggregated                                                                      3191     0(0.00%) |     31       4     914     10 |  153.40        0.00

Type     Name                                                                          # reqs      # fails |    Avg     Min     Max    Med |   req/s  failures/s
--------|----------------------------------------------------------------------------|-------|-------------|-------|-------|-------|-------|--------|-----------
GET      /                                                                                 93     0(0.00%) |     23       8     377     12 |    4.70        0.00
GET      /cart                                                                            485     0(0.00%) |     29       4     827      9 |   23.60        0.00
POST     /cart [add]                                                                      600     0(0.00%) |     41       6     899     13 |   26.20        0.00
POST     /cart/checkout                                                                   217     0(0.00%) |     33       8     204     13 |    9.70        0.00
GET      /product/[id]                                                                   1823     0(0.00%) |     33       4     914      9 |   83.70        0.00
POST     /setCurrency                                                                     368     0(0.00%) |     26       9     722     14 |   15.60        0.00
--------|----------------------------------------------------------------------------|-------|-------------|-------|-------|-------|-------|--------|-----------
         Aggregated                                                                      3586     0(0.00%) |     33       4     914     11 |  163.50        0.00

Type     Name                                                                          # reqs      # fails |    Avg     Min     Max    Med |   req/s  failures/s
--------|----------------------------------------------------------------------------|-------|-------------|-------|-------|-------|-------|--------|-----------
GET      /                                                                                102     0(0.00%) |     23       8     377     12 |    4.50        0.00
GET      /cart                                                                            511     0(0.00%) |     32       4     827      9 |   24.10        0.00
POST     /cart [add]                                                                      631     0(0.00%) |     43       6     899     13 |   28.70        0.00
POST     /cart/checkout                                                                   226     0(0.00%) |     36       8     204     13 |   11.30        0.00
GET      /product/[id]                                                                   1942     0(0.00%) |     37       4     969      9 |   88.20        0.00
POST     /setCurrency                                                                     392     0(0.00%) |     26       9     722     14 |   16.70        0.00
--------|----------------------------------------------------------------------------|-------|-------------|-------|-------|-------|-------|--------|-----------
         Aggregated                                                                      3804     0(0.00%) |     36       4     969     11 |  173.50        0.00

Type     Name                                                                          # reqs      # fails |    Avg     Min     Max    Med |   req/s  failures/s
--------|----------------------------------------------------------------------------|-------|-------------|-------|-------|-------|-------|--------|-----------
GET      /                                                                                112     0(0.00%) |     32       8     979     12 |    5.30        0.00
GET      /cart                                                                            569     0(0.00%) |     47       4     999     10 |   25.90        0.00
POST     /cart [add]                                                                      693     0(0.00%) |     65       6    1264     14 |   29.70        0.00
POST     /cart/checkout                                                                   243     0(0.00%) |     46       8    1202     14 |   11.20        0.00
GET      /product/[id]                                                                   2146     0(0.00%) |     56       4    1151      9 |   92.30        0.00
POST     /setCurrency                                                                     430     0(0.00%) |     31       9     898     14 |   18.60        0.00
--------|----------------------------------------------------------------------------|-------|-------------|-------|-------|-------|-------|--------|-----------
         Aggregated                                                                      4193     0(0.00%) |     53       4    1264     12 |  183.00        0.00

Type     Name                                                                          # reqs      # fails |    Avg     Min     Max    Med |   req/s  failures/s
--------|----------------------------------------------------------------------------|-------|-------------|-------|-------|-------|-------|--------|-----------
GET      /                                                                                118     0(0.00%) |     33       8     979     12 |    4.80        0.00
GET      /cart                                                                            627     0(0.00%) |     50       4     999     10 |   25.20        0.00
POST     /cart [add]                                                                      757     0(0.00%) |     68       6    1264     15 |   28.20        0.00
POST     /cart/checkout                                                                   269     0(0.00%) |     51       8    1202     15 |   10.20        0.00
GET      /product/[id]                                                                   2347     0(0.00%) |     59       4    1151     10 |   88.80        0.00
POST     /setCurrency                                                                     476     0(0.00%) |     31       9     898     14 |   17.50        0.00
--------|----------------------------------------------------------------------------|-------|-------------|-------|-------|-------|-------|--------|-----------
         Aggregated                                                                      4594     0(0.00%) |     55       4    1264     12 |  174.70        0.00

Type     Name                                                                          # reqs      # fails |    Avg     Min     Max    Med |   req/s  failures/s
--------|----------------------------------------------------------------------------|-------|-------------|-------|-------|-------|-------|--------|-----------
GET      /                                                                                125     0(0.00%) |     41       8     979     12 |    4.70        0.00
GET      /cart                                                                            654     0(0.00%) |     55       4     999     10 |   25.60        0.00
POST     /cart [add]                                                                      791     0(0.00%) |     75       6    1264     15 |   29.10        0.00
POST     /cart/checkout                                                                   279     0(0.00%) |     61       8    1202     16 |   11.00        0.00
GET      /product/[id]                                                                   2485     0(0.00%) |     71       4    1151     10 |   90.30        0.00
POST     /setCurrency                                                                     497     0(0.00%) |     38       9     898     14 |   19.40        0.00
--------|----------------------------------------------------------------------------|-------|-------------|-------|-------|-------|-------|--------|-----------
         Aggregated                                                                      4831     0(0.00%) |     65       4    1264     13 |  180.10        0.00

Type     Name                                                                          # reqs      # fails |    Avg     Min     Max    Med |   req/s  failures/s
--------|----------------------------------------------------------------------------|-------|-------------|-------|-------|-------|-------|--------|-----------
GET      /                                                                                131     0(0.00%) |     60       8     979     13 |    4.30        0.00
GET      /cart                                                                            679     0(0.00%) |     79       4    1033     11 |   23.70        0.00
POST     /cart [add]                                                                      820     0(0.00%) |    103       6    1283     16 |   27.50        0.00
POST     /cart/checkout                                                                   288     0(0.00%) |     87       8    1202     17 |    9.40        0.00
GET      /product/[id]                                                                   2582     0(0.00%) |     95       4    1151     11 |   88.00        0.00
POST     /setCurrency                                                                     518     0(0.00%) |     56       9    1063     15 |   18.30        0.00
--------|----------------------------------------------------------------------------|-------|-------------|-------|-------|-------|-------|--------|-----------
         Aggregated                                                                      5018     0(0.00%) |     88       4    1283     13 |  171.20        0.00

Type     Name                                                                          # reqs      # fails |    Avg     Min     Max    Med |   req/s  failures/s
--------|----------------------------------------------------------------------------|-------|-------------|-------|-------|-------|-------|--------|-----------
GET      /                                                                                143     0(0.00%) |     58       8     979     13 |    3.60        0.00
GET      /cart                                                                            734     0(0.00%) |     85       4    1033     12 |   19.60        0.00
POST     /cart [add]                                                                      881     0(0.00%) |    109       6    1283     17 |   22.90        0.00
POST     /cart/checkout                                                                   306     0(0.00%) |     93       8    1202     17 |    7.00        0.00
GET      /product/[id]                                                                   2796     0(0.00%) |     99       4    1151     12 |   75.50        0.00
POST     /setCurrency                                                                     557     0(0.00%) |     55       9    1063     15 |   15.20        0.00
--------|----------------------------------------------------------------------------|-------|-------------|-------|-------|-------|-------|--------|-----------
         Aggregated                                                                      5417     0(0.00%) |     92       4    1283     14 |  143.80        0.00

Type     Name                                                                          # reqs      # fails |    Avg     Min     Max    Med |   req/s  failures/s
--------|----------------------------------------------------------------------------|-------|-------------|-------|-------|-------|-------|--------|-----------
GET      /                                                                                159     0(0.00%) |     56       7     979     13 |    3.50        0.00
GET      /cart                                                                            787     0(0.00%) |     87       4    1033     13 |   20.50        0.00
POST     /cart [add]                                                                      958     0(0.00%) |    115       6    1283     21 |   23.60        0.00
POST     /cart/checkout                                                                   334     0(0.00%) |     99       8    1202     20 |    7.50        0.00
GET      /product/[id]                                                                   3013     0(0.00%) |    101       4    1151     13 |   78.80        0.00
POST     /setCurrency                                                                     596     0(0.00%) |     54       9    1063     15 |   16.00        0.00
--------|----------------------------------------------------------------------------|-------|-------------|-------|-------|-------|-------|--------|-----------
         Aggregated                                                                      5847     0(0.00%) |     95       4    1283     15 |  149.90        0.00

Type     Name                                                                          # reqs      # fails |    Avg     Min     Max    Med |   req/s  failures/s
--------|----------------------------------------------------------------------------|-------|-------------|-------|-------|-------|-------|--------|-----------
GET      /                                                                                169     0(0.00%) |     59       7     979     13 |    4.70        0.00
GET      /cart                                                                            827     0(0.00%) |     99       4    1033     16 |   22.20        0.00
POST     /cart [add]                                                                     1000     0(0.00%) |    124       6    1283     23 |   26.10        0.00
POST     /cart/checkout                                                                   355     0(0.00%) |    104       8    1202     22 |    9.00        0.00
GET      /product/[id]                                                                   3192     0(0.00%) |    113       4    1151     16 |   84.80        0.00
POST     /setCurrency                                                                     628     0(0.00%) |     57       9    1063     16 |   16.40        0.00
--------|----------------------------------------------------------------------------|-------|-------------|-------|-------|-------|-------|--------|-----------
         Aggregated                                                                      6171     0(0.00%) |    105       4    1283     17 |  163.20        0.00

Type     Name                                                                          # reqs      # fails |    Avg     Min     Max    Med |   req/s  failures/s
--------|----------------------------------------------------------------------------|-------|-------------|-------|-------|-------|-------|--------|-----------
GET      /                                                                                177     0(0.00%) |     58       7     979     13 |    4.80        0.00
GET      /cart                                                                            859     0(0.00%) |    101       4    1033     20 |   21.50        0.00
POST     /cart [add]                                                                     1048     0(0.00%) |    126       6    1283     25 |   26.30        0.00
POST     /cart/checkout                                                                   368     0(0.00%) |    108       8    1202     25 |    9.20        0.00
GET      /product/[id]                                                                   3325     0(0.00%) |    116       4    1151     19 |   87.90        0.00
POST     /setCurrency                                                                     657     0(0.00%) |     56       9    1063     16 |   16.20        0.00
--------|----------------------------------------------------------------------------|-------|-------------|-------|-------|-------|-------|--------|-----------
         Aggregated                                                                      6434     0(0.00%) |    107       4    1283     18 |  165.90        0.00

Type     Name                                                                          # reqs      # fails |    Avg     Min     Max    Med |   req/s  failures/s
--------|----------------------------------------------------------------------------|-------|-------------|-------|-------|-------|-------|--------|-----------
GET      /                                                                                195     0(0.00%) |     70       7    1047     14 |    5.40        0.00
GET      /cart                                                                            908     0(0.00%) |    112       4    1033     24 |   21.00        0.00
POST     /cart [add]                                                                     1132     0(0.00%) |    146       6    1373     30 |   26.10        0.00
POST     /cart/checkout                                                                   395     0(0.00%) |    122       8    1394     32 |    9.00        0.00
GET      /product/[id]                                                                   3541     0(0.00%) |    127       4    1151     24 |   86.70        0.00
POST     /setCurrency                                                                     710     0(0.00%) |     73       9    1098     16 |   16.20        0.00
--------|----------------------------------------------------------------------------|-------|-------------|-------|-------|-------|-------|--------|-----------
         Aggregated                                                                      6881     0(0.00%) |    121       4    1394     21 |  164.40        0.00

Type     Name                                                                          # reqs      # fails |    Avg     Min     Max    Med |   req/s  failures/s
--------|----------------------------------------------------------------------------|-------|-------------|-------|-------|-------|-------|--------|-----------
GET      /                                                                                206     0(0.00%) |     70       7    1047     14 |    6.20        0.00
GET      /cart                                                                            947     0(0.00%) |    116       4    1033     27 |   22.80        0.00
POST     /cart [add]                                                                     1185     0(0.00%) |    150       6    1373     36 |   29.60        0.00
POST     /cart/checkout                                                                   422     0(0.00%) |    128       8    1394     41 |   10.60        0.00
GET      /product/[id]                                                                   3687     0(0.00%) |    131       4    1151     28 |   94.70        0.00
POST     /setCurrency                                                                     740     0(0.00%) |     72       9    1098     16 |   19.30        0.00
--------|----------------------------------------------------------------------------|-------|-------------|-------|-------|-------|-------|--------|-----------
         Aggregated                                                                      7187     0(0.00%) |    124       4    1394     24 |  183.20        0.00

Type     Name                                                                          # reqs      # fails |    Avg     Min     Max    Med |   req/s  failures/s
--------|----------------------------------------------------------------------------|-------|-------------|-------|-------|-------|-------|--------|-----------
GET      /                                                                                223     0(0.00%) |     83       7    1047     15 |    6.90        0.00
GET      /cart                                                                           1003     0(0.00%) |    125       4    1033     32 |   23.00        0.00
POST     /cart [add]                                                                     1258     0(0.00%) |    166       6    1373     44 |   31.80        0.00
POST     /cart/checkout                                                                   453     0(0.00%) |    143       8    1394     62 |   11.90        0.00
GET      /product/[id]                                                                   3923     0(0.00%) |    141       4    1151     33 |   95.60        0.00
POST     /setCurrency                                                                     790     0(0.00%) |     77       9    1098     17 |   18.80        0.00
--------|----------------------------------------------------------------------------|-------|-------------|-------|-------|-------|-------|--------|-----------
         Aggregated                                                                      7650     0(0.00%) |    135       4    1394     28 |  188.00        0.00

Type     Name                                                                          # reqs      # fails |    Avg     Min     Max    Med |   req/s  failures/s
--------|----------------------------------------------------------------------------|-------|-------------|-------|-------|-------|-------|--------|-----------
GET      /                                                                                236     0(0.00%) |     80       7    1047     15 |    6.50        0.00
GET      /cart                                                                           1051     0(0.00%) |    130       4    1033     34 |   21.50        0.00
POST     /cart [add]                                                                     1329     0(0.00%) |    171       6    1373     51 |   30.50        0.00
POST     /cart/checkout                                                                   476     0(0.00%) |    149       8    1394     65 |   11.90        0.00
GET      /product/[id]                                                                   4167     0(0.00%) |    146       4    1151     37 |   90.30        0.00
POST     /setCurrency                                                                     841     0(0.00%) |     74       9    1098     17 |   19.60        0.00
--------|----------------------------------------------------------------------------|-------|-------------|-------|-------|-------|-------|--------|-----------
         Aggregated                                                                      8100     0(0.00%) |    139       4    1394     31 |  180.30        0.00

Type     Name                                                                          # reqs      # fails |    Avg     Min     Max    Med |   req/s  failures/s
--------|----------------------------------------------------------------------------|-------|-------------|-------|-------|-------|-------|--------|-----------
GET      /                                                                                250     0(0.00%) |     77       7    1047     15 |    6.70        0.00
GET      /cart                                                                           1107     0(0.00%) |    135       4    1033     37 |   21.40        0.00
POST     /cart [add]                                                                     1394     0(0.00%) |    178       6    1373     58 |   34.10        0.00
POST     /cart/checkout                                                                   503     0(0.00%) |    157       8    1394     77 |   12.50        0.00
GET      /product/[id]                                                                   4407     0(0.00%) |    152       4    1151     42 |   95.90        0.00
POST     /setCurrency                                                                     880     0(0.00%) |     74       9    1098     17 |   20.80        0.00
--------|----------------------------------------------------------------------------|-------|-------------|-------|-------|-------|-------|--------|-----------
         Aggregated                                                                      8541     0(0.00%) |    144       4    1394     35 |  191.40        0.00

Type     Name                                                                          # reqs      # fails |    Avg     Min     Max    Med |   req/s  failures/s
--------|----------------------------------------------------------------------------|-------|-------------|-------|-------|-------|-------|--------|-----------
GET      /                                                                                269     0(0.00%) |     77       7    1047     15 |    6.60        0.00
GET      /cart                                                                           1160     0(0.00%) |    143       4    1033     44 |   23.10        0.00
POST     /cart [add]                                                                     1461     0(0.00%) |    183       6    1373     64 |   32.90        0.00
POST     /cart/checkout                                                                   527     0(0.00%) |    164       8    1394     84 |   12.60        0.00
GET      /product/[id]                                                                   4645     0(0.00%) |    157       4    1151     47 |  100.50        0.00
POST     /setCurrency                                                                     931     0(0.00%) |     73       9    1098     18 |   21.00        0.00
--------|----------------------------------------------------------------------------|-------|-------------|-------|-------|-------|-------|--------|-----------
         Aggregated                                                                      8993     0(0.00%) |    149       4    1394     38 |  196.70        0.00

Type     Name                                                                          # reqs      # fails |    Avg     Min     Max    Med |   req/s  failures/s
--------|----------------------------------------------------------------------------|-------|-------------|-------|-------|-------|-------|--------|-----------
GET      /                                                                                282     0(0.00%) |     76       7    1047     16 |    7.20        0.00
GET      /cart                                                                           1224     0(0.00%) |    150       4    1033     50 |   24.80        0.00
POST     /cart [add]                                                                     1539     0(0.00%) |    188       6    1373     72 |   33.00        0.00
POST     /cart/checkout                                                                   557     0(0.00%) |    172       8    1394     91 |   13.40        0.00
GET      /product/[id]                                                                   4870     0(0.00%) |    162       4    1151     51 |  109.70        0.00
POST     /setCurrency                                                                     970     0(0.00%) |     73       9    1098     18 |   21.50        0.00
--------|----------------------------------------------------------------------------|-------|-------------|-------|-------|-------|-------|--------|-----------
         Aggregated                                                                      9442     0(0.00%) |    154       4    1394     44 |  209.60        0.00

Type     Name                                                                          # reqs      # fails |    Avg     Min     Max    Med |   req/s  failures/s
--------|----------------------------------------------------------------------------|-------|-------------|-------|-------|-------|-------|--------|-----------
GET      /                                                                                300     0(0.00%) |     75       7    1047     16 |    7.10        0.00
GET      /cart                                                                           1283     0(0.00%) |    157       4    1033     56 |   26.30        0.00
POST     /cart [add]                                                                     1609     0(0.00%) |    194       6    1373     76 |   33.40        0.00
POST     /cart/checkout                                                                   588     0(0.00%) |    180       8    1394     93 |   12.80        0.00
GET      /product/[id]                                                                   5122     0(0.00%) |    167       4    1151     53 |  111.90        0.00
POST     /setCurrency                                                                    1023     0(0.00%) |     72       9    1098     18 |   21.90        0.00
--------|----------------------------------------------------------------------------|-------|-------------|-------|-------|-------|-------|--------|-----------
         Aggregated                                                                      9925     0(0.00%) |    158       4    1394     48 |  213.40        0.00

Type     Name                                                                          # reqs      # fails |    Avg     Min     Max    Med |   req/s  failures/s
--------|----------------------------------------------------------------------------|-------|-------------|-------|-------|-------|-------|--------|-----------
GET      /                                                                                312     0(0.00%) |     77       7    1047     17 |    7.40        0.00
GET      /cart                                                                           1335     0(0.00%) |    163       4    1033     62 |   27.60        0.00
POST     /cart [add]                                                                     1673     0(0.00%) |    199       6    1373     81 |   35.10        0.00
POST     /cart/checkout                                                                   603     0(0.00%) |    183       8    1394     94 |   13.30        0.00
GET      /product/[id]                                                                   5358     0(0.00%) |    173       4    1151     60 |  119.10        0.00
POST     /setCurrency                                                                    1072     0(0.00%) |     74       9    1098     19 |   22.90        0.00
--------|----------------------------------------------------------------------------|-------|-------------|-------|-------|-------|-------|--------|-----------
         Aggregated                                                                     10353     0(0.00%) |    164       4    1394     52 |  225.40        0.00

Type     Name                                                                          # reqs      # fails |    Avg     Min     Max    Med |   req/s  failures/s
--------|----------------------------------------------------------------------------|-------|-------------|-------|-------|-------|-------|--------|-----------
GET      /                                                                                328     0(0.00%) |     77       7    1047     17 |    7.60        0.00
GET      /cart                                                                           1395     0(0.00%) |    170       4    1033     68 |   28.40        0.00
POST     /cart [add]                                                                     1752     0(0.00%) |    204       6    1373     89 |   33.50        0.00
POST     /cart/checkout                                                                   641     0(0.00%) |    193       8    1394     95 |   13.00        0.00
GET      /product/[id]                                                                   5607     0(0.00%) |    179       4    1151     65 |  120.90        0.00
POST     /setCurrency                                                                    1135     0(0.00%) |     73       9    1098     20 |   23.20        0.00
--------|----------------------------------------------------------------------------|-------|-------------|-------|-------|-------|-------|--------|-----------
         Aggregated                                                                     10858     0(0.00%) |    169       4    1394     57 |  226.60        0.00

Type     Name                                                                          # reqs      # fails |    Avg     Min     Max    Med |   req/s  failures/s
--------|----------------------------------------------------------------------------|-------|-------------|-------|-------|-------|-------|--------|-----------
GET      /                                                                                341     0(0.00%) |     78       7    1047     19 |    7.70        0.00
GET      /cart                                                                           1449     0(0.00%) |    177       4    1033     72 |   28.90        0.00
POST     /cart [add]                                                                     1823     0(0.00%) |    209       6    1373     96 |   35.50        0.00
POST     /cart/checkout                                                                   660     0(0.00%) |    196       8    1394     96 |   13.90        0.00
GET      /product/[id]                                                                   5865     0(0.00%) |    185       4    1151     72 |  119.90        0.00
POST     /setCurrency                                                                    1191     0(0.00%) |     74       8    1098     20 |   24.70        0.00
--------|----------------------------------------------------------------------------|-------|-------------|-------|-------|-------|-------|--------|-----------
         Aggregated                                                                     11329     0(0.00%) |    174       4    1394     62 |  230.60        0.00

Type     Name                                                                          # reqs      # fails |    Avg     Min     Max    Med |   req/s  failures/s
--------|----------------------------------------------------------------------------|-------|-------------|-------|-------|-------|-------|--------|-----------
GET      /                                                                                364     0(0.00%) |     76       7    1047     19 |    7.70        0.00
GET      /cart                                                                           1511     0(0.00%) |    182       4    1033     77 |   29.20        0.00
POST     /cart [add]                                                                     1885     0(0.00%) |    212       6    1373    100 |   36.30        0.00
POST     /cart/checkout                                                                   685     0(0.00%) |    199       8    1394     96 |   13.60        0.00
GET      /product/[id]                                                                   6152     0(0.00%) |    191       4    1151     76 |  122.00        0.00
POST     /setCurrency                                                                    1241     0(0.00%) |     74       8    1098     21 |   26.70        0.00
--------|----------------------------------------------------------------------------|-------|-------------|-------|-------|-------|-------|--------|-----------
         Aggregated                                                                     11838     0(0.00%) |    178       4    1394     67 |  235.50        0.00

Type     Name                                                                          # reqs      # fails |    Avg     Min     Max    Med |   req/s  failures/s
--------|----------------------------------------------------------------------------|-------|-------------|-------|-------|-------|-------|--------|-----------
GET      /                                                                                379     3(0.79%) |     77       7    1047     23 |    8.30        0.00
GET      /cart                                                                           1577     4(0.25%) |    188       4    1033     83 |   28.40        0.00
POST     /cart [add]                                                                     1962     3(0.15%) |    219       6    1373    110 |   34.60        0.00
POST     /cart/checkout                                                                   715     3(0.42%) |    207       6    1394     98 |   12.90        0.00
GET      /product/[id]                                                                   6433    14(0.22%) |    195       4    1151     80 |  126.50        0.00
POST     /setCurrency                                                                    1298     2(0.15%) |     75       8    1098     22 |   26.60        0.00
--------|----------------------------------------------------------------------------|-------|-------------|-------|-------|-------|-------|--------|-----------
         Aggregated                                                                     12364    29(0.23%) |    182       4    1394     72 |  237.30        0.00

Type     Name                                                                          # reqs      # fails |    Avg     Min     Max    Med |   req/s  failures/s
--------|----------------------------------------------------------------------------|-------|-------------|-------|-------|-------|-------|--------|-----------
GET      /                                                                                399     3(0.75%) |     81       7    1047     25 |    7.60        0.00
GET      /cart                                                                           1630     4(0.25%) |    193       4    1033     90 |   29.10        0.00
POST     /cart [add]                                                                     2046     3(0.15%) |    225       6    1373    120 |   34.60        0.00
POST     /cart/checkout                                                                   742     6(0.81%) |    210       5    1394    100 |   13.10        0.00
GET      /product/[id]                                                                   6701    14(0.21%) |    200       4    1151     86 |  129.50        0.00
POST     /setCurrency                                                                    1348     2(0.15%) |     79       8    1098     24 |   27.30        0.00
--------|----------------------------------------------------------------------------|-------|-------------|-------|-------|-------|-------|--------|-----------
         Aggregated                                                                     12866    32(0.25%) |    187       4    1394     77 |  241.20        0.00

Type     Name                                                                          # reqs      # fails |    Avg     Min     Max    Med |   req/s  failures/s
--------|----------------------------------------------------------------------------|-------|-------------|-------|-------|-------|-------|--------|-----------
GET      /                                                                                420     3(0.71%) |     83       7    1047     27 |    8.70        0.30
GET      /cart                                                                           1697     4(0.24%) |    197       4    1033     97 |   29.50        0.40
POST     /cart [add]                                                                     2126     3(0.14%) |    229       6    1373    130 |   36.20        0.30
POST     /cart/checkout                                                                   772     6(0.78%) |    215       5    1394    100 |   13.60        0.60
GET      /product/[id]                                                                   7010    14(0.20%) |    202       4    1151     93 |  131.00        1.40
POST     /setCurrency                                                                    1410     2(0.14%) |     81       8    1098     27 |   27.30        0.20
--------|----------------------------------------------------------------------------|-------|-------------|-------|-------|-------|-------|--------|-----------
         Aggregated                                                                     13435    32(0.24%) |    190       4    1394     82 |  246.30        3.20

Type     Name                                                                          # reqs      # fails |    Avg     Min     Max    Med |   req/s  failures/s
--------|----------------------------------------------------------------------------|-------|-------------|-------|-------|-------|-------|--------|-----------
GET      /                                                                                438     3(0.68%) |     88       7    1047     31 |    9.50        0.30
GET      /cart                                                                           1766     4(0.23%) |    201       4    1033    100 |   30.10        0.40
POST     /cart [add]                                                                     2222     3(0.14%) |    234       6    1373    150 |   36.10        0.30
POST     /cart/checkout                                                                   806     6(0.74%) |    221       5    1394    110 |   13.10        0.60
GET      /product/[id]                                                                   7279    14(0.19%) |    205       4    1151     99 |  139.00        1.40
POST     /setCurrency                                                                    1467     2(0.14%) |     84       8    1098     31 |   27.90        0.20
--------|----------------------------------------------------------------------------|-------|-------------|-------|-------|-------|-------|--------|-----------
         Aggregated                                                                     13978    32(0.23%) |    194       4    1394     88 |  255.70        3.20

Type     Name                                                                          # reqs      # fails |    Avg     Min     Max    Med |   req/s  failures/s
--------|----------------------------------------------------------------------------|-------|-------------|-------|-------|-------|-------|--------|-----------
GET      /                                                                                457     3(0.66%) |     95       7    1047     38 |    9.80        0.30
GET      /cart                                                                           1823     4(0.22%) |    205       4    1033    110 |   31.10        0.40
POST     /cart [add]                                                                     2321     3(0.13%) |    240       6    1373    160 |   39.50        0.30
POST     /cart/checkout                                                                   839     6(0.72%) |    228       5    1394    130 |   13.80        0.60
GET      /product/[id]                                                                   7534    14(0.19%) |    209       4    1151    110 |  140.10        1.40
POST     /setCurrency                                                                    1530     2(0.13%) |     92       8    1098     35 |   27.70        0.20
--------|----------------------------------------------------------------------------|-------|-------------|-------|-------|-------|-------|--------|-----------
         Aggregated                                                                     14504    32(0.22%) |    198       4    1394     95 |  262.00        3.20

Type     Name                                                                          # reqs      # fails |    Avg     Min     Max    Med |   req/s  failures/s
--------|----------------------------------------------------------------------------|-------|-------------|-------|-------|-------|-------|--------|-----------
GET      /                                                                                472     3(0.64%) |     99       7    1047     43 |    9.20        0.30
GET      /cart                                                                           1891     4(0.21%) |    209       4    1033    120 |   31.60        0.40
POST     /cart [add]                                                                     2414     3(0.12%) |    244       6    1373    170 |   42.70        0.30
POST     /cart/checkout                                                                   882     6(0.68%) |    234       5    1394    150 |   15.50        0.60
GET      /product/[id]                                                                   7817    14(0.18%) |    211       4    1151    110 |  139.90        1.40
POST     /setCurrency                                                                    1609     2(0.12%) |     96       8    1098     39 |   28.80        0.20
--------|----------------------------------------------------------------------------|-------|-------------|-------|-------|-------|-------|--------|-----------
         Aggregated                                                                     15085    32(0.21%) |    202       4    1394    100 |  267.70        3.20

Type     Name                                                                          # reqs      # fails |    Avg     Min     Max    Med |   req/s  failures/s
--------|----------------------------------------------------------------------------|-------|-------------|-------|-------|-------|-------|--------|-----------
GET      /                                                                                480     3(0.62%) |     99       7    1047     44 |    9.70        0.30
GET      /cart                                                                           1945     4(0.21%) |    213       4    1033    120 |   31.50        0.40
POST     /cart [add]                                                                     2477     3(0.12%) |    246       6    1373    170 |   44.80        0.30
POST     /cart/checkout                                                                   900     6(0.67%) |    238       5    1394    160 |   16.00        0.60
GET      /product/[id]                                                                   8051    14(0.17%) |    216       4    1151    120 |  140.10        1.40
POST     /setCurrency                                                                    1646     2(0.12%) |     97       8    1098     42 |   30.30        0.20
--------|----------------------------------------------------------------------------|-------|-------------|-------|-------|-------|-------|--------|-----------
         Aggregated                                                                     15499    32(0.21%) |    205       4    1394    100 |  272.40        3.20

Type     Name                                                                          # reqs      # fails |    Avg     Min     Max    Med |   req/s  failures/s
--------|----------------------------------------------------------------------------|-------|-------------|-------|-------|-------|-------|--------|-----------
GET      /                                                                                496     3(0.60%) |    111       7    1047     50 |    8.60        0.00
GET      /cart                                                                           2009     4(0.20%) |    220       4    1033    130 |   32.50        0.00
POST     /cart [add]                                                                     2580     3(0.12%) |    259       6    1822    180 |   45.90        0.00
POST     /cart/checkout                                                                   932     6(0.64%) |    246       5    1394    180 |   16.20        0.00
GET      /product/[id]                                                                   8336    14(0.17%) |    223       4    1201    130 |  141.40        0.00
POST     /setCurrency                                                                    1710     2(0.12%) |    107       8    1098     47 |   31.50        0.00
--------|----------------------------------------------------------------------------|-------|-------------|-------|-------|-------|-------|--------|-----------
         Aggregated                                                                     16063    32(0.20%) |    214       4    1822    110 |  276.10        0.00

Type     Name                                                                          # reqs      # fails |    Avg     Min     Max    Med |   req/s  failures/s
--------|----------------------------------------------------------------------------|-------|-------------|-------|-------|-------|-------|--------|-----------
GET      /                                                                                510     3(0.59%) |    113       7    1047     54 |    7.70        0.00
GET      /cart                                                                           2086     4(0.19%) |    223       4    1033    140 |   31.00        0.00
POST     /cart [add]                                                                     2658     3(0.11%) |    262       6    1822    190 |   45.40        0.00
POST     /cart/checkout                                                                   961     6(0.62%) |    249       5    1394    190 |   15.10        0.00
GET      /product/[id]                                                                   8646    14(0.16%) |    227       4    1201    140 |  133.50        0.00
POST     /setCurrency                                                                    1765     2(0.11%) |    109       8    1098     51 |   29.40        0.00
--------|----------------------------------------------------------------------------|-------|-------------|-------|-------|-------|-------|--------|-----------
         Aggregated                                                                     16626    32(0.19%) |    217       4    1822    120 |  262.10        0.00

Type     Name                                                                          # reqs      # fails |    Avg     Min     Max    Med |   req/s  failures/s
--------|----------------------------------------------------------------------------|-------|-------------|-------|-------|-------|-------|--------|-----------
GET      /                                                                                523     3(0.57%) |    115       7    1047     55 |    7.30        0.00
GET      /cart                                                                           2150     4(0.19%) |    230       4    1033    150 |   33.20        0.00
POST     /cart [add]                                                                     2751     3(0.11%) |    268       6    1822    200 |   45.20        0.00
POST     /cart/checkout                                                                   990     6(0.61%) |    255       5    1394    190 |   16.00        0.00
GET      /product/[id]                                                                   8948    14(0.16%) |    231       4    1201    140 |  136.30        0.00
POST     /setCurrency                                                                    1823     2(0.11%) |    112       8    1098     56 |   29.20        0.00
--------|----------------------------------------------------------------------------|-------|-------------|-------|-------|-------|-------|--------|-----------
         Aggregated                                                                     17185    32(0.19%) |    222       4    1822    130 |  267.20        0.00

Type     Name                                                                          # reqs      # fails |    Avg     Min     Max    Med |   req/s  failures/s
--------|----------------------------------------------------------------------------|-------|-------------|-------|-------|-------|-------|--------|-----------
GET      /                                                                                542     3(0.55%) |    119       7    1047     60 |    6.70        0.00
GET      /cart                                                                           2237     4(0.18%) |    234       4    1033    160 |   32.50        0.00
POST     /cart [add]                                                                     2856     3(0.11%) |    274       6    1822    210 |   42.80        0.00
POST     /cart/checkout                                                                  1032     6(0.58%) |    262       5    1394    190 |   14.90        0.00
GET      /product/[id]                                                                   9233    14(0.15%) |    235       4    1201    150 |  139.30        0.00
POST     /setCurrency                                                                    1874     2(0.11%) |    114       8    1098     59 |   29.80        0.00
--------|----------------------------------------------------------------------------|-------|-------------|-------|-------|-------|-------|--------|-----------
         Aggregated                                                                     17774    32(0.18%) |    227       4    1822    130 |  266.00        0.00

Type     Name                                                                          # reqs      # fails |    Avg     Min     Max    Med |   req/s  failures/s
--------|----------------------------------------------------------------------------|-------|-------------|-------|-------|-------|-------|--------|-----------
GET      /                                                                                558     3(0.54%) |    121       7    1047     62 |    6.60        0.00
GET      /cart                                                                           2297     4(0.17%) |    239       4    1033    160 |   34.80        0.00
POST     /cart [add]                                                                     2943     3(0.10%) |    279       6    1822    210 |   43.30        0.00
POST     /cart/checkout                                                                  1070     6(0.56%) |    269       5    1394    190 |   14.70        0.00
GET      /product/[id]                                                                   9505    14(0.15%) |    240       4    1201    150 |  140.30        0.00
POST     /setCurrency                                                                    1931     2(0.10%) |    116       8    1098     63 |   27.90        0.00
--------|----------------------------------------------------------------------------|-------|-------------|-------|-------|-------|-------|--------|-----------
         Aggregated                                                                     18304    32(0.17%) |    231       4    1822    140 |  267.60        0.00

Type     Name                                                                          # reqs      # fails |    Avg     Min     Max    Med |   req/s  failures/s
--------|----------------------------------------------------------------------------|-------|-------------|-------|-------|-------|-------|--------|-----------
GET      /                                                                                570    12(2.11%) |    122       1    1047     61 |    7.40        0.00
GET      /cart                                                                           2340    33(1.41%) |    240       1    1033    160 |   34.20        0.00
POST     /cart [add]                                                                     3021    46(1.52%) |    282       3    1822    210 |   45.10        0.00
POST     /cart/checkout                                                                  1083    15(1.39%) |    275       5    1394    200 |   16.50        0.00
GET      /product/[id]                                                                   9700   132(1.36%) |    241       1    1201    150 |  140.20        0.00
POST     /setCurrency                                                                    1963    20(1.02%) |    119       3    1098     63 |   27.00        0.00
--------|----------------------------------------------------------------------------|-------|-------------|-------|-------|-------|-------|--------|-----------
         Aggregated                                                                     18677   258(1.38%) |    233       1    1822    140 |  270.40        0.00

Type     Name                                                                          # reqs      # fails |    Avg     Min     Max    Med |   req/s  failures/s
--------|----------------------------------------------------------------------------|-------|-------------|-------|-------|-------|-------|--------|-----------
GET      /                                                                                571    13(2.28%) |    122       1    1047     61 |    7.30        0.40
GET      /cart                                                                           2360    37(1.57%) |    250       0    2884    160 |   33.50        1.40
POST     /cart [add]                                                                     3053    64(2.10%) |    291       3    3390    210 |   45.20        2.10
POST     /cart/checkout                                                                  1092    15(1.37%) |    293       5    3265    200 |   16.80        0.90
GET      /product/[id]                                                                   9835   161(1.64%) |    253       0    2098    160 |  138.90        6.10
POST     /setCurrency                                                                    1965    22(1.12%) |    119       1    1098     62 |   26.60        0.80
--------|----------------------------------------------------------------------------|-------|-------------|-------|-------|-------|-------|--------|-----------
         Aggregated                                                                     18876   312(1.65%) |    243       0    3390    140 |  268.30       11.70

Type     Name                                                                          # reqs      # fails |    Avg     Min     Max    Med |   req/s  failures/s
--------|----------------------------------------------------------------------------|-------|-------------|-------|-------|-------|-------|--------|-----------
GET      /                                                                                590    13(2.20%) |    221       1    4680     66 |    6.20        1.00
GET      /cart                                                                           2403    37(1.54%) |    267       0    3768    170 |   28.10        3.30
POST     /cart [add]                                                                     3126    64(2.05%) |    330       3    4352    220 |   40.10        6.10
POST     /cart/checkout                                                                  1125    15(1.33%) |    313       5    3265    210 |   13.70        0.90
GET      /product/[id]                                                                  10042   161(1.60%) |    261       0    2098    170 |  125.90       14.70
POST     /setCurrency                                                                    1999    22(1.10%) |    170       1    4615     65 |   21.70        2.00
--------|----------------------------------------------------------------------------|-------|-------------|-------|-------|-------|-------|--------|-----------
         Aggregated                                                                     19285   312(1.62%) |    265       0    4680    150 |  235.70       28.00

Type     Name                                                                          # reqs      # fails |    Avg     Min     Max    Med |   req/s  failures/s
--------|----------------------------------------------------------------------------|-------|-------------|-------|-------|-------|-------|--------|-----------
GET      /                                                                                615    13(2.11%) |    261       1    4680     71 |    6.30        1.00
GET      /cart                                                                           2490    37(1.49%) |    274       0    3768    190 |   25.30        3.30
POST     /cart [add]                                                                     3216    64(1.99%) |    337       3    4352    240 |   39.00        6.10
POST     /cart/checkout                                                                  1149    15(1.31%) |    320       5    3265    230 |   13.50        0.90
GET      /product/[id]                                                                  10288   161(1.56%) |    263       0    2098    180 |  110.10       14.70
POST     /setCurrency                                                                    2051    22(1.07%) |    194       1    4615     71 |   17.00        2.00
--------|----------------------------------------------------------------------------|-------|-------------|-------|-------|-------|-------|--------|-----------
         Aggregated                                                                     19809   312(1.58%) |    272       0    4680    160 |  211.20       28.00

Type     Name                                                                          # reqs      # fails |    Avg     Min     Max    Med |   req/s  failures/s
--------|----------------------------------------------------------------------------|-------|-------------|-------|-------|-------|-------|--------|-----------
GET      /                                                                                635    13(2.05%) |    275       1    4680     75 |    8.00        1.00
GET      /cart                                                                           2555    37(1.45%) |    278       0    3768    200 |   24.80        3.30
POST     /cart [add]                                                                     3317    64(1.93%) |    342       3    4352    260 |   36.70        6.10
POST     /cart/checkout                                                                  1183    15(1.27%) |    329       5    3265    280 |   12.50        0.90
GET      /product/[id]                                                                  10568   161(1.52%) |    266       0    2098    190 |  107.40       14.70
POST     /setCurrency                                                                    2105    22(1.05%) |    207       1    4615     74 |   18.20        2.00
--------|----------------------------------------------------------------------------|-------|-------------|-------|-------|-------|-------|--------|-----------
         Aggregated                                                                     20363   312(1.53%) |    278       0    4680    170 |  207.60       28.00

Type     Name                                                                          # reqs      # fails |    Avg     Min     Max    Med |   req/s  failures/s
--------|----------------------------------------------------------------------------|-------|-------------|-------|-------|-------|-------|--------|-----------
GET      /                                                                                647    13(2.01%) |    282       1    4680     78 |    7.50        1.00
GET      /cart                                                                           2625    37(1.41%) |    284       0    3768    220 |   25.80        3.30
POST     /cart [add]                                                                     3402    64(1.88%) |    348       3    4352    270 |   36.80        6.10
POST     /cart/checkout                                                                  1227    15(1.22%) |    338       5    3265    290 |   10.90        0.90
GET      /product/[id]                                                                  10852   161(1.48%) |    269       0    2098    200 |  105.80       14.70
POST     /setCurrency                                                                    2159    22(1.02%) |    219       1    4615     79 |   17.80        2.00
--------|----------------------------------------------------------------------------|-------|-------------|-------|-------|-------|-------|--------|-----------
         Aggregated                                                                     20912   312(1.49%) |    283       0    4680    180 |  204.60       28.00

Type     Name                                                                          # reqs      # fails |    Avg     Min     Max    Med |   req/s  failures/s
--------|----------------------------------------------------------------------------|-------|-------------|-------|-------|-------|-------|--------|-----------
GET      /                                                                                667    13(1.95%) |    294       1    4680     83 |    7.90        0.60
GET      /cart                                                                           2684    37(1.38%) |    288       0    3768    230 |   28.10        1.90
POST     /cart [add]                                                                     3498    64(1.83%) |    354       3    4352    290 |   38.00        4.00
POST     /cart/checkout                                                                  1257    15(1.19%) |    345       5    3265    300 |   13.80        0.00
GET      /product/[id]                                                                  11151   161(1.44%) |    272       0    2098    210 |  112.30        8.60
POST     /setCurrency                                                                    2214    22(0.99%) |    232       1    4615     81 |   19.60        1.20
--------|----------------------------------------------------------------------------|-------|-------------|-------|-------|-------|-------|--------|-----------
         Aggregated                                                                     21471   312(1.45%) |    288       0    4680    190 |  219.70       16.30

Type     Name                                                                          # reqs      # fails |    Avg     Min     Max    Med |   req/s  failures/s
--------|----------------------------------------------------------------------------|-------|-------------|-------|-------|-------|-------|--------|-----------
GET      /                                                                                684    13(1.90%) |    306       1    4680     87 |    9.10        0.00
GET      /cart                                                                           2755    37(1.34%) |    295       0    3768    240 |   31.00        0.00
POST     /cart [add]                                                                     3573    64(1.79%) |    359       3    4352    300 |   42.20        0.00
POST     /cart/checkout                                                                  1288    15(1.16%) |    352       5    3265    300 |   15.60        0.00
GET      /product/[id]                                                                  11424   161(1.41%) |    277       0    2098    220 |  124.00        0.00
POST     /setCurrency                                                                    2273    22(0.97%) |    244       1    4615     85 |   23.40        0.00
--------|----------------------------------------------------------------------------|-------|-------------|-------|-------|-------|-------|--------|-----------
         Aggregated                                                                     21997   312(1.42%) |    295       0    4680    200 |  245.30        0.00

Type     Name                                                                          # reqs      # fails |    Avg     Min     Max    Med |   req/s  failures/s
--------|----------------------------------------------------------------------------|-------|-------------|-------|-------|-------|-------|--------|-----------
GET      /                                                                                705    13(1.84%) |    315       1    4680     94 |    9.70        0.00
GET      /cart                                                                           2815    37(1.31%) |    301       0    3768    250 |   34.60        0.00
POST     /cart [add]                                                                     3653    64(1.75%) |    364       3    4352    310 |   43.80        0.00
POST     /cart/checkout                                                                  1315    15(1.14%) |    356       5    3265    300 |   16.40        0.00
GET      /product/[id]                                                                  11702   161(1.38%) |    282       0    2098    230 |  137.50        0.00
POST     /setCurrency                                                                    2331    22(0.94%) |    254       1    4615     89 |   27.50        0.00
--------|----------------------------------------------------------------------------|-------|-------------|-------|-------|-------|-------|--------|-----------
         Aggregated                                                                     22521   312(1.39%) |    300       0    4680    210 |  269.50        0.00

Type     Name                                                                          # reqs      # fails |    Avg     Min     Max    Med |   req/s  failures/s
--------|----------------------------------------------------------------------------|-------|-------------|-------|-------|-------|-------|--------|-----------
GET      /                                                                                722    13(1.80%) |    322       1    4680     99 |    8.90        0.00
GET      /cart                                                                           2881    37(1.28%) |    305       0    3768    250 |   33.80        0.00
POST     /cart [add]                                                                     3722    64(1.72%) |    369       3    4352    310 |   44.30        0.00
POST     /cart/checkout                                                                  1345    15(1.12%) |    368       5    3265    300 |   16.80        0.00
GET      /product/[id]                                                                  11990   161(1.34%) |    289       0    2098    240 |  139.20        0.00
POST     /setCurrency                                                                    2376    22(0.93%) |    260       1    4615     92 |   28.00        0.00
--------|----------------------------------------------------------------------------|-------|-------------|-------|-------|-------|-------|--------|-----------
         Aggregated                                                                     23036   312(1.35%) |    307       0    4680    220 |  271.00        0.00

Type     Name                                                                          # reqs      # fails |    Avg     Min     Max    Med |   req/s  failures/s
--------|----------------------------------------------------------------------------|-------|-------------|-------|-------|-------|-------|--------|-----------
GET      /                                                                                735    13(1.77%) |    325       1    4680    110 |    6.13        0.11
GET      /cart                                                                           2944    37(1.26%) |    310       0    3768    260 |   24.55        0.31
POST     /cart [add]                                                                     3824    64(1.67%) |    373       3    4352    320 |   31.89        0.53
POST     /cart/checkout                                                                  1374    15(1.09%) |    373       5    3265    300 |   11.46        0.13
GET      /product/[id]                                                                  12262   161(1.31%) |    292       0    2098    240 |  102.27        1.34
POST     /setCurrency                                                                    2420    22(0.91%) |    264       1    4615     95 |   20.18        0.18
--------|----------------------------------------------------------------------------|-------|-------------|-------|-------|-------|-------|--------|-----------
         Aggregated                                                                     23559   312(1.32%) |    310       0    4680    230 |  196.50        2.60

Response time percentiles (approximated)
Type     Name                                                                                  50%    66%    75%    80%    90%    95%    98%    99%  99.9% 99.99%   100% # reqs
--------|--------------------------------------------------------------------------------|--------|------|------|------|------|------|------|------|------|------|------|------
GET      /                                                                                     110    250    450    560    790   1200   2500   3700   4700   4700   4700    735
GET      /cart                                                                                 260    420    490    530    640    780    890   1300   3500   3800   3800   2944
POST     /cart [add]                                                                           320    460    540    580    750    920   1300   2100   4000   4400   4400   3824
POST     /cart/checkout                                                                        300    490    540    600    800   1000   1200   1600   3200   3300   3300   1374
GET      /product/[id]                                                                         240    410    480    510    600    720    930   1100   1900   2100   2100  12262
POST     /setCurrency                                                                           96    180    340    480    720    880   1400   2600   4500   4600   4600   2420
--------|--------------------------------------------------------------------------------|--------|------|------|------|------|------|------|------|------|------|------|------
         Aggregated                                                                            230    410    490    530    660    810   1100   1400   3900   4600   4700  23559

Error report
# occurrences      Error                                                                                               
------------------|---------------------------------------------------------------------------------------------------------------------------------------------
161                GET /product/[id]: HTTPError('500 Server Error: Internal Server Error for url: /product/[id]')      
37                 GET /cart: HTTPError('500 Server Error: Internal Server Error for url: /cart')                      
22                 POST /setCurrency: HTTPError('500 Server Error: Internal Server Error for url: /setCurrency')       
13                 GET /: HTTPError('500 Server Error: Internal Server Error for url: /')                              
37                 POST /cart [add]: HTTPError('500 Server Error: Internal Server Error for url: /cart [add]')         
27                 POST /cart [add]: add falhou (500), skip checkout                                                   
15                 POST /cart/checkout: HTTPError('500 Server Error: Internal Server Error for url: /cart/checkout')   
------------------|---------------------------------------------------------------------------------------------------------------------------------------------

