/Users/edias/Library/Python/3.9/lib/python/site-packages/urllib3/__init__.py:35: NotOpenSSLWarning: urllib3 v2 only supports OpenSSL 1.1.1+, currently the 'ssl' module is compiled with 'LibreSSL 2.8.3'. See: https://github.com/urllib3/urllib3/issues/3020
  warnings.warn(
[2026-05-21 10:24:50,213] MacBook-Air-de-Eduardo/WARNING/locust.main: Python 3.9 support is deprecated and will be removed soon
Type     Name                                                                          # reqs      # fails |    Avg     Min     Max    Med |   req/s  failures/s
--------|----------------------------------------------------------------------------|-------|-------------|-------|-------|-------|-------|--------|-----------
--------|----------------------------------------------------------------------------|-------|-------------|-------|-------|-------|-------|--------|-----------
         Aggregated                                                                         0     0(0.00%) |      0       0       0      0 |    0.00        0.00

Type     Name                                                                          # reqs      # fails |    Avg     Min     Max    Med |   req/s  failures/s
--------|----------------------------------------------------------------------------|-------|-------------|-------|-------|-------|-------|--------|-----------
GET      /                                                                                  1     0(0.00%) |     23      23      23     23 |    0.00        0.00
GET      /cart                                                                              3     0(0.00%) |     20      15      23     23 |    0.00        0.00
POST     /cart [add]                                                                        3     0(0.00%) |     27      21      30     29 |    0.00        0.00
POST     /cart/checkout                                                                     1     0(0.00%) |     19      19      19     19 |    0.00        0.00
GET      /product/[id]                                                                     16     0(0.00%) |     19      14      28     18 |    0.00        0.00
POST     /setCurrency                                                                       2     0(0.00%) |     42      30      53     30 |    0.00        0.00
--------|----------------------------------------------------------------------------|-------|-------------|-------|-------|-------|-------|--------|-----------
         Aggregated                                                                        26     0(0.00%) |     22      14      53     20 |    0.00        0.00

Type     Name                                                                          # reqs      # fails |    Avg     Min     Max    Med |   req/s  failures/s
--------|----------------------------------------------------------------------------|-------|-------------|-------|-------|-------|-------|--------|-----------
GET      /                                                                                  1     0(0.00%) |     23      23      23     23 |    0.00        0.00
GET      /cart                                                                             10     0(0.00%) |     16      11      23     15 |    1.50        0.00
POST     /cart [add]                                                                       14     0(0.00%) |     23      18      30     22 |    1.50        0.00
POST     /cart/checkout                                                                     7     0(0.00%) |     23      19      29     23 |    0.50        0.00
GET      /product/[id]                                                                     39     0(0.00%) |     17      11      28     17 |    6.50        0.00
POST     /setCurrency                                                                       7     0(0.00%) |     29      21      53     25 |    1.00        0.00
--------|----------------------------------------------------------------------------|-------|-------------|-------|-------|-------|-------|--------|-----------
         Aggregated                                                                        78     0(0.00%) |     19      11      53     19 |   11.00        0.00

Type     Name                                                                          # reqs      # fails |    Avg     Min     Max    Med |   req/s  failures/s
--------|----------------------------------------------------------------------------|-------|-------------|-------|-------|-------|-------|--------|-----------
GET      /                                                                                  4     0(0.00%) |     22      17      28     21 |    0.25        0.00
GET      /cart                                                                             19     1(5.26%) |     15       2      23     15 |    2.25        0.00
POST     /cart [add]                                                                       38     0(0.00%) |     24      16      42     22 |    3.50        0.00
POST     /cart/checkout                                                                    14     0(0.00%) |     22      18      29     22 |    1.75        0.00
GET      /product/[id]                                                                     80     3(3.75%) |     16       4      35     16 |    9.25        0.00
POST     /setCurrency                                                                      12     1(8.33%) |     28      19      53     25 |    1.75        0.00
--------|----------------------------------------------------------------------------|-------|-------------|-------|-------|-------|-------|--------|-----------
         Aggregated                                                                       167     5(2.99%) |     19       2      53     18 |   18.75        0.00

Type     Name                                                                          # reqs      # fails |    Avg     Min     Max    Med |   req/s  failures/s
--------|----------------------------------------------------------------------------|-------|-------------|-------|-------|-------|-------|--------|-----------
GET      /                                                                                  7    3(42.86%) |     17       7      28     18 |    0.67        0.00
GET      /cart                                                                             27    7(25.93%) |     14       2      44     15 |    2.67        0.00
POST     /cart [add]                                                                       58   16(27.59%) |     23       7      52     22 |    6.00        0.00
POST     /cart/checkout                                                                    17    2(11.76%) |     22       6      29     22 |    2.33        0.00
GET      /product/[id]                                                                    139   36(25.90%) |     14       2      40     15 |   12.50        0.00
POST     /setCurrency                                                                      22   10(45.45%) |     20       3      53     21 |    1.83        0.00
--------|----------------------------------------------------------------------------|-------|-------------|-------|-------|-------|-------|--------|-----------
         Aggregated                                                                       270   74(27.41%) |     17       2      53     17 |   26.00        0.00

Type     Name                                                                          # reqs      # fails |    Avg     Min     Max    Med |   req/s  failures/s
--------|----------------------------------------------------------------------------|-------|-------------|-------|-------|-------|-------|--------|-----------
GET      /                                                                                  9    4(44.44%) |     16       2      28     18 |    0.88        0.38
GET      /cart                                                                             38    7(18.42%) |     17       2      75     15 |    3.00        0.62
POST     /cart [add]                                                                       84   19(22.62%) |     31       7     153     22 |    6.75        1.50
POST     /cart/checkout                                                                    24     2(8.33%) |     37       6     254     23 |    2.12        0.25
GET      /product/[id]                                                                    209   40(19.14%) |     20       2     267     15 |   17.00        4.38
POST     /setCurrency                                                                      32   15(46.88%) |     30       3     376     20 |    2.75        1.25
--------|----------------------------------------------------------------------------|-------|-------------|-------|-------|-------|-------|--------|-----------
         Aggregated                                                                       396   87(21.97%) |     24       2     376     17 |   32.50        8.38

Type     Name                                                                          # reqs      # fails |    Avg     Min     Max    Med |   req/s  failures/s
--------|----------------------------------------------------------------------------|-------|-------------|-------|-------|-------|-------|--------|-----------
GET      /                                                                                 12    4(33.33%) |     17       2      28     21 |    0.90        0.40
GET      /cart                                                                             70    7(10.00%) |     18       2      75     16 |    3.80        0.70
POST     /cart [add]                                                                      115   19(16.52%) |     30       7     153     23 |    8.10        1.90
POST     /cart/checkout                                                                    34     2(5.88%) |     35       6     254     25 |    2.30        0.20
GET      /product/[id]                                                                    284   40(14.08%) |     19       2     267     15 |   19.80        4.00
POST     /setCurrency                                                                      49   15(30.61%) |     30       3     376     23 |    3.10        1.50
--------|----------------------------------------------------------------------------|-------|-------------|-------|-------|-------|-------|--------|-----------
         Aggregated                                                                       564   87(15.43%) |     23       2     376     18 |   38.00        8.70

Type     Name                                                                          # reqs      # fails |    Avg     Min     Max    Med |   req/s  failures/s
--------|----------------------------------------------------------------------------|-------|-------------|-------|-------|-------|-------|--------|-----------
GET      /                                                                                 13    4(30.77%) |     18       2      28     21 |    1.20        0.40
GET      /cart                                                                             85     7(8.24%) |     18       2      75     16 |    6.30        0.70
POST     /cart [add]                                                                      155   19(12.26%) |     31       7     153     24 |   10.70        1.90
POST     /cart/checkout                                                                    48     2(4.17%) |     36       6     254     27 |    3.20        0.20
GET      /product/[id]                                                                    367   40(10.90%) |     21       2     267     16 |   26.00        4.00
POST     /setCurrency                                                                      78   15(19.23%) |     33       3     376     24 |    4.40        1.50
--------|----------------------------------------------------------------------------|-------|-------------|-------|-------|-------|-------|--------|-----------
         Aggregated                                                                       746   87(11.66%) |     25       2     376     19 |   51.80        8.70

Type     Name                                                                          # reqs      # fails |    Avg     Min     Max    Med |   req/s  failures/s
--------|----------------------------------------------------------------------------|-------|-------------|-------|-------|-------|-------|--------|-----------
GET      /                                                                                 18    4(22.22%) |     25       2     106     22 |    1.10        0.40
GET      /cart                                                                            115     7(6.09%) |     20       2      75     17 |    7.60        0.70
POST     /cart [add]                                                                      188   19(10.11%) |     31       7     153     24 |   13.60        1.90
POST     /cart/checkout                                                                    61     2(3.28%) |     39       6     254     27 |    4.00        0.20
GET      /product/[id]                                                                    480    40(8.33%) |     21       2     267     16 |   32.20        4.00
POST     /setCurrency                                                                     101   15(14.85%) |     34       3     376     25 |    6.90        1.50
--------|----------------------------------------------------------------------------|-------|-------------|-------|-------|-------|-------|--------|-----------
         Aggregated                                                                       963    87(9.03%) |     25       2     376     20 |   65.40        8.70

Type     Name                                                                          # reqs      # fails |    Avg     Min     Max    Med |   req/s  failures/s
--------|----------------------------------------------------------------------------|-------|-------------|-------|-------|-------|-------|--------|-----------
GET      /                                                                                 22    4(18.18%) |     36       2     160     24 |    1.40        0.40
GET      /cart                                                                            141     7(4.96%) |     26       2     167     18 |    9.50        0.70
POST     /cart [add]                                                                      235    19(8.09%) |     35       7     199     25 |   15.00        1.90
POST     /cart/checkout                                                                    74     2(2.70%) |     43       6     254     28 |    4.60        0.20
GET      /product/[id]                                                                    603    40(6.63%) |     24       2     267     17 |   39.00        4.00
POST     /setCurrency                                                                     114   15(13.16%) |     39       3     376     26 |    8.70        1.50
--------|----------------------------------------------------------------------------|-------|-------------|-------|-------|-------|-------|--------|-----------
         Aggregated                                                                      1189    87(7.32%) |     29       2     376     20 |   78.20        8.70

Type     Name                                                                          # reqs      # fails |    Avg     Min     Max    Med |   req/s  failures/s
--------|----------------------------------------------------------------------------|-------|-------------|-------|-------|-------|-------|--------|-----------
GET      /                                                                                 28    4(14.29%) |     40       2     168     24 |    1.50        0.10
GET      /cart                                                                            170     7(4.12%) |     28       2     167     19 |   11.60        0.20
POST     /cart [add]                                                                      279    19(6.81%) |     38       7     199     26 |   17.20        0.70
POST     /cart/checkout                                                                    90     2(2.22%) |     46       6     254     31 |    5.40        0.00
GET      /product/[id]                                                                    740    40(5.41%) |     25       2     267     17 |   45.50        0.50
POST     /setCurrency                                                                     139   15(10.79%) |     42       3     376     30 |    9.10        0.50
--------|----------------------------------------------------------------------------|-------|-------------|-------|-------|-------|-------|--------|-----------
         Aggregated                                                                      1446    87(6.02%) |     31       2     376     21 |   90.30        2.00

Type     Name                                                                          # reqs      # fails |    Avg     Min     Max    Med |   req/s  failures/s
--------|----------------------------------------------------------------------------|-------|-------------|-------|-------|-------|-------|--------|-----------
GET      /                                                                                 35    4(11.43%) |     50       2     208     25 |    1.90        0.00
GET      /cart                                                                            200     7(3.50%) |     34       2     200     21 |   13.00        0.00
POST     /cart [add]                                                                      319    19(5.96%) |     41       7     199     28 |   19.20        0.00
POST     /cart/checkout                                                                   104     2(1.92%) |     48       6     254     32 |    6.60        0.00
GET      /product/[id]                                                                    881    40(4.54%) |     27       2     267     18 |   52.10        0.00
POST     /setCurrency                                                                     175    15(8.57%) |     52       3     376     36 |   10.60        0.00
--------|----------------------------------------------------------------------------|-------|-------------|-------|-------|-------|-------|--------|-----------
         Aggregated                                                                      1714    87(5.08%) |     35       2     376     23 |  103.40        0.00

Type     Name                                                                          # reqs      # fails |    Avg     Min     Max    Med |   req/s  failures/s
--------|----------------------------------------------------------------------------|-------|-------------|-------|-------|-------|-------|--------|-----------
GET      /                                                                                 41     4(9.76%) |     54       2     208     28 |    2.20        0.00
GET      /cart                                                                            225     7(3.11%) |     39       2     382     22 |   13.00        0.00
POST     /cart [add]                                                                      372    19(5.11%) |     45       7     452     29 |   20.50        0.00
POST     /cart/checkout                                                                   126     2(1.59%) |     62       6     529     40 |    6.90        0.00
GET      /product/[id]                                                                   1012    40(3.95%) |     30       2     448     19 |   58.80        0.00
POST     /setCurrency                                                                     203    15(7.39%) |     64       3     551     40 |   12.60        0.00
--------|----------------------------------------------------------------------------|-------|-------------|-------|-------|-------|-------|--------|-----------
         Aggregated                                                                      1979    87(4.40%) |     40       2     551     24 |  114.00        0.00

Type     Name                                                                          # reqs      # fails |    Avg     Min     Max    Med |   req/s  failures/s
--------|----------------------------------------------------------------------------|-------|-------------|-------|-------|-------|-------|--------|-----------
GET      /                                                                                 52     4(7.69%) |     92       2     531     42 |    2.90        0.00
GET      /cart                                                                            261     7(2.68%) |     45       2     382     24 |   13.30        0.00
POST     /cart [add]                                                                      417    19(4.56%) |     54       7     452     32 |   21.60        0.00
POST     /cart/checkout                                                                   143     2(1.40%) |     66       6     620     44 |    7.50        0.00
GET      /product/[id]                                                                   1156    40(3.46%) |     33       2     448     19 |   64.00        0.00
POST     /setCurrency                                                                     236    15(6.36%) |     80       3     813     48 |   12.30        0.00
--------|----------------------------------------------------------------------------|-------|-------------|-------|-------|-------|-------|--------|-----------
         Aggregated                                                                      2265    87(3.84%) |     47       2     813     25 |  121.60        0.00

Type     Name                                                                          # reqs      # fails |    Avg     Min     Max    Med |   req/s  failures/s
--------|----------------------------------------------------------------------------|-------|-------------|-------|-------|-------|-------|--------|-----------
GET      /                                                                                 60     4(6.67%) |     92       2     531     48 |    3.40        0.00
GET      /cart                                                                            301     7(2.33%) |     48       2     382     26 |   14.60        0.00
POST     /cart [add]                                                                      464    19(4.09%) |     57       7     452     34 |   22.70        0.00
POST     /cart/checkout                                                                   160     2(1.25%) |     69       6     620     49 |    8.20        0.00
GET      /product/[id]                                                                   1288    40(3.11%) |     36       2     448     20 |   67.10        0.00
POST     /setCurrency                                                                     268    15(5.60%) |     86       3     813     57 |   13.30        0.00
--------|----------------------------------------------------------------------------|-------|-------------|-------|-------|-------|-------|--------|-----------
         Aggregated                                                                      2541    87(3.42%) |     50       2     813     28 |  129.30        0.00

Type     Name                                                                          # reqs      # fails |    Avg     Min     Max    Med |   req/s  failures/s
--------|----------------------------------------------------------------------------|-------|-------------|-------|-------|-------|-------|--------|-----------
GET      /                                                                                 67     4(5.97%) |    131       2     963     57 |    3.70        0.00
GET      /cart                                                                            344     7(2.03%) |     60       2     949     28 |   15.90        0.00
POST     /cart [add]                                                                      507    19(3.75%) |     72       7     870     37 |   23.40        0.00
POST     /cart/checkout                                                                   179     2(1.12%) |     89       6    1148     54 |    8.80        0.00
GET      /product/[id]                                                                   1421    40(2.81%) |     44       2    1098     21 |   68.40        0.00
POST     /setCurrency                                                                     303    15(4.95%) |    106       3    1172     61 |   15.40        0.00
--------|----------------------------------------------------------------------------|-------|-------------|-------|-------|-------|-------|--------|-----------
         Aggregated                                                                      2821    87(3.08%) |     62       2    1172     30 |  135.60        0.00

Type     Name                                                                          # reqs      # fails |    Avg     Min     Max    Med |   req/s  failures/s
--------|----------------------------------------------------------------------------|-------|-------------|-------|-------|-------|-------|--------|-----------
GET      /                                                                                 82     4(4.88%) |    139       2     963     94 |    3.90        0.00
GET      /cart                                                                            379     7(1.85%) |     64       2     949     32 |   17.20        0.00
POST     /cart [add]                                                                      572    19(3.32%) |     81       7     870     46 |   22.70        0.00
POST     /cart/checkout                                                                   206     2(0.97%) |     95       6    1148     63 |    8.50        0.00
GET      /product/[id]                                                                   1573    40(2.54%) |     48       2    1098     25 |   68.40        0.00
POST     /setCurrency                                                                     331    15(4.53%) |    111       3    1172     65 |   15.80        0.00
--------|----------------------------------------------------------------------------|-------|-------------|-------|-------|-------|-------|--------|-----------
         Aggregated                                                                      3143    87(2.77%) |     68       2    1172     35 |  136.50        0.00

Type     Name                                                                          # reqs      # fails |    Avg     Min     Max    Med |   req/s  failures/s
--------|----------------------------------------------------------------------------|-------|-------------|-------|-------|-------|-------|--------|-----------
GET      /                                                                                 89     4(4.49%) |    154       2     963    110 |    4.70        0.00
GET      /cart                                                                            415     7(1.69%) |     70       2     949     38 |   17.90        0.00
POST     /cart [add]                                                                      636    19(2.99%) |     91       7     870     54 |   24.70        0.00
POST     /cart/checkout                                                                   237     2(0.84%) |    104       6    1148     81 |   10.00        0.00
GET      /product/[id]                                                                   1739    40(2.30%) |     54       2    1098     30 |   69.40        0.00
POST     /setCurrency                                                                     357    15(4.20%) |    120       3    1172     71 |   15.30        0.00
--------|----------------------------------------------------------------------------|-------|-------------|-------|-------|-------|-------|--------|-----------
         Aggregated                                                                      3473    87(2.51%) |     76       2    1172     43 |  142.00        0.00

Type     Name                                                                          # reqs      # fails |    Avg     Min     Max    Med |   req/s  failures/s
--------|----------------------------------------------------------------------------|-------|-------------|-------|-------|-------|-------|--------|-----------
GET      /                                                                                 99     4(4.04%) |    159       2     963    130 |    4.60        0.00
GET      /cart                                                                            459     7(1.53%) |     76       2     949     50 |   19.30        0.00
POST     /cart [add]                                                                      699    19(2.72%) |     99       7     870     66 |   26.50        0.00
POST     /cart/checkout                                                                   256     2(0.78%) |    109       6    1148     85 |   11.00        0.00
GET      /product/[id]                                                                   1905    40(2.10%) |     59       2    1098     34 |   71.00        0.00
POST     /setCurrency                                                                     380    15(3.95%) |    124       3    1172     79 |   15.40        0.00
--------|----------------------------------------------------------------------------|-------|-------------|-------|-------|-------|-------|--------|-----------
         Aggregated                                                                      3798    87(2.29%) |     81       2    1172     49 |  147.80        0.00

Type     Name                                                                          # reqs      # fails |    Avg     Min     Max    Med |   req/s  failures/s
--------|----------------------------------------------------------------------------|-------|-------------|-------|-------|-------|-------|--------|-----------
GET      /                                                                                111     4(3.60%) |    163       2     963    150 |    4.60        0.00
GET      /cart                                                                            504     7(1.39%) |     83       2     949     58 |   20.00        0.00
POST     /cart [add]                                                                      758    19(2.51%) |    106       7     870     82 |   28.00        0.00
POST     /cart/checkout                                                                   282     2(0.71%) |    116       6    1148     93 |   11.30        0.00
GET      /product/[id]                                                                   2081    40(1.92%) |     63       2    1098     41 |   74.10        0.00
POST     /setCurrency                                                                     419    15(3.58%) |    131       3    1172     95 |   14.80        0.00
--------|----------------------------------------------------------------------------|-------|-------------|-------|-------|-------|-------|--------|-----------
         Aggregated                                                                      4155    87(2.09%) |     87       2    1172     56 |  152.80        0.00

Type     Name                                                                          # reqs      # fails |    Avg     Min     Max    Med |   req/s  failures/s
--------|----------------------------------------------------------------------------|-------|-------------|-------|-------|-------|-------|--------|-----------
GET      /                                                                                120     4(3.33%) |    161       2     963    140 |    5.00        0.00
GET      /cart                                                                            539     7(1.30%) |     86       2     949     62 |   19.60        0.00
POST     /cart [add]                                                                      812    19(2.34%) |    116       7    1373     87 |   28.70        0.00
POST     /cart/checkout                                                                   306     2(0.65%) |    129       6    1148     99 |   12.00        0.00
GET      /product/[id]                                                                   2257    40(1.77%) |     69       2    1098     46 |   77.70        0.00
POST     /setCurrency                                                                     454    15(3.30%) |    141       3    1227    110 |   15.10        0.00
--------|----------------------------------------------------------------------------|-------|-------------|-------|-------|-------|-------|--------|-----------
         Aggregated                                                                      4488    87(1.94%) |     93       2    1373     62 |  158.10        0.00

Type     Name                                                                          # reqs      # fails |    Avg     Min     Max    Med |   req/s  failures/s
--------|----------------------------------------------------------------------------|-------|-------------|-------|-------|-------|-------|--------|-----------
GET      /                                                                                132     4(3.03%) |    167       2     963    150 |    5.20        0.00
GET      /cart                                                                            597     7(1.17%) |     93       2     949     70 |   19.40        0.00
POST     /cart [add]                                                                      878    19(2.16%) |    123       7    1373     99 |   30.30        0.00
POST     /cart/checkout                                                                   330     2(0.61%) |    134       6    1148    100 |   12.80        0.00
GET      /product/[id]                                                                   2431    40(1.65%) |     72       2    1098     51 |   83.30        0.00
POST     /setCurrency                                                                     487    15(3.08%) |    147       3    1227    120 |   15.30        0.00
--------|----------------------------------------------------------------------------|-------|-------------|-------|-------|-------|-------|--------|-----------
         Aggregated                                                                      4855    87(1.79%) |     98       2    1373     70 |  166.30        0.00

Type     Name                                                                          # reqs      # fails |    Avg     Min     Max    Med |   req/s  failures/s
--------|----------------------------------------------------------------------------|-------|-------------|-------|-------|-------|-------|--------|-----------
GET      /                                                                                142     4(2.82%) |    171       2     963    150 |    5.00        0.00
GET      /cart                                                                            641     7(1.09%) |     98       2     949     78 |   20.80        0.00
POST     /cart [add]                                                                      932    19(2.04%) |    130       7    1373    110 |   30.80        0.00
POST     /cart/checkout                                                                   354     2(0.56%) |    140       6    1148    110 |   12.70        0.00
GET      /product/[id]                                                                   2608    40(1.53%) |     78       2    1098     58 |   85.90        0.00
POST     /setCurrency                                                                     530    15(2.83%) |    157       3    1227    130 |   15.60        0.00
--------|----------------------------------------------------------------------------|-------|-------------|-------|-------|-------|-------|--------|-----------
         Aggregated                                                                      5207    87(1.67%) |    104       2    1373     78 |  170.80        0.00

Type     Name                                                                          # reqs      # fails |    Avg     Min     Max    Med |   req/s  failures/s
--------|----------------------------------------------------------------------------|-------|-------------|-------|-------|-------|-------|--------|-----------
GET      /                                                                                160     4(2.50%) |    185       2     963    170 |    5.40        0.00
GET      /cart                                                                            688     7(1.02%) |    105       2     949     87 |   22.50        0.00
POST     /cart [add]                                                                     1000    19(1.90%) |    140       7    1373    120 |   29.70        0.00
POST     /cart/checkout                                                                   381     2(0.52%) |    146       6    1148    120 |   11.60        0.00
GET      /product/[id]                                                                   2787    40(1.44%) |     84       2    1098     65 |   88.20        0.00
POST     /setCurrency                                                                     555    15(2.70%) |    163       3    1227    140 |   17.10        0.00
--------|----------------------------------------------------------------------------|-------|-------------|-------|-------|-------|-------|--------|-----------
         Aggregated                                                                      5571    87(1.56%) |    112       2    1373     87 |  174.50        0.00

Type     Name                                                                          # reqs      # fails |    Avg     Min     Max    Med |   req/s  failures/s
--------|----------------------------------------------------------------------------|-------|-------------|-------|-------|-------|-------|--------|-----------
GET      /                                                                                177     4(2.26%) |    194       2     963    180 |    6.00        0.00
GET      /cart                                                                            745     7(0.94%) |    113       2     949     94 |   22.70        0.00
POST     /cart [add]                                                                     1069    19(1.78%) |    148       7    1373    130 |   29.90        0.00
POST     /cart/checkout                                                                   402     2(0.50%) |    151       6    1148    120 |   12.10        0.00
GET      /product/[id]                                                                   2952    40(1.36%) |     89       2    1098     71 |   88.80        0.00
POST     /setCurrency                                                                     583    15(2.57%) |    170       3    1227    150 |   17.10        0.00
--------|----------------------------------------------------------------------------|-------|-------------|-------|-------|-------|-------|--------|-----------
         Aggregated                                                                      5928    87(1.47%) |    118       2    1373     95 |  176.60        0.00

Type     Name                                                                          # reqs      # fails |    Avg     Min     Max    Med |   req/s  failures/s
--------|----------------------------------------------------------------------------|-------|-------------|-------|-------|-------|-------|--------|-----------
GET      /                                                                                190     4(2.11%) |    202       2     963    190 |    6.80        0.00
GET      /cart                                                                            794     7(0.88%) |    122       2     949    100 |   24.20        0.00
POST     /cart [add]                                                                     1144    19(1.66%) |    159       7    1373    140 |   31.50        0.00
POST     /cart/checkout                                                                   431     2(0.46%) |    160       6    1148    140 |   12.30        0.00
GET      /product/[id]                                                                   3143    40(1.27%) |     96       2    1098     77 |   88.60        0.00
POST     /setCurrency                                                                     614    15(2.44%) |    179       3    1227    160 |   16.30        0.00
--------|----------------------------------------------------------------------------|-------|-------------|-------|-------|-------|-------|--------|-----------
         Aggregated                                                                      6316    87(1.38%) |    126       2    1373    100 |  179.70        0.00

Type     Name                                                                          # reqs      # fails |    Avg     Min     Max    Med |   req/s  failures/s
--------|----------------------------------------------------------------------------|-------|-------------|-------|-------|-------|-------|--------|-----------
GET      /                                                                                198     4(2.02%) |    205       2     963    200 |    7.00        0.00
GET      /cart                                                                            835     7(0.84%) |    126       2     949    110 |   25.30        0.00
POST     /cart [add]                                                                     1201    19(1.58%) |    166       7    1373    140 |   33.40        0.00
POST     /cart/checkout                                                                   450     2(0.44%) |    164       6    1148    140 |   12.40        0.00
GET      /product/[id]                                                                   3359    40(1.19%) |    102       2    1098     85 |   87.70        0.00
POST     /setCurrency                                                                     664    15(2.26%) |    188       3    1227    170 |   15.90        0.00
--------|----------------------------------------------------------------------------|-------|-------------|-------|-------|-------|-------|--------|-----------
         Aggregated                                                                      6707    87(1.30%) |    132       2    1373    110 |  181.70        0.00

Type     Name                                                                          # reqs      # fails |    Avg     Min     Max    Med |   req/s  failures/s
--------|----------------------------------------------------------------------------|-------|-------------|-------|-------|-------|-------|--------|-----------
GET      /                                                                                215     4(1.86%) |    217       2     963    200 |    6.50        0.00
GET      /cart                                                                            879     7(0.80%) |    133       2     949    110 |   24.30        0.00
POST     /cart [add]                                                                     1260    19(1.51%) |    174       7    1373    150 |   32.30        0.00
POST     /cart/checkout                                                                   470     2(0.43%) |    169       6    1148    150 |   11.60        0.00
GET      /product/[id]                                                                   3553    40(1.13%) |    108       2    1098     93 |   90.90        0.00
POST     /setCurrency                                                                     698    15(2.15%) |    197       3    1227    180 |   17.70        0.00
--------|----------------------------------------------------------------------------|-------|-------------|-------|-------|-------|-------|--------|-----------
         Aggregated                                                                      7075    87(1.23%) |    139       2    1373    120 |  183.30        0.00

Type     Name                                                                          # reqs      # fails |    Avg     Min     Max    Med |   req/s  failures/s
--------|----------------------------------------------------------------------------|-------|-------------|-------|-------|-------|-------|--------|-----------
GET      /                                                                                224     4(1.79%) |    220       2     963    210 |    7.10        0.00
GET      /cart                                                                            936     7(0.75%) |    140       2     949    120 |   23.40        0.00
POST     /cart [add]                                                                     1331    19(1.43%) |    182       7    1373    160 |   32.20        0.00
POST     /cart/checkout                                                                   498     2(0.40%) |    172       6    1148    150 |   11.80        0.00
GET      /product/[id]                                                                   3761    40(1.06%) |    113       2    1098    100 |   92.80        0.00
POST     /setCurrency                                                                     739    15(2.03%) |    204       3    1227    190 |   16.90        0.00
--------|----------------------------------------------------------------------------|-------|-------------|-------|-------|-------|-------|--------|-----------
         Aggregated                                                                      7489    87(1.16%) |    145       2    1373    120 |  184.20        0.00

Type     Name                                                                          # reqs      # fails |    Avg     Min     Max    Med |   req/s  failures/s
--------|----------------------------------------------------------------------------|-------|-------------|-------|-------|-------|-------|--------|-----------
GET      /                                                                                239     4(1.67%) |    228       2     963    220 |    6.50        0.00
GET      /cart                                                                            985     7(0.71%) |    145       2     949    130 |   23.90        0.00
POST     /cart [add]                                                                     1397    19(1.36%) |    188       7    1373    170 |   33.40        0.00
POST     /cart/checkout                                                                   524     2(0.38%) |    178       6    1148    170 |   11.60        0.00
GET      /product/[id]                                                                   3972    40(1.01%) |    118       2    1098    110 |   95.60        0.00
POST     /setCurrency                                                                     779    15(1.93%) |    209       3    1227    200 |   18.20        0.00
--------|----------------------------------------------------------------------------|-------|-------------|-------|-------|-------|-------|--------|-----------
         Aggregated                                                                      7896    87(1.10%) |    150       2    1373    130 |  189.20        0.00

Type     Name                                                                          # reqs      # fails |    Avg     Min     Max    Med |   req/s  failures/s
--------|----------------------------------------------------------------------------|-------|-------------|-------|-------|-------|-------|--------|-----------
GET      /                                                                                250     4(1.60%) |    238       2     963    230 |    6.10        0.00
GET      /cart                                                                           1043     7(0.67%) |    153       2     949    130 |   24.40        0.00
POST     /cart [add]                                                                     1461    19(1.30%) |    196       7    1373    180 |   32.80        0.00
POST     /cart/checkout                                                                   547     2(0.37%) |    183       6    1148    180 |   11.80        0.00
GET      /product/[id]                                                                   4177    40(0.96%) |    123       2    1098    110 |   99.80        0.00
POST     /setCurrency                                                                     813    15(1.85%) |    216       3    1227    210 |   19.50        0.00
--------|----------------------------------------------------------------------------|-------|-------------|-------|-------|-------|-------|--------|-----------
         Aggregated                                                                      8291    87(1.05%) |    156       2    1373    140 |  194.40        0.00

Type     Name                                                                          # reqs      # fails |    Avg     Min     Max    Med |   req/s  failures/s
--------|----------------------------------------------------------------------------|-------|-------------|-------|-------|-------|-------|--------|-----------
GET      /                                                                                265     4(1.51%) |    245       2     963    240 |    5.80        0.00
GET      /cart                                                                           1110     7(0.63%) |    160       2     949    140 |   25.20        0.00
POST     /cart [add]                                                                     1519    19(1.25%) |    203       7    1373    190 |   31.40        0.00
POST     /cart/checkout                                                                   575     2(0.35%) |    189       6    1148    180 |   12.00        0.00
GET      /product/[id]                                                                   4380    40(0.91%) |    129       2    1098    120 |  103.30        0.00
POST     /setCurrency                                                                     862    15(1.74%) |    226       3    1227    220 |   20.00        0.00
--------|----------------------------------------------------------------------------|-------|-------------|-------|-------|-------|-------|--------|-----------
         Aggregated                                                                      8711    87(1.00%) |    163       2    1373    140 |  197.70        0.00

Type     Name                                                                          # reqs      # fails |    Avg     Min     Max    Med |   req/s  failures/s
--------|----------------------------------------------------------------------------|-------|-------------|-------|-------|-------|-------|--------|-----------
GET      /                                                                                277     4(1.44%) |    253       2     963    250 |    6.70        0.00
GET      /cart                                                                           1185     7(0.59%) |    169       2     949    150 |   27.70        0.00
POST     /cart [add]                                                                     1577    19(1.20%) |    210       7    1373    200 |   31.90        0.00
POST     /cart/checkout                                                                   596     2(0.34%) |    194       6    1148    190 |   12.60        0.00
GET      /product/[id]                                                                   4591    40(0.87%) |    136       2    1098    120 |  102.70        0.00
POST     /setCurrency                                                                     899    15(1.67%) |    233       3    1227    230 |   19.90        0.00
--------|----------------------------------------------------------------------------|-------|-------------|-------|-------|-------|-------|--------|-----------
         Aggregated                                                                      9125    87(0.95%) |    170       2    1373    150 |  201.50        0.00

Type     Name                                                                          # reqs      # fails |    Avg     Min     Max    Med |   req/s  failures/s
--------|----------------------------------------------------------------------------|-------|-------------|-------|-------|-------|-------|--------|-----------
GET      /                                                                                291     4(1.37%) |    260       2     963    250 |    6.40        0.00
GET      /cart                                                                           1240     7(0.56%) |    174       2     952    150 |   30.30        0.00
POST     /cart [add]                                                                     1650    19(1.15%) |    218       7    1373    200 |   31.30        0.00
POST     /cart/checkout                                                                   623     2(0.32%) |    202       6    1148    200 |   12.70        0.00
GET      /product/[id]                                                                   4801    40(0.83%) |    142       2    1098    130 |  104.50        0.00
POST     /setCurrency                                                                     935    15(1.60%) |    239       3    1227    230 |   20.10        0.00
--------|----------------------------------------------------------------------------|-------|-------------|-------|-------|-------|-------|--------|-----------
         Aggregated                                                                      9540    87(0.91%) |    176       2    1373    160 |  205.30        0.00

Type     Name                                                                          # reqs      # fails |    Avg     Min     Max    Med |   req/s  failures/s
--------|----------------------------------------------------------------------------|-------|-------------|-------|-------|-------|-------|--------|-----------
GET      /                                                                                306     4(1.31%) |    265       2     963    260 |    6.70        0.00
GET      /cart                                                                           1300     7(0.54%) |    180       2     952    160 |   31.20        0.00
POST     /cart [add]                                                                     1716    19(1.11%) |    224       7    1373    210 |   31.10        0.00
POST     /cart/checkout                                                                   657     2(0.30%) |    209       6    1148    200 |   12.70        0.00
GET      /product/[id]                                                                   5028    40(0.80%) |    148       2    1098    140 |  104.80        0.00
POST     /setCurrency                                                                     969    15(1.55%) |    244       3    1227    240 |   19.80        0.00
--------|----------------------------------------------------------------------------|-------|-------------|-------|-------|-------|-------|--------|-----------
         Aggregated                                                                      9976    87(0.87%) |    182       2    1373    160 |  206.30        0.00

Type     Name                                                                          # reqs      # fails |    Avg     Min     Max    Med |   req/s  failures/s
--------|----------------------------------------------------------------------------|-------|-------------|-------|-------|-------|-------|--------|-----------
GET      /                                                                                313     4(1.28%) |    268       2     963    260 |    6.70        0.00
GET      /cart                                                                           1348     7(0.52%) |    188       2     969    170 |   31.00        0.00
POST     /cart [add]                                                                     1779    19(1.07%) |    234       7    1373    220 |   31.80        0.00
POST     /cart/checkout                                                                   681     2(0.29%) |    215       6    1148    200 |   13.20        0.00
GET      /product/[id]                                                                   5233    40(0.76%) |    154       2    1098    140 |  104.80        0.00
POST     /setCurrency                                                                    1012    15(1.48%) |    256       3    1227    250 |   19.10        0.00
--------|----------------------------------------------------------------------------|-------|-------------|-------|-------|-------|-------|--------|-----------
         Aggregated                                                                     10366    87(0.84%) |    190       2    1373    170 |  206.70        0.00

Type     Name                                                                          # reqs      # fails |    Avg     Min     Max    Med |   req/s  failures/s
--------|----------------------------------------------------------------------------|-------|-------------|-------|-------|-------|-------|--------|-----------
GET      /                                                                                336     4(1.19%) |    284       2     963    270 |    6.50        0.00
GET      /cart                                                                           1401     7(0.50%) |    198       2    1037    180 |   30.10        0.00
POST     /cart [add]                                                                     1843    19(1.03%) |    245       7    1373    230 |   32.40        0.00
POST     /cart/checkout                                                                   699     2(0.29%) |    220       6    1148    210 |   13.10        0.00
GET      /product/[id]                                                                   5425    40(0.74%) |    162       2    1098    150 |  106.60        0.00
POST     /setCurrency                                                                    1052    15(1.43%) |    266       3    1227    250 |   19.60        0.00
--------|----------------------------------------------------------------------------|-------|-------------|-------|-------|-------|-------|--------|-----------
         Aggregated                                                                     10756    87(0.81%) |    199       2    1373    180 |  208.30        0.00

Type     Name                                                                          # reqs      # fails |    Avg     Min     Max    Med |   req/s  failures/s
--------|----------------------------------------------------------------------------|-------|-------------|-------|-------|-------|-------|--------|-----------
GET      /                                                                                351     4(1.14%) |    293       2     963    280 |    7.00        0.00
GET      /cart                                                                           1443     7(0.49%) |    205       2    1037    180 |   29.30        0.00
POST     /cart [add]                                                                     1898    19(1.00%) |    254       7    1373    240 |   31.90        0.00
POST     /cart/checkout                                                                   721     2(0.28%) |    228       6    1148    210 |   12.50        0.00
GET      /product/[id]                                                                   5624    40(0.71%) |    171       2    1098    150 |  104.70        0.00
POST     /setCurrency                                                                    1092    15(1.37%) |    275       3    1227    260 |   19.20        0.00
--------|----------------------------------------------------------------------------|-------|-------------|-------|-------|-------|-------|--------|-----------
         Aggregated                                                                     11129    87(0.78%) |    207       2    1373    180 |  204.60        0.00

Type     Name                                                                          # reqs      # fails |    Avg     Min     Max    Med |   req/s  failures/s
--------|----------------------------------------------------------------------------|-------|-------------|-------|-------|-------|-------|--------|-----------
GET      /                                                                                373     4(1.07%) |    314       2    1108    300 |    7.30        0.00
GET      /cart                                                                           1485     7(0.47%) |    213       2    1260    180 |   26.50        0.00
POST     /cart [add]                                                                     1971    19(0.96%) |    266       7    1373    250 |   32.30        0.00
POST     /cart/checkout                                                                   752     2(0.27%) |    240       6    1148    210 |   12.20        0.00
GET      /product/[id]                                                                   5833    40(0.69%) |    180       2    1098    160 |  104.10        0.00
POST     /setCurrency                                                                    1121    15(1.34%) |    284       3    1227    270 |   19.00        0.00
--------|----------------------------------------------------------------------------|-------|-------------|-------|-------|-------|-------|--------|-----------
         Aggregated                                                                     11535    87(0.75%) |    217       2    1373    190 |  201.40        0.00

Type     Name                                                                          # reqs      # fails |    Avg     Min     Max    Med |   req/s  failures/s
--------|----------------------------------------------------------------------------|-------|-------------|-------|-------|-------|-------|--------|-----------
GET      /                                                                                390     4(1.03%) |    329       2    1150    310 |    8.00        0.00
GET      /cart                                                                           1525     7(0.46%) |    217       2    1260    190 |   24.10        0.00
POST     /cart [add]                                                                     2046    19(0.93%) |    276       7    1373    250 |   32.30        0.00
POST     /cart/checkout                                                                   784     2(0.26%) |    249       6    1148    220 |   12.10        0.00
GET      /product/[id]                                                                   6038    40(0.66%) |    186       2    1098    160 |  102.30        0.00
POST     /setCurrency                                                                    1158    15(1.30%) |    296       3    1256    280 |   18.20        0.00
--------|----------------------------------------------------------------------------|-------|-------------|-------|-------|-------|-------|--------|-----------
         Aggregated                                                                     11941    87(0.73%) |    225       2    1373    190 |  197.00        0.00

Type     Name                                                                          # reqs      # fails |    Avg     Min     Max    Med |   req/s  failures/s
--------|----------------------------------------------------------------------------|-------|-------------|-------|-------|-------|-------|--------|-----------
GET      /                                                                                402     4(1.00%) |    337       2    1150    310 |    8.30        0.00
GET      /cart                                                                           1571     7(0.45%) |    225       2    1260    190 |   22.40        0.00
POST     /cart [add]                                                                     2113    19(0.90%) |    285       7    1373    260 |   32.90        0.00
POST     /cart/checkout                                                                   808     2(0.25%) |    255       6    1148    230 |   12.40        0.00
GET      /product/[id]                                                                   6242    40(0.64%) |    194       2    1098    170 |  102.30        0.00
POST     /setCurrency                                                                    1195    15(1.26%) |    305       3    1256    280 |   18.20        0.00
--------|----------------------------------------------------------------------------|-------|-------------|-------|-------|-------|-------|--------|-----------
         Aggregated                                                                     12331    87(0.71%) |    233       2    1373    200 |  196.40        0.00

Type     Name                                                                          # reqs      # fails |    Avg     Min     Max    Med |   req/s  failures/s
--------|----------------------------------------------------------------------------|-------|-------------|-------|-------|-------|-------|--------|-----------
GET      /                                                                                414     4(0.97%) |    341       2    1150    330 |    8.90        0.00
GET      /cart                                                                           1625     7(0.43%) |    232       2    1260    200 |   22.20        0.00
POST     /cart [add]                                                                     2173    19(0.87%) |    292       7    1373    270 |   32.80        0.00
POST     /cart/checkout                                                                   828     2(0.24%) |    259       6    1148    230 |   12.50        0.00
GET      /product/[id]                                                                   6478    40(0.62%) |    201       2    1098    170 |   99.90        0.00
POST     /setCurrency                                                                    1250    15(1.20%) |    312       3    1256    290 |   19.00        0.00
--------|----------------------------------------------------------------------------|-------|-------------|-------|-------|-------|-------|--------|-----------
         Aggregated                                                                     12768    87(0.68%) |    240       2    1373    210 |  195.30        0.00

Type     Name                                                                          # reqs      # fails |    Avg     Min     Max    Med |   req/s  failures/s
--------|----------------------------------------------------------------------------|-------|-------------|-------|-------|-------|-------|--------|-----------
GET      /                                                                                434     4(0.92%) |    351       2    1150    340 |    8.00        0.00
GET      /cart                                                                           1675     7(0.42%) |    240       2    1260    210 |   22.00        0.00
POST     /cart [add]                                                                     2229    19(0.85%) |    300       7    1373    270 |   33.50        0.00
POST     /cart/checkout                                                                   847     2(0.24%) |    264       6    1148    240 |   12.90        0.00
GET      /product/[id]                                                                   6698    40(0.60%) |    209       2    1098    180 |  104.20        0.00
POST     /setCurrency                                                                    1293    15(1.16%) |    321       3    1256    300 |   19.10        0.00
--------|----------------------------------------------------------------------------|-------|-------------|-------|-------|-------|-------|--------|-----------
         Aggregated                                                                     13176    87(0.66%) |    248       2    1373    210 |  199.70        0.00

Type     Name                                                                          # reqs      # fails |    Avg     Min     Max    Med |   req/s  failures/s
--------|----------------------------------------------------------------------------|-------|-------------|-------|-------|-------|-------|--------|-----------
GET      /                                                                                444     4(0.90%) |    356       2    1150    340 |    8.10        0.00
GET      /cart                                                                           1729     7(0.40%) |    250       2    1260    210 |   23.10        0.00
POST     /cart [add]                                                                     2304    19(0.82%) |    310       7    1373    280 |   33.70        0.00
POST     /cart/checkout                                                                   880     2(0.23%) |    274       6    1148    250 |   13.20        0.00
GET      /product/[id]                                                                   6907    40(0.58%) |    216       2    1098    190 |  104.50        0.00
POST     /setCurrency                                                                    1330    15(1.13%) |    329       3    1256    310 |   19.90        0.00
--------|----------------------------------------------------------------------------|-------|-------------|-------|-------|-------|-------|--------|-----------
         Aggregated                                                                     13594    87(0.64%) |    256       2    1373    220 |  202.50        0.00

Type     Name                                                                          # reqs      # fails |    Avg     Min     Max    Med |   req/s  failures/s
--------|----------------------------------------------------------------------------|-------|-------------|-------|-------|-------|-------|--------|-----------
GET      /                                                                                463     4(0.86%) |    362       2    1150    350 |    7.40        0.00
GET      /cart                                                                           1790     7(0.39%) |    258       2    1260    220 |   24.90        0.00
POST     /cart [add]                                                                     2369    19(0.80%) |    317       7    1373    290 |   33.30        0.00
POST     /cart/checkout                                                                   902     2(0.22%) |    279       6    1148    250 |   13.50        0.00
GET      /product/[id]                                                                   7131    40(0.56%) |    222       2    1098    190 |  107.60        0.00
POST     /setCurrency                                                                    1378    15(1.09%) |    336       3    1256    320 |   21.30        0.00
--------|----------------------------------------------------------------------------|-------|-------------|-------|-------|-------|-------|--------|-----------
         Aggregated                                                                     14033    87(0.62%) |    262       2    1373    230 |  208.00        0.00

Type     Name                                                                          # reqs      # fails |    Avg     Min     Max    Med |   req/s  failures/s
--------|----------------------------------------------------------------------------|-------|-------------|-------|-------|-------|-------|--------|-----------
GET      /                                                                                475     4(0.84%) |    367       2    1150    360 |    7.40        0.00
GET      /cart                                                                           1850     7(0.38%) |    267       2    1260    230 |   26.60        0.00
POST     /cart [add]                                                                     2428    19(0.78%) |    326       7    1373    290 |   32.30        0.00
POST     /cart/checkout                                                                   919     2(0.22%) |    283       6    1148    260 |   12.00        0.00
GET      /product/[id]                                                                   7351    40(0.54%) |    230       2    1098    200 |  108.90        0.00
POST     /setCurrency                                                                    1433    15(1.05%) |    348       3    1256    330 |   21.90        0.00
--------|----------------------------------------------------------------------------|-------|-------------|-------|-------|-------|-------|--------|-----------
         Aggregated                                                                     14456    87(0.60%) |    271       2    1373    240 |  209.10        0.00

Type     Name                                                                          # reqs      # fails |    Avg     Min     Max    Med |   req/s  failures/s
--------|----------------------------------------------------------------------------|-------|-------------|-------|-------|-------|-------|--------|-----------
GET      /                                                                                488     4(0.82%) |    372       2    1150    360 |    7.00        0.00
GET      /cart                                                                           1907     7(0.37%) |    276       2    1361    240 |   28.20        0.00
POST     /cart [add]                                                                     2504    19(0.76%) |    336       7    1373    300 |   31.50        0.00
POST     /cart/checkout                                                                   944     2(0.21%) |    289       6    1148    260 |   11.40        0.00
GET      /product/[id]                                                                   7553    40(0.53%) |    236       2    1098    200 |  110.00        0.00
POST     /setCurrency                                                                    1482    15(1.01%) |    359       3    1256    340 |   22.60        0.00
--------|----------------------------------------------------------------------------|-------|-------------|-------|-------|-------|-------|--------|-----------
         Aggregated                                                                     14878    87(0.58%) |    278       2    1373    250 |  210.70        0.00

Type     Name                                                                          # reqs      # fails |    Avg     Min     Max    Med |   req/s  failures/s
--------|----------------------------------------------------------------------------|-------|-------------|-------|-------|-------|-------|--------|-----------
GET      /                                                                                500     4(0.80%) |    377       2    1150    370 |    7.10        0.00
GET      /cart                                                                           1962     7(0.36%) |    287       2    1361    250 |   27.80        0.00
POST     /cart [add]                                                                     2548    19(0.75%) |    343       7    1373    310 |   32.20        0.00
POST     /cart/checkout                                                                   960     2(0.21%) |    294       6    1148    270 |   11.80        0.00
GET      /product/[id]                                                                   7768    40(0.51%) |    245       2    1098    210 |  109.20        0.00
POST     /setCurrency                                                                    1517    15(0.99%) |    364       3    1256    350 |   23.10        0.00
--------|----------------------------------------------------------------------------|-------|-------------|-------|-------|-------|-------|--------|-----------
         Aggregated                                                                     15255    87(0.57%) |    286       2    1373    250 |  211.20        0.00

Type     Name                                                                          # reqs      # fails |    Avg     Min     Max    Med |   req/s  failures/s
--------|----------------------------------------------------------------------------|-------|-------------|-------|-------|-------|-------|--------|-----------
GET      /                                                                                510     4(0.78%) |    385       2    1150    370 |    6.90        0.00
GET      /cart                                                                           2003     7(0.35%) |    295       2    1385    250 |   28.70        0.00
POST     /cart [add]                                                                     2610    19(0.73%) |    354       7    1373    320 |   31.80        0.00
POST     /cart/checkout                                                                   985     2(0.20%) |    302       6    1148    270 |   10.80        0.00
GET      /product/[id]                                                                   7989    40(0.50%) |    254       2    1098    220 |  108.90        0.00
POST     /setCurrency                                                                    1558    15(0.96%) |    375       3    1373    360 |   23.30        0.00
--------|----------------------------------------------------------------------------|-------|-------------|-------|-------|-------|-------|--------|-----------
         Aggregated                                                                     15655    87(0.56%) |    295       2    1385    260 |  210.40        0.00

Type     Name                                                                          # reqs      # fails |    Avg     Min     Max    Med |   req/s  failures/s
--------|----------------------------------------------------------------------------|-------|-------------|-------|-------|-------|-------|--------|-----------
GET      /                                                                                530     4(0.75%) |    396       2    1150    380 |    6.10        0.00
GET      /cart                                                                           2058     7(0.34%) |    302       2    1494    260 |   27.00        0.00
POST     /cart [add]                                                                     2666    19(0.71%) |    361       7    1373    320 |   30.70        0.00
POST     /cart/checkout                                                                  1000     2(0.20%) |    306       6    1148    280 |   10.50        0.00
GET      /product/[id]                                                                   8234    40(0.49%) |    261       2    1098    230 |  109.10        0.00
POST     /setCurrency                                                                    1609    15(0.93%) |    384       3    1373    370 |   22.40        0.00
--------|----------------------------------------------------------------------------|-------|-------------|-------|-------|-------|-------|--------|-----------
         Aggregated                                                                     16097    87(0.54%) |    302       2    1494    270 |  205.80        0.00

Type     Name                                                                          # reqs      # fails |    Avg     Min     Max    Med |   req/s  failures/s
--------|----------------------------------------------------------------------------|-------|-------------|-------|-------|-------|-------|--------|-----------
GET      /                                                                                541     4(0.74%) |    403       2    1150    390 |    6.70        0.00
GET      /cart                                                                           2111     7(0.33%) |    311       2    1865    260 |   26.40        0.00
POST     /cart [add]                                                                     2745    19(0.69%) |    374       7    1846    330 |   29.70        0.00
POST     /cart/checkout                                                                  1029     2(0.19%) |    316       6    1475    280 |   10.10        0.00
GET      /product/[id]                                                                   8442    40(0.47%) |    268       2    1458    230 |  110.30        0.00
POST     /setCurrency                                                                    1650    15(0.91%) |    391       3    1404    380 |   24.00        0.00
--------|----------------------------------------------------------------------------|-------|-------------|-------|-------|-------|-------|--------|-----------
         Aggregated                                                                     16518    87(0.53%) |    311       2    1865    280 |  207.20        0.00

Type     Name                                                                          # reqs      # fails |    Avg     Min     Max    Med |   req/s  failures/s
--------|----------------------------------------------------------------------------|-------|-------------|-------|-------|-------|-------|--------|-----------
GET      /                                                                                555     4(0.72%) |    411       2    1166    390 |    6.80        0.00
GET      /cart                                                                           2167     7(0.32%) |    318       2    1865    280 |   26.00        0.00
POST     /cart [add]                                                                     2807    19(0.68%) |    381       7    1846    340 |   31.30        0.00
POST     /cart/checkout                                                                  1061     2(0.19%) |    325       6    1475    290 |   11.10        0.00
GET      /product/[id]                                                                   8665    40(0.46%) |    275       2    1458    240 |  109.90        0.00
POST     /setCurrency                                                                    1701    15(0.88%) |    400       3    1404    390 |   22.30        0.00
--------|----------------------------------------------------------------------------|-------|-------------|-------|-------|-------|-------|--------|-----------
         Aggregated                                                                     16956    87(0.51%) |    318       2    1865    280 |  207.40        0.00

Type     Name                                                                          # reqs      # fails |    Avg     Min     Max    Med |   req/s  failures/s
--------|----------------------------------------------------------------------------|-------|-------------|-------|-------|-------|-------|--------|-----------
GET      /                                                                                572     4(0.70%) |    418       2    1166    400 |    6.90        0.00
GET      /cart                                                                           2218     7(0.32%) |    326       2    1865    280 |   26.30        0.00
POST     /cart [add]                                                                     2870    19(0.66%) |    391       7    1846    350 |   31.10        0.00
POST     /cart/checkout                                                                  1079     2(0.19%) |    330       6    1475    290 |   11.10        0.00
GET      /product/[id]                                                                   8894    40(0.45%) |    283       2    1458    250 |  110.50        0.00
POST     /setCurrency                                                                    1750    15(0.86%) |    408       3    1404    400 |   22.10        0.00
--------|----------------------------------------------------------------------------|-------|-------------|-------|-------|-------|-------|--------|-----------
         Aggregated                                                                     17383    87(0.50%) |    326       2    1865    290 |  208.00        0.00

Type     Name                                                                          # reqs      # fails |    Avg     Min     Max    Med |   req/s  failures/s
--------|----------------------------------------------------------------------------|-------|-------------|-------|-------|-------|-------|--------|-----------
GET      /                                                                                594     4(0.67%) |    426       2    1166    410 |    7.10        0.00
GET      /cart                                                                           2284     7(0.31%) |    335       2    1865    290 |   25.70        0.00
POST     /cart [add]                                                                     2940    19(0.65%) |    401       7    1846    360 |   31.90        0.00
POST     /cart/checkout                                                                  1109     2(0.18%) |    339       6    1475    300 |   12.30        0.00
GET      /product/[id]                                                                   9111    40(0.44%) |    291       2    1458    260 |  110.90        0.00
POST     /setCurrency                                                                    1800    15(0.83%) |    416       3    1404    410 |   22.90        0.00
--------|----------------------------------------------------------------------------|-------|-------------|-------|-------|-------|-------|--------|-----------
         Aggregated                                                                     17838    87(0.49%) |    335       2    1865    300 |  210.80        0.00

Type     Name                                                                          # reqs      # fails |    Avg     Min     Max    Med |   req/s  failures/s
--------|----------------------------------------------------------------------------|-------|-------------|-------|-------|-------|-------|--------|-----------
GET      /                                                                                611     4(0.65%) |    429       2    1166    410 |    8.50        0.00
GET      /cart                                                                           2340     7(0.30%) |    341       2    1865    300 |   27.40        0.00
POST     /cart [add]                                                                     2999    19(0.63%) |    408       7    1846    370 |   32.70        0.00
POST     /cart/checkout                                                                  1133     2(0.18%) |    343       6    1475    300 |   12.40        0.00
GET      /product/[id]                                                                   9359    40(0.43%) |    297       2    1458    270 |  110.40        0.00
POST     /setCurrency                                                                    1847    15(0.81%) |    420       3    1404    410 |   24.50        0.00
--------|----------------------------------------------------------------------------|-------|-------------|-------|-------|-------|-------|--------|-----------
         Aggregated                                                                     18289    87(0.48%) |    341       2    1865    310 |  215.90        0.00

Type     Name                                                                          # reqs      # fails |    Avg     Min     Max    Med |   req/s  failures/s
--------|----------------------------------------------------------------------------|-------|-------------|-------|-------|-------|-------|--------|-----------
GET      /                                                                                629     4(0.64%) |    435       2    1166    420 |    8.00        0.00
GET      /cart                                                                           2387     7(0.29%) |    348       2    1865    310 |   28.60        0.00
POST     /cart [add]                                                                     3079    19(0.62%) |    419       7    1846    380 |   32.30        0.00
POST     /cart/checkout                                                                  1150     2(0.17%) |    348       6    1475    300 |   13.10        0.00
GET      /product/[id]                                                                   9566    40(0.42%) |    304       2    1458    280 |  112.10        0.00
POST     /setCurrency                                                                    1891    15(0.79%) |    427       3    1404    420 |   23.10        0.00
--------|----------------------------------------------------------------------------|-------|-------------|-------|-------|-------|-------|--------|-----------
         Aggregated                                                                     18702    87(0.47%) |    348       2    1865    320 |  217.20        0.00

Type     Name                                                                          # reqs      # fails |    Avg     Min     Max    Med |   req/s  failures/s
--------|----------------------------------------------------------------------------|-------|-------------|-------|-------|-------|-------|--------|-----------
GET      /                                                                                647     4(0.62%) |    442       2    1310    430 |    8.50        0.00
GET      /cart                                                                           2449     7(0.29%) |    356       2    1865    320 |   27.70        0.00
POST     /cart [add]                                                                     3153    19(0.60%) |    429       7    1846    390 |   33.40        0.00
POST     /cart/checkout                                                                  1173     2(0.17%) |    354       6    1475    310 |   11.80        0.00
GET      /product/[id]                                                                   9785    40(0.41%) |    312       2    1468    280 |  113.70        0.00
POST     /setCurrency                                                                    1940    15(0.77%) |    431       3    1404    430 |   24.40        0.00
--------|----------------------------------------------------------------------------|-------|-------------|-------|-------|-------|-------|--------|-----------
         Aggregated                                                                     19147    87(0.45%) |    356       2    1865    330 |  219.50        0.00

Type     Name                                                                          # reqs      # fails |    Avg     Min     Max    Med |   req/s  failures/s
--------|----------------------------------------------------------------------------|-------|-------------|-------|-------|-------|-------|--------|-----------
GET      /                                                                                665     4(0.60%) |    446       2    1310    440 |    9.10        0.00
GET      /cart                                                                           2501     7(0.28%) |    365       2    1865    330 |   28.50        0.00
POST     /cart [add]                                                                     3221    19(0.59%) |    440       7    1846    400 |   34.00        0.00
POST     /cart/checkout                                                                  1196     2(0.17%) |    362       6    1475    310 |   11.60        0.00
GET      /product/[id]                                                                  10023    40(0.40%) |    321       2    1468    290 |  112.00        0.00
POST     /setCurrency                                                                    1975    15(0.76%) |    434       3    1404    440 |   24.30        0.00
--------|----------------------------------------------------------------------------|-------|-------------|-------|-------|-------|-------|--------|-----------
         Aggregated                                                                     19581    87(0.44%) |    364       2    1865    340 |  219.50        0.00

Type     Name                                                                          # reqs      # fails |    Avg     Min     Max    Med |   req/s  failures/s
--------|----------------------------------------------------------------------------|-------|-------------|-------|-------|-------|-------|--------|-----------
GET      /                                                                                682     4(0.59%) |    454       2    1310    450 |    9.20        0.00
GET      /cart                                                                           2554     7(0.27%) |    373       2    1865    340 |   28.00        0.00
POST     /cart [add]                                                                     3288    19(0.58%) |    450       7    1999    410 |   34.80        0.00
POST     /cart/checkout                                                                  1229     2(0.16%) |    372       6    1475    320 |   11.30        0.00
GET      /product/[id]                                                                  10245    40(0.39%) |    328       2    1468    300 |  113.60        0.00
POST     /setCurrency                                                                    2022    15(0.74%) |    444       3    1508    450 |   22.60        0.00
--------|----------------------------------------------------------------------------|-------|-------------|-------|-------|-------|-------|--------|-----------
         Aggregated                                                                     20020    87(0.43%) |    372       2    1999    340 |  219.50        0.00

Type     Name                                                                          # reqs      # fails |    Avg     Min     Max    Med |   req/s  failures/s
--------|----------------------------------------------------------------------------|-------|-------------|-------|-------|-------|-------|--------|-----------
GET      /                                                                                697     4(0.57%) |    459       2    1310    450 |    8.90        0.00
GET      /cart                                                                           2597     7(0.27%) |    379       2    1865    350 |   27.50        0.00
POST     /cart [add]                                                                     3357    19(0.57%) |    458       7    1999    420 |   34.50        0.00
POST     /cart/checkout                                                                  1253     2(0.16%) |    379       6    1475    330 |   11.70        0.00
GET      /product/[id]                                                                  10491    40(0.38%) |    337       2    1468    310 |  115.00        0.00
POST     /setCurrency                                                                    2069    15(0.72%) |    452       3    1508    460 |   22.30        0.00
--------|----------------------------------------------------------------------------|-------|-------------|-------|-------|-------|-------|--------|-----------
         Aggregated                                                                     20464    87(0.43%) |    380       2    1999    350 |  219.90        0.00

Type     Name                                                                          # reqs      # fails |    Avg     Min     Max    Med |   req/s  failures/s
--------|----------------------------------------------------------------------------|-------|-------------|-------|-------|-------|-------|--------|-----------
GET      /                                                                                707     4(0.57%) |    463       2    1310    460 |    5.90        0.03
GET      /cart                                                                           2653     7(0.26%) |    386       2    1865    360 |   22.13        0.06
POST     /cart [add]                                                                     3426    19(0.55%) |    468       7    1999    430 |   28.58        0.16
POST     /cart/checkout                                                                  1277     2(0.16%) |    387       6    1475    340 |   10.65        0.02
GET      /product/[id]                                                                  10681    40(0.37%) |    342       2    1468    320 |   89.11        0.33
POST     /setCurrency                                                                    2105    15(0.71%) |    459       3    1508    460 |   17.56        0.13
--------|----------------------------------------------------------------------------|-------|-------------|-------|-------|-------|-------|--------|-----------
         Aggregated                                                                     20849    87(0.42%) |    387       2    1999    360 |  173.95        0.73

Response time percentiles (approximated)
Type     Name                                                                                  50%    66%    75%    80%    90%    95%    98%    99%  99.9% 99.99%   100% # reqs
--------|--------------------------------------------------------------------------------|--------|------|------|------|------|------|------|------|------|------|------|------
GET      /                                                                                     460    560    610    670    760    900   1000   1100   1300   1300   1300    707
GET      /cart                                                                                 360    480    570    620    760    870   1000   1100   1600   1900   1900   2653
POST     /cart [add]                                                                           430    600    690    750    900   1000   1200   1300   1800   2000   2000   3426
POST     /cart/checkout                                                                        340    490    550    600    710    830    980   1100   1400   1500   1500   1277
GET      /product/[id]                                                                         320    450    520    560    660    750    860    920   1200   1500   1500  10681
POST     /setCurrency                                                                          460    570    630    680    800    920   1100   1200   1400   1500   1500   2105
--------|--------------------------------------------------------------------------------|--------|------|------|------|------|------|------|------|------|------|------|------
         Aggregated                                                                            360    490    570    610    740    860   1000   1100   1500   1800   2000  20849

Error report
# occurrences      Error                                                                                               
------------------|---------------------------------------------------------------------------------------------------------------------------------------------
40                 GET /product/[id]: HTTPError('500 Server Error: Internal Server Error for url: /product/[id]')      
15                 POST /setCurrency: HTTPError('500 Server Error: Internal Server Error for url: /setCurrency')       
7                  GET /cart: HTTPError('500 Server Error: Internal Server Error for url: /cart')                      
9                  POST /cart [add]: HTTPError('500 Server Error: Internal Server Error for url: /cart [add]')         
10                 POST /cart [add]: add falhou (500), skip checkout                                                   
4                  GET /: HTTPError('500 Server Error: Internal Server Error for url: /')                              
2                  POST /cart/checkout: HTTPError('500 Server Error: Internal Server Error for url: /cart/checkout')   
------------------|---------------------------------------------------------------------------------------------------------------------------------------------

