/Users/edias/Library/Python/3.9/lib/python/site-packages/urllib3/__init__.py:35: NotOpenSSLWarning: urllib3 v2 only supports OpenSSL 1.1.1+, currently the 'ssl' module is compiled with 'LibreSSL 2.8.3'. See: https://github.com/urllib3/urllib3/issues/3020
  warnings.warn(
[2026-04-26 10:19:21,913] Mac/WARNING/locust.main: Python 3.9 support is deprecated and will be removed soon
Type     Name                                                                          # reqs      # fails |    Avg     Min     Max    Med |   req/s  failures/s
--------|----------------------------------------------------------------------------|-------|-------------|-------|-------|-------|-------|--------|-----------
--------|----------------------------------------------------------------------------|-------|-------------|-------|-------|-------|-------|--------|-----------
         Aggregated                                                                         0     0(0.00%) |      0       0       0      0 |    0.00        0.00

Type     Name                                                                          # reqs      # fails |    Avg     Min     Max    Med |   req/s  failures/s
--------|----------------------------------------------------------------------------|-------|-------------|-------|-------|-------|-------|--------|-----------
GET      /                                                                                  1     0(0.00%) |     18      18      18     18 |    0.00        0.00
GET      /cart                                                                              1     0(0.00%) |     14      14      14     14 |    0.00        0.00
POST     /cart [add]                                                                        5     0(0.00%) |     19      16      22     20 |    0.00        0.00
POST     /cart/checkout                                                                     2     0(0.00%) |     22      20      25     20 |    0.00        0.00
GET      /product/[id]                                                                     15     0(0.00%) |     22      13      56     17 |    0.00        0.00
--------|----------------------------------------------------------------------------|-------|-------------|-------|-------|-------|-------|--------|-----------
         Aggregated                                                                        24     0(0.00%) |     21      13      56     18 |    0.00        0.00

Type     Name                                                                          # reqs      # fails |    Avg     Min     Max    Med |   req/s  failures/s
--------|----------------------------------------------------------------------------|-------|-------------|-------|-------|-------|-------|--------|-----------
GET      /                                                                                  2     0(0.00%) |     18      18      18     18 |    0.00        0.00
GET      /cart                                                                              2     0(0.00%) |     19      14      23     15 |    0.50        0.00
POST     /cart [add]                                                                       13     0(0.00%) |     21      16      32     22 |    1.50        0.00
POST     /cart/checkout                                                                     5     0(0.00%) |     23      20      25     24 |    0.50        0.00
GET      /product/[id]                                                                     44     0(0.00%) |     18      11      56     16 |    3.50        0.00
POST     /setCurrency                                                                       8     0(0.00%) |     20      17      27     19 |    0.00        0.00
--------|----------------------------------------------------------------------------|-------|-------------|-------|-------|-------|-------|--------|-----------
         Aggregated                                                                        74     0(0.00%) |     19      11      56     17 |    6.00        0.00

Type     Name                                                                          # reqs      # fails |    Avg     Min     Max    Med |   req/s  failures/s
--------|----------------------------------------------------------------------------|-------|-------------|-------|-------|-------|-------|--------|-----------
GET      /                                                                                  3     0(0.00%) |     18      17      18     18 |    0.25        0.00
GET      /cart                                                                              8     0(0.00%) |     15      10      23     15 |    0.50        0.00
POST     /cart [add]                                                                       27     0(0.00%) |     21      14      32     20 |    2.75        0.00
POST     /cart/checkout                                                                    12     0(0.00%) |     25      17      58     22 |    1.00        0.00
GET      /product/[id]                                                                     87     0(0.00%) |     18       9      56     16 |    7.50        0.00
POST     /setCurrency                                                                      18     0(0.00%) |     21      17      32     20 |    0.75        0.00
--------|----------------------------------------------------------------------------|-------|-------------|-------|-------|-------|-------|--------|-----------
         Aggregated                                                                       155     0(0.00%) |     19       9      58     18 |   12.75        0.00

Type     Name                                                                          # reqs      # fails |    Avg     Min     Max    Med |   req/s  failures/s
--------|----------------------------------------------------------------------------|-------|-------------|-------|-------|-------|-------|--------|-----------
GET      /                                                                                  6     0(0.00%) |     22      17      43     18 |    0.33        0.00
GET      /cart                                                                             21     0(0.00%) |     14      10      23     15 |    0.67        0.00
POST     /cart [add]                                                                       48     0(0.00%) |     23      13     124     19 |    3.50        0.00
POST     /cart/checkout                                                                    21     0(0.00%) |     23      15      58     22 |    1.50        0.00
GET      /product/[id]                                                                    144     0(0.00%) |     18       9      77     15 |   10.83        0.00
POST     /setCurrency                                                                      25     0(0.00%) |     21      15      32     20 |    2.50        0.00
--------|----------------------------------------------------------------------------|-------|-------------|-------|-------|-------|-------|--------|-----------
         Aggregated                                                                       265     0(0.00%) |     19       9     124     17 |   19.33        0.00

Type     Name                                                                          # reqs      # fails |    Avg     Min     Max    Med |   req/s  failures/s
--------|----------------------------------------------------------------------------|-------|-------------|-------|-------|-------|-------|--------|-----------
GET      /                                                                                  8     0(0.00%) |     20      15      43     17 |    0.62        0.00
GET      /cart                                                                             42     0(0.00%) |     13       9      23     13 |    2.12        0.00
POST     /cart [add]                                                                       70     0(0.00%) |     21      13     124     18 |    4.75        0.00
POST     /cart/checkout                                                                    28     0(0.00%) |     22      15      58     20 |    2.12        0.00
GET      /product/[id]                                                                    218     0(0.00%) |     16       8      77     13 |   14.50        0.00
POST     /setCurrency                                                                      34     0(0.00%) |     22      15      86     20 |    2.62        0.00
--------|----------------------------------------------------------------------------|-------|-------------|-------|-------|-------|-------|--------|-----------
         Aggregated                                                                       400     0(0.00%) |     18       8     124     16 |   26.75        0.00

Type     Name                                                                          # reqs      # fails |    Avg     Min     Max    Med |   req/s  failures/s
--------|----------------------------------------------------------------------------|-------|-------------|-------|-------|-------|-------|--------|-----------
GET      /                                                                                 11     0(0.00%) |     68      15     295     19 |    0.60        0.00
GET      /cart                                                                             56     0(0.00%) |     17       9     110     13 |    3.20        0.00
POST     /cart [add]                                                                      100     0(0.00%) |     36      12     269     19 |    6.40        0.00
POST     /cart/checkout                                                                    41     0(0.00%) |     33      15     188     22 |    2.70        0.00
GET      /product/[id]                                                                    295     0(0.00%) |     21       8     276     13 |   18.00        0.00
POST     /setCurrency                                                                      49     0(0.00%) |     36      15     289     21 |    2.90        0.00
--------|----------------------------------------------------------------------------|-------|-------------|-------|-------|-------|-------|--------|-----------
         Aggregated                                                                       552     0(0.00%) |     27       8     295     16 |   33.80        0.00

Type     Name                                                                          # reqs      # fails |    Avg     Min     Max    Med |   req/s  failures/s
--------|----------------------------------------------------------------------------|-------|-------------|-------|-------|-------|-------|--------|-----------
GET      /                                                                                 15     0(0.00%) |     55      15     295     19 |    0.80        0.00
GET      /cart                                                                             76     0(0.00%) |     17       9     110     13 |    5.20        0.00
POST     /cart [add]                                                                      136     0(0.00%) |     32      12     269     19 |    7.90        0.00
POST     /cart/checkout                                                                    54     0(0.00%) |     35      15     188     22 |    3.40        0.00
GET      /product/[id]                                                                    404     0(0.00%) |     21       8     276     13 |   26.00        0.00
POST     /setCurrency                                                                      57     0(0.00%) |     38      15     289     21 |    4.50        0.00
--------|----------------------------------------------------------------------------|-------|-------------|-------|-------|-------|-------|--------|-----------
         Aggregated                                                                       742     0(0.00%) |     25       8     295     16 |   47.80        0.00

Type     Name                                                                          # reqs      # fails |    Avg     Min     Max    Med |   req/s  failures/s
--------|----------------------------------------------------------------------------|-------|-------------|-------|-------|-------|-------|--------|-----------
GET      /                                                                                 17     0(0.00%) |     51      15     295     19 |    1.20        0.00
GET      /cart                                                                            100     0(0.00%) |     19       9     110     13 |    6.60        0.00
POST     /cart [add]                                                                      177     0(0.00%) |     32      12     269     19 |   11.10        0.00
POST     /cart/checkout                                                                    70     0(0.00%) |     37      15     188     22 |    4.60        0.00
GET      /product/[id]                                                                    515     0(0.00%) |     22       8     276     13 |   31.90        0.00
POST     /setCurrency                                                                      77     0(0.00%) |     40      15     289     21 |    5.10        0.00
--------|----------------------------------------------------------------------------|-------|-------------|-------|-------|-------|-------|--------|-----------
         Aggregated                                                                       956     0(0.00%) |     27       8     295     16 |   60.50        0.00

Type     Name                                                                          # reqs      # fails |    Avg     Min     Max    Med |   req/s  failures/s
--------|----------------------------------------------------------------------------|-------|-------------|-------|-------|-------|-------|--------|-----------
GET      /                                                                                 20     0(0.00%) |     56      15     295     19 |    1.30        0.00
GET      /cart                                                                            129     0(0.00%) |     35       8     238     14 |    8.70        0.00
POST     /cart [add]                                                                      212     0(0.00%) |     40      12     317     20 |   13.50        0.00
POST     /cart/checkout                                                                    81     0(0.00%) |     40      14     188     22 |    5.30        0.00
GET      /product/[id]                                                                    611     0(0.00%) |     29       8     276     14 |   40.50        0.00
POST     /setCurrency                                                                      97     0(0.00%) |     42      15     289     22 |    4.80        0.00
--------|----------------------------------------------------------------------------|-------|-------------|-------|-------|-------|-------|--------|-----------
         Aggregated                                                                      1150     0(0.00%) |     34       8     317     17 |   74.10        0.00

Type     Name                                                                          # reqs      # fails |    Avg     Min     Max    Med |   req/s  failures/s
--------|----------------------------------------------------------------------------|-------|-------------|-------|-------|-------|-------|--------|-----------
GET      /                                                                                 25     0(0.00%) |     60      15     295     21 |    1.50        0.00
GET      /cart                                                                            155     0(0.00%) |     45       8     248     16 |    9.80        0.00
POST     /cart [add]                                                                      247     0(0.00%) |     49      12     318     21 |   15.70        0.00
POST     /cart/checkout                                                                    95     0(0.00%) |     55      14     297     24 |    6.10        0.00
GET      /product/[id]                                                                    706     0(0.00%) |     38       8     296     15 |   44.80        0.00
POST     /setCurrency                                                                     122     0(0.00%) |     45      15     289     23 |    6.50        0.00
--------|----------------------------------------------------------------------------|-------|-------------|-------|-------|-------|-------|--------|-----------
         Aggregated                                                                      1350     0(0.00%) |     43       8     318     19 |   84.40        0.00

Type     Name                                                                          # reqs      # fails |    Avg     Min     Max    Med |   req/s  failures/s
--------|----------------------------------------------------------------------------|-------|-------------|-------|-------|-------|-------|--------|-----------
GET      /                                                                                 28     0(0.00%) |     60      15     295     23 |    1.60        0.00
GET      /cart                                                                            171     0(0.00%) |     80       8     925     17 |   11.40        0.00
POST     /cart [add]                                                                      275     0(0.00%) |     78      12     827     23 |   16.80        0.00
POST     /cart/checkout                                                                   100     0(0.00%) |     62      14     386     24 |    6.20        0.00
GET      /product/[id]                                                                    781     0(0.00%) |     62       8     784     16 |   49.00        0.00
POST     /setCurrency                                                                     136     0(0.00%) |     61      15     750     24 |    8.20        0.00
--------|----------------------------------------------------------------------------|-------|-------------|-------|-------|-------|-------|--------|-----------
         Aggregated                                                                      1491     0(0.00%) |     67       8     925     20 |   93.20        0.00

Type     Name                                                                          # reqs      # fails |    Avg     Min     Max    Med |   req/s  failures/s
--------|----------------------------------------------------------------------------|-------|-------------|-------|-------|-------|-------|--------|-----------
GET      /                                                                                 33     0(0.00%) |     71      15     364     26 |    1.80        0.00
GET      /cart                                                                            186     0(0.00%) |     87       8     925     20 |   11.30        0.00
POST     /cart [add]                                                                      305     0(0.00%) |     97      12     827     24 |   18.00        0.00
POST     /cart/checkout                                                                   112     0(0.00%) |     93      14     774     26 |    6.30        0.00
GET      /product/[id]                                                                    883     0(0.00%) |     88       8     836     18 |   48.20        0.00
POST     /setCurrency                                                                     153     0(0.00%) |     65      15     750     27 |    8.40        0.00
--------|----------------------------------------------------------------------------|-------|-------------|-------|-------|-------|-------|--------|-----------
         Aggregated                                                                      1672     0(0.00%) |     87       8     925     22 |   94.00        0.00

Type     Name                                                                          # reqs      # fails |    Avg     Min     Max    Med |   req/s  failures/s
--------|----------------------------------------------------------------------------|-------|-------------|-------|-------|-------|-------|--------|-----------
GET      /                                                                                 44     0(0.00%) |     80      14     371     28 |    1.90        0.00
GET      /cart                                                                            214     0(0.00%) |    115       8     925     39 |   11.00        0.00
POST     /cart [add]                                                                      333     0(0.00%) |    112      12     827     29 |   16.60        0.00
POST     /cart/checkout                                                                   119     0(0.00%) |     95      14     774     30 |    5.60        0.00
GET      /product/[id]                                                                    980     0(0.00%) |    105       8     836     21 |   48.50        0.00
POST     /setCurrency                                                                     174     0(0.00%) |     78      15     750     29 |    9.10        0.00
--------|----------------------------------------------------------------------------|-------|-------------|-------|-------|-------|-------|--------|-----------
         Aggregated                                                                      1864     0(0.00%) |    103       8     925     25 |   92.70        0.00

Type     Name                                                                          # reqs      # fails |    Avg     Min     Max    Med |   req/s  failures/s
--------|----------------------------------------------------------------------------|-------|-------------|-------|-------|-------|-------|--------|-----------
GET      /                                                                                 54     0(0.00%) |     79      14     371     32 |    2.40        0.00
GET      /cart                                                                            242     0(0.00%) |    132       8     925     55 |   10.60        0.00
POST     /cart [add]                                                                      374     0(0.00%) |    124      12     827     39 |   16.40        0.00
POST     /cart/checkout                                                                   131     0(0.00%) |    112      14     774     41 |    5.40        0.00
GET      /product/[id]                                                                   1086     0(0.00%) |    115       8     836     25 |   47.60        0.00
POST     /setCurrency                                                                     201     0(0.00%) |     78      15     750     33 |   10.10        0.00
--------|----------------------------------------------------------------------------|-------|-------------|-------|-------|-------|-------|--------|-----------
         Aggregated                                                                      2088     0(0.00%) |    114       8     925     32 |   92.50        0.00

Type     Name                                                                          # reqs      # fails |    Avg     Min     Max    Med |   req/s  failures/s
--------|----------------------------------------------------------------------------|-------|-------------|-------|-------|-------|-------|--------|-----------
GET      /                                                                                 63     0(0.00%) |     87      14     417     41 |    2.90        0.00
GET      /cart                                                                            279     0(0.00%) |    147       8     925     67 |   11.10        0.00
POST     /cart [add]                                                                      406     0(0.00%) |    126      12     827     41 |   15.80        0.00
POST     /cart/checkout                                                                   146     0(0.00%) |    123      14     774     53 |    4.90        0.00
GET      /product/[id]                                                                   1202     0(0.00%) |    125       8     836     32 |   46.50        0.00
POST     /setCurrency                                                                     230     0(0.00%) |     80      15     750     40 |   10.20        0.00
--------|----------------------------------------------------------------------------|-------|-------------|-------|-------|-------|-------|--------|-----------
         Aggregated                                                                      2326     0(0.00%) |    122       8     925     39 |   91.40        0.00

Type     Name                                                                          # reqs      # fails |    Avg     Min     Max    Med |   req/s  failures/s
--------|----------------------------------------------------------------------------|-------|-------------|-------|-------|-------|-------|--------|-----------
GET      /                                                                                 72     0(0.00%) |     94      14     417     46 |    3.70        0.00
GET      /cart                                                                            308     0(0.00%) |    166       8     925     71 |   11.40        0.00
POST     /cart [add]                                                                      437     0(0.00%) |    145      12     827     53 |   15.90        0.00
POST     /cart/checkout                                                                   158     0(0.00%) |    146      14     774     59 |    5.20        0.00
GET      /product/[id]                                                                   1305     0(0.00%) |    140       8     836     39 |   48.20        0.00
POST     /setCurrency                                                                     246     0(0.00%) |     81      15     750     45 |   10.80        0.00
--------|----------------------------------------------------------------------------|-------|-------------|-------|-------|-------|-------|--------|-----------
         Aggregated                                                                      2526     0(0.00%) |    137       8     925     48 |   95.20        0.00

Type     Name                                                                          # reqs      # fails |    Avg     Min     Max    Med |   req/s  failures/s
--------|----------------------------------------------------------------------------|-------|-------------|-------|-------|-------|-------|--------|-----------
GET      /                                                                                 77     0(0.00%) |     93      14     417     46 |    4.20        0.00
GET      /cart                                                                            340     0(0.00%) |    184       8     925     90 |   13.20        0.00
POST     /cart [add]                                                                      466     0(0.00%) |    157      12     827     62 |   16.00        0.00
POST     /cart/checkout                                                                   170     0(0.00%) |    160      14     774     71 |    5.20        0.00
GET      /product/[id]                                                                   1423     0(0.00%) |    161       8     836     54 |   50.20        0.00
POST     /setCurrency                                                                     268     0(0.00%) |     85      15     750     46 |   10.70        0.00
--------|----------------------------------------------------------------------------|-------|-------------|-------|-------|-------|-------|--------|-----------
         Aggregated                                                                      2744     0(0.00%) |    153       8     925     59 |   99.50        0.00

Type     Name                                                                          # reqs      # fails |    Avg     Min     Max    Med |   req/s  failures/s
--------|----------------------------------------------------------------------------|-------|-------------|-------|-------|-------|-------|--------|-----------
GET      /                                                                                 91     0(0.00%) |     96      14     417     66 |    4.30        0.00
GET      /cart                                                                            372     0(0.00%) |    197       8     925    100 |   14.50        0.00
POST     /cart [add]                                                                      495     0(0.00%) |    173      12     827     72 |   16.00        0.00
POST     /cart/checkout                                                                   178     0(0.00%) |    178      14     890     82 |    5.80        0.00
GET      /product/[id]                                                                   1530     0(0.00%) |    176       8     836     63 |   52.80        0.00
POST     /setCurrency                                                                     289     0(0.00%) |     87      15     750     50 |   11.50        0.00
--------|----------------------------------------------------------------------------|-------|-------------|-------|-------|-------|-------|--------|-----------
         Aggregated                                                                      2955     0(0.00%) |    167       8     925     67 |  104.90        0.00

Type     Name                                                                          # reqs      # fails |    Avg     Min     Max    Med |   req/s  failures/s
--------|----------------------------------------------------------------------------|-------|-------------|-------|-------|-------|-------|--------|-----------
GET      /                                                                                102     0(0.00%) |    105      14     600     67 |    4.20        0.00
GET      /cart                                                                            408     0(0.00%) |    221       8    1041    120 |   15.90        0.00
POST     /cart [add]                                                                      524     0(0.00%) |    190      12    1102     83 |   16.40        0.00
POST     /cart/checkout                                                                   185     0(0.00%) |    188      14     890     84 |    5.70        0.00
GET      /product/[id]                                                                   1632     0(0.00%) |    196       8     980     72 |   52.50        0.00
POST     /setCurrency                                                                     303     0(0.00%) |     92      15     750     52 |   11.80        0.00
--------|----------------------------------------------------------------------------|-------|-------------|-------|-------|-------|-------|--------|-----------
         Aggregated                                                                      3154     0(0.00%) |    185       8    1102     76 |  106.50        0.00

Type     Name                                                                          # reqs      # fails |    Avg     Min     Max    Med |   req/s  failures/s
--------|----------------------------------------------------------------------------|-------|-------------|-------|-------|-------|-------|--------|-----------
GET      /                                                                                113     0(0.00%) |    106      14     600     74 |    4.60        0.00
GET      /cart                                                                            441     0(0.00%) |    240       8    1041    130 |   16.00        0.00
POST     /cart [add]                                                                      564     0(0.00%) |    209      12    1102     89 |   15.50        0.00
POST     /cart/checkout                                                                   201     0(0.00%) |    206      14     890     85 |    5.10        0.00
GET      /product/[id]                                                                   1729     0(0.00%) |    209       8     980     78 |   54.60        0.00
POST     /setCurrency                                                                     326     0(0.00%) |     92      15     750     52 |   10.80        0.00
--------|----------------------------------------------------------------------------|-------|-------------|-------|-------|-------|-------|--------|-----------
         Aggregated                                                                      3374     0(0.00%) |    198       8    1102     81 |  106.60        0.00

Type     Name                                                                          # reqs      # fails |    Avg     Min     Max    Med |   req/s  failures/s
--------|----------------------------------------------------------------------------|-------|-------------|-------|-------|-------|-------|--------|-----------
GET      /                                                                                119     0(0.00%) |    103      14     600     67 |    5.00        0.00
GET      /cart                                                                            463     0(0.00%) |    246       8    1041    140 |   16.00        0.00
POST     /cart [add]                                                                      597     0(0.00%) |    219      12    1102     95 |   15.50        0.00
POST     /cart/checkout                                                                   210     0(0.00%) |    214      14     890     85 |    5.10        0.00
GET      /product/[id]                                                                   1826     0(0.00%) |    222       8     980     84 |   53.40        0.00
POST     /setCurrency                                                                     337     0(0.00%) |     92      15     750     57 |    9.10        0.00
--------|----------------------------------------------------------------------------|-------|-------------|-------|-------|-------|-------|--------|-----------
         Aggregated                                                                      3552     0(0.00%) |    208       8    1102     85 |  104.10        0.00

Type     Name                                                                          # reqs      # fails |    Avg     Min     Max    Med |   req/s  failures/s
--------|----------------------------------------------------------------------------|-------|-------------|-------|-------|-------|-------|--------|-----------
GET      /                                                                                129     0(0.00%) |    147      14    1061     77 |    5.00        0.00
GET      /cart                                                                            481     0(0.00%) |    259       8    1187    150 |   15.70        0.00
POST     /cart [add]                                                                      628     0(0.00%) |    250      12    1924    100 |   16.70        0.00
POST     /cart/checkout                                                                   220     0(0.00%) |    219      14    1746     88 |    5.90        0.00
GET      /product/[id]                                                                   1919     0(0.00%) |    245       8    1326     94 |   53.40        0.00
POST     /setCurrency                                                                     350     0(0.00%) |    107      15    1176     59 |    9.80        0.00
--------|----------------------------------------------------------------------------|-------|-------------|-------|-------|-------|-------|--------|-----------
         Aggregated                                                                      3727     0(0.00%) |    230       8    1924     93 |  106.50        0.00

Type     Name                                                                          # reqs      # fails |    Avg     Min     Max    Med |   req/s  failures/s
--------|----------------------------------------------------------------------------|-------|-------------|-------|-------|-------|-------|--------|-----------
GET      /                                                                                136     0(0.00%) |    149      14    1061     78 |    5.20        0.00
GET      /cart                                                                            509     0(0.00%) |    271       8    1187    160 |   14.80        0.00
POST     /cart [add]                                                                      666     0(0.00%) |    258      12    1924    110 |   15.80        0.00
POST     /cart/checkout                                                                   239     0(0.00%) |    243      14    1746     95 |    5.10        0.00
GET      /product/[id]                                                                   2033     0(0.00%) |    252       8    1326     99 |   50.90        0.00
POST     /setCurrency                                                                     377     0(0.00%) |    109      15    1176     62 |    8.50        0.00
--------|----------------------------------------------------------------------------|-------|-------------|-------|-------|-------|-------|--------|-----------
         Aggregated                                                                      3960     0(0.00%) |    237       8    1924     98 |  100.30        0.00

Type     Name                                                                          # reqs      # fails |    Avg     Min     Max    Med |   req/s  failures/s
--------|----------------------------------------------------------------------------|-------|-------------|-------|-------|-------|-------|--------|-----------
GET      /                                                                                152     0(0.00%) |    144      14    1061     77 |    5.20        0.00
GET      /cart                                                                            536     0(0.00%) |    275       8    1187    160 |   14.00        0.00
POST     /cart [add]                                                                      714     0(0.00%) |    268      12    1924    120 |   16.70        0.00
POST     /cart/checkout                                                                   253     0(0.00%) |    247      14    1746     97 |    6.10        0.00
GET      /product/[id]                                                                   2143     0(0.00%) |    259       8    1326    100 |   50.50        0.00
POST     /setCurrency                                                                     395     0(0.00%) |    109      15    1176     62 |    8.10        0.00
--------|----------------------------------------------------------------------------|-------|-------------|-------|-------|-------|-------|--------|-----------
         Aggregated                                                                      4193     0(0.00%) |    243       8    1924    100 |  100.60        0.00

Type     Name                                                                          # reqs      # fails |    Avg     Min     Max    Med |   req/s  failures/s
--------|----------------------------------------------------------------------------|-------|-------------|-------|-------|-------|-------|--------|-----------
GET      /                                                                                158     0(0.00%) |    142      14    1061     77 |    5.10        0.00
GET      /cart                                                                            562     0(0.00%) |    285       8    1187    170 |   13.90        0.00
POST     /cart [add]                                                                      744     0(0.00%) |    275      12    1924    120 |   18.30        0.00
POST     /cart/checkout                                                                   272     0(0.00%) |    262      14    1746    100 |    6.70        0.00
GET      /product/[id]                                                                   2258     0(0.00%) |    268       8    1326    110 |   51.30        0.00
POST     /setCurrency                                                                     416     0(0.00%) |    112      15    1176     63 |    8.90        0.00
--------|----------------------------------------------------------------------------|-------|-------------|-------|-------|-------|-------|--------|-----------
         Aggregated                                                                      4410     0(0.00%) |    252       8    1924    110 |  104.20        0.00

Type     Name                                                                          # reqs      # fails |    Avg     Min     Max    Med |   req/s  failures/s
--------|----------------------------------------------------------------------------|-------|-------------|-------|-------|-------|-------|--------|-----------
GET      /                                                                                159     0(0.00%) |    141      14    1061     78 |    4.80        0.00
GET      /cart                                                                            589     0(0.00%) |    290       8    1187    180 |   13.10        0.00
POST     /cart [add]                                                                      765     0(0.00%) |    285      12    1924    140 |   18.50        0.00
POST     /cart/checkout                                                                   280     0(0.00%) |    271      14    1746    100 |    7.30        0.00
GET      /product/[id]                                                                   2375     0(0.00%) |    279       8    1326    130 |   51.30        0.00
POST     /setCurrency                                                                     439     0(0.00%) |    115      15    1176     68 |    9.50        0.00
--------|----------------------------------------------------------------------------|-------|-------------|-------|-------|-------|-------|--------|-----------
         Aggregated                                                                      4607     0(0.00%) |    260       8    1924    110 |  104.50        0.00

Type     Name                                                                          # reqs      # fails |    Avg     Min     Max    Med |   req/s  failures/s
--------|----------------------------------------------------------------------------|-------|-------------|-------|-------|-------|-------|--------|-----------
GET      /                                                                                166     0(0.00%) |    141      14    1061     80 |    4.00        0.00
GET      /cart                                                                            625     0(0.00%) |    297       8    1187    190 |   12.20        0.00
POST     /cart [add]                                                                      790     0(0.00%) |    288      12    1924    150 |   16.40        0.00
POST     /cart/checkout                                                                   292     0(0.00%) |    279      14    1746    110 |    6.30        0.00
GET      /product/[id]                                                                   2482     0(0.00%) |    284       8    1326    140 |   52.20        0.00
POST     /setCurrency                                                                     466     0(0.00%) |    114      15    1176     68 |    8.80        0.00
--------|----------------------------------------------------------------------------|-------|-------------|-------|-------|-------|-------|--------|-----------
         Aggregated                                                                      4821     0(0.00%) |    265       8    1924    120 |   99.90        0.00

Type     Name                                                                          # reqs      # fails |    Avg     Min     Max    Med |   req/s  failures/s
--------|----------------------------------------------------------------------------|-------|-------------|-------|-------|-------|-------|--------|-----------
GET      /                                                                                171     0(0.00%) |    139      14    1061     80 |    3.50        0.00
GET      /cart                                                                            655     0(0.00%) |    303       8    1187    200 |   14.00        0.00
POST     /cart [add]                                                                      826     0(0.00%) |    296      12    1924    150 |   17.60        0.00
POST     /cart/checkout                                                                   304     0(0.00%) |    280      14    1746    110 |    7.20        0.00
GET      /product/[id]                                                                   2577     0(0.00%) |    292       8    1326    150 |   55.60        0.00
POST     /setCurrency                                                                     488     0(0.00%) |    114      15    1176     70 |   11.00        0.00
--------|----------------------------------------------------------------------------|-------|-------------|-------|-------|-------|-------|--------|-----------
         Aggregated                                                                      5021     0(0.00%) |    271       8    1924    130 |  108.90        0.00

Type     Name                                                                          # reqs      # fails |    Avg     Min     Max    Med |   req/s  failures/s
--------|----------------------------------------------------------------------------|-------|-------------|-------|-------|-------|-------|--------|-----------
GET      /                                                                                175     0(0.00%) |    145      14    1061     80 |    3.40        0.00
GET      /cart                                                                            678     0(0.00%) |    312       8    1187    200 |   14.50        0.00
POST     /cart [add]                                                                      855     0(0.00%) |    307      12    1924    160 |   15.70        0.00
POST     /cart/checkout                                                                   323     0(0.00%) |    302      14    1746    120 |    6.30        0.00
GET      /product/[id]                                                                   2671     0(0.00%) |    301       8    1434    160 |   56.30        0.00
POST     /setCurrency                                                                     510     0(0.00%) |    120      15    1176     73 |   11.70        0.00
--------|----------------------------------------------------------------------------|-------|-------------|-------|-------|-------|-------|--------|-----------
         Aggregated                                                                      5212     0(0.00%) |    281       8    1924    130 |  107.90        0.00

Type     Name                                                                          # reqs      # fails |    Avg     Min     Max    Med |   req/s  failures/s
--------|----------------------------------------------------------------------------|-------|-------------|-------|-------|-------|-------|--------|-----------
GET      /                                                                                182     0(0.00%) |    143      14    1061     83 |    2.70        0.00
GET      /cart                                                                            710     0(0.00%) |    316       8    1187    200 |   14.30        0.00
POST     /cart [add]                                                                      886     0(0.00%) |    309      12    1924    160 |   14.10        0.00
POST     /cart/checkout                                                                   332     0(0.00%) |    305      14    1746    120 |    6.30        0.00
GET      /product/[id]                                                                   2785     0(0.00%) |    306       8    1434    160 |   53.00        0.00
POST     /setCurrency                                                                     529     0(0.00%) |    120      15    1176     73 |   11.20        0.00
--------|----------------------------------------------------------------------------|-------|-------------|-------|-------|-------|-------|--------|-----------
         Aggregated                                                                      5424     0(0.00%) |    284       8    1924    130 |  101.60        0.00

Type     Name                                                                          # reqs      # fails |    Avg     Min     Max    Med |   req/s  failures/s
--------|----------------------------------------------------------------------------|-------|-------------|-------|-------|-------|-------|--------|-----------
GET      /                                                                                197     0(0.00%) |    140      14    1061     87 |    1.90        0.00
GET      /cart                                                                            739     0(0.00%) |    319       8    1187    210 |   14.80        0.00
POST     /cart [add]                                                                      920     0(0.00%) |    315      12    1924    160 |   13.90        0.00
POST     /cart/checkout                                                                   344     0(0.00%) |    309      14    1746    130 |    6.50        0.00
GET      /product/[id]                                                                   2897     0(0.00%) |    313       8    1434    180 |   52.20        0.00
POST     /setCurrency                                                                     550     0(0.00%) |    119      15    1176     74 |   11.30        0.00
--------|----------------------------------------------------------------------------|-------|-------------|-------|-------|-------|-------|--------|-----------
         Aggregated                                                                      5647     0(0.00%) |    289       8    1924    140 |  100.60        0.00

Type     Name                                                                          # reqs      # fails |    Avg     Min     Max    Med |   req/s  failures/s
--------|----------------------------------------------------------------------------|-------|-------------|-------|-------|-------|-------|--------|-----------
GET      /                                                                                213     0(0.00%) |    137      14    1061     83 |    3.30        0.00
GET      /cart                                                                            768     0(0.00%) |    320       8    1187    210 |   14.90        0.00
POST     /cart [add]                                                                      958     0(0.00%) |    316      12    1924    160 |   15.00        0.00
POST     /cart/checkout                                                                   357     0(0.00%) |    311      14    1746    140 |    6.50        0.00
GET      /product/[id]                                                                   3020     0(0.00%) |    315       8    1434    200 |   53.10        0.00
POST     /setCurrency                                                                     578     0(0.00%) |    119      15    1176     75 |   11.70        0.00
--------|----------------------------------------------------------------------------|-------|-------------|-------|-------|-------|-------|--------|-----------
         Aggregated                                                                      5894     0(0.00%) |    290       8    1924    140 |  104.50        0.00

Type     Name                                                                          # reqs      # fails |    Avg     Min     Max    Med |   req/s  failures/s
--------|----------------------------------------------------------------------------|-------|-------------|-------|-------|-------|-------|--------|-----------
GET      /                                                                                224     0(0.00%) |    133      14    1061     78 |    4.50        0.00
GET      /cart                                                                            800     0(0.00%) |    321       8    1187    230 |   13.80        0.00
POST     /cart [add]                                                                      996     0(0.00%) |    319      12    1924    170 |   15.70        0.00
POST     /cart/checkout                                                                   367     0(0.00%) |    313      14    1746    150 |    6.40        0.00
GET      /product/[id]                                                                   3137     0(0.00%) |    316       8    1434    210 |   53.70        0.00
POST     /setCurrency                                                                     607     0(0.00%) |    118      15    1176     74 |   10.70        0.00
--------|----------------------------------------------------------------------------|-------|-------------|-------|-------|-------|-------|--------|-----------
         Aggregated                                                                      6131     0(0.00%) |    291       8    1924    140 |  104.80        0.00

Type     Name                                                                          # reqs      # fails |    Avg     Min     Max    Med |   req/s  failures/s
--------|----------------------------------------------------------------------------|-------|-------------|-------|-------|-------|-------|--------|-----------
GET      /                                                                                230     0(0.00%) |    139      14    1061     80 |    5.10        0.00
GET      /cart                                                                            835     0(0.00%) |    330       8    1262    250 |   14.60        0.00
POST     /cart [add]                                                                     1013     0(0.00%) |    322      12    1924    180 |   17.40        0.00
POST     /cart/checkout                                                                   375     0(0.00%) |    315      14    1746    150 |    6.60        0.00
GET      /product/[id]                                                                   3227     0(0.00%) |    325       8    1434    230 |   54.30        0.00
POST     /setCurrency                                                                     623     0(0.00%) |    127      15    1267     75 |   11.30        0.00
--------|----------------------------------------------------------------------------|-------|-------------|-------|-------|-------|-------|--------|-----------
         Aggregated                                                                      6303     0(0.00%) |    298       8    1924    150 |  109.30        0.00

Type     Name                                                                          # reqs      # fails |    Avg     Min     Max    Med |   req/s  failures/s
--------|----------------------------------------------------------------------------|-------|-------------|-------|-------|-------|-------|--------|-----------
GET      /                                                                                236     0(0.00%) |    139      14    1061     83 |    5.30        0.00
GET      /cart                                                                            864     0(0.00%) |    330       8    1262    250 |   15.10        0.00
POST     /cart [add]                                                                     1053     0(0.00%) |    326      12    1924    180 |   17.50        0.00
POST     /cart/checkout                                                                   392     0(0.00%) |    332      14    1746    150 |    6.40        0.00
GET      /product/[id]                                                                   3337     0(0.00%) |    326       8    1434    230 |   57.00        0.00
POST     /setCurrency                                                                     648     0(0.00%) |    126      15    1267     77 |   11.30        0.00
--------|----------------------------------------------------------------------------|-------|-------------|-------|-------|-------|-------|--------|-----------
         Aggregated                                                                      6530     0(0.00%) |    300       8    1924    150 |  112.60        0.00

Type     Name                                                                          # reqs      # fails |    Avg     Min     Max    Med |   req/s  failures/s
--------|----------------------------------------------------------------------------|-------|-------------|-------|-------|-------|-------|--------|-----------
GET      /                                                                                241     0(0.00%) |    137      14    1061     80 |    5.80        0.00
GET      /cart                                                                            886     0(0.00%) |    331       8    1262    250 |   15.00        0.00
POST     /cart [add]                                                                     1102     0(0.00%) |    330      12    1924    190 |   16.50        0.00
POST     /cart/checkout                                                                   411     0(0.00%) |    333      14    1746    150 |    5.40        0.00
GET      /product/[id]                                                                   3460     0(0.00%) |    327       8    1434    230 |   56.20        0.00
POST     /setCurrency                                                                     662     0(0.00%) |    126      15    1267     78 |   12.00        0.00
--------|----------------------------------------------------------------------------|-------|-------------|-------|-------|-------|-------|--------|-----------
         Aggregated                                                                      6762     0(0.00%) |    302       8    1924    160 |  110.90        0.00

Type     Name                                                                          # reqs      # fails |    Avg     Min     Max    Med |   req/s  failures/s
--------|----------------------------------------------------------------------------|-------|-------------|-------|-------|-------|-------|--------|-----------
GET      /                                                                                247     0(0.00%) |    136      14    1061     80 |    4.90        0.00
GET      /cart                                                                            919     0(0.00%) |    330       8    1262    240 |   14.90        0.00
POST     /cart [add]                                                                     1137     0(0.00%) |    332      12    1924    190 |   18.10        0.00
POST     /cart/checkout                                                                   427     0(0.00%) |    337      14    1746    160 |    6.40        0.00
GET      /product/[id]                                                                   3587     0(0.00%) |    331       8    1434    250 |   56.40        0.00
POST     /setCurrency                                                                     681     0(0.00%) |    125      15    1267     78 |   11.50        0.00
--------|----------------------------------------------------------------------------|-------|-------------|-------|-------|-------|-------|--------|-----------
         Aggregated                                                                      6998     0(0.00%) |    304       8    1924    160 |  112.20        0.00

Type     Name                                                                          # reqs      # fails |    Avg     Min     Max    Med |   req/s  failures/s
--------|----------------------------------------------------------------------------|-------|-------------|-------|-------|-------|-------|--------|-----------
GET      /                                                                                255     0(0.00%) |    134      14    1061     78 |    3.40        0.00
GET      /cart                                                                            953     0(0.00%) |    330       8    1262    240 |   15.10        0.00
POST     /cart [add]                                                                     1168     0(0.00%) |    333      12    1924    190 |   17.90        0.00
POST     /cart/checkout                                                                   439     0(0.00%) |    340      14    1746    160 |    7.00        0.00
GET      /product/[id]                                                                   3734     0(0.00%) |    331       8    1434    250 |   56.70        0.00
POST     /setCurrency                                                                     709     0(0.00%) |    123      15    1267     77 |   10.30        0.00
--------|----------------------------------------------------------------------------|-------|-------------|-------|-------|-------|-------|--------|-----------
         Aggregated                                                                      7258     0(0.00%) |    304       8    1924    160 |  110.40        0.00

Type     Name                                                                          # reqs      # fails |    Avg     Min     Max    Med |   req/s  failures/s
--------|----------------------------------------------------------------------------|-------|-------------|-------|-------|-------|-------|--------|-----------
GET      /                                                                                263     0(0.00%) |    131      14    1061     77 |    3.10        0.00
GET      /cart                                                                            987     0(0.00%) |    330       8    1262    250 |   15.30        0.00
POST     /cart [add]                                                                     1207     0(0.00%) |    334      12    1924    200 |   17.20        0.00
POST     /cart/checkout                                                                   453     0(0.00%) |    340      14    1746    170 |    7.20        0.00
GET      /product/[id]                                                                   3871     0(0.00%) |    330       8    1434    270 |   59.60        0.00
POST     /setCurrency                                                                     730     0(0.00%) |    123      15    1267     78 |   10.20        0.00
--------|----------------------------------------------------------------------------|-------|-------------|-------|-------|-------|-------|--------|-----------
         Aggregated                                                                      7511     0(0.00%) |    304       8    1924    160 |  112.60        0.00

Type     Name                                                                          # reqs      # fails |    Avg     Min     Max    Med |   req/s  failures/s
--------|----------------------------------------------------------------------------|-------|-------------|-------|-------|-------|-------|--------|-----------
GET      /                                                                                274     0(0.00%) |    128      14    1061     75 |    3.20        0.00
GET      /cart                                                                           1021     0(0.00%) |    328       8    1262    250 |   15.10        0.00
POST     /cart [add]                                                                     1253     0(0.00%) |    333      12    1924    210 |   18.10        0.00
POST     /cart/checkout                                                                   471     0(0.00%) |    338      14    1746    170 |    7.20        0.00
GET      /product/[id]                                                                   4001     0(0.00%) |    330       8    1434    280 |   61.50        0.00
POST     /setCurrency                                                                     753     0(0.00%) |    121      15    1267     78 |   10.80        0.00
--------|----------------------------------------------------------------------------|-------|-------------|-------|-------|-------|-------|--------|-----------
         Aggregated                                                                      7773     0(0.00%) |    303       8    1924    160 |  115.90        0.00

Type     Name                                                                          # reqs      # fails |    Avg     Min     Max    Med |   req/s  failures/s
--------|----------------------------------------------------------------------------|-------|-------------|-------|-------|-------|-------|--------|-----------
GET      /                                                                                280     0(0.00%) |    126      13    1061     74 |    3.60        0.00
GET      /cart                                                                           1046     0(0.00%) |    327       8    1262    250 |   15.50        0.00
POST     /cart [add]                                                                     1299     0(0.00%) |    331      11    1924    210 |   19.80        0.00
POST     /cart/checkout                                                                   491     0(0.00%) |    334      14    1746    170 |    7.70        0.00
GET      /product/[id]                                                                   4151     0(0.00%) |    329       8    1434    290 |   66.00        0.00
POST     /setCurrency                                                                     773     0(0.00%) |    119      15    1267     76 |    9.60        0.00
--------|----------------------------------------------------------------------------|-------|-------------|-------|-------|-------|-------|--------|-----------
         Aggregated                                                                      8040     0(0.00%) |    302       8    1924    160 |  122.20        0.00

Type     Name                                                                          # reqs      # fails |    Avg     Min     Max    Med |   req/s  failures/s
--------|----------------------------------------------------------------------------|-------|-------------|-------|-------|-------|-------|--------|-----------
GET      /                                                                                288     0(0.00%) |    124      13    1061     73 |    3.90        0.00
GET      /cart                                                                           1077     0(0.00%) |    328       8    1262    270 |   16.00        0.00
POST     /cart [add]                                                                     1342     0(0.00%) |    330      11    1924    220 |   19.70        0.00
POST     /cart/checkout                                                                   507     0(0.00%) |    333      14    1746    180 |    8.00        0.00
GET      /product/[id]                                                                   4287     0(0.00%) |    328       8    1434    300 |   69.10        0.00
POST     /setCurrency                                                                     802     0(0.00%) |    117      14    1267     74 |   11.10        0.00
--------|----------------------------------------------------------------------------|-------|-------------|-------|-------|-------|-------|--------|-----------
         Aggregated                                                                      8303     0(0.00%) |    301       8    1924    160 |  127.80        0.00

Type     Name                                                                          # reqs      # fails |    Avg     Min     Max    Med |   req/s  failures/s
--------|----------------------------------------------------------------------------|-------|-------------|-------|-------|-------|-------|--------|-----------
GET      /                                                                                301     0(0.00%) |    121      13    1061     70 |    4.00        0.00
GET      /cart                                                                           1107     0(0.00%) |    328       8    1262    280 |   15.70        0.00
POST     /cart [add]                                                                     1394     0(0.00%) |    328      11    1924    220 |   20.50        0.00
POST     /cart/checkout                                                                   528     0(0.00%) |    329      14    1746    160 |    8.00        0.00
GET      /product/[id]                                                                   4417     0(0.00%) |    328       8    1434    320 |   69.90        0.00
POST     /setCurrency                                                                     831     0(0.00%) |    115      14    1267     74 |   12.10        0.00
--------|----------------------------------------------------------------------------|-------|-------------|-------|-------|-------|-------|--------|-----------
         Aggregated                                                                      8578     0(0.00%) |    300       8    1924    160 |  130.20        0.00

Type     Name                                                                          # reqs      # fails |    Avg     Min     Max    Med |   req/s  failures/s
--------|----------------------------------------------------------------------------|-------|-------------|-------|-------|-------|-------|--------|-----------
GET      /                                                                                308     0(0.00%) |    119      13    1061     69 |    4.50        0.00
GET      /cart                                                                           1148     0(0.00%) |    325       8    1262    280 |   15.60        0.00
POST     /cart [add]                                                                     1433     0(0.00%) |    328      11    1924    230 |   21.20        0.00
POST     /cart/checkout                                                                   542     0(0.00%) |    330      14    1746    180 |    8.30        0.00
GET      /product/[id]                                                                   4541     0(0.00%) |    328       8    1434    330 |   69.30        0.00
POST     /setCurrency                                                                     855     0(0.00%) |    114      14    1267     74 |   12.10        0.00
--------|----------------------------------------------------------------------------|-------|-------------|-------|-------|-------|-------|--------|-----------
         Aggregated                                                                      8827     0(0.00%) |    300       8    1924    170 |  131.00        0.00

Type     Name                                                                          # reqs      # fails |    Avg     Min     Max    Med |   req/s  failures/s
--------|----------------------------------------------------------------------------|-------|-------------|-------|-------|-------|-------|--------|-----------
GET      /                                                                                318     0(0.00%) |    123      13    1061     69 |    4.50        0.00
GET      /cart                                                                           1170     0(0.00%) |    326       8    1262    280 |   16.10        0.00
POST     /cart [add]                                                                     1463     0(0.00%) |    331      11    1924    230 |   22.60        0.00
POST     /cart/checkout                                                                   556     0(0.00%) |    334      14    1746    180 |    8.90        0.00
GET      /product/[id]                                                                   4657     0(0.00%) |    330       8    1434    340 |   67.10        0.00
POST     /setCurrency                                                                     879     0(0.00%) |    122      14    1267     76 |   12.60        0.00
--------|----------------------------------------------------------------------------|-------|-------------|-------|-------|-------|-------|--------|-----------
         Aggregated                                                                      9043     0(0.00%) |    303       8    1924    170 |  131.80        0.00

Type     Name                                                                          # reqs      # fails |    Avg     Min     Max    Med |   req/s  failures/s
--------|----------------------------------------------------------------------------|-------|-------------|-------|-------|-------|-------|--------|-----------
GET      /                                                                                324     0(0.00%) |    129      13    1061     70 |    4.40        0.00
GET      /cart                                                                           1195     0(0.00%) |    329       8    1262    300 |   14.80        0.00
POST     /cart [add]                                                                     1483     0(0.00%) |    332      11    1924    240 |   21.00        0.00
POST     /cart/checkout                                                                   565     0(0.00%) |    333      14    1746    190 |    8.50        0.00
GET      /product/[id]                                                                   4751     0(0.00%) |    333       8    1434    360 |   65.60        0.00
POST     /setCurrency                                                                     904     0(0.00%) |    126      14    1267     75 |   12.60        0.00
--------|----------------------------------------------------------------------------|-------|-------------|-------|-------|-------|-------|--------|-----------
         Aggregated                                                                      9222     0(0.00%) |    305       8    1924    180 |  126.90        0.00

Type     Name                                                                          # reqs      # fails |    Avg     Min     Max    Med |   req/s  failures/s
--------|----------------------------------------------------------------------------|-------|-------------|-------|-------|-------|-------|--------|-----------
GET      /                                                                                331     0(0.00%) |    127      13    1061     69 |    4.40        0.00
GET      /cart                                                                           1220     0(0.00%) |    329       8    1262    300 |   14.90        0.00
POST     /cart [add]                                                                     1527     0(0.00%) |    338      11    1924    240 |   18.40        0.00
POST     /cart/checkout                                                                   583     0(0.00%) |    338      14    1746    190 |    7.40        0.00
GET      /product/[id]                                                                   4884     0(0.00%) |    335       8    1434    360 |   59.90        0.00
POST     /setCurrency                                                                     921     0(0.00%) |    125      14    1267     76 |   13.10        0.00
--------|----------------------------------------------------------------------------|-------|-------------|-------|-------|-------|-------|--------|-----------
         Aggregated                                                                      9466     0(0.00%) |    307       8    1924    180 |  118.10        0.00

Type     Name                                                                          # reqs      # fails |    Avg     Min     Max    Med |   req/s  failures/s
--------|----------------------------------------------------------------------------|-------|-------------|-------|-------|-------|-------|--------|-----------
GET      /                                                                                333     0(0.00%) |    126      13    1061     69 |    4.30        0.00
GET      /cart                                                                           1245     0(0.00%) |    331       8    1262    320 |   15.00        0.00
POST     /cart [add]                                                                     1559     0(0.00%) |    338      11    1924    240 |   18.50        0.00
POST     /cart/checkout                                                                   592     0(0.00%) |    340      14    1746    200 |    7.40        0.00
GET      /product/[id]                                                                   4972     0(0.00%) |    335       8    1434    360 |   59.00        0.00
POST     /setCurrency                                                                     932     0(0.00%) |    124      14    1267     75 |   12.20        0.00
--------|----------------------------------------------------------------------------|-------|-------------|-------|-------|-------|-------|--------|-----------
         Aggregated                                                                      9633     0(0.00%) |    308       8    1924    180 |  116.40        0.00

Type     Name                                                                          # reqs      # fails |    Avg     Min     Max    Med |   req/s  failures/s
--------|----------------------------------------------------------------------------|-------|-------------|-------|-------|-------|-------|--------|-----------
GET      /                                                                                343     0(0.00%) |    134      13    1459     69 |    3.20        0.00
GET      /cart                                                                           1275     0(0.00%) |    333       8    1262    320 |   13.80        0.00
POST     /cart [add]                                                                     1606     0(0.00%) |    342      11    1924    250 |   16.60        0.00
POST     /cart/checkout                                                                   611     0(0.00%) |    349      14    1767    200 |    6.40        0.00
GET      /product/[id]                                                                   5096     0(0.00%) |    339       8    1434    370 |   55.50        0.00
POST     /setCurrency                                                                     957     0(0.00%) |    130      14    1514     78 |   10.10        0.00
--------|----------------------------------------------------------------------------|-------|-------------|-------|-------|-------|-------|--------|-----------
         Aggregated                                                                      9888     0(0.00%) |    312       8    1924    180 |  105.60        0.00

Type     Name                                                                          # reqs      # fails |    Avg     Min     Max    Med |   req/s  failures/s
--------|----------------------------------------------------------------------------|-------|-------------|-------|-------|-------|-------|--------|-----------
GET      /                                                                                354     0(0.00%) |    132      13    1459     69 |    3.40        0.00
GET      /cart                                                                           1322     0(0.00%) |    332       8    1262    320 |   12.60        0.00
POST     /cart [add]                                                                     1648     0(0.00%) |    342      11    1924    250 |   17.30        0.00
POST     /cart/checkout                                                                   629     0(0.00%) |    349      14    1767    220 |    6.90        0.00
GET      /product/[id]                                                                   5200     0(0.00%) |    340       8    1434    380 |   54.90        0.00
POST     /setCurrency                                                                     983     0(0.00%) |    129      14    1514     77 |   10.10        0.00
--------|----------------------------------------------------------------------------|-------|-------------|-------|-------|-------|-------|--------|-----------
         Aggregated                                                                     10136     0(0.00%) |    312       8    1924    180 |  105.20        0.00

Type     Name                                                                          # reqs      # fails |    Avg     Min     Max    Med |   req/s  failures/s
--------|----------------------------------------------------------------------------|-------|-------------|-------|-------|-------|-------|--------|-----------
GET      /                                                                                363     0(0.00%) |    131      13    1459     69 |    3.60        0.00
GET      /cart                                                                           1365     0(0.00%) |    330       8    1262    310 |   15.20        0.00
POST     /cart [add]                                                                     1683     0(0.00%) |    342      11    1924    260 |   18.30        0.00
POST     /cart/checkout                                                                   642     0(0.00%) |    348      14    1767    220 |    7.30        0.00
GET      /product/[id]                                                                   5319     0(0.00%) |    341       8    1434    380 |   53.70        0.00
POST     /setCurrency                                                                    1014     0(0.00%) |    127      14    1514     76 |   10.40        0.00
--------|----------------------------------------------------------------------------|-------|-------------|-------|-------|-------|-------|--------|-----------
         Aggregated                                                                     10386     0(0.00%) |    312       8    1924    180 |  108.50        0.00

Type     Name                                                                          # reqs      # fails |    Avg     Min     Max    Med |   req/s  failures/s
--------|----------------------------------------------------------------------------|-------|-------------|-------|-------|-------|-------|--------|-----------
GET      /                                                                                367     0(0.00%) |    131      13    1459     69 |    3.90        0.00
GET      /cart                                                                           1391     0(0.00%) |    330       8    1262    310 |   16.90        0.00
POST     /cart [add]                                                                     1729     0(0.00%) |    343      11    1924    260 |   19.80        0.00
POST     /cart/checkout                                                                   654     0(0.00%) |    349      14    1767    220 |    7.40        0.00
GET      /product/[id]                                                                   5437     0(0.00%) |    342       8    1434    390 |   56.40        0.00
POST     /setCurrency                                                                    1043     0(0.00%) |    126      14    1514     76 |   10.80        0.00
--------|----------------------------------------------------------------------------|-------|-------------|-------|-------|-------|-------|--------|-----------
         Aggregated                                                                     10621     0(0.00%) |    312       8    1924    190 |  115.20        0.00

Type     Name                                                                          # reqs      # fails |    Avg     Min     Max    Med |   req/s  failures/s
--------|----------------------------------------------------------------------------|-------|-------------|-------|-------|-------|-------|--------|-----------
GET      /                                                                                377     0(0.00%) |    129      13    1459     67 |    3.60        0.00
GET      /cart                                                                           1421     0(0.00%) |    331       8    1262    320 |   17.10        0.00
POST     /cart [add]                                                                     1773     0(0.00%) |    343      11    1924    270 |   20.10        0.00
POST     /cart/checkout                                                                   665     0(0.00%) |    350      14    1767    230 |    7.10        0.00
GET      /product/[id]                                                                   5559     0(0.00%) |    342       8    1434    390 |   55.10        0.00
POST     /setCurrency                                                                    1068     0(0.00%) |    125      14    1514     75 |   12.20        0.00
--------|----------------------------------------------------------------------------|-------|-------------|-------|-------|-------|-------|--------|-----------
         Aggregated                                                                     10863     0(0.00%) |    312       8    1924    190 |  115.20        0.00

Type     Name                                                                          # reqs      # fails |    Avg     Min     Max    Med |   req/s  failures/s
--------|----------------------------------------------------------------------------|-------|-------------|-------|-------|-------|-------|--------|-----------
GET      /                                                                                383     0(0.00%) |    129      13    1459     67 |    4.30        0.00
GET      /cart                                                                           1448     0(0.00%) |    332       8    1262    330 |   17.50        0.00
POST     /cart [add]                                                                     1808     0(0.00%) |    346      11    1924    280 |   21.40        0.00
POST     /cart/checkout                                                                   676     0(0.00%) |    351      14    1767    250 |    7.30        0.00
GET      /product/[id]                                                                   5683     0(0.00%) |    342       8    1434    400 |   58.10        0.00
POST     /setCurrency                                                                    1096     0(0.00%) |    124      14    1514     75 |   13.60        0.00
--------|----------------------------------------------------------------------------|-------|-------------|-------|-------|-------|-------|--------|-----------
         Aggregated                                                                     11094     0(0.00%) |    313       8    1924    190 |  122.20        0.00

Type     Name                                                                          # reqs      # fails |    Avg     Min     Max    Med |   req/s  failures/s
--------|----------------------------------------------------------------------------|-------|-------------|-------|-------|-------|-------|--------|-----------
GET      /                                                                                389     0(0.00%) |    129      13    1459     67 |    4.10        0.00
GET      /cart                                                                           1478     0(0.00%) |    333       8    1262    320 |   17.30        0.00
POST     /cart [add]                                                                     1836     0(0.00%) |    347      11    1924    280 |   20.00        0.00
POST     /cart/checkout                                                                   686     0(0.00%) |    353      14    1767    270 |    6.50        0.00
GET      /product/[id]                                                                   5797     0(0.00%) |    345       8    1434    400 |   58.60        0.00
POST     /setCurrency                                                                    1116     0(0.00%) |    124      14    1514     75 |   14.00        0.00
--------|----------------------------------------------------------------------------|-------|-------------|-------|-------|-------|-------|--------|-----------
         Aggregated                                                                     11302     0(0.00%) |    315       8    1924    190 |  120.50        0.00

Type     Name                                                                          # reqs      # fails |    Avg     Min     Max    Med |   req/s  failures/s
--------|----------------------------------------------------------------------------|-------|-------------|-------|-------|-------|-------|--------|-----------
GET      /                                                                                397     0(0.00%) |    129      13    1459     67 |    3.40        0.00
GET      /cart                                                                           1505     0(0.00%) |    336       8    1262    330 |   15.60        0.00
POST     /cart [add]                                                                     1874     0(0.00%) |    350      11    1924    290 |   18.60        0.00
POST     /cart/checkout                                                                   698     0(0.00%) |    354      14    1767    280 |    5.70        0.00
GET      /product/[id]                                                                   5896     0(0.00%) |    345       8    1434    400 |   59.90        0.00
POST     /setCurrency                                                                    1142     0(0.00%) |    124      14    1514     75 |   13.20        0.00
--------|----------------------------------------------------------------------------|-------|-------------|-------|-------|-------|-------|--------|-----------
         Aggregated                                                                     11512     0(0.00%) |    316       8    1924    190 |  116.40        0.00

Type     Name                                                                          # reqs      # fails |    Avg     Min     Max    Med |   req/s  failures/s
--------|----------------------------------------------------------------------------|-------|-------------|-------|-------|-------|-------|--------|-----------
GET      /                                                                                409     0(0.00%) |    129      13    1459     67 |    3.20        0.00
GET      /cart                                                                           1532     0(0.00%) |    339       8    1262    330 |   14.00        0.00
POST     /cart [add]                                                                     1911     0(0.00%) |    352      11    1924    300 |   19.00        0.00
POST     /cart/checkout                                                                   716     0(0.00%) |    356      14    1767    270 |    5.80        0.00
GET      /product/[id]                                                                   6008     0(0.00%) |    347       8    1434    400 |   58.10        0.00
POST     /setCurrency                                                                    1167     0(0.00%) |    124      14    1514     76 |   12.90        0.00
--------|----------------------------------------------------------------------------|-------|-------------|-------|-------|-------|-------|--------|-----------
         Aggregated                                                                     11743     0(0.00%) |    318       8    1924    200 |  113.00        0.00

Type     Name                                                                          # reqs      # fails |    Avg     Min     Max    Med |   req/s  failures/s
--------|----------------------------------------------------------------------------|-------|-------------|-------|-------|-------|-------|--------|-----------
GET      /                                                                                418     0(0.00%) |    128      13    1459     66 |    4.10        0.00
GET      /cart                                                                           1563     0(0.00%) |    338       8    1262    330 |   14.00        0.00
POST     /cart [add]                                                                     1957     0(0.00%) |    352      11    1924    310 |   18.10        0.00
POST     /cart/checkout                                                                   730     0(0.00%) |    355      14    1767    280 |    6.10        0.00
GET      /product/[id]                                                                   6137     0(0.00%) |    347       8    1434    410 |   57.30        0.00
POST     /setCurrency                                                                    1192     0(0.00%) |    123      14    1514     75 |   12.30        0.00
--------|----------------------------------------------------------------------------|-------|-------------|-------|-------|-------|-------|--------|-----------
         Aggregated                                                                     11997     0(0.00%) |    317       8    1924    200 |  111.90        0.00

Type     Name                                                                          # reqs      # fails |    Avg     Min     Max    Med |   req/s  failures/s
--------|----------------------------------------------------------------------------|-------|-------------|-------|-------|-------|-------|--------|-----------
GET      /                                                                                426     1(0.23%) |    129      13    1459     67 |    4.10        0.00
GET      /cart                                                                           1584     1(0.06%) |    338       8    1262    340 |   14.10        0.00
POST     /cart [add]                                                                     1993     6(0.30%) |    354      11    1924    330 |   18.00        0.00
POST     /cart/checkout                                                                   745     0(0.00%) |    354      14    1767    280 |    6.50        0.00
GET      /product/[id]                                                                   6268     5(0.08%) |    348       8    1434    410 |   58.00        0.00
POST     /setCurrency                                                                    1208     0(0.00%) |    123      14    1514     75 |   12.30        0.00
--------|----------------------------------------------------------------------------|-------|-------------|-------|-------|-------|-------|--------|-----------
         Aggregated                                                                     12224    13(0.11%) |    318       8    1924    200 |  113.00        0.00

Type     Name                                                                          # reqs      # fails |    Avg     Min     Max    Med |   req/s  failures/s
--------|----------------------------------------------------------------------------|-------|-------------|-------|-------|-------|-------|--------|-----------
GET      /                                                                                433     1(0.23%) |    140      13    1459     69 |    3.61        0.01
GET      /cart                                                                           1596     1(0.06%) |    341       8    1262    350 |   13.32        0.01
POST     /cart [add]                                                                     2016     6(0.30%) |    357      11    1924    350 |   16.82        0.05
POST     /cart/checkout                                                                   753     0(0.00%) |    358      14    1767    290 |    6.28        0.00
GET      /product/[id]                                                                   6322     5(0.08%) |    349       8    1434    410 |   52.74        0.04
POST     /setCurrency                                                                    1219     0(0.00%) |    129      14    1514     76 |   10.17        0.00
--------|----------------------------------------------------------------------------|-------|-------------|-------|-------|-------|-------|--------|-----------
         Aggregated                                                                     12339    13(0.11%) |    321       8    1924    210 |  102.94        0.11

Response time percentiles (approximated)
Type     Name                                                                                  50%    66%    75%    80%    90%    95%    98%    99%  99.9% 99.99%   100% # reqs
--------|--------------------------------------------------------------------------------|--------|------|------|------|------|------|------|------|------|------|------|------
GET      /                                                                                      69    110    140    180    360    580    880   1100   1500   1500   1500    433
GET      /cart                                                                                 350    510    570    600    700    780    880    980   1200   1300   1300   1596
POST     /cart [add]                                                                           350    520    580    610    730    840   1100   1300   1700   1900   1900   2016
POST     /cart/checkout                                                                        290    510    590    620    720    870   1400   1600   1800   1800   1800    753
GET      /product/[id]                                                                         410    520    570    610    700    790    910   1000   1300   1400   1400   6322
POST     /setCurrency                                                                           76    110    140    160    270    480    860    990   1300   1500   1500   1219
--------|--------------------------------------------------------------------------------|--------|------|------|------|------|------|------|------|------|------|------|------
         Aggregated                                                                            210    500    560    590    700    790    930   1100   1600   1800   1900  12339

Error report
# occurrences      Error                                                                                               
------------------|---------------------------------------------------------------------------------------------------------------------------------------------
5                  GET /product/[id]: HTTPError('500 Server Error: Internal Server Error for url: /product/[id]')      
2                  POST /cart [add]: HTTPError('500 Server Error: Internal Server Error for url: /cart [add]')         
4                  POST /cart [add]: add falhou (500), skip checkout                                                   
1                  GET /cart: HTTPError('500 Server Error: Internal Server Error for url: /cart')                      
1                  GET /: HTTPError('500 Server Error: Internal Server Error for url: /')                              
------------------|---------------------------------------------------------------------------------------------------------------------------------------------

