timestamp,load_label,pod,cpu_m,ram_mi
09:45:42,idle,adservice-574bff445c-grt9z,2,169
09:45:42,idle,adservice-574bff445c-h47zv,2,169
09:45:42,idle,adservice-574bff445c-wppcl,91,279
09:45:42,idle,cartservice-7c84fdfb6-hsn24,1,113
09:45:42,idle,cartservice-7c84fdfb6-s4cp2,143,169
09:45:42,idle,cartservice-7c84fdfb6-sf94w,8,139
09:45:42,idle,checkoutservice-5b6d96c9b7-cfmrc,8,35
09:45:42,idle,checkoutservice-5b6d96c9b7-h4wfv,25,19
09:45:42,idle,checkoutservice-5b6d96c9b7-jdqn7,12,22
09:45:42,idle,currencyservice-7c8fc8fc9c-dlzht,111,125
09:45:42,idle,currencyservice-7c8fc8fc9c-mvsgf,3,92
09:45:42,idle,currencyservice-7c8fc8fc9c-wqrfs,184,106
09:45:42,idle,emailservice-66944ff59-478c4,2,56
09:45:42,idle,emailservice-66944ff59-4fvm9,10,94
09:45:42,idle,emailservice-66944ff59-txwj8,12,58
09:45:42,idle,frontend-7bd6f45654-7bcq6,137,29
09:45:42,idle,frontend-7bd6f45654-7gwtd,140,46
09:45:42,idle,frontend-7bd6f45654-xm79g,182,30
09:45:42,idle,paymentservice-9bfb7bf5-46sq4,5,78
09:45:42,idle,paymentservice-9bfb7bf5-pktv4,1,68
09:45:42,idle,paymentservice-9bfb7bf5-snj4k,11,126
09:45:42,idle,productcatalogservice-65bbf699df-8zzd2,123,42
09:45:42,idle,productcatalogservice-65bbf699df-qmltb,1,19
09:45:42,idle,productcatalogservice-65bbf699df-rh24h,71,22
09:45:42,idle,recommendationservice-7444754ff5-b7pgl,187,80
09:45:42,idle,recommendationservice-7444754ff5-hsxb8,2,51
09:45:42,idle,recommendationservice-7444754ff5-xm2x5,177,55
09:45:42,idle,redis-cart-c8ff86559-jrlvk,12,36
09:45:42,idle,shippingservice-f956b6d9f-2g46p,23,30
09:45:42,idle,shippingservice-f956b6d9f-4kzvq,7,16
09:45:42,idle,shippingservice-f956b6d9f-nmnfn,3,16
09:45:53,25u,adservice-574bff445c-grt9z,3,169
09:45:53,25u,adservice-574bff445c-h47zv,3,169
09:45:53,25u,adservice-574bff445c-wppcl,7,279
09:45:53,25u,cartservice-7c84fdfb6-hsn24,2,113
09:45:53,25u,cartservice-7c84fdfb6-s4cp2,14,169
09:45:53,25u,cartservice-7c84fdfb6-sf94w,3,139
09:45:53,25u,checkoutservice-5b6d96c9b7-cfmrc,2,35
09:45:53,25u,checkoutservice-5b6d96c9b7-h4wfv,1,19
09:45:53,25u,checkoutservice-5b6d96c9b7-jdqn7,1,22
09:45:53,25u,currencyservice-7c8fc8fc9c-dlzht,13,125
09:45:53,25u,currencyservice-7c8fc8fc9c-mvsgf,3,93
09:45:53,25u,currencyservice-7c8fc8fc9c-wqrfs,13,106
09:45:53,25u,emailservice-66944ff59-478c4,3,56
09:45:53,25u,emailservice-66944ff59-4fvm9,5,94
09:45:53,25u,emailservice-66944ff59-txwj8,3,58
09:45:53,25u,frontend-7bd6f45654-7bcq6,13,27
09:45:53,25u,frontend-7bd6f45654-7gwtd,15,44
09:45:53,25u,frontend-7bd6f45654-xm79g,3,30
09:45:53,25u,paymentservice-9bfb7bf5-46sq4,1,78
09:45:53,25u,paymentservice-9bfb7bf5-pktv4,1,68
09:45:53,25u,paymentservice-9bfb7bf5-snj4k,2,126
09:45:53,25u,productcatalogservice-65bbf699df-8zzd2,11,42
09:45:53,25u,productcatalogservice-65bbf699df-qmltb,1,19
09:45:53,25u,productcatalogservice-65bbf699df-rh24h,2,22
09:45:53,25u,recommendationservice-7444754ff5-b7pgl,17,80
09:45:53,25u,recommendationservice-7444754ff5-hsxb8,3,51
09:45:53,25u,recommendationservice-7444754ff5-xm2x5,5,55
09:45:53,25u,redis-cart-c8ff86559-jrlvk,4,36
09:45:53,25u,shippingservice-f956b6d9f-2g46p,2,30
09:45:53,25u,shippingservice-f956b6d9f-4kzvq,1,16
09:45:53,25u,shippingservice-f956b6d9f-nmnfn,1,16
09:46:03,25u,adservice-574bff445c-grt9z,3,169
09:46:03,25u,adservice-574bff445c-h47zv,3,169
09:46:03,25u,adservice-574bff445c-wppcl,7,279
09:46:03,25u,cartservice-7c84fdfb6-hsn24,2,113
09:46:03,25u,cartservice-7c84fdfb6-s4cp2,14,169
09:46:03,25u,cartservice-7c84fdfb6-sf94w,3,139
09:46:03,25u,checkoutservice-5b6d96c9b7-cfmrc,2,35
09:46:03,25u,checkoutservice-5b6d96c9b7-h4wfv,1,19
09:46:03,25u,checkoutservice-5b6d96c9b7-jdqn7,1,22
09:46:03,25u,currencyservice-7c8fc8fc9c-dlzht,13,125
09:46:03,25u,currencyservice-7c8fc8fc9c-mvsgf,3,93
09:46:03,25u,currencyservice-7c8fc8fc9c-wqrfs,13,106
09:46:03,25u,emailservice-66944ff59-478c4,3,56
09:46:03,25u,emailservice-66944ff59-4fvm9,5,94
09:46:03,25u,emailservice-66944ff59-txwj8,3,58
09:46:03,25u,frontend-7bd6f45654-7bcq6,13,27
09:46:03,25u,frontend-7bd6f45654-7gwtd,15,44
09:46:03,25u,frontend-7bd6f45654-xm79g,3,30
09:46:03,25u,paymentservice-9bfb7bf5-46sq4,1,78
09:46:03,25u,paymentservice-9bfb7bf5-pktv4,1,68
09:46:03,25u,paymentservice-9bfb7bf5-snj4k,2,126
09:46:03,25u,productcatalogservice-65bbf699df-8zzd2,11,42
09:46:03,25u,productcatalogservice-65bbf699df-qmltb,1,19
09:46:03,25u,productcatalogservice-65bbf699df-rh24h,2,22
09:46:03,25u,recommendationservice-7444754ff5-b7pgl,17,80
09:46:03,25u,recommendationservice-7444754ff5-hsxb8,3,51
09:46:03,25u,recommendationservice-7444754ff5-xm2x5,5,55
09:46:03,25u,redis-cart-c8ff86559-jrlvk,4,36
09:46:03,25u,shippingservice-f956b6d9f-2g46p,2,30
09:46:03,25u,shippingservice-f956b6d9f-4kzvq,1,16
09:46:03,25u,shippingservice-f956b6d9f-nmnfn,1,16
09:46:13,25u,adservice-574bff445c-grt9z,2,169
09:46:13,25u,adservice-574bff445c-h47zv,2,171
09:46:13,25u,adservice-574bff445c-wppcl,43,279
09:46:13,25u,cartservice-7c84fdfb6-hsn24,1,113
09:46:13,25u,cartservice-7c84fdfb6-s4cp2,93,169
09:46:13,25u,cartservice-7c84fdfb6-sf94w,7,139
09:46:13,25u,checkoutservice-5b6d96c9b7-cfmrc,8,35
09:46:13,25u,checkoutservice-5b6d96c9b7-h4wfv,7,19
09:46:13,25u,checkoutservice-5b6d96c9b7-jdqn7,9,22
09:46:13,25u,currencyservice-7c8fc8fc9c-dlzht,76,125
09:46:13,25u,currencyservice-7c8fc8fc9c-mvsgf,2,93
09:46:13,25u,currencyservice-7c8fc8fc9c-wqrfs,115,106
09:46:13,25u,emailservice-66944ff59-478c4,2,56
09:46:13,25u,emailservice-66944ff59-4fvm9,9,94
09:46:13,25u,emailservice-66944ff59-txwj8,5,58
09:46:13,25u,frontend-7bd6f45654-7bcq6,103,28
09:46:13,25u,frontend-7bd6f45654-7gwtd,107,45
09:46:13,25u,frontend-7bd6f45654-xm79g,77,29
09:46:13,25u,paymentservice-9bfb7bf5-46sq4,4,78
09:46:13,25u,paymentservice-9bfb7bf5-pktv4,1,68
09:46:13,25u,paymentservice-9bfb7bf5-snj4k,6,126
09:46:13,25u,productcatalogservice-65bbf699df-8zzd2,90,42
09:46:13,25u,productcatalogservice-65bbf699df-qmltb,1,19
09:46:13,25u,productcatalogservice-65bbf699df-rh24h,33,22
09:46:13,25u,recommendationservice-7444754ff5-b7pgl,132,80
09:46:13,25u,recommendationservice-7444754ff5-hsxb8,2,51
09:46:13,25u,recommendationservice-7444754ff5-xm2x5,51,55
09:46:13,25u,redis-cart-c8ff86559-jrlvk,8,36
09:46:13,25u,shippingservice-f956b6d9f-2g46p,16,31
09:46:13,25u,shippingservice-f956b6d9f-4kzvq,2,16
09:46:13,25u,shippingservice-f956b6d9f-nmnfn,3,16
09:46:23,25u,adservice-574bff445c-grt9z,2,169
09:46:23,25u,adservice-574bff445c-h47zv,2,171
09:46:23,25u,adservice-574bff445c-wppcl,39,279
09:46:23,25u,cartservice-7c84fdfb6-hsn24,1,113
09:46:23,25u,cartservice-7c84fdfb6-s4cp2,84,171
09:46:23,25u,cartservice-7c84fdfb6-sf94w,6,139
09:46:23,25u,checkoutservice-5b6d96c9b7-cfmrc,5,36
09:46:23,25u,checkoutservice-5b6d96c9b7-h4wfv,3,19
09:46:23,25u,checkoutservice-5b6d96c9b7-jdqn7,7,22
09:46:23,25u,currencyservice-7c8fc8fc9c-dlzht,68,126
09:46:23,25u,currencyservice-7c8fc8fc9c-mvsgf,1,93
09:46:23,25u,currencyservice-7c8fc8fc9c-wqrfs,94,107
09:46:23,25u,emailservice-66944ff59-478c4,3,56
09:46:23,25u,emailservice-66944ff59-4fvm9,7,94
09:46:23,25u,emailservice-66944ff59-txwj8,4,58
09:46:23,25u,frontend-7bd6f45654-7bcq6,93,27
09:46:23,25u,frontend-7bd6f45654-7gwtd,90,44
09:46:23,25u,frontend-7bd6f45654-xm79g,50,28
09:46:23,25u,paymentservice-9bfb7bf5-46sq4,3,78
09:46:23,25u,paymentservice-9bfb7bf5-pktv4,1,68
09:46:23,25u,paymentservice-9bfb7bf5-snj4k,3,126
09:46:23,25u,productcatalogservice-65bbf699df-8zzd2,74,42
09:46:23,25u,productcatalogservice-65bbf699df-qmltb,1,19
09:46:23,25u,productcatalogservice-65bbf699df-rh24h,21,22
09:46:23,25u,recommendationservice-7444754ff5-b7pgl,109,80
09:46:23,25u,recommendationservice-7444754ff5-hsxb8,2,51
09:46:23,25u,recommendationservice-7444754ff5-xm2x5,31,55
09:46:23,25u,redis-cart-c8ff86559-jrlvk,7,36
09:46:23,25u,shippingservice-f956b6d9f-2g46p,13,31
09:46:23,25u,shippingservice-f956b6d9f-4kzvq,1,16
09:46:23,25u,shippingservice-f956b6d9f-nmnfn,2,16
09:46:33,25u,adservice-574bff445c-grt9z,2,169
09:46:33,25u,adservice-574bff445c-h47zv,2,171
09:46:33,25u,adservice-574bff445c-wppcl,39,279
09:46:33,25u,cartservice-7c84fdfb6-hsn24,1,113
09:46:33,25u,cartservice-7c84fdfb6-s4cp2,84,171
09:46:33,25u,cartservice-7c84fdfb6-sf94w,6,139
09:46:33,25u,checkoutservice-5b6d96c9b7-cfmrc,5,36
09:46:33,25u,checkoutservice-5b6d96c9b7-h4wfv,3,19
09:46:33,25u,checkoutservice-5b6d96c9b7-jdqn7,7,22
09:46:33,25u,currencyservice-7c8fc8fc9c-dlzht,68,126
09:46:33,25u,currencyservice-7c8fc8fc9c-mvsgf,1,93
09:46:33,25u,currencyservice-7c8fc8fc9c-wqrfs,94,107
09:46:33,25u,emailservice-66944ff59-478c4,3,56
09:46:33,25u,emailservice-66944ff59-4fvm9,7,94
09:46:33,25u,emailservice-66944ff59-txwj8,4,58
09:46:33,25u,frontend-7bd6f45654-7bcq6,93,27
09:46:33,25u,frontend-7bd6f45654-7gwtd,90,44
09:46:33,25u,frontend-7bd6f45654-xm79g,50,28
09:46:33,25u,paymentservice-9bfb7bf5-46sq4,3,78
09:46:33,25u,paymentservice-9bfb7bf5-pktv4,1,68
09:46:33,25u,paymentservice-9bfb7bf5-snj4k,3,126
09:46:33,25u,productcatalogservice-65bbf699df-8zzd2,74,42
09:46:33,25u,productcatalogservice-65bbf699df-qmltb,1,19
09:46:33,25u,productcatalogservice-65bbf699df-rh24h,21,22
09:46:33,25u,recommendationservice-7444754ff5-b7pgl,109,80
09:46:33,25u,recommendationservice-7444754ff5-hsxb8,2,51
09:46:33,25u,recommendationservice-7444754ff5-xm2x5,31,55
09:46:33,25u,redis-cart-c8ff86559-jrlvk,7,36
09:46:33,25u,shippingservice-f956b6d9f-2g46p,13,31
09:46:33,25u,shippingservice-f956b6d9f-4kzvq,1,16
09:46:33,25u,shippingservice-f956b6d9f-nmnfn,2,16
09:46:43,25u,adservice-574bff445c-grt9z,1,169
09:46:43,25u,adservice-574bff445c-h47zv,1,171
09:46:43,25u,adservice-574bff445c-wppcl,41,277
09:46:43,25u,cartservice-7c84fdfb6-hsn24,1,113
09:46:43,25u,cartservice-7c84fdfb6-s4cp2,100,170
09:46:43,25u,cartservice-7c84fdfb6-sf94w,9,139
09:46:43,25u,checkoutservice-5b6d96c9b7-cfmrc,2,35
09:46:43,25u,checkoutservice-5b6d96c9b7-h4wfv,9,19
09:46:43,25u,checkoutservice-5b6d96c9b7-jdqn7,13,22
09:46:43,25u,currencyservice-7c8fc8fc9c-dlzht,45,123
09:46:43,25u,currencyservice-7c8fc8fc9c-mvsgf,2,93
09:46:43,25u,currencyservice-7c8fc8fc9c-wqrfs,146,107
09:46:43,25u,emailservice-66944ff59-478c4,2,56
09:46:43,25u,emailservice-66944ff59-4fvm9,9,94
09:46:43,25u,emailservice-66944ff59-txwj8,7,58
09:46:43,25u,frontend-7bd6f45654-7bcq6,127,27
09:46:43,25u,frontend-7bd6f45654-7gwtd,56,44
09:46:43,25u,frontend-7bd6f45654-xm79g,105,29
09:46:43,25u,paymentservice-9bfb7bf5-46sq4,5,78
09:46:43,25u,paymentservice-9bfb7bf5-pktv4,1,68
09:46:43,25u,paymentservice-9bfb7bf5-snj4k,5,126
09:46:43,25u,productcatalogservice-65bbf699df-8zzd2,82,42
09:46:43,25u,productcatalogservice-65bbf699df-qmltb,1,19
09:46:43,25u,productcatalogservice-65bbf699df-rh24h,45,22
09:46:43,25u,recommendationservice-7444754ff5-b7pgl,109,80
09:46:43,25u,recommendationservice-7444754ff5-hsxb8,2,51
09:46:43,25u,recommendationservice-7444754ff5-xm2x5,70,55
09:46:43,25u,redis-cart-c8ff86559-jrlvk,8,36
09:46:43,25u,shippingservice-f956b6d9f-2g46p,14,31
09:46:43,25u,shippingservice-f956b6d9f-4kzvq,3,16
09:46:43,25u,shippingservice-f956b6d9f-nmnfn,4,16
09:46:53,25u,adservice-574bff445c-grt9z,1,169
09:46:53,25u,adservice-574bff445c-h47zv,2,171
09:46:53,25u,adservice-574bff445c-wppcl,51,277
09:46:53,25u,cartservice-7c84fdfb6-hsn24,1,113
09:46:53,25u,cartservice-7c84fdfb6-s4cp2,109,170
09:46:53,25u,cartservice-7c84fdfb6-sf94w,8,139
09:46:53,25u,checkoutservice-5b6d96c9b7-cfmrc,3,35
09:46:53,25u,checkoutservice-5b6d96c9b7-h4wfv,9,20
09:46:53,25u,checkoutservice-5b6d96c9b7-jdqn7,10,22
09:46:53,25u,currencyservice-7c8fc8fc9c-dlzht,57,123
09:46:53,25u,currencyservice-7c8fc8fc9c-mvsgf,3,92
09:46:53,25u,currencyservice-7c8fc8fc9c-wqrfs,167,108
09:46:53,25u,emailservice-66944ff59-478c4,2,56
09:46:53,25u,emailservice-66944ff59-4fvm9,7,94
09:46:53,25u,emailservice-66944ff59-txwj8,6,58
09:46:53,25u,frontend-7bd6f45654-7bcq6,134,28
09:46:53,25u,frontend-7bd6f45654-7gwtd,70,44
09:46:53,25u,frontend-7bd6f45654-xm79g,135,29
09:46:53,25u,paymentservice-9bfb7bf5-46sq4,4,79
09:46:53,25u,paymentservice-9bfb7bf5-pktv4,1,68
09:46:53,25u,paymentservice-9bfb7bf5-snj4k,5,126
09:46:53,25u,productcatalogservice-65bbf699df-8zzd2,92,42
09:46:53,25u,productcatalogservice-65bbf699df-qmltb,1,19
09:46:53,25u,productcatalogservice-65bbf699df-rh24h,56,22
09:46:53,25u,recommendationservice-7444754ff5-b7pgl,121,80
09:46:53,25u,recommendationservice-7444754ff5-hsxb8,2,51
09:46:53,25u,recommendationservice-7444754ff5-xm2x5,86,55
09:46:53,25u,redis-cart-c8ff86559-jrlvk,9,36
09:46:53,25u,shippingservice-f956b6d9f-2g46p,16,31
09:46:53,25u,shippingservice-f956b6d9f-4kzvq,3,16
09:46:53,25u,shippingservice-f956b6d9f-nmnfn,3,16
09:47:04,25u,adservice-574bff445c-grt9z,1,169
09:47:04,25u,adservice-574bff445c-h47zv,2,171
09:47:04,25u,adservice-574bff445c-wppcl,51,277
09:47:04,25u,cartservice-7c84fdfb6-hsn24,1,113
09:47:04,25u,cartservice-7c84fdfb6-s4cp2,109,170
09:47:04,25u,cartservice-7c84fdfb6-sf94w,8,139
09:47:04,25u,checkoutservice-5b6d96c9b7-cfmrc,3,35
09:47:04,25u,checkoutservice-5b6d96c9b7-h4wfv,9,20
09:47:04,25u,checkoutservice-5b6d96c9b7-jdqn7,10,22
09:47:04,25u,currencyservice-7c8fc8fc9c-dlzht,57,123
09:47:04,25u,currencyservice-7c8fc8fc9c-mvsgf,3,92
09:47:04,25u,currencyservice-7c8fc8fc9c-wqrfs,167,108
09:47:04,25u,emailservice-66944ff59-478c4,2,56
09:47:04,25u,emailservice-66944ff59-4fvm9,7,94
09:47:04,25u,emailservice-66944ff59-txwj8,6,58
09:47:04,25u,frontend-7bd6f45654-7bcq6,134,28
09:47:04,25u,frontend-7bd6f45654-7gwtd,70,44
09:47:04,25u,frontend-7bd6f45654-xm79g,135,29
09:47:04,25u,paymentservice-9bfb7bf5-46sq4,4,79
09:47:04,25u,paymentservice-9bfb7bf5-pktv4,1,68
09:47:04,25u,paymentservice-9bfb7bf5-snj4k,5,126
09:47:04,25u,productcatalogservice-65bbf699df-8zzd2,92,42
09:47:04,25u,productcatalogservice-65bbf699df-qmltb,1,19
09:47:04,25u,productcatalogservice-65bbf699df-rh24h,56,22
09:47:04,25u,recommendationservice-7444754ff5-b7pgl,121,80
09:47:04,25u,recommendationservice-7444754ff5-hsxb8,2,51
09:47:04,25u,recommendationservice-7444754ff5-xm2x5,86,55
09:47:04,25u,redis-cart-c8ff86559-jrlvk,9,36
09:47:04,25u,shippingservice-f956b6d9f-2g46p,16,31
09:47:04,25u,shippingservice-f956b6d9f-4kzvq,3,16
09:47:04,25u,shippingservice-f956b6d9f-nmnfn,3,16
09:47:14,25u,adservice-574bff445c-grt9z,1,169
09:47:14,25u,adservice-574bff445c-h47zv,1,171
09:47:14,25u,adservice-574bff445c-wppcl,51,277
09:47:14,25u,cartservice-7c84fdfb6-hsn24,1,113
09:47:14,25u,cartservice-7c84fdfb6-s4cp2,113,170
09:47:14,25u,cartservice-7c84fdfb6-sf94w,8,139
09:47:14,25u,checkoutservice-5b6d96c9b7-cfmrc,4,35
09:47:14,25u,checkoutservice-5b6d96c9b7-h4wfv,11,19
09:47:14,25u,checkoutservice-5b6d96c9b7-jdqn7,9,22
09:47:14,25u,currencyservice-7c8fc8fc9c-dlzht,54,125
09:47:14,25u,currencyservice-7c8fc8fc9c-mvsgf,3,92
09:47:14,25u,currencyservice-7c8fc8fc9c-wqrfs,167,110
09:47:14,25u,emailservice-66944ff59-478c4,2,56
09:47:14,25u,emailservice-66944ff59-4fvm9,8,94
09:47:14,25u,emailservice-66944ff59-txwj8,7,58
09:47:14,25u,frontend-7bd6f45654-7bcq6,138,28
09:47:14,25u,frontend-7bd6f45654-7gwtd,71,44
09:47:14,25u,frontend-7bd6f45654-xm79g,135,28
09:47:14,25u,paymentservice-9bfb7bf5-46sq4,4,79
09:47:14,25u,paymentservice-9bfb7bf5-pktv4,1,68
09:47:14,25u,paymentservice-9bfb7bf5-snj4k,7,125
09:47:14,25u,productcatalogservice-65bbf699df-8zzd2,93,42
09:47:14,25u,productcatalogservice-65bbf699df-qmltb,1,19
09:47:14,25u,productcatalogservice-65bbf699df-rh24h,56,22
09:47:14,25u,recommendationservice-7444754ff5-b7pgl,122,80
09:47:14,25u,recommendationservice-7444754ff5-hsxb8,2,51
09:47:14,25u,recommendationservice-7444754ff5-xm2x5,86,55
09:47:14,25u,redis-cart-c8ff86559-jrlvk,9,36
09:47:14,25u,shippingservice-f956b6d9f-2g46p,16,31
09:47:14,25u,shippingservice-f956b6d9f-4kzvq,3,16
09:47:14,25u,shippingservice-f956b6d9f-nmnfn,3,16
09:47:24,25u,adservice-574bff445c-grt9z,2,169
09:47:24,25u,adservice-574bff445c-h47zv,2,171
09:47:24,25u,adservice-574bff445c-wppcl,50,278
09:47:24,25u,cartservice-7c84fdfb6-hsn24,1,113
09:47:24,25u,cartservice-7c84fdfb6-s4cp2,122,170
09:47:24,25u,cartservice-7c84fdfb6-sf94w,11,139
09:47:24,25u,checkoutservice-5b6d96c9b7-cfmrc,3,35
09:47:24,25u,checkoutservice-5b6d96c9b7-h4wfv,10,20
09:47:24,25u,checkoutservice-5b6d96c9b7-jdqn7,14,22
09:47:24,25u,currencyservice-7c8fc8fc9c-dlzht,53,125
09:47:24,25u,currencyservice-7c8fc8fc9c-mvsgf,1,92
09:47:24,25u,currencyservice-7c8fc8fc9c-wqrfs,164,109
09:47:24,25u,emailservice-66944ff59-478c4,2,56
09:47:24,25u,emailservice-66944ff59-4fvm9,9,94
09:47:24,25u,emailservice-66944ff59-txwj8,6,58
09:47:24,25u,frontend-7bd6f45654-7bcq6,136,27
09:47:24,25u,frontend-7bd6f45654-7gwtd,71,44
09:47:24,25u,frontend-7bd6f45654-xm79g,131,28
09:47:24,25u,paymentservice-9bfb7bf5-46sq4,5,79
09:47:24,25u,paymentservice-9bfb7bf5-pktv4,1,68
09:47:24,25u,paymentservice-9bfb7bf5-snj4k,5,125
09:47:24,25u,productcatalogservice-65bbf699df-8zzd2,93,42
09:47:24,25u,productcatalogservice-65bbf699df-qmltb,1,19
09:47:24,25u,productcatalogservice-65bbf699df-rh24h,55,22
09:47:24,25u,recommendationservice-7444754ff5-b7pgl,125,80
09:47:24,25u,recommendationservice-7444754ff5-hsxb8,2,51
09:47:24,25u,recommendationservice-7444754ff5-xm2x5,84,55
09:47:24,25u,redis-cart-c8ff86559-jrlvk,9,36
09:47:24,25u,shippingservice-f956b6d9f-2g46p,16,31
09:47:24,25u,shippingservice-f956b6d9f-4kzvq,3,16
09:47:24,25u,shippingservice-f956b6d9f-nmnfn,4,16
09:47:34,25u,adservice-574bff445c-grt9z,2,169
09:47:34,25u,adservice-574bff445c-h47zv,1,171
09:47:34,25u,adservice-574bff445c-wppcl,50,277
09:47:34,25u,cartservice-7c84fdfb6-hsn24,1,113
09:47:34,25u,cartservice-7c84fdfb6-s4cp2,124,172
09:47:34,25u,cartservice-7c84fdfb6-sf94w,7,139
09:47:34,25u,checkoutservice-5b6d96c9b7-cfmrc,6,36
09:47:34,25u,checkoutservice-5b6d96c9b7-h4wfv,12,19
09:47:34,25u,checkoutservice-5b6d96c9b7-jdqn7,9,22
09:47:34,25u,currencyservice-7c8fc8fc9c-dlzht,54,125
09:47:34,25u,currencyservice-7c8fc8fc9c-mvsgf,1,92
09:47:34,25u,currencyservice-7c8fc8fc9c-wqrfs,163,109
09:47:34,25u,emailservice-66944ff59-478c4,2,56
09:47:34,25u,emailservice-66944ff59-4fvm9,8,94
09:47:34,25u,emailservice-66944ff59-txwj8,7,58
09:47:34,25u,frontend-7bd6f45654-7bcq6,132,27
09:47:34,25u,frontend-7bd6f45654-7gwtd,73,44
09:47:34,25u,frontend-7bd6f45654-xm79g,131,28
09:47:34,25u,paymentservice-9bfb7bf5-46sq4,4,79
09:47:34,25u,paymentservice-9bfb7bf5-pktv4,2,68
09:47:34,25u,paymentservice-9bfb7bf5-snj4k,6,125
09:47:34,25u,productcatalogservice-65bbf699df-8zzd2,92,42
09:47:34,25u,productcatalogservice-65bbf699df-qmltb,2,19
09:47:34,25u,productcatalogservice-65bbf699df-rh24h,56,22
09:47:34,25u,recommendationservice-7444754ff5-b7pgl,122,80
09:47:34,25u,recommendationservice-7444754ff5-hsxb8,2,51
09:47:34,25u,recommendationservice-7444754ff5-xm2x5,88,55
09:47:34,25u,redis-cart-c8ff86559-jrlvk,9,36
09:47:34,25u,shippingservice-f956b6d9f-2g46p,16,31
09:47:34,25u,shippingservice-f956b6d9f-4kzvq,4,16
09:47:34,25u,shippingservice-f956b6d9f-nmnfn,3,16
09:47:44,25u,adservice-574bff445c-grt9z,2,169
09:47:44,25u,adservice-574bff445c-h47zv,1,171
09:47:44,25u,adservice-574bff445c-wppcl,50,277
09:47:44,25u,cartservice-7c84fdfb6-hsn24,1,113
09:47:44,25u,cartservice-7c84fdfb6-s4cp2,124,172
09:47:44,25u,cartservice-7c84fdfb6-sf94w,7,139
09:47:44,25u,checkoutservice-5b6d96c9b7-cfmrc,6,36
09:47:44,25u,checkoutservice-5b6d96c9b7-h4wfv,12,19
09:47:44,25u,checkoutservice-5b6d96c9b7-jdqn7,9,22
09:47:44,25u,currencyservice-7c8fc8fc9c-dlzht,54,125
09:47:44,25u,currencyservice-7c8fc8fc9c-mvsgf,1,92
09:47:44,25u,currencyservice-7c8fc8fc9c-wqrfs,163,109
09:47:44,25u,emailservice-66944ff59-478c4,2,56
09:47:44,25u,emailservice-66944ff59-4fvm9,8,94
09:47:44,25u,emailservice-66944ff59-txwj8,7,58
09:47:44,25u,frontend-7bd6f45654-7bcq6,132,27
09:47:44,25u,frontend-7bd6f45654-7gwtd,73,44
09:47:44,25u,frontend-7bd6f45654-xm79g,131,28
09:47:44,25u,paymentservice-9bfb7bf5-46sq4,4,79
09:47:44,25u,paymentservice-9bfb7bf5-pktv4,2,68
09:47:44,25u,paymentservice-9bfb7bf5-snj4k,6,125
09:47:44,25u,productcatalogservice-65bbf699df-8zzd2,92,42
09:47:44,25u,productcatalogservice-65bbf699df-qmltb,2,19
09:47:44,25u,productcatalogservice-65bbf699df-rh24h,56,22
09:47:44,25u,recommendationservice-7444754ff5-b7pgl,122,80
09:47:44,25u,recommendationservice-7444754ff5-hsxb8,2,51
09:47:44,25u,recommendationservice-7444754ff5-xm2x5,88,55
09:47:44,25u,redis-cart-c8ff86559-jrlvk,9,36
09:47:44,25u,shippingservice-f956b6d9f-2g46p,16,31
09:47:44,25u,shippingservice-f956b6d9f-4kzvq,4,16
09:47:44,25u,shippingservice-f956b6d9f-nmnfn,3,16
09:47:54,25u,adservice-574bff445c-grt9z,2,169
09:47:54,25u,adservice-574bff445c-h47zv,2,172
09:47:54,25u,adservice-574bff445c-wppcl,50,278
09:47:54,25u,cartservice-7c84fdfb6-hsn24,1,113
09:47:54,25u,cartservice-7c84fdfb6-s4cp2,104,172
09:47:54,25u,cartservice-7c84fdfb6-sf94w,8,139
09:47:54,25u,checkoutservice-5b6d96c9b7-cfmrc,4,35
09:47:54,25u,checkoutservice-5b6d96c9b7-h4wfv,10,19
09:47:54,25u,checkoutservice-5b6d96c9b7-jdqn7,11,22
09:47:54,25u,currencyservice-7c8fc8fc9c-dlzht,51,125
09:47:54,25u,currencyservice-7c8fc8fc9c-mvsgf,1,92
09:47:54,25u,currencyservice-7c8fc8fc9c-wqrfs,156,110
09:47:54,25u,emailservice-66944ff59-478c4,2,56
09:47:54,25u,emailservice-66944ff59-4fvm9,8,94
09:47:54,25u,emailservice-66944ff59-txwj8,7,58
09:47:54,25u,frontend-7bd6f45654-7bcq6,128,28
09:47:54,25u,frontend-7bd6f45654-7gwtd,66,44
09:47:54,25u,frontend-7bd6f45654-xm79g,125,28
09:47:54,25u,paymentservice-9bfb7bf5-46sq4,4,79
09:47:54,25u,paymentservice-9bfb7bf5-pktv4,1,68
09:47:54,25u,paymentservice-9bfb7bf5-snj4k,5,125
09:47:54,25u,productcatalogservice-65bbf699df-8zzd2,85,42
09:47:54,25u,productcatalogservice-65bbf699df-qmltb,1,19
09:47:54,25u,productcatalogservice-65bbf699df-rh24h,53,22
09:47:54,25u,recommendationservice-7444754ff5-b7pgl,115,80
09:47:54,25u,recommendationservice-7444754ff5-hsxb8,2,51
09:47:54,25u,recommendationservice-7444754ff5-xm2x5,83,55
09:47:54,25u,redis-cart-c8ff86559-jrlvk,8,36
09:47:54,25u,shippingservice-f956b6d9f-2g46p,14,31
09:47:54,25u,shippingservice-f956b6d9f-4kzvq,3,16
09:47:54,25u,shippingservice-f956b6d9f-nmnfn,3,16
09:48:04,25u,adservice-574bff445c-grt9z,2,169
09:48:04,25u,adservice-574bff445c-h47zv,1,172
09:48:04,25u,adservice-574bff445c-wppcl,50,278
09:48:04,25u,cartservice-7c84fdfb6-hsn24,1,113
09:48:04,25u,cartservice-7c84fdfb6-s4cp2,116,172
09:48:04,25u,cartservice-7c84fdfb6-sf94w,9,139
09:48:04,25u,checkoutservice-5b6d96c9b7-cfmrc,4,35
09:48:04,25u,checkoutservice-5b6d96c9b7-h4wfv,11,19
09:48:04,25u,checkoutservice-5b6d96c9b7-jdqn7,11,22
09:48:04,25u,currencyservice-7c8fc8fc9c-dlzht,49,125
09:48:04,25u,currencyservice-7c8fc8fc9c-mvsgf,2,93
09:48:04,25u,currencyservice-7c8fc8fc9c-wqrfs,163,111
09:48:04,25u,emailservice-66944ff59-478c4,2,56
09:48:04,25u,emailservice-66944ff59-4fvm9,8,94
09:48:04,25u,emailservice-66944ff59-txwj8,7,58
09:48:04,25u,frontend-7bd6f45654-7bcq6,132,28
09:48:04,25u,frontend-7bd6f45654-7gwtd,68,44
09:48:04,25u,frontend-7bd6f45654-xm79g,134,28
09:48:04,25u,paymentservice-9bfb7bf5-46sq4,5,79
09:48:04,25u,paymentservice-9bfb7bf5-pktv4,1,68
09:48:04,25u,paymentservice-9bfb7bf5-snj4k,6,125
09:48:04,25u,productcatalogservice-65bbf699df-8zzd2,90,42
09:48:04,25u,productcatalogservice-65bbf699df-qmltb,1,19
09:48:04,25u,productcatalogservice-65bbf699df-rh24h,58,22
09:48:04,25u,recommendationservice-7444754ff5-b7pgl,123,80
09:48:04,25u,recommendationservice-7444754ff5-hsxb8,2,51
09:48:04,25u,recommendationservice-7444754ff5-xm2x5,88,55
09:48:04,25u,redis-cart-c8ff86559-jrlvk,9,36
09:48:04,25u,shippingservice-f956b6d9f-2g46p,15,31
09:48:04,25u,shippingservice-f956b6d9f-4kzvq,4,16
09:48:04,25u,shippingservice-f956b6d9f-nmnfn,4,16
09:48:14,25u,adservice-574bff445c-grt9z,2,169
09:48:14,25u,adservice-574bff445c-h47zv,1,172
09:48:14,25u,adservice-574bff445c-wppcl,50,278
09:48:14,25u,cartservice-7c84fdfb6-hsn24,1,113
09:48:14,25u,cartservice-7c84fdfb6-s4cp2,116,172
09:48:14,25u,cartservice-7c84fdfb6-sf94w,9,139
09:48:14,25u,checkoutservice-5b6d96c9b7-cfmrc,4,35
09:48:14,25u,checkoutservice-5b6d96c9b7-h4wfv,11,19
09:48:14,25u,checkoutservice-5b6d96c9b7-jdqn7,11,22
09:48:14,25u,currencyservice-7c8fc8fc9c-dlzht,49,125
09:48:14,25u,currencyservice-7c8fc8fc9c-mvsgf,2,93
09:48:14,25u,currencyservice-7c8fc8fc9c-wqrfs,163,111
09:48:14,25u,emailservice-66944ff59-478c4,2,56
09:48:14,25u,emailservice-66944ff59-4fvm9,8,94
09:48:14,25u,emailservice-66944ff59-txwj8,7,58
09:48:14,25u,frontend-7bd6f45654-7bcq6,132,28
09:48:14,25u,frontend-7bd6f45654-7gwtd,68,44
09:48:14,25u,frontend-7bd6f45654-xm79g,134,28
09:48:14,25u,paymentservice-9bfb7bf5-46sq4,5,79
09:48:14,25u,paymentservice-9bfb7bf5-pktv4,1,68
09:48:14,25u,paymentservice-9bfb7bf5-snj4k,6,125
09:48:14,25u,productcatalogservice-65bbf699df-8zzd2,90,42
09:48:14,25u,productcatalogservice-65bbf699df-qmltb,1,19
09:48:14,25u,productcatalogservice-65bbf699df-rh24h,58,22
09:48:14,25u,recommendationservice-7444754ff5-b7pgl,123,80
09:48:14,25u,recommendationservice-7444754ff5-hsxb8,2,51
09:48:14,25u,recommendationservice-7444754ff5-xm2x5,88,55
09:48:14,25u,redis-cart-c8ff86559-jrlvk,9,36
09:48:14,25u,shippingservice-f956b6d9f-2g46p,15,31
09:48:14,25u,shippingservice-f956b6d9f-4kzvq,4,16
09:48:14,25u,shippingservice-f956b6d9f-nmnfn,4,16
09:48:25,25u,adservice-574bff445c-grt9z,3,169
09:48:25,25u,adservice-574bff445c-h47zv,4,172
09:48:25,25u,adservice-574bff445c-wppcl,38,278
09:48:25,25u,cartservice-7c84fdfb6-hsn24,2,113
09:48:25,25u,cartservice-7c84fdfb6-s4cp2,88,172
09:48:25,25u,cartservice-7c84fdfb6-sf94w,7,139
09:48:25,25u,checkoutservice-5b6d96c9b7-cfmrc,3,36
09:48:25,25u,checkoutservice-5b6d96c9b7-h4wfv,7,19
09:48:25,25u,checkoutservice-5b6d96c9b7-jdqn7,9,22
09:48:25,25u,currencyservice-7c8fc8fc9c-dlzht,38,126
09:48:25,25u,currencyservice-7c8fc8fc9c-mvsgf,1,93
09:48:25,25u,currencyservice-7c8fc8fc9c-wqrfs,113,112
09:48:25,25u,emailservice-66944ff59-478c4,3,56
09:48:25,25u,emailservice-66944ff59-4fvm9,8,94
09:48:25,25u,emailservice-66944ff59-txwj8,6,58
09:48:25,25u,frontend-7bd6f45654-7bcq6,94,28
09:48:25,25u,frontend-7bd6f45654-7gwtd,50,44
09:48:25,25u,frontend-7bd6f45654-xm79g,91,28
09:48:25,25u,paymentservice-9bfb7bf5-46sq4,4,79
09:48:25,25u,paymentservice-9bfb7bf5-pktv4,1,68
09:48:25,25u,paymentservice-9bfb7bf5-snj4k,4,126
09:48:25,25u,productcatalogservice-65bbf699df-8zzd2,66,42
09:48:25,25u,productcatalogservice-65bbf699df-qmltb,1,19
09:48:25,25u,productcatalogservice-65bbf699df-rh24h,39,22
09:48:25,25u,recommendationservice-7444754ff5-b7pgl,88,80
09:48:25,25u,recommendationservice-7444754ff5-hsxb8,3,51
09:48:25,25u,recommendationservice-7444754ff5-xm2x5,62,55
09:48:25,25u,redis-cart-c8ff86559-jrlvk,8,36
09:48:25,25u,shippingservice-f956b6d9f-2g46p,12,31
09:48:25,25u,shippingservice-f956b6d9f-4kzvq,2,16
09:48:25,25u,shippingservice-f956b6d9f-nmnfn,3,16
09:48:35,25u,adservice-574bff445c-grt9z,3,169
09:48:35,25u,adservice-574bff445c-h47zv,3,172
09:48:35,25u,adservice-574bff445c-wppcl,6,278
09:48:35,25u,cartservice-7c84fdfb6-hsn24,3,114
09:48:35,25u,cartservice-7c84fdfb6-s4cp2,3,172
09:48:35,25u,cartservice-7c84fdfb6-sf94w,2,139
09:48:35,25u,checkoutservice-5b6d96c9b7-cfmrc,1,35
09:48:35,25u,checkoutservice-5b6d96c9b7-h4wfv,1,19
09:48:35,25u,checkoutservice-5b6d96c9b7-jdqn7,1,22
09:48:35,25u,currencyservice-7c8fc8fc9c-dlzht,1,126
09:48:35,25u,currencyservice-7c8fc8fc9c-mvsgf,7,92
09:48:35,25u,currencyservice-7c8fc8fc9c-wqrfs,1,112
09:48:35,25u,emailservice-66944ff59-478c4,3,56
09:48:35,25u,emailservice-66944ff59-4fvm9,4,94
09:48:35,25u,emailservice-66944ff59-txwj8,3,58
09:48:35,25u,frontend-7bd6f45654-7bcq6,1,28
09:48:35,25u,frontend-7bd6f45654-7gwtd,1,44
09:48:35,25u,frontend-7bd6f45654-xm79g,1,28
09:48:35,25u,paymentservice-9bfb7bf5-46sq4,1,79
09:48:35,25u,paymentservice-9bfb7bf5-pktv4,1,68
09:48:35,25u,paymentservice-9bfb7bf5-snj4k,1,126
09:48:35,25u,productcatalogservice-65bbf699df-8zzd2,1,42
09:48:35,25u,productcatalogservice-65bbf699df-qmltb,1,19
09:48:35,25u,productcatalogservice-65bbf699df-rh24h,1,22
09:48:35,25u,recommendationservice-7444754ff5-b7pgl,3,80
09:48:35,25u,recommendationservice-7444754ff5-hsxb8,3,51
09:48:35,25u,recommendationservice-7444754ff5-xm2x5,4,55
09:48:35,25u,redis-cart-c8ff86559-jrlvk,3,36
09:48:35,25u,shippingservice-f956b6d9f-2g46p,1,31
09:48:35,25u,shippingservice-f956b6d9f-4kzvq,3,16
09:48:35,25u,shippingservice-f956b6d9f-nmnfn,1,16
09:48:45,25u,adservice-574bff445c-grt9z,3,169
09:48:45,25u,adservice-574bff445c-h47zv,3,172
09:48:45,25u,adservice-574bff445c-wppcl,6,278
09:48:45,25u,cartservice-7c84fdfb6-hsn24,3,114
09:48:45,25u,cartservice-7c84fdfb6-s4cp2,3,172
09:48:45,25u,cartservice-7c84fdfb6-sf94w,2,139
09:48:45,25u,checkoutservice-5b6d96c9b7-cfmrc,1,35
09:48:45,25u,checkoutservice-5b6d96c9b7-h4wfv,1,19
09:48:45,25u,checkoutservice-5b6d96c9b7-jdqn7,1,22
09:48:45,25u,currencyservice-7c8fc8fc9c-dlzht,1,126
09:48:45,25u,currencyservice-7c8fc8fc9c-mvsgf,7,92
09:48:45,25u,currencyservice-7c8fc8fc9c-wqrfs,1,112
09:48:45,25u,emailservice-66944ff59-478c4,3,56
09:48:45,25u,emailservice-66944ff59-4fvm9,4,94
09:48:45,25u,emailservice-66944ff59-txwj8,3,58
09:48:45,25u,frontend-7bd6f45654-7bcq6,1,28
09:48:45,25u,frontend-7bd6f45654-7gwtd,1,44
09:48:45,25u,frontend-7bd6f45654-xm79g,1,28
09:48:45,25u,paymentservice-9bfb7bf5-46sq4,1,79
09:48:45,25u,paymentservice-9bfb7bf5-pktv4,1,68
09:48:45,25u,paymentservice-9bfb7bf5-snj4k,1,126
09:48:45,25u,productcatalogservice-65bbf699df-8zzd2,1,42
09:48:45,25u,productcatalogservice-65bbf699df-qmltb,1,19
09:48:45,25u,productcatalogservice-65bbf699df-rh24h,1,22
09:48:45,25u,recommendationservice-7444754ff5-b7pgl,3,80
09:48:45,25u,recommendationservice-7444754ff5-hsxb8,3,51
09:48:45,25u,recommendationservice-7444754ff5-xm2x5,4,55
09:48:45,25u,redis-cart-c8ff86559-jrlvk,3,36
09:48:45,25u,shippingservice-f956b6d9f-2g46p,1,31
09:48:45,25u,shippingservice-f956b6d9f-4kzvq,3,16
09:48:45,25u,shippingservice-f956b6d9f-nmnfn,1,16
09:48:55,25u,adservice-574bff445c-grt9z,2,169
09:48:55,25u,adservice-574bff445c-h47zv,2,172
09:48:55,25u,adservice-574bff445c-wppcl,4,278
09:48:55,25u,cartservice-7c84fdfb6-hsn24,2,114
09:48:55,25u,cartservice-7c84fdfb6-s4cp2,2,171
09:48:55,25u,cartservice-7c84fdfb6-sf94w,2,139
09:48:55,25u,checkoutservice-5b6d96c9b7-cfmrc,1,35
09:48:55,25u,checkoutservice-5b6d96c9b7-h4wfv,1,19
09:48:55,25u,checkoutservice-5b6d96c9b7-jdqn7,1,22
09:48:55,25u,currencyservice-7c8fc8fc9c-dlzht,1,126
09:48:55,25u,currencyservice-7c8fc8fc9c-mvsgf,2,92
09:48:55,25u,currencyservice-7c8fc8fc9c-wqrfs,1,112
09:48:55,25u,emailservice-66944ff59-478c4,3,56
09:48:55,25u,emailservice-66944ff59-4fvm9,4,94
09:48:55,25u,emailservice-66944ff59-txwj8,3,58
09:48:55,25u,frontend-7bd6f45654-7bcq6,1,28
09:48:55,25u,frontend-7bd6f45654-7gwtd,1,44
09:48:55,25u,frontend-7bd6f45654-xm79g,1,28
09:48:55,25u,paymentservice-9bfb7bf5-46sq4,1,79
09:48:55,25u,paymentservice-9bfb7bf5-pktv4,1,68
09:48:55,25u,paymentservice-9bfb7bf5-snj4k,2,126
09:48:55,25u,productcatalogservice-65bbf699df-8zzd2,1,42
09:48:55,25u,productcatalogservice-65bbf699df-qmltb,1,19
09:48:55,25u,productcatalogservice-65bbf699df-rh24h,1,22
09:48:55,25u,recommendationservice-7444754ff5-b7pgl,3,80
09:48:55,25u,recommendationservice-7444754ff5-hsxb8,3,51
09:48:55,25u,recommendationservice-7444754ff5-xm2x5,4,55
09:48:55,25u,redis-cart-c8ff86559-jrlvk,3,36
09:48:55,25u,shippingservice-f956b6d9f-2g46p,1,31
09:48:55,25u,shippingservice-f956b6d9f-4kzvq,1,16
09:48:55,25u,shippingservice-f956b6d9f-nmnfn,1,16
09:49:05,25u,adservice-574bff445c-grt9z,4,169
09:49:05,25u,adservice-574bff445c-h47zv,3,172
09:49:05,25u,adservice-574bff445c-wppcl,4,278
09:49:05,25u,cartservice-7c84fdfb6-hsn24,1,114
09:49:05,25u,cartservice-7c84fdfb6-s4cp2,2,172
09:49:05,25u,cartservice-7c84fdfb6-sf94w,2,139
09:49:05,25u,checkoutservice-5b6d96c9b7-cfmrc,1,35
09:49:05,25u,checkoutservice-5b6d96c9b7-h4wfv,1,19
09:49:05,25u,checkoutservice-5b6d96c9b7-jdqn7,1,22
09:49:05,25u,currencyservice-7c8fc8fc9c-dlzht,1,126
09:49:05,25u,currencyservice-7c8fc8fc9c-mvsgf,2,93
09:49:05,25u,currencyservice-7c8fc8fc9c-wqrfs,1,112
09:49:05,25u,emailservice-66944ff59-478c4,3,56
09:49:05,25u,emailservice-66944ff59-4fvm9,3,94
09:49:05,25u,emailservice-66944ff59-txwj8,3,58
09:49:05,25u,frontend-7bd6f45654-7bcq6,1,28
09:49:05,25u,frontend-7bd6f45654-7gwtd,1,44
09:49:05,25u,frontend-7bd6f45654-xm79g,1,28
09:49:05,25u,paymentservice-9bfb7bf5-46sq4,1,79
09:49:05,25u,paymentservice-9bfb7bf5-pktv4,1,68
09:49:05,25u,paymentservice-9bfb7bf5-snj4k,1,126
09:49:05,25u,productcatalogservice-65bbf699df-8zzd2,1,42
09:49:05,25u,productcatalogservice-65bbf699df-qmltb,1,19
09:49:05,25u,productcatalogservice-65bbf699df-rh24h,1,22
09:49:05,25u,recommendationservice-7444754ff5-b7pgl,3,80
09:49:05,25u,recommendationservice-7444754ff5-hsxb8,3,51
09:49:05,25u,recommendationservice-7444754ff5-xm2x5,4,55
09:49:05,25u,redis-cart-c8ff86559-jrlvk,3,36
09:49:05,25u,shippingservice-f956b6d9f-2g46p,1,31
09:49:05,25u,shippingservice-f956b6d9f-4kzvq,1,16
09:49:05,25u,shippingservice-f956b6d9f-nmnfn,1,16
09:49:15,25u,adservice-574bff445c-grt9z,4,169
09:49:15,25u,adservice-574bff445c-h47zv,3,172
09:49:15,25u,adservice-574bff445c-wppcl,4,278
09:49:15,25u,cartservice-7c84fdfb6-hsn24,1,114
09:49:15,25u,cartservice-7c84fdfb6-s4cp2,2,172
09:49:15,25u,cartservice-7c84fdfb6-sf94w,2,139
09:49:15,25u,checkoutservice-5b6d96c9b7-cfmrc,1,35
09:49:15,25u,checkoutservice-5b6d96c9b7-h4wfv,1,19
09:49:15,25u,checkoutservice-5b6d96c9b7-jdqn7,1,22
09:49:15,25u,currencyservice-7c8fc8fc9c-dlzht,1,126
09:49:15,25u,currencyservice-7c8fc8fc9c-mvsgf,2,93
09:49:15,25u,currencyservice-7c8fc8fc9c-wqrfs,1,112
09:49:15,25u,emailservice-66944ff59-478c4,3,56
09:49:15,25u,emailservice-66944ff59-4fvm9,3,94
09:49:15,25u,emailservice-66944ff59-txwj8,3,58
09:49:15,25u,frontend-7bd6f45654-7bcq6,1,28
09:49:15,25u,frontend-7bd6f45654-7gwtd,1,44
09:49:15,25u,frontend-7bd6f45654-xm79g,1,28
09:49:15,25u,paymentservice-9bfb7bf5-46sq4,1,79
09:49:15,25u,paymentservice-9bfb7bf5-pktv4,1,68
09:49:15,25u,paymentservice-9bfb7bf5-snj4k,1,126
09:49:15,25u,productcatalogservice-65bbf699df-8zzd2,1,42
09:49:15,25u,productcatalogservice-65bbf699df-qmltb,1,19
09:49:15,25u,productcatalogservice-65bbf699df-rh24h,1,22
09:49:15,25u,recommendationservice-7444754ff5-b7pgl,3,80
09:49:15,25u,recommendationservice-7444754ff5-hsxb8,3,51
09:49:15,25u,recommendationservice-7444754ff5-xm2x5,4,55
09:49:15,25u,redis-cart-c8ff86559-jrlvk,3,36
09:49:15,25u,shippingservice-f956b6d9f-2g46p,1,31
09:49:15,25u,shippingservice-f956b6d9f-4kzvq,1,16
09:49:15,25u,shippingservice-f956b6d9f-nmnfn,1,16
09:49:25,50u,adservice-574bff445c-grt9z,2,171
09:49:25,50u,adservice-574bff445c-h47zv,2,172
09:49:25,50u,adservice-574bff445c-wppcl,4,278
09:49:25,50u,cartservice-7c84fdfb6-hsn24,1,114
09:49:25,50u,cartservice-7c84fdfb6-s4cp2,7,172
09:49:25,50u,cartservice-7c84fdfb6-sf94w,2,139
09:49:25,50u,checkoutservice-5b6d96c9b7-cfmrc,1,35
09:49:25,50u,checkoutservice-5b6d96c9b7-h4wfv,1,19
09:49:25,50u,checkoutservice-5b6d96c9b7-jdqn7,1,23
09:49:25,50u,currencyservice-7c8fc8fc9c-dlzht,9,126
09:49:25,50u,currencyservice-7c8fc8fc9c-mvsgf,1,93
09:49:25,50u,currencyservice-7c8fc8fc9c-wqrfs,4,112
09:49:25,50u,emailservice-66944ff59-478c4,3,56
09:49:25,50u,emailservice-66944ff59-4fvm9,4,94
09:49:25,50u,emailservice-66944ff59-txwj8,4,58
09:49:25,50u,frontend-7bd6f45654-7bcq6,2,28
09:49:25,50u,frontend-7bd6f45654-7gwtd,11,45
09:49:25,50u,frontend-7bd6f45654-xm79g,3,28
09:49:25,50u,paymentservice-9bfb7bf5-46sq4,1,79
09:49:25,50u,paymentservice-9bfb7bf5-pktv4,1,68
09:49:25,50u,paymentservice-9bfb7bf5-snj4k,2,126
09:49:25,50u,productcatalogservice-65bbf699df-8zzd2,6,42
09:49:25,50u,productcatalogservice-65bbf699df-qmltb,1,19
09:49:25,50u,productcatalogservice-65bbf699df-rh24h,2,22
09:49:25,50u,recommendationservice-7444754ff5-b7pgl,10,80
09:49:25,50u,recommendationservice-7444754ff5-hsxb8,3,51
09:49:25,50u,recommendationservice-7444754ff5-xm2x5,5,55
09:49:25,50u,redis-cart-c8ff86559-jrlvk,4,36
09:49:25,50u,shippingservice-f956b6d9f-2g46p,2,31
09:49:25,50u,shippingservice-f956b6d9f-4kzvq,1,16
09:49:25,50u,shippingservice-f956b6d9f-nmnfn,1,16
09:49:36,50u,adservice-574bff445c-grt9z,3,171
09:49:36,50u,adservice-574bff445c-h47zv,2,172
09:49:36,50u,adservice-574bff445c-wppcl,41,278
09:49:36,50u,cartservice-7c84fdfb6-hsn24,1,114
09:49:36,50u,cartservice-7c84fdfb6-s4cp2,92,171
09:49:36,50u,cartservice-7c84fdfb6-sf94w,5,139
09:49:36,50u,checkoutservice-5b6d96c9b7-cfmrc,6,35
09:49:36,50u,checkoutservice-5b6d96c9b7-h4wfv,7,20
09:49:36,50u,checkoutservice-5b6d96c9b7-jdqn7,5,22
09:49:36,50u,currencyservice-7c8fc8fc9c-dlzht,78,124
09:49:36,50u,currencyservice-7c8fc8fc9c-mvsgf,1,95
09:49:36,50u,currencyservice-7c8fc8fc9c-wqrfs,109,111
09:49:36,50u,emailservice-66944ff59-478c4,3,56
09:49:36,50u,emailservice-66944ff59-4fvm9,7,94
09:49:36,50u,emailservice-66944ff59-txwj8,5,58
09:49:36,50u,frontend-7bd6f45654-7bcq6,67,27
09:49:36,50u,frontend-7bd6f45654-7gwtd,102,45
09:49:36,50u,frontend-7bd6f45654-xm79g,98,29
09:49:36,50u,paymentservice-9bfb7bf5-46sq4,3,79
09:49:36,50u,paymentservice-9bfb7bf5-pktv4,1,68
09:49:36,50u,paymentservice-9bfb7bf5-snj4k,5,126
09:49:36,50u,productcatalogservice-65bbf699df-8zzd2,76,42
09:49:36,50u,productcatalogservice-65bbf699df-qmltb,1,19
09:49:36,50u,productcatalogservice-65bbf699df-rh24h,40,22
09:49:36,50u,recommendationservice-7444754ff5-b7pgl,103,80
09:49:36,50u,recommendationservice-7444754ff5-hsxb8,2,51
09:49:36,50u,recommendationservice-7444754ff5-xm2x5,66,55
09:49:36,50u,redis-cart-c8ff86559-jrlvk,8,36
09:49:36,50u,shippingservice-f956b6d9f-2g46p,14,31
09:49:36,50u,shippingservice-f956b6d9f-4kzvq,2,16
09:49:36,50u,shippingservice-f956b6d9f-nmnfn,2,16
09:49:46,50u,adservice-574bff445c-grt9z,3,171
09:49:46,50u,adservice-574bff445c-h47zv,2,172
09:49:46,50u,adservice-574bff445c-wppcl,41,278
09:49:46,50u,cartservice-7c84fdfb6-hsn24,1,114
09:49:46,50u,cartservice-7c84fdfb6-s4cp2,92,171
09:49:46,50u,cartservice-7c84fdfb6-sf94w,5,139
09:49:46,50u,checkoutservice-5b6d96c9b7-cfmrc,6,35
09:49:46,50u,checkoutservice-5b6d96c9b7-h4wfv,7,20
09:49:46,50u,checkoutservice-5b6d96c9b7-jdqn7,5,22
09:49:46,50u,currencyservice-7c8fc8fc9c-dlzht,78,124
09:49:46,50u,currencyservice-7c8fc8fc9c-mvsgf,1,95
09:49:46,50u,currencyservice-7c8fc8fc9c-wqrfs,109,111
09:49:46,50u,emailservice-66944ff59-478c4,3,56
09:49:46,50u,emailservice-66944ff59-4fvm9,7,94
09:49:46,50u,emailservice-66944ff59-txwj8,5,58
09:49:46,50u,frontend-7bd6f45654-7bcq6,67,27
09:49:46,50u,frontend-7bd6f45654-7gwtd,102,45
09:49:46,50u,frontend-7bd6f45654-xm79g,98,29
09:49:46,50u,paymentservice-9bfb7bf5-46sq4,3,79
09:49:46,50u,paymentservice-9bfb7bf5-pktv4,1,68
09:49:46,50u,paymentservice-9bfb7bf5-snj4k,5,126
09:49:46,50u,productcatalogservice-65bbf699df-8zzd2,76,42
09:49:46,50u,productcatalogservice-65bbf699df-qmltb,1,19
09:49:46,50u,productcatalogservice-65bbf699df-rh24h,40,22
09:49:46,50u,recommendationservice-7444754ff5-b7pgl,103,80
09:49:46,50u,recommendationservice-7444754ff5-hsxb8,2,51
09:49:46,50u,recommendationservice-7444754ff5-xm2x5,66,55
09:49:46,50u,redis-cart-c8ff86559-jrlvk,8,36
09:49:46,50u,shippingservice-f956b6d9f-2g46p,14,31
09:49:46,50u,shippingservice-f956b6d9f-4kzvq,2,16
09:49:46,50u,shippingservice-f956b6d9f-nmnfn,2,16
09:49:56,50u,adservice-574bff445c-grt9z,2,171
09:49:56,50u,adservice-574bff445c-h47zv,1,172
09:49:56,50u,adservice-574bff445c-wppcl,63,278
09:49:56,50u,cartservice-7c84fdfb6-hsn24,2,114
09:49:56,50u,cartservice-7c84fdfb6-s4cp2,126,176
09:49:56,50u,cartservice-7c84fdfb6-sf94w,7,140
09:49:56,50u,checkoutservice-5b6d96c9b7-cfmrc,11,35
09:49:56,50u,checkoutservice-5b6d96c9b7-h4wfv,11,19
09:49:56,50u,checkoutservice-5b6d96c9b7-jdqn7,7,22
09:49:56,50u,currencyservice-7c8fc8fc9c-dlzht,98,125
09:49:56,50u,currencyservice-7c8fc8fc9c-mvsgf,1,95
09:49:56,50u,currencyservice-7c8fc8fc9c-wqrfs,160,111
09:49:56,50u,emailservice-66944ff59-478c4,2,56
09:49:56,50u,emailservice-66944ff59-4fvm9,9,94
09:49:56,50u,emailservice-66944ff59-txwj8,7,58
09:49:56,50u,frontend-7bd6f45654-7bcq6,112,28
09:49:56,50u,frontend-7bd6f45654-7gwtd,131,45
09:49:56,50u,frontend-7bd6f45654-xm79g,157,29
09:49:56,50u,paymentservice-9bfb7bf5-46sq4,3,79
09:49:56,50u,paymentservice-9bfb7bf5-pktv4,1,68
09:49:56,50u,paymentservice-9bfb7bf5-snj4k,8,126
09:49:56,50u,productcatalogservice-65bbf699df-8zzd2,106,42
09:49:56,50u,productcatalogservice-65bbf699df-qmltb,1,19
09:49:56,50u,productcatalogservice-65bbf699df-rh24h,65,22
09:49:56,50u,recommendationservice-7444754ff5-b7pgl,158,80
09:49:56,50u,recommendationservice-7444754ff5-hsxb8,2,51
09:49:56,50u,recommendationservice-7444754ff5-xm2x5,113,55
09:49:56,50u,redis-cart-c8ff86559-jrlvk,10,36
09:49:56,50u,shippingservice-f956b6d9f-2g46p,21,31
09:49:56,50u,shippingservice-f956b6d9f-4kzvq,3,16
09:49:56,50u,shippingservice-f956b6d9f-nmnfn,2,16
09:50:06,50u,adservice-574bff445c-grt9z,1,171
09:50:06,50u,adservice-574bff445c-h47zv,2,172
09:50:06,50u,adservice-574bff445c-wppcl,39,278
09:50:06,50u,cartservice-7c84fdfb6-hsn24,2,114
09:50:06,50u,cartservice-7c84fdfb6-s4cp2,84,176
09:50:06,50u,cartservice-7c84fdfb6-sf94w,8,139
09:50:06,50u,checkoutservice-5b6d96c9b7-cfmrc,6,35
09:50:06,50u,checkoutservice-5b6d96c9b7-h4wfv,4,19
09:50:06,50u,checkoutservice-5b6d96c9b7-jdqn7,8,22
09:50:06,50u,currencyservice-7c8fc8fc9c-dlzht,46,125
09:50:06,50u,currencyservice-7c8fc8fc9c-mvsgf,1,95
09:50:06,50u,currencyservice-7c8fc8fc9c-wqrfs,119,112
09:50:06,50u,emailservice-66944ff59-478c4,3,56
09:50:06,50u,emailservice-66944ff59-4fvm9,8,94
09:50:06,50u,emailservice-66944ff59-txwj8,4,58
09:50:06,50u,frontend-7bd6f45654-7bcq6,111,28
09:50:06,50u,frontend-7bd6f45654-7gwtd,63,44
09:50:06,50u,frontend-7bd6f45654-xm79g,76,28
09:50:06,50u,paymentservice-9bfb7bf5-46sq4,4,79
09:50:06,50u,paymentservice-9bfb7bf5-pktv4,1,68
09:50:06,50u,paymentservice-9bfb7bf5-snj4k,4,126
09:50:06,50u,productcatalogservice-65bbf699df-8zzd2,75,42
09:50:06,50u,productcatalogservice-65bbf699df-qmltb,1,19
09:50:06,50u,productcatalogservice-65bbf699df-rh24h,32,22
09:50:06,50u,recommendationservice-7444754ff5-b7pgl,110,81
09:50:06,50u,recommendationservice-7444754ff5-hsxb8,2,51
09:50:06,50u,recommendationservice-7444754ff5-xm2x5,48,55
09:50:06,50u,redis-cart-c8ff86559-jrlvk,7,36
09:50:06,50u,shippingservice-f956b6d9f-2g46p,14,31
09:50:06,50u,shippingservice-f956b6d9f-4kzvq,2,16
09:50:06,50u,shippingservice-f956b6d9f-nmnfn,3,16
09:50:16,50u,adservice-574bff445c-grt9z,1,171
09:50:16,50u,adservice-574bff445c-h47zv,2,172
09:50:16,50u,adservice-574bff445c-wppcl,39,278
09:50:16,50u,cartservice-7c84fdfb6-hsn24,2,114
09:50:16,50u,cartservice-7c84fdfb6-s4cp2,84,176
09:50:16,50u,cartservice-7c84fdfb6-sf94w,8,139
09:50:16,50u,checkoutservice-5b6d96c9b7-cfmrc,6,35
09:50:16,50u,checkoutservice-5b6d96c9b7-h4wfv,4,19
09:50:16,50u,checkoutservice-5b6d96c9b7-jdqn7,8,22
09:50:16,50u,currencyservice-7c8fc8fc9c-dlzht,46,125
09:50:16,50u,currencyservice-7c8fc8fc9c-mvsgf,1,95
09:50:16,50u,currencyservice-7c8fc8fc9c-wqrfs,119,112
09:50:16,50u,emailservice-66944ff59-478c4,3,56
09:50:16,50u,emailservice-66944ff59-4fvm9,8,94
09:50:16,50u,emailservice-66944ff59-txwj8,4,58
09:50:16,50u,frontend-7bd6f45654-7bcq6,111,28
09:50:16,50u,frontend-7bd6f45654-7gwtd,63,44
09:50:16,50u,frontend-7bd6f45654-xm79g,76,28
09:50:16,50u,paymentservice-9bfb7bf5-46sq4,4,79
09:50:16,50u,paymentservice-9bfb7bf5-pktv4,1,68
09:50:16,50u,paymentservice-9bfb7bf5-snj4k,4,126
09:50:16,50u,productcatalogservice-65bbf699df-8zzd2,75,42
09:50:16,50u,productcatalogservice-65bbf699df-qmltb,1,19
09:50:16,50u,productcatalogservice-65bbf699df-rh24h,32,22
09:50:16,50u,recommendationservice-7444754ff5-b7pgl,110,81
09:50:16,50u,recommendationservice-7444754ff5-hsxb8,2,51
09:50:16,50u,recommendationservice-7444754ff5-xm2x5,48,55
09:50:16,50u,redis-cart-c8ff86559-jrlvk,7,36
09:50:16,50u,shippingservice-f956b6d9f-2g46p,14,31
09:50:16,50u,shippingservice-f956b6d9f-4kzvq,2,16
09:50:16,50u,shippingservice-f956b6d9f-nmnfn,3,16
09:50:26,50u,adservice-574bff445c-grt9z,1,171
09:50:26,50u,adservice-574bff445c-h47zv,2,172
09:50:26,50u,adservice-574bff445c-wppcl,68,278
09:50:26,50u,cartservice-7c84fdfb6-hsn24,1,114
09:50:26,50u,cartservice-7c84fdfb6-s4cp2,136,176
09:50:26,50u,cartservice-7c84fdfb6-sf94w,8,139
09:50:26,50u,checkoutservice-5b6d96c9b7-cfmrc,9,35
09:50:26,50u,checkoutservice-5b6d96c9b7-h4wfv,13,19
09:50:26,50u,checkoutservice-5b6d96c9b7-jdqn7,11,22
09:50:26,50u,currencyservice-7c8fc8fc9c-dlzht,88,126
09:50:26,50u,currencyservice-7c8fc8fc9c-mvsgf,1,95
09:50:26,50u,currencyservice-7c8fc8fc9c-wqrfs,186,112
09:50:26,50u,emailservice-66944ff59-478c4,2,56
09:50:26,50u,emailservice-66944ff59-4fvm9,10,94
09:50:26,50u,emailservice-66944ff59-txwj8,7,58
09:50:26,50u,frontend-7bd6f45654-7bcq6,162,28
09:50:26,50u,frontend-7bd6f45654-7gwtd,120,45
09:50:26,50u,frontend-7bd6f45654-xm79g,153,29
09:50:26,50u,paymentservice-9bfb7bf5-46sq4,4,79
09:50:26,50u,paymentservice-9bfb7bf5-pktv4,1,68
09:50:26,50u,paymentservice-9bfb7bf5-snj4k,8,126
09:50:26,50u,productcatalogservice-65bbf699df-8zzd2,120,42
09:50:26,50u,productcatalogservice-65bbf699df-qmltb,1,19
09:50:26,50u,productcatalogservice-65bbf699df-rh24h,64,22
09:50:26,50u,recommendationservice-7444754ff5-b7pgl,191,81
09:50:26,50u,recommendationservice-7444754ff5-hsxb8,2,51
09:50:26,50u,recommendationservice-7444754ff5-xm2x5,103,55
09:50:26,50u,redis-cart-c8ff86559-jrlvk,10,36
09:50:26,50u,shippingservice-f956b6d9f-2g46p,21,31
09:50:26,50u,shippingservice-f956b6d9f-4kzvq,3,16
09:50:26,50u,shippingservice-f956b6d9f-nmnfn,3,16
09:50:36,50u,adservice-574bff445c-grt9z,2,171
09:50:36,50u,adservice-574bff445c-h47zv,2,172
09:50:36,50u,adservice-574bff445c-wppcl,69,278
09:50:36,50u,cartservice-7c84fdfb6-hsn24,1,114
09:50:36,50u,cartservice-7c84fdfb6-s4cp2,130,176
09:50:36,50u,cartservice-7c84fdfb6-sf94w,7,139
09:50:36,50u,checkoutservice-5b6d96c9b7-cfmrc,10,35
09:50:36,50u,checkoutservice-5b6d96c9b7-h4wfv,15,19
09:50:36,50u,checkoutservice-5b6d96c9b7-jdqn7,11,22
09:50:36,50u,currencyservice-7c8fc8fc9c-dlzht,93,124
09:50:36,50u,currencyservice-7c8fc8fc9c-mvsgf,2,95
09:50:36,50u,currencyservice-7c8fc8fc9c-wqrfs,188,114
09:50:36,50u,emailservice-66944ff59-478c4,2,56
09:50:36,50u,emailservice-66944ff59-4fvm9,11,94
09:50:36,50u,emailservice-66944ff59-txwj8,9,58
09:50:36,50u,frontend-7bd6f45654-7bcq6,165,31
09:50:36,50u,frontend-7bd6f45654-7gwtd,118,45
09:50:36,50u,frontend-7bd6f45654-xm79g,159,29
09:50:36,50u,paymentservice-9bfb7bf5-46sq4,4,79
09:50:36,50u,paymentservice-9bfb7bf5-pktv4,1,68
09:50:36,50u,paymentservice-9bfb7bf5-snj4k,9,126
09:50:36,50u,productcatalogservice-65bbf699df-8zzd2,121,42
09:50:36,50u,productcatalogservice-65bbf699df-qmltb,1,19
09:50:36,50u,productcatalogservice-65bbf699df-rh24h,69,22
09:50:36,50u,recommendationservice-7444754ff5-b7pgl,194,81
09:50:36,50u,recommendationservice-7444754ff5-hsxb8,2,51
09:50:36,50u,recommendationservice-7444754ff5-xm2x5,113,55
09:50:36,50u,redis-cart-c8ff86559-jrlvk,10,36
09:50:36,50u,shippingservice-f956b6d9f-2g46p,23,31
09:50:36,50u,shippingservice-f956b6d9f-4kzvq,4,16
09:50:36,50u,shippingservice-f956b6d9f-nmnfn,3,16
09:50:47,50u,adservice-574bff445c-grt9z,2,171
09:50:47,50u,adservice-574bff445c-h47zv,2,172
09:50:47,50u,adservice-574bff445c-wppcl,69,278
09:50:47,50u,cartservice-7c84fdfb6-hsn24,1,114
09:50:47,50u,cartservice-7c84fdfb6-s4cp2,130,176
09:50:47,50u,cartservice-7c84fdfb6-sf94w,7,139
09:50:47,50u,checkoutservice-5b6d96c9b7-cfmrc,10,35
09:50:47,50u,checkoutservice-5b6d96c9b7-h4wfv,15,19
09:50:47,50u,checkoutservice-5b6d96c9b7-jdqn7,11,22
09:50:47,50u,currencyservice-7c8fc8fc9c-dlzht,93,124
09:50:47,50u,currencyservice-7c8fc8fc9c-mvsgf,2,95
09:50:47,50u,currencyservice-7c8fc8fc9c-wqrfs,188,114
09:50:47,50u,emailservice-66944ff59-478c4,2,56
09:50:47,50u,emailservice-66944ff59-4fvm9,11,94
09:50:47,50u,emailservice-66944ff59-txwj8,9,58
09:50:47,50u,frontend-7bd6f45654-7bcq6,165,31
09:50:47,50u,frontend-7bd6f45654-7gwtd,118,45
09:50:47,50u,frontend-7bd6f45654-xm79g,159,29
09:50:47,50u,paymentservice-9bfb7bf5-46sq4,4,79
09:50:47,50u,paymentservice-9bfb7bf5-pktv4,1,68
09:50:47,50u,paymentservice-9bfb7bf5-snj4k,9,126
09:50:47,50u,productcatalogservice-65bbf699df-8zzd2,121,42
09:50:47,50u,productcatalogservice-65bbf699df-qmltb,1,19
09:50:47,50u,productcatalogservice-65bbf699df-rh24h,69,22
09:50:47,50u,recommendationservice-7444754ff5-b7pgl,194,81
09:50:47,50u,recommendationservice-7444754ff5-hsxb8,2,51
09:50:47,50u,recommendationservice-7444754ff5-xm2x5,113,55
09:50:47,50u,redis-cart-c8ff86559-jrlvk,10,36
09:50:47,50u,shippingservice-f956b6d9f-2g46p,23,31
09:50:47,50u,shippingservice-f956b6d9f-4kzvq,4,16
09:50:47,50u,shippingservice-f956b6d9f-nmnfn,3,16
09:50:57,50u,adservice-574bff445c-grt9z,3,171
09:50:57,50u,adservice-574bff445c-h47zv,3,172
09:50:57,50u,adservice-574bff445c-wppcl,71,278
09:50:57,50u,cartservice-7c84fdfb6-hsn24,1,114
09:50:57,50u,cartservice-7c84fdfb6-s4cp2,134,176
09:50:57,50u,cartservice-7c84fdfb6-sf94w,8,139
09:50:57,50u,checkoutservice-5b6d96c9b7-cfmrc,9,35
09:50:57,50u,checkoutservice-5b6d96c9b7-h4wfv,17,20
09:50:57,50u,checkoutservice-5b6d96c9b7-jdqn7,10,22
09:50:57,50u,currencyservice-7c8fc8fc9c-dlzht,91,125
09:50:57,50u,currencyservice-7c8fc8fc9c-mvsgf,1,95
09:50:57,50u,currencyservice-7c8fc8fc9c-wqrfs,189,113
09:50:57,50u,emailservice-66944ff59-478c4,2,56
09:50:57,50u,emailservice-66944ff59-4fvm9,10,94
09:50:57,50u,emailservice-66944ff59-txwj8,10,58
09:50:57,50u,frontend-7bd6f45654-7bcq6,166,30
09:50:57,50u,frontend-7bd6f45654-7gwtd,123,45
09:50:57,50u,frontend-7bd6f45654-xm79g,154,28
09:50:57,50u,paymentservice-9bfb7bf5-46sq4,4,79
09:50:57,50u,paymentservice-9bfb7bf5-pktv4,1,68
09:50:57,50u,paymentservice-9bfb7bf5-snj4k,9,126
09:50:57,50u,productcatalogservice-65bbf699df-8zzd2,121,42
09:50:57,50u,productcatalogservice-65bbf699df-qmltb,1,19
09:50:57,50u,productcatalogservice-65bbf699df-rh24h,65,22
09:50:57,50u,recommendationservice-7444754ff5-b7pgl,193,81
09:50:57,50u,recommendationservice-7444754ff5-hsxb8,2,51
09:50:57,50u,recommendationservice-7444754ff5-xm2x5,111,55
09:50:57,50u,redis-cart-c8ff86559-jrlvk,10,36
09:50:57,50u,shippingservice-f956b6d9f-2g46p,21,31
09:50:57,50u,shippingservice-f956b6d9f-4kzvq,5,16
09:50:57,50u,shippingservice-f956b6d9f-nmnfn,3,16
09:51:07,50u,adservice-574bff445c-grt9z,7,172
09:51:07,50u,adservice-574bff445c-h47zv,7,173
09:51:07,50u,adservice-574bff445c-wppcl,70,278
09:51:07,50u,cartservice-7c84fdfb6-hsn24,1,114
09:51:07,50u,cartservice-7c84fdfb6-s4cp2,127,176
09:51:07,50u,cartservice-7c84fdfb6-sf94w,11,139
09:51:07,50u,checkoutservice-5b6d96c9b7-cfmrc,7,36
09:51:07,50u,checkoutservice-5b6d96c9b7-h4wfv,15,20
09:51:07,50u,checkoutservice-5b6d96c9b7-jdqn7,14,22
09:51:07,50u,currencyservice-7c8fc8fc9c-dlzht,90,125
09:51:07,50u,currencyservice-7c8fc8fc9c-mvsgf,1,96
09:51:07,50u,currencyservice-7c8fc8fc9c-wqrfs,184,113
09:51:07,50u,emailservice-66944ff59-478c4,2,56
09:51:07,50u,emailservice-66944ff59-4fvm9,10,94
09:51:07,50u,emailservice-66944ff59-txwj8,9,58
09:51:07,50u,frontend-7bd6f45654-7bcq6,163,31
09:51:07,50u,frontend-7bd6f45654-7gwtd,117,45
09:51:07,50u,frontend-7bd6f45654-xm79g,155,28
09:51:07,50u,paymentservice-9bfb7bf5-46sq4,5,79
09:51:07,50u,paymentservice-9bfb7bf5-pktv4,1,68
09:51:07,50u,paymentservice-9bfb7bf5-snj4k,8,126
09:51:07,50u,productcatalogservice-65bbf699df-8zzd2,119,42
09:51:07,50u,productcatalogservice-65bbf699df-qmltb,1,19
09:51:07,50u,productcatalogservice-65bbf699df-rh24h,66,22
09:51:07,50u,recommendationservice-7444754ff5-b7pgl,189,81
09:51:07,50u,recommendationservice-7444754ff5-hsxb8,2,51
09:51:07,50u,recommendationservice-7444754ff5-xm2x5,108,55
09:51:07,50u,redis-cart-c8ff86559-jrlvk,10,36
09:51:07,50u,shippingservice-f956b6d9f-2g46p,21,31
09:51:07,50u,shippingservice-f956b6d9f-4kzvq,5,16
09:51:07,50u,shippingservice-f956b6d9f-nmnfn,4,16
09:51:17,50u,adservice-574bff445c-grt9z,7,172
09:51:17,50u,adservice-574bff445c-h47zv,7,173
09:51:17,50u,adservice-574bff445c-wppcl,70,278
09:51:17,50u,cartservice-7c84fdfb6-hsn24,1,114
09:51:17,50u,cartservice-7c84fdfb6-s4cp2,127,176
09:51:17,50u,cartservice-7c84fdfb6-sf94w,11,139
09:51:17,50u,checkoutservice-5b6d96c9b7-cfmrc,7,36
09:51:17,50u,checkoutservice-5b6d96c9b7-h4wfv,15,20
09:51:17,50u,checkoutservice-5b6d96c9b7-jdqn7,14,22
09:51:17,50u,currencyservice-7c8fc8fc9c-dlzht,90,125
09:51:17,50u,currencyservice-7c8fc8fc9c-mvsgf,1,96
09:51:17,50u,currencyservice-7c8fc8fc9c-wqrfs,184,113
09:51:17,50u,emailservice-66944ff59-478c4,2,56
09:51:17,50u,emailservice-66944ff59-4fvm9,10,94
09:51:17,50u,emailservice-66944ff59-txwj8,9,58
09:51:17,50u,frontend-7bd6f45654-7bcq6,163,31
09:51:17,50u,frontend-7bd6f45654-7gwtd,117,45
09:51:17,50u,frontend-7bd6f45654-xm79g,155,28
09:51:17,50u,paymentservice-9bfb7bf5-46sq4,5,79
09:51:17,50u,paymentservice-9bfb7bf5-pktv4,1,68
09:51:17,50u,paymentservice-9bfb7bf5-snj4k,8,126
09:51:17,50u,productcatalogservice-65bbf699df-8zzd2,119,42
09:51:17,50u,productcatalogservice-65bbf699df-qmltb,1,19
09:51:17,50u,productcatalogservice-65bbf699df-rh24h,66,22
09:51:17,50u,recommendationservice-7444754ff5-b7pgl,189,81
09:51:17,50u,recommendationservice-7444754ff5-hsxb8,2,51
09:51:17,50u,recommendationservice-7444754ff5-xm2x5,108,55
09:51:17,50u,redis-cart-c8ff86559-jrlvk,10,36
09:51:17,50u,shippingservice-f956b6d9f-2g46p,21,31
09:51:17,50u,shippingservice-f956b6d9f-4kzvq,5,16
09:51:17,50u,shippingservice-f956b6d9f-nmnfn,4,16
09:51:27,50u,adservice-574bff445c-grt9z,7,175
09:51:27,50u,adservice-574bff445c-h47zv,7,175
09:51:27,50u,adservice-574bff445c-wppcl,73,278
09:51:27,50u,cartservice-7c84fdfb6-hsn24,1,114
09:51:27,50u,cartservice-7c84fdfb6-s4cp2,139,176
09:51:27,50u,cartservice-7c84fdfb6-sf94w,9,139
09:51:27,50u,checkoutservice-5b6d96c9b7-cfmrc,9,36
09:51:27,50u,checkoutservice-5b6d96c9b7-h4wfv,14,20
09:51:27,50u,checkoutservice-5b6d96c9b7-jdqn7,13,22
09:51:27,50u,currencyservice-7c8fc8fc9c-dlzht,96,125
09:51:27,50u,currencyservice-7c8fc8fc9c-mvsgf,1,95
09:51:27,50u,currencyservice-7c8fc8fc9c-wqrfs,192,117
09:51:27,50u,emailservice-66944ff59-478c4,2,56
09:51:27,50u,emailservice-66944ff59-4fvm9,11,94
09:51:27,50u,emailservice-66944ff59-txwj8,8,58
09:51:27,50u,frontend-7bd6f45654-7bcq6,171,31
09:51:27,50u,frontend-7bd6f45654-7gwtd,120,45
09:51:27,50u,frontend-7bd6f45654-xm79g,158,29
09:51:27,50u,paymentservice-9bfb7bf5-46sq4,5,79
09:51:27,50u,paymentservice-9bfb7bf5-pktv4,1,68
09:51:27,50u,paymentservice-9bfb7bf5-snj4k,8,126
09:51:27,50u,productcatalogservice-65bbf699df-8zzd2,123,42
09:51:27,50u,productcatalogservice-65bbf699df-qmltb,1,19
09:51:27,50u,productcatalogservice-65bbf699df-rh24h,69,22
09:51:27,50u,recommendationservice-7444754ff5-b7pgl,196,81
09:51:27,50u,recommendationservice-7444754ff5-hsxb8,2,51
09:51:27,50u,recommendationservice-7444754ff5-xm2x5,110,55
09:51:27,50u,redis-cart-c8ff86559-jrlvk,10,36
09:51:27,50u,shippingservice-f956b6d9f-2g46p,22,31
09:51:27,50u,shippingservice-f956b6d9f-4kzvq,4,16
09:51:27,50u,shippingservice-f956b6d9f-nmnfn,4,16
09:51:37,50u,adservice-574bff445c-grt9z,2,175
09:51:37,50u,adservice-574bff445c-h47zv,3,175
09:51:37,50u,adservice-574bff445c-wppcl,69,278
09:51:37,50u,cartservice-7c84fdfb6-hsn24,1,114
09:51:37,50u,cartservice-7c84fdfb6-s4cp2,119,177
09:51:37,50u,cartservice-7c84fdfb6-sf94w,9,139
09:51:37,50u,checkoutservice-5b6d96c9b7-cfmrc,9,35
09:51:37,50u,checkoutservice-5b6d96c9b7-h4wfv,11,20
09:51:37,50u,checkoutservice-5b6d96c9b7-jdqn7,12,22
09:51:37,50u,currencyservice-7c8fc8fc9c-dlzht,83,125
09:51:37,50u,currencyservice-7c8fc8fc9c-mvsgf,2,96
09:51:37,50u,currencyservice-7c8fc8fc9c-wqrfs,183,117
09:51:37,50u,emailservice-66944ff59-478c4,2,56
09:51:37,50u,emailservice-66944ff59-4fvm9,11,94
09:51:37,50u,emailservice-66944ff59-txwj8,7,58
09:51:37,50u,frontend-7bd6f45654-7bcq6,160,30
09:51:37,50u,frontend-7bd6f45654-7gwtd,111,45
09:51:37,50u,frontend-7bd6f45654-xm79g,149,29
09:51:37,50u,paymentservice-9bfb7bf5-46sq4,5,80
09:51:37,50u,paymentservice-9bfb7bf5-pktv4,1,68
09:51:37,50u,paymentservice-9bfb7bf5-snj4k,8,126
09:51:37,50u,productcatalogservice-65bbf699df-8zzd2,118,42
09:51:37,50u,productcatalogservice-65bbf699df-qmltb,1,19
09:51:37,50u,productcatalogservice-65bbf699df-rh24h,62,22
09:51:37,50u,recommendationservice-7444754ff5-b7pgl,187,81
09:51:37,50u,recommendationservice-7444754ff5-hsxb8,2,51
09:51:37,50u,recommendationservice-7444754ff5-xm2x5,102,55
09:51:37,50u,redis-cart-c8ff86559-jrlvk,10,36
09:51:37,50u,shippingservice-f956b6d9f-2g46p,19,31
09:51:37,50u,shippingservice-f956b6d9f-4kzvq,3,16
09:51:37,50u,shippingservice-f956b6d9f-nmnfn,4,16
09:51:47,50u,adservice-574bff445c-grt9z,2,175
09:51:47,50u,adservice-574bff445c-h47zv,3,175
09:51:47,50u,adservice-574bff445c-wppcl,69,278
09:51:47,50u,cartservice-7c84fdfb6-hsn24,1,114
09:51:47,50u,cartservice-7c84fdfb6-s4cp2,119,177
09:51:47,50u,cartservice-7c84fdfb6-sf94w,9,139
09:51:47,50u,checkoutservice-5b6d96c9b7-cfmrc,9,35
09:51:47,50u,checkoutservice-5b6d96c9b7-h4wfv,11,20
09:51:47,50u,checkoutservice-5b6d96c9b7-jdqn7,12,22
09:51:47,50u,currencyservice-7c8fc8fc9c-dlzht,83,125
09:51:47,50u,currencyservice-7c8fc8fc9c-mvsgf,2,96
09:51:47,50u,currencyservice-7c8fc8fc9c-wqrfs,183,117
09:51:47,50u,emailservice-66944ff59-478c4,2,56
09:51:47,50u,emailservice-66944ff59-4fvm9,11,94
09:51:47,50u,emailservice-66944ff59-txwj8,7,58
09:51:47,50u,frontend-7bd6f45654-7bcq6,160,30
09:51:47,50u,frontend-7bd6f45654-7gwtd,111,45
09:51:47,50u,frontend-7bd6f45654-xm79g,149,29
09:51:47,50u,paymentservice-9bfb7bf5-46sq4,5,80
09:51:47,50u,paymentservice-9bfb7bf5-pktv4,1,68
09:51:47,50u,paymentservice-9bfb7bf5-snj4k,8,126
09:51:47,50u,productcatalogservice-65bbf699df-8zzd2,118,42
09:51:47,50u,productcatalogservice-65bbf699df-qmltb,1,19
09:51:47,50u,productcatalogservice-65bbf699df-rh24h,62,22
09:51:47,50u,recommendationservice-7444754ff5-b7pgl,187,81
09:51:47,50u,recommendationservice-7444754ff5-hsxb8,2,51
09:51:47,50u,recommendationservice-7444754ff5-xm2x5,102,55
09:51:47,50u,redis-cart-c8ff86559-jrlvk,10,36
09:51:47,50u,shippingservice-f956b6d9f-2g46p,19,31
09:51:47,50u,shippingservice-f956b6d9f-4kzvq,3,16
09:51:47,50u,shippingservice-f956b6d9f-nmnfn,4,16
09:51:58,50u,adservice-574bff445c-grt9z,2,175
09:51:58,50u,adservice-574bff445c-h47zv,2,175
09:51:58,50u,adservice-574bff445c-wppcl,62,279
09:51:58,50u,cartservice-7c84fdfb6-hsn24,1,114
09:51:58,50u,cartservice-7c84fdfb6-s4cp2,118,176
09:51:58,50u,cartservice-7c84fdfb6-sf94w,8,139
09:51:58,50u,checkoutservice-5b6d96c9b7-cfmrc,8,35
09:51:58,50u,checkoutservice-5b6d96c9b7-h4wfv,16,20
09:51:58,50u,checkoutservice-5b6d96c9b7-jdqn7,11,22
09:51:58,50u,currencyservice-7c8fc8fc9c-dlzht,74,125
09:51:58,50u,currencyservice-7c8fc8fc9c-mvsgf,1,96
09:51:58,50u,currencyservice-7c8fc8fc9c-wqrfs,164,117
09:51:58,50u,emailservice-66944ff59-478c4,3,56
09:51:58,50u,emailservice-66944ff59-4fvm9,10,94
09:51:58,50u,emailservice-66944ff59-txwj8,9,58
09:51:58,50u,frontend-7bd6f45654-7bcq6,147,30
09:51:58,50u,frontend-7bd6f45654-7gwtd,100,45
09:51:58,50u,frontend-7bd6f45654-xm79g,140,29
09:51:58,50u,paymentservice-9bfb7bf5-46sq4,4,80
09:51:58,50u,paymentservice-9bfb7bf5-pktv4,1,68
09:51:58,50u,paymentservice-9bfb7bf5-snj4k,8,126
09:51:58,50u,productcatalogservice-65bbf699df-8zzd2,106,42
09:51:58,50u,productcatalogservice-65bbf699df-qmltb,1,19
09:51:58,50u,productcatalogservice-65bbf699df-rh24h,61,22
09:51:58,50u,recommendationservice-7444754ff5-b7pgl,170,80
09:51:58,50u,recommendationservice-7444754ff5-hsxb8,2,51
09:51:58,50u,recommendationservice-7444754ff5-xm2x5,98,55
09:51:58,50u,redis-cart-c8ff86559-jrlvk,10,36
09:51:58,50u,shippingservice-f956b6d9f-2g46p,19,31
09:51:58,50u,shippingservice-f956b6d9f-4kzvq,5,16
09:51:58,50u,shippingservice-f956b6d9f-nmnfn,3,16
09:52:08,50u,adservice-574bff445c-grt9z,4,175
09:52:08,50u,adservice-574bff445c-h47zv,3,175
09:52:08,50u,adservice-574bff445c-wppcl,2,279
09:52:08,50u,cartservice-7c84fdfb6-hsn24,3,114
09:52:08,50u,cartservice-7c84fdfb6-s4cp2,2,176
09:52:08,50u,cartservice-7c84fdfb6-sf94w,3,139
09:52:08,50u,checkoutservice-5b6d96c9b7-cfmrc,1,36
09:52:08,50u,checkoutservice-5b6d96c9b7-h4wfv,1,20
09:52:08,50u,checkoutservice-5b6d96c9b7-jdqn7,1,22
09:52:08,50u,currencyservice-7c8fc8fc9c-dlzht,1,125
09:52:08,50u,currencyservice-7c8fc8fc9c-mvsgf,2,96
09:52:08,50u,currencyservice-7c8fc8fc9c-wqrfs,1,117
09:52:08,50u,emailservice-66944ff59-478c4,3,56
09:52:08,50u,emailservice-66944ff59-4fvm9,4,94
09:52:08,50u,emailservice-66944ff59-txwj8,4,58
09:52:08,50u,frontend-7bd6f45654-7bcq6,1,30
09:52:08,50u,frontend-7bd6f45654-7gwtd,1,45
09:52:08,50u,frontend-7bd6f45654-xm79g,1,29
09:52:08,50u,paymentservice-9bfb7bf5-46sq4,1,80
09:52:08,50u,paymentservice-9bfb7bf5-pktv4,1,68
09:52:08,50u,paymentservice-9bfb7bf5-snj4k,1,126
09:52:08,50u,productcatalogservice-65bbf699df-8zzd2,1,42
09:52:08,50u,productcatalogservice-65bbf699df-qmltb,1,19
09:52:08,50u,productcatalogservice-65bbf699df-rh24h,1,22
09:52:08,50u,recommendationservice-7444754ff5-b7pgl,3,80
09:52:08,50u,recommendationservice-7444754ff5-hsxb8,4,51
09:52:08,50u,recommendationservice-7444754ff5-xm2x5,4,55
09:52:08,50u,redis-cart-c8ff86559-jrlvk,3,36
09:52:08,50u,shippingservice-f956b6d9f-2g46p,1,31
09:52:08,50u,shippingservice-f956b6d9f-4kzvq,1,16
09:52:08,50u,shippingservice-f956b6d9f-nmnfn,1,16
09:52:18,50u,adservice-574bff445c-grt9z,4,175
09:52:18,50u,adservice-574bff445c-h47zv,3,175
09:52:18,50u,adservice-574bff445c-wppcl,2,279
09:52:18,50u,cartservice-7c84fdfb6-hsn24,3,114
09:52:18,50u,cartservice-7c84fdfb6-s4cp2,2,176
09:52:18,50u,cartservice-7c84fdfb6-sf94w,3,139
09:52:18,50u,checkoutservice-5b6d96c9b7-cfmrc,1,36
09:52:18,50u,checkoutservice-5b6d96c9b7-h4wfv,1,20
09:52:18,50u,checkoutservice-5b6d96c9b7-jdqn7,1,22
09:52:18,50u,currencyservice-7c8fc8fc9c-dlzht,1,125
09:52:18,50u,currencyservice-7c8fc8fc9c-mvsgf,2,96
09:52:18,50u,currencyservice-7c8fc8fc9c-wqrfs,1,117
09:52:18,50u,emailservice-66944ff59-478c4,3,56
09:52:18,50u,emailservice-66944ff59-4fvm9,4,94
09:52:18,50u,emailservice-66944ff59-txwj8,4,58
09:52:18,50u,frontend-7bd6f45654-7bcq6,1,30
09:52:18,50u,frontend-7bd6f45654-7gwtd,1,45
09:52:18,50u,frontend-7bd6f45654-xm79g,1,29
09:52:18,50u,paymentservice-9bfb7bf5-46sq4,1,80
09:52:18,50u,paymentservice-9bfb7bf5-pktv4,1,68
09:52:18,50u,paymentservice-9bfb7bf5-snj4k,1,126
09:52:18,50u,productcatalogservice-65bbf699df-8zzd2,1,42
09:52:18,50u,productcatalogservice-65bbf699df-qmltb,1,19
09:52:18,50u,productcatalogservice-65bbf699df-rh24h,1,22
09:52:18,50u,recommendationservice-7444754ff5-b7pgl,3,80
09:52:18,50u,recommendationservice-7444754ff5-hsxb8,4,51
09:52:18,50u,recommendationservice-7444754ff5-xm2x5,4,55
09:52:18,50u,redis-cart-c8ff86559-jrlvk,3,36
09:52:18,50u,shippingservice-f956b6d9f-2g46p,1,31
09:52:18,50u,shippingservice-f956b6d9f-4kzvq,1,16
09:52:18,50u,shippingservice-f956b6d9f-nmnfn,1,16
09:52:28,50u,adservice-574bff445c-grt9z,2,175
09:52:28,50u,adservice-574bff445c-h47zv,2,175
09:52:28,50u,adservice-574bff445c-wppcl,2,279
09:52:28,50u,cartservice-7c84fdfb6-hsn24,1,114
09:52:28,50u,cartservice-7c84fdfb6-s4cp2,2,176
09:52:28,50u,cartservice-7c84fdfb6-sf94w,2,139
09:52:28,50u,checkoutservice-5b6d96c9b7-cfmrc,1,36
09:52:28,50u,checkoutservice-5b6d96c9b7-h4wfv,1,20
09:52:28,50u,checkoutservice-5b6d96c9b7-jdqn7,1,22
09:52:28,50u,currencyservice-7c8fc8fc9c-dlzht,1,125
09:52:28,50u,currencyservice-7c8fc8fc9c-mvsgf,1,96
09:52:28,50u,currencyservice-7c8fc8fc9c-wqrfs,1,117
09:52:28,50u,emailservice-66944ff59-478c4,3,56
09:52:28,50u,emailservice-66944ff59-4fvm9,4,94
09:52:28,50u,emailservice-66944ff59-txwj8,3,58
09:52:28,50u,frontend-7bd6f45654-7bcq6,1,30
09:52:28,50u,frontend-7bd6f45654-7gwtd,1,45
09:52:28,50u,frontend-7bd6f45654-xm79g,1,29
09:52:28,50u,paymentservice-9bfb7bf5-46sq4,1,80
09:52:28,50u,paymentservice-9bfb7bf5-pktv4,1,68
09:52:28,50u,paymentservice-9bfb7bf5-snj4k,1,126
09:52:28,50u,productcatalogservice-65bbf699df-8zzd2,1,42
09:52:28,50u,productcatalogservice-65bbf699df-qmltb,1,19
09:52:28,50u,productcatalogservice-65bbf699df-rh24h,1,22
09:52:28,50u,recommendationservice-7444754ff5-b7pgl,3,80
09:52:28,50u,recommendationservice-7444754ff5-hsxb8,4,51
09:52:28,50u,recommendationservice-7444754ff5-xm2x5,4,55
09:52:28,50u,redis-cart-c8ff86559-jrlvk,3,36
09:52:28,50u,shippingservice-f956b6d9f-2g46p,1,31
09:52:28,50u,shippingservice-f956b6d9f-4kzvq,1,16
09:52:28,50u,shippingservice-f956b6d9f-nmnfn,1,16
09:52:38,50u,adservice-574bff445c-grt9z,2,175
09:52:38,50u,adservice-574bff445c-h47zv,2,175
09:52:38,50u,adservice-574bff445c-wppcl,1,279
09:52:38,50u,cartservice-7c84fdfb6-hsn24,2,114
09:52:38,50u,cartservice-7c84fdfb6-s4cp2,2,176
09:52:38,50u,cartservice-7c84fdfb6-sf94w,3,139
09:52:38,50u,checkoutservice-5b6d96c9b7-cfmrc,1,36
09:52:38,50u,checkoutservice-5b6d96c9b7-h4wfv,1,20
09:52:38,50u,checkoutservice-5b6d96c9b7-jdqn7,1,22
09:52:38,50u,currencyservice-7c8fc8fc9c-dlzht,1,125
09:52:38,50u,currencyservice-7c8fc8fc9c-mvsgf,2,96
09:52:38,50u,currencyservice-7c8fc8fc9c-wqrfs,1,117
09:52:38,50u,emailservice-66944ff59-478c4,3,56
09:52:38,50u,emailservice-66944ff59-4fvm9,4,94
09:52:38,50u,emailservice-66944ff59-txwj8,4,58
09:52:38,50u,frontend-7bd6f45654-7bcq6,1,30
09:52:38,50u,frontend-7bd6f45654-7gwtd,1,45
09:52:38,50u,frontend-7bd6f45654-xm79g,1,29
09:52:38,50u,paymentservice-9bfb7bf5-46sq4,1,80
09:52:38,50u,paymentservice-9bfb7bf5-pktv4,1,68
09:52:38,50u,paymentservice-9bfb7bf5-snj4k,1,126
09:52:38,50u,productcatalogservice-65bbf699df-8zzd2,1,42
09:52:38,50u,productcatalogservice-65bbf699df-qmltb,1,19
09:52:38,50u,productcatalogservice-65bbf699df-rh24h,1,22
09:52:38,50u,recommendationservice-7444754ff5-b7pgl,3,80
09:52:38,50u,recommendationservice-7444754ff5-hsxb8,4,51
09:52:38,50u,recommendationservice-7444754ff5-xm2x5,4,55
09:52:38,50u,redis-cart-c8ff86559-jrlvk,3,36
09:52:38,50u,shippingservice-f956b6d9f-2g46p,1,31
09:52:38,50u,shippingservice-f956b6d9f-4kzvq,1,16
09:52:38,50u,shippingservice-f956b6d9f-nmnfn,1,16
09:52:48,75u,adservice-574bff445c-grt9z,2,175
09:52:48,75u,adservice-574bff445c-h47zv,2,175
09:52:48,75u,adservice-574bff445c-wppcl,1,279
09:52:48,75u,cartservice-7c84fdfb6-hsn24,2,114
09:52:48,75u,cartservice-7c84fdfb6-s4cp2,2,176
09:52:48,75u,cartservice-7c84fdfb6-sf94w,3,139
09:52:48,75u,checkoutservice-5b6d96c9b7-cfmrc,1,36
09:52:48,75u,checkoutservice-5b6d96c9b7-h4wfv,1,20
09:52:48,75u,checkoutservice-5b6d96c9b7-jdqn7,1,22
09:52:48,75u,currencyservice-7c8fc8fc9c-dlzht,1,125
09:52:48,75u,currencyservice-7c8fc8fc9c-mvsgf,2,96
09:52:48,75u,currencyservice-7c8fc8fc9c-wqrfs,1,117
09:52:48,75u,emailservice-66944ff59-478c4,3,56
09:52:48,75u,emailservice-66944ff59-4fvm9,4,94
09:52:48,75u,emailservice-66944ff59-txwj8,4,58
09:52:48,75u,frontend-7bd6f45654-7bcq6,1,30
09:52:48,75u,frontend-7bd6f45654-7gwtd,1,45
09:52:48,75u,frontend-7bd6f45654-xm79g,1,29
09:52:48,75u,paymentservice-9bfb7bf5-46sq4,1,80
09:52:48,75u,paymentservice-9bfb7bf5-pktv4,1,68
09:52:48,75u,paymentservice-9bfb7bf5-snj4k,1,126
09:52:48,75u,productcatalogservice-65bbf699df-8zzd2,1,42
09:52:48,75u,productcatalogservice-65bbf699df-qmltb,1,19
09:52:48,75u,productcatalogservice-65bbf699df-rh24h,1,22
09:52:48,75u,recommendationservice-7444754ff5-b7pgl,3,80
09:52:48,75u,recommendationservice-7444754ff5-hsxb8,4,51
09:52:48,75u,recommendationservice-7444754ff5-xm2x5,4,55
09:52:48,75u,redis-cart-c8ff86559-jrlvk,3,36
09:52:48,75u,shippingservice-f956b6d9f-2g46p,1,31
09:52:48,75u,shippingservice-f956b6d9f-4kzvq,1,16
09:52:48,75u,shippingservice-f956b6d9f-nmnfn,1,16
09:52:59,75u,adservice-574bff445c-grt9z,3,175
09:52:59,75u,adservice-574bff445c-h47zv,2,175
09:52:59,75u,adservice-574bff445c-wppcl,2,278
09:52:59,75u,cartservice-7c84fdfb6-hsn24,1,114
09:52:59,75u,cartservice-7c84fdfb6-s4cp2,3,176
09:52:59,75u,cartservice-7c84fdfb6-sf94w,3,139
09:52:59,75u,checkoutservice-5b6d96c9b7-cfmrc,1,36
09:52:59,75u,checkoutservice-5b6d96c9b7-h4wfv,1,20
09:52:59,75u,checkoutservice-5b6d96c9b7-jdqn7,1,23
09:52:59,75u,currencyservice-7c8fc8fc9c-dlzht,1,125
09:52:59,75u,currencyservice-7c8fc8fc9c-mvsgf,1,96
09:52:59,75u,currencyservice-7c8fc8fc9c-wqrfs,3,117
09:52:59,75u,emailservice-66944ff59-478c4,4,56
09:52:59,75u,emailservice-66944ff59-4fvm9,4,94
09:52:59,75u,emailservice-66944ff59-txwj8,4,58
09:52:59,75u,frontend-7bd6f45654-7bcq6,3,30
09:52:59,75u,frontend-7bd6f45654-7gwtd,1,45
09:52:59,75u,frontend-7bd6f45654-xm79g,1,29
09:52:59,75u,paymentservice-9bfb7bf5-46sq4,1,80
09:52:59,75u,paymentservice-9bfb7bf5-pktv4,2,68
09:52:59,75u,paymentservice-9bfb7bf5-snj4k,1,126
09:52:59,75u,productcatalogservice-65bbf699df-8zzd2,2,42
09:52:59,75u,productcatalogservice-65bbf699df-qmltb,1,19
09:52:59,75u,productcatalogservice-65bbf699df-rh24h,1,22
09:52:59,75u,recommendationservice-7444754ff5-b7pgl,4,80
09:52:59,75u,recommendationservice-7444754ff5-hsxb8,4,51
09:52:59,75u,recommendationservice-7444754ff5-xm2x5,4,55
09:52:59,75u,redis-cart-c8ff86559-jrlvk,3,36
09:52:59,75u,shippingservice-f956b6d9f-2g46p,1,31
09:52:59,75u,shippingservice-f956b6d9f-4kzvq,1,16
09:52:59,75u,shippingservice-f956b6d9f-nmnfn,1,16
09:53:09,75u,adservice-574bff445c-grt9z,2,175
09:53:09,75u,adservice-574bff445c-h47zv,1,175
09:53:09,75u,adservice-574bff445c-wppcl,36,278
09:53:09,75u,cartservice-7c84fdfb6-hsn24,1,114
09:53:09,75u,cartservice-7c84fdfb6-s4cp2,86,176
09:53:09,75u,cartservice-7c84fdfb6-sf94w,8,139
09:53:09,75u,checkoutservice-5b6d96c9b7-cfmrc,5,35
09:53:09,75u,checkoutservice-5b6d96c9b7-h4wfv,3,20
09:53:09,75u,checkoutservice-5b6d96c9b7-jdqn7,9,22
09:53:09,75u,currencyservice-7c8fc8fc9c-dlzht,52,125
09:53:09,75u,currencyservice-7c8fc8fc9c-mvsgf,2,96
09:53:09,75u,currencyservice-7c8fc8fc9c-wqrfs,100,118
09:53:09,75u,emailservice-66944ff59-478c4,3,56
09:53:09,75u,emailservice-66944ff59-4fvm9,8,94
09:53:09,75u,emailservice-66944ff59-txwj8,4,58
09:53:09,75u,frontend-7bd6f45654-7bcq6,123,30
09:53:09,75u,frontend-7bd6f45654-7gwtd,68,45
09:53:09,75u,frontend-7bd6f45654-xm79g,33,28
09:53:09,75u,paymentservice-9bfb7bf5-46sq4,4,80
09:53:09,75u,paymentservice-9bfb7bf5-pktv4,1,68
09:53:09,75u,paymentservice-9bfb7bf5-snj4k,8,125
09:53:09,75u,productcatalogservice-65bbf699df-8zzd2,77,42
09:53:09,75u,productcatalogservice-65bbf699df-qmltb,1,19
09:53:09,75u,productcatalogservice-65bbf699df-rh24h,15,22
09:53:09,75u,recommendationservice-7444754ff5-b7pgl,117,80
09:53:09,75u,recommendationservice-7444754ff5-hsxb8,3,51
09:53:09,75u,recommendationservice-7444754ff5-xm2x5,23,55
09:53:09,75u,redis-cart-c8ff86559-jrlvk,7,36
09:53:09,75u,shippingservice-f956b6d9f-2g46p,12,31
09:53:09,75u,shippingservice-f956b6d9f-4kzvq,2,16
09:53:09,75u,shippingservice-f956b6d9f-nmnfn,3,16
09:53:19,75u,adservice-574bff445c-grt9z,2,175
09:53:19,75u,adservice-574bff445c-h47zv,2,175
09:53:19,75u,adservice-574bff445c-wppcl,68,278
09:53:19,75u,cartservice-7c84fdfb6-hsn24,1,114
09:53:19,75u,cartservice-7c84fdfb6-s4cp2,154,176
09:53:19,75u,cartservice-7c84fdfb6-sf94w,11,140
09:53:19,75u,checkoutservice-5b6d96c9b7-cfmrc,8,35
09:53:19,75u,checkoutservice-5b6d96c9b7-h4wfv,14,20
09:53:19,75u,checkoutservice-5b6d96c9b7-jdqn7,14,22
09:53:19,75u,currencyservice-7c8fc8fc9c-dlzht,102,124
09:53:19,75u,currencyservice-7c8fc8fc9c-mvsgf,1,96
09:53:19,75u,currencyservice-7c8fc8fc9c-wqrfs,184,120
09:53:19,75u,emailservice-66944ff59-478c4,3,56
09:53:19,75u,emailservice-66944ff59-4fvm9,11,94
09:53:19,75u,emailservice-66944ff59-txwj8,9,58
09:53:19,75u,frontend-7bd6f45654-7bcq6,165,30
09:53:19,75u,frontend-7bd6f45654-7gwtd,129,45
09:53:19,75u,frontend-7bd6f45654-xm79g,149,29
09:53:19,75u,paymentservice-9bfb7bf5-46sq4,6,80
09:53:19,75u,paymentservice-9bfb7bf5-pktv4,3,68
09:53:19,75u,paymentservice-9bfb7bf5-snj4k,8,125
09:53:19,75u,productcatalogservice-65bbf699df-8zzd2,125,42
09:53:19,75u,productcatalogservice-65bbf699df-qmltb,1,19
09:53:19,75u,productcatalogservice-65bbf699df-rh24h,64,22
09:53:19,75u,recommendationservice-7444754ff5-b7pgl,189,80
09:53:19,75u,recommendationservice-7444754ff5-hsxb8,3,51
09:53:19,75u,recommendationservice-7444754ff5-xm2x5,108,55
09:53:19,75u,redis-cart-c8ff86559-jrlvk,11,36
09:53:19,75u,shippingservice-f956b6d9f-2g46p,22,31
09:53:19,75u,shippingservice-f956b6d9f-4kzvq,4,16
09:53:19,75u,shippingservice-f956b6d9f-nmnfn,4,16
09:53:29,75u,adservice-574bff445c-grt9z,2,175
09:53:29,75u,adservice-574bff445c-h47zv,2,175
09:53:29,75u,adservice-574bff445c-wppcl,68,278
09:53:29,75u,cartservice-7c84fdfb6-hsn24,1,114
09:53:29,75u,cartservice-7c84fdfb6-s4cp2,154,176
09:53:29,75u,cartservice-7c84fdfb6-sf94w,11,140
09:53:29,75u,checkoutservice-5b6d96c9b7-cfmrc,8,35
09:53:29,75u,checkoutservice-5b6d96c9b7-h4wfv,14,20
09:53:29,75u,checkoutservice-5b6d96c9b7-jdqn7,14,22
09:53:29,75u,currencyservice-7c8fc8fc9c-dlzht,102,124
09:53:29,75u,currencyservice-7c8fc8fc9c-mvsgf,1,96
09:53:29,75u,currencyservice-7c8fc8fc9c-wqrfs,184,120
09:53:29,75u,emailservice-66944ff59-478c4,3,56
09:53:29,75u,emailservice-66944ff59-4fvm9,11,94
09:53:29,75u,emailservice-66944ff59-txwj8,9,58
09:53:29,75u,frontend-7bd6f45654-7bcq6,165,30
09:53:29,75u,frontend-7bd6f45654-7gwtd,129,45
09:53:29,75u,frontend-7bd6f45654-xm79g,149,29
09:53:29,75u,paymentservice-9bfb7bf5-46sq4,6,80
09:53:29,75u,paymentservice-9bfb7bf5-pktv4,3,68
09:53:29,75u,paymentservice-9bfb7bf5-snj4k,8,125
09:53:29,75u,productcatalogservice-65bbf699df-8zzd2,125,42
09:53:29,75u,productcatalogservice-65bbf699df-qmltb,1,19
09:53:29,75u,productcatalogservice-65bbf699df-rh24h,64,22
09:53:29,75u,recommendationservice-7444754ff5-b7pgl,189,80
09:53:29,75u,recommendationservice-7444754ff5-hsxb8,3,51
09:53:29,75u,recommendationservice-7444754ff5-xm2x5,108,55
09:53:29,75u,redis-cart-c8ff86559-jrlvk,11,36
09:53:29,75u,shippingservice-f956b6d9f-2g46p,22,31
09:53:29,75u,shippingservice-f956b6d9f-4kzvq,4,16
09:53:29,75u,shippingservice-f956b6d9f-nmnfn,4,16
09:53:39,75u,adservice-574bff445c-grt9z,2,175
09:53:39,75u,adservice-574bff445c-h47zv,2,175
09:53:39,75u,adservice-574bff445c-wppcl,33,278
09:53:39,75u,cartservice-7c84fdfb6-hsn24,1,114
09:53:39,75u,cartservice-7c84fdfb6-s4cp2,84,176
09:53:39,75u,cartservice-7c84fdfb6-sf94w,5,140
09:53:39,75u,checkoutservice-5b6d96c9b7-cfmrc,6,36
09:53:39,75u,checkoutservice-5b6d96c9b7-h4wfv,6,20
09:53:39,75u,checkoutservice-5b6d96c9b7-jdqn7,5,22
09:53:39,75u,currencyservice-7c8fc8fc9c-dlzht,52,124
09:53:39,75u,currencyservice-7c8fc8fc9c-mvsgf,1,96
09:53:39,75u,currencyservice-7c8fc8fc9c-wqrfs,99,119
09:53:39,75u,emailservice-66944ff59-478c4,2,56
09:53:39,75u,emailservice-66944ff59-4fvm9,7,94
09:53:39,75u,emailservice-66944ff59-txwj8,5,58
09:53:39,75u,frontend-7bd6f45654-7bcq6,81,30
09:53:39,75u,frontend-7bd6f45654-7gwtd,69,45
09:53:39,75u,frontend-7bd6f45654-xm79g,70,29
09:53:39,75u,paymentservice-9bfb7bf5-46sq4,3,80
09:53:39,75u,paymentservice-9bfb7bf5-pktv4,1,68
09:53:39,75u,paymentservice-9bfb7bf5-snj4k,5,125
09:53:39,75u,productcatalogservice-65bbf699df-8zzd2,65,42
09:53:39,75u,productcatalogservice-65bbf699df-qmltb,1,19
09:53:39,75u,productcatalogservice-65bbf699df-rh24h,30,22
09:53:39,75u,recommendationservice-7444754ff5-b7pgl,92,80
09:53:39,75u,recommendationservice-7444754ff5-hsxb8,2,51
09:53:39,75u,recommendationservice-7444754ff5-xm2x5,47,55
09:53:39,75u,redis-cart-c8ff86559-jrlvk,7,36
09:53:39,75u,shippingservice-f956b6d9f-2g46p,12,31
09:53:39,75u,shippingservice-f956b6d9f-4kzvq,2,16
09:53:39,75u,shippingservice-f956b6d9f-nmnfn,2,16
09:53:49,75u,adservice-574bff445c-grt9z,2,175
09:53:49,75u,adservice-574bff445c-h47zv,1,175
09:53:49,75u,adservice-574bff445c-wppcl,74,278
09:53:49,75u,cartservice-7c84fdfb6-hsn24,1,114
09:53:49,75u,cartservice-7c84fdfb6-s4cp2,163,176
09:53:49,75u,cartservice-7c84fdfb6-sf94w,9,139
09:53:49,75u,checkoutservice-5b6d96c9b7-cfmrc,9,35
09:53:49,75u,checkoutservice-5b6d96c9b7-h4wfv,16,20
09:53:49,75u,checkoutservice-5b6d96c9b7-jdqn7,12,22
09:53:49,75u,currencyservice-7c8fc8fc9c-dlzht,100,124
09:53:49,75u,currencyservice-7c8fc8fc9c-mvsgf,1,96
09:53:49,75u,currencyservice-7c8fc8fc9c-wqrfs,190,120
09:53:49,75u,emailservice-66944ff59-478c4,2,56
09:53:49,75u,emailservice-66944ff59-4fvm9,10,94
09:53:49,75u,emailservice-66944ff59-txwj8,9,58
09:53:49,75u,frontend-7bd6f45654-7bcq6,164,30
09:53:49,75u,frontend-7bd6f45654-7gwtd,136,45
09:53:49,75u,frontend-7bd6f45654-xm79g,164,29
09:53:49,75u,paymentservice-9bfb7bf5-46sq4,4,80
09:53:49,75u,paymentservice-9bfb7bf5-pktv4,1,68
09:53:49,75u,paymentservice-9bfb7bf5-snj4k,9,125
09:53:49,75u,productcatalogservice-65bbf699df-8zzd2,126,42
09:53:49,75u,productcatalogservice-65bbf699df-qmltb,1,19
09:53:49,75u,productcatalogservice-65bbf699df-rh24h,69,22
09:53:49,75u,recommendationservice-7444754ff5-b7pgl,197,81
09:53:49,75u,recommendationservice-7444754ff5-hsxb8,2,51
09:53:49,75u,recommendationservice-7444754ff5-xm2x5,118,55
09:53:49,75u,redis-cart-c8ff86559-jrlvk,11,36
09:53:49,75u,shippingservice-f956b6d9f-2g46p,22,31
09:53:49,75u,shippingservice-f956b6d9f-4kzvq,4,16
09:53:49,75u,shippingservice-f956b6d9f-nmnfn,3,16
09:54:00,75u,adservice-574bff445c-grt9z,2,175
09:54:00,75u,adservice-574bff445c-h47zv,1,175
09:54:00,75u,adservice-574bff445c-wppcl,74,278
09:54:00,75u,cartservice-7c84fdfb6-hsn24,1,114
09:54:00,75u,cartservice-7c84fdfb6-s4cp2,163,176
09:54:00,75u,cartservice-7c84fdfb6-sf94w,9,139
09:54:00,75u,checkoutservice-5b6d96c9b7-cfmrc,9,35
09:54:00,75u,checkoutservice-5b6d96c9b7-h4wfv,16,20
09:54:00,75u,checkoutservice-5b6d96c9b7-jdqn7,12,22
09:54:00,75u,currencyservice-7c8fc8fc9c-dlzht,100,124
09:54:00,75u,currencyservice-7c8fc8fc9c-mvsgf,1,96
09:54:00,75u,currencyservice-7c8fc8fc9c-wqrfs,190,120
09:54:00,75u,emailservice-66944ff59-478c4,2,56
09:54:00,75u,emailservice-66944ff59-4fvm9,10,94
09:54:00,75u,emailservice-66944ff59-txwj8,9,58
09:54:00,75u,frontend-7bd6f45654-7bcq6,164,30
09:54:00,75u,frontend-7bd6f45654-7gwtd,136,45
09:54:00,75u,frontend-7bd6f45654-xm79g,164,29
09:54:00,75u,paymentservice-9bfb7bf5-46sq4,4,80
09:54:00,75u,paymentservice-9bfb7bf5-pktv4,1,68
09:54:00,75u,paymentservice-9bfb7bf5-snj4k,9,125
09:54:00,75u,productcatalogservice-65bbf699df-8zzd2,126,42
09:54:00,75u,productcatalogservice-65bbf699df-qmltb,1,19
09:54:00,75u,productcatalogservice-65bbf699df-rh24h,69,22
09:54:00,75u,recommendationservice-7444754ff5-b7pgl,197,81
09:54:00,75u,recommendationservice-7444754ff5-hsxb8,2,51
09:54:00,75u,recommendationservice-7444754ff5-xm2x5,118,55
09:54:00,75u,redis-cart-c8ff86559-jrlvk,11,36
09:54:00,75u,shippingservice-f956b6d9f-2g46p,22,31
09:54:00,75u,shippingservice-f956b6d9f-4kzvq,4,16
09:54:00,75u,shippingservice-f956b6d9f-nmnfn,3,16
09:54:10,75u,adservice-574bff445c-grt9z,1,175
09:54:10,75u,adservice-574bff445c-h47zv,1,176
09:54:10,75u,adservice-574bff445c-wppcl,84,279
09:54:10,75u,cartservice-7c84fdfb6-hsn24,1,114
09:54:10,75u,cartservice-7c84fdfb6-s4cp2,164,176
09:54:10,75u,cartservice-7c84fdfb6-sf94w,9,139
09:54:10,75u,checkoutservice-5b6d96c9b7-cfmrc,10,36
09:54:10,75u,checkoutservice-5b6d96c9b7-h4wfv,23,20
09:54:10,75u,checkoutservice-5b6d96c9b7-jdqn7,14,22
09:54:10,75u,currencyservice-7c8fc8fc9c-dlzht,103,125
09:54:10,75u,currencyservice-7c8fc8fc9c-mvsgf,2,96
09:54:10,75u,currencyservice-7c8fc8fc9c-wqrfs,199,121
09:54:10,75u,emailservice-66944ff59-478c4,2,56
09:54:10,75u,emailservice-66944ff59-4fvm9,11,94
09:54:10,75u,emailservice-66944ff59-txwj8,12,58
09:54:10,75u,frontend-7bd6f45654-7bcq6,159,31
09:54:10,75u,frontend-7bd6f45654-7gwtd,130,45
09:54:10,75u,frontend-7bd6f45654-xm79g,195,30
09:54:10,75u,paymentservice-9bfb7bf5-46sq4,5,80
09:54:10,75u,paymentservice-9bfb7bf5-pktv4,1,68
09:54:10,75u,paymentservice-9bfb7bf5-snj4k,12,125
09:54:10,75u,productcatalogservice-65bbf699df-8zzd2,125,43
09:54:10,75u,productcatalogservice-65bbf699df-qmltb,1,19
09:54:10,75u,productcatalogservice-65bbf699df-rh24h,84,22
09:54:10,75u,recommendationservice-7444754ff5-b7pgl,200,81
09:54:10,75u,recommendationservice-7444754ff5-hsxb8,2,51
09:54:10,75u,recommendationservice-7444754ff5-xm2x5,177,55
09:54:10,75u,redis-cart-c8ff86559-jrlvk,12,36
09:54:10,75u,shippingservice-f956b6d9f-2g46p,25,31
09:54:10,75u,shippingservice-f956b6d9f-4kzvq,6,16
09:54:10,75u,shippingservice-f956b6d9f-nmnfn,4,16
09:54:20,75u,adservice-574bff445c-grt9z,1,175
09:54:20,75u,adservice-574bff445c-h47zv,2,176
09:54:20,75u,adservice-574bff445c-wppcl,87,279
09:54:20,75u,cartservice-7c84fdfb6-hsn24,1,114
09:54:20,75u,cartservice-7c84fdfb6-s4cp2,161,176
09:54:20,75u,cartservice-7c84fdfb6-sf94w,9,139
09:54:20,75u,checkoutservice-5b6d96c9b7-cfmrc,10,35
09:54:20,75u,checkoutservice-5b6d96c9b7-h4wfv,24,20
09:54:20,75u,checkoutservice-5b6d96c9b7-jdqn7,14,22
09:54:20,75u,currencyservice-7c8fc8fc9c-dlzht,98,125
09:54:20,75u,currencyservice-7c8fc8fc9c-mvsgf,1,96
09:54:20,75u,currencyservice-7c8fc8fc9c-wqrfs,198,122
09:54:20,75u,emailservice-66944ff59-478c4,2,56
09:54:20,75u,emailservice-66944ff59-4fvm9,11,94
09:54:20,75u,emailservice-66944ff59-txwj8,11,58
09:54:20,75u,frontend-7bd6f45654-7bcq6,161,31
09:54:20,75u,frontend-7bd6f45654-7gwtd,124,45
09:54:20,75u,frontend-7bd6f45654-xm79g,196,29
09:54:20,75u,paymentservice-9bfb7bf5-46sq4,5,80
09:54:20,75u,paymentservice-9bfb7bf5-pktv4,2,68
09:54:20,75u,paymentservice-9bfb7bf5-snj4k,12,125
09:54:20,75u,productcatalogservice-65bbf699df-8zzd2,126,42
09:54:20,75u,productcatalogservice-65bbf699df-qmltb,1,19
09:54:20,75u,productcatalogservice-65bbf699df-rh24h,84,22
09:54:20,75u,recommendationservice-7444754ff5-b7pgl,200,81
09:54:20,75u,recommendationservice-7444754ff5-hsxb8,2,51
09:54:20,75u,recommendationservice-7444754ff5-xm2x5,182,55
09:54:20,75u,redis-cart-c8ff86559-jrlvk,11,36
09:54:20,75u,shippingservice-f956b6d9f-2g46p,25,31
09:54:20,75u,shippingservice-f956b6d9f-4kzvq,6,16
09:54:20,75u,shippingservice-f956b6d9f-nmnfn,4,16
09:54:30,75u,adservice-574bff445c-grt9z,1,175
09:54:30,75u,adservice-574bff445c-h47zv,2,176
09:54:30,75u,adservice-574bff445c-wppcl,87,279
09:54:30,75u,cartservice-7c84fdfb6-hsn24,1,114
09:54:30,75u,cartservice-7c84fdfb6-s4cp2,161,176
09:54:30,75u,cartservice-7c84fdfb6-sf94w,9,139
09:54:30,75u,checkoutservice-5b6d96c9b7-cfmrc,10,35
09:54:30,75u,checkoutservice-5b6d96c9b7-h4wfv,24,20
09:54:30,75u,checkoutservice-5b6d96c9b7-jdqn7,14,22
09:54:30,75u,currencyservice-7c8fc8fc9c-dlzht,98,125
09:54:30,75u,currencyservice-7c8fc8fc9c-mvsgf,1,96
09:54:30,75u,currencyservice-7c8fc8fc9c-wqrfs,198,122
09:54:30,75u,emailservice-66944ff59-478c4,2,56
09:54:30,75u,emailservice-66944ff59-4fvm9,11,94
09:54:30,75u,emailservice-66944ff59-txwj8,11,58
09:54:30,75u,frontend-7bd6f45654-7bcq6,161,31
09:54:30,75u,frontend-7bd6f45654-7gwtd,124,45
09:54:30,75u,frontend-7bd6f45654-xm79g,196,29
09:54:30,75u,paymentservice-9bfb7bf5-46sq4,5,80
09:54:30,75u,paymentservice-9bfb7bf5-pktv4,2,68
09:54:30,75u,paymentservice-9bfb7bf5-snj4k,12,125
09:54:30,75u,productcatalogservice-65bbf699df-8zzd2,126,42
09:54:30,75u,productcatalogservice-65bbf699df-qmltb,1,19
09:54:30,75u,productcatalogservice-65bbf699df-rh24h,84,22
09:54:30,75u,recommendationservice-7444754ff5-b7pgl,200,81
09:54:30,75u,recommendationservice-7444754ff5-hsxb8,2,51
09:54:30,75u,recommendationservice-7444754ff5-xm2x5,182,55
09:54:30,75u,redis-cart-c8ff86559-jrlvk,11,36
09:54:30,75u,shippingservice-f956b6d9f-2g46p,25,31
09:54:30,75u,shippingservice-f956b6d9f-4kzvq,6,16
09:54:30,75u,shippingservice-f956b6d9f-nmnfn,4,16
09:54:40,75u,adservice-574bff445c-grt9z,1,175
09:54:40,75u,adservice-574bff445c-h47zv,2,178
09:54:40,75u,adservice-574bff445c-wppcl,90,279
09:54:40,75u,cartservice-7c84fdfb6-hsn24,1,114
09:54:40,75u,cartservice-7c84fdfb6-s4cp2,166,176
09:54:40,75u,cartservice-7c84fdfb6-sf94w,8,139
09:54:40,75u,checkoutservice-5b6d96c9b7-cfmrc,10,35
09:54:40,75u,checkoutservice-5b6d96c9b7-h4wfv,25,20
09:54:40,75u,checkoutservice-5b6d96c9b7-jdqn7,13,23
09:54:40,75u,currencyservice-7c8fc8fc9c-dlzht,96,125
09:54:40,75u,currencyservice-7c8fc8fc9c-mvsgf,1,96
09:54:40,75u,currencyservice-7c8fc8fc9c-wqrfs,199,124
09:54:40,75u,emailservice-66944ff59-478c4,2,56
09:54:40,75u,emailservice-66944ff59-4fvm9,10,94
09:54:40,75u,emailservice-66944ff59-txwj8,12,58
09:54:40,75u,frontend-7bd6f45654-7bcq6,159,31
09:54:40,75u,frontend-7bd6f45654-7gwtd,125,46
09:54:40,75u,frontend-7bd6f45654-xm79g,192,29
09:54:40,75u,paymentservice-9bfb7bf5-46sq4,5,80
09:54:40,75u,paymentservice-9bfb7bf5-pktv4,2,68
09:54:40,75u,paymentservice-9bfb7bf5-snj4k,12,125
09:54:40,75u,productcatalogservice-65bbf699df-8zzd2,126,42
09:54:40,75u,productcatalogservice-65bbf699df-qmltb,1,19
09:54:40,75u,productcatalogservice-65bbf699df-rh24h,83,22
09:54:40,75u,recommendationservice-7444754ff5-b7pgl,199,81
09:54:40,75u,recommendationservice-7444754ff5-hsxb8,2,51
09:54:40,75u,recommendationservice-7444754ff5-xm2x5,176,55
09:54:40,75u,redis-cart-c8ff86559-jrlvk,11,36
09:54:40,75u,shippingservice-f956b6d9f-2g46p,24,31
09:54:40,75u,shippingservice-f956b6d9f-4kzvq,6,16
09:54:40,75u,shippingservice-f956b6d9f-nmnfn,4,16
09:54:50,75u,adservice-574bff445c-grt9z,2,175
09:54:50,75u,adservice-574bff445c-h47zv,1,178
09:54:50,75u,adservice-574bff445c-wppcl,86,279
09:54:50,75u,cartservice-7c84fdfb6-hsn24,1,114
09:54:50,75u,cartservice-7c84fdfb6-s4cp2,161,176
09:54:50,75u,cartservice-7c84fdfb6-sf94w,10,139
09:54:50,75u,checkoutservice-5b6d96c9b7-cfmrc,7,35
09:54:50,75u,checkoutservice-5b6d96c9b7-h4wfv,24,20
09:54:50,75u,checkoutservice-5b6d96c9b7-jdqn7,16,22
09:54:50,75u,currencyservice-7c8fc8fc9c-dlzht,101,125
09:54:50,75u,currencyservice-7c8fc8fc9c-mvsgf,1,96
09:54:50,75u,currencyservice-7c8fc8fc9c-wqrfs,199,124
09:54:50,75u,emailservice-66944ff59-478c4,2,56
09:54:50,75u,emailservice-66944ff59-4fvm9,11,94
09:54:50,75u,emailservice-66944ff59-txwj8,11,58
09:54:50,75u,frontend-7bd6f45654-7bcq6,158,31
09:54:50,75u,frontend-7bd6f45654-7gwtd,129,46
09:54:50,75u,frontend-7bd6f45654-xm79g,192,29
09:54:50,75u,paymentservice-9bfb7bf5-46sq4,5,80
09:54:50,75u,paymentservice-9bfb7bf5-pktv4,1,68
09:54:50,75u,paymentservice-9bfb7bf5-snj4k,10,125
09:54:50,75u,productcatalogservice-65bbf699df-8zzd2,125,42
09:54:50,75u,productcatalogservice-65bbf699df-qmltb,1,19
09:54:50,75u,productcatalogservice-65bbf699df-rh24h,82,22
09:54:50,75u,recommendationservice-7444754ff5-b7pgl,200,81
09:54:50,75u,recommendationservice-7444754ff5-hsxb8,2,51
09:54:50,75u,recommendationservice-7444754ff5-xm2x5,174,55
09:54:50,75u,redis-cart-c8ff86559-jrlvk,11,36
09:54:50,75u,shippingservice-f956b6d9f-2g46p,24,31
09:54:50,75u,shippingservice-f956b6d9f-4kzvq,6,16
09:54:50,75u,shippingservice-f956b6d9f-nmnfn,4,16
09:55:00,75u,adservice-574bff445c-grt9z,2,175
09:55:00,75u,adservice-574bff445c-h47zv,1,178
09:55:00,75u,adservice-574bff445c-wppcl,86,279
09:55:00,75u,cartservice-7c84fdfb6-hsn24,1,114
09:55:00,75u,cartservice-7c84fdfb6-s4cp2,161,176
09:55:00,75u,cartservice-7c84fdfb6-sf94w,10,139
09:55:00,75u,checkoutservice-5b6d96c9b7-cfmrc,7,35
09:55:00,75u,checkoutservice-5b6d96c9b7-h4wfv,24,20
09:55:00,75u,checkoutservice-5b6d96c9b7-jdqn7,16,22
09:55:00,75u,currencyservice-7c8fc8fc9c-dlzht,101,125
09:55:00,75u,currencyservice-7c8fc8fc9c-mvsgf,1,96
09:55:00,75u,currencyservice-7c8fc8fc9c-wqrfs,199,124
09:55:00,75u,emailservice-66944ff59-478c4,2,56
09:55:00,75u,emailservice-66944ff59-4fvm9,11,94
09:55:00,75u,emailservice-66944ff59-txwj8,11,58
09:55:00,75u,frontend-7bd6f45654-7bcq6,158,31
09:55:00,75u,frontend-7bd6f45654-7gwtd,129,46
09:55:00,75u,frontend-7bd6f45654-xm79g,192,29
09:55:00,75u,paymentservice-9bfb7bf5-46sq4,5,80
09:55:00,75u,paymentservice-9bfb7bf5-pktv4,1,68
09:55:00,75u,paymentservice-9bfb7bf5-snj4k,10,125
09:55:00,75u,productcatalogservice-65bbf699df-8zzd2,125,42
09:55:00,75u,productcatalogservice-65bbf699df-qmltb,1,19
09:55:00,75u,productcatalogservice-65bbf699df-rh24h,82,22
09:55:00,75u,recommendationservice-7444754ff5-b7pgl,200,81
09:55:00,75u,recommendationservice-7444754ff5-hsxb8,2,51
09:55:00,75u,recommendationservice-7444754ff5-xm2x5,174,55
09:55:00,75u,redis-cart-c8ff86559-jrlvk,11,36
09:55:00,75u,shippingservice-f956b6d9f-2g46p,24,31
09:55:00,75u,shippingservice-f956b6d9f-4kzvq,6,16
09:55:00,75u,shippingservice-f956b6d9f-nmnfn,4,16
09:55:11,75u,adservice-574bff445c-grt9z,2,175
09:55:11,75u,adservice-574bff445c-h47zv,2,178
09:55:11,75u,adservice-574bff445c-wppcl,88,279
09:55:11,75u,cartservice-7c84fdfb6-hsn24,1,114
09:55:11,75u,cartservice-7c84fdfb6-s4cp2,162,176
09:55:11,75u,cartservice-7c84fdfb6-sf94w,10,139
09:55:11,75u,checkoutservice-5b6d96c9b7-cfmrc,8,35
09:55:11,75u,checkoutservice-5b6d96c9b7-h4wfv,27,20
09:55:11,75u,checkoutservice-5b6d96c9b7-jdqn7,16,23
09:55:11,75u,currencyservice-7c8fc8fc9c-dlzht,104,125
09:55:11,75u,currencyservice-7c8fc8fc9c-mvsgf,1,96
09:55:11,75u,currencyservice-7c8fc8fc9c-wqrfs,200,126
09:55:11,75u,emailservice-66944ff59-478c4,2,56
09:55:11,75u,emailservice-66944ff59-4fvm9,11,94
09:55:11,75u,emailservice-66944ff59-txwj8,13,58
09:55:11,75u,frontend-7bd6f45654-7bcq6,164,31
09:55:11,75u,frontend-7bd6f45654-7gwtd,129,45
09:55:11,75u,frontend-7bd6f45654-xm79g,195,29
09:55:11,75u,paymentservice-9bfb7bf5-46sq4,6,80
09:55:11,75u,paymentservice-9bfb7bf5-pktv4,1,68
09:55:11,75u,paymentservice-9bfb7bf5-snj4k,12,125
09:55:11,75u,productcatalogservice-65bbf699df-8zzd2,128,42
09:55:11,75u,productcatalogservice-65bbf699df-qmltb,1,19
09:55:11,75u,productcatalogservice-65bbf699df-rh24h,84,22
09:55:11,75u,recommendationservice-7444754ff5-b7pgl,200,81
09:55:11,75u,recommendationservice-7444754ff5-hsxb8,2,51
09:55:11,75u,recommendationservice-7444754ff5-xm2x5,179,55
09:55:11,75u,redis-cart-c8ff86559-jrlvk,12,36
09:55:11,75u,shippingservice-f956b6d9f-2g46p,25,31
09:55:11,75u,shippingservice-f956b6d9f-4kzvq,7,16
09:55:11,75u,shippingservice-f956b6d9f-nmnfn,4,16
09:55:21,75u,adservice-574bff445c-grt9z,2,175
09:55:21,75u,adservice-574bff445c-h47zv,2,178
09:55:21,75u,adservice-574bff445c-wppcl,85,279
09:55:21,75u,cartservice-7c84fdfb6-hsn24,1,114
09:55:21,75u,cartservice-7c84fdfb6-s4cp2,145,177
09:55:21,75u,cartservice-7c84fdfb6-sf94w,9,139
09:55:21,75u,checkoutservice-5b6d96c9b7-cfmrc,7,35
09:55:21,75u,checkoutservice-5b6d96c9b7-h4wfv,24,20
09:55:21,75u,checkoutservice-5b6d96c9b7-jdqn7,13,23
09:55:21,75u,currencyservice-7c8fc8fc9c-dlzht,97,126
09:55:21,75u,currencyservice-7c8fc8fc9c-mvsgf,1,96
09:55:21,75u,currencyservice-7c8fc8fc9c-wqrfs,190,127
09:55:21,75u,emailservice-66944ff59-478c4,2,56
09:55:21,75u,emailservice-66944ff59-4fvm9,11,94
09:55:21,75u,emailservice-66944ff59-txwj8,12,58
09:55:21,75u,frontend-7bd6f45654-7bcq6,159,31
09:55:21,75u,frontend-7bd6f45654-7gwtd,123,45
09:55:21,75u,frontend-7bd6f45654-xm79g,184,29
09:55:21,75u,paymentservice-9bfb7bf5-46sq4,5,80
09:55:21,75u,paymentservice-9bfb7bf5-pktv4,1,68
09:55:21,75u,paymentservice-9bfb7bf5-snj4k,10,125
09:55:21,75u,productcatalogservice-65bbf699df-8zzd2,125,42
09:55:21,75u,productcatalogservice-65bbf699df-qmltb,1,19
09:55:21,75u,productcatalogservice-65bbf699df-rh24h,79,22
09:55:21,75u,recommendationservice-7444754ff5-b7pgl,193,80
09:55:21,75u,recommendationservice-7444754ff5-hsxb8,2,51
09:55:21,75u,recommendationservice-7444754ff5-xm2x5,173,55
09:55:21,75u,redis-cart-c8ff86559-jrlvk,11,36
09:55:21,75u,shippingservice-f956b6d9f-2g46p,23,31
09:55:21,75u,shippingservice-f956b6d9f-4kzvq,6,16
09:55:21,75u,shippingservice-f956b6d9f-nmnfn,4,16
09:55:31,75u,adservice-574bff445c-grt9z,2,175
09:55:31,75u,adservice-574bff445c-h47zv,2,178
09:55:31,75u,adservice-574bff445c-wppcl,85,279
09:55:31,75u,cartservice-7c84fdfb6-hsn24,1,114
09:55:31,75u,cartservice-7c84fdfb6-s4cp2,145,177
09:55:31,75u,cartservice-7c84fdfb6-sf94w,9,139
09:55:31,75u,checkoutservice-5b6d96c9b7-cfmrc,7,35
09:55:31,75u,checkoutservice-5b6d96c9b7-h4wfv,24,20
09:55:31,75u,checkoutservice-5b6d96c9b7-jdqn7,13,23
09:55:31,75u,currencyservice-7c8fc8fc9c-dlzht,97,126
09:55:31,75u,currencyservice-7c8fc8fc9c-mvsgf,1,96
09:55:31,75u,currencyservice-7c8fc8fc9c-wqrfs,190,127
09:55:31,75u,emailservice-66944ff59-478c4,2,56
09:55:31,75u,emailservice-66944ff59-4fvm9,11,94
09:55:31,75u,emailservice-66944ff59-txwj8,12,58
09:55:31,75u,frontend-7bd6f45654-7bcq6,159,31
09:55:31,75u,frontend-7bd6f45654-7gwtd,123,45
09:55:31,75u,frontend-7bd6f45654-xm79g,184,29
09:55:31,75u,paymentservice-9bfb7bf5-46sq4,5,80
09:55:31,75u,paymentservice-9bfb7bf5-pktv4,1,68
09:55:31,75u,paymentservice-9bfb7bf5-snj4k,10,125
09:55:31,75u,productcatalogservice-65bbf699df-8zzd2,125,42
09:55:31,75u,productcatalogservice-65bbf699df-qmltb,1,19
09:55:31,75u,productcatalogservice-65bbf699df-rh24h,79,22
09:55:31,75u,recommendationservice-7444754ff5-b7pgl,193,80
09:55:31,75u,recommendationservice-7444754ff5-hsxb8,2,51
09:55:31,75u,recommendationservice-7444754ff5-xm2x5,173,55
09:55:31,75u,redis-cart-c8ff86559-jrlvk,11,36
09:55:31,75u,shippingservice-f956b6d9f-2g46p,23,31
09:55:31,75u,shippingservice-f956b6d9f-4kzvq,6,16
09:55:31,75u,shippingservice-f956b6d9f-nmnfn,4,16
09:55:41,75u,adservice-574bff445c-grt9z,2,177
09:55:41,75u,adservice-574bff445c-h47zv,2,178
09:55:41,75u,adservice-574bff445c-wppcl,2,279
09:55:41,75u,cartservice-7c84fdfb6-hsn24,2,114
09:55:41,75u,cartservice-7c84fdfb6-s4cp2,3,176
09:55:41,75u,cartservice-7c84fdfb6-sf94w,2,139
09:55:41,75u,checkoutservice-5b6d96c9b7-cfmrc,1,35
09:55:41,75u,checkoutservice-5b6d96c9b7-h4wfv,1,20
09:55:41,75u,checkoutservice-5b6d96c9b7-jdqn7,1,23
09:55:41,75u,currencyservice-7c8fc8fc9c-dlzht,2,126
09:55:41,75u,currencyservice-7c8fc8fc9c-mvsgf,2,96
09:55:41,75u,currencyservice-7c8fc8fc9c-wqrfs,2,125
09:55:41,75u,emailservice-66944ff59-478c4,3,56
09:55:41,75u,emailservice-66944ff59-4fvm9,4,94
09:55:41,75u,emailservice-66944ff59-txwj8,4,58
09:55:41,75u,frontend-7bd6f45654-7bcq6,1,31
09:55:41,75u,frontend-7bd6f45654-7gwtd,1,45
09:55:41,75u,frontend-7bd6f45654-xm79g,1,29
09:55:41,75u,paymentservice-9bfb7bf5-46sq4,1,80
09:55:41,75u,paymentservice-9bfb7bf5-pktv4,1,68
09:55:41,75u,paymentservice-9bfb7bf5-snj4k,2,125
09:55:41,75u,productcatalogservice-65bbf699df-8zzd2,1,43
09:55:41,75u,productcatalogservice-65bbf699df-qmltb,1,19
09:55:41,75u,productcatalogservice-65bbf699df-rh24h,1,22
09:55:41,75u,recommendationservice-7444754ff5-b7pgl,4,80
09:55:41,75u,recommendationservice-7444754ff5-hsxb8,3,51
09:55:41,75u,recommendationservice-7444754ff5-xm2x5,4,55
09:55:41,75u,redis-cart-c8ff86559-jrlvk,4,36
09:55:41,75u,shippingservice-f956b6d9f-2g46p,1,31
09:55:41,75u,shippingservice-f956b6d9f-4kzvq,1,16
09:55:41,75u,shippingservice-f956b6d9f-nmnfn,1,16
09:55:51,75u,adservice-574bff445c-grt9z,2,178
09:55:51,75u,adservice-574bff445c-h47zv,2,178
09:55:51,75u,adservice-574bff445c-wppcl,1,279
09:55:51,75u,cartservice-7c84fdfb6-hsn24,1,114
09:55:51,75u,cartservice-7c84fdfb6-s4cp2,2,176
09:55:51,75u,cartservice-7c84fdfb6-sf94w,2,139
09:55:51,75u,checkoutservice-5b6d96c9b7-cfmrc,1,35
09:55:51,75u,checkoutservice-5b6d96c9b7-h4wfv,1,20
09:55:51,75u,checkoutservice-5b6d96c9b7-jdqn7,1,23
09:55:51,75u,currencyservice-7c8fc8fc9c-dlzht,1,126
09:55:51,75u,currencyservice-7c8fc8fc9c-mvsgf,1,96
09:55:51,75u,currencyservice-7c8fc8fc9c-wqrfs,1,126
09:55:51,75u,emailservice-66944ff59-478c4,3,56
09:55:51,75u,emailservice-66944ff59-4fvm9,4,94
09:55:51,75u,emailservice-66944ff59-txwj8,3,58
09:55:51,75u,frontend-7bd6f45654-7bcq6,1,31
09:55:51,75u,frontend-7bd6f45654-7gwtd,1,45
09:55:51,75u,frontend-7bd6f45654-xm79g,1,29
09:55:51,75u,paymentservice-9bfb7bf5-46sq4,1,80
09:55:51,75u,paymentservice-9bfb7bf5-pktv4,2,68
09:55:51,75u,paymentservice-9bfb7bf5-snj4k,1,125
09:55:51,75u,productcatalogservice-65bbf699df-8zzd2,1,43
09:55:51,75u,productcatalogservice-65bbf699df-qmltb,1,19
09:55:51,75u,productcatalogservice-65bbf699df-rh24h,1,22
09:55:51,75u,recommendationservice-7444754ff5-b7pgl,3,80
09:55:51,75u,recommendationservice-7444754ff5-hsxb8,3,51
09:55:51,75u,recommendationservice-7444754ff5-xm2x5,4,55
09:55:51,75u,redis-cart-c8ff86559-jrlvk,3,36
09:55:51,75u,shippingservice-f956b6d9f-2g46p,1,31
09:55:51,75u,shippingservice-f956b6d9f-4kzvq,1,16
09:55:51,75u,shippingservice-f956b6d9f-nmnfn,1,16
09:56:02,75u,adservice-574bff445c-grt9z,2,178
09:56:02,75u,adservice-574bff445c-h47zv,2,178
09:56:02,75u,adservice-574bff445c-wppcl,1,279
09:56:02,75u,cartservice-7c84fdfb6-hsn24,1,114
09:56:02,75u,cartservice-7c84fdfb6-s4cp2,2,176
09:56:02,75u,cartservice-7c84fdfb6-sf94w,2,139
09:56:02,75u,checkoutservice-5b6d96c9b7-cfmrc,1,35
09:56:02,75u,checkoutservice-5b6d96c9b7-h4wfv,1,20
09:56:02,75u,checkoutservice-5b6d96c9b7-jdqn7,1,23
09:56:02,75u,currencyservice-7c8fc8fc9c-dlzht,1,126
09:56:02,75u,currencyservice-7c8fc8fc9c-mvsgf,1,96
09:56:02,75u,currencyservice-7c8fc8fc9c-wqrfs,1,126
09:56:02,75u,emailservice-66944ff59-478c4,3,56
09:56:02,75u,emailservice-66944ff59-4fvm9,4,94
09:56:02,75u,emailservice-66944ff59-txwj8,3,58
09:56:02,75u,frontend-7bd6f45654-7bcq6,1,31
09:56:02,75u,frontend-7bd6f45654-7gwtd,1,45
09:56:02,75u,frontend-7bd6f45654-xm79g,1,29
09:56:02,75u,paymentservice-9bfb7bf5-46sq4,1,80
09:56:02,75u,paymentservice-9bfb7bf5-pktv4,2,68
09:56:02,75u,paymentservice-9bfb7bf5-snj4k,1,125
09:56:02,75u,productcatalogservice-65bbf699df-8zzd2,1,43
09:56:02,75u,productcatalogservice-65bbf699df-qmltb,1,19
09:56:02,75u,productcatalogservice-65bbf699df-rh24h,1,22
09:56:02,75u,recommendationservice-7444754ff5-b7pgl,3,80
09:56:02,75u,recommendationservice-7444754ff5-hsxb8,3,51
09:56:02,75u,recommendationservice-7444754ff5-xm2x5,4,55
09:56:02,75u,redis-cart-c8ff86559-jrlvk,3,36
09:56:02,75u,shippingservice-f956b6d9f-2g46p,1,31
09:56:02,75u,shippingservice-f956b6d9f-4kzvq,1,16
09:56:02,75u,shippingservice-f956b6d9f-nmnfn,1,16
09:56:12,75u,adservice-574bff445c-grt9z,3,178
09:56:12,75u,adservice-574bff445c-h47zv,2,178
09:56:12,75u,adservice-574bff445c-wppcl,1,279
09:56:12,75u,cartservice-7c84fdfb6-hsn24,2,114
09:56:12,75u,cartservice-7c84fdfb6-s4cp2,3,176
09:56:12,75u,cartservice-7c84fdfb6-sf94w,2,139
09:56:12,75u,checkoutservice-5b6d96c9b7-cfmrc,1,35
09:56:12,75u,checkoutservice-5b6d96c9b7-h4wfv,1,20
09:56:12,75u,checkoutservice-5b6d96c9b7-jdqn7,1,23
09:56:12,75u,currencyservice-7c8fc8fc9c-dlzht,1,126
09:56:12,75u,currencyservice-7c8fc8fc9c-mvsgf,2,96
09:56:12,75u,currencyservice-7c8fc8fc9c-wqrfs,1,126
09:56:12,75u,emailservice-66944ff59-478c4,3,56
09:56:12,75u,emailservice-66944ff59-4fvm9,4,94
09:56:12,75u,emailservice-66944ff59-txwj8,4,58
09:56:12,75u,frontend-7bd6f45654-7bcq6,1,31
09:56:12,75u,frontend-7bd6f45654-7gwtd,1,45
09:56:12,75u,frontend-7bd6f45654-xm79g,1,29
09:56:12,75u,paymentservice-9bfb7bf5-46sq4,1,80
09:56:12,75u,paymentservice-9bfb7bf5-pktv4,1,68
09:56:12,75u,paymentservice-9bfb7bf5-snj4k,1,125
09:56:12,75u,productcatalogservice-65bbf699df-8zzd2,1,43
09:56:12,75u,productcatalogservice-65bbf699df-qmltb,1,19
09:56:12,75u,productcatalogservice-65bbf699df-rh24h,1,22
09:56:12,75u,recommendationservice-7444754ff5-b7pgl,3,80
09:56:12,75u,recommendationservice-7444754ff5-hsxb8,4,51
09:56:12,75u,recommendationservice-7444754ff5-xm2x5,4,55
09:56:12,75u,redis-cart-c8ff86559-jrlvk,3,36
09:56:12,75u,shippingservice-f956b6d9f-2g46p,1,31
09:56:12,75u,shippingservice-f956b6d9f-4kzvq,1,16
09:56:12,75u,shippingservice-f956b6d9f-nmnfn,1,16
09:56:22,100u,adservice-574bff445c-grt9z,2,178
09:56:22,100u,adservice-574bff445c-h47zv,2,178
09:56:22,100u,adservice-574bff445c-wppcl,3,278
09:56:22,100u,cartservice-7c84fdfb6-hsn24,1,114
09:56:22,100u,cartservice-7c84fdfb6-s4cp2,2,176
09:56:22,100u,cartservice-7c84fdfb6-sf94w,2,139
09:56:22,100u,checkoutservice-5b6d96c9b7-cfmrc,1,35
09:56:22,100u,checkoutservice-5b6d96c9b7-h4wfv,1,20
09:56:22,100u,checkoutservice-5b6d96c9b7-jdqn7,1,23
09:56:22,100u,currencyservice-7c8fc8fc9c-dlzht,1,126
09:56:22,100u,currencyservice-7c8fc8fc9c-mvsgf,1,96
09:56:22,100u,currencyservice-7c8fc8fc9c-wqrfs,1,125
09:56:22,100u,emailservice-66944ff59-478c4,4,56
09:56:22,100u,emailservice-66944ff59-4fvm9,4,94
09:56:22,100u,emailservice-66944ff59-txwj8,4,58
09:56:22,100u,frontend-7bd6f45654-7bcq6,1,31
09:56:22,100u,frontend-7bd6f45654-7gwtd,1,45
09:56:22,100u,frontend-7bd6f45654-xm79g,1,29
09:56:22,100u,paymentservice-9bfb7bf5-46sq4,1,80
09:56:22,100u,paymentservice-9bfb7bf5-pktv4,2,68
09:56:22,100u,paymentservice-9bfb7bf5-snj4k,2,125
09:56:22,100u,productcatalogservice-65bbf699df-8zzd2,1,43
09:56:22,100u,productcatalogservice-65bbf699df-qmltb,1,19
09:56:22,100u,productcatalogservice-65bbf699df-rh24h,1,22
09:56:22,100u,recommendationservice-7444754ff5-b7pgl,3,80
09:56:22,100u,recommendationservice-7444754ff5-hsxb8,3,51
09:56:22,100u,recommendationservice-7444754ff5-xm2x5,4,55
09:56:22,100u,redis-cart-c8ff86559-jrlvk,3,36
09:56:22,100u,shippingservice-f956b6d9f-2g46p,1,31
09:56:22,100u,shippingservice-f956b6d9f-4kzvq,1,16
09:56:22,100u,shippingservice-f956b6d9f-nmnfn,1,16
09:56:32,100u,adservice-574bff445c-grt9z,2,178
09:56:32,100u,adservice-574bff445c-h47zv,2,178
09:56:32,100u,adservice-574bff445c-wppcl,3,278
09:56:32,100u,cartservice-7c84fdfb6-hsn24,1,114
09:56:32,100u,cartservice-7c84fdfb6-s4cp2,2,176
09:56:32,100u,cartservice-7c84fdfb6-sf94w,2,139
09:56:32,100u,checkoutservice-5b6d96c9b7-cfmrc,1,35
09:56:32,100u,checkoutservice-5b6d96c9b7-h4wfv,1,20
09:56:32,100u,checkoutservice-5b6d96c9b7-jdqn7,1,23
09:56:32,100u,currencyservice-7c8fc8fc9c-dlzht,1,126
09:56:32,100u,currencyservice-7c8fc8fc9c-mvsgf,1,96
09:56:32,100u,currencyservice-7c8fc8fc9c-wqrfs,1,125
09:56:32,100u,emailservice-66944ff59-478c4,4,56
09:56:32,100u,emailservice-66944ff59-4fvm9,4,94
09:56:32,100u,emailservice-66944ff59-txwj8,4,58
09:56:32,100u,frontend-7bd6f45654-7bcq6,1,31
09:56:32,100u,frontend-7bd6f45654-7gwtd,1,45
09:56:32,100u,frontend-7bd6f45654-xm79g,1,29
09:56:32,100u,paymentservice-9bfb7bf5-46sq4,1,80
09:56:32,100u,paymentservice-9bfb7bf5-pktv4,2,68
09:56:32,100u,paymentservice-9bfb7bf5-snj4k,2,125
09:56:32,100u,productcatalogservice-65bbf699df-8zzd2,1,43
09:56:32,100u,productcatalogservice-65bbf699df-qmltb,1,19
09:56:32,100u,productcatalogservice-65bbf699df-rh24h,1,22
09:56:32,100u,recommendationservice-7444754ff5-b7pgl,3,80
09:56:32,100u,recommendationservice-7444754ff5-hsxb8,3,51
09:56:32,100u,recommendationservice-7444754ff5-xm2x5,4,55
09:56:32,100u,redis-cart-c8ff86559-jrlvk,3,36
09:56:32,100u,shippingservice-f956b6d9f-2g46p,1,31
09:56:32,100u,shippingservice-f956b6d9f-4kzvq,1,16
09:56:32,100u,shippingservice-f956b6d9f-nmnfn,1,16
09:56:42,100u,adservice-574bff445c-grt9z,2,178
09:56:42,100u,adservice-574bff445c-h47zv,2,178
09:56:42,100u,adservice-574bff445c-wppcl,30,278
09:56:42,100u,cartservice-7c84fdfb6-hsn24,1,114
09:56:42,100u,cartservice-7c84fdfb6-s4cp2,68,176
09:56:42,100u,cartservice-7c84fdfb6-sf94w,3,139
09:56:42,100u,checkoutservice-5b6d96c9b7-cfmrc,6,35
09:56:42,100u,checkoutservice-5b6d96c9b7-h4wfv,5,20
09:56:42,100u,checkoutservice-5b6d96c9b7-jdqn7,3,23
09:56:42,100u,currencyservice-7c8fc8fc9c-dlzht,52,126
09:56:42,100u,currencyservice-7c8fc8fc9c-mvsgf,2,96
09:56:42,100u,currencyservice-7c8fc8fc9c-wqrfs,75,123
09:56:42,100u,emailservice-66944ff59-478c4,3,56
09:56:42,100u,emailservice-66944ff59-4fvm9,6,94
09:56:42,100u,emailservice-66944ff59-txwj8,5,58
09:56:42,100u,frontend-7bd6f45654-7bcq6,41,30
09:56:42,100u,frontend-7bd6f45654-7gwtd,73,45
09:56:42,100u,frontend-7bd6f45654-xm79g,61,29
09:56:42,100u,paymentservice-9bfb7bf5-46sq4,2,80
09:56:42,100u,paymentservice-9bfb7bf5-pktv4,1,68
09:56:42,100u,paymentservice-9bfb7bf5-snj4k,5,125
09:56:42,100u,productcatalogservice-65bbf699df-8zzd2,51,43
09:56:42,100u,productcatalogservice-65bbf699df-qmltb,1,19
09:56:42,100u,productcatalogservice-65bbf699df-rh24h,24,22
09:56:42,100u,recommendationservice-7444754ff5-b7pgl,72,80
09:56:42,100u,recommendationservice-7444754ff5-hsxb8,3,51
09:56:42,100u,recommendationservice-7444754ff5-xm2x5,41,55
09:56:42,100u,redis-cart-c8ff86559-jrlvk,6,36
09:56:42,100u,shippingservice-f956b6d9f-2g46p,9,31
09:56:42,100u,shippingservice-f956b6d9f-4kzvq,2,16
09:56:42,100u,shippingservice-f956b6d9f-nmnfn,1,16
09:56:52,100u,adservice-574bff445c-grt9z,2,178
09:56:52,100u,adservice-574bff445c-h47zv,2,178
09:56:52,100u,adservice-574bff445c-wppcl,71,279
09:56:52,100u,cartservice-7c84fdfb6-hsn24,1,114
09:56:52,100u,cartservice-7c84fdfb6-s4cp2,159,176
09:56:52,100u,cartservice-7c84fdfb6-sf94w,8,139
09:56:52,100u,checkoutservice-5b6d96c9b7-cfmrc,11,35
09:56:52,100u,checkoutservice-5b6d96c9b7-h4wfv,9,20
09:56:52,100u,checkoutservice-5b6d96c9b7-jdqn7,11,22
09:56:52,100u,currencyservice-7c8fc8fc9c-dlzht,118,126
09:56:52,100u,currencyservice-7c8fc8fc9c-mvsgf,1,96
09:56:52,100u,currencyservice-7c8fc8fc9c-wqrfs,179,125
09:56:52,100u,emailservice-66944ff59-478c4,2,56
09:56:52,100u,emailservice-66944ff59-4fvm9,11,94
09:56:52,100u,emailservice-66944ff59-txwj8,6,58
09:56:52,100u,frontend-7bd6f45654-7bcq6,133,30
09:56:52,100u,frontend-7bd6f45654-7gwtd,161,45
09:56:52,100u,frontend-7bd6f45654-xm79g,160,29
09:56:52,100u,paymentservice-9bfb7bf5-46sq4,4,80
09:56:52,100u,paymentservice-9bfb7bf5-pktv4,1,68
09:56:52,100u,paymentservice-9bfb7bf5-snj4k,8,125
09:56:52,100u,productcatalogservice-65bbf699df-8zzd2,125,43
09:56:52,100u,productcatalogservice-65bbf699df-qmltb,1,19
09:56:52,100u,productcatalogservice-65bbf699df-rh24h,66,22
09:56:52,100u,recommendationservice-7444754ff5-b7pgl,192,81
09:56:52,100u,recommendationservice-7444754ff5-hsxb8,2,51
09:56:52,100u,recommendationservice-7444754ff5-xm2x5,106,55
09:56:52,100u,redis-cart-c8ff86559-jrlvk,11,36
09:56:52,100u,shippingservice-f956b6d9f-2g46p,23,31
09:56:52,100u,shippingservice-f956b6d9f-4kzvq,3,16
09:56:52,100u,shippingservice-f956b6d9f-nmnfn,3,16
09:57:03,100u,adservice-574bff445c-grt9z,2,178
09:57:03,100u,adservice-574bff445c-h47zv,2,178
09:57:03,100u,adservice-574bff445c-wppcl,71,279
09:57:03,100u,cartservice-7c84fdfb6-hsn24,1,114
09:57:03,100u,cartservice-7c84fdfb6-s4cp2,159,176
09:57:03,100u,cartservice-7c84fdfb6-sf94w,8,139
09:57:03,100u,checkoutservice-5b6d96c9b7-cfmrc,11,35
09:57:03,100u,checkoutservice-5b6d96c9b7-h4wfv,9,20
09:57:03,100u,checkoutservice-5b6d96c9b7-jdqn7,11,22
09:57:03,100u,currencyservice-7c8fc8fc9c-dlzht,118,126
09:57:03,100u,currencyservice-7c8fc8fc9c-mvsgf,1,96
09:57:03,100u,currencyservice-7c8fc8fc9c-wqrfs,179,125
09:57:03,100u,emailservice-66944ff59-478c4,2,56
09:57:03,100u,emailservice-66944ff59-4fvm9,11,94
09:57:03,100u,emailservice-66944ff59-txwj8,6,58
09:57:03,100u,frontend-7bd6f45654-7bcq6,133,30
09:57:03,100u,frontend-7bd6f45654-7gwtd,161,45
09:57:03,100u,frontend-7bd6f45654-xm79g,160,29
09:57:03,100u,paymentservice-9bfb7bf5-46sq4,4,80
09:57:03,100u,paymentservice-9bfb7bf5-pktv4,1,68
09:57:03,100u,paymentservice-9bfb7bf5-snj4k,8,125
09:57:03,100u,productcatalogservice-65bbf699df-8zzd2,125,43
09:57:03,100u,productcatalogservice-65bbf699df-qmltb,1,19
09:57:03,100u,productcatalogservice-65bbf699df-rh24h,66,22
09:57:03,100u,recommendationservice-7444754ff5-b7pgl,192,81
09:57:03,100u,recommendationservice-7444754ff5-hsxb8,2,51
09:57:03,100u,recommendationservice-7444754ff5-xm2x5,106,55
09:57:03,100u,redis-cart-c8ff86559-jrlvk,11,36
09:57:03,100u,shippingservice-f956b6d9f-2g46p,23,31
09:57:03,100u,shippingservice-f956b6d9f-4kzvq,3,16
09:57:03,100u,shippingservice-f956b6d9f-nmnfn,3,16
09:57:13,100u,adservice-574bff445c-grt9z,4,178
09:57:13,100u,adservice-574bff445c-h47zv,5,178
09:57:13,100u,adservice-574bff445c-wppcl,34,279
09:57:13,100u,cartservice-7c84fdfb6-hsn24,1,114
09:57:13,100u,cartservice-7c84fdfb6-s4cp2,81,176
09:57:13,100u,cartservice-7c84fdfb6-sf94w,3,139
09:57:13,100u,checkoutservice-5b6d96c9b7-cfmrc,7,35
09:57:13,100u,checkoutservice-5b6d96c9b7-h4wfv,5,20
09:57:13,100u,checkoutservice-5b6d96c9b7-jdqn7,3,22
09:57:13,100u,currencyservice-7c8fc8fc9c-dlzht,62,125
09:57:13,100u,currencyservice-7c8fc8fc9c-mvsgf,2,96
09:57:13,100u,currencyservice-7c8fc8fc9c-wqrfs,90,125
09:57:13,100u,emailservice-66944ff59-478c4,3,56
09:57:13,100u,emailservice-66944ff59-4fvm9,7,94
09:57:13,100u,emailservice-66944ff59-txwj8,5,58
09:57:13,100u,frontend-7bd6f45654-7bcq6,58,30
09:57:13,100u,frontend-7bd6f45654-7gwtd,81,45
09:57:13,100u,frontend-7bd6f45654-xm79g,77,29
09:57:13,100u,paymentservice-9bfb7bf5-46sq4,2,80
09:57:13,100u,paymentservice-9bfb7bf5-pktv4,1,68
09:57:13,100u,paymentservice-9bfb7bf5-snj4k,5,125
09:57:13,100u,productcatalogservice-65bbf699df-8zzd2,63,43
09:57:13,100u,productcatalogservice-65bbf699df-qmltb,1,19
09:57:13,100u,productcatalogservice-65bbf699df-rh24h,30,22
09:57:13,100u,recommendationservice-7444754ff5-b7pgl,90,80
09:57:13,100u,recommendationservice-7444754ff5-hsxb8,3,51
09:57:13,100u,recommendationservice-7444754ff5-xm2x5,52,55
09:57:13,100u,redis-cart-c8ff86559-jrlvk,6,36
09:57:13,100u,shippingservice-f956b6d9f-2g46p,11,31
09:57:13,100u,shippingservice-f956b6d9f-4kzvq,2,16
09:57:13,100u,shippingservice-f956b6d9f-nmnfn,2,16
09:57:23,100u,adservice-574bff445c-grt9z,1,178
09:57:23,100u,adservice-574bff445c-h47zv,2,178
09:57:23,100u,adservice-574bff445c-wppcl,71,278
09:57:23,100u,cartservice-7c84fdfb6-hsn24,1,114
09:57:23,100u,cartservice-7c84fdfb6-s4cp2,159,176
09:57:23,100u,cartservice-7c84fdfb6-sf94w,8,139
09:57:23,100u,checkoutservice-5b6d96c9b7-cfmrc,10,35
09:57:23,100u,checkoutservice-5b6d96c9b7-h4wfv,12,20
09:57:23,100u,checkoutservice-5b6d96c9b7-jdqn7,10,22
09:57:23,100u,currencyservice-7c8fc8fc9c-dlzht,119,126
09:57:23,100u,currencyservice-7c8fc8fc9c-mvsgf,1,96
09:57:23,100u,currencyservice-7c8fc8fc9c-wqrfs,183,125
09:57:23,100u,emailservice-66944ff59-478c4,3,56
09:57:23,100u,emailservice-66944ff59-4fvm9,10,94
09:57:23,100u,emailservice-66944ff59-txwj8,7,58
09:57:23,100u,frontend-7bd6f45654-7bcq6,148,30
09:57:23,100u,frontend-7bd6f45654-7gwtd,159,46
09:57:23,100u,frontend-7bd6f45654-xm79g,150,29
09:57:23,100u,paymentservice-9bfb7bf5-46sq4,4,80
09:57:23,100u,paymentservice-9bfb7bf5-pktv4,1,68
09:57:23,100u,paymentservice-9bfb7bf5-snj4k,8,125
09:57:23,100u,productcatalogservice-65bbf699df-8zzd2,126,43
09:57:23,100u,productcatalogservice-65bbf699df-qmltb,1,19
09:57:23,100u,productcatalogservice-65bbf699df-rh24h,62,22
09:57:23,100u,recommendationservice-7444754ff5-b7pgl,192,81
09:57:23,100u,recommendationservice-7444754ff5-hsxb8,3,51
09:57:23,100u,recommendationservice-7444754ff5-xm2x5,100,55
09:57:23,100u,redis-cart-c8ff86559-jrlvk,11,36
09:57:23,100u,shippingservice-f956b6d9f-2g46p,22,31
09:57:23,100u,shippingservice-f956b6d9f-4kzvq,4,16
09:57:23,100u,shippingservice-f956b6d9f-nmnfn,3,16
09:57:33,100u,adservice-574bff445c-grt9z,1,178
09:57:33,100u,adservice-574bff445c-h47zv,2,178
09:57:33,100u,adservice-574bff445c-wppcl,71,278
09:57:33,100u,cartservice-7c84fdfb6-hsn24,1,114
09:57:33,100u,cartservice-7c84fdfb6-s4cp2,159,176
09:57:33,100u,cartservice-7c84fdfb6-sf94w,8,139
09:57:33,100u,checkoutservice-5b6d96c9b7-cfmrc,10,35
09:57:33,100u,checkoutservice-5b6d96c9b7-h4wfv,12,20
09:57:33,100u,checkoutservice-5b6d96c9b7-jdqn7,10,22
09:57:33,100u,currencyservice-7c8fc8fc9c-dlzht,119,126
09:57:33,100u,currencyservice-7c8fc8fc9c-mvsgf,1,96
09:57:33,100u,currencyservice-7c8fc8fc9c-wqrfs,183,125
09:57:33,100u,emailservice-66944ff59-478c4,3,56
09:57:33,100u,emailservice-66944ff59-4fvm9,10,94
09:57:33,100u,emailservice-66944ff59-txwj8,7,58
09:57:33,100u,frontend-7bd6f45654-7bcq6,148,30
09:57:33,100u,frontend-7bd6f45654-7gwtd,159,46
09:57:33,100u,frontend-7bd6f45654-xm79g,150,29
09:57:33,100u,paymentservice-9bfb7bf5-46sq4,4,80
09:57:33,100u,paymentservice-9bfb7bf5-pktv4,1,68
09:57:33,100u,paymentservice-9bfb7bf5-snj4k,8,125
09:57:33,100u,productcatalogservice-65bbf699df-8zzd2,126,43
09:57:33,100u,productcatalogservice-65bbf699df-qmltb,1,19
09:57:33,100u,productcatalogservice-65bbf699df-rh24h,62,22
09:57:33,100u,recommendationservice-7444754ff5-b7pgl,192,81
09:57:33,100u,recommendationservice-7444754ff5-hsxb8,3,51
09:57:33,100u,recommendationservice-7444754ff5-xm2x5,100,55
09:57:33,100u,redis-cart-c8ff86559-jrlvk,11,36
09:57:33,100u,shippingservice-f956b6d9f-2g46p,22,31
09:57:33,100u,shippingservice-f956b6d9f-4kzvq,4,16
09:57:33,100u,shippingservice-f956b6d9f-nmnfn,3,16
09:57:43,100u,adservice-574bff445c-grt9z,2,178
09:57:43,100u,adservice-574bff445c-h47zv,2,179
09:57:43,100u,adservice-574bff445c-wppcl,83,279
09:57:43,100u,cartservice-7c84fdfb6-hsn24,1,114
09:57:43,100u,cartservice-7c84fdfb6-s4cp2,161,176
09:57:43,100u,cartservice-7c84fdfb6-sf94w,6,139
09:57:43,100u,checkoutservice-5b6d96c9b7-cfmrc,12,35
09:57:43,100u,checkoutservice-5b6d96c9b7-h4wfv,17,20
09:57:43,100u,checkoutservice-5b6d96c9b7-jdqn7,9,22
09:57:43,100u,currencyservice-7c8fc8fc9c-dlzht,108,126
09:57:43,100u,currencyservice-7c8fc8fc9c-mvsgf,1,96
09:57:43,100u,currencyservice-7c8fc8fc9c-wqrfs,197,126
09:57:43,100u,emailservice-66944ff59-478c4,3,56
09:57:43,100u,emailservice-66944ff59-4fvm9,10,94
09:57:43,100u,emailservice-66944ff59-txwj8,9,58
09:57:43,100u,frontend-7bd6f45654-7bcq6,147,31
09:57:43,100u,frontend-7bd6f45654-7gwtd,146,46
09:57:43,100u,frontend-7bd6f45654-xm79g,192,29
09:57:43,100u,paymentservice-9bfb7bf5-46sq4,4,80
09:57:43,100u,paymentservice-9bfb7bf5-pktv4,2,70
09:57:43,100u,paymentservice-9bfb7bf5-snj4k,10,125
09:57:43,100u,productcatalogservice-65bbf699df-8zzd2,126,43
09:57:43,100u,productcatalogservice-65bbf699df-qmltb,1,19
09:57:43,100u,productcatalogservice-65bbf699df-rh24h,80,22
09:57:43,100u,recommendationservice-7444754ff5-b7pgl,200,81
09:57:43,100u,recommendationservice-7444754ff5-hsxb8,3,51
09:57:43,100u,recommendationservice-7444754ff5-xm2x5,153,55
09:57:43,100u,redis-cart-c8ff86559-jrlvk,11,36
09:57:43,100u,shippingservice-f956b6d9f-2g46p,23,31
09:57:43,100u,shippingservice-f956b6d9f-4kzvq,5,16
09:57:43,100u,shippingservice-f956b6d9f-nmnfn,3,16
09:57:53,100u,adservice-574bff445c-grt9z,2,178
09:57:53,100u,adservice-574bff445c-h47zv,2,179
09:57:53,100u,adservice-574bff445c-wppcl,94,280
09:57:53,100u,cartservice-7c84fdfb6-hsn24,1,114
09:57:53,100u,cartservice-7c84fdfb6-s4cp2,157,176
09:57:53,100u,cartservice-7c84fdfb6-sf94w,7,139
09:57:53,100u,checkoutservice-5b6d96c9b7-cfmrc,10,35
09:57:53,100u,checkoutservice-5b6d96c9b7-h4wfv,22,20
09:57:53,100u,checkoutservice-5b6d96c9b7-jdqn7,10,23
09:57:53,100u,currencyservice-7c8fc8fc9c-dlzht,117,126
09:57:53,100u,currencyservice-7c8fc8fc9c-mvsgf,1,96
09:57:53,100u,currencyservice-7c8fc8fc9c-wqrfs,199,127
09:57:53,100u,emailservice-66944ff59-478c4,3,56
09:57:53,100u,emailservice-66944ff59-4fvm9,10,94
09:57:53,100u,emailservice-66944ff59-txwj8,10,58
09:57:53,100u,frontend-7bd6f45654-7bcq6,141,32
09:57:53,100u,frontend-7bd6f45654-7gwtd,149,47
09:57:53,100u,frontend-7bd6f45654-xm79g,195,30
09:57:53,100u,paymentservice-9bfb7bf5-46sq4,4,81
09:57:53,100u,paymentservice-9bfb7bf5-pktv4,1,70
09:57:53,100u,paymentservice-9bfb7bf5-snj4k,11,125
09:57:53,100u,productcatalogservice-65bbf699df-8zzd2,127,43
09:57:53,100u,productcatalogservice-65bbf699df-qmltb,1,19
09:57:53,100u,productcatalogservice-65bbf699df-rh24h,82,22
09:57:53,100u,recommendationservice-7444754ff5-b7pgl,201,82
09:57:53,100u,recommendationservice-7444754ff5-hsxb8,2,51
09:57:53,100u,recommendationservice-7444754ff5-xm2x5,180,55
09:57:53,100u,redis-cart-c8ff86559-jrlvk,11,36
09:57:53,100u,shippingservice-f956b6d9f-2g46p,24,31
09:57:53,100u,shippingservice-f956b6d9f-4kzvq,5,16
09:57:53,100u,shippingservice-f956b6d9f-nmnfn,3,16
09:58:03,100u,adservice-574bff445c-grt9z,2,178
09:58:03,100u,adservice-574bff445c-h47zv,2,179
09:58:03,100u,adservice-574bff445c-wppcl,94,280
09:58:03,100u,cartservice-7c84fdfb6-hsn24,1,114
09:58:03,100u,cartservice-7c84fdfb6-s4cp2,157,176
09:58:03,100u,cartservice-7c84fdfb6-sf94w,7,139
09:58:03,100u,checkoutservice-5b6d96c9b7-cfmrc,10,35
09:58:03,100u,checkoutservice-5b6d96c9b7-h4wfv,22,20
09:58:03,100u,checkoutservice-5b6d96c9b7-jdqn7,10,23
09:58:03,100u,currencyservice-7c8fc8fc9c-dlzht,117,126
09:58:03,100u,currencyservice-7c8fc8fc9c-mvsgf,1,96
09:58:03,100u,currencyservice-7c8fc8fc9c-wqrfs,199,127
09:58:03,100u,emailservice-66944ff59-478c4,3,56
09:58:03,100u,emailservice-66944ff59-4fvm9,10,94
09:58:03,100u,emailservice-66944ff59-txwj8,10,58
09:58:03,100u,frontend-7bd6f45654-7bcq6,141,32
09:58:03,100u,frontend-7bd6f45654-7gwtd,149,47
09:58:03,100u,frontend-7bd6f45654-xm79g,195,30
09:58:03,100u,paymentservice-9bfb7bf5-46sq4,4,81
09:58:03,100u,paymentservice-9bfb7bf5-pktv4,1,70
09:58:03,100u,paymentservice-9bfb7bf5-snj4k,11,125
09:58:03,100u,productcatalogservice-65bbf699df-8zzd2,127,43
09:58:03,100u,productcatalogservice-65bbf699df-qmltb,1,19
09:58:03,100u,productcatalogservice-65bbf699df-rh24h,82,22
09:58:03,100u,recommendationservice-7444754ff5-b7pgl,201,82
09:58:03,100u,recommendationservice-7444754ff5-hsxb8,2,51
09:58:03,100u,recommendationservice-7444754ff5-xm2x5,180,55
09:58:03,100u,redis-cart-c8ff86559-jrlvk,11,36
09:58:03,100u,shippingservice-f956b6d9f-2g46p,24,31
09:58:03,100u,shippingservice-f956b6d9f-4kzvq,5,16
09:58:03,100u,shippingservice-f956b6d9f-nmnfn,3,16
09:58:14,100u,adservice-574bff445c-grt9z,2,178
09:58:14,100u,adservice-574bff445c-h47zv,2,179
09:58:14,100u,adservice-574bff445c-wppcl,93,280
09:58:14,100u,cartservice-7c84fdfb6-hsn24,1,114
09:58:14,100u,cartservice-7c84fdfb6-s4cp2,151,176
09:58:14,100u,cartservice-7c84fdfb6-sf94w,6,139
09:58:14,100u,checkoutservice-5b6d96c9b7-cfmrc,11,35
09:58:14,100u,checkoutservice-5b6d96c9b7-h4wfv,20,20
09:58:14,100u,checkoutservice-5b6d96c9b7-jdqn7,9,22
09:58:14,100u,currencyservice-7c8fc8fc9c-dlzht,128,126
09:58:14,100u,currencyservice-7c8fc8fc9c-mvsgf,1,96
09:58:14,100u,currencyservice-7c8fc8fc9c-wqrfs,198,126
09:58:14,100u,emailservice-66944ff59-478c4,3,56
09:58:14,100u,emailservice-66944ff59-4fvm9,10,94
09:58:14,100u,emailservice-66944ff59-txwj8,10,58
09:58:14,100u,frontend-7bd6f45654-7bcq6,142,32
09:58:14,100u,frontend-7bd6f45654-7gwtd,159,47
09:58:14,100u,frontend-7bd6f45654-xm79g,192,30
09:58:14,100u,paymentservice-9bfb7bf5-46sq4,4,81
09:58:14,100u,paymentservice-9bfb7bf5-pktv4,1,70
09:58:14,100u,paymentservice-9bfb7bf5-snj4k,10,125
09:58:14,100u,productcatalogservice-65bbf699df-8zzd2,129,43
09:58:14,100u,productcatalogservice-65bbf699df-qmltb,1,19
09:58:14,100u,productcatalogservice-65bbf699df-rh24h,81,22
09:58:14,100u,recommendationservice-7444754ff5-b7pgl,199,81
09:58:14,100u,recommendationservice-7444754ff5-hsxb8,2,51
09:58:14,100u,recommendationservice-7444754ff5-xm2x5,175,55
09:58:14,100u,redis-cart-c8ff86559-jrlvk,12,36
09:58:14,100u,shippingservice-f956b6d9f-2g46p,24,31
09:58:14,100u,shippingservice-f956b6d9f-4kzvq,5,16
09:58:14,100u,shippingservice-f956b6d9f-nmnfn,3,16
09:58:24,100u,adservice-574bff445c-grt9z,1,178
09:58:24,100u,adservice-574bff445c-h47zv,1,179
09:58:24,100u,adservice-574bff445c-wppcl,84,280
09:58:24,100u,cartservice-7c84fdfb6-hsn24,1,114
09:58:24,100u,cartservice-7c84fdfb6-s4cp2,138,176
09:58:24,100u,cartservice-7c84fdfb6-sf94w,9,142
09:58:24,100u,checkoutservice-5b6d96c9b7-cfmrc,9,35
09:58:24,100u,checkoutservice-5b6d96c9b7-h4wfv,22,20
09:58:24,100u,checkoutservice-5b6d96c9b7-jdqn7,12,22
09:58:24,100u,currencyservice-7c8fc8fc9c-dlzht,115,125
09:58:24,100u,currencyservice-7c8fc8fc9c-mvsgf,1,96
09:58:24,100u,currencyservice-7c8fc8fc9c-wqrfs,185,126
09:58:24,100u,emailservice-66944ff59-478c4,2,56
09:58:24,100u,emailservice-66944ff59-4fvm9,11,94
09:58:24,100u,emailservice-66944ff59-txwj8,11,58
09:58:24,100u,frontend-7bd6f45654-7bcq6,138,32
09:58:24,100u,frontend-7bd6f45654-7gwtd,148,47
09:58:24,100u,frontend-7bd6f45654-xm79g,175,30
09:58:24,100u,paymentservice-9bfb7bf5-46sq4,5,81
09:58:24,100u,paymentservice-9bfb7bf5-pktv4,1,70
09:58:24,100u,paymentservice-9bfb7bf5-snj4k,11,125
09:58:24,100u,productcatalogservice-65bbf699df-8zzd2,123,43
09:58:24,100u,productcatalogservice-65bbf699df-qmltb,1,19
09:58:24,100u,productcatalogservice-65bbf699df-rh24h,75,22
09:58:24,100u,recommendationservice-7444754ff5-b7pgl,189,80
09:58:24,100u,recommendationservice-7444754ff5-hsxb8,2,51
09:58:24,100u,recommendationservice-7444754ff5-xm2x5,162,55
09:58:24,100u,redis-cart-c8ff86559-jrlvk,11,36
09:58:24,100u,shippingservice-f956b6d9f-2g46p,22,31
09:58:24,100u,shippingservice-f956b6d9f-4kzvq,6,16
09:58:24,100u,shippingservice-f956b6d9f-nmnfn,3,16
09:58:34,100u,adservice-574bff445c-grt9z,2,178
09:58:34,100u,adservice-574bff445c-h47zv,1,179
09:58:34,100u,adservice-574bff445c-wppcl,86,280
09:58:34,100u,cartservice-7c84fdfb6-hsn24,1,114
09:58:34,100u,cartservice-7c84fdfb6-s4cp2,133,177
09:58:34,100u,cartservice-7c84fdfb6-sf94w,9,139
09:58:34,100u,checkoutservice-5b6d96c9b7-cfmrc,9,35
09:58:34,100u,checkoutservice-5b6d96c9b7-h4wfv,21,20
09:58:34,100u,checkoutservice-5b6d96c9b7-jdqn7,12,22
09:58:34,100u,currencyservice-7c8fc8fc9c-dlzht,110,126
09:58:34,100u,currencyservice-7c8fc8fc9c-mvsgf,1,96
09:58:34,100u,currencyservice-7c8fc8fc9c-wqrfs,186,126
09:58:34,100u,emailservice-66944ff59-478c4,3,56
09:58:34,100u,emailservice-66944ff59-4fvm9,11,94
09:58:34,100u,emailservice-66944ff59-txwj8,11,58
09:58:34,100u,frontend-7bd6f45654-7bcq6,140,32
09:58:34,100u,frontend-7bd6f45654-7gwtd,147,46
09:58:34,100u,frontend-7bd6f45654-xm79g,181,30
09:58:34,100u,paymentservice-9bfb7bf5-46sq4,5,81
09:58:34,100u,paymentservice-9bfb7bf5-pktv4,1,70
09:58:34,100u,paymentservice-9bfb7bf5-snj4k,10,125
09:58:34,100u,productcatalogservice-65bbf699df-8zzd2,126,43
09:58:34,100u,productcatalogservice-65bbf699df-qmltb,1,19
09:58:34,100u,productcatalogservice-65bbf699df-rh24h,79,22
09:58:34,100u,recommendationservice-7444754ff5-b7pgl,193,82
09:58:34,100u,recommendationservice-7444754ff5-hsxb8,2,51
09:58:34,100u,recommendationservice-7444754ff5-xm2x5,175,55
09:58:34,100u,redis-cart-c8ff86559-jrlvk,11,36
09:58:34,100u,shippingservice-f956b6d9f-2g46p,25,31
09:58:34,100u,shippingservice-f956b6d9f-4kzvq,6,16
09:58:34,100u,shippingservice-f956b6d9f-nmnfn,4,16
09:58:44,100u,adservice-574bff445c-grt9z,2,178
09:58:44,100u,adservice-574bff445c-h47zv,1,179
09:58:44,100u,adservice-574bff445c-wppcl,86,280
09:58:44,100u,cartservice-7c84fdfb6-hsn24,1,114
09:58:44,100u,cartservice-7c84fdfb6-s4cp2,133,177
09:58:44,100u,cartservice-7c84fdfb6-sf94w,9,139
09:58:44,100u,checkoutservice-5b6d96c9b7-cfmrc,9,35
09:58:44,100u,checkoutservice-5b6d96c9b7-h4wfv,21,20
09:58:44,100u,checkoutservice-5b6d96c9b7-jdqn7,12,22
09:58:44,100u,currencyservice-7c8fc8fc9c-dlzht,110,126
09:58:44,100u,currencyservice-7c8fc8fc9c-mvsgf,1,96
09:58:44,100u,currencyservice-7c8fc8fc9c-wqrfs,186,126
09:58:44,100u,emailservice-66944ff59-478c4,3,56
09:58:44,100u,emailservice-66944ff59-4fvm9,11,94
09:58:44,100u,emailservice-66944ff59-txwj8,11,58
09:58:44,100u,frontend-7bd6f45654-7bcq6,140,32
09:58:44,100u,frontend-7bd6f45654-7gwtd,147,46
09:58:44,100u,frontend-7bd6f45654-xm79g,181,30
09:58:44,100u,paymentservice-9bfb7bf5-46sq4,5,81
09:58:44,100u,paymentservice-9bfb7bf5-pktv4,1,70
09:58:44,100u,paymentservice-9bfb7bf5-snj4k,10,125
09:58:44,100u,productcatalogservice-65bbf699df-8zzd2,126,43
09:58:44,100u,productcatalogservice-65bbf699df-qmltb,1,19
09:58:44,100u,productcatalogservice-65bbf699df-rh24h,79,22
09:58:44,100u,recommendationservice-7444754ff5-b7pgl,193,82
09:58:44,100u,recommendationservice-7444754ff5-hsxb8,2,51
09:58:44,100u,recommendationservice-7444754ff5-xm2x5,175,55
09:58:44,100u,redis-cart-c8ff86559-jrlvk,11,36
09:58:44,100u,shippingservice-f956b6d9f-2g46p,25,31
09:58:44,100u,shippingservice-f956b6d9f-4kzvq,6,16
09:58:44,100u,shippingservice-f956b6d9f-nmnfn,4,16
