timestamp,load_label,pod,cpu_m,ram_mi
23:04:51,idle,adservice-574bff445c-qb9cj,31,273
23:04:51,idle,cartservice-7c84fdfb6-m5m6d,45,188
23:04:51,idle,checkoutservice-5b6d96c9b7-45rkr,8,38
23:04:51,idle,currencyservice-7c8fc8fc9c-4hm9g,55,125
23:04:51,idle,currencyservice-7c8fc8fc9c-5frj9,2,81
23:04:51,idle,currencyservice-7c8fc8fc9c-mgwx9,37,123
23:04:51,idle,emailservice-66944ff59-2lcjl,7,95
23:04:51,idle,frontend-7bd6f45654-przgb,44,38
23:04:51,idle,frontend-7bd6f45654-s2s7z,38,56
23:04:51,idle,frontend-7bd6f45654-vfxkp,46,39
23:04:51,idle,paymentservice-9bfb7bf5-kgd56,4,114
23:04:51,idle,productcatalogservice-65bbf699df-j2fmg,41,44
23:04:51,idle,recommendationservice-7444754ff5-n8cbh,73,58
23:04:51,idle,redis-cart-c8ff86559-kcf44,5,37
23:04:51,idle,shippingservice-f956b6d9f-w7n4b,7,35
23:04:54,100u,adservice-574bff445c-qb9cj,31,273
23:04:54,100u,cartservice-7c84fdfb6-m5m6d,45,188
23:04:54,100u,checkoutservice-5b6d96c9b7-45rkr,8,38
23:04:54,100u,currencyservice-7c8fc8fc9c-4hm9g,55,125
23:04:54,100u,currencyservice-7c8fc8fc9c-5frj9,2,81
23:04:54,100u,currencyservice-7c8fc8fc9c-mgwx9,37,123
23:04:54,100u,emailservice-66944ff59-2lcjl,7,95
23:04:54,100u,frontend-7bd6f45654-przgb,44,38
23:04:54,100u,frontend-7bd6f45654-s2s7z,38,56
23:04:54,100u,frontend-7bd6f45654-vfxkp,46,39
23:04:54,100u,paymentservice-9bfb7bf5-kgd56,4,114
23:04:54,100u,productcatalogservice-65bbf699df-j2fmg,41,44
23:04:54,100u,recommendationservice-7444754ff5-n8cbh,73,58
23:04:54,100u,redis-cart-c8ff86559-kcf44,5,37
23:04:54,100u,shippingservice-f956b6d9f-w7n4b,7,35
23:04:59,100u,adservice-574bff445c-qb9cj,31,273
23:04:59,100u,cartservice-7c84fdfb6-m5m6d,45,188
23:04:59,100u,checkoutservice-5b6d96c9b7-45rkr,8,38
23:04:59,100u,currencyservice-7c8fc8fc9c-4hm9g,55,125
23:04:59,100u,currencyservice-7c8fc8fc9c-5frj9,2,81
23:04:59,100u,currencyservice-7c8fc8fc9c-mgwx9,37,123
23:04:59,100u,emailservice-66944ff59-2lcjl,7,95
23:04:59,100u,frontend-7bd6f45654-przgb,44,38
23:04:59,100u,frontend-7bd6f45654-s2s7z,38,56
23:04:59,100u,frontend-7bd6f45654-vfxkp,46,39
23:04:59,100u,paymentservice-9bfb7bf5-kgd56,4,114
23:04:59,100u,productcatalogservice-65bbf699df-j2fmg,41,44
23:04:59,100u,recommendationservice-7444754ff5-n8cbh,73,58
23:04:59,100u,redis-cart-c8ff86559-kcf44,5,37
23:04:59,100u,shippingservice-f956b6d9f-w7n4b,7,35
23:05:01,100u,adservice-574bff445c-qb9cj,31,273
23:05:01,100u,cartservice-7c84fdfb6-m5m6d,45,188
23:05:01,100u,checkoutservice-5b6d96c9b7-45rkr,8,38
23:05:01,100u,currencyservice-7c8fc8fc9c-4hm9g,55,125
23:05:01,100u,currencyservice-7c8fc8fc9c-5frj9,2,81
23:05:01,100u,currencyservice-7c8fc8fc9c-mgwx9,37,123
23:05:01,100u,emailservice-66944ff59-2lcjl,7,95
23:05:01,100u,frontend-7bd6f45654-przgb,44,38
23:05:01,100u,frontend-7bd6f45654-s2s7z,38,56
23:05:01,100u,frontend-7bd6f45654-vfxkp,46,39
23:05:01,100u,paymentservice-9bfb7bf5-kgd56,4,114
23:05:01,100u,productcatalogservice-65bbf699df-j2fmg,41,44
23:05:01,100u,recommendationservice-7444754ff5-n8cbh,73,58
23:05:01,100u,redis-cart-c8ff86559-kcf44,5,37
23:05:01,100u,shippingservice-f956b6d9f-w7n4b,7,35
23:05:04,100u,adservice-574bff445c-qb9cj,31,273
23:05:04,100u,cartservice-7c84fdfb6-m5m6d,45,188
23:05:04,100u,checkoutservice-5b6d96c9b7-45rkr,8,38
23:05:04,100u,currencyservice-7c8fc8fc9c-4hm9g,55,125
23:05:04,100u,currencyservice-7c8fc8fc9c-5frj9,2,81
23:05:04,100u,currencyservice-7c8fc8fc9c-mgwx9,37,123
23:05:04,100u,emailservice-66944ff59-2lcjl,7,95
23:05:04,100u,frontend-7bd6f45654-przgb,44,38
23:05:04,100u,frontend-7bd6f45654-s2s7z,38,56
23:05:04,100u,frontend-7bd6f45654-vfxkp,46,39
23:05:04,100u,paymentservice-9bfb7bf5-kgd56,4,114
23:05:04,100u,productcatalogservice-65bbf699df-j2fmg,41,44
23:05:04,100u,recommendationservice-7444754ff5-n8cbh,73,58
23:05:04,100u,redis-cart-c8ff86559-kcf44,5,37
23:05:04,100u,shippingservice-f956b6d9f-w7n4b,7,35
23:05:09,100u,adservice-574bff445c-qb9cj,26,273
23:05:09,100u,cartservice-7c84fdfb6-m5m6d,39,188
23:05:09,100u,checkoutservice-5b6d96c9b7-45rkr,6,38
23:05:09,100u,currencyservice-7c8fc8fc9c-4hm9g,50,126
23:05:09,100u,currencyservice-7c8fc8fc9c-5frj9,2,81
23:05:09,100u,currencyservice-7c8fc8fc9c-mgwx9,32,123
23:05:09,100u,emailservice-66944ff59-2lcjl,6,95
23:05:09,100u,frontend-7bd6f45654-przgb,34,35
23:05:09,100u,frontend-7bd6f45654-s2s7z,33,53
23:05:09,100u,frontend-7bd6f45654-vfxkp,36,35
23:05:09,100u,paymentservice-9bfb7bf5-kgd56,4,114
23:05:09,100u,productcatalogservice-65bbf699df-j2fmg,38,44
23:05:09,100u,recommendationservice-7444754ff5-n8cbh,63,58
23:05:09,100u,redis-cart-c8ff86559-kcf44,5,37
23:05:09,100u,shippingservice-f956b6d9f-w7n4b,7,35
23:05:12,100u,adservice-574bff445c-qb9cj,26,273
23:05:12,100u,cartservice-7c84fdfb6-m5m6d,39,188
23:05:12,100u,checkoutservice-5b6d96c9b7-45rkr,6,38
23:05:12,100u,currencyservice-7c8fc8fc9c-4hm9g,50,126
23:05:12,100u,currencyservice-7c8fc8fc9c-5frj9,2,81
23:05:12,100u,currencyservice-7c8fc8fc9c-mgwx9,32,123
23:05:12,100u,emailservice-66944ff59-2lcjl,6,95
23:05:12,100u,frontend-7bd6f45654-przgb,34,35
23:05:12,100u,frontend-7bd6f45654-s2s7z,33,53
23:05:12,100u,frontend-7bd6f45654-vfxkp,36,35
23:05:12,100u,paymentservice-9bfb7bf5-kgd56,4,114
23:05:12,100u,productcatalogservice-65bbf699df-j2fmg,38,44
23:05:12,100u,recommendationservice-7444754ff5-n8cbh,63,58
23:05:12,100u,redis-cart-c8ff86559-kcf44,5,37
23:05:12,100u,shippingservice-f956b6d9f-w7n4b,7,35
23:05:14,100u,adservice-574bff445c-qb9cj,26,273
23:05:14,100u,cartservice-7c84fdfb6-m5m6d,39,188
23:05:14,100u,checkoutservice-5b6d96c9b7-45rkr,6,38
23:05:14,100u,currencyservice-7c8fc8fc9c-4hm9g,50,126
23:05:14,100u,currencyservice-7c8fc8fc9c-5frj9,2,81
23:05:14,100u,currencyservice-7c8fc8fc9c-mgwx9,32,123
23:05:14,100u,emailservice-66944ff59-2lcjl,6,95
23:05:14,100u,frontend-7bd6f45654-przgb,34,35
23:05:14,100u,frontend-7bd6f45654-s2s7z,33,53
23:05:14,100u,frontend-7bd6f45654-vfxkp,36,35
23:05:14,100u,paymentservice-9bfb7bf5-kgd56,4,114
23:05:14,100u,productcatalogservice-65bbf699df-j2fmg,38,44
23:05:14,100u,recommendationservice-7444754ff5-n8cbh,63,58
23:05:14,100u,redis-cart-c8ff86559-kcf44,5,37
23:05:14,100u,shippingservice-f956b6d9f-w7n4b,7,35
23:05:19,100u,adservice-574bff445c-qb9cj,26,273
23:05:19,100u,cartservice-7c84fdfb6-m5m6d,39,188
23:05:19,100u,checkoutservice-5b6d96c9b7-45rkr,6,38
23:05:19,100u,currencyservice-7c8fc8fc9c-4hm9g,50,126
23:05:19,100u,currencyservice-7c8fc8fc9c-5frj9,2,81
23:05:19,100u,currencyservice-7c8fc8fc9c-mgwx9,32,123
23:05:19,100u,emailservice-66944ff59-2lcjl,6,95
23:05:19,100u,frontend-7bd6f45654-przgb,34,35
23:05:19,100u,frontend-7bd6f45654-s2s7z,33,53
23:05:19,100u,frontend-7bd6f45654-vfxkp,36,35
23:05:19,100u,paymentservice-9bfb7bf5-kgd56,4,114
23:05:19,100u,productcatalogservice-65bbf699df-j2fmg,38,44
23:05:19,100u,recommendationservice-7444754ff5-n8cbh,63,58
23:05:19,100u,redis-cart-c8ff86559-kcf44,5,37
23:05:19,100u,shippingservice-f956b6d9f-w7n4b,7,35
23:05:22,100u,adservice-574bff445c-qb9cj,53,273
23:05:22,100u,cartservice-7c84fdfb6-m5m6d,88,188
23:05:22,100u,checkoutservice-5b6d96c9b7-45rkr,18,38
23:05:22,100u,currencyservice-7c8fc8fc9c-4hm9g,123,125
23:05:22,100u,currencyservice-7c8fc8fc9c-5frj9,1,81
23:05:22,100u,currencyservice-7c8fc8fc9c-mgwx9,76,124
23:05:22,100u,emailservice-66944ff59-2lcjl,11,95
23:05:22,100u,frontend-7bd6f45654-przgb,97,36
23:05:22,100u,frontend-7bd6f45654-s2s7z,83,54
23:05:22,100u,frontend-7bd6f45654-vfxkp,90,35
23:05:22,100u,paymentservice-9bfb7bf5-kgd56,8,114
23:05:22,100u,productcatalogservice-65bbf699df-j2fmg,95,44
23:05:22,100u,recommendationservice-7444754ff5-n8cbh,164,59
23:05:22,100u,redis-cart-c8ff86559-kcf44,8,37
23:05:22,100u,shippingservice-f956b6d9f-w7n4b,17,35
23:05:24,100u,adservice-574bff445c-qb9cj,53,273
23:05:24,100u,cartservice-7c84fdfb6-m5m6d,88,188
23:05:24,100u,checkoutservice-5b6d96c9b7-45rkr,18,38
23:05:24,100u,currencyservice-7c8fc8fc9c-4hm9g,123,125
23:05:24,100u,currencyservice-7c8fc8fc9c-5frj9,1,81
23:05:24,100u,currencyservice-7c8fc8fc9c-mgwx9,76,124
23:05:24,100u,emailservice-66944ff59-2lcjl,11,95
23:05:24,100u,frontend-7bd6f45654-przgb,97,36
23:05:24,100u,frontend-7bd6f45654-s2s7z,83,54
23:05:24,100u,frontend-7bd6f45654-vfxkp,90,35
23:05:24,100u,paymentservice-9bfb7bf5-kgd56,8,114
23:05:24,100u,productcatalogservice-65bbf699df-j2fmg,95,44
23:05:24,100u,recommendationservice-7444754ff5-n8cbh,164,59
23:05:24,100u,redis-cart-c8ff86559-kcf44,8,37
23:05:24,100u,shippingservice-f956b6d9f-w7n4b,17,35
23:05:29,100u,adservice-574bff445c-qb9cj,53,273
23:05:29,100u,cartservice-7c84fdfb6-m5m6d,88,188
23:05:29,100u,checkoutservice-5b6d96c9b7-45rkr,18,38
23:05:29,100u,currencyservice-7c8fc8fc9c-4hm9g,123,125
23:05:29,100u,currencyservice-7c8fc8fc9c-5frj9,1,81
23:05:29,100u,currencyservice-7c8fc8fc9c-mgwx9,76,124
23:05:29,100u,emailservice-66944ff59-2lcjl,11,95
23:05:29,100u,frontend-7bd6f45654-przgb,97,36
23:05:29,100u,frontend-7bd6f45654-s2s7z,83,54
23:05:29,100u,frontend-7bd6f45654-vfxkp,90,35
23:05:29,100u,paymentservice-9bfb7bf5-kgd56,8,114
23:05:29,100u,productcatalogservice-65bbf699df-j2fmg,95,44
23:05:29,100u,recommendationservice-7444754ff5-n8cbh,164,59
23:05:29,100u,redis-cart-c8ff86559-kcf44,8,37
23:05:29,100u,shippingservice-f956b6d9f-w7n4b,17,35
23:05:32,100u,adservice-574bff445c-qb9cj,53,273
23:05:32,100u,cartservice-7c84fdfb6-m5m6d,88,188
23:05:32,100u,checkoutservice-5b6d96c9b7-45rkr,18,38
23:05:32,100u,currencyservice-7c8fc8fc9c-4hm9g,123,125
23:05:32,100u,currencyservice-7c8fc8fc9c-5frj9,1,81
23:05:32,100u,currencyservice-7c8fc8fc9c-mgwx9,76,124
23:05:32,100u,emailservice-66944ff59-2lcjl,11,95
23:05:32,100u,frontend-7bd6f45654-przgb,97,36
23:05:32,100u,frontend-7bd6f45654-s2s7z,83,54
23:05:32,100u,frontend-7bd6f45654-vfxkp,90,35
23:05:32,100u,paymentservice-9bfb7bf5-kgd56,8,114
23:05:32,100u,productcatalogservice-65bbf699df-j2fmg,95,44
23:05:32,100u,recommendationservice-7444754ff5-n8cbh,164,59
23:05:32,100u,redis-cart-c8ff86559-kcf44,8,37
23:05:32,100u,shippingservice-f956b6d9f-w7n4b,17,35
23:05:34,100u,adservice-574bff445c-qb9cj,53,273
23:05:34,100u,cartservice-7c84fdfb6-m5m6d,88,188
23:05:34,100u,checkoutservice-5b6d96c9b7-45rkr,18,38
23:05:34,100u,currencyservice-7c8fc8fc9c-4hm9g,123,125
23:05:34,100u,currencyservice-7c8fc8fc9c-5frj9,1,81
23:05:34,100u,currencyservice-7c8fc8fc9c-mgwx9,76,124
23:05:34,100u,emailservice-66944ff59-2lcjl,11,95
23:05:34,100u,frontend-7bd6f45654-przgb,97,36
23:05:34,100u,frontend-7bd6f45654-s2s7z,83,54
23:05:34,100u,frontend-7bd6f45654-vfxkp,90,35
23:05:34,100u,paymentservice-9bfb7bf5-kgd56,8,114
23:05:34,100u,productcatalogservice-65bbf699df-j2fmg,95,44
23:05:34,100u,recommendationservice-7444754ff5-n8cbh,164,59
23:05:34,100u,redis-cart-c8ff86559-kcf44,8,37
23:05:34,100u,shippingservice-f956b6d9f-w7n4b,17,35
23:05:40,100u,adservice-574bff445c-qb9cj,34,270
23:05:40,100u,cartservice-7c84fdfb6-m5m6d,53,188
23:05:40,100u,checkoutservice-5b6d96c9b7-45rkr,9,38
23:05:40,100u,currencyservice-7c8fc8fc9c-4hm9g,77,125
23:05:40,100u,currencyservice-7c8fc8fc9c-5frj9,2,81
23:05:40,100u,currencyservice-7c8fc8fc9c-mgwx9,34,124
23:05:40,100u,emailservice-66944ff59-2lcjl,7,95
23:05:40,100u,frontend-7bd6f45654-przgb,48,35
23:05:40,100u,frontend-7bd6f45654-s2s7z,38,53
23:05:40,100u,frontend-7bd6f45654-vfxkp,68,35
23:05:40,100u,paymentservice-9bfb7bf5-kgd56,5,114
23:05:40,100u,productcatalogservice-65bbf699df-j2fmg,56,44
23:05:40,100u,recommendationservice-7444754ff5-n8cbh,95,58
23:05:40,100u,redis-cart-c8ff86559-kcf44,5,37
23:05:40,100u,shippingservice-f956b6d9f-w7n4b,10,35
23:05:42,100u,adservice-574bff445c-qb9cj,34,270
23:05:42,100u,cartservice-7c84fdfb6-m5m6d,53,188
23:05:42,100u,checkoutservice-5b6d96c9b7-45rkr,9,38
23:05:42,100u,currencyservice-7c8fc8fc9c-4hm9g,77,125
23:05:42,100u,currencyservice-7c8fc8fc9c-5frj9,2,81
23:05:42,100u,currencyservice-7c8fc8fc9c-mgwx9,34,124
23:05:42,100u,emailservice-66944ff59-2lcjl,7,95
23:05:42,100u,frontend-7bd6f45654-przgb,48,35
23:05:42,100u,frontend-7bd6f45654-s2s7z,38,53
23:05:42,100u,frontend-7bd6f45654-vfxkp,68,35
23:05:42,100u,paymentservice-9bfb7bf5-kgd56,5,114
23:05:42,100u,productcatalogservice-65bbf699df-j2fmg,56,44
23:05:42,100u,recommendationservice-7444754ff5-n8cbh,95,58
23:05:42,100u,redis-cart-c8ff86559-kcf44,5,37
23:05:42,100u,shippingservice-f956b6d9f-w7n4b,10,35
23:05:44,100u,adservice-574bff445c-qb9cj,34,270
23:05:44,100u,cartservice-7c84fdfb6-m5m6d,53,188
23:05:44,100u,checkoutservice-5b6d96c9b7-45rkr,9,38
23:05:44,100u,currencyservice-7c8fc8fc9c-4hm9g,77,125
23:05:44,100u,currencyservice-7c8fc8fc9c-5frj9,2,81
23:05:44,100u,currencyservice-7c8fc8fc9c-mgwx9,34,124
23:05:44,100u,emailservice-66944ff59-2lcjl,7,95
23:05:44,100u,frontend-7bd6f45654-przgb,48,35
23:05:44,100u,frontend-7bd6f45654-s2s7z,38,53
23:05:44,100u,frontend-7bd6f45654-vfxkp,68,35
23:05:44,100u,paymentservice-9bfb7bf5-kgd56,5,114
23:05:44,100u,productcatalogservice-65bbf699df-j2fmg,56,44
23:05:44,100u,recommendationservice-7444754ff5-n8cbh,95,58
23:05:44,100u,redis-cart-c8ff86559-kcf44,5,37
23:05:44,100u,shippingservice-f956b6d9f-w7n4b,10,35
23:05:50,100u,adservice-574bff445c-qb9cj,50,270
23:05:50,100u,cartservice-7c84fdfb6-m5m6d,94,188
23:05:50,100u,checkoutservice-5b6d96c9b7-45rkr,18,38
23:05:50,100u,currencyservice-7c8fc8fc9c-4hm9g,127,125
23:05:50,100u,currencyservice-7c8fc8fc9c-5frj9,1,81
23:05:50,100u,currencyservice-7c8fc8fc9c-mgwx9,78,123
23:05:50,100u,emailservice-66944ff59-2lcjl,11,95
23:05:50,100u,frontend-7bd6f45654-przgb,75,35
23:05:50,100u,frontend-7bd6f45654-s2s7z,83,54
23:05:50,100u,frontend-7bd6f45654-vfxkp,117,35
23:05:50,100u,paymentservice-9bfb7bf5-kgd56,8,114
23:05:50,100u,productcatalogservice-65bbf699df-j2fmg,98,44
23:05:50,100u,recommendationservice-7444754ff5-n8cbh,169,59
23:05:50,100u,redis-cart-c8ff86559-kcf44,8,37
23:05:50,100u,shippingservice-f956b6d9f-w7n4b,18,35
23:05:52,100u,adservice-574bff445c-qb9cj,50,270
23:05:52,100u,cartservice-7c84fdfb6-m5m6d,94,188
23:05:52,100u,checkoutservice-5b6d96c9b7-45rkr,18,38
23:05:52,100u,currencyservice-7c8fc8fc9c-4hm9g,127,125
23:05:52,100u,currencyservice-7c8fc8fc9c-5frj9,1,81
23:05:52,100u,currencyservice-7c8fc8fc9c-mgwx9,78,123
23:05:52,100u,emailservice-66944ff59-2lcjl,11,95
23:05:52,100u,frontend-7bd6f45654-przgb,75,35
23:05:52,100u,frontend-7bd6f45654-s2s7z,83,54
23:05:52,100u,frontend-7bd6f45654-vfxkp,117,35
23:05:52,100u,paymentservice-9bfb7bf5-kgd56,8,114
23:05:52,100u,productcatalogservice-65bbf699df-j2fmg,98,44
23:05:52,100u,recommendationservice-7444754ff5-n8cbh,169,59
23:05:52,100u,redis-cart-c8ff86559-kcf44,8,37
23:05:52,100u,shippingservice-f956b6d9f-w7n4b,18,35
23:05:55,100u,adservice-574bff445c-qb9cj,50,270
23:05:55,100u,cartservice-7c84fdfb6-m5m6d,94,188
23:05:55,100u,checkoutservice-5b6d96c9b7-45rkr,18,38
23:05:55,100u,currencyservice-7c8fc8fc9c-4hm9g,127,125
23:05:55,100u,currencyservice-7c8fc8fc9c-5frj9,1,81
23:05:55,100u,currencyservice-7c8fc8fc9c-mgwx9,78,123
23:05:55,100u,emailservice-66944ff59-2lcjl,11,95
23:05:55,100u,frontend-7bd6f45654-przgb,75,35
23:05:55,100u,frontend-7bd6f45654-s2s7z,83,54
23:05:55,100u,frontend-7bd6f45654-vfxkp,117,35
23:05:55,100u,paymentservice-9bfb7bf5-kgd56,8,114
23:05:55,100u,productcatalogservice-65bbf699df-j2fmg,98,44
23:05:55,100u,recommendationservice-7444754ff5-n8cbh,169,59
23:05:55,100u,redis-cart-c8ff86559-kcf44,8,37
23:05:55,100u,shippingservice-f956b6d9f-w7n4b,18,35
23:06:00,100u,adservice-574bff445c-qb9cj,50,270
23:06:00,100u,cartservice-7c84fdfb6-m5m6d,94,188
23:06:00,100u,checkoutservice-5b6d96c9b7-45rkr,18,38
23:06:00,100u,currencyservice-7c8fc8fc9c-4hm9g,127,125
23:06:00,100u,currencyservice-7c8fc8fc9c-5frj9,1,81
23:06:00,100u,currencyservice-7c8fc8fc9c-mgwx9,78,123
23:06:00,100u,emailservice-66944ff59-2lcjl,11,95
23:06:00,100u,frontend-7bd6f45654-przgb,75,35
23:06:00,100u,frontend-7bd6f45654-s2s7z,83,54
23:06:00,100u,frontend-7bd6f45654-vfxkp,117,35
23:06:00,100u,paymentservice-9bfb7bf5-kgd56,8,114
23:06:00,100u,productcatalogservice-65bbf699df-j2fmg,98,44
23:06:00,100u,recommendationservice-7444754ff5-n8cbh,169,59
23:06:00,100u,redis-cart-c8ff86559-kcf44,8,37
23:06:00,100u,shippingservice-f956b6d9f-w7n4b,18,35
23:06:02,100u,adservice-574bff445c-qb9cj,50,270
23:06:02,100u,cartservice-7c84fdfb6-m5m6d,94,188
23:06:02,100u,checkoutservice-5b6d96c9b7-45rkr,18,38
23:06:02,100u,currencyservice-7c8fc8fc9c-4hm9g,127,125
23:06:02,100u,currencyservice-7c8fc8fc9c-5frj9,1,81
23:06:02,100u,currencyservice-7c8fc8fc9c-mgwx9,78,123
23:06:02,100u,emailservice-66944ff59-2lcjl,11,95
23:06:02,100u,frontend-7bd6f45654-przgb,75,35
23:06:02,100u,frontend-7bd6f45654-s2s7z,83,54
23:06:02,100u,frontend-7bd6f45654-vfxkp,117,35
23:06:02,100u,paymentservice-9bfb7bf5-kgd56,8,114
23:06:02,100u,productcatalogservice-65bbf699df-j2fmg,98,44
23:06:02,100u,recommendationservice-7444754ff5-n8cbh,169,59
23:06:02,100u,redis-cart-c8ff86559-kcf44,8,37
23:06:02,100u,shippingservice-f956b6d9f-w7n4b,18,35
23:06:05,100u,adservice-574bff445c-qb9cj,58,270
23:06:05,100u,cartservice-7c84fdfb6-m5m6d,109,188
23:06:05,100u,checkoutservice-5b6d96c9b7-45rkr,21,38
23:06:05,100u,currencyservice-7c8fc8fc9c-4hm9g,141,125
23:06:05,100u,currencyservice-7c8fc8fc9c-5frj9,1,81
23:06:05,100u,currencyservice-7c8fc8fc9c-mgwx9,89,124
23:06:05,100u,emailservice-66944ff59-2lcjl,12,95
23:06:05,100u,frontend-7bd6f45654-przgb,90,35
23:06:05,100u,frontend-7bd6f45654-s2s7z,98,54
23:06:05,100u,frontend-7bd6f45654-vfxkp,126,36
23:06:05,100u,paymentservice-9bfb7bf5-kgd56,9,114
23:06:05,100u,productcatalogservice-65bbf699df-j2fmg,112,44
23:06:05,100u,recommendationservice-7444754ff5-n8cbh,200,59
23:06:05,100u,redis-cart-c8ff86559-kcf44,8,37
23:06:05,100u,shippingservice-f956b6d9f-w7n4b,21,35
23:06:10,100u,adservice-574bff445c-qb9cj,58,270
23:06:10,100u,cartservice-7c84fdfb6-m5m6d,109,188
23:06:10,100u,checkoutservice-5b6d96c9b7-45rkr,21,38
23:06:10,100u,currencyservice-7c8fc8fc9c-4hm9g,141,125
23:06:10,100u,currencyservice-7c8fc8fc9c-5frj9,1,81
23:06:10,100u,currencyservice-7c8fc8fc9c-mgwx9,89,124
23:06:10,100u,emailservice-66944ff59-2lcjl,12,95
23:06:10,100u,frontend-7bd6f45654-przgb,90,35
23:06:10,100u,frontend-7bd6f45654-s2s7z,98,54
23:06:10,100u,frontend-7bd6f45654-vfxkp,126,36
23:06:10,100u,paymentservice-9bfb7bf5-kgd56,9,114
23:06:10,100u,productcatalogservice-65bbf699df-j2fmg,112,44
23:06:10,100u,recommendationservice-7444754ff5-n8cbh,200,59
23:06:10,100u,redis-cart-c8ff86559-kcf44,8,37
23:06:10,100u,shippingservice-f956b6d9f-w7n4b,21,35
23:06:12,100u,adservice-574bff445c-qb9cj,58,270
23:06:12,100u,cartservice-7c84fdfb6-m5m6d,109,188
23:06:12,100u,checkoutservice-5b6d96c9b7-45rkr,21,38
23:06:12,100u,currencyservice-7c8fc8fc9c-4hm9g,141,125
23:06:12,100u,currencyservice-7c8fc8fc9c-5frj9,1,81
23:06:12,100u,currencyservice-7c8fc8fc9c-mgwx9,89,124
23:06:12,100u,emailservice-66944ff59-2lcjl,12,95
23:06:12,100u,frontend-7bd6f45654-przgb,90,35
23:06:12,100u,frontend-7bd6f45654-s2s7z,98,54
23:06:12,100u,frontend-7bd6f45654-vfxkp,126,36
23:06:12,100u,paymentservice-9bfb7bf5-kgd56,9,114
23:06:12,100u,productcatalogservice-65bbf699df-j2fmg,112,44
23:06:12,100u,recommendationservice-7444754ff5-n8cbh,200,59
23:06:12,100u,redis-cart-c8ff86559-kcf44,8,37
23:06:12,100u,shippingservice-f956b6d9f-w7n4b,21,35
23:06:15,100u,adservice-574bff445c-qb9cj,58,270
23:06:15,100u,cartservice-7c84fdfb6-m5m6d,109,188
23:06:15,100u,checkoutservice-5b6d96c9b7-45rkr,21,38
23:06:15,100u,currencyservice-7c8fc8fc9c-4hm9g,141,125
23:06:15,100u,currencyservice-7c8fc8fc9c-5frj9,1,81
23:06:15,100u,currencyservice-7c8fc8fc9c-mgwx9,89,124
23:06:15,100u,emailservice-66944ff59-2lcjl,12,95
23:06:15,100u,frontend-7bd6f45654-przgb,90,35
23:06:15,100u,frontend-7bd6f45654-s2s7z,98,54
23:06:15,100u,frontend-7bd6f45654-vfxkp,126,36
23:06:15,100u,paymentservice-9bfb7bf5-kgd56,9,114
23:06:15,100u,productcatalogservice-65bbf699df-j2fmg,112,44
23:06:15,100u,recommendationservice-7444754ff5-n8cbh,200,59
23:06:15,100u,redis-cart-c8ff86559-kcf44,8,37
23:06:15,100u,shippingservice-f956b6d9f-w7n4b,21,35
23:06:20,100u,adservice-574bff445c-qb9cj,57,270
23:06:20,100u,cartservice-7c84fdfb6-m5m6d,88,188
23:06:20,100u,checkoutservice-5b6d96c9b7-45rkr,22,38
23:06:20,100u,currencyservice-7c8fc8fc9c-4hm9g,135,124
23:06:20,100u,currencyservice-7c8fc8fc9c-5frj9,1,81
23:06:20,100u,currencyservice-7c8fc8fc9c-mgwx9,85,125
23:06:20,100u,emailservice-66944ff59-2lcjl,12,95
23:06:20,100u,frontend-7bd6f45654-przgb,97,36
23:06:20,100u,frontend-7bd6f45654-s2s7z,90,54
23:06:20,100u,frontend-7bd6f45654-vfxkp,113,36
23:06:20,100u,paymentservice-9bfb7bf5-kgd56,9,114
23:06:20,100u,productcatalogservice-65bbf699df-j2fmg,105,44
23:06:20,100u,recommendationservice-7444754ff5-n8cbh,185,59
23:06:20,100u,redis-cart-c8ff86559-kcf44,8,37
23:06:20,100u,shippingservice-f956b6d9f-w7n4b,19,35
23:06:22,100u,adservice-574bff445c-qb9cj,57,270
23:06:22,100u,cartservice-7c84fdfb6-m5m6d,88,188
23:06:22,100u,checkoutservice-5b6d96c9b7-45rkr,22,38
23:06:22,100u,currencyservice-7c8fc8fc9c-4hm9g,135,124
23:06:22,100u,currencyservice-7c8fc8fc9c-5frj9,1,81
23:06:22,100u,currencyservice-7c8fc8fc9c-mgwx9,85,125
23:06:22,100u,emailservice-66944ff59-2lcjl,12,95
23:06:22,100u,frontend-7bd6f45654-przgb,97,36
23:06:22,100u,frontend-7bd6f45654-s2s7z,90,54
23:06:22,100u,frontend-7bd6f45654-vfxkp,113,36
23:06:22,100u,paymentservice-9bfb7bf5-kgd56,9,114
23:06:22,100u,productcatalogservice-65bbf699df-j2fmg,105,44
23:06:22,100u,recommendationservice-7444754ff5-n8cbh,185,59
23:06:22,100u,redis-cart-c8ff86559-kcf44,8,37
23:06:22,100u,shippingservice-f956b6d9f-w7n4b,19,35
23:06:25,100u,adservice-574bff445c-qb9cj,57,270
23:06:25,100u,cartservice-7c84fdfb6-m5m6d,88,188
23:06:25,100u,checkoutservice-5b6d96c9b7-45rkr,22,38
23:06:25,100u,currencyservice-7c8fc8fc9c-4hm9g,135,124
23:06:25,100u,currencyservice-7c8fc8fc9c-5frj9,1,81
23:06:25,100u,currencyservice-7c8fc8fc9c-mgwx9,85,125
23:06:25,100u,emailservice-66944ff59-2lcjl,12,95
23:06:25,100u,frontend-7bd6f45654-przgb,97,36
23:06:25,100u,frontend-7bd6f45654-s2s7z,90,54
23:06:25,100u,frontend-7bd6f45654-vfxkp,113,36
23:06:25,100u,paymentservice-9bfb7bf5-kgd56,9,114
23:06:25,100u,productcatalogservice-65bbf699df-j2fmg,105,44
23:06:25,100u,recommendationservice-7444754ff5-n8cbh,185,59
23:06:25,100u,redis-cart-c8ff86559-kcf44,8,37
23:06:25,100u,shippingservice-f956b6d9f-w7n4b,19,35
23:06:30,100u,adservice-574bff445c-qb9cj,57,270
23:06:30,100u,cartservice-7c84fdfb6-m5m6d,88,188
23:06:30,100u,checkoutservice-5b6d96c9b7-45rkr,22,38
23:06:30,100u,currencyservice-7c8fc8fc9c-4hm9g,135,124
23:06:30,100u,currencyservice-7c8fc8fc9c-5frj9,1,81
23:06:30,100u,currencyservice-7c8fc8fc9c-mgwx9,85,125
23:06:30,100u,emailservice-66944ff59-2lcjl,12,95
23:06:30,100u,frontend-7bd6f45654-przgb,97,36
23:06:30,100u,frontend-7bd6f45654-s2s7z,90,54
23:06:30,100u,frontend-7bd6f45654-vfxkp,113,36
23:06:30,100u,paymentservice-9bfb7bf5-kgd56,9,114
23:06:30,100u,productcatalogservice-65bbf699df-j2fmg,105,44
23:06:30,100u,recommendationservice-7444754ff5-n8cbh,185,59
23:06:30,100u,redis-cart-c8ff86559-kcf44,8,37
23:06:30,100u,shippingservice-f956b6d9f-w7n4b,19,35
23:06:32,100u,adservice-574bff445c-qb9cj,57,270
23:06:32,100u,cartservice-7c84fdfb6-m5m6d,88,188
23:06:32,100u,checkoutservice-5b6d96c9b7-45rkr,22,38
23:06:32,100u,currencyservice-7c8fc8fc9c-4hm9g,135,124
23:06:32,100u,currencyservice-7c8fc8fc9c-5frj9,1,81
23:06:32,100u,currencyservice-7c8fc8fc9c-mgwx9,85,125
23:06:32,100u,emailservice-66944ff59-2lcjl,12,95
23:06:32,100u,frontend-7bd6f45654-przgb,97,36
23:06:32,100u,frontend-7bd6f45654-s2s7z,90,54
23:06:32,100u,frontend-7bd6f45654-vfxkp,113,36
23:06:32,100u,paymentservice-9bfb7bf5-kgd56,9,114
23:06:32,100u,productcatalogservice-65bbf699df-j2fmg,105,44
23:06:32,100u,recommendationservice-7444754ff5-n8cbh,185,59
23:06:32,100u,redis-cart-c8ff86559-kcf44,8,37
23:06:32,100u,shippingservice-f956b6d9f-w7n4b,19,35
23:06:35,100u,adservice-574bff445c-qb9cj,60,270
23:06:35,100u,cartservice-7c84fdfb6-m5m6d,89,187
23:06:35,100u,checkoutservice-5b6d96c9b7-45rkr,17,38
23:06:35,100u,currencyservice-7c8fc8fc9c-4hm9g,136,125
23:06:35,100u,currencyservice-7c8fc8fc9c-5frj9,1,81
23:06:35,100u,currencyservice-7c8fc8fc9c-mgwx9,82,126
23:06:35,100u,emailservice-66944ff59-2lcjl,11,95
23:06:35,100u,frontend-7bd6f45654-przgb,98,36
23:06:35,100u,frontend-7bd6f45654-s2s7z,90,54
23:06:35,100u,frontend-7bd6f45654-vfxkp,116,36
23:06:35,100u,paymentservice-9bfb7bf5-kgd56,7,114
23:06:35,100u,productcatalogservice-65bbf699df-j2fmg,107,44
23:06:35,100u,recommendationservice-7444754ff5-n8cbh,188,59
23:06:35,100u,redis-cart-c8ff86559-kcf44,8,37
23:06:35,100u,shippingservice-f956b6d9f-w7n4b,18,35
23:06:40,100u,adservice-574bff445c-qb9cj,60,270
23:06:40,100u,cartservice-7c84fdfb6-m5m6d,89,187
23:06:40,100u,checkoutservice-5b6d96c9b7-45rkr,17,38
23:06:40,100u,currencyservice-7c8fc8fc9c-4hm9g,136,125
23:06:40,100u,currencyservice-7c8fc8fc9c-5frj9,1,81
23:06:40,100u,currencyservice-7c8fc8fc9c-mgwx9,82,126
23:06:40,100u,emailservice-66944ff59-2lcjl,11,95
23:06:40,100u,frontend-7bd6f45654-przgb,98,36
23:06:40,100u,frontend-7bd6f45654-s2s7z,90,54
23:06:40,100u,frontend-7bd6f45654-vfxkp,116,36
23:06:40,100u,paymentservice-9bfb7bf5-kgd56,7,114
23:06:40,100u,productcatalogservice-65bbf699df-j2fmg,107,44
23:06:40,100u,recommendationservice-7444754ff5-n8cbh,188,59
23:06:40,100u,redis-cart-c8ff86559-kcf44,8,37
23:06:40,100u,shippingservice-f956b6d9f-w7n4b,18,35
23:06:42,100u,adservice-574bff445c-qb9cj,60,270
23:06:42,100u,cartservice-7c84fdfb6-m5m6d,89,187
23:06:42,100u,checkoutservice-5b6d96c9b7-45rkr,17,38
23:06:42,100u,currencyservice-7c8fc8fc9c-4hm9g,136,125
23:06:42,100u,currencyservice-7c8fc8fc9c-5frj9,1,81
23:06:42,100u,currencyservice-7c8fc8fc9c-mgwx9,82,126
23:06:42,100u,emailservice-66944ff59-2lcjl,11,95
23:06:42,100u,frontend-7bd6f45654-przgb,98,36
23:06:42,100u,frontend-7bd6f45654-s2s7z,90,54
23:06:42,100u,frontend-7bd6f45654-vfxkp,116,36
23:06:42,100u,paymentservice-9bfb7bf5-kgd56,7,114
23:06:42,100u,productcatalogservice-65bbf699df-j2fmg,107,44
23:06:42,100u,recommendationservice-7444754ff5-n8cbh,188,59
23:06:42,100u,redis-cart-c8ff86559-kcf44,8,37
23:06:42,100u,shippingservice-f956b6d9f-w7n4b,18,35
23:06:45,100u,adservice-574bff445c-qb9cj,60,270
23:06:45,100u,cartservice-7c84fdfb6-m5m6d,89,187
23:06:45,100u,checkoutservice-5b6d96c9b7-45rkr,17,38
23:06:45,100u,currencyservice-7c8fc8fc9c-4hm9g,136,125
23:06:45,100u,currencyservice-7c8fc8fc9c-5frj9,1,81
23:06:45,100u,currencyservice-7c8fc8fc9c-mgwx9,82,126
23:06:45,100u,emailservice-66944ff59-2lcjl,11,95
23:06:45,100u,frontend-7bd6f45654-przgb,98,36
23:06:45,100u,frontend-7bd6f45654-s2s7z,90,54
23:06:45,100u,frontend-7bd6f45654-vfxkp,116,36
23:06:45,100u,paymentservice-9bfb7bf5-kgd56,7,114
23:06:45,100u,productcatalogservice-65bbf699df-j2fmg,107,44
23:06:45,100u,recommendationservice-7444754ff5-n8cbh,188,59
23:06:45,100u,redis-cart-c8ff86559-kcf44,8,37
23:06:45,100u,shippingservice-f956b6d9f-w7n4b,18,35
23:06:50,100u,adservice-574bff445c-qb9cj,62,270
23:06:50,100u,cartservice-7c84fdfb6-m5m6d,115,187
23:06:50,100u,checkoutservice-5b6d96c9b7-45rkr,21,38
23:06:50,100u,currencyservice-7c8fc8fc9c-4hm9g,147,124
23:06:50,100u,currencyservice-7c8fc8fc9c-5frj9,1,81
23:06:50,100u,currencyservice-7c8fc8fc9c-mgwx9,89,123
23:06:50,100u,emailservice-66944ff59-2lcjl,12,95
23:06:50,100u,frontend-7bd6f45654-przgb,105,36
23:06:50,100u,frontend-7bd6f45654-s2s7z,94,54
23:06:50,100u,frontend-7bd6f45654-vfxkp,122,36
23:06:50,100u,paymentservice-9bfb7bf5-kgd56,9,114
23:06:50,100u,productcatalogservice-65bbf699df-j2fmg,114,44
23:06:50,100u,recommendationservice-7444754ff5-n8cbh,200,59
23:06:50,100u,redis-cart-c8ff86559-kcf44,8,37
23:06:50,100u,shippingservice-f956b6d9f-w7n4b,20,35
23:06:53,100u,adservice-574bff445c-qb9cj,62,270
23:06:53,100u,cartservice-7c84fdfb6-m5m6d,115,187
23:06:53,100u,checkoutservice-5b6d96c9b7-45rkr,21,38
23:06:53,100u,currencyservice-7c8fc8fc9c-4hm9g,147,124
23:06:53,100u,currencyservice-7c8fc8fc9c-5frj9,1,81
23:06:53,100u,currencyservice-7c8fc8fc9c-mgwx9,89,123
23:06:53,100u,emailservice-66944ff59-2lcjl,12,95
23:06:53,100u,frontend-7bd6f45654-przgb,105,36
23:06:53,100u,frontend-7bd6f45654-s2s7z,94,54
23:06:53,100u,frontend-7bd6f45654-vfxkp,122,36
23:06:53,100u,paymentservice-9bfb7bf5-kgd56,9,114
23:06:53,100u,productcatalogservice-65bbf699df-j2fmg,114,44
23:06:53,100u,recommendationservice-7444754ff5-n8cbh,200,59
23:06:53,100u,redis-cart-c8ff86559-kcf44,8,37
23:06:53,100u,shippingservice-f956b6d9f-w7n4b,20,35
23:06:55,100u,adservice-574bff445c-qb9cj,62,270
23:06:55,100u,cartservice-7c84fdfb6-m5m6d,115,187
23:06:55,100u,checkoutservice-5b6d96c9b7-45rkr,21,38
23:06:55,100u,currencyservice-7c8fc8fc9c-4hm9g,147,124
23:06:55,100u,currencyservice-7c8fc8fc9c-5frj9,1,81
23:06:55,100u,currencyservice-7c8fc8fc9c-mgwx9,89,123
23:06:55,100u,emailservice-66944ff59-2lcjl,12,95
23:06:55,100u,frontend-7bd6f45654-przgb,105,36
23:06:55,100u,frontend-7bd6f45654-s2s7z,94,54
23:06:55,100u,frontend-7bd6f45654-vfxkp,122,36
23:06:55,100u,paymentservice-9bfb7bf5-kgd56,9,114
23:06:55,100u,productcatalogservice-65bbf699df-j2fmg,114,44
23:06:55,100u,recommendationservice-7444754ff5-n8cbh,200,59
23:06:55,100u,redis-cart-c8ff86559-kcf44,8,37
23:06:55,100u,shippingservice-f956b6d9f-w7n4b,20,35
23:07:00,100u,adservice-574bff445c-qb9cj,62,270
23:07:00,100u,cartservice-7c84fdfb6-m5m6d,115,187
23:07:00,100u,checkoutservice-5b6d96c9b7-45rkr,21,38
23:07:00,100u,currencyservice-7c8fc8fc9c-4hm9g,147,124
23:07:00,100u,currencyservice-7c8fc8fc9c-5frj9,1,81
23:07:00,100u,currencyservice-7c8fc8fc9c-mgwx9,89,123
23:07:00,100u,emailservice-66944ff59-2lcjl,12,95
23:07:00,100u,frontend-7bd6f45654-przgb,105,36
23:07:00,100u,frontend-7bd6f45654-s2s7z,94,54
23:07:00,100u,frontend-7bd6f45654-vfxkp,122,36
23:07:00,100u,paymentservice-9bfb7bf5-kgd56,9,114
23:07:00,100u,productcatalogservice-65bbf699df-j2fmg,114,44
23:07:00,100u,recommendationservice-7444754ff5-n8cbh,200,59
23:07:00,100u,redis-cart-c8ff86559-kcf44,8,37
23:07:00,100u,shippingservice-f956b6d9f-w7n4b,20,35
23:07:03,100u,adservice-574bff445c-qb9cj,62,270
23:07:03,100u,cartservice-7c84fdfb6-m5m6d,115,187
23:07:03,100u,checkoutservice-5b6d96c9b7-45rkr,21,38
23:07:03,100u,currencyservice-7c8fc8fc9c-4hm9g,147,124
23:07:03,100u,currencyservice-7c8fc8fc9c-5frj9,1,81
23:07:03,100u,currencyservice-7c8fc8fc9c-mgwx9,89,123
23:07:03,100u,emailservice-66944ff59-2lcjl,12,95
23:07:03,100u,frontend-7bd6f45654-przgb,105,36
23:07:03,100u,frontend-7bd6f45654-s2s7z,94,54
23:07:03,100u,frontend-7bd6f45654-vfxkp,122,36
23:07:03,100u,paymentservice-9bfb7bf5-kgd56,9,114
23:07:03,100u,productcatalogservice-65bbf699df-j2fmg,114,44
23:07:03,100u,recommendationservice-7444754ff5-n8cbh,200,59
23:07:03,100u,redis-cart-c8ff86559-kcf44,8,37
23:07:03,100u,shippingservice-f956b6d9f-w7n4b,20,35
23:07:05,100u,adservice-574bff445c-qb9cj,65,270
23:07:05,100u,cartservice-7c84fdfb6-m5m6d,114,187
23:07:05,100u,checkoutservice-5b6d96c9b7-45rkr,21,38
23:07:05,100u,currencyservice-7c8fc8fc9c-4hm9g,151,125
23:07:05,100u,currencyservice-7c8fc8fc9c-5frj9,2,81
23:07:05,100u,currencyservice-7c8fc8fc9c-mgwx9,92,122
23:07:05,100u,emailservice-66944ff59-2lcjl,12,95
23:07:05,100u,frontend-7bd6f45654-przgb,107,36
23:07:05,100u,frontend-7bd6f45654-s2s7z,95,54
23:07:05,100u,frontend-7bd6f45654-vfxkp,124,36
23:07:05,100u,paymentservice-9bfb7bf5-kgd56,8,114
23:07:05,100u,productcatalogservice-65bbf699df-j2fmg,116,44
23:07:05,100u,recommendationservice-7444754ff5-n8cbh,200,60
23:07:05,100u,redis-cart-c8ff86559-kcf44,8,37
23:07:05,100u,shippingservice-f956b6d9f-w7n4b,20,35
23:07:10,100u,adservice-574bff445c-qb9cj,65,270
23:07:10,100u,cartservice-7c84fdfb6-m5m6d,114,187
23:07:10,100u,checkoutservice-5b6d96c9b7-45rkr,21,38
23:07:10,100u,currencyservice-7c8fc8fc9c-4hm9g,151,125
23:07:10,100u,currencyservice-7c8fc8fc9c-5frj9,2,81
23:07:10,100u,currencyservice-7c8fc8fc9c-mgwx9,92,122
23:07:10,100u,emailservice-66944ff59-2lcjl,12,95
23:07:10,100u,frontend-7bd6f45654-przgb,107,36
23:07:10,100u,frontend-7bd6f45654-s2s7z,95,54
23:07:10,100u,frontend-7bd6f45654-vfxkp,124,36
23:07:10,100u,paymentservice-9bfb7bf5-kgd56,8,114
23:07:10,100u,productcatalogservice-65bbf699df-j2fmg,116,44
23:07:10,100u,recommendationservice-7444754ff5-n8cbh,200,60
23:07:10,100u,redis-cart-c8ff86559-kcf44,8,37
23:07:10,100u,shippingservice-f956b6d9f-w7n4b,20,35
23:07:13,100u,adservice-574bff445c-qb9cj,65,270
23:07:13,100u,cartservice-7c84fdfb6-m5m6d,114,187
23:07:13,100u,checkoutservice-5b6d96c9b7-45rkr,21,38
23:07:13,100u,currencyservice-7c8fc8fc9c-4hm9g,151,125
23:07:13,100u,currencyservice-7c8fc8fc9c-5frj9,2,81
23:07:13,100u,currencyservice-7c8fc8fc9c-mgwx9,92,122
23:07:13,100u,emailservice-66944ff59-2lcjl,12,95
23:07:13,100u,frontend-7bd6f45654-przgb,107,36
23:07:13,100u,frontend-7bd6f45654-s2s7z,95,54
23:07:13,100u,frontend-7bd6f45654-vfxkp,124,36
23:07:13,100u,paymentservice-9bfb7bf5-kgd56,8,114
23:07:13,100u,productcatalogservice-65bbf699df-j2fmg,116,44
23:07:13,100u,recommendationservice-7444754ff5-n8cbh,200,60
23:07:13,100u,redis-cart-c8ff86559-kcf44,8,37
23:07:13,100u,shippingservice-f956b6d9f-w7n4b,20,35
23:07:15,100u,adservice-574bff445c-qb9cj,65,270
23:07:15,100u,cartservice-7c84fdfb6-m5m6d,114,187
23:07:15,100u,checkoutservice-5b6d96c9b7-45rkr,21,38
23:07:15,100u,currencyservice-7c8fc8fc9c-4hm9g,151,125
23:07:15,100u,currencyservice-7c8fc8fc9c-5frj9,2,81
23:07:15,100u,currencyservice-7c8fc8fc9c-mgwx9,92,122
23:07:15,100u,emailservice-66944ff59-2lcjl,12,95
23:07:15,100u,frontend-7bd6f45654-przgb,107,36
23:07:15,100u,frontend-7bd6f45654-s2s7z,95,54
23:07:15,100u,frontend-7bd6f45654-vfxkp,124,36
23:07:15,100u,paymentservice-9bfb7bf5-kgd56,8,114
23:07:15,100u,productcatalogservice-65bbf699df-j2fmg,116,44
23:07:15,100u,recommendationservice-7444754ff5-n8cbh,200,60
23:07:15,100u,redis-cart-c8ff86559-kcf44,8,37
23:07:15,100u,shippingservice-f956b6d9f-w7n4b,20,35
23:07:21,100u,adservice-574bff445c-qb9cj,59,270
23:07:21,100u,cartservice-7c84fdfb6-m5m6d,101,188
23:07:21,100u,checkoutservice-5b6d96c9b7-45rkr,18,38
23:07:21,100u,currencyservice-7c8fc8fc9c-4hm9g,144,126
23:07:21,100u,currencyservice-7c8fc8fc9c-5frj9,1,81
23:07:21,100u,currencyservice-7c8fc8fc9c-mgwx9,83,123
23:07:21,100u,emailservice-66944ff59-2lcjl,11,95
23:07:21,100u,frontend-7bd6f45654-przgb,101,36
23:07:21,100u,frontend-7bd6f45654-s2s7z,92,54
23:07:21,100u,frontend-7bd6f45654-vfxkp,121,36
23:07:21,100u,paymentservice-9bfb7bf5-kgd56,8,114
23:07:21,100u,productcatalogservice-65bbf699df-j2fmg,113,44
23:07:21,100u,recommendationservice-7444754ff5-n8cbh,196,59
23:07:21,100u,redis-cart-c8ff86559-kcf44,8,37
23:07:21,100u,shippingservice-f956b6d9f-w7n4b,19,35
23:07:23,100u,adservice-574bff445c-qb9cj,59,270
23:07:23,100u,cartservice-7c84fdfb6-m5m6d,101,188
23:07:23,100u,checkoutservice-5b6d96c9b7-45rkr,18,38
23:07:23,100u,currencyservice-7c8fc8fc9c-4hm9g,144,126
23:07:23,100u,currencyservice-7c8fc8fc9c-5frj9,1,81
23:07:23,100u,currencyservice-7c8fc8fc9c-mgwx9,83,123
23:07:23,100u,emailservice-66944ff59-2lcjl,11,95
23:07:23,100u,frontend-7bd6f45654-przgb,101,36
23:07:23,100u,frontend-7bd6f45654-s2s7z,92,54
23:07:23,100u,frontend-7bd6f45654-vfxkp,121,36
23:07:23,100u,paymentservice-9bfb7bf5-kgd56,8,114
23:07:23,100u,productcatalogservice-65bbf699df-j2fmg,113,44
23:07:23,100u,recommendationservice-7444754ff5-n8cbh,196,59
23:07:23,100u,redis-cart-c8ff86559-kcf44,8,37
23:07:23,100u,shippingservice-f956b6d9f-w7n4b,19,35
23:07:25,100u,adservice-574bff445c-qb9cj,59,270
23:07:25,100u,cartservice-7c84fdfb6-m5m6d,101,188
23:07:25,100u,checkoutservice-5b6d96c9b7-45rkr,18,38
23:07:25,100u,currencyservice-7c8fc8fc9c-4hm9g,144,126
23:07:25,100u,currencyservice-7c8fc8fc9c-5frj9,1,81
23:07:25,100u,currencyservice-7c8fc8fc9c-mgwx9,83,123
23:07:25,100u,emailservice-66944ff59-2lcjl,11,95
23:07:25,100u,frontend-7bd6f45654-przgb,101,36
23:07:25,100u,frontend-7bd6f45654-s2s7z,92,54
23:07:25,100u,frontend-7bd6f45654-vfxkp,121,36
23:07:25,100u,paymentservice-9bfb7bf5-kgd56,8,114
23:07:25,100u,productcatalogservice-65bbf699df-j2fmg,113,44
23:07:25,100u,recommendationservice-7444754ff5-n8cbh,196,59
23:07:25,100u,redis-cart-c8ff86559-kcf44,8,37
23:07:25,100u,shippingservice-f956b6d9f-w7n4b,19,35
23:07:31,100u,adservice-574bff445c-qb9cj,59,270
23:07:31,100u,cartservice-7c84fdfb6-m5m6d,101,188
23:07:31,100u,checkoutservice-5b6d96c9b7-45rkr,18,38
23:07:31,100u,currencyservice-7c8fc8fc9c-4hm9g,144,126
23:07:31,100u,currencyservice-7c8fc8fc9c-5frj9,1,81
23:07:31,100u,currencyservice-7c8fc8fc9c-mgwx9,83,123
23:07:31,100u,emailservice-66944ff59-2lcjl,11,95
23:07:31,100u,frontend-7bd6f45654-przgb,101,36
23:07:31,100u,frontend-7bd6f45654-s2s7z,92,54
23:07:31,100u,frontend-7bd6f45654-vfxkp,121,36
23:07:31,100u,paymentservice-9bfb7bf5-kgd56,8,114
23:07:31,100u,productcatalogservice-65bbf699df-j2fmg,113,44
23:07:31,100u,recommendationservice-7444754ff5-n8cbh,196,59
23:07:31,100u,redis-cart-c8ff86559-kcf44,8,37
23:07:31,100u,shippingservice-f956b6d9f-w7n4b,19,35
23:07:33,100u,adservice-574bff445c-qb9cj,59,270
23:07:33,100u,cartservice-7c84fdfb6-m5m6d,101,188
23:07:33,100u,checkoutservice-5b6d96c9b7-45rkr,18,38
23:07:33,100u,currencyservice-7c8fc8fc9c-4hm9g,144,126
23:07:33,100u,currencyservice-7c8fc8fc9c-5frj9,1,81
23:07:33,100u,currencyservice-7c8fc8fc9c-mgwx9,83,123
23:07:33,100u,emailservice-66944ff59-2lcjl,11,95
23:07:33,100u,frontend-7bd6f45654-przgb,101,36
23:07:33,100u,frontend-7bd6f45654-s2s7z,92,54
23:07:33,100u,frontend-7bd6f45654-vfxkp,121,36
23:07:33,100u,paymentservice-9bfb7bf5-kgd56,8,114
23:07:33,100u,productcatalogservice-65bbf699df-j2fmg,113,44
23:07:33,100u,recommendationservice-7444754ff5-n8cbh,196,59
23:07:33,100u,redis-cart-c8ff86559-kcf44,8,37
23:07:33,100u,shippingservice-f956b6d9f-w7n4b,19,35
23:07:36,100u,adservice-574bff445c-qb9cj,16,270
23:07:36,100u,cartservice-7c84fdfb6-m5m6d,25,188
23:07:36,100u,checkoutservice-5b6d96c9b7-45rkr,6,38
23:07:36,100u,currencyservice-7c8fc8fc9c-4hm9g,33,125
23:07:36,100u,currencyservice-7c8fc8fc9c-5frj9,2,81
23:07:36,100u,currencyservice-7c8fc8fc9c-mgwx9,18,123
23:07:36,100u,emailservice-66944ff59-2lcjl,7,95
23:07:36,100u,frontend-7bd6f45654-przgb,23,36
23:07:36,100u,frontend-7bd6f45654-s2s7z,19,54
23:07:36,100u,frontend-7bd6f45654-vfxkp,26,36
23:07:36,100u,paymentservice-9bfb7bf5-kgd56,4,114
23:07:36,100u,productcatalogservice-65bbf699df-j2fmg,24,44
23:07:36,100u,recommendationservice-7444754ff5-n8cbh,44,58
23:07:36,100u,redis-cart-c8ff86559-kcf44,5,37
23:07:36,100u,shippingservice-f956b6d9f-w7n4b,5,35
23:07:41,100u,adservice-574bff445c-qb9cj,16,270
23:07:41,100u,cartservice-7c84fdfb6-m5m6d,25,188
23:07:41,100u,checkoutservice-5b6d96c9b7-45rkr,6,38
23:07:41,100u,currencyservice-7c8fc8fc9c-4hm9g,33,125
23:07:41,100u,currencyservice-7c8fc8fc9c-5frj9,2,81
23:07:41,100u,currencyservice-7c8fc8fc9c-mgwx9,18,123
23:07:41,100u,emailservice-66944ff59-2lcjl,7,95
23:07:41,100u,frontend-7bd6f45654-przgb,23,36
23:07:41,100u,frontend-7bd6f45654-s2s7z,19,54
23:07:41,100u,frontend-7bd6f45654-vfxkp,26,36
23:07:41,100u,paymentservice-9bfb7bf5-kgd56,4,114
23:07:41,100u,productcatalogservice-65bbf699df-j2fmg,24,44
23:07:41,100u,recommendationservice-7444754ff5-n8cbh,44,58
23:07:41,100u,redis-cart-c8ff86559-kcf44,5,37
23:07:41,100u,shippingservice-f956b6d9f-w7n4b,5,35
23:07:43,100u,adservice-574bff445c-qb9cj,16,270
23:07:43,100u,cartservice-7c84fdfb6-m5m6d,25,188
23:07:43,100u,checkoutservice-5b6d96c9b7-45rkr,6,38
23:07:43,100u,currencyservice-7c8fc8fc9c-4hm9g,33,125
23:07:43,100u,currencyservice-7c8fc8fc9c-5frj9,2,81
23:07:43,100u,currencyservice-7c8fc8fc9c-mgwx9,18,123
23:07:43,100u,emailservice-66944ff59-2lcjl,7,95
23:07:43,100u,frontend-7bd6f45654-przgb,23,36
23:07:43,100u,frontend-7bd6f45654-s2s7z,19,54
23:07:43,100u,frontend-7bd6f45654-vfxkp,26,36
23:07:43,100u,paymentservice-9bfb7bf5-kgd56,4,114
23:07:43,100u,productcatalogservice-65bbf699df-j2fmg,24,44
23:07:43,100u,recommendationservice-7444754ff5-n8cbh,44,58
23:07:43,100u,redis-cart-c8ff86559-kcf44,5,37
23:07:43,100u,shippingservice-f956b6d9f-w7n4b,5,35
23:07:46,100u,adservice-574bff445c-qb9cj,16,270
23:07:46,100u,cartservice-7c84fdfb6-m5m6d,25,188
23:07:46,100u,checkoutservice-5b6d96c9b7-45rkr,6,38
23:07:46,100u,currencyservice-7c8fc8fc9c-4hm9g,33,125
23:07:46,100u,currencyservice-7c8fc8fc9c-5frj9,2,81
23:07:46,100u,currencyservice-7c8fc8fc9c-mgwx9,18,123
23:07:46,100u,emailservice-66944ff59-2lcjl,7,95
23:07:46,100u,frontend-7bd6f45654-przgb,23,36
23:07:46,100u,frontend-7bd6f45654-s2s7z,19,54
23:07:46,100u,frontend-7bd6f45654-vfxkp,26,36
23:07:46,100u,paymentservice-9bfb7bf5-kgd56,4,114
23:07:46,100u,productcatalogservice-65bbf699df-j2fmg,24,44
23:07:46,100u,recommendationservice-7444754ff5-n8cbh,44,58
23:07:46,100u,redis-cart-c8ff86559-kcf44,5,37
23:07:46,100u,shippingservice-f956b6d9f-w7n4b,5,35
23:07:51,100u,adservice-574bff445c-qb9cj,3,270
23:07:51,100u,cartservice-7c84fdfb6-m5m6d,2,188
23:07:51,100u,checkoutservice-5b6d96c9b7-45rkr,1,38
23:07:51,100u,currencyservice-7c8fc8fc9c-4hm9g,2,125
23:07:51,100u,currencyservice-7c8fc8fc9c-5frj9,4,82
23:07:51,100u,currencyservice-7c8fc8fc9c-mgwx9,3,123
23:07:51,100u,emailservice-66944ff59-2lcjl,5,95
23:07:51,100u,frontend-7bd6f45654-przgb,1,36
23:07:51,100u,frontend-7bd6f45654-s2s7z,1,54
23:07:51,100u,frontend-7bd6f45654-vfxkp,1,36
23:07:51,100u,paymentservice-9bfb7bf5-kgd56,2,114
23:07:51,100u,productcatalogservice-65bbf699df-j2fmg,1,44
23:07:51,100u,recommendationservice-7444754ff5-n8cbh,4,58
23:07:51,100u,redis-cart-c8ff86559-kcf44,3,37
23:07:51,100u,shippingservice-f956b6d9f-w7n4b,1,35
23:07:53,100u,adservice-574bff445c-qb9cj,3,270
23:07:53,100u,cartservice-7c84fdfb6-m5m6d,2,188
23:07:53,100u,checkoutservice-5b6d96c9b7-45rkr,1,38
23:07:53,100u,currencyservice-7c8fc8fc9c-4hm9g,2,125
23:07:53,100u,currencyservice-7c8fc8fc9c-5frj9,4,82
23:07:53,100u,currencyservice-7c8fc8fc9c-mgwx9,3,123
23:07:53,100u,emailservice-66944ff59-2lcjl,5,95
23:07:53,100u,frontend-7bd6f45654-przgb,1,36
23:07:53,100u,frontend-7bd6f45654-s2s7z,1,54
23:07:53,100u,frontend-7bd6f45654-vfxkp,1,36
23:07:53,100u,paymentservice-9bfb7bf5-kgd56,2,114
23:07:53,100u,productcatalogservice-65bbf699df-j2fmg,1,44
23:07:53,100u,recommendationservice-7444754ff5-n8cbh,4,58
23:07:53,100u,redis-cart-c8ff86559-kcf44,3,37
23:07:53,100u,shippingservice-f956b6d9f-w7n4b,1,35
23:07:56,100u,adservice-574bff445c-qb9cj,3,270
23:07:56,100u,cartservice-7c84fdfb6-m5m6d,2,188
23:07:56,100u,checkoutservice-5b6d96c9b7-45rkr,1,38
23:07:56,100u,currencyservice-7c8fc8fc9c-4hm9g,2,125
23:07:56,100u,currencyservice-7c8fc8fc9c-5frj9,4,82
23:07:56,100u,currencyservice-7c8fc8fc9c-mgwx9,3,123
23:07:56,100u,emailservice-66944ff59-2lcjl,5,95
23:07:56,100u,frontend-7bd6f45654-przgb,1,36
23:07:56,100u,frontend-7bd6f45654-s2s7z,1,54
23:07:56,100u,frontend-7bd6f45654-vfxkp,1,36
23:07:56,100u,paymentservice-9bfb7bf5-kgd56,2,114
23:07:56,100u,productcatalogservice-65bbf699df-j2fmg,1,44
23:07:56,100u,recommendationservice-7444754ff5-n8cbh,4,58
23:07:56,100u,redis-cart-c8ff86559-kcf44,3,37
23:07:56,100u,shippingservice-f956b6d9f-w7n4b,1,35
23:08:01,100u,adservice-574bff445c-qb9cj,3,270
23:08:01,100u,cartservice-7c84fdfb6-m5m6d,2,188
23:08:01,100u,checkoutservice-5b6d96c9b7-45rkr,1,38
23:08:01,100u,currencyservice-7c8fc8fc9c-4hm9g,2,125
23:08:01,100u,currencyservice-7c8fc8fc9c-5frj9,4,82
23:08:01,100u,currencyservice-7c8fc8fc9c-mgwx9,3,123
23:08:01,100u,emailservice-66944ff59-2lcjl,5,95
23:08:01,100u,frontend-7bd6f45654-przgb,1,36
23:08:01,100u,frontend-7bd6f45654-s2s7z,1,54
23:08:01,100u,frontend-7bd6f45654-vfxkp,1,36
23:08:01,100u,paymentservice-9bfb7bf5-kgd56,2,114
23:08:01,100u,productcatalogservice-65bbf699df-j2fmg,1,44
23:08:01,100u,recommendationservice-7444754ff5-n8cbh,4,58
23:08:01,100u,redis-cart-c8ff86559-kcf44,3,37
23:08:01,100u,shippingservice-f956b6d9f-w7n4b,1,35
23:08:03,100u,adservice-574bff445c-qb9cj,3,270
23:08:03,100u,cartservice-7c84fdfb6-m5m6d,2,188
23:08:03,100u,checkoutservice-5b6d96c9b7-45rkr,1,38
23:08:03,100u,currencyservice-7c8fc8fc9c-4hm9g,2,125
23:08:03,100u,currencyservice-7c8fc8fc9c-5frj9,4,82
23:08:03,100u,currencyservice-7c8fc8fc9c-mgwx9,3,123
23:08:03,100u,emailservice-66944ff59-2lcjl,5,95
23:08:03,100u,frontend-7bd6f45654-przgb,1,36
23:08:03,100u,frontend-7bd6f45654-s2s7z,1,54
23:08:03,100u,frontend-7bd6f45654-vfxkp,1,36
23:08:03,100u,paymentservice-9bfb7bf5-kgd56,2,114
23:08:03,100u,productcatalogservice-65bbf699df-j2fmg,1,44
23:08:03,100u,recommendationservice-7444754ff5-n8cbh,4,58
23:08:03,100u,redis-cart-c8ff86559-kcf44,3,37
23:08:03,100u,shippingservice-f956b6d9f-w7n4b,1,35
23:08:06,100u,adservice-574bff445c-qb9cj,6,270
23:08:06,100u,cartservice-7c84fdfb6-m5m6d,3,188
23:08:06,100u,checkoutservice-5b6d96c9b7-45rkr,1,39
23:08:06,100u,currencyservice-7c8fc8fc9c-4hm9g,3,125
23:08:06,100u,currencyservice-7c8fc8fc9c-5frj9,2,82
23:08:06,100u,currencyservice-7c8fc8fc9c-mgwx9,2,123
23:08:06,100u,emailservice-66944ff59-2lcjl,5,95
23:08:06,100u,frontend-7bd6f45654-przgb,1,36
23:08:06,100u,frontend-7bd6f45654-s2s7z,1,54
23:08:06,100u,frontend-7bd6f45654-vfxkp,1,36
23:08:06,100u,paymentservice-9bfb7bf5-kgd56,2,114
23:08:06,100u,productcatalogservice-65bbf699df-j2fmg,2,44
23:08:06,100u,recommendationservice-7444754ff5-n8cbh,5,58
23:08:06,100u,redis-cart-c8ff86559-kcf44,3,37
23:08:06,100u,shippingservice-f956b6d9f-w7n4b,1,35
23:08:11,100u,adservice-574bff445c-qb9cj,6,270
23:08:11,100u,cartservice-7c84fdfb6-m5m6d,3,188
23:08:11,100u,checkoutservice-5b6d96c9b7-45rkr,1,39
23:08:11,100u,currencyservice-7c8fc8fc9c-4hm9g,3,125
23:08:11,100u,currencyservice-7c8fc8fc9c-5frj9,2,82
23:08:11,100u,currencyservice-7c8fc8fc9c-mgwx9,2,123
23:08:11,100u,emailservice-66944ff59-2lcjl,5,95
23:08:11,100u,frontend-7bd6f45654-przgb,1,36
23:08:11,100u,frontend-7bd6f45654-s2s7z,1,54
23:08:11,100u,frontend-7bd6f45654-vfxkp,1,36
23:08:11,100u,paymentservice-9bfb7bf5-kgd56,2,114
23:08:11,100u,productcatalogservice-65bbf699df-j2fmg,2,44
23:08:11,100u,recommendationservice-7444754ff5-n8cbh,5,58
23:08:11,100u,redis-cart-c8ff86559-kcf44,3,37
23:08:11,100u,shippingservice-f956b6d9f-w7n4b,1,35
23:08:13,100u,adservice-574bff445c-qb9cj,6,270
23:08:13,100u,cartservice-7c84fdfb6-m5m6d,3,188
23:08:13,100u,checkoutservice-5b6d96c9b7-45rkr,1,39
23:08:13,100u,currencyservice-7c8fc8fc9c-4hm9g,3,125
23:08:13,100u,currencyservice-7c8fc8fc9c-5frj9,2,82
23:08:13,100u,currencyservice-7c8fc8fc9c-mgwx9,2,123
23:08:13,100u,emailservice-66944ff59-2lcjl,5,95
23:08:13,100u,frontend-7bd6f45654-przgb,1,36
23:08:13,100u,frontend-7bd6f45654-s2s7z,1,54
23:08:13,100u,frontend-7bd6f45654-vfxkp,1,36
23:08:13,100u,paymentservice-9bfb7bf5-kgd56,2,114
23:08:13,100u,productcatalogservice-65bbf699df-j2fmg,2,44
23:08:13,100u,recommendationservice-7444754ff5-n8cbh,5,58
23:08:13,100u,redis-cart-c8ff86559-kcf44,3,37
23:08:13,100u,shippingservice-f956b6d9f-w7n4b,1,35
23:08:16,100u,adservice-574bff445c-qb9cj,6,270
23:08:16,100u,cartservice-7c84fdfb6-m5m6d,3,188
23:08:16,100u,checkoutservice-5b6d96c9b7-45rkr,1,39
23:08:16,100u,currencyservice-7c8fc8fc9c-4hm9g,3,125
23:08:16,100u,currencyservice-7c8fc8fc9c-5frj9,2,82
23:08:16,100u,currencyservice-7c8fc8fc9c-mgwx9,2,123
23:08:16,100u,emailservice-66944ff59-2lcjl,5,95
23:08:16,100u,frontend-7bd6f45654-przgb,1,36
23:08:16,100u,frontend-7bd6f45654-s2s7z,1,54
23:08:16,100u,frontend-7bd6f45654-vfxkp,1,36
23:08:16,100u,paymentservice-9bfb7bf5-kgd56,2,114
23:08:16,100u,productcatalogservice-65bbf699df-j2fmg,2,44
23:08:16,100u,recommendationservice-7444754ff5-n8cbh,5,58
23:08:16,100u,redis-cart-c8ff86559-kcf44,3,37
23:08:16,100u,shippingservice-f956b6d9f-w7n4b,1,35
23:08:21,100u,adservice-574bff445c-qb9cj,6,270
23:08:21,100u,cartservice-7c84fdfb6-m5m6d,3,188
23:08:21,100u,checkoutservice-5b6d96c9b7-45rkr,1,39
23:08:21,100u,currencyservice-7c8fc8fc9c-4hm9g,2,125
23:08:21,100u,currencyservice-7c8fc8fc9c-5frj9,3,82
23:08:21,100u,currencyservice-7c8fc8fc9c-mgwx9,2,123
23:08:21,100u,emailservice-66944ff59-2lcjl,5,95
23:08:21,100u,frontend-7bd6f45654-przgb,1,36
23:08:21,100u,frontend-7bd6f45654-s2s7z,1,54
23:08:21,100u,frontend-7bd6f45654-vfxkp,1,36
23:08:21,100u,paymentservice-9bfb7bf5-kgd56,2,114
23:08:21,100u,productcatalogservice-65bbf699df-j2fmg,1,44
23:08:21,100u,recommendationservice-7444754ff5-n8cbh,4,58
23:08:21,100u,redis-cart-c8ff86559-kcf44,3,37
23:08:21,100u,shippingservice-f956b6d9f-w7n4b,2,35
23:08:23,200u,adservice-574bff445c-qb9cj,6,270
23:08:23,200u,cartservice-7c84fdfb6-m5m6d,3,188
23:08:23,200u,checkoutservice-5b6d96c9b7-45rkr,1,39
23:08:23,200u,currencyservice-7c8fc8fc9c-4hm9g,2,125
23:08:23,200u,currencyservice-7c8fc8fc9c-5frj9,3,82
23:08:23,200u,currencyservice-7c8fc8fc9c-mgwx9,2,123
23:08:23,200u,emailservice-66944ff59-2lcjl,5,95
23:08:23,200u,frontend-7bd6f45654-przgb,1,36
23:08:23,200u,frontend-7bd6f45654-s2s7z,1,54
23:08:23,200u,frontend-7bd6f45654-vfxkp,1,36
23:08:23,200u,paymentservice-9bfb7bf5-kgd56,2,114
23:08:23,200u,productcatalogservice-65bbf699df-j2fmg,1,44
23:08:23,200u,recommendationservice-7444754ff5-n8cbh,4,58
23:08:23,200u,redis-cart-c8ff86559-kcf44,3,37
23:08:23,200u,shippingservice-f956b6d9f-w7n4b,2,35
23:08:26,200u,adservice-574bff445c-qb9cj,6,270
23:08:26,200u,cartservice-7c84fdfb6-m5m6d,3,188
23:08:26,200u,checkoutservice-5b6d96c9b7-45rkr,1,39
23:08:26,200u,currencyservice-7c8fc8fc9c-4hm9g,2,125
23:08:26,200u,currencyservice-7c8fc8fc9c-5frj9,3,82
23:08:26,200u,currencyservice-7c8fc8fc9c-mgwx9,2,123
23:08:26,200u,emailservice-66944ff59-2lcjl,5,95
23:08:26,200u,frontend-7bd6f45654-przgb,1,36
23:08:26,200u,frontend-7bd6f45654-s2s7z,1,54
23:08:26,200u,frontend-7bd6f45654-vfxkp,1,36
23:08:26,200u,paymentservice-9bfb7bf5-kgd56,2,114
23:08:26,200u,productcatalogservice-65bbf699df-j2fmg,1,44
23:08:26,200u,recommendationservice-7444754ff5-n8cbh,4,58
23:08:26,200u,redis-cart-c8ff86559-kcf44,3,37
23:08:26,200u,shippingservice-f956b6d9f-w7n4b,2,35
23:08:31,200u,adservice-574bff445c-qb9cj,6,270
23:08:31,200u,cartservice-7c84fdfb6-m5m6d,3,188
23:08:31,200u,checkoutservice-5b6d96c9b7-45rkr,1,39
23:08:31,200u,currencyservice-7c8fc8fc9c-4hm9g,2,125
23:08:31,200u,currencyservice-7c8fc8fc9c-5frj9,3,82
23:08:31,200u,currencyservice-7c8fc8fc9c-mgwx9,2,123
23:08:31,200u,emailservice-66944ff59-2lcjl,5,95
23:08:31,200u,frontend-7bd6f45654-przgb,1,36
23:08:31,200u,frontend-7bd6f45654-s2s7z,1,54
23:08:31,200u,frontend-7bd6f45654-vfxkp,1,36
23:08:31,200u,paymentservice-9bfb7bf5-kgd56,2,114
23:08:31,200u,productcatalogservice-65bbf699df-j2fmg,1,44
23:08:31,200u,recommendationservice-7444754ff5-n8cbh,4,58
23:08:31,200u,redis-cart-c8ff86559-kcf44,3,37
23:08:31,200u,shippingservice-f956b6d9f-w7n4b,2,35
23:08:34,200u,adservice-574bff445c-qb9cj,6,270
23:08:34,200u,cartservice-7c84fdfb6-m5m6d,3,188
23:08:34,200u,checkoutservice-5b6d96c9b7-45rkr,1,39
23:08:34,200u,currencyservice-7c8fc8fc9c-4hm9g,2,125
23:08:34,200u,currencyservice-7c8fc8fc9c-5frj9,3,82
23:08:34,200u,currencyservice-7c8fc8fc9c-mgwx9,2,123
23:08:34,200u,emailservice-66944ff59-2lcjl,5,95
23:08:34,200u,frontend-7bd6f45654-przgb,1,36
23:08:34,200u,frontend-7bd6f45654-s2s7z,1,54
23:08:34,200u,frontend-7bd6f45654-vfxkp,1,36
23:08:34,200u,paymentservice-9bfb7bf5-kgd56,2,114
23:08:34,200u,productcatalogservice-65bbf699df-j2fmg,1,44
23:08:34,200u,recommendationservice-7444754ff5-n8cbh,4,58
23:08:34,200u,redis-cart-c8ff86559-kcf44,3,37
23:08:34,200u,shippingservice-f956b6d9f-w7n4b,2,35
23:08:36,200u,adservice-574bff445c-qb9cj,19,269
23:08:36,200u,cartservice-7c84fdfb6-m5m6d,32,188
23:08:36,200u,checkoutservice-5b6d96c9b7-45rkr,7,38
23:08:36,200u,currencyservice-7c8fc8fc9c-4hm9g,53,125
23:08:36,200u,currencyservice-7c8fc8fc9c-5frj9,2,82
23:08:36,200u,currencyservice-7c8fc8fc9c-mgwx9,18,123
23:08:36,200u,emailservice-66944ff59-2lcjl,6,95
23:08:36,200u,frontend-7bd6f45654-przgb,49,35
23:08:36,200u,frontend-7bd6f45654-s2s7z,14,52
23:08:36,200u,frontend-7bd6f45654-vfxkp,31,35
23:08:36,200u,paymentservice-9bfb7bf5-kgd56,4,114
23:08:36,200u,productcatalogservice-65bbf699df-j2fmg,35,44
23:08:36,200u,recommendationservice-7444754ff5-n8cbh,57,58
23:08:36,200u,redis-cart-c8ff86559-kcf44,5,37
23:08:36,200u,shippingservice-f956b6d9f-w7n4b,6,35
23:08:41,200u,adservice-574bff445c-qb9cj,19,269
23:08:41,200u,cartservice-7c84fdfb6-m5m6d,32,188
23:08:41,200u,checkoutservice-5b6d96c9b7-45rkr,7,38
23:08:41,200u,currencyservice-7c8fc8fc9c-4hm9g,53,125
23:08:41,200u,currencyservice-7c8fc8fc9c-5frj9,2,82
23:08:41,200u,currencyservice-7c8fc8fc9c-mgwx9,18,123
23:08:41,200u,emailservice-66944ff59-2lcjl,6,95
23:08:41,200u,frontend-7bd6f45654-przgb,49,35
23:08:41,200u,frontend-7bd6f45654-s2s7z,14,52
23:08:41,200u,frontend-7bd6f45654-vfxkp,31,35
23:08:41,200u,paymentservice-9bfb7bf5-kgd56,4,114
23:08:41,200u,productcatalogservice-65bbf699df-j2fmg,35,44
23:08:41,200u,recommendationservice-7444754ff5-n8cbh,57,58
23:08:41,200u,redis-cart-c8ff86559-kcf44,5,37
23:08:41,200u,shippingservice-f956b6d9f-w7n4b,6,35
23:08:44,200u,adservice-574bff445c-qb9cj,19,269
23:08:44,200u,cartservice-7c84fdfb6-m5m6d,32,188
23:08:44,200u,checkoutservice-5b6d96c9b7-45rkr,7,38
23:08:44,200u,currencyservice-7c8fc8fc9c-4hm9g,53,125
23:08:44,200u,currencyservice-7c8fc8fc9c-5frj9,2,82
23:08:44,200u,currencyservice-7c8fc8fc9c-mgwx9,18,123
23:08:44,200u,emailservice-66944ff59-2lcjl,6,95
23:08:44,200u,frontend-7bd6f45654-przgb,49,35
23:08:44,200u,frontend-7bd6f45654-s2s7z,14,52
23:08:44,200u,frontend-7bd6f45654-vfxkp,31,35
23:08:44,200u,paymentservice-9bfb7bf5-kgd56,4,114
23:08:44,200u,productcatalogservice-65bbf699df-j2fmg,35,44
23:08:44,200u,recommendationservice-7444754ff5-n8cbh,57,58
23:08:44,200u,redis-cart-c8ff86559-kcf44,5,37
23:08:44,200u,shippingservice-f956b6d9f-w7n4b,6,35
23:08:46,200u,adservice-574bff445c-qb9cj,19,269
23:08:46,200u,cartservice-7c84fdfb6-m5m6d,32,188
23:08:46,200u,checkoutservice-5b6d96c9b7-45rkr,7,38
23:08:46,200u,currencyservice-7c8fc8fc9c-4hm9g,53,125
23:08:46,200u,currencyservice-7c8fc8fc9c-5frj9,2,82
23:08:46,200u,currencyservice-7c8fc8fc9c-mgwx9,18,123
23:08:46,200u,emailservice-66944ff59-2lcjl,6,95
23:08:46,200u,frontend-7bd6f45654-przgb,49,35
23:08:46,200u,frontend-7bd6f45654-s2s7z,14,52
23:08:46,200u,frontend-7bd6f45654-vfxkp,31,35
23:08:46,200u,paymentservice-9bfb7bf5-kgd56,4,114
23:08:46,200u,productcatalogservice-65bbf699df-j2fmg,35,44
23:08:46,200u,recommendationservice-7444754ff5-n8cbh,57,58
23:08:46,200u,redis-cart-c8ff86559-kcf44,5,37
23:08:46,200u,shippingservice-f956b6d9f-w7n4b,6,35
23:08:52,200u,adservice-574bff445c-qb9cj,50,269
23:08:52,200u,cartservice-7c84fdfb6-m5m6d,96,188
23:08:52,200u,checkoutservice-5b6d96c9b7-45rkr,20,39
23:08:52,200u,currencyservice-7c8fc8fc9c-4hm9g,137,124
23:08:52,200u,currencyservice-7c8fc8fc9c-5frj9,1,82
23:08:52,200u,currencyservice-7c8fc8fc9c-mgwx9,60,122
23:08:52,200u,emailservice-66944ff59-2lcjl,12,95
23:08:52,200u,frontend-7bd6f45654-przgb,121,36
23:08:52,200u,frontend-7bd6f45654-s2s7z,59,53
23:08:52,200u,frontend-7bd6f45654-vfxkp,96,35
23:08:52,200u,paymentservice-9bfb7bf5-kgd56,9,114
23:08:52,200u,productcatalogservice-65bbf699df-j2fmg,100,44
23:08:52,200u,recommendationservice-7444754ff5-n8cbh,171,59
23:08:52,200u,redis-cart-c8ff86559-kcf44,8,37
23:08:52,200u,shippingservice-f956b6d9f-w7n4b,19,35
23:08:54,200u,adservice-574bff445c-qb9cj,50,269
23:08:54,200u,cartservice-7c84fdfb6-m5m6d,96,188
23:08:54,200u,checkoutservice-5b6d96c9b7-45rkr,20,39
23:08:54,200u,currencyservice-7c8fc8fc9c-4hm9g,137,124
23:08:54,200u,currencyservice-7c8fc8fc9c-5frj9,1,82
23:08:54,200u,currencyservice-7c8fc8fc9c-mgwx9,60,122
23:08:54,200u,emailservice-66944ff59-2lcjl,12,95
23:08:54,200u,frontend-7bd6f45654-przgb,121,36
23:08:54,200u,frontend-7bd6f45654-s2s7z,59,53
23:08:54,200u,frontend-7bd6f45654-vfxkp,96,35
23:08:54,200u,paymentservice-9bfb7bf5-kgd56,9,114
23:08:54,200u,productcatalogservice-65bbf699df-j2fmg,100,44
23:08:54,200u,recommendationservice-7444754ff5-n8cbh,171,59
23:08:54,200u,redis-cart-c8ff86559-kcf44,8,37
23:08:54,200u,shippingservice-f956b6d9f-w7n4b,19,35
23:08:56,200u,adservice-574bff445c-qb9cj,50,269
23:08:56,200u,cartservice-7c84fdfb6-m5m6d,96,188
23:08:56,200u,checkoutservice-5b6d96c9b7-45rkr,20,39
23:08:56,200u,currencyservice-7c8fc8fc9c-4hm9g,137,124
23:08:56,200u,currencyservice-7c8fc8fc9c-5frj9,1,82
23:08:56,200u,currencyservice-7c8fc8fc9c-mgwx9,60,122
23:08:56,200u,emailservice-66944ff59-2lcjl,12,95
23:08:56,200u,frontend-7bd6f45654-przgb,121,36
23:08:56,200u,frontend-7bd6f45654-s2s7z,59,53
23:08:56,200u,frontend-7bd6f45654-vfxkp,96,35
23:08:56,200u,paymentservice-9bfb7bf5-kgd56,9,114
23:08:56,200u,productcatalogservice-65bbf699df-j2fmg,100,44
23:08:56,200u,recommendationservice-7444754ff5-n8cbh,171,59
23:08:56,200u,redis-cart-c8ff86559-kcf44,8,37
23:08:56,200u,shippingservice-f956b6d9f-w7n4b,19,35
23:09:02,200u,adservice-574bff445c-qb9cj,50,269
23:09:02,200u,cartservice-7c84fdfb6-m5m6d,96,188
23:09:02,200u,checkoutservice-5b6d96c9b7-45rkr,20,39
23:09:02,200u,currencyservice-7c8fc8fc9c-4hm9g,137,124
23:09:02,200u,currencyservice-7c8fc8fc9c-5frj9,1,82
23:09:02,200u,currencyservice-7c8fc8fc9c-mgwx9,60,122
23:09:02,200u,emailservice-66944ff59-2lcjl,12,95
23:09:02,200u,frontend-7bd6f45654-przgb,121,36
23:09:02,200u,frontend-7bd6f45654-s2s7z,59,53
23:09:02,200u,frontend-7bd6f45654-vfxkp,96,35
23:09:02,200u,paymentservice-9bfb7bf5-kgd56,9,114
23:09:02,200u,productcatalogservice-65bbf699df-j2fmg,100,44
23:09:02,200u,recommendationservice-7444754ff5-n8cbh,171,59
23:09:02,200u,redis-cart-c8ff86559-kcf44,8,37
23:09:02,200u,shippingservice-f956b6d9f-w7n4b,19,35
23:09:04,200u,adservice-574bff445c-qb9cj,50,269
23:09:04,200u,cartservice-7c84fdfb6-m5m6d,96,188
23:09:04,200u,checkoutservice-5b6d96c9b7-45rkr,20,39
23:09:04,200u,currencyservice-7c8fc8fc9c-4hm9g,137,124
23:09:04,200u,currencyservice-7c8fc8fc9c-5frj9,1,82
23:09:04,200u,currencyservice-7c8fc8fc9c-mgwx9,60,122
23:09:04,200u,emailservice-66944ff59-2lcjl,12,95
23:09:04,200u,frontend-7bd6f45654-przgb,121,36
23:09:04,200u,frontend-7bd6f45654-s2s7z,59,53
23:09:04,200u,frontend-7bd6f45654-vfxkp,96,35
23:09:04,200u,paymentservice-9bfb7bf5-kgd56,9,114
23:09:04,200u,productcatalogservice-65bbf699df-j2fmg,100,44
23:09:04,200u,recommendationservice-7444754ff5-n8cbh,171,59
23:09:04,200u,redis-cart-c8ff86559-kcf44,8,37
23:09:04,200u,shippingservice-f956b6d9f-w7n4b,19,35
23:09:06,200u,adservice-574bff445c-qb9cj,27,269
23:09:06,200u,cartservice-7c84fdfb6-m5m6d,55,188
23:09:06,200u,checkoutservice-5b6d96c9b7-45rkr,10,39
23:09:06,200u,currencyservice-7c8fc8fc9c-4hm9g,67,124
23:09:06,200u,currencyservice-7c8fc8fc9c-5frj9,2,82
23:09:06,200u,currencyservice-7c8fc8fc9c-mgwx9,52,123
23:09:06,200u,emailservice-66944ff59-2lcjl,8,95
23:09:06,200u,frontend-7bd6f45654-przgb,54,34
23:09:06,200u,frontend-7bd6f45654-s2s7z,56,53
23:09:06,200u,frontend-7bd6f45654-vfxkp,46,35
23:09:06,200u,paymentservice-9bfb7bf5-kgd56,5,115
23:09:06,200u,productcatalogservice-65bbf699df-j2fmg,56,44
23:09:06,200u,recommendationservice-7444754ff5-n8cbh,97,58
23:09:06,200u,redis-cart-c8ff86559-kcf44,5,38
23:09:06,200u,shippingservice-f956b6d9f-w7n4b,11,35
23:09:12,200u,adservice-574bff445c-qb9cj,27,269
23:09:12,200u,cartservice-7c84fdfb6-m5m6d,55,188
23:09:12,200u,checkoutservice-5b6d96c9b7-45rkr,10,39
23:09:12,200u,currencyservice-7c8fc8fc9c-4hm9g,67,124
23:09:12,200u,currencyservice-7c8fc8fc9c-5frj9,2,82
23:09:12,200u,currencyservice-7c8fc8fc9c-mgwx9,52,123
23:09:12,200u,emailservice-66944ff59-2lcjl,8,95
23:09:12,200u,frontend-7bd6f45654-przgb,54,34
23:09:12,200u,frontend-7bd6f45654-s2s7z,56,53
23:09:12,200u,frontend-7bd6f45654-vfxkp,46,35
23:09:12,200u,paymentservice-9bfb7bf5-kgd56,5,115
23:09:12,200u,productcatalogservice-65bbf699df-j2fmg,56,44
23:09:12,200u,recommendationservice-7444754ff5-n8cbh,97,58
23:09:12,200u,redis-cart-c8ff86559-kcf44,5,38
23:09:12,200u,shippingservice-f956b6d9f-w7n4b,11,35
23:09:14,200u,adservice-574bff445c-qb9cj,27,269
23:09:14,200u,cartservice-7c84fdfb6-m5m6d,55,188
23:09:14,200u,checkoutservice-5b6d96c9b7-45rkr,10,39
23:09:14,200u,currencyservice-7c8fc8fc9c-4hm9g,67,124
23:09:14,200u,currencyservice-7c8fc8fc9c-5frj9,2,82
23:09:14,200u,currencyservice-7c8fc8fc9c-mgwx9,52,123
23:09:14,200u,emailservice-66944ff59-2lcjl,8,95
23:09:14,200u,frontend-7bd6f45654-przgb,54,34
23:09:14,200u,frontend-7bd6f45654-s2s7z,56,53
23:09:14,200u,frontend-7bd6f45654-vfxkp,46,35
23:09:14,200u,paymentservice-9bfb7bf5-kgd56,5,115
23:09:14,200u,productcatalogservice-65bbf699df-j2fmg,56,44
23:09:14,200u,recommendationservice-7444754ff5-n8cbh,97,58
23:09:14,200u,redis-cart-c8ff86559-kcf44,5,38
23:09:14,200u,shippingservice-f956b6d9f-w7n4b,11,35
23:09:17,200u,adservice-574bff445c-qb9cj,27,269
23:09:17,200u,cartservice-7c84fdfb6-m5m6d,55,188
23:09:17,200u,checkoutservice-5b6d96c9b7-45rkr,10,39
23:09:17,200u,currencyservice-7c8fc8fc9c-4hm9g,67,124
23:09:17,200u,currencyservice-7c8fc8fc9c-5frj9,2,82
23:09:17,200u,currencyservice-7c8fc8fc9c-mgwx9,52,123
23:09:17,200u,emailservice-66944ff59-2lcjl,8,95
23:09:17,200u,frontend-7bd6f45654-przgb,54,34
23:09:17,200u,frontend-7bd6f45654-s2s7z,56,53
23:09:17,200u,frontend-7bd6f45654-vfxkp,46,35
23:09:17,200u,paymentservice-9bfb7bf5-kgd56,5,115
23:09:17,200u,productcatalogservice-65bbf699df-j2fmg,56,44
23:09:17,200u,recommendationservice-7444754ff5-n8cbh,97,58
23:09:17,200u,redis-cart-c8ff86559-kcf44,5,38
23:09:17,200u,shippingservice-f956b6d9f-w7n4b,11,35
23:09:22,200u,adservice-574bff445c-qb9cj,46,270
23:09:22,200u,cartservice-7c84fdfb6-m5m6d,85,188
23:09:22,200u,checkoutservice-5b6d96c9b7-45rkr,17,39
23:09:22,200u,currencyservice-7c8fc8fc9c-4hm9g,93,124
23:09:22,200u,currencyservice-7c8fc8fc9c-5frj9,1,82
23:09:22,200u,currencyservice-7c8fc8fc9c-mgwx9,93,124
23:09:22,200u,emailservice-66944ff59-2lcjl,10,95
23:09:22,200u,frontend-7bd6f45654-przgb,58,35
23:09:22,200u,frontend-7bd6f45654-s2s7z,112,54
23:09:22,200u,frontend-7bd6f45654-vfxkp,78,35
23:09:22,200u,paymentservice-9bfb7bf5-kgd56,8,114
23:09:22,200u,productcatalogservice-65bbf699df-j2fmg,90,44
23:09:22,200u,recommendationservice-7444754ff5-n8cbh,157,59
23:09:22,200u,redis-cart-c8ff86559-kcf44,7,37
23:09:22,200u,shippingservice-f956b6d9f-w7n4b,17,35
23:09:24,200u,adservice-574bff445c-qb9cj,46,270
23:09:24,200u,cartservice-7c84fdfb6-m5m6d,85,188
23:09:24,200u,checkoutservice-5b6d96c9b7-45rkr,17,39
23:09:24,200u,currencyservice-7c8fc8fc9c-4hm9g,93,124
23:09:24,200u,currencyservice-7c8fc8fc9c-5frj9,1,82
23:09:24,200u,currencyservice-7c8fc8fc9c-mgwx9,93,124
23:09:24,200u,emailservice-66944ff59-2lcjl,10,95
23:09:24,200u,frontend-7bd6f45654-przgb,58,35
23:09:24,200u,frontend-7bd6f45654-s2s7z,112,54
23:09:24,200u,frontend-7bd6f45654-vfxkp,78,35
23:09:24,200u,paymentservice-9bfb7bf5-kgd56,8,114
23:09:24,200u,productcatalogservice-65bbf699df-j2fmg,90,44
23:09:24,200u,recommendationservice-7444754ff5-n8cbh,157,59
23:09:24,200u,redis-cart-c8ff86559-kcf44,7,37
23:09:24,200u,shippingservice-f956b6d9f-w7n4b,17,35
23:09:27,200u,adservice-574bff445c-qb9cj,46,270
23:09:27,200u,cartservice-7c84fdfb6-m5m6d,85,188
23:09:27,200u,checkoutservice-5b6d96c9b7-45rkr,17,39
23:09:27,200u,currencyservice-7c8fc8fc9c-4hm9g,93,124
23:09:27,200u,currencyservice-7c8fc8fc9c-5frj9,1,82
23:09:27,200u,currencyservice-7c8fc8fc9c-mgwx9,93,124
23:09:27,200u,emailservice-66944ff59-2lcjl,10,95
23:09:27,200u,frontend-7bd6f45654-przgb,58,35
23:09:27,200u,frontend-7bd6f45654-s2s7z,112,54
23:09:27,200u,frontend-7bd6f45654-vfxkp,78,35
23:09:27,200u,paymentservice-9bfb7bf5-kgd56,8,114
23:09:27,200u,productcatalogservice-65bbf699df-j2fmg,90,44
23:09:27,200u,recommendationservice-7444754ff5-n8cbh,157,59
23:09:27,200u,redis-cart-c8ff86559-kcf44,7,37
23:09:27,200u,shippingservice-f956b6d9f-w7n4b,17,35
23:09:32,200u,adservice-574bff445c-qb9cj,46,270
23:09:32,200u,cartservice-7c84fdfb6-m5m6d,85,188
23:09:32,200u,checkoutservice-5b6d96c9b7-45rkr,17,39
23:09:32,200u,currencyservice-7c8fc8fc9c-4hm9g,93,124
23:09:32,200u,currencyservice-7c8fc8fc9c-5frj9,1,82
23:09:32,200u,currencyservice-7c8fc8fc9c-mgwx9,93,124
23:09:32,200u,emailservice-66944ff59-2lcjl,10,95
23:09:32,200u,frontend-7bd6f45654-przgb,58,35
23:09:32,200u,frontend-7bd6f45654-s2s7z,112,54
23:09:32,200u,frontend-7bd6f45654-vfxkp,78,35
23:09:32,200u,paymentservice-9bfb7bf5-kgd56,8,114
23:09:32,200u,productcatalogservice-65bbf699df-j2fmg,90,44
23:09:32,200u,recommendationservice-7444754ff5-n8cbh,157,59
23:09:32,200u,redis-cart-c8ff86559-kcf44,7,37
23:09:32,200u,shippingservice-f956b6d9f-w7n4b,17,35
23:09:34,200u,adservice-574bff445c-qb9cj,46,270
23:09:34,200u,cartservice-7c84fdfb6-m5m6d,85,188
23:09:34,200u,checkoutservice-5b6d96c9b7-45rkr,17,39
23:09:34,200u,currencyservice-7c8fc8fc9c-4hm9g,93,124
23:09:34,200u,currencyservice-7c8fc8fc9c-5frj9,1,82
23:09:34,200u,currencyservice-7c8fc8fc9c-mgwx9,93,124
23:09:34,200u,emailservice-66944ff59-2lcjl,10,95
23:09:34,200u,frontend-7bd6f45654-przgb,58,35
23:09:34,200u,frontend-7bd6f45654-s2s7z,112,54
23:09:34,200u,frontend-7bd6f45654-vfxkp,78,35
23:09:34,200u,paymentservice-9bfb7bf5-kgd56,8,114
23:09:34,200u,productcatalogservice-65bbf699df-j2fmg,90,44
23:09:34,200u,recommendationservice-7444754ff5-n8cbh,157,59
23:09:34,200u,redis-cart-c8ff86559-kcf44,7,37
23:09:34,200u,shippingservice-f956b6d9f-w7n4b,17,35
23:09:37,200u,adservice-574bff445c-qb9cj,54,270
23:09:37,200u,cartservice-7c84fdfb6-m5m6d,91,188
23:09:37,200u,checkoutservice-5b6d96c9b7-45rkr,17,39
23:09:37,200u,currencyservice-7c8fc8fc9c-4hm9g,117,125
23:09:37,200u,currencyservice-7c8fc8fc9c-5frj9,1,82
23:09:37,200u,currencyservice-7c8fc8fc9c-mgwx9,103,125
23:09:37,200u,emailservice-66944ff59-2lcjl,10,95
23:09:37,200u,frontend-7bd6f45654-przgb,71,35
23:09:37,200u,frontend-7bd6f45654-s2s7z,117,54
23:09:37,200u,frontend-7bd6f45654-vfxkp,114,36
23:09:37,200u,paymentservice-9bfb7bf5-kgd56,7,114
23:09:37,200u,productcatalogservice-65bbf699df-j2fmg,104,44
23:09:37,200u,recommendationservice-7444754ff5-n8cbh,182,59
23:09:37,200u,redis-cart-c8ff86559-kcf44,8,37
23:09:37,200u,shippingservice-f956b6d9f-w7n4b,18,35
23:09:42,200u,adservice-574bff445c-qb9cj,54,270
23:09:42,200u,cartservice-7c84fdfb6-m5m6d,91,188
23:09:42,200u,checkoutservice-5b6d96c9b7-45rkr,17,39
23:09:42,200u,currencyservice-7c8fc8fc9c-4hm9g,117,125
23:09:42,200u,currencyservice-7c8fc8fc9c-5frj9,1,82
23:09:42,200u,currencyservice-7c8fc8fc9c-mgwx9,103,125
23:09:42,200u,emailservice-66944ff59-2lcjl,10,95
23:09:42,200u,frontend-7bd6f45654-przgb,71,35
23:09:42,200u,frontend-7bd6f45654-s2s7z,117,54
23:09:42,200u,frontend-7bd6f45654-vfxkp,114,36
23:09:42,200u,paymentservice-9bfb7bf5-kgd56,7,114
23:09:42,200u,productcatalogservice-65bbf699df-j2fmg,104,44
23:09:42,200u,recommendationservice-7444754ff5-n8cbh,182,59
23:09:42,200u,redis-cart-c8ff86559-kcf44,8,37
23:09:42,200u,shippingservice-f956b6d9f-w7n4b,18,35
23:09:44,200u,adservice-574bff445c-qb9cj,54,270
23:09:44,200u,cartservice-7c84fdfb6-m5m6d,91,188
23:09:44,200u,checkoutservice-5b6d96c9b7-45rkr,17,39
23:09:44,200u,currencyservice-7c8fc8fc9c-4hm9g,117,125
23:09:44,200u,currencyservice-7c8fc8fc9c-5frj9,1,82
23:09:44,200u,currencyservice-7c8fc8fc9c-mgwx9,103,125
23:09:44,200u,emailservice-66944ff59-2lcjl,10,95
23:09:44,200u,frontend-7bd6f45654-przgb,71,35
23:09:44,200u,frontend-7bd6f45654-s2s7z,117,54
23:09:44,200u,frontend-7bd6f45654-vfxkp,114,36
23:09:44,200u,paymentservice-9bfb7bf5-kgd56,7,114
23:09:44,200u,productcatalogservice-65bbf699df-j2fmg,104,44
23:09:44,200u,recommendationservice-7444754ff5-n8cbh,182,59
23:09:44,200u,redis-cart-c8ff86559-kcf44,8,37
23:09:44,200u,shippingservice-f956b6d9f-w7n4b,18,35
23:09:47,200u,adservice-574bff445c-qb9cj,54,270
23:09:47,200u,cartservice-7c84fdfb6-m5m6d,91,188
23:09:47,200u,checkoutservice-5b6d96c9b7-45rkr,17,39
23:09:47,200u,currencyservice-7c8fc8fc9c-4hm9g,117,125
23:09:47,200u,currencyservice-7c8fc8fc9c-5frj9,1,82
23:09:47,200u,currencyservice-7c8fc8fc9c-mgwx9,103,125
23:09:47,200u,emailservice-66944ff59-2lcjl,10,95
23:09:47,200u,frontend-7bd6f45654-przgb,71,35
23:09:47,200u,frontend-7bd6f45654-s2s7z,117,54
23:09:47,200u,frontend-7bd6f45654-vfxkp,114,36
23:09:47,200u,paymentservice-9bfb7bf5-kgd56,7,114
23:09:47,200u,productcatalogservice-65bbf699df-j2fmg,104,44
23:09:47,200u,recommendationservice-7444754ff5-n8cbh,182,59
23:09:47,200u,redis-cart-c8ff86559-kcf44,8,37
23:09:47,200u,shippingservice-f956b6d9f-w7n4b,18,35
23:09:52,200u,adservice-574bff445c-qb9cj,54,270
23:09:52,200u,cartservice-7c84fdfb6-m5m6d,83,188
23:09:52,200u,checkoutservice-5b6d96c9b7-45rkr,17,39
23:09:52,200u,currencyservice-7c8fc8fc9c-4hm9g,125,125
23:09:52,200u,currencyservice-7c8fc8fc9c-5frj9,1,83
23:09:52,200u,currencyservice-7c8fc8fc9c-mgwx9,99,125
23:09:52,200u,emailservice-66944ff59-2lcjl,11,95
23:09:52,200u,frontend-7bd6f45654-przgb,73,36
23:09:52,200u,frontend-7bd6f45654-s2s7z,107,55
23:09:52,200u,frontend-7bd6f45654-vfxkp,111,36
23:09:52,200u,paymentservice-9bfb7bf5-kgd56,7,114
23:09:52,200u,productcatalogservice-65bbf699df-j2fmg,103,44
23:09:52,200u,recommendationservice-7444754ff5-n8cbh,181,59
23:09:52,200u,redis-cart-c8ff86559-kcf44,7,37
23:09:52,200u,shippingservice-f956b6d9f-w7n4b,19,35
23:09:54,200u,adservice-574bff445c-qb9cj,54,270
23:09:54,200u,cartservice-7c84fdfb6-m5m6d,83,188
23:09:54,200u,checkoutservice-5b6d96c9b7-45rkr,17,39
23:09:54,200u,currencyservice-7c8fc8fc9c-4hm9g,125,125
23:09:54,200u,currencyservice-7c8fc8fc9c-5frj9,1,83
23:09:54,200u,currencyservice-7c8fc8fc9c-mgwx9,99,125
23:09:54,200u,emailservice-66944ff59-2lcjl,11,95
23:09:54,200u,frontend-7bd6f45654-przgb,73,36
23:09:54,200u,frontend-7bd6f45654-s2s7z,107,55
23:09:54,200u,frontend-7bd6f45654-vfxkp,111,36
23:09:54,200u,paymentservice-9bfb7bf5-kgd56,7,114
23:09:54,200u,productcatalogservice-65bbf699df-j2fmg,103,44
23:09:54,200u,recommendationservice-7444754ff5-n8cbh,181,59
23:09:54,200u,redis-cart-c8ff86559-kcf44,7,37
23:09:54,200u,shippingservice-f956b6d9f-w7n4b,19,35
23:09:57,200u,adservice-574bff445c-qb9cj,54,270
23:09:57,200u,cartservice-7c84fdfb6-m5m6d,83,188
23:09:57,200u,checkoutservice-5b6d96c9b7-45rkr,17,39
23:09:57,200u,currencyservice-7c8fc8fc9c-4hm9g,125,125
23:09:57,200u,currencyservice-7c8fc8fc9c-5frj9,1,83
23:09:57,200u,currencyservice-7c8fc8fc9c-mgwx9,99,125
23:09:57,200u,emailservice-66944ff59-2lcjl,11,95
23:09:57,200u,frontend-7bd6f45654-przgb,73,36
23:09:57,200u,frontend-7bd6f45654-s2s7z,107,55
23:09:57,200u,frontend-7bd6f45654-vfxkp,111,36
23:09:57,200u,paymentservice-9bfb7bf5-kgd56,7,114
23:09:57,200u,productcatalogservice-65bbf699df-j2fmg,103,44
23:09:57,200u,recommendationservice-7444754ff5-n8cbh,181,59
23:09:57,200u,redis-cart-c8ff86559-kcf44,7,37
23:09:57,200u,shippingservice-f956b6d9f-w7n4b,19,35
23:10:02,200u,adservice-574bff445c-qb9cj,54,270
23:10:02,200u,cartservice-7c84fdfb6-m5m6d,83,188
23:10:02,200u,checkoutservice-5b6d96c9b7-45rkr,17,39
23:10:02,200u,currencyservice-7c8fc8fc9c-4hm9g,125,125
23:10:02,200u,currencyservice-7c8fc8fc9c-5frj9,1,83
23:10:02,200u,currencyservice-7c8fc8fc9c-mgwx9,99,125
23:10:02,200u,emailservice-66944ff59-2lcjl,11,95
23:10:02,200u,frontend-7bd6f45654-przgb,73,36
23:10:02,200u,frontend-7bd6f45654-s2s7z,107,55
23:10:02,200u,frontend-7bd6f45654-vfxkp,111,36
23:10:02,200u,paymentservice-9bfb7bf5-kgd56,7,114
23:10:02,200u,productcatalogservice-65bbf699df-j2fmg,103,44
23:10:02,200u,recommendationservice-7444754ff5-n8cbh,181,59
23:10:02,200u,redis-cart-c8ff86559-kcf44,7,37
23:10:02,200u,shippingservice-f956b6d9f-w7n4b,19,35
23:10:04,200u,adservice-574bff445c-qb9cj,59,270
23:10:04,200u,cartservice-7c84fdfb6-m5m6d,90,188
23:10:04,200u,checkoutservice-5b6d96c9b7-45rkr,19,39
23:10:04,200u,currencyservice-7c8fc8fc9c-4hm9g,128,125
23:10:04,200u,currencyservice-7c8fc8fc9c-5frj9,1,83
23:10:04,200u,currencyservice-7c8fc8fc9c-mgwx9,94,125
23:10:04,200u,emailservice-66944ff59-2lcjl,10,95
23:10:04,200u,frontend-7bd6f45654-przgb,76,36
23:10:04,200u,frontend-7bd6f45654-s2s7z,108,55
23:10:04,200u,frontend-7bd6f45654-vfxkp,121,37
23:10:04,200u,paymentservice-9bfb7bf5-kgd56,8,114
23:10:04,200u,productcatalogservice-65bbf699df-j2fmg,109,44
23:10:04,200u,recommendationservice-7444754ff5-n8cbh,195,60
23:10:04,200u,redis-cart-c8ff86559-kcf44,7,37
23:10:04,200u,shippingservice-f956b6d9f-w7n4b,19,35
23:10:07,200u,adservice-574bff445c-qb9cj,59,270
23:10:07,200u,cartservice-7c84fdfb6-m5m6d,90,188
23:10:07,200u,checkoutservice-5b6d96c9b7-45rkr,19,39
23:10:07,200u,currencyservice-7c8fc8fc9c-4hm9g,128,125
23:10:07,200u,currencyservice-7c8fc8fc9c-5frj9,1,83
23:10:07,200u,currencyservice-7c8fc8fc9c-mgwx9,94,125
23:10:07,200u,emailservice-66944ff59-2lcjl,10,95
23:10:07,200u,frontend-7bd6f45654-przgb,76,36
23:10:07,200u,frontend-7bd6f45654-s2s7z,108,55
23:10:07,200u,frontend-7bd6f45654-vfxkp,121,37
23:10:07,200u,paymentservice-9bfb7bf5-kgd56,8,114
23:10:07,200u,productcatalogservice-65bbf699df-j2fmg,109,44
23:10:07,200u,recommendationservice-7444754ff5-n8cbh,195,60
23:10:07,200u,redis-cart-c8ff86559-kcf44,7,37
23:10:07,200u,shippingservice-f956b6d9f-w7n4b,19,35
23:10:13,200u,adservice-574bff445c-qb9cj,59,270
23:10:13,200u,cartservice-7c84fdfb6-m5m6d,90,188
23:10:13,200u,checkoutservice-5b6d96c9b7-45rkr,19,39
23:10:13,200u,currencyservice-7c8fc8fc9c-4hm9g,128,125
23:10:13,200u,currencyservice-7c8fc8fc9c-5frj9,1,83
23:10:13,200u,currencyservice-7c8fc8fc9c-mgwx9,94,125
23:10:13,200u,emailservice-66944ff59-2lcjl,10,95
23:10:13,200u,frontend-7bd6f45654-przgb,76,36
23:10:13,200u,frontend-7bd6f45654-s2s7z,108,55
23:10:13,200u,frontend-7bd6f45654-vfxkp,121,37
23:10:13,200u,paymentservice-9bfb7bf5-kgd56,8,114
23:10:13,200u,productcatalogservice-65bbf699df-j2fmg,109,44
23:10:13,200u,recommendationservice-7444754ff5-n8cbh,195,60
23:10:13,200u,redis-cart-c8ff86559-kcf44,7,37
23:10:13,200u,shippingservice-f956b6d9f-w7n4b,19,35
23:10:15,200u,adservice-574bff445c-qb9cj,59,270
23:10:15,200u,cartservice-7c84fdfb6-m5m6d,90,188
23:10:15,200u,checkoutservice-5b6d96c9b7-45rkr,19,39
23:10:15,200u,currencyservice-7c8fc8fc9c-4hm9g,128,125
23:10:15,200u,currencyservice-7c8fc8fc9c-5frj9,1,83
23:10:15,200u,currencyservice-7c8fc8fc9c-mgwx9,94,125
23:10:15,200u,emailservice-66944ff59-2lcjl,10,95
23:10:15,200u,frontend-7bd6f45654-przgb,76,36
23:10:15,200u,frontend-7bd6f45654-s2s7z,108,55
23:10:15,200u,frontend-7bd6f45654-vfxkp,121,37
23:10:15,200u,paymentservice-9bfb7bf5-kgd56,8,114
23:10:15,200u,productcatalogservice-65bbf699df-j2fmg,109,44
23:10:15,200u,recommendationservice-7444754ff5-n8cbh,195,60
23:10:15,200u,redis-cart-c8ff86559-kcf44,7,37
23:10:15,200u,shippingservice-f956b6d9f-w7n4b,19,35
23:10:17,200u,adservice-574bff445c-qb9cj,59,270
23:10:17,200u,cartservice-7c84fdfb6-m5m6d,90,188
23:10:17,200u,checkoutservice-5b6d96c9b7-45rkr,19,39
23:10:17,200u,currencyservice-7c8fc8fc9c-4hm9g,128,125
23:10:17,200u,currencyservice-7c8fc8fc9c-5frj9,1,83
23:10:17,200u,currencyservice-7c8fc8fc9c-mgwx9,94,125
23:10:17,200u,emailservice-66944ff59-2lcjl,10,95
23:10:17,200u,frontend-7bd6f45654-przgb,76,36
23:10:17,200u,frontend-7bd6f45654-s2s7z,108,55
23:10:17,200u,frontend-7bd6f45654-vfxkp,121,37
23:10:17,200u,paymentservice-9bfb7bf5-kgd56,8,114
23:10:17,200u,productcatalogservice-65bbf699df-j2fmg,109,44
23:10:17,200u,recommendationservice-7444754ff5-n8cbh,195,60
23:10:17,200u,redis-cart-c8ff86559-kcf44,7,37
23:10:17,200u,shippingservice-f956b6d9f-w7n4b,19,35
23:10:23,200u,adservice-574bff445c-qb9cj,63,270
23:10:23,200u,cartservice-7c84fdfb6-m5m6d,93,188
23:10:23,200u,checkoutservice-5b6d96c9b7-45rkr,22,39
23:10:23,200u,currencyservice-7c8fc8fc9c-4hm9g,135,125
23:10:23,200u,currencyservice-7c8fc8fc9c-5frj9,1,83
23:10:23,200u,currencyservice-7c8fc8fc9c-mgwx9,95,124
23:10:23,200u,emailservice-66944ff59-2lcjl,11,95
23:10:23,200u,frontend-7bd6f45654-przgb,77,36
23:10:23,200u,frontend-7bd6f45654-s2s7z,105,56
23:10:23,200u,frontend-7bd6f45654-vfxkp,133,38
23:10:23,200u,paymentservice-9bfb7bf5-kgd56,8,114
23:10:23,200u,productcatalogservice-65bbf699df-j2fmg,113,44
23:10:23,200u,recommendationservice-7444754ff5-n8cbh,200,60
23:10:23,200u,redis-cart-c8ff86559-kcf44,7,37
23:10:23,200u,shippingservice-f956b6d9f-w7n4b,19,35
23:10:25,200u,adservice-574bff445c-qb9cj,63,270
23:10:25,200u,cartservice-7c84fdfb6-m5m6d,93,188
23:10:25,200u,checkoutservice-5b6d96c9b7-45rkr,22,39
23:10:25,200u,currencyservice-7c8fc8fc9c-4hm9g,135,125
23:10:25,200u,currencyservice-7c8fc8fc9c-5frj9,1,83
23:10:25,200u,currencyservice-7c8fc8fc9c-mgwx9,95,124
23:10:25,200u,emailservice-66944ff59-2lcjl,11,95
23:10:25,200u,frontend-7bd6f45654-przgb,77,36
23:10:25,200u,frontend-7bd6f45654-s2s7z,105,56
23:10:25,200u,frontend-7bd6f45654-vfxkp,133,38
23:10:25,200u,paymentservice-9bfb7bf5-kgd56,8,114
23:10:25,200u,productcatalogservice-65bbf699df-j2fmg,113,44
23:10:25,200u,recommendationservice-7444754ff5-n8cbh,200,60
23:10:25,200u,redis-cart-c8ff86559-kcf44,7,37
23:10:25,200u,shippingservice-f956b6d9f-w7n4b,19,35
23:10:27,200u,adservice-574bff445c-qb9cj,63,270
23:10:27,200u,cartservice-7c84fdfb6-m5m6d,93,188
23:10:27,200u,checkoutservice-5b6d96c9b7-45rkr,22,39
23:10:27,200u,currencyservice-7c8fc8fc9c-4hm9g,135,125
23:10:27,200u,currencyservice-7c8fc8fc9c-5frj9,1,83
23:10:27,200u,currencyservice-7c8fc8fc9c-mgwx9,95,124
23:10:27,200u,emailservice-66944ff59-2lcjl,11,95
23:10:27,200u,frontend-7bd6f45654-przgb,77,36
23:10:27,200u,frontend-7bd6f45654-s2s7z,105,56
23:10:27,200u,frontend-7bd6f45654-vfxkp,133,38
23:10:27,200u,paymentservice-9bfb7bf5-kgd56,8,114
23:10:27,200u,productcatalogservice-65bbf699df-j2fmg,113,44
23:10:27,200u,recommendationservice-7444754ff5-n8cbh,200,60
23:10:27,200u,redis-cart-c8ff86559-kcf44,7,37
23:10:27,200u,shippingservice-f956b6d9f-w7n4b,19,35
23:10:33,200u,adservice-574bff445c-qb9cj,63,270
23:10:33,200u,cartservice-7c84fdfb6-m5m6d,93,188
23:10:33,200u,checkoutservice-5b6d96c9b7-45rkr,22,39
23:10:33,200u,currencyservice-7c8fc8fc9c-4hm9g,135,125
23:10:33,200u,currencyservice-7c8fc8fc9c-5frj9,1,83
23:10:33,200u,currencyservice-7c8fc8fc9c-mgwx9,95,124
23:10:33,200u,emailservice-66944ff59-2lcjl,11,95
23:10:33,200u,frontend-7bd6f45654-przgb,77,36
23:10:33,200u,frontend-7bd6f45654-s2s7z,105,56
23:10:33,200u,frontend-7bd6f45654-vfxkp,133,38
23:10:33,200u,paymentservice-9bfb7bf5-kgd56,8,114
23:10:33,200u,productcatalogservice-65bbf699df-j2fmg,113,44
23:10:33,200u,recommendationservice-7444754ff5-n8cbh,200,60
23:10:33,200u,redis-cart-c8ff86559-kcf44,7,37
23:10:33,200u,shippingservice-f956b6d9f-w7n4b,19,35
23:10:35,200u,adservice-574bff445c-qb9cj,60,270
23:10:35,200u,cartservice-7c84fdfb6-m5m6d,100,189
23:10:35,200u,checkoutservice-5b6d96c9b7-45rkr,19,39
23:10:35,200u,currencyservice-7c8fc8fc9c-4hm9g,144,125
23:10:35,200u,currencyservice-7c8fc8fc9c-5frj9,2,83
23:10:35,200u,currencyservice-7c8fc8fc9c-mgwx9,94,125
23:10:35,200u,emailservice-66944ff59-2lcjl,11,95
23:10:35,200u,frontend-7bd6f45654-przgb,81,37
23:10:35,200u,frontend-7bd6f45654-s2s7z,107,57
23:10:35,200u,frontend-7bd6f45654-vfxkp,135,39
23:10:35,200u,paymentservice-9bfb7bf5-kgd56,8,114
23:10:35,200u,productcatalogservice-65bbf699df-j2fmg,113,44
23:10:35,200u,recommendationservice-7444754ff5-n8cbh,200,61
23:10:35,200u,redis-cart-c8ff86559-kcf44,8,37
23:10:35,200u,shippingservice-f956b6d9f-w7n4b,20,35
23:10:37,200u,adservice-574bff445c-qb9cj,60,270
23:10:37,200u,cartservice-7c84fdfb6-m5m6d,100,189
23:10:37,200u,checkoutservice-5b6d96c9b7-45rkr,19,39
23:10:37,200u,currencyservice-7c8fc8fc9c-4hm9g,144,125
23:10:37,200u,currencyservice-7c8fc8fc9c-5frj9,2,83
23:10:37,200u,currencyservice-7c8fc8fc9c-mgwx9,94,125
23:10:37,200u,emailservice-66944ff59-2lcjl,11,95
23:10:37,200u,frontend-7bd6f45654-przgb,81,37
23:10:37,200u,frontend-7bd6f45654-s2s7z,107,57
23:10:37,200u,frontend-7bd6f45654-vfxkp,135,39
23:10:37,200u,paymentservice-9bfb7bf5-kgd56,8,114
23:10:37,200u,productcatalogservice-65bbf699df-j2fmg,113,44
23:10:37,200u,recommendationservice-7444754ff5-n8cbh,200,61
23:10:37,200u,redis-cart-c8ff86559-kcf44,8,37
23:10:37,200u,shippingservice-f956b6d9f-w7n4b,20,35
23:10:43,200u,adservice-574bff445c-qb9cj,60,270
23:10:43,200u,cartservice-7c84fdfb6-m5m6d,100,189
23:10:43,200u,checkoutservice-5b6d96c9b7-45rkr,19,39
23:10:43,200u,currencyservice-7c8fc8fc9c-4hm9g,144,125
23:10:43,200u,currencyservice-7c8fc8fc9c-5frj9,2,83
23:10:43,200u,currencyservice-7c8fc8fc9c-mgwx9,94,125
23:10:43,200u,emailservice-66944ff59-2lcjl,11,95
23:10:43,200u,frontend-7bd6f45654-przgb,81,37
23:10:43,200u,frontend-7bd6f45654-s2s7z,107,57
23:10:43,200u,frontend-7bd6f45654-vfxkp,135,39
23:10:43,200u,paymentservice-9bfb7bf5-kgd56,8,114
23:10:43,200u,productcatalogservice-65bbf699df-j2fmg,113,44
23:10:43,200u,recommendationservice-7444754ff5-n8cbh,200,61
23:10:43,200u,redis-cart-c8ff86559-kcf44,8,37
23:10:43,200u,shippingservice-f956b6d9f-w7n4b,20,35
23:10:45,200u,adservice-574bff445c-qb9cj,60,270
23:10:45,200u,cartservice-7c84fdfb6-m5m6d,100,189
23:10:45,200u,checkoutservice-5b6d96c9b7-45rkr,19,39
23:10:45,200u,currencyservice-7c8fc8fc9c-4hm9g,144,125
23:10:45,200u,currencyservice-7c8fc8fc9c-5frj9,2,83
23:10:45,200u,currencyservice-7c8fc8fc9c-mgwx9,94,125
23:10:45,200u,emailservice-66944ff59-2lcjl,11,95
23:10:45,200u,frontend-7bd6f45654-przgb,81,37
23:10:45,200u,frontend-7bd6f45654-s2s7z,107,57
23:10:45,200u,frontend-7bd6f45654-vfxkp,135,39
23:10:45,200u,paymentservice-9bfb7bf5-kgd56,8,114
23:10:45,200u,productcatalogservice-65bbf699df-j2fmg,113,44
23:10:45,200u,recommendationservice-7444754ff5-n8cbh,200,61
23:10:45,200u,redis-cart-c8ff86559-kcf44,8,37
23:10:45,200u,shippingservice-f956b6d9f-w7n4b,20,35
23:10:47,200u,adservice-574bff445c-qb9cj,60,270
23:10:47,200u,cartservice-7c84fdfb6-m5m6d,100,189
23:10:47,200u,checkoutservice-5b6d96c9b7-45rkr,19,39
23:10:47,200u,currencyservice-7c8fc8fc9c-4hm9g,144,125
23:10:47,200u,currencyservice-7c8fc8fc9c-5frj9,2,83
23:10:47,200u,currencyservice-7c8fc8fc9c-mgwx9,94,125
23:10:47,200u,emailservice-66944ff59-2lcjl,11,95
23:10:47,200u,frontend-7bd6f45654-przgb,81,37
23:10:47,200u,frontend-7bd6f45654-s2s7z,107,57
23:10:47,200u,frontend-7bd6f45654-vfxkp,135,39
23:10:47,200u,paymentservice-9bfb7bf5-kgd56,8,114
23:10:47,200u,productcatalogservice-65bbf699df-j2fmg,113,44
23:10:47,200u,recommendationservice-7444754ff5-n8cbh,200,61
23:10:47,200u,redis-cart-c8ff86559-kcf44,8,37
23:10:47,200u,shippingservice-f956b6d9f-w7n4b,20,35
23:10:53,200u,adservice-574bff445c-qb9cj,62,270
23:10:53,200u,cartservice-7c84fdfb6-m5m6d,92,188
23:10:53,200u,checkoutservice-5b6d96c9b7-45rkr,19,39
23:10:53,200u,currencyservice-7c8fc8fc9c-4hm9g,132,125
23:10:53,200u,currencyservice-7c8fc8fc9c-5frj9,1,83
23:10:53,200u,currencyservice-7c8fc8fc9c-mgwx9,99,125
23:10:53,200u,emailservice-66944ff59-2lcjl,11,95
23:10:53,200u,frontend-7bd6f45654-przgb,81,37
23:10:53,200u,frontend-7bd6f45654-s2s7z,111,57
23:10:53,200u,frontend-7bd6f45654-vfxkp,124,39
23:10:53,200u,paymentservice-9bfb7bf5-kgd56,7,115
23:10:53,200u,productcatalogservice-65bbf699df-j2fmg,113,44
23:10:53,200u,recommendationservice-7444754ff5-n8cbh,200,61
23:10:53,200u,redis-cart-c8ff86559-kcf44,8,37
23:10:53,200u,shippingservice-f956b6d9f-w7n4b,18,35
23:10:55,200u,adservice-574bff445c-qb9cj,62,270
23:10:55,200u,cartservice-7c84fdfb6-m5m6d,92,188
23:10:55,200u,checkoutservice-5b6d96c9b7-45rkr,19,39
23:10:55,200u,currencyservice-7c8fc8fc9c-4hm9g,132,125
23:10:55,200u,currencyservice-7c8fc8fc9c-5frj9,1,83
23:10:55,200u,currencyservice-7c8fc8fc9c-mgwx9,99,125
23:10:55,200u,emailservice-66944ff59-2lcjl,11,95
23:10:55,200u,frontend-7bd6f45654-przgb,81,37
23:10:55,200u,frontend-7bd6f45654-s2s7z,111,57
23:10:55,200u,frontend-7bd6f45654-vfxkp,124,39
23:10:55,200u,paymentservice-9bfb7bf5-kgd56,7,115
23:10:55,200u,productcatalogservice-65bbf699df-j2fmg,113,44
23:10:55,200u,recommendationservice-7444754ff5-n8cbh,200,61
23:10:55,200u,redis-cart-c8ff86559-kcf44,8,37
23:10:55,200u,shippingservice-f956b6d9f-w7n4b,18,35
23:10:58,200u,adservice-574bff445c-qb9cj,62,270
23:10:58,200u,cartservice-7c84fdfb6-m5m6d,92,188
23:10:58,200u,checkoutservice-5b6d96c9b7-45rkr,19,39
23:10:58,200u,currencyservice-7c8fc8fc9c-4hm9g,132,125
23:10:58,200u,currencyservice-7c8fc8fc9c-5frj9,1,83
23:10:58,200u,currencyservice-7c8fc8fc9c-mgwx9,99,125
23:10:58,200u,emailservice-66944ff59-2lcjl,11,95
23:10:58,200u,frontend-7bd6f45654-przgb,81,37
23:10:58,200u,frontend-7bd6f45654-s2s7z,111,57
23:10:58,200u,frontend-7bd6f45654-vfxkp,124,39
23:10:58,200u,paymentservice-9bfb7bf5-kgd56,7,115
23:10:58,200u,productcatalogservice-65bbf699df-j2fmg,113,44
23:10:58,200u,recommendationservice-7444754ff5-n8cbh,200,61
23:10:58,200u,redis-cart-c8ff86559-kcf44,8,37
23:10:58,200u,shippingservice-f956b6d9f-w7n4b,18,35
23:11:03,200u,adservice-574bff445c-qb9cj,62,270
23:11:03,200u,cartservice-7c84fdfb6-m5m6d,92,188
23:11:03,200u,checkoutservice-5b6d96c9b7-45rkr,19,39
23:11:03,200u,currencyservice-7c8fc8fc9c-4hm9g,132,125
23:11:03,200u,currencyservice-7c8fc8fc9c-5frj9,1,83
23:11:03,200u,currencyservice-7c8fc8fc9c-mgwx9,99,125
23:11:03,200u,emailservice-66944ff59-2lcjl,11,95
23:11:03,200u,frontend-7bd6f45654-przgb,81,37
23:11:03,200u,frontend-7bd6f45654-s2s7z,111,57
23:11:03,200u,frontend-7bd6f45654-vfxkp,124,39
23:11:03,200u,paymentservice-9bfb7bf5-kgd56,7,115
23:11:03,200u,productcatalogservice-65bbf699df-j2fmg,113,44
23:11:03,200u,recommendationservice-7444754ff5-n8cbh,200,61
23:11:03,200u,redis-cart-c8ff86559-kcf44,8,37
23:11:03,200u,shippingservice-f956b6d9f-w7n4b,18,35
23:11:05,200u,adservice-574bff445c-qb9cj,20,270
23:11:05,200u,cartservice-7c84fdfb6-m5m6d,35,188
23:11:05,200u,checkoutservice-5b6d96c9b7-45rkr,6,39
23:11:05,200u,currencyservice-7c8fc8fc9c-4hm9g,42,126
23:11:05,200u,currencyservice-7c8fc8fc9c-5frj9,2,83
23:11:05,200u,currencyservice-7c8fc8fc9c-mgwx9,28,125
23:11:05,200u,emailservice-66944ff59-2lcjl,6,95
23:11:05,200u,frontend-7bd6f45654-przgb,26,37
23:11:05,200u,frontend-7bd6f45654-s2s7z,34,57
23:11:05,200u,frontend-7bd6f45654-vfxkp,39,39
23:11:05,200u,paymentservice-9bfb7bf5-kgd56,3,115
23:11:05,200u,productcatalogservice-65bbf699df-j2fmg,33,44
23:11:05,200u,recommendationservice-7444754ff5-n8cbh,65,58
23:11:05,200u,redis-cart-c8ff86559-kcf44,5,37
23:11:05,200u,shippingservice-f956b6d9f-w7n4b,7,35
23:11:08,200u,adservice-574bff445c-qb9cj,20,270
23:11:08,200u,cartservice-7c84fdfb6-m5m6d,35,188
23:11:08,200u,checkoutservice-5b6d96c9b7-45rkr,6,39
23:11:08,200u,currencyservice-7c8fc8fc9c-4hm9g,42,126
23:11:08,200u,currencyservice-7c8fc8fc9c-5frj9,2,83
23:11:08,200u,currencyservice-7c8fc8fc9c-mgwx9,28,125
23:11:08,200u,emailservice-66944ff59-2lcjl,6,95
23:11:08,200u,frontend-7bd6f45654-przgb,26,37
23:11:08,200u,frontend-7bd6f45654-s2s7z,34,57
23:11:08,200u,frontend-7bd6f45654-vfxkp,39,39
23:11:08,200u,paymentservice-9bfb7bf5-kgd56,3,115
23:11:08,200u,productcatalogservice-65bbf699df-j2fmg,33,44
23:11:08,200u,recommendationservice-7444754ff5-n8cbh,65,58
23:11:08,200u,redis-cart-c8ff86559-kcf44,5,37
23:11:08,200u,shippingservice-f956b6d9f-w7n4b,7,35
23:11:13,200u,adservice-574bff445c-qb9cj,20,270
23:11:13,200u,cartservice-7c84fdfb6-m5m6d,35,188
23:11:13,200u,checkoutservice-5b6d96c9b7-45rkr,6,39
23:11:13,200u,currencyservice-7c8fc8fc9c-4hm9g,42,126
23:11:13,200u,currencyservice-7c8fc8fc9c-5frj9,2,83
23:11:13,200u,currencyservice-7c8fc8fc9c-mgwx9,28,125
23:11:13,200u,emailservice-66944ff59-2lcjl,6,95
23:11:13,200u,frontend-7bd6f45654-przgb,26,37
23:11:13,200u,frontend-7bd6f45654-s2s7z,34,57
23:11:13,200u,frontend-7bd6f45654-vfxkp,39,39
23:11:13,200u,paymentservice-9bfb7bf5-kgd56,3,115
23:11:13,200u,productcatalogservice-65bbf699df-j2fmg,33,44
23:11:13,200u,recommendationservice-7444754ff5-n8cbh,65,58
23:11:13,200u,redis-cart-c8ff86559-kcf44,5,37
23:11:13,200u,shippingservice-f956b6d9f-w7n4b,7,35
23:11:15,200u,adservice-574bff445c-qb9cj,20,270
23:11:15,200u,cartservice-7c84fdfb6-m5m6d,35,188
23:11:15,200u,checkoutservice-5b6d96c9b7-45rkr,6,39
23:11:15,200u,currencyservice-7c8fc8fc9c-4hm9g,42,126
23:11:15,200u,currencyservice-7c8fc8fc9c-5frj9,2,83
23:11:15,200u,currencyservice-7c8fc8fc9c-mgwx9,28,125
23:11:15,200u,emailservice-66944ff59-2lcjl,6,95
23:11:15,200u,frontend-7bd6f45654-przgb,26,37
23:11:15,200u,frontend-7bd6f45654-s2s7z,34,57
23:11:15,200u,frontend-7bd6f45654-vfxkp,39,39
23:11:15,200u,paymentservice-9bfb7bf5-kgd56,3,115
23:11:15,200u,productcatalogservice-65bbf699df-j2fmg,33,44
23:11:15,200u,recommendationservice-7444754ff5-n8cbh,65,58
23:11:15,200u,redis-cart-c8ff86559-kcf44,5,37
23:11:15,200u,shippingservice-f956b6d9f-w7n4b,7,35
23:11:18,200u,adservice-574bff445c-qb9cj,20,270
23:11:18,200u,cartservice-7c84fdfb6-m5m6d,35,188
23:11:18,200u,checkoutservice-5b6d96c9b7-45rkr,6,39
23:11:18,200u,currencyservice-7c8fc8fc9c-4hm9g,42,126
23:11:18,200u,currencyservice-7c8fc8fc9c-5frj9,2,83
23:11:18,200u,currencyservice-7c8fc8fc9c-mgwx9,28,125
23:11:18,200u,emailservice-66944ff59-2lcjl,6,95
23:11:18,200u,frontend-7bd6f45654-przgb,26,37
23:11:18,200u,frontend-7bd6f45654-s2s7z,34,57
23:11:18,200u,frontend-7bd6f45654-vfxkp,39,39
23:11:18,200u,paymentservice-9bfb7bf5-kgd56,3,115
23:11:18,200u,productcatalogservice-65bbf699df-j2fmg,33,44
23:11:18,200u,recommendationservice-7444754ff5-n8cbh,65,58
23:11:18,200u,redis-cart-c8ff86559-kcf44,5,37
23:11:18,200u,shippingservice-f956b6d9f-w7n4b,7,35
23:11:23,200u,adservice-574bff445c-qb9cj,3,270
23:11:23,200u,cartservice-7c84fdfb6-m5m6d,3,188
23:11:23,200u,checkoutservice-5b6d96c9b7-45rkr,1,39
23:11:23,200u,currencyservice-7c8fc8fc9c-4hm9g,2,126
23:11:23,200u,currencyservice-7c8fc8fc9c-5frj9,2,83
23:11:23,200u,currencyservice-7c8fc8fc9c-mgwx9,2,125
23:11:23,200u,emailservice-66944ff59-2lcjl,5,95
23:11:23,200u,frontend-7bd6f45654-przgb,1,37
23:11:23,200u,frontend-7bd6f45654-s2s7z,1,57
23:11:23,200u,frontend-7bd6f45654-vfxkp,1,39
23:11:23,200u,paymentservice-9bfb7bf5-kgd56,2,115
23:11:23,200u,productcatalogservice-65bbf699df-j2fmg,1,44
23:11:23,200u,recommendationservice-7444754ff5-n8cbh,5,58
23:11:23,200u,redis-cart-c8ff86559-kcf44,3,38
23:11:23,200u,shippingservice-f956b6d9f-w7n4b,1,35
23:11:25,200u,adservice-574bff445c-qb9cj,3,270
23:11:25,200u,cartservice-7c84fdfb6-m5m6d,3,188
23:11:25,200u,checkoutservice-5b6d96c9b7-45rkr,1,39
23:11:25,200u,currencyservice-7c8fc8fc9c-4hm9g,2,126
23:11:25,200u,currencyservice-7c8fc8fc9c-5frj9,2,83
23:11:25,200u,currencyservice-7c8fc8fc9c-mgwx9,2,125
23:11:25,200u,emailservice-66944ff59-2lcjl,5,95
23:11:25,200u,frontend-7bd6f45654-przgb,1,37
23:11:25,200u,frontend-7bd6f45654-s2s7z,1,57
23:11:25,200u,frontend-7bd6f45654-vfxkp,1,39
23:11:25,200u,paymentservice-9bfb7bf5-kgd56,2,115
23:11:25,200u,productcatalogservice-65bbf699df-j2fmg,1,44
23:11:25,200u,recommendationservice-7444754ff5-n8cbh,5,58
23:11:25,200u,redis-cart-c8ff86559-kcf44,3,38
23:11:25,200u,shippingservice-f956b6d9f-w7n4b,1,35
23:11:28,200u,adservice-574bff445c-qb9cj,3,270
23:11:28,200u,cartservice-7c84fdfb6-m5m6d,3,188
23:11:28,200u,checkoutservice-5b6d96c9b7-45rkr,1,39
23:11:28,200u,currencyservice-7c8fc8fc9c-4hm9g,2,126
23:11:28,200u,currencyservice-7c8fc8fc9c-5frj9,2,83
23:11:28,200u,currencyservice-7c8fc8fc9c-mgwx9,2,125
23:11:28,200u,emailservice-66944ff59-2lcjl,5,95
23:11:28,200u,frontend-7bd6f45654-przgb,1,37
23:11:28,200u,frontend-7bd6f45654-s2s7z,1,57
23:11:28,200u,frontend-7bd6f45654-vfxkp,1,39
23:11:28,200u,paymentservice-9bfb7bf5-kgd56,2,115
23:11:28,200u,productcatalogservice-65bbf699df-j2fmg,1,44
23:11:28,200u,recommendationservice-7444754ff5-n8cbh,5,58
23:11:28,200u,redis-cart-c8ff86559-kcf44,3,38
23:11:28,200u,shippingservice-f956b6d9f-w7n4b,1,35
23:11:33,200u,adservice-574bff445c-qb9cj,3,270
23:11:33,200u,cartservice-7c84fdfb6-m5m6d,3,188
23:11:33,200u,checkoutservice-5b6d96c9b7-45rkr,1,39
23:11:33,200u,currencyservice-7c8fc8fc9c-4hm9g,2,126
23:11:33,200u,currencyservice-7c8fc8fc9c-5frj9,2,83
23:11:33,200u,currencyservice-7c8fc8fc9c-mgwx9,2,125
23:11:33,200u,emailservice-66944ff59-2lcjl,5,95
23:11:33,200u,frontend-7bd6f45654-przgb,1,37
23:11:33,200u,frontend-7bd6f45654-s2s7z,1,57
23:11:33,200u,frontend-7bd6f45654-vfxkp,1,39
23:11:33,200u,paymentservice-9bfb7bf5-kgd56,2,115
23:11:33,200u,productcatalogservice-65bbf699df-j2fmg,1,44
23:11:33,200u,recommendationservice-7444754ff5-n8cbh,5,58
23:11:33,200u,redis-cart-c8ff86559-kcf44,3,38
23:11:33,200u,shippingservice-f956b6d9f-w7n4b,1,35
23:11:35,200u,adservice-574bff445c-qb9cj,3,270
23:11:35,200u,cartservice-7c84fdfb6-m5m6d,3,188
23:11:35,200u,checkoutservice-5b6d96c9b7-45rkr,1,39
23:11:35,200u,currencyservice-7c8fc8fc9c-4hm9g,2,126
23:11:35,200u,currencyservice-7c8fc8fc9c-5frj9,8,84
23:11:35,200u,currencyservice-7c8fc8fc9c-mgwx9,1,125
23:11:35,200u,emailservice-66944ff59-2lcjl,5,95
23:11:35,200u,frontend-7bd6f45654-przgb,1,37
23:11:35,200u,frontend-7bd6f45654-s2s7z,1,57
23:11:35,200u,frontend-7bd6f45654-vfxkp,1,39
23:11:35,200u,paymentservice-9bfb7bf5-kgd56,2,115
23:11:35,200u,productcatalogservice-65bbf699df-j2fmg,2,44
23:11:35,200u,recommendationservice-7444754ff5-n8cbh,4,58
23:11:35,200u,redis-cart-c8ff86559-kcf44,3,37
23:11:35,200u,shippingservice-f956b6d9f-w7n4b,1,35
23:11:38,200u,adservice-574bff445c-qb9cj,3,270
23:11:38,200u,cartservice-7c84fdfb6-m5m6d,3,188
23:11:38,200u,checkoutservice-5b6d96c9b7-45rkr,1,39
23:11:38,200u,currencyservice-7c8fc8fc9c-4hm9g,2,126
23:11:38,200u,currencyservice-7c8fc8fc9c-5frj9,8,84
23:11:38,200u,currencyservice-7c8fc8fc9c-mgwx9,1,125
23:11:38,200u,emailservice-66944ff59-2lcjl,5,95
23:11:38,200u,frontend-7bd6f45654-przgb,1,37
23:11:38,200u,frontend-7bd6f45654-s2s7z,1,57
23:11:38,200u,frontend-7bd6f45654-vfxkp,1,39
23:11:38,200u,paymentservice-9bfb7bf5-kgd56,2,115
23:11:38,200u,productcatalogservice-65bbf699df-j2fmg,2,44
23:11:38,200u,recommendationservice-7444754ff5-n8cbh,4,58
23:11:38,200u,redis-cart-c8ff86559-kcf44,3,37
23:11:38,200u,shippingservice-f956b6d9f-w7n4b,1,35
23:11:44,200u,adservice-574bff445c-qb9cj,3,270
23:11:44,200u,cartservice-7c84fdfb6-m5m6d,3,188
23:11:44,200u,checkoutservice-5b6d96c9b7-45rkr,1,39
23:11:44,200u,currencyservice-7c8fc8fc9c-4hm9g,2,126
23:11:44,200u,currencyservice-7c8fc8fc9c-5frj9,8,84
23:11:44,200u,currencyservice-7c8fc8fc9c-mgwx9,1,125
23:11:44,200u,emailservice-66944ff59-2lcjl,5,95
23:11:44,200u,frontend-7bd6f45654-przgb,1,37
23:11:44,200u,frontend-7bd6f45654-s2s7z,1,57
23:11:44,200u,frontend-7bd6f45654-vfxkp,1,39
23:11:44,200u,paymentservice-9bfb7bf5-kgd56,2,115
23:11:44,200u,productcatalogservice-65bbf699df-j2fmg,2,44
23:11:44,200u,recommendationservice-7444754ff5-n8cbh,4,58
23:11:44,200u,redis-cart-c8ff86559-kcf44,3,37
23:11:44,200u,shippingservice-f956b6d9f-w7n4b,1,35
23:11:46,200u,adservice-574bff445c-qb9cj,3,270
23:11:46,200u,cartservice-7c84fdfb6-m5m6d,3,188
23:11:46,200u,checkoutservice-5b6d96c9b7-45rkr,1,39
23:11:46,200u,currencyservice-7c8fc8fc9c-4hm9g,2,126
23:11:46,200u,currencyservice-7c8fc8fc9c-5frj9,8,84
23:11:46,200u,currencyservice-7c8fc8fc9c-mgwx9,1,125
23:11:46,200u,emailservice-66944ff59-2lcjl,5,95
23:11:46,200u,frontend-7bd6f45654-przgb,1,37
23:11:46,200u,frontend-7bd6f45654-s2s7z,1,57
23:11:46,200u,frontend-7bd6f45654-vfxkp,1,39
23:11:46,200u,paymentservice-9bfb7bf5-kgd56,2,115
23:11:46,200u,productcatalogservice-65bbf699df-j2fmg,2,44
23:11:46,200u,recommendationservice-7444754ff5-n8cbh,4,58
23:11:46,200u,redis-cart-c8ff86559-kcf44,3,37
23:11:46,200u,shippingservice-f956b6d9f-w7n4b,1,35
23:11:48,200u,adservice-574bff445c-qb9cj,3,270
23:11:48,200u,cartservice-7c84fdfb6-m5m6d,3,188
23:11:48,200u,checkoutservice-5b6d96c9b7-45rkr,1,39
23:11:48,200u,currencyservice-7c8fc8fc9c-4hm9g,2,126
23:11:48,200u,currencyservice-7c8fc8fc9c-5frj9,8,84
23:11:48,200u,currencyservice-7c8fc8fc9c-mgwx9,1,125
23:11:48,200u,emailservice-66944ff59-2lcjl,5,95
23:11:48,200u,frontend-7bd6f45654-przgb,1,37
23:11:48,200u,frontend-7bd6f45654-s2s7z,1,57
23:11:48,200u,frontend-7bd6f45654-vfxkp,1,39
23:11:48,200u,paymentservice-9bfb7bf5-kgd56,2,115
23:11:48,200u,productcatalogservice-65bbf699df-j2fmg,2,44
23:11:48,200u,recommendationservice-7444754ff5-n8cbh,4,58
23:11:48,200u,redis-cart-c8ff86559-kcf44,3,37
23:11:48,200u,shippingservice-f956b6d9f-w7n4b,1,35
23:11:54,200u,adservice-574bff445c-qb9cj,3,270
23:11:54,200u,cartservice-7c84fdfb6-m5m6d,3,188
23:11:54,200u,checkoutservice-5b6d96c9b7-45rkr,1,39
23:11:54,200u,currencyservice-7c8fc8fc9c-4hm9g,2,126
23:11:54,200u,currencyservice-7c8fc8fc9c-5frj9,3,84
23:11:54,200u,currencyservice-7c8fc8fc9c-mgwx9,3,125
23:11:54,200u,emailservice-66944ff59-2lcjl,5,95
23:11:54,200u,frontend-7bd6f45654-przgb,1,37
23:11:54,200u,frontend-7bd6f45654-s2s7z,1,57
23:11:54,200u,frontend-7bd6f45654-vfxkp,1,39
23:11:54,200u,paymentservice-9bfb7bf5-kgd56,2,115
23:11:54,200u,productcatalogservice-65bbf699df-j2fmg,1,44
23:11:54,200u,recommendationservice-7444754ff5-n8cbh,4,58
23:11:54,200u,redis-cart-c8ff86559-kcf44,3,37
23:11:54,200u,shippingservice-f956b6d9f-w7n4b,1,35
23:11:56,300u,adservice-574bff445c-qb9cj,3,270
23:11:56,300u,cartservice-7c84fdfb6-m5m6d,3,188
23:11:56,300u,checkoutservice-5b6d96c9b7-45rkr,1,39
23:11:56,300u,currencyservice-7c8fc8fc9c-4hm9g,2,126
23:11:56,300u,currencyservice-7c8fc8fc9c-5frj9,3,84
23:11:56,300u,currencyservice-7c8fc8fc9c-mgwx9,3,125
23:11:56,300u,emailservice-66944ff59-2lcjl,5,95
23:11:56,300u,frontend-7bd6f45654-przgb,1,37
23:11:56,300u,frontend-7bd6f45654-s2s7z,1,57
23:11:56,300u,frontend-7bd6f45654-vfxkp,1,39
23:11:56,300u,paymentservice-9bfb7bf5-kgd56,2,115
23:11:56,300u,productcatalogservice-65bbf699df-j2fmg,1,44
23:11:56,300u,recommendationservice-7444754ff5-n8cbh,4,58
23:11:56,300u,redis-cart-c8ff86559-kcf44,3,37
23:11:56,300u,shippingservice-f956b6d9f-w7n4b,1,35
23:11:58,300u,adservice-574bff445c-qb9cj,3,270
23:11:58,300u,cartservice-7c84fdfb6-m5m6d,3,188
23:11:58,300u,checkoutservice-5b6d96c9b7-45rkr,1,39
23:11:58,300u,currencyservice-7c8fc8fc9c-4hm9g,2,126
23:11:58,300u,currencyservice-7c8fc8fc9c-5frj9,3,84
23:11:58,300u,currencyservice-7c8fc8fc9c-mgwx9,3,125
23:11:58,300u,emailservice-66944ff59-2lcjl,5,95
23:11:58,300u,frontend-7bd6f45654-przgb,1,37
23:11:58,300u,frontend-7bd6f45654-s2s7z,1,57
23:11:58,300u,frontend-7bd6f45654-vfxkp,1,39
23:11:58,300u,paymentservice-9bfb7bf5-kgd56,2,115
23:11:58,300u,productcatalogservice-65bbf699df-j2fmg,1,44
23:11:58,300u,recommendationservice-7444754ff5-n8cbh,4,58
23:11:58,300u,redis-cart-c8ff86559-kcf44,3,37
23:11:58,300u,shippingservice-f956b6d9f-w7n4b,1,35
23:12:04,300u,adservice-574bff445c-qb9cj,3,270
23:12:04,300u,cartservice-7c84fdfb6-m5m6d,3,188
23:12:04,300u,checkoutservice-5b6d96c9b7-45rkr,1,39
23:12:04,300u,currencyservice-7c8fc8fc9c-4hm9g,2,126
23:12:04,300u,currencyservice-7c8fc8fc9c-5frj9,3,84
23:12:04,300u,currencyservice-7c8fc8fc9c-mgwx9,3,125
23:12:04,300u,emailservice-66944ff59-2lcjl,5,95
23:12:04,300u,frontend-7bd6f45654-przgb,1,37
23:12:04,300u,frontend-7bd6f45654-s2s7z,1,57
23:12:04,300u,frontend-7bd6f45654-vfxkp,1,39
23:12:04,300u,paymentservice-9bfb7bf5-kgd56,2,115
23:12:04,300u,productcatalogservice-65bbf699df-j2fmg,1,44
23:12:04,300u,recommendationservice-7444754ff5-n8cbh,4,58
23:12:04,300u,redis-cart-c8ff86559-kcf44,3,37
23:12:04,300u,shippingservice-f956b6d9f-w7n4b,1,35
23:12:06,300u,adservice-574bff445c-qb9cj,16,269
23:12:06,300u,cartservice-7c84fdfb6-m5m6d,26,188
23:12:06,300u,checkoutservice-5b6d96c9b7-45rkr,5,39
23:12:06,300u,currencyservice-7c8fc8fc9c-5frj9,58,96
23:12:06,300u,currencyservice-7c8fc8fc9c-mgwx9,14,125
23:12:06,300u,emailservice-66944ff59-2lcjl,6,95
23:12:06,300u,frontend-7bd6f45654-przgb,32,35
23:12:06,300u,frontend-7bd6f45654-s2s7z,12,53
23:12:06,300u,frontend-7bd6f45654-vfxkp,35,35
23:12:06,300u,paymentservice-9bfb7bf5-kgd56,3,115
23:12:06,300u,productcatalogservice-65bbf699df-j2fmg,28,44
23:12:06,300u,recommendationservice-7444754ff5-n8cbh,46,58
23:12:06,300u,redis-cart-c8ff86559-kcf44,5,37
23:12:06,300u,shippingservice-f956b6d9f-w7n4b,6,35
23:12:08,300u,adservice-574bff445c-qb9cj,16,269
23:12:08,300u,cartservice-7c84fdfb6-m5m6d,26,188
23:12:08,300u,checkoutservice-5b6d96c9b7-45rkr,5,39
23:12:08,300u,currencyservice-7c8fc8fc9c-5frj9,58,96
23:12:08,300u,currencyservice-7c8fc8fc9c-mgwx9,14,125
23:12:08,300u,emailservice-66944ff59-2lcjl,6,95
23:12:08,300u,frontend-7bd6f45654-przgb,32,35
23:12:08,300u,frontend-7bd6f45654-s2s7z,12,53
23:12:08,300u,frontend-7bd6f45654-vfxkp,35,35
23:12:08,300u,paymentservice-9bfb7bf5-kgd56,3,115
23:12:08,300u,productcatalogservice-65bbf699df-j2fmg,28,44
23:12:08,300u,recommendationservice-7444754ff5-n8cbh,46,58
23:12:08,300u,redis-cart-c8ff86559-kcf44,5,37
23:12:08,300u,shippingservice-f956b6d9f-w7n4b,6,35
23:12:14,300u,adservice-574bff445c-qb9cj,16,269
23:12:14,300u,cartservice-7c84fdfb6-m5m6d,26,188
23:12:14,300u,checkoutservice-5b6d96c9b7-45rkr,5,39
23:12:14,300u,currencyservice-7c8fc8fc9c-5frj9,58,96
23:12:14,300u,currencyservice-7c8fc8fc9c-mgwx9,14,125
23:12:14,300u,emailservice-66944ff59-2lcjl,6,95
23:12:14,300u,frontend-7bd6f45654-przgb,32,35
23:12:14,300u,frontend-7bd6f45654-s2s7z,12,53
23:12:14,300u,frontend-7bd6f45654-vfxkp,35,35
23:12:14,300u,paymentservice-9bfb7bf5-kgd56,3,115
23:12:14,300u,productcatalogservice-65bbf699df-j2fmg,28,44
23:12:14,300u,recommendationservice-7444754ff5-n8cbh,46,58
23:12:14,300u,redis-cart-c8ff86559-kcf44,5,37
23:12:14,300u,shippingservice-f956b6d9f-w7n4b,6,35
23:12:16,300u,adservice-574bff445c-qb9cj,16,269
23:12:16,300u,cartservice-7c84fdfb6-m5m6d,26,188
23:12:16,300u,checkoutservice-5b6d96c9b7-45rkr,5,39
23:12:16,300u,currencyservice-7c8fc8fc9c-5frj9,58,96
23:12:16,300u,currencyservice-7c8fc8fc9c-mgwx9,14,125
23:12:16,300u,emailservice-66944ff59-2lcjl,6,95
23:12:16,300u,frontend-7bd6f45654-przgb,32,35
23:12:16,300u,frontend-7bd6f45654-s2s7z,12,53
23:12:16,300u,frontend-7bd6f45654-vfxkp,35,35
23:12:16,300u,paymentservice-9bfb7bf5-kgd56,3,115
23:12:16,300u,productcatalogservice-65bbf699df-j2fmg,28,44
23:12:16,300u,recommendationservice-7444754ff5-n8cbh,46,58
23:12:16,300u,redis-cart-c8ff86559-kcf44,5,37
23:12:16,300u,shippingservice-f956b6d9f-w7n4b,6,35
23:12:19,300u,adservice-574bff445c-qb9cj,16,269
23:12:19,300u,cartservice-7c84fdfb6-m5m6d,26,188
23:12:19,300u,checkoutservice-5b6d96c9b7-45rkr,5,39
23:12:19,300u,currencyservice-7c8fc8fc9c-5frj9,58,96
23:12:19,300u,currencyservice-7c8fc8fc9c-mgwx9,14,125
23:12:19,300u,emailservice-66944ff59-2lcjl,6,95
23:12:19,300u,frontend-7bd6f45654-przgb,32,35
23:12:19,300u,frontend-7bd6f45654-s2s7z,12,53
23:12:19,300u,frontend-7bd6f45654-vfxkp,35,35
23:12:19,300u,paymentservice-9bfb7bf5-kgd56,3,115
23:12:19,300u,productcatalogservice-65bbf699df-j2fmg,28,44
23:12:19,300u,recommendationservice-7444754ff5-n8cbh,46,58
23:12:19,300u,redis-cart-c8ff86559-kcf44,5,37
23:12:19,300u,shippingservice-f956b6d9f-w7n4b,6,35
23:12:24,300u,adservice-574bff445c-qb9cj,42,270
23:12:24,300u,cartservice-7c84fdfb6-m5m6d,77,188
23:12:24,300u,checkoutservice-5b6d96c9b7-45rkr,14,39
23:12:24,300u,currencyservice-7c8fc8fc9c-4hm9g,15,89
23:12:24,300u,currencyservice-7c8fc8fc9c-5frj9,131,108
23:12:24,300u,currencyservice-7c8fc8fc9c-mgwx9,37,126
23:12:24,300u,emailservice-66944ff59-2lcjl,9,95
23:12:24,300u,frontend-7bd6f45654-przgb,89,35
23:12:24,300u,frontend-7bd6f45654-s2s7z,34,53
23:12:24,300u,frontend-7bd6f45654-vfxkp,109,35
23:12:24,300u,paymentservice-9bfb7bf5-kgd56,7,115
23:12:24,300u,productcatalogservice-65bbf699df-j2fmg,85,44
23:12:24,300u,recommendationservice-7444754ff5-n8cbh,144,58
23:12:24,300u,redis-cart-c8ff86559-kcf44,7,37
23:12:24,300u,shippingservice-f956b6d9f-w7n4b,15,35
23:12:26,300u,adservice-574bff445c-qb9cj,42,270
23:12:26,300u,cartservice-7c84fdfb6-m5m6d,77,188
23:12:26,300u,checkoutservice-5b6d96c9b7-45rkr,14,39
23:12:26,300u,currencyservice-7c8fc8fc9c-4hm9g,15,89
23:12:26,300u,currencyservice-7c8fc8fc9c-5frj9,131,108
23:12:26,300u,currencyservice-7c8fc8fc9c-mgwx9,37,126
23:12:26,300u,emailservice-66944ff59-2lcjl,9,95
23:12:26,300u,frontend-7bd6f45654-przgb,89,35
23:12:26,300u,frontend-7bd6f45654-s2s7z,34,53
23:12:26,300u,frontend-7bd6f45654-vfxkp,109,35
23:12:26,300u,paymentservice-9bfb7bf5-kgd56,7,115
23:12:26,300u,productcatalogservice-65bbf699df-j2fmg,85,44
23:12:26,300u,recommendationservice-7444754ff5-n8cbh,144,58
23:12:26,300u,redis-cart-c8ff86559-kcf44,7,37
23:12:26,300u,shippingservice-f956b6d9f-w7n4b,15,35
23:12:29,300u,adservice-574bff445c-qb9cj,42,270
23:12:29,300u,cartservice-7c84fdfb6-m5m6d,77,188
23:12:29,300u,checkoutservice-5b6d96c9b7-45rkr,14,39
23:12:29,300u,currencyservice-7c8fc8fc9c-4hm9g,15,89
23:12:29,300u,currencyservice-7c8fc8fc9c-5frj9,131,108
23:12:29,300u,currencyservice-7c8fc8fc9c-mgwx9,37,126
23:12:29,300u,emailservice-66944ff59-2lcjl,9,95
23:12:29,300u,frontend-7bd6f45654-przgb,89,35
23:12:29,300u,frontend-7bd6f45654-s2s7z,34,53
23:12:29,300u,frontend-7bd6f45654-vfxkp,109,35
23:12:29,300u,paymentservice-9bfb7bf5-kgd56,7,115
23:12:29,300u,productcatalogservice-65bbf699df-j2fmg,85,44
23:12:29,300u,recommendationservice-7444754ff5-n8cbh,144,58
23:12:29,300u,redis-cart-c8ff86559-kcf44,7,37
23:12:29,300u,shippingservice-f956b6d9f-w7n4b,15,35
23:12:34,300u,adservice-574bff445c-qb9cj,42,270
23:12:34,300u,cartservice-7c84fdfb6-m5m6d,77,188
23:12:34,300u,checkoutservice-5b6d96c9b7-45rkr,14,39
23:12:34,300u,currencyservice-7c8fc8fc9c-4hm9g,15,89
23:12:34,300u,currencyservice-7c8fc8fc9c-5frj9,131,108
23:12:34,300u,currencyservice-7c8fc8fc9c-mgwx9,37,126
23:12:34,300u,emailservice-66944ff59-2lcjl,9,95
23:12:34,300u,frontend-7bd6f45654-przgb,89,35
23:12:34,300u,frontend-7bd6f45654-s2s7z,34,53
23:12:34,300u,frontend-7bd6f45654-vfxkp,109,35
23:12:34,300u,paymentservice-9bfb7bf5-kgd56,7,115
23:12:34,300u,productcatalogservice-65bbf699df-j2fmg,85,44
23:12:34,300u,recommendationservice-7444754ff5-n8cbh,144,58
23:12:34,300u,redis-cart-c8ff86559-kcf44,7,37
23:12:34,300u,shippingservice-f956b6d9f-w7n4b,15,35
23:12:36,300u,adservice-574bff445c-qb9cj,34,270
23:12:36,300u,cartservice-7c84fdfb6-m5m6d,73,188
23:12:36,300u,checkoutservice-5b6d96c9b7-45rkr,12,39
23:12:36,300u,currencyservice-7c8fc8fc9c-4hm9g,3,90
23:12:36,300u,currencyservice-7c8fc8fc9c-5frj9,95,108
23:12:36,300u,currencyservice-7c8fc8fc9c-mgwx9,43,126
23:12:36,300u,emailservice-66944ff59-2lcjl,8,95
23:12:36,300u,frontend-7bd6f45654-przgb,79,34
23:12:36,300u,frontend-7bd6f45654-s2s7z,45,53
23:12:36,300u,frontend-7bd6f45654-vfxkp,67,35
23:12:36,300u,paymentservice-9bfb7bf5-kgd56,6,115
23:12:36,300u,productcatalogservice-65bbf699df-j2fmg,70,44
23:12:36,300u,recommendationservice-7444754ff5-n8cbh,119,58
23:12:36,300u,redis-cart-c8ff86559-kcf44,6,37
23:12:36,300u,shippingservice-f956b6d9f-w7n4b,13,35
23:12:39,300u,adservice-574bff445c-qb9cj,34,270
23:12:39,300u,cartservice-7c84fdfb6-m5m6d,73,188
23:12:39,300u,checkoutservice-5b6d96c9b7-45rkr,12,39
23:12:39,300u,currencyservice-7c8fc8fc9c-4hm9g,3,90
23:12:39,300u,currencyservice-7c8fc8fc9c-5frj9,95,108
23:12:39,300u,currencyservice-7c8fc8fc9c-mgwx9,43,126
23:12:39,300u,emailservice-66944ff59-2lcjl,8,95
23:12:39,300u,frontend-7bd6f45654-przgb,79,34
23:12:39,300u,frontend-7bd6f45654-s2s7z,45,53
23:12:39,300u,frontend-7bd6f45654-vfxkp,67,35
23:12:39,300u,paymentservice-9bfb7bf5-kgd56,6,115
23:12:39,300u,productcatalogservice-65bbf699df-j2fmg,70,44
23:12:39,300u,recommendationservice-7444754ff5-n8cbh,119,58
23:12:39,300u,redis-cart-c8ff86559-kcf44,6,37
23:12:39,300u,shippingservice-f956b6d9f-w7n4b,13,35
23:12:44,300u,adservice-574bff445c-qb9cj,34,270
23:12:44,300u,cartservice-7c84fdfb6-m5m6d,73,188
23:12:44,300u,checkoutservice-5b6d96c9b7-45rkr,12,39
23:12:44,300u,currencyservice-7c8fc8fc9c-4hm9g,3,90
23:12:44,300u,currencyservice-7c8fc8fc9c-5frj9,95,108
23:12:44,300u,currencyservice-7c8fc8fc9c-mgwx9,43,126
23:12:44,300u,emailservice-66944ff59-2lcjl,8,95
23:12:44,300u,frontend-7bd6f45654-przgb,79,34
23:12:44,300u,frontend-7bd6f45654-s2s7z,45,53
23:12:44,300u,frontend-7bd6f45654-vfxkp,67,35
23:12:44,300u,paymentservice-9bfb7bf5-kgd56,6,115
23:12:44,300u,productcatalogservice-65bbf699df-j2fmg,70,44
23:12:44,300u,recommendationservice-7444754ff5-n8cbh,119,58
23:12:44,300u,redis-cart-c8ff86559-kcf44,6,37
23:12:44,300u,shippingservice-f956b6d9f-w7n4b,13,35
23:12:46,300u,adservice-574bff445c-qb9cj,34,270
23:12:46,300u,cartservice-7c84fdfb6-m5m6d,73,188
23:12:46,300u,checkoutservice-5b6d96c9b7-45rkr,12,39
23:12:46,300u,currencyservice-7c8fc8fc9c-4hm9g,3,90
23:12:46,300u,currencyservice-7c8fc8fc9c-5frj9,95,108
23:12:46,300u,currencyservice-7c8fc8fc9c-mgwx9,43,126
23:12:46,300u,emailservice-66944ff59-2lcjl,8,95
23:12:46,300u,frontend-7bd6f45654-przgb,79,34
23:12:46,300u,frontend-7bd6f45654-s2s7z,45,53
23:12:46,300u,frontend-7bd6f45654-vfxkp,67,35
23:12:46,300u,paymentservice-9bfb7bf5-kgd56,6,115
23:12:46,300u,productcatalogservice-65bbf699df-j2fmg,70,44
23:12:46,300u,recommendationservice-7444754ff5-n8cbh,119,58
23:12:46,300u,redis-cart-c8ff86559-kcf44,6,37
23:12:46,300u,shippingservice-f956b6d9f-w7n4b,13,35
23:12:49,300u,adservice-574bff445c-qb9cj,34,270
23:12:49,300u,cartservice-7c84fdfb6-m5m6d,73,188
23:12:49,300u,checkoutservice-5b6d96c9b7-45rkr,12,39
23:12:49,300u,currencyservice-7c8fc8fc9c-4hm9g,3,90
23:12:49,300u,currencyservice-7c8fc8fc9c-5frj9,95,108
23:12:49,300u,currencyservice-7c8fc8fc9c-mgwx9,43,126
23:12:49,300u,emailservice-66944ff59-2lcjl,8,95
23:12:49,300u,frontend-7bd6f45654-przgb,79,34
23:12:49,300u,frontend-7bd6f45654-s2s7z,45,53
23:12:49,300u,frontend-7bd6f45654-vfxkp,67,35
23:12:49,300u,paymentservice-9bfb7bf5-kgd56,6,115
23:12:49,300u,productcatalogservice-65bbf699df-j2fmg,70,44
23:12:49,300u,recommendationservice-7444754ff5-n8cbh,119,58
23:12:49,300u,redis-cart-c8ff86559-kcf44,6,37
23:12:49,300u,shippingservice-f956b6d9f-w7n4b,13,35
23:12:54,300u,adservice-574bff445c-qb9cj,37,270
23:12:54,300u,cartservice-7c84fdfb6-m5m6d,78,188
23:12:54,300u,checkoutservice-5b6d96c9b7-45rkr,17,39
23:12:54,300u,currencyservice-7c8fc8fc9c-4hm9g,2,90
23:12:54,300u,currencyservice-7c8fc8fc9c-5frj9,106,112
23:12:54,300u,currencyservice-7c8fc8fc9c-mgwx9,59,125
23:12:54,300u,emailservice-66944ff59-2lcjl,10,95
23:12:54,300u,frontend-7bd6f45654-przgb,100,36
23:12:54,300u,frontend-7bd6f45654-s2s7z,58,53
23:12:54,300u,frontend-7bd6f45654-vfxkp,61,35
23:12:54,300u,paymentservice-9bfb7bf5-kgd56,7,115
23:12:54,300u,productcatalogservice-65bbf699df-j2fmg,80,44
23:12:54,300u,recommendationservice-7444754ff5-n8cbh,139,58
23:12:54,300u,redis-cart-c8ff86559-kcf44,6,37
23:12:54,300u,shippingservice-f956b6d9f-w7n4b,15,35
23:12:56,300u,adservice-574bff445c-qb9cj,37,270
23:12:56,300u,cartservice-7c84fdfb6-m5m6d,78,188
23:12:56,300u,checkoutservice-5b6d96c9b7-45rkr,17,39
23:12:56,300u,currencyservice-7c8fc8fc9c-4hm9g,2,90
23:12:56,300u,currencyservice-7c8fc8fc9c-5frj9,106,112
23:12:56,300u,currencyservice-7c8fc8fc9c-mgwx9,59,125
23:12:56,300u,emailservice-66944ff59-2lcjl,10,95
23:12:56,300u,frontend-7bd6f45654-przgb,100,36
23:12:56,300u,frontend-7bd6f45654-s2s7z,58,53
23:12:56,300u,frontend-7bd6f45654-vfxkp,61,35
23:12:56,300u,paymentservice-9bfb7bf5-kgd56,7,115
23:12:56,300u,productcatalogservice-65bbf699df-j2fmg,80,44
23:12:56,300u,recommendationservice-7444754ff5-n8cbh,139,58
23:12:56,300u,redis-cart-c8ff86559-kcf44,6,37
23:12:56,300u,shippingservice-f956b6d9f-w7n4b,15,35
23:12:59,300u,adservice-574bff445c-qb9cj,37,270
23:12:59,300u,cartservice-7c84fdfb6-m5m6d,78,188
23:12:59,300u,checkoutservice-5b6d96c9b7-45rkr,17,39
23:12:59,300u,currencyservice-7c8fc8fc9c-4hm9g,2,90
23:12:59,300u,currencyservice-7c8fc8fc9c-5frj9,106,112
23:12:59,300u,currencyservice-7c8fc8fc9c-mgwx9,59,125
23:12:59,300u,emailservice-66944ff59-2lcjl,10,95
23:12:59,300u,frontend-7bd6f45654-przgb,100,36
23:12:59,300u,frontend-7bd6f45654-s2s7z,58,53
23:12:59,300u,frontend-7bd6f45654-vfxkp,61,35
23:12:59,300u,paymentservice-9bfb7bf5-kgd56,7,115
23:12:59,300u,productcatalogservice-65bbf699df-j2fmg,80,44
23:12:59,300u,recommendationservice-7444754ff5-n8cbh,139,58
23:12:59,300u,redis-cart-c8ff86559-kcf44,6,37
23:12:59,300u,shippingservice-f956b6d9f-w7n4b,15,35
23:13:05,300u,adservice-574bff445c-qb9cj,58,270
23:13:05,300u,cartservice-7c84fdfb6-m5m6d,104,188
23:13:05,300u,checkoutservice-5b6d96c9b7-45rkr,20,39
23:13:05,300u,currencyservice-7c8fc8fc9c-4hm9g,4,92
23:13:05,300u,currencyservice-7c8fc8fc9c-5frj9,156,113
23:13:05,300u,currencyservice-7c8fc8fc9c-mgwx9,65,125
23:13:05,300u,emailservice-66944ff59-2lcjl,11,95
23:13:05,300u,frontend-7bd6f45654-przgb,132,36
23:13:05,300u,frontend-7bd6f45654-s2s7z,73,53
23:13:05,300u,frontend-7bd6f45654-vfxkp,113,35
23:13:05,300u,paymentservice-9bfb7bf5-kgd56,8,115
23:13:05,300u,productcatalogservice-65bbf699df-j2fmg,111,44
23:13:05,300u,recommendationservice-7444754ff5-n8cbh,200,59
23:13:05,300u,redis-cart-c8ff86559-kcf44,8,37
23:13:05,300u,shippingservice-f956b6d9f-w7n4b,20,35
23:13:06,300u,adservice-574bff445c-qb9cj,58,270
23:13:06,300u,cartservice-7c84fdfb6-m5m6d,104,188
23:13:06,300u,checkoutservice-5b6d96c9b7-45rkr,20,39
23:13:06,300u,currencyservice-7c8fc8fc9c-4hm9g,4,92
23:13:06,300u,currencyservice-7c8fc8fc9c-5frj9,156,113
23:13:06,300u,currencyservice-7c8fc8fc9c-mgwx9,65,125
23:13:06,300u,emailservice-66944ff59-2lcjl,11,95
23:13:06,300u,frontend-7bd6f45654-przgb,132,36
23:13:06,300u,frontend-7bd6f45654-s2s7z,73,53
23:13:06,300u,frontend-7bd6f45654-vfxkp,113,35
23:13:06,300u,paymentservice-9bfb7bf5-kgd56,8,115
23:13:06,300u,productcatalogservice-65bbf699df-j2fmg,111,44
23:13:06,300u,recommendationservice-7444754ff5-n8cbh,200,59
23:13:06,300u,redis-cart-c8ff86559-kcf44,8,37
23:13:06,300u,shippingservice-f956b6d9f-w7n4b,20,35
23:13:09,300u,adservice-574bff445c-qb9cj,58,270
23:13:09,300u,cartservice-7c84fdfb6-m5m6d,104,188
23:13:09,300u,checkoutservice-5b6d96c9b7-45rkr,20,39
23:13:09,300u,currencyservice-7c8fc8fc9c-4hm9g,4,92
23:13:09,300u,currencyservice-7c8fc8fc9c-5frj9,156,113
23:13:09,300u,currencyservice-7c8fc8fc9c-mgwx9,65,125
23:13:09,300u,emailservice-66944ff59-2lcjl,11,95
23:13:09,300u,frontend-7bd6f45654-przgb,132,36
23:13:09,300u,frontend-7bd6f45654-s2s7z,73,53
23:13:09,300u,frontend-7bd6f45654-vfxkp,113,35
23:13:09,300u,paymentservice-9bfb7bf5-kgd56,8,115
23:13:09,300u,productcatalogservice-65bbf699df-j2fmg,111,44
23:13:09,300u,recommendationservice-7444754ff5-n8cbh,200,59
23:13:09,300u,redis-cart-c8ff86559-kcf44,8,37
23:13:09,300u,shippingservice-f956b6d9f-w7n4b,20,35
23:13:15,300u,adservice-574bff445c-qb9cj,58,270
23:13:15,300u,cartservice-7c84fdfb6-m5m6d,104,188
23:13:15,300u,checkoutservice-5b6d96c9b7-45rkr,20,39
23:13:15,300u,currencyservice-7c8fc8fc9c-4hm9g,4,92
23:13:15,300u,currencyservice-7c8fc8fc9c-5frj9,156,113
23:13:15,300u,currencyservice-7c8fc8fc9c-mgwx9,65,125
23:13:15,300u,emailservice-66944ff59-2lcjl,11,95
23:13:15,300u,frontend-7bd6f45654-przgb,132,36
23:13:15,300u,frontend-7bd6f45654-s2s7z,73,53
23:13:15,300u,frontend-7bd6f45654-vfxkp,113,35
23:13:15,300u,paymentservice-9bfb7bf5-kgd56,8,115
23:13:15,300u,productcatalogservice-65bbf699df-j2fmg,111,44
23:13:15,300u,recommendationservice-7444754ff5-n8cbh,200,59
23:13:15,300u,redis-cart-c8ff86559-kcf44,8,37
23:13:15,300u,shippingservice-f956b6d9f-w7n4b,20,35
23:13:16,300u,adservice-574bff445c-qb9cj,58,270
23:13:16,300u,cartservice-7c84fdfb6-m5m6d,104,188
23:13:16,300u,checkoutservice-5b6d96c9b7-45rkr,20,39
23:13:16,300u,currencyservice-7c8fc8fc9c-4hm9g,4,92
23:13:16,300u,currencyservice-7c8fc8fc9c-5frj9,156,113
23:13:16,300u,currencyservice-7c8fc8fc9c-mgwx9,65,125
23:13:16,300u,emailservice-66944ff59-2lcjl,11,95
23:13:16,300u,frontend-7bd6f45654-przgb,132,36
23:13:16,300u,frontend-7bd6f45654-s2s7z,73,53
23:13:16,300u,frontend-7bd6f45654-vfxkp,113,35
23:13:16,300u,paymentservice-9bfb7bf5-kgd56,8,115
23:13:16,300u,productcatalogservice-65bbf699df-j2fmg,111,44
23:13:16,300u,recommendationservice-7444754ff5-n8cbh,200,59
23:13:16,300u,redis-cart-c8ff86559-kcf44,8,37
23:13:16,300u,shippingservice-f956b6d9f-w7n4b,20,35
23:13:19,300u,adservice-574bff445c-qb9cj,58,270
23:13:19,300u,cartservice-7c84fdfb6-m5m6d,104,188
23:13:19,300u,checkoutservice-5b6d96c9b7-45rkr,20,39
23:13:19,300u,currencyservice-7c8fc8fc9c-4hm9g,4,92
23:13:19,300u,currencyservice-7c8fc8fc9c-5frj9,156,113
23:13:19,300u,currencyservice-7c8fc8fc9c-mgwx9,65,125
23:13:19,300u,emailservice-66944ff59-2lcjl,11,95
23:13:19,300u,frontend-7bd6f45654-przgb,132,36
23:13:19,300u,frontend-7bd6f45654-s2s7z,73,53
23:13:19,300u,frontend-7bd6f45654-vfxkp,113,35
23:13:19,300u,paymentservice-9bfb7bf5-kgd56,8,115
23:13:19,300u,productcatalogservice-65bbf699df-j2fmg,111,44
23:13:19,300u,recommendationservice-7444754ff5-n8cbh,200,59
23:13:19,300u,redis-cart-c8ff86559-kcf44,8,37
23:13:19,300u,shippingservice-f956b6d9f-w7n4b,20,35
23:13:25,300u,adservice-574bff445c-qb9cj,61,270
23:13:25,300u,cartservice-7c84fdfb6-m5m6d,106,188
23:13:25,300u,checkoutservice-5b6d96c9b7-45rkr,23,39
23:13:25,300u,currencyservice-7c8fc8fc9c-4hm9g,1,92
23:13:25,300u,currencyservice-7c8fc8fc9c-5frj9,149,112
23:13:25,300u,currencyservice-7c8fc8fc9c-mgwx9,73,126
23:13:25,300u,emailservice-66944ff59-2lcjl,13,95
23:13:25,300u,frontend-7bd6f45654-przgb,122,36
23:13:25,300u,frontend-7bd6f45654-s2s7z,80,54
23:13:25,300u,frontend-7bd6f45654-vfxkp,118,36
23:13:25,300u,paymentservice-9bfb7bf5-kgd56,9,115
23:13:25,300u,productcatalogservice-65bbf699df-j2fmg,112,44
23:13:25,300u,recommendationservice-7444754ff5-n8cbh,200,59
23:13:25,300u,redis-cart-c8ff86559-kcf44,8,37
23:13:25,300u,shippingservice-f956b6d9f-w7n4b,21,35
23:13:27,300u,adservice-574bff445c-qb9cj,61,270
23:13:27,300u,cartservice-7c84fdfb6-m5m6d,106,188
23:13:27,300u,checkoutservice-5b6d96c9b7-45rkr,23,39
23:13:27,300u,currencyservice-7c8fc8fc9c-4hm9g,1,92
23:13:27,300u,currencyservice-7c8fc8fc9c-5frj9,149,112
23:13:27,300u,currencyservice-7c8fc8fc9c-mgwx9,73,126
23:13:27,300u,emailservice-66944ff59-2lcjl,13,95
23:13:27,300u,frontend-7bd6f45654-przgb,122,36
23:13:27,300u,frontend-7bd6f45654-s2s7z,80,54
23:13:27,300u,frontend-7bd6f45654-vfxkp,118,36
23:13:27,300u,paymentservice-9bfb7bf5-kgd56,9,115
23:13:27,300u,productcatalogservice-65bbf699df-j2fmg,112,44
23:13:27,300u,recommendationservice-7444754ff5-n8cbh,200,59
23:13:27,300u,redis-cart-c8ff86559-kcf44,8,37
23:13:27,300u,shippingservice-f956b6d9f-w7n4b,21,35
23:13:29,300u,adservice-574bff445c-qb9cj,61,270
23:13:29,300u,cartservice-7c84fdfb6-m5m6d,106,188
23:13:29,300u,checkoutservice-5b6d96c9b7-45rkr,23,39
23:13:29,300u,currencyservice-7c8fc8fc9c-4hm9g,1,92
23:13:29,300u,currencyservice-7c8fc8fc9c-5frj9,149,112
23:13:29,300u,currencyservice-7c8fc8fc9c-mgwx9,73,126
23:13:29,300u,emailservice-66944ff59-2lcjl,13,95
23:13:29,300u,frontend-7bd6f45654-przgb,122,36
23:13:29,300u,frontend-7bd6f45654-s2s7z,80,54
23:13:29,300u,frontend-7bd6f45654-vfxkp,118,36
23:13:29,300u,paymentservice-9bfb7bf5-kgd56,9,115
23:13:29,300u,productcatalogservice-65bbf699df-j2fmg,112,44
23:13:29,300u,recommendationservice-7444754ff5-n8cbh,200,59
23:13:29,300u,redis-cart-c8ff86559-kcf44,8,37
23:13:29,300u,shippingservice-f956b6d9f-w7n4b,21,35
23:13:35,300u,adservice-574bff445c-qb9cj,63,271
23:13:35,300u,cartservice-7c84fdfb6-m5m6d,108,188
23:13:35,300u,checkoutservice-5b6d96c9b7-45rkr,23,39
23:13:35,300u,currencyservice-7c8fc8fc9c-4hm9g,2,92
23:13:35,300u,currencyservice-7c8fc8fc9c-5frj9,148,112
23:13:35,300u,currencyservice-7c8fc8fc9c-mgwx9,83,125
23:13:35,300u,emailservice-66944ff59-2lcjl,12,95
23:13:35,300u,frontend-7bd6f45654-przgb,118,37
23:13:35,300u,frontend-7bd6f45654-s2s7z,87,54
23:13:35,300u,frontend-7bd6f45654-vfxkp,116,37
23:13:35,300u,paymentservice-9bfb7bf5-kgd56,9,115
23:13:35,300u,productcatalogservice-65bbf699df-j2fmg,112,44
23:13:35,300u,recommendationservice-7444754ff5-n8cbh,200,60
23:13:35,300u,redis-cart-c8ff86559-kcf44,8,37
23:13:35,300u,shippingservice-f956b6d9f-w7n4b,21,35
23:13:37,300u,adservice-574bff445c-qb9cj,63,271
23:13:37,300u,cartservice-7c84fdfb6-m5m6d,108,188
23:13:37,300u,checkoutservice-5b6d96c9b7-45rkr,23,39
23:13:37,300u,currencyservice-7c8fc8fc9c-4hm9g,2,92
23:13:37,300u,currencyservice-7c8fc8fc9c-5frj9,148,112
23:13:37,300u,currencyservice-7c8fc8fc9c-mgwx9,83,125
23:13:37,300u,emailservice-66944ff59-2lcjl,12,95
23:13:37,300u,frontend-7bd6f45654-przgb,118,37
23:13:37,300u,frontend-7bd6f45654-s2s7z,87,54
23:13:37,300u,frontend-7bd6f45654-vfxkp,116,37
23:13:37,300u,paymentservice-9bfb7bf5-kgd56,9,115
23:13:37,300u,productcatalogservice-65bbf699df-j2fmg,112,44
23:13:37,300u,recommendationservice-7444754ff5-n8cbh,200,60
23:13:37,300u,redis-cart-c8ff86559-kcf44,8,37
23:13:37,300u,shippingservice-f956b6d9f-w7n4b,21,35
23:13:39,300u,adservice-574bff445c-qb9cj,63,271
23:13:39,300u,cartservice-7c84fdfb6-m5m6d,108,188
23:13:39,300u,checkoutservice-5b6d96c9b7-45rkr,23,39
23:13:39,300u,currencyservice-7c8fc8fc9c-4hm9g,2,92
23:13:39,300u,currencyservice-7c8fc8fc9c-5frj9,148,112
23:13:39,300u,currencyservice-7c8fc8fc9c-mgwx9,83,125
23:13:39,300u,emailservice-66944ff59-2lcjl,12,95
23:13:39,300u,frontend-7bd6f45654-przgb,118,37
23:13:39,300u,frontend-7bd6f45654-s2s7z,87,54
23:13:39,300u,frontend-7bd6f45654-vfxkp,116,37
23:13:39,300u,paymentservice-9bfb7bf5-kgd56,9,115
23:13:39,300u,productcatalogservice-65bbf699df-j2fmg,112,44
23:13:39,300u,recommendationservice-7444754ff5-n8cbh,200,60
23:13:39,300u,redis-cart-c8ff86559-kcf44,8,37
23:13:39,300u,shippingservice-f956b6d9f-w7n4b,21,35
23:13:45,300u,adservice-574bff445c-qb9cj,63,271
23:13:45,300u,cartservice-7c84fdfb6-m5m6d,108,188
23:13:45,300u,checkoutservice-5b6d96c9b7-45rkr,23,39
23:13:45,300u,currencyservice-7c8fc8fc9c-4hm9g,2,92
23:13:45,300u,currencyservice-7c8fc8fc9c-5frj9,148,112
23:13:45,300u,currencyservice-7c8fc8fc9c-mgwx9,83,125
23:13:45,300u,emailservice-66944ff59-2lcjl,12,95
23:13:45,300u,frontend-7bd6f45654-przgb,118,37
23:13:45,300u,frontend-7bd6f45654-s2s7z,87,54
23:13:45,300u,frontend-7bd6f45654-vfxkp,116,37
23:13:45,300u,paymentservice-9bfb7bf5-kgd56,9,115
23:13:45,300u,productcatalogservice-65bbf699df-j2fmg,112,44
23:13:45,300u,recommendationservice-7444754ff5-n8cbh,200,60
23:13:45,300u,redis-cart-c8ff86559-kcf44,8,37
23:13:45,300u,shippingservice-f956b6d9f-w7n4b,21,35
23:13:47,300u,adservice-574bff445c-qb9cj,63,271
23:13:47,300u,cartservice-7c84fdfb6-m5m6d,108,188
23:13:47,300u,checkoutservice-5b6d96c9b7-45rkr,23,39
23:13:47,300u,currencyservice-7c8fc8fc9c-4hm9g,2,92
23:13:47,300u,currencyservice-7c8fc8fc9c-5frj9,148,112
23:13:47,300u,currencyservice-7c8fc8fc9c-mgwx9,83,125
23:13:47,300u,emailservice-66944ff59-2lcjl,12,95
23:13:47,300u,frontend-7bd6f45654-przgb,118,37
23:13:47,300u,frontend-7bd6f45654-s2s7z,87,54
23:13:47,300u,frontend-7bd6f45654-vfxkp,116,37
23:13:47,300u,paymentservice-9bfb7bf5-kgd56,9,115
23:13:47,300u,productcatalogservice-65bbf699df-j2fmg,112,44
23:13:47,300u,recommendationservice-7444754ff5-n8cbh,200,60
23:13:47,300u,redis-cart-c8ff86559-kcf44,8,37
23:13:47,300u,shippingservice-f956b6d9f-w7n4b,21,35
23:13:49,300u,adservice-574bff445c-qb9cj,63,271
23:13:49,300u,cartservice-7c84fdfb6-m5m6d,108,188
23:13:49,300u,checkoutservice-5b6d96c9b7-45rkr,23,39
23:13:49,300u,currencyservice-7c8fc8fc9c-4hm9g,2,92
23:13:49,300u,currencyservice-7c8fc8fc9c-5frj9,148,112
23:13:49,300u,currencyservice-7c8fc8fc9c-mgwx9,83,125
23:13:49,300u,emailservice-66944ff59-2lcjl,12,95
23:13:49,300u,frontend-7bd6f45654-przgb,118,37
23:13:49,300u,frontend-7bd6f45654-s2s7z,87,54
23:13:49,300u,frontend-7bd6f45654-vfxkp,116,37
23:13:49,300u,paymentservice-9bfb7bf5-kgd56,9,115
23:13:49,300u,productcatalogservice-65bbf699df-j2fmg,112,44
23:13:49,300u,recommendationservice-7444754ff5-n8cbh,200,60
23:13:49,300u,redis-cart-c8ff86559-kcf44,8,37
23:13:49,300u,shippingservice-f956b6d9f-w7n4b,21,35
23:13:55,300u,adservice-574bff445c-qb9cj,62,271
23:13:55,300u,cartservice-7c84fdfb6-m5m6d,97,188
23:13:55,300u,checkoutservice-5b6d96c9b7-45rkr,18,39
23:13:55,300u,currencyservice-7c8fc8fc9c-4hm9g,1,92
23:13:55,300u,currencyservice-7c8fc8fc9c-5frj9,145,114
23:13:55,300u,currencyservice-7c8fc8fc9c-mgwx9,80,125
23:13:55,300u,emailservice-66944ff59-2lcjl,11,95
23:13:55,300u,frontend-7bd6f45654-przgb,119,38
23:13:55,300u,frontend-7bd6f45654-s2s7z,89,55
23:13:55,300u,frontend-7bd6f45654-vfxkp,115,38
23:13:55,300u,paymentservice-9bfb7bf5-kgd56,8,115
23:13:55,300u,productcatalogservice-65bbf699df-j2fmg,113,44
23:13:55,300u,recommendationservice-7444754ff5-n8cbh,200,60
23:13:55,300u,redis-cart-c8ff86559-kcf44,8,37
23:13:55,300u,shippingservice-f956b6d9f-w7n4b,19,35
23:13:57,300u,adservice-574bff445c-qb9cj,62,271
23:13:57,300u,cartservice-7c84fdfb6-m5m6d,97,188
23:13:57,300u,checkoutservice-5b6d96c9b7-45rkr,18,39
23:13:57,300u,currencyservice-7c8fc8fc9c-4hm9g,1,92
23:13:57,300u,currencyservice-7c8fc8fc9c-5frj9,145,114
23:13:57,300u,currencyservice-7c8fc8fc9c-mgwx9,80,125
23:13:57,300u,emailservice-66944ff59-2lcjl,11,95
23:13:57,300u,frontend-7bd6f45654-przgb,119,38
23:13:57,300u,frontend-7bd6f45654-s2s7z,89,55
23:13:57,300u,frontend-7bd6f45654-vfxkp,115,38
23:13:57,300u,paymentservice-9bfb7bf5-kgd56,8,115
23:13:57,300u,productcatalogservice-65bbf699df-j2fmg,113,44
23:13:57,300u,recommendationservice-7444754ff5-n8cbh,200,60
23:13:57,300u,redis-cart-c8ff86559-kcf44,8,37
23:13:57,300u,shippingservice-f956b6d9f-w7n4b,19,35
23:14:00,300u,adservice-574bff445c-qb9cj,62,271
23:14:00,300u,cartservice-7c84fdfb6-m5m6d,97,188
23:14:00,300u,checkoutservice-5b6d96c9b7-45rkr,18,39
23:14:00,300u,currencyservice-7c8fc8fc9c-4hm9g,1,92
23:14:00,300u,currencyservice-7c8fc8fc9c-5frj9,145,114
23:14:00,300u,currencyservice-7c8fc8fc9c-mgwx9,80,125
23:14:00,300u,emailservice-66944ff59-2lcjl,11,95
23:14:00,300u,frontend-7bd6f45654-przgb,119,38
23:14:00,300u,frontend-7bd6f45654-s2s7z,89,55
23:14:00,300u,frontend-7bd6f45654-vfxkp,115,38
23:14:00,300u,paymentservice-9bfb7bf5-kgd56,8,115
23:14:00,300u,productcatalogservice-65bbf699df-j2fmg,113,44
23:14:00,300u,recommendationservice-7444754ff5-n8cbh,200,60
23:14:00,300u,redis-cart-c8ff86559-kcf44,8,37
23:14:00,300u,shippingservice-f956b6d9f-w7n4b,19,35
23:14:05,300u,adservice-574bff445c-qb9cj,67,271
23:14:05,300u,cartservice-7c84fdfb6-m5m6d,98,188
23:14:05,300u,checkoutservice-5b6d96c9b7-45rkr,19,39
23:14:05,300u,currencyservice-7c8fc8fc9c-4hm9g,9,91
23:14:05,300u,currencyservice-7c8fc8fc9c-5frj9,153,114
23:14:05,300u,currencyservice-7c8fc8fc9c-mgwx9,86,126
23:14:05,300u,emailservice-66944ff59-2lcjl,11,95
23:14:05,300u,frontend-7bd6f45654-przgb,121,39
23:14:05,300u,frontend-7bd6f45654-s2s7z,97,56
23:14:05,300u,frontend-7bd6f45654-vfxkp,111,38
23:14:05,300u,paymentservice-9bfb7bf5-kgd56,9,115
23:14:05,300u,productcatalogservice-65bbf699df-j2fmg,112,44
23:14:05,300u,recommendationservice-7444754ff5-n8cbh,201,61
23:14:05,300u,redis-cart-c8ff86559-kcf44,9,37
23:14:05,300u,shippingservice-f956b6d9f-w7n4b,20,35
23:14:07,300u,adservice-574bff445c-qb9cj,67,271
23:14:07,300u,cartservice-7c84fdfb6-m5m6d,98,188
23:14:07,300u,checkoutservice-5b6d96c9b7-45rkr,19,39
23:14:07,300u,currencyservice-7c8fc8fc9c-4hm9g,9,91
23:14:07,300u,currencyservice-7c8fc8fc9c-5frj9,153,114
23:14:07,300u,currencyservice-7c8fc8fc9c-mgwx9,86,126
23:14:07,300u,emailservice-66944ff59-2lcjl,11,95
23:14:07,300u,frontend-7bd6f45654-przgb,121,39
23:14:07,300u,frontend-7bd6f45654-s2s7z,97,56
23:14:07,300u,frontend-7bd6f45654-vfxkp,111,38
23:14:07,300u,paymentservice-9bfb7bf5-kgd56,9,115
23:14:07,300u,productcatalogservice-65bbf699df-j2fmg,112,44
23:14:07,300u,recommendationservice-7444754ff5-n8cbh,201,61
23:14:07,300u,redis-cart-c8ff86559-kcf44,9,37
23:14:07,300u,shippingservice-f956b6d9f-w7n4b,20,35
23:14:10,300u,adservice-574bff445c-qb9cj,67,271
23:14:10,300u,cartservice-7c84fdfb6-m5m6d,98,188
23:14:10,300u,checkoutservice-5b6d96c9b7-45rkr,19,39
23:14:10,300u,currencyservice-7c8fc8fc9c-4hm9g,9,91
23:14:10,300u,currencyservice-7c8fc8fc9c-5frj9,153,114
23:14:10,300u,currencyservice-7c8fc8fc9c-mgwx9,86,126
23:14:10,300u,emailservice-66944ff59-2lcjl,11,95
23:14:10,300u,frontend-7bd6f45654-przgb,121,39
23:14:10,300u,frontend-7bd6f45654-s2s7z,97,56
23:14:10,300u,frontend-7bd6f45654-vfxkp,111,38
23:14:10,300u,paymentservice-9bfb7bf5-kgd56,9,115
23:14:10,300u,productcatalogservice-65bbf699df-j2fmg,112,44
23:14:10,300u,recommendationservice-7444754ff5-n8cbh,201,61
23:14:10,300u,redis-cart-c8ff86559-kcf44,9,37
23:14:10,300u,shippingservice-f956b6d9f-w7n4b,20,35
23:14:15,300u,adservice-574bff445c-qb9cj,67,271
23:14:15,300u,cartservice-7c84fdfb6-m5m6d,98,188
23:14:15,300u,checkoutservice-5b6d96c9b7-45rkr,19,39
23:14:15,300u,currencyservice-7c8fc8fc9c-4hm9g,9,91
23:14:15,300u,currencyservice-7c8fc8fc9c-5frj9,153,114
23:14:15,300u,currencyservice-7c8fc8fc9c-mgwx9,86,126
23:14:15,300u,emailservice-66944ff59-2lcjl,11,95
23:14:15,300u,frontend-7bd6f45654-przgb,121,39
23:14:15,300u,frontend-7bd6f45654-s2s7z,97,56
23:14:15,300u,frontend-7bd6f45654-vfxkp,111,38
23:14:15,300u,paymentservice-9bfb7bf5-kgd56,9,115
23:14:15,300u,productcatalogservice-65bbf699df-j2fmg,112,44
23:14:15,300u,recommendationservice-7444754ff5-n8cbh,201,61
23:14:15,300u,redis-cart-c8ff86559-kcf44,9,37
23:14:15,300u,shippingservice-f956b6d9f-w7n4b,20,35
23:14:17,300u,adservice-574bff445c-qb9cj,67,271
23:14:17,300u,cartservice-7c84fdfb6-m5m6d,98,188
23:14:17,300u,checkoutservice-5b6d96c9b7-45rkr,19,39
23:14:17,300u,currencyservice-7c8fc8fc9c-4hm9g,9,91
23:14:17,300u,currencyservice-7c8fc8fc9c-5frj9,153,114
23:14:17,300u,currencyservice-7c8fc8fc9c-mgwx9,86,126
23:14:17,300u,emailservice-66944ff59-2lcjl,11,95
23:14:17,300u,frontend-7bd6f45654-przgb,121,39
23:14:17,300u,frontend-7bd6f45654-s2s7z,97,56
23:14:17,300u,frontend-7bd6f45654-vfxkp,111,38
23:14:17,300u,paymentservice-9bfb7bf5-kgd56,9,115
23:14:17,300u,productcatalogservice-65bbf699df-j2fmg,112,44
23:14:17,300u,recommendationservice-7444754ff5-n8cbh,201,61
23:14:17,300u,redis-cart-c8ff86559-kcf44,9,37
23:14:17,300u,shippingservice-f956b6d9f-w7n4b,20,35
23:14:20,300u,adservice-574bff445c-qb9cj,141,275
23:14:20,300u,cartservice-7c84fdfb6-m5m6d,144,189
23:14:20,300u,checkoutservice-5b6d96c9b7-45rkr,48,39
23:14:20,300u,currencyservice-7c8fc8fc9c-4hm9g,2,91
23:14:20,300u,currencyservice-7c8fc8fc9c-5frj9,173,120
23:14:20,300u,currencyservice-7c8fc8fc9c-mgwx9,145,126
23:14:20,300u,emailservice-66944ff59-2lcjl,26,95
23:14:20,300u,frontend-7bd6f45654-przgb,152,40
23:14:20,300u,frontend-7bd6f45654-s2s7z,142,56
23:14:20,300u,frontend-7bd6f45654-vfxkp,142,38
23:14:20,300u,paymentservice-9bfb7bf5-kgd56,19,115
23:14:20,300u,productcatalogservice-65bbf699df-j2fmg,108,44
23:14:20,300u,recommendationservice-7444754ff5-n8cbh,175,61
23:14:20,300u,redis-cart-c8ff86559-kcf44,12,37
23:14:20,300u,shippingservice-f956b6d9f-w7n4b,34,35
23:14:26,300u,adservice-574bff445c-qb9cj,141,275
23:14:26,300u,cartservice-7c84fdfb6-m5m6d,144,189
23:14:26,300u,checkoutservice-5b6d96c9b7-45rkr,48,39
23:14:26,300u,currencyservice-7c8fc8fc9c-4hm9g,2,91
23:14:26,300u,currencyservice-7c8fc8fc9c-5frj9,173,120
23:14:26,300u,currencyservice-7c8fc8fc9c-mgwx9,145,126
23:14:26,300u,emailservice-66944ff59-2lcjl,26,95
23:14:26,300u,frontend-7bd6f45654-przgb,152,40
23:14:26,300u,frontend-7bd6f45654-s2s7z,142,56
23:14:26,300u,frontend-7bd6f45654-vfxkp,142,38
23:14:26,300u,paymentservice-9bfb7bf5-kgd56,19,115
23:14:26,300u,productcatalogservice-65bbf699df-j2fmg,108,44
23:14:26,300u,recommendationservice-7444754ff5-n8cbh,175,61
23:14:26,300u,redis-cart-c8ff86559-kcf44,12,37
23:14:26,300u,shippingservice-f956b6d9f-w7n4b,34,35
23:14:27,300u,adservice-574bff445c-qb9cj,141,275
23:14:27,300u,cartservice-7c84fdfb6-m5m6d,144,189
23:14:27,300u,checkoutservice-5b6d96c9b7-45rkr,48,39
23:14:27,300u,currencyservice-7c8fc8fc9c-4hm9g,2,91
23:14:27,300u,currencyservice-7c8fc8fc9c-5frj9,173,120
23:14:27,300u,currencyservice-7c8fc8fc9c-mgwx9,145,126
23:14:27,300u,emailservice-66944ff59-2lcjl,26,95
23:14:27,300u,frontend-7bd6f45654-przgb,152,40
23:14:27,300u,frontend-7bd6f45654-s2s7z,142,56
23:14:27,300u,frontend-7bd6f45654-vfxkp,142,38
23:14:27,300u,paymentservice-9bfb7bf5-kgd56,19,115
23:14:27,300u,productcatalogservice-65bbf699df-j2fmg,108,44
23:14:27,300u,recommendationservice-7444754ff5-n8cbh,175,61
23:14:27,300u,redis-cart-c8ff86559-kcf44,12,37
23:14:27,300u,shippingservice-f956b6d9f-w7n4b,34,35
23:14:30,300u,adservice-574bff445c-qb9cj,141,275
23:14:30,300u,cartservice-7c84fdfb6-m5m6d,144,189
23:14:30,300u,checkoutservice-5b6d96c9b7-45rkr,48,39
23:14:30,300u,currencyservice-7c8fc8fc9c-4hm9g,2,91
23:14:30,300u,currencyservice-7c8fc8fc9c-5frj9,173,120
23:14:30,300u,currencyservice-7c8fc8fc9c-mgwx9,145,126
23:14:30,300u,emailservice-66944ff59-2lcjl,26,95
23:14:30,300u,frontend-7bd6f45654-przgb,152,40
23:14:30,300u,frontend-7bd6f45654-s2s7z,142,56
23:14:30,300u,frontend-7bd6f45654-vfxkp,142,38
23:14:30,300u,paymentservice-9bfb7bf5-kgd56,19,115
23:14:30,300u,productcatalogservice-65bbf699df-j2fmg,108,44
23:14:30,300u,recommendationservice-7444754ff5-n8cbh,175,61
23:14:30,300u,redis-cart-c8ff86559-kcf44,12,37
23:14:30,300u,shippingservice-f956b6d9f-w7n4b,34,35
23:14:36,300u,adservice-574bff445c-qb9cj,27,275
23:14:36,300u,cartservice-7c84fdfb6-m5m6d,41,188
23:14:36,300u,checkoutservice-5b6d96c9b7-45rkr,9,39
23:14:36,300u,currencyservice-7c8fc8fc9c-4hm9g,3,91
23:14:36,300u,currencyservice-7c8fc8fc9c-5frj9,60,120
23:14:36,300u,currencyservice-7c8fc8fc9c-mgwx9,36,126
23:14:36,300u,emailservice-66944ff59-2lcjl,8,95
23:14:36,300u,frontend-7bd6f45654-przgb,52,39
23:14:36,300u,frontend-7bd6f45654-s2s7z,37,55
23:14:36,300u,frontend-7bd6f45654-vfxkp,41,36
23:14:36,300u,paymentservice-9bfb7bf5-kgd56,5,115
23:14:36,300u,productcatalogservice-65bbf699df-j2fmg,45,44
23:14:36,300u,recommendationservice-7444754ff5-n8cbh,84,58
23:14:36,300u,redis-cart-c8ff86559-kcf44,6,37
23:14:36,300u,shippingservice-f956b6d9f-w7n4b,9,35
23:14:37,300u,adservice-574bff445c-qb9cj,27,275
23:14:37,300u,cartservice-7c84fdfb6-m5m6d,41,188
23:14:37,300u,checkoutservice-5b6d96c9b7-45rkr,9,39
23:14:37,300u,currencyservice-7c8fc8fc9c-4hm9g,3,91
23:14:37,300u,currencyservice-7c8fc8fc9c-5frj9,60,120
23:14:37,300u,currencyservice-7c8fc8fc9c-mgwx9,36,126
23:14:37,300u,emailservice-66944ff59-2lcjl,8,95
23:14:37,300u,frontend-7bd6f45654-przgb,52,39
23:14:37,300u,frontend-7bd6f45654-s2s7z,37,55
23:14:37,300u,frontend-7bd6f45654-vfxkp,41,36
23:14:37,300u,paymentservice-9bfb7bf5-kgd56,5,115
23:14:37,300u,productcatalogservice-65bbf699df-j2fmg,45,44
23:14:37,300u,recommendationservice-7444754ff5-n8cbh,84,58
23:14:37,300u,redis-cart-c8ff86559-kcf44,6,37
23:14:37,300u,shippingservice-f956b6d9f-w7n4b,9,35
23:14:40,300u,adservice-574bff445c-qb9cj,27,275
23:14:40,300u,cartservice-7c84fdfb6-m5m6d,41,188
23:14:40,300u,checkoutservice-5b6d96c9b7-45rkr,9,39
23:14:40,300u,currencyservice-7c8fc8fc9c-4hm9g,3,91
23:14:40,300u,currencyservice-7c8fc8fc9c-5frj9,60,120
23:14:40,300u,currencyservice-7c8fc8fc9c-mgwx9,36,126
23:14:40,300u,emailservice-66944ff59-2lcjl,8,95
23:14:40,300u,frontend-7bd6f45654-przgb,52,39
23:14:40,300u,frontend-7bd6f45654-s2s7z,37,55
23:14:40,300u,frontend-7bd6f45654-vfxkp,41,36
23:14:40,300u,paymentservice-9bfb7bf5-kgd56,5,115
23:14:40,300u,productcatalogservice-65bbf699df-j2fmg,45,44
23:14:40,300u,recommendationservice-7444754ff5-n8cbh,84,58
23:14:40,300u,redis-cart-c8ff86559-kcf44,6,37
23:14:40,300u,shippingservice-f956b6d9f-w7n4b,9,35
23:14:46,300u,adservice-574bff445c-qb9cj,27,275
23:14:46,300u,cartservice-7c84fdfb6-m5m6d,41,188
23:14:46,300u,checkoutservice-5b6d96c9b7-45rkr,9,39
23:14:46,300u,currencyservice-7c8fc8fc9c-4hm9g,3,91
23:14:46,300u,currencyservice-7c8fc8fc9c-5frj9,60,120
23:14:46,300u,currencyservice-7c8fc8fc9c-mgwx9,36,126
23:14:46,300u,emailservice-66944ff59-2lcjl,8,95
23:14:46,300u,frontend-7bd6f45654-przgb,52,39
23:14:46,300u,frontend-7bd6f45654-s2s7z,37,55
23:14:46,300u,frontend-7bd6f45654-vfxkp,41,36
23:14:46,300u,paymentservice-9bfb7bf5-kgd56,5,115
23:14:46,300u,productcatalogservice-65bbf699df-j2fmg,45,44
23:14:46,300u,recommendationservice-7444754ff5-n8cbh,84,58
23:14:46,300u,redis-cart-c8ff86559-kcf44,6,37
23:14:46,300u,shippingservice-f956b6d9f-w7n4b,9,35
23:14:47,300u,adservice-574bff445c-qb9cj,27,275
23:14:47,300u,cartservice-7c84fdfb6-m5m6d,41,188
23:14:47,300u,checkoutservice-5b6d96c9b7-45rkr,9,39
23:14:47,300u,currencyservice-7c8fc8fc9c-4hm9g,3,91
23:14:47,300u,currencyservice-7c8fc8fc9c-5frj9,60,120
23:14:47,300u,currencyservice-7c8fc8fc9c-mgwx9,36,126
23:14:47,300u,emailservice-66944ff59-2lcjl,8,95
23:14:47,300u,frontend-7bd6f45654-przgb,52,39
23:14:47,300u,frontend-7bd6f45654-s2s7z,37,55
23:14:47,300u,frontend-7bd6f45654-vfxkp,41,36
23:14:47,300u,paymentservice-9bfb7bf5-kgd56,5,115
23:14:47,300u,productcatalogservice-65bbf699df-j2fmg,45,44
23:14:47,300u,recommendationservice-7444754ff5-n8cbh,84,58
23:14:47,300u,redis-cart-c8ff86559-kcf44,6,37
23:14:47,300u,shippingservice-f956b6d9f-w7n4b,9,35
23:14:50,300u,adservice-574bff445c-qb9cj,4,275
23:14:50,300u,cartservice-7c84fdfb6-m5m6d,3,188
23:14:50,300u,checkoutservice-5b6d96c9b7-45rkr,1,39
23:14:50,300u,currencyservice-7c8fc8fc9c-4hm9g,2,91
23:14:50,300u,currencyservice-7c8fc8fc9c-5frj9,2,120
23:14:50,300u,currencyservice-7c8fc8fc9c-mgwx9,2,126
23:14:50,300u,emailservice-66944ff59-2lcjl,5,95
23:14:50,300u,frontend-7bd6f45654-przgb,1,39
23:14:50,300u,frontend-7bd6f45654-s2s7z,1,55
23:14:50,300u,frontend-7bd6f45654-vfxkp,1,36
23:14:50,300u,paymentservice-9bfb7bf5-kgd56,2,115
23:14:50,300u,productcatalogservice-65bbf699df-j2fmg,1,44
23:14:50,300u,recommendationservice-7444754ff5-n8cbh,5,58
23:14:50,300u,redis-cart-c8ff86559-kcf44,3,37
23:14:50,300u,shippingservice-f956b6d9f-w7n4b,1,35
23:14:56,300u,adservice-574bff445c-qb9cj,4,275
23:14:56,300u,cartservice-7c84fdfb6-m5m6d,3,188
23:14:56,300u,checkoutservice-5b6d96c9b7-45rkr,1,39
23:14:56,300u,currencyservice-7c8fc8fc9c-4hm9g,2,91
23:14:56,300u,currencyservice-7c8fc8fc9c-5frj9,2,120
23:14:56,300u,currencyservice-7c8fc8fc9c-mgwx9,2,126
23:14:56,300u,emailservice-66944ff59-2lcjl,5,95
23:14:56,300u,frontend-7bd6f45654-przgb,1,39
23:14:56,300u,frontend-7bd6f45654-s2s7z,1,55
23:14:56,300u,frontend-7bd6f45654-vfxkp,1,36
23:14:56,300u,paymentservice-9bfb7bf5-kgd56,2,115
23:14:56,300u,productcatalogservice-65bbf699df-j2fmg,1,44
23:14:56,300u,recommendationservice-7444754ff5-n8cbh,5,58
23:14:56,300u,redis-cart-c8ff86559-kcf44,3,37
23:14:56,300u,shippingservice-f956b6d9f-w7n4b,1,35
23:14:58,300u,adservice-574bff445c-qb9cj,4,275
23:14:58,300u,cartservice-7c84fdfb6-m5m6d,3,188
23:14:58,300u,checkoutservice-5b6d96c9b7-45rkr,1,39
23:14:58,300u,currencyservice-7c8fc8fc9c-4hm9g,2,91
23:14:58,300u,currencyservice-7c8fc8fc9c-5frj9,2,120
23:14:58,300u,currencyservice-7c8fc8fc9c-mgwx9,2,126
23:14:58,300u,emailservice-66944ff59-2lcjl,5,95
23:14:58,300u,frontend-7bd6f45654-przgb,1,39
23:14:58,300u,frontend-7bd6f45654-s2s7z,1,55
23:14:58,300u,frontend-7bd6f45654-vfxkp,1,36
23:14:58,300u,paymentservice-9bfb7bf5-kgd56,2,115
23:14:58,300u,productcatalogservice-65bbf699df-j2fmg,1,44
23:14:58,300u,recommendationservice-7444754ff5-n8cbh,5,58
23:14:58,300u,redis-cart-c8ff86559-kcf44,3,37
23:14:58,300u,shippingservice-f956b6d9f-w7n4b,1,35
23:15:00,300u,adservice-574bff445c-qb9cj,4,275
23:15:00,300u,cartservice-7c84fdfb6-m5m6d,3,188
23:15:00,300u,checkoutservice-5b6d96c9b7-45rkr,1,39
23:15:00,300u,currencyservice-7c8fc8fc9c-4hm9g,2,91
23:15:00,300u,currencyservice-7c8fc8fc9c-5frj9,2,120
23:15:00,300u,currencyservice-7c8fc8fc9c-mgwx9,2,126
23:15:00,300u,emailservice-66944ff59-2lcjl,5,95
23:15:00,300u,frontend-7bd6f45654-przgb,1,39
23:15:00,300u,frontend-7bd6f45654-s2s7z,1,55
23:15:00,300u,frontend-7bd6f45654-vfxkp,1,36
23:15:00,300u,paymentservice-9bfb7bf5-kgd56,2,115
23:15:00,300u,productcatalogservice-65bbf699df-j2fmg,1,44
23:15:00,300u,recommendationservice-7444754ff5-n8cbh,5,58
23:15:00,300u,redis-cart-c8ff86559-kcf44,3,37
23:15:00,300u,shippingservice-f956b6d9f-w7n4b,1,35
23:15:06,300u,adservice-574bff445c-qb9cj,2,275
23:15:06,300u,cartservice-7c84fdfb6-m5m6d,3,188
23:15:06,300u,checkoutservice-5b6d96c9b7-45rkr,1,39
23:15:06,300u,currencyservice-7c8fc8fc9c-4hm9g,5,93
23:15:06,300u,currencyservice-7c8fc8fc9c-5frj9,1,120
23:15:06,300u,currencyservice-7c8fc8fc9c-mgwx9,1,126
23:15:06,300u,emailservice-66944ff59-2lcjl,5,95
23:15:06,300u,frontend-7bd6f45654-przgb,1,39
23:15:06,300u,frontend-7bd6f45654-s2s7z,1,55
23:15:06,300u,frontend-7bd6f45654-vfxkp,1,36
23:15:06,300u,paymentservice-9bfb7bf5-kgd56,2,115
23:15:06,300u,productcatalogservice-65bbf699df-j2fmg,1,44
23:15:06,300u,recommendationservice-7444754ff5-n8cbh,5,58
23:15:06,300u,redis-cart-c8ff86559-kcf44,3,37
23:15:06,300u,shippingservice-f956b6d9f-w7n4b,3,35
23:15:08,300u,adservice-574bff445c-qb9cj,2,275
23:15:08,300u,cartservice-7c84fdfb6-m5m6d,3,188
23:15:08,300u,checkoutservice-5b6d96c9b7-45rkr,1,39
23:15:08,300u,currencyservice-7c8fc8fc9c-4hm9g,5,93
23:15:08,300u,currencyservice-7c8fc8fc9c-5frj9,1,120
23:15:08,300u,currencyservice-7c8fc8fc9c-mgwx9,1,126
23:15:08,300u,emailservice-66944ff59-2lcjl,5,95
23:15:08,300u,frontend-7bd6f45654-przgb,1,39
23:15:08,300u,frontend-7bd6f45654-s2s7z,1,55
23:15:08,300u,frontend-7bd6f45654-vfxkp,1,36
23:15:08,300u,paymentservice-9bfb7bf5-kgd56,2,115
23:15:08,300u,productcatalogservice-65bbf699df-j2fmg,1,44
23:15:08,300u,recommendationservice-7444754ff5-n8cbh,5,58
23:15:08,300u,redis-cart-c8ff86559-kcf44,3,37
23:15:08,300u,shippingservice-f956b6d9f-w7n4b,3,35
23:15:10,300u,adservice-574bff445c-qb9cj,2,275
23:15:10,300u,cartservice-7c84fdfb6-m5m6d,3,188
23:15:10,300u,checkoutservice-5b6d96c9b7-45rkr,1,39
23:15:10,300u,currencyservice-7c8fc8fc9c-4hm9g,5,93
23:15:10,300u,currencyservice-7c8fc8fc9c-5frj9,1,120
23:15:10,300u,currencyservice-7c8fc8fc9c-mgwx9,1,126
23:15:10,300u,emailservice-66944ff59-2lcjl,5,95
23:15:10,300u,frontend-7bd6f45654-przgb,1,39
23:15:10,300u,frontend-7bd6f45654-s2s7z,1,55
23:15:10,300u,frontend-7bd6f45654-vfxkp,1,36
23:15:10,300u,paymentservice-9bfb7bf5-kgd56,2,115
23:15:10,300u,productcatalogservice-65bbf699df-j2fmg,1,44
23:15:10,300u,recommendationservice-7444754ff5-n8cbh,5,58
23:15:10,300u,redis-cart-c8ff86559-kcf44,3,37
23:15:10,300u,shippingservice-f956b6d9f-w7n4b,3,35
23:15:16,300u,adservice-574bff445c-qb9cj,2,275
23:15:16,300u,cartservice-7c84fdfb6-m5m6d,3,188
23:15:16,300u,checkoutservice-5b6d96c9b7-45rkr,1,39
23:15:16,300u,currencyservice-7c8fc8fc9c-4hm9g,5,93
23:15:16,300u,currencyservice-7c8fc8fc9c-5frj9,1,120
23:15:16,300u,currencyservice-7c8fc8fc9c-mgwx9,1,126
23:15:16,300u,emailservice-66944ff59-2lcjl,5,95
23:15:16,300u,frontend-7bd6f45654-przgb,1,39
23:15:16,300u,frontend-7bd6f45654-s2s7z,1,55
23:15:16,300u,frontend-7bd6f45654-vfxkp,1,36
23:15:16,300u,paymentservice-9bfb7bf5-kgd56,2,115
23:15:16,300u,productcatalogservice-65bbf699df-j2fmg,1,44
23:15:16,300u,recommendationservice-7444754ff5-n8cbh,5,58
23:15:16,300u,redis-cart-c8ff86559-kcf44,3,37
23:15:16,300u,shippingservice-f956b6d9f-w7n4b,3,35
23:15:18,300u,adservice-574bff445c-qb9cj,2,275
23:15:18,300u,cartservice-7c84fdfb6-m5m6d,3,188
23:15:18,300u,checkoutservice-5b6d96c9b7-45rkr,1,39
23:15:18,300u,currencyservice-7c8fc8fc9c-4hm9g,5,93
23:15:18,300u,currencyservice-7c8fc8fc9c-5frj9,1,120
23:15:18,300u,currencyservice-7c8fc8fc9c-mgwx9,1,126
23:15:18,300u,emailservice-66944ff59-2lcjl,5,95
23:15:18,300u,frontend-7bd6f45654-przgb,1,39
23:15:18,300u,frontend-7bd6f45654-s2s7z,1,55
23:15:18,300u,frontend-7bd6f45654-vfxkp,1,36
23:15:18,300u,paymentservice-9bfb7bf5-kgd56,2,115
23:15:18,300u,productcatalogservice-65bbf699df-j2fmg,1,44
23:15:18,300u,recommendationservice-7444754ff5-n8cbh,5,58
23:15:18,300u,redis-cart-c8ff86559-kcf44,3,37
23:15:18,300u,shippingservice-f956b6d9f-w7n4b,3,35
23:15:20,300u,adservice-574bff445c-qb9cj,7,272
23:15:20,300u,cartservice-7c84fdfb6-m5m6d,4,188
23:15:20,300u,checkoutservice-5b6d96c9b7-45rkr,1,39
23:15:20,300u,currencyservice-7c8fc8fc9c-4hm9g,3,94
23:15:20,300u,currencyservice-7c8fc8fc9c-5frj9,2,120
23:15:20,300u,currencyservice-7c8fc8fc9c-mgwx9,3,126
23:15:20,300u,emailservice-66944ff59-2lcjl,5,95
23:15:20,300u,frontend-7bd6f45654-przgb,1,39
23:15:20,300u,frontend-7bd6f45654-s2s7z,2,55
23:15:20,300u,frontend-7bd6f45654-vfxkp,1,36
23:15:20,300u,paymentservice-9bfb7bf5-kgd56,2,115
23:15:20,300u,productcatalogservice-65bbf699df-j2fmg,1,44
23:15:20,300u,recommendationservice-7444754ff5-n8cbh,5,58
23:15:20,300u,redis-cart-c8ff86559-kcf44,3,37
23:15:20,300u,shippingservice-f956b6d9f-w7n4b,1,35
23:15:26,300u,adservice-574bff445c-qb9cj,7,272
23:15:26,300u,cartservice-7c84fdfb6-m5m6d,4,188
23:15:26,300u,checkoutservice-5b6d96c9b7-45rkr,1,39
23:15:26,300u,currencyservice-7c8fc8fc9c-4hm9g,3,94
23:15:26,300u,currencyservice-7c8fc8fc9c-5frj9,2,120
23:15:26,300u,currencyservice-7c8fc8fc9c-mgwx9,3,126
23:15:26,300u,emailservice-66944ff59-2lcjl,5,95
23:15:26,300u,frontend-7bd6f45654-przgb,1,39
23:15:26,300u,frontend-7bd6f45654-s2s7z,2,55
23:15:26,300u,frontend-7bd6f45654-vfxkp,1,36
23:15:26,300u,paymentservice-9bfb7bf5-kgd56,2,115
23:15:26,300u,productcatalogservice-65bbf699df-j2fmg,1,44
23:15:26,300u,recommendationservice-7444754ff5-n8cbh,5,58
23:15:26,300u,redis-cart-c8ff86559-kcf44,3,37
23:15:26,300u,shippingservice-f956b6d9f-w7n4b,1,35
23:15:28,400u,adservice-574bff445c-qb9cj,7,272
23:15:28,400u,cartservice-7c84fdfb6-m5m6d,4,188
23:15:28,400u,checkoutservice-5b6d96c9b7-45rkr,1,39
23:15:28,400u,currencyservice-7c8fc8fc9c-4hm9g,3,94
23:15:28,400u,currencyservice-7c8fc8fc9c-5frj9,2,120
23:15:28,400u,currencyservice-7c8fc8fc9c-mgwx9,3,126
23:15:28,400u,emailservice-66944ff59-2lcjl,5,95
23:15:28,400u,frontend-7bd6f45654-przgb,1,39
23:15:28,400u,frontend-7bd6f45654-s2s7z,2,55
23:15:28,400u,frontend-7bd6f45654-vfxkp,1,36
23:15:28,400u,paymentservice-9bfb7bf5-kgd56,2,115
23:15:28,400u,productcatalogservice-65bbf699df-j2fmg,1,44
23:15:28,400u,recommendationservice-7444754ff5-n8cbh,5,58
23:15:28,400u,redis-cart-c8ff86559-kcf44,3,37
23:15:28,400u,shippingservice-f956b6d9f-w7n4b,1,35
23:15:31,400u,adservice-574bff445c-qb9cj,7,272
23:15:31,400u,cartservice-7c84fdfb6-m5m6d,4,188
23:15:31,400u,checkoutservice-5b6d96c9b7-45rkr,1,39
23:15:31,400u,currencyservice-7c8fc8fc9c-4hm9g,3,94
23:15:31,400u,currencyservice-7c8fc8fc9c-5frj9,2,120
23:15:31,400u,currencyservice-7c8fc8fc9c-mgwx9,3,126
23:15:31,400u,emailservice-66944ff59-2lcjl,5,95
23:15:31,400u,frontend-7bd6f45654-przgb,1,39
23:15:31,400u,frontend-7bd6f45654-s2s7z,2,55
23:15:31,400u,frontend-7bd6f45654-vfxkp,1,36
23:15:31,400u,paymentservice-9bfb7bf5-kgd56,2,115
23:15:31,400u,productcatalogservice-65bbf699df-j2fmg,1,44
23:15:31,400u,recommendationservice-7444754ff5-n8cbh,5,58
23:15:31,400u,redis-cart-c8ff86559-kcf44,3,37
23:15:31,400u,shippingservice-f956b6d9f-w7n4b,1,35
23:15:36,400u,adservice-574bff445c-qb9cj,15,271
23:15:36,400u,cartservice-7c84fdfb6-m5m6d,25,189
23:15:36,400u,checkoutservice-5b6d96c9b7-45rkr,5,38
23:15:36,400u,currencyservice-7c8fc8fc9c-4hm9g,5,94
23:15:36,400u,currencyservice-7c8fc8fc9c-5frj9,32,120
23:15:36,400u,currencyservice-7c8fc8fc9c-mgwx9,15,126
23:15:36,400u,emailservice-66944ff59-2lcjl,6,95
23:15:36,400u,frontend-7bd6f45654-przgb,29,35
23:15:36,400u,frontend-7bd6f45654-s2s7z,13,53
23:15:36,400u,frontend-7bd6f45654-vfxkp,14,35
23:15:36,400u,paymentservice-9bfb7bf5-kgd56,4,115
23:15:36,400u,productcatalogservice-65bbf699df-j2fmg,21,44
23:15:36,400u,recommendationservice-7444754ff5-n8cbh,37,58
23:15:36,400u,redis-cart-c8ff86559-kcf44,5,37
23:15:36,400u,shippingservice-f956b6d9f-w7n4b,5,35
23:15:38,400u,adservice-574bff445c-qb9cj,15,271
23:15:38,400u,cartservice-7c84fdfb6-m5m6d,25,189
23:15:38,400u,checkoutservice-5b6d96c9b7-45rkr,5,38
23:15:38,400u,currencyservice-7c8fc8fc9c-4hm9g,5,94
23:15:38,400u,currencyservice-7c8fc8fc9c-5frj9,32,120
23:15:38,400u,currencyservice-7c8fc8fc9c-mgwx9,15,126
23:15:38,400u,emailservice-66944ff59-2lcjl,6,95
23:15:38,400u,frontend-7bd6f45654-przgb,29,35
23:15:38,400u,frontend-7bd6f45654-s2s7z,13,53
23:15:38,400u,frontend-7bd6f45654-vfxkp,14,35
23:15:38,400u,paymentservice-9bfb7bf5-kgd56,4,115
23:15:38,400u,productcatalogservice-65bbf699df-j2fmg,21,44
23:15:38,400u,recommendationservice-7444754ff5-n8cbh,37,58
23:15:38,400u,redis-cart-c8ff86559-kcf44,5,37
23:15:38,400u,shippingservice-f956b6d9f-w7n4b,5,35
23:15:41,400u,adservice-574bff445c-qb9cj,15,271
23:15:41,400u,cartservice-7c84fdfb6-m5m6d,25,189
23:15:41,400u,checkoutservice-5b6d96c9b7-45rkr,5,38
23:15:41,400u,currencyservice-7c8fc8fc9c-4hm9g,5,94
23:15:41,400u,currencyservice-7c8fc8fc9c-5frj9,32,120
23:15:41,400u,currencyservice-7c8fc8fc9c-mgwx9,15,126
23:15:41,400u,emailservice-66944ff59-2lcjl,6,95
23:15:41,400u,frontend-7bd6f45654-przgb,29,35
23:15:41,400u,frontend-7bd6f45654-s2s7z,13,53
23:15:41,400u,frontend-7bd6f45654-vfxkp,14,35
23:15:41,400u,paymentservice-9bfb7bf5-kgd56,4,115
23:15:41,400u,productcatalogservice-65bbf699df-j2fmg,21,44
23:15:41,400u,recommendationservice-7444754ff5-n8cbh,37,58
23:15:41,400u,redis-cart-c8ff86559-kcf44,5,37
23:15:41,400u,shippingservice-f956b6d9f-w7n4b,5,35
23:15:46,400u,adservice-574bff445c-qb9cj,15,271
23:15:46,400u,cartservice-7c84fdfb6-m5m6d,25,189
23:15:46,400u,checkoutservice-5b6d96c9b7-45rkr,5,38
23:15:46,400u,currencyservice-7c8fc8fc9c-4hm9g,5,94
23:15:46,400u,currencyservice-7c8fc8fc9c-5frj9,32,120
23:15:46,400u,currencyservice-7c8fc8fc9c-mgwx9,15,126
23:15:46,400u,emailservice-66944ff59-2lcjl,6,95
23:15:46,400u,frontend-7bd6f45654-przgb,29,35
23:15:46,400u,frontend-7bd6f45654-s2s7z,13,53
23:15:46,400u,frontend-7bd6f45654-vfxkp,14,35
23:15:46,400u,paymentservice-9bfb7bf5-kgd56,4,115
23:15:46,400u,productcatalogservice-65bbf699df-j2fmg,21,44
23:15:46,400u,recommendationservice-7444754ff5-n8cbh,37,58
23:15:46,400u,redis-cart-c8ff86559-kcf44,5,37
23:15:46,400u,shippingservice-f956b6d9f-w7n4b,5,35
23:15:48,400u,adservice-574bff445c-qb9cj,15,271
23:15:48,400u,cartservice-7c84fdfb6-m5m6d,25,189
23:15:48,400u,checkoutservice-5b6d96c9b7-45rkr,5,38
23:15:48,400u,currencyservice-7c8fc8fc9c-4hm9g,5,94
23:15:48,400u,currencyservice-7c8fc8fc9c-5frj9,32,120
23:15:48,400u,currencyservice-7c8fc8fc9c-mgwx9,15,126
23:15:48,400u,emailservice-66944ff59-2lcjl,6,95
23:15:48,400u,frontend-7bd6f45654-przgb,29,35
23:15:48,400u,frontend-7bd6f45654-s2s7z,13,53
23:15:48,400u,frontend-7bd6f45654-vfxkp,14,35
23:15:48,400u,paymentservice-9bfb7bf5-kgd56,4,115
23:15:48,400u,productcatalogservice-65bbf699df-j2fmg,21,44
23:15:48,400u,recommendationservice-7444754ff5-n8cbh,37,58
23:15:48,400u,redis-cart-c8ff86559-kcf44,5,37
23:15:48,400u,shippingservice-f956b6d9f-w7n4b,5,35
23:15:51,400u,adservice-574bff445c-qb9cj,50,271
23:15:51,400u,cartservice-7c84fdfb6-m5m6d,104,189
23:15:51,400u,checkoutservice-5b6d96c9b7-45rkr,17,39
23:15:51,400u,currencyservice-7c8fc8fc9c-4hm9g,4,93
23:15:51,400u,currencyservice-7c8fc8fc9c-5frj9,113,121
23:15:51,400u,currencyservice-7c8fc8fc9c-mgwx9,82,126
23:15:51,400u,emailservice-66944ff59-2lcjl,10,95
23:15:51,400u,frontend-7bd6f45654-przgb,86,35
23:15:51,400u,frontend-7bd6f45654-s2s7z,90,53
23:15:51,400u,frontend-7bd6f45654-vfxkp,83,35
23:15:51,400u,paymentservice-9bfb7bf5-kgd56,9,115
23:15:51,400u,productcatalogservice-65bbf699df-j2fmg,92,44
23:15:51,400u,recommendationservice-7444754ff5-n8cbh,159,58
23:15:51,400u,redis-cart-c8ff86559-kcf44,8,37
23:15:51,400u,shippingservice-f956b6d9f-w7n4b,16,35
23:15:57,400u,adservice-574bff445c-qb9cj,50,271
23:15:57,400u,cartservice-7c84fdfb6-m5m6d,104,189
23:15:57,400u,checkoutservice-5b6d96c9b7-45rkr,17,39
23:15:57,400u,currencyservice-7c8fc8fc9c-4hm9g,4,93
23:15:57,400u,currencyservice-7c8fc8fc9c-5frj9,113,121
23:15:57,400u,currencyservice-7c8fc8fc9c-mgwx9,82,126
23:15:57,400u,emailservice-66944ff59-2lcjl,10,95
23:15:57,400u,frontend-7bd6f45654-przgb,86,35
23:15:57,400u,frontend-7bd6f45654-s2s7z,90,53
23:15:57,400u,frontend-7bd6f45654-vfxkp,83,35
23:15:57,400u,paymentservice-9bfb7bf5-kgd56,9,115
23:15:57,400u,productcatalogservice-65bbf699df-j2fmg,92,44
23:15:57,400u,recommendationservice-7444754ff5-n8cbh,159,58
23:15:57,400u,redis-cart-c8ff86559-kcf44,8,37
23:15:57,400u,shippingservice-f956b6d9f-w7n4b,16,35
23:15:58,400u,adservice-574bff445c-qb9cj,50,271
23:15:58,400u,cartservice-7c84fdfb6-m5m6d,104,189
23:15:58,400u,checkoutservice-5b6d96c9b7-45rkr,17,39
23:15:58,400u,currencyservice-7c8fc8fc9c-4hm9g,4,93
23:15:58,400u,currencyservice-7c8fc8fc9c-5frj9,113,121
23:15:58,400u,currencyservice-7c8fc8fc9c-mgwx9,82,126
23:15:58,400u,emailservice-66944ff59-2lcjl,10,95
23:15:58,400u,frontend-7bd6f45654-przgb,86,35
23:15:58,400u,frontend-7bd6f45654-s2s7z,90,53
23:15:58,400u,frontend-7bd6f45654-vfxkp,83,35
23:15:58,400u,paymentservice-9bfb7bf5-kgd56,9,115
23:15:58,400u,productcatalogservice-65bbf699df-j2fmg,92,44
23:15:58,400u,recommendationservice-7444754ff5-n8cbh,159,58
23:15:58,400u,redis-cart-c8ff86559-kcf44,8,37
23:15:58,400u,shippingservice-f956b6d9f-w7n4b,16,35
23:16:01,400u,adservice-574bff445c-qb9cj,50,271
23:16:01,400u,cartservice-7c84fdfb6-m5m6d,104,189
23:16:01,400u,checkoutservice-5b6d96c9b7-45rkr,17,39
23:16:01,400u,currencyservice-7c8fc8fc9c-4hm9g,4,93
23:16:01,400u,currencyservice-7c8fc8fc9c-5frj9,113,121
23:16:01,400u,currencyservice-7c8fc8fc9c-mgwx9,82,126
23:16:01,400u,emailservice-66944ff59-2lcjl,10,95
23:16:01,400u,frontend-7bd6f45654-przgb,86,35
23:16:01,400u,frontend-7bd6f45654-s2s7z,90,53
23:16:01,400u,frontend-7bd6f45654-vfxkp,83,35
23:16:01,400u,paymentservice-9bfb7bf5-kgd56,9,115
23:16:01,400u,productcatalogservice-65bbf699df-j2fmg,92,44
23:16:01,400u,recommendationservice-7444754ff5-n8cbh,159,58
23:16:01,400u,redis-cart-c8ff86559-kcf44,8,37
23:16:01,400u,shippingservice-f956b6d9f-w7n4b,16,35
23:16:07,400u,adservice-574bff445c-qb9cj,41,271
23:16:07,400u,cartservice-7c84fdfb6-m5m6d,76,189
23:16:07,400u,checkoutservice-5b6d96c9b7-45rkr,12,39
23:16:07,400u,currencyservice-7c8fc8fc9c-4hm9g,3,93
23:16:07,400u,currencyservice-7c8fc8fc9c-5frj9,85,120
23:16:07,400u,currencyservice-7c8fc8fc9c-mgwx9,74,126
23:16:07,400u,emailservice-66944ff59-2lcjl,9,95
23:16:07,400u,frontend-7bd6f45654-przgb,56,35
23:16:07,400u,frontend-7bd6f45654-s2s7z,82,53
23:16:07,400u,frontend-7bd6f45654-vfxkp,66,35
23:16:07,400u,paymentservice-9bfb7bf5-kgd56,6,115
23:16:07,400u,productcatalogservice-65bbf699df-j2fmg,73,44
23:16:07,400u,recommendationservice-7444754ff5-n8cbh,128,58
23:16:07,400u,redis-cart-c8ff86559-kcf44,7,37
23:16:07,400u,shippingservice-f956b6d9f-w7n4b,13,35
23:16:08,400u,adservice-574bff445c-qb9cj,41,271
23:16:08,400u,cartservice-7c84fdfb6-m5m6d,76,189
23:16:08,400u,checkoutservice-5b6d96c9b7-45rkr,12,39
23:16:08,400u,currencyservice-7c8fc8fc9c-4hm9g,3,93
23:16:08,400u,currencyservice-7c8fc8fc9c-5frj9,85,120
23:16:08,400u,currencyservice-7c8fc8fc9c-mgwx9,74,126
23:16:08,400u,emailservice-66944ff59-2lcjl,9,95
23:16:08,400u,frontend-7bd6f45654-przgb,56,35
23:16:08,400u,frontend-7bd6f45654-s2s7z,82,53
23:16:08,400u,frontend-7bd6f45654-vfxkp,66,35
23:16:08,400u,paymentservice-9bfb7bf5-kgd56,6,115
23:16:08,400u,productcatalogservice-65bbf699df-j2fmg,73,44
23:16:08,400u,recommendationservice-7444754ff5-n8cbh,128,58
23:16:08,400u,redis-cart-c8ff86559-kcf44,7,37
23:16:08,400u,shippingservice-f956b6d9f-w7n4b,13,35
23:16:11,400u,adservice-574bff445c-qb9cj,41,271
23:16:11,400u,cartservice-7c84fdfb6-m5m6d,76,189
23:16:11,400u,checkoutservice-5b6d96c9b7-45rkr,12,39
23:16:11,400u,currencyservice-7c8fc8fc9c-4hm9g,3,93
23:16:11,400u,currencyservice-7c8fc8fc9c-5frj9,85,120
23:16:11,400u,currencyservice-7c8fc8fc9c-mgwx9,74,126
23:16:11,400u,emailservice-66944ff59-2lcjl,9,95
23:16:11,400u,frontend-7bd6f45654-przgb,56,35
23:16:11,400u,frontend-7bd6f45654-s2s7z,82,53
23:16:11,400u,frontend-7bd6f45654-vfxkp,66,35
23:16:11,400u,paymentservice-9bfb7bf5-kgd56,6,115
23:16:11,400u,productcatalogservice-65bbf699df-j2fmg,73,44
23:16:11,400u,recommendationservice-7444754ff5-n8cbh,128,58
23:16:11,400u,redis-cart-c8ff86559-kcf44,7,37
23:16:11,400u,shippingservice-f956b6d9f-w7n4b,13,35
23:16:17,400u,adservice-574bff445c-qb9cj,41,271
23:16:17,400u,cartservice-7c84fdfb6-m5m6d,76,189
23:16:17,400u,checkoutservice-5b6d96c9b7-45rkr,12,39
23:16:17,400u,currencyservice-7c8fc8fc9c-4hm9g,3,93
23:16:17,400u,currencyservice-7c8fc8fc9c-5frj9,85,120
23:16:17,400u,currencyservice-7c8fc8fc9c-mgwx9,74,126
23:16:17,400u,emailservice-66944ff59-2lcjl,9,95
23:16:17,400u,frontend-7bd6f45654-przgb,56,35
23:16:17,400u,frontend-7bd6f45654-s2s7z,82,53
23:16:17,400u,frontend-7bd6f45654-vfxkp,66,35
23:16:17,400u,paymentservice-9bfb7bf5-kgd56,6,115
23:16:17,400u,productcatalogservice-65bbf699df-j2fmg,73,44
23:16:17,400u,recommendationservice-7444754ff5-n8cbh,128,58
23:16:17,400u,redis-cart-c8ff86559-kcf44,7,37
23:16:17,400u,shippingservice-f956b6d9f-w7n4b,13,35
23:16:18,400u,adservice-574bff445c-qb9cj,41,271
23:16:18,400u,cartservice-7c84fdfb6-m5m6d,76,189
23:16:18,400u,checkoutservice-5b6d96c9b7-45rkr,12,39
23:16:18,400u,currencyservice-7c8fc8fc9c-4hm9g,3,93
23:16:18,400u,currencyservice-7c8fc8fc9c-5frj9,85,120
23:16:18,400u,currencyservice-7c8fc8fc9c-mgwx9,74,126
23:16:18,400u,emailservice-66944ff59-2lcjl,9,95
23:16:18,400u,frontend-7bd6f45654-przgb,56,35
23:16:18,400u,frontend-7bd6f45654-s2s7z,82,53
23:16:18,400u,frontend-7bd6f45654-vfxkp,66,35
23:16:18,400u,paymentservice-9bfb7bf5-kgd56,6,115
23:16:18,400u,productcatalogservice-65bbf699df-j2fmg,73,44
23:16:18,400u,recommendationservice-7444754ff5-n8cbh,128,58
23:16:18,400u,redis-cart-c8ff86559-kcf44,7,37
23:16:18,400u,shippingservice-f956b6d9f-w7n4b,13,35
23:16:21,400u,adservice-574bff445c-qb9cj,43,271
23:16:21,400u,cartservice-7c84fdfb6-m5m6d,85,187
23:16:21,400u,checkoutservice-5b6d96c9b7-45rkr,16,39
23:16:21,400u,currencyservice-7c8fc8fc9c-4hm9g,2,93
23:16:21,400u,currencyservice-7c8fc8fc9c-5frj9,104,121
23:16:21,400u,currencyservice-7c8fc8fc9c-mgwx9,84,125
23:16:21,400u,emailservice-66944ff59-2lcjl,10,95
23:16:21,400u,frontend-7bd6f45654-przgb,73,35
23:16:21,400u,frontend-7bd6f45654-s2s7z,88,53
23:16:21,400u,frontend-7bd6f45654-vfxkp,82,35
23:16:21,400u,paymentservice-9bfb7bf5-kgd56,8,115
23:16:21,400u,productcatalogservice-65bbf699df-j2fmg,86,44
23:16:21,400u,recommendationservice-7444754ff5-n8cbh,147,58
23:16:21,400u,redis-cart-c8ff86559-kcf44,7,37
23:16:21,400u,shippingservice-f956b6d9f-w7n4b,16,35
23:16:27,400u,adservice-574bff445c-qb9cj,43,271
23:16:27,400u,cartservice-7c84fdfb6-m5m6d,85,187
23:16:27,400u,checkoutservice-5b6d96c9b7-45rkr,16,39
23:16:27,400u,currencyservice-7c8fc8fc9c-4hm9g,2,93
23:16:27,400u,currencyservice-7c8fc8fc9c-5frj9,104,121
23:16:27,400u,currencyservice-7c8fc8fc9c-mgwx9,84,125
23:16:27,400u,emailservice-66944ff59-2lcjl,10,95
23:16:27,400u,frontend-7bd6f45654-przgb,73,35
23:16:27,400u,frontend-7bd6f45654-s2s7z,88,53
23:16:27,400u,frontend-7bd6f45654-vfxkp,82,35
23:16:27,400u,paymentservice-9bfb7bf5-kgd56,8,115
23:16:27,400u,productcatalogservice-65bbf699df-j2fmg,86,44
23:16:27,400u,recommendationservice-7444754ff5-n8cbh,147,58
23:16:27,400u,redis-cart-c8ff86559-kcf44,7,37
23:16:27,400u,shippingservice-f956b6d9f-w7n4b,16,35
23:16:29,400u,adservice-574bff445c-qb9cj,43,271
23:16:29,400u,cartservice-7c84fdfb6-m5m6d,85,187
23:16:29,400u,checkoutservice-5b6d96c9b7-45rkr,16,39
23:16:29,400u,currencyservice-7c8fc8fc9c-4hm9g,2,93
23:16:29,400u,currencyservice-7c8fc8fc9c-5frj9,104,121
23:16:29,400u,currencyservice-7c8fc8fc9c-mgwx9,84,125
23:16:29,400u,emailservice-66944ff59-2lcjl,10,95
23:16:29,400u,frontend-7bd6f45654-przgb,73,35
23:16:29,400u,frontend-7bd6f45654-s2s7z,88,53
23:16:29,400u,frontend-7bd6f45654-vfxkp,82,35
23:16:29,400u,paymentservice-9bfb7bf5-kgd56,8,115
23:16:29,400u,productcatalogservice-65bbf699df-j2fmg,86,44
23:16:29,400u,recommendationservice-7444754ff5-n8cbh,147,58
23:16:29,400u,redis-cart-c8ff86559-kcf44,7,37
23:16:29,400u,shippingservice-f956b6d9f-w7n4b,16,35
23:16:31,400u,adservice-574bff445c-qb9cj,43,271
23:16:31,400u,cartservice-7c84fdfb6-m5m6d,85,187
23:16:31,400u,checkoutservice-5b6d96c9b7-45rkr,16,39
23:16:31,400u,currencyservice-7c8fc8fc9c-4hm9g,2,93
23:16:31,400u,currencyservice-7c8fc8fc9c-5frj9,104,121
23:16:31,400u,currencyservice-7c8fc8fc9c-mgwx9,84,125
23:16:31,400u,emailservice-66944ff59-2lcjl,10,95
23:16:31,400u,frontend-7bd6f45654-przgb,73,35
23:16:31,400u,frontend-7bd6f45654-s2s7z,88,53
23:16:31,400u,frontend-7bd6f45654-vfxkp,82,35
23:16:31,400u,paymentservice-9bfb7bf5-kgd56,8,115
23:16:31,400u,productcatalogservice-65bbf699df-j2fmg,86,44
23:16:31,400u,recommendationservice-7444754ff5-n8cbh,147,58
23:16:31,400u,redis-cart-c8ff86559-kcf44,7,37
23:16:31,400u,shippingservice-f956b6d9f-w7n4b,16,35
23:16:37,400u,adservice-574bff445c-qb9cj,61,271
23:16:37,400u,cartservice-7c84fdfb6-m5m6d,96,187
23:16:37,400u,checkoutservice-5b6d96c9b7-45rkr,19,39
23:16:37,400u,currencyservice-7c8fc8fc9c-4hm9g,2,93
23:16:37,400u,currencyservice-7c8fc8fc9c-5frj9,132,120
23:16:37,400u,currencyservice-7c8fc8fc9c-mgwx9,92,125
23:16:37,400u,emailservice-66944ff59-2lcjl,11,95
23:16:37,400u,frontend-7bd6f45654-przgb,120,36
23:16:37,400u,frontend-7bd6f45654-s2s7z,103,54
23:16:37,400u,frontend-7bd6f45654-vfxkp,85,35
23:16:37,400u,paymentservice-9bfb7bf5-kgd56,8,115
23:16:37,400u,productcatalogservice-65bbf699df-j2fmg,109,44
23:16:37,400u,recommendationservice-7444754ff5-n8cbh,194,59
23:16:37,400u,redis-cart-c8ff86559-kcf44,8,37
23:16:37,400u,shippingservice-f956b6d9f-w7n4b,20,35
23:16:39,400u,adservice-574bff445c-qb9cj,61,271
23:16:39,400u,cartservice-7c84fdfb6-m5m6d,96,187
23:16:39,400u,checkoutservice-5b6d96c9b7-45rkr,19,39
23:16:39,400u,currencyservice-7c8fc8fc9c-4hm9g,2,93
23:16:39,400u,currencyservice-7c8fc8fc9c-5frj9,132,120
23:16:39,400u,currencyservice-7c8fc8fc9c-mgwx9,92,125
23:16:39,400u,emailservice-66944ff59-2lcjl,11,95
23:16:39,400u,frontend-7bd6f45654-przgb,120,36
23:16:39,400u,frontend-7bd6f45654-s2s7z,103,54
23:16:39,400u,frontend-7bd6f45654-vfxkp,85,35
23:16:39,400u,paymentservice-9bfb7bf5-kgd56,8,115
23:16:39,400u,productcatalogservice-65bbf699df-j2fmg,109,44
23:16:39,400u,recommendationservice-7444754ff5-n8cbh,194,59
23:16:39,400u,redis-cart-c8ff86559-kcf44,8,37
23:16:39,400u,shippingservice-f956b6d9f-w7n4b,20,35
23:16:41,400u,adservice-574bff445c-qb9cj,61,271
23:16:41,400u,cartservice-7c84fdfb6-m5m6d,96,187
23:16:41,400u,checkoutservice-5b6d96c9b7-45rkr,19,39
23:16:41,400u,currencyservice-7c8fc8fc9c-4hm9g,2,93
23:16:41,400u,currencyservice-7c8fc8fc9c-5frj9,132,120
23:16:41,400u,currencyservice-7c8fc8fc9c-mgwx9,92,125
23:16:41,400u,emailservice-66944ff59-2lcjl,11,95
23:16:41,400u,frontend-7bd6f45654-przgb,120,36
23:16:41,400u,frontend-7bd6f45654-s2s7z,103,54
23:16:41,400u,frontend-7bd6f45654-vfxkp,85,35
23:16:41,400u,paymentservice-9bfb7bf5-kgd56,8,115
23:16:41,400u,productcatalogservice-65bbf699df-j2fmg,109,44
23:16:41,400u,recommendationservice-7444754ff5-n8cbh,194,59
23:16:41,400u,redis-cart-c8ff86559-kcf44,8,37
23:16:41,400u,shippingservice-f956b6d9f-w7n4b,20,35
23:16:47,400u,adservice-574bff445c-qb9cj,61,271
23:16:47,400u,cartservice-7c84fdfb6-m5m6d,96,187
23:16:47,400u,checkoutservice-5b6d96c9b7-45rkr,19,39
23:16:47,400u,currencyservice-7c8fc8fc9c-4hm9g,2,93
23:16:47,400u,currencyservice-7c8fc8fc9c-5frj9,132,120
23:16:47,400u,currencyservice-7c8fc8fc9c-mgwx9,92,125
23:16:47,400u,emailservice-66944ff59-2lcjl,11,95
23:16:47,400u,frontend-7bd6f45654-przgb,120,36
23:16:47,400u,frontend-7bd6f45654-s2s7z,103,54
23:16:47,400u,frontend-7bd6f45654-vfxkp,85,35
23:16:47,400u,paymentservice-9bfb7bf5-kgd56,8,115
23:16:47,400u,productcatalogservice-65bbf699df-j2fmg,109,44
23:16:47,400u,recommendationservice-7444754ff5-n8cbh,194,59
23:16:47,400u,redis-cart-c8ff86559-kcf44,8,37
23:16:47,400u,shippingservice-f956b6d9f-w7n4b,20,35
23:16:49,400u,adservice-574bff445c-qb9cj,61,271
23:16:49,400u,cartservice-7c84fdfb6-m5m6d,96,187
23:16:49,400u,checkoutservice-5b6d96c9b7-45rkr,19,39
23:16:49,400u,currencyservice-7c8fc8fc9c-4hm9g,2,93
23:16:49,400u,currencyservice-7c8fc8fc9c-5frj9,132,120
23:16:49,400u,currencyservice-7c8fc8fc9c-mgwx9,92,125
23:16:49,400u,emailservice-66944ff59-2lcjl,11,95
23:16:49,400u,frontend-7bd6f45654-przgb,120,36
23:16:49,400u,frontend-7bd6f45654-s2s7z,103,54
23:16:49,400u,frontend-7bd6f45654-vfxkp,85,35
23:16:49,400u,paymentservice-9bfb7bf5-kgd56,8,115
23:16:49,400u,productcatalogservice-65bbf699df-j2fmg,109,44
23:16:49,400u,recommendationservice-7444754ff5-n8cbh,194,59
23:16:49,400u,redis-cart-c8ff86559-kcf44,8,37
23:16:49,400u,shippingservice-f956b6d9f-w7n4b,20,35
23:16:51,400u,adservice-574bff445c-qb9cj,61,271
23:16:51,400u,cartservice-7c84fdfb6-m5m6d,92,187
23:16:51,400u,checkoutservice-5b6d96c9b7-45rkr,18,39
23:16:51,400u,currencyservice-7c8fc8fc9c-4hm9g,1,93
23:16:51,400u,currencyservice-7c8fc8fc9c-5frj9,138,120
23:16:51,400u,currencyservice-7c8fc8fc9c-mgwx9,96,125
23:16:51,400u,emailservice-66944ff59-2lcjl,10,95
23:16:51,400u,frontend-7bd6f45654-przgb,126,37
23:16:51,400u,frontend-7bd6f45654-s2s7z,101,54
23:16:51,400u,frontend-7bd6f45654-vfxkp,76,35
23:16:51,400u,paymentservice-9bfb7bf5-kgd56,8,115
23:16:51,400u,productcatalogservice-65bbf699df-j2fmg,106,44
23:16:51,400u,recommendationservice-7444754ff5-n8cbh,192,59
23:16:51,400u,redis-cart-c8ff86559-kcf44,8,37
23:16:51,400u,shippingservice-f956b6d9f-w7n4b,19,35
23:16:57,400u,adservice-574bff445c-qb9cj,61,271
23:16:57,400u,cartservice-7c84fdfb6-m5m6d,92,187
23:16:57,400u,checkoutservice-5b6d96c9b7-45rkr,18,39
23:16:57,400u,currencyservice-7c8fc8fc9c-4hm9g,1,93
23:16:57,400u,currencyservice-7c8fc8fc9c-5frj9,138,120
23:16:57,400u,currencyservice-7c8fc8fc9c-mgwx9,96,125
23:16:57,400u,emailservice-66944ff59-2lcjl,10,95
23:16:57,400u,frontend-7bd6f45654-przgb,126,37
23:16:57,400u,frontend-7bd6f45654-s2s7z,101,54
23:16:57,400u,frontend-7bd6f45654-vfxkp,76,35
23:16:57,400u,paymentservice-9bfb7bf5-kgd56,8,115
23:16:57,400u,productcatalogservice-65bbf699df-j2fmg,106,44
23:16:57,400u,recommendationservice-7444754ff5-n8cbh,192,59
23:16:57,400u,redis-cart-c8ff86559-kcf44,8,37
23:16:57,400u,shippingservice-f956b6d9f-w7n4b,19,35
23:16:59,400u,adservice-574bff445c-qb9cj,61,271
23:16:59,400u,cartservice-7c84fdfb6-m5m6d,92,187
23:16:59,400u,checkoutservice-5b6d96c9b7-45rkr,18,39
23:16:59,400u,currencyservice-7c8fc8fc9c-4hm9g,1,93
23:16:59,400u,currencyservice-7c8fc8fc9c-5frj9,138,120
23:16:59,400u,currencyservice-7c8fc8fc9c-mgwx9,96,125
23:16:59,400u,emailservice-66944ff59-2lcjl,10,95
23:16:59,400u,frontend-7bd6f45654-przgb,126,37
23:16:59,400u,frontend-7bd6f45654-s2s7z,101,54
23:16:59,400u,frontend-7bd6f45654-vfxkp,76,35
23:16:59,400u,paymentservice-9bfb7bf5-kgd56,8,115
23:16:59,400u,productcatalogservice-65bbf699df-j2fmg,106,44
23:16:59,400u,recommendationservice-7444754ff5-n8cbh,192,59
23:16:59,400u,redis-cart-c8ff86559-kcf44,8,37
23:16:59,400u,shippingservice-f956b6d9f-w7n4b,19,35
23:17:01,400u,adservice-574bff445c-qb9cj,61,271
23:17:01,400u,cartservice-7c84fdfb6-m5m6d,92,187
23:17:01,400u,checkoutservice-5b6d96c9b7-45rkr,18,39
23:17:01,400u,currencyservice-7c8fc8fc9c-4hm9g,1,93
23:17:01,400u,currencyservice-7c8fc8fc9c-5frj9,138,120
23:17:01,400u,currencyservice-7c8fc8fc9c-mgwx9,96,125
23:17:01,400u,emailservice-66944ff59-2lcjl,10,95
23:17:01,400u,frontend-7bd6f45654-przgb,126,37
23:17:01,400u,frontend-7bd6f45654-s2s7z,101,54
23:17:01,400u,frontend-7bd6f45654-vfxkp,76,35
23:17:01,400u,paymentservice-9bfb7bf5-kgd56,8,115
23:17:01,400u,productcatalogservice-65bbf699df-j2fmg,106,44
23:17:01,400u,recommendationservice-7444754ff5-n8cbh,192,59
23:17:01,400u,redis-cart-c8ff86559-kcf44,8,37
23:17:01,400u,shippingservice-f956b6d9f-w7n4b,19,35
23:17:07,400u,adservice-574bff445c-qb9cj,66,271
23:17:07,400u,cartservice-7c84fdfb6-m5m6d,99,187
23:17:07,400u,checkoutservice-5b6d96c9b7-45rkr,18,39
23:17:07,400u,currencyservice-7c8fc8fc9c-4hm9g,2,93
23:17:07,400u,currencyservice-7c8fc8fc9c-5frj9,144,122
23:17:07,400u,currencyservice-7c8fc8fc9c-mgwx9,100,126
23:17:07,400u,emailservice-66944ff59-2lcjl,10,95
23:17:07,400u,frontend-7bd6f45654-przgb,124,38
23:17:07,400u,frontend-7bd6f45654-s2s7z,111,55
23:17:07,400u,frontend-7bd6f45654-vfxkp,87,36
23:17:07,400u,paymentservice-9bfb7bf5-kgd56,8,115
23:17:07,400u,productcatalogservice-65bbf699df-j2fmg,109,44
23:17:07,400u,recommendationservice-7444754ff5-n8cbh,200,59
23:17:07,400u,redis-cart-c8ff86559-kcf44,8,37
23:17:07,400u,shippingservice-f956b6d9f-w7n4b,19,35
23:17:09,400u,adservice-574bff445c-qb9cj,66,271
23:17:09,400u,cartservice-7c84fdfb6-m5m6d,99,187
23:17:09,400u,checkoutservice-5b6d96c9b7-45rkr,18,39
23:17:09,400u,currencyservice-7c8fc8fc9c-4hm9g,2,93
23:17:09,400u,currencyservice-7c8fc8fc9c-5frj9,144,122
23:17:09,400u,currencyservice-7c8fc8fc9c-mgwx9,100,126
23:17:09,400u,emailservice-66944ff59-2lcjl,10,95
23:17:09,400u,frontend-7bd6f45654-przgb,124,38
23:17:09,400u,frontend-7bd6f45654-s2s7z,111,55
23:17:09,400u,frontend-7bd6f45654-vfxkp,87,36
23:17:09,400u,paymentservice-9bfb7bf5-kgd56,8,115
23:17:09,400u,productcatalogservice-65bbf699df-j2fmg,109,44
23:17:09,400u,recommendationservice-7444754ff5-n8cbh,200,59
23:17:09,400u,redis-cart-c8ff86559-kcf44,8,37
23:17:09,400u,shippingservice-f956b6d9f-w7n4b,19,35
23:17:12,400u,adservice-574bff445c-qb9cj,66,271
23:17:12,400u,cartservice-7c84fdfb6-m5m6d,99,187
23:17:12,400u,checkoutservice-5b6d96c9b7-45rkr,18,39
23:17:12,400u,currencyservice-7c8fc8fc9c-4hm9g,2,93
23:17:12,400u,currencyservice-7c8fc8fc9c-5frj9,144,122
23:17:12,400u,currencyservice-7c8fc8fc9c-mgwx9,100,126
23:17:12,400u,emailservice-66944ff59-2lcjl,10,95
23:17:12,400u,frontend-7bd6f45654-przgb,124,38
23:17:12,400u,frontend-7bd6f45654-s2s7z,111,55
23:17:12,400u,frontend-7bd6f45654-vfxkp,87,36
23:17:12,400u,paymentservice-9bfb7bf5-kgd56,8,115
23:17:12,400u,productcatalogservice-65bbf699df-j2fmg,109,44
23:17:12,400u,recommendationservice-7444754ff5-n8cbh,200,59
23:17:12,400u,redis-cart-c8ff86559-kcf44,8,37
23:17:12,400u,shippingservice-f956b6d9f-w7n4b,19,35
23:17:18,400u,adservice-574bff445c-qb9cj,66,271
23:17:18,400u,cartservice-7c84fdfb6-m5m6d,99,187
23:17:18,400u,checkoutservice-5b6d96c9b7-45rkr,18,39
23:17:18,400u,currencyservice-7c8fc8fc9c-4hm9g,2,93
23:17:18,400u,currencyservice-7c8fc8fc9c-5frj9,144,122
23:17:18,400u,currencyservice-7c8fc8fc9c-mgwx9,100,126
23:17:18,400u,emailservice-66944ff59-2lcjl,10,95
23:17:18,400u,frontend-7bd6f45654-przgb,124,38
23:17:18,400u,frontend-7bd6f45654-s2s7z,111,55
23:17:18,400u,frontend-7bd6f45654-vfxkp,87,36
23:17:18,400u,paymentservice-9bfb7bf5-kgd56,8,115
23:17:18,400u,productcatalogservice-65bbf699df-j2fmg,109,44
23:17:18,400u,recommendationservice-7444754ff5-n8cbh,200,59
23:17:18,400u,redis-cart-c8ff86559-kcf44,8,37
23:17:18,400u,shippingservice-f956b6d9f-w7n4b,19,35
23:17:19,400u,adservice-574bff445c-qb9cj,66,271
23:17:19,400u,cartservice-7c84fdfb6-m5m6d,99,187
23:17:19,400u,checkoutservice-5b6d96c9b7-45rkr,18,39
23:17:19,400u,currencyservice-7c8fc8fc9c-4hm9g,2,93
23:17:19,400u,currencyservice-7c8fc8fc9c-5frj9,144,122
23:17:19,400u,currencyservice-7c8fc8fc9c-mgwx9,100,126
23:17:19,400u,emailservice-66944ff59-2lcjl,10,95
23:17:19,400u,frontend-7bd6f45654-przgb,124,38
23:17:19,400u,frontend-7bd6f45654-s2s7z,111,55
23:17:19,400u,frontend-7bd6f45654-vfxkp,87,36
23:17:19,400u,paymentservice-9bfb7bf5-kgd56,8,115
23:17:19,400u,productcatalogservice-65bbf699df-j2fmg,109,44
23:17:19,400u,recommendationservice-7444754ff5-n8cbh,200,59
23:17:19,400u,redis-cart-c8ff86559-kcf44,8,37
23:17:19,400u,shippingservice-f956b6d9f-w7n4b,19,35
23:17:22,400u,adservice-574bff445c-qb9cj,68,271
23:17:22,400u,cartservice-7c84fdfb6-m5m6d,94,188
23:17:22,400u,checkoutservice-5b6d96c9b7-45rkr,19,39
23:17:22,400u,currencyservice-7c8fc8fc9c-4hm9g,2,94
23:17:22,400u,currencyservice-7c8fc8fc9c-5frj9,142,122
23:17:22,400u,currencyservice-7c8fc8fc9c-mgwx9,98,126
23:17:22,400u,emailservice-66944ff59-2lcjl,11,95
23:17:22,400u,frontend-7bd6f45654-przgb,125,38
23:17:22,400u,frontend-7bd6f45654-s2s7z,102,55
23:17:22,400u,frontend-7bd6f45654-vfxkp,90,37
23:17:22,400u,paymentservice-9bfb7bf5-kgd56,9,115
23:17:22,400u,productcatalogservice-65bbf699df-j2fmg,109,44
23:17:22,400u,recommendationservice-7444754ff5-n8cbh,201,60
23:17:22,400u,redis-cart-c8ff86559-kcf44,8,37
23:17:22,400u,shippingservice-f956b6d9f-w7n4b,19,35
23:17:28,400u,adservice-574bff445c-qb9cj,68,271
23:17:28,400u,cartservice-7c84fdfb6-m5m6d,94,188
23:17:28,400u,checkoutservice-5b6d96c9b7-45rkr,19,39
23:17:28,400u,currencyservice-7c8fc8fc9c-4hm9g,2,94
23:17:28,400u,currencyservice-7c8fc8fc9c-5frj9,142,122
23:17:28,400u,currencyservice-7c8fc8fc9c-mgwx9,98,126
23:17:28,400u,emailservice-66944ff59-2lcjl,11,95
23:17:28,400u,frontend-7bd6f45654-przgb,125,38
23:17:28,400u,frontend-7bd6f45654-s2s7z,102,55
23:17:28,400u,frontend-7bd6f45654-vfxkp,90,37
23:17:28,400u,paymentservice-9bfb7bf5-kgd56,9,115
23:17:28,400u,productcatalogservice-65bbf699df-j2fmg,109,44
23:17:28,400u,recommendationservice-7444754ff5-n8cbh,201,60
23:17:28,400u,redis-cart-c8ff86559-kcf44,8,37
23:17:28,400u,shippingservice-f956b6d9f-w7n4b,19,35
23:17:29,400u,adservice-574bff445c-qb9cj,68,271
23:17:29,400u,cartservice-7c84fdfb6-m5m6d,94,188
23:17:29,400u,checkoutservice-5b6d96c9b7-45rkr,19,39
23:17:29,400u,currencyservice-7c8fc8fc9c-4hm9g,2,94
23:17:29,400u,currencyservice-7c8fc8fc9c-5frj9,142,122
23:17:29,400u,currencyservice-7c8fc8fc9c-mgwx9,98,126
23:17:29,400u,emailservice-66944ff59-2lcjl,11,95
23:17:29,400u,frontend-7bd6f45654-przgb,125,38
23:17:29,400u,frontend-7bd6f45654-s2s7z,102,55
23:17:29,400u,frontend-7bd6f45654-vfxkp,90,37
23:17:29,400u,paymentservice-9bfb7bf5-kgd56,9,115
23:17:29,400u,productcatalogservice-65bbf699df-j2fmg,109,44
23:17:29,400u,recommendationservice-7444754ff5-n8cbh,201,60
23:17:29,400u,redis-cart-c8ff86559-kcf44,8,37
23:17:29,400u,shippingservice-f956b6d9f-w7n4b,19,35
23:17:32,400u,adservice-574bff445c-qb9cj,68,271
23:17:32,400u,cartservice-7c84fdfb6-m5m6d,94,188
23:17:32,400u,checkoutservice-5b6d96c9b7-45rkr,19,39
23:17:32,400u,currencyservice-7c8fc8fc9c-4hm9g,2,94
23:17:32,400u,currencyservice-7c8fc8fc9c-5frj9,142,122
23:17:32,400u,currencyservice-7c8fc8fc9c-mgwx9,98,126
23:17:32,400u,emailservice-66944ff59-2lcjl,11,95
23:17:32,400u,frontend-7bd6f45654-przgb,125,38
23:17:32,400u,frontend-7bd6f45654-s2s7z,102,55
23:17:32,400u,frontend-7bd6f45654-vfxkp,90,37
23:17:32,400u,paymentservice-9bfb7bf5-kgd56,9,115
23:17:32,400u,productcatalogservice-65bbf699df-j2fmg,109,44
23:17:32,400u,recommendationservice-7444754ff5-n8cbh,201,60
23:17:32,400u,redis-cart-c8ff86559-kcf44,8,37
23:17:32,400u,shippingservice-f956b6d9f-w7n4b,19,35
23:17:38,400u,adservice-574bff445c-qb9cj,69,271
23:17:38,400u,cartservice-7c84fdfb6-m5m6d,97,188
23:17:38,400u,checkoutservice-5b6d96c9b7-45rkr,19,39
23:17:38,400u,currencyservice-7c8fc8fc9c-4hm9g,2,94
23:17:38,400u,currencyservice-7c8fc8fc9c-5frj9,156,123
23:17:38,400u,currencyservice-7c8fc8fc9c-mgwx9,91,126
23:17:38,400u,emailservice-66944ff59-2lcjl,12,95
23:17:38,400u,frontend-7bd6f45654-przgb,125,39
23:17:38,400u,frontend-7bd6f45654-s2s7z,97,56
23:17:38,400u,frontend-7bd6f45654-vfxkp,107,37
23:17:38,400u,paymentservice-9bfb7bf5-kgd56,9,115
23:17:38,400u,productcatalogservice-65bbf699df-j2fmg,109,44
23:17:38,400u,recommendationservice-7444754ff5-n8cbh,200,60
23:17:38,400u,redis-cart-c8ff86559-kcf44,8,37
23:17:38,400u,shippingservice-f956b6d9f-w7n4b,19,35
23:17:39,400u,adservice-574bff445c-qb9cj,69,271
23:17:39,400u,cartservice-7c84fdfb6-m5m6d,97,188
23:17:39,400u,checkoutservice-5b6d96c9b7-45rkr,19,39
23:17:39,400u,currencyservice-7c8fc8fc9c-4hm9g,2,94
23:17:39,400u,currencyservice-7c8fc8fc9c-5frj9,156,123
23:17:39,400u,currencyservice-7c8fc8fc9c-mgwx9,91,126
23:17:39,400u,emailservice-66944ff59-2lcjl,12,95
23:17:39,400u,frontend-7bd6f45654-przgb,125,39
23:17:39,400u,frontend-7bd6f45654-s2s7z,97,56
23:17:39,400u,frontend-7bd6f45654-vfxkp,107,37
23:17:39,400u,paymentservice-9bfb7bf5-kgd56,9,115
23:17:39,400u,productcatalogservice-65bbf699df-j2fmg,109,44
23:17:39,400u,recommendationservice-7444754ff5-n8cbh,200,60
23:17:39,400u,redis-cart-c8ff86559-kcf44,8,37
23:17:39,400u,shippingservice-f956b6d9f-w7n4b,19,35
23:17:42,400u,adservice-574bff445c-qb9cj,69,271
23:17:42,400u,cartservice-7c84fdfb6-m5m6d,97,188
23:17:42,400u,checkoutservice-5b6d96c9b7-45rkr,19,39
23:17:42,400u,currencyservice-7c8fc8fc9c-4hm9g,2,94
23:17:42,400u,currencyservice-7c8fc8fc9c-5frj9,156,123
23:17:42,400u,currencyservice-7c8fc8fc9c-mgwx9,91,126
23:17:42,400u,emailservice-66944ff59-2lcjl,12,95
23:17:42,400u,frontend-7bd6f45654-przgb,125,39
23:17:42,400u,frontend-7bd6f45654-s2s7z,97,56
23:17:42,400u,frontend-7bd6f45654-vfxkp,107,37
23:17:42,400u,paymentservice-9bfb7bf5-kgd56,9,115
23:17:42,400u,productcatalogservice-65bbf699df-j2fmg,109,44
23:17:42,400u,recommendationservice-7444754ff5-n8cbh,200,60
23:17:42,400u,redis-cart-c8ff86559-kcf44,8,37
23:17:42,400u,shippingservice-f956b6d9f-w7n4b,19,35
23:17:48,400u,adservice-574bff445c-qb9cj,69,271
23:17:48,400u,cartservice-7c84fdfb6-m5m6d,97,188
23:17:48,400u,checkoutservice-5b6d96c9b7-45rkr,19,39
23:17:48,400u,currencyservice-7c8fc8fc9c-4hm9g,2,94
23:17:48,400u,currencyservice-7c8fc8fc9c-5frj9,156,123
23:17:48,400u,currencyservice-7c8fc8fc9c-mgwx9,91,126
23:17:48,400u,emailservice-66944ff59-2lcjl,12,95
23:17:48,400u,frontend-7bd6f45654-przgb,125,39
23:17:48,400u,frontend-7bd6f45654-s2s7z,97,56
23:17:48,400u,frontend-7bd6f45654-vfxkp,107,37
23:17:48,400u,paymentservice-9bfb7bf5-kgd56,9,115
23:17:48,400u,productcatalogservice-65bbf699df-j2fmg,109,44
23:17:48,400u,recommendationservice-7444754ff5-n8cbh,200,60
23:17:48,400u,redis-cart-c8ff86559-kcf44,8,37
23:17:48,400u,shippingservice-f956b6d9f-w7n4b,19,35
23:17:49,400u,adservice-574bff445c-qb9cj,69,271
23:17:49,400u,cartservice-7c84fdfb6-m5m6d,97,188
23:17:49,400u,checkoutservice-5b6d96c9b7-45rkr,19,39
23:17:49,400u,currencyservice-7c8fc8fc9c-4hm9g,2,94
23:17:49,400u,currencyservice-7c8fc8fc9c-5frj9,156,123
23:17:49,400u,currencyservice-7c8fc8fc9c-mgwx9,91,126
23:17:49,400u,emailservice-66944ff59-2lcjl,12,95
23:17:49,400u,frontend-7bd6f45654-przgb,125,39
23:17:49,400u,frontend-7bd6f45654-s2s7z,97,56
23:17:49,400u,frontend-7bd6f45654-vfxkp,107,37
23:17:49,400u,paymentservice-9bfb7bf5-kgd56,9,115
23:17:49,400u,productcatalogservice-65bbf699df-j2fmg,109,44
23:17:49,400u,recommendationservice-7444754ff5-n8cbh,200,60
23:17:49,400u,redis-cart-c8ff86559-kcf44,8,37
23:17:49,400u,shippingservice-f956b6d9f-w7n4b,19,35
23:17:52,400u,adservice-574bff445c-qb9cj,142,275
23:17:52,400u,cartservice-7c84fdfb6-m5m6d,140,188
23:17:52,400u,checkoutservice-5b6d96c9b7-45rkr,48,39
23:17:52,400u,currencyservice-7c8fc8fc9c-4hm9g,1,94
23:17:52,400u,currencyservice-7c8fc8fc9c-5frj9,173,125
23:17:52,400u,currencyservice-7c8fc8fc9c-mgwx9,150,126
23:17:52,400u,emailservice-66944ff59-2lcjl,25,95
23:17:52,400u,frontend-7bd6f45654-przgb,146,39
23:17:52,400u,frontend-7bd6f45654-s2s7z,149,56
23:17:52,400u,frontend-7bd6f45654-vfxkp,132,38
23:17:52,400u,paymentservice-9bfb7bf5-kgd56,19,115
23:17:52,400u,productcatalogservice-65bbf699df-j2fmg,104,44
23:17:52,400u,redis-cart-c8ff86559-kcf44,13,37
23:17:52,400u,shippingservice-f956b6d9f-w7n4b,32,35
23:17:58,400u,adservice-574bff445c-qb9cj,142,275
23:17:58,400u,cartservice-7c84fdfb6-m5m6d,140,188
23:17:58,400u,checkoutservice-5b6d96c9b7-45rkr,48,39
23:17:58,400u,currencyservice-7c8fc8fc9c-4hm9g,1,94
23:17:58,400u,currencyservice-7c8fc8fc9c-5frj9,173,125
23:17:58,400u,currencyservice-7c8fc8fc9c-mgwx9,150,126
23:17:58,400u,emailservice-66944ff59-2lcjl,25,95
23:17:58,400u,frontend-7bd6f45654-przgb,146,39
23:17:58,400u,frontend-7bd6f45654-s2s7z,149,56
23:17:58,400u,frontend-7bd6f45654-vfxkp,132,38
23:17:58,400u,paymentservice-9bfb7bf5-kgd56,19,115
23:17:58,400u,productcatalogservice-65bbf699df-j2fmg,104,44
23:17:58,400u,redis-cart-c8ff86559-kcf44,13,37
23:17:58,400u,shippingservice-f956b6d9f-w7n4b,32,35
23:18:02,400u,adservice-574bff445c-qb9cj,142,275
23:18:02,400u,cartservice-7c84fdfb6-m5m6d,140,188
23:18:02,400u,checkoutservice-5b6d96c9b7-45rkr,48,39
23:18:02,400u,currencyservice-7c8fc8fc9c-4hm9g,1,94
23:18:02,400u,currencyservice-7c8fc8fc9c-5frj9,173,125
23:18:02,400u,currencyservice-7c8fc8fc9c-mgwx9,150,126
23:18:02,400u,emailservice-66944ff59-2lcjl,25,95
23:18:02,400u,frontend-7bd6f45654-przgb,146,39
23:18:02,400u,frontend-7bd6f45654-s2s7z,149,56
23:18:02,400u,frontend-7bd6f45654-vfxkp,132,38
23:18:02,400u,paymentservice-9bfb7bf5-kgd56,19,115
23:18:02,400u,productcatalogservice-65bbf699df-j2fmg,104,44
23:18:02,400u,redis-cart-c8ff86559-kcf44,13,37
23:18:02,400u,shippingservice-f956b6d9f-w7n4b,32,35
23:18:08,400u,adservice-574bff445c-qb9cj,39,275
23:18:08,400u,cartservice-7c84fdfb6-m5m6d,59,188
23:18:08,400u,checkoutservice-5b6d96c9b7-45rkr,13,39
23:18:08,400u,currencyservice-7c8fc8fc9c-4hm9g,3,94
23:18:08,400u,currencyservice-7c8fc8fc9c-5frj9,84,126
23:18:08,400u,currencyservice-7c8fc8fc9c-mgwx9,52,126
23:18:08,400u,emailservice-66944ff59-2lcjl,10,95
23:18:08,400u,frontend-7bd6f45654-przgb,65,37
23:18:08,400u,frontend-7bd6f45654-s2s7z,54,57
23:18:08,400u,frontend-7bd6f45654-vfxkp,60,39
23:18:08,400u,paymentservice-9bfb7bf5-kgd56,6,115
23:18:08,400u,productcatalogservice-65bbf699df-j2fmg,53,44
23:18:08,400u,recommendationservice-7444754ff5-n8cbh,106,58
23:18:08,400u,redis-cart-c8ff86559-kcf44,7,37
23:18:08,400u,shippingservice-f956b6d9f-w7n4b,10,35
23:18:12,400u,adservice-574bff445c-qb9cj,39,275
23:18:12,400u,cartservice-7c84fdfb6-m5m6d,59,188
23:18:12,400u,checkoutservice-5b6d96c9b7-45rkr,13,39
23:18:12,400u,currencyservice-7c8fc8fc9c-4hm9g,3,94
23:18:12,400u,currencyservice-7c8fc8fc9c-5frj9,84,126
23:18:12,400u,currencyservice-7c8fc8fc9c-mgwx9,52,126
23:18:12,400u,emailservice-66944ff59-2lcjl,10,95
23:18:12,400u,frontend-7bd6f45654-przgb,65,37
23:18:12,400u,frontend-7bd6f45654-s2s7z,54,57
23:18:12,400u,frontend-7bd6f45654-vfxkp,60,39
23:18:12,400u,paymentservice-9bfb7bf5-kgd56,6,115
23:18:12,400u,productcatalogservice-65bbf699df-j2fmg,53,44
23:18:12,400u,recommendationservice-7444754ff5-n8cbh,106,58
23:18:12,400u,redis-cart-c8ff86559-kcf44,7,37
23:18:12,400u,shippingservice-f956b6d9f-w7n4b,10,35
