/Users/edias/Library/Python/3.9/lib/python/site-packages/urllib3/__init__.py:35: NotOpenSSLWarning: urllib3 v2 only supports OpenSSL 1.1.1+, currently the 'ssl' module is compiled with 'LibreSSL 2.8.3'. See: https://github.com/urllib3/urllib3/issues/3020
  warnings.warn(
[2026-05-21 11:09:10,464] MacBook-Air-de-Eduardo/WARNING/locust.main: Python 3.9 support is deprecated and will be removed soon
Type     Name                                                                          # reqs      # fails |    Avg     Min     Max    Med |   req/s  failures/s
--------|----------------------------------------------------------------------------|-------|-------------|-------|-------|-------|-------|--------|-----------
--------|----------------------------------------------------------------------------|-------|-------------|-------|-------|-------|-------|--------|-----------
         Aggregated                                                                         0     0(0.00%) |      0       0       0      0 |    0.00        0.00

Type     Name                                                                          # reqs      # fails |    Avg     Min     Max    Med |   req/s  failures/s
--------|----------------------------------------------------------------------------|-------|-------------|-------|-------|-------|-------|--------|-----------
GET      /cart                                                                              2     0(0.00%) |     15      14      16     15 |    0.00        0.00
POST     /cart [add]                                                                        5     0(0.00%) |     28      19      45     25 |    0.00        0.00
POST     /cart/checkout                                                                     1     0(0.00%) |     26      26      26     26 |    0.00        0.00
GET      /product/[id]                                                                     11     0(0.00%) |     19      13      33     16 |    0.00        0.00
POST     /setCurrency                                                                       4     0(0.00%) |     29      27      32     29 |    0.00        0.00
--------|----------------------------------------------------------------------------|-------|-------------|-------|-------|-------|-------|--------|-----------
         Aggregated                                                                        23     0(0.00%) |     23      13      45     24 |    0.00        0.00

Type     Name                                                                          # reqs      # fails |    Avg     Min     Max    Med |   req/s  failures/s
--------|----------------------------------------------------------------------------|-------|-------------|-------|-------|-------|-------|--------|-----------
GET      /cart                                                                              6     0(0.00%) |     15      11      22     15 |    0.50        0.00
POST     /cart [add]                                                                       14     0(0.00%) |     24      17      45     22 |    2.50        0.00
POST     /cart/checkout                                                                     4     0(0.00%) |     23      20      26     24 |    0.50        0.00
GET      /product/[id]                                                                     38     0(0.00%) |     16      11      33     15 |    4.00        0.00
POST     /setCurrency                                                                      11     0(0.00%) |     26      20      32     27 |    1.00        0.00
--------|----------------------------------------------------------------------------|-------|-------------|-------|-------|-------|-------|--------|-----------
         Aggregated                                                                        73     0(0.00%) |     20      11      45     18 |    8.50        0.00

Type     Name                                                                          # reqs      # fails |    Avg     Min     Max    Med |   req/s  failures/s
--------|----------------------------------------------------------------------------|-------|-------------|-------|-------|-------|-------|--------|-----------
GET      /                                                                                  1     0(0.00%) |     20      20      20     20 |    0.00        0.00
GET      /cart                                                                             20     0(0.00%) |     15      11      22     16 |    1.00        0.00
POST     /cart [add]                                                                       33     0(0.00%) |     25      17      68     22 |    3.00        0.00
POST     /cart/checkout                                                                    11     0(0.00%) |     24      19      35     24 |    0.75        0.00
GET      /product/[id]                                                                     74     0(0.00%) |     17      11      87     16 |    7.50        0.00
POST     /setCurrency                                                                      18     0(0.00%) |     27      20      38     27 |    2.25        0.00
--------|----------------------------------------------------------------------------|-------|-------------|-------|-------|-------|-------|--------|-----------
         Aggregated                                                                       157     0(0.00%) |     20      11      87     18 |   14.50        0.00

Type     Name                                                                          # reqs      # fails |    Avg     Min     Max    Med |   req/s  failures/s
--------|----------------------------------------------------------------------------|-------|-------------|-------|-------|-------|-------|--------|-----------
GET      /                                                                                  1     0(0.00%) |     20      20      20     20 |    0.17        0.00
GET      /cart                                                                             33     0(0.00%) |     16      11      24     16 |    3.00        0.00
POST     /cart [add]                                                                       54     0(0.00%) |     23      17      68     21 |    5.17        0.00
POST     /cart/checkout                                                                    23     0(0.00%) |     24      19      35     23 |    1.67        0.00
GET      /product/[id]                                                                    134     0(0.00%) |     16      10      87     15 |   10.17        0.00
POST     /setCurrency                                                                      28     0(0.00%) |     25      18      38     25 |    2.50        0.00
--------|----------------------------------------------------------------------------|-------|-------------|-------|-------|-------|-------|--------|-----------
         Aggregated                                                                       273     0(0.00%) |     19      10      87     18 |   22.67        0.00

Type     Name                                                                          # reqs      # fails |    Avg     Min     Max    Med |   req/s  failures/s
--------|----------------------------------------------------------------------------|-------|-------------|-------|-------|-------|-------|--------|-----------
GET      /                                                                                  2     0(0.00%) |     23      20      27     21 |    0.12        0.00
GET      /cart                                                                             48     0(0.00%) |     16      11      27     16 |    3.50        0.00
POST     /cart [add]                                                                       80     0(0.00%) |     23      16      68     21 |    6.00        0.00
POST     /cart/checkout                                                                    33     0(0.00%) |     23      19      35     22 |    2.25        0.00
GET      /product/[id]                                                                    205     0(0.00%) |     16      10      87     15 |   14.25        0.00
POST     /setCurrency                                                                      43     0(0.00%) |     25      18      38     25 |    3.50        0.00
--------|----------------------------------------------------------------------------|-------|-------------|-------|-------|-------|-------|--------|-----------
         Aggregated                                                                       411     0(0.00%) |     19      10      87     18 |   29.62        0.00

Type     Name                                                                          # reqs      # fails |    Avg     Min     Max    Med |   req/s  failures/s
--------|----------------------------------------------------------------------------|-------|-------------|-------|-------|-------|-------|--------|-----------
GET      /                                                                                  5     0(0.00%) |     28      19      52     21 |    0.20        0.00
GET      /cart                                                                             76     0(0.00%) |     18      11      52     16 |    4.40        0.00
POST     /cart [add]                                                                      114     0(0.00%) |     24      16      98     22 |    7.00        0.00
POST     /cart/checkout                                                                    46     0(0.00%) |     25      19      47     23 |    2.90        0.00
GET      /product/[id]                                                                    286     0(0.00%) |     16      10      87     15 |   19.00        0.00
POST     /setCurrency                                                                      55     0(0.00%) |     25      18      38     25 |    3.70        0.00
--------|----------------------------------------------------------------------------|-------|-------------|-------|-------|-------|-------|--------|-----------
         Aggregated                                                                       582     0(0.00%) |     19      10      98     18 |   37.20        0.00

Type     Name                                                                          # reqs      # fails |    Avg     Min     Max    Med |   req/s  failures/s
--------|----------------------------------------------------------------------------|-------|-------------|-------|-------|-------|-------|--------|-----------
GET      /                                                                                  8     0(0.00%) |     26      19      52     21 |    0.50        0.00
GET      /cart                                                                            106     0(0.00%) |     18      11      52     16 |    6.80        0.00
POST     /cart [add]                                                                      152     0(0.00%) |     24      16      98     22 |   10.20        0.00
POST     /cart/checkout                                                                    61     0(0.00%) |     25      19      47     23 |    4.20        0.00
GET      /product/[id]                                                                    367     0(0.00%) |     16      10      87     15 |   25.60        0.00
POST     /setCurrency                                                                      82     0(0.00%) |     25      18      38     25 |    5.00        0.00
--------|----------------------------------------------------------------------------|-------|-------------|-------|-------|-------|-------|--------|-----------
         Aggregated                                                                       776     0(0.00%) |     20      10      98     18 |   52.30        0.00

Type     Name                                                                          # reqs      # fails |    Avg     Min     Max    Med |   req/s  failures/s
--------|----------------------------------------------------------------------------|-------|-------------|-------|-------|-------|-------|--------|-----------
GET      /                                                                                  9     0(0.00%) |     34      19     101     24 |    0.80        0.00
GET      /cart                                                                            138     0(0.00%) |     23      11     263     17 |    9.50        0.00
POST     /cart [add]                                                                      187     0(0.00%) |     28      16     230     23 |   12.60        0.00
POST     /cart/checkout                                                                    79     0(0.00%) |     30      19     112     24 |    5.20        0.00
GET      /product/[id]                                                                    463     0(0.00%) |     19      10     265     15 |   31.70        0.00
POST     /setCurrency                                                                     104     0(0.00%) |     29      18     172     25 |    6.60        0.00
--------|----------------------------------------------------------------------------|-------|-------------|-------|-------|-------|-------|--------|-----------
         Aggregated                                                                       980     0(0.00%) |     23      10     265     19 |   66.40        0.00

Type     Name                                                                          # reqs      # fails |    Avg     Min     Max    Med |   req/s  failures/s
--------|----------------------------------------------------------------------------|-------|-------------|-------|-------|-------|-------|--------|-----------
GET      /                                                                                 12     0(0.00%) |     40      19     101     24 |    0.80        0.00
GET      /cart                                                                            173     0(0.00%) |     26      11     263     18 |   11.20        0.00
POST     /cart [add]                                                                      229     0(0.00%) |     31      16     234     23 |   14.80        0.00
POST     /cart/checkout                                                                    97     0(0.00%) |     31      19     112     24 |    6.40        0.00
GET      /product/[id]                                                                    579     0(0.00%) |     20      10     265     16 |   38.00        0.00
POST     /setCurrency                                                                     130     0(0.00%) |     32      18     172     25 |    8.50        0.00
--------|----------------------------------------------------------------------------|-------|-------------|-------|-------|-------|-------|--------|-----------
         Aggregated                                                                      1220     0(0.00%) |     25      10     265     19 |   79.70        0.00

Type     Name                                                                          # reqs      # fails |    Avg     Min     Max    Med |   req/s  failures/s
--------|----------------------------------------------------------------------------|-------|-------------|-------|-------|-------|-------|--------|-----------
GET      /                                                                                 19     0(0.00%) |     41      19     101     32 |    1.10        0.00
GET      /cart                                                                            213     0(0.00%) |     27      11     263     18 |   13.40        0.00
POST     /cart [add]                                                                      275     0(0.00%) |     34      16     234     24 |   17.30        0.00
POST     /cart/checkout                                                                   115     0(0.00%) |     34      19     112     25 |    7.20        0.00
GET      /product/[id]                                                                    700     0(0.00%) |     21      10     265     16 |   43.90        0.00
POST     /setCurrency                                                                     156     0(0.00%) |     37      18     172     26 |    9.30        0.00
--------|----------------------------------------------------------------------------|-------|-------------|-------|-------|-------|-------|--------|-----------
         Aggregated                                                                      1478     0(0.00%) |     28      10     265     20 |   92.20        0.00

Type     Name                                                                          # reqs      # fails |    Avg     Min     Max    Med |   req/s  failures/s
--------|----------------------------------------------------------------------------|-------|-------------|-------|-------|-------|-------|--------|-----------
GET      /                                                                                 25     0(0.00%) |     45      19     101     36 |    1.40        0.00
GET      /cart                                                                            232     0(0.00%) |     28      11     263     18 |   15.90        0.00
POST     /cart [add]                                                                      323     0(0.00%) |     41      16     281     25 |   19.50        0.00
POST     /cart/checkout                                                                   134     0(0.00%) |     40      19     277     27 |    8.20        0.00
GET      /product/[id]                                                                    849     0(0.00%) |     25      10     265     17 |   47.90        0.00
POST     /setCurrency                                                                     186     0(0.00%) |     45      18     291     28 |   11.20        0.00
--------|----------------------------------------------------------------------------|-------|-------------|-------|-------|-------|-------|--------|-----------
         Aggregated                                                                      1749     0(0.00%) |     32      10     291     22 |  104.10        0.00

Type     Name                                                                          # reqs      # fails |    Avg     Min     Max    Med |   req/s  failures/s
--------|----------------------------------------------------------------------------|-------|-------------|-------|-------|-------|-------|--------|-----------
GET      /                                                                                 32     0(0.00%) |     53      19     167     39 |    2.00        0.00
GET      /cart                                                                            277     0(0.00%) |     32      11     263     19 |   16.10        0.00
POST     /cart [add]                                                                      368     0(0.00%) |     45      16     305     26 |   20.10        0.00
POST     /cart/checkout                                                                   154     0(0.00%) |     46      19     277     30 |    8.80        0.00
GET      /product/[id]                                                                    990     0(0.00%) |     29      10     265     18 |   55.00        0.00
POST     /setCurrency                                                                     214     0(0.00%) |     51      18     291     31 |   12.50        0.00
--------|----------------------------------------------------------------------------|-------|-------------|-------|-------|-------|-------|--------|-----------
         Aggregated                                                                      2035     0(0.00%) |     36      10     305     23 |  114.50        0.00

Type     Name                                                                          # reqs      # fails |    Avg     Min     Max    Med |   req/s  failures/s
--------|----------------------------------------------------------------------------|-------|-------------|-------|-------|-------|-------|--------|-----------
GET      /                                                                                 36     0(0.00%) |     64      19     200     44 |    2.10        0.00
GET      /cart                                                                            308     0(0.00%) |     37      11     693     22 |   17.10        0.00
POST     /cart [add]                                                                      416     0(0.00%) |     56      16     857     28 |   22.10        0.00
POST     /cart/checkout                                                                   172     0(0.00%) |     54      19     699     34 |    9.50        0.00
GET      /product/[id]                                                                   1126     0(0.00%) |     36      10     784     19 |   59.90        0.00
POST     /setCurrency                                                                     241     0(0.00%) |     56      18     291     34 |   13.10        0.00
--------|----------------------------------------------------------------------------|-------|-------------|-------|-------|-------|-------|--------|-----------
         Aggregated                                                                      2299     0(0.00%) |     43      10     857     25 |  123.80        0.00

Type     Name                                                                          # reqs      # fails |    Avg     Min     Max    Med |   req/s  failures/s
--------|----------------------------------------------------------------------------|-------|-------------|-------|-------|-------|-------|--------|-----------
GET      /                                                                                 47     0(0.00%) |     83      19     214     66 |    2.50        0.00
GET      /cart                                                                            345     0(0.00%) |     43      11     693     24 |   17.40        0.00
POST     /cart [add]                                                                      469     0(0.00%) |     63      16     857     35 |   22.20        0.00
POST     /cart/checkout                                                                   193     0(0.00%) |     61      19     699     41 |    9.30        0.00
GET      /product/[id]                                                                   1272     0(0.00%) |     41      10     784     21 |   65.00        0.00
POST     /setCurrency                                                                     268     0(0.00%) |     66      18     300     39 |   13.60        0.00
--------|----------------------------------------------------------------------------|-------|-------------|-------|-------|-------|-------|--------|-----------
         Aggregated                                                                      2594     0(0.00%) |     50      10     857     27 |  130.00        0.00

Type     Name                                                                          # reqs      # fails |    Avg     Min     Max    Med |   req/s  failures/s
--------|----------------------------------------------------------------------------|-------|-------------|-------|-------|-------|-------|--------|-----------
GET      /                                                                                 57     0(0.00%) |     92      19     214     76 |    3.10        0.00
GET      /cart                                                                            380     0(0.00%) |     49      11     693     26 |   17.50        0.00
POST     /cart [add]                                                                      513     0(0.00%) |     77      16    1067     41 |   23.10        0.00
POST     /cart/checkout                                                                   213     0(0.00%) |     65      19     699     46 |   10.10        0.00
GET      /product/[id]                                                                   1410     0(0.00%) |     46      10     975     23 |   68.80        0.00
POST     /setCurrency                                                                     306     0(0.00%) |     82      18     852     51 |   13.80        0.00
--------|----------------------------------------------------------------------------|-------|-------------|-------|-------|-------|-------|--------|-----------
         Aggregated                                                                      2879     0(0.00%) |     58      10    1067     30 |  136.40        0.00

Type     Name                                                                          # reqs      # fails |    Avg     Min     Max    Med |   req/s  failures/s
--------|----------------------------------------------------------------------------|-------|-------------|-------|-------|-------|-------|--------|-----------
GET      /                                                                                 67     0(0.00%) |    101      19     226     93 |    4.10        0.00
GET      /cart                                                                            413     0(0.00%) |     56      11     693     29 |   17.00        0.00
POST     /cart [add]                                                                      571     0(0.00%) |     89      16    1952     47 |   23.50        0.00
POST     /cart/checkout                                                                   247     0(0.00%) |     76      19     699     55 |   10.10        0.00
GET      /product/[id]                                                                   1563     0(0.00%) |     51      10     975     27 |   70.40        0.00
POST     /setCurrency                                                                     332     0(0.00%) |     88      18     871     55 |   15.00        0.00
--------|----------------------------------------------------------------------------|-------|-------------|-------|-------|-------|-------|--------|-----------
         Aggregated                                                                      3193     0(0.00%) |     65      10    1952     35 |  140.10        0.00

Type     Name                                                                          # reqs      # fails |    Avg     Min     Max    Med |   req/s  failures/s
--------|----------------------------------------------------------------------------|-------|-------------|-------|-------|-------|-------|--------|-----------
GET      /                                                                                 72     0(0.00%) |    102      19     226     95 |    4.10        0.00
GET      /cart                                                                            452     0(0.00%) |     59      11     693     34 |   17.50        0.00
POST     /cart [add]                                                                      631     0(0.00%) |     94      16    1952     57 |   24.90        0.00
POST     /cart/checkout                                                                   270     0(0.00%) |     80      19     699     62 |   10.60        0.00
GET      /product/[id]                                                                   1744     0(0.00%) |     56      10     975     32 |   70.40        0.00
POST     /setCurrency                                                                     365     0(0.00%) |     94      18     871     67 |   15.00        0.00
--------|----------------------------------------------------------------------------|-------|-------------|-------|-------|-------|-------|--------|-----------
         Aggregated                                                                      3534     0(0.00%) |     70      10    1952     42 |  142.50        0.00

Type     Name                                                                          # reqs      # fails |    Avg     Min     Max    Med |   req/s  failures/s
--------|----------------------------------------------------------------------------|-------|-------------|-------|-------|-------|-------|--------|-----------
GET      /                                                                                 82     0(0.00%) |    117      19     423    100 |    4.10        0.00
GET      /cart                                                                            500     0(0.00%) |     66      11     693     41 |   17.00        0.00
POST     /cart [add]                                                                      688     0(0.00%) |    101      16    1952     66 |   25.20        0.00
POST     /cart/checkout                                                                   291     0(0.00%) |     85      19     699     69 |   11.50        0.00
GET      /product/[id]                                                                   1908     0(0.00%) |     61      10     975     39 |   75.70        0.00
POST     /setCurrency                                                                     400     0(0.00%) |    102      18     871     76 |   15.20        0.00
--------|----------------------------------------------------------------------------|-------|-------------|-------|-------|-------|-------|--------|-----------
         Aggregated                                                                      3869     0(0.00%) |     76      10    1952     50 |  148.70        0.00

Type     Name                                                                          # reqs      # fails |    Avg     Min     Max    Med |   req/s  failures/s
--------|----------------------------------------------------------------------------|-------|-------------|-------|-------|-------|-------|--------|-----------
GET      /                                                                                 95     0(0.00%) |    125      19     423    120 |    4.40        0.00
GET      /cart                                                                            553     0(0.00%) |     71      11     693     46 |   18.70        0.00
POST     /cart [add]                                                                      747     0(0.00%) |    106      16    1952     74 |   27.30        0.00
POST     /cart/checkout                                                                   313     0(0.00%) |     89      19     699     73 |   11.80        0.00
GET      /product/[id]                                                                   2070     0(0.00%) |     64      10     975     46 |   77.20        0.00
POST     /setCurrency                                                                     434     0(0.00%) |    107      18     871     85 |   15.60        0.00
--------|----------------------------------------------------------------------------|-------|-------------|-------|-------|-------|-------|--------|-----------
         Aggregated                                                                      4212     0(0.00%) |     80      10    1952     58 |  155.00        0.00

Type     Name                                                                          # reqs      # fails |    Avg     Min     Max    Med |   req/s  failures/s
--------|----------------------------------------------------------------------------|-------|-------------|-------|-------|-------|-------|--------|-----------
GET      /                                                                                102     0(0.00%) |    129      19     423    130 |    5.10        0.00
GET      /cart                                                                            584     0(0.00%) |     76      11    1038     48 |   20.20        0.00
POST     /cart [add]                                                                      805     0(0.00%) |    118      16    1952     81 |   28.10        0.00
POST     /cart/checkout                                                                   338     0(0.00%) |     99      19    1119     81 |   11.60        0.00
GET      /product/[id]                                                                   2250     0(0.00%) |     73      10    1016     51 |   79.70        0.00
POST     /setCurrency                                                                     469     0(0.00%) |    119      18    1069     93 |   16.80        0.00
--------|----------------------------------------------------------------------------|-------|-------------|-------|-------|-------|-------|--------|-----------
         Aggregated                                                                      4548     0(0.00%) |     89      10    1952     63 |  161.50        0.00

Type     Name                                                                          # reqs      # fails |    Avg     Min     Max    Med |   req/s  failures/s
--------|----------------------------------------------------------------------------|-------|-------------|-------|-------|-------|-------|--------|-----------
GET      /                                                                                112     0(0.00%) |    135      19     423    130 |    4.30        0.00
GET      /cart                                                                            643     0(0.00%) |     85      11    1038     60 |   20.40        0.00
POST     /cart [add]                                                                      872     0(0.00%) |    126      16    1952     93 |   28.70        0.00
POST     /cart/checkout                                                                   361     0(0.00%) |    107      19    1119     91 |   11.90        0.00
GET      /product/[id]                                                                   2408     0(0.00%) |     79      10    1016     58 |   83.30        0.00
POST     /setCurrency                                                                     501     0(0.00%) |    126      18    1069    100 |   16.30        0.00
--------|----------------------------------------------------------------------------|-------|-------------|-------|-------|-------|-------|--------|-----------
         Aggregated                                                                      4897     0(0.00%) |     96      10    1952     69 |  164.90        0.00

Type     Name                                                                          # reqs      # fails |    Avg     Min     Max    Med |   req/s  failures/s
--------|----------------------------------------------------------------------------|-------|-------------|-------|-------|-------|-------|--------|-----------
GET      /                                                                                130   15(11.54%) |    133       4     423    130 |    4.50        0.00
GET      /cart                                                                            691    33(4.78%) |     88       2    1038     61 |   21.80        0.00
POST     /cart [add]                                                                      959    60(6.26%) |    127       8    1952     95 |   29.50        0.00
POST     /cart/checkout                                                                   372     3(0.81%) |    108      11    1119     92 |   11.60        0.00
GET      /product/[id]                                                                   2652   138(5.20%) |     79       2    1016     60 |   85.20        0.00
POST     /setCurrency                                                                     544    33(6.07%) |    124       4    1069     99 |   16.50        0.00
--------|----------------------------------------------------------------------------|-------|-------------|-------|-------|-------|-------|--------|-----------
         Aggregated                                                                      5348   282(5.27%) |     97       2    1952     71 |  169.10        0.00

Type     Name                                                                          # reqs      # fails |    Avg     Min     Max    Med |   req/s  failures/s
--------|----------------------------------------------------------------------------|-------|-------------|-------|-------|-------|-------|--------|-----------
GET      /                                                                                148   33(22.30%) |    125       3     423    120 |    5.40        0.90
GET      /cart                                                                            773  109(14.10%) |     92       2    1038     63 |   23.70        2.00
POST     /cart [add]                                                                     1033  132(12.78%) |    128       8    1952     97 |   32.40        3.70
POST     /cart/checkout                                                                   373     4(1.07%) |    108      11    1119     92 |   10.60        0.20
GET      /product/[id]                                                                   2881  304(10.55%) |     80       2    1016     61 |   88.20        8.50
POST     /setCurrency                                                                     594   83(13.97%) |    122       4    1069     96 |   17.80        2.50
--------|----------------------------------------------------------------------------|-------|-------------|-------|-------|-------|-------|--------|-----------
         Aggregated                                                                      5802  665(11.46%) |     97       2    1952     71 |  178.10       17.80

Type     Name                                                                          # reqs      # fails |    Avg     Min     Max    Med |   req/s  failures/s
--------|----------------------------------------------------------------------------|-------|-------------|-------|-------|-------|-------|--------|-----------
GET      /                                                                                159   35(22.01%) |    143       3     760    130 |    6.50        2.80
GET      /cart                                                                            821  113(13.76%) |    103       2    1038     68 |   25.90        8.60
POST     /cart [add]                                                                     1084  137(12.64%) |    138       8    1952    100 |   33.80       11.10
POST     /cart/checkout                                                                   390     5(1.28%) |    116      11    1119     95 |    8.80        0.40
GET      /product/[id]                                                                   3058  323(10.56%) |     85       2    1016     65 |   95.40       25.50
POST     /setCurrency                                                                     629   87(13.83%) |    133       4    1069    100 |   19.50        7.60
--------|----------------------------------------------------------------------------|-------|-------------|-------|-------|-------|-------|--------|-----------
         Aggregated                                                                      6141  700(11.40%) |    105       2    1952     76 |  189.90       56.00

Type     Name                                                                          # reqs      # fails |    Avg     Min     Max    Med |   req/s  failures/s
--------|----------------------------------------------------------------------------|-------|-------------|-------|-------|-------|-------|--------|-----------
GET      /                                                                                173   35(20.23%) |    159       3     760    140 |    6.30        3.50
GET      /cart                                                                            870  113(12.99%) |    113       2    1038     73 |   27.20       11.30
POST     /cart [add]                                                                     1142  137(12.00%) |    148       8    1952    110 |   33.90       13.70
POST     /cart/checkout                                                                   415     5(1.20%) |    126      11    1119     98 |    7.90        0.50
GET      /product/[id]                                                                   3228  323(10.01%) |     90       2    1016     69 |   98.30       32.30
POST     /setCurrency                                                                     665   87(13.08%) |    145       4    1069    120 |   18.80        8.70
--------|----------------------------------------------------------------------------|-------|-------------|-------|-------|-------|-------|--------|-----------
         Aggregated                                                                      6493  700(10.78%) |    113       2    1952     83 |  192.40       70.00

Type     Name                                                                          # reqs      # fails |    Avg     Min     Max    Med |   req/s  failures/s
--------|----------------------------------------------------------------------------|-------|-------------|-------|-------|-------|-------|--------|-----------
GET      /                                                                                185   35(18.92%) |    179       3     780    150 |    6.90        3.50
GET      /cart                                                                            909  113(12.43%) |    121       2    1038     80 |   28.10       11.30
POST     /cart [add]                                                                     1194  137(11.47%) |    161       8    1952    120 |   34.00       13.70
POST     /cart/checkout                                                                   425     5(1.18%) |    132      11    1119    100 |    7.70        0.50
GET      /product/[id]                                                                   3406   323(9.48%) |     99       2    1016     75 |   98.50       32.30
POST     /setCurrency                                                                     697   87(12.48%) |    159       4    1069    120 |   19.20        8.70
--------|----------------------------------------------------------------------------|-------|-------------|-------|-------|-------|-------|--------|-----------
         Aggregated                                                                      6816  700(10.27%) |    123       2    1952     89 |  194.40       70.00

Type     Name                                                                          # reqs      # fails |    Avg     Min     Max    Med |   req/s  failures/s
--------|----------------------------------------------------------------------------|-------|-------------|-------|-------|-------|-------|--------|-----------
GET      /                                                                                201   35(17.41%) |    210       3     856    160 |    7.20        3.50
GET      /cart                                                                            951  113(11.88%) |    130       2    1038     85 |   27.90       11.30
POST     /cart [add]                                                                     1255  137(10.92%) |    173       8    1952    120 |   33.00       13.70
POST     /cart/checkout                                                                   450     5(1.11%) |    143      11    1119    100 |    6.90        0.50
GET      /product/[id]                                                                   3575   323(9.03%) |    105       2    1016     78 |   98.40       32.30
POST     /setCurrency                                                                     734   87(11.85%) |    179       4    1069    130 |   19.70        8.70
--------|----------------------------------------------------------------------------|-------|-------------|-------|-------|-------|-------|--------|-----------
         Aggregated                                                                      7166   700(9.77%) |    133       2    1952     94 |  193.10       70.00

Type     Name                                                                          # reqs      # fails |    Avg     Min     Max    Med |   req/s  failures/s
--------|----------------------------------------------------------------------------|-------|-------------|-------|-------|-------|-------|--------|-----------
GET      /                                                                                210   35(16.67%) |    219       3     856    170 |    7.10        2.60
GET      /cart                                                                            995  113(11.36%) |    138       2    1038     93 |   26.20        9.30
POST     /cart [add]                                                                     1299  137(10.55%) |    182       8    1952    130 |   29.90       10.00
POST     /cart/checkout                                                                   467     5(1.07%) |    149      11    1119    110 |    7.30        0.30
GET      /product/[id]                                                                   3747   323(8.62%) |    113       2    1047     85 |   94.50       23.80
POST     /setCurrency                                                                     760   87(11.45%) |    190       4    1069    140 |   18.60        6.20
--------|----------------------------------------------------------------------------|-------|-------------|-------|-------|-------|-------|--------|-----------
         Aggregated                                                                      7478   700(9.36%) |    141       2    1952     99 |  183.60       52.20

Type     Name                                                                          # reqs      # fails |    Avg     Min     Max    Med |   req/s  failures/s
--------|----------------------------------------------------------------------------|-------|-------------|-------|-------|-------|-------|--------|-----------
GET      /                                                                                218   35(16.06%) |    234       3    1242    170 |    6.60        0.70
GET      /cart                                                                           1045  113(10.81%) |    148       2    1324     99 |   23.80        2.70
POST     /cart [add]                                                                     1358  137(10.09%) |    195       8    1952    140 |   27.40        2.60
POST     /cart/checkout                                                                   486     5(1.03%) |    158      11    1119    110 |    9.00        0.10
GET      /product/[id]                                                                   3923   323(8.23%) |    121       2    1202     90 |   88.80        6.80
POST     /setCurrency                                                                     800   87(10.88%) |    208       4    1069    150 |   16.80        1.10
--------|----------------------------------------------------------------------------|-------|-------------|-------|-------|-------|-------|--------|-----------
         Aggregated                                                                      7830   700(8.94%) |    152       2    1952    100 |  172.40       14.00

Type     Name                                                                          # reqs      # fails |    Avg     Min     Max    Med |   req/s  failures/s
--------|----------------------------------------------------------------------------|-------|-------------|-------|-------|-------|-------|--------|-----------
GET      /                                                                                228   35(15.35%) |    249       3    1242    180 |    6.00        0.00
GET      /cart                                                                           1098  113(10.29%) |    155       2    1324    110 |   22.20        0.00
POST     /cart [add]                                                                     1419   137(9.65%) |    203       8    1952    150 |   26.60        0.00
POST     /cart/checkout                                                                   516     5(0.97%) |    168      11    1119    120 |    9.60        0.00
GET      /product/[id]                                                                   4133   323(7.82%) |    126       2    1202     95 |   85.30        0.00
POST     /setCurrency                                                                     845   87(10.30%) |    224       4    1069    160 |   17.60        0.00
--------|----------------------------------------------------------------------------|-------|-------------|-------|-------|-------|-------|--------|-----------
         Aggregated                                                                      8239   700(8.50%) |    159       2    1952    110 |  167.30        0.00

Type     Name                                                                          # reqs      # fails |    Avg     Min     Max    Med |   req/s  failures/s
--------|----------------------------------------------------------------------------|-------|-------------|-------|-------|-------|-------|--------|-----------
GET      /                                                                                242   35(14.46%) |    260       3    1242    190 |    5.70        0.00
GET      /cart                                                                           1145   113(9.87%) |    160       2    1324    110 |   22.60        0.00
POST     /cart [add]                                                                     1478   137(9.27%) |    209       8    1952    160 |   27.40        0.00
POST     /cart/checkout                                                                   541     5(0.92%) |    172      11    1119    130 |   10.00        0.00
GET      /product/[id]                                                                   4337   323(7.45%) |    130       2    1202    100 |   88.50        0.00
POST     /setCurrency                                                                     886    87(9.82%) |    235       4    1069    160 |   17.60        0.00
--------|----------------------------------------------------------------------------|-------|-------------|-------|-------|-------|-------|--------|-----------
         Aggregated                                                                      8629   700(8.11%) |    165       2    1952    120 |  171.80        0.00

Type     Name                                                                          # reqs      # fails |    Avg     Min     Max    Med |   req/s  failures/s
--------|----------------------------------------------------------------------------|-------|-------------|-------|-------|-------|-------|--------|-----------
GET      /                                                                                253   35(13.83%) |    284       3    1639    200 |    5.80        0.00
GET      /cart                                                                           1203   113(9.39%) |    173       2    1909    120 |   23.10        0.00
POST     /cart [add]                                                                     1536   137(8.92%) |    216       8    1952    160 |   28.20        0.00
POST     /cart/checkout                                                                   559     5(0.89%) |    183      11    1898    130 |   10.90        0.00
GET      /product/[id]                                                                   4503   323(7.17%) |    135       2    1518    100 |   93.40        0.00
POST     /setCurrency                                                                     931    87(9.34%) |    272       4    2367    170 |   19.40        0.00
--------|----------------------------------------------------------------------------|-------|-------------|-------|-------|-------|-------|--------|-----------
         Aggregated                                                                      8985   700(7.79%) |    175       2    2367    120 |  180.80        0.00

Type     Name                                                                          # reqs      # fails |    Avg     Min     Max    Med |   req/s  failures/s
--------|----------------------------------------------------------------------------|-------|-------------|-------|-------|-------|-------|--------|-----------
GET      /                                                                                263   35(13.31%) |    291       3    1639    210 |    5.30        0.00
GET      /cart                                                                           1244   113(9.08%) |    179       2    1909    120 |   24.40        0.00
POST     /cart [add]                                                                     1603   137(8.55%) |    227       8    1952    170 |   28.50        0.00
POST     /cart/checkout                                                                   580     5(0.86%) |    190      11    1898    140 |   11.00        0.00
GET      /product/[id]                                                                   4672   323(6.91%) |    142       2    1606    110 |   92.10        0.00
POST     /setCurrency                                                                     968    87(8.99%) |    282       4    2367    180 |   18.90        0.00
--------|----------------------------------------------------------------------------|-------|-------------|-------|-------|-------|-------|--------|-----------
         Aggregated                                                                      9330   700(7.50%) |    183       2    2367    130 |  180.20        0.00

Type     Name                                                                          # reqs      # fails |    Avg     Min     Max    Med |   req/s  failures/s
--------|----------------------------------------------------------------------------|-------|-------------|-------|-------|-------|-------|--------|-----------
GET      /                                                                                279   35(12.54%) |    347       3    1946    220 |    5.40        0.00
GET      /cart                                                                           1291   113(8.75%) |    191       2    1973    130 |   24.90        0.00
POST     /cart [add]                                                                     1662   137(8.24%) |    241       8    2914    170 |   30.30        0.00
POST     /cart/checkout                                                                   602     5(0.83%) |    205      11    1898    150 |   11.40        0.00
GET      /product/[id]                                                                   4835   323(6.68%) |    148       2    1984    110 |   92.70        0.00
POST     /setCurrency                                                                     996    87(8.73%) |    303       4    2397    180 |   20.80        0.00
--------|----------------------------------------------------------------------------|-------|-------------|-------|-------|-------|-------|--------|-----------
         Aggregated                                                                      9665   700(7.24%) |    195       2    2914    130 |  185.50        0.00

Type     Name                                                                          # reqs      # fails |    Avg     Min     Max    Med |   req/s  failures/s
--------|----------------------------------------------------------------------------|-------|-------------|-------|-------|-------|-------|--------|-----------
GET      /                                                                                304   35(11.51%) |    358       3    1946    250 |    6.00        0.00
GET      /cart                                                                           1332   113(8.48%) |    195       2    1973    140 |   24.70        0.00
POST     /cart [add]                                                                     1728   137(7.93%) |    251       8    2914    180 |   31.00        0.00
POST     /cart/checkout                                                                   626     5(0.80%) |    210      11    1898    160 |   11.10        0.00
GET      /product/[id]                                                                   5057   323(6.39%) |    154       2    1984    110 |   91.20        0.00
POST     /setCurrency                                                                    1043    87(8.34%) |    314       4    2397    190 |   19.90        0.00
--------|----------------------------------------------------------------------------|-------|-------------|-------|-------|-------|-------|--------|-----------
         Aggregated                                                                     10090   700(6.94%) |    202       2    2914    140 |  183.90        0.00

Type     Name                                                                          # reqs      # fails |    Avg     Min     Max    Med |   req/s  failures/s
--------|----------------------------------------------------------------------------|-------|-------------|-------|-------|-------|-------|--------|-----------
GET      /                                                                                321   35(10.90%) |    370       3    1946    290 |    7.40        0.00
GET      /cart                                                                           1376   113(8.21%) |    201       2    1973    140 |   23.40        0.00
POST     /cart [add]                                                                     1792   137(7.65%) |    263       8    2914    190 |   31.10        0.00
POST     /cart/checkout                                                                   649     5(0.77%) |    216      11    1898    170 |   11.40        0.00
GET      /product/[id]                                                                   5258   323(6.14%) |    160       2    1984    120 |   92.40        0.00
POST     /setCurrency                                                                    1098    87(7.92%) |    328       4    2397    220 |   20.20        0.00
--------|----------------------------------------------------------------------------|-------|-------------|-------|-------|-------|-------|--------|-----------
         Aggregated                                                                     10494   700(6.67%) |    211       2    2914    150 |  185.90        0.00

Type     Name                                                                          # reqs      # fails |    Avg     Min     Max    Med |   req/s  failures/s
--------|----------------------------------------------------------------------------|-------|-------------|-------|-------|-------|-------|--------|-----------
GET      /                                                                                336   35(10.42%) |    370       3    1946    290 |    7.50        0.00
GET      /cart                                                                           1418   113(7.97%) |    205       2    1973    150 |   23.10        0.00
POST     /cart [add]                                                                     1856   137(7.38%) |    269       8    2914    200 |   30.80        0.00
POST     /cart/checkout                                                                   671     5(0.75%) |    222      11    1898    170 |   11.00        0.00
GET      /product/[id]                                                                   5451   323(5.93%) |    163       2    1984    120 |   91.20        0.00
POST     /setCurrency                                                                    1138    87(7.64%) |    335       4    2397    230 |   20.00        0.00
--------|----------------------------------------------------------------------------|-------|-------------|-------|-------|-------|-------|--------|-----------
         Aggregated                                                                     10870   700(6.44%) |    215       2    2914    150 |  183.60        0.00

Type     Name                                                                          # reqs      # fails |    Avg     Min     Max    Med |   req/s  failures/s
--------|----------------------------------------------------------------------------|-------|-------------|-------|-------|-------|-------|--------|-----------
GET      /                                                                                347   35(10.09%) |    375       3    1946    300 |    8.20        0.00
GET      /cart                                                                           1462   113(7.73%) |    212       2    1973    150 |   22.50        0.00
POST     /cart [add]                                                                     1924   137(7.12%) |    280       8    2914    210 |   33.10        0.00
POST     /cart/checkout                                                                   700     5(0.71%) |    239      11    1898    180 |   11.60        0.00
GET      /product/[id]                                                                   5666   323(5.70%) |    174       2    1984    130 |   96.60        0.00
POST     /setCurrency                                                                    1176    87(7.40%) |    341       4    2397    240 |   21.50        0.00
--------|----------------------------------------------------------------------------|-------|-------------|-------|-------|-------|-------|--------|-----------
         Aggregated                                                                     11275   700(6.21%) |    225       2    2914    160 |  193.50        0.00

Type     Name                                                                          # reqs      # fails |    Avg     Min     Max    Med |   req/s  failures/s
--------|----------------------------------------------------------------------------|-------|-------------|-------|-------|-------|-------|--------|-----------
GET      /                                                                                364    35(9.62%) |    384       3    1946    300 |    8.00        0.00
GET      /cart                                                                           1515   113(7.46%) |    219       2    1973    160 |   20.90        0.00
POST     /cart [add]                                                                     1984   137(6.91%) |    288       8    2914    220 |   32.80        0.00
POST     /cart/checkout                                                                   716     5(0.70%) |    243      11    1898    190 |   11.50        0.00
GET      /product/[id]                                                                   5892   323(5.48%) |    182       2    1984    140 |   98.70        0.00
POST     /setCurrency                                                                    1221    87(7.13%) |    347       4    2397    260 |   20.30        0.00
--------|----------------------------------------------------------------------------|-------|-------------|-------|-------|-------|-------|--------|-----------
         Aggregated                                                                     11692   700(5.99%) |    232       2    2914    170 |  192.20        0.00

Type     Name                                                                          # reqs      # fails |    Avg     Min     Max    Med |   req/s  failures/s
--------|----------------------------------------------------------------------------|-------|-------------|-------|-------|-------|-------|--------|-----------
GET      /                                                                                387    35(9.04%) |    403       3    1946    310 |    8.60        0.00
GET      /cart                                                                           1573   113(7.18%) |    226       2    1973    170 |   22.50        0.00
POST     /cart [add]                                                                     2051   137(6.68%) |    296       8    2914    230 |   31.60        0.00
POST     /cart/checkout                                                                   749     5(0.67%) |    256      11    1898    190 |   12.00        0.00
GET      /product/[id]                                                                   6104   323(5.29%) |    188       2    1984    140 |  105.30        0.00
POST     /setCurrency                                                                    1268    87(6.86%) |    355       4    2397    290 |   22.20        0.00
--------|----------------------------------------------------------------------------|-------|-------------|-------|-------|-------|-------|--------|-----------
         Aggregated                                                                     12132   700(5.77%) |    240       2    2914    170 |  202.20        0.00

Type     Name                                                                          # reqs      # fails |    Avg     Min     Max    Med |   req/s  failures/s
--------|----------------------------------------------------------------------------|-------|-------------|-------|-------|-------|-------|--------|-----------
GET      /                                                                                399    35(8.77%) |    403       3    1946    320 |    8.40        0.00
GET      /cart                                                                           1642   113(6.88%) |    234       2    1973    180 |   23.70        0.00
POST     /cart [add]                                                                     2130   137(6.43%) |    307       8    2914    240 |   32.80        0.00
POST     /cart/checkout                                                                   774     5(0.65%) |    261      11    1898    200 |   12.10        0.00
GET      /product/[id]                                                                   6334   323(5.10%) |    195       2    1984    150 |  105.10        0.00
POST     /setCurrency                                                                    1302    87(6.68%) |    357       4    2397    300 |   22.30        0.00
--------|----------------------------------------------------------------------------|-------|-------------|-------|-------|-------|-------|--------|-----------
         Aggregated                                                                     12581   700(5.56%) |    246       2    2914    180 |  204.40        0.00

Type     Name                                                                          # reqs      # fails |    Avg     Min     Max    Med |   req/s  failures/s
--------|----------------------------------------------------------------------------|-------|-------------|-------|-------|-------|-------|--------|-----------
GET      /                                                                                409    35(8.56%) |    408       3    1946    330 |    8.10        0.00
GET      /cart                                                                           1700   113(6.65%) |    239       2    1973    190 |   25.30        0.00
POST     /cart [add]                                                                     2207   137(6.21%) |    315       8    2914    250 |   33.50        0.00
POST     /cart/checkout                                                                   806     5(0.62%) |    271      11    1898    210 |   12.40        0.00
GET      /product/[id]                                                                   6577   323(4.91%) |    200       2    1984    160 |  107.50        0.00
POST     /setCurrency                                                                    1340    87(6.49%) |    362       4    2397    310 |   20.80        0.00
--------|----------------------------------------------------------------------------|-------|-------------|-------|-------|-------|-------|--------|-----------
         Aggregated                                                                     13039   700(5.37%) |    252       2    2914    190 |  207.60        0.00

Type     Name                                                                          # reqs      # fails |    Avg     Min     Max    Med |   req/s  failures/s
--------|----------------------------------------------------------------------------|-------|-------------|-------|-------|-------|-------|--------|-----------
GET      /                                                                                427    35(8.20%) |    411       3    1946    350 |    7.50        0.00
GET      /cart                                                                           1749   113(6.46%) |    244       2    1973    200 |   27.70        0.00
POST     /cart [add]                                                                     2268   137(6.04%) |    320       8    2914    260 |   33.80        0.00
POST     /cart/checkout                                                                   830     5(0.60%) |    273      11    1898    210 |   13.20        0.00
GET      /product/[id]                                                                   6821   323(4.74%) |    207       2    1984    170 |  109.60        0.00
POST     /setCurrency                                                                    1386    87(6.28%) |    367       4    2397    320 |   20.70        0.00
--------|----------------------------------------------------------------------------|-------|-------------|-------|-------|-------|-------|--------|-----------
         Aggregated                                                                     13481   700(5.19%) |    258       2    2914    200 |  212.50        0.00

Type     Name                                                                          # reqs      # fails |    Avg     Min     Max    Med |   req/s  failures/s
--------|----------------------------------------------------------------------------|-------|-------------|-------|-------|-------|-------|--------|-----------
GET      /                                                                                439    35(7.97%) |    421       3    1946    360 |    8.10        0.00
GET      /cart                                                                           1783   113(6.34%) |    254       2    2074    200 |   29.10        0.00
POST     /cart [add]                                                                     2321   137(5.90%) |    332       8    2914    270 |   33.90        0.00
POST     /cart/checkout                                                                   850     5(0.59%) |    288      11    1898    230 |   13.60        0.00
GET      /product/[id]                                                                   7004   323(4.61%) |    219       2    1984    170 |  114.80        0.00
POST     /setCurrency                                                                    1434    87(6.07%) |    377       4    2397    340 |   21.00        0.00
--------|----------------------------------------------------------------------------|-------|-------------|-------|-------|-------|-------|--------|-----------
         Aggregated                                                                     13831   700(5.06%) |    269       2    2914    210 |  220.50        0.00

Type     Name                                                                          # reqs      # fails |    Avg     Min     Max    Med |   req/s  failures/s
--------|----------------------------------------------------------------------------|-------|-------------|-------|-------|-------|-------|--------|-----------
GET      /                                                                                453    35(7.73%) |    429       3    1946    370 |    7.00        0.00
GET      /cart                                                                           1830   113(6.17%) |    262       2    2074    210 |   26.40        0.00
POST     /cart [add]                                                                     2390   137(5.73%) |    341       8    2914    280 |   34.00        0.00
POST     /cart/checkout                                                                   868     5(0.58%) |    293      11    1898    230 |   12.90        0.00
GET      /product/[id]                                                                   7218   323(4.47%) |    227       2    1984    180 |  109.50        0.00
POST     /setCurrency                                                                    1477    87(5.89%) |    385       4    2397    350 |   20.10        0.00
--------|----------------------------------------------------------------------------|-------|-------------|-------|-------|-------|-------|--------|-----------
         Aggregated                                                                     14236   700(4.92%) |    277       2    2914    210 |  209.90        0.00

Type     Name                                                                          # reqs      # fails |    Avg     Min     Max    Med |   req/s  failures/s
--------|----------------------------------------------------------------------------|-------|-------------|-------|-------|-------|-------|--------|-----------
GET      /                                                                                468    35(7.48%) |    435       3    1946    390 |    6.40        0.00
GET      /cart                                                                           1866   113(6.06%) |    267       2    2074    220 |   26.30        0.00
POST     /cart [add]                                                                     2475   137(5.54%) |    351       8    2914    300 |   32.70        0.00
POST     /cart/checkout                                                                   900     5(0.56%) |    302      11    1898    240 |   12.00        0.00
GET      /product/[id]                                                                   7461   323(4.33%) |    233       2    1984    190 |  110.60        0.00
POST     /setCurrency                                                                    1522    87(5.72%) |    391       4    2397    360 |   20.90        0.00
--------|----------------------------------------------------------------------------|-------|-------------|-------|-------|-------|-------|--------|-----------
         Aggregated                                                                     14692   700(4.76%) |    284       2    2914    220 |  208.90        0.00

Type     Name                                                                          # reqs      # fails |    Avg     Min     Max    Med |   req/s  failures/s
--------|----------------------------------------------------------------------------|-------|-------------|-------|-------|-------|-------|--------|-----------
GET      /                                                                                490    35(7.14%) |    439       3    1946    400 |    6.80        0.00
GET      /cart                                                                           1917   113(5.89%) |    270       2    2074    220 |   23.50        0.00
POST     /cart [add]                                                                     2562   137(5.35%) |    357       8    2914    310 |   34.70        0.00
POST     /cart/checkout                                                                   932     5(0.54%) |    306      11    1898    260 |   12.30        0.00
GET      /product/[id]                                                                   7717   323(4.19%) |    237       2    1984    200 |  111.80        0.00
POST     /setCurrency                                                                    1581    87(5.50%) |    398       4    2397    380 |   21.70        0.00
--------|----------------------------------------------------------------------------|-------|-------------|-------|-------|-------|-------|--------|-----------
         Aggregated                                                                     15199   700(4.61%) |    289       2    2914    230 |  210.80        0.00

Type     Name                                                                          # reqs      # fails |    Avg     Min     Max    Med |   req/s  failures/s
--------|----------------------------------------------------------------------------|-------|-------------|-------|-------|-------|-------|--------|-----------
GET      /                                                                                508    35(6.89%) |    448       3    1946    410 |    7.90        0.00
GET      /cart                                                                           1957   113(5.77%) |    275       2    2074    230 |   22.10        0.00
POST     /cart [add]                                                                     2624   137(5.22%) |    365       8    2914    320 |   34.70        0.00
POST     /cart/checkout                                                                   951     5(0.53%) |    309      11    1898    260 |   12.10        0.00
GET      /product/[id]                                                                   7920   323(4.08%) |    243       2    1984    200 |  112.70        0.00
POST     /setCurrency                                                                    1613    87(5.39%) |    403       4    2397    380 |   23.40        0.00
--------|----------------------------------------------------------------------------|-------|-------------|-------|-------|-------|-------|--------|-----------
         Aggregated                                                                     15573   700(4.49%) |    295       2    2914    240 |  212.90        0.00

Type     Name                                                                          # reqs      # fails |    Avg     Min     Max    Med |   req/s  failures/s
--------|----------------------------------------------------------------------------|-------|-------------|-------|-------|-------|-------|--------|-----------
GET      /                                                                                516    35(6.78%) |    455       3    1946    420 |    8.20        0.00
GET      /cart                                                                           2014   113(5.61%) |    287       2    2074    240 |   21.20        0.00
POST     /cart [add]                                                                     2690   137(5.09%) |    376       8    2914    330 |   35.40        0.00
POST     /cart/checkout                                                                   979     5(0.51%) |    318      11    1898    270 |   12.20        0.00
GET      /product/[id]                                                                   8137   323(3.97%) |    253       2    1984    210 |  111.90        0.00
POST     /setCurrency                                                                    1659    87(5.24%) |    412       4    2397    390 |   23.10        0.00
--------|----------------------------------------------------------------------------|-------|-------------|-------|-------|-------|-------|--------|-----------
         Aggregated                                                                     15995   700(4.38%) |    305       2    2914    250 |  212.00        0.00

Type     Name                                                                          # reqs      # fails |    Avg     Min     Max    Med |   req/s  failures/s
--------|----------------------------------------------------------------------------|-------|-------------|-------|-------|-------|-------|--------|-----------
GET      /                                                                                533    35(6.57%) |    466       3    1946    430 |    8.10        0.00
GET      /cart                                                                           2062   113(5.48%) |    294       2    2074    250 |   23.00        0.00
POST     /cart [add]                                                                     2746   137(4.99%) |    382       8    2914    330 |   36.40        0.00
POST     /cart/checkout                                                                  1002     5(0.50%) |    323      11    1898    280 |   12.90        0.00
GET      /product/[id]                                                                   8381   323(3.85%) |    261       2    1984    220 |  114.70        0.00
POST     /setCurrency                                                                    1705    87(5.10%) |    421       4    2397    400 |   23.60        0.00
--------|----------------------------------------------------------------------------|-------|-------------|-------|-------|-------|-------|--------|-----------
         Aggregated                                                                     16429   700(4.26%) |    312       2    2914    260 |  218.70        0.00

Type     Name                                                                          # reqs      # fails |    Avg     Min     Max    Med |   req/s  failures/s
--------|----------------------------------------------------------------------------|-------|-------------|-------|-------|-------|-------|--------|-----------
GET      /                                                                                554    35(6.32%) |    487       3    1946    450 |    8.30        0.00
GET      /cart                                                                           2121   113(5.33%) |    303       2    2074    250 |   23.50        0.00
POST     /cart [add]                                                                     2812   137(4.87%) |    392       8    2914    340 |   36.80        0.00
POST     /cart/checkout                                                                  1029     5(0.49%) |    329      11    1898    290 |   13.60        0.00
GET      /product/[id]                                                                   8610   323(3.75%) |    268       2    1984    230 |  116.70        0.00
POST     /setCurrency                                                                    1754    87(4.96%) |    434       4    2397    410 |   23.30        0.00
--------|----------------------------------------------------------------------------|-------|-------------|-------|-------|-------|-------|--------|-----------
         Aggregated                                                                     16880   700(4.15%) |    321       2    2914    270 |  222.20        0.00

Type     Name                                                                          # reqs      # fails |    Avg     Min     Max    Med |   req/s  failures/s
--------|----------------------------------------------------------------------------|-------|-------------|-------|-------|-------|-------|--------|-----------
GET      /                                                                                566    35(6.18%) |    493       3    1946    460 |    8.40        0.00
GET      /cart                                                                           2183   113(5.18%) |    310       2    2074    260 |   24.90        0.00
POST     /cart [add]                                                                     2885   137(4.75%) |    397       8    2914    350 |   33.90        0.00
POST     /cart/checkout                                                                  1050     5(0.48%) |    332      11    1898    290 |   13.20        0.00
GET      /product/[id]                                                                   8858   323(3.65%) |    274       2    1984    230 |  116.10        0.00
POST     /setCurrency                                                                    1812    87(4.80%) |    441       4    2397    420 |   22.90        0.00
--------|----------------------------------------------------------------------------|-------|-------------|-------|-------|-------|-------|--------|-----------
         Aggregated                                                                     17354   700(4.03%) |    327       2    2914    270 |  219.40        0.00

Type     Name                                                                          # reqs      # fails |    Avg     Min     Max    Med |   req/s  failures/s
--------|----------------------------------------------------------------------------|-------|-------------|-------|-------|-------|-------|--------|-----------
GET      /                                                                                586    51(8.70%) |    487       3    1946    450 |    8.00        0.00
GET      /cart                                                                           2257   163(7.22%) |    313       2    2074    260 |   26.00        0.00
POST     /cart [add]                                                                     2992   216(7.22%) |    399       8    2914    350 |   32.40        0.00
POST     /cart/checkout                                                                  1075    16(1.49%) |    334      11    1898    300 |   11.80        0.00
GET      /product/[id]                                                                   9159   487(5.32%) |    275       2    1984    240 |  114.80        0.00
POST     /setCurrency                                                                    1873   135(7.21%) |    436       4    2397    420 |   23.50        0.00
--------|----------------------------------------------------------------------------|-------|-------------|-------|-------|-------|-------|--------|-----------
         Aggregated                                                                     17942  1068(5.95%) |    328       2    2914    280 |  216.50        0.00

Type     Name                                                                          # reqs      # fails |    Avg     Min     Max    Med |   req/s  failures/s
--------|----------------------------------------------------------------------------|-------|-------------|-------|-------|-------|-------|--------|-----------
GET      /                                                                                594    55(9.26%) |    491       3    1946    460 |    7.60        1.20
GET      /cart                                                                           2311   184(7.96%) |    323       2    2074    270 |   28.80        3.40
POST     /cart [add]                                                                     3069   243(7.92%) |    413       8    2914    360 |   35.70        5.50
POST     /cart/checkout                                                                  1081    16(1.48%) |    336      11    1898    300 |   12.50        1.10
GET      /product/[id]                                                                   9362   540(5.77%) |    282       2    1984    240 |  120.70       11.00
POST     /setCurrency                                                                    1910   154(8.06%) |    442       4    2397    420 |   25.40        3.60
--------|----------------------------------------------------------------------------|-------|-------------|-------|-------|-------|-------|--------|-----------
         Aggregated                                                                     18327  1192(6.50%) |    336       2    2914    280 |  230.70       25.80

Type     Name                                                                          # reqs      # fails |    Avg     Min     Max    Med |   req/s  failures/s
--------|----------------------------------------------------------------------------|-------|-------------|-------|-------|-------|-------|--------|-----------
GET      /                                                                                604    55(9.11%) |    495       3    1946    460 |    7.60        2.00
GET      /cart                                                                           2366   184(7.78%) |    328       2    2074    280 |   29.70        7.10
POST     /cart [add]                                                                     3142   243(7.73%) |    421       8    2914    370 |   36.50       10.60
POST     /cart/checkout                                                                  1128    16(1.42%) |    345      11    1898    300 |   10.60        1.10
GET      /product/[id]                                                                   9611   540(5.62%) |    286       2    1984    250 |  122.00       21.70
POST     /setCurrency                                                                    1942   154(7.93%) |    447       4    2397    430 |   24.40        6.70
--------|----------------------------------------------------------------------------|-------|-------------|-------|-------|-------|-------|--------|-----------
         Aggregated                                                                     18793  1192(6.34%) |    341       2    2914    290 |  230.80       49.20

Type     Name                                                                          # reqs      # fails |    Avg     Min     Max    Med |   req/s  failures/s
--------|----------------------------------------------------------------------------|-------|-------------|-------|-------|-------|-------|--------|-----------
GET      /                                                                                620    55(8.87%) |    504       3    1946    470 |    7.00        2.00
GET      /cart                                                                           2431   184(7.57%) |    336       2    2074    280 |   29.80        7.10
POST     /cart [add]                                                                     3222   243(7.54%) |    427       8    2914    380 |   37.30       10.60
POST     /cart/checkout                                                                  1167    16(1.37%) |    354      11    1898    310 |   11.70        1.10
GET      /product/[id]                                                                   9823   540(5.50%) |    289       2    1984    250 |  122.50       21.70
POST     /setCurrency                                                                    1998   154(7.71%) |    458       4    2397    430 |   24.30        6.70
--------|----------------------------------------------------------------------------|-------|-------------|-------|-------|-------|-------|--------|-----------
         Aggregated                                                                     19261  1192(6.19%) |    347       2    2914    300 |  232.60       49.20

Type     Name                                                                          # reqs      # fails |    Avg     Min     Max    Med |   req/s  failures/s
--------|----------------------------------------------------------------------------|-------|-------------|-------|-------|-------|-------|--------|-----------
GET      /                                                                                638    55(8.62%) |    521       3    1946    480 |    6.60        2.00
GET      /cart                                                                           2478   184(7.43%) |    342       2    2074    290 |   31.30        7.10
POST     /cart [add]                                                                     3286   243(7.40%) |    435       8    2914    390 |   39.90       10.60
POST     /cart/checkout                                                                  1193    16(1.34%) |    359      11    1898    310 |   13.60        1.10
GET      /product/[id]                                                                  10057   540(5.37%) |    294       2    1984    260 |  120.80       21.70
POST     /setCurrency                                                                    2039   154(7.55%) |    471       4    2397    440 |   24.10        6.70
--------|----------------------------------------------------------------------------|-------|-------------|-------|-------|-------|-------|--------|-----------
         Aggregated                                                                     19691  1192(6.05%) |    353       2    2914    300 |  236.30       49.20

Type     Name                                                                          # reqs      # fails |    Avg     Min     Max    Med |   req/s  failures/s
--------|----------------------------------------------------------------------------|-------|-------------|-------|-------|-------|-------|--------|-----------
GET      /                                                                                645    55(8.53%) |    524       3    1946    480 |    6.20        2.00
GET      /cart                                                                           2512   184(7.32%) |    346       2    2074    290 |   30.00        7.10
POST     /cart [add]                                                                     3346   243(7.26%) |    439       8    2914    400 |   40.50       10.60
POST     /cart/checkout                                                                  1219    16(1.31%) |    363      11    1898    320 |   13.50        1.10
GET      /product/[id]                                                                  10247   540(5.27%) |    297       2    1984    260 |  119.50       21.70
POST     /setCurrency                                                                    2072   154(7.43%) |    473       4    2397    440 |   21.10        6.70
--------|----------------------------------------------------------------------------|-------|-------------|-------|-------|-------|-------|--------|-----------
         Aggregated                                                                     20041  1192(5.95%) |    356       2    2914    310 |  230.80       49.20

Type     Name                                                                          # reqs      # fails |    Avg     Min     Max    Med |   req/s  failures/s
--------|----------------------------------------------------------------------------|-------|-------------|-------|-------|-------|-------|--------|-----------
GET      /                                                                                654    55(8.41%) |    531       3    1946    480 |    6.10        0.80
GET      /cart                                                                           2573   184(7.15%) |    356       2    2074    300 |   26.70        3.70
POST     /cart [add]                                                                     3419   243(7.11%) |    448       8    2914    410 |   37.10        5.10
POST     /cart/checkout                                                                  1250    16(1.28%) |    373      11    1898    330 |   14.20        0.00
GET      /product/[id]                                                                  10455   540(5.16%) |    302       2    1984    270 |  111.70       10.70
POST     /setCurrency                                                                    2126   154(7.24%) |    492       4    2397    450 |   21.10        3.10
--------|----------------------------------------------------------------------------|-------|-------------|-------|-------|-------|-------|--------|-----------
         Aggregated                                                                     20477  1192(5.82%) |    364       2    2914    310 |  216.90       23.40

Type     Name                                                                          # reqs      # fails |    Avg     Min     Max    Med |   req/s  failures/s
--------|----------------------------------------------------------------------------|-------|-------------|-------|-------|-------|-------|--------|-----------
GET      /                                                                                672    55(8.18%) |    543       3    1946    490 |    5.61        0.46
GET      /cart                                                                           2623   184(7.01%) |    361       2    2074    300 |   21.89        1.54
POST     /cart [add]                                                                     3485   243(6.97%) |    455       8    2914    420 |   29.08        2.03
POST     /cart/checkout                                                                  1272    16(1.26%) |    378      11    1898    340 |   10.61        0.13
GET      /product/[id]                                                                  10637   540(5.08%) |    305       2    1984    270 |   88.77        4.51
POST     /setCurrency                                                                    2181   154(7.06%) |    503       4    2397    460 |   18.20        1.29
--------|----------------------------------------------------------------------------|-------|-------------|-------|-------|-------|-------|--------|-----------
         Aggregated                                                                     20870  1192(5.71%) |    370       2    2914    320 |  174.16        9.95

Response time percentiles (approximated)
Type     Name                                                                                  50%    66%    75%    80%    90%    95%    98%    99%  99.9% 99.99%   100% # reqs
--------|--------------------------------------------------------------------------------|--------|------|------|------|------|------|------|------|------|------|------|------
GET      /                                                                                     500    660    760    840   1000   1300   1500   1700   1900   1900   1900    672
GET      /cart                                                                                 300    430    510    570    740    940   1200   1400   2000   2100   2100   2623
POST     /cart [add]                                                                           420    540    630    700    920   1100   1300   1500   2100   2900   2900   3485
POST     /cart/checkout                                                                        340    450    530    600    730    920   1200   1300   1800   1900   1900   1272
GET      /product/[id]                                                                         270    370    430    470    590    750    980   1100   1500   1900   2000  10637
POST     /setCurrency                                                                          460    590    680    760    980   1200   1600   1700   2300   2400   2400   2181
--------|--------------------------------------------------------------------------------|--------|------|------|------|------|------|------|------|------|------|------|------
         Aggregated                                                                            320    440    510    570    750    960   1200   1400   2000   2400   2900  20870

Error report
# occurrences      Error                                                                                               
------------------|---------------------------------------------------------------------------------------------------------------------------------------------
154                POST /setCurrency: HTTPError('500 Server Error: Internal Server Error for url: /setCurrency')       
540                GET /product/[id]: HTTPError('500 Server Error: Internal Server Error for url: /product/[id]')      
118                POST /cart [add]: add falhou (500), skip checkout                                                   
125                POST /cart [add]: HTTPError('500 Server Error: Internal Server Error for url: /cart [add]')         
184                GET /cart: HTTPError('500 Server Error: Internal Server Error for url: /cart')                      
55                 GET /: HTTPError('500 Server Error: Internal Server Error for url: /')                              
16                 POST /cart/checkout: HTTPError('500 Server Error: Internal Server Error for url: /cart/checkout')   
------------------|---------------------------------------------------------------------------------------------------------------------------------------------

