timestamp,load_label,pod,cpu_m,ram_mi
09:19:09,idle,adservice-574bff445c-grt9z,286,83
09:19:09,idle,adservice-574bff445c-h47zv,282,84
09:19:09,idle,adservice-574bff445c-wppcl,3,227
09:19:09,idle,cartservice-7c84fdfb6-hsn24,249,58
09:19:09,idle,cartservice-7c84fdfb6-s4cp2,6,153
09:19:09,idle,cartservice-7c84fdfb6-sf94w,238,57
09:19:09,idle,checkoutservice-5b6d96c9b7-cfmrc,1,33
09:19:09,idle,checkoutservice-5b6d96c9b7-h4wfv,17,11
09:19:09,idle,checkoutservice-5b6d96c9b7-jdqn7,16,12
09:19:09,idle,currencyservice-7c8fc8fc9c-dlzht,2,106
09:19:09,idle,currencyservice-7c8fc8fc9c-mvsgf,184,69
09:19:09,idle,currencyservice-7c8fc8fc9c-wqrfs,187,74
09:19:09,idle,emailservice-66944ff59-478c4,183,37
09:19:09,idle,emailservice-66944ff59-4fvm9,3,94
09:19:09,idle,emailservice-66944ff59-txwj8,193,38
09:19:09,idle,frontend-7bd6f45654-7bcq6,20,12
09:19:09,idle,frontend-7bd6f45654-7gwtd,1,39
09:19:09,idle,frontend-7bd6f45654-xm79g,20,12
09:19:09,idle,paymentservice-9bfb7bf5-46sq4,168,57
09:19:09,idle,paymentservice-9bfb7bf5-pktv4,175,57
09:19:09,idle,paymentservice-9bfb7bf5-snj4k,2,114
09:19:09,idle,productcatalogservice-65bbf699df-8zzd2,1,41
09:19:09,idle,productcatalogservice-65bbf699df-qmltb,25,17
09:19:09,idle,productcatalogservice-65bbf699df-rh24h,25,17
09:19:09,idle,recommendationservice-7444754ff5-b7pgl,3,79
09:19:09,idle,recommendationservice-7444754ff5-hsxb8,192,31
09:19:09,idle,recommendationservice-7444754ff5-xm2x5,192,34
09:19:09,idle,redis-cart-c8ff86559-jrlvk,2,35
09:19:09,idle,shippingservice-f956b6d9f-2g46p,1,29
09:19:09,idle,shippingservice-f956b6d9f-4kzvq,22,11
09:19:09,idle,shippingservice-f956b6d9f-nmnfn,19,11
09:19:19,25u,adservice-574bff445c-grt9z,193,136
09:19:19,25u,adservice-574bff445c-h47zv,212,137
09:19:19,25u,adservice-574bff445c-wppcl,70,238
09:19:19,25u,cartservice-7c84fdfb6-hsn24,51,68
09:19:19,25u,cartservice-7c84fdfb6-s4cp2,38,158
09:19:19,25u,cartservice-7c84fdfb6-sf94w,90,82
09:19:19,25u,checkoutservice-5b6d96c9b7-cfmrc,1,33
09:19:19,25u,checkoutservice-5b6d96c9b7-h4wfv,8,17
09:19:19,25u,checkoutservice-5b6d96c9b7-jdqn7,1,12
09:19:19,25u,currencyservice-7c8fc8fc9c-dlzht,16,106
09:19:19,25u,currencyservice-7c8fc8fc9c-mvsgf,68,93
09:19:19,25u,currencyservice-7c8fc8fc9c-wqrfs,7,74
09:19:19,25u,emailservice-66944ff59-478c4,46,56
09:19:19,25u,emailservice-66944ff59-4fvm9,3,94
09:19:19,25u,emailservice-66944ff59-txwj8,49,58
09:19:19,25u,frontend-7bd6f45654-7bcq6,15,19
09:19:19,25u,frontend-7bd6f45654-7gwtd,17,39
09:19:19,25u,frontend-7bd6f45654-xm79g,43,21
09:19:19,25u,paymentservice-9bfb7bf5-46sq4,7,60
09:19:19,25u,paymentservice-9bfb7bf5-pktv4,7,60
09:19:19,25u,paymentservice-9bfb7bf5-snj4k,3,114
09:19:19,25u,productcatalogservice-65bbf699df-8zzd2,12,41
09:19:19,25u,productcatalogservice-65bbf699df-qmltb,1,17
09:19:19,25u,productcatalogservice-65bbf699df-rh24h,13,18
09:19:19,25u,recommendationservice-7444754ff5-b7pgl,15,79
09:19:19,25u,recommendationservice-7444754ff5-hsxb8,45,51
09:19:19,25u,recommendationservice-7444754ff5-xm2x5,67,54
09:19:19,25u,redis-cart-c8ff86559-jrlvk,4,36
09:19:19,25u,shippingservice-f956b6d9f-2g46p,4,30
09:19:19,25u,shippingservice-f956b6d9f-4kzvq,2,13
09:19:19,25u,shippingservice-f956b6d9f-nmnfn,1,11
09:19:29,25u,adservice-574bff445c-grt9z,193,136
09:19:29,25u,adservice-574bff445c-h47zv,212,137
09:19:29,25u,adservice-574bff445c-wppcl,70,238
09:19:29,25u,cartservice-7c84fdfb6-hsn24,51,68
09:19:29,25u,cartservice-7c84fdfb6-s4cp2,38,158
09:19:29,25u,cartservice-7c84fdfb6-sf94w,90,82
09:19:29,25u,checkoutservice-5b6d96c9b7-cfmrc,1,33
09:19:29,25u,checkoutservice-5b6d96c9b7-h4wfv,8,17
09:19:29,25u,checkoutservice-5b6d96c9b7-jdqn7,1,12
09:19:29,25u,currencyservice-7c8fc8fc9c-dlzht,16,106
09:19:29,25u,currencyservice-7c8fc8fc9c-mvsgf,68,93
09:19:29,25u,currencyservice-7c8fc8fc9c-wqrfs,7,74
09:19:29,25u,emailservice-66944ff59-478c4,46,56
09:19:29,25u,emailservice-66944ff59-4fvm9,3,94
09:19:29,25u,emailservice-66944ff59-txwj8,49,58
09:19:29,25u,frontend-7bd6f45654-7bcq6,15,19
09:19:29,25u,frontend-7bd6f45654-7gwtd,17,39
09:19:29,25u,frontend-7bd6f45654-xm79g,43,21
09:19:29,25u,paymentservice-9bfb7bf5-46sq4,7,60
09:19:29,25u,paymentservice-9bfb7bf5-pktv4,7,60
09:19:29,25u,paymentservice-9bfb7bf5-snj4k,3,114
09:19:29,25u,productcatalogservice-65bbf699df-8zzd2,12,41
09:19:29,25u,productcatalogservice-65bbf699df-qmltb,1,17
09:19:29,25u,productcatalogservice-65bbf699df-rh24h,13,18
09:19:29,25u,recommendationservice-7444754ff5-b7pgl,15,79
09:19:29,25u,recommendationservice-7444754ff5-hsxb8,45,51
09:19:29,25u,recommendationservice-7444754ff5-xm2x5,67,54
09:19:29,25u,redis-cart-c8ff86559-jrlvk,4,36
09:19:29,25u,shippingservice-f956b6d9f-2g46p,4,30
09:19:29,25u,shippingservice-f956b6d9f-4kzvq,2,13
09:19:29,25u,shippingservice-f956b6d9f-nmnfn,1,11
09:19:40,25u,adservice-574bff445c-grt9z,4,136
09:19:40,25u,adservice-574bff445c-h47zv,3,137
09:19:40,25u,adservice-574bff445c-wppcl,257,283
09:19:40,25u,cartservice-7c84fdfb6-s4cp2,107,159
09:19:40,25u,cartservice-7c84fdfb6-sf94w,154,117
09:19:40,25u,checkoutservice-5b6d96c9b7-cfmrc,8,34
09:19:40,25u,checkoutservice-5b6d96c9b7-h4wfv,11,18
09:19:40,25u,checkoutservice-5b6d96c9b7-jdqn7,10,18
09:19:40,25u,currencyservice-7c8fc8fc9c-dlzht,76,113
09:19:40,25u,currencyservice-7c8fc8fc9c-mvsgf,155,89
09:19:40,25u,currencyservice-7c8fc8fc9c-wqrfs,15,77
09:19:40,25u,emailservice-66944ff59-478c4,2,56
09:19:40,25u,emailservice-66944ff59-4fvm9,7,94
09:19:40,25u,emailservice-66944ff59-txwj8,7,58
09:19:40,25u,frontend-7bd6f45654-7bcq6,78,22
09:19:40,25u,frontend-7bd6f45654-7gwtd,77,39
09:19:40,25u,frontend-7bd6f45654-xm79g,142,22
09:19:40,25u,paymentservice-9bfb7bf5-46sq4,8,61
09:19:40,25u,paymentservice-9bfb7bf5-pktv4,2,60
09:19:40,25u,paymentservice-9bfb7bf5-snj4k,11,116
09:19:40,25u,productcatalogservice-65bbf699df-8zzd2,74,41
09:19:40,25u,productcatalogservice-65bbf699df-qmltb,1,17
09:19:40,25u,productcatalogservice-65bbf699df-rh24h,59,21
09:19:40,25u,recommendationservice-7444754ff5-b7pgl,89,80
09:19:40,25u,recommendationservice-7444754ff5-hsxb8,2,51
09:19:40,25u,recommendationservice-7444754ff5-xm2x5,93,54
09:19:40,25u,redis-cart-c8ff86559-jrlvk,8,36
09:19:40,25u,shippingservice-f956b6d9f-2g46p,14,30
09:19:40,25u,shippingservice-f956b6d9f-4kzvq,4,14
09:19:40,25u,shippingservice-f956b6d9f-nmnfn,2,14
09:19:50,25u,adservice-574bff445c-grt9z,3,136
09:19:50,25u,adservice-574bff445c-h47zv,3,139
09:19:50,25u,adservice-574bff445c-wppcl,151,282
09:19:50,25u,cartservice-7c84fdfb6-hsn24,73,63
09:19:50,25u,cartservice-7c84fdfb6-s4cp2,74,160
09:19:50,25u,cartservice-7c84fdfb6-sf94w,24,120
09:19:50,25u,checkoutservice-5b6d96c9b7-cfmrc,4,34
09:19:50,25u,checkoutservice-5b6d96c9b7-h4wfv,8,18
09:19:50,25u,checkoutservice-5b6d96c9b7-jdqn7,4,18
09:19:50,25u,currencyservice-7c8fc8fc9c-dlzht,59,115
09:19:50,25u,currencyservice-7c8fc8fc9c-mvsgf,101,90
09:19:50,25u,currencyservice-7c8fc8fc9c-wqrfs,8,79
09:19:50,25u,emailservice-66944ff59-478c4,2,56
09:19:50,25u,emailservice-66944ff59-4fvm9,7,94
09:19:50,25u,emailservice-66944ff59-txwj8,6,58
09:19:50,25u,frontend-7bd6f45654-7bcq6,64,22
09:19:50,25u,frontend-7bd6f45654-7gwtd,63,40
09:19:50,25u,frontend-7bd6f45654-xm79g,91,22
09:19:50,25u,paymentservice-9bfb7bf5-46sq4,6,65
09:19:50,25u,paymentservice-9bfb7bf5-pktv4,2,61
09:19:50,25u,paymentservice-9bfb7bf5-snj4k,7,117
09:19:50,25u,productcatalogservice-65bbf699df-8zzd2,59,41
09:19:50,25u,productcatalogservice-65bbf699df-qmltb,1,17
09:19:50,25u,productcatalogservice-65bbf699df-rh24h,38,20
09:19:50,25u,recommendationservice-7444754ff5-b7pgl,75,79
09:19:50,25u,recommendationservice-7444754ff5-hsxb8,3,51
09:19:50,25u,recommendationservice-7444754ff5-xm2x5,60,54
09:19:50,25u,redis-cart-c8ff86559-jrlvk,6,36
09:19:50,25u,shippingservice-f956b6d9f-2g46p,11,30
09:19:50,25u,shippingservice-f956b6d9f-4kzvq,3,14
09:19:50,25u,shippingservice-f956b6d9f-nmnfn,2,14
09:20:00,25u,adservice-574bff445c-grt9z,3,136
09:20:00,25u,adservice-574bff445c-h47zv,3,139
09:20:00,25u,adservice-574bff445c-wppcl,151,282
09:20:00,25u,cartservice-7c84fdfb6-hsn24,73,63
09:20:00,25u,cartservice-7c84fdfb6-s4cp2,74,160
09:20:00,25u,cartservice-7c84fdfb6-sf94w,24,120
09:20:00,25u,checkoutservice-5b6d96c9b7-cfmrc,4,34
09:20:00,25u,checkoutservice-5b6d96c9b7-h4wfv,8,18
09:20:00,25u,checkoutservice-5b6d96c9b7-jdqn7,4,18
09:20:00,25u,currencyservice-7c8fc8fc9c-dlzht,59,115
09:20:00,25u,currencyservice-7c8fc8fc9c-mvsgf,101,90
09:20:00,25u,currencyservice-7c8fc8fc9c-wqrfs,8,79
09:20:00,25u,emailservice-66944ff59-478c4,2,56
09:20:00,25u,emailservice-66944ff59-4fvm9,7,94
09:20:00,25u,emailservice-66944ff59-txwj8,6,58
09:20:00,25u,frontend-7bd6f45654-7bcq6,64,22
09:20:00,25u,frontend-7bd6f45654-7gwtd,63,40
09:20:00,25u,frontend-7bd6f45654-xm79g,91,22
09:20:00,25u,paymentservice-9bfb7bf5-46sq4,6,65
09:20:00,25u,paymentservice-9bfb7bf5-pktv4,2,61
09:20:00,25u,paymentservice-9bfb7bf5-snj4k,7,117
09:20:00,25u,productcatalogservice-65bbf699df-8zzd2,59,41
09:20:00,25u,productcatalogservice-65bbf699df-qmltb,1,17
09:20:00,25u,productcatalogservice-65bbf699df-rh24h,38,20
09:20:00,25u,recommendationservice-7444754ff5-b7pgl,75,79
09:20:00,25u,recommendationservice-7444754ff5-hsxb8,3,51
09:20:00,25u,recommendationservice-7444754ff5-xm2x5,60,54
09:20:00,25u,redis-cart-c8ff86559-jrlvk,6,36
09:20:00,25u,shippingservice-f956b6d9f-2g46p,11,30
09:20:00,25u,shippingservice-f956b6d9f-4kzvq,3,14
09:20:00,25u,shippingservice-f956b6d9f-nmnfn,2,14
09:20:10,25u,adservice-574bff445c-grt9z,4,139
09:20:10,25u,adservice-574bff445c-h47zv,5,139
09:20:10,25u,adservice-574bff445c-wppcl,156,291
09:20:10,25u,cartservice-7c84fdfb6-hsn24,82,86
09:20:10,25u,cartservice-7c84fdfb6-s4cp2,99,160
09:20:10,25u,cartservice-7c84fdfb6-sf94w,78,123
09:20:10,25u,checkoutservice-5b6d96c9b7-cfmrc,6,34
09:20:10,25u,checkoutservice-5b6d96c9b7-h4wfv,10,18
09:20:10,25u,checkoutservice-5b6d96c9b7-jdqn7,10,19
09:20:10,25u,currencyservice-7c8fc8fc9c-dlzht,82,117
09:20:10,25u,currencyservice-7c8fc8fc9c-mvsgf,137,92
09:20:10,25u,currencyservice-7c8fc8fc9c-wqrfs,12,79
09:20:10,25u,emailservice-66944ff59-478c4,2,56
09:20:10,25u,emailservice-66944ff59-4fvm9,9,94
09:20:10,25u,emailservice-66944ff59-txwj8,6,58
09:20:10,25u,frontend-7bd6f45654-7bcq6,94,22
09:20:10,25u,frontend-7bd6f45654-7gwtd,89,40
09:20:10,25u,frontend-7bd6f45654-xm79g,123,22
09:20:10,25u,paymentservice-9bfb7bf5-46sq4,8,66
09:20:10,25u,paymentservice-9bfb7bf5-pktv4,2,61
09:20:10,25u,paymentservice-9bfb7bf5-snj4k,9,117
09:20:10,25u,productcatalogservice-65bbf699df-8zzd2,83,41
09:20:10,25u,productcatalogservice-65bbf699df-qmltb,1,17
09:20:10,25u,productcatalogservice-65bbf699df-rh24h,51,20
09:20:10,25u,recommendationservice-7444754ff5-b7pgl,108,80
09:20:10,25u,recommendationservice-7444754ff5-hsxb8,2,51
09:20:10,25u,recommendationservice-7444754ff5-xm2x5,80,54
09:20:10,25u,redis-cart-c8ff86559-jrlvk,8,36
09:20:10,25u,shippingservice-f956b6d9f-2g46p,16,30
09:20:10,25u,shippingservice-f956b6d9f-4kzvq,3,15
09:20:10,25u,shippingservice-f956b6d9f-nmnfn,3,14
09:20:20,25u,adservice-574bff445c-grt9z,4,139
09:20:20,25u,adservice-574bff445c-h47zv,3,139
09:20:20,25u,adservice-574bff445c-wppcl,169,292
09:20:20,25u,cartservice-7c84fdfb6-hsn24,14,89
09:20:20,25u,cartservice-7c84fdfb6-s4cp2,114,160
09:20:20,25u,cartservice-7c84fdfb6-sf94w,22,124
09:20:20,25u,checkoutservice-5b6d96c9b7-cfmrc,6,34
09:20:20,25u,checkoutservice-5b6d96c9b7-h4wfv,13,18
09:20:20,25u,checkoutservice-5b6d96c9b7-jdqn7,8,19
09:20:20,25u,currencyservice-7c8fc8fc9c-dlzht,78,119
09:20:20,25u,currencyservice-7c8fc8fc9c-mvsgf,146,93
09:20:20,25u,currencyservice-7c8fc8fc9c-wqrfs,12,80
09:20:20,25u,emailservice-66944ff59-478c4,2,56
09:20:20,25u,emailservice-66944ff59-4fvm9,8,94
09:20:20,25u,emailservice-66944ff59-txwj8,7,58
09:20:20,25u,frontend-7bd6f45654-7bcq6,100,23
09:20:20,25u,frontend-7bd6f45654-7gwtd,92,40
09:20:20,25u,frontend-7bd6f45654-xm79g,133,23
09:20:20,25u,paymentservice-9bfb7bf5-46sq4,5,66
09:20:20,25u,paymentservice-9bfb7bf5-pktv4,1,61
09:20:20,25u,paymentservice-9bfb7bf5-snj4k,16,121
09:20:20,25u,productcatalogservice-65bbf699df-8zzd2,90,41
09:20:20,25u,productcatalogservice-65bbf699df-qmltb,1,17
09:20:20,25u,productcatalogservice-65bbf699df-rh24h,55,21
09:20:20,25u,recommendationservice-7444754ff5-b7pgl,117,80
09:20:20,25u,recommendationservice-7444754ff5-hsxb8,2,51
09:20:20,25u,recommendationservice-7444754ff5-xm2x5,88,54
09:20:20,25u,redis-cart-c8ff86559-jrlvk,9,36
09:20:20,25u,shippingservice-f956b6d9f-2g46p,16,30
09:20:20,25u,shippingservice-f956b6d9f-4kzvq,4,15
09:20:20,25u,shippingservice-f956b6d9f-nmnfn,3,15
09:20:30,25u,adservice-574bff445c-grt9z,4,139
09:20:30,25u,adservice-574bff445c-h47zv,3,139
09:20:30,25u,adservice-574bff445c-wppcl,169,292
09:20:30,25u,cartservice-7c84fdfb6-hsn24,14,89
09:20:30,25u,cartservice-7c84fdfb6-s4cp2,114,160
09:20:30,25u,cartservice-7c84fdfb6-sf94w,22,124
09:20:30,25u,checkoutservice-5b6d96c9b7-cfmrc,6,34
09:20:30,25u,checkoutservice-5b6d96c9b7-h4wfv,13,18
09:20:30,25u,checkoutservice-5b6d96c9b7-jdqn7,8,19
09:20:30,25u,currencyservice-7c8fc8fc9c-dlzht,78,119
09:20:30,25u,currencyservice-7c8fc8fc9c-mvsgf,146,93
09:20:30,25u,currencyservice-7c8fc8fc9c-wqrfs,12,80
09:20:30,25u,emailservice-66944ff59-478c4,2,56
09:20:30,25u,emailservice-66944ff59-4fvm9,8,94
09:20:30,25u,emailservice-66944ff59-txwj8,7,58
09:20:30,25u,frontend-7bd6f45654-7bcq6,100,23
09:20:30,25u,frontend-7bd6f45654-7gwtd,92,40
09:20:30,25u,frontend-7bd6f45654-xm79g,133,23
09:20:30,25u,paymentservice-9bfb7bf5-46sq4,5,66
09:20:30,25u,paymentservice-9bfb7bf5-pktv4,1,61
09:20:30,25u,paymentservice-9bfb7bf5-snj4k,16,121
09:20:30,25u,productcatalogservice-65bbf699df-8zzd2,90,41
09:20:30,25u,productcatalogservice-65bbf699df-qmltb,1,17
09:20:30,25u,productcatalogservice-65bbf699df-rh24h,55,21
09:20:30,25u,recommendationservice-7444754ff5-b7pgl,117,80
09:20:30,25u,recommendationservice-7444754ff5-hsxb8,2,51
09:20:30,25u,recommendationservice-7444754ff5-xm2x5,88,54
09:20:30,25u,redis-cart-c8ff86559-jrlvk,9,36
09:20:30,25u,shippingservice-f956b6d9f-2g46p,16,30
09:20:30,25u,shippingservice-f956b6d9f-4kzvq,4,15
09:20:30,25u,shippingservice-f956b6d9f-nmnfn,3,15
09:20:40,25u,adservice-574bff445c-grt9z,3,139
09:20:40,25u,adservice-574bff445c-h47zv,3,139
09:20:40,25u,adservice-574bff445c-wppcl,125,283
09:20:40,25u,cartservice-7c84fdfb6-hsn24,12,90
09:20:40,25u,cartservice-7c84fdfb6-s4cp2,99,160
09:20:40,25u,cartservice-7c84fdfb6-sf94w,14,125
09:20:40,25u,checkoutservice-5b6d96c9b7-cfmrc,5,34
09:20:40,25u,checkoutservice-5b6d96c9b7-h4wfv,10,18
09:20:40,25u,checkoutservice-5b6d96c9b7-jdqn7,9,19
09:20:40,25u,currencyservice-7c8fc8fc9c-dlzht,78,121
09:20:40,25u,currencyservice-7c8fc8fc9c-mvsgf,140,94
09:20:40,25u,currencyservice-7c8fc8fc9c-wqrfs,9,80
09:20:40,25u,emailservice-66944ff59-478c4,2,56
09:20:40,25u,emailservice-66944ff59-4fvm9,8,94
09:20:40,25u,emailservice-66944ff59-txwj8,7,58
09:20:40,25u,frontend-7bd6f45654-7bcq6,96,23
09:20:40,25u,frontend-7bd6f45654-7gwtd,85,40
09:20:40,25u,frontend-7bd6f45654-xm79g,126,23
09:20:40,25u,paymentservice-9bfb7bf5-46sq4,12,68
09:20:40,25u,paymentservice-9bfb7bf5-pktv4,1,61
09:20:40,25u,paymentservice-9bfb7bf5-snj4k,8,121
09:20:40,25u,productcatalogservice-65bbf699df-8zzd2,84,42
09:20:40,25u,productcatalogservice-65bbf699df-qmltb,1,17
09:20:40,25u,productcatalogservice-65bbf699df-rh24h,52,20
09:20:40,25u,recommendationservice-7444754ff5-b7pgl,109,80
09:20:40,25u,recommendationservice-7444754ff5-hsxb8,2,51
09:20:40,25u,recommendationservice-7444754ff5-xm2x5,82,54
09:20:40,25u,redis-cart-c8ff86559-jrlvk,8,36
09:20:40,25u,shippingservice-f956b6d9f-2g46p,14,30
09:20:40,25u,shippingservice-f956b6d9f-4kzvq,3,15
09:20:40,25u,shippingservice-f956b6d9f-nmnfn,3,15
09:20:50,25u,adservice-574bff445c-grt9z,3,139
09:20:50,25u,adservice-574bff445c-h47zv,3,140
09:20:50,25u,adservice-574bff445c-wppcl,86,281
09:20:50,25u,cartservice-7c84fdfb6-hsn24,15,91
09:20:50,25u,cartservice-7c84fdfb6-s4cp2,103,160
09:20:50,25u,cartservice-7c84fdfb6-sf94w,9,125
09:20:50,25u,checkoutservice-5b6d96c9b7-cfmrc,6,34
09:20:50,25u,checkoutservice-5b6d96c9b7-h4wfv,9,18
09:20:50,25u,checkoutservice-5b6d96c9b7-jdqn7,9,19
09:20:50,25u,currencyservice-7c8fc8fc9c-dlzht,73,121
09:20:50,25u,currencyservice-7c8fc8fc9c-mvsgf,143,96
09:20:50,25u,currencyservice-7c8fc8fc9c-wqrfs,14,81
09:20:50,25u,emailservice-66944ff59-478c4,2,56
09:20:50,25u,emailservice-66944ff59-4fvm9,9,94
09:20:50,25u,emailservice-66944ff59-txwj8,6,58
09:20:50,25u,frontend-7bd6f45654-7bcq6,96,23
09:20:50,25u,frontend-7bd6f45654-7gwtd,87,40
09:20:50,25u,frontend-7bd6f45654-xm79g,130,23
09:20:50,25u,paymentservice-9bfb7bf5-46sq4,5,68
09:20:50,25u,paymentservice-9bfb7bf5-pktv4,1,61
09:20:50,25u,paymentservice-9bfb7bf5-snj4k,7,122
09:20:50,25u,productcatalogservice-65bbf699df-8zzd2,84,41
09:20:50,25u,productcatalogservice-65bbf699df-qmltb,1,18
09:20:50,25u,productcatalogservice-65bbf699df-rh24h,55,20
09:20:50,25u,recommendationservice-7444754ff5-b7pgl,111,80
09:20:50,25u,recommendationservice-7444754ff5-hsxb8,2,51
09:20:50,25u,recommendationservice-7444754ff5-xm2x5,86,54
09:20:50,25u,redis-cart-c8ff86559-jrlvk,8,36
09:20:50,25u,shippingservice-f956b6d9f-2g46p,16,30
09:20:50,25u,shippingservice-f956b6d9f-4kzvq,3,15
09:20:50,25u,shippingservice-f956b6d9f-nmnfn,3,15
09:21:01,25u,adservice-574bff445c-grt9z,3,139
09:21:01,25u,adservice-574bff445c-h47zv,3,140
09:21:01,25u,adservice-574bff445c-wppcl,86,281
09:21:01,25u,cartservice-7c84fdfb6-hsn24,15,91
09:21:01,25u,cartservice-7c84fdfb6-s4cp2,103,160
09:21:01,25u,cartservice-7c84fdfb6-sf94w,9,125
09:21:01,25u,checkoutservice-5b6d96c9b7-cfmrc,6,34
09:21:01,25u,checkoutservice-5b6d96c9b7-h4wfv,9,18
09:21:01,25u,checkoutservice-5b6d96c9b7-jdqn7,9,19
09:21:01,25u,currencyservice-7c8fc8fc9c-dlzht,73,121
09:21:01,25u,currencyservice-7c8fc8fc9c-mvsgf,143,96
09:21:01,25u,currencyservice-7c8fc8fc9c-wqrfs,14,81
09:21:01,25u,emailservice-66944ff59-478c4,2,56
09:21:01,25u,emailservice-66944ff59-4fvm9,9,94
09:21:01,25u,emailservice-66944ff59-txwj8,6,58
09:21:01,25u,frontend-7bd6f45654-7bcq6,96,23
09:21:01,25u,frontend-7bd6f45654-7gwtd,87,40
09:21:01,25u,frontend-7bd6f45654-xm79g,130,23
09:21:01,25u,paymentservice-9bfb7bf5-46sq4,5,68
09:21:01,25u,paymentservice-9bfb7bf5-pktv4,1,61
09:21:01,25u,paymentservice-9bfb7bf5-snj4k,7,122
09:21:01,25u,productcatalogservice-65bbf699df-8zzd2,84,41
09:21:01,25u,productcatalogservice-65bbf699df-qmltb,1,18
09:21:01,25u,productcatalogservice-65bbf699df-rh24h,55,20
09:21:01,25u,recommendationservice-7444754ff5-b7pgl,111,80
09:21:01,25u,recommendationservice-7444754ff5-hsxb8,2,51
09:21:01,25u,recommendationservice-7444754ff5-xm2x5,86,54
09:21:01,25u,redis-cart-c8ff86559-jrlvk,8,36
09:21:01,25u,shippingservice-f956b6d9f-2g46p,16,30
09:21:01,25u,shippingservice-f956b6d9f-4kzvq,3,15
09:21:01,25u,shippingservice-f956b6d9f-nmnfn,3,15
09:21:11,25u,adservice-574bff445c-grt9z,3,139
09:21:11,25u,adservice-574bff445c-h47zv,3,140
09:21:11,25u,adservice-574bff445c-wppcl,99,278
09:21:11,25u,cartservice-7c84fdfb6-hsn24,7,92
09:21:11,25u,cartservice-7c84fdfb6-s4cp2,107,160
09:21:11,25u,cartservice-7c84fdfb6-sf94w,14,127
09:21:11,25u,checkoutservice-5b6d96c9b7-cfmrc,6,34
09:21:11,25u,checkoutservice-5b6d96c9b7-h4wfv,8,19
09:21:11,25u,checkoutservice-5b6d96c9b7-jdqn7,11,19
09:21:11,25u,currencyservice-7c8fc8fc9c-dlzht,77,122
09:21:11,25u,currencyservice-7c8fc8fc9c-mvsgf,141,97
09:21:11,25u,currencyservice-7c8fc8fc9c-wqrfs,16,82
09:21:11,25u,emailservice-66944ff59-478c4,2,56
09:21:11,25u,emailservice-66944ff59-4fvm9,9,94
09:21:11,25u,emailservice-66944ff59-txwj8,6,58
09:21:11,25u,frontend-7bd6f45654-7bcq6,99,23
09:21:11,25u,frontend-7bd6f45654-7gwtd,90,40
09:21:11,25u,frontend-7bd6f45654-xm79g,128,23
09:21:11,25u,paymentservice-9bfb7bf5-46sq4,6,68
09:21:11,25u,paymentservice-9bfb7bf5-pktv4,3,63
09:21:11,25u,paymentservice-9bfb7bf5-snj4k,7,122
09:21:11,25u,productcatalogservice-65bbf699df-8zzd2,86,41
09:21:11,25u,productcatalogservice-65bbf699df-qmltb,1,18
09:21:11,25u,productcatalogservice-65bbf699df-rh24h,53,20
09:21:11,25u,recommendationservice-7444754ff5-b7pgl,114,80
09:21:11,25u,recommendationservice-7444754ff5-hsxb8,2,51
09:21:11,25u,recommendationservice-7444754ff5-xm2x5,82,54
09:21:11,25u,redis-cart-c8ff86559-jrlvk,9,36
09:21:11,25u,shippingservice-f956b6d9f-2g46p,15,30
09:21:11,25u,shippingservice-f956b6d9f-4kzvq,3,15
09:21:11,25u,shippingservice-f956b6d9f-nmnfn,4,15
09:21:21,25u,adservice-574bff445c-grt9z,5,139
09:21:21,25u,adservice-574bff445c-h47zv,4,140
09:21:21,25u,adservice-574bff445c-wppcl,166,274
09:21:21,25u,cartservice-7c84fdfb6-hsn24,14,97
09:21:21,25u,cartservice-7c84fdfb6-s4cp2,98,160
09:21:21,25u,cartservice-7c84fdfb6-sf94w,7,127
09:21:21,25u,checkoutservice-5b6d96c9b7-cfmrc,6,34
09:21:21,25u,checkoutservice-5b6d96c9b7-h4wfv,8,18
09:21:21,25u,checkoutservice-5b6d96c9b7-jdqn7,6,19
09:21:21,25u,currencyservice-7c8fc8fc9c-dlzht,81,103
09:21:21,25u,currencyservice-7c8fc8fc9c-mvsgf,138,96
09:21:21,25u,currencyservice-7c8fc8fc9c-wqrfs,6,82
09:21:21,25u,emailservice-66944ff59-478c4,2,56
09:21:21,25u,emailservice-66944ff59-4fvm9,7,94
09:21:21,25u,emailservice-66944ff59-txwj8,6,58
09:21:21,25u,frontend-7bd6f45654-7bcq6,90,23
09:21:21,25u,frontend-7bd6f45654-7gwtd,82,41
09:21:21,25u,frontend-7bd6f45654-xm79g,123,23
09:21:21,25u,paymentservice-9bfb7bf5-46sq4,4,68
09:21:21,25u,paymentservice-9bfb7bf5-pktv4,1,63
09:21:21,25u,paymentservice-9bfb7bf5-snj4k,8,122
09:21:21,25u,productcatalogservice-65bbf699df-8zzd2,79,42
09:21:21,25u,productcatalogservice-65bbf699df-qmltb,1,18
09:21:21,25u,productcatalogservice-65bbf699df-rh24h,50,21
09:21:21,25u,recommendationservice-7444754ff5-b7pgl,102,80
09:21:21,25u,recommendationservice-7444754ff5-hsxb8,3,51
09:21:21,25u,recommendationservice-7444754ff5-xm2x5,79,54
09:21:21,25u,redis-cart-c8ff86559-jrlvk,8,36
09:21:21,25u,shippingservice-f956b6d9f-2g46p,15,30
09:21:21,25u,shippingservice-f956b6d9f-4kzvq,3,15
09:21:21,25u,shippingservice-f956b6d9f-nmnfn,2,15
09:21:31,25u,adservice-574bff445c-grt9z,5,139
09:21:31,25u,adservice-574bff445c-h47zv,4,140
09:21:31,25u,adservice-574bff445c-wppcl,166,274
09:21:31,25u,cartservice-7c84fdfb6-hsn24,14,97
09:21:31,25u,cartservice-7c84fdfb6-s4cp2,98,160
09:21:31,25u,cartservice-7c84fdfb6-sf94w,7,127
09:21:31,25u,checkoutservice-5b6d96c9b7-cfmrc,6,34
09:21:31,25u,checkoutservice-5b6d96c9b7-h4wfv,8,18
09:21:31,25u,checkoutservice-5b6d96c9b7-jdqn7,6,19
09:21:31,25u,currencyservice-7c8fc8fc9c-dlzht,81,103
09:21:31,25u,currencyservice-7c8fc8fc9c-mvsgf,138,96
09:21:31,25u,currencyservice-7c8fc8fc9c-wqrfs,6,82
09:21:31,25u,emailservice-66944ff59-478c4,2,56
09:21:31,25u,emailservice-66944ff59-4fvm9,7,94
09:21:31,25u,emailservice-66944ff59-txwj8,6,58
09:21:31,25u,frontend-7bd6f45654-7bcq6,90,23
09:21:31,25u,frontend-7bd6f45654-7gwtd,82,41
09:21:31,25u,frontend-7bd6f45654-xm79g,123,23
09:21:31,25u,paymentservice-9bfb7bf5-46sq4,4,68
09:21:31,25u,paymentservice-9bfb7bf5-pktv4,1,63
09:21:31,25u,paymentservice-9bfb7bf5-snj4k,8,122
09:21:31,25u,productcatalogservice-65bbf699df-8zzd2,79,42
09:21:31,25u,productcatalogservice-65bbf699df-qmltb,1,18
09:21:31,25u,productcatalogservice-65bbf699df-rh24h,50,21
09:21:31,25u,recommendationservice-7444754ff5-b7pgl,102,80
09:21:31,25u,recommendationservice-7444754ff5-hsxb8,3,51
09:21:31,25u,recommendationservice-7444754ff5-xm2x5,79,54
09:21:31,25u,redis-cart-c8ff86559-jrlvk,8,36
09:21:31,25u,shippingservice-f956b6d9f-2g46p,15,30
09:21:31,25u,shippingservice-f956b6d9f-4kzvq,3,15
09:21:31,25u,shippingservice-f956b6d9f-nmnfn,2,15
09:21:41,25u,adservice-574bff445c-grt9z,4,140
09:21:41,25u,adservice-574bff445c-h47zv,5,142
09:21:41,25u,adservice-574bff445c-wppcl,111,274
09:21:41,25u,cartservice-7c84fdfb6-hsn24,5,97
09:21:41,25u,cartservice-7c84fdfb6-s4cp2,113,161
09:21:41,25u,cartservice-7c84fdfb6-sf94w,12,129
09:21:41,25u,checkoutservice-5b6d96c9b7-cfmrc,7,34
09:21:41,25u,checkoutservice-5b6d96c9b7-h4wfv,11,18
09:21:41,25u,checkoutservice-5b6d96c9b7-jdqn7,10,19
09:21:41,25u,currencyservice-7c8fc8fc9c-dlzht,73,103
09:21:41,25u,currencyservice-7c8fc8fc9c-mvsgf,150,97
09:21:41,25u,currencyservice-7c8fc8fc9c-wqrfs,9,82
09:21:41,25u,emailservice-66944ff59-478c4,2,56
09:21:41,25u,emailservice-66944ff59-4fvm9,9,94
09:21:41,25u,emailservice-66944ff59-txwj8,7,58
09:21:41,25u,frontend-7bd6f45654-7bcq6,101,23
09:21:41,25u,frontend-7bd6f45654-7gwtd,92,40
09:21:41,25u,frontend-7bd6f45654-xm79g,133,24
09:21:41,25u,paymentservice-9bfb7bf5-46sq4,7,68
09:21:41,25u,paymentservice-9bfb7bf5-pktv4,1,63
09:21:41,25u,paymentservice-9bfb7bf5-snj4k,15,111
09:21:41,25u,productcatalogservice-65bbf699df-8zzd2,87,41
09:21:41,25u,productcatalogservice-65bbf699df-qmltb,1,18
09:21:41,25u,productcatalogservice-65bbf699df-rh24h,55,20
09:21:41,25u,recommendationservice-7444754ff5-b7pgl,115,80
09:21:41,25u,recommendationservice-7444754ff5-hsxb8,2,51
09:21:41,25u,recommendationservice-7444754ff5-xm2x5,88,54
09:21:41,25u,redis-cart-c8ff86559-jrlvk,9,36
09:21:41,25u,shippingservice-f956b6d9f-2g46p,16,30
09:21:41,25u,shippingservice-f956b6d9f-4kzvq,3,15
09:21:41,25u,shippingservice-f956b6d9f-nmnfn,3,15
09:21:51,25u,adservice-574bff445c-grt9z,4,142
09:21:51,25u,adservice-574bff445c-h47zv,4,142
09:21:51,25u,adservice-574bff445c-wppcl,36,274
09:21:51,25u,cartservice-7c84fdfb6-hsn24,7,98
09:21:51,25u,cartservice-7c84fdfb6-s4cp2,65,163
09:21:51,25u,cartservice-7c84fdfb6-sf94w,11,131
09:21:51,25u,checkoutservice-5b6d96c9b7-cfmrc,2,34
09:21:51,25u,checkoutservice-5b6d96c9b7-h4wfv,6,19
09:21:51,25u,checkoutservice-5b6d96c9b7-jdqn7,6,19
09:21:51,25u,currencyservice-7c8fc8fc9c-dlzht,37,104
09:21:51,25u,currencyservice-7c8fc8fc9c-mvsgf,76,97
09:21:51,25u,currencyservice-7c8fc8fc9c-wqrfs,5,82
09:21:51,25u,emailservice-66944ff59-478c4,3,56
09:21:51,25u,emailservice-66944ff59-4fvm9,6,94
09:21:51,25u,emailservice-66944ff59-txwj8,5,58
09:21:51,25u,frontend-7bd6f45654-7bcq6,54,23
09:21:51,25u,frontend-7bd6f45654-7gwtd,46,40
09:21:51,25u,frontend-7bd6f45654-xm79g,68,24
09:21:51,25u,paymentservice-9bfb7bf5-46sq4,5,70
09:21:51,25u,paymentservice-9bfb7bf5-pktv4,2,63
09:21:51,25u,paymentservice-9bfb7bf5-snj4k,4,111
09:21:51,25u,productcatalogservice-65bbf699df-8zzd2,46,42
09:21:51,25u,productcatalogservice-65bbf699df-qmltb,1,18
09:21:51,25u,productcatalogservice-65bbf699df-rh24h,29,20
09:21:51,25u,recommendationservice-7444754ff5-b7pgl,60,80
09:21:51,25u,recommendationservice-7444754ff5-hsxb8,3,51
09:21:51,25u,recommendationservice-7444754ff5-xm2x5,47,54
09:21:51,25u,redis-cart-c8ff86559-jrlvk,6,36
09:21:51,25u,shippingservice-f956b6d9f-2g46p,8,30
09:21:51,25u,shippingservice-f956b6d9f-4kzvq,2,15
09:21:51,25u,shippingservice-f956b6d9f-nmnfn,2,15
09:22:01,25u,adservice-574bff445c-grt9z,4,142
09:22:01,25u,adservice-574bff445c-h47zv,4,142
09:22:01,25u,adservice-574bff445c-wppcl,36,274
09:22:01,25u,cartservice-7c84fdfb6-hsn24,7,98
09:22:01,25u,cartservice-7c84fdfb6-s4cp2,65,163
09:22:01,25u,cartservice-7c84fdfb6-sf94w,11,131
09:22:01,25u,checkoutservice-5b6d96c9b7-cfmrc,2,34
09:22:01,25u,checkoutservice-5b6d96c9b7-h4wfv,6,19
09:22:01,25u,checkoutservice-5b6d96c9b7-jdqn7,6,19
09:22:01,25u,currencyservice-7c8fc8fc9c-dlzht,37,104
09:22:01,25u,currencyservice-7c8fc8fc9c-mvsgf,76,97
09:22:01,25u,currencyservice-7c8fc8fc9c-wqrfs,5,82
09:22:01,25u,emailservice-66944ff59-478c4,3,56
09:22:01,25u,emailservice-66944ff59-4fvm9,6,94
09:22:01,25u,emailservice-66944ff59-txwj8,5,58
09:22:01,25u,frontend-7bd6f45654-7bcq6,54,23
09:22:01,25u,frontend-7bd6f45654-7gwtd,46,40
09:22:01,25u,frontend-7bd6f45654-xm79g,68,24
09:22:01,25u,paymentservice-9bfb7bf5-46sq4,5,70
09:22:01,25u,paymentservice-9bfb7bf5-pktv4,2,63
09:22:01,25u,paymentservice-9bfb7bf5-snj4k,4,111
09:22:01,25u,productcatalogservice-65bbf699df-8zzd2,46,42
09:22:01,25u,productcatalogservice-65bbf699df-qmltb,1,18
09:22:01,25u,productcatalogservice-65bbf699df-rh24h,29,20
09:22:01,25u,recommendationservice-7444754ff5-b7pgl,60,80
09:22:01,25u,recommendationservice-7444754ff5-hsxb8,3,51
09:22:01,25u,recommendationservice-7444754ff5-xm2x5,47,54
09:22:01,25u,redis-cart-c8ff86559-jrlvk,6,36
09:22:01,25u,shippingservice-f956b6d9f-2g46p,8,30
09:22:01,25u,shippingservice-f956b6d9f-4kzvq,2,15
09:22:01,25u,shippingservice-f956b6d9f-nmnfn,2,15
09:22:12,25u,adservice-574bff445c-grt9z,4,142
09:22:12,25u,adservice-574bff445c-h47zv,4,143
09:22:12,25u,adservice-574bff445c-wppcl,3,275
09:22:12,25u,cartservice-7c84fdfb6-hsn24,5,98
09:22:12,25u,cartservice-7c84fdfb6-s4cp2,9,163
09:22:12,25u,cartservice-7c84fdfb6-sf94w,3,131
09:22:12,25u,checkoutservice-5b6d96c9b7-cfmrc,1,34
09:22:12,25u,checkoutservice-5b6d96c9b7-h4wfv,1,19
09:22:12,25u,checkoutservice-5b6d96c9b7-jdqn7,1,19
09:22:12,25u,currencyservice-7c8fc8fc9c-dlzht,1,104
09:22:12,25u,currencyservice-7c8fc8fc9c-mvsgf,1,97
09:22:12,25u,currencyservice-7c8fc8fc9c-wqrfs,1,82
09:22:12,25u,emailservice-66944ff59-478c4,3,56
09:22:12,25u,emailservice-66944ff59-4fvm9,3,94
09:22:12,25u,emailservice-66944ff59-txwj8,3,58
09:22:12,25u,frontend-7bd6f45654-7bcq6,1,23
09:22:12,25u,frontend-7bd6f45654-7gwtd,1,40
09:22:12,25u,frontend-7bd6f45654-xm79g,1,24
09:22:12,25u,paymentservice-9bfb7bf5-46sq4,1,70
09:22:12,25u,paymentservice-9bfb7bf5-pktv4,2,63
09:22:12,25u,paymentservice-9bfb7bf5-snj4k,4,110
09:22:12,25u,productcatalogservice-65bbf699df-8zzd2,1,42
09:22:12,25u,productcatalogservice-65bbf699df-qmltb,1,18
09:22:12,25u,productcatalogservice-65bbf699df-rh24h,1,20
09:22:12,25u,recommendationservice-7444754ff5-b7pgl,3,80
09:22:12,25u,recommendationservice-7444754ff5-hsxb8,4,51
09:22:12,25u,recommendationservice-7444754ff5-xm2x5,3,54
09:22:12,25u,redis-cart-c8ff86559-jrlvk,3,36
09:22:12,25u,shippingservice-f956b6d9f-2g46p,1,30
09:22:12,25u,shippingservice-f956b6d9f-4kzvq,1,15
09:22:12,25u,shippingservice-f956b6d9f-nmnfn,1,15
09:22:22,25u,adservice-574bff445c-grt9z,4,142
09:22:22,25u,adservice-574bff445c-h47zv,3,143
09:22:22,25u,adservice-574bff445c-wppcl,2,274
09:22:22,25u,cartservice-7c84fdfb6-hsn24,7,98
09:22:22,25u,cartservice-7c84fdfb6-s4cp2,4,163
09:22:22,25u,cartservice-7c84fdfb6-sf94w,3,131
09:22:22,25u,checkoutservice-5b6d96c9b7-cfmrc,1,34
09:22:22,25u,checkoutservice-5b6d96c9b7-h4wfv,1,19
09:22:22,25u,checkoutservice-5b6d96c9b7-jdqn7,1,19
09:22:22,25u,currencyservice-7c8fc8fc9c-dlzht,1,104
09:22:22,25u,currencyservice-7c8fc8fc9c-mvsgf,1,97
09:22:22,25u,currencyservice-7c8fc8fc9c-wqrfs,1,83
09:22:22,25u,emailservice-66944ff59-478c4,3,56
09:22:22,25u,emailservice-66944ff59-4fvm9,3,94
09:22:22,25u,emailservice-66944ff59-txwj8,3,58
09:22:22,25u,frontend-7bd6f45654-7bcq6,1,23
09:22:22,25u,frontend-7bd6f45654-7gwtd,1,40
09:22:22,25u,frontend-7bd6f45654-xm79g,1,24
09:22:22,25u,paymentservice-9bfb7bf5-46sq4,5,69
09:22:22,25u,paymentservice-9bfb7bf5-pktv4,2,63
09:22:22,25u,paymentservice-9bfb7bf5-snj4k,1,110
09:22:22,25u,productcatalogservice-65bbf699df-8zzd2,1,42
09:22:22,25u,productcatalogservice-65bbf699df-qmltb,1,18
09:22:22,25u,productcatalogservice-65bbf699df-rh24h,1,20
09:22:22,25u,recommendationservice-7444754ff5-b7pgl,3,80
09:22:22,25u,recommendationservice-7444754ff5-hsxb8,3,51
09:22:22,25u,recommendationservice-7444754ff5-xm2x5,3,54
09:22:22,25u,redis-cart-c8ff86559-jrlvk,3,36
09:22:22,25u,shippingservice-f956b6d9f-2g46p,1,30
09:22:22,25u,shippingservice-f956b6d9f-4kzvq,1,15
09:22:22,25u,shippingservice-f956b6d9f-nmnfn,1,15
09:22:32,25u,adservice-574bff445c-grt9z,4,142
09:22:32,25u,adservice-574bff445c-h47zv,3,143
09:22:32,25u,adservice-574bff445c-wppcl,2,274
09:22:32,25u,cartservice-7c84fdfb6-hsn24,7,98
09:22:32,25u,cartservice-7c84fdfb6-s4cp2,4,163
09:22:32,25u,cartservice-7c84fdfb6-sf94w,3,131
09:22:32,25u,checkoutservice-5b6d96c9b7-cfmrc,1,34
09:22:32,25u,checkoutservice-5b6d96c9b7-h4wfv,1,19
09:22:32,25u,checkoutservice-5b6d96c9b7-jdqn7,1,19
09:22:32,25u,currencyservice-7c8fc8fc9c-dlzht,1,104
09:22:32,25u,currencyservice-7c8fc8fc9c-mvsgf,1,97
09:22:32,25u,currencyservice-7c8fc8fc9c-wqrfs,1,83
09:22:32,25u,emailservice-66944ff59-478c4,3,56
09:22:32,25u,emailservice-66944ff59-4fvm9,3,94
09:22:32,25u,emailservice-66944ff59-txwj8,3,58
09:22:32,25u,frontend-7bd6f45654-7bcq6,1,23
09:22:32,25u,frontend-7bd6f45654-7gwtd,1,40
09:22:32,25u,frontend-7bd6f45654-xm79g,1,24
09:22:32,25u,paymentservice-9bfb7bf5-46sq4,5,69
09:22:32,25u,paymentservice-9bfb7bf5-pktv4,2,63
09:22:32,25u,paymentservice-9bfb7bf5-snj4k,1,110
09:22:32,25u,productcatalogservice-65bbf699df-8zzd2,1,42
09:22:32,25u,productcatalogservice-65bbf699df-qmltb,1,18
09:22:32,25u,productcatalogservice-65bbf699df-rh24h,1,20
09:22:32,25u,recommendationservice-7444754ff5-b7pgl,3,80
09:22:32,25u,recommendationservice-7444754ff5-hsxb8,3,51
09:22:32,25u,recommendationservice-7444754ff5-xm2x5,3,54
09:22:32,25u,redis-cart-c8ff86559-jrlvk,3,36
09:22:32,25u,shippingservice-f956b6d9f-2g46p,1,30
09:22:32,25u,shippingservice-f956b6d9f-4kzvq,1,15
09:22:32,25u,shippingservice-f956b6d9f-nmnfn,1,15
09:22:42,25u,adservice-574bff445c-grt9z,4,142
09:22:42,25u,adservice-574bff445c-h47zv,6,143
09:22:42,25u,adservice-574bff445c-wppcl,2,274
09:22:42,25u,cartservice-7c84fdfb6-hsn24,24,102
09:22:42,25u,cartservice-7c84fdfb6-s4cp2,2,163
09:22:42,25u,cartservice-7c84fdfb6-sf94w,4,131
09:22:42,25u,checkoutservice-5b6d96c9b7-cfmrc,1,34
09:22:42,25u,checkoutservice-5b6d96c9b7-h4wfv,1,19
09:22:42,25u,checkoutservice-5b6d96c9b7-jdqn7,1,19
09:22:42,25u,currencyservice-7c8fc8fc9c-dlzht,1,104
09:22:42,25u,currencyservice-7c8fc8fc9c-mvsgf,2,97
09:22:42,25u,currencyservice-7c8fc8fc9c-wqrfs,2,83
09:22:42,25u,emailservice-66944ff59-478c4,3,56
09:22:42,25u,emailservice-66944ff59-4fvm9,3,94
09:22:42,25u,emailservice-66944ff59-txwj8,3,58
09:22:42,25u,frontend-7bd6f45654-7bcq6,1,23
09:22:42,25u,frontend-7bd6f45654-7gwtd,1,40
09:22:42,25u,frontend-7bd6f45654-xm79g,1,24
09:22:42,25u,paymentservice-9bfb7bf5-46sq4,1,69
09:22:42,25u,paymentservice-9bfb7bf5-pktv4,1,63
09:22:42,25u,paymentservice-9bfb7bf5-snj4k,2,110
09:22:42,25u,productcatalogservice-65bbf699df-8zzd2,1,42
09:22:42,25u,productcatalogservice-65bbf699df-qmltb,1,18
09:22:42,25u,productcatalogservice-65bbf699df-rh24h,1,20
09:22:42,25u,recommendationservice-7444754ff5-b7pgl,3,80
09:22:42,25u,recommendationservice-7444754ff5-hsxb8,3,51
09:22:42,25u,recommendationservice-7444754ff5-xm2x5,4,54
09:22:42,25u,redis-cart-c8ff86559-jrlvk,3,36
09:22:42,25u,shippingservice-f956b6d9f-2g46p,1,30
09:22:42,25u,shippingservice-f956b6d9f-4kzvq,3,15
09:22:42,25u,shippingservice-f956b6d9f-nmnfn,1,15
09:22:52,50u,adservice-574bff445c-grt9z,4,143
09:22:52,50u,adservice-574bff445c-h47zv,3,143
09:22:52,50u,adservice-574bff445c-wppcl,11,273
09:22:52,50u,cartservice-7c84fdfb6-hsn24,3,102
09:22:52,50u,cartservice-7c84fdfb6-s4cp2,15,163
09:22:52,50u,cartservice-7c84fdfb6-sf94w,4,131
09:22:52,50u,checkoutservice-5b6d96c9b7-cfmrc,1,34
09:22:52,50u,checkoutservice-5b6d96c9b7-h4wfv,2,19
09:22:52,50u,checkoutservice-5b6d96c9b7-jdqn7,1,19
09:22:52,50u,currencyservice-7c8fc8fc9c-dlzht,10,104
09:22:52,50u,currencyservice-7c8fc8fc9c-mvsgf,19,97
09:22:52,50u,currencyservice-7c8fc8fc9c-wqrfs,8,82
09:22:52,50u,emailservice-66944ff59-478c4,3,56
09:22:52,50u,emailservice-66944ff59-4fvm9,4,94
09:22:52,50u,emailservice-66944ff59-txwj8,4,58
09:22:52,50u,frontend-7bd6f45654-7bcq6,12,23
09:22:52,50u,frontend-7bd6f45654-7gwtd,13,40
09:22:52,50u,frontend-7bd6f45654-xm79g,16,23
09:22:52,50u,paymentservice-9bfb7bf5-46sq4,2,69
09:22:52,50u,paymentservice-9bfb7bf5-pktv4,1,63
09:22:52,50u,paymentservice-9bfb7bf5-snj4k,3,110
09:22:52,50u,productcatalogservice-65bbf699df-8zzd2,11,42
09:22:52,50u,productcatalogservice-65bbf699df-qmltb,1,18
09:22:52,50u,productcatalogservice-65bbf699df-rh24h,7,20
09:22:52,50u,recommendationservice-7444754ff5-b7pgl,17,80
09:22:52,50u,recommendationservice-7444754ff5-hsxb8,4,51
09:22:52,50u,recommendationservice-7444754ff5-xm2x5,13,54
09:22:52,50u,redis-cart-c8ff86559-jrlvk,4,36
09:22:52,50u,shippingservice-f956b6d9f-2g46p,3,30
09:22:52,50u,shippingservice-f956b6d9f-4kzvq,1,15
09:22:52,50u,shippingservice-f956b6d9f-nmnfn,1,15
09:23:02,50u,adservice-574bff445c-grt9z,4,143
09:23:02,50u,adservice-574bff445c-h47zv,3,143
09:23:02,50u,adservice-574bff445c-wppcl,11,273
09:23:02,50u,cartservice-7c84fdfb6-hsn24,3,102
09:23:02,50u,cartservice-7c84fdfb6-s4cp2,15,163
09:23:02,50u,cartservice-7c84fdfb6-sf94w,4,131
09:23:02,50u,checkoutservice-5b6d96c9b7-cfmrc,1,34
09:23:02,50u,checkoutservice-5b6d96c9b7-h4wfv,2,19
09:23:02,50u,checkoutservice-5b6d96c9b7-jdqn7,1,19
09:23:02,50u,currencyservice-7c8fc8fc9c-dlzht,10,104
09:23:02,50u,currencyservice-7c8fc8fc9c-mvsgf,19,97
09:23:02,50u,currencyservice-7c8fc8fc9c-wqrfs,8,82
09:23:02,50u,emailservice-66944ff59-478c4,3,56
09:23:02,50u,emailservice-66944ff59-4fvm9,4,94
09:23:02,50u,emailservice-66944ff59-txwj8,4,58
09:23:02,50u,frontend-7bd6f45654-7bcq6,12,23
09:23:02,50u,frontend-7bd6f45654-7gwtd,13,40
09:23:02,50u,frontend-7bd6f45654-xm79g,16,23
09:23:02,50u,paymentservice-9bfb7bf5-46sq4,2,69
09:23:02,50u,paymentservice-9bfb7bf5-pktv4,1,63
09:23:02,50u,paymentservice-9bfb7bf5-snj4k,3,110
09:23:02,50u,productcatalogservice-65bbf699df-8zzd2,11,42
09:23:02,50u,productcatalogservice-65bbf699df-qmltb,1,18
09:23:02,50u,productcatalogservice-65bbf699df-rh24h,7,20
09:23:02,50u,recommendationservice-7444754ff5-b7pgl,17,80
09:23:02,50u,recommendationservice-7444754ff5-hsxb8,4,51
09:23:02,50u,recommendationservice-7444754ff5-xm2x5,13,54
09:23:02,50u,redis-cart-c8ff86559-jrlvk,4,36
09:23:02,50u,shippingservice-f956b6d9f-2g46p,3,30
09:23:02,50u,shippingservice-f956b6d9f-4kzvq,1,15
09:23:02,50u,shippingservice-f956b6d9f-nmnfn,1,15
09:23:12,50u,adservice-574bff445c-grt9z,2,143
09:23:12,50u,adservice-574bff445c-h47zv,3,143
09:23:12,50u,adservice-574bff445c-wppcl,70,273
09:23:12,50u,cartservice-7c84fdfb6-hsn24,1,102
09:23:12,50u,cartservice-7c84fdfb6-s4cp2,100,163
09:23:12,50u,cartservice-7c84fdfb6-sf94w,7,131
09:23:12,50u,checkoutservice-5b6d96c9b7-cfmrc,9,34
09:23:12,50u,checkoutservice-5b6d96c9b7-h4wfv,4,19
09:23:12,50u,checkoutservice-5b6d96c9b7-jdqn7,8,19
09:23:12,50u,currencyservice-7c8fc8fc9c-dlzht,83,104
09:23:12,50u,currencyservice-7c8fc8fc9c-mvsgf,123,98
09:23:12,50u,currencyservice-7c8fc8fc9c-wqrfs,8,82
09:23:12,50u,emailservice-66944ff59-478c4,2,56
09:23:12,50u,emailservice-66944ff59-4fvm9,9,94
09:23:12,50u,emailservice-66944ff59-txwj8,4,58
09:23:12,50u,frontend-7bd6f45654-7bcq6,113,24
09:23:12,50u,frontend-7bd6f45654-7gwtd,112,41
09:23:12,50u,frontend-7bd6f45654-xm79g,84,24
09:23:12,50u,paymentservice-9bfb7bf5-46sq4,4,69
09:23:12,50u,paymentservice-9bfb7bf5-pktv4,1,63
09:23:12,50u,paymentservice-9bfb7bf5-snj4k,6,110
09:23:12,50u,productcatalogservice-65bbf699df-8zzd2,94,42
09:23:12,50u,productcatalogservice-65bbf699df-qmltb,1,18
09:23:12,50u,productcatalogservice-65bbf699df-rh24h,34,20
09:23:12,50u,recommendationservice-7444754ff5-b7pgl,141,80
09:23:12,50u,recommendationservice-7444754ff5-hsxb8,2,51
09:23:12,50u,recommendationservice-7444754ff5-xm2x5,51,54
09:23:12,50u,redis-cart-c8ff86559-jrlvk,8,36
09:23:12,50u,shippingservice-f956b6d9f-2g46p,16,30
09:23:12,50u,shippingservice-f956b6d9f-4kzvq,2,15
09:23:12,50u,shippingservice-f956b6d9f-nmnfn,3,16
09:23:23,50u,adservice-574bff445c-grt9z,3,145
09:23:23,50u,adservice-574bff445c-h47zv,4,146
09:23:23,50u,adservice-574bff445c-wppcl,71,273
09:23:23,50u,cartservice-7c84fdfb6-hsn24,2,102
09:23:23,50u,cartservice-7c84fdfb6-s4cp2,109,163
09:23:23,50u,cartservice-7c84fdfb6-sf94w,6,131
09:23:23,50u,checkoutservice-5b6d96c9b7-cfmrc,6,34
09:23:23,50u,checkoutservice-5b6d96c9b7-h4wfv,13,19
09:23:23,50u,checkoutservice-5b6d96c9b7-jdqn7,7,19
09:23:23,50u,currencyservice-7c8fc8fc9c-dlzht,95,104
09:23:23,50u,currencyservice-7c8fc8fc9c-mvsgf,127,97
09:23:23,50u,currencyservice-7c8fc8fc9c-wqrfs,6,82
09:23:23,50u,emailservice-66944ff59-478c4,3,56
09:23:23,50u,emailservice-66944ff59-4fvm9,8,94
09:23:23,50u,emailservice-66944ff59-txwj8,8,58
09:23:23,50u,frontend-7bd6f45654-7bcq6,96,23
09:23:23,50u,frontend-7bd6f45654-7gwtd,114,41
09:23:23,50u,frontend-7bd6f45654-xm79g,122,23
09:23:23,50u,paymentservice-9bfb7bf5-46sq4,4,70
09:23:23,50u,paymentservice-9bfb7bf5-pktv4,1,63
09:23:23,50u,paymentservice-9bfb7bf5-snj4k,8,110
09:23:23,50u,productcatalogservice-65bbf699df-8zzd2,90,42
09:23:23,50u,productcatalogservice-65bbf699df-qmltb,1,18
09:23:23,50u,productcatalogservice-65bbf699df-rh24h,51,20
09:23:23,50u,recommendationservice-7444754ff5-b7pgl,137,80
09:23:23,50u,recommendationservice-7444754ff5-hsxb8,3,51
09:23:23,50u,recommendationservice-7444754ff5-xm2x5,86,54
09:23:23,50u,redis-cart-c8ff86559-jrlvk,9,36
09:23:23,50u,shippingservice-f956b6d9f-2g46p,17,30
09:23:23,50u,shippingservice-f956b6d9f-4kzvq,4,15
09:23:23,50u,shippingservice-f956b6d9f-nmnfn,2,16
09:23:33,50u,adservice-574bff445c-grt9z,3,145
09:23:33,50u,adservice-574bff445c-h47zv,4,146
09:23:33,50u,adservice-574bff445c-wppcl,71,273
09:23:33,50u,cartservice-7c84fdfb6-hsn24,2,102
09:23:33,50u,cartservice-7c84fdfb6-s4cp2,109,163
09:23:33,50u,cartservice-7c84fdfb6-sf94w,6,131
09:23:33,50u,checkoutservice-5b6d96c9b7-cfmrc,6,34
09:23:33,50u,checkoutservice-5b6d96c9b7-h4wfv,13,19
09:23:33,50u,checkoutservice-5b6d96c9b7-jdqn7,7,19
09:23:33,50u,currencyservice-7c8fc8fc9c-dlzht,95,104
09:23:33,50u,currencyservice-7c8fc8fc9c-mvsgf,127,97
09:23:33,50u,currencyservice-7c8fc8fc9c-wqrfs,6,82
09:23:33,50u,emailservice-66944ff59-478c4,3,56
09:23:33,50u,emailservice-66944ff59-4fvm9,8,94
09:23:33,50u,emailservice-66944ff59-txwj8,8,58
09:23:33,50u,frontend-7bd6f45654-7bcq6,96,23
09:23:33,50u,frontend-7bd6f45654-7gwtd,114,41
09:23:33,50u,frontend-7bd6f45654-xm79g,122,23
09:23:33,50u,paymentservice-9bfb7bf5-46sq4,4,70
09:23:33,50u,paymentservice-9bfb7bf5-pktv4,1,63
09:23:33,50u,paymentservice-9bfb7bf5-snj4k,8,110
09:23:33,50u,productcatalogservice-65bbf699df-8zzd2,90,42
09:23:33,50u,productcatalogservice-65bbf699df-qmltb,1,18
09:23:33,50u,productcatalogservice-65bbf699df-rh24h,51,20
09:23:33,50u,recommendationservice-7444754ff5-b7pgl,137,80
09:23:33,50u,recommendationservice-7444754ff5-hsxb8,3,51
09:23:33,50u,recommendationservice-7444754ff5-xm2x5,86,54
09:23:33,50u,redis-cart-c8ff86559-jrlvk,9,36
09:23:33,50u,shippingservice-f956b6d9f-2g46p,17,30
09:23:33,50u,shippingservice-f956b6d9f-4kzvq,4,15
09:23:33,50u,shippingservice-f956b6d9f-nmnfn,2,16
09:23:43,50u,adservice-574bff445c-grt9z,2,145
09:23:43,50u,adservice-574bff445c-h47zv,2,146
09:23:43,50u,adservice-574bff445c-wppcl,59,273
09:23:43,50u,cartservice-7c84fdfb6-hsn24,2,102
09:23:43,50u,cartservice-7c84fdfb6-s4cp2,117,163
09:23:43,50u,cartservice-7c84fdfb6-sf94w,7,131
09:23:43,50u,checkoutservice-5b6d96c9b7-cfmrc,10,34
09:23:43,50u,checkoutservice-5b6d96c9b7-h4wfv,7,18
09:23:43,50u,checkoutservice-5b6d96c9b7-jdqn7,6,19
09:23:43,50u,currencyservice-7c8fc8fc9c-dlzht,96,109
09:23:43,50u,currencyservice-7c8fc8fc9c-mvsgf,122,98
09:23:43,50u,currencyservice-7c8fc8fc9c-wqrfs,11,85
09:23:43,50u,emailservice-66944ff59-478c4,2,56
09:23:43,50u,emailservice-66944ff59-4fvm9,9,94
09:23:43,50u,emailservice-66944ff59-txwj8,6,58
09:23:43,50u,frontend-7bd6f45654-7bcq6,86,24
09:23:43,50u,frontend-7bd6f45654-7gwtd,131,41
09:23:43,50u,frontend-7bd6f45654-xm79g,111,24
09:23:43,50u,paymentservice-9bfb7bf5-46sq4,4,70
09:23:43,50u,paymentservice-9bfb7bf5-pktv4,1,63
09:23:43,50u,paymentservice-9bfb7bf5-snj4k,7,110
09:23:43,50u,productcatalogservice-65bbf699df-8zzd2,97,42
09:23:43,50u,productcatalogservice-65bbf699df-qmltb,1,18
09:23:43,50u,productcatalogservice-65bbf699df-rh24h,46,21
09:23:43,50u,recommendationservice-7444754ff5-b7pgl,140,80
09:23:43,50u,recommendationservice-7444754ff5-hsxb8,2,51
09:23:43,50u,recommendationservice-7444754ff5-xm2x5,72,54
09:23:43,50u,redis-cart-c8ff86559-jrlvk,9,36
09:23:43,50u,shippingservice-f956b6d9f-2g46p,17,30
09:23:43,50u,shippingservice-f956b6d9f-4kzvq,2,15
09:23:43,50u,shippingservice-f956b6d9f-nmnfn,2,16
09:23:53,50u,adservice-574bff445c-grt9z,4,145
09:23:53,50u,adservice-574bff445c-h47zv,5,146
09:23:53,50u,adservice-574bff445c-wppcl,88,273
09:23:53,50u,cartservice-7c84fdfb6-hsn24,1,102
09:23:53,50u,cartservice-7c84fdfb6-s4cp2,174,163
09:23:53,50u,cartservice-7c84fdfb6-sf94w,10,131
09:23:53,50u,checkoutservice-5b6d96c9b7-cfmrc,14,34
09:23:53,50u,checkoutservice-5b6d96c9b7-h4wfv,17,19
09:23:53,50u,checkoutservice-5b6d96c9b7-jdqn7,9,19
09:23:53,50u,currencyservice-7c8fc8fc9c-dlzht,144,112
09:23:53,50u,currencyservice-7c8fc8fc9c-mvsgf,185,99
09:23:53,50u,currencyservice-7c8fc8fc9c-wqrfs,9,85
09:23:53,50u,emailservice-66944ff59-478c4,2,56
09:23:53,50u,emailservice-66944ff59-4fvm9,12,94
09:23:53,50u,emailservice-66944ff59-txwj8,10,58
09:23:53,50u,frontend-7bd6f45654-7bcq6,117,24
09:23:53,50u,frontend-7bd6f45654-7gwtd,182,42
09:23:53,50u,frontend-7bd6f45654-xm79g,187,24
09:23:53,50u,paymentservice-9bfb7bf5-46sq4,6,70
09:23:53,50u,paymentservice-9bfb7bf5-pktv4,1,63
09:23:53,50u,paymentservice-9bfb7bf5-snj4k,15,109
09:23:53,50u,productcatalogservice-65bbf699df-8zzd2,131,42
09:23:53,50u,productcatalogservice-65bbf699df-qmltb,1,18
09:23:53,50u,productcatalogservice-65bbf699df-rh24h,80,21
09:23:53,50u,recommendationservice-7444754ff5-b7pgl,192,80
09:23:53,50u,recommendationservice-7444754ff5-hsxb8,2,51
09:23:53,50u,recommendationservice-7444754ff5-xm2x5,143,54
09:23:53,50u,redis-cart-c8ff86559-jrlvk,12,36
09:23:53,50u,shippingservice-f956b6d9f-2g46p,25,30
09:23:53,50u,shippingservice-f956b6d9f-4kzvq,5,15
09:23:53,50u,shippingservice-f956b6d9f-nmnfn,3,16
09:24:03,50u,adservice-574bff445c-grt9z,4,145
09:24:03,50u,adservice-574bff445c-h47zv,5,146
09:24:03,50u,adservice-574bff445c-wppcl,88,273
09:24:03,50u,cartservice-7c84fdfb6-hsn24,1,102
09:24:03,50u,cartservice-7c84fdfb6-s4cp2,174,163
09:24:03,50u,cartservice-7c84fdfb6-sf94w,10,131
09:24:03,50u,checkoutservice-5b6d96c9b7-cfmrc,14,34
09:24:03,50u,checkoutservice-5b6d96c9b7-h4wfv,17,19
09:24:03,50u,checkoutservice-5b6d96c9b7-jdqn7,9,19
09:24:03,50u,currencyservice-7c8fc8fc9c-dlzht,144,112
09:24:03,50u,currencyservice-7c8fc8fc9c-mvsgf,185,99
09:24:03,50u,currencyservice-7c8fc8fc9c-wqrfs,9,85
09:24:03,50u,emailservice-66944ff59-478c4,2,56
09:24:03,50u,emailservice-66944ff59-4fvm9,12,94
09:24:03,50u,emailservice-66944ff59-txwj8,10,58
09:24:03,50u,frontend-7bd6f45654-7bcq6,117,24
09:24:03,50u,frontend-7bd6f45654-7gwtd,182,42
09:24:03,50u,frontend-7bd6f45654-xm79g,187,24
09:24:03,50u,paymentservice-9bfb7bf5-46sq4,6,70
09:24:03,50u,paymentservice-9bfb7bf5-pktv4,1,63
09:24:03,50u,paymentservice-9bfb7bf5-snj4k,15,109
09:24:03,50u,productcatalogservice-65bbf699df-8zzd2,131,42
09:24:03,50u,productcatalogservice-65bbf699df-qmltb,1,18
09:24:03,50u,productcatalogservice-65bbf699df-rh24h,80,21
09:24:03,50u,recommendationservice-7444754ff5-b7pgl,192,80
09:24:03,50u,recommendationservice-7444754ff5-hsxb8,2,51
09:24:03,50u,recommendationservice-7444754ff5-xm2x5,143,54
09:24:03,50u,redis-cart-c8ff86559-jrlvk,12,36
09:24:03,50u,shippingservice-f956b6d9f-2g46p,25,30
09:24:03,50u,shippingservice-f956b6d9f-4kzvq,5,15
09:24:03,50u,shippingservice-f956b6d9f-nmnfn,3,16
09:24:13,50u,adservice-574bff445c-grt9z,3,145
09:24:13,50u,adservice-574bff445c-h47zv,2,146
09:24:13,50u,adservice-574bff445c-wppcl,91,274
09:24:13,50u,cartservice-7c84fdfb6-hsn24,2,102
09:24:13,50u,cartservice-7c84fdfb6-s4cp2,145,163
09:24:13,50u,cartservice-7c84fdfb6-sf94w,10,133
09:24:13,50u,checkoutservice-5b6d96c9b7-cfmrc,17,34
09:24:13,50u,checkoutservice-5b6d96c9b7-h4wfv,16,19
09:24:13,50u,checkoutservice-5b6d96c9b7-jdqn7,7,19
09:24:13,50u,currencyservice-7c8fc8fc9c-dlzht,134,113
09:24:13,50u,currencyservice-7c8fc8fc9c-mvsgf,181,100
09:24:13,50u,currencyservice-7c8fc8fc9c-wqrfs,7,85
09:24:13,50u,emailservice-66944ff59-478c4,2,56
09:24:13,50u,emailservice-66944ff59-4fvm9,11,94
09:24:13,50u,emailservice-66944ff59-txwj8,9,58
09:24:13,50u,frontend-7bd6f45654-7bcq6,113,24
09:24:13,50u,frontend-7bd6f45654-7gwtd,171,42
09:24:13,50u,frontend-7bd6f45654-xm79g,179,24
09:24:13,50u,paymentservice-9bfb7bf5-46sq4,6,69
09:24:13,50u,paymentservice-9bfb7bf5-pktv4,1,63
09:24:13,50u,paymentservice-9bfb7bf5-snj4k,12,110
09:24:13,50u,productcatalogservice-65bbf699df-8zzd2,124,42
09:24:13,50u,productcatalogservice-65bbf699df-qmltb,1,18
09:24:13,50u,productcatalogservice-65bbf699df-rh24h,74,21
09:24:13,50u,recommendationservice-7444754ff5-b7pgl,184,80
09:24:13,50u,recommendationservice-7444754ff5-hsxb8,3,51
09:24:13,50u,recommendationservice-7444754ff5-xm2x5,129,54
09:24:13,50u,redis-cart-c8ff86559-jrlvk,11,36
09:24:13,50u,shippingservice-f956b6d9f-2g46p,24,30
09:24:13,50u,shippingservice-f956b6d9f-4kzvq,5,15
09:24:13,50u,shippingservice-f956b6d9f-nmnfn,3,16
09:24:23,50u,adservice-574bff445c-grt9z,3,145
09:24:23,50u,adservice-574bff445c-h47zv,3,146
09:24:23,50u,adservice-574bff445c-wppcl,90,274
09:24:23,50u,cartservice-7c84fdfb6-hsn24,3,103
09:24:23,50u,cartservice-7c84fdfb6-s4cp2,157,163
09:24:23,50u,cartservice-7c84fdfb6-sf94w,24,133
09:24:23,50u,checkoutservice-5b6d96c9b7-cfmrc,14,34
09:24:23,50u,checkoutservice-5b6d96c9b7-h4wfv,17,19
09:24:23,50u,checkoutservice-5b6d96c9b7-jdqn7,11,19
09:24:23,50u,currencyservice-7c8fc8fc9c-dlzht,144,112
09:24:23,50u,currencyservice-7c8fc8fc9c-mvsgf,188,100
09:24:23,50u,currencyservice-7c8fc8fc9c-wqrfs,18,88
09:24:23,50u,emailservice-66944ff59-478c4,2,56
09:24:23,50u,emailservice-66944ff59-4fvm9,12,94
09:24:23,50u,emailservice-66944ff59-txwj8,9,58
09:24:23,50u,frontend-7bd6f45654-7bcq6,120,24
09:24:23,50u,frontend-7bd6f45654-7gwtd,183,42
09:24:23,50u,frontend-7bd6f45654-xm79g,184,26
09:24:23,50u,paymentservice-9bfb7bf5-46sq4,6,70
09:24:23,50u,paymentservice-9bfb7bf5-pktv4,1,63
09:24:23,50u,paymentservice-9bfb7bf5-snj4k,16,116
09:24:23,50u,productcatalogservice-65bbf699df-8zzd2,130,42
09:24:23,50u,productcatalogservice-65bbf699df-qmltb,1,18
09:24:23,50u,productcatalogservice-65bbf699df-rh24h,76,21
09:24:23,50u,recommendationservice-7444754ff5-b7pgl,191,80
09:24:23,50u,recommendationservice-7444754ff5-hsxb8,2,51
09:24:23,50u,recommendationservice-7444754ff5-xm2x5,131,54
09:24:23,50u,redis-cart-c8ff86559-jrlvk,12,36
09:24:23,50u,shippingservice-f956b6d9f-2g46p,25,30
09:24:23,50u,shippingservice-f956b6d9f-4kzvq,5,15
09:24:23,50u,shippingservice-f956b6d9f-nmnfn,3,16
09:24:34,50u,adservice-574bff445c-grt9z,3,145
09:24:34,50u,adservice-574bff445c-h47zv,3,146
09:24:34,50u,adservice-574bff445c-wppcl,90,274
09:24:34,50u,cartservice-7c84fdfb6-hsn24,3,103
09:24:34,50u,cartservice-7c84fdfb6-s4cp2,157,163
09:24:34,50u,cartservice-7c84fdfb6-sf94w,24,133
09:24:34,50u,checkoutservice-5b6d96c9b7-cfmrc,14,34
09:24:34,50u,checkoutservice-5b6d96c9b7-h4wfv,17,19
09:24:34,50u,checkoutservice-5b6d96c9b7-jdqn7,11,19
09:24:34,50u,currencyservice-7c8fc8fc9c-dlzht,144,112
09:24:34,50u,currencyservice-7c8fc8fc9c-mvsgf,188,100
09:24:34,50u,currencyservice-7c8fc8fc9c-wqrfs,18,88
09:24:34,50u,emailservice-66944ff59-478c4,2,56
09:24:34,50u,emailservice-66944ff59-4fvm9,12,94
09:24:34,50u,emailservice-66944ff59-txwj8,9,58
09:24:34,50u,frontend-7bd6f45654-7bcq6,120,24
09:24:34,50u,frontend-7bd6f45654-7gwtd,183,42
09:24:34,50u,frontend-7bd6f45654-xm79g,184,26
09:24:34,50u,paymentservice-9bfb7bf5-46sq4,6,70
09:24:34,50u,paymentservice-9bfb7bf5-pktv4,1,63
09:24:34,50u,paymentservice-9bfb7bf5-snj4k,16,116
09:24:34,50u,productcatalogservice-65bbf699df-8zzd2,130,42
09:24:34,50u,productcatalogservice-65bbf699df-qmltb,1,18
09:24:34,50u,productcatalogservice-65bbf699df-rh24h,76,21
09:24:34,50u,recommendationservice-7444754ff5-b7pgl,191,80
09:24:34,50u,recommendationservice-7444754ff5-hsxb8,2,51
09:24:34,50u,recommendationservice-7444754ff5-xm2x5,131,54
09:24:34,50u,redis-cart-c8ff86559-jrlvk,12,36
09:24:34,50u,shippingservice-f956b6d9f-2g46p,25,30
09:24:34,50u,shippingservice-f956b6d9f-4kzvq,5,15
09:24:34,50u,shippingservice-f956b6d9f-nmnfn,3,16
09:24:44,50u,adservice-574bff445c-grt9z,6,146
09:24:44,50u,adservice-574bff445c-h47zv,6,146
09:24:44,50u,adservice-574bff445c-wppcl,92,275
09:24:44,50u,cartservice-7c84fdfb6-hsn24,2,103
09:24:44,50u,cartservice-7c84fdfb6-s4cp2,158,163
09:24:44,50u,cartservice-7c84fdfb6-sf94w,10,134
09:24:44,50u,checkoutservice-5b6d96c9b7-cfmrc,12,34
09:24:44,50u,checkoutservice-5b6d96c9b7-h4wfv,14,19
09:24:44,50u,checkoutservice-5b6d96c9b7-jdqn7,11,19
09:24:44,50u,currencyservice-7c8fc8fc9c-dlzht,146,113
09:24:44,50u,currencyservice-7c8fc8fc9c-mvsgf,190,100
09:24:44,50u,currencyservice-7c8fc8fc9c-wqrfs,10,88
09:24:44,50u,emailservice-66944ff59-478c4,2,56
09:24:44,50u,emailservice-66944ff59-4fvm9,11,94
09:24:44,50u,emailservice-66944ff59-txwj8,9,58
09:24:44,50u,frontend-7bd6f45654-7bcq6,120,24
09:24:44,50u,frontend-7bd6f45654-7gwtd,186,42
09:24:44,50u,frontend-7bd6f45654-xm79g,196,26
09:24:44,50u,paymentservice-9bfb7bf5-46sq4,6,70
09:24:44,50u,paymentservice-9bfb7bf5-pktv4,2,63
09:24:44,50u,paymentservice-9bfb7bf5-snj4k,10,116
09:24:44,50u,productcatalogservice-65bbf699df-8zzd2,135,42
09:24:44,50u,productcatalogservice-65bbf699df-qmltb,1,18
09:24:44,50u,productcatalogservice-65bbf699df-rh24h,83,21
09:24:44,50u,recommendationservice-7444754ff5-b7pgl,200,80
09:24:44,50u,recommendationservice-7444754ff5-hsxb8,2,51
09:24:44,50u,recommendationservice-7444754ff5-xm2x5,145,54
09:24:44,50u,redis-cart-c8ff86559-jrlvk,12,36
09:24:44,50u,shippingservice-f956b6d9f-2g46p,24,30
09:24:44,50u,shippingservice-f956b6d9f-4kzvq,4,15
09:24:44,50u,shippingservice-f956b6d9f-nmnfn,3,16
09:24:54,50u,adservice-574bff445c-grt9z,2,146
09:24:54,50u,adservice-574bff445c-h47zv,2,148
09:24:54,50u,adservice-574bff445c-wppcl,79,275
09:24:54,50u,cartservice-7c84fdfb6-hsn24,7,103
09:24:54,50u,cartservice-7c84fdfb6-s4cp2,136,164
09:24:54,50u,cartservice-7c84fdfb6-sf94w,7,134
09:24:54,50u,checkoutservice-5b6d96c9b7-cfmrc,12,34
09:24:54,50u,checkoutservice-5b6d96c9b7-h4wfv,16,19
09:24:54,50u,checkoutservice-5b6d96c9b7-jdqn7,9,19
09:24:54,50u,currencyservice-7c8fc8fc9c-dlzht,126,113
09:24:54,50u,currencyservice-7c8fc8fc9c-mvsgf,175,100
09:24:54,50u,currencyservice-7c8fc8fc9c-wqrfs,8,88
09:24:54,50u,emailservice-66944ff59-478c4,2,56
09:24:54,50u,emailservice-66944ff59-4fvm9,11,94
09:24:54,50u,emailservice-66944ff59-txwj8,8,58
09:24:54,50u,frontend-7bd6f45654-7bcq6,106,25
09:24:54,50u,frontend-7bd6f45654-7gwtd,164,44
09:24:54,50u,frontend-7bd6f45654-xm79g,176,28
09:24:54,50u,paymentservice-9bfb7bf5-46sq4,4,70
09:24:54,50u,paymentservice-9bfb7bf5-pktv4,1,63
09:24:54,50u,paymentservice-9bfb7bf5-snj4k,10,116
09:24:54,50u,productcatalogservice-65bbf699df-8zzd2,119,42
09:24:54,50u,productcatalogservice-65bbf699df-qmltb,1,18
09:24:54,50u,productcatalogservice-65bbf699df-rh24h,74,21
09:24:54,50u,recommendationservice-7444754ff5-b7pgl,182,80
09:24:54,50u,recommendationservice-7444754ff5-hsxb8,3,51
09:24:54,50u,recommendationservice-7444754ff5-xm2x5,126,55
09:24:54,50u,redis-cart-c8ff86559-jrlvk,11,36
09:24:54,50u,shippingservice-f956b6d9f-2g46p,23,30
09:24:54,50u,shippingservice-f956b6d9f-4kzvq,4,15
09:24:54,50u,shippingservice-f956b6d9f-nmnfn,3,16
09:25:04,50u,adservice-574bff445c-grt9z,2,146
09:25:04,50u,adservice-574bff445c-h47zv,2,149
09:25:04,50u,adservice-574bff445c-wppcl,83,275
09:25:04,50u,cartservice-7c84fdfb6-hsn24,62,108
09:25:04,50u,cartservice-7c84fdfb6-s4cp2,162,164
09:25:04,50u,cartservice-7c84fdfb6-sf94w,8,134
09:25:04,50u,checkoutservice-5b6d96c9b7-cfmrc,18,34
09:25:04,50u,checkoutservice-5b6d96c9b7-h4wfv,17,19
09:25:04,50u,checkoutservice-5b6d96c9b7-jdqn7,10,19
09:25:04,50u,currencyservice-7c8fc8fc9c-dlzht,142,116
09:25:04,50u,currencyservice-7c8fc8fc9c-mvsgf,183,103
09:25:04,50u,currencyservice-7c8fc8fc9c-wqrfs,10,89
09:25:04,50u,emailservice-66944ff59-478c4,2,56
09:25:04,50u,emailservice-66944ff59-4fvm9,13,94
09:25:04,50u,emailservice-66944ff59-txwj8,10,58
09:25:04,50u,frontend-7bd6f45654-7bcq6,112,24
09:25:04,50u,frontend-7bd6f45654-7gwtd,182,44
09:25:04,50u,frontend-7bd6f45654-xm79g,187,29
09:25:04,50u,paymentservice-9bfb7bf5-46sq4,6,70
09:25:04,50u,paymentservice-9bfb7bf5-pktv4,1,63
09:25:04,50u,paymentservice-9bfb7bf5-snj4k,14,116
09:25:04,50u,productcatalogservice-65bbf699df-8zzd2,129,42
09:25:04,50u,productcatalogservice-65bbf699df-qmltb,1,18
09:25:04,50u,productcatalogservice-65bbf699df-rh24h,81,21
09:25:04,50u,recommendationservice-7444754ff5-b7pgl,195,80
09:25:04,50u,recommendationservice-7444754ff5-hsxb8,2,51
09:25:04,50u,recommendationservice-7444754ff5-xm2x5,140,54
09:25:04,50u,redis-cart-c8ff86559-jrlvk,12,36
09:25:04,50u,shippingservice-f956b6d9f-2g46p,26,30
09:25:04,50u,shippingservice-f956b6d9f-4kzvq,5,15
09:25:04,50u,shippingservice-f956b6d9f-nmnfn,3,16
09:25:14,50u,adservice-574bff445c-grt9z,2,146
09:25:14,50u,adservice-574bff445c-h47zv,2,149
09:25:14,50u,adservice-574bff445c-wppcl,83,275
09:25:14,50u,cartservice-7c84fdfb6-hsn24,62,108
09:25:14,50u,cartservice-7c84fdfb6-s4cp2,162,164
09:25:14,50u,cartservice-7c84fdfb6-sf94w,8,134
09:25:14,50u,checkoutservice-5b6d96c9b7-cfmrc,18,34
09:25:14,50u,checkoutservice-5b6d96c9b7-h4wfv,17,19
09:25:14,50u,checkoutservice-5b6d96c9b7-jdqn7,10,19
09:25:14,50u,currencyservice-7c8fc8fc9c-dlzht,142,116
09:25:14,50u,currencyservice-7c8fc8fc9c-mvsgf,183,103
09:25:14,50u,currencyservice-7c8fc8fc9c-wqrfs,10,89
09:25:14,50u,emailservice-66944ff59-478c4,2,56
09:25:14,50u,emailservice-66944ff59-4fvm9,13,94
09:25:14,50u,emailservice-66944ff59-txwj8,10,58
09:25:14,50u,frontend-7bd6f45654-7bcq6,112,24
09:25:14,50u,frontend-7bd6f45654-7gwtd,182,44
09:25:14,50u,frontend-7bd6f45654-xm79g,187,29
09:25:14,50u,paymentservice-9bfb7bf5-46sq4,6,70
09:25:14,50u,paymentservice-9bfb7bf5-pktv4,1,63
09:25:14,50u,paymentservice-9bfb7bf5-snj4k,14,116
09:25:14,50u,productcatalogservice-65bbf699df-8zzd2,129,42
09:25:14,50u,productcatalogservice-65bbf699df-qmltb,1,18
09:25:14,50u,productcatalogservice-65bbf699df-rh24h,81,21
09:25:14,50u,recommendationservice-7444754ff5-b7pgl,195,80
09:25:14,50u,recommendationservice-7444754ff5-hsxb8,2,51
09:25:14,50u,recommendationservice-7444754ff5-xm2x5,140,54
09:25:14,50u,redis-cart-c8ff86559-jrlvk,12,36
09:25:14,50u,shippingservice-f956b6d9f-2g46p,26,30
09:25:14,50u,shippingservice-f956b6d9f-4kzvq,5,15
09:25:14,50u,shippingservice-f956b6d9f-nmnfn,3,16
09:25:24,50u,adservice-574bff445c-grt9z,2,146
09:25:24,50u,adservice-574bff445c-h47zv,2,149
09:25:24,50u,adservice-574bff445c-wppcl,59,275
09:25:24,50u,cartservice-7c84fdfb6-hsn24,2,108
09:25:24,50u,cartservice-7c84fdfb6-s4cp2,106,164
09:25:24,50u,cartservice-7c84fdfb6-sf94w,5,134
09:25:24,50u,checkoutservice-5b6d96c9b7-cfmrc,11,34
09:25:24,50u,checkoutservice-5b6d96c9b7-h4wfv,8,19
09:25:24,50u,checkoutservice-5b6d96c9b7-jdqn7,5,19
09:25:24,50u,currencyservice-7c8fc8fc9c-dlzht,83,115
09:25:24,50u,currencyservice-7c8fc8fc9c-mvsgf,122,102
09:25:24,50u,currencyservice-7c8fc8fc9c-wqrfs,4,89
09:25:24,50u,emailservice-66944ff59-478c4,3,56
09:25:24,50u,emailservice-66944ff59-4fvm9,9,94
09:25:24,50u,emailservice-66944ff59-txwj8,6,58
09:25:24,50u,frontend-7bd6f45654-7bcq6,73,24
09:25:24,50u,frontend-7bd6f45654-7gwtd,113,44
09:25:24,50u,frontend-7bd6f45654-xm79g,121,28
09:25:24,50u,paymentservice-9bfb7bf5-46sq4,3,70
09:25:24,50u,paymentservice-9bfb7bf5-pktv4,1,63
09:25:24,50u,paymentservice-9bfb7bf5-snj4k,8,116
09:25:24,50u,productcatalogservice-65bbf699df-8zzd2,83,42
09:25:24,50u,productcatalogservice-65bbf699df-qmltb,1,18
09:25:24,50u,productcatalogservice-65bbf699df-rh24h,50,21
09:25:24,50u,recommendationservice-7444754ff5-b7pgl,127,80
09:25:24,50u,recommendationservice-7444754ff5-hsxb8,3,51
09:25:24,50u,recommendationservice-7444754ff5-xm2x5,86,54
09:25:24,50u,redis-cart-c8ff86559-jrlvk,9,36
09:25:24,50u,shippingservice-f956b6d9f-2g46p,17,30
09:25:24,50u,shippingservice-f956b6d9f-4kzvq,3,15
09:25:24,50u,shippingservice-f956b6d9f-nmnfn,2,16
09:25:34,50u,adservice-574bff445c-grt9z,5,148
09:25:34,50u,adservice-574bff445c-h47zv,5,149
09:25:34,50u,adservice-574bff445c-wppcl,2,274
09:25:34,50u,cartservice-7c84fdfb6-hsn24,4,108
09:25:34,50u,cartservice-7c84fdfb6-s4cp2,2,164
09:25:34,50u,cartservice-7c84fdfb6-sf94w,3,134
09:25:34,50u,checkoutservice-5b6d96c9b7-cfmrc,1,34
09:25:34,50u,checkoutservice-5b6d96c9b7-h4wfv,1,19
09:25:34,50u,checkoutservice-5b6d96c9b7-jdqn7,1,19
09:25:34,50u,currencyservice-7c8fc8fc9c-dlzht,1,115
09:25:34,50u,currencyservice-7c8fc8fc9c-mvsgf,1,102
09:25:34,50u,currencyservice-7c8fc8fc9c-wqrfs,1,89
09:25:34,50u,emailservice-66944ff59-478c4,3,56
09:25:34,50u,emailservice-66944ff59-4fvm9,4,94
09:25:34,50u,emailservice-66944ff59-txwj8,3,58
09:25:34,50u,frontend-7bd6f45654-7bcq6,1,24
09:25:34,50u,frontend-7bd6f45654-7gwtd,1,44
09:25:34,50u,frontend-7bd6f45654-xm79g,1,28
09:25:34,50u,paymentservice-9bfb7bf5-46sq4,1,70
09:25:34,50u,paymentservice-9bfb7bf5-pktv4,2,64
09:25:34,50u,paymentservice-9bfb7bf5-snj4k,1,116
09:25:34,50u,productcatalogservice-65bbf699df-8zzd2,1,42
09:25:34,50u,productcatalogservice-65bbf699df-qmltb,1,18
09:25:34,50u,productcatalogservice-65bbf699df-rh24h,1,21
09:25:34,50u,recommendationservice-7444754ff5-b7pgl,4,80
09:25:34,50u,recommendationservice-7444754ff5-hsxb8,3,51
09:25:34,50u,recommendationservice-7444754ff5-xm2x5,3,54
09:25:34,50u,redis-cart-c8ff86559-jrlvk,3,36
09:25:34,50u,shippingservice-f956b6d9f-2g46p,1,30
09:25:34,50u,shippingservice-f956b6d9f-4kzvq,1,15
09:25:34,50u,shippingservice-f956b6d9f-nmnfn,1,16
09:25:45,50u,adservice-574bff445c-grt9z,5,148
09:25:45,50u,adservice-574bff445c-h47zv,5,149
09:25:45,50u,adservice-574bff445c-wppcl,2,274
09:25:45,50u,cartservice-7c84fdfb6-hsn24,4,108
09:25:45,50u,cartservice-7c84fdfb6-s4cp2,2,164
09:25:45,50u,cartservice-7c84fdfb6-sf94w,3,134
09:25:45,50u,checkoutservice-5b6d96c9b7-cfmrc,1,34
09:25:45,50u,checkoutservice-5b6d96c9b7-h4wfv,1,19
09:25:45,50u,checkoutservice-5b6d96c9b7-jdqn7,1,19
09:25:45,50u,currencyservice-7c8fc8fc9c-dlzht,1,115
09:25:45,50u,currencyservice-7c8fc8fc9c-mvsgf,1,102
09:25:45,50u,currencyservice-7c8fc8fc9c-wqrfs,1,89
09:25:45,50u,emailservice-66944ff59-478c4,3,56
09:25:45,50u,emailservice-66944ff59-4fvm9,4,94
09:25:45,50u,emailservice-66944ff59-txwj8,3,58
09:25:45,50u,frontend-7bd6f45654-7bcq6,1,24
09:25:45,50u,frontend-7bd6f45654-7gwtd,1,44
09:25:45,50u,frontend-7bd6f45654-xm79g,1,28
09:25:45,50u,paymentservice-9bfb7bf5-46sq4,1,70
09:25:45,50u,paymentservice-9bfb7bf5-pktv4,2,64
09:25:45,50u,paymentservice-9bfb7bf5-snj4k,1,116
09:25:45,50u,productcatalogservice-65bbf699df-8zzd2,1,42
09:25:45,50u,productcatalogservice-65bbf699df-qmltb,1,18
09:25:45,50u,productcatalogservice-65bbf699df-rh24h,1,21
09:25:45,50u,recommendationservice-7444754ff5-b7pgl,4,80
09:25:45,50u,recommendationservice-7444754ff5-hsxb8,3,51
09:25:45,50u,recommendationservice-7444754ff5-xm2x5,3,54
09:25:45,50u,redis-cart-c8ff86559-jrlvk,3,36
09:25:45,50u,shippingservice-f956b6d9f-2g46p,1,30
09:25:45,50u,shippingservice-f956b6d9f-4kzvq,1,15
09:25:45,50u,shippingservice-f956b6d9f-nmnfn,1,16
09:25:55,50u,adservice-574bff445c-grt9z,2,148
09:25:55,50u,adservice-574bff445c-h47zv,3,149
09:25:55,50u,adservice-574bff445c-wppcl,2,274
09:25:55,50u,cartservice-7c84fdfb6-hsn24,5,111
09:25:55,50u,cartservice-7c84fdfb6-s4cp2,2,164
09:25:55,50u,cartservice-7c84fdfb6-sf94w,4,134
09:25:55,50u,checkoutservice-5b6d96c9b7-cfmrc,1,34
09:25:55,50u,checkoutservice-5b6d96c9b7-h4wfv,1,19
09:25:55,50u,checkoutservice-5b6d96c9b7-jdqn7,1,19
09:25:55,50u,currencyservice-7c8fc8fc9c-dlzht,1,115
09:25:55,50u,currencyservice-7c8fc8fc9c-mvsgf,1,102
09:25:55,50u,currencyservice-7c8fc8fc9c-wqrfs,1,89
09:25:55,50u,emailservice-66944ff59-478c4,3,56
09:25:55,50u,emailservice-66944ff59-4fvm9,3,94
09:25:55,50u,emailservice-66944ff59-txwj8,3,58
09:25:55,50u,frontend-7bd6f45654-7bcq6,1,24
09:25:55,50u,frontend-7bd6f45654-7gwtd,1,44
09:25:55,50u,frontend-7bd6f45654-xm79g,1,28
09:25:55,50u,paymentservice-9bfb7bf5-46sq4,1,70
09:25:55,50u,paymentservice-9bfb7bf5-pktv4,1,64
09:25:55,50u,paymentservice-9bfb7bf5-snj4k,1,116
09:25:55,50u,productcatalogservice-65bbf699df-8zzd2,1,42
09:25:55,50u,productcatalogservice-65bbf699df-qmltb,1,18
09:25:55,50u,productcatalogservice-65bbf699df-rh24h,1,21
09:25:55,50u,recommendationservice-7444754ff5-b7pgl,3,80
09:25:55,50u,recommendationservice-7444754ff5-hsxb8,3,51
09:25:55,50u,recommendationservice-7444754ff5-xm2x5,3,54
09:25:55,50u,redis-cart-c8ff86559-jrlvk,3,36
09:25:55,50u,shippingservice-f956b6d9f-2g46p,1,30
09:25:55,50u,shippingservice-f956b6d9f-4kzvq,1,15
09:25:55,50u,shippingservice-f956b6d9f-nmnfn,1,16
09:26:05,50u,adservice-574bff445c-grt9z,3,148
09:26:05,50u,adservice-574bff445c-h47zv,3,149
09:26:05,50u,adservice-574bff445c-wppcl,1,274
09:26:05,50u,cartservice-7c84fdfb6-hsn24,2,111
09:26:05,50u,cartservice-7c84fdfb6-s4cp2,2,164
09:26:05,50u,cartservice-7c84fdfb6-sf94w,2,134
09:26:05,50u,checkoutservice-5b6d96c9b7-cfmrc,1,34
09:26:05,50u,checkoutservice-5b6d96c9b7-h4wfv,1,19
09:26:05,50u,checkoutservice-5b6d96c9b7-jdqn7,1,19
09:26:05,50u,currencyservice-7c8fc8fc9c-dlzht,1,115
09:26:05,50u,currencyservice-7c8fc8fc9c-mvsgf,1,102
09:26:05,50u,currencyservice-7c8fc8fc9c-wqrfs,1,89
09:26:05,50u,emailservice-66944ff59-478c4,3,56
09:26:05,50u,emailservice-66944ff59-4fvm9,3,94
09:26:05,50u,emailservice-66944ff59-txwj8,3,58
09:26:05,50u,frontend-7bd6f45654-7bcq6,1,24
09:26:05,50u,frontend-7bd6f45654-7gwtd,1,44
09:26:05,50u,frontend-7bd6f45654-xm79g,1,28
09:26:05,50u,paymentservice-9bfb7bf5-46sq4,1,70
09:26:05,50u,paymentservice-9bfb7bf5-pktv4,1,64
09:26:05,50u,paymentservice-9bfb7bf5-snj4k,1,117
09:26:05,50u,productcatalogservice-65bbf699df-8zzd2,1,42
09:26:05,50u,productcatalogservice-65bbf699df-qmltb,1,18
09:26:05,50u,productcatalogservice-65bbf699df-rh24h,1,21
09:26:05,50u,recommendationservice-7444754ff5-b7pgl,3,80
09:26:05,50u,recommendationservice-7444754ff5-hsxb8,3,51
09:26:05,50u,recommendationservice-7444754ff5-xm2x5,3,54
09:26:05,50u,redis-cart-c8ff86559-jrlvk,3,36
09:26:05,50u,shippingservice-f956b6d9f-2g46p,1,30
09:26:05,50u,shippingservice-f956b6d9f-4kzvq,1,15
09:26:05,50u,shippingservice-f956b6d9f-nmnfn,1,16
09:26:15,75u,adservice-574bff445c-grt9z,3,148
09:26:15,75u,adservice-574bff445c-h47zv,3,149
09:26:15,75u,adservice-574bff445c-wppcl,1,274
09:26:15,75u,cartservice-7c84fdfb6-hsn24,2,111
09:26:15,75u,cartservice-7c84fdfb6-s4cp2,2,164
09:26:15,75u,cartservice-7c84fdfb6-sf94w,2,134
09:26:15,75u,checkoutservice-5b6d96c9b7-cfmrc,1,34
09:26:15,75u,checkoutservice-5b6d96c9b7-h4wfv,1,19
09:26:15,75u,checkoutservice-5b6d96c9b7-jdqn7,1,19
09:26:15,75u,currencyservice-7c8fc8fc9c-dlzht,1,115
09:26:15,75u,currencyservice-7c8fc8fc9c-mvsgf,1,102
09:26:15,75u,currencyservice-7c8fc8fc9c-wqrfs,1,89
09:26:15,75u,emailservice-66944ff59-478c4,3,56
09:26:15,75u,emailservice-66944ff59-4fvm9,3,94
09:26:15,75u,emailservice-66944ff59-txwj8,3,58
09:26:15,75u,frontend-7bd6f45654-7bcq6,1,24
09:26:15,75u,frontend-7bd6f45654-7gwtd,1,44
09:26:15,75u,frontend-7bd6f45654-xm79g,1,28
09:26:15,75u,paymentservice-9bfb7bf5-46sq4,1,70
09:26:15,75u,paymentservice-9bfb7bf5-pktv4,1,64
09:26:15,75u,paymentservice-9bfb7bf5-snj4k,1,117
09:26:15,75u,productcatalogservice-65bbf699df-8zzd2,1,42
09:26:15,75u,productcatalogservice-65bbf699df-qmltb,1,18
09:26:15,75u,productcatalogservice-65bbf699df-rh24h,1,21
09:26:15,75u,recommendationservice-7444754ff5-b7pgl,3,80
09:26:15,75u,recommendationservice-7444754ff5-hsxb8,3,51
09:26:15,75u,recommendationservice-7444754ff5-xm2x5,3,54
09:26:15,75u,redis-cart-c8ff86559-jrlvk,3,36
09:26:15,75u,shippingservice-f956b6d9f-2g46p,1,30
09:26:15,75u,shippingservice-f956b6d9f-4kzvq,1,15
09:26:15,75u,shippingservice-f956b6d9f-nmnfn,1,16
09:26:25,75u,adservice-574bff445c-grt9z,2,148
09:26:25,75u,adservice-574bff445c-h47zv,2,149
09:26:25,75u,adservice-574bff445c-wppcl,5,274
09:26:25,75u,cartservice-7c84fdfb6-hsn24,1,111
09:26:25,75u,cartservice-7c84fdfb6-s4cp2,10,164
09:26:25,75u,cartservice-7c84fdfb6-sf94w,2,134
09:26:25,75u,checkoutservice-5b6d96c9b7-cfmrc,1,34
09:26:25,75u,checkoutservice-5b6d96c9b7-h4wfv,2,19
09:26:25,75u,checkoutservice-5b6d96c9b7-jdqn7,1,19
09:26:25,75u,currencyservice-7c8fc8fc9c-dlzht,3,115
09:26:25,75u,currencyservice-7c8fc8fc9c-mvsgf,13,102
09:26:25,75u,currencyservice-7c8fc8fc9c-wqrfs,1,89
09:26:25,75u,emailservice-66944ff59-478c4,3,56
09:26:25,75u,emailservice-66944ff59-4fvm9,3,94
09:26:25,75u,emailservice-66944ff59-txwj8,3,58
09:26:25,75u,frontend-7bd6f45654-7bcq6,6,24
09:26:25,75u,frontend-7bd6f45654-7gwtd,3,43
09:26:25,75u,frontend-7bd6f45654-xm79g,12,28
09:26:25,75u,paymentservice-9bfb7bf5-46sq4,1,70
09:26:25,75u,paymentservice-9bfb7bf5-pktv4,1,63
09:26:25,75u,paymentservice-9bfb7bf5-snj4k,2,117
09:26:25,75u,productcatalogservice-65bbf699df-8zzd2,5,42
09:26:25,75u,productcatalogservice-65bbf699df-qmltb,1,18
09:26:25,75u,productcatalogservice-65bbf699df-rh24h,5,21
09:26:25,75u,recommendationservice-7444754ff5-b7pgl,8,80
09:26:25,75u,recommendationservice-7444754ff5-hsxb8,3,51
09:26:25,75u,recommendationservice-7444754ff5-xm2x5,10,54
09:26:25,75u,redis-cart-c8ff86559-jrlvk,4,36
09:26:25,75u,shippingservice-f956b6d9f-2g46p,2,30
09:26:25,75u,shippingservice-f956b6d9f-4kzvq,1,15
09:26:25,75u,shippingservice-f956b6d9f-nmnfn,1,16
09:26:35,75u,adservice-574bff445c-grt9z,2,148
09:26:35,75u,adservice-574bff445c-h47zv,2,149
09:26:35,75u,adservice-574bff445c-wppcl,50,274
09:26:35,75u,cartservice-7c84fdfb6-hsn24,1,111
09:26:35,75u,cartservice-7c84fdfb6-s4cp2,106,164
09:26:35,75u,cartservice-7c84fdfb6-sf94w,9,134
09:26:35,75u,checkoutservice-5b6d96c9b7-cfmrc,5,34
09:26:35,75u,checkoutservice-5b6d96c9b7-h4wfv,11,19
09:26:35,75u,checkoutservice-5b6d96c9b7-jdqn7,11,19
09:26:35,75u,currencyservice-7c8fc8fc9c-dlzht,61,115
09:26:35,75u,currencyservice-7c8fc8fc9c-mvsgf,135,102
09:26:35,75u,currencyservice-7c8fc8fc9c-wqrfs,9,89
09:26:35,75u,emailservice-66944ff59-478c4,2,56
09:26:35,75u,emailservice-66944ff59-4fvm9,9,94
09:26:35,75u,emailservice-66944ff59-txwj8,7,58
09:26:35,75u,frontend-7bd6f45654-7bcq6,108,24
09:26:35,75u,frontend-7bd6f45654-7gwtd,83,44
09:26:35,75u,frontend-7bd6f45654-xm79g,116,28
09:26:35,75u,paymentservice-9bfb7bf5-46sq4,5,70
09:26:35,75u,paymentservice-9bfb7bf5-pktv4,1,63
09:26:35,75u,paymentservice-9bfb7bf5-snj4k,8,117
09:26:35,75u,productcatalogservice-65bbf699df-8zzd2,86,42
09:26:35,75u,productcatalogservice-65bbf699df-qmltb,1,18
09:26:35,75u,productcatalogservice-65bbf699df-rh24h,50,21
09:26:35,75u,recommendationservice-7444754ff5-b7pgl,120,80
09:26:35,75u,recommendationservice-7444754ff5-hsxb8,2,51
09:26:35,75u,recommendationservice-7444754ff5-xm2x5,78,54
09:26:35,75u,redis-cart-c8ff86559-jrlvk,8,36
09:26:35,75u,shippingservice-f956b6d9f-2g46p,15,30
09:26:35,75u,shippingservice-f956b6d9f-4kzvq,4,15
09:26:35,75u,shippingservice-f956b6d9f-nmnfn,3,16
09:26:45,75u,adservice-574bff445c-grt9z,2,148
09:26:45,75u,adservice-574bff445c-h47zv,2,149
09:26:45,75u,adservice-574bff445c-wppcl,50,274
09:26:45,75u,cartservice-7c84fdfb6-hsn24,1,111
09:26:45,75u,cartservice-7c84fdfb6-s4cp2,106,164
09:26:45,75u,cartservice-7c84fdfb6-sf94w,9,134
09:26:45,75u,checkoutservice-5b6d96c9b7-cfmrc,5,34
09:26:45,75u,checkoutservice-5b6d96c9b7-h4wfv,11,19
09:26:45,75u,checkoutservice-5b6d96c9b7-jdqn7,11,19
09:26:45,75u,currencyservice-7c8fc8fc9c-dlzht,61,115
09:26:45,75u,currencyservice-7c8fc8fc9c-mvsgf,135,102
09:26:45,75u,currencyservice-7c8fc8fc9c-wqrfs,9,89
09:26:45,75u,emailservice-66944ff59-478c4,2,56
09:26:45,75u,emailservice-66944ff59-4fvm9,9,94
09:26:45,75u,emailservice-66944ff59-txwj8,7,58
09:26:45,75u,frontend-7bd6f45654-7bcq6,108,24
09:26:45,75u,frontend-7bd6f45654-7gwtd,83,44
09:26:45,75u,frontend-7bd6f45654-xm79g,116,28
09:26:45,75u,paymentservice-9bfb7bf5-46sq4,5,70
09:26:45,75u,paymentservice-9bfb7bf5-pktv4,1,63
09:26:45,75u,paymentservice-9bfb7bf5-snj4k,8,117
09:26:45,75u,productcatalogservice-65bbf699df-8zzd2,86,42
09:26:45,75u,productcatalogservice-65bbf699df-qmltb,1,18
09:26:45,75u,productcatalogservice-65bbf699df-rh24h,50,21
09:26:45,75u,recommendationservice-7444754ff5-b7pgl,120,80
09:26:45,75u,recommendationservice-7444754ff5-hsxb8,2,51
09:26:45,75u,recommendationservice-7444754ff5-xm2x5,78,54
09:26:45,75u,redis-cart-c8ff86559-jrlvk,8,36
09:26:45,75u,shippingservice-f956b6d9f-2g46p,15,30
09:26:45,75u,shippingservice-f956b6d9f-4kzvq,4,15
09:26:45,75u,shippingservice-f956b6d9f-nmnfn,3,16
09:26:56,75u,adservice-574bff445c-grt9z,3,149
09:26:56,75u,adservice-574bff445c-h47zv,3,149
09:26:56,75u,adservice-574bff445c-wppcl,61,274
09:26:56,75u,cartservice-7c84fdfb6-hsn24,2,111
09:26:56,75u,cartservice-7c84fdfb6-s4cp2,116,166
09:26:56,75u,cartservice-7c84fdfb6-sf94w,8,134
09:26:56,75u,checkoutservice-5b6d96c9b7-cfmrc,9,34
09:26:56,75u,checkoutservice-5b6d96c9b7-h4wfv,11,19
09:26:56,75u,checkoutservice-5b6d96c9b7-jdqn7,10,19
09:26:56,75u,currencyservice-7c8fc8fc9c-dlzht,94,115
09:26:56,75u,currencyservice-7c8fc8fc9c-mvsgf,140,103
09:26:56,75u,currencyservice-7c8fc8fc9c-wqrfs,8,89
09:26:56,75u,emailservice-66944ff59-478c4,2,56
09:26:56,75u,emailservice-66944ff59-4fvm9,10,94
09:26:56,75u,emailservice-66944ff59-txwj8,7,58
09:26:56,75u,frontend-7bd6f45654-7bcq6,108,24
09:26:56,75u,frontend-7bd6f45654-7gwtd,124,44
09:26:56,75u,frontend-7bd6f45654-xm79g,131,29
09:26:56,75u,paymentservice-9bfb7bf5-46sq4,6,70
09:26:56,75u,paymentservice-9bfb7bf5-pktv4,1,64
09:26:56,75u,paymentservice-9bfb7bf5-snj4k,8,117
09:26:56,75u,productcatalogservice-65bbf699df-8zzd2,98,42
09:26:56,75u,productcatalogservice-65bbf699df-qmltb,1,18
09:26:56,75u,productcatalogservice-65bbf699df-rh24h,55,21
09:26:56,75u,recommendationservice-7444754ff5-b7pgl,148,80
09:26:56,75u,recommendationservice-7444754ff5-hsxb8,2,51
09:26:56,75u,recommendationservice-7444754ff5-xm2x5,93,54
09:26:56,75u,redis-cart-c8ff86559-jrlvk,9,36
09:26:56,75u,shippingservice-f956b6d9f-2g46p,18,30
09:26:56,75u,shippingservice-f956b6d9f-4kzvq,3,15
09:26:56,75u,shippingservice-f956b6d9f-nmnfn,3,16
09:27:06,75u,adservice-574bff445c-grt9z,5,149
09:27:06,75u,adservice-574bff445c-h47zv,5,152
09:27:06,75u,adservice-574bff445c-wppcl,45,274
09:27:06,75u,cartservice-7c84fdfb6-hsn24,1,111
09:27:06,75u,cartservice-7c84fdfb6-s4cp2,94,166
09:27:06,75u,cartservice-7c84fdfb6-sf94w,9,134
09:27:06,75u,checkoutservice-5b6d96c9b7-cfmrc,4,34
09:27:06,75u,checkoutservice-5b6d96c9b7-h4wfv,4,19
09:27:06,75u,checkoutservice-5b6d96c9b7-jdqn7,12,19
09:27:06,75u,currencyservice-7c8fc8fc9c-dlzht,51,116
09:27:06,75u,currencyservice-7c8fc8fc9c-mvsgf,128,102
09:27:06,75u,currencyservice-7c8fc8fc9c-wqrfs,10,89
09:27:06,75u,emailservice-66944ff59-478c4,2,56
09:27:06,75u,emailservice-66944ff59-4fvm9,8,94
09:27:06,75u,emailservice-66944ff59-txwj8,4,58
09:27:06,75u,frontend-7bd6f45654-7bcq6,152,25
09:27:06,75u,frontend-7bd6f45654-7gwtd,66,44
09:27:06,75u,frontend-7bd6f45654-xm79g,47,28
09:27:06,75u,paymentservice-9bfb7bf5-46sq4,5,70
09:27:06,75u,paymentservice-9bfb7bf5-pktv4,1,64
09:27:06,75u,paymentservice-9bfb7bf5-snj4k,4,117
09:27:06,75u,productcatalogservice-65bbf699df-8zzd2,92,42
09:27:06,75u,productcatalogservice-65bbf699df-qmltb,1,18
09:27:06,75u,productcatalogservice-65bbf699df-rh24h,21,21
09:27:06,75u,recommendationservice-7444754ff5-b7pgl,141,80
09:27:06,75u,recommendationservice-7444754ff5-hsxb8,3,51
09:27:06,75u,recommendationservice-7444754ff5-xm2x5,30,54
09:27:06,75u,redis-cart-c8ff86559-jrlvk,8,36
09:27:06,75u,shippingservice-f956b6d9f-2g46p,14,30
09:27:06,75u,shippingservice-f956b6d9f-4kzvq,2,15
09:27:06,75u,shippingservice-f956b6d9f-nmnfn,4,16
09:27:16,75u,adservice-574bff445c-grt9z,5,149
09:27:16,75u,adservice-574bff445c-h47zv,5,152
09:27:16,75u,adservice-574bff445c-wppcl,45,274
09:27:16,75u,cartservice-7c84fdfb6-hsn24,1,111
09:27:16,75u,cartservice-7c84fdfb6-s4cp2,94,166
09:27:16,75u,cartservice-7c84fdfb6-sf94w,9,134
09:27:16,75u,checkoutservice-5b6d96c9b7-cfmrc,4,34
09:27:16,75u,checkoutservice-5b6d96c9b7-h4wfv,4,19
09:27:16,75u,checkoutservice-5b6d96c9b7-jdqn7,12,19
09:27:16,75u,currencyservice-7c8fc8fc9c-dlzht,51,116
09:27:16,75u,currencyservice-7c8fc8fc9c-mvsgf,128,102
09:27:16,75u,currencyservice-7c8fc8fc9c-wqrfs,10,89
09:27:16,75u,emailservice-66944ff59-478c4,2,56
09:27:16,75u,emailservice-66944ff59-4fvm9,8,94
09:27:16,75u,emailservice-66944ff59-txwj8,4,58
09:27:16,75u,frontend-7bd6f45654-7bcq6,152,25
09:27:16,75u,frontend-7bd6f45654-7gwtd,66,44
09:27:16,75u,frontend-7bd6f45654-xm79g,47,28
09:27:16,75u,paymentservice-9bfb7bf5-46sq4,5,70
09:27:16,75u,paymentservice-9bfb7bf5-pktv4,1,64
09:27:16,75u,paymentservice-9bfb7bf5-snj4k,4,117
09:27:16,75u,productcatalogservice-65bbf699df-8zzd2,92,42
09:27:16,75u,productcatalogservice-65bbf699df-qmltb,1,18
09:27:16,75u,productcatalogservice-65bbf699df-rh24h,21,21
09:27:16,75u,recommendationservice-7444754ff5-b7pgl,141,80
09:27:16,75u,recommendationservice-7444754ff5-hsxb8,3,51
09:27:16,75u,recommendationservice-7444754ff5-xm2x5,30,54
09:27:16,75u,redis-cart-c8ff86559-jrlvk,8,36
09:27:16,75u,shippingservice-f956b6d9f-2g46p,14,30
09:27:16,75u,shippingservice-f956b6d9f-4kzvq,2,15
09:27:16,75u,shippingservice-f956b6d9f-nmnfn,4,16
09:27:26,75u,adservice-574bff445c-grt9z,4,151
09:27:26,75u,adservice-574bff445c-h47zv,5,152
09:27:26,75u,adservice-574bff445c-wppcl,75,274
09:27:26,75u,cartservice-7c84fdfb6-hsn24,1,111
09:27:26,75u,cartservice-7c84fdfb6-s4cp2,139,166
09:27:26,75u,cartservice-7c84fdfb6-sf94w,12,134
09:27:26,75u,checkoutservice-5b6d96c9b7-cfmrc,7,34
09:27:26,75u,checkoutservice-5b6d96c9b7-h4wfv,11,19
09:27:26,75u,checkoutservice-5b6d96c9b7-jdqn7,15,19
09:27:26,75u,currencyservice-7c8fc8fc9c-dlzht,104,115
09:27:26,75u,currencyservice-7c8fc8fc9c-mvsgf,188,102
09:27:26,75u,currencyservice-7c8fc8fc9c-wqrfs,13,90
09:27:26,75u,emailservice-66944ff59-478c4,2,56
09:27:26,75u,emailservice-66944ff59-4fvm9,11,94
09:27:26,75u,emailservice-66944ff59-txwj8,7,58
09:27:26,75u,frontend-7bd6f45654-7bcq6,178,27
09:27:26,75u,frontend-7bd6f45654-7gwtd,131,45
09:27:26,75u,frontend-7bd6f45654-xm79g,146,29
09:27:26,75u,paymentservice-9bfb7bf5-46sq4,7,71
09:27:26,75u,paymentservice-9bfb7bf5-pktv4,1,64
09:27:26,75u,paymentservice-9bfb7bf5-snj4k,7,117
09:27:26,75u,productcatalogservice-65bbf699df-8zzd2,127,42
09:27:26,75u,productcatalogservice-65bbf699df-qmltb,1,18
09:27:26,75u,productcatalogservice-65bbf699df-rh24h,61,21
09:27:26,75u,recommendationservice-7444754ff5-b7pgl,200,81
09:27:26,75u,recommendationservice-7444754ff5-hsxb8,2,51
09:27:26,75u,recommendationservice-7444754ff5-xm2x5,95,54
09:27:26,75u,redis-cart-c8ff86559-jrlvk,11,36
09:27:26,75u,shippingservice-f956b6d9f-2g46p,23,30
09:27:26,75u,shippingservice-f956b6d9f-4kzvq,3,15
09:27:26,75u,shippingservice-f956b6d9f-nmnfn,5,16
09:27:36,75u,adservice-574bff445c-grt9z,2,151
09:27:36,75u,adservice-574bff445c-h47zv,2,152
09:27:36,75u,adservice-574bff445c-wppcl,80,274
09:27:36,75u,cartservice-7c84fdfb6-hsn24,2,111
09:27:36,75u,cartservice-7c84fdfb6-s4cp2,139,166
09:27:36,75u,cartservice-7c84fdfb6-sf94w,10,135
09:27:36,75u,checkoutservice-5b6d96c9b7-cfmrc,9,34
09:27:36,75u,checkoutservice-5b6d96c9b7-h4wfv,13,19
09:27:36,75u,checkoutservice-5b6d96c9b7-jdqn7,13,20
09:27:36,75u,currencyservice-7c8fc8fc9c-dlzht,108,115
09:27:36,75u,currencyservice-7c8fc8fc9c-mvsgf,184,105
09:27:36,75u,currencyservice-7c8fc8fc9c-wqrfs,11,90
09:27:36,75u,emailservice-66944ff59-478c4,2,56
09:27:36,75u,emailservice-66944ff59-4fvm9,11,94
09:27:36,75u,emailservice-66944ff59-txwj8,8,58
09:27:36,75u,frontend-7bd6f45654-7bcq6,152,28
09:27:36,75u,frontend-7bd6f45654-7gwtd,141,45
09:27:36,75u,frontend-7bd6f45654-xm79g,171,29
09:27:36,75u,paymentservice-9bfb7bf5-46sq4,6,70
09:27:36,75u,paymentservice-9bfb7bf5-pktv4,1,64
09:27:36,75u,paymentservice-9bfb7bf5-snj4k,8,117
09:27:36,75u,productcatalogservice-65bbf699df-8zzd2,126,42
09:27:36,75u,productcatalogservice-65bbf699df-qmltb,1,18
09:27:36,75u,productcatalogservice-65bbf699df-rh24h,71,21
09:27:36,75u,recommendationservice-7444754ff5-b7pgl,192,81
09:27:36,75u,recommendationservice-7444754ff5-hsxb8,2,51
09:27:36,75u,recommendationservice-7444754ff5-xm2x5,121,54
09:27:36,75u,redis-cart-c8ff86559-jrlvk,11,36
09:27:36,75u,shippingservice-f956b6d9f-2g46p,22,30
09:27:36,75u,shippingservice-f956b6d9f-4kzvq,4,15
09:27:36,75u,shippingservice-f956b6d9f-nmnfn,4,16
09:27:46,75u,adservice-574bff445c-grt9z,2,151
09:27:46,75u,adservice-574bff445c-h47zv,2,152
09:27:46,75u,adservice-574bff445c-wppcl,80,274
09:27:46,75u,cartservice-7c84fdfb6-hsn24,2,111
09:27:46,75u,cartservice-7c84fdfb6-s4cp2,139,166
09:27:46,75u,cartservice-7c84fdfb6-sf94w,10,135
09:27:46,75u,checkoutservice-5b6d96c9b7-cfmrc,9,34
09:27:46,75u,checkoutservice-5b6d96c9b7-h4wfv,13,19
09:27:46,75u,checkoutservice-5b6d96c9b7-jdqn7,13,20
09:27:46,75u,currencyservice-7c8fc8fc9c-dlzht,108,115
09:27:46,75u,currencyservice-7c8fc8fc9c-mvsgf,184,105
09:27:46,75u,currencyservice-7c8fc8fc9c-wqrfs,11,90
09:27:46,75u,emailservice-66944ff59-478c4,2,56
09:27:46,75u,emailservice-66944ff59-4fvm9,11,94
09:27:46,75u,emailservice-66944ff59-txwj8,8,58
09:27:46,75u,frontend-7bd6f45654-7bcq6,152,28
09:27:46,75u,frontend-7bd6f45654-7gwtd,141,45
09:27:46,75u,frontend-7bd6f45654-xm79g,171,29
09:27:46,75u,paymentservice-9bfb7bf5-46sq4,6,70
09:27:46,75u,paymentservice-9bfb7bf5-pktv4,1,64
09:27:46,75u,paymentservice-9bfb7bf5-snj4k,8,117
09:27:46,75u,productcatalogservice-65bbf699df-8zzd2,126,42
09:27:46,75u,productcatalogservice-65bbf699df-qmltb,1,18
09:27:46,75u,productcatalogservice-65bbf699df-rh24h,71,21
09:27:46,75u,recommendationservice-7444754ff5-b7pgl,192,81
09:27:46,75u,recommendationservice-7444754ff5-hsxb8,2,51
09:27:46,75u,recommendationservice-7444754ff5-xm2x5,121,54
09:27:46,75u,redis-cart-c8ff86559-jrlvk,11,36
09:27:46,75u,shippingservice-f956b6d9f-2g46p,22,30
09:27:46,75u,shippingservice-f956b6d9f-4kzvq,4,15
09:27:46,75u,shippingservice-f956b6d9f-nmnfn,4,16
09:27:56,75u,adservice-574bff445c-grt9z,2,151
09:27:56,75u,adservice-574bff445c-h47zv,2,152
09:27:56,75u,adservice-574bff445c-wppcl,85,274
09:27:56,75u,cartservice-7c84fdfb6-hsn24,1,111
09:27:56,75u,cartservice-7c84fdfb6-s4cp2,147,166
09:27:56,75u,cartservice-7c84fdfb6-sf94w,9,135
09:27:56,75u,checkoutservice-5b6d96c9b7-cfmrc,11,34
09:27:56,75u,checkoutservice-5b6d96c9b7-h4wfv,14,19
09:27:56,75u,checkoutservice-5b6d96c9b7-jdqn7,14,20
09:27:56,75u,currencyservice-7c8fc8fc9c-dlzht,120,115
09:27:56,75u,currencyservice-7c8fc8fc9c-mvsgf,194,105
09:27:56,75u,currencyservice-7c8fc8fc9c-wqrfs,11,90
09:27:56,75u,emailservice-66944ff59-478c4,2,56
09:27:56,75u,emailservice-66944ff59-4fvm9,11,94
09:27:56,75u,emailservice-66944ff59-txwj8,8,58
09:27:56,75u,frontend-7bd6f45654-7bcq6,162,28
09:27:56,75u,frontend-7bd6f45654-7gwtd,151,45
09:27:56,75u,frontend-7bd6f45654-xm79g,180,29
09:27:56,75u,paymentservice-9bfb7bf5-46sq4,6,71
09:27:56,75u,paymentservice-9bfb7bf5-pktv4,1,64
09:27:56,75u,paymentservice-9bfb7bf5-snj4k,9,117
09:27:56,75u,productcatalogservice-65bbf699df-8zzd2,132,42
09:27:56,75u,productcatalogservice-65bbf699df-qmltb,1,18
09:27:56,75u,productcatalogservice-65bbf699df-rh24h,77,21
09:27:56,75u,recommendationservice-7444754ff5-b7pgl,199,81
09:27:56,75u,recommendationservice-7444754ff5-hsxb8,2,51
09:27:56,75u,recommendationservice-7444754ff5-xm2x5,132,54
09:27:56,75u,redis-cart-c8ff86559-jrlvk,12,36
09:27:56,75u,shippingservice-f956b6d9f-2g46p,24,30
09:27:56,75u,shippingservice-f956b6d9f-4kzvq,4,15
09:27:56,75u,shippingservice-f956b6d9f-nmnfn,4,16
09:28:06,75u,adservice-574bff445c-grt9z,2,151
09:28:06,75u,adservice-574bff445c-h47zv,2,152
09:28:06,75u,adservice-574bff445c-wppcl,84,274
09:28:06,75u,cartservice-7c84fdfb6-hsn24,1,111
09:28:06,75u,cartservice-7c84fdfb6-s4cp2,153,166
09:28:06,75u,cartservice-7c84fdfb6-sf94w,9,135
09:28:06,75u,checkoutservice-5b6d96c9b7-cfmrc,13,34
09:28:06,75u,checkoutservice-5b6d96c9b7-h4wfv,16,19
09:28:06,75u,checkoutservice-5b6d96c9b7-jdqn7,12,20
09:28:06,75u,currencyservice-7c8fc8fc9c-dlzht,120,115
09:28:06,75u,currencyservice-7c8fc8fc9c-mvsgf,196,109
09:28:06,75u,currencyservice-7c8fc8fc9c-wqrfs,10,90
09:28:06,75u,emailservice-66944ff59-478c4,2,56
09:28:06,75u,emailservice-66944ff59-4fvm9,12,94
09:28:06,75u,emailservice-66944ff59-txwj8,8,58
09:28:06,75u,frontend-7bd6f45654-7bcq6,162,27
09:28:06,75u,frontend-7bd6f45654-7gwtd,153,45
09:28:06,75u,frontend-7bd6f45654-xm79g,186,29
09:28:06,75u,paymentservice-9bfb7bf5-46sq4,10,73
09:28:06,75u,paymentservice-9bfb7bf5-pktv4,1,64
09:28:06,75u,paymentservice-9bfb7bf5-snj4k,10,117
09:28:06,75u,productcatalogservice-65bbf699df-8zzd2,134,42
09:28:06,75u,productcatalogservice-65bbf699df-qmltb,1,18
09:28:06,75u,productcatalogservice-65bbf699df-rh24h,81,21
09:28:06,75u,recommendationservice-7444754ff5-b7pgl,201,81
09:28:06,75u,recommendationservice-7444754ff5-hsxb8,2,51
09:28:06,75u,recommendationservice-7444754ff5-xm2x5,135,54
09:28:06,75u,redis-cart-c8ff86559-jrlvk,12,36
09:28:06,75u,shippingservice-f956b6d9f-2g46p,25,30
09:28:06,75u,shippingservice-f956b6d9f-4kzvq,5,15
09:28:06,75u,shippingservice-f956b6d9f-nmnfn,4,16
09:28:17,75u,adservice-574bff445c-grt9z,2,151
09:28:17,75u,adservice-574bff445c-h47zv,2,152
09:28:17,75u,adservice-574bff445c-wppcl,84,274
09:28:17,75u,cartservice-7c84fdfb6-hsn24,1,111
09:28:17,75u,cartservice-7c84fdfb6-s4cp2,153,166
09:28:17,75u,cartservice-7c84fdfb6-sf94w,9,135
09:28:17,75u,checkoutservice-5b6d96c9b7-cfmrc,13,34
09:28:17,75u,checkoutservice-5b6d96c9b7-h4wfv,16,19
09:28:17,75u,checkoutservice-5b6d96c9b7-jdqn7,12,20
09:28:17,75u,currencyservice-7c8fc8fc9c-dlzht,120,115
09:28:17,75u,currencyservice-7c8fc8fc9c-mvsgf,196,109
09:28:17,75u,currencyservice-7c8fc8fc9c-wqrfs,10,90
09:28:17,75u,emailservice-66944ff59-478c4,2,56
09:28:17,75u,emailservice-66944ff59-4fvm9,12,94
09:28:17,75u,emailservice-66944ff59-txwj8,8,58
09:28:17,75u,frontend-7bd6f45654-7bcq6,162,27
09:28:17,75u,frontend-7bd6f45654-7gwtd,153,45
09:28:17,75u,frontend-7bd6f45654-xm79g,186,29
09:28:17,75u,paymentservice-9bfb7bf5-46sq4,10,73
09:28:17,75u,paymentservice-9bfb7bf5-pktv4,1,64
09:28:17,75u,paymentservice-9bfb7bf5-snj4k,10,117
09:28:17,75u,productcatalogservice-65bbf699df-8zzd2,134,42
09:28:17,75u,productcatalogservice-65bbf699df-qmltb,1,18
09:28:17,75u,productcatalogservice-65bbf699df-rh24h,81,21
09:28:17,75u,recommendationservice-7444754ff5-b7pgl,201,81
09:28:17,75u,recommendationservice-7444754ff5-hsxb8,2,51
09:28:17,75u,recommendationservice-7444754ff5-xm2x5,135,54
09:28:17,75u,redis-cart-c8ff86559-jrlvk,12,36
09:28:17,75u,shippingservice-f956b6d9f-2g46p,25,30
09:28:17,75u,shippingservice-f956b6d9f-4kzvq,5,15
09:28:17,75u,shippingservice-f956b6d9f-nmnfn,4,16
09:28:27,75u,adservice-574bff445c-grt9z,2,151
09:28:27,75u,adservice-574bff445c-h47zv,2,152
09:28:27,75u,adservice-574bff445c-wppcl,82,275
09:28:27,75u,cartservice-7c84fdfb6-hsn24,1,111
09:28:27,75u,cartservice-7c84fdfb6-s4cp2,145,166
09:28:27,75u,cartservice-7c84fdfb6-sf94w,9,135
09:28:27,75u,checkoutservice-5b6d96c9b7-cfmrc,10,34
09:28:27,75u,checkoutservice-5b6d96c9b7-h4wfv,13,19
09:28:27,75u,checkoutservice-5b6d96c9b7-jdqn7,13,20
09:28:27,75u,currencyservice-7c8fc8fc9c-dlzht,117,116
09:28:27,75u,currencyservice-7c8fc8fc9c-mvsgf,191,109
09:28:27,75u,currencyservice-7c8fc8fc9c-wqrfs,11,91
09:28:27,75u,emailservice-66944ff59-478c4,2,56
09:28:27,75u,emailservice-66944ff59-4fvm9,11,94
09:28:27,75u,emailservice-66944ff59-txwj8,8,58
09:28:27,75u,frontend-7bd6f45654-7bcq6,158,28
09:28:27,75u,frontend-7bd6f45654-7gwtd,151,45
09:28:27,75u,frontend-7bd6f45654-xm79g,179,29
09:28:27,75u,paymentservice-9bfb7bf5-46sq4,6,73
09:28:27,75u,paymentservice-9bfb7bf5-pktv4,1,64
09:28:27,75u,paymentservice-9bfb7bf5-snj4k,9,117
09:28:27,75u,productcatalogservice-65bbf699df-8zzd2,131,42
09:28:27,75u,productcatalogservice-65bbf699df-qmltb,1,18
09:28:27,75u,productcatalogservice-65bbf699df-rh24h,76,21
09:28:27,75u,recommendationservice-7444754ff5-b7pgl,196,81
09:28:27,75u,recommendationservice-7444754ff5-hsxb8,2,51
09:28:27,75u,recommendationservice-7444754ff5-xm2x5,130,54
09:28:27,75u,redis-cart-c8ff86559-jrlvk,11,36
09:28:27,75u,shippingservice-f956b6d9f-2g46p,23,30
09:28:27,75u,shippingservice-f956b6d9f-4kzvq,4,15
09:28:27,75u,shippingservice-f956b6d9f-nmnfn,4,16
09:28:37,75u,adservice-574bff445c-grt9z,2,151
09:28:37,75u,adservice-574bff445c-h47zv,2,152
09:28:37,75u,adservice-574bff445c-wppcl,92,275
09:28:37,75u,cartservice-7c84fdfb6-hsn24,1,111
09:28:37,75u,cartservice-7c84fdfb6-s4cp2,152,167
09:28:37,75u,cartservice-7c84fdfb6-sf94w,10,135
09:28:37,75u,checkoutservice-5b6d96c9b7-cfmrc,10,34
09:28:37,75u,checkoutservice-5b6d96c9b7-h4wfv,12,19
09:28:37,75u,checkoutservice-5b6d96c9b7-jdqn7,12,20
09:28:37,75u,currencyservice-7c8fc8fc9c-dlzht,118,115
09:28:37,75u,currencyservice-7c8fc8fc9c-mvsgf,200,109
09:28:37,75u,currencyservice-7c8fc8fc9c-wqrfs,11,91
09:28:37,75u,emailservice-66944ff59-478c4,2,56
09:28:37,75u,emailservice-66944ff59-4fvm9,11,94
09:28:37,75u,emailservice-66944ff59-txwj8,7,58
09:28:37,75u,frontend-7bd6f45654-7bcq6,167,28
09:28:37,75u,frontend-7bd6f45654-7gwtd,153,45
09:28:37,75u,frontend-7bd6f45654-xm79g,189,30
09:28:37,75u,paymentservice-9bfb7bf5-46sq4,5,73
09:28:37,75u,paymentservice-9bfb7bf5-pktv4,1,64
09:28:37,75u,paymentservice-9bfb7bf5-snj4k,8,117
09:28:37,75u,productcatalogservice-65bbf699df-8zzd2,137,42
09:28:37,75u,productcatalogservice-65bbf699df-qmltb,1,18
09:28:37,75u,productcatalogservice-65bbf699df-rh24h,81,21
09:28:37,75u,recommendationservice-7444754ff5-b7pgl,202,81
09:28:37,75u,recommendationservice-7444754ff5-hsxb8,2,51
09:28:37,75u,recommendationservice-7444754ff5-xm2x5,133,54
09:28:37,75u,redis-cart-c8ff86559-jrlvk,12,36
09:28:37,75u,shippingservice-f956b6d9f-2g46p,24,30
09:28:37,75u,shippingservice-f956b6d9f-4kzvq,4,15
09:28:37,75u,shippingservice-f956b6d9f-nmnfn,4,16
09:28:47,75u,adservice-574bff445c-grt9z,2,151
09:28:47,75u,adservice-574bff445c-h47zv,2,152
09:28:47,75u,adservice-574bff445c-wppcl,92,275
09:28:47,75u,cartservice-7c84fdfb6-hsn24,1,111
09:28:47,75u,cartservice-7c84fdfb6-s4cp2,152,167
09:28:47,75u,cartservice-7c84fdfb6-sf94w,10,135
09:28:47,75u,checkoutservice-5b6d96c9b7-cfmrc,10,34
09:28:47,75u,checkoutservice-5b6d96c9b7-h4wfv,12,19
09:28:47,75u,checkoutservice-5b6d96c9b7-jdqn7,12,20
09:28:47,75u,currencyservice-7c8fc8fc9c-dlzht,118,115
09:28:47,75u,currencyservice-7c8fc8fc9c-mvsgf,200,109
09:28:47,75u,currencyservice-7c8fc8fc9c-wqrfs,11,91
09:28:47,75u,emailservice-66944ff59-478c4,2,56
09:28:47,75u,emailservice-66944ff59-4fvm9,11,94
09:28:47,75u,emailservice-66944ff59-txwj8,7,58
09:28:47,75u,frontend-7bd6f45654-7bcq6,167,28
09:28:47,75u,frontend-7bd6f45654-7gwtd,153,45
09:28:47,75u,frontend-7bd6f45654-xm79g,189,30
09:28:47,75u,paymentservice-9bfb7bf5-46sq4,5,73
09:28:47,75u,paymentservice-9bfb7bf5-pktv4,1,64
09:28:47,75u,paymentservice-9bfb7bf5-snj4k,8,117
09:28:47,75u,productcatalogservice-65bbf699df-8zzd2,137,42
09:28:47,75u,productcatalogservice-65bbf699df-qmltb,1,18
09:28:47,75u,productcatalogservice-65bbf699df-rh24h,81,21
09:28:47,75u,recommendationservice-7444754ff5-b7pgl,202,81
09:28:47,75u,recommendationservice-7444754ff5-hsxb8,2,51
09:28:47,75u,recommendationservice-7444754ff5-xm2x5,133,54
09:28:47,75u,redis-cart-c8ff86559-jrlvk,12,36
09:28:47,75u,shippingservice-f956b6d9f-2g46p,24,30
09:28:47,75u,shippingservice-f956b6d9f-4kzvq,4,15
09:28:47,75u,shippingservice-f956b6d9f-nmnfn,4,16
09:28:57,75u,adservice-574bff445c-grt9z,3,152
09:28:57,75u,adservice-574bff445c-h47zv,3,152
09:28:57,75u,adservice-574bff445c-wppcl,65,275
09:28:57,75u,cartservice-7c84fdfb6-hsn24,4,111
09:28:57,75u,cartservice-7c84fdfb6-s4cp2,125,166
09:28:57,75u,cartservice-7c84fdfb6-sf94w,7,135
09:28:57,75u,checkoutservice-5b6d96c9b7-cfmrc,8,34
09:28:57,75u,checkoutservice-5b6d96c9b7-h4wfv,11,19
09:28:57,75u,checkoutservice-5b6d96c9b7-jdqn7,8,20
09:28:57,75u,currencyservice-7c8fc8fc9c-dlzht,88,115
09:28:57,75u,currencyservice-7c8fc8fc9c-mvsgf,154,109
09:28:57,75u,currencyservice-7c8fc8fc9c-wqrfs,8,91
09:28:57,75u,emailservice-66944ff59-478c4,4,56
09:28:57,75u,emailservice-66944ff59-4fvm9,9,94
09:28:57,75u,emailservice-66944ff59-txwj8,8,58
09:28:57,75u,frontend-7bd6f45654-7bcq6,128,28
09:28:57,75u,frontend-7bd6f45654-7gwtd,116,45
09:28:57,75u,frontend-7bd6f45654-xm79g,143,29
09:28:57,75u,paymentservice-9bfb7bf5-46sq4,7,73
09:28:57,75u,paymentservice-9bfb7bf5-pktv4,4,64
09:28:57,75u,paymentservice-9bfb7bf5-snj4k,8,117
09:28:57,75u,productcatalogservice-65bbf699df-8zzd2,106,42
09:28:57,75u,productcatalogservice-65bbf699df-qmltb,1,18
09:28:57,75u,productcatalogservice-65bbf699df-rh24h,60,21
09:28:57,75u,recommendationservice-7444754ff5-b7pgl,157,80
09:28:57,75u,recommendationservice-7444754ff5-hsxb8,5,51
09:28:57,75u,recommendationservice-7444754ff5-xm2x5,98,54
09:28:57,75u,redis-cart-c8ff86559-jrlvk,10,36
09:28:57,75u,shippingservice-f956b6d9f-2g46p,18,30
09:28:57,75u,shippingservice-f956b6d9f-4kzvq,3,15
09:28:57,75u,shippingservice-f956b6d9f-nmnfn,3,16
09:29:07,75u,adservice-574bff445c-grt9z,3,152
09:29:07,75u,adservice-574bff445c-h47zv,3,152
09:29:07,75u,adservice-574bff445c-wppcl,2,275
09:29:07,75u,cartservice-7c84fdfb6-hsn24,1,111
09:29:07,75u,cartservice-7c84fdfb6-s4cp2,2,166
09:29:07,75u,cartservice-7c84fdfb6-sf94w,2,135
09:29:07,75u,checkoutservice-5b6d96c9b7-cfmrc,1,34
09:29:07,75u,checkoutservice-5b6d96c9b7-h4wfv,1,19
09:29:07,75u,checkoutservice-5b6d96c9b7-jdqn7,1,20
09:29:07,75u,currencyservice-7c8fc8fc9c-dlzht,1,115
09:29:07,75u,currencyservice-7c8fc8fc9c-mvsgf,1,109
09:29:07,75u,currencyservice-7c8fc8fc9c-wqrfs,2,91
09:29:07,75u,emailservice-66944ff59-478c4,3,56
09:29:07,75u,emailservice-66944ff59-4fvm9,4,94
09:29:07,75u,emailservice-66944ff59-txwj8,3,58
09:29:07,75u,frontend-7bd6f45654-7bcq6,1,28
09:29:07,75u,frontend-7bd6f45654-7gwtd,1,45
09:29:07,75u,frontend-7bd6f45654-xm79g,1,29
09:29:07,75u,paymentservice-9bfb7bf5-46sq4,2,73
09:29:07,75u,paymentservice-9bfb7bf5-pktv4,1,64
09:29:07,75u,paymentservice-9bfb7bf5-snj4k,1,117
09:29:07,75u,productcatalogservice-65bbf699df-8zzd2,1,42
09:29:07,75u,productcatalogservice-65bbf699df-qmltb,1,18
09:29:07,75u,productcatalogservice-65bbf699df-rh24h,1,21
09:29:07,75u,recommendationservice-7444754ff5-b7pgl,3,80
09:29:07,75u,recommendationservice-7444754ff5-hsxb8,3,51
09:29:07,75u,recommendationservice-7444754ff5-xm2x5,3,54
09:29:07,75u,redis-cart-c8ff86559-jrlvk,3,36
09:29:07,75u,shippingservice-f956b6d9f-2g46p,1,30
09:29:07,75u,shippingservice-f956b6d9f-4kzvq,1,15
09:29:07,75u,shippingservice-f956b6d9f-nmnfn,1,16
09:29:17,75u,adservice-574bff445c-grt9z,3,152
09:29:17,75u,adservice-574bff445c-h47zv,3,152
09:29:17,75u,adservice-574bff445c-wppcl,2,275
09:29:17,75u,cartservice-7c84fdfb6-hsn24,1,111
09:29:17,75u,cartservice-7c84fdfb6-s4cp2,2,166
09:29:17,75u,cartservice-7c84fdfb6-sf94w,2,135
09:29:17,75u,checkoutservice-5b6d96c9b7-cfmrc,1,34
09:29:17,75u,checkoutservice-5b6d96c9b7-h4wfv,1,19
09:29:17,75u,checkoutservice-5b6d96c9b7-jdqn7,1,20
09:29:17,75u,currencyservice-7c8fc8fc9c-dlzht,1,115
09:29:17,75u,currencyservice-7c8fc8fc9c-mvsgf,1,109
09:29:17,75u,currencyservice-7c8fc8fc9c-wqrfs,2,91
09:29:17,75u,emailservice-66944ff59-478c4,3,56
09:29:17,75u,emailservice-66944ff59-4fvm9,4,94
09:29:17,75u,emailservice-66944ff59-txwj8,3,58
09:29:17,75u,frontend-7bd6f45654-7bcq6,1,28
09:29:17,75u,frontend-7bd6f45654-7gwtd,1,45
09:29:17,75u,frontend-7bd6f45654-xm79g,1,29
09:29:17,75u,paymentservice-9bfb7bf5-46sq4,2,73
09:29:17,75u,paymentservice-9bfb7bf5-pktv4,1,64
09:29:17,75u,paymentservice-9bfb7bf5-snj4k,1,117
09:29:17,75u,productcatalogservice-65bbf699df-8zzd2,1,42
09:29:17,75u,productcatalogservice-65bbf699df-qmltb,1,18
09:29:17,75u,productcatalogservice-65bbf699df-rh24h,1,21
09:29:17,75u,recommendationservice-7444754ff5-b7pgl,3,80
09:29:17,75u,recommendationservice-7444754ff5-hsxb8,3,51
09:29:17,75u,recommendationservice-7444754ff5-xm2x5,3,54
09:29:17,75u,redis-cart-c8ff86559-jrlvk,3,36
09:29:17,75u,shippingservice-f956b6d9f-2g46p,1,30
09:29:17,75u,shippingservice-f956b6d9f-4kzvq,1,15
09:29:17,75u,shippingservice-f956b6d9f-nmnfn,1,16
09:29:28,75u,adservice-574bff445c-grt9z,2,152
09:29:28,75u,adservice-574bff445c-h47zv,3,153
09:29:28,75u,adservice-574bff445c-wppcl,1,275
09:29:28,75u,cartservice-7c84fdfb6-hsn24,2,111
09:29:28,75u,cartservice-7c84fdfb6-s4cp2,2,166
09:29:28,75u,cartservice-7c84fdfb6-sf94w,3,135
09:29:28,75u,checkoutservice-5b6d96c9b7-cfmrc,1,34
09:29:28,75u,checkoutservice-5b6d96c9b7-h4wfv,1,19
09:29:28,75u,checkoutservice-5b6d96c9b7-jdqn7,1,20
09:29:28,75u,currencyservice-7c8fc8fc9c-dlzht,1,115
09:29:28,75u,currencyservice-7c8fc8fc9c-mvsgf,1,109
09:29:28,75u,currencyservice-7c8fc8fc9c-wqrfs,1,91
09:29:28,75u,emailservice-66944ff59-478c4,3,56
09:29:28,75u,emailservice-66944ff59-4fvm9,3,94
09:29:28,75u,emailservice-66944ff59-txwj8,3,58
09:29:28,75u,frontend-7bd6f45654-7bcq6,1,28
09:29:28,75u,frontend-7bd6f45654-7gwtd,1,45
09:29:28,75u,frontend-7bd6f45654-xm79g,1,29
09:29:28,75u,paymentservice-9bfb7bf5-46sq4,1,73
09:29:28,75u,paymentservice-9bfb7bf5-pktv4,1,64
09:29:28,75u,paymentservice-9bfb7bf5-snj4k,1,117
09:29:28,75u,productcatalogservice-65bbf699df-8zzd2,1,42
09:29:28,75u,productcatalogservice-65bbf699df-qmltb,1,18
09:29:28,75u,productcatalogservice-65bbf699df-rh24h,1,21
09:29:28,75u,recommendationservice-7444754ff5-b7pgl,3,80
09:29:28,75u,recommendationservice-7444754ff5-hsxb8,3,51
09:29:28,75u,recommendationservice-7444754ff5-xm2x5,3,54
09:29:28,75u,redis-cart-c8ff86559-jrlvk,3,36
09:29:28,75u,shippingservice-f956b6d9f-2g46p,1,30
09:29:28,75u,shippingservice-f956b6d9f-4kzvq,1,15
09:29:28,75u,shippingservice-f956b6d9f-nmnfn,1,16
09:29:38,75u,adservice-574bff445c-grt9z,3,152
09:29:38,75u,adservice-574bff445c-h47zv,4,153
09:29:38,75u,adservice-574bff445c-wppcl,1,274
09:29:38,75u,cartservice-7c84fdfb6-hsn24,2,111
09:29:38,75u,cartservice-7c84fdfb6-s4cp2,2,166
09:29:38,75u,cartservice-7c84fdfb6-sf94w,2,135
09:29:38,75u,checkoutservice-5b6d96c9b7-cfmrc,1,34
09:29:38,75u,checkoutservice-5b6d96c9b7-h4wfv,1,19
09:29:38,75u,checkoutservice-5b6d96c9b7-jdqn7,1,20
09:29:38,75u,currencyservice-7c8fc8fc9c-dlzht,1,115
09:29:38,75u,currencyservice-7c8fc8fc9c-mvsgf,1,109
09:29:38,75u,currencyservice-7c8fc8fc9c-wqrfs,1,91
09:29:38,75u,emailservice-66944ff59-478c4,3,56
09:29:38,75u,emailservice-66944ff59-4fvm9,3,94
09:29:38,75u,emailservice-66944ff59-txwj8,3,58
09:29:38,75u,frontend-7bd6f45654-7bcq6,1,28
09:29:38,75u,frontend-7bd6f45654-7gwtd,1,45
09:29:38,75u,frontend-7bd6f45654-xm79g,1,29
09:29:38,75u,paymentservice-9bfb7bf5-46sq4,1,73
09:29:38,75u,paymentservice-9bfb7bf5-pktv4,1,64
09:29:38,75u,paymentservice-9bfb7bf5-snj4k,1,118
09:29:38,75u,productcatalogservice-65bbf699df-8zzd2,1,42
09:29:38,75u,productcatalogservice-65bbf699df-qmltb,1,18
09:29:38,75u,productcatalogservice-65bbf699df-rh24h,1,21
09:29:38,75u,recommendationservice-7444754ff5-b7pgl,3,80
09:29:38,75u,recommendationservice-7444754ff5-hsxb8,4,51
09:29:38,75u,recommendationservice-7444754ff5-xm2x5,4,54
09:29:38,75u,redis-cart-c8ff86559-jrlvk,3,36
09:29:38,75u,shippingservice-f956b6d9f-2g46p,1,30
09:29:38,75u,shippingservice-f956b6d9f-4kzvq,1,15
09:29:38,75u,shippingservice-f956b6d9f-nmnfn,1,16
09:29:48,100u,adservice-574bff445c-grt9z,3,152
09:29:48,100u,adservice-574bff445c-h47zv,4,153
09:29:48,100u,adservice-574bff445c-wppcl,1,274
09:29:48,100u,cartservice-7c84fdfb6-hsn24,2,111
09:29:48,100u,cartservice-7c84fdfb6-s4cp2,2,166
09:29:48,100u,cartservice-7c84fdfb6-sf94w,2,135
09:29:48,100u,checkoutservice-5b6d96c9b7-cfmrc,1,34
09:29:48,100u,checkoutservice-5b6d96c9b7-h4wfv,1,19
09:29:48,100u,checkoutservice-5b6d96c9b7-jdqn7,1,20
09:29:48,100u,currencyservice-7c8fc8fc9c-dlzht,1,115
09:29:48,100u,currencyservice-7c8fc8fc9c-mvsgf,1,109
09:29:48,100u,currencyservice-7c8fc8fc9c-wqrfs,1,91
09:29:48,100u,emailservice-66944ff59-478c4,3,56
09:29:48,100u,emailservice-66944ff59-4fvm9,3,94
09:29:48,100u,emailservice-66944ff59-txwj8,3,58
09:29:48,100u,frontend-7bd6f45654-7bcq6,1,28
09:29:48,100u,frontend-7bd6f45654-7gwtd,1,45
09:29:48,100u,frontend-7bd6f45654-xm79g,1,29
09:29:48,100u,paymentservice-9bfb7bf5-46sq4,1,73
09:29:48,100u,paymentservice-9bfb7bf5-pktv4,1,64
09:29:48,100u,paymentservice-9bfb7bf5-snj4k,1,118
09:29:48,100u,productcatalogservice-65bbf699df-8zzd2,1,42
09:29:48,100u,productcatalogservice-65bbf699df-qmltb,1,18
09:29:48,100u,productcatalogservice-65bbf699df-rh24h,1,21
09:29:48,100u,recommendationservice-7444754ff5-b7pgl,3,80
09:29:48,100u,recommendationservice-7444754ff5-hsxb8,4,51
09:29:48,100u,recommendationservice-7444754ff5-xm2x5,4,54
09:29:48,100u,redis-cart-c8ff86559-jrlvk,3,36
09:29:48,100u,shippingservice-f956b6d9f-2g46p,1,30
09:29:48,100u,shippingservice-f956b6d9f-4kzvq,1,15
09:29:48,100u,shippingservice-f956b6d9f-nmnfn,1,16
09:29:58,100u,adservice-574bff445c-grt9z,7,153
09:29:58,100u,adservice-574bff445c-h47zv,5,155
09:29:58,100u,adservice-574bff445c-wppcl,2,274
09:29:58,100u,cartservice-7c84fdfb6-hsn24,2,112
09:29:58,100u,cartservice-7c84fdfb6-s4cp2,4,166
09:29:58,100u,cartservice-7c84fdfb6-sf94w,2,135
09:29:58,100u,checkoutservice-5b6d96c9b7-cfmrc,1,34
09:29:58,100u,checkoutservice-5b6d96c9b7-h4wfv,1,19
09:29:58,100u,checkoutservice-5b6d96c9b7-jdqn7,1,21
09:29:58,100u,currencyservice-7c8fc8fc9c-dlzht,1,115
09:29:58,100u,currencyservice-7c8fc8fc9c-mvsgf,5,109
09:29:58,100u,currencyservice-7c8fc8fc9c-wqrfs,1,91
09:29:58,100u,emailservice-66944ff59-478c4,3,56
09:29:58,100u,emailservice-66944ff59-4fvm9,3,94
09:29:58,100u,emailservice-66944ff59-txwj8,3,58
09:29:58,100u,frontend-7bd6f45654-7bcq6,5,27
09:29:58,100u,frontend-7bd6f45654-7gwtd,1,45
09:29:58,100u,frontend-7bd6f45654-xm79g,3,29
09:29:58,100u,paymentservice-9bfb7bf5-46sq4,1,73
09:29:58,100u,paymentservice-9bfb7bf5-pktv4,5,65
09:29:58,100u,paymentservice-9bfb7bf5-snj4k,1,118
09:29:58,100u,productcatalogservice-65bbf699df-8zzd2,3,42
09:29:58,100u,productcatalogservice-65bbf699df-qmltb,1,18
09:29:58,100u,productcatalogservice-65bbf699df-rh24h,2,21
09:29:58,100u,recommendationservice-7444754ff5-b7pgl,6,80
09:29:58,100u,recommendationservice-7444754ff5-hsxb8,3,51
09:29:58,100u,recommendationservice-7444754ff5-xm2x5,5,54
09:29:58,100u,redis-cart-c8ff86559-jrlvk,4,36
09:29:58,100u,shippingservice-f956b6d9f-2g46p,1,30
09:29:58,100u,shippingservice-f956b6d9f-4kzvq,1,15
09:29:58,100u,shippingservice-f956b6d9f-nmnfn,1,16
09:30:08,100u,adservice-574bff445c-grt9z,5,155
09:30:08,100u,adservice-574bff445c-h47zv,4,156
09:30:08,100u,adservice-574bff445c-wppcl,38,274
09:30:08,100u,cartservice-7c84fdfb6-hsn24,1,112
09:30:08,100u,cartservice-7c84fdfb6-s4cp2,97,167
09:30:08,100u,cartservice-7c84fdfb6-sf94w,4,135
09:30:08,100u,checkoutservice-5b6d96c9b7-cfmrc,7,34
09:30:08,100u,checkoutservice-5b6d96c9b7-h4wfv,8,19
09:30:08,100u,checkoutservice-5b6d96c9b7-jdqn7,5,21
09:30:08,100u,currencyservice-7c8fc8fc9c-dlzht,69,116
09:30:08,100u,currencyservice-7c8fc8fc9c-mvsgf,105,109
09:30:08,100u,currencyservice-7c8fc8fc9c-wqrfs,4,91
09:30:08,100u,emailservice-66944ff59-478c4,3,56
09:30:08,100u,emailservice-66944ff59-4fvm9,7,94
09:30:08,100u,emailservice-66944ff59-txwj8,6,58
09:30:08,100u,frontend-7bd6f45654-7bcq6,66,27
09:30:08,100u,frontend-7bd6f45654-7gwtd,94,44
09:30:08,100u,frontend-7bd6f45654-xm79g,97,29
09:30:08,100u,paymentservice-9bfb7bf5-46sq4,3,73
09:30:08,100u,paymentservice-9bfb7bf5-pktv4,6,66
09:30:08,100u,paymentservice-9bfb7bf5-snj4k,6,118
09:30:08,100u,productcatalogservice-65bbf699df-8zzd2,72,42
09:30:08,100u,productcatalogservice-65bbf699df-qmltb,1,18
09:30:08,100u,productcatalogservice-65bbf699df-rh24h,41,21
09:30:08,100u,recommendationservice-7444754ff5-b7pgl,98,80
09:30:08,100u,recommendationservice-7444754ff5-hsxb8,2,51
09:30:08,100u,recommendationservice-7444754ff5-xm2x5,66,54
09:30:08,100u,redis-cart-c8ff86559-jrlvk,7,36
09:30:08,100u,shippingservice-f956b6d9f-2g46p,14,30
09:30:08,100u,shippingservice-f956b6d9f-4kzvq,3,15
09:30:08,100u,shippingservice-f956b6d9f-nmnfn,2,16
09:30:18,100u,adservice-574bff445c-grt9z,5,155
09:30:18,100u,adservice-574bff445c-h47zv,4,156
09:30:18,100u,adservice-574bff445c-wppcl,38,274
09:30:18,100u,cartservice-7c84fdfb6-hsn24,1,112
09:30:18,100u,cartservice-7c84fdfb6-s4cp2,97,167
09:30:18,100u,cartservice-7c84fdfb6-sf94w,4,135
09:30:18,100u,checkoutservice-5b6d96c9b7-cfmrc,7,34
09:30:18,100u,checkoutservice-5b6d96c9b7-h4wfv,8,19
09:30:18,100u,checkoutservice-5b6d96c9b7-jdqn7,5,21
09:30:18,100u,currencyservice-7c8fc8fc9c-dlzht,69,116
09:30:18,100u,currencyservice-7c8fc8fc9c-mvsgf,105,109
09:30:18,100u,currencyservice-7c8fc8fc9c-wqrfs,4,91
09:30:18,100u,emailservice-66944ff59-478c4,3,56
09:30:18,100u,emailservice-66944ff59-4fvm9,7,94
09:30:18,100u,emailservice-66944ff59-txwj8,6,58
09:30:18,100u,frontend-7bd6f45654-7bcq6,66,27
09:30:18,100u,frontend-7bd6f45654-7gwtd,94,44
09:30:18,100u,frontend-7bd6f45654-xm79g,97,29
09:30:18,100u,paymentservice-9bfb7bf5-46sq4,3,73
09:30:18,100u,paymentservice-9bfb7bf5-pktv4,6,66
09:30:18,100u,paymentservice-9bfb7bf5-snj4k,6,118
09:30:18,100u,productcatalogservice-65bbf699df-8zzd2,72,42
09:30:18,100u,productcatalogservice-65bbf699df-qmltb,1,18
09:30:18,100u,productcatalogservice-65bbf699df-rh24h,41,21
09:30:18,100u,recommendationservice-7444754ff5-b7pgl,98,80
09:30:18,100u,recommendationservice-7444754ff5-hsxb8,2,51
09:30:18,100u,recommendationservice-7444754ff5-xm2x5,66,54
09:30:18,100u,redis-cart-c8ff86559-jrlvk,7,36
09:30:18,100u,shippingservice-f956b6d9f-2g46p,14,30
09:30:18,100u,shippingservice-f956b6d9f-4kzvq,3,15
09:30:18,100u,shippingservice-f956b6d9f-nmnfn,2,16
09:30:29,100u,adservice-574bff445c-grt9z,2,155
09:30:29,100u,adservice-574bff445c-h47zv,2,156
09:30:29,100u,adservice-574bff445c-wppcl,69,274
09:30:29,100u,cartservice-7c84fdfb6-hsn24,1,111
09:30:29,100u,cartservice-7c84fdfb6-s4cp2,138,167
09:30:29,100u,cartservice-7c84fdfb6-sf94w,8,134
09:30:29,100u,checkoutservice-5b6d96c9b7-cfmrc,9,34
09:30:29,100u,checkoutservice-5b6d96c9b7-h4wfv,14,19
09:30:29,100u,checkoutservice-5b6d96c9b7-jdqn7,11,22
09:30:29,100u,currencyservice-7c8fc8fc9c-dlzht,107,117
09:30:29,100u,currencyservice-7c8fc8fc9c-mvsgf,174,112
09:30:29,100u,currencyservice-7c8fc8fc9c-wqrfs,9,91
09:30:29,100u,emailservice-66944ff59-478c4,2,56
09:30:29,100u,emailservice-66944ff59-4fvm9,11,94
09:30:29,100u,emailservice-66944ff59-txwj8,8,58
09:30:29,100u,frontend-7bd6f45654-7bcq6,140,27
09:30:29,100u,frontend-7bd6f45654-7gwtd,139,44
09:30:29,100u,frontend-7bd6f45654-xm79g,159,29
09:30:29,100u,paymentservice-9bfb7bf5-46sq4,9,76
09:30:29,100u,paymentservice-9bfb7bf5-pktv4,1,66
09:30:29,100u,paymentservice-9bfb7bf5-snj4k,9,118
09:30:29,100u,productcatalogservice-65bbf699df-8zzd2,119,42
09:30:29,100u,productcatalogservice-65bbf699df-qmltb,1,18
09:30:29,100u,productcatalogservice-65bbf699df-rh24h,66,21
09:30:29,100u,recommendationservice-7444754ff5-b7pgl,180,80
09:30:29,100u,recommendationservice-7444754ff5-hsxb8,2,51
09:30:29,100u,recommendationservice-7444754ff5-xm2x5,111,54
09:30:29,100u,redis-cart-c8ff86559-jrlvk,11,36
09:30:29,100u,shippingservice-f956b6d9f-2g46p,22,30
09:30:29,100u,shippingservice-f956b6d9f-4kzvq,4,15
09:30:29,100u,shippingservice-f956b6d9f-nmnfn,4,16
09:30:39,100u,adservice-574bff445c-grt9z,1,155
09:30:39,100u,adservice-574bff445c-h47zv,1,156
09:30:39,100u,adservice-574bff445c-wppcl,37,274
09:30:39,100u,cartservice-7c84fdfb6-hsn24,1,111
09:30:39,100u,cartservice-7c84fdfb6-s4cp2,93,167
09:30:39,100u,cartservice-7c84fdfb6-sf94w,5,134
09:30:39,100u,checkoutservice-5b6d96c9b7-cfmrc,7,34
09:30:39,100u,checkoutservice-5b6d96c9b7-h4wfv,7,19
09:30:39,100u,checkoutservice-5b6d96c9b7-jdqn7,5,22
09:30:39,100u,currencyservice-7c8fc8fc9c-dlzht,67,117
09:30:39,100u,currencyservice-7c8fc8fc9c-mvsgf,105,112
09:30:39,100u,currencyservice-7c8fc8fc9c-wqrfs,5,91
09:30:39,100u,emailservice-66944ff59-478c4,3,56
09:30:39,100u,emailservice-66944ff59-4fvm9,7,94
09:30:39,100u,emailservice-66944ff59-txwj8,5,58
09:30:39,100u,frontend-7bd6f45654-7bcq6,67,27
09:30:39,100u,frontend-7bd6f45654-7gwtd,89,44
09:30:39,100u,frontend-7bd6f45654-xm79g,90,29
09:30:39,100u,paymentservice-9bfb7bf5-46sq4,3,76
09:30:39,100u,paymentservice-9bfb7bf5-pktv4,1,66
09:30:39,100u,paymentservice-9bfb7bf5-snj4k,6,118
09:30:39,100u,productcatalogservice-65bbf699df-8zzd2,70,42
09:30:39,100u,productcatalogservice-65bbf699df-qmltb,1,18
09:30:39,100u,productcatalogservice-65bbf699df-rh24h,38,21
09:30:39,100u,recommendationservice-7444754ff5-b7pgl,96,80
09:30:39,100u,recommendationservice-7444754ff5-hsxb8,3,51
09:30:39,100u,recommendationservice-7444754ff5-xm2x5,58,54
09:30:39,100u,redis-cart-c8ff86559-jrlvk,7,36
09:30:39,100u,shippingservice-f956b6d9f-2g46p,13,30
09:30:39,100u,shippingservice-f956b6d9f-4kzvq,3,15
09:30:39,100u,shippingservice-f956b6d9f-nmnfn,2,16
09:30:49,100u,adservice-574bff445c-grt9z,2,155
09:30:49,100u,adservice-574bff445c-h47zv,2,156
09:30:49,100u,adservice-574bff445c-wppcl,78,275
09:30:49,100u,cartservice-7c84fdfb6-hsn24,1,111
09:30:49,100u,cartservice-7c84fdfb6-s4cp2,157,167
09:30:49,100u,cartservice-7c84fdfb6-sf94w,9,134
09:30:49,100u,checkoutservice-5b6d96c9b7-cfmrc,10,34
09:30:49,100u,checkoutservice-5b6d96c9b7-h4wfv,17,19
09:30:49,100u,checkoutservice-5b6d96c9b7-jdqn7,12,22
09:30:49,100u,currencyservice-7c8fc8fc9c-dlzht,131,118
09:30:49,100u,currencyservice-7c8fc8fc9c-mvsgf,181,113
09:30:49,100u,currencyservice-7c8fc8fc9c-wqrfs,10,92
09:30:49,100u,emailservice-66944ff59-478c4,2,56
09:30:49,100u,emailservice-66944ff59-4fvm9,11,94
09:30:49,100u,emailservice-66944ff59-txwj8,9,58
09:30:49,100u,frontend-7bd6f45654-7bcq6,130,27
09:30:49,100u,frontend-7bd6f45654-7gwtd,170,45
09:30:49,100u,frontend-7bd6f45654-xm79g,176,29
09:30:49,100u,paymentservice-9bfb7bf5-46sq4,4,76
09:30:49,100u,paymentservice-9bfb7bf5-pktv4,1,66
09:30:49,100u,paymentservice-9bfb7bf5-snj4k,10,118
09:30:49,100u,productcatalogservice-65bbf699df-8zzd2,131,42
09:30:49,100u,productcatalogservice-65bbf699df-qmltb,1,18
09:30:49,100u,productcatalogservice-65bbf699df-rh24h,76,21
09:30:49,100u,recommendationservice-7444754ff5-b7pgl,186,81
09:30:49,100u,recommendationservice-7444754ff5-hsxb8,2,51
09:30:49,100u,recommendationservice-7444754ff5-xm2x5,134,54
09:30:49,100u,redis-cart-c8ff86559-jrlvk,12,36
09:30:49,100u,shippingservice-f956b6d9f-2g46p,24,30
09:30:49,100u,shippingservice-f956b6d9f-4kzvq,5,15
09:30:49,100u,shippingservice-f956b6d9f-nmnfn,3,16
09:30:59,100u,adservice-574bff445c-grt9z,2,155
09:30:59,100u,adservice-574bff445c-h47zv,2,156
09:30:59,100u,adservice-574bff445c-wppcl,78,275
09:30:59,100u,cartservice-7c84fdfb6-hsn24,1,111
09:30:59,100u,cartservice-7c84fdfb6-s4cp2,157,167
09:30:59,100u,cartservice-7c84fdfb6-sf94w,9,134
09:30:59,100u,checkoutservice-5b6d96c9b7-cfmrc,10,34
09:30:59,100u,checkoutservice-5b6d96c9b7-h4wfv,17,19
09:30:59,100u,checkoutservice-5b6d96c9b7-jdqn7,12,22
09:30:59,100u,currencyservice-7c8fc8fc9c-dlzht,131,118
09:30:59,100u,currencyservice-7c8fc8fc9c-mvsgf,181,113
09:30:59,100u,currencyservice-7c8fc8fc9c-wqrfs,10,92
09:30:59,100u,emailservice-66944ff59-478c4,2,56
09:30:59,100u,emailservice-66944ff59-4fvm9,11,94
09:30:59,100u,emailservice-66944ff59-txwj8,9,58
09:30:59,100u,frontend-7bd6f45654-7bcq6,130,27
09:30:59,100u,frontend-7bd6f45654-7gwtd,170,45
09:30:59,100u,frontend-7bd6f45654-xm79g,176,29
09:30:59,100u,paymentservice-9bfb7bf5-46sq4,4,76
09:30:59,100u,paymentservice-9bfb7bf5-pktv4,1,66
09:30:59,100u,paymentservice-9bfb7bf5-snj4k,10,118
09:30:59,100u,productcatalogservice-65bbf699df-8zzd2,131,42
09:30:59,100u,productcatalogservice-65bbf699df-qmltb,1,18
09:30:59,100u,productcatalogservice-65bbf699df-rh24h,76,21
09:30:59,100u,recommendationservice-7444754ff5-b7pgl,186,81
09:30:59,100u,recommendationservice-7444754ff5-hsxb8,2,51
09:30:59,100u,recommendationservice-7444754ff5-xm2x5,134,54
09:30:59,100u,redis-cart-c8ff86559-jrlvk,12,36
09:30:59,100u,shippingservice-f956b6d9f-2g46p,24,30
09:30:59,100u,shippingservice-f956b6d9f-4kzvq,5,15
09:30:59,100u,shippingservice-f956b6d9f-nmnfn,3,16
09:31:09,100u,adservice-574bff445c-grt9z,3,155
09:31:09,100u,adservice-574bff445c-h47zv,1,156
09:31:09,100u,adservice-574bff445c-wppcl,84,274
09:31:09,100u,cartservice-7c84fdfb6-hsn24,1,111
09:31:09,100u,cartservice-7c84fdfb6-s4cp2,143,167
09:31:09,100u,cartservice-7c84fdfb6-sf94w,7,134
09:31:09,100u,checkoutservice-5b6d96c9b7-cfmrc,9,34
09:31:09,100u,checkoutservice-5b6d96c9b7-h4wfv,18,19
09:31:09,100u,checkoutservice-5b6d96c9b7-jdqn7,7,22
09:31:09,100u,currencyservice-7c8fc8fc9c-dlzht,128,117
09:31:09,100u,currencyservice-7c8fc8fc9c-mvsgf,182,112
09:31:09,100u,currencyservice-7c8fc8fc9c-wqrfs,6,92
09:31:09,100u,emailservice-66944ff59-478c4,2,56
09:31:09,100u,emailservice-66944ff59-4fvm9,9,94
09:31:09,100u,emailservice-66944ff59-txwj8,9,58
09:31:09,100u,frontend-7bd6f45654-7bcq6,124,28
09:31:09,100u,frontend-7bd6f45654-7gwtd,162,45
09:31:09,100u,frontend-7bd6f45654-xm79g,181,30
09:31:09,100u,paymentservice-9bfb7bf5-46sq4,4,76
09:31:09,100u,paymentservice-9bfb7bf5-pktv4,1,66
09:31:09,100u,paymentservice-9bfb7bf5-snj4k,11,118
09:31:09,100u,productcatalogservice-65bbf699df-8zzd2,127,42
09:31:09,100u,productcatalogservice-65bbf699df-qmltb,1,18
09:31:09,100u,productcatalogservice-65bbf699df-rh24h,77,21
09:31:09,100u,recommendationservice-7444754ff5-b7pgl,187,81
09:31:09,100u,recommendationservice-7444754ff5-hsxb8,2,51
09:31:09,100u,recommendationservice-7444754ff5-xm2x5,164,54
09:31:09,100u,redis-cart-c8ff86559-jrlvk,11,36
09:31:09,100u,shippingservice-f956b6d9f-2g46p,25,30
09:31:09,100u,shippingservice-f956b6d9f-4kzvq,5,15
09:31:09,100u,shippingservice-f956b6d9f-nmnfn,3,16
09:31:19,100u,adservice-574bff445c-grt9z,1,156
09:31:19,100u,adservice-574bff445c-h47zv,1,156
09:31:19,100u,adservice-574bff445c-wppcl,107,281
09:31:19,100u,cartservice-7c84fdfb6-hsn24,1,111
09:31:19,100u,cartservice-7c84fdfb6-s4cp2,150,167
09:31:19,100u,cartservice-7c84fdfb6-sf94w,8,135
09:31:19,100u,checkoutservice-5b6d96c9b7-cfmrc,14,34
09:31:19,100u,checkoutservice-5b6d96c9b7-h4wfv,19,19
09:31:19,100u,checkoutservice-5b6d96c9b7-jdqn7,9,22
09:31:19,100u,currencyservice-7c8fc8fc9c-dlzht,144,118
09:31:19,100u,currencyservice-7c8fc8fc9c-mvsgf,194,115
09:31:19,100u,currencyservice-7c8fc8fc9c-wqrfs,7,92
09:31:19,100u,emailservice-66944ff59-478c4,2,56
09:31:19,100u,emailservice-66944ff59-4fvm9,11,94
09:31:19,100u,emailservice-66944ff59-txwj8,10,58
09:31:19,100u,frontend-7bd6f45654-7bcq6,133,28
09:31:19,100u,frontend-7bd6f45654-7gwtd,178,46
09:31:19,100u,frontend-7bd6f45654-xm79g,193,31
09:31:19,100u,paymentservice-9bfb7bf5-46sq4,4,76
09:31:19,100u,paymentservice-9bfb7bf5-pktv4,1,66
09:31:19,100u,paymentservice-9bfb7bf5-snj4k,11,118
09:31:19,100u,productcatalogservice-65bbf699df-8zzd2,135,42
09:31:19,100u,productcatalogservice-65bbf699df-qmltb,1,18
09:31:19,100u,productcatalogservice-65bbf699df-rh24h,78,21
09:31:19,100u,recommendationservice-7444754ff5-b7pgl,198,81
09:31:19,100u,recommendationservice-7444754ff5-hsxb8,2,51
09:31:19,100u,recommendationservice-7444754ff5-xm2x5,184,55
09:31:19,100u,redis-cart-c8ff86559-jrlvk,12,36
09:31:19,100u,shippingservice-f956b6d9f-2g46p,25,30
09:31:19,100u,shippingservice-f956b6d9f-4kzvq,5,15
09:31:19,100u,shippingservice-f956b6d9f-nmnfn,3,16
09:31:29,100u,adservice-574bff445c-grt9z,1,156
09:31:29,100u,adservice-574bff445c-h47zv,1,156
09:31:29,100u,adservice-574bff445c-wppcl,107,281
09:31:29,100u,cartservice-7c84fdfb6-hsn24,1,111
09:31:29,100u,cartservice-7c84fdfb6-s4cp2,150,167
09:31:29,100u,cartservice-7c84fdfb6-sf94w,8,135
09:31:29,100u,checkoutservice-5b6d96c9b7-cfmrc,14,34
09:31:29,100u,checkoutservice-5b6d96c9b7-h4wfv,19,19
09:31:29,100u,checkoutservice-5b6d96c9b7-jdqn7,9,22
09:31:29,100u,currencyservice-7c8fc8fc9c-dlzht,144,118
09:31:29,100u,currencyservice-7c8fc8fc9c-mvsgf,194,115
09:31:29,100u,currencyservice-7c8fc8fc9c-wqrfs,7,92
09:31:29,100u,emailservice-66944ff59-478c4,2,56
09:31:29,100u,emailservice-66944ff59-4fvm9,11,94
09:31:29,100u,emailservice-66944ff59-txwj8,10,58
09:31:29,100u,frontend-7bd6f45654-7bcq6,133,28
09:31:29,100u,frontend-7bd6f45654-7gwtd,178,46
09:31:29,100u,frontend-7bd6f45654-xm79g,193,31
09:31:29,100u,paymentservice-9bfb7bf5-46sq4,4,76
09:31:29,100u,paymentservice-9bfb7bf5-pktv4,1,66
09:31:29,100u,paymentservice-9bfb7bf5-snj4k,11,118
09:31:29,100u,productcatalogservice-65bbf699df-8zzd2,135,42
09:31:29,100u,productcatalogservice-65bbf699df-qmltb,1,18
09:31:29,100u,productcatalogservice-65bbf699df-rh24h,78,21
09:31:29,100u,recommendationservice-7444754ff5-b7pgl,198,81
09:31:29,100u,recommendationservice-7444754ff5-hsxb8,2,51
09:31:29,100u,recommendationservice-7444754ff5-xm2x5,184,55
09:31:29,100u,redis-cart-c8ff86559-jrlvk,12,36
09:31:29,100u,shippingservice-f956b6d9f-2g46p,25,30
09:31:29,100u,shippingservice-f956b6d9f-4kzvq,5,15
09:31:29,100u,shippingservice-f956b6d9f-nmnfn,3,16
09:31:40,100u,adservice-574bff445c-grt9z,2,156
09:31:40,100u,adservice-574bff445c-h47zv,2,156
09:31:40,100u,adservice-574bff445c-wppcl,102,276
09:31:40,100u,cartservice-7c84fdfb6-hsn24,1,111
09:31:40,100u,cartservice-7c84fdfb6-s4cp2,165,167
09:31:40,100u,cartservice-7c84fdfb6-sf94w,8,135
09:31:40,100u,checkoutservice-5b6d96c9b7-cfmrc,13,35
09:31:40,100u,checkoutservice-5b6d96c9b7-h4wfv,21,19
09:31:40,100u,checkoutservice-5b6d96c9b7-jdqn7,10,22
09:31:40,100u,currencyservice-7c8fc8fc9c-dlzht,133,117
09:31:40,100u,currencyservice-7c8fc8fc9c-mvsgf,198,115
09:31:40,100u,currencyservice-7c8fc8fc9c-wqrfs,9,92
09:31:40,100u,emailservice-66944ff59-478c4,2,56
09:31:40,100u,emailservice-66944ff59-4fvm9,11,94
09:31:40,100u,emailservice-66944ff59-txwj8,10,58
09:31:40,100u,frontend-7bd6f45654-7bcq6,133,28
09:31:40,100u,frontend-7bd6f45654-7gwtd,173,46
09:31:40,100u,frontend-7bd6f45654-xm79g,196,31
09:31:40,100u,paymentservice-9bfb7bf5-46sq4,4,76
09:31:40,100u,paymentservice-9bfb7bf5-pktv4,1,66
09:31:40,100u,paymentservice-9bfb7bf5-snj4k,11,118
09:31:40,100u,productcatalogservice-65bbf699df-8zzd2,138,42
09:31:40,100u,productcatalogservice-65bbf699df-qmltb,1,18
09:31:40,100u,productcatalogservice-65bbf699df-rh24h,78,21
09:31:40,100u,recommendationservice-7444754ff5-b7pgl,200,81
09:31:40,100u,recommendationservice-7444754ff5-hsxb8,2,51
09:31:40,100u,recommendationservice-7444754ff5-xm2x5,195,54
09:31:40,100u,redis-cart-c8ff86559-jrlvk,13,36
09:31:40,100u,shippingservice-f956b6d9f-2g46p,25,30
09:31:40,100u,shippingservice-f956b6d9f-4kzvq,6,15
09:31:40,100u,shippingservice-f956b6d9f-nmnfn,3,16
09:31:50,100u,adservice-574bff445c-grt9z,1,156
09:31:50,100u,adservice-574bff445c-h47zv,1,156
09:31:50,100u,adservice-574bff445c-wppcl,99,276
09:31:50,100u,cartservice-7c84fdfb6-hsn24,1,111
09:31:50,100u,cartservice-7c84fdfb6-s4cp2,176,167
09:31:50,100u,cartservice-7c84fdfb6-sf94w,6,135
09:31:50,100u,checkoutservice-5b6d96c9b7-cfmrc,12,35
09:31:50,100u,checkoutservice-5b6d96c9b7-h4wfv,22,19
09:31:50,100u,checkoutservice-5b6d96c9b7-jdqn7,9,22
09:31:50,100u,currencyservice-7c8fc8fc9c-dlzht,137,118
09:31:50,100u,currencyservice-7c8fc8fc9c-mvsgf,199,118
09:31:50,100u,currencyservice-7c8fc8fc9c-wqrfs,8,92
09:31:50,100u,emailservice-66944ff59-478c4,2,56
09:31:50,100u,emailservice-66944ff59-4fvm9,10,94
09:31:50,100u,emailservice-66944ff59-txwj8,10,58
09:31:50,100u,frontend-7bd6f45654-7bcq6,132,28
09:31:50,100u,frontend-7bd6f45654-7gwtd,175,46
09:31:50,100u,frontend-7bd6f45654-xm79g,196,31
09:31:50,100u,paymentservice-9bfb7bf5-46sq4,4,76
09:31:50,100u,paymentservice-9bfb7bf5-pktv4,3,66
09:31:50,100u,paymentservice-9bfb7bf5-snj4k,11,118
09:31:50,100u,productcatalogservice-65bbf699df-8zzd2,139,42
09:31:50,100u,productcatalogservice-65bbf699df-qmltb,1,18
09:31:50,100u,productcatalogservice-65bbf699df-rh24h,80,22
09:31:50,100u,recommendationservice-7444754ff5-b7pgl,199,81
09:31:50,100u,recommendationservice-7444754ff5-hsxb8,2,51
09:31:50,100u,recommendationservice-7444754ff5-xm2x5,191,54
09:31:50,100u,redis-cart-c8ff86559-jrlvk,12,36
09:31:50,100u,shippingservice-f956b6d9f-2g46p,26,30
09:31:50,100u,shippingservice-f956b6d9f-4kzvq,6,15
09:31:50,100u,shippingservice-f956b6d9f-nmnfn,3,16
09:32:00,100u,adservice-574bff445c-grt9z,1,156
09:32:00,100u,adservice-574bff445c-h47zv,1,156
09:32:00,100u,adservice-574bff445c-wppcl,99,276
09:32:00,100u,cartservice-7c84fdfb6-hsn24,1,111
09:32:00,100u,cartservice-7c84fdfb6-s4cp2,176,167
09:32:00,100u,cartservice-7c84fdfb6-sf94w,6,135
09:32:00,100u,checkoutservice-5b6d96c9b7-cfmrc,12,35
09:32:00,100u,checkoutservice-5b6d96c9b7-h4wfv,22,19
09:32:00,100u,checkoutservice-5b6d96c9b7-jdqn7,9,22
09:32:00,100u,currencyservice-7c8fc8fc9c-dlzht,137,118
09:32:00,100u,currencyservice-7c8fc8fc9c-mvsgf,199,118
09:32:00,100u,currencyservice-7c8fc8fc9c-wqrfs,8,92
09:32:00,100u,emailservice-66944ff59-478c4,2,56
09:32:00,100u,emailservice-66944ff59-4fvm9,10,94
09:32:00,100u,emailservice-66944ff59-txwj8,10,58
09:32:00,100u,frontend-7bd6f45654-7bcq6,132,28
09:32:00,100u,frontend-7bd6f45654-7gwtd,175,46
09:32:00,100u,frontend-7bd6f45654-xm79g,196,31
09:32:00,100u,paymentservice-9bfb7bf5-46sq4,4,76
09:32:00,100u,paymentservice-9bfb7bf5-pktv4,3,66
09:32:00,100u,paymentservice-9bfb7bf5-snj4k,11,118
09:32:00,100u,productcatalogservice-65bbf699df-8zzd2,139,42
09:32:00,100u,productcatalogservice-65bbf699df-qmltb,1,18
09:32:00,100u,productcatalogservice-65bbf699df-rh24h,80,22
09:32:00,100u,recommendationservice-7444754ff5-b7pgl,199,81
09:32:00,100u,recommendationservice-7444754ff5-hsxb8,2,51
09:32:00,100u,recommendationservice-7444754ff5-xm2x5,191,54
09:32:00,100u,redis-cart-c8ff86559-jrlvk,12,36
09:32:00,100u,shippingservice-f956b6d9f-2g46p,26,30
09:32:00,100u,shippingservice-f956b6d9f-4kzvq,6,15
09:32:00,100u,shippingservice-f956b6d9f-nmnfn,3,16
09:32:10,100u,adservice-574bff445c-grt9z,2,156
09:32:10,100u,adservice-574bff445c-h47zv,1,156
09:32:10,100u,adservice-574bff445c-wppcl,86,276
09:32:10,100u,cartservice-7c84fdfb6-hsn24,1,111
09:32:10,100u,cartservice-7c84fdfb6-s4cp2,135,167
09:32:10,100u,cartservice-7c84fdfb6-sf94w,6,135
09:32:10,100u,checkoutservice-5b6d96c9b7-cfmrc,14,35
09:32:10,100u,checkoutservice-5b6d96c9b7-h4wfv,21,19
09:32:10,100u,checkoutservice-5b6d96c9b7-jdqn7,8,22
09:32:10,100u,currencyservice-7c8fc8fc9c-dlzht,116,118
09:32:10,100u,currencyservice-7c8fc8fc9c-mvsgf,175,118
09:32:10,100u,currencyservice-7c8fc8fc9c-wqrfs,8,93
09:32:10,100u,emailservice-66944ff59-478c4,2,56
09:32:10,100u,emailservice-66944ff59-4fvm9,11,94
09:32:10,100u,emailservice-66944ff59-txwj8,10,58
09:32:10,100u,frontend-7bd6f45654-7bcq6,115,28
09:32:10,100u,frontend-7bd6f45654-7gwtd,153,46
09:32:10,100u,frontend-7bd6f45654-xm79g,171,31
09:32:10,100u,paymentservice-9bfb7bf5-46sq4,3,76
09:32:10,100u,paymentservice-9bfb7bf5-pktv4,1,66
09:32:10,100u,paymentservice-9bfb7bf5-snj4k,13,119
09:32:10,100u,productcatalogservice-65bbf699df-8zzd2,125,42
09:32:10,100u,productcatalogservice-65bbf699df-qmltb,1,18
09:32:10,100u,productcatalogservice-65bbf699df-rh24h,69,22
09:32:10,100u,recommendationservice-7444754ff5-b7pgl,183,81
09:32:10,100u,recommendationservice-7444754ff5-hsxb8,2,51
09:32:10,100u,recommendationservice-7444754ff5-xm2x5,165,55
09:32:10,100u,redis-cart-c8ff86559-jrlvk,10,36
09:32:10,100u,shippingservice-f956b6d9f-2g46p,22,30
09:32:10,100u,shippingservice-f956b6d9f-4kzvq,6,15
09:32:10,100u,shippingservice-f956b6d9f-nmnfn,3,16
